6,1,0.05,500.0,73233.938909,500.0,73430.98433,17452.990195,0.0,0.0,-30.643677,0.0,0.0,-135.0,-1.0,0.0,0.0,0.0,0.0,0.0,0,0,0,0,0,0,0,0,0,0,0,0,0,0,0,370.717834,410.452972,457.800201,560.687439,462.298828,414.485229,370.696228,410.478027,457.827454,560.719666,462.341644,414.52417,370.755676,410.509399,457.863159,560.764587,462.318268,414.502686,370.75824,410.495239,457.846741,560.743408,462.282806,414.471313,58.737667,105500.331753,-0.0,192.990195,1,true,false,0.0,-0.01,0
6,2,0.1,500.0,-35933.938909,500.0,-36130.98433,17454.964343,0.0,0.0,-60.552959,0.0,0.0,-135.0,-1.0,0.0,0.0,0.0,0.0,0.0,0,0,0,0,0,0,0,0,0,0,0,0,0,0,0,370.717834,410.452972,457.800201,560.687439,462.298828,414.485229,370.696228,410.478027,457.827454,560.719666,462.341644,414.52417,370.755676,410.509399,457.863159,560.764587,462.318268,414.502686,370.75824,410.495239,457.846741,560.743408,462.282806,414.471313,56.763519,105500.331753,-0.0,194.964343,0,true,false,0.0,-0.01,0
6,3,0.15,500.0,73233.938909,500.0,73430.98433,17461.500909,0.0,0.0,-116.250664,0.0,0.0,-135.0,-1.0,0.0,0.0,0.0,-0.139986,-0.349965,0,0,0,0,0,0,0,0,0,0,0,0,0,0,0,370.717834,410.452972,457.800201,560.687439,462.298828,414.485229,370.696228,410.478027,457.827454,560.719666,462.341644,414.52417,370.755676,410.509399,457.863159,560.764587,462.318268,414.502686,370.75824,410.495239,457.846741,560.743408,462.282806,414.471313,50.226952,105500.331753,-0.0,201.500909,0,true,false,0.0,-0.01,0
6,4,0.2,500.0,-35933.938909,500.0,-36130.98433,17466.299357,0.0,0.0,-143.953415,0.0,0.0,-135.0,-1.0,0.0,0.0,0.0,-0.480588,-1.029831,0,0,0,0,0,0,0,0,0,0,0,0,0,0,0,370.717834,410.452972,457.800201,560.687439,462.298828,414.485229,370.696228,410.478027,457.827454,560.719666,462.341644,414.52417,370.755676,410.509399,457.863159,560.764587,462.318268,414.502686,370.75824,410.495239,457.846741,560.743408,462.282806,414.471313,45.428505,105500.331753,-0.0,206.299357,0,true,false,0.0,-0.01,0
6,5,0.25,499.835678,73234.103231,499.843883,73431.140447,17473.910267,7.942157,7.439202,30.600206,0.009334,0.350895,-135.000031,0.0,0.0,0.0,0.0,-0.559944,-0.559944,0,0,0,0,0,0,0,0,0,0,0,0,0,0,0,370.956085,410.69519,458.070282,561.018066,462.300934,414.487061,370.887329,410.479645,457.829193,560.72168,462.088806,414.297424,370.531006,410.28244,457.609955,560.454346,462.333771,414.516541,370.580719,410.508881,457.861877,560.761841,462.553253,414.713715,37.817593,105499.889888,0.12109,-432.204567,0,true,false,0.0,-0.01,0
6,6,0.3,499.59426,-35933.697491,499.617768,-36130.758215,17473.909382,7.691479,7.204426,-0.066404,0.00936,0.349281,-135.000031,0.0,0.0,0.0,0.0,-0.69993,-0.559944,0,0,0,0,0,0,0,0,0,0,0,0,0,0,0,371.295715,411.037384,458.451935,561.485535,462.288361,414.4758,371.153839,410.468384,457.81662,560.706299,461.70697,413.955078,370.191284,409.940125,457.228149,559.986755,462.346191,414.527649,370.314056,410.52002,457.874298,560.777039,462.934906,415.055908,37.818478,105500.232606,0.109141,-429.23521,0,true,false,0.0,-0.01,0
6,7,0.35,499.51024,73234.187251,499.54904,73431.209175,17473.894842,-0.165174,-0.305311,0.087031,0.025819,0.492834,-135.000031,0.0,0.0,0.0,0.0,-0.489951,-0.419958,0,0,0,0,0,0,0,0,0,0,0,0,0,0,0,371.419678,411.156799,458.585144,561.648682,462.284363,414.472198,371.24054,410.464752,457.812592,560.701355,461.590729,413.850861,370.081024,409.835846,457.111877,559.84436,462.367157,414.546478,370.241089,410.538788,457.895233,560.802734,463.068146,415.175354,37.833019,105498.933915,0.329266,-693.577387,0,true,false,0.0,-0.01,0
6,8,0.4,499.604059,-35933.791311,499.651478,-36130.860653,17473.920181,-1.06827,-1.162537,0.352793,0.035173,0.257909,-134.999863,0.0,0.0,0.0,0.0,0.0,-0.069993,0,0,0,0,0,0,0,0,0,0,0,0,0,0,0,371.276917,411.00238,458.41333,561.438904,462.26413,414.454468,371.108887,410.447723,457.794006,560.67926,461.737823,413.983093,370.205627,409.968811,457.26059,560.027161,462.361023,414.541321,370.354584,410.534363,457.890717,560.797852,462.894684,415.020233,37.807678,105500.752255,-0.127968,-260.978176,0,true,false,0.0,-0.01,0
6,9,0.45,499.62794,73234.163371,499.679094,73431.181558,17473.926102,-0.570527,-0.659989,0.196796,0.039237,0.195372,-134.999924,0.0,0.0,0.0,0.0,0.0,0.0,0,0,0,0,0,0,0,0,0,0,0,0,0,0,0,371.240753,410.962769,458.368988,561.384399,462.259399,414.450043,371.073761,410.443085,457.788666,560.672485,461.778168,414.019135,370.237885,410.004639,457.300354,560.075623,462.362366,414.542419,370.385803,410.535217,457.89151,560.798523,462.850952,414.980865,37.801758,105500.937872,-0.070225,-145.819244,0,true,false,0.0,-0.01,0
6,10,0.5,499.631185,-35933.794556,499.689372,-36130.87093,17473.928493,0.055751,-0.035056,0.01219,0.046863,0.168958,-135.000031,0.0,0.0,0.0,0.0,0.0,0.0,0,0,0,0,0,0,0,0,0,0,0,0,0,0,0,371.234283,410.952087,458.356842,561.36908,462.253448,414.444489,371.059662,410.437164,457.78183,560.663696,461.789001,414.028625,370.242188,410.013733,457.310272,560.087341,462.367889,414.54715,370.397736,410.539581,457.896118,560.803772,462.839691,414.970551,37.799366,105500.98433,0.084389,-97.179687,0,true,false,0.0,-0.01,0
6,11,0.55,499.613155,73234.181401,499.67884,73431.19209,17473.926702,0.184195,0.087611,0.025638,0.055023,0.187171,-135.000046,0.0,0.0,0.0,0.0,0.0,0.0,0,0,0,0,0,0,0,0,0,0,0,0,0,0,0,371.259216,410.973389,458.380524,561.39801,462.247864,414.439453,371.071594,410.432037,457.776062,560.656555,461.766205,414.008148,370.217834,409.993195,457.287323,560.059204,462.374542,414.55307,370.386353,410.545441,457.902618,560.811707,462.863556,414.991913,37.801159,105500.968299,0.155172,-130.717783,0,true,false,0.0,-0.01,0
6,12,0.6,499.605844,-35933.787244,499.675382,-36130.867472,17473.926228,0.153973,0.055237,0.021779,0.059215,0.192133,-135.000031,0.0,0.0,0.0,0.0,0.0,0.0,0,0,0,0,0,0,0,0,0,0,0,0,0,0,0,371.269257,410.981384,458.389496,561.409058,462.244781,414.436737,371.075409,410.429352,457.773102,560.652954,461.757507,414.000366,370.208069,409.985443,457.278717,560.048645,462.377777,414.556,370.382874,410.548401,457.905945,560.815796,462.872437,414.999878,37.801632,105500.964196,0.154449,-139.855287,0,true,false,0.0,-0.01,0
6,13,0.65,499.595726,73234.191518,499.673134,73431.194339,17473.926256,0.039411,-0.061479,0.015333,0.067758,0.19197,-135.0,0.0,0.0,0.0,0.0,0.0,0.0,0,0,0,0,0,0,0,0,0,0,0,0,0,0,0,371.282806,410.990479,458.399719,561.421631,462.238251,414.430908,371.077332,410.423645,457.766785,560.645325,461.747284,413.991272,370.194794,409.97644,457.268707,560.03656,462.384094,414.561707,370.381226,410.554199,457.912476,560.823914,462.882416,415.008881,37.801605,105500.973337,0.123971,-139.55532,0,true,false,0.0,-0.01,0
6,14,0.7,499.588241,-35933.779758,499.673631,-36130.86797,17473.9268,0.063034,-0.041103,0.014002,0.076434,0.186455,-135.000015,0.0,0.0,0.0,0.0,0.0,0.0,0,0,0,0,0,0,0,0,0,0,0,0,0,0,0,371.292358,410.995483,458.405243,561.428406,462.231598,414.424927,371.075684,410.417664,457.760101,560.637146,461.741455,413.986023,370.184998,409.971191,457.262848,560.029358,462.390472,414.567413,370.382568,410.559906,457.918823,560.831665,462.88797,415.013885,37.80106,105500.991225,0.131387,-129.399403,0,true,false,0.0,-0.01,0
6,15,0.75,499.582844,73234.196914,499.672381,73431.195588,17473.926739,0.108371,0.001838,0.016955,0.080925,0.187141,-135.000031,0.0,0.0,0.0,0.0,0.0,0.0,0,0,0,0,0,0,0,0,0,0,0,0,0,0,0,371.299438,411.000305,458.410614,561.434875,462.228333,414.421967,371.076599,410.414612,457.756653,560.632812,461.736115,413.981201,370.177734,409.966309,457.257355,560.022522,462.393982,414.570496,370.38147,410.562927,457.92215,560.835632,462.893524,415.018799,37.801121,105500.994366,0.175738,-130.664058,0,true,false,0.0,-0.01,0
6,16,0.8,499.553074,-35933.749988,499.652735,-36130.848323,17473.92298,0.303041,0.183846,0.045426,0.091927,0.225797,-135.000046,0.0,0.0,0.0,0.0,0.0,0.0,0,0,0,0,0,0,0,0,0,0,0,0,0,0,0,371.341187,411.037445,458.451996,561.485535,462.221252,414.415588,371.099579,410.408142,457.74942,560.623901,461.696991,413.946075,370.137604,409.931091,457.218048,559.974304,462.403442,414.578949,370.360138,410.571289,457.931458,560.846985,462.935059,415.056,37.804882,105500.917126,0.338441,-201.846721,0,true,false,0.0,-0.01,0
6,17,0.85,499.550373,73234.199615,499.654633,73431.193691,17473.923657,0.038557,-0.077918,0.018264,0.096897,0.218983,-135.0,0.0,0.0,0.0,0.0,0.0,0.0,0,0,0,0,0,0,0,0,0,0,0,0,0,0,0,371.344604,411.037964,458.452698,561.486572,462.217041,414.411926,371.096924,410.404694,457.745697,560.619568,461.695862,413.94519,370.13443,409.93042,457.217407,559.973755,462.406738,414.582031,370.363037,410.574585,457.935242,560.851807,462.935242,415.056305,37.804203,105500.940959,0.232876,-189.297595,0,true,false,0.0,-0.01,0
6,18,0.9,499.541073,-35933.740688,499.655345,-36130.849035,17473.924237,0.068042,-0.053903,0.016844,0.10779,0.213318,-134.999985,0.0,0.0,0.0,0.0,0.0,0.0,0,0,0,0,0,0,0,0,0,0,0,0,0,0,0,371.356537,411.044098,458.459564,561.495056,462.208649,414.404419,371.094849,410.397247,457.737396,560.609436,461.688629,413.938751,370.122314,409.923981,457.210266,559.965027,462.414703,414.589172,370.364899,410.581757,457.943268,560.861694,462.942047,415.062408,37.803623,105500.965232,0.227814,-178.867206,0,true,false,0.0,-0.01,0
6,19,0.95,499.541091,73234.199597,499.660013,73431.189023,17473.925415,-0.02535,-0.14094,0.036611,0.11281,0.201216,-134.999969,0.0,0.0,0.0,0.0,0.0,0.0,0,0,0,0,0,0,0,0,0,0,0,0,0,0,0,371.355743,411.040375,458.455444,561.490051,462.204437,414.400665,371.088562,410.393555,457.733307,560.604492,461.692047,413.941833,370.12265,409.927124,457.213806,559.969421,462.41806,414.592255,370.370758,410.584869,457.946777,560.866089,462.937805,415.058655,37.802444,105500.99735,0.171628,-156.581803,0,true,false,0.0,-0.01,0
6,20,1.0,499.52752,-35933.727116,499.656773,-36130.845796,17473.92504,0.060103,-0.065263,0.018063,0.124004,0.205058,-134.999969,0.0,0.0,0.0,0.0,0.0,0.0,0,0,0,0,0,0,0,0,0,0,0,0,0,0,0,371.373871,411.052795,458.469299,561.507019,462.196106,414.393219,371.091339,410.386078,457.724976,560.594299,461.678436,413.929626,370.104736,409.914917,457.200195,559.952759,462.426605,414.599915,370.368195,410.59256,457.955353,560.876526,462.95163,415.071045,37.802822,105500.998498,0.206118,-163.657009,0,true,false,0.0,-0.01,0
6,21,1.05,499.521181,73234.205935,499.65574,73431.190056,17473.924976,0.123117,-0.006192,0.019641,0.129756,0.205904,-134.999985,0.0,0.0,0.0,0.0,0.0,0.0,0,0,0,0,0,0,0,0,0,0,0,0,0,0,0,371.382202,411.058197,458.475311,561.514343,462.191833,414.389374,371.091949,410.382202,457.720642,560.588928,461.672455,413.924255,370.096344,409.909546,457.194183,559.945374,462.431,414.603821,370.367554,410.596436,457.959656,560.881836,462.957733,415.076477,37.802887,105501.001281,0.23773,-165.215326,0,true,false,0.0,-0.01,0
6,22,1.1,499.518226,-35933.724161,499.662547,-36130.852602,17473.925609,-0.194558,-0.308624,0.083993,0.140084,0.187541,-134.999939,0.0,0.0,0.0,0.0,0.0,0.0,0,0,0,0,0,0,0,0,0,0,0,0,0,0,0,371.385071,411.054993,458.471832,561.510254,462.183167,414.381683,371.08255,410.374664,457.712341,560.578918,461.674927,413.926544,370.093079,409.911987,457.196991,559.948975,462.438293,414.610443,370.376556,410.60321,457.967316,560.891357,462.953888,415.07312,37.802254,105501.046095,0.107453,-131.400713,0,true,false,0.0,-0.01,0
6,23,1.15,499.52295,73234.201211,499.674972,73431.17763,17473.927005,-0.050778,-0.143528,0.03739,0.14763,0.159548,-135.000473,0.0,0.0,0.0,0.0,0.0,0.0,0,0,0,0,0,0,0,0,0,0,0,0,0,0,0,371.374084,411.040833,458.454712,561.487061,462.17868,414.376465,371.063507,410.367432,457.702942,560.565247,461.690704,413.939514,370.097229,409.922913,457.207886,559.960083,462.44635,414.616486,370.388733,410.607208,457.970459,560.893005,462.941681,415.060974,37.800854,105501.085575,0.962101,-79.853147,0,true,false,0.0,-0.01,0
6,24,1.2,499.51581,-35933.717021,499.674822,-36130.852452,17473.926508,0.008068,-0.075546,0.018312,0.154247,0.159182,-135.001343,0.0,0.0,0.0,0.0,0.0,0.0,0,0,0,0,0,0,0,0,0,0,0,0,0,0,0,371.378662,411.044495,458.456635,561.48584,462.177002,414.373016,371.058167,410.360626,457.693207,560.549744,461.688782,413.935852,370.083221,409.915894,457.197906,559.944336,462.456116,414.623291,370.384644,410.610657,457.972168,560.891479,462.95166,415.067993,37.801353,105501.091213,2.562237,-79.175961,0,true,false,0.0,-0.01,0
6,25,1.25,499.513171,73234.20385,499.675136,73431.177317,17473.926363,0.065782,-0.013477,0.010802,0.157253,0.160595,-135.002075,0.0,0.0,0.0,0.0,0.0,0.0,0,0,0,0,0,0,0,0,0,0,0,0,0,0,0,371.378021,411.044769,458.455109,561.480896,462.178101,414.372345,371.053436,410.357056,457.687408,560.539551,461.690399,413.935608,370.075806,409.912811,457.192627,559.934753,462.462036,414.626923,370.381348,410.61142,457.971161,560.887207,462.957092,415.071167,37.801498,105501.090834,3.944519,-81.77258,0,true,false,0.0,-0.01,0
6,26,1.3,499.503402,-35933.707252,499.671576,-36130.848893,17473.925035,0.147828,0.061073,0.020275,0.163541,0.172561,-135.003296,0.0,0.0,0.0,0.0,0.0,0.0,0,0,0,0,0,0,0,0,0,0,0,0,0,0,0,371.384796,411.05246,458.460693,561.482727,462.178925,414.370392,371.050598,410.350433,457.677032,560.521851,461.685394,413.928467,370.056366,409.90097,457.176453,559.909973,462.472992,414.634064,370.37149,410.613892,457.970947,560.881897,462.973877,415.083527,37.802826,105501.080771,6.237298,-103.801837,0,true,false,0.0,-0.01,0
6,27,1.35,499.494233,73234.213019,499.669485,73431.179408,17473.923828,0.025947,-0.061754,0.014362,0.170716,0.18193,-135.004654,0.0,0.0,0.0,0.0,0.0,0.0,0,0,0,0,0,0,0,0,0,0,0,0,0,0,0,371.389709,411.058289,458.463806,561.480896,462.179749,414.368073,371.045044,410.342865,457.665192,560.501709,461.6828,413.923065,370.036987,409.89032,457.161194,559.88562,462.485382,414.64212,370.362579,410.616669,457.970642,560.875916,462.989685,415.094635,37.804031,105501.070173,8.812434,-121.044817,0,true,false,0.0,-0.01,0
6,28,1.4,499.494028,-35933.707047,499.674978,-36130.854387,17473.924032,0.043323,-0.028886,0.007978,0.176373,0.17375,-135.006271,0.0,0.0,0.0,0.0,0.0,0.0,0,0,0,0,0,0,0,0,0,0,0,0,0,0,0,371.380402,411.051147,458.451843,561.459534,462.182404,414.366821,371.028931,410.335388,457.652893,560.479919,461.694427,413.929871,370.028442,409.89093,457.157867,559.874878,462.497375,414.649231,370.36084,410.617554,457.967651,560.86554,462.992706,415.093719,37.803829,105501.082363,11.747909,-105.973765,0,true,false,0.0,-0.01,0
6,29,1.45,499.490241,73234.216806,499.674097,73431.18029,17473.923539,0.089561,0.015643,0.013178,0.179238,0.177567,-135.00708,0.0,0.0,0.0,0.0,0.0,0.0,0,0,0,0,0,0,0,0,0,0,0,0,0,0,0,371.381165,411.053101,458.452026,561.456482,462.183868,414.366333,371.02536,410.331818,457.646912,560.469299,461.694458,413.928101,370.019135,409.886047,457.150452,559.862488,462.503571,414.652985,370.355835,410.618225,457.9664,560.860718,463.000336,415.098785,37.804321,105501.078197,13.248951,-112.996908,0,true,false,0.0,-0.01,0
6,30,1.5,499.488165,-35933.704971,499.676861,-36130.85715,17473.923436,0.036888,-0.023415,0.006681,0.183867,0.174404,-135.008698,0.0,0.0,0.0,0.0,0.0,0.0,0,0,0,0,0,0,0,0,0,0,0,0,0,0,0,371.374664,411.049408,458.443909,561.439819,462.187378,414.365875,371.012695,410.325104,457.635406,560.448547,461.702484,413.931671,370.007904,409.883392,457.143494,559.84729,462.514984,414.659607,370.35083,410.618591,457.962799,560.849609,463.007263,415.101349,37.804424,105501.083384,16.218958,-107.161726,0,true,false,0.0,-0.01,0
6,31,1.55,499.484678,73234.220293,499.677311,73431.17984,17473.923118,-0.083841,-0.109233,0.030441,0.18749,0.175208,-135.010254,0.0,0.0,0.0,0.0,0.0,0.0,0,0,0,0,0,0,0,0,0,0,0,0,0,0,0,371.370667,411.048645,458.439209,561.427551,462.191467,414.366028,371.003235,410.319244,457.625031,560.429321,461.707275,413.932495,369.994995,409.878174,457.13382,559.828979,462.525513,414.665558,370.343353,410.6185,457.958832,560.838257,463.017059,415.106628,37.804745,105501.083544,19.1053,-108.631789,0,true,false,0.0,-0.01,0
6,32,1.6,499.478317,-35933.69861,499.672967,-36130.852807,17473.922239,0.145465,0.09461,0.018359,0.189354,0.185505,-135.010925,0.0,0.0,0.0,0.0,0.0,0.0,0,0,0,0,0,0,0,0,0,0,0,0,0,0,0,371.375977,411.05542,458.445068,561.432007,462.193237,414.366089,371.0047,410.316711,457.620514,560.421082,461.701935,413.926208,369.982788,409.869293,457.122253,559.812012,462.530579,414.668549,370.334991,410.618896,457.957642,560.834045,463.029205,415.116028,37.805622,105501.069643,20.41144,-127.589341,0,true,false,0.0,-0.01,0
6,33,1.65,499.486529,73234.212081,499.682139,73431.170668,17473.923733,-0.114115,-0.120354,0.034344,0.18973,0.164455,-135.012405,0.0,0.0,0.0,0.0,0.0,0.0,0,0,0,0,0,0,0,0,0,0,0,0,0,0,0,371.355804,411.039398,458.423553,561.399536,462.198822,414.367798,370.98526,410.312714,457.612427,560.405029,461.722504,413.941315,369.986084,409.878723,457.12912,559.814331,462.53772,414.671661,370.337555,410.616302,457.95108,560.819885,463.021393,415.105682,37.804127,105501.096585,23.003431,-88.818938,0,true,false,0.0,-0.01,0
6,34,1.7,499.482114,-35933.694195,499.679492,-36130.85016,17473.923252,0.044004,0.022819,0.005716,0.190947,0.169877,-135.013748,0.0,0.0,0.0,0.0,0.0,0.139986,0,0,0,0,0,0,0,0,0,0,0,0,0,0,0,371.354706,411.042114,458.423309,561.393677,462.203705,414.369202,370.981079,410.30896,457.60495,560.390381,461.723053,413.938843,369.972931,409.871124,457.11734,559.794434,462.545502,414.675659,370.327484,410.615173,457.946503,560.808777,463.033508,415.113556,37.804607,105501.092136,25.491075,-98.794018,0,true,false,0.0,-0.01,0
6,35,1.75,499.483352,73234.210842,499.681655,73431.168505,17473.92365,-0.016797,-0.026003,0.007256,0.191234,0.164092,-135.015106,0.0,0.0,0.0,0.0,0.0,0.0,0,0,0,0,0,0,0,0,0,0,0,0,0,0,0,371.345367,411.036896,458.414124,561.376831,462.209137,414.371033,370.970917,410.305573,457.597809,560.376038,461.732025,413.943848,369.967316,409.87088,457.113739,559.784424,462.55246,414.678864,370.322693,410.613098,457.940857,560.796265,463.036926,415.113586,37.804211,105501.098551,27.957029,-88.132745,0,true,false,0.0,-0.01,0
6,36,1.8,499.483594,-35933.694436,499.682768,-36130.851273,17473.92389,-0.10889,-0.104727,0.030219,0.191442,0.160562,-135.016205,0.0,0.0,0.0,0.0,0.069993,0.0,0,0,0,0,0,0,0,0,0,0,0,0,0,0,0,371.338806,411.033691,458.407806,561.364502,462.213531,414.372498,370.963409,410.302734,457.591888,560.364197,461.73822,413.94693,369.96167,409.86969,457.10965,559.774841,462.558258,414.68158,370.318024,410.611542,457.936371,560.786133,463.040924,415.114685,37.80397,105501.102275,29.978822,-81.625141,0,true,false,0.0,-0.01,0
6,37,1.85,499.476599,73234.217837,499.677164,73431.174109,17473.922902,0.164427,0.127745,0.019853,0.192584,0.173067,-135.016846,0.0,0.0,0.0,0.0,0.139986,0.069993,0,0,0,0,0,0,0,0,0,0,0,0,0,0,0,371.345306,411.041962,458.415436,561.371155,462.215668,414.372986,370.966644,410.300751,457.588104,560.356873,461.731201,413.939209,369.9487,409.859497,457.09671,559.756348,462.562683,414.684113,370.308289,410.611603,457.934845,560.781616,463.054504,415.125427,37.804958,105501.090493,31.235895,-104.647789,0,true,false,0.0,-0.01,0
6,38,1.9,499.484686,-35933.702523,499.684899,-36130.859008,17473.92436,-0.163139,-0.144369,0.042114,0.191494,0.154016,-135.018021,0.0,0.0,0.0,0.0,0.0,0.0,0,0,0,0,0,0,0,0,0,0,0,0,0,0,0,371.327179,411.02774,458.396637,561.343262,462.221008,414.375122,370.950775,410.29837,457.58255,560.345215,461.749176,413.952667,369.9534,409.868439,457.10376,559.760132,462.567444,414.68573,370.310699,410.608704,457.928711,560.769226,463.046631,415.115723,37.803501,105501.10765,33.284213,-69.560322,0,true,false,0.0,-0.01,0
6,39,1.95,499.482151,73234.220372,499.682668,73431.17634,17473.924152,0.010058,0.011125,0.001172,0.191106,0.157287,-135.019272,0.0,0.0,0.0,0.0,0.0,0.0,0,0,0,0,0,0,0,0,0,0,0,0,0,0,0,371.324005,411.0289,458.394867,561.335938,462.226624,414.37738,370.946686,410.295807,457.57663,560.332825,461.751129,413.95166,369.943146,409.86261,457.094238,559.743286,462.573578,414.688446,370.301422,410.606598,457.923279,560.757446,463.056396,415.121704,37.803711,105501.106128,35.593896,-75.576449,0,true,false,0.0,-0.01,0
6,40,2.0,499.485605,-35933.705977,499.685578,-36130.861918,17473.924716,-0.024793,-0.012764,0.004348,0.189113,0.152343,-135.020233,0.0,0.0,0.0,0.0,0.0,0.0,0,0,0,0,0,0,0,0,0,0,0,0,0,0,0,371.313873,411.022278,458.385101,561.320007,462.231445,414.379547,370.937988,410.294281,457.57251,560.323853,461.760712,413.958099,369.942657,409.865326,457.094879,559.740112,462.577515,414.689819,370.2995,410.604248,457.918274,560.747375,463.055603,415.118835,37.803146,105501.107158,37.338256,-66.467883,0,true,false,0.0,-0.01,0
6,41,2.05,499.484567,73234.221409,499.684797,73431.177121,17473.924678,-0.097581,-0.08511,0.024924,0.188658,0.152452,-135.021225,0.0,0.0,0.0,0.0,0.0,0.0,0,0,0,0,0,0,0,0,0,0,0,0,0,0,0,371.309937,411.021729,458.382019,561.312195,462.23584,414.381287,370.933502,410.292206,457.567749,560.313904,461.763824,413.958679,369.935883,409.862122,457.088837,559.728638,462.582336,414.691925,370.293243,410.602539,457.91394,560.737976,463.061707,415.12207,37.803185,105501.107662,39.156066,-66.662638,0,true,false,0.0,-0.01,0
6,42,2.1,499.486701,-35933.70811,499.686633,-36130.863753,17473.92498,-0.021846,-0.014707,0.004672,0.187017,0.14992,-135.02243,0.0,0.0,0.0,0.0,0.0,0.0,0,0,0,0,0,0,0,0,0,0,0,0,0,0,0,371.300354,411.016449,458.373169,561.296326,462.241669,414.383789,370.924774,410.290039,457.562378,560.302368,461.772644,413.963867,369.932281,409.862671,457.086456,559.720764,462.587677,414.694,370.288788,410.599976,457.908081,560.725769,463.064056,415.12146,37.802879,105501.10686,41.36568,-61.993442,0,true,false,0.0,-0.01,0
6,43,2.15,499.486214,73234.221897,499.686357,73431.177396,17473.925141,-0.00755,0.000932,0.000403,0.185943,0.147453,-135.022888,0.0,0.0,0.0,0.0,0.0,0.0,0,0,0,0,0,0,0,0,0,0,0,0,0,0,0,371.298523,411.016113,458.371643,561.292603,462.243561,414.38446,370.922577,410.288971,457.560089,560.297668,461.774078,413.964142,369.929138,409.861206,457.08371,559.715515,462.589905,414.694977,370.286011,410.599213,457.906128,560.721497,463.066742,415.122864,37.802719,105501.10965,42.179162,-57.449174,0,true,false,0.0,-0.01,0
6,44,2.2,499.478172,-35933.700069,499.680111,-36130.857507,17473.924424,-0.000548,-0.009079,0.002432,0.186293,0.158319,-135.023956,0.0,0.0,0.0,0.0,0.0,0.0,0,0,0,0,0,0,0,0,0,0,0,0,0,0,0,371.304047,411.024719,458.378601,561.296631,462.247314,414.385437,370.924164,410.285828,457.553894,560.285645,461.767639,413.955963,369.912354,409.848907,457.067352,559.69104,462.596619,414.698608,370.273163,410.598663,457.902863,560.713074,463.083649,415.13562,37.803436,105501.106127,44.219995,-77.452348,0,true,false,0.0,-0.01,0
6,45,2.25,499.471671,73234.228398,499.675831,73431.181675,17473.923616,-0.014013,-0.032384,0.008706,0.188022,0.16778,-135.025269,0.0,0.0,0.0,0.0,0.0,0.0,0,0,0,0,0,0,0,0,0,0,0,0,0,0,0,371.306,411.030273,458.381531,561.2948,462.251862,414.386566,370.921997,410.28186,457.546234,560.270813,461.765198,413.950836,369.896454,409.838684,457.052704,559.667664,462.604797,414.702972,370.261383,410.597961,457.898834,560.702698,463.098816,415.146271,37.804245,105501.098459,46.703148,-94.863735,0,true,false,0.032612,-0.01,0
6,46,2.3,499.474563,-35933.702961,499.679701,-36130.861376,17473.924269,0.0,0.0,0.0,0.188401,0.158364,-135.026459,0.0,0.0,0.0,0.0,0.0,0.0,0,0,0,0,0,0,0,0,0,0,0,0,0,0,0,371.295166,411.022827,458.3703,561.276123,462.256409,414.38797,370.910675,410.278687,457.539764,560.257996,461.776031,413.957886,369.894043,409.841156,457.052551,559.662598,462.610931,414.705811,370.25946,410.596222,457.893921,560.691772,463.098633,415.143433,37.803593,105501.106885,48.834996,-77.516887,0,true,false,0.068286,-0.01,0
6,47,2.35,499.47087,73234.232092,499.676851,73431.184526,17473.92379,0.088685,0.06744,0.01072,0.188961,0.164399,-135.0271,0.0,0.0,0.0,0.0,0.0,0.0,0,0,0,0,0,0,0,0,0,0,0,0,0,0,0,371.296936,411.02652,458.372864,561.276611,462.25882,414.388702,370.910614,410.276978,457.536285,560.251099,461.773773,413.954468,369.88559,409.835266,457.044403,559.650024,462.614716,414.707794,370.252869,410.595734,457.891815,560.686584,463.107086,415.149597,37.80407,105501.102199,50.041747,-88.62634,0,true,false,0.086867,-0.01,0
6,48,2.4,499.473404,-35933.705496,499.680013,-36130.864539,17473.924387,-0.161574,-0.150989,0.043684,0.188937,0.156193,-135.028229,0.0,0.0,0.0,0.0,0.0,0.0,0,0,0,0,0,0,0,0,0,0,0,0,0,0,0,371.286957,411.02002,458.362793,561.259583,462.263428,414.390289,370.900482,410.27417,457.530334,560.239136,461.783539,413.960663,369.882935,409.837097,457.04364,559.644409,462.620361,414.710297,370.250366,410.593842,457.886932,560.675903,463.107574,415.147461,37.803474,105501.108799,52.085331,-73.507972,0,true,false,0.122332,-0.01,0
6,49,2.45,499.47473,73234.230766,499.681628,73431.182911,17473.924785,0.0,0.0,0.0,0.188537,0.151102,-135.029358,0.0,0.0,0.0,0.0,0.0,0.0,0,0,0,0,0,0,0,0,0,0,0,0,0,0,0,371.2789,411.015625,458.355133,561.245605,462.26828,414.392151,370.892395,410.271729,457.524872,560.227844,461.791046,413.964874,369.878723,409.837036,457.040802,559.636292,462.625671,414.712585,370.246185,410.591827,457.881897,560.6651,463.11026,415.147369,37.803078,105501.111821,54.108865,-64.128201,0,true,false,0.157583,-0.01,0
6,50,2.5,499.475546,-35933.706312,499.682335,-36130.865247,17473.924952,-0.041199,-0.029398,0.009085,0.187046,0.151054,-135.030548,0.0,0.0,0.0,0.0,0.0,0.0,0,0,0,0,0,0,0,0,0,0,0,0,0,0,0,371.271301,411.012238,458.348389,561.232422,462.273926,414.394531,370.885101,410.269531,457.51947,560.216309,461.797852,413.968323,369.873413,409.835846,457.03656,559.626221,462.631165,414.714813,370.24057,410.589447,457.876312,560.653381,463.114594,415.14859,37.80291,105501.109654,56.30123,-64.032769,0,true,false,0.192218,-0.01,0
6,51,2.55,499.477788,73234.228524,499.684508,73431.180739,17473.925563,-0.091094,-0.068842,0.019962,0.184572,0.144859,-135.031601,0.0,0.0,0.0,0.0,0.0,0.0,0,0,0,0,0,0,0,0,0,0,0,0,0,0,0,371.262299,411.006866,458.339783,561.217529,462.278748,414.396515,370.876709,410.267456,457.514557,560.205933,461.806213,413.97348,369.870789,409.836975,457.035217,559.620178,462.635895,414.716675,370.237335,410.58728,457.871277,560.642883,463.115784,415.147278,37.802299,105501.111813,58.199595,-52.622148,0,true,false,0.226119,-0.01,0
6,52,2.6,499.469168,-35933.697691,499.677535,-36130.858274,17473.924741,0.115422,0.09621,0.013631,0.183936,0.154972,-135.032471,0.0,0.0,0.0,0.0,0.0,0.0,0,0,0,0,0,0,0,0,0,0,0,0,0,0,0,371.269745,411.016785,458.348694,561.224854,462.281708,414.397217,370.880219,410.26474,457.509399,560.195984,461.79776,413.963928,369.854218,409.824066,457.018677,559.596313,462.64151,414.719788,370.22467,410.587006,457.868805,560.63623,463.132812,415.160583,37.80312,105501.110976,59.865105,-71.23968,0,true,false,0.262125,-0.01,0
6,53,2.65,499.468241,73234.229451,499.67763,73431.180645,17473.925278,-0.005948,-0.006533,0.002021,0.182601,0.148898,-135.033401,0.0,0.0,0.0,0.0,0.0,0.0,0,0,0,0,0,0,0,0,0,0,0,0,0,0,0,371.265747,411.015503,458.34494,561.21637,462.285095,414.398163,370.874817,410.262115,457.50412,560.18573,461.8013,413.965027,369.84787,409.821564,457.01358,559.586243,462.646576,414.722229,370.219757,410.585846,457.865234,560.627991,463.137726,415.162903,37.802582,105501.11756,61.546367,-60.05182,0,true,false,0.296791,-0.01,0
6,54,2.7,499.467079,-35933.69653,499.676933,-36130.857578,17473.925424,0.010642,0.011681,0.00126,0.181899,0.147622,-135.033859,0.0,0.0,0.0,0.0,0.0,0.0,0,0,0,0,0,0,0,0,0,0,0,0,0,0,0,371.264862,411.015961,458.34433,561.213745,462.286804,414.398682,370.873108,410.260864,457.501617,560.180786,461.80188,413.964539,369.843811,409.819305,457.009918,559.579895,462.649048,414.723419,370.216492,410.585297,457.863464,560.623962,463.141327,415.165131,37.802437,105501.119699,62.376745,-57.69957,0,true,false,0.314092,-0.01,0
6,55,2.75,499.466505,73234.230025,499.676896,73431.180682,17473.925973,-0.034526,-0.025743,0.00731,0.18004,0.141945,-135.034744,0.0,0.0,0.0,0.0,0.0,0.0,0,0,0,0,0,0,0,0,0,0,0,0,0,0,0,371.260681,411.014587,458.340637,561.205566,462.290405,414.399902,370.868195,410.258667,457.496979,560.171448,461.805389,413.965698,369.838165,409.817047,457.005249,559.570496,462.653534,414.725433,370.211609,410.583893,457.859711,560.615662,463.145874,415.167206,37.801888,105501.124376,63.97561,-47.242257,0,true,false,0.348046,-0.01,0
6,56,2.8,499.460027,-35933.690052,499.671843,-36130.852525,17473.925598,0.042387,0.035637,0.004912,0.179271,0.147851,-135.035599,0.0,0.0,0.0,0.0,0.0,0.0,0,0,0,0,0,0,0,0,0,0,0,0,0,0,0,371.265106,411.021484,458.346191,561.208801,462.293365,414.400635,370.869446,410.256104,457.491974,560.161743,461.80011,413.959045,369.824615,409.807068,456.992004,559.55072,462.658813,414.728271,370.201233,410.583374,457.857025,560.608826,463.159424,415.177429,37.802261,105501.126108,65.591122,-58.114018,0,true,false,0.383221,-0.01,0
6,57,2.85,499.447229,73234.242822,499.662128,73431.190398,17473.924138,0.0,0.0,0.0,0.181203,0.167365,-135.036667,0.0,0.0,0.0,0.0,0.0,0.0,0,0,0,0,0,0,0,0,0,0,0,0,0,0,0,371.277405,411.036316,458.360077,561.221375,462.296265,414.400848,370.875183,410.252167,457.484985,560.148743,461.78714,413.945007,369.801453,409.78894,456.969147,559.518372,462.666748,414.733002,370.184601,410.583984,457.855072,560.60199,463.183228,415.196381,37.803722,105501.114806,67.670598,-94.038416,0,true,false,0.420954,-0.01,0
6,58,2.9,499.453171,-35933.695994,499.668669,-36130.859067,17473.925405,-0.057524,-0.059082,0.016974,0.180347,0.149365,-135.037811,0.0,0.0,0.0,0.0,0.0,0.0,0,0,0,0,0,0,0,0,0,0,0,0,0,0,0,371.26239,411.024628,458.344208,561.197205,462.30072,414.402283,370.860809,410.249176,457.478821,560.136475,461.802277,413.956024,369.803375,409.795532,456.973663,559.519165,462.672211,414.735291,370.185913,410.581879,457.849854,560.590942,463.178009,415.189087,37.802456,105501.129016,69.67632,-60.888442,0,true,false,0.454751,-0.01,0
6,59,2.95,499.45316,73234.242834,499.669299,73431.189768,17473.926047,-0.029994,-0.024202,0.006758,0.178685,0.142268,-135.038727,0.0,0.0,0.0,0.0,0.0,0.0,0,0,0,0,0,0,0,0,0,0,0,0,0,0,0,371.257263,411.022278,458.339355,561.1875,462.304291,414.403442,370.854919,410.246857,457.473969,560.12677,461.806885,413.958099,369.798401,409.794128,456.969818,559.510742,462.676819,414.737396,370.181671,410.580475,457.846039,560.582458,463.18161,415.190277,37.801815,105501.134223,71.310605,-47.816435,0,true,false,0.488603,-0.01,0
6,60,3.0,499.445498,-35933.688332,499.663029,-36130.852797,17473.92517,0.0,0.0,0.0,0.179093,0.153942,-135.039139,0.0,0.0,0.0,0.0,0.0,0.0,0,0,0,0,0,0,0,0,0,0,0,0,0,0,0,371.2659,411.031921,458.34906,561.197693,462.305328,414.403442,370.860168,410.245239,457.471161,560.121643,461.797668,413.948914,369.785706,409.783356,456.956787,559.493042,462.680145,414.739441,370.172363,410.580902,457.84552,560.580139,463.19516,415.201508,37.802689,105501.131581,72.135669,-69.309313,0,true,false,0.507177,-0.01,0
6,61,3.05,499.439478,73234.248854,499.659194,73431.193603,17473.924918,0.111977,0.083739,0.013649,0.179149,0.15728,-135.040009,0.0,0.0,0.0,0.0,0.0,0.0,0,0,0,0,0,0,0,0,0,0,0,0,0,0,0,371.26947,411.037506,458.353149,561.199097,462.307678,414.403595,370.859802,410.242065,457.465454,560.111023,461.793732,413.943451,369.772797,409.774536,456.944824,559.474792,462.686066,414.742798,370.163391,410.580902,457.843384,560.573914,463.207336,415.21048,37.802944,105501.133214,73.758189,-75.450389,0,true,false,0.542939,-0.01,0
6,62,3.1,499.439529,-35933.688383,499.660735,-36130.854338,17473.925627,-0.057712,-0.060379,0.016918,0.178431,0.14824,-135.040939,0.0,0.0,0.0,0.0,0.0,0.0,0,0,0,0,0,0,0,0,0,0,0,0,0,0,0,371.264038,411.034393,458.347382,561.188171,462.310608,414.404144,370.8526,410.239014,457.459747,560.10022,461.799194,413.946259,369.767822,409.773743,456.94165,559.467102,462.691437,414.745544,370.160217,410.580048,457.840118,560.56604,463.210205,415.210968,37.802235,105501.14151,75.417656,-58.801138,0,true,false,0.577504,-0.01,0
6,63,3.15,499.434593,73234.25379,499.657554,73431.196784,17473.925525,0.01977,0.010699,0.002484,0.178066,0.150021,-135.04184,0.0,0.0,0.0,0.0,0.0,0.0,0,0,0,0,0,0,0,0,0,0,0,0,0,0,0,371.266022,411.038666,458.349945,561.187622,462.313354,414.404633,370.851379,410.236053,457.454254,560.089844,461.796753,413.942078,369.756287,409.766144,456.930969,559.450378,462.697052,414.748596,370.151855,410.579651,457.837494,560.559204,463.221039,415.218658,37.802338,105501.144183,77.063784,-62.076098,0,true,false,0.612728,-0.01,0
6,64,3.2,499.428705,-35933.682496,499.65373,-36130.850514,17473.925281,0.048773,0.031597,0.006094,0.178098,0.153354,-135.042709,0.0,0.0,0.0,0.0,0.0,0.0,0,0,0,0,0,0,0,0,0,0,0,0,0,0,0,371.269379,411.044159,458.353882,561.188782,462.315857,414.404877,370.850952,410.23291,457.448608,560.079285,461.792999,413.936737,369.7435,409.757416,456.919067,559.432129,462.702942,414.751862,370.142853,410.579529,457.835175,560.552734,463.233154,415.22757,37.802578,105501.146054,78.703171,-68.206847,0,true,false,0.648327,-0.01,0
6,65,3.25,499.426983,73234.255513,499.653585,73431.196929,17473.925689,0.0,0.0,0.0,0.177541,0.148292,-135.043625,0.0,0.0,0.0,0.0,0.0,0.0,0,0,0,0,0,0,0,0,0,0,0,0,0,0,0,371.266571,411.043671,458.351074,561.18158,462.318726,414.405426,370.845917,410.229919,457.442993,560.068665,461.795624,413.937042,369.736206,409.754211,456.913239,559.421204,462.708374,414.7547,370.137817,410.578857,457.832153,560.545227,463.238861,415.230621,37.80217,105501.151744,80.358717,-58.881252,0,true,false,0.683055,-0.01,0
6,66,3.3,499.425722,-35933.681235,499.652973,-36130.849902,17473.925819,0.013818,0.008698,0.001646,0.177109,0.146965,-135.044067,0.0,0.0,0.0,0.0,0.0,0.0,0,0,0,0,0,0,0,0,0,0,0,0,0,0,0,371.2659,411.044189,458.350555,561.179138,462.320221,414.405762,370.844177,410.228607,457.44043,560.063721,461.796082,413.936493,369.732117,409.751984,456.909668,559.4151,462.710907,414.756012,370.134796,410.578461,457.830658,560.541565,463.242401,415.232819,37.80204,105501.153799,81.150521,-56.437038,0,true,false,0.700286,-0.01,0
6,67,3.35,499.422595,73234.258639,499.651236,73431.198666,17473.925974,-0.009913,-0.013818,0.003956,0.176383,0.14558,-135.044937,0.0,0.0,0.0,0.0,0.0,0.0,0,0,0,0,0,0,0,0,0,0,0,0,0,0,0,371.265381,411.046051,458.350464,561.175415,462.32312,414.406403,370.841309,410.225891,457.435242,560.053772,461.796173,413.934601,369.723114,409.746735,456.901672,559.401672,462.716125,414.758698,370.128113,410.577789,457.827728,560.534363,463.250427,415.238037,37.801888,105501.15733,82.752694,-53.88142,0,true,false,0.734851,-0.01,0
6,68,3.4,499.418056,-35933.676696,499.648215,-36130.846881,17473.9259,0.0,0.0,0.0,0.175838,0.147135,-135.045807,0.0,0.0,0.0,0.0,0.0,0.0,0,0,0,0,0,0,0,0,0,0,0,0,0,0,0,371.266968,411.049957,458.352692,561.174561,462.325958,414.407013,370.840057,410.223145,457.430054,560.043823,461.794067,413.930786,369.712219,409.739563,456.891541,559.385742,462.721436,414.761536,370.120056,410.577271,457.825012,560.527527,463.260681,415.2453,37.80196,105501.15991,84.351295,-56.740649,0,true,false,0.769604,-0.01,0
6,69,3.45,499.413988,73234.262707,499.645947,73431.200934,17473.925926,-0.031417,-0.037455,0.010466,0.17556,0.147,-135.046677,0.0,0.0,0.0,0.0,0.0,0.0,0,0,0,0,0,0,0,0,0,0,0,0,0,0,0,371.267761,411.052917,458.353851,561.172363,462.328552,414.407379,370.837799,410.220154,457.424591,560.033508,461.792938,413.927826,369.701965,409.733276,456.882385,559.370911,462.726959,414.764526,370.112854,410.576904,457.822449,560.520813,463.269928,415.251617,37.801933,105501.163232,85.954808,-56.487768,0,true,false,0.804529,-0.01,0
6,70,3.5,499.407784,-35933.670492,499.642043,-36130.842977,17473.925634,-0.028439,-0.039549,0.011012,0.175889,0.15069,-135.047562,0.0,0.0,0.0,0.0,0.0,0.0,0,0,0,0,0,0,0,0,0,0,0,0,0,0,0,371.271515,411.058685,458.358063,561.173889,462.330902,414.407501,370.837433,410.216827,457.418701,560.022644,461.78891,413.922241,369.688721,409.724243,456.870117,559.352234,462.733063,414.768005,370.103729,410.576965,457.820312,560.514526,463.28241,415.260834,37.802227,105501.165164,87.60952,-63.276709,0,true,false,0.840156,-0.01,0
6,71,3.55,499.40443,73234.266062,499.640472,73431.202505,17473.925775,0.004765,-0.00531,0.001398,0.175667,0.149015,-135.048447,0.0,0.0,0.0,0.0,0.0,0.0,0,0,0,0,0,0,0,0,0,0,0,0,0,0,0,371.27124,411.060547,458.358002,561.170166,462.333527,414.407867,370.83429,410.213806,457.413147,560.012268,461.78894,413.920319,369.679382,409.718933,456.86203,559.338684,462.738617,414.770996,370.09729,410.576569,457.817688,560.507629,463.290527,415.266113,37.802086,105501.169106,89.219346,-60.188216,0,true,false,0.875044,-0.01,0
6,72,3.6,499.398437,-35933.664498,499.636015,-36130.83852,17473.925177,0.133724,0.100525,0.016296,0.176239,0.156637,-135.048874,0.0,0.0,0.0,0.0,0.0,0.0,0,0,0,0,0,0,0,0,0,0,0,0,0,0,0,371.277344,411.067535,458.364716,561.176636,462.334412,414.407745,370.837219,410.212036,457.410095,560.006714,461.782562,413.913635,369.668915,409.710602,456.851685,559.32428,462.742035,414.773102,370.089996,410.576996,457.817139,560.505188,463.301239,415.27475,37.802685,105501.166848,90.051318,-74.220102,0,true,false,0.89347,-0.01,0
6,73,3.65,499.395419,73234.269079,499.635115,73431.203406,17473.924995,-0.089234,-0.104237,0.029362,0.177963,0.158775,-135.050186,0.0,0.0,0.0,0.0,0.0,0.0,0,0,0,0,0,0,0,0,0,0,0,0,0,0,0,371.274261,411.067932,458.361908,561.167725,462.338867,414.408783,370.830933,410.208008,457.402374,559.991821,461.785553,413.913361,369.657806,409.705261,456.842499,559.307617,462.749939,414.777252,370.082092,410.57608,457.812866,560.494507,463.310638,415.280243,37.802864,105501.164677,92.484696,-78.147597,0,true,false,0.929629,-0.01,0
6,74,3.7,499.394574,-35933.663653,499.635857,-36130.839262,17473.925207,0.002263,-0.012886,0.003231,0.178285,0.154153,-135.05127,0.0,0.0,0.0,0.0,0.0,0.0,0,0,0,0,0,0,0,0,0,0,0,0,0,0,0,371.269287,411.065826,458.356842,561.157043,462.34256,414.409637,370.823883,410.204681,457.395935,559.979492,461.790436,413.915314,369.650818,409.703003,456.837311,559.296753,462.756226,414.780457,370.077179,410.575073,457.809021,560.485352,463.315704,415.282349,37.802654,105501.168961,94.46518,-69.630282,0,true,false,0.964726,-0.01,0
6,75,3.75,499.395428,73234.268225,499.637836,73431.201427,17473.926012,-0.080937,-0.077289,0.021744,0.177239,0.144168,-135.052185,0.0,0.0,0.0,0.0,0.0,0.0,0,0,0,0,0,0,0,0,0,0,0,0,0,0,0,371.262848,411.061829,458.350128,561.145081,462.345703,414.4104,370.816315,410.201904,457.390625,559.969238,461.796783,413.918976,369.647064,409.703156,456.835236,559.290466,462.7612,414.782867,370.074554,410.573975,457.805542,560.477356,463.317444,415.28186,37.801849,105501.176034,96.082184,-51.239313,0,true,false,0.998801,-0.01,0
6,76,3.8,499.391244,-35933.659469,499.63487,-36130.836296,17473.925987,0.0,0.0,0.0,0.176322,0.145482,-135.053055,0.0,0.0,0.0,0.0,0.0,0.0,0,0,0,0,0,0,0,0,0,0,0,0,0,0,0,371.263947,411.06543,458.35202,561.143799,462.348755,414.411224,370.815033,410.199402,457.385712,559.959656,461.795013,413.915436,369.636658,409.69632,456.825439,559.274963,462.766235,414.785461,370.066528,410.573242,457.802612,560.470154,463.327332,415.288788,37.801872,105501.178426,97.675623,-53.65537,0,true,true,1.0,-0.01,0
6,77,3.85,499.389191,73234.270277,499.633934,73431.202362,17473.926298,-0.033306,-0.032123,0.00917,0.175317,0.142211,-135.053925,0.0,0.0,0.0,0.0,0.0,0.0,0,0,0,0,0,0,0,0,0,0,0,0,0,0,0,371.261963,411.065887,458.350403,561.138245,462.351807,414.412018,370.811279,410.196869,457.380737,559.949951,461.796539,413.914856,369.62915,409.692413,456.81897,559.263428,462.771149,414.787903,370.060791,410.572327,457.799469,560.462708,463.333771,415.292603,37.801563,105501.18196,99.253787,-47.628474,0,true,true,1.0,-0.01,0
6,78,3.9,499.386886,-35933.657164,499.632661,-36130.835023,17473.926555,-0.056085,-0.050511,0.015126,0.174212,0.139783,-135.054779,0.0,0.0,0.0,0.0,0.0,0.0,0,0,0,0,0,0,0,0,0,0,0,0,0,0,0,371.260406,411.066803,458.349304,561.133362,462.35495,414.412903,370.807953,410.194427,457.375885,559.940491,461.797577,413.913879,369.621307,409.68811,456.812042,559.251404,462.77597,414.790283,370.054718,410.571411,457.796295,560.455322,463.340668,415.296875,37.801308,105501.184928,100.822144,-43.154529,0,true,true,1.0,-0.01,0
6,79,3.95,499.382664,73234.2745,499.629516,73431.205508,17473.925937,0.040923,0.03721,0.004626,0.172997,0.141532,-135.055618,0.0,0.0,0.0,0.0,0.0,0.0,0,0,0,0,0,0,0,0,0,0,0,0,0,0,0,371.261749,411.070648,458.351501,561.132568,462.358002,414.413757,370.807068,410.192078,457.371185,559.931274,461.795502,413.910126,369.610992,409.681152,456.802216,559.235962,462.780792,414.792755,370.0466,410.570618,457.793365,560.448242,463.350647,415.303925,37.801926,105501.18728,102.370636,-46.373143,0,true,true,1.0,-0.01,0
6,80,4.0,499.382518,-35933.657018,499.629674,-36130.835182,17473.926131,-0.016585,-0.012878,0.003806,0.172133,0.138434,-135.056046,0.0,0.0,0.0,0.0,0.0,0.0,0,0,0,0,0,0,0,0,0,0,0,0,0,0,0,371.259552,411.069763,458.349487,561.128357,462.35968,414.414307,370.804474,410.190979,457.368927,559.926758,461.797424,413.910919,369.608459,409.680298,456.800232,559.23175,462.782959,414.793732,370.044495,410.569977,457.791595,560.444336,463.35257,415.304688,37.801731,105501.188881,103.134026,-40.66853,0,true,true,1.0,-0.01,0
6,81,4.05,499.375884,73234.281134,499.624781,73431.210401,17473.926277,0.009999,0.000558,0.001413,0.172217,0.145563,-135.056915,0.0,0.0,0.0,0.0,0.0,0.0,0,0,0,0,0,0,0,0,0,0,0,0,0,0,0,371.26413,411.07666,458.355011,561.131531,462.362457,414.414856,370.805481,410.188171,457.363647,559.916748,461.792206,413.904297,369.594696,409.670319,456.786957,559.211914,462.788605,414.796844,370.034302,410.569702,457.789154,560.437744,463.36618,415.314941,37.801582,105501.189541,104.774895,-53.789996,0,true,true,1.0,-0.01,0
6,82,4.1,499.37293,-35933.654064,499.623363,-36130.833764,17473.926358,0.002322,-0.005273,0.001523,0.171773,0.143739,-135.05777,0.0,0.0,0.0,0.0,0.0,0.0,0,0,0,0,0,0,0,0,0,0,0,0,0,0,0,371.263428,411.078186,458.354584,561.127441,462.365173,414.415375,370.802307,410.185364,457.358429,559.906799,461.792603,413.90274,369.586029,409.665436,456.779419,559.199158,462.793823,414.799591,370.028107,410.569153,457.786407,560.430847,463.373749,415.319794,37.801502,105501.192723,106.344788,-50.427566,0,true,true,1.0,-0.01,0
6,83,4.15,499.369967,73234.284097,499.621687,73431.212077,17473.9261,0.03002,0.023187,0.003541,0.170996,0.14233,-135.058609,0.0,0.0,0.0,0.0,0.0,0.0,0,0,0,0,0,0,0,0,0,0,0,0,0,0,0,371.262878,411.079926,458.354462,561.12384,462.368042,414.416046,370.799561,410.1828,457.353485,559.897278,461.792725,413.90094,369.577423,409.660431,456.771729,559.186279,462.798767,414.802155,370.021698,410.568451,457.783569,560.423889,463.381439,415.324799,37.801762,105501.195648,107.885072,-47.829964,0,true,true,1.0,-0.01,0
6,84,4.2,499.369612,-35933.653709,499.622088,-36130.834165,17473.926348,0.0,0.0,0.0,0.169952,0.137269,-135.059494,0.0,0.0,0.0,0.0,0.0,0.0,0,0,0,0,0,0,0,0,0,0,0,0,0,0,0,371.258423,411.078125,458.35025,561.11499,462.371429,414.417114,370.794128,410.180481,457.348694,559.887756,461.796783,413.902618,369.572174,409.658691,456.767609,559.177612,462.803436,414.804352,370.017395,410.56723,457.779999,560.415894,463.385437,415.326416,37.801514,105501.197784,109.484102,-38.507495,0,true,true,1.0,-0.01,0
6,85,4.25,499.36399,73234.28972,499.618171,73431.215994,17473.926635,-0.047945,-0.052863,0.015397,0.170036,0.142256,-135.060364,0.0,0.0,0.0,0.0,0.0,0.0,0,0,0,0,0,0,0,0,0,0,0,0,0,0,0,371.261536,411.083527,458.354126,561.11615,462.374207,414.417664,370.793945,410.177643,457.343384,559.877686,461.793152,413.8974,369.559784,409.650116,456.75592,559.159668,462.80899,414.807373,370.008331,410.566895,457.777496,560.40918,463.39743,415.335175,37.801224,105501.199076,111.11516,-47.685538,0,true,true,1.0,-0.01,0
6,86,4.3,499.362331,-35933.652051,499.617708,-36130.833702,17473.926564,-0.06492,-0.064057,0.019057,0.169547,0.139372,-135.061264,0.0,0.0,0.0,0.0,0.0,0.0,0,0,0,0,0,0,0,0,0,0,0,0,0,0,0,371.25882,411.083313,458.351654,561.109375,462.37738,414.418488,370.789429,410.174988,457.338226,559.867615,461.795563,413.897552,369.552673,409.64679,456.75,559.148743,462.814117,414.809967,370.002991,410.56601,457.774261,560.40155,463.40332,415.33844,37.801296,105501.201104,112.754485,-42.371117,0,true,true,1.0,-0.01,0
6,87,4.35,499.358477,73234.293573,499.615056,73431.218646,17473.92622,0.009163,0.003236,0.00114,0.16935,0.142558,-135.062195,0.0,0.0,0.0,0.0,0.0,0.0,0,0,0,0,0,0,0,0,0,0,0,0,0,0,0,371.259125,411.086334,458.352753,561.106934,462.380798,414.419464,370.787476,410.172394,457.333038,559.857483,461.794617,413.894653,369.542419,409.64032,456.740509,559.133301,462.819489,414.812683,369.995026,410.565186,457.771057,560.393799,463.413025,415.345062,37.80164,105501.201331,114.477392,-48.233015,0,true,true,1.0,-0.01,0
6,88,4.4,499.350675,-35933.644249,499.609529,-36130.828175,17473.926004,0.104208,0.073693,0.012892,0.170119,0.15141,-135.063065,0.0,0.0,0.0,0.0,0.0,0.0,0,0,0,0,0,0,0,0,0,0,0,0,0,0,0,371.26535,411.094604,458.359833,561.112,462.383179,414.419647,370.789215,410.16925,457.327393,559.846985,461.787964,413.886719,369.5271,409.629089,456.72583,559.111755,462.825592,414.816223,369.984192,410.565338,457.769104,560.387817,463.428162,415.356689,37.801857,105501.200254,116.119274,-64.527042,0,true,true,1.0,-0.01,0
6,89,4.45,499.349163,73234.295086,499.609108,73431.219067,17473.926097,0.02071,0.001087,0.003067,0.170325,0.149906,-135.063507,0.0,0.0,0.0,0.0,0.0,0.0,0,0,0,0,0,0,0,0,0,0,0,0,0,0,0,371.264923,411.095123,458.359314,561.109497,462.384338,414.419678,370.78714,410.167572,457.324402,559.841492,461.788422,413.886139,369.522644,409.626801,456.722168,559.105469,462.828552,414.817871,369.981384,410.565277,457.767914,560.384521,463.431793,415.358948,37.801762,105501.20238,116.934326,-61.754903,0,true,true,1.0,-0.01,0
6,90,4.5,499.346652,-35933.641739,499.608463,-36130.82753,17473.926348,0.017949,0.003707,0.002519,0.170353,0.146466,-135.064362,0.0,0.0,0.0,0.0,0.0,0.0,0,0,0,0,0,0,0,0,0,0,0,0,0,0,0,371.26355,411.095734,458.357849,561.104187,462.386749,414.419922,370.78299,410.16449,457.318878,559.831177,461.789795,413.885437,369.514648,409.622772,456.715607,559.093872,462.834015,414.820831,369.976135,410.564941,457.765411,560.37793,463.438324,415.362854,37.801514,105501.206393,118.492541,-55.416247,0,true,true,1.0,-0.01,0
6,91,4.55,499.347848,73234.293891,499.610531,73431.216999,17473.926396,-0.067545,-0.061167,0.018328,0.16913,0.136525,-135.065216,0.0,0.0,0.0,0.0,0.0,0.0,0,0,0,0,0,0,0,0,0,0,0,0,0,0,0,371.256958,411.091553,458.351044,561.092346,462.389832,414.420776,370.775635,410.162048,457.314026,559.821716,461.796234,413.889313,369.511658,409.623352,456.714142,559.088562,462.838531,414.822968,369.973907,410.563751,457.761993,560.370178,463.439453,415.361969,37.801464,105501.210394,120.013606,-37.108177,0,true,true,1.0,-0.01,0
6,92,4.6,499.34436,-35933.638251,499.607761,-36130.824759,17473.925778,0.0,0.0,0.0,0.16823,0.139537,-135.066101,0.0,0.0,0.0,0.0,0.0,0.0,0,0,0,0,0,0,0,0,0,0,0,0,0,0,0,371.25705,411.094482,458.352173,561.090027,462.393433,414.422028,370.774139,410.159882,457.309448,559.8125,461.795288,413.886505,369.502075,409.617157,456.705048,559.073792,462.843292,414.825256,369.965973,410.562653,457.758575,560.362366,463.448761,415.368317,37.802082,105501.210847,121.651297,-42.652929,0,true,true,1.0,-0.01,0
6,93,4.65,499.34057,73234.297681,499.605565,73431.219194,17473.926609,-0.052209,-0.056341,0.016482,0.168146,0.140733,-135.066986,0.0,0.0,0.0,0.0,0.0,0.0,0,0,0,0,0,0,0,0,0,0,0,0,0,0,0,371.257477,411.097198,458.353027,561.087463,462.39624,414.422577,370.77179,410.157074,457.304138,559.802368,461.794525,413.88385,369.492188,409.611115,456.696136,559.059265,462.848724,414.828156,369.958832,410.562164,457.755859,560.355408,463.457794,415.374451,37.80125,105501.212285,123.275047,-44.849889,0,true,true,1.0,-0.01,0
6,94,4.7,499.336589,-35933.63427,499.602984,-36130.822178,17473.926216,0.027221,0.015883,0.003426,0.168208,0.143906,-135.067886,0.0,0.0,0.0,0.0,0.0,0.0,0,0,0,0,0,0,0,0,0,0,0,0,0,0,0,371.258057,411.100311,458.354248,561.085205,462.399414,414.423401,370.769806,410.154358,457.298859,559.792175,461.793488,413.88089,369.481842,409.604645,456.686676,559.043945,462.854187,414.831024,369.95105,410.561493,457.752869,560.348022,463.467468,415.381073,37.801643,105501.212288,124.969373,-50.686711,0,true,true,1.0,-0.01,0
6,95,4.75,499.332805,73234.301465,499.600748,73431.22143,17473.926185,0.054792,0.036693,0.006818,0.168517,0.146477,-135.068817,0.0,0.0,0.0,0.0,0.0,0.0,0,0,0,0,0,0,0,0,0,0,0,0,0,0,0,371.25827,411.102997,458.35495,561.082275,462.402527,414.424103,370.767334,410.15152,457.293427,559.781677,461.792938,413.878296,369.471741,409.598511,456.677582,559.028992,462.859833,414.833984,369.943634,410.560913,457.749939,560.340637,463.476776,415.387329,37.801678,105501.212127,126.680019,-55.414945,0,true,true,1.0,-0.01,0
6,96,4.8,499.329937,-35933.631402,499.599465,-36130.820895,17473.926153,0.051217,0.035004,0.006337,0.168522,0.145636,-135.069687,0.0,0.0,0.0,0.0,0.0,0.0,0,0,0,0,0,0,0,0,0,0,0,0,0,0,0,371.257355,411.10434,458.354279,561.07782,462.405304,414.424652,370.763916,410.148651,457.288055,559.771484,461.79361,413.876953,369.463104,409.593781,456.670135,559.016296,462.865204,414.836853,369.937531,410.560364,457.747162,560.333618,463.484253,415.392059,37.801708,105501.213916,128.294085,-53.862061,0,true,true,1.0,-0.01,0
6,97,4.85,499.327555,73234.303847,499.598724,73431.222171,17473.926556,0.0,0.0,0.0,0.16867,0.143665,-135.070587,0.0,0.0,0.0,0.0,0.0,0.0,0,0,0,0,0,0,0,0,0,0,0,0,0,0,0,371.255615,411.104889,458.352631,561.072083,462.408142,414.42514,370.759705,410.145721,457.282562,559.761047,461.795227,413.876373,369.455048,409.589752,456.663422,559.004333,462.870728,414.839783,369.931946,410.559814,457.744324,560.326416,463.490997,415.396088,37.801304,105501.215907,129.937822,-50.226804,0,true,true,1.0,-0.01,0
6,98,4.9,499.326437,-35933.630284,499.598211,-36130.820382,17473.926229,0.018468,0.009267,0.002352,0.168627,0.143502,-135.07106,0.0,0.0,0.0,0.0,0.0,0.0,0,0,0,0,0,0,0,0,0,0,0,0,0,0,0,371.254608,411.105194,458.351837,561.069153,462.409821,414.425629,370.757721,410.144379,457.279938,559.75592,461.796051,413.876099,369.451019,409.587677,456.659943,558.998169,462.873383,414.841125,369.928894,410.559387,457.742676,560.32251,463.494507,415.398193,37.801632,105501.216146,130.792503,-49.925908,0,true,true,1.0,-0.01,0
6,99,4.95,499.325944,73234.30434,499.598778,73431.221604,17473.926452,-0.052474,-0.052001,0.015343,0.167986,0.138314,-135.07193,0.0,0.0,0.0,0.0,0.0,0.0,0,0,0,0,0,0,0,0,0,0,0,0,0,0,0,371.250336,411.103363,458.347626,561.060364,462.412933,414.426453,370.752075,410.141846,457.274933,559.746155,461.80011,413.877777,369.445618,409.585968,456.655884,558.989624,462.878265,414.843506,369.924866,410.55838,457.73941,560.31488,463.498444,415.39975,37.801411,105501.218205,132.379719,-40.368792,0,true,true,1.0,-0.01,0
6,100,5.0,499.323994,-35933.628334,499.597594,-36130.819198,17473.926099,0.0,0.0,0.0,0.167215,0.137927,-135.07283,0.0,0.0,0.0,0.0,0.0,0.0,0,0,0,0,0,0,0,0,0,0,0,0,0,0,0,371.248138,411.103912,458.346039,561.054749,462.416504,414.427643,370.748535,410.139557,457.270172,559.736694,461.801727,413.877197,369.43811,409.58194,456.6492,558.977722,462.883057,414.845825,369.918701,410.55722,457.735901,560.306885,463.505188,415.403778,37.801762,105501.21861,134.027365,-39.654529,0,true,true,1.0,-0.01,0
6,101,5.05,499.319171,73234.309163,499.594321,73431.224877,17473.926413,-0.0107,-0.019798,0.005337,0.167432,0.142733,-135.073715,0.0,0.0,0.0,0.0,0.0,0.0,0,0,0,0,0,0,0,0,0,0,0,0,0,0,0,371.250061,411.108246,458.348663,561.054321,462.419464,414.428314,370.747528,410.13681,457.264923,559.726624,461.799347,413.873077,369.426788,409.574432,456.638641,558.961121,462.88858,414.848755,369.910278,410.556763,457.733185,560.299927,463.516052,415.41153,37.801449,105501.218524,135.683595,-48.497745,0,true,true,1.0,-0.01,0
6,102,5.1,499.316401,-35933.625564,499.592849,-36130.817725,17473.926153,0.034942,0.022802,0.004329,0.167387,0.143434,-135.074615,0.0,0.0,0.0,0.0,0.0,0.0,0,0,0,0,0,0,0,0,0,0,0,0,0,0,0,371.248962,411.10965,458.348022,561.049805,462.422607,414.429108,370.744263,410.134155,457.259766,559.716553,461.800079,413.871735,369.418182,409.569611,456.631073,558.948181,462.89386,414.851471,369.903839,410.556,457.730133,560.29248,463.523743,415.416412,37.801708,105501.218784,137.337993,-49.784403,0,true,true,1.0,-0.01,0
6,103,5.15,499.310754,73234.31481,499.589444,73431.228281,17473.92641,0.009738,-0.008809,0.0021,0.168262,0.147687,-135.0755,0.0,0.0,0.0,0.0,0.0,0.0,0,0,0,0,0,0,0,0,0,0,0,0,0,0,0,371.251984,411.114655,458.35141,561.050354,462.424988,414.42926,370.743347,410.13092,457.253967,559.705872,461.796875,413.866913,369.405762,409.561401,456.61972,558.930664,462.899902,414.854919,369.895355,410.55603,457.727997,560.286194,463.535339,415.424835,37.801449,105501.219048,138.983132,-57.60798,0,true,true,1.0,-0.01,0
6,104,5.2,499.305349,-35933.620159,499.586347,-36130.814628,17473.926205,0.084833,0.056738,0.010621,0.168867,0.149927,-135.07634,0.0,0.0,0.0,0.0,0.0,0.0,0,0,0,0,0,0,0,0,0,0,0,0,0,0,0,371.254822,411.119293,458.354523,561.050659,462.427094,414.42926,370.742218,410.127655,457.24826,559.695374,461.793915,413.862366,369.39389,409.553619,456.608978,558.914062,462.905762,414.858307,369.887451,410.556152,457.726044,560.280334,463.546295,415.432739,37.801655,105501.220658,140.547861,-61.727115,0,true,true,1.0,-0.01,0
6,105,5.25,499.298591,73234.321567,499.582451,73431.232176,17473.925587,0.0,0.0,0.0,0.170675,0.156518,-135.077393,0.0,0.0,0.0,0.0,0.0,0.0,0,0,0,0,0,0,0,0,0,0,0,0,0,0,0,371.258453,411.125214,458.358521,561.051208,462.42981,414.429352,370.740936,410.123688,457.241241,559.682495,461.790253,413.85672,369.37912,409.543945,456.595612,558.893372,462.913177,414.862549,369.877594,410.556366,457.723694,560.273132,463.560059,415.442719,37.802273,105501.217756,142.516567,-73.853051,0,true,true,1.0,-0.01,0
6,106,5.3,499.295499,-35933.617066,499.580893,-36130.81307,17473.92546,0.060197,0.027855,0.008063,0.171357,0.157592,-135.077835,0.0,0.0,0.0,0.0,0.0,0.0,0,0,0,0,0,0,0,0,0,0,0,0,0,0,0,371.260254,411.127808,458.360291,561.051514,462.430664,414.429108,370.740234,410.121735,457.237976,559.676636,461.788574,413.854218,369.372528,409.539703,456.589783,558.884399,462.916534,414.864563,369.873535,410.556671,457.722931,560.270386,463.565979,415.447021,37.802402,105501.218524,143.343075,-75.827822,0,true,true,1.0,-0.01,0
6,107,5.35,499.293811,73234.323255,499.581599,73431.231471,17473.925897,-0.037345,-0.053737,0.014847,0.171925,0.151002,-135.078735,0.0,0.0,0.0,0.0,0.0,0.0,0,0,0,0,0,0,0,0,0,0,0,0,0,0,0,371.257324,411.126648,458.356781,561.043457,462.4328,414.428986,370.7341,410.118134,457.23172,559.665222,461.79184,413.855133,369.365417,409.53714,456.584686,558.874451,462.922577,414.867981,369.869629,410.556549,457.720581,560.263733,463.570892,415.449371,37.801964,105501.225017,144.975175,-63.685972,0,true,true,1.0,-0.01,0
6,108,5.4,499.286031,-35933.609285,499.576315,-36130.807786,17473.925202,0.0,0.0,0.0,0.173314,0.16055,-135.079773,0.0,0.0,0.0,0.0,0.0,0.0,0,0,0,0,0,0,0,0,0,0,0,0,0,0,0,371.262604,411.13443,458.362885,561.046692,462.435791,414.429382,370.73465,410.114532,457.225159,559.652954,461.786194,413.847748,369.349304,409.525787,456.569489,558.851624,462.929657,414.872009,369.858246,410.55661,457.718079,560.256409,463.586609,415.461151,37.802658,105501.219481,146.928314,-81.25777,0,true,true,1.0,-0.01,0
6,109,5.45,499.28279,73234.326496,499.575502,73431.232284,17473.924889,0.03161,0.001617,0.004738,0.175386,0.162821,-135.081055,0.0,0.0,0.0,0.0,0.0,0.0,0,0,0,0,0,0,0,0,0,0,0,0,0,0,0,371.26001,411.134979,458.360352,561.038269,462.43985,414.430145,370.728455,410.110352,457.217316,559.638123,461.78891,413.847321,369.338135,409.520447,456.560364,558.835144,462.937714,414.876312,369.850677,410.555969,457.714203,560.246399,463.595978,415.466675,37.802971,105501.215717,149.303853,-85.428646,0,true,true,1.0,-0.01,0
6,110,5.5,499.282398,-35933.608894,499.577174,-36130.809458,17473.925023,-0.076266,-0.093757,0.026278,0.177048,0.159306,-135.082397,0.0,0.0,0.0,0.0,0.0,0.0,0,0,0,0,0,0,0,0,0,0,0,0,0,0,0,371.253021,411.131409,458.353058,561.023865,462.444336,414.431152,370.718933,410.106201,457.209412,559.622925,461.796143,413.8508,369.330536,409.518738,456.555206,558.823303,462.945557,414.880371,369.845581,410.554871,457.709656,560.235291,463.601135,415.468292,37.802837,105501.216375,151.748974,-78.943678,0,true,true,1.0,-0.01,0
6,111,5.55,499.279036,73234.329858,499.575101,73431.234357,17473.924594,0.0,0.0,0.0,0.17814,0.164128,-135.083038,0.0,0.0,0.0,0.0,0.0,0.0,0,0,0,0,0,0,0,0,0,0,0,0,0,0,0,371.254211,411.134247,458.354614,561.023132,462.446411,414.43158,370.717834,410.104126,457.205505,559.615479,461.79483,413.848175,369.32254,409.513641,456.547913,558.811768,462.949738,414.88269,369.839874,410.554657,457.707855,560.230469,463.608704,415.473633,37.803268,105501.211448,152.965636,-87.81666,0,true,true,1.0,-0.01,0
6,112,5.6,499.276927,-35933.606785,499.575372,-36130.809729,17473.924468,-0.07909,-0.098712,0.027627,0.180125,0.163896,-135.084335,0.0,0.0,0.0,0.0,0.0,0.0,0,0,0,0,0,0,0,0,0,0,0,0,0,0,0,371.249847,411.133118,458.350128,561.012207,462.450562,414.432373,370.710175,410.099915,457.197571,559.600403,461.799408,413.849365,369.312805,409.509796,456.540436,558.797241,462.957794,414.886963,369.833435,410.553925,457.703796,560.220093,463.616302,415.477509,37.803394,105501.209605,155.366471,-87.376178,0,true,true,1.0,-0.01,0
6,113,5.65,499.276108,73234.330677,499.576332,73431.233397,17473.924535,-0.024942,-0.04262,0.011661,0.181443,0.161646,-135.085678,0.0,0.0,0.0,0.0,0.0,0.0,0,0,0,0,0,0,0,0,0,0,0,0,0,0,0,371.243469,411.130402,458.343781,560.998901,462.455353,414.433624,370.701508,410.096008,457.189911,559.585449,461.805725,413.85202,369.304565,409.507324,456.534332,558.784241,462.965485,414.890839,369.827484,410.552612,457.699036,560.20874,463.622437,415.47998,37.803326,105501.209213,157.826364,-83.221218,0,true,true,1.0,-0.01,0
6,114,5.7,499.274863,-35933.605539,499.576742,-36130.810139,17473.924535,-0.045649,-0.059138,0.016553,0.182613,0.160471,-135.087006,0.0,0.0,0.0,0.0,0.0,0.0,0,0,0,0,0,0,0,0,0,0,0,0,0,0,0,371.237854,411.128448,458.338318,560.986755,462.460144,414.434998,370.693665,410.092255,457.182465,559.570862,461.811218,413.853973,369.295837,409.50415,456.527557,558.770508,462.973022,414.894623,369.820984,410.55127,457.694275,560.197449,463.629303,415.483154,37.803326,105501.207829,160.259207,-81.047377,0,true,true,1.0,-0.01,0
6,115,5.75,499.27603,73234.329509,499.578949,73431.23119,17473.924908,-0.113834,-0.114461,0.03287,0.183113,0.154816,-135.088318,0.0,0.0,0.0,0.0,0.0,0.0,0,0,0,0,0,0,0,0,0,0,0,0,0,0,0,371.228851,411.123352,458.329407,560.970459,462.465302,414.436676,370.683716,410.088867,457.175446,559.556946,461.819977,413.858887,369.290405,409.504028,456.52417,558.760986,462.979889,414.897827,369.816528,410.549408,457.688965,560.185547,463.632568,415.483154,37.802952,105501.209288,162.642574,-70.624914,0,true,true,1.0,-0.01,0
6,116,5.8,499.270875,-35933.600384,499.574939,-36130.806129,17473.9242,0.125256,0.094647,0.015204,0.18402,0.163685,-135.088943,0.0,0.0,0.0,0.0,0.0,0.0,0,0,0,0,0,0,0,0,0,0,0,0,0,0,0,371.232819,411.129059,458.334229,560.973755,462.467468,414.437225,370.68515,410.087036,457.171875,559.549988,461.815582,413.853577,369.28009,409.496307,456.514038,558.746033,462.983917,414.900055,369.808716,410.549255,457.687256,560.180908,463.643158,415.491241,37.803661,105501.201729,163.835478,-86.951132,0,true,true,1.0,-0.01,0
6,117,5.85,499.228501,73234.371883,499.577483,73431.228646,17465.614511,0.980551,-0.058874,201.751144,0.18402,0.163685,-135.088943,1.0,0.0,0.0,0.0,0.0,0.0,0,0,0,0,0,0,0,0,0,0,0,0,0,0,0,371.287567,411.158203,458.36673,561.01355,462.430756,414.404327,370.677032,410.054169,457.135223,559.505127,461.78302,413.824402,369.225342,409.467163,456.481567,558.706238,463.02063,414.932953,369.816833,410.582123,457.723877,560.225708,463.67572,415.520416,46.11335,105501.206202,163.830449,-95.260926,0,true,true,1.0,-0.01,0
6,118,5.9,499.139195,-35933.511077,499.582845,-36130.811491,17446.208871,1.85968,-0.111658,407.452484,0.18402,0.163685,-135.088943,1.0,0.0,0.0,0.0,0.0,0.0,0,0,0,0,0,0,0,0,0,0,0,0,0,0,0,371.402924,411.219635,458.435211,561.097351,462.353394,414.334991,370.659912,409.984894,457.058014,559.410645,461.714417,413.762909,369.109955,409.405731,456.413086,558.622437,463.097992,415.002289,369.833954,410.651398,457.801117,560.320251,463.744324,415.581879,65.51899,105501.210225,163.825927,-114.666772,0,true,true,1.0,-0.01,0
6,119,5.95,499.000167,73234.51091,499.591193,73431.220299,17415.283245,2.711436,-0.162799,606.433838,0.18402,0.163685,-135.088943,1.0,0.0,0.0,0.0,0.0,0.0,0,0,0,0,0,0,0,0,0,0,0,0,0,0,0,371.58255,411.315247,458.541809,561.227844,462.232971,414.227051,370.63327,409.877045,456.937775,559.263489,461.607635,413.667206,368.930359,409.31012,456.306488,558.492004,463.218414,415.110199,369.860596,410.759216,457.921326,560.467407,463.851105,415.677612,96.444618,105501.214441,163.821187,-145.59271,0,true,true,1.0,-0.01,0
6,120,6.0,498.90914,-35933.42005,499.596658,-36130.816957,17394.873265,3.130184,-0.187942,701.844238,0.18402,0.163685,-135.088943,1.0,0.0,0.0,0.0,0.0,0.0,0,0,0,0,0,0,0,0,0,0,0,0,0,0,0,371.700134,411.377869,458.611603,561.313293,462.154114,414.156403,370.615845,409.806427,456.85907,559.167114,461.537689,413.604553,368.812744,409.247498,456.236664,558.406555,463.297272,415.180878,369.878021,410.829834,458.000061,560.563721,463.921051,415.740265,116.854599,105501.21674,163.818603,-166.002893,0,true,true,1.0,-0.01,0
6,121,6.05,498.71319,73234.70686,499.608423,73431.208533,17350.763531,3.288697,-0.197459,741.139761,0.18402,0.163685,-135.088943,0.0,0.0,0.0,0.0,0.0,0.0,0,0,0,0,0,0,0,0,0,0,0,0,0,0,0,371.953308,40000.0,40000.0,569.09436,40000.0,40000.0,370.578278,40000.0,40000.0,567.391113,40000.0,40000.0,368.559601,40000.0,40000.0,568.138977,40000.0,40000.0,369.915588,40000.0,40000.0,569.87384,40000.0,40000.0,160.964325,105501.22119,163.813599,-210.113064,0,true,true,1.0,-0.01,0
6,122,6.1,498.503206,-35933.210065,499.621031,-36130.829565,17303.238943,4.045031,-0.242871,917.342953,0.18402,0.163685,-135.088943,1.0,0.0,0.0,0.0,0.0,0.0,0,0,0,0,0,0,0,0,0,0,0,0,0,0,0,30223.863281,40000.0,40000.0,40000.0,40000.0,40000.0,40000.0,40000.0,40000.0,40000.0,40000.0,40000.0,40000.0,40000.0,40000.0,40000.0,40000.0,40000.0,40000.0,40000.0,40000.0,40000.0,40000.0,40000.0,208.488922,105501.22523,163.809057,-257.638117,0,true,true,1.0,-0.01,0
6,123,6.15,498.247959,73234.962106,499.636357,73431.193208,17245.225037,4.772197,-0.286531,1086.111136,0.18402,0.163685,-135.088943,1.0,0.0,0.0,0.0,0.0,0.0,0,0,0,0,0,0,0,0,0,0,0,0,0,0,0,30224.189453,40000.0,40000.0,40000.0,40000.0,40000.0,40000.0,40000.0,40000.0,40000.0,40000.0,40000.0,40000.0,40000.0,40000.0,40000.0,40000.0,40000.0,40000.0,40000.0,40000.0,40000.0,40000.0,40000.0,266.502838,105501.229439,163.804326,-315.652587,0,true,true,1.0,-0.01,0
6,124,6.2,498.019952,-35932.982059,499.650047,-36130.843255,17193.492572,4.034861,-0.24226,915.965552,0.18402,0.163685,-135.088943,0.0,0.0,0.0,0.0,0.0,0.0,0,0,0,0,0,0,0,0,0,0,0,0,0,0,0,30224.480469,40000.0,40000.0,40000.0,40000.0,40000.0,40000.0,40000.0,40000.0,40000.0,40000.0,40000.0,40000.0,40000.0,40000.0,40000.0,40000.0,40000.0,40000.0,40000.0,40000.0,40000.0,40000.0,40000.0,318.235291,105501.233457,163.799809,-367.385555,0,true,true,1.0,-0.01,0
6,125,6.25,497.912369,73235.069689,499.656506,73431.186749,17169.239034,3.665163,-0.220063,826.273994,0.18402,0.163685,-135.088943,0.0,0.0,0.0,0.0,0.0,0.0,0,0,0,0,0,0,0,0,0,0,0,0,0,0,0,30224.617188,40000.0,40000.0,40000.0,40000.0,40000.0,40000.0,40000.0,40000.0,40000.0,40000.0,40000.0,40000.0,40000.0,40000.0,40000.0,40000.0,40000.0,40000.0,40000.0,40000.0,40000.0,40000.0,40000.0,342.488831,105501.235798,163.797177,-391.639332,0,true,true,1.0,-0.01,0
6,126,6.3,497.735587,-35932.805276,499.66712,-36130.853869,17129.464959,3.09725,-0.185964,696.465864,0.18402,0.163685,-135.088943,0.0,0.0,0.0,0.0,0.0,0.0,0,0,0,0,0,0,0,0,0,0,0,0,0,0,0,30224.884766,40000.0,40000.0,40000.0,40000.0,40000.0,40000.0,40000.0,40000.0,40000.0,40000.0,40000.0,40000.0,40000.0,40000.0,40000.0,40000.0,40000.0,40000.0,40000.0,40000.0,40000.0,40000.0,40000.0,382.262909,105501.239873,163.792595,-431.413802,0,true,true,1.0,-0.01,0
6,127,6.35,497.587153,73235.218123,499.676033,73431.177836,17096.284809,2.608367,-0.156611,581.250683,0.18402,0.163685,-135.088943,0.0,0.0,0.0,0.0,0.0,0.0,0,0,0,0,0,0,0,0,0,0,0,0,0,0,0,30225.074219,40000.0,40000.0,40000.0,40000.0,40000.0,40000.0,40000.0,40000.0,40000.0,40000.0,40000.0,40000.0,40000.0,40000.0,40000.0,40000.0,40000.0,40000.0,40000.0,40000.0,40000.0,40000.0,40000.0,415.443054,105501.243912,163.788055,-464.594284,0,true,true,1.0,-0.01,0
6,128,6.4,497.459596,-35932.677719,499.683691,-36130.861528,17068.034485,2.19253,-0.131643,485.048323,0.18402,0.163685,-135.088943,0.0,0.0,0.0,0.0,0.0,0.0,0,0,0,0,0,0,0,0,0,0,0,0,0,0,0,30225.236328,40000.0,40000.0,40000.0,40000.0,40000.0,40000.0,40000.0,40000.0,40000.0,40000.0,40000.0,40000.0,40000.0,40000.0,40000.0,40000.0,40000.0,40000.0,40000.0,40000.0,40000.0,40000.0,40000.0,443.69339,105501.248134,163.783308,-492.844897,0,true,true,1.0,-0.01,0
6,129,6.45,497.350734,73235.326985,499.690228,73431.1713,17044.197965,1.833952,-0.110114,400.934402,0.18402,0.163685,-135.088943,0.0,0.0,0.0,0.0,0.0,0.0,0,0,0,0,0,0,0,0,0,0,0,0,0,0,0,30225.375,40000.0,40000.0,40000.0,40000.0,40000.0,40000.0,40000.0,40000.0,40000.0,40000.0,40000.0,40000.0,40000.0,40000.0,40000.0,40000.0,40000.0,40000.0,40000.0,40000.0,40000.0,40000.0,40000.0,467.529907,105501.252518,163.77838,-516.681665,0,true,true,1.0,-0.01,0
6,130,6.5,497.304827,-35932.631812,499.692984,-36130.864284,17034.206558,1.685013,-0.101171,366.733852,0.18402,0.163685,-135.088943,0.0,0.0,0.0,0.0,0.0,0.0,0,0,0,0,0,0,0,0,0,0,0,0,0,0,0,30225.433594,40000.0,40000.0,40000.0,40000.0,40000.0,40000.0,40000.0,40000.0,40000.0,40000.0,40000.0,40000.0,40000.0,40000.0,40000.0,40000.0,40000.0,40000.0,40000.0,40000.0,40000.0,40000.0,40000.0,477.521301,105501.254539,163.776107,-526.673178,0,true,true,1.0,-0.01,0
6,131,6.55,497.222012,73235.4098,499.697956,73431.166328,17016.402714,1.412526,-0.084811,302.58734,0.18402,0.163685,-135.088943,0.0,0.0,0.0,0.0,0.0,0.0,0,0,0,0,0,0,0,0,0,0,0,0,0,0,0,30225.541016,40000.0,40000.0,40000.0,40000.0,40000.0,40000.0,40000.0,40000.0,40000.0,40000.0,40000.0,40000.0,40000.0,40000.0,40000.0,40000.0,40000.0,40000.0,40000.0,40000.0,40000.0,40000.0,40000.0,495.325134,105501.258816,163.7713,-544.477213,0,true,true,1.0,-0.01,0
6,132,6.6,497.102633,-35932.512433,499.705124,-36130.871452,16990.136719,2.310562,-0.13873,511.858498,0.18402,0.163685,-135.088943,1.0,0.0,0.0,0.0,0.0,0.0,0,0,0,0,0,0,0,0,0,0,0,0,0,0,0,30225.693359,40000.0,40000.0,40000.0,40000.0,40000.0,40000.0,40000.0,40000.0,40000.0,40000.0,40000.0,40000.0,40000.0,40000.0,40000.0,40000.0,40000.0,40000.0,40000.0,40000.0,40000.0,40000.0,40000.0,521.591125,105501.263261,163.766302,-570.74348,0,true,true,1.0,-0.01,0
6,133,6.65,496.936879,73235.575554,499.715076,73431.156375,16953.020302,3.147357,-0.188973,707.119072,0.18402,0.163685,-135.088943,1.0,0.0,0.0,0.0,0.0,0.0,0,0,0,0,0,0,0,0,0,0,0,0,0,0,0,30225.904297,40000.0,40000.0,40000.0,40000.0,40000.0,40000.0,40000.0,40000.0,40000.0,40000.0,40000.0,40000.0,40000.0,40000.0,40000.0,40000.0,40000.0,40000.0,40000.0,40000.0,40000.0,40000.0,40000.0,558.707581,105501.267587,163.761439,-607.860267,0,true,true,1.0,-0.01,0
6,134,6.7,496.828462,-35932.404017,499.721586,-36130.877961,16928.629734,3.569098,-0.214295,802.942069,0.18402,0.163685,-135.088943,1.0,0.0,0.0,0.0,0.0,0.0,0,0,0,0,0,0,0,0,0,0,0,0,0,0,0,30226.042969,40000.0,40000.0,40000.0,40000.0,40000.0,40000.0,40000.0,40000.0,40000.0,40000.0,40000.0,40000.0,40000.0,40000.0,40000.0,40000.0,40000.0,40000.0,40000.0,40000.0,40000.0,40000.0,40000.0,583.098145,105501.270091,163.758623,-632.251077,0,true,true,1.0,-0.01,0
6,135,6.75,496.581167,73235.82285,499.736434,73431.141527,16872.66889,4.382874,-0.263155,995.160122,0.18402,0.163685,-135.088943,1.0,0.0,0.0,0.0,0.0,0.0,0,0,0,0,0,0,0,0,0,0,0,0,0,0,0,30226.359375,40000.0,40000.0,40000.0,40000.0,40000.0,40000.0,40000.0,40000.0,40000.0,40000.0,40000.0,40000.0,40000.0,40000.0,40000.0,40000.0,40000.0,40000.0,40000.0,40000.0,40000.0,40000.0,40000.0,639.05896,105501.274872,163.753249,-688.212469,0,true,true,1.0,-0.01,0
6,136,6.8,496.308999,-35932.131849,499.752775,-36130.894303,16810.699157,5.09459,-0.305888,1161.639265,0.18402,0.163685,-135.088943,1.0,0.0,0.0,0.0,0.0,0.0,0,0,0,0,0,0,0,0,0,0,0,0,0,0,0,30226.707031,40000.0,40000.0,40000.0,40000.0,40000.0,40000.0,40000.0,40000.0,40000.0,40000.0,40000.0,40000.0,40000.0,40000.0,40000.0,40000.0,40000.0,40000.0,40000.0,40000.0,40000.0,40000.0,40000.0,701.028687,105501.279046,163.748556,-750.182801,0,true,true,1.0,-0.01,0
6,137,6.85,495.973063,73236.158786,499.772945,73431.121357,16734.105599,5.805959,-0.3486,1325.721904,0.183984,0.159534,-135.101532,1.0,0.0,0.0,0.0,-0.069993,-0.209979,0,0,0,0,0,0,0,0,0,0,0,0,0,0,0,30221.546875,40000.0,40000.0,40000.0,40000.0,40000.0,40000.0,40000.0,40000.0,40000.0,40000.0,40000.0,40000.0,40000.0,40000.0,40000.0,40000.0,40000.0,40000.0,40000.0,40000.0,40000.0,40000.0,40000.0,777.622253,105501.305625,186.897846,-819.058849,0,true,true,1.0,-0.01,0
6,138,6.9,497.381937,-35933.540723,501.353396,-36132.474753,16695.892482,-50.510673,-56.661986,1370.00909,0.183859,0.127178,-135.146347,1.0,0.0,1.0,0.0,-0.489951,-0.559944,0,0,0,0,0,0,0,0,0,0,0,0,0,0,0,30199.511719,40000.0,40000.0,40000.0,40000.0,40000.0,40000.0,40000.0,40000.0,40000.0,40000.0,40000.0,40000.0,40000.0,40000.0,40000.0,40000.0,40000.0,40000.0,40000.0,40000.0,40000.0,40000.0,40000.0,815.835388,105499.377013,269.220617,-797.423608,0,true,true,1.0,-0.01,0
6,139,6.95,504.459977,73229.080746,508.754316,73423.720437,16618.057018,-156.213774,-162.02526,1450.122246,0.183568,-0.111456,-135.351685,1.0,0.0,1.0,0.0,-1.567757,-0.802108,0,0,0,0,0,0,0,0,0,0,0,0,0,0,0,30098.558594,40000.0,40000.0,40000.0,40000.0,40000.0,40000.0,40000.0,40000.0,40000.0,40000.0,40000.0,40000.0,40000.0,40000.0,40000.0,40000.0,40000.0,40000.0,40000.0,40000.0,40000.0,40000.0,40000.0,893.670837,105490.06842,645.86511,-434.669658,0,true,true,1.0,-0.01,0
6,140,7.0,517.835742,-35946.916488,522.406859,-36146.127296,16532.529483,-261.560086,-266.001667,1524.113664,0.185781,-0.992826,-135.767609,1.0,0.0,1.0,0.0,-3.522182,-0.953924,0,0,0,0,0,0,0,0,0,0,0,0,0,0,0,29902.9375,40000.0,40000.0,40000.0,40000.0,40000.0,40000.0,40000.0,40000.0,40000.0,40000.0,40000.0,40000.0,40000.0,40000.0,40000.0,40000.0,40000.0,40000.0,40000.0,40000.0,40000.0,40000.0,40000.0,979.198364,105459.22626,1406.182261,1104.574822,0,true,true,1.0,-0.01,0
6,141,7.05,536.80673,73210.109758,541.503241,73404.624055,16443.990903,-363.245729,-364.568193,1594.376755,0.19891,-2.618259,-136.317108,1.0,0.0,1.0,0.0,-3.271642,-0.3346,0,0,0,0,0,0,0,0,0,0,0,0,0,0,0,30074.904297,40000.0,40000.0,40000.0,40000.0,40000.0,40000.0,40000.0,40000.0,40000.0,40000.0,40000.0,40000.0,40000.0,40000.0,40000.0,40000.0,40000.0,40000.0,40000.0,40000.0,40000.0,40000.0,40000.0,1067.736938,105344.402684,2406.511266,4008.818649,0,true,true,1.0,-0.01,0
6,142,7.1,561.28731,-35971.397068,565.809153,-36170.433208,16356.468286,-481.535606,-476.165544,1571.751819,0.231612,-4.855075,-136.910461,0.0,0.0,1.0,0.0,-2.931663,-0.296877,0,0,0,0,0,0,0,0,0,0,0,0,0,0,0,30507.792969,40000.0,40000.0,40000.0,40000.0,40000.0,40000.0,40000.0,40000.0,40000.0,40000.0,40000.0,40000.0,40000.0,40000.0,40000.0,40000.0,40000.0,40000.0,40000.0,40000.0,40000.0,40000.0,40000.0,1155.259521,105050.438718,3478.519889,8030.372889,0,true,true,1.0,-0.01,0
6,143,7.15,577.419767,73193.977301,581.627909,73388.805298,16312.344558,-552.540079,-541.795772,1511.247055,0.257984,-6.155485,-137.221313,0.0,0.0,1.0,0.0,-2.422469,-0.264958,0,0,0,0,0,0,0,0,0,0,0,0,0,0,0,30762.0625,40000.0,40000.0,40000.0,40000.0,40000.0,40000.0,40000.0,40000.0,40000.0,40000.0,40000.0,40000.0,40000.0,40000.0,40000.0,40000.0,40000.0,40000.0,40000.0,40000.0,40000.0,37422.082031,40000.0,1199.383301,104803.255135,4035.174795,10368.021597,0,true,true,1.0,-0.01,0
6,144,7.2,614.440416,-36008.417717,617.517776,-36206.323074,16231.445866,-687.421604,-664.132427,1402.185736,0.331051,-8.913254,-137.834015,0.0,0.0,1.0,0.0,-1.167282,-0.041689,0,0,0,0,0,0,0,0,0,0,0,0,0,0,0,31333.732422,40000.0,40000.0,40000.0,40000.0,40000.0,40000.0,40000.0,40000.0,40000.0,40000.0,40000.0,40000.0,40000.0,40000.0,40000.0,40000.0,40000.0,40000.0,40000.0,40000.0,40000.0,36224.03125,40000.0,1280.281982,104096.471002,5117.548127,15314.44072,0,true,true,1.0,-0.01,0
6,145,7.25,661.135286,73147.282431,662.138918,73344.184156,16153.918084,-819.750393,-780.702089,1276.94819,0.431614,-11.785556,-138.434128,0.0,0.0,1.0,0.0,-1.078368,-0.067398,0,0,0,0,0,0,0,0,0,0,0,0,0,0,0,31958.828125,40000.0,40000.0,40000.0,40000.0,40000.0,40000.0,40000.0,40000.0,40000.0,40000.0,40000.0,40000.0,40000.0,40000.0,40000.0,40000.0,40000.0,40000.0,40000.0,40000.0,40000.0,36899.0625,40000.0,1357.809814,103093.408654,6151.46357,20427.230543,0,true,true,1.0,-0.01,0
6,146,7.3,711.055742,-36058.338173,709.224884,-36253.40904,16088.449479,-937.075489,-881.159459,1161.908416,0.561203,-14.692614,-139.030869,0.0,0.0,1.0,0.0,-0.769923,-0.069993,0,0,0,0,0,0,0,0,0,0,0,0,0,0,0,31492.894531,40000.0,40000.0,40000.0,40000.0,40000.0,40000.0,40000.0,40000.0,40000.0,40000.0,40000.0,40000.0,40000.0,40000.0,40000.0,40000.0,40000.0,40000.0,40000.0,40000.0,40000.0,37649.875,40000.0,1423.278442,101808.380716,7146.476772,25554.96951,0,true,true,1.0,-0.01,0
6,147,7.35,739.028414,73119.309759,735.359701,73318.049339,16057.532395,-992.921154,-927.684429,1097.436318,0.638139,-16.143463,-139.33342,0.0,0.0,1.0,0.0,-0.629937,-0.139986,0,0,0,0,0,0,0,0,0,0,0,0,0,0,0,31901.574219,40000.0,40000.0,40000.0,40000.0,40000.0,40000.0,40000.0,40000.0,40000.0,40000.0,40000.0,40000.0,40000.0,40000.0,40000.0,40000.0,40000.0,40000.0,40000.0,40000.0,40000.0,38178.820312,40000.0,1454.195435,101063.442583,7636.536071,28088.496588,0,true,true,1.0,-0.01,0
6,148,7.4,799.891535,-36119.201294,791.676267,-36309.725607,16000.845811,-1102.79362,-1017.240408,971.178935,0.818415,-19.01182,-139.953003,0.0,0.0,1.0,0.0,-0.279972,-0.139986,0,0,0,0,0,0,0,0,0,0,0,0,0,0,0,32809.785156,40000.0,40000.0,40000.0,40000.0,40000.0,40000.0,40000.0,40000.0,40000.0,40000.0,40000.0,40000.0,40000.0,40000.0,40000.0,40000.0,40000.0,40000.0,40000.0,40000.0,40000.0,39153.269531,40000.0,1325.755249,99388.676461,8607.367063,33039.715295,0,true,true,1.0,-0.01,0
6,149,7.45,866.630559,73052.570735,852.646148,73257.079459,15951.551073,-1204.502139,-1096.938858,839.424007,1.032075,-21.770807,-140.585037,0.0,0.0,1.0,0.0,-0.069993,0.0,0,0,0,0,0,0,0,0,0,0,0,0,0,0,0,33416.300781,40000.0,40000.0,40000.0,40000.0,40000.0,40000.0,40000.0,40000.0,40000.0,40000.0,40000.0,40000.0,40000.0,40000.0,40000.0,40000.0,40000.0,40000.0,40000.0,40000.0,40000.0,40000.0,40000.0,1375.050049,97524.723252,9550.118052,37718.673506,0,true,true,1.0,-0.01,0
6,150,7.5,934.994194,-36187.564929,914.333047,-36371.412506,15911.568256,-1295.022441,-1165.012443,712.778589,1.279856,-24.418814,-141.232422,0.0,0.0,1.0,0.0,-0.209979,-0.139986,0,0,0,0,0,0,0,0,0,0,0,0,0,0,0,34229.925781,40000.0,40000.0,40000.0,40000.0,40000.0,40000.0,40000.0,40000.0,40000.0,40000.0,40000.0,40000.0,40000.0,40000.0,40000.0,40000.0,40000.0,40000.0,40000.0,40000.0,40000.0,40000.0,40000.0,2033.213501,95507.738748,10464.357824,42125.391277,0,true,true,1.0,-0.01,0
6,151,7.55,1010.18941,72977.375519,981.328542,73190.083964,15877.765291,-1379.073296,-1224.793531,576.877255,1.564559,-26.97575,-141.902603,0.0,0.0,1.0,0.0,-0.349965,-0.209979,0,0,0,0,0,0,0,0,0,0,0,0,0,0,0,35466.863281,40000.0,40000.0,40000.0,40000.0,40000.0,40000.0,40000.0,40000.0,40000.0,40000.0,40000.0,40000.0,40000.0,40000.0,40000.0,40000.0,40000.0,40000.0,40000.0,40000.0,40000.0,40000.0,40000.0,2067.016602,93344.782176,11355.656745,46288.106087,0,true,true,1.0,-0.01,0
6,152,7.6,1051.927299,-36229.302818,1018.142265,-36408.226228,15862.982829,-1419.501643,-1252.031219,502.750127,1.725451,-28.233095,-142.256424,0.0,0.0,1.0,0.0,-0.419958,-0.209979,0,0,0,0,0,0,0,0,0,0,0,0,0,0,0,36146.421875,36781.164062,40000.0,40000.0,40000.0,40000.0,40000.0,40000.0,40000.0,40000.0,40000.0,40000.0,40000.0,40000.0,40000.0,40000.0,40000.0,40000.0,40000.0,40000.0,40000.0,40000.0,36130.78125,40000.0,2081.799072,92201.466254,11804.96899,48298.268096,0,true,true,1.0,-0.01,0
6,153,7.65,1138.864336,72890.438482,1094.021219,73114.205009,15839.769543,-1499.513001,-1304.234647,359.165815,2.109325,-30.717457,-143.049286,0.0,0.0,1.0,0.0,-0.559944,-0.559944,0,0,0,0,0,0,0,0,0,0,0,0,0,0,0,40000.0,36966.144531,40000.0,40000.0,40000.0,40000.0,40000.0,40000.0,40000.0,40000.0,40000.0,40000.0,40000.0,40000.0,40000.0,40000.0,40000.0,40000.0,40000.0,40000.0,40000.0,40000.0,35878.65625,40000.0,1936.831543,89784.284153,12769.338764,52200.362501,0,true,true,1.0,-0.01,0
6,154,7.7,1228.532019,-36318.970501,1171.17943,-36485.384439,15825.13194,-1574.002255,-1349.549281,219.739913,2.619165,-33.211838,-144.026672,0.0,0.0,1.0,0.0,-0.695689,-0.637715,0,0,0,0,0,0,0,0,0,0,0,0,0,0,0,40000.0,37135.238281,40000.0,40000.0,40000.0,40000.0,40000.0,40000.0,40000.0,40000.0,40000.0,40000.0,40000.0,40000.0,40000.0,40000.0,40000.0,40000.0,40000.0,40000.0,40000.0,40000.0,37729.226562,31090.146484,4121.073242,87136.615163,13891.50857,56024.632319,0,true,true,1.0,-0.01,0
6,155,7.75,1274.992001,72843.9785,1210.712996,73074.671443,15820.869785,-1605.878119,-1366.468221,147.320357,2.907987,-34.505699,-144.552719,0.0,0.0,1.0,0.0,-1.39986,-0.139986,0,0,0,0,0,0,0,0,0,0,0,0,0,0,0,40000.0,37383.050781,40000.0,40000.0,40000.0,40000.0,40000.0,40000.0,40000.0,40000.0,40000.0,40000.0,40000.0,40000.0,40000.0,40000.0,40000.0,40000.0,40000.0,40000.0,40000.0,40000.0,40000.0,30667.400391,4125.335449,85689.386131,14456.627185,57966.927386,0,true,true,1.0,-0.01,0
6,156,7.8,1368.181971,-36412.160471,1289.09705,-36563.768493,15818.391231,-1669.541395,-1398.871078,10.281457,3.384556,-36.462894,-145.382141,0.0,0.0,1.0,0.0,0.0,0.0,0,0,0,0,0,0,0,0,0,0,0,0,0,0,0,40000.0,37930.351562,40000.0,40000.0,40000.0,40000.0,40000.0,40000.0,40000.0,40000.0,40000.0,40000.0,40000.0,40000.0,40000.0,40000.0,40000.0,40000.0,40000.0,40000.0,40000.0,40000.0,40000.0,30788.400391,4127.813965,83380.238846,15291.679807,60830.986501,0,true,true,1.0,-0.01,0
6,157,7.85,1473.141097,72739.019374,1375.918392,72987.850101,15824.808288,-1722.425845,-1418.772573,-142.074474,3.735622,-37.784489,-145.96756,0.0,0.0,1.0,0.0,0.0,0.0,0,0,0,0,0,0,0,0,0,0,0,0,0,0,0,40000.0,38013.050781,35827.40625,40000.0,40000.0,40000.0,40000.0,40000.0,40000.0,40000.0,40000.0,40000.0,40000.0,40000.0,40000.0,40000.0,40000.0,40000.0,40000.0,40000.0,40000.0,40000.0,40000.0,30366.25,3999.426758,81710.74254,15839.407781,62695.151733,0,true,true,1.0,-0.01,0
6,158,7.9,1575.307793,-36514.327167,1459.087253,-36646.937354,15838.792406,-1778.863353,-1442.503406,-275.51608,3.986979,-38.676605,-146.375412,0.0,0.0,1.0,0.0,0.0,0.0,0,0,0,0,0,0,0,0,0,0,0,0,0,0,0,40000.0,38023.859375,35103.824219,40000.0,40000.0,40000.0,40000.0,40000.0,40000.0,40000.0,40000.0,40000.0,2457.004395,40000.0,40000.0,40000.0,40000.0,40000.0,40000.0,40000.0,40000.0,40000.0,40000.0,29749.552734,5000.0,80519.165486,16200.603733,63914.698258,0,true,true,1.0,-0.01,0
6,159,7.95,1627.600982,72686.726185,1501.170455,72945.7669,15848.691118,-1803.673611,-1451.515224,-341.421996,4.083857,-39.009411,-146.530334,0.0,0.0,1.0,0.0,0.0,0.0,0,0,0,0,0,0,0,0,0,0,0,0,0,0,0,40000.0,38003.914062,34835.792969,40000.0,40000.0,40000.0,40000.0,40000.0,40000.0,40000.0,40000.0,40000.0,2502.97583,2451.966553,40000.0,40000.0,40000.0,40000.0,40000.0,40000.0,40000.0,40000.0,40000.0,29520.003906,5000.0,80052.253363,16333.017505,64357.145612,0,true,true,1.0,-0.01,0
6,160,8.0,1729.783316,-36616.509501,1582.532956,-36728.299856,15872.744001,-1849.638065,-1467.673018,-463.557772,4.235365,-39.518318,-146.770264,0.0,0.0,1.0,0.0,0.0,0.0,0,0,0,0,0,0,0,0,0,0,0,0,0,0,0,40000.0,37933.988281,34421.519531,40000.0,40000.0,40000.0,40000.0,40000.0,40000.0,40000.0,40000.0,2991.95752,2575.702881,2575.702881,40000.0,40000.0,40000.0,40000.0,40000.0,40000.0,40000.0,40000.0,40000.0,29004.462891,5000.0,79305.503229,16532.579553,65017.244689,0,true,true,1.0,-0.01,0
6,161,8.05,1834.796804,72581.712697,1665.020497,72863.279359,15903.560691,-1892.110889,-1481.354381,-581.232175,4.342564,-39.870193,-146.938354,0.0,0.0,1.0,0.0,0.0,0.0,0,0,0,0,0,0,0,0,0,0,0,0,0,0,0,40000.0,37822.242188,34119.703125,33891.601562,40000.0,40000.0,40000.0,40000.0,40000.0,40000.0,40000.0,40000.0,2508.643555,2508.643555,2995.730225,40000.0,40000.0,40000.0,40000.0,40000.0,40000.0,40000.0,40000.0,28864.296875,5000.0,78743.188067,16667.331148,65452.551875,0,true,true,1.0,-0.01,0
6,162,8.1,1944.822223,-36726.534919,1750.321199,-36813.600558,15941.847436,-1930.733659,-1492.11375,-696.675611,4.422999,-40.126686,-147.063629,0.0,0.0,1.0,0.0,0.069993,0.0,0,0,0,0,0,0,0,0,0,0,0,0,0,0,0,40000.0,37676.933594,33878.742188,33878.742188,40000.0,40000.0,40000.0,40000.0,40000.0,40000.0,40000.0,2846.875244,2435.887695,2435.887695,3027.293701,40000.0,40000.0,40000.0,40000.0,40000.0,40000.0,40000.0,40000.0,28718.074219,5000.0,78288.887339,16764.684182,65752.478475,0,true,true,1.0,-0.01,0
6,163,8.15,2000.629479,72525.905441,1793.184629,72820.415929,15963.379357,-1949.346529,-1497.218911,-752.109648,4.489249,-40.236469,-147.166412,0.0,0.0,1.0,0.0,0.139986,-0.559944,0,0,0,0,0,0,0,0,0,0,0,0,0,0,0,40000.0,37568.191406,33768.628906,33768.628906,40000.0,40000.0,40000.0,40000.0,40000.0,40000.0,40000.0,2851.624512,2397.033203,2397.033203,3009.949463,40000.0,40000.0,40000.0,40000.0,40000.0,40000.0,40000.0,40000.0,28701.384766,5000.0,78068.204377,16856.516618,65880.966055,0,true,true,1.0,-0.01,0
6,164,8.2,2113.061198,-36838.966639,1878.765845,-36899.181774,16010.689805,-1983.949244,-1505.671349,-858.058647,4.72858,-40.511299,-147.536377,0.0,0.0,1.0,0.0,-0.54942,-0.686775,0,0,0,0,0,0,0,0,0,0,0,0,0,0,0,40000.0,37282.074219,33505.835938,33505.835938,40000.0,40000.0,40000.0,40000.0,40000.0,40000.0,40000.0,2890.686279,2206.637207,2193.250244,2904.527588,40000.0,40000.0,40000.0,40000.0,40000.0,40000.0,40000.0,40000.0,29033.378906,5000.0,77511.399279,17201.405762,66227.620857,0,true,true,1.0,-0.01,0
6,165,8.25,2224.602147,72414.364492,1962.679144,72736.50263,16062.355598,-2021.613445,-1516.447648,-956.368837,4.893849,-40.839676,-147.998672,0.0,0.0,1.0,-1.0,-0.209979,-0.209979,0,0,0,0,0,0,0,0,0,0,0,0,0,0,0,40000.0,36978.539062,33204.121094,33204.121094,40000.0,40000.0,40000.0,40000.0,40000.0,40000.0,40000.0,2706.633789,2368.094238,2318.779541,2878.571045,40000.0,40000.0,40000.0,40000.0,40000.0,40000.0,40000.0,40000.0,29279.355469,5000.0,76860.535653,17785.532731,66614.251861,0,true,true,1.0,-0.01,0
6,166,8.3,2338.421687,-36952.786179,2047.296247,-36983.798878,16119.570036,-2052.250794,-1521.142674,-1050.804172,4.568048,-41.211979,-148.530411,0.0,0.0,1.0,-1.0,-0.419958,-0.349965,1.0,105996.725323,-21458.959791,-51489.327903,0.0,0,0,0,0,0,0,0,0,0,0,27621.558594,36663.449219,32870.226562,32870.226562,40000.0,40000.0,40000.0,40000.0,40000.0,40000.0,40000.0,2853.533203,2578.582764,2517.85376,2693.413574,40000.0,40000.0,40000.0,40000.0,40000.0,40000.0,40000.0,40000.0,35051.386719,5000.0,76126.894596,19056.526897,66886.396871,0,true,true,1.0,-0.01,0
6,167,8.35,2452.657064,72300.129115,2131.198922,72652.599956,16181.139897,-2083.480078,-1525.565682,-1140.388423,3.803675,-41.659012,-149.1651,0.0,0.0,1.0,-1.0,-0.349965,-0.419958,1.0,105952.665151,-21672.862899,-50388.029171,0.0,0,0,0,0,0,0,0,0,0,0,27454.443359,36342.351562,32488.341797,32488.341797,40000.0,40000.0,40000.0,40000.0,40000.0,40000.0,40000.0,3069.623291,2653.305664,2653.305664,2829.321777,40000.0,40000.0,40000.0,40000.0,40000.0,40000.0,40000.0,40000.0,29895.884766,5000.0,75263.995964,21015.672068,67059.069071,0,true,true,1.0,-0.01,0
6,168,8.4,2511.925273,-37012.054388,2174.315472,-37026.915428,16214.65596,-2094.764275,-1523.903158,-1184.585366,3.253518,-41.899963,-149.502274,0.0,0.0,1.0,-1.0,-0.279972,-0.209979,1.0,105932.713616,-21905.234667,-49737.90783,0.0,0,0,0,0,0,0,0,0,0,0,27275.335938,36181.886719,32285.597656,32285.597656,40000.0,40000.0,40000.0,40000.0,40000.0,40000.0,40000.0,3257.7229,2410.152588,2590.660156,2936.226562,40000.0,40000.0,40000.0,40000.0,40000.0,40000.0,40000.0,40000.0,30093.285156,5000.0,74798.507332,22226.4861,67077.890673,0,true,true,1.0,-0.01,0
6,169,8.45,2630.422988,72181.631399,2259.668161,72567.247267,16284.599987,-2124.097902,-1524.8523,-1270.366733,2.016708,-42.335884,-150.108063,0.0,0.0,1.0,0.0,0.0,0.0,1.0,105818.702061,-22512.171701,-48487.618186,0.0,0,0,0,0,0,0,0,0,0,0,26942.919922,36161.222656,31694.078125,31911.197266,39667.953125,40000.0,40000.0,40000.0,40000.0,40000.0,40000.0,40000.0,2511.866699,2436.532959,3149.791504,40000.0,40000.0,40000.0,40000.0,40000.0,40000.0,40000.0,39667.953125,30475.677734,5000.0,73934.627669,24693.036637,66950.950053,0,true,true,1.0,-0.01,0
6,170,8.5,2743.843255,-37125.474655,2340.309007,-37107.556274,16354.888049,-2150.011523,-1523.72114,-1348.157796,1.141629,-42.650112,-150.529663,0.0,0.0,1.0,0.0,0.0,0.0,1.0,105561.367066,-22926.18621,-47644.666458,0.0,0,0,0,0,0,0,0,0,0,0,26678.363281,36141.976562,32090.244141,31616.986328,39327.445312,40000.0,40000.0,40000.0,40000.0,40000.0,40000.0,40000.0,2723.249756,2634.178711,3313.865967,40000.0,40000.0,40000.0,40000.0,40000.0,40000.0,40000.0,39327.445312,30656.224609,5000.0,73273.623783,26422.294311,66806.015454,0,true,true,1.0,-0.01,0
6,171,8.55,2859.291207,72066.183448,2421.335686,72486.220589,16429.687223,-2173.58368,-1520.609331,-1423.042682,0.485506,-42.879536,-150.855591,0.0,0.0,1.0,0.0,0.209979,-0.139986,1.0,105183.692948,-23219.602554,-47070.84909,0.0,0,0,0,0,0,0,0,0,0,0,26453.185547,36076.015625,32787.113281,31370.472656,39047.621094,40000.0,40000.0,40000.0,40000.0,40000.0,40000.0,40000.0,2934.813477,2833.744873,3545.941406,40000.0,40000.0,40000.0,40000.0,40000.0,40000.0,40000.0,39047.621094,30729.216797,5000.0,72737.155157,27731.302215,66647.42163,0,true,true,1.0,-0.01,0
6,172,8.6,2981.635337,-37247.818785,2506.063823,-37192.284412,16512.377837,-2195.17051,-1515.147149,-1497.629905,-0.094952,-43.006153,-151.220734,0.0,0.0,1.0,0.0,0.559944,-0.209979,1.0,104685.297359,-23414.745655,-46710.036838,0.0,0,0,0,0,0,0,0,0,0,0,26269.210938,35939.828125,34406.507812,31174.835938,38833.777344,40000.0,40000.0,40000.0,40000.0,40000.0,40000.0,40000.0,3154.776367,3040.179443,3491.895264,40000.0,40000.0,40000.0,40000.0,40000.0,40000.0,40000.0,38833.777344,30766.091797,5000.0,72292.238166,29016.806537,66357.774748,0,true,true,1.0,-0.01,0
6,173,8.65,3105.313239,71942.505546,2590.569076,72401.715335,16599.15534,-2216.195314,-1509.156546,-1568.417246,-0.591594,-42.976902,-151.641373,0.0,0.0,1.0,0.0,0.827227,-0.344678,1.0,104060.40582,-23501.274966,-46647.611008,0.0,0,0,0,0,0,0,0,0,0,0,26156.304688,35759.859375,35022.171875,31064.615234,38727.753906,40000.0,40000.0,40000.0,40000.0,40000.0,40000.0,40000.0,3370.11084,3240.578613,3285.281982,40000.0,40000.0,40000.0,40000.0,40000.0,40000.0,40000.0,38727.753906,30666.396484,5000.0,72000.782047,30292.794685,65875.057382,0,true,true,1.0,-0.01,0
6,174,8.7,3166.821731,-37309.327276,2632.173875,-37233.88921,16643.399512,-2227.204508,-1506.497609,-1602.06855,-0.794438,-42.889328,-151.894791,0.0,0.0,1.0,0.0,0.891963,-0.480288,1.0,103699.781844,-23478.245443,-46752.494964,0.0,0,0,0,0,0,0,0,0,0,0,26134.304688,35827.621094,38726.425781,31050.6875,38726.425781,40000.0,40000.0,40000.0,40000.0,40000.0,40000.0,40000.0,3473.814209,3335.985596,3415.277588,40000.0,40000.0,40000.0,40000.0,40000.0,40000.0,40000.0,38726.425781,30600.115234,5000.0,71920.978964,30947.301935,65543.767387,0,true,true,1.0,-0.01,0
6,175,8.75,3288.571737,71820.755539,2713.698807,72320.190403,16732.907044,-2249.293899,-1501.027561,-1665.234928,-1.118511,-42.59243,-152.478638,0.0,0.0,1.0,0.0,0.759774,-0.506516,1.0,102900.711543,-23318.329081,-47186.792699,0.0,0,0,0,0,0,0,0,0,0,0,26149.009766,35963.609375,38811.9375,31093.037109,38811.9375,40000.0,40000.0,40000.0,40000.0,40000.0,40000.0,40000.0,3672.82959,3516.769775,3668.325195,40000.0,40000.0,40000.0,40000.0,40000.0,40000.0,40000.0,38811.9375,30598.535156,5000.0,71864.992146,32282.150428,64731.918898,0,true,true,1.0,-0.01,0
6,176,8.8,3413.474963,-37434.230502,2796.160429,-37316.350832,16827.210959,-2271.526537,-1494.222163,-1724.894912,-1.318428,-42.147858,-153.191895,0.0,0.0,1.0,0.0,0.654709,-0.45326,1.0,101984.322962,-22976.398854,-47897.312018,0.0,0,0,0,0,0,0,0,0,0,0,26231.861328,36130.300781,39002.964844,31218.125,39002.964844,40000.0,40000.0,40000.0,40000.0,40000.0,40000.0,40000.0,3819.118896,3692.196289,4466.196777,40000.0,40000.0,40000.0,40000.0,40000.0,40000.0,40000.0,39002.964844,30792.732422,5000.0,71904.573601,33677.344637,63738.207917,0,true,true,1.0,-0.01,0
6,177,8.85,3553.130433,71681.100069,2886.858628,72229.492204,16935.421484,-2281.963415,-1475.566667,-1780.490529,-1.393198,-41.535217,-154.040405,0.0,0.0,1.0,0.0,1.04078,-0.657334,1.0,100856.514142,-22450.2892,-48926.68114,0.0,0,0,0,0,0,0,0,0,0,0,26383.800781,36328.859375,39308.328125,31429.966797,39308.328125,40000.0,40000.0,40000.0,40000.0,40000.0,40000.0,40000.0,4082.258057,3878.581543,4553.177246,40000.0,40000.0,40000.0,40000.0,40000.0,40000.0,40000.0,39308.328125,30667.0,5000.0,72029.733109,35139.17798,62536.016839,0,true,true,1.0,-0.01,0
6,178,8.9,3615.480019,-37496.580088,2926.857718,-37356.349922,16984.337121,-2308.431848,-1480.926797,-1811.053149,-1.386449,-41.150753,-154.513931,0.0,0.0,1.0,0.0,1.008642,-0.504321,1.0,100276.234871,-22119.640535,-49568.272518,0.0,0,0,0,0,0,0,0,0,0,0,26511.451172,36448.3125,39534.925781,31596.25,39534.925781,40000.0,40000.0,40000.0,40000.0,40000.0,40000.0,40000.0,4171.945801,3954.546143,4617.041992,40000.0,40000.0,40000.0,40000.0,40000.0,40000.0,40000.0,39534.925781,30717.105469,5000.0,72154.201058,35897.56334,61840.207549,0,true,true,1.0,-0.01,0
6,179,8.95,3745.735148,71550.84494,3009.337522,72147.0124,17087.78947,-2334.165695,-1471.463345,-1859.156305,-1.323393,-40.25565,-155.508438,0.0,0.0,1.0,0.0,0.922362,-0.360924,1.0,98962.191062,-21393.669323,-51066.378296,0.0,0,0,0,0,0,0,0,0,0,0,26837.25,35961.394531,38193.453125,32015.238281,40000.0,40000.0,40000.0,40000.0,40000.0,40000.0,40000.0,40000.0,4352.801758,4105.719238,4741.344727,40000.0,40000.0,40000.0,40000.0,40000.0,40000.0,40000.0,40000.0,30814.902344,5000.0,72474.80678,37426.02352,60292.78175,0,true,true,1.0,-0.01,0
6,180,9.0,3872.125849,-37622.970789,3087.935122,-37434.947522,17189.287552,-2361.4954,-1461.679679,-1900.368925,-1.222046,-39.189514,-156.533066,0.0,0.0,1.0,0.0,0.985595,-0.299964,1.0,97490.881772,-20624.300984,-52831.230483,0.0,0,0,0,0,0,0,0,0,0,0,27173.814453,36058.003906,36573.953125,32579.732422,40000.0,40000.0,40000.0,40000.0,40000.0,40000.0,40000.0,40000.0,4516.623047,4238.597656,4844.50293,40000.0,40000.0,40000.0,40000.0,40000.0,40000.0,40000.0,40000.0,30916.888672,5000.0,72910.604302,38948.809196,58533.636371,0,true,true,1.0,-0.01,0
6,181,9.05,4003.924487,71419.046302,3168.273935,72066.673587,17295.985908,-2388.855271,-1448.54333,-1936.035135,-1.100235,-37.951065,-157.566544,0.0,0.0,1.0,0.0,0.967249,-0.19345,1.0,95785.081739,-19842.033918,-54856.453066,0.0,0,0,0,0,0,0,0,0,0,0,40000.0,36266.664062,34985.78125,33063.726562,40000.0,40000.0,40000.0,40000.0,40000.0,40000.0,40000.0,40000.0,4677.991699,4309.382324,4941.572754,40000.0,40000.0,40000.0,40000.0,40000.0,40000.0,40000.0,40000.0,31084.669922,5000.0,73442.361935,40450.638621,56557.862155,0,true,true,1.0,-0.01,0
6,182,9.1,4136.995807,-37756.042109,3247.644507,-37514.318094,17404.088474,-2419.776246,-1435.173076,-1966.220185,-0.972083,-36.557537,-158.593216,0.0,0.0,1.0,0.0,0.969092,-0.228022,1.0,93868.069293,-19066.764855,-57091.415713,0.0,0,0,0,0,0,0,0,0,0,0,40000.0,40000.0,33915.433594,40000.0,40000.0,40000.0,40000.0,40000.0,40000.0,40000.0,40000.0,40000.0,4801.418457,4267.948242,5028.647949,40000.0,40000.0,40000.0,40000.0,40000.0,40000.0,40000.0,40000.0,31246.851562,5000.0,74049.074416,41923.547673,54384.560714,0,true,true,1.0,-0.01,0
6,183,9.15,4204.552925,71351.489184,3287.244847,72027.073248,17458.975371,-2435.649492,-1427.718489,-1978.847647,-0.90789,-35.811424,-159.102158,0.0,0.0,1.0,0.0,0.876153,-0.219038,1.0,92831.033087,-18684.575784,-58267.799472,0.0,0,0,0,0,0,0,0,0,0,0,40000.0,40000.0,33155.328125,40000.0,39752.140625,40000.0,40000.0,40000.0,40000.0,40000.0,40000.0,40000.0,5514.807617,4047.288818,5070.141113,40000.0,40000.0,40000.0,40000.0,40000.0,40000.0,40000.0,40000.0,31148.220703,5000.0,74367.134314,42649.001766,53234.084873,0,true,true,1.0,-0.01,0
6,184,9.2,4338.319151,-37889.808336,3364.25344,-37591.326688,17567.358106,-2473.345614,-1415.187794,-2001.131589,-0.791889,-34.232841,-160.093262,0.0,0.0,1.0,0.0,0.769923,-0.139986,1.0,90621.444369,-17954.560507,-60706.798158,0.0,0,0,0,0,0,0,0,0,0,0,40000.0,40000.0,31709.388672,40000.0,38291.3125,40000.0,40000.0,40000.0,40000.0,40000.0,40000.0,40000.0,5651.406738,4136.041992,5145.983398,40000.0,40000.0,40000.0,40000.0,40000.0,40000.0,40000.0,40000.0,31359.814453,5000.0,75028.078148,44062.300516,50819.567518,0,true,true,1.0,-0.01,0
6,185,9.25,4477.736563,71212.071772,3442.465861,71948.860827,17679.60171,-2506.377628,-1396.679662,-2014.131957,-0.693204,-32.585285,-161.049576,0.0,0.0,1.0,0.0,0.69993,-0.139986,1.0,88228.529077,-17273.445585,-63177.693875,0.0,0,0,0,0,0,0,0,0,0,0,40000.0,40000.0,30361.800781,40000.0,37826.574219,40000.0,40000.0,40000.0,40000.0,40000.0,40000.0,40000.0,5831.124512,4221.053711,5225.837402,40000.0,40000.0,40000.0,40000.0,40000.0,40000.0,40000.0,40000.0,31256.140625,5000.0,75662.213296,45426.951371,48312.564885,0,true,true,1.0,-0.01,0
6,186,9.3,4613.44515,-38025.516923,3516.598231,-37665.459058,17787.686003,-2550.150107,-1383.678292,-2024.956868,-0.611753,-30.865202,-161.973602,0.0,0.0,1.0,0.0,0.769923,-0.139986,1.0,85700.594609,-16636.183908,-65674.296193,0.0,0,0,0,0,0,0,0,0,0,0,40000.0,38677.054688,29119.328125,40000.0,38740.691406,40000.0,40000.0,40000.0,40000.0,40000.0,40000.0,40000.0,40000.0,4291.847168,5297.793945,40000.0,40000.0,40000.0,40000.0,40000.0,40000.0,40000.0,40000.0,31362.658203,5000.0,76278.037678,46747.898801,45706.796011,0,true,true,1.0,-0.01,0
6,187,9.35,4736.563927,71088.952996,3582.164449,71883.294609,17884.394317,-2597.413177,-1374.549646,-2031.982284,-0.550448,-29.064951,-162.865402,0.0,0.0,1.0,0.0,0.69993,-0.069993,1.0,83075.015825,-16042.248272,-68200.471147,0.0,0,0,0,0,0,0,0,0,0,0,40000.0,40000.0,27987.033203,40000.0,40000.0,40000.0,40000.0,40000.0,40000.0,40000.0,40000.0,40000.0,40000.0,4420.766602,4870.133789,40000.0,40000.0,40000.0,40000.0,40000.0,40000.0,40000.0,40000.0,31707.679688,5000.0,76886.424956,48028.451089,42987.7814,0,true,true,1.0,-0.01,0
6,188,9.4,4858.638263,-38147.591259,3645.538565,-37728.833174,17978.817064,-2634.252057,-1358.710971,-2028.734598,-0.509545,-27.201666,-163.728668,0.0,0.0,1.0,0.0,0.713489,-0.142698,1.0,80297.692579,-15496.500616,-70719.411483,0.0,0,0,0,0,0,0,0,0,0,0,37074.3125,40000.0,27187.425781,40000.0,40000.0,40000.0,40000.0,40000.0,40000.0,40000.0,40000.0,40000.0,40000.0,4511.824219,4904.336426,40000.0,40000.0,40000.0,40000.0,40000.0,40000.0,40000.0,40000.0,40000.0,5000.0,77448.334859,49270.979034,40177.502512,0,true,true,1.0,-0.01,0
6,189,9.45,4988.145581,70959.445678,3710.948064,71817.885111,18077.177888,-2671.55824,-1339.769717,-2018.596243,-0.48667,-25.298473,-164.568222,0.0,0.0,1.0,0.0,0.629937,-0.139986,1.0,77346.195142,-14999.304152,-73184.04343,0.0,0,0,0,0,0,0,0,0,0,0,35769.648438,40000.0,26563.107422,40000.0,40000.0,40000.0,40000.0,40000.0,40000.0,40000.0,40000.0,40000.0,40000.0,4612.447754,4952.698242,40000.0,40000.0,40000.0,40000.0,40000.0,40000.0,40000.0,40000.0,40000.0,5000.0,77927.375407,50477.949422,37310.017829,0,true,true,1.0,-0.01,0
6,190,9.5,5129.764886,-38289.210563,3780.317348,-37798.202459,18182.355123,-2711.605,-1317.732523,-2001.229914,-0.480285,-23.374128,-165.385666,0.0,0.0,1.0,0.0,0.489951,-0.139986,1.0,74220.009707,-14552.384893,-75555.424473,0.0,0,0,0,0,0,0,0,0,0,0,34629.4375,40000.0,26016.919922,40000.0,40000.0,40000.0,40000.0,40000.0,40000.0,40000.0,40000.0,40000.0,40000.0,4728.848145,5022.758301,40000.0,40000.0,40000.0,40000.0,40000.0,40000.0,40000.0,40000.0,40000.0,5000.0,78302.099974,51648.222311,34415.460862,0,true,true,1.0,-0.01,0
6,191,9.55,5275.89047,70813.320094,3849.599726,71748.602732,18288.003837,-2759.4448,-1297.541221,-1980.394592,-0.492367,-21.451838,-166.174683,0.0,0.0,1.0,0.0,0.489951,-0.139986,1.0,70996.740164,-14159.598867,-77801.636312,0.0,0,0,0,0,0,0,0,0,0,0,33619.753906,40000.0,25993.544922,40000.0,40000.0,40000.0,40000.0,40000.0,40000.0,40000.0,40000.0,40000.0,40000.0,4852.441406,5108.635254,40000.0,40000.0,40000.0,40000.0,40000.0,40000.0,40000.0,40000.0,40000.0,5000.0,78575.051056,52773.706556,31527.445988,0,true,true,1.0,-0.01,0
6,192,9.6,5427.301138,-38440.621232,3918.9815,-37867.584232,18394.211212,-2805.390863,-1274.424494,-1952.211205,-0.522651,-19.53558,-166.934174,0.0,0.0,1.0,0.0,0.419958,-0.069993,1.0,67683.332327,-13823.214636,-79914.430385,0.0,0,0,0,0,0,0,0,0,0,0,32716.28125,40000.0,26000.550781,40000.0,40000.0,40000.0,40000.0,40000.0,40000.0,40000.0,40000.0,40000.0,40000.0,4984.243652,5222.20752,40000.0,40000.0,40000.0,40000.0,40000.0,40000.0,40000.0,40000.0,40000.0,5000.0,78748.297972,53850.905062,28654.744581,0,true,true,1.0,-0.01,0
6,193,9.65,5580.118884,70660.502348,3986.606954,71680.977278,18497.889785,-2857.345359,-1253.383391,-1921.205758,-0.570561,-17.644569,-167.663132,0.0,0.0,1.0,0.0,0.279972,-0.069993,1.0,64334.481583,-13541.580665,-81874.470646,0.0,0,0,0,0,0,0,0,0,0,0,31856.964844,40000.0,26040.759766,40000.0,40000.0,40000.0,40000.0,40000.0,40000.0,40000.0,40000.0,40000.0,40000.0,5120.450684,5339.830078,40000.0,40000.0,40000.0,40000.0,40000.0,40000.0,40000.0,40000.0,40000.0,5000.0,78823.514977,54877.61519,25825.602603,0,true,true,1.0,-0.01,0
6,194,9.7,5731.886311,-38592.388659,4051.461983,-37932.439261,18597.262401,-2908.552213,-1232.101599,-1886.107681,-0.635314,-15.799646,-168.361404,0.0,0.0,1.0,0.0,0.139986,0.0,1.0,61000.779737,-13312.601424,-83665.21884,0.0,0,0,0,0,0,0,0,0,0,0,31104.455078,40000.0,26115.287109,28239.792969,40000.0,40000.0,40000.0,40000.0,40000.0,40000.0,40000.0,40000.0,40000.0,5259.014648,5460.149902,40000.0,40000.0,40000.0,40000.0,40000.0,40000.0,40000.0,40000.0,40000.0,5000.0,78802.564407,55852.825891,23070.238505,0,true,true,1.0,-0.01,0
6,195,9.75,5812.911574,70579.477084,4085.149157,71647.290104,18648.841502,-2925.934426,-1216.490484,-1862.592748,-0.66202,-15.013481,-168.673126,0.0,0.0,1.0,0.0,0.069993,-0.069993,1.0,59483.320355,-13218.402478,-84373.109056,0.0,0,0,0,0,0,0,0,0,0,0,30701.421875,40000.0,26054.115234,27799.949219,40000.0,40000.0,40000.0,40000.0,40000.0,40000.0,40000.0,40000.0,40000.0,5329.761719,5525.862305,40000.0,40000.0,40000.0,40000.0,40000.0,40000.0,40000.0,40000.0,40000.0,5000.0,78730.36906,56280.112837,21904.712511,0,true,true,1.0,-0.01,0
6,196,9.8,5973.244802,-38752.721886,4149.998309,-37997.288413,18747.865081,-2976.947553,-1193.054485,-1820.020128,-0.712164,-13.80408,-169.151718,0.0,0.0,1.0,0.0,0.0,0.0,1.0,56951.032703,-13113.724067,-85373.201971,0.0,0,0,0,0,0,0,0,0,0,0,30241.775391,40000.0,25748.595703,27090.392578,40000.0,40000.0,40000.0,40000.0,40000.0,40000.0,40000.0,40000.0,40000.0,5459.82666,5653.12207,40000.0,40000.0,40000.0,40000.0,40000.0,40000.0,40000.0,40000.0,40000.0,5000.0,78543.247345,56926.293101,20124.120279,0,true,true,1.0,-0.01,0
6,197,9.85,6138.796331,70413.925555,4214.521219,71582.767193,18846.007398,-3025.846769,-1168.470467,-1774.460463,-0.753537,-12.961817,-169.484558,0.0,0.0,1.0,0.0,0.0,0.0,1.0,54905.453366,-13085.631554,-85970.060544,0.0,0,0,0,0,0,0,0,0,0,0,29786.388672,40000.0,25596.427734,26525.984375,40000.0,40000.0,40000.0,40000.0,40000.0,40000.0,40000.0,40000.0,40000.0,5653.354492,5791.304688,40000.0,40000.0,40000.0,40000.0,40000.0,40000.0,40000.0,40000.0,40000.0,5000.0,78326.670941,57363.124724,18902.874758,0,true,true,1.0,-0.01,0
6,198,9.9,6309.24271,-38923.168265,4278.532788,-38061.299982,18942.913226,-3076.933982,-1145.109946,-1728.713631,-0.660406,-12.340964,-169.729782,0.0,0.0,1.0,1.0,0.0,0.0,1.0,53152.928653,-12906.431782,-86363.308622,0.0,1.0,87876.026022,-19129.314146,-78694.204564,0.0,0,0,0,0,0,29456.742188,40000.0,25598.816406,26041.064453,40000.0,40000.0,40000.0,40000.0,40000.0,40000.0,40000.0,40000.0,40000.0,5840.586426,5991.085449,40000.0,40000.0,40000.0,40000.0,40000.0,40000.0,40000.0,40000.0,40000.0,5000.0,78099.861495,57634.984114,18146.651043,0,true,true,1.0,-0.01,0
6,199,9.95,6478.443537,70244.724728,4339.854382,71521.445599,19035.190122,-3118.381971,-1120.315573,-1682.447635,-0.042786,-11.752353,-169.959061,0.0,0.0,1.0,1.0,0.0,0.0,1.0,51457.05842,-11937.887782,-86829.253098,0.0,1.0,86313.918364,-18055.781661,-79572.951707,0.0,0,0,0,0,0,29184.398438,40000.0,25603.005859,25698.943359,40000.0,40000.0,40000.0,40000.0,40000.0,40000.0,40000.0,40000.0,40000.0,6022.80127,6189.88916,40000.0,40000.0,40000.0,40000.0,40000.0,40000.0,40000.0,40000.0,40000.0,5000.0,77871.001385,57725.481911,17970.626049,0,true,true,1.0,-0.01,0
6,200,10.0,6641.826599,-39086.551326,4397.122034,-38118.567633,19120.791128,-3161.061069,-1098.980111,-1639.845364,1.053883,-11.191395,-170.168716,0.0,0.0,1.0,1.0,0.0,0.0,1.0,49832.722652,-10237.529267,-87344.474794,0.0,1.0,84812.069226,-16313.605114,-80534.440085,0.0,0,0,0,0,0,28909.556641,40000.0,25607.228516,25458.904297,40000.0,40000.0,40000.0,40000.0,40000.0,40000.0,40000.0,40000.0,40000.0,6195.251953,6753.427246,40000.0,40000.0,40000.0,40000.0,40000.0,40000.0,40000.0,40000.0,40000.0,5000.0,77651.808906,57648.265365,18323.62071,0,true,true,1.0,-0.01,0
6,201,10.05,6811.906156,70074.645171,4454.802089,71463.765544,19206.479908,-3199.378058,-1076.154934,-1595.384755,2.387381,-10.691342,-170.34343,0.0,0.0,1.0,0.0,0.0,0.0,1.0,48264.969181,-8182.468395,-87793.278817,0.0,1.0,83353.28377,-14249.885642,-81415.970613,0.0,0,0,0,0,0,28577.419922,40000.0,25597.84375,25176.513672,40000.0,40000.0,40000.0,40000.0,40000.0,40000.0,40000.0,40000.0,40000.0,6366.569824,6908.544434,40000.0,40000.0,40000.0,40000.0,40000.0,40000.0,40000.0,40000.0,40000.0,5000.0,77435.246141,57447.426489,19009.796886,0,true,true,1.0,-0.01,0
6,202,10.1,6896.553836,-39171.199006,4482.823186,-38146.588731,19247.878029,-3217.808906,-1065.197973,-1573.714038,2.900088,-10.497547,-170.407242,0.0,0.0,1.0,0.0,0.0,0.0,1.0,47565.799335,-7399.762892,-87932.313342,0.0,1.0,82698.524334,-13456.53832,-81720.88788,0.0,0,0,0,0,0,28455.859375,40000.0,25585.015625,24990.384766,40000.0,40000.0,40000.0,40000.0,40000.0,40000.0,40000.0,40000.0,40000.0,6447.698242,6986.285645,40000.0,40000.0,40000.0,40000.0,40000.0,40000.0,40000.0,40000.0,40000.0,5000.0,77332.982675,57362.143792,19278.009209,0,true,true,1.0,-0.01,0
6,203,10.15,7066.138127,69905.060879,4537.666244,71408.922487,19328.448156,-3256.895252,-1045.198789,-1532.078433,3.694176,-10.195779,-170.50235,0.0,0.0,1.0,0.0,0.0,0.0,1.0,46294.190905,-6204.333652,-88095.71452,0.0,1.0,81501.530716,-12232.3564,-82139.606891,0.0,0,0,0,0,0,28233.552734,40000.0,25548.705078,24643.935547,40000.0,40000.0,40000.0,40000.0,40000.0,40000.0,40000.0,40000.0,40000.0,6603.630371,7142.664062,40000.0,40000.0,40000.0,40000.0,40000.0,40000.0,40000.0,40000.0,40000.0,5000.0,77134.946794,57218.481112,19702.111219,0,true,true,1.0,-0.01,0
6,204,10.2,7235.14966,-39340.210539,4590.711978,-38199.634465,19405.769627,-3289.94088,-1025.019578,-1491.454339,4.261987,-9.978839,-170.567566,0.0,0.0,1.0,0.0,0.0,0.0,1.0,45153.643756,-5370.519905,-88158.763889,0.0,1.0,80422.011984,-11364.252626,-82382.893858,0.0,0,0,0,0,0,28030.990234,40000.0,25503.744141,24322.628906,40000.0,40000.0,40000.0,40000.0,40000.0,40000.0,40000.0,40000.0,40000.0,6752.120605,7298.828125,40000.0,40000.0,40000.0,40000.0,40000.0,40000.0,40000.0,40000.0,40000.0,5000.0,76943.222347,57104.386847,20015.780626,0,true,true,1.0,-0.01,0
6,205,10.25,7411.172499,69729.03804,4644.35114,71355.283324,19483.373233,-3325.289348,-1005.962014,-1451.454697,4.662164,-9.825378,-170.612137,0.0,0.0,1.0,0.0,0.0,0.0,1.0,44076.268009,-4807.329118,-88149.81085,0.0,1.0,79397.3482,-10761.979417,-82497.983672,0.0,0,0,0,0,0,27834.859375,40000.0,25450.683594,24006.662109,40000.0,40000.0,40000.0,40000.0,40000.0,40000.0,40000.0,40000.0,40000.0,6919.667969,7461.578125,40000.0,40000.0,40000.0,40000.0,40000.0,40000.0,40000.0,40000.0,40000.0,5000.0,76747.253855,57013.607411,20249.118721,0,true,true,1.0,-0.01,0
6,206,10.3,7583.480441,-39512.518481,4695.412448,-38250.695772,19556.61175,-3354.867667,-987.42767,-1413.74861,4.948657,-9.715234,-170.643326,0.0,0.0,1.0,0.0,0.0,0.0,1.0,43084.439049,-4422.138135,-88105.655412,0.0,1.0,78451.109927,-10337.218014,-82540.147696,0.0,0,0,0,0,0,27650.462891,40000.0,25394.845703,23707.455078,40000.0,40000.0,40000.0,40000.0,40000.0,40000.0,40000.0,40000.0,40000.0,7109.88623,7620.533203,40000.0,40000.0,40000.0,40000.0,40000.0,40000.0,40000.0,40000.0,40000.0,5000.0,76557.49779,56941.364463,20425.262118,0,true,true,1.0,-0.01,0
6,207,10.35,7756.134426,69556.384055,4745.236672,71305.4591,19627.490959,-3387.415528,-971.21069,-1378.499965,5.153264,-9.636431,-170.665237,0.0,0.0,1.0,0.0,0.0,0.0,1.0,42140.519093,-4165.15955,-88037.181289,0.0,1.0,77548.258364,-10039.889656,-82530.662672,0.0,0,0,0,0,0,27471.242188,40000.0,40000.0,23415.169922,40000.0,40000.0,40000.0,40000.0,40000.0,40000.0,40000.0,40000.0,40000.0,7289.919922,7748.600098,40000.0,40000.0,40000.0,40000.0,40000.0,40000.0,40000.0,40000.0,40000.0,5000.0,76368.804487,56882.916282,20560.484024,0,true,true,1.0,-0.01,0
6,208,10.4,7937.214827,-39693.598882,4796.13935,-38301.59845,19699.354008,-3415.770722,-954.003543,-1342.878823,5.297868,-9.580667,-170.680542,0.0,0.0,1.0,0.0,0.0,0.0,1.0,41193.364287,-4003.794718,-87947.582696,0.0,1.0,76640.33453,-9835.796776,-82479.609741,0.0,0,0,0,0,0,27287.660156,40000.0,40000.0,23114.789062,40000.0,40000.0,40000.0,40000.0,40000.0,40000.0,40000.0,40000.0,40000.0,7467.268066,7994.71582,40000.0,40000.0,40000.0,40000.0,40000.0,40000.0,40000.0,40000.0,40000.0,5000.0,76172.032457,56834.161834,20666.942262,0,true,true,1.0,-0.01,0
6,209,10.45,8123.343906,69370.254976,4847.130796,71254.467654,19770.752769,-3441.345012,-936.839586,-1308.088367,5.39951,-9.541436,-170.691193,0.0,0.0,1.0,0.0,0.0,0.0,1.0,52470.691197,26725.642348,-82888.097573,0.0,1.0,40249.646862,-3908.597486,-87846.965145,0.0,1.0,75734.296713,-9696.600773,-82402.981004,0.0,27120.189453,40000.0,40000.0,22810.054688,40000.0,40000.0,40000.0,40000.0,40000.0,40000.0,40000.0,40000.0,40000.0,7648.675781,9079.484375,40000.0,40000.0,40000.0,40000.0,40000.0,40000.0,40000.0,40000.0,40000.0,5000.0,75970.668241,56793.12023,20751.892299,0,true,true,1.0,-0.01,0
6,210,10.5,8305.381405,-39875.636381,4895.808658,-38350.276312,19838.299456,-3465.947589,-921.372753,-1276.173987,5.471701,-9.513555,-170.69873,0.0,0.0,1.0,0.0,0.0,0.0,1.0,51572.062213,26795.217079,-82752.446103,0.0,1.0,39345.124505,-3854.55025,-87746.846088,0.0,1.0,74864.978945,-9599.669629,-82317.302643,0.0,26977.732422,40000.0,40000.0,22514.412109,40000.0,40000.0,40000.0,40000.0,40000.0,40000.0,40000.0,40000.0,40000.0,7825.259766,40000.0,40000.0,40000.0,40000.0,40000.0,40000.0,40000.0,40000.0,40000.0,40000.0,5000.0,75774.435369,56758.775884,20820.026124,0,true,true,1.0,-0.01,0
6,211,10.55,8484.490464,69191.145918,4942.632338,71207.643974,19902.714768,-3494.57372,-908.560046,-1247.086548,5.523103,-9.493694,-170.704056,0.0,0.0,1.0,0.0,0.0,0.0,1.0,50702.450602,26837.46452,-82628.119791,0.0,1.0,38468.954339,-3828.496932,-87648.739475,0.0,1.0,74022.224026,-9531.602272,-82226.921141,0.0,26800.662109,40000.0,40000.0,22225.238281,40000.0,40000.0,40000.0,40000.0,40000.0,40000.0,40000.0,40000.0,40000.0,7998.240723,40000.0,40000.0,40000.0,40000.0,40000.0,40000.0,40000.0,40000.0,40000.0,40000.0,5000.0,75581.945264,56729.466625,20875.906109,0,true,true,1.0,-0.01,0
6,212,10.6,8580.320656,-39971.466574,4967.26301,-38374.906984,19936.43002,-3499.751216,-899.520506,-1231.292451,5.542809,-9.486078,-170.7061,0.0,0.0,1.0,0.0,0.0,0.0,1.0,50242.81599,26849.76086,-82565.115723,0.0,1.0,38005.501223,-3825.261107,-87596.291144,0.0,1.0,73576.204028,-9505.911592,-82176.028829,0.0,26706.212891,40000.0,40000.0,22071.199219,40000.0,40000.0,40000.0,40000.0,40000.0,40000.0,40000.0,40000.0,40000.0,8090.494141,40000.0,40000.0,40000.0,40000.0,40000.0,40000.0,40000.0,40000.0,40000.0,40000.0,5000.0,75479.167559,56715.586176,20901.420161,0,true,true,1.0,-0.01,0
6,213,10.65,8770.867536,69000.599038,5015.434779,71159.472205,20001.943118,-3529.136473,-887.388582,-1202.9801,5.572976,-9.474418,-170.709229,0.0,0.0,1.0,0.0,0.0,0.0,1.0,49336.285976,26863.612136,-82446.30181,0.0,1.0,37091.051774,-3829.821128,-87494.438334,0.0,1.0,72695.797823,-9465.998637,-82074.318035,0.0,26518.5625,40000.0,40000.0,21765.666016,40000.0,40000.0,40000.0,40000.0,40000.0,40000.0,40000.0,40000.0,40000.0,8273.34082,40000.0,40000.0,40000.0,40000.0,40000.0,40000.0,40000.0,40000.0,40000.0,40000.0,5000.0,75275.20895,56690.442982,20946.477981,0,true,true,1.0,-0.01,0
6,214,10.7,8955.88777,-40156.486808,5061.255416,-38420.727621,20063.707533,-3546.390454,-873.885806,-1176.335501,5.594527,-9.466086,-170.711441,0.0,0.0,1.0,0.0,0.0,0.0,1.0,48463.099631,26869.098996,-82338.456547,0.0,1.0,36209.918638,-3842.503871,-87399.59585,0.0,1.0,71847.108453,-9435.760607,-81977.103594,0.0,26336.324219,40000.0,40000.0,21469.765625,40000.0,40000.0,40000.0,40000.0,40000.0,40000.0,40000.0,40000.0,40000.0,8450.176758,40000.0,40000.0,40000.0,40000.0,40000.0,40000.0,40000.0,40000.0,40000.0,40000.0,5000.0,75077.640283,56668.452951,20984.862906,0,true,true,1.0,-0.01,0
6,215,10.75,9140.618487,68815.868321,5106.123404,71114.604217,20123.703629,-3570.003119,-862.985863,-1151.743985,5.609842,-9.460164,-170.713028,0.0,0.0,1.0,0.0,0.0,0.0,1.0,47597.128146,26868.770967,-82237.560048,0.0,1.0,35335.808873,-3861.207543,-87308.900993,0.0,1.0,71004.89806,-9411.827655,-81882.036564,0.0,26154.271484,40000.0,40000.0,21174.859375,40000.0,40000.0,40000.0,40000.0,40000.0,40000.0,40000.0,40000.0,40000.0,8626.082031,40000.0,40000.0,40000.0,40000.0,40000.0,40000.0,40000.0,40000.0,40000.0,40000.0,5000.0,74880.806132,56648.586986,21018.706774,0,true,true,1.0,-0.01,0
6,216,10.8,9333.141538,-40349.009859,5151.999486,-38466.603703,20184.614429,-3588.600243,-851.100342,-1127.242471,5.629832,-9.494125,-170.754135,0.0,0.0,1.0,0.0,-0.349965,-0.209979,1.0,46742.991191,26897.025864,-82103.583785,0.0,1.0,34495.795723,-3859.673555,-87193.587408,0.0,1.0,70197.159349,-9344.143264,-81734.691978,0.0,25953.527344,40000.0,40000.0,20853.207031,40000.0,40000.0,40000.0,40000.0,40000.0,40000.0,40000.0,40000.0,40000.0,8812.053711,40000.0,40000.0,40000.0,40000.0,40000.0,40000.0,40000.0,40000.0,40000.0,40000.0,5000.0,74625.573807,56675.124069,21107.104567,0,true,true,1.0,-0.01,0
6,217,10.85,9527.002579,68622.00728,5197.343326,71069.260377,20244.369042,-3606.284045,-839.64502,-1104.198236,5.657401,-9.575176,-170.845123,0.0,0.0,1.0,0.0,-0.209979,-0.209979,1.0,45937.618223,26962.110215,-81934.728035,0.0,1.0,33732.994918,-3830.84556,-87054.049017,0.0,1.0,69465.7942,-9221.364836,-81530.715056,0.0,25737.806641,40000.0,40000.0,20511.988281,40000.0,40000.0,40000.0,40000.0,40000.0,40000.0,40000.0,40000.0,40000.0,9003.013672,40000.0,40000.0,40000.0,40000.0,40000.0,40000.0,40000.0,40000.0,40000.0,40000.0,5000.0,74306.213189,56759.943713,21260.322921,0,true,true,1.0,-0.01,0
6,218,10.9,9737.195152,-40559.202433,5245.564001,-38514.824378,20307.610402,-3630.603911,-828.958657,-1081.257447,5.239707,-9.711521,-170.974991,0.0,0.0,1.0,-1.0,-0.279972,-0.139986,1.0,45126.7615,26407.404555,-81931.161176,0.0,1.0,32986.943109,-4470.049368,-86849.134772,0.0,1.0,68750.732115,-9698.035181,-81182.27034,0.0,25497.214844,40000.0,40000.0,20130.941406,40000.0,40000.0,40000.0,40000.0,40000.0,40000.0,40000.0,40000.0,40000.0,9212.996094,40000.0,40000.0,40000.0,40000.0,40000.0,40000.0,40000.0,40000.0,40000.0,40000.0,5000.0,73915.161515,57053.442618,21039.961954,0,true,true,1.0,-0.01,0
6,219,10.95,9841.668417,68517.534016,5269.191052,71045.633326,20338.435445,-3626.435519,-820.133044,-1069.98694,4.836142,-9.800055,-171.051239,0.0,0.0,1.0,-1.0,-0.279972,-0.139986,1.0,44750.867265,25856.592108,-82004.849926,0.0,1.0,32650.386404,-5080.809652,-86719.985452,0.0,1.0,68427.951917,-10201.455138,-80951.257534,0.0,25318.828125,40000.0,40000.0,20044.722656,40000.0,40000.0,40000.0,40000.0,40000.0,40000.0,40000.0,40000.0,40000.0,9318.651367,40000.0,40000.0,40000.0,40000.0,40000.0,40000.0,40000.0,40000.0,40000.0,40000.0,5000.0,73703.095882,57283.704732,20758.114406,0,true,true,1.0,-0.01,0
6,220,11.0,10035.311936,-40752.845952,5312.412973,-38558.046299,20394.525036,-3651.893716,-811.556983,-1051.888138,3.667251,-9.99032,-171.205078,0.0,0.0,1.0,-1.0,-0.069993,0.0,1.0,44089.067791,24236.593044,-82299.808715,0.0,1.0,32069.402326,-6841.617649,-86413.35105,0.0,1.0,67869.816812,-11709.589482,-80406.072129,0.0,25091.660156,40000.0,40000.0,19865.296875,40000.0,40000.0,40000.0,40000.0,40000.0,40000.0,40000.0,40000.0,40000.0,9516.149414,40000.0,40000.0,40000.0,40000.0,40000.0,40000.0,40000.0,40000.0,40000.0,40000.0,5000.0,73289.502463,57868.561359,19834.934284,0,true,true,1.0,-0.01,0
6,221,11.05,10229.254134,68323.591818,5354.95459,71003.091709,20449.551483,-3669.246929,-801.385759,-1035.162026,2.674023,-10.140548,-171.319534,0.0,0.0,1.0,0.0,0.0,0.0,1.0,43380.894698,22848.825213,-82531.784329,0.0,1.0,31419.610624,-8339.270519,-86130.102171,0.0,1.0,67243.394834,-12989.851816,-79932.972626,0.0,24874.462891,40000.0,40000.0,19686.810547,40000.0,40000.0,40000.0,40000.0,40000.0,40000.0,40000.0,40000.0,40000.0,9694.740234,40000.0,40000.0,40000.0,40000.0,40000.0,40000.0,40000.0,40000.0,40000.0,40000.0,5000.0,72926.124579,58331.500911,19025.630673,0,true,true,1.0,-0.01,0
6,222,11.1,10421.764517,-40945.356335,5396.469938,-38599.561647,20503.125488,-3684.439811,-791.231694,-1019.947382,1.968844,-10.248466,-171.399048,0.0,0.0,1.0,0.0,0.0,0.0,1.0,42629.928393,21859.943145,-82670.251973,0.0,1.0,30706.879391,-9406.118358,-85902.047303,0.0,1.0,66555.315642,-13887.89485,-79570.82327,0.0,24666.808594,40000.0,40000.0,19510.234375,40000.0,40000.0,40000.0,40000.0,40000.0,40000.0,40000.0,40000.0,40000.0,9866.551758,40000.0,40000.0,40000.0,40000.0,40000.0,40000.0,40000.0,40000.0,40000.0,40000.0,5000.0,72611.510847,58647.657223,18449.794198,0,true,true,1.0,-0.01,0
6,223,11.15,10615.419347,68129.936988,5437.543746,70962.017901,20556.067095,-3695.117727,-780.512287,-1005.764219,1.466678,-10.325941,-171.454788,0.0,0.0,1.0,0.0,0.0,0.0,1.0,41838.2056,21154.266325,-82749.936124,0.0,1.0,29939.4971,-10170.212677,-85720.604643,0.0,1.0,52568.153355,72475.677147,-79480.283312,0.0,24463.166016,40000.0,40000.0,19332.955078,40000.0,40000.0,40000.0,40000.0,40000.0,40000.0,40000.0,40000.0,40000.0,10082.833008,40000.0,40000.0,40000.0,40000.0,40000.0,40000.0,40000.0,40000.0,40000.0,40000.0,5000.0,72328.598831,58864.896417,18041.085683,0,true,true,1.0,-0.01,0
6,224,11.2,10815.77744,-41145.714428,5479.340382,-38641.358283,20609.951085,-3709.772399,-770.733155,-992.245846,1.114901,-10.380519,-171.493393,0.0,0.0,1.0,0.0,0.0,0.0,1.0,51761.865732,71876.066413,-79818.532457,10.095053,1.0,40989.186681,20659.779801,-82789.00483,0.0,1.0,29104.490697,-10710.78848,-85576.997654,0.0,24256.300781,40000.0,40000.0,19149.808594,40000.0,40000.0,40000.0,40000.0,40000.0,40000.0,40000.0,40000.0,40000.0,10283.323242,40000.0,40000.0,40000.0,40000.0,40000.0,40000.0,40000.0,40000.0,40000.0,40000.0,5000.0,72062.799778,59011.255293,17757.936958,0,true,true,1.0,-0.01,0
6,225,11.25,11012.194067,67933.52036,5519.670601,70921.687682,20661.897745,-3720.146237,-760.902716,-979.880315,0.865371,-10.419383,-171.520554,0.0,0.0,1.0,0.0,0.0,0.0,1.0,50964.580051,71415.54505,-80042.822631,17.475447,1.0,40140.295444,20309.960022,-82805.399031,0.0,1.0,28263.084519,-11098.071456,-85464.087749,0.0,24055.458984,40000.0,40000.0,19022.046875,40000.0,40000.0,40000.0,40000.0,40000.0,40000.0,40000.0,40000.0,40000.0,10424.361328,40000.0,40000.0,40000.0,40000.0,40000.0,40000.0,40000.0,40000.0,40000.0,40000.0,5000.0,71817.53335,59111.230234,17559.794434,0,true,true,1.0,-0.01,0
6,226,11.3,11207.718749,-41341.239109,5559.214333,-38680.902014,20712.827792,-3737.275422,-753.062405,-968.462059,0.689202,-10.446897,-171.539612,0.0,0.0,1.0,0.0,0.0,0.0,1.0,50165.613844,71054.875653,-80186.254294,22.995464,1.0,39282.734221,20064.639454,-82806.373637,0.0,1.0,27408.293494,-11375.218453,-85374.151148,0.0,23856.863281,40000.0,40000.0,18997.496094,40000.0,40000.0,40000.0,40000.0,40000.0,40000.0,40000.0,40000.0,40000.0,10608.358398,40000.0,40000.0,40000.0,40000.0,40000.0,40000.0,40000.0,40000.0,40000.0,40000.0,5000.0,71584.945317,59178.555374,17422.99292,0,true,true,1.0,-0.01,0
6,227,11.35,11307.749979,67833.48913,5579.221646,70901.680368,20738.612813,-3735.086484,-747.057157,-962.79216,0.621199,-10.457534,-171.546951,0.0,0.0,1.0,0.0,0.0,0.0,1.0,49755.231919,70900.614084,-80235.493319,25.272499,1.0,38840.18005,19970.864287,-82802.430969,0.0,1.0,26965.732091,-11483.677238,-85335.299221,0.0,23755.630859,40000.0,40000.0,18984.341797,40000.0,40000.0,40000.0,40000.0,40000.0,40000.0,40000.0,40000.0,40000.0,10702.055664,40000.0,40000.0,40000.0,40000.0,40000.0,40000.0,40000.0,40000.0,40000.0,40000.0,5000.0,71469.493207,59203.301256,17371.562791,0,true,true,1.0,-0.01,0
6,228,11.4,11507.683445,-41541.172575,5618.780639,-38720.461007,20789.606592,-3748.964054,-739.146308,-952.161712,0.509078,-10.47887,-171.559052,0.0,0.0,1.0,0.0,-0.069993,0.0,1.0,48938.816185,70625.699094,-80305.739473,28.943116,1.0,37957.365065,19818.220721,-82788.36346,0.0,1.0,26081.551895,-11663.943489,-85264.701501,0.0,23553.849609,40000.0,40000.0,18957.837891,40000.0,40000.0,40000.0,40000.0,40000.0,40000.0,40000.0,40000.0,40000.0,10888.854492,40000.0,40000.0,40000.0,40000.0,40000.0,40000.0,40000.0,40000.0,40000.0,40000.0,5000.0,71241.469596,59242.550359,17293.175771,0,true,true,1.0,-0.01,0
6,229,11.45,11713.565951,67627.606623,5658.942027,70861.518981,20841.442613,-3756.576768,-730.232203,-941.926481,0.405389,-10.614091,-171.583633,0.0,0.0,1.0,0.0,-0.839916,-0.069993,1.0,48244.153183,70367.451406,-80273.485397,31.769517,1.0,37209.051916,19683.978952,-82700.119373,0.0,1.0,25342.789565,-11828.38336,-85146.87154,0.0,23350.755859,40000.0,40000.0,18941.755859,40000.0,40000.0,40000.0,40000.0,40000.0,40000.0,40000.0,40000.0,40000.0,11085.839844,40000.0,40000.0,40000.0,40000.0,40000.0,40000.0,40000.0,40000.0,40000.0,40000.0,5000.0,70961.149714,59294.261158,17361.829111,0,true,true,1.0,-0.01,0
6,230,11.5,11913.884553,-41741.491176,5697.495662,-38759.014642,20891.219878,-3765.294813,-722.292563,-933.214358,0.312385,-10.932803,-171.634796,0.0,0.0,1.0,0.0,-0.942513,-0.166326,1.0,47799.190763,70143.509892,-80088.29875,33.813981,1.0,36742.711992,19575.362394,-82499.746004,0.0,1.0,24908.00138,-11971.518681,-84957.813651,0.0,23159.337891,40000.0,40000.0,18946.728516,40000.0,40000.0,40000.0,40000.0,40000.0,40000.0,40000.0,40000.0,40000.0,11286.570312,40000.0,40000.0,40000.0,40000.0,40000.0,40000.0,40000.0,40000.0,40000.0,40000.0,5000.0,70604.151045,59376.25815,17660.474931,0,true,true,1.0,-0.01,0
6,231,11.55,12107.506952,67433.984224,5734.291325,70824.723317,20938.804463,-3780.546203,-716.214244,-926.525649,0.234765,-11.428545,-171.736923,0.0,0.0,1.0,0.0,-0.932932,-0.29461,1.0,47567.883398,69973.384988,-79759.875163,35.298251,1.0,36543.929498,19506.387431,-82195.214456,0.0,1.0,24776.31641,-12084.287539,-84703.544026,0.0,22974.255859,40000.0,40000.0,18980.462891,40000.0,40000.0,40000.0,40000.0,40000.0,40000.0,40000.0,40000.0,40000.0,11492.854492,40000.0,40000.0,40000.0,40000.0,40000.0,40000.0,40000.0,40000.0,40000.0,40000.0,5000.0,70145.061051,59518.434035,18177.341465,0,true,true,1.0,-0.01,0
6,232,11.6,12313.010854,-41946.995078,5772.837807,-38797.561123,20988.996026,-3779.05838,-706.473255,-921.847746,0.180157,-12.119002,-171.923294,0.0,0.0,1.0,0.0,-1.026284,-0.476489,1.0,47454.708269,69871.354623,-79272.92463,36.489925,1.0,36539.475094,19497.356743,-81775.138904,0.0,1.0,24893.242262,-12154.842754,-84375.452672,0.0,22824.876953,40000.0,40000.0,19053.394531,22942.945312,40000.0,40000.0,40000.0,40000.0,40000.0,40000.0,40000.0,40000.0,11730.102539,40000.0,40000.0,40000.0,40000.0,40000.0,40000.0,40000.0,40000.0,40000.0,40000.0,5000.0,69519.20689,59758.780726,18929.734143,0,true,true,1.0,-0.01,0
6,233,11.65,12527.818739,67219.176339,5812.564633,70784.99649,21041.275194,-3787.903371,-697.97979,-920.06797,0.162204,-13.038706,-172.245605,0.0,0.0,1.0,0.0,-1.124184,-0.652752,1.0,47452.192666,69878.455174,-78602.7745,37.416244,1.0,36768.752831,19578.652282,-81219.252772,0.0,1.0,25328.9147,-12162.064485,-83958.357556,0.0,22642.878906,40000.0,40000.0,19187.494141,22276.884766,40000.0,40000.0,40000.0,40000.0,40000.0,40000.0,40000.0,40000.0,11995.621094,40000.0,40000.0,40000.0,40000.0,40000.0,40000.0,40000.0,40000.0,40000.0,40000.0,5000.0,68656.121991,60154.926877,19951.09759,0,true,true,1.0,-0.01,0
6,234,11.7,12633.290917,-42052.467257,5831.854018,-38816.850508,21066.902498,-3788.825522,-692.923143,-920.597113,0.167813,-13.566325,-172.455185,0.0,0.0,1.0,0.0,-0.958936,-0.599335,1.0,47491.144281,69923.162017,-78215.278078,37.775873,1.0,36968.820674,19650.820383,-80901.604477,0.0,1.0,25662.498296,-12142.746952,-83722.990725,0.0,22654.042969,40000.0,40000.0,19277.998047,21925.095703,40000.0,40000.0,40000.0,40000.0,40000.0,40000.0,40000.0,40000.0,12138.060547,40000.0,40000.0,40000.0,40000.0,40000.0,40000.0,40000.0,40000.0,40000.0,40000.0,5000.0,68146.380392,60406.582895,20537.134184,0,true,true,1.0,-0.01,0
6,235,11.75,12846.767292,67005.699965,5870.420633,70746.429875,21118.890205,-3800.633281,-683.726153,-924.644115,0.207441,-14.719712,-172.953644,0.0,0.0,1.0,0.0,-0.631401,-0.420934,1.0,47589.933059,70075.259187,-77365.9061,38.358118,1.0,37460.52387,19847.302167,-80208.90196,0.0,1.0,26470.880956,-12065.247611,-83211.582033,0.0,22847.976562,40000.0,40000.0,19500.830078,21403.546875,40000.0,40000.0,40000.0,40000.0,40000.0,40000.0,40000.0,40000.0,12444.396484,40000.0,40000.0,40000.0,40000.0,40000.0,40000.0,40000.0,40000.0,40000.0,40000.0,5000.0,66988.67649,60991.392268,21809.584288,0,true,true,1.0,-0.01,0
6,236,11.8,13051.270686,-42256.97065,5906.727407,-38853.157282,21168.936265,-3803.264793,-672.123705,-932.580524,0.261116,-15.783378,-173.43367,0.0,0.0,1.0,0.0,0.0,0.0,1.0,47614.982061,70226.067365,-76592.904154,38.770029,1.0,37861.421144,20042.901663,-79578.559346,0.0,1.0,27177.071396,-11980.936571,-82744.553686,0.0,22926.947266,40000.0,40000.0,19564.291016,21110.976562,40000.0,40000.0,40000.0,40000.0,40000.0,40000.0,40000.0,40000.0,12745.391602,40000.0,40000.0,40000.0,40000.0,40000.0,40000.0,40000.0,40000.0,40000.0,40000.0,5000.0,65868.535932,61539.898228,22961.064102,0,true,true,1.0,-0.01,0
6,237,11.85,13261.632644,66795.338006,5943.352083,70709.805199,21220.992477,-3807.502496,-659.538129,-943.903522,0.304503,-16.522425,-173.769379,0.0,0.0,1.0,0.0,0.0,0.0,1.0,47342.853884,70283.950121,-76075.776261,39.086779,1.0,37824.389989,20175.669469,-79165.673215,0.0,1.0,27352.002345,-11931.089264,-82442.874087,0.0,23051.494141,40000.0,40000.0,19426.724609,20494.644531,40000.0,40000.0,40000.0,40000.0,40000.0,40000.0,40000.0,40000.0,12670.048828,40000.0,40000.0,40000.0,40000.0,40000.0,40000.0,40000.0,40000.0,40000.0,40000.0,5000.0,65004.005836,61911.476988,23743.700898,0,true,true,1.0,-0.01,0
6,238,11.9,13387.734458,-42383.072465,5964.878392,-38874.683591,21252.74994,-3783.054232,-645.789244,-952.723837,0.320924,-16.781393,-173.887466,0.0,0.0,1.0,0.0,0.0,0.0,1.0,47030.82628,70259.951214,-75906.59078,39.263764,1.0,37565.612491,20223.872732,-79041.262811,0.0,1.0,27165.195038,-11919.145715,-82357.73915,0.0,22974.601562,40000.0,40000.0,19389.703125,20166.140625,40000.0,40000.0,40000.0,40000.0,40000.0,40000.0,40000.0,40000.0,12711.474609,40000.0,40000.0,40000.0,40000.0,40000.0,40000.0,40000.0,40000.0,40000.0,40000.0,5000.0,64643.554397,62037.319258,24012.344831,0,true,true,1.0,-0.01,0
6,239,11.95,13626.035615,66557.03685,6004.790154,70669.893437,21313.384281,-3800.869701,-632.813738,-968.860558,0.345433,-17.15048,-174.056183,0.0,0.0,1.0,0.0,0.0,0.0,1.0,46342.81609,70193.886036,-75682.453278,39.486437,1.0,36937.378273,20285.689591,-78885.96746,0.0,1.0,26638.519086,-11912.886148,-82258.429211,0.0,22794.103516,40000.0,40000.0,19452.970703,19572.753906,40000.0,40000.0,40000.0,40000.0,40000.0,40000.0,40000.0,40000.0,12977.532227,40000.0,40000.0,40000.0,40000.0,40000.0,40000.0,40000.0,40000.0,40000.0,40000.0,5000.0,64066.244527,62212.01508,24388.680509,0,true,true,1.0,-0.01,0
6,240,12.0,13837.936463,-42594.973313,6039.5152,-38909.408637,21367.873139,-3805.838697,-620.379527,-982.877951,0.363138,-17.405804,-174.173203,0.0,0.0,1.0,0.0,0.0,0.0,1.0,45671.981049,70120.411062,-75542.161382,39.619371,1.0,36292.531636,20324.336819,-78798.21457,0.0,1.0,26062.858194,-11916.420202,-82209.545433,0.0,22650.490234,40000.0,40000.0,19492.865234,19062.246094,40000.0,40000.0,40000.0,40000.0,40000.0,40000.0,40000.0,40000.0,13207.744141,40000.0,40000.0,40000.0,40000.0,40000.0,40000.0,40000.0,40000.0,40000.0,40000.0,5000.0,63616.124282,62329.308978,24643.692603,0,true,true,1.0,-0.01,0
6,241,12.05,13942.615542,66452.357771,6056.402078,70653.006559,21395.059416,-3811.598963,-614.888951,-989.913011,0.369995,-17.502365,-174.217514,0.0,0.0,1.0,0.0,0.0,0.0,1.0,45316.917726,70076.64296,-75495.335211,39.671638,1.0,35937.523871,20338.060215,-78774.331787,0.0,1.0,25733.1895,-11921.098236,-82200.596791,0.0,22567.990234,40000.0,40000.0,19505.578125,18816.115234,40000.0,40000.0,40000.0,40000.0,40000.0,40000.0,40000.0,40000.0,13318.169922,40000.0,40000.0,40000.0,40000.0,40000.0,40000.0,40000.0,40000.0,40000.0,40000.0,5000.0,63419.927283,62372.093846,24738.179738,0,true,true,1.0,-0.01,0
6,242,12.1,14150.208661,-42802.566432,6089.38067,-38942.387229,21449.509264,-3818.404215,-603.516348,-1003.733466,0.792807,-17.620138,-174.302261,0.0,0.0,1.0,1.0,0.489951,0.0,1.0,44518.572094,70526.330782,-74958.893009,39.754942,1.0,17850.275245,34757.50835,-83924.671843,10.147805,1.0,35132.709658,20926.998535,-78626.53516,0.0,22393.517578,40000.0,40000.0,19522.830078,18324.011719,40000.0,40000.0,40000.0,40000.0,40000.0,40000.0,40000.0,40000.0,13531.55957,40000.0,40000.0,40000.0,40000.0,40000.0,40000.0,40000.0,40000.0,40000.0,40000.0,5000.0,63065.079108,62274.585074,25289.651705,0,true,true,1.0,-0.01,0
6,243,12.15,14359.860683,66242.705749,6122.01301,70620.374219,21505.234887,-3816.072771,-590.952669,-1017.083216,1.725516,-17.597589,-174.3685,0.0,0.0,1.0,1.0,0.629937,0.069993,1.0,43546.866837,71627.192349,-73886.664047,39.81767,1.0,16980.000119,36101.90008,-83386.964011,17.789157,1.0,34130.861396,22211.926768,-78363.152603,0.0,22188.705078,40000.0,40000.0,19519.609375,17826.154297,40000.0,40000.0,40000.0,40000.0,40000.0,40000.0,40000.0,40000.0,13716.166016,40000.0,40000.0,40000.0,40000.0,40000.0,40000.0,40000.0,40000.0,40000.0,40000.0,5000.0,62786.866254,61922.460156,26244.382009,0,true,true,1.0,-0.01,0
6,244,12.2,14574.654327,-43017.360075,6154.765843,-38975.140062,21563.074171,-3813.281166,-578.497194,-1029.771695,3.145853,-17.460604,-174.396698,0.0,0.0,1.0,1.0,0.419958,0.139986,1.0,42445.300927,73318.181128,-72245.928588,39.865414,1.0,15941.984066,38150.176806,-82527.802025,23.605179,1.0,32959.549234,24156.051584,-77936.09492,0.0,21942.582031,40000.0,40000.0,19492.060547,17405.556641,40000.0,40000.0,40000.0,40000.0,40000.0,40000.0,40000.0,40000.0,13897.663086,40000.0,40000.0,40000.0,40000.0,40000.0,40000.0,40000.0,40000.0,40000.0,40000.0,5000.0,62591.18039,61283.63383,27603.253273,0,true,true,1.0,-0.01,0
6,245,12.25,14786.698124,66030.661951,6186.461281,70588.678781,21620.785869,-3820.145862,-568.249069,-1041.274239,5.028522,-17.251915,-174.380615,0.0,0.0,1.0,1.0,0.279972,0.139986,1.0,41309.757494,75531.90419,-69988.259845,39.90022,1.0,14832.69748,40845.890996,-81294.376852,27.845076,1.0,12919.19528,36626.927431,-82262.128982,5.33766,21667.029297,40000.0,40000.0,19443.689453,17183.039062,40000.0,40000.0,40000.0,40000.0,40000.0,40000.0,40000.0,40000.0,14125.817383,40000.0,40000.0,40000.0,40000.0,40000.0,40000.0,40000.0,40000.0,40000.0,40000.0,5000.0,62474.111275,60334.502392,29368.689058,0,true,true,1.0,-0.01,0
6,246,12.3,14895.961787,-43126.623739,6202.555531,-38991.234312,21650.76728,-3813.234592,-561.679424,-1046.332782,6.132684,-17.129297,-174.351059,0.0,0.0,1.0,1.0,0.279972,0.209979,1.0,40728.469339,76801.512411,-68618.786582,39.914515,1.0,14250.451097,42412.992808,-80521.196409,29.5865,1.0,12251.246054,38188.307416,-81594.824081,10.303699,21512.091797,40000.0,40000.0,19410.744141,17070.283203,40000.0,40000.0,40000.0,40000.0,40000.0,40000.0,40000.0,40000.0,14244.683594,40000.0,40000.0,40000.0,40000.0,40000.0,40000.0,40000.0,40000.0,40000.0,40000.0,5000.0,62441.884148,59731.570531,30394.300366,0,true,true,1.0,-0.01,0
6,247,12.35,15100.352989,65826.27075,6232.26786,70558.966452,21707.093971,-3822.443854,-553.283982,-1055.382415,8.635216,-16.86574,-174.242676,0.0,0.0,1.0,1.0,0.209979,0.279972,1.0,39655.633414,79599.205233,-65390.516696,39.935845,1.0,13140.13694,45918.33,-78636.325172,32.184836,1.0,10976.353592,41701.819274,-79940.179694,17.713404,21190.861328,40000.0,40000.0,19329.296875,16863.892578,40000.0,40000.0,40000.0,40000.0,40000.0,40000.0,40000.0,40000.0,14665.235352,40000.0,40000.0,40000.0,40000.0,40000.0,40000.0,40000.0,40000.0,40000.0,40000.0,5000.0,62450.36018,58252.574983,32696.923978,0,true,true,1.0,-0.01,0
6,248,12.4,15310.32599,-43336.59674,6262.285695,-39021.252147,21765.404384,-3822.027306,-544.228427,-1062.890359,11.367251,-16.56933,-174.008179,0.0,0.0,1.0,0.0,0.47331,0.608542,1.0,38659.130472,82472.554147,-61694.854915,39.952262,1.0,12030.498494,49673.527793,-76370.136595,34.18473,1.0,9687.581344,45488.193789,-77922.594965,23.416526,20878.931641,40000.0,40000.0,19205.160156,16666.775391,40000.0,40000.0,40000.0,40000.0,40000.0,40000.0,40000.0,40000.0,15015.033203,40000.0,40000.0,40000.0,40000.0,40000.0,40000.0,40000.0,40000.0,40000.0,40000.0,5000.0,62596.366709,56402.618268,35130.815887,0,true,true,1.0,-0.01,0
6,249,12.45,15521.826934,65614.769805,6292.081907,70529.170241,21824.483175,-3828.717904,-537.643473,-1069.167731,13.889143,-16.246378,-173.573441,0.0,0.0,1.0,0.0,0.279972,0.629937,1.0,37848.748497,84904.438755,-58139.273311,39.964561,1.0,10989.142397,53088.243861,-74069.346138,35.682934,1.0,8449.838139,48952.101289,-75854.358533,27.688972,20297.738281,40000.0,40000.0,19018.082031,16493.216797,40000.0,40000.0,40000.0,40000.0,40000.0,40000.0,40000.0,40000.0,15133.973633,40000.0,40000.0,40000.0,40000.0,40000.0,40000.0,40000.0,40000.0,40000.0,40000.0,5000.0,62956.737329,54357.714524,37237.224676,0,true,true,1.0,-0.01,0
6,250,12.5,15735.548258,-43550.318064,6321.859559,-39051.0298,21884.438353,-3824.203894,-531.641124,-1073.53132,16.21665,-15.931672,-172.948532,0.0,0.0,1.0,0.0,0.279972,0.909909,1.0,37255.695861,86939.562289,-54723.916688,39.973775,1.0,10061.018654,56195.47462,-71750.113662,36.80534,1.0,7308.351718,52126.199373,-73751.951884,30.88975,19718.470703,40000.0,40000.0,18779.0,16344.832031,40000.0,40000.0,40000.0,40000.0,40000.0,40000.0,40000.0,40000.0,15229.024414,40000.0,40000.0,40000.0,40000.0,40000.0,40000.0,40000.0,40000.0,40000.0,40000.0,5000.0,63502.062005,52139.062329,39050.767773,0,true,true,1.0,-0.01,0
6,251,12.55,15841.91388,65508.404184,6336.600782,70514.429018,21914.339699,-3825.000851,-530.107276,-1075.278586,17.307415,-15.787658,-172.555374,0.0,0.0,1.0,0.0,0.303843,0.972299,1.0,37070.297612,87812.112379,-53072.127741,39.977421,1.0,9665.731194,57639.471903,-70589.94264,37.249525,1.0,6800.422512,53611.079635,-72693.773714,32.156439,19480.587891,40000.0,40000.0,18639.839844,16283.833984,40000.0,40000.0,40000.0,40000.0,40000.0,40000.0,40000.0,40000.0,15613.827148,40000.0,40000.0,40000.0,40000.0,40000.0,40000.0,40000.0,40000.0,40000.0,40000.0,5000.0,63849.122427,50956.672967,39853.428537,0,true,true,1.0,-0.01,0
6,252,12.6,16049.051422,-43757.455606,6365.264071,-39079.693089,21972.615925,-3828.00098,-529.712858,-1077.831241,19.360653,-15.537709,-171.640045,0.0,0.0,1.0,0.0,0.222257,0.889028,1.0,36918.006488,89307.746613,-49874.945133,39.983115,1.0,9030.309776,60331.513512,-68275.188029,37.943142,1.0,5934.061472,56399.534786,-70569.281621,34.134433,19297.980469,39190.695312,40000.0,18337.109375,16190.25293,40000.0,40000.0,40000.0,40000.0,40000.0,40000.0,40000.0,40000.0,15846.884766,40000.0,40000.0,40000.0,40000.0,40000.0,40000.0,40000.0,40000.0,40000.0,40000.0,5000.0,64654.222286,48477.9,41272.411514,0,true,true,1.0,-0.01,0
6,253,12.65,16262.332095,65295.123511,6394.882109,70484.81098,22032.738965,-3827.534331,-532.47686,-1079.335766,21.240503,-15.366128,-170.536041,0.0,0.0,1.0,0.0,0.236699,1.041474,1.0,37054.212942,90466.049276,-46828.269164,39.987492,1.0,8602.351908,62773.160188,-65980.878825,38.476275,1.0,5256.316787,58956.797038,-68450.794731,35.654776,19333.916016,38219.140625,40000.0,18003.683594,16127.772461,40000.0,40000.0,40000.0,40000.0,40000.0,40000.0,40000.0,40000.0,16405.117188,40000.0,40000.0,40000.0,40000.0,40000.0,40000.0,40000.0,40000.0,40000.0,40000.0,5000.0,65590.591793,45825.599479,42460.948256,0,true,true,1.0,-0.01,0
6,254,12.7,16476.259948,-43971.383459,6424.92151,-39109.73249,22093.093761,-3831.294927,-540.024719,-1080.390203,22.950403,-15.282449,-169.238556,0.0,0.0,1.0,0.0,0.162451,1.015318,1.0,37516.192554,91302.913631,-43944.955476,39.990743,1.0,8422.779999,64980.000146,-63724.317084,38.872287,1.0,4812.800923,61300.986621,-66353.390343,36.784088,19438.589844,37718.425781,40000.0,17646.287109,16106.289062,40000.0,40000.0,40000.0,40000.0,40000.0,40000.0,40000.0,40000.0,16479.267578,40000.0,40000.0,40000.0,40000.0,40000.0,40000.0,40000.0,40000.0,40000.0,40000.0,5000.0,66651.836895,42991.877613,43423.486691,0,true,true,1.0,-0.01,0
6,255,12.75,16690.664764,65080.718695,6455.616156,70454.116334,22153.627132,-3834.717318,-552.225996,-1081.189806,24.498747,-15.287817,-167.761093,0.0,0.0,1.0,0.0,0.223516,0.938767,1.0,38285.833396,91840.791997,-41233.905792,39.993154,1.0,8489.238613,66969.382621,-61518.223055,39.16607,1.0,4603.232101,63450.220275,-64289.198913,37.621871,19677.908203,37361.003906,40000.0,17275.453125,16128.27832,40000.0,40000.0,40000.0,40000.0,40000.0,40000.0,40000.0,40000.0,40000.0,40000.0,40000.0,40000.0,40000.0,40000.0,40000.0,40000.0,40000.0,40000.0,40000.0,5000.0,67808.477619,39987.738997,44166.056599,0,true,true,1.0,-0.01,0
6,256,12.8,16799.85694,-44080.575636,6471.566872,-39125.683206,22184.486279,-3825.666507,-558.850678,-1081.183722,25.218414,-15.320318,-166.970261,0.0,0.0,1.0,0.0,0.20288,0.91296,1.0,38754.654275,92011.531055,-39942.735606,39.994131,1.0,8594.401206,67890.236543,-60435.685295,39.28508,1.0,4565.829868,64458.818486,-63271.631446,37.961254,19769.923828,38127.527344,40000.0,17090.087891,16271.945312,40000.0,40000.0,40000.0,40000.0,40000.0,40000.0,40000.0,40000.0,40000.0,40000.0,40000.0,40000.0,40000.0,40000.0,40000.0,40000.0,40000.0,40000.0,40000.0,5000.0,68402.454403,38437.961484,44459.491991,0,true,true,1.0,-0.01,0
6,257,12.85,17010.50487,64870.070766,6503.109028,70422.574178,22244.01895,-3829.874732,-578.586129,-1082.26878,26.563095,-15.432383,-165.328033,0.0,0.0,1.0,0.0,0.139986,0.559944,1.0,39841.169276,92193.997993,-37486.262267,39.995635,1.0,8949.821688,69593.946204,-58319.398901,39.468243,1.0,4640.120617,66351.713361,-61270.490964,38.483583,20011.107422,39859.722656,40000.0,16731.109375,16911.492188,40000.0,40000.0,40000.0,40000.0,40000.0,40000.0,40000.0,17980.115234,40000.0,40000.0,40000.0,40000.0,40000.0,40000.0,40000.0,40000.0,40000.0,40000.0,40000.0,5000.0,69591.044096,35292.250284,44903.307137,0,true,true,1.0,-0.01,0
6,258,12.9,17237.62703,-44307.697796,6538.707895,-39161.282073,22308.499218,-3800.578252,-604.149154,-1082.785975,27.799839,-15.585045,-163.692413,0.0,0.0,1.0,0.0,0.069993,0.209979,1.0,40884.425179,92215.357266,-35202.445366,39.996994,1.0,9324.132632,71140.031702,-56265.619792,39.633801,1.0,4698.596301,68097.880997,-59328.062442,38.955706,20371.265625,40000.0,40000.0,16534.080078,17617.035156,40000.0,40000.0,40000.0,40000.0,40000.0,40000.0,40000.0,16861.486328,40000.0,40000.0,40000.0,40000.0,40000.0,40000.0,40000.0,40000.0,40000.0,40000.0,21211.130859,5000.0,70679.996254,32197.093966,45187.139707,0,true,true,1.0,-0.01,0
6,259,12.95,17363.48882,64744.208976,6559.260581,70402.021492,22344.409018,-3798.615008,-620.297393,-1083.788051,28.379301,-15.668807,-162.902863,0.0,0.0,1.0,0.0,0.069993,0.069993,1.0,41325.868112,92196.124014,-34124.433948,39.997492,1.0,9457.290671,71857.801467,-55272.012562,39.694468,1.0,4679.089214,68917.949273,-58383.574993,39.128712,20443.314453,40000.0,40000.0,16504.337891,17952.189453,40000.0,40000.0,40000.0,40000.0,40000.0,40000.0,40000.0,16868.982422,40000.0,40000.0,40000.0,40000.0,40000.0,40000.0,40000.0,40000.0,40000.0,40000.0,20643.427734,5000.0,71162.740202,30706.844487,45278.504912,0,true,true,1.0,-0.01,0
6,260,13.0,17586.348224,-44530.5572,6597.058943,-39199.080435,22407.953762,-3816.968781,-655.701489,-1086.966871,29.476601,-15.859586,-161.37027,0.0,0.0,1.0,0.0,0.069993,0.139986,1.0,42296.037313,92093.347105,-32072.005524,39.998172,1.0,9847.193767,73180.581261,-53351.404895,39.777362,1.0,4793.040218,70449.401048,-56544.518601,39.3651,20761.039062,40000.0,40000.0,16427.96875,18787.169922,40000.0,40000.0,40000.0,40000.0,40000.0,40000.0,40000.0,16926.757812,40000.0,40000.0,40000.0,40000.0,40000.0,40000.0,40000.0,40000.0,40000.0,40000.0,19390.826172,5000.0,72069.011747,27808.17556,45384.330113,0,true,true,1.0,-0.01,0
6,261,13.05,17809.307638,64521.249562,6636.957972,70362.122464,22471.80975,-3809.517899,-691.050208,-1089.771595,30.491562,-16.070547,-159.875717,0.0,0.0,1.0,0.0,0.139986,0.209979,1.0,43232.167602,91907.062594,-30158.711086,39.998669,1.0,10253.81343,74380.122527,-51504.467633,39.837909,1.0,4929.538932,71863.859139,-54766.132505,39.537764,40000.0,40000.0,40000.0,16170.720703,19252.369141,40000.0,40000.0,40000.0,40000.0,40000.0,40000.0,40000.0,17410.423828,40000.0,40000.0,40000.0,40000.0,40000.0,40000.0,40000.0,40000.0,40000.0,40000.0,18358.240234,5000.0,72882.85817,25002.166028,45382.322493,0,true,true,1.0,-0.01,0
6,262,13.1,17910.853751,-44632.103313,6655.859752,-39217.982216,22500.9275,-3805.833868,-708.417416,-1091.300428,30.970015,-16.181686,-159.133881,0.0,0.0,1.0,0.0,0.139986,0.279972,1.0,43736.81969,91780.407139,-29252.880695,39.998847,1.0,10503.50953,74932.249697,-50611.34736,39.859534,1.0,5054.056631,72525.497101,-53900.001712,39.59943,40000.0,40000.0,40000.0,16050.736328,19345.269531,40000.0,40000.0,40000.0,40000.0,40000.0,40000.0,40000.0,17473.677734,40000.0,40000.0,40000.0,40000.0,40000.0,40000.0,40000.0,40000.0,40000.0,40000.0,17890.527344,5000.0,73273.757056,23621.959142,45339.008339,0,true,true,1.0,-0.01,0
6,263,13.15,18118.207036,64313.896277,6696.064562,70321.917654,22560.676497,-3792.104659,-745.376596,-1094.721428,31.87027,-16.422638,-157.66127,0.0,0.0,1.0,0.0,0.139986,0.279972,1.0,44725.886132,91466.548942,-27532.490064,39.99914,1.0,11014.455956,75958.603763,-48874.307905,39.895278,1.0,5314.965286,73776.323427,-52209.193705,39.701363,40000.0,40000.0,40000.0,15824.52832,20407.560547,40000.0,40000.0,40000.0,40000.0,40000.0,40000.0,40000.0,17989.490234,40000.0,40000.0,40000.0,40000.0,40000.0,40000.0,40000.0,40000.0,40000.0,40000.0,17095.488281,5000.0,73994.979177,20906.165799,45186.232111,0,true,true,1.0,-0.01,0
6,264,13.2,18329.86837,-44843.764647,6739.495679,-39261.413334,22622.120401,-3782.770995,-787.335086,-1099.217192,32.697887,-16.683531,-156.211487,0.0,0.0,1.0,0.0,0.069993,0.279972,1.0,45678.371587,91084.987942,-25931.630249,39.999364,1.0,11532.858437,76887.073836,-47206.306977,39.922534,1.0,5585.438802,74935.346051,-50577.294852,39.77909,40000.0,40000.0,40000.0,15616.109375,40000.0,40000.0,40000.0,40000.0,40000.0,40000.0,40000.0,40000.0,18466.646484,40000.0,40000.0,40000.0,40000.0,40000.0,40000.0,40000.0,40000.0,40000.0,40000.0,17179.236328,5000.0,74634.176903,18262.492623,44955.308169,0,true,true,1.0,-0.01,0
6,265,13.25,18545.71945,64098.045198,6786.472173,70274.94116,22685.326368,-3763.138845,-831.171846,-1104.208263,33.453468,-16.957264,-154.77475,0.0,0.0,1.0,0.0,0.139986,0.349965,1.0,46595.566785,90640.732905,-24451.76782,39.999533,1.0,12054.449919,77724.821216,-45608.927909,39.943143,1.0,5860.739998,76010.061153,-49005.451698,39.83786,36236.488281,40000.0,35112.109375,15421.972656,40000.0,40000.0,40000.0,40000.0,40000.0,40000.0,40000.0,40000.0,18566.927734,40000.0,40000.0,40000.0,40000.0,40000.0,40000.0,40000.0,40000.0,40000.0,40000.0,17291.533203,5000.0,75202.457612,15684.516764,44644.654797,0,true,true,1.0,-0.01,0
6,266,13.3,18755.800325,-45053.845523,6834.948312,-39309.889472,22747.372974,-3749.817103,-877.888896,-1110.193316,34.130882,-17.253376,-153.3172,0.0,0.0,1.0,0.0,0.209979,0.419958,1.0,47565.868603,90110.379422,-23095.731245,39.999655,1.0,12651.964364,78465.256318,-44088.843896,39.95794,1.0,6220.681853,76995.750523,-47497.931688,39.880056,35825.085938,40000.0,35016.722656,15239.381836,40000.0,40000.0,40000.0,40000.0,40000.0,40000.0,40000.0,40000.0,40000.0,40000.0,40000.0,40000.0,40000.0,40000.0,40000.0,40000.0,40000.0,40000.0,40000.0,17416.548828,5000.0,75726.098085,13126.046126,44251.128381,0,true,true,1.0,-0.01,0
6,267,13.35,18857.419589,63996.425934,6859.421527,70250.467945,22777.587454,-3744.992859,-901.915774,-1113.499624,34.442478,-17.407448,-152.582947,0.0,0.0,1.0,0.0,0.139986,0.349965,1.0,48070.529562,89816.512873,-22462.418769,39.999702,1.0,12978.907417,78800.824631,-43357.789193,39.963646,1.0,6433.379692,77456.396412,-46768.214095,39.89633,35632.917969,40000.0,35065.585938,15152.698242,40000.0,40000.0,40000.0,40000.0,40000.0,40000.0,40000.0,40000.0,40000.0,40000.0,40000.0,40000.0,40000.0,40000.0,40000.0,40000.0,40000.0,40000.0,40000.0,17572.769531,5000.0,75971.378239,11856.925998,44025.11973,0,true,true,1.0,-0.01,0
6,268,13.4,19062.963214,-45259.389148,6911.108716,-39361.576662,22839.228045,-3725.194253,-950.234101,-1120.389305,35.014881,-17.727781,-151.109573,0.0,0.0,1.0,0.0,0.139986,0.349965,1.0,49072.657287,89182.230324,-21276.771627,39.999778,1.0,13650.448932,79413.704901,-41946.621425,39.972973,1.0,6878.531156,78325.342642,-45352.351823,39.922926,35903.191406,40000.0,35227.566406,14987.398438,40000.0,40000.0,40000.0,40000.0,40000.0,40000.0,40000.0,19927.388672,40000.0,40000.0,40000.0,40000.0,40000.0,40000.0,40000.0,40000.0,40000.0,40000.0,20467.628906,17717.564453,5000.0,76414.420361,9345.910511,43525.768109,0,true,true,1.0,-0.01,0
6,269,13.45,19266.227589,63793.161559,6965.226444,70196.350217,22900.906708,-3706.446398,-1000.873143,-1128.1778,35.520569,-18.056553,-149.624985,0.0,0.0,1.0,0.0,0.139986,0.349965,1.0,50082.46763,88487.624376,-20202.921599,39.999835,1.0,14357.483027,79949.226289,-40607.606722,39.979867,1.0,7366.278906,79123.640132,-43997.272862,39.942587,37604.652344,40000.0,35322.417969,14832.25293,40000.0,40000.0,40000.0,40000.0,40000.0,40000.0,40000.0,18794.75,40000.0,40000.0,40000.0,40000.0,40000.0,40000.0,40000.0,40000.0,40000.0,40000.0,19291.492188,17954.025391,5000.0,76805.068602,6869.565395,42957.744888,0,true,true,1.0,-0.01,0
6,270,13.5,19492.244452,-45485.406011,7029.427981,-39425.778198,22970.738391,-3657.370438,-1057.692052,-1137.212557,35.946304,-18.383553,-148.096863,0.0,0.0,1.0,0.0,0.349965,0.489951,1.0,51006.551381,87727.022331,-19264.739062,39.999885,1.0,7779.593254,79879.218588,-42700.443756,39.960123,1.0,21287.820232,64218.314298,-48511.062261,0.0,40000.0,40000.0,16152.160156,14677.460938,40000.0,40000.0,40000.0,40000.0,40000.0,40000.0,40000.0,18809.435547,40000.0,40000.0,40000.0,40000.0,40000.0,40000.0,40000.0,40000.0,40000.0,40000.0,17980.330078,18271.570312,5000.0,77135.967845,4410.700532,42296.878969,0,true,true,1.0,-0.01,0
6,271,13.55,19599.454582,63685.951429,7061.362831,70164.415367,23004.21329,-3660.385346,-1090.324742,-1142.905349,36.129574,-18.54509,-147.318405,0.0,0.0,1.0,0.0,0.209979,0.349965,1.0,51496.66992,87321.687117,-18846.260334,39.999902,1.0,8028.170392,80224.224528,-42081.986426,39.965963,1.0,21332.500487,64462.654667,-48062.059656,0.0,40000.0,40000.0,15999.973633,14603.503906,40000.0,40000.0,40000.0,40000.0,40000.0,40000.0,40000.0,19208.414062,40000.0,40000.0,40000.0,40000.0,40000.0,40000.0,40000.0,40000.0,40000.0,40000.0,17418.728516,18352.800781,5000.0,77292.411362,3187.894411,41931.887043,0,true,true,1.0,-0.01,0
6,272,13.6,19815.144226,-45701.095655,7128.544048,-39492.959415,23072.396663,-3629.627287,-1147.284469,-1152.846319,36.458454,-18.862602,-145.780533,0.0,0.0,1.0,0.0,0.139986,0.209979,1.0,52425.455769,86500.913391,-18077.73005,40.0,1.0,8508.655115,80877.3883,-40887.701483,39.975303,1.0,21406.643929,64925.963684,-47194.405245,0.0,40000.0,40000.0,15710.802734,14462.963867,40000.0,40000.0,40000.0,40000.0,40000.0,40000.0,40000.0,19833.128906,40000.0,40000.0,40000.0,40000.0,40000.0,40000.0,40000.0,40000.0,40000.0,40000.0,16379.457031,18665.556641,5000.0,77552.227349,804.74409,41174.29389,0,true,true,1.0,-0.01,0
6,273,13.65,20022.611387,63478.484268,7196.980619,70095.978796,23139.031571,-3615.30153,-1209.312375,-1164.194454,36.746452,-19.172487,-144.288818,0.0,0.0,1.0,0.0,0.069993,0.069993,1.0,53309.5358,85678.131576,-17387.625484,40.0,1.0,8997.552251,81475.822961,-39753.220689,39.981883,1.0,21495.744985,65350.855218,-46369.497657,0.0,40000.0,40000.0,15445.958008,14335.317383,40000.0,40000.0,40000.0,40000.0,40000.0,40000.0,40000.0,19872.90625,40000.0,40000.0,40000.0,40000.0,40000.0,40000.0,40000.0,40000.0,40000.0,40000.0,15459.520508,40000.0,5000.0,77746.501778,-1477.688927,40400.491167,0,true,true,1.0,-0.01,0
6,274,13.7,20123.449429,-45801.933697,7231.647747,-39527.626543,23171.814276,-3596.55432,-1236.460047,-1169.248983,36.861736,-19.301647,-143.674179,0.0,0.0,1.0,0.0,0.0,0.0,1.0,53599.783754,85345.160612,-17104.109667,40.0,1.0,9133.095184,81736.249491,-39274.719903,39.984423,1.0,21467.753027,65545.557098,-46014.795157,0.0,40000.0,40000.0,15336.089844,14280.567383,40000.0,40000.0,40000.0,40000.0,40000.0,40000.0,40000.0,20338.935547,40000.0,40000.0,40000.0,40000.0,40000.0,40000.0,40000.0,40000.0,40000.0,40000.0,15187.392578,40000.0,5000.0,77792.584184,-2409.988696,40074.801294,0,true,true,1.0,-0.01,0
6,275,13.75,20322.827014,63279.106683,7303.004892,70024.621651,23237.479533,-3570.807749,-1294.929845,-1180.408603,37.075626,-19.554283,-142.486267,0.0,0.0,1.0,0.0,0.069993,0.0,1.0,54129.4637,84695.667541,-16568.905292,40.0,1.0,9382.63679,82235.028808,-38348.761185,39.988464,1.0,21399.858495,65923.169979,-45324.554317,0.0,40000.0,40000.0,15127.831055,14199.040039,40000.0,40000.0,40000.0,40000.0,40000.0,40000.0,40000.0,20491.945312,40000.0,40000.0,40000.0,40000.0,40000.0,40000.0,40000.0,40000.0,40000.0,40000.0,15202.901367,40000.0,5000.0,77846.992151,-4201.322034,39432.172065,0,true,true,1.0,-0.01,0
6,276,13.8,20514.755416,-45993.862099,7375.294583,-39599.916234,23301.763531,-3541.960208,-1350.734841,-1191.332519,37.23415,-19.746748,-141.582809,0.0,0.0,1.0,0.0,0.0,0.0,1.0,54338.349715,84228.670059,-16155.070459,40.0,1.0,9387.146554,82660.985664,-37613.83881,39.991373,1.0,21168.852292,66267.800026,-44760.278365,0.0,40000.0,40000.0,14959.467773,14141.586914,40000.0,40000.0,40000.0,40000.0,40000.0,40000.0,40000.0,21153.435547,40000.0,40000.0,40000.0,40000.0,40000.0,40000.0,40000.0,40000.0,40000.0,40000.0,15187.631836,40000.0,5000.0,77819.967647,-5544.775321,38935.788918,0,true,true,1.0,-0.01,0
6,277,13.85,20710.383702,63083.478397,7452.746673,69947.169561,23368.52385,-3511.020647,-1407.116995,-1202.588279,37.365986,-19.921389,-140.779633,0.0,0.0,1.0,0.0,0.069993,0.069993,1.0,54401.950319,83826.617254,-15789.897598,40.0,1.0,9277.812867,83064.5179,-36948.445259,39.993607,1.0,20853.938011,66604.880472,-44238.601678,0.0,40000.0,40000.0,14802.399414,14052.589844,40000.0,40000.0,40000.0,40000.0,40000.0,40000.0,40000.0,21259.175781,40000.0,40000.0,40000.0,40000.0,40000.0,40000.0,40000.0,40000.0,40000.0,40000.0,15200.445312,40000.0,5000.0,77748.074081,-6724.779838,38492.981439,0,true,true,1.0,-0.01,0
6,278,13.9,20922.605811,-46206.084208,7541.797475,-39688.967036,23442.745245,-3445.138428,-1472.101622,-1215.868844,37.481434,-20.085075,-140.01059,0.0,0.0,1.0,0.0,0.069993,0.0,1.0,54319.164215,83442.669685,-15466.649885,40.0,1.0,9025.40753,83485.687729,-36304.145655,39.995806,1.0,20419.302428,66974.836337,-43714.783309,0.0,40000.0,40000.0,14641.326172,13925.520508,40000.0,40000.0,40000.0,40000.0,40000.0,40000.0,40000.0,21496.869141,40000.0,40000.0,40000.0,40000.0,40000.0,40000.0,40000.0,40000.0,40000.0,40000.0,15218.009766,34889.488281,5000.0,77636.684727,-7834.403272,38061.718541,0,true,true,1.0,-0.01,0
6,279,13.95,21036.827003,62969.257205,7591.935539,69897.031497,23483.494173,-3426.635581,-1504.141856,-1222.467795,37.531837,-20.159136,-139.638367,0.0,0.0,1.0,0.0,0.069993,0.069993,1.0,54217.920974,83272.152197,-15311.675475,40.0,1.0,8847.16161,83694.968159,-35990.829619,39.99651,1.0,20151.078679,67158.79338,-43461.046122,0.0,40000.0,40000.0,14557.429688,13837.117188,40000.0,40000.0,40000.0,40000.0,40000.0,40000.0,40000.0,21500.835938,40000.0,40000.0,40000.0,40000.0,40000.0,40000.0,40000.0,40000.0,40000.0,40000.0,15147.162109,34367.417969,5000.0,77566.840829,-8359.392305,37847.101415,0,true,true,1.0,-0.01,0
6,280,14.0,21149.143505,-46318.40071,7642.52054,-39739.552036,23523.975933,-3409.905695,-1535.750111,-1229.01782,37.576225,-20.233082,-139.267075,0.0,0.0,1.0,0.0,0.069993,0.139986,1.0,54120.452766,83099.190069,-15166.289622,40.0,1.0,8676.168207,83897.722666,-35686.419145,39.997084,1.0,77288.286519,12588.213436,-58645.904528,6.58766,40000.0,40000.0,14474.015625,13796.496094,40000.0,40000.0,40000.0,40000.0,40000.0,40000.0,40000.0,21938.855469,40000.0,40000.0,40000.0,40000.0,40000.0,40000.0,40000.0,40000.0,40000.0,40000.0,15119.115234,34061.753906,5000.0,77494.850667,-8878.735943,37631.90155,0,true,true,1.0,-0.01,0
6,281,14.05,21343.635683,62774.765027,7732.998903,69806.553134,23594.802221,-3392.560844,-1595.037337,-1241.370474,37.642784,-20.345942,-138.70372,0.0,0.0,1.0,0.0,0.0,0.0,1.0,53852.470942,82854.783103,-14938.709435,40.0,1.0,8297.823478,84236.128646,-35206.946916,39.997858,1.0,76205.480849,12392.739332,-58817.534927,15.457152,40000.0,40000.0,14335.927734,13705.740234,40000.0,40000.0,40000.0,40000.0,40000.0,40000.0,40000.0,22830.724609,40000.0,40000.0,40000.0,40000.0,40000.0,40000.0,40000.0,40000.0,40000.0,18272.947266,15120.338867,33801.039062,5000.0,77350.507483,-9658.617949,37306.827152,0,true,true,1.0,-0.01,0
6,282,14.1,21526.739534,-46501.504561,7821.642999,-39828.196133,23662.569731,-3368.733764,-1646.561726,-1252.217782,37.6936,-20.442392,-138.196655,0.0,0.0,1.0,0.0,0.069993,0.069993,1.0,53557.161056,82640.904558,-14749.006405,40.0,1.0,7905.926744,84545.828766,-34781.13024,39.9984,1.0,75175.469252,12227.7291,-58974.597956,21.660528,40000.0,40000.0,14205.734375,13617.87793,40000.0,40000.0,40000.0,40000.0,40000.0,40000.0,40000.0,40000.0,40000.0,40000.0,40000.0,40000.0,40000.0,40000.0,40000.0,40000.0,40000.0,17439.263672,15024.786133,33462.445312,5000.0,77206.214424,-10346.581282,37008.285112,0,true,true,1.0,-0.01,0
6,283,14.15,21626.434422,62675.070139,7871.387656,69756.808477,23700.0452,-3343.749145,-1668.427101,-1256.920709,37.713009,-20.490191,-137.940918,0.0,0.0,1.0,0.0,0.069993,0.139986,1.0,53367.680388,82536.568208,-14660.7647,40.0,1.0,7668.163805,84707.310521,-34569.60076,39.998638,1.0,74613.906176,12148.291736,-59052.328202,24.394512,40000.0,40000.0,14135.646484,13569.226562,40000.0,40000.0,40000.0,40000.0,40000.0,40000.0,40000.0,40000.0,40000.0,40000.0,40000.0,40000.0,40000.0,40000.0,40000.0,40000.0,40000.0,17122.664062,15057.362305,33352.769531,5000.0,77122.39891,-10686.48495,36858.070233,0,true,true,1.0,-0.01,0
6,284,14.2,21818.977835,-46694.047974,7970.301818,-39927.110295,23773.345876,-3316.850898,-1720.257821,-1267.948947,37.729328,-20.58087,-137.393997,0.0,0.0,1.0,0.0,0.139986,0.279972,1.0,53039.806485,82298.576594,-14524.023118,40.0,1.0,7242.027818,85012.850358,-34167.022506,39.999004,1.0,73495.524219,11948.617906,-59242.593743,28.587818,40000.0,40000.0,13993.097656,13471.341797,40000.0,40000.0,40000.0,40000.0,40000.0,40000.0,40000.0,40000.0,40000.0,40000.0,40000.0,40000.0,40000.0,40000.0,40000.0,40000.0,40000.0,16274.44043,14951.467773,33002.449219,5000.0,76966.999895,-11391.57189,36523.970108,0,true,true,1.0,-0.01,0
6,285,14.25,22009.744127,62484.303846,8072.043603,69655.066693,23847.254422,-3287.183159,-1769.259937,-1278.416514,37.707882,-20.665764,-136.776474,0.0,0.0,1.0,0.0,0.279972,0.419958,1.0,52766.80383,82011.138611,-14447.860244,40.0,1.0,6864.946194,85303.501069,-33786.806842,39.999272,1.0,72336.652486,11681.240599,-59490.260186,31.654644,40000.0,34595.382812,13842.207031,13369.286133,40000.0,40000.0,40000.0,40000.0,40000.0,40000.0,24645.304688,40000.0,40000.0,40000.0,40000.0,40000.0,40000.0,40000.0,40000.0,40000.0,40000.0,15488.919922,15004.439453,32731.138672,5000.0,76822.369921,-12152.624558,36129.646059,0,true,true,1.0,-0.01,0
6,286,14.3,22195.238729,-46879.542575,8174.559145,-40029.625837,23920.327638,-3259.51632,-1817.11832,-1288.588937,37.635139,-20.751326,-136.048447,0.0,0.0,1.0,0.0,0.349965,0.489951,1.0,52608.820264,81642.5482,-14447.258615,40.0,1.0,6596.343617,85573.062506,-33431.222276,39.999464,1.0,71142.60989,11305.504159,-59815.322317,33.857739,40000.0,33206.1875,13682.799805,13265.1875,40000.0,40000.0,40000.0,40000.0,40000.0,40000.0,24726.3125,40000.0,40000.0,40000.0,40000.0,40000.0,40000.0,40000.0,40000.0,40000.0,40000.0,14792.547852,14938.321289,32425.689453,5000.0,76693.138542,-13015.498658,35651.755334,0,true,true,1.0,-0.01,0
6,287,14.35,22289.456469,62390.086105,8228.019371,69601.606467,23957.942003,-3238.669084,-1837.657956,-1292.967555,37.574978,-20.792234,-135.62999,0.0,0.0,1.0,0.0,0.489951,0.629937,1.0,52564.984858,81422.750181,-14481.869508,40.0,1.0,6493.040101,85703.802206,-33260.811086,39.999542,1.0,70506.045238,11071.615419,-60015.146454,34.751177,40000.0,32508.751953,13597.116211,13210.439453,40000.0,40000.0,40000.0,40000.0,40000.0,40000.0,24755.203125,40000.0,40000.0,40000.0,40000.0,40000.0,40000.0,40000.0,40000.0,40000.0,40000.0,14304.583008,15001.730469,32538.587891,5000.0,76632.178597,-13495.497626,35370.304997,0,true,true,1.0,-0.01,0
6,288,14.4,22483.590162,-47073.676267,8341.213304,-40142.819771,24036.567007,-3206.446819,-1886.416246,-1303.147505,37.397182,-20.873331,-134.657867,0.0,0.0,1.0,0.0,0.491773,0.632279,1.0,52558.616025,80894.517131,-14630.788708,40.0,1.0,6360.692473,85959.069958,-32933.825854,39.99967,1.0,69127.27387,10492.477775,-60498.848285,36.218554,40000.0,32217.033203,13411.520508,13094.535156,40000.0,40000.0,40000.0,40000.0,40000.0,40000.0,23260.162109,40000.0,40000.0,40000.0,40000.0,40000.0,40000.0,40000.0,40000.0,40000.0,40000.0,13390.484375,15092.539062,33563.851562,5000.0,76511.030194,-14580.351934,34707.630889,0,true,true,1.0,-0.01,0
6,289,14.45,22663.333159,62210.343108,8449.652228,69493.167542,24110.510691,-3179.498064,-1934.25924,-1312.880571,37.170383,-20.947065,-133.579742,0.0,0.0,1.0,0.0,0.349965,0.419958,1.0,52696.10927,80287.564345,-14855.789423,40.0,1.0,6378.879856,86186.69236,-32633.786405,39.999757,1.0,67748.490808,9823.416268,-61052.414901,37.2103,40000.0,32203.410156,13227.126953,12984.425781,40000.0,40000.0,40000.0,40000.0,40000.0,40000.0,23149.197266,40000.0,40000.0,40000.0,40000.0,40000.0,40000.0,40000.0,40000.0,40000.0,40000.0,12633.981445,15212.567383,34606.1875,5000.0,76401.467954,-15759.293011,33959.722651,0,true,true,1.0,-0.01,0
6,290,14.5,22755.008606,-47165.351714,8506.393071,-40199.560614,24148.740873,-3157.9337,-1954.545368,-1316.910714,37.042583,-20.978561,-133.011536,0.0,0.0,1.0,0.0,0.349965,0.419958,1.0,52769.379654,79967.844629,-14990.222157,40.0,1.0,6395.679029,86300.31464,-32488.0504,39.999792,1.0,67022.829094,9474.593257,-61345.791553,37.615228,40000.0,32204.326172,13132.274414,12927.868164,40000.0,40000.0,40000.0,40000.0,40000.0,40000.0,23158.099609,40000.0,40000.0,40000.0,40000.0,40000.0,40000.0,40000.0,40000.0,40000.0,40000.0,12486.714844,15215.265625,35261.519531,5000.0,76340.360857,-16370.000615,33560.896035,0,true,true,1.0,-0.01,0
6,291,14.55,22939.600208,62025.751506,8623.69266,69375.867954,24226.798991,-3127.778714,-2004.91939,-1326.664626,36.753883,-21.021862,-131.804825,0.0,0.0,1.0,0.0,0.419958,0.489951,1.0,52936.863961,79290.465726,-15315.872091,40.0,1.0,6456.004074,86523.927248,-32208.16887,39.999849,1.0,65495.080259,8744.15065,-61979.203001,38.266816,40000.0,32215.320312,12937.539062,12812.579102,40000.0,40000.0,40000.0,40000.0,40000.0,40000.0,23125.123047,40000.0,40000.0,40000.0,40000.0,40000.0,40000.0,40000.0,40000.0,40000.0,40000.0,12515.412109,15381.636719,40000.0,5000.0,76211.265415,-17639.722751,32695.966682,0,true,true,1.0,-0.01,0
6,292,14.6,23115.916025,-47341.667531,8739.637842,-40315.505795,24302.628719,-3092.274708,-2050.877477,-1335.092324,36.416359,-21.035172,-130.488022,0.0,0.0,1.0,0.0,0.503793,0.503793,1.0,53193.114754,78545.005019,-15730.105417,40.0,1.0,6616.579405,86728.621638,-31951.407045,39.999889,1.0,63904.906083,7952.901371,-62687.166722,38.724862,40000.0,32321.642578,12742.424805,12701.091797,40000.0,40000.0,40000.0,40000.0,40000.0,40000.0,23165.742188,40000.0,40000.0,40000.0,40000.0,40000.0,40000.0,40000.0,40000.0,40000.0,40000.0,12566.634766,40000.0,40000.0,5000.0,76082.066759,-18991.213824,31725.292545,0,true,true,1.0,-0.01,0
6,293,14.65,23295.994493,61845.673038,8862.318881,69253.186915,24381.570856,-3052.64092,-2098.313886,-1343.175373,36.039326,-21.004303,-129.084137,0.0,0.0,1.0,0.0,0.349965,0.349965,1.0,6778.581392,86933.359665,-31707.538267,40.0,1.0,53437.780758,77762.431209,-16225.254447,40.0,1.0,62181.072561,7146.023542,-63453.627833,39.072722,40000.0,32346.007812,12540.894531,12574.47168,40000.0,40000.0,40000.0,40000.0,40000.0,40000.0,24178.558594,40000.0,40000.0,40000.0,40000.0,40000.0,40000.0,40000.0,40000.0,40000.0,40000.0,12634.9375,40000.0,40000.0,5000.0,75936.316967,-20389.177539,30655.494824,0,true,true,1.0,-0.01,0
6,294,14.7,23386.255536,-47431.928574,8925.510516,-40378.69743,24421.713631,-3027.411121,-2119.48646,-1346.413463,35.843609,-20.97677,-128.369278,0.0,0.0,1.0,0.0,0.349965,0.279972,1.0,6856.794134,87035.77061,-31589.137355,40.0,1.0,53548.734806,77367.46734,-16489.397978,40.0,1.0,61288.871317,6750.006401,-63841.210806,39.210954,40000.0,32420.125,12440.205078,12600.147461,40000.0,40000.0,40000.0,40000.0,40000.0,40000.0,24197.294922,40000.0,40000.0,40000.0,40000.0,40000.0,40000.0,40000.0,40000.0,40000.0,15965.573242,12616.546875,40000.0,40000.0,5000.0,75852.972228,-21090.288989,30103.00453,0,true,true,1.0,-0.01,0
6,295,14.75,23567.95961,61663.968963,9056.370418,69122.327013,24503.751572,-2985.045646,-2170.171015,-1353.905785,35.450359,-20.9025,-126.947067,0.0,0.0,1.0,0.0,0.279972,0.139986,1.0,6982.108467,87244.761622,-31355.473835,40.0,1.0,53719.44797,76591.601766,-17028.780263,40.0,1.0,59461.132142,5997.856803,-64598.743066,39.432215,40000.0,32487.253906,12255.078125,12628.431641,36267.46875,40000.0,40000.0,40000.0,40000.0,40000.0,24659.095703,40000.0,40000.0,40000.0,40000.0,40000.0,40000.0,40000.0,40000.0,40000.0,14332.78418,12701.670898,40000.0,40000.0,5000.0,75659.701398,-22467.647582,28993.07725,0,true,true,1.0,-0.01,0
6,296,14.8,23740.90209,-47604.871053,9185.624931,-40507.951944,24583.291354,-2945.809243,-2222.069278,-1360.893905,35.058727,-20.795172,-125.542778,0.0,0.0,1.0,0.0,0.279972,0.139986,1.0,7106.108581,87445.665962,-31134.606301,40.0,1.0,53864.245917,75835.676732,-17588.585122,40.0,1.0,57631.20066,5297.13507,-65340.376418,39.586209,40000.0,32603.099609,12217.375,12673.529297,36691.105469,40000.0,40000.0,40000.0,40000.0,40000.0,24702.662109,40000.0,40000.0,40000.0,40000.0,40000.0,40000.0,40000.0,40000.0,40000.0,12897.59082,12801.59375,31416.837891,40000.0,5000.0,75450.101668,-23801.846811,27871.968386,0,true,true,1.0,-0.01,0
6,297,14.85,23825.647646,61579.223407,9250.740383,69057.211561,24622.823342,-2923.449984,-2246.274321,-1363.726838,34.866325,-20.73173,-124.854073,0.0,0.0,1.0,0.0,0.139986,0.069993,1.0,7156.538854,87545.898203,-31026.580723,40.0,1.0,53915.781744,75469.966595,-17869.69014,40.0,1.0,56713.279125,4970.873822,-65698.440276,39.646184,40000.0,40000.0,12193.103516,12697.298828,36686.746094,40000.0,40000.0,40000.0,40000.0,40000.0,25179.552734,40000.0,40000.0,40000.0,40000.0,40000.0,40000.0,40000.0,40000.0,40000.0,12278.249023,12855.160156,30852.847656,40000.0,5000.0,75336.508351,-24447.848264,27314.988444,0,true,true,1.0,-0.01,0
6,298,14.9,23994.564099,-47773.787506,9384.234423,-40641.445984,24702.787049,-2878.901139,-2296.658985,-1369.081633,34.490734,-20.58717,-123.509155,0.0,0.0,1.0,0.0,0.209979,0.069993,1.0,7214.627734,87751.034853,-30811.603663,40.0,1.0,53958.738342,74769.089937,-18428.121017,40.0,1.0,54860.691679,4371.530604,-66383.218032,39.742062,40000.0,40000.0,12137.827148,12735.357422,36705.644531,40000.0,40000.0,40000.0,40000.0,40000.0,25482.416016,40000.0,40000.0,40000.0,40000.0,40000.0,40000.0,40000.0,40000.0,40000.0,11198.853516,12966.542969,30381.486328,40000.0,5000.0,75089.319844,-25692.753706,26214.479879,0,true,true,1.0,-0.01,0
6,299,14.95,24088.9657,61484.821807,9461.641093,68979.80489,24748.464739,-2832.047857,-2322.199986,-1370.330633,34.304012,-20.498743,-122.844223,0.0,0.0,1.0,0.0,0.279972,0.139986,1.0,53880.110441,74433.760501,-18719.194187,40.0,1.0,53838.348494,4107.993678,-66718.29382,39.796857,1.0,101253.148357,40186.727151,-20644.246527,38.451899,40000.0,40000.0,12075.55957,12723.296875,36726.6875,40000.0,40000.0,40000.0,18017.115234,40000.0,26325.146484,40000.0,40000.0,40000.0,40000.0,40000.0,40000.0,40000.0,40000.0,40000.0,11016.408203,13080.869141,30085.183594,40000.0,5000.0,74946.098072,-26291.967881,25659.53416,0,true,true,1.0,-0.01,0
6,300,15.0,24275.063979,-47959.885786,9619.327339,-40799.13223,24840.046613,-2777.530935,-2379.959925,-1374.781278,33.919926,-20.27232,-121.488892,0.0,0.0,1.0,0.0,0.489951,0.209979,1.0,53704.503892,73778.976876,-19334.99092,40.0,1.0,51745.35949,3602.083208,-67399.378438,39.860622,1.0,100556.421542,38823.454868,-21987.422887,38.937836,40000.0,40000.0,11871.782227,12710.578125,36464.332031,40000.0,40000.0,40000.0,18119.324219,40000.0,40000.0,40000.0,40000.0,40000.0,40000.0,40000.0,40000.0,40000.0,40000.0,40000.0,11015.133789,13178.478516,29617.914062,39836.613281,5000.0,74656.023505,-27479.791613,24488.546866,0,true,true,1.0,-0.01,0
6,301,15.05,24356.316346,61403.56944,9690.274559,68908.857671,24880.543209,-2765.058796,-2414.369486,-1378.119453,33.725353,-20.134352,-120.804291,0.0,0.0,1.0,0.0,0.419958,0.139986,1.0,53657.221958,73448.279566,-19669.958681,40.0,1.0,50730.57278,3351.330994,-67753.743607,39.881101,1.0,100237.509458,38142.607868,-22705.29023,39.093896,40000.0,40000.0,11778.270508,12740.451172,36496.257812,40000.0,40000.0,40000.0,18155.884766,40000.0,40000.0,40000.0,40000.0,40000.0,40000.0,40000.0,40000.0,40000.0,40000.0,40000.0,11014.013672,13211.158203,30086.488281,39644.738281,5000.0,74523.41532,-28066.455501,23873.854665,0,true,true,1.0,-0.01,0
6,302,15.1,24522.597967,-48126.167407,9839.840788,-40948.698459,24964.745389,-2716.483329,-2467.596951,-1380.539518,33.324303,-19.789536,-119.397316,0.0,0.0,1.0,0.0,0.559944,0.209979,1.0,53482.482173,72797.100797,-20403.606144,40.0,1.0,48563.422149,2882.073285,-68489.9073,39.914636,1.0,99501.808911,36800.595807,-24253.866421,39.349465,31400.832031,40000.0,11584.080078,40000.0,40000.0,40000.0,40000.0,40000.0,18231.443359,28157.150391,40000.0,40000.0,40000.0,40000.0,40000.0,40000.0,40000.0,40000.0,40000.0,40000.0,11039.791016,13437.742188,31531.425781,39300.734375,5000.0,74251.039672,-29228.904932,22556.136691,0,true,true,1.0,-0.01,0
6,303,15.15,24680.319605,61245.847802,9987.334428,68761.364031,25046.102602,-2662.993315,-2514.685616,-1380.471187,32.911247,-19.338036,-117.942596,0.0,0.0,1.0,0.0,0.69993,0.209979,1.0,53264.16054,72154.569565,-21239.058162,40.0,1.0,46279.614794,2446.73287,-69274.235151,39.937936,1.0,98694.317875,35483.091387,-25982.014857,39.527024,29216.013672,40000.0,11392.241211,40000.0,40000.0,40000.0,40000.0,40000.0,18292.992188,27414.693359,40000.0,40000.0,40000.0,40000.0,40000.0,40000.0,40000.0,40000.0,40000.0,14123.048828,11087.030273,40000.0,33120.191406,38917.585938,5000.0,73991.121941,-30371.007099,21103.141576,0,true,true,1.0,-0.01,0
6,304,15.2,24762.599039,-48208.44684,10066.670863,-41028.034893,25089.230222,-2631.367175,-2537.247544,-1379.258457,32.701904,-19.071333,-117.199295,0.0,0.0,1.0,0.0,0.69993,0.139986,1.0,53095.052136,71844.866195,-21688.418563,40.0,1.0,45051.445427,2252.308563,-69673.963873,39.947639,1.0,98222.485932,34844.560567,-26903.671224,39.600971,29116.439453,40000.0,11291.40625,40000.0,40000.0,40000.0,40000.0,40000.0,18327.548828,25711.089844,40000.0,40000.0,40000.0,40000.0,40000.0,40000.0,40000.0,40000.0,40000.0,13089.459961,11102.410156,40000.0,40000.0,38720.671875,5000.0,73854.793172,-30930.795352,20328.307961,0,true,true,1.0,-0.01,0
6,305,15.25,24918.516677,61089.930163,10221.66246,68606.372434,25172.053612,-2581.306668,-2592.342127,-1377.408928,32.28651,-18.451565,-115.700432,0.0,0.0,1.0,0.0,0.559944,0.069993,1.0,52710.654872,71248.345684,-22654.228817,40.0,1.0,42524.45692,1901.91656,-70490.637427,39.962192,1.0,97218.043291,33616.654548,-28865.526444,39.711873,29055.654297,11095.90918,11094.762695,40000.0,40000.0,40000.0,40000.0,40000.0,40000.0,25499.564453,40000.0,40000.0,40000.0,40000.0,40000.0,40000.0,40000.0,40000.0,40000.0,11121.019531,11158.453125,40000.0,40000.0,39837.988281,5000.0,73593.878418,-32012.08739,18685.498739,0,true,true,1.0,-0.01,0
6,306,15.3,25068.125422,-48358.055585,10376.562611,-41182.935044,25252.950364,-2530.894305,-2647.262841,-1373.354536,31.886337,-17.749607,-114.211388,0.0,0.0,1.0,0.0,0.559944,0.0,1.0,27628.922156,37339.876791,-53691.724374,43.598691,1.0,52244.15009,70689.931612,-23664.66608,40.0,1.0,39919.59673,1609.917708,-71286.47576,39.972504,29060.726562,10823.088867,10902.977539,40000.0,40000.0,40000.0,40000.0,40000.0,40000.0,25372.306641,40000.0,40000.0,40000.0,40000.0,40000.0,40000.0,40000.0,40000.0,40000.0,9923.888672,11226.890625,40000.0,40000.0,40000.0,5000.0,73325.170489,-33038.695147,16972.420938,0,true,true,1.0,-0.01,0
6,307,15.35,25143.308535,61014.74705,10456.885046,68526.049999,25294.166125,-2497.321714,-2668.03213,-1369.044348,31.692184,-17.36562,-113.468994,0.0,0.0,1.0,0.0,0.629937,0.069993,1.0,26786.619675,37284.871262,-53900.789332,47.572814,1.0,51961.096407,70427.844058,-24185.224649,40.0,1.0,38566.293773,1488.897624,-71672.743684,39.976642,28988.042969,10687.058594,10806.051758,40000.0,40000.0,40000.0,40000.0,40000.0,40000.0,25318.507812,40000.0,40000.0,40000.0,40000.0,40000.0,40000.0,40000.0,40000.0,40000.0,9854.34082,11325.34082,40000.0,40000.0,40000.0,5000.0,73183.451686,-33531.223888,16086.969333,0,true,true,1.0,-0.01,0
6,308,15.4,25287.43893,-48502.18598,10615.776099,-41341.826097,25374.136029,-2442.954209,-2721.683586,-1360.828182,31.31324,-16.518932,-111.974525,0.0,0.0,1.0,0.0,0.629937,0.069993,1.0,25036.931707,37194.545565,-54318.831229,53.66933,1.0,51337.577283,69925.322478,-25277.907674,40.0,1.0,35780.850661,1281.49449,-72436.060692,39.982992,28980.792969,10422.09668,10617.087891,40000.0,40000.0,40000.0,40000.0,40000.0,40000.0,26144.695312,40000.0,40000.0,40000.0,40000.0,40000.0,40000.0,40000.0,40000.0,40000.0,9845.071289,11364.706055,28716.632812,40000.0,40000.0,5000.0,72894.42612,-34484.287914,14233.134006,0,true,true,1.0,-0.01,0
6,309,15.45,25431.813542,60870.372438,10782.01894,68359.807158,25455.611025,-2382.452306,-2773.813179,-1348.924996,30.957394,-15.596383,-110.496498,0.0,0.0,1.0,0.0,0.559944,0.069993,1.0,23179.337603,37145.380203,-54700.139329,58.220825,1.0,50585.041188,69469.122488,-26390.076956,40.0,1.0,32880.820165,1136.988446,-73141.854224,39.987732,28985.539062,10160.124023,10427.18457,40000.0,40000.0,40000.0,40000.0,40000.0,40000.0,26540.095703,40000.0,40000.0,40000.0,40000.0,40000.0,40000.0,40000.0,40000.0,40000.0,9844.267578,11454.807617,27679.523438,40000.0,40000.0,5000.0,72575.446782,-35381.678844,12322.369917,0,true,true,1.0,-0.01,0
6,310,15.5,25501.012067,-48571.384505,10864.365702,-41424.17286,25495.09414,-2351.811354,-2798.673115,-1341.890455,30.789135,-15.109523,-109.765388,0.0,0.0,1.0,0.0,0.559944,0.0,1.0,22232.170828,37131.36267,-54878.723919,59.953748,1.0,50182.035009,69254.716299,-26953.058783,40.0,1.0,31413.027879,1082.595375,-73473.322931,39.989537,28944.988281,10033.844727,10335.394531,40000.0,40000.0,40000.0,40000.0,40000.0,40000.0,26477.929688,40000.0,40000.0,40000.0,40000.0,40000.0,40000.0,40000.0,40000.0,40000.0,9898.777344,11570.508789,27377.015625,40000.0,40000.0,5000.0,72407.780226,-35810.801574,11348.698016,0,true,true,1.0,-0.01,0
6,311,15.55,25636.132727,60735.251778,11030.578782,68193.594077,25573.014075,-2292.710576,-2851.839341,-1326.139041,30.476877,-14.106706,-108.335724,0.0,0.0,1.0,0.0,0.279972,0.0,1.0,20308.929456,37128.206733,-55194.844413,62.681052,1.0,49313.335824,68858.816714,-28063.771977,40.0,1.0,28458.993167,1013.190393,-74072.063329,39.992377,28981.914062,9789.0,10155.989258,40000.0,40000.0,40000.0,40000.0,40000.0,40000.0,26851.533203,40000.0,40000.0,40000.0,40000.0,40000.0,40000.0,40000.0,40000.0,13043.27832,9915.533203,40000.0,26753.865234,36645.773438,40000.0,5000.0,72047.757491,-36625.480021,9400.316879,0,true,true,1.0,-0.01,0
6,312,15.6,25766.284053,-48701.535831,11197.989078,-41591.583155,25649.055379,-2232.970783,-2904.619676,-1307.595874,29.767527,-13.117332,-106.978889,0.0,0.0,1.0,-1.0,0.139986,0.0,1.0,18409.925449,36732.162507,-55718.307129,64.648617,1.0,12780.233398,23883.724513,-64578.293985,47.06176,1.0,25585.330182,418.942216,-74561.533042,44.164112,39527.789062,9556.999023,9983.743164,40000.0,40000.0,40000.0,40000.0,40000.0,40000.0,26731.044922,40000.0,40000.0,40000.0,40000.0,40000.0,40000.0,40000.0,40000.0,10193.891602,9942.859375,40000.0,27165.388672,36209.023438,40000.0,5000.0,71648.616467,-37324.96365,7809.073316,0,true,true,1.0,-0.01,0
6,313,15.65,25837.626881,60663.90895,11293.196145,68098.38701,25691.268829,-2186.73331,-2918.197531,-1293.88699,29.207037,-12.631866,-106.334122,0.0,0.0,1.0,-1.0,0.069993,0.0,1.0,17419.281083,36340.087818,-56075.47224,65.521569,1.0,11608.262432,23458.569341,-64768.785908,50.803595,1.0,24141.44303,-131.098404,-74738.468336,48.37863,40000.0,9434.824219,9889.149414,40000.0,40000.0,40000.0,40000.0,40000.0,40000.0,27288.380859,40000.0,40000.0,40000.0,40000.0,40000.0,40000.0,40000.0,40000.0,9131.399414,9906.292969,40000.0,27701.011719,35972.742188,40000.0,5000.0,71424.66244,-37627.415436,7202.160821,0,true,true,1.0,-0.01,0
6,314,15.7,25966.754528,-48830.663477,11471.781579,-41770.16859,25768.217966,-2127.681184,-2978.063413,-1271.238423,27.70686,-11.685994,-105.120842,0.0,0.0,1.0,-1.0,0.0,0.0,1.0,15536.393022,35148.226076,-56997.738933,66.76908,1.0,9384.872337,22144.312772,-65264.067659,56.150944,1.0,21406.204064,-1748.414869,-75003.222407,54.401476,40000.0,9210.884766,9715.628906,40000.0,40000.0,40000.0,40000.0,40000.0,40000.0,40000.0,40000.0,40000.0,40000.0,40000.0,40000.0,40000.0,40000.0,40000.0,9022.463867,9943.459961,40000.0,28872.59375,35516.757812,40000.0,5000.0,70979.772724,-38164.397697,6353.453827,0,true,true,1.0,-0.01,0
6,315,15.75,26087.259352,60543.404125,11646.416371,67923.752218,25840.737061,-2066.936365,-3030.487283,-1246.479977,25.744295,-10.715031,-104.020477,0.0,0.0,1.0,-1.0,0.349965,-0.279972,1.0,13654.343833,33457.971347,-58142.830456,67.636595,1.0,7193.527499,20268.16694,-65860.477156,59.869469,1.0,18744.265229,-3986.19069,-75129.887385,58.58974,40000.0,8999.461914,9548.010742,40000.0,40000.0,40000.0,40000.0,40000.0,40000.0,40000.0,40000.0,40000.0,40000.0,40000.0,40000.0,40000.0,40000.0,40000.0,9007.042969,9984.21582,40000.0,40000.0,35185.015625,40000.0,5000.0,70561.681654,-38578.397363,5915.353642,0,true,true,1.0,-0.01,0
6,316,15.8,26206.404255,-48949.80838,11827.490843,-41951.243061,25913.156081,-2001.394825,-3078.373793,-1218.16224,23.346014,-9.674413,-103.055183,0.0,0.0,1.0,-1.0,0.209979,-0.139986,1.0,11667.627412,31285.349765,-59447.802341,68.283601,1.0,4933.619123,17858.288883,-66493.533461,62.642804,1.0,16066.697051,-6789.972899,-75065.092085,61.713414,40000.0,8788.244141,9373.105469,40000.0,40000.0,40000.0,40000.0,40000.0,40000.0,40000.0,40000.0,40000.0,40000.0,40000.0,40000.0,40000.0,40000.0,40000.0,8994.683594,10022.131836,40000.0,40000.0,34828.28125,26966.480469,5000.0,70193.856163,-38828.448681,5834.840196,0,true,true,1.0,-0.01,0
6,317,15.85,26266.019654,60483.788726,11921.481514,67829.761547,25949.639321,-1964.302412,-3096.953195,-1202.10748,21.989023,-9.148149,-102.619057,0.0,0.0,1.0,-1.0,0.069993,-0.139986,1.0,10653.908175,30014.207963,-60135.528468,68.544059,1.0,3796.21111,16456.340292,-66801.21476,63.759236,1.0,14738.090536,-8396.788214,-74936.720516,62.970879,40000.0,8681.90625,9282.436523,40000.0,40000.0,40000.0,40000.0,40000.0,40000.0,40000.0,40000.0,40000.0,40000.0,40000.0,40000.0,40000.0,40000.0,40000.0,9021.889648,10040.732422,40000.0,40000.0,34665.117188,26155.996094,5000.0,70019.611275,-38906.857793,5941.642847,0,true,true,1.0,-0.01,0
6,318,15.9,26378.306331,-49062.095057,12104.964573,-42134.72612,26018.628456,-1902.318248,-3145.955599,-1170.589789,19.34025,-8.137279,-101.906113,0.0,0.0,1.0,0.0,0.069993,-0.069993,1.0,8694.010167,27479.300965,-61371.725803,68.938958,1.0,1632.83448,13679.166681,-67285.375288,65.451937,1.0,12258.678423,-11532.958787,-74524.222876,64.877408,39776.527344,8479.441406,9103.901367,40000.0,40000.0,40000.0,40000.0,40000.0,40000.0,40000.0,40000.0,40000.0,40000.0,40000.0,40000.0,40000.0,40000.0,40000.0,8983.123047,10071.915039,40000.0,40000.0,36459.460938,25182.726562,5000.0,69729.975661,-38952.356043,6271.837674,0,true,true,1.0,-0.01,0
6,319,15.95,26439.936582,60422.158475,12210.483536,67724.242584,26056.80737,-1848.907427,-3165.568734,-1145.367361,18.203714,-7.662597,-101.631699,0.0,0.0,1.0,0.0,0.069993,-0.139986,1.0,7685.83502,26401.728306,-61832.284033,69.164677,1.0,545.514461,12504.327067,-67413.790971,66.41946,1.0,11042.427041,-12833.446672,-74259.580774,65.967152,39574.128906,8367.589844,8999.955078,40000.0,40000.0,40000.0,40000.0,40000.0,40000.0,40000.0,40000.0,40000.0,40000.0,40000.0,40000.0,40000.0,40000.0,40000.0,9026.761719,10136.100586,40000.0,40000.0,38242.742188,25028.759766,5000.0,69598.234534,-38928.329818,6399.043688,0,true,true,1.0,-0.01,0
6,320,16.0,26559.181598,-49181.340073,12423.156312,-42347.398896,26130.879211,-1779.372335,-3215.812576,-1105.94766,16.057068,-6.742175,-101.152306,0.0,0.0,1.0,0.0,0.0,-0.069993,1.0,5701.490015,24348.008935,-62617.621091,69.423289,1.0,-1577.273702,10282.016978,-67561.569674,67.527978,1.0,8696.573659,-15278.635735,-73654.654022,67.215702,39194.984375,8145.613281,8790.270508,40000.0,40000.0,40000.0,40000.0,40000.0,40000.0,40000.0,40000.0,40000.0,40000.0,40000.0,40000.0,40000.0,40000.0,13478.036133,8977.464844,10107.476562,40000.0,40000.0,40000.0,24749.755859,5000.0,69350.29803,-38854.758231,6643.358312,0,true,true,1.0,-0.01,0
6,321,16.05,26612.449653,60368.89042,12521.760516,67625.63838,26163.931561,-1753.640372,-3246.154087,-1088.118109,15.038821,-6.295341,-100.943153,0.0,0.0,1.0,0.0,0.0,-0.069993,1.0,4761.974187,23357.261562,-62960.501951,69.510879,1.0,-2577.238188,9218.376748,-67597.640779,67.903425,1.0,7598.730169,-16438.442579,-73328.588046,67.638577,39025.132812,8043.520508,8693.049805,40000.0,40000.0,40000.0,40000.0,40000.0,40000.0,40000.0,40000.0,40000.0,40000.0,40000.0,40000.0,40000.0,40000.0,8794.128906,9025.325195,10173.167969,40000.0,40000.0,40000.0,24648.898438,5000.0,69242.602901,-38809.106199,6758.240329,0,true,true,1.0,-0.01,0
6,322,16.1,26718.249314,-49287.139734,12724.856417,-42550.494797,26229.601197,-1695.15585,-3293.229869,-1049.750763,13.108766,-5.428915,-100.603462,0.0,0.0,1.0,0.0,-0.069993,-0.279972,1.0,2889.794676,21471.276285,-63532.887153,69.650815,1.0,-4548.383476,7203.82129,-67581.145092,68.503247,1.0,5464.47921,-18608.965882,-72615.078357,68.314171,38808.710938,7835.964844,8491.666016,40000.0,40000.0,40000.0,40000.0,40000.0,40000.0,40000.0,40000.0,40000.0,40000.0,40000.0,40000.0,40000.0,40000.0,8584.25293,8982.234375,40000.0,40000.0,40000.0,40000.0,24484.673828,5000.0,69049.232708,-38669.543182,6983.979855,0,true,true,1.0,-0.01,0
6,323,16.15,26814.570345,60272.569389,12918.337743,67432.157053,26289.115879,-1640.377115,-3331.758736,-1012.183985,11.306094,-4.618063,-100.413696,0.0,0.0,1.0,0.0,-0.279972,-0.489951,1.0,1119.128193,19680.574355,-63992.54125,69.745118,1.0,-6377.173396,5297.30256,-67485.693632,68.907472,1.0,3539.152849,-20623.910512,-71851.283188,68.76946,38593.917969,7640.54541,8296.431641,40000.0,40000.0,40000.0,40000.0,40000.0,40000.0,40000.0,40000.0,40000.0,40000.0,40000.0,40000.0,40000.0,40000.0,8624.939453,9034.37793,40000.0,40000.0,40000.0,40000.0,24220.324219,5000.0,68931.378519,-38414.53176,7235.715355,0,true,true,1.0,-0.01,0
6,324,16.2,26861.854803,-49334.424192,13016.509483,-42648.666536,26318.223853,-1612.774618,-3348.43408,-992.812548,10.449588,-4.244271,-100.380821,0.0,0.0,1.0,0.0,-0.279972,-0.489951,1.0,260.616297,18823.161271,-64180.141385,69.782482,1.0,-7247.936468,4384.767245,-67409.626161,69.06763,1.0,2647.213116,-21572.054566,-71450.09358,68.949849,38464.84375,7542.408203,8195.959961,40000.0,40000.0,40000.0,40000.0,40000.0,40000.0,40000.0,40000.0,40000.0,40000.0,40000.0,40000.0,40000.0,40000.0,8596.299805,8987.297852,40000.0,40000.0,40000.0,40000.0,24104.232422,5000.0,68897.629157,-38235.116122,7383.932417,0,true,true,1.0,-0.01,0
6,325,16.25,26957.867136,60176.557056,13222.651863,67226.014673,26377.045336,-1557.14682,-3380.532224,-951.917493,8.820631,-3.566365,-100.402939,0.0,0.0,1.0,0.0,-0.209979,-0.279972,1.0,-1422.482354,17187.646192,-64475.142819,69.843891,1.0,-8912.322415,2659.109369,-67202.029871,69.330853,1.0,958.556264,-23350.118582,-70615.492608,69.246324,38168.925781,7338.293945,7983.540527,40000.0,40000.0,40000.0,40000.0,40000.0,40000.0,40000.0,40000.0,40000.0,40000.0,40000.0,40000.0,40000.0,40000.0,8584.478516,9037.951172,40000.0,40000.0,40000.0,40000.0,23853.830078,5000.0,68851.409257,-37808.502734,7719.601626,0,true,true,1.0,-0.01,0
6,326,16.3,27046.623345,-49423.180401,13421.345048,-42847.359721,26430.78192,-1512.437557,-3420.21005,-912.697167,7.290495,-2.955562,-100.493134,0.0,0.0,1.0,0.0,-0.069993,-0.069993,1.0,-2996.941482,15629.84457,-64698.427345,69.886047,1.0,-10429.78178,1034.513621,-66952.557508,69.511551,1.0,-572.279456,-25010.125302,-69771.469438,69.449848,37864.464844,7142.797363,7777.687012,8667.428711,40000.0,40000.0,40000.0,40000.0,40000.0,40000.0,40000.0,40000.0,40000.0,40000.0,40000.0,40000.0,40000.0,8630.050781,8996.230469,40000.0,40000.0,40000.0,40000.0,23626.804688,5000.0,68833.387307,-37342.121458,8063.341901,0,true,true,1.0,-0.01,0
6,327,16.35,27088.730786,60134.449615,13518.405221,67128.9545,26456.009597,-1491.447687,-3437.876212,-893.565585,6.558216,-2.669376,-100.549095,0.0,0.0,1.0,0.0,-0.069993,-0.069993,1.0,-3751.238193,14878.284677,-64786.4018,69.902133,1.0,-11151.853456,254.73944,-66814.909876,69.580502,1.0,-1296.845891,-25799.907983,-69347.783986,69.527509,37767.46875,7047.640137,7677.171387,8552.829102,40000.0,40000.0,40000.0,40000.0,40000.0,40000.0,40000.0,40000.0,40000.0,40000.0,40000.0,40000.0,40000.0,8598.84668,8999.820312,40000.0,40000.0,40000.0,40000.0,23523.261719,5000.0,68827.061181,-37108.426072,8230.53724,0,true,true,1.0,-0.01,0
6,328,16.4,27174.398383,-49508.847997,13721.681765,-43050.636265,26506.799357,-1447.47883,-3467.461545,-853.734633,5.158455,-2.135759,-100.680504,0.0,0.0,1.0,0.0,-0.069993,-0.069993,1.0,-5252.722765,13442.216564,-64907.99574,69.928794,1.0,-12580.895787,-1227.824275,-66506.752665,69.694782,1.0,-2726.202476,-27286.664429,-68490.233827,69.656226,37569.257812,6849.19873,7370.732422,8313.008789,40000.0,40000.0,40000.0,40000.0,40000.0,40000.0,40000.0,40000.0,40000.0,40000.0,40000.0,40000.0,40000.0,8647.422852,9056.916016,40000.0,40000.0,40000.0,40000.0,23290.173828,5000.0,68804.47918,-36637.952886,8559.707424,0,true,true,1.0,-0.01,0
6,329,16.45,27260.832931,60048.015066,13934.758242,66915.878023,26557.148624,-1402.208541,-3489.446414,-812.811514,4.047076,-1.721916,-100.803108,0.0,0.0,1.0,0.0,-0.069993,-0.069993,1.0,-6652.022088,12328.623617,-64932.13869,69.948909,1.0,-13913.391975,-2359.215246,-66190.17832,69.781004,1.0,-4061.090992,-28412.69845,-67736.606037,69.75334,37365.285156,6642.206055,6861.440918,8064.804688,40000.0,40000.0,40000.0,40000.0,40000.0,40000.0,40000.0,40000.0,40000.0,40000.0,40000.0,40000.0,40000.0,8634.457031,9026.235352,40000.0,40000.0,40000.0,40000.0,23040.921875,5000.0,68737.383932,-36240.538258,8832.050425,0,true,true,1.0,-0.01,0
6,330,16.5,27301.64309,-49549.658156,14038.122871,-43154.000894,26580.516083,-1385.132635,-3508.286327,-793.112087,3.516059,-1.531426,-100.86721,0.0,0.0,1.0,0.0,-0.069993,0.0,1.0,-7318.003052,11792.506997,-64935.336409,69.956436,1.0,-14542.181647,-2906.13293,-66031.980091,69.813266,1.0,-4692.567766,-28949.082951,-67368.337739,69.789677,37267.894531,6541.890625,6755.787598,7944.356934,40000.0,40000.0,40000.0,40000.0,40000.0,40000.0,40000.0,40000.0,40000.0,40000.0,40000.0,40000.0,40000.0,8645.549805,9035.092773,40000.0,40000.0,40000.0,40000.0,22920.931641,5000.0,68704.699255,-36046.743982,8966.846182,0,true,true,1.0,-0.01,0
6,331,16.55,27377.331732,59972.326424,14234.508157,66719.492737,26623.067887,-1354.563245,-3542.497156,-756.34897,2.707342,-1.242722,-100.968483,0.0,0.0,1.0,0.0,0.0,0.0,1.0,-8494.17612,10997.434015,-64899.700762,69.967703,1.0,-15652.449981,-3711.945492,-65750.724358,69.861561,1.0,-5817.906115,-29730.34324,-66767.483075,69.844073,37081.675781,6350.659668,6556.153809,7717.919434,40000.0,40000.0,40000.0,40000.0,40000.0,40000.0,40000.0,40000.0,40000.0,40000.0,40000.0,40000.0,40000.0,8713.611328,9086.302734,40000.0,40000.0,40000.0,40000.0,22699.390625,5000.0,68614.48972,-35743.355816,9175.648184,0,true,true,1.0,-0.01,0
6,332,16.6,27452.240771,-49624.567195,14435.028472,-43354.521209,26664.2097,-1319.814761,-3560.144216,-720.748066,2.101033,-1.031572,-101.047401,0.0,0.0,1.0,0.0,-0.069993,0.0,1.0,-9593.294959,10430.071576,-64827.031064,69.976168,1.0,-16690.026373,-4281.323941,-65494.610647,69.897845,1.0,-6882.658465,-30271.756008,-66271.392646,69.88494,36889.296875,40000.0,6353.393555,7489.181152,40000.0,40000.0,40000.0,40000.0,40000.0,40000.0,40000.0,40000.0,40000.0,40000.0,40000.0,40000.0,40000.0,8695.383789,9079.44043,40000.0,40000.0,40000.0,40000.0,22480.46875,5000.0,68490.664501,-35506.533239,9343.54663,0,true,true,1.0,-0.01,0
6,333,16.65,27528.192782,59896.374412,14644.696926,66509.824283,26704.896977,-1288.814128,-3584.845395,-684.624339,1.653675,-0.879583,-101.107262,0.0,0.0,1.0,0.0,0.0,0.0,1.0,-10658.412695,10043.802624,-64728.200916,69.982644,1.0,-17696.249066,-4663.596594,-65260.90058,69.925607,1.0,-7928.011425,-30624.077244,-65860.349637,69.916209,36685.546875,40000.0,6142.192871,7252.087402,40000.0,40000.0,40000.0,40000.0,40000.0,40000.0,40000.0,40000.0,40000.0,40000.0,40000.0,40000.0,40000.0,8770.318359,9157.414062,40000.0,40000.0,40000.0,40000.0,22257.966797,5000.0,68334.343194,-35322.494056,9479.743907,0,true,true,1.0,-0.01,0
6,334,16.7,27563.246678,-49659.621091,14743.559718,-43453.384,26723.251382,-1275.856348,-3598.308181,-668.045132,1.484148,-0.822134,-101.130272,0.0,0.0,1.0,0.0,0.0,0.0,1.0,-11142.944258,9906.756519,-64678.069714,69.985029,1.0,-18154.310783,-4797.687844,-65159.694567,69.935826,1.0,-8406.896794,-30743.95324,-65692.016591,69.92772,36588.78125,40000.0,6042.78418,7140.700684,40000.0,40000.0,40000.0,40000.0,40000.0,40000.0,40000.0,40000.0,40000.0,40000.0,40000.0,40000.0,9042.446289,8785.311523,9123.074219,40000.0,40000.0,40000.0,40000.0,22154.658203,5000.0,68254.874916,-35250.14937,9533.88411,0,true,true,1.0,-0.01,0
6,335,16.75,27635.4224,59824.19869,14951.468167,66301.915833,26760.314552,-1247.372107,-3618.145472,-634.903218,1.228906,-0.735794,-101.165268,0.0,0.0,1.0,0.0,0.0,0.0,1.0,-12102.618129,9718.440734,-64565.320603,69.989031,1.0,-19078.378329,-4965.86976,-64969.933094,69.952981,1.0,-9380.996381,-30882.836644,-65401.327666,69.947041,36383.414062,40000.0,5834.049805,6907.537109,40000.0,40000.0,40000.0,40000.0,40000.0,40000.0,40000.0,40000.0,40000.0,40000.0,40000.0,40000.0,9011.382812,8773.646484,9202.732422,40000.0,40000.0,40000.0,40000.0,21941.009766,5000.0,68073.485856,-35133.545259,9624.058699,0,true,true,1.0,-0.01,0
6,336,16.8,27705.590332,-49729.789022,15159.12151,-43661.037343,26795.295011,-1221.694046,-3639.265306,-603.334047,1.054,-0.676738,-101.189491,0.0,0.0,1.0,0.0,0.0,0.0,1.0,-13007.551951,9603.68392,-64450.607527,69.991944,1.0,-19969.87861,-5047.075981,-64802.401873,69.96547,1.0,-10327.333512,-30935.177726,-65164.771391,69.961108,36176.753906,40000.0,5625.794922,6675.365723,40000.0,40000.0,40000.0,40000.0,40000.0,40000.0,40000.0,40000.0,40000.0,40000.0,40000.0,40000.0,9079.661133,8853.194336,21506.783203,40000.0,40000.0,40000.0,40000.0,21731.033203,5000.0,67881.176781,-35045.95031,9694.742833,0,true,true,1.0,-0.01,0
6,337,16.85,27774.058248,59755.730774,15367.003766,66094.033577,26828.408503,-1196.413028,-3655.379932,-573.790674,0.924224,-0.637061,-101.207649,0.0,0.0,1.0,0.0,-0.069993,0.0,1.0,-13886.526484,9534.228518,-64338.733216,69.994076,1.0,-20839.441049,-5082.28838,-64651.850552,69.974605,1.0,-11225.078408,-30938.847856,-64962.053902,69.971397,35968.90625,40000.0,5417.383789,6443.302246,40000.0,40000.0,40000.0,40000.0,40000.0,40000.0,40000.0,40000.0,40000.0,40000.0,40000.0,40000.0,9086.444336,8844.987305,21733.126953,40000.0,40000.0,40000.0,40000.0,21523.314453,5000.0,67681.786685,-34975.331378,9758.687881,0,true,true,1.0,-0.01,0
6,338,16.9,27807.336998,-49763.067772,15469.914327,-43763.947904,26844.128857,-1184.841006,-3663.979365,-559.700094,0.871036,-0.622535,-101.215149,0.0,0.0,1.0,0.0,0.0,0.0,1.0,-14315.011062,9510.655253,-64285.069684,69.994908,1.0,-21263.771075,-5089.28121,-64582.553488,69.978172,1.0,-11659.965791,-30929.982819,-64871.061283,69.975414,35865.777344,40000.0,5314.19873,6328.512695,40000.0,40000.0,40000.0,40000.0,40000.0,40000.0,40000.0,40000.0,40000.0,40000.0,40000.0,40000.0,9105.905273,8864.525391,21794.222656,40000.0,40000.0,40000.0,40000.0,21421.238281,5000.0,67581.375354,-34944.718423,9788.921116,0,true,true,1.0,-0.01,0
6,339,16.95,27879.390034,59683.677738,15697.676056,65866.271848,26877.378034,-1149.785157,-3665.912863,-526.418575,0.794866,-0.601747,-101.225922,0.0,0.0,1.0,0.0,0.0,0.0,1.0,-15239.943276,9496.609095,-64167.920044,69.996618,1.0,-22180.361607,-5059.889274,-64442.776973,69.985505,1.0,-12607.398579,-30859.919551,-64700.171419,69.983674,35636.582031,40000.0,5085.895508,6074.724609,7391.732422,40000.0,40000.0,40000.0,40000.0,40000.0,40000.0,40000.0,40000.0,40000.0,40000.0,40000.0,9196.172852,8906.326172,22051.019531,40000.0,40000.0,40000.0,40000.0,21203.576172,5000.0,67353.88381,-34892.710767,9842.21148,0,true,true,1.0,-0.01,0
6,340,17.0,27917.297348,-49800.975086,15820.190774,-43886.462623,26894.408703,-1137.219358,-3675.441357,-510.920066,0.76376,-0.628238,-101.225815,0.0,0.0,1.0,0.0,-0.489951,0.069993,1.0,-15697.167208,9501.083822,-64116.789368,69.997197,1.0,-22635.074871,-5035.101028,-64386.652804,69.987987,1.0,-13078.451637,-30817.034494,-64625.549534,69.986469,35512.570312,40000.0,4963.174805,5938.498535,7226.006348,40000.0,40000.0,40000.0,40000.0,40000.0,40000.0,40000.0,40000.0,40000.0,40000.0,40000.0,9174.694336,8930.138672,22107.574219,40000.0,40000.0,40000.0,40000.0,21067.953125,5000.0,67221.311127,-34874.776176,9908.095655,0,true,true,1.0,-0.01,0
6,341,17.05,27986.046391,59614.928695,16046.850008,65639.612615,26924.283053,-1120.044364,-3713.739102,-479.848126,0.708998,-0.706176,-101.226013,0.0,0.0,1.0,0.0,0.0,0.0,1.0,-16506.728749,9506.58133,-64037.850141,69.998061,1.0,-23439.822854,-4991.095844,-64302.720598,69.991687,1.0,-13907.714919,-30740.672702,-64503.872084,69.990636,35283.355469,40000.0,4736.070312,5257.17627,6919.248535,40000.0,40000.0,40000.0,40000.0,40000.0,40000.0,40000.0,40000.0,40000.0,40000.0,40000.0,9228.301758,9020.1875,22384.636719,40000.0,40000.0,40000.0,40000.0,20817.791016,5000.0,66971.200218,-34843.222538,10060.104381,0,true,true,1.0,-0.01,0
6,342,17.1,28020.048656,-49834.977351,16160.868071,-44000.480685,26938.685822,-1106.64637,-3710.860912,-468.756202,0.688709,-0.735052,-101.226059,0.0,0.0,1.0,0.0,0.0,0.0,1.0,-16927.069867,9516.741487,-63997.31757,69.998358,1.0,-23858.092498,-4963.90706,-64260.31668,69.992964,1.0,-14337.293845,-30698.345346,-64447.506891,69.992075,35167.984375,40000.0,4621.786133,5130.308594,6764.863281,40000.0,40000.0,40000.0,40000.0,40000.0,40000.0,40000.0,40000.0,40000.0,40000.0,40000.0,9291.163086,8998.779297,22447.634766,40000.0,40000.0,40000.0,40000.0,20703.142578,5000.0,66847.304329,-34829.005152,10119.207205,0,true,true,1.0,-0.01,0
6,343,17.15,28080.344832,59554.632519,16366.036076,65434.444609,26963.491102,-1093.423801,-3738.490676,-445.935775,0.657675,-0.779219,-101.22612,0.0,0.0,1.0,0.0,0.0,0.0,1.0,-17691.504842,9538.382492,-63926.679729,69.998779,1.0,-24618.999017,-4912.658661,-64186.790135,69.994764,1.0,-15118.522543,-30619.60547,-64352.660196,69.994103,34960.222656,40000.0,4416.03125,4901.899414,6486.956543,40000.0,40000.0,40000.0,40000.0,40000.0,40000.0,40000.0,40000.0,40000.0,40000.0,40000.0,9289.109375,9066.016602,22682.080078,40000.0,40000.0,40000.0,40000.0,20506.974609,5000.0,66625.897176,-34805.097548,10211.720725,0,true,true,1.0,-0.01,0
6,344,17.2,28145.352308,-49899.984826,16591.745479,-44226.190088,26989.542765,-1070.46475,-3735.568923,-426.467612,0.636509,-0.809341,-101.226143,0.0,0.0,1.0,0.0,0.0,0.0,1.0,-18551.81918,9572.266471,-63847.258956,69.99912,1.0,-25475.691557,-4847.401609,-64105.273202,69.996227,1.0,-15997.652395,-30523.533924,-64256.625025,69.99575,34731.414062,40000.0,4189.541504,4650.473633,6181.041016,40000.0,40000.0,40000.0,40000.0,40000.0,40000.0,40000.0,40000.0,40000.0,40000.0,40000.0,9384.491211,9089.617188,22946.246094,40000.0,40000.0,40000.0,40000.0,20292.138672,5000.0,66385.932573,-34782.116691,10282.563124,0,true,true,1.0,-0.01,0
6,345,17.25,28178.644239,59521.340587,16709.118382,65317.071705,27002.585744,-1061.425659,-3742.126242,-415.841055,0.628809,-0.820301,-101.226143,0.0,0.0,1.0,0.0,0.0,0.0,1.0,-19003.968885,9591.857373,-63806.252324,69.999258,1.0,-25926.04787,-4811.947067,-64063.453088,69.996818,1.0,-16459.691568,-30471.878013,-64209.529784,69.996416,34612.375,40000.0,4071.697754,4519.690918,6021.849609,40000.0,40000.0,40000.0,40000.0,32079.916016,40000.0,40000.0,40000.0,40000.0,40000.0,40000.0,9393.988281,9115.087891,22999.955078,40000.0,40000.0,40000.0,40000.0,20180.806641,5000.0,66262.111263,-34771.187503,10311.342783,0,true,true,1.0,-0.01,0
6,346,17.3,28239.401812,-49960.7424,16926.274021,-44443.345726,27025.708902,-1049.727885,-3768.67993,-395.122911,0.617238,-0.836768,-101.226151,0.0,0.0,1.0,0.0,0.0,0.0,1.0,-19844.068161,9628.440796,-63733.14596,69.999457,1.0,-26762.999883,-4746.981286,-63989.075554,69.997671,1.0,-17318.219997,-30376.722283,-64127.238269,69.997377,34392.0625,40000.0,4063.511963,4277.57666,5727.308105,40000.0,40000.0,40000.0,40000.0,31381.40625,40000.0,40000.0,40000.0,40000.0,40000.0,40000.0,9413.890625,9207.65625,23288.048828,40000.0,40000.0,40000.0,40000.0,19975.470703,5000.0,66033.895709,-34752.199595,10357.430565,0,true,true,1.0,-0.01,0
6,347,17.35,28298.275156,59462.467244,17140.362146,65102.98358,27047.406823,-1034.317767,-3777.078884,-378.207014,0.609248,-0.848139,-101.226151,0.0,0.0,1.0,0.0,0.0,0.0,1.0,-20692.036157,9662.881862,-63663.899829,69.9996,1.0,-27592.804549,-4683.538849,-63918.620602,69.998285,1.0,-18168.310086,-30283.793294,-64051.320951,69.998068,34174.761719,40000.0,4375.719238,4038.851318,5436.803223,40000.0,40000.0,40000.0,40000.0,31528.970703,40000.0,40000.0,40000.0,40000.0,40000.0,40000.0,9509.22168,9211.012695,23438.199219,40000.0,40000.0,40000.0,40000.0,19773.828125,5000.0,65810.015215,-34735.021645,10393.967942,0,true,true,1.0,-0.01,0
6,348,17.4,28357.064263,-50019.531507,17357.720352,-44660.703932,27068.435054,-1020.249703,-3787.48303,-361.744365,0.603774,-0.85593,-101.226151,0.0,0.0,1.0,0.0,0.0,0.0,1.0,-21548.483908,9699.290803,-63595.986568,69.999707,1.0,-28438.707204,-4620.388607,-63849.835604,69.998742,1.0,-19034.820339,-30190.399839,-63978.797283,69.998583,33954.058594,40000.0,4688.793457,3796.34668,5141.699707,40000.0,40000.0,40000.0,40000.0,31728.130859,40000.0,40000.0,40000.0,40000.0,40000.0,40000.0,9514.30957,9305.407227,23660.224609,40000.0,40000.0,40000.0,40000.0,19617.875,5000.0,65583.617552,-34718.96131,10424.06508,0,true,true,1.0,-0.01,0
6,349,17.45,28389.065975,59430.465532,17477.56578,64983.138152,27079.690802,-1009.349051,-3779.981203,-355.011602,0.601763,-0.858791,-101.226151,0.0,0.0,1.0,0.0,0.0,0.0,1.0,-22017.570632,9719.31901,-63559.21815,69.999753,1.0,-28916.979009,-4600.275422,-63813.045605,69.998941,1.0,-19513.833927,-30139.367807,-63940.326689,69.998808,33832.332031,40000.0,4859.572754,3662.611816,4456.667969,6963.140137,40000.0,40000.0,40000.0,31837.634766,40000.0,40000.0,40000.0,40000.0,40000.0,40000.0,9573.663086,40000.0,23847.970703,40000.0,40000.0,40000.0,40000.0,19505.734375,5000.0,65459.141251,-34710.671691,10438.041374,0,true,true,1.0,-0.01,0
6,350,17.5,28446.276513,-50076.742045,17694.278135,-44877.416287,27099.191582,-1000.773999,-3805.1183,-337.753005,0.598725,-0.863114,-101.226151,0.0,0.0,1.0,0.0,0.0,0.0,1.0,-22866.262614,9754.122302,-63495.838634,69.999818,1.0,-29767.707026,-4545.611881,-63749.250572,69.999222,1.0,-20379.907151,-30049.564455,-63874.331527,69.999123,33612.171875,40000.0,8551.111328,3420.692627,4162.317871,6551.492676,40000.0,40000.0,40000.0,31632.232422,40000.0,40000.0,40000.0,40000.0,40000.0,10670.615234,9594.970703,24882.988281,24005.386719,40000.0,40000.0,40000.0,40000.0,19303.472656,5000.0,65234.353467,-34696.413808,10461.094854,0,true,true,1.0,-0.01,0
6,351,17.55,28504.536806,59372.205238,17918.293673,64759.122614,27118.491338,-986.308654,-3806.447002,-324.501633,0.596648,-0.86607,-101.226151,0.0,0.0,1.0,0.0,0.0,0.0,1.0,-23744.379598,9788.399067,-63433.103379,69.999868,1.0,-30643.357061,-4486.49058,-63686.056998,69.999434,1.0,-21275.306091,-29959.590908,-63809.706412,69.999362,33384.535156,40000.0,8863.240234,3170.536377,3857.944092,6125.824219,40000.0,40000.0,40000.0,31309.648438,40000.0,40000.0,40000.0,40000.0,40000.0,10668.933594,9654.930664,24548.474609,24235.986328,40000.0,40000.0,40000.0,40000.0,19099.638672,5000.0,65002.457925,-34682.701809,10481.66204,0,true,true,1.0,-0.01,0
6,352,17.6,28533.376439,-50105.581677,18030.395277,-44989.517891,27127.8228,-980.793166,-3812.409426,-317.349183,0.595877,-0.867167,-101.226151,0.0,0.0,1.0,0.0,0.0,0.0,1.0,-24183.939998,9804.81526,-63402.850253,69.999887,1.0,-31081.732695,-4457.949514,-63655.599847,69.999517,1.0,-21723.268545,-29915.731284,-63778.712645,69.999456,33270.632812,40000.0,40000.0,3045.341309,3705.593506,5912.730957,40000.0,40000.0,40000.0,31422.669922,40000.0,40000.0,40000.0,40000.0,40000.0,10699.513672,9723.275391,24472.757812,24351.625,40000.0,40000.0,40000.0,40000.0,18975.992188,5000.0,64886.550834,-34676.189455,10491.022146,0,true,true,1.0,-0.01,0
6,353,17.65,28589.339478,59316.242199,18250.153374,64539.364518,27145.489373,-971.113129,-3826.144228,-303.539966,0.594714,-0.868822,-101.226151,0.0,0.0,1.0,0.0,0.0,0.0,1.0,-25045.675652,9835.534801,-63345.834087,70.0,1.0,-31941.241094,-4404.06473,-63598.219206,69.999646,1.0,-22596.802315,-29836.128022,-63720.490609,69.999601,33047.246094,40000.0,40000.0,2974.564209,3406.869385,5494.964844,40000.0,40000.0,40000.0,31621.472656,40000.0,40000.0,40000.0,40000.0,40000.0,10810.833008,9732.072266,24158.570312,36021.320312,40000.0,40000.0,40000.0,40000.0,18739.550781,5000.0,64659.546967,-34664.035432,10507.955904,0,true,true,1.0,-0.01,0
6,354,17.7,28645.333019,-50161.575218,18472.938454,-45212.302971,27162.65296,-959.808254,-3831.144835,-291.675535,0.59392,-0.869953,-101.226151,0.0,0.0,1.0,0.0,0.0,0.0,1.0,-25919.189299,9864.688558,-63290.771389,70.0,1.0,-32812.614507,-4352.171106,-63542.826893,69.999742,1.0,-23485.900216,-29754.400435,-63664.520941,69.999709,32820.738281,40000.0,40000.0,3126.614258,3103.9021,5071.323242,40000.0,40000.0,40000.0,31822.476562,40000.0,40000.0,40000.0,40000.0,40000.0,10822.134766,9834.180664,23841.25,36041.238281,40000.0,40000.0,40000.0,40000.0,18533.841797,5000.0,64429.674804,-34652.495698,10523.510147,0,true,true,1.0,-0.01,0
6,355,17.75,28701.842611,59259.732607,18700.663612,64311.639359,27179.482107,-948.604155,-3834.812879,-280.41356,0.591597,-0.781419,-101.115807,0.0,0.0,1.0,0.0,0.503747,0.805996,1.0,-26892.658052,9943.471443,-63194.818692,70.0,1.0,-33811.484481,-4237.668329,-63435.620854,69.999813,1.0,-24550.83786,-29627.481905,-63571.473676,69.999789,32572.544922,40000.0,40000.0,3269.111084,2799.345703,3920.238281,40000.0,40000.0,40000.0,31976.367188,40000.0,40000.0,40000.0,40000.0,40000.0,10925.551758,9841.603516,23358.994141,35838.34375,40000.0,40000.0,40000.0,40000.0,18337.613281,5000.0,64145.224446,-34763.938635,10436.907144,0,true,true,1.0,-0.01,0
6,356,17.8,28732.488288,-50192.220895,18825.414082,-45337.053442,27188.471538,-940.351445,-3827.922787,-275.837436,0.589144,-0.71671,-100.960068,0.0,0.0,1.0,0.0,0.121722,1.156356,1.0,-27427.724784,10032.562881,-63133.723788,70.0,1.0,-34384.023089,-4117.712492,-63366.254276,69.999843,1.0,-25201.475971,-29516.047039,-63512.545648,69.999823,32423.195312,40000.0,40000.0,3336.223877,2636.266846,3698.94458,40000.0,40000.0,40000.0,32071.476562,40000.0,40000.0,40000.0,40000.0,40000.0,10894.223633,9874.78418,23165.816406,35677.707031,40000.0,40000.0,40000.0,40000.0,18253.517578,5000.0,63934.545505,-34931.046019,10370.42066,0,true,true,1.0,-0.01,0
6,357,17.85,28789.031231,59203.189664,19057.921416,64079.132026,27204.533632,-932.193883,-3846.593674,-262.194059,0.583808,-0.611619,-100.565964,0.0,0.0,1.0,0.0,0.0,0.0,1.0,-28389.037627,10255.556934,-63026.678396,70.0,1.0,-35440.442718,-3824.738994,-63245.431555,69.999887,1.0,-26448.952584,-29255.077796,-63408.569106,69.999873,32132.017578,40000.0,40000.0,3447.568848,2430.544189,3291.319824,40000.0,40000.0,40000.0,32274.292969,40000.0,40000.0,40000.0,40000.0,40000.0,10971.174805,9911.691406,22506.154297,35339.035156,40000.0,40000.0,40000.0,40000.0,18099.318359,5000.0,63474.002981,-35355.852763,10262.980583,0,true,true,1.0,-0.01,0
6,358,17.9,28816.3727,-50219.562364,19171.538437,-45450.670464,27212.097874,-926.760284,-3851.137028,-256.395843,0.58203,-0.572602,-100.419693,0.0,0.0,1.0,0.0,0.0,0.0,1.0,-28852.059367,10345.104471,-62980.657676,70.0,1.0,-35938.37404,-3706.742139,-63194.231254,69.999904,1.0,-27019.452462,-29145.197173,-63363.511223,69.999892,31996.923828,40000.0,40000.0,3505.417236,2475.990723,3084.360596,40000.0,40000.0,40000.0,32360.158203,40000.0,40000.0,40000.0,40000.0,40000.0,10938.674805,9935.602539,22259.001953,35193.773438,36679.089844,40000.0,40000.0,40000.0,17992.265625,5000.0,63274.269731,-35511.014575,10224.766735,0,true,true,1.0,-0.01,0
6,359,17.95,28869.356109,59150.206255,19394.054642,63856.615822,27226.389286,-916.233334,-3861.701397,-244.990324,0.579554,-0.513705,-100.198914,0.0,0.0,1.0,0.0,0.0,0.0,1.0,-36887.939911,-3513.112029,-63105.868103,70.0,1.0,-29749.550365,10491.401723,-62900.199187,70.0,1.0,-28081.477272,-28957.14259,-63284.282872,70.0,31742.013672,40000.0,40000.0,3623.338867,2566.51416,2668.223633,6640.819336,40000.0,40000.0,32530.222656,40000.0,40000.0,40000.0,40000.0,40000.0,10995.198242,9985.587891,21821.125,35092.722656,36429.847656,40000.0,40000.0,40000.0,17815.994141,5000.0,62919.725577,-35741.212803,10169.93308,0,true,true,1.0,-0.01,0
6,360,18.0,28899.439592,-50249.645846,19522.322793,-45578.938614,27234.38789,-902.504425,-3848.044318,-239.958084,0.578799,-0.494414,-100.12661,0.0,0.0,1.0,0.0,0.0,0.0,1.0,-37404.136786,-3434.738591,-63064.871658,70.0,1.0,-30249.697861,10545.078992,-62861.902025,70.0,1.0,-28640.982437,-28867.186387,-63246.173406,70.0,31602.632812,40000.0,40000.0,3694.000488,2620.245117,2421.735352,6181.377441,40000.0,40000.0,32596.253906,40000.0,40000.0,40000.0,40000.0,40000.0,11061.692383,10016.954102,21604.289062,35121.632812,36328.136719,40000.0,40000.0,40000.0,17708.232422,5000.0,62746.624299,-35813.353384,10154.962239,0,true,true,1.0,-0.01,0
6,361,18.05,28958.867874,59090.777973,19779.274938,63599.663676,27249.731516,-888.106553,-3856.131892,-227.24748,0.577813,-0.468077,-100.027908,0.0,0.0,1.0,0.0,0.0,0.0,1.0,-38434.882339,-3309.735955,-62993.144986,70.0,1.0,-31258.938197,10633.009802,-62793.903142,70.0,1.0,-29732.980286,-28721.0847,-63178.325361,70.0,31329.666016,40000.0,40000.0,5478.683105,2728.493896,2232.789795,3752.991699,40000.0,40000.0,32813.351562,40000.0,40000.0,40000.0,40000.0,40000.0,11077.569336,10180.210938,21462.939453,35174.734375,36090.148438,40000.0,40000.0,40000.0,17533.501953,5000.0,62426.35223,-35907.427757,10138.471786,0,true,true,1.0,-0.01,0
6,362,18.1,28985.40767,-50276.185642,19895.33871,-45695.002386,27256.323245,-885.545481,-3872.665354,-219.94423,0.577468,-0.458529,-99.992126,0.0,0.0,1.0,0.0,0.0,0.0,1.0,-38899.808482,-3259.641323,-62963.478006,70.0,1.0,-31716.161988,10668.878584,-62765.597845,70.0,1.0,-30220.556637,-28662.008991,-63150.046451,70.0,31207.542969,40000.0,40000.0,5543.885742,2777.271729,2273.304443,3313.337158,40000.0,40000.0,32912.085938,40000.0,40000.0,40000.0,40000.0,40000.0,11140.782227,10496.967773,21506.490234,40000.0,35987.03125,40000.0,40000.0,40000.0,17432.048828,5000.0,62286.772282,-35940.348842,10133.412861,0,true,true,1.0,-0.01,0
6,363,18.15,29039.22206,59036.963582,20133.241639,63361.760747,27269.417427,-874.607385,-3880.270357,-210.034919,0.576972,-0.444448,-99.939354,0.0,0.0,1.0,0.0,0.0,0.0,1.0,-39844.815901,-3171.848661,-62907.828266,70.0,1.0,-32650.355455,10730.497805,-62712.014115,70.0,1.0,-31202.392973,-28552.989282,-63096.381609,70.0,30959.980469,40000.0,40000.0,5679.429688,2877.269287,2356.071533,2402.157715,40000.0,40000.0,33116.132812,40000.0,40000.0,40000.0,40000.0,40000.0,11174.810547,11747.259766,21788.990234,40000.0,35782.765625,40000.0,40000.0,40000.0,17186.962891,5000.0,62012.605673,-35985.694423,10128.907193,0,true,true,1.0,-0.01,0
6,364,18.2,29066.570551,-50303.534133,20255.453736,-45817.214483,27275.935857,-867.269918,-3875.565813,-206.711155,0.576794,-0.439296,-99.920052,0.0,0.0,1.0,0.0,0.0,0.0,1.0,-40327.207835,-3132.772101,-62881.419513,70.0,1.0,-33129.066441,10757.310016,-62686.39082,70.0,1.0,-31700.017177,-28501.989067,-63070.667896,70.0,30833.814453,40000.0,40000.0,5749.706543,2928.546387,2398.401855,2155.147461,40000.0,40000.0,33217.222656,40000.0,40000.0,40000.0,40000.0,40000.0,11209.876953,12265.151367,21835.222656,40000.0,35680.578125,40000.0,40000.0,40000.0,17064.623047,5000.0,61876.312183,-36000.695894,10128.758,0,true,true,1.0,-0.01,0
6,365,18.25,29118.694087,58984.840046,20490.75202,63126.462463,27288.006862,-859.494354,-3892.846613,-195.810129,0.576534,-0.431684,-99.891525,0.0,0.0,1.0,0.0,0.0,0.0,1.0,-41252.529817,-3065.025802,-62833.983015,70.0,1.0,-34049.351908,10802.920793,-62640.158605,70.0,1.0,-32650.417274,-28410.334373,-63024.211194,70.0,30592.005859,40000.0,40000.0,5885.141113,3026.887695,2479.463379,2228.301025,40000.0,40000.0,32995.136719,40000.0,40000.0,40000.0,40000.0,40000.0,11328.931641,40000.0,22111.433594,40000.0,35489.6875,40000.0,40000.0,40000.0,16854.474609,5000.0,61618.986404,-36020.583142,10130.621137,0,true,true,1.0,-0.01,0
6,366,18.3,29169.013902,-50353.853948,20720.833281,-46047.295744,27299.265209,-848.193987,-3890.406274,-189.187435,0.576359,-0.426492,-99.87207,0.0,0.0,1.0,0.0,0.0,0.0,1.0,-42153.894683,-3006.751323,-62791.278002,70.0,1.0,-34947.784946,10841.035595,-62598.329582,70.0,1.0,-33572.023925,-28327.901779,-62982.116043,70.0,30356.617188,40000.0,40000.0,6017.590332,3835.621094,2558.157471,2299.268555,40000.0,40000.0,33212.480469,40000.0,40000.0,40000.0,40000.0,40000.0,11347.582031,40000.0,22251.109375,40000.0,35280.175781,40000.0,40000.0,40000.0,16648.398438,5000.0,61372.359889,-36031.408174,10134.454579,0,true,true,1.0,-0.01,0
6,367,18.35,29193.505546,58960.348402,20833.84365,63013.452094,27304.606315,-844.961918,-3898.858659,-184.268197,0.576295,-0.424564,-99.864845,0.0,0.0,1.0,0.0,0.0,0.0,1.0,-42595.656833,-2980.512577,-62771.483083,70.0,1.0,-35388.672075,10857.689127,-62578.882718,70.0,1.0,-34022.523521,-28289.646841,-62962.525411,70.0,30241.285156,40000.0,40000.0,6082.571289,4326.563965,2596.567139,2333.916016,2259.330566,40000.0,33310.4375,40000.0,40000.0,40000.0,40000.0,40000.0,11381.835938,40000.0,22404.548828,40000.0,35189.769531,40000.0,40000.0,40000.0,16547.056641,5000.0,61252.609706,-36034.402135,10136.85065,0,true,true,1.0,-0.01,0
6,368,18.4,29244.325829,-50404.674232,21070.492505,-46283.944599,27315.51326,-834.669347,-3898.390917,-177.696896,0.5762,-0.421698,-99.854103,0.0,0.0,1.0,0.0,0.0,0.0,1.0,-43518.797185,-2930.352347,-62731.98217,70.0,1.0,-36327.897417,10877.59988,-62540.187974,70.0,1.0,-34961.674643,-28214.055097,-62923.273423,70.0,30000.302734,40000.0,40000.0,6218.442871,4423.817383,2676.634766,2405.995117,2329.226807,40000.0,33517.136719,40000.0,40000.0,40000.0,40000.0,40000.0,11504.620117,40000.0,22560.339844,40000.0,35002.246094,40000.0,40000.0,40000.0,16349.366211,5000.0,61004.470131,-36036.370613,10142.903815,0,true,true,1.0,-0.01,0
6,369,18.45,29294.807428,58909.866803,21308.347585,62775.597014,27326.034053,-827.566267,-3910.378336,-169.103469,0.576137,-0.419799,-99.846985,0.0,0.0,1.0,0.0,0.0,0.0,1.0,-44458.789122,-2891.858176,-62694.934756,70.0,1.0,-37254.016942,10904.561739,-62503.408356,70.0,1.0,-35901.837377,-28142.910144,-62886.154868,70.0,29758.523438,40000.0,40000.0,32751.693359,4520.97998,2756.509033,2477.892578,2398.91333,40000.0,33714.230469,40000.0,40000.0,40000.0,40000.0,40000.0,11528.420898,40000.0,22769.931641,40000.0,35134.554688,39686.78125,40000.0,40000.0,16169.670898,5000.0,60757.300563,-36034.951699,10149.643436,0,true,true,1.0,-0.01,0
6,370,18.5,29319.448199,-50429.315002,21425.421194,-46401.018208,27331.036361,-822.197612,-3906.437969,-166.913826,0.576114,-0.419093,-99.844345,0.0,0.0,1.0,0.0,0.0,0.0,1.0,-44921.747171,-2873.932002,-62677.575311,70.0,1.0,-37709.647527,10916.558856,-62486.149326,70.0,1.0,-36363.616703,-28109.385909,-62868.725157,70.0,29639.613281,40000.0,40000.0,32574.058594,4568.574707,2866.724121,2513.07666,2433.008057,40000.0,33815.664062,40000.0,40000.0,40000.0,40000.0,40000.0,11580.486328,40000.0,22873.017578,40000.0,35338.042969,39459.34375,40000.0,40000.0,16064.660156,5000.0,60636.174834,-36033.528847,10153.039297,0,true,true,1.0,-0.01,0
6,371,18.55,29367.433117,58861.881885,21655.200163,62545.818045,27340.536018,-815.993103,-3917.446288,-159.244383,0.576079,-0.418037,-99.840385,0.0,0.0,1.0,0.0,0.0,0.0,1.0,-45815.653468,-2833.98537,-62644.856111,70.0,1.0,-38603.559993,10937.942529,-62453.758106,70.0,1.0,-37268.458431,-28046.132081,-62835.993837,70.0,29406.363281,40000.0,40000.0,32224.714844,4661.549316,3344.4729,2581.75708,2499.518799,2593.687744,34014.601562,40000.0,40000.0,40000.0,40000.0,40000.0,11656.865234,40000.0,23096.84375,40000.0,35736.386719,39014.535156,40000.0,40000.0,15859.952148,5000.0,60399.225049,-36029.773463,10159.751349,0,true,true,1.0,-0.01,0
6,372,18.6,29416.561122,-50478.443007,21892.877931,-46638.695976,27350.032874,-806.743837,-3912.835261,-154.764699,0.576055,-0.417325,-99.837715,0.0,0.0,1.0,0.0,0.0,0.0,1.0,-46738.861653,-2795.446376,-62612.62661,70.0,1.0,-39527.683875,10957.230539,-62421.824089,70.0,1.0,-38202.777386,-27983.673675,-62803.700717,70.0,29165.244141,40000.0,40000.0,31862.591797,4757.069336,3837.740967,2652.257812,2567.84082,2664.588623,34255.433594,40000.0,40000.0,40000.0,40000.0,40000.0,11713.274414,40000.0,23337.71875,40000.0,36147.3125,38556.207031,40000.0,40000.0,15600.773438,5000.0,60155.043276,-36024.859295,10166.782741,0,true,true,1.0,-0.01,0
6,373,18.65,29441.107591,58837.335416,22012.52238,62426.173596,27354.679114,-802.967234,-3913.824462,-151.988394,0.576047,-0.417063,-99.836739,0.0,0.0,1.0,0.0,0.0,0.0,1.0,-47203.349077,-2777.032758,-62597.020374,70.0,1.0,-39992.719636,10966.004051,-62406.353756,70.0,1.0,-38672.695014,-27953.17153,-62788.047675,70.0,29043.900391,40000.0,40000.0,31680.080078,4804.943848,3937.522949,2687.577148,2602.018555,2700.100586,34742.832031,40000.0,40000.0,40000.0,40000.0,40000.0,11798.454102,40000.0,23429.341797,40000.0,36353.945312,38326.003906,40000.0,40000.0,15490.398438,5000.0,60032.367157,-36022.17794,10170.293624,0,true,true,1.0,-0.01,0
6,374,18.7,29489.88024,-50527.215656,22251.958633,-46878.132228,27363.711701,-796.632409,-3920.02394,-145.837032,0.576034,-0.416676,-99.835289,0.0,0.0,1.0,0.0,0.0,0.0,1.0,-48132.500484,-2741.937395,-62566.969274,70.0,1.0,-40923.090934,10981.884504,-62376.556473,70.0,1.0,-39622.718996,-27886.493791,-62757.882908,70.0,28801.140625,40000.0,40000.0,31314.708984,4900.300781,4015.713867,2923.720947,2670.128662,2770.768311,34992.46875,40000.0,40000.0,40000.0,40000.0,14252.561523,11828.624023,40000.0,23607.246094,40000.0,36767.242188,37865.964844,40000.0,40000.0,15276.444336,5000.0,59787.22149,-36016.610055,10177.201856,0,true,true,1.0,-0.01,0
6,375,18.75,29538.077939,58789.137717,22490.73604,62187.396189,27372.378033,-790.23935,-3923.610925,-140.511526,0.576026,-0.416418,-99.83432,0.0,0.0,1.0,0.0,0.0,0.0,1.0,-49058.663136,-2709.027926,-62538.482401,70.0,1.0,-41850.583949,10995.710776,-62348.305682,70.0,1.0,-40558.097871,-27830.917196,-62729.269806,70.0,28559.050781,40000.0,40000.0,30950.185547,4994.815918,4093.202393,3238.72998,2737.612061,2840.812012,3177.085938,40000.0,40000.0,40000.0,40000.0,14271.595703,11914.834961,40000.0,23811.101562,40000.0,40000.0,37407.957031,40000.0,40000.0,15063.374023,5000.0,59543.104525,-36010.980934,10183.886365,0,true,true,1.0,-0.01,0
6,376,18.8,29562.880087,-50552.017804,22614.432069,-47001.828258,27376.774495,-785.673679,-3918.399064,-139.269572,0.576023,-0.416323,-99.833961,0.0,0.0,1.0,0.0,0.0,0.0,1.0,-49538.270615,-2692.744077,-62524.134851,70.0,1.0,-42330.91664,11002.122398,-62334.075279,70.0,1.0,-41042.284663,-27803.049303,-62714.851727,70.0,28433.646484,40000.0,40000.0,30784.064453,5043.556152,4133.158203,3401.695557,2772.373291,2876.890625,3217.47998,40000.0,40000.0,40000.0,40000.0,14324.410156,11996.326172,40000.0,23920.189453,40000.0,40000.0,37170.859375,40000.0,40000.0,14953.112305,5000.0,59416.756922,-36008.07152,10187.297943,0,true,true,1.0,-0.01,0
6,377,18.85,29609.040287,58742.977517,22846.040028,61955.78823,27384.679358,-782.57728,-3934.300927,-132.021895,0.576018,-0.416182,-99.833435,0.0,0.0,1.0,0.0,0.0,0.0,1.0,-50436.164253,-2663.457526,-62498.617653,70.0,1.0,-43230.196415,11012.990421,-62308.77218,70.0,1.0,-41948.440489,-27752.443472,-62689.19911,70.0,28198.841797,40000.0,40000.0,30788.8125,5134.442871,4207.625977,3706.556152,2865.193359,2944.217529,3292.755371,40000.0,40000.0,40000.0,40000.0,14470.501953,12021.80957,40000.0,24124.589844,40000.0,40000.0,36211.34375,40000.0,40000.0,14773.049805,5000.0,59180.311668,-36002.753734,10193.39565,0,true,true,1.0,-0.01,0
6,378,18.9,29654.144679,-50597.122197,23074.074682,-47229.862911,27392.173411,-777.430163,-3937.689774,-127.571349,0.576015,-0.416086,-99.833076,0.0,0.0,1.0,0.0,0.0,0.0,1.0,-51319.9627,-2636.098562,-62474.697057,70.0,1.0,-44115.396279,11022.257499,-62285.056509,70.0,1.0,-42839.999296,-27704.52819,-62665.141086,70.0,27967.662109,40000.0,40000.0,30778.767578,40000.0,4280.592773,3848.226807,3096.901855,3010.117432,3366.467773,40000.0,40000.0,40000.0,40000.0,14500.042969,12130.395508,40000.0,24379.277344,40000.0,40000.0,35774.867188,40000.0,40000.0,14592.536133,5000.0,58947.667616,-35997.685309,10199.154085,0,true,true,1.0,-0.01,0
6,379,18.95,29676.829585,58720.292612,23189.391224,61840.471687,27395.877385,-774.006927,-3934.590032,-126.379258,0.576014,-0.41605,-99.832939,0.0,0.0,1.0,0.0,0.0,0.0,1.0,-51766.797856,-2622.788543,-62462.958507,70.0,1.0,-44562.951395,11026.426256,-62273.419896,70.0,1.0,-43290.632935,-27680.974034,-62653.33194,70.0,27850.751953,40000.0,40000.0,30773.507812,40000.0,4317.351562,3881.245361,3213.922852,3043.329346,3403.616455,40000.0,40000.0,40000.0,40000.0,14545.536133,12184.735352,40000.0,24436.564453,40000.0,40000.0,35554.269531,40000.0,40000.0,14490.070312,5000.0,58830.069407,-35995.194061,10201.993061,0,true,true,1.0,-0.01,0
6,380,19.0,29725.60935,-50645.901962,23438.824176,-47479.295863,27403.823007,-765.259671,-3921.165807,-125.130327,0.576013,-0.41602,-99.832832,0.0,0.0,1.0,0.0,0.0,0.0,1.0,-52730.203095,-2594.964325,-62437.862614,70.0,1.0,-45527.367497,11036.01701,-62248.518592,70.0,1.0,-44262.403187,-27630.058927,-62628.06858,70.0,27597.880859,40000.0,40000.0,30761.921875,40000.0,4396.532227,3952.435059,3467.477295,3114.829834,3483.588623,40000.0,40000.0,40000.0,40000.0,14704.429688,12533.639648,40000.0,24701.806641,40000.0,40000.0,35077.359375,40000.0,40000.0,14260.5625,5000.0,58575.855523,-35989.902191,10208.116848,0,true,true,1.0,-0.01,0
6,381,19.05,29751.019709,58694.882253,23569.581014,61709.714849,27407.913473,-762.310718,-3922.70492,-122.713956,0.576013,-0.41602,-99.832832,0.0,0.0,1.0,0.0,0.0,0.0,1.0,-53233.168031,-2580.839166,-62425.009724,70.0,1.0,-46030.893244,11040.018047,-62235.771559,70.0,1.0,-44769.908336,-27603.169268,-62615.120329,70.0,27465.318359,40000.0,40000.0,30755.664062,40000.0,4437.856934,3989.587891,3599.341797,3152.159424,3525.340332,40000.0,40000.0,40000.0,40000.0,14696.314453,12913.321289,40000.0,24774.033203,40000.0,40000.0,34827.511719,40000.0,40000.0,14118.229492,5000.0,58442.653855,-35987.226522,10211.267295,0,true,true,1.0,-0.01,0
6,382,19.1,29797.918118,-50692.800371,23812.123833,-47721.838683,27415.176535,-760.386043,-3938.894911,-116.14286,0.576013,-0.41602,-99.832832,0.0,0.0,1.0,0.0,0.0,0.0,1.0,-54172.316805,-2556.283495,-62402.527922,70.0,1.0,-46970.925835,11048.115265,-62213.461642,70.0,1.0,-45716.292248,-27558.002999,-62592.483852,70.0,27219.416016,40000.0,40000.0,30743.712891,40000.0,4514.246094,4058.265137,3844.801514,3317.772705,3602.48291,40000.0,40000.0,40000.0,40000.0,14793.03125,13434.533203,40000.0,25032.353516,40000.0,40000.0,34364.085938,40000.0,40000.0,13889.323242,5000.0,58195.61868,-35982.4923,10216.784686,0,true,true,1.0,-0.01,0
6,383,19.15,29843.431347,58649.369024,24048.980157,61472.858526,27422.011924,-757.24761,-3946.73084,-111.526427,0.576013,-0.41602,-99.832832,0.0,0.0,1.0,0.0,0.0,0.0,1.0,-55089.306774,-2533.42605,-62381.61311,70.0,1.0,-47888.733868,11055.11789,-62192.712169,70.0,1.0,-46638.982107,-27517.342347,-62571.431442,70.0,26979.261719,40000.0,40000.0,30731.710938,40000.0,4588.483398,4125.007812,3993.771484,3524.408936,3677.487305,4505.241211,40000.0,40000.0,40000.0,14947.925781,13844.671875,27400.441406,35341.050781,40000.0,40000.0,34064.386719,40000.0,40000.0,13679.699219,5000.0,57954.425972,-35978.14791,10221.912877,0,true,true,1.0,-0.01,0
6,384,19.2,29867.343768,-50716.712792,24173.997586,-47846.856112,27425.585504,-752.609068,-3934.743735,-112.473264,0.576013,-0.41602,-99.832832,0.0,0.0,1.0,0.0,0.0,0.0,1.0,-55573.203688,-2521.79131,-62370.714501,70.0,1.0,-48373.046468,11058.449417,-62181.900056,70.0,1.0,-47125.891361,-27496.298779,-62560.460113,70.0,26852.498047,40000.0,40000.0,30725.230469,40000.0,4627.557617,4160.137695,4027.785156,3633.385254,3716.965332,4569.299805,40000.0,40000.0,40000.0,15011.538086,14174.033203,27224.835938,35482.648438,40000.0,40000.0,34067.566406,40000.0,40000.0,13569.144531,5000.0,57827.138808,-35975.963243,10224.584409,0,true,true,1.0,-0.01,0
6,385,19.25,29912.619848,58604.092945,24411.71511,61235.141002,27432.14276,-750.750528,-3947.20542,-107.165347,0.576013,-0.41602,-99.832832,0.0,0.0,1.0,0.0,0.0,0.0,1.0,-56493.280515,-2500.429579,-62350.949757,70.0,1.0,-49293.883898,11064.185424,-62162.297931,70.0,1.0,-48051.684444,-27457.082731,-62540.557377,70.0,26611.449219,40000.0,40000.0,30712.617188,40000.0,40000.0,4226.740234,4092.272461,3840.416748,3791.776367,4661.273438,40000.0,40000.0,40000.0,15033.597656,14721.750977,26583.734375,35751.984375,40000.0,40000.0,34073.867188,40000.0,40000.0,13359.081055,5000.0,57585.14009,-35971.996715,10229.424794,0,true,true,1.0,-0.01,0
6,386,19.3,29935.235368,-50739.328313,24530.942605,-47966.083607,27435.36281,-748.11015,-3943.986077,-106.51763,0.576013,-0.41602,-99.832832,0.0,0.0,1.0,0.0,0.0,0.0,1.0,-56954.688271,-2490.079208,-62341.314986,70.0,1.0,-49755.658252,11066.77034,-62152.743893,70.0,1.0,-48515.958297,-27437.780311,-62530.853416,70.0,26490.546875,40000.0,40000.0,30706.189453,40000.0,40000.0,4260.049316,4124.492676,3944.195801,3829.208496,4707.292969,40000.0,40000.0,40000.0,15092.672852,14878.954102,26315.636719,35887.121094,40000.0,40000.0,34077.117188,40000.0,40000.0,13273.806641,5000.0,57463.781695,-35970.09799,10231.782946,0,true,true,1.0,-0.01,0
6,387,19.35,29980.172262,58559.156051,24768.773733,60997.309873,27441.6518,-745.83024,-3952.359929,-102.279952,0.576013,-0.41602,-99.832832,0.0,0.0,1.0,0.0,0.0,0.0,1.0,-57874.982968,-2470.122122,-62322.639095,70.0,1.0,-50676.657982,11071.366395,-62134.227557,70.0,1.0,-49441.968103,-27399.972491,-62512.039561,70.0,26249.363281,40000.0,40000.0,31062.189453,40000.0,40000.0,4326.280273,4188.650879,4151.036621,3903.637939,4798.797852,40000.0,40000.0,40000.0,15237.854492,40000.0,25820.382812,36156.742188,40000.0,40000.0,34083.804688,40000.0,13694.980469,13092.401367,5000.0,57221.730915,-35966.482347,10236.351137,0,true,true,1.0,-0.01,0
6,388,19.4,30025.172223,-50784.328274,25008.12569,-48205.435563,27447.817161,-741.180689,-3947.07349,-101.013979,0.576013,-0.41602,-99.832832,0.0,0.0,1.0,0.0,0.0,0.0,1.0,-58801.020775,-2450.916617,-62304.507017,70.0,1.0,-51605.961846,11068.339442,-62116.342712,70.0,1.0,-50373.755636,-27362.808135,-62493.768682,70.0,26006.626953,40000.0,40000.0,31048.722656,40000.0,40000.0,4392.735352,4252.964355,4359.053711,4077.985107,4890.524414,40000.0,40000.0,40000.0,15274.71875,40000.0,25244.212891,36428.242188,40000.0,40000.0,34090.828125,40000.0,12593.248047,12881.364258,5000.0,56978.171814,-35963.06292,10240.782766,0,true,true,1.0,-0.01,0
6,389,19.45,30048.0288,58536.299474,25130.138282,60875.297281,27450.914962,-739.123383,-3945.575917,-100.174973,0.576013,-0.41602,-99.832832,0.0,0.0,1.0,0.0,0.0,0.0,1.0,-59273.014767,-2441.449668,-62295.44703,70.0,1.0,-52078.286081,11070.078965,-62107.362812,70.0,1.0,-50848.681493,-27344.183713,-62484.637918,70.0,25882.882812,40000.0,40000.0,31041.769531,40000.0,40000.0,4426.494629,4285.651367,4447.252441,4177.099609,4937.165527,40000.0,40000.0,40000.0,15324.248047,40000.0,25115.582031,36566.691406,40000.0,40000.0,34094.488281,40000.0,12039.419922,12763.400391,5000.0,56854.02903,-35961.400858,10242.996062,0,true,true,1.0,-0.01,0
6,390,19.5,30091.697928,-50827.997402,25364.025619,-48439.3229,27456.668227,-737.054764,-3951.873315,-96.761035,0.576013,-0.41602,-99.832832,0.0,0.0,1.0,0.0,0.0,0.0,1.0,-60177.671889,-2424.801738,-62278.833924,70.0,1.0,-52983.639206,11072.983927,-62090.892927,70.0,1.0,-51758.942387,-27309.256635,-62467.881731,70.0,25645.671875,40000.0,40000.0,31028.214844,40000.0,40000.0,4491.089844,4348.225586,4512.157715,4367.015137,5026.454102,40000.0,40000.0,40000.0,15479.467773,40000.0,24446.625,36706.699219,40000.0,40000.0,34101.664062,40000.0,11704.158203,12519.397461,5000.0,56616.08439,-35958.355746,10247.052568,0,true,true,1.0,-0.01,0
6,391,19.55,30134.287976,58493.709425,25593.08236,60646.24054,27462.134193,-735.548157,-3959.86726,-93.14768,0.576013,-0.41602,-99.832832,0.0,0.0,1.0,0.0,0.0,0.0,1.0,-61063.688557,-2407.978515,-62263.232984,70.0,1.0,-53870.075208,11075.894662,-62075.434903,70.0,1.0,-52650.142545,-27276.088206,-62452.154101,70.0,25413.349609,40000.0,40000.0,31014.75,40000.0,40000.0,7295.746582,4409.301758,4575.540039,4552.875977,5113.604492,40000.0,40000.0,40000.0,15512.726562,40000.0,24070.087891,36751.976562,40000.0,40000.0,34108.898438,40000.0,11461.392578,12317.817383,5000.0,56383.085621,-35955.546381,10250.855296,0,true,true,1.0,-0.01,0
6,392,19.6,30178.06145,-50871.770875,25829.445476,-48675.686016,27467.694133,-731.368891,-3953.033393,-92.697783,0.576013,-0.41602,-99.832832,0.0,0.0,1.0,0.0,0.0,0.0,1.0,-61977.857653,-2390.966762,-62247.458649,70.0,1.0,-54784.509661,11078.901765,-62059.803294,70.0,1.0,-53569.449144,-27242.861152,-62436.254049,70.0,25173.607422,40000.0,40000.0,31000.582031,40000.0,40000.0,7602.84375,4472.181152,4640.793457,4744.532715,5203.28418,40000.0,40000.0,40000.0,15626.357422,40000.0,23670.972656,36798.890625,40000.0,40000.0,34116.605469,40000.0,11267.976562,12109.948242,5000.0,56142.685221,-35952.819116,10254.697434,0,true,true,1.0,-0.01,0
6,393,19.65,30199.924268,58471.846607,25947.838801,60527.847215,27470.432482,-730.26743,-3954.604092,-91.467058,0.576013,-0.41602,-99.832832,0.0,0.0,1.0,0.0,0.0,0.0,1.0,-62435.721691,-2382.693235,-62239.745972,70.0,1.0,-55242.506588,11080.161876,-62052.162092,70.0,1.0,-54029.82427,-27226.584809,-62428.479149,70.0,25053.517578,40000.0,40000.0,30993.425781,40000.0,40000.0,40000.0,4503.583008,4673.65625,4840.501465,5248.092285,40000.0,40000.0,40000.0,15717.813477,40000.0,23729.597656,36822.433594,40000.0,40000.0,34648.09375,40000.0,11171.141602,12005.87793,5000.0,56022.280757,-35951.514778,10256.5748,0,true,true,1.0,-0.01,0
6,394,19.7,30243.3952,-50915.241807,26183.891772,-48911.738987,27475.796236,-727.634747,-3954.698505,-89.731539,0.576013,-0.41602,-99.832832,0.0,0.0,1.0,0.0,0.0,0.0,1.0,-63348.544339,-2366.665532,-62224.756558,70.0,1.0,-56155.594099,11082.210979,-62037.315137,70.0,1.0,-54983.328168,-27213.242536,-62413.812137,70.0,24814.078125,40000.0,40000.0,30978.998047,40000.0,40000.0,40000.0,4566.135742,4738.295898,5031.723145,5337.306152,40000.0,40000.0,40000.0,15754.422852,40000.0,23892.158203,36869.519531,40000.0,40000.0,35428.605469,40000.0,11023.269531,11817.869141,5000.0,55782.239027,-35949.030688,10260.220897,0,true,true,1.0,-0.01,0
6,395,19.75,30286.871617,58428.37019,26420.801082,60290.937905,27481.072287,-726.463682,-3961.953692,-86.580699,0.576013,-0.41602,-99.832832,0.0,0.0,1.0,0.0,0.0,0.0,1.0,9374.229692,2948.891855,-61622.139346,70.0,1.0,-64264.578737,-2351.17622,-62210.14672,70.0,1.0,-57071.89428,11083.673152,-62022.848253,70.0,24573.759766,40000.0,40000.0,30964.277344,40000.0,40000.0,40000.0,4628.732422,4803.256348,5223.524414,5426.67041,40000.0,40000.0,40000.0,15851.666992,40000.0,24109.253906,36916.882812,40000.0,40000.0,35436.75,40000.0,10806.526367,11638.926758,5000.0,55541.35326,-35946.686482,10263.771748,0,true,true,1.0,-0.01,0
6,396,19.8,30309.953254,-50938.323445,26546.904122,-49037.842027,27483.893873,-722.916394,-3949.544514,-88.372038,0.576013,-0.41602,-99.832832,0.0,0.0,1.0,0.0,0.0,0.0,1.0,8861.391827,2953.645342,-61614.528272,70.0,1.0,-64752.083536,-2343.163367,-62202.318924,70.0,1.0,-57559.540802,11084.206308,-62015.096684,70.0,24445.839844,40000.0,40000.0,30956.382812,40000.0,40000.0,40000.0,4662.006348,4837.786621,5325.586426,5474.105469,40000.0,40000.0,40000.0,15955.189453,40000.0,24177.779297,36942.152344,40000.0,40000.0,35441.152344,40000.0,10681.607422,11528.243164,5000.0,55413.143793,-35945.49811,10265.674517,0,true,true,1.0,-0.01,0
6,397,19.85,30353.875182,58384.448262,26787.444287,60050.39774,27489.108088,-722.48209,-3959.813832,-84.70981,0.576013,-0.41602,-99.832832,0.0,0.0,1.0,0.0,0.0,0.0,1.0,7883.236539,2962.301398,-61600.685579,70.0,1.0,-65682.001862,-2328.301119,-62188.063568,70.0,1.0,-58489.728985,11084.826386,-62000.986473,70.0,24201.826172,40000.0,40000.0,30941.1875,40000.0,40000.0,40000.0,6837.866211,4903.545898,5484.029297,5564.47998,40000.0,40000.0,40000.0,16002.484375,40000.0,24414.126953,36990.476562,40000.0,40000.0,35449.710938,40000.0,10485.239258,11303.754883,5000.0,55168.604971,-35943.334096,10269.13519,0,true,true,1.0,-0.01,0
6,398,19.9,30377.124565,-50961.572828,26915.077942,-49165.475682,27491.890501,-719.452132,-3949.623316,-86.101751,0.576013,-0.41602,-99.832832,0.0,0.0,1.0,0.0,0.0,0.0,1.0,7364.252863,2966.672496,-61593.279687,70.0,1.0,-66175.345494,-2320.63116,-62180.438326,70.0,1.0,-58983.216059,11084.926013,-61993.438383,70.0,24072.347656,40000.0,40000.0,30933.007812,40000.0,40000.0,40000.0,6965.704102,4938.346191,5522.987793,5644.097656,40000.0,40000.0,40000.0,16055.081055,40000.0,24490.595703,37016.160156,40000.0,40000.0,35454.300781,40000.0,10381.084961,11164.898438,5000.0,55038.859052,-35942.241322,10270.986663,0,true,true,1.0,-0.01,0
6,399,19.95,30421.216318,58340.35651,27157.669164,59807.806519,27497.007919,-718.943869,-3958.471463,-82.861595,0.576013,-0.41602,-99.832832,0.0,0.0,1.0,0.0,0.0,0.0,1.0,6377.900888,2974.601328,-61579.891041,70.0,1.0,-67113.05673,-2306.444184,-62166.633563,70.0,1.0,-59921.199411,11084.751601,-61979.77998,70.0,23826.244141,40000.0,40000.0,30917.416016,40000.0,40000.0,40000.0,7208.597168,5004.453613,5596.890137,5840.879395,40000.0,40000.0,40000.0,16188.308594,40000.0,24658.734375,36917.066406,40000.0,40000.0,35463.136719,40000.0,10228.302734,10944.109375,5000.0,54792.271059,-35940.259114,10274.333825,0,true,true,1.0,-0.01,0
6,400,20.0,30467.915242,-51008.271751,27415.377838,-49423.184357,27502.460237,-714.764889,-3947.519956,-83.754908,0.576013,-0.41602,-99.832832,0.0,0.0,1.0,0.0,0.0,0.0,1.0,5330.178332,2982.469988,-61565.608939,70.0,1.0,-68107.045355,-2291.662089,-62151.891771,70.0,1.0,-60915.488646,11083.668523,-61965.199874,70.0,23564.794922,40000.0,40000.0,30900.664062,40000.0,40000.0,40000.0,7466.490723,5074.499512,5675.23291,6049.850098,40000.0,40000.0,40000.0,16261.655273,40000.0,24872.847656,36700.34375,40000.0,40000.0,35472.722656,40000.0,9973.078125,10718.291992,5000.0,54530.34042,-35938.291949,10277.90435,0,true,true,1.0,-0.01,0
6,401,20.05,30491.707999,58316.563752,27546.978931,59676.205426,27505.22524,-713.782682,-3948.032588,-82.950087,0.576013,-0.41602,-99.832832,0.0,0.0,1.0,0.0,0.0,0.0,1.0,4795.187779,2986.274409,-61558.394619,70.0,1.0,-68614.246381,-2284.282252,-62144.439713,70.0,1.0,-61422.845137,11082.843382,-61957.831435,70.0,23431.28125,40000.0,40000.0,30891.996094,40000.0,40000.0,40000.0,7598.135254,5110.228516,5715.194336,6156.536621,40000.0,40000.0,40000.0,16316.099609,40000.0,24965.542969,36589.703125,40000.0,40000.0,35477.660156,40000.0,9865.820312,10603.019531,5000.0,54396.592781,-35937.340844,10279.70793,0,true,true,1.0,-0.01,0
6,402,20.1,30534.615268,-51051.17902,27784.745477,-49660.950903,27509.975359,-715.811868,-3968.988925,-77.365259,0.576013,-0.41602,-99.832832,0.0,0.0,1.0,0.0,0.0,0.0,1.0,3828.670271,2992.844015,-61546.344923,70.0,1.0,-69533.147551,-2271.586303,-62131.982662,70.0,1.0,-62342.012692,11081.480403,-61945.517662,70.0,23190.056641,40000.0,40000.0,30876.314453,40000.0,40000.0,40000.0,7835.913086,5174.672363,5787.271484,6349.20459,40000.0,40000.0,40000.0,16436.380859,40000.0,25199.992188,36389.992188,40000.0,40000.0,35486.671875,40000.0,9672.094727,10400.640625,5000.0,54154.963404,-35935.698442,10282.720354,0,true,true,1.0,-0.01,0
6,403,20.15,30557.573596,58293.605424,27912.204093,59548.74681,27512.554945,-712.168776,-3953.774141,-80.018926,0.576013,-0.41602,-99.832832,0.0,0.0,1.0,0.0,0.0,0.0,1.0,3310.581155,2996.19571,-61539.75415,70.0,1.0,-70025.658669,-2264.94373,-62125.173072,70.0,1.0,-62834.666902,11080.570963,-61938.785036,70.0,23060.740234,40000.0,40000.0,30867.847656,40000.0,40000.0,40000.0,7954.194824,5209.188965,5825.876953,6452.438965,40000.0,40000.0,40000.0,16527.505859,40000.0,25255.474609,36282.996094,40000.0,40000.0,35491.554688,40000.0,9613.384766,10331.72168,5000.0,54025.441126,-35934.860518,10284.368047,0,true,true,1.0,-0.01,0
6,404,20.2,30599.827603,-51093.433027,28147.179502,-49895.926312,27517.112071,-713.39593,-3969.367976,-75.676869,0.576013,-0.41602,-99.832832,0.0,0.0,1.0,0.0,0.0,0.0,1.0,2355.515737,3002.104228,-61528.399975,70.0,1.0,-70933.701551,-2252.985267,-62113.416623,70.0,1.0,-63742.961182,11078.715857,-61927.169289,70.0,22822.337891,40000.0,40000.0,30852.115234,40000.0,40000.0,40000.0,40000.0,5271.76123,5896.935547,6642.73291,40000.0,40000.0,40000.0,16564.873047,40000.0,25438.863281,36069.507812,35282.984375,40000.0,40000.0,40000.0,9422.305664,10126.083984,5000.0,53786.674771,-35933.383389,10287.206591,0,true,true,1.0,-0.01,0
6,405,20.25,30642.878202,58250.554824,28387.100574,59308.825738,27521.729666,-711.045607,-3964.739544,-75.682671,0.576013,-0.41602,-99.832832,0.0,0.0,1.0,0.0,0.0,0.0,1.0,1380.412892,3007.772988,-61516.951811,70.0,1.0,-71860.771029,-2241.136509,-62101.557537,70.0,1.0,-64670.268548,11076.56894,-61915.452639,70.0,22578.912109,40000.0,40000.0,31360.648438,40000.0,40000.0,40000.0,40000.0,6136.950195,5969.41748,6836.961914,40000.0,40000.0,40000.0,16664.517578,40000.0,25637.410156,36119.0,35070.21875,40000.0,40000.0,40000.0,9181.639648,9907.143555,5000.0,53542.89906,-35931.966199,10290.068632,0,true,true,1.0,-0.01,0
6,406,20.3,30664.647732,-51115.202556,28508.611402,-50017.43714,27524.054079,-709.821948,-3962.008157,-75.790287,0.576013,-0.41602,-99.832832,0.0,0.0,1.0,0.0,0.0,0.0,1.0,886.584274,3010.510772,-61511.21182,70.0,1.0,-72330.265908,-2235.267934,-62095.609371,70.0,1.0,-65139.877148,11075.389065,-61909.576162,70.0,22455.625,40000.0,40000.0,40000.0,40000.0,40000.0,40000.0,40000.0,6583.569336,6006.05127,6935.290039,40000.0,40000.0,40000.0,16771.890625,40000.0,25724.052734,36143.789062,34962.5,40000.0,40000.0,40000.0,9082.754883,9774.966797,5000.0,53419.441905,-35931.281753,10291.50363,0,true,true,1.0,-0.01,0
6,407,20.35,30706.580516,58208.62204,28743.003484,59074.433657,27528.429563,-709.867899,-3969.813501,-73.246801,0.576013,-0.41602,-99.832832,0.0,0.0,1.0,0.0,0.0,0.0,1.0,-65.957476,3015.558907,-61500.574592,70.0,1.0,-73235.92794,-2224.18823,-62084.571091,70.0,1.0,-66045.745655,11072.968164,-61898.675111,70.0,22217.802734,40000.0,40000.0,40000.0,40000.0,40000.0,40000.0,40000.0,7444.901855,6076.683594,7124.949219,8957.550781,40000.0,40000.0,16812.521484,40000.0,25956.042969,36191.6875,34811.574219,40000.0,40000.0,40000.0,8919.75,9556.488281,5000.0,53181.306468,-35930.019719,10294.162937,0,true,true,1.0,-0.01,0
6,408,20.4,30750.474698,-51159.096738,28988.822881,-50263.256537,27533.042659,-706.691457,-3959.502764,-74.587343,0.576013,-0.41602,-99.832832,0.0,0.0,1.0,0.0,0.0,0.0,1.0,-1064.882529,3020.525263,-61489.32447,70.0,1.0,-74185.620594,-2212.887608,-62072.899789,70.0,1.0,-67006.50947,11089.752205,-61887.029073,70.0,21968.380859,40000.0,40000.0,40000.0,40000.0,40000.0,40000.0,40000.0,7799.788086,6150.697266,7323.790527,9086.961914,40000.0,40000.0,16914.871094,40000.0,26103.128906,36467.0625,34561.859375,40000.0,40000.0,40000.0,8737.219727,9341.609375,5000.0,52931.575204,-35928.77813,10296.975467,0,true,true,1.0,-0.01,0
6,409,20.45,30772.053432,58187.043307,29109.832837,58953.4237,27535.276689,-706.899164,-3964.173202,-73.184726,0.576013,-0.41602,-99.832832,0.0,0.0,1.0,0.0,0.0,0.0,1.0,-1556.604189,3022.85672,-61483.934822,70.0,1.0,-74653.122056,-2207.439967,-62067.302939,70.0,1.0,-67473.83549,11093.174034,-61881.451316,70.0,21845.597656,40000.0,40000.0,40000.0,40000.0,40000.0,40000.0,40000.0,7903.98291,6187.062988,7421.637207,9150.669922,40000.0,40000.0,16997.070312,40000.0,26198.679688,40000.0,34454.699219,40000.0,40000.0,40000.0,8604.561523,9236.974609,5000.0,52808.644789,-35928.195266,10298.322879,0,true,true,1.0,-0.01,0
6,410,20.5,30818.086322,-51205.129629,29368.330929,-50521.754629,27540.135003,-704.645664,-3958.701345,-73.525588,0.576013,-0.41602,-99.832832,0.0,0.0,1.0,0.0,0.0,0.0,1.0,-2606.965744,3027.585374,-61472.079647,70.0,1.0,-75695.156966,-2201.640003,-62055.37653,70.0,1.0,-68471.885543,11100.240771,-61869.192779,70.0,21583.304688,40000.0,40000.0,40000.0,40000.0,40000.0,40000.0,40000.0,8126.57666,6264.745605,7630.638672,9286.564453,40000.0,40000.0,17184.222656,40000.0,26404.070312,40000.0,34257.835938,40000.0,40000.0,40000.0,8383.552734,9009.982422,5000.0,52546.054401,-35927.013102,10301.286673,0,true,true,1.0,-0.01,0
6,411,20.55,30840.618853,58164.510776,29495.025559,58826.72907,27542.473339,-704.110726,-3959.033704,-73.069784,0.576013,-0.41602,-99.832832,0.0,0.0,1.0,0.0,0.0,0.0,1.0,-3121.746028,3029.79029,-61466.441453,70.0,1.0,-76193.293243,-2197.29366,-62049.595949,70.0,1.0,-68961.090998,11103.588763,-61863.357384,70.0,21454.748047,40000.0,40000.0,40000.0,40000.0,40000.0,40000.0,40000.0,8235.651367,6302.786133,7733.036621,9353.079102,40000.0,40000.0,17345.681641,40000.0,26502.90625,40000.0,34145.710938,40000.0,40000.0,8472.704102,8281.878906,8947.794922,5000.0,52417.35933,-35926.461873,10302.696221,0,true,true,1.0,-0.01,0
6,412,20.6,30884.546302,-51249.057078,29742.310772,-50769.039842,27546.951428,-704.186859,-3965.678183,-70.932825,0.576013,-0.41602,-99.832832,0.0,0.0,1.0,0.0,0.0,0.0,1.0,-4126.466866,3033.89236,-61455.78218,70.0,1.0,-77148.952437,-2186.879293,-62038.516956,70.0,1.0,-69915.939746,11109.919885,-61852.313558,70.0,21203.828125,40000.0,40000.0,40000.0,40000.0,40000.0,40000.0,40000.0,8448.47168,6376.940918,7839.170898,9482.860352,40000.0,40000.0,17643.316406,40000.0,26745.248047,40000.0,33870.03125,40000.0,40000.0,8068.475098,8124.718262,8731.818359,5000.0,52166.17912,-35925.436356,10305.36104,0,true,true,1.0,-0.01,0
6,413,20.65,30907.407524,58141.649554,29871.155967,58697.883875,27549.305797,-702.195043,-3957.551161,-72.315745,0.576013,-0.41602,-99.832832,0.0,0.0,1.0,0.0,0.0,0.0,1.0,-4649.947809,3035.923686,-61450.144772,70.0,1.0,-77646.601804,-2181.524464,-62032.658561,70.0,1.0,-70413.401999,11113.114125,-61846.475526,70.0,21073.085938,40000.0,40000.0,40000.0,40000.0,40000.0,40000.0,40000.0,8559.353516,6415.564453,7886.655273,9550.458008,40000.0,40000.0,17829.642578,40000.0,26800.064453,40000.0,33756.089844,40000.0,40000.0,7963.931152,8020.029785,8619.307617,5000.0,52035.308884,-35924.928524,10306.770392,0,true,true,1.0,-0.01,0
6,414,20.7,30951.116766,-51292.76632,30117.764459,-51015.648334,27553.691053,-702.591554,-3965.424264,-69.98344,0.576013,-0.41602,-99.832832,0.0,0.0,1.0,0.0,0.0,0.0,1.0,-5651.849849,3039.631562,-61439.840353,70.0,1.0,-78599.140687,-2171.465497,-62021.931844,70.0,1.0,-71365.583315,11119.044288,-61835.787722,70.0,20822.847656,40000.0,40000.0,40000.0,40000.0,40000.0,40000.0,40000.0,8771.546875,6580.653809,7977.432617,9679.624023,40000.0,40000.0,18227.699219,40000.0,27018.880859,40000.0,33671.335938,40000.0,40000.0,7803.84375,7774.575684,8368.236328,5000.0,51784.833374,-35924.001555,10309.346497,0,true,true,1.0,-0.01,0
6,415,20.75,30994.079821,58098.686499,30360.895604,58454.75273,27549.826684,-688.014751,-3896.979005,105.880545,0.576013,-0.41602,-99.832832,1.0,0.0,1.0,0.0,0.0,0.0,1.0,-6639.297885,3043.104618,-61462.434376,70.0,1.0,-79537.275312,-2161.647752,-62044.103994,70.0,1.0,-72303.360733,11124.737391,-61857.998746,70.0,20576.128906,40000.0,40000.0,40000.0,30455.816406,40000.0,40000.0,40000.0,9275.271484,7051.217773,8066.745117,9806.766602,40000.0,40000.0,18537.710938,40000.0,27187.142578,40000.0,33955.304688,40000.0,40000.0,7569.176758,7577.47998,8143.344727,5000.0,51537.971365,-35923.133291,10303.697991,0,true,true,1.0,-0.01,0
6,416,20.8,31016.059692,-51314.746192,30485.61795,-51140.370681,27543.646803,-679.456431,-3855.5003,191.036589,0.576013,-0.41602,-99.832832,1.0,0.0,1.0,0.0,0.0,0.0,1.0,-7145.680223,3044.820608,-61490.815602,70.0,1.0,-80017.990789,-2156.62945,-62072.265642,70.0,1.0,-72783.890289,11127.608881,-61886.180627,70.0,20449.5625,40000.0,40000.0,40000.0,30175.544922,40000.0,40000.0,40000.0,9733.651367,7292.617188,8112.497559,9871.898438,40000.0,40000.0,18717.970703,40000.0,27285.773438,40000.0,34100.203125,40000.0,40000.0,7465.647461,7488.385742,8035.299316,5000.0,51411.375781,-35922.704294,10296.602684,0,true,true,1.0,-0.01,0
6,417,20.85,31058.626853,58056.119339,30727.837658,58212.533023,27523.120329,-666.564852,-3796.241968,364.397314,0.576013,-0.41602,-99.832832,1.0,0.0,1.0,0.0,0.0,0.0,1.0,-8128.781809,3048.025724,-61580.034303,70.0,1.0,-80948.213762,-2146.620945,-62161.03197,70.0,1.0,-73713.73023,11133.194545,-61974.98864,70.0,20203.753906,40000.0,40000.0,40000.0,27193.863281,40000.0,40000.0,40000.0,10624.136719,7761.452637,8201.139648,9998.086914,40000.0,40000.0,19098.476562,40000.0,27524.371094,40000.0,34383.320312,40000.0,40000.0,7300.782227,7324.548828,7823.380371,5000.0,51165.600385,-35921.903015,10274.298009,0,true,true,1.0,-0.01,0
6,418,20.9,31079.075406,-51335.194745,30844.491149,-51257.024172,27509.513893,-659.773309,-3763.829147,439.012172,0.576013,-0.41602,-99.832832,1.0,0.0,1.0,0.0,0.0,0.0,1.0,-8602.101979,3049.514487,-61637.886244,70.0,1.0,-81396.942883,-2141.968284,-62218.673536,70.0,1.0,-74162.281223,11135.790377,-62032.649591,70.0,20085.369141,40000.0,40000.0,40000.0,26931.839844,40000.0,40000.0,40000.0,11052.908203,7987.254395,8243.77832,10058.723633,40000.0,40000.0,19236.484375,40000.0,27569.695312,40000.0,34519.710938,40000.0,40000.0,7219.996094,7210.30127,7721.714844,5000.0,51047.270342,-35921.530824,10259.835024,0,true,true,1.0,-0.01,0
6,419,20.95,31119.268534,58015.92621,31074.342412,57982.68176,27475.702744,-648.060161,-3709.042558,583.299971,0.576013,-0.41602,-99.832832,1.0,0.0,1.0,0.0,0.0,0.0,1.0,-9534.450348,3052.342378,-61779.882979,70.0,1.0,-82280.287758,-2132.835578,-62360.25105,70.0,1.0,-75045.271136,11140.824362,-62174.265734,70.0,19852.101562,40000.0,40000.0,40000.0,26415.537109,40000.0,40000.0,40000.0,40000.0,8432.186523,8327.609375,10178.064453,40000.0,40000.0,19568.462891,40000.0,27753.298828,40000.0,34788.527344,40000.0,40000.0,6988.88916,6998.526367,7569.623047,5000.0,50814.18325,-35920.823851,10224.33584,0,true,true,1.0,-0.01,0
6,420,21.0,31139.992025,-51355.918235,31193.146757,-51375.828516,27454.615436,-640.856065,-3673.921827,652.106813,0.576013,-0.41602,-99.832832,1.0,0.0,1.0,0.0,0.0,0.0,1.0,-10016.217859,3053.746967,-61867.722893,70.0,1.0,-82736.397929,-2128.129902,-62447.871468,70.0,1.0,-75501.195456,11143.384022,-62261.906378,70.0,19731.529297,40000.0,40000.0,40000.0,26148.662109,40000.0,40000.0,40000.0,40000.0,8662.166016,8370.84375,10239.611328,40000.0,40000.0,19806.867188,40000.0,27892.691406,40000.0,34927.511719,40000.0,40000.0,6892.756348,6902.261719,7466.495117,5000.0,50693.741372,-35920.472704,10202.375861,0,true,true,1.0,-0.01,0
6,421,21.05,31182.050905,57973.867331,31434.8949,57740.933617,27403.817168,-627.896423,-3612.065463,797.90722,0.576987,-0.44267,-99.965889,1.0,0.0,1.0,0.0,-0.247111,-1.136711,1.0,-10972.963532,3031.006845,-62083.387255,70.0,1.0,-83625.045238,-2312.098363,-62698.549651,70.0,1.0,-76420.296614,10971.496179,-62509.106822,70.0,19496.886719,40000.0,40000.0,40000.0,25488.853516,40000.0,40000.0,40000.0,40000.0,9166.453125,8438.893555,10322.360352,40000.0,40000.0,20055.027344,40000.0,40000.0,40000.0,35117.382812,40000.0,40000.0,6744.292969,6739.049805,7249.031738,5000.0,50526.881001,-35802.778956,10174.477791,0,true,true,1.0,-0.01,0
6,422,21.1,31202.799909,-51376.66724,31554.41087,-51495.344487,27374.971464,-622.470117,-3585.478937,865.371074,0.578365,-0.48786,-100.144562,1.0,0.0,1.0,0.0,-0.353628,-1.060883,1.0,-11415.62734,2995.566323,-62211.902241,70.0,1.0,-84023.356234,-2569.873477,-62886.367729,70.0,1.0,-76859.908221,10733.818489,-62691.07115,70.0,19389.425781,40000.0,40000.0,40000.0,25323.714844,40000.0,40000.0,40000.0,40000.0,9366.382812,8455.521484,10327.421875,40000.0,40000.0,20160.308594,40000.0,40000.0,40000.0,35131.519531,40000.0,40000.0,6650.373535,6650.010254,7146.744629,5000.0,50508.577836,-35645.780543,10186.120489,0,true,true,1.0,-0.01,0
6,423,21.15,31242.788245,57933.878996,31784.936137,57510.40835,27312.701202,-613.75952,-3538.525554,988.74452,0.582256,-0.600843,-100.577904,1.0,0.0,1.0,0.0,-0.139986,-0.419958,1.0,-12243.567382,2900.209871,-62494.179749,70.0,1.0,-84754.354934,-3205.190348,-63316.692354,70.0,1.0,-77691.405847,10147.626315,-63106.918966,70.0,19190.009766,40000.0,40000.0,39506.640625,25408.90625,40000.0,40000.0,40000.0,40000.0,9560.728516,8474.582031,10309.724609,40000.0,40000.0,20362.699219,40000.0,40000.0,40000.0,35134.296875,40000.0,40000.0,6425.504395,6457.408203,21848.478516,5000.0,50521.742116,-35266.199977,10225.228338,0,true,true,1.0,-0.01,0
6,424,21.2,31262.748151,-51396.627147,31899.960789,-51610.369139,27278.420744,-610.165193,-3516.250888,1047.937908,0.584761,-0.65894,-100.81723,1.0,0.0,1.0,0.0,0.0,-0.279972,1.0,-12654.81397,2842.700168,-62649.648273,70.0,1.0,-85112.76677,-3560.741757,-63548.399396,70.0,1.0,-78105.477408,9818.995384,-63331.244647,70.0,19092.554688,40000.0,40000.0,39090.75,25457.691406,40000.0,40000.0,40000.0,40000.0,9658.611328,8480.826172,10346.857422,40000.0,40000.0,20440.503906,40000.0,40000.0,40000.0,35101.464844,40000.0,40000.0,6336.164062,6359.59082,21768.828125,5000.0,50541.077166,-35057.024307,10243.112677,0,true,true,1.0,-0.01,0
6,425,21.25,31301.391286,57895.23586,32122.234863,57288.134276,27206.278118,-605.675222,-3480.879914,1161.066968,0.590879,-0.801378,-101.324081,1.0,0.0,1.0,0.0,-0.209979,-0.349965,1.0,-13415.942319,2711.408315,-62983.476507,70.0,1.0,-85761.724941,-4322.567521,-64068.016396,70.0,1.0,-78872.747087,9113.795704,-63833.079869,70.0,18908.623047,40000.0,40000.0,38232.035156,25564.800781,40000.0,40000.0,40000.0,40000.0,9849.810547,8486.998047,10500.941406,40000.0,40000.0,20496.507812,40000.0,40000.0,40000.0,34993.753906,40000.0,40000.0,6164.257324,6130.594727,21624.59375,5000.0,50597.230626,-34614.949582,10298.562439,0,true,true,1.0,-0.01,0
6,426,21.3,31320.992837,-51416.228698,32234.273399,-51722.407675,27170.396402,-610.716349,-3490.732226,1117.949858,0.594864,-0.894028,-101.609505,0.0,0.0,1.0,0.0,-0.279972,-0.489951,1.0,-13768.247514,2631.751264,-63156.413747,70.0,1.0,-86059.349987,-4755.770055,-64361.279896,70.0,1.0,-79237.269426,8712.282894,-64114.980678,70.0,18818.826172,40000.0,40000.0,37797.984375,25627.550781,40000.0,40000.0,40000.0,40000.0,9947.607422,8486.313477,10576.492188,40000.0,40000.0,20546.576172,40000.0,40000.0,40000.0,34917.4375,40000.0,6630.467285,6107.873535,6036.94873,21558.582031,5000.0,50638.062381,-34366.316826,10345.571428,0,true,true,1.0,-0.01,0
6,427,21.35,31360.606777,57855.62192,32458.49817,57063.909505,27102.686021,-624.483836,-3522.335911,1043.456578,0.60512,-1.130041,-102.228081,0.0,0.0,1.0,0.0,-0.209979,-0.279972,1.0,-14391.453587,2447.005315,-63502.53275,70.0,1.0,-86584.453418,-5702.979126,-65012.733197,70.0,1.0,-79908.040602,7832.984875,-64738.067054,70.0,18644.53125,40000.0,40000.0,38062.898438,25882.894531,40000.0,40000.0,40000.0,40000.0,10146.412109,8479.761719,10724.858398,40000.0,40000.0,20641.402344,40000.0,28533.125,40000.0,34768.253906,40000.0,6404.760742,5951.625977,5849.658691,21437.771484,5000.0,50734.210816,-33828.066784,10488.680397,0,true,true,1.0,-0.01,0
6,428,21.4,31401.958062,-51457.579982,32688.791781,-51952.701286,27038.662461,-639.707718,-3547.195221,966.908689,0.617706,-1.377992,-102.83432,0.0,0.0,1.0,0.0,-0.069993,0.0,1.0,-15010.059679,2250.13073,-63843.636232,70.0,1.0,-87106.462553,-6644.160197,-65673.918488,70.0,1.0,-80574.930464,6962.64403,-65370.0919,70.0,18464.361328,40000.0,40000.0,38338.277344,26230.263672,40000.0,40000.0,40000.0,40000.0,10345.370117,8685.024414,10880.050781,40000.0,40000.0,20791.107422,40000.0,28590.861328,40000.0,34641.191406,40000.0,6231.560059,5729.116699,5658.248535,21308.679688,5000.0,50808.461378,-33302.09779,10645.291283,0,true,true,1.0,-0.01,0
6,429,21.45,31422.407206,57835.172776,32801.152768,56951.548518,27009.221631,-647.881376,-3559.884466,932.761054,0.623516,-1.478732,-103.076126,0.0,0.0,1.0,0.0,0.0,0.0,1.0,-15332.163255,2164.101869,-63999.733001,70.0,1.0,-87387.517312,-7025.675641,-65959.924756,70.0,1.0,-80913.403995,6606.134192,-65644.436284,70.0,18371.773438,40000.0,40000.0,38452.007812,26289.095703,40000.0,40000.0,40000.0,40000.0,10650.245117,8889.791016,10959.754883,40000.0,40000.0,20820.455078,40000.0,28647.222656,40000.0,34614.871094,40000.0,6176.930176,5641.259277,5565.397949,21232.78125,5000.0,50815.309177,-33093.575568,10704.742927,0,true,true,1.0,-0.01,0
6,430,21.5,31462.817452,-51497.990228,33020.097064,-52171.645582,26955.034579,-665.381933,-3587.920694,871.447746,0.636074,-1.705883,-103.546753,0.0,0.0,1.0,0.0,-0.419958,-0.139986,1.0,-15923.390443,1990.081258,-64303.659909,70.0,1.0,-87893.585473,-7774.131074,-66555.616478,70.0,1.0,-81531.647999,5905.633498,-66214.259773,70.0,18109.642578,40000.0,40000.0,38664.871094,26407.03125,40000.0,40000.0,40000.0,40000.0,11301.503906,9294.883789,11115.675781,40000.0,40000.0,20927.052734,40000.0,28758.648438,40000.0,34596.023438,40000.0,6000.262695,5469.878418,5429.450195,21425.279297,5000.0,50819.449429,-32688.885609,10850.619552,0,true,true,1.0,-0.01,0
6,431,21.55,31484.344676,57813.645552,33134.979132,56836.66645,26928.320914,-672.843517,-3590.693138,834.948209,0.643035,-1.868755,-103.78067,0.0,0.0,1.0,0.0,-0.629937,-0.069993,1.0,-16183.101809,1899.324216,-64470.89215,70.0,1.0,-88106.846331,-8149.165222,-66930.511019,70.0,1.0,-81800.983224,5553.912855,-66570.956422,70.0,17958.167969,40000.0,40000.0,38775.402344,26467.667969,40000.0,40000.0,40000.0,40000.0,11647.112305,9508.522461,11198.917969,40000.0,40000.0,21001.439453,40000.0,28820.066406,40000.0,34551.550781,40000.0,5879.790039,5420.523438,5334.811035,21533.445312,5000.0,50804.059992,-32488.982332,10967.14687,0,true,true,1.0,-0.01,0
6,432,21.6,31527.055106,-51540.700658,33359.352986,-52396.019436,26879.182487,-691.19536,-3611.909889,774.333191,0.659286,-2.376506,-104.250595,0.0,0.0,1.0,0.0,-1.064002,-0.193455,1.0,-16514.898921,1716.194319,-64847.809571,70.0,1.0,-88289.576871,-8903.150295,-67948.973429,70.0,1.0,-82097.549313,4845.992582,-67533.762607,70.0,17665.115234,40000.0,40000.0,40000.0,26596.800781,40000.0,40000.0,40000.0,40000.0,12346.922852,9936.12207,11362.837891,40000.0,40000.0,21154.103516,40000.0,28943.617188,40000.0,34520.945312,40000.0,5718.112305,5259.353027,5149.844727,21784.322266,5000.0,50739.392417,-32090.006601,11364.741317,0,true,true,1.0,-0.01,0
6,433,21.65,31572.753546,57767.947112,33594.082538,56601.936898,26832.157821,-710.3746,-3627.750163,710.511738,0.683092,-3.153677,-104.783104,0.0,0.0,1.0,0.0,-1.213253,-0.417056,1.0,-9112.106078,-11059.075733,-65046.834874,70.0,1.0,-16542.03497,1505.563042,-65306.430746,70.0,1.0,-88182.114182,-9774.568891,-69388.405032,70.0,17360.615234,40000.0,40000.0,40000.0,26756.548828,40000.0,40000.0,40000.0,40000.0,40000.0,10404.892578,11496.785156,40000.0,40000.0,21349.429688,40000.0,29134.478516,40000.0,34478.210938,40000.0,5557.48877,5020.435547,4914.045898,34781.011719,5000.0,50634.253111,-31641.075911,12000.137526,0,true,true,1.0,-0.01,0
6,434,21.7,31595.97644,-51563.923552,33711.273586,-52513.210484,26810.260751,-720.476256,-3635.781517,679.343387,0.539167,-3.639286,-105.091484,0.0,0.0,1.0,-1.0,-1.141622,-0.588108,1.0,-8949.758395,-11303.014533,-65206.964285,70.0,1.0,-16435.98691,1202.442587,-65565.44969,70.0,1.0,-87979.186686,-10461.762719,-70225.784839,70.0,17206.316406,40000.0,40000.0,40000.0,26855.550781,40000.0,40000.0,40000.0,40000.0,40000.0,10654.375,11470.575195,40000.0,40000.0,21377.857422,40000.0,29192.21875,40000.0,34439.613281,40000.0,5425.316895,4930.214355,4818.853027,34579.554688,5000.0,50578.410431,-31346.555916,12492.07953,0,true,true,1.0,-0.01,0
6,435,21.75,31642.322043,57721.601508,33940.920233,56372.290251,26770.317081,-742.719083,-3657.562385,621.324689,-0.192444,-4.767544,-105.772713,0.0,0.0,1.0,-1.0,-0.832439,-0.440703,1.0,-8405.6366,-12327.076159,-65442.283382,70.0,1.0,-16014.826393,46.603475,-66118.468631,70.0,1.0,-87312.229026,-12519.453407,-72022.635534,70.0,16903.609375,40000.0,40000.0,40000.0,27090.585938,40000.0,40000.0,40000.0,40000.0,40000.0,11177.34668,11406.753906,40000.0,40000.0,21452.330078,40000.0,29286.578125,40000.0,34341.097656,40000.0,5258.554688,4797.073242,4633.876465,34466.707031,5000.0,50453.742057,-30587.08721,13854.088211,0,true,true,1.0,-0.01,0
6,436,21.8,31666.964118,-51588.565626,34060.652941,-52632.943192,26751.144075,-752.337849,-3655.514046,585.363797,-0.770939,-5.381657,-106.134285,0.0,0.0,1.0,-1.0,-0.69993,-0.419958,1.0,-8085.826105,-13097.540172,-65512.419182,70.0,1.0,-15758.541981,-798.828385,-66400.785906,70.0,1.0,-86908.663523,-13878.615143,-72928.072725,70.0,16749.863281,40000.0,40000.0,40000.0,27536.123047,40000.0,40000.0,40000.0,40000.0,40000.0,11371.341797,11376.443359,40000.0,40000.0,21570.484375,40000.0,29366.136719,40000.0,34295.316406,40000.0,5213.225098,4711.615234,4538.572266,34416.71875,5000.0,50375.369849,-30123.071384,14685.404721,0,true,true,1.0,-0.01,0
6,437,21.85,31715.375468,57673.190158,34291.185752,56141.75744,26717.196812,-777.228341,-3676.124892,526.173506,-2.335113,-6.572248,-106.804985,0.0,0.0,1.0,-1.0,0.0,0.0,1.0,-7456.111175,-15109.266346,-65496.89606,70.0,1.0,-15242.053666,-2970.627228,-66889.67364,70.0,1.0,-86083.272118,-17105.611828,-74481.89904,70.0,16466.212891,40000.0,40000.0,40000.0,40000.0,28198.984375,40000.0,40000.0,40000.0,40000.0,11583.445312,11333.323242,40000.0,40000.0,21832.121094,40000.0,29590.830078,40000.0,34238.011719,40000.0,4986.503906,4490.683105,4399.455566,34331.792969,5000.0,50187.605753,-29085.252229,16500.783898,0,true,true,1.0,-0.01,0
6,438,21.9,31739.482312,-51612.67247,34403.670937,-52745.428377,26702.072981,-788.728125,-3680.292125,494.821753,-3.305194,-7.147053,-107.113487,0.0,0.0,1.0,-1.0,0.0,0.0,1.0,-7155.363429,-16330.743853,-65403.250465,70.0,1.0,-14991.009711,-4280.252293,-67083.327269,70.0,1.0,-85672.795203,-18959.264047,-75113.207227,70.0,16333.90918,40000.0,40000.0,40000.0,40000.0,27439.828125,40000.0,40000.0,40000.0,40000.0,11689.935547,11320.974609,40000.0,40000.0,21977.521484,40000.0,29670.228516,40000.0,34227.257812,40000.0,4899.271973,4404.852051,4310.140137,34294.0625,5000.0,50077.849225,-28505.478861,17467.831219,0,true,true,1.0,-0.01,0
6,439,21.95,31788.550074,57624.122396,34627.952203,55917.476174,26674.815148,-812.919189,-3690.254869,432.813226,-5.604857,-8.259537,-107.674278,0.0,0.0,1.0,-1.0,0.0,0.0,1.0,-6598.339633,-19177.955008,-65016.403874,70.0,1.0,-14519.168864,-7328.392674,-67334.613058,70.0,1.0,-84876.495832,-23131.083279,-76046.140612,70.0,16082.455078,40000.0,40000.0,40000.0,40000.0,24942.255859,40000.0,40000.0,40000.0,40000.0,11907.348633,11316.430664,40000.0,40000.0,22382.203125,40000.0,29816.941406,40000.0,34245.382812,5861.993164,4773.156738,4231.76709,4126.611816,34220.925781,5000.0,49822.385543,-27205.457796,19496.154922,0,true,true,1.0,-0.01,0
6,440,22.0,31839.405483,-51663.527879,34854.015722,-52971.491895,26651.29561,-837.727887,-3698.117844,369.405834,-8.216197,-9.326356,-108.161934,0.0,0.0,1.0,0.0,0.0,-0.069993,1.0,-6107.792739,-22359.520152,-64373.848336,70.0,1.0,-14095.656857,-10747.700591,-67375.928536,70.0,1.0,-84125.028596,-27701.566684,-76548.045686,70.0,15843.810547,40000.0,40000.0,40000.0,40000.0,24194.554688,40000.0,40000.0,40000.0,40000.0,12132.618164,11338.436523,40000.0,40000.0,22843.224609,40000.0,30027.414062,40000.0,34364.140625,5575.820312,4534.763672,4101.117188,3906.273682,34146.117188,5000.0,49519.716232,-25745.060365,21550.041597,0,true,true,1.0,-0.01,0
6,441,22.05,31867.68253,57595.845349,34976.932635,55794.55926,26640.324357,-848.311364,-3687.507223,329.137591,-9.450139,-9.833386,-108.425674,0.0,0.0,1.0,0.0,0.209979,-0.629937,1.0,-5923.021267,-23875.239399,-64023.908311,70.0,1.0,-13947.19263,-12396.061644,-67344.56153,70.0,1.0,-83802.216026,-29958.876973,-76695.824473,70.0,15713.369141,40000.0,40000.0,19730.666016,40000.0,24271.863281,40000.0,40000.0,40000.0,40000.0,12255.523438,11351.412109,40000.0,40000.0,23019.853516,40000.0,30140.625,39802.792969,34463.648438,5524.591797,4431.405762,3956.01001,3807.040039,34103.003906,5000.0,49368.750473,-24981.503534,22484.111092,0,true,true,1.0,-0.01,0
6,442,22.1,31923.61192,-51719.45727,35214.354986,-53208.914246,26622.594276,-878.234699,-3701.163628,260.813972,-11.744121,-10.704771,-109.143967,0.0,0.0,1.0,0.0,0.767221,-0.986427,1.0,-5638.574858,-26754.782982,-63247.063661,70.0,1.0,-13774.878794,-15578.468231,-67141.502185,70.0,1.0,-83240.01592,-34566.144394,-76606.425726,70.0,15436.06543,30995.240234,40000.0,18236.523438,40000.0,24456.0625,40000.0,40000.0,40000.0,40000.0,12482.945312,10718.053711,15503.822266,40000.0,23580.380859,40000.0,30396.185547,24184.705078,34825.816406,5248.825684,4290.467285,3767.660889,3613.553223,34045.941406,5000.0,49198.034429,-23295.949782,24074.373708,0,true,true,1.0,-0.01,0
6,443,22.15,31951.76773,57567.689539,35331.283453,55677.630793,26615.415148,-890.89946,-3699.822801,227.160265,-12.816572,-11.077512,-109.577705,0.0,0.0,1.0,0.0,0.720819,-0.881001,1.0,-5545.006684,-28130.40499,-62825.913869,70.0,1.0,-13753.013343,-17119.029448,-66979.049208,70.0,1.0,-83005.770289,-36894.127199,-76385.308192,70.0,15161.989258,30628.332031,40000.0,17667.541016,40000.0,24560.515625,40000.0,40000.0,40000.0,40000.0,12825.568359,10815.361328,15355.111328,40000.0,23811.082031,40000.0,30471.128906,23753.287109,35033.789062,5187.474121,4142.723633,3674.876953,3545.320068,34027.457031,5000.0,49162.89614,-22397.063434,24743.196015,0,true,true,1.0,-0.01,0
6,444,22.2,32011.055002,-51778.744542,35571.498827,-53449.129619,26604.143524,-920.675103,-3700.850777,157.990085,-14.790899,-11.692998,-110.670479,0.0,0.0,1.0,0.0,0.725449,-1.015629,1.0,-5475.653001,-30757.423464,-61938.566215,70.0,1.0,-13871.344337,-20112.631868,-66546.376999,70.0,1.0,-82641.486166,-41665.126857,-75576.255067,70.0,14348.874023,15791.246094,40000.0,17152.953125,38307.621094,24856.509766,40000.0,40000.0,40000.0,40000.0,13626.735352,11004.96875,14953.40918,40000.0,24559.058594,40000.0,30640.527344,22574.65625,35695.59375,4954.68457,3951.882324,3532.143311,3363.273193,33859.121094,5000.0,49217.075959,-20451.863777,25804.521043,0,true,true,1.0,-0.01,0
6,445,22.25,32042.222064,57536.522478,35694.632971,55554.496648,26600.071966,-935.011796,-3694.024139,122.14672,-15.701022,-11.946628,-111.308052,0.0,0.0,1.0,0.0,0.81735,-1.032443,1.0,-5491.786592,-32014.697474,-61475.486342,70.0,1.0,-13998.73487,-21567.072305,-66282.073203,70.0,1.0,-82499.581964,-44079.448163,-75009.083984,70.0,13914.405273,15537.253906,40000.0,17167.171875,37451.589844,25258.839844,40000.0,40000.0,40000.0,40000.0,14082.792969,11098.881836,14720.380859,30221.324219,25000.650391,40000.0,30672.339844,22121.806641,36091.457031,4857.641113,3900.104248,3434.779785,3260.012939,33617.457031,5000.0,49290.620716,-19426.819092,26211.172146,0,true,true,1.0,-0.01,0
6,446,22.3,32105.350291,-51841.872769,35937.477012,-53691.973661,26595.189029,-969.071201,-3694.127718,58.581426,-17.155354,-12.103165,-113.013519,0.0,0.0,1.0,0.0,0.909673,-0.909673,1.0,-5811.434206,-34262.735859,-60577.329231,70.0,1.0,-14629.645134,-24243.963732,-65649.123988,70.0,1.0,-78529.855322,-34831.016869,-76721.673103,70.0,13113.198242,15160.80957,40000.0,17235.982422,36357.828125,25620.947266,40000.0,40000.0,40000.0,40000.0,40000.0,11575.457031,14563.919922,30244.830078,26256.400391,40000.0,30822.419922,21579.060547,40000.0,4767.475098,3723.148193,3194.392822,3016.975342,33672.78125,5000.0,49722.170151,-17221.673884,26467.123164,0,true,true,1.0,-0.01,0
6,447,22.35,32137.083187,57504.789582,36056.128755,55435.844906,26594.253819,-987.889743,-3693.795838,29.11441,-17.713976,-12.011453,-114.070999,0.0,0.0,1.0,0.0,0.858162,-0.810487,1.0,-6102.496469,-35268.73465,-60142.063472,70.0,1.0,-15116.890493,-25479.998663,-65282.091946,70.0,1.0,-78905.206167,-37279.094572,-75760.811213,70.0,12910.724609,15090.806641,40000.0,17294.4375,36793.589844,25843.833984,40000.0,40000.0,40000.0,40000.0,40000.0,11937.56543,14260.692383,30217.472656,26934.878906,40000.0,30855.154297,23404.298828,40000.0,4705.771484,3589.423828,3102.322266,2906.004395,33733.9375,5000.0,50065.190827,-16052.573874,26327.854768,0,true,true,1.0,-0.01,0
6,448,22.4,32201.945442,-51906.735023,36291.121158,-53926.966064,26595.083871,-1030.366598,-3692.617702,-25.480328,-18.745356,-11.755669,-116.262512,0.0,0.0,1.0,0.0,0.944692,-0.799355,1.0,-6721.411826,-37241.019274,-59229.828095,70.0,1.0,-16132.222731,-27898.946905,-64468.314007,70.0,1.0,-79634.204942,-42119.322574,-73597.656215,70.0,12541.394531,14968.602539,40000.0,31216.056641,16761.261719,26343.320312,40000.0,40000.0,40000.0,40000.0,40000.0,12726.231445,13494.163086,40000.0,40000.0,40000.0,30894.275391,40000.0,23986.332031,4509.737305,3423.301514,2919.012695,2704.898682,40000.0,5000.0,50754.569203,-13709.400719,25875.509457,0,true,true,1.0,-0.01,0
6,449,22.45,32236.259299,57470.475724,36411.204172,55315.761892,26596.853912,-1051.52402,-3679.859476,-54.241662,-19.220627,-11.59613,-117.399391,0.0,0.0,1.0,0.0,0.708233,-0.657645,1.0,-7052.93926,-38189.844971,-58762.038862,70.0,1.0,-16666.519624,-29089.090706,-64024.093236,70.0,1.0,-79993.80202,-44537.381014,-72400.076217,70.0,13309.50293,14913.819336,40000.0,31649.96875,16979.832031,40000.0,28108.578125,40000.0,40000.0,40000.0,40000.0,13162.850586,13141.124023,40000.0,31304.867188,40000.0,30951.248047,40000.0,22796.882812,4444.816406,3344.391846,2856.910645,2601.958496,40000.0,5000.0,51093.642678,-12532.907371,25566.891503,0,true,true,1.0,-0.01,0
6,450,22.5,32305.906102,-51976.381826,36645.995126,-54161.757018,26602.653232,-1102.154146,-3668.496684,-103.026981,-20.095591,-11.247972,-119.760887,0.0,0.0,1.0,0.0,0.576957,-0.769277,1.0,-7676.002225,-40035.89737,-57795.515725,70.0,1.0,-17699.351577,-31431.785129,-63066.045855,70.0,1.0,-80576.417244,-49327.735185,-69833.960631,70.0,17443.152344,14513.861328,40000.0,40000.0,17468.591797,40000.0,23919.236328,40000.0,40000.0,40000.0,40000.0,13804.178711,12482.919922,40000.0,32523.289062,26770.494141,40000.0,40000.0,23463.269531,4336.512695,3226.447021,2688.665039,2400.903076,40000.0,5000.0,51752.739643,-10153.089899,24817.309238,0,true,true,1.0,-0.01,0
6,451,22.55,32341.69147,57434.690357,36761.999688,55199.75733,26606.612924,-1130.098829,-3663.414047,-125.046734,-20.498463,-11.065953,-120.979698,0.0,0.0,1.0,0.0,0.594753,-0.773179,1.0,-7964.483323,-40935.412387,-57299.334416,70.0,1.0,-18192.78895,-32586.348613,-62556.293264,70.0,1.0,-80793.940842,-51708.858227,-68478.12129,70.0,17538.308594,14226.076172,40000.0,40000.0,17731.625,40000.0,24073.173828,40000.0,40000.0,40000.0,40000.0,14058.74707,12331.001953,40000.0,40000.0,25609.246094,40000.0,40000.0,23823.646484,4322.63916,3155.866211,2589.864502,2301.410889,40000.0,5000.0,52063.909562,-8952.552175,24385.149582,0,true,true,1.0,-0.01,0
6,452,22.6,32416.82696,-52051.517317,36995.526121,-54395.283451,26616.682212,-1188.879328,-3642.945661,-167.731449,-21.24081,-10.700932,-123.486565,0.0,0.0,1.0,0.0,0.483271,-0.785315,1.0,-8492.082483,-42695.199047,-56286.630565,70.0,1.0,-19126.698685,-34870.228438,-61484.23243,70.0,1.0,-81066.657374,-56452.652721,-65653.095104,70.0,32027.847656,13676.457031,29127.214844,40000.0,18274.830078,40000.0,24734.673828,40000.0,40000.0,40000.0,40000.0,15232.308594,12386.132812,17566.111328,40000.0,24918.582031,40000.0,40000.0,24576.730469,4240.609863,2900.054443,2352.836426,2139.260254,40000.0,5000.0,52630.216372,-6531.545148,23425.433506,0,true,true,1.0,-0.01,0
6,453,22.65,32495.985704,57355.531613,37227.5147,54967.76875,26629.251879,-1255.645593,-3625.353884,-204.703753,-21.904486,-10.366674,-126.075539,0.0,0.0,1.0,0.0,0.322193,-0.837703,1.0,-8900.079667,-44402.698928,-55255.348302,70.0,1.0,-19931.150466,-37121.186001,-60358.125822,70.0,1.0,-81051.399187,-61172.928326,-62738.111752,70.0,32108.279297,12635.058594,13685.972656,40000.0,40000.0,35292.796875,25185.544922,40000.0,40000.0,40000.0,40000.0,40000.0,12846.757812,16114.095703,40000.0,25265.234375,40000.0,31600.451172,25170.603516,4024.42749,2772.236816,2164.424072,1944.592041,40000.0,5000.0,53102.381346,-4079.862396,22376.368692,0,true,true,1.0,-0.01,0
6,454,22.7,32537.8158,-52093.347413,37344.565689,-54512.334439,26636.519764,-1288.336492,-3605.085182,-223.845581,-22.206825,-10.229859,-127.409935,0.0,0.0,1.0,0.0,0.23188,-1.043462,1.0,-9038.217083,-45242.435803,-54736.531277,70.0,1.0,-20263.474911,-38243.312641,-59781.875637,70.0,1.0,-80904.246377,-63548.674954,-61271.828552,70.0,31784.158203,11894.012695,13604.957031,40000.0,40000.0,35804.976562,25449.871094,40000.0,40000.0,40000.0,40000.0,40000.0,13262.741211,15965.365234,40000.0,26104.28125,40000.0,31587.177734,25088.193359,3958.674561,2682.665283,2109.095947,1920.790283,40000.0,5000.0,53293.5669,-2828.144902,21834.119865,0,true,true,1.0,-0.01,0
6,455,22.75,32622.786567,57270.560846,37571.352738,54740.981701,26652.200852,-1364.042828,-3584.122915,-254.498876,-22.765371,-10.029222,-130.088867,0.0,0.0,1.0,0.0,0.069993,-0.559944,1.0,-9153.842774,-46873.148614,-53704.396712,70.0,1.0,-20769.53751,-40472.921102,-58618.077026,70.0,1.0,-34014.85692,-23966.097412,-68085.54579,70.0,32000.716797,11212.599609,13498.044922,40000.0,40000.0,40000.0,40000.0,25474.486328,40000.0,40000.0,40000.0,40000.0,14168.808594,14965.339844,40000.0,28094.787109,40000.0,31612.226562,40000.0,3918.25708,2407.313232,1847.949951,1848.254639,5440.440918,5000.0,53573.037674,-323.590788,20754.550986,0,true,true,1.0,-0.01,0
6,456,22.8,32669.442999,-52140.003845,37689.789503,-54630.771204,26661.299953,-1399.692892,-3553.102761,-272.97301,-23.030426,-9.949532,-131.384842,0.0,0.0,1.0,0.0,0.0,-0.069993,1.0,-9203.114706,-47666.671031,-53192.453119,70.0,1.0,-20987.757438,-41551.074682,-58038.48753,70.0,1.0,-34649.277214,-25405.05601,-67506.224995,70.0,40000.0,11010.517578,13448.253906,40000.0,40000.0,35843.289062,40000.0,23567.5625,40000.0,40000.0,40000.0,40000.0,14661.196289,14506.351562,40000.0,29058.626953,40000.0,31680.03125,40000.0,3726.642334,2313.324219,1731.781128,1893.68103,5012.744141,5000.0,53651.380427,879.524378,20224.150731,0,true,true,1.0,-0.01,0
6,457,22.85,32757.917642,57182.086203,37904.155236,54526.615968,26678.961764,-1480.666513,-3532.858655,-297.124715,-23.458265,-9.838018,-133.458664,0.0,0.0,1.0,0.0,0.0,-0.069993,1.0,-9333.835512,-48972.708521,-52342.087415,70.0,1.0,-21371.287414,-43316.665626,-57072.034978,70.0,1.0,-35684.849408,-27769.653996,-66524.40373,70.0,40000.0,11596.005859,13192.654297,40000.0,40000.0,40000.0,40000.0,23819.78125,40000.0,40000.0,40000.0,40000.0,14965.446289,13882.251953,40000.0,40000.0,40000.0,31818.716797,40000.0,3526.973389,2024.421387,1562.699097,1993.718384,4618.200684,5000.0,53688.910256,2787.009853,19360.607905,0,true,true,1.0,-0.01,0
6,458,22.9,32849.873741,-52231.959943,38113.744552,-54840.36052,26697.910494,-1556.155348,-3494.024249,-321.807766,-23.769024,-9.755579,-135.01474,0.0,0.0,1.0,0.0,0.069993,-0.069993,1.0,-9602.386658,-50009.020932,-51677.431281,70.0,1.0,-21816.201019,-44702.313379,-56309.114444,70.0,1.0,-36619.739757,-29635.276502,-65725.837832,70.0,40000.0,15669.702148,12754.875,40000.0,40000.0,40000.0,40000.0,24336.802734,40000.0,40000.0,40000.0,40000.0,15767.920898,13712.396484,40000.0,40000.0,40000.0,31917.496094,40000.0,3116.840576,1799.42334,1477.876221,2178.842285,4461.838379,5000.0,53620.116183,4182.286427,18695.508451,0,true,true,1.0,-0.01,0
6,459,22.95,32899.444196,57132.515747,38221.650059,54418.710462,26708.353422,-1591.699509,-3464.828797,-335.320762,-23.881762,-9.721914,-135.602386,0.0,0.0,1.0,0.0,0.0,0.0,1.0,-9817.714227,-50435.515309,-51415.465149,70.0,1.0,-22094.266766,-45262.155571,-56006.255402,70.0,1.0,-37072.994159,-30374.84767,-65404.279146,70.0,40000.0,15646.030273,12559.646484,40000.0,40000.0,40000.0,40000.0,24440.736328,40000.0,40000.0,40000.0,40000.0,16124.370117,13781.772461,40000.0,40000.0,40000.0,32050.113281,40000.0,2784.06665,1533.984985,1472.461182,2171.887451,4471.872559,5000.0,53554.643368,4692.1345,18440.581187,0,true,true,1.0,-0.01,0
6,460,23.0,32997.906637,-52330.422384,38426.898665,-55045.609126,26729.312695,-1668.213685,-3428.539463,-356.493821,-24.072962,-9.65134,-136.693527,0.0,0.0,1.0,0.0,0.069993,-0.069993,1.0,-10244.467229,-51217.742857,-50931.509978,70.0,1.0,-22634.051356,-46290.484336,-55440.457081,70.0,1.0,-37933.474073,-31736.824315,-64792.033659,70.0,40000.0,15599.71875,12196.697266,12869.640625,40000.0,40000.0,36391.964844,24641.841797,40000.0,40000.0,40000.0,40000.0,16821.324219,13921.375,40000.0,40000.0,40000.0,40000.0,40000.0,2271.800781,1335.447632,1632.518921,2337.24585,4573.324219,5000.0,53414.381311,5622.728019,17957.152025,0,true,true,1.0,-0.01,0
6,461,23.05,33054.431155,57075.991229,38539.531734,54306.077393,26741.594297,-1702.915118,-3393.298366,-370.008018,-24.148897,-9.611353,-137.216095,0.0,0.0,1.0,0.0,0.209979,-0.349965,1.0,-10514.13399,-51597.042014,-50702.630119,70.0,1.0,-22955.687457,-46786.8036,-55168.214707,70.0,1.0,-38406.23921,-32392.636001,-64489.134326,70.0,40000.0,15561.730469,12007.644531,12609.524414,40000.0,40000.0,35531.015625,24748.119141,40000.0,40000.0,40000.0,40000.0,40000.0,14007.527344,40000.0,40000.0,28933.1875,40000.0,40000.0,1852.38269,1331.181641,1617.780151,2340.697754,4510.109863,5000.0,53326.443276,6053.381259,17721.3248,0,true,true,1.0,-0.01,0
6,462,23.1,33167.597265,-52443.588493,38755.435821,-55261.513214,26766.327421,-1784.109813,-3355.974672,-389.748938,-24.268703,-9.551969,-138.362473,0.0,0.0,1.0,0.0,0.293845,-0.881535,1.0,-10944.745191,-52348.931828,-50247.936439,70.0,1.0,-23497.220549,-47793.096846,-54619.010421,70.0,1.0,-39273.861468,-33744.635085,-63865.069729,70.0,40000.0,16284.755859,11636.691406,12096.737305,40000.0,40000.0,34388.632812,24989.228516,40000.0,40000.0,40000.0,40000.0,40000.0,14217.209961,40000.0,40000.0,27379.783203,40000.0,40000.0,1315.888794,1398.363403,1766.826538,2387.188965,4499.534668,5000.0,53139.839328,7001.256638,17226.836252,0,true,true,1.0,-0.01,0
6,463,23.15,33280.928568,56962.659926,38960.22093,54101.292284,26791.210409,-1858.662028,-3314.54347,-407.998242,-24.338736,-9.550632,-139.694199,0.0,0.0,1.0,0.0,0.171558,-1.029348,1.0,-11170.400879,-53108.957321,-49798.217377,70.0,1.0,-23845.247543,-48848.282536,-54066.031846,70.0,1.0,-39990.250881,-35199.593665,-63221.150338,70.0,40000.0,29835.480469,11027.500977,11863.464844,40000.0,40000.0,34894.589844,25283.597656,40000.0,40000.0,40000.0,40000.0,40000.0,14739.96582,19194.8125,40000.0,27173.867188,40000.0,40000.0,1329.562012,1466.755005,1770.022095,2441.085693,4507.605957,5000.0,52921.49954,8116.658245,16709.191599,0,true,true,1.0,-0.01,0
6,464,23.2,33344.027889,-52506.687815,39069.485924,-55370.778208,26805.200432,-1892.979558,-3277.94966,-419.70067,-24.352314,-9.583859,-140.442703,0.0,0.0,1.0,0.0,0.154133,-1.194531,1.0,-11229.681102,-53509.131709,-49572.864617,70.0,1.0,-23969.040626,-49416.109121,-53786.518303,70.0,1.0,-40315.205753,-35994.866631,-62890.759071,70.0,40000.0,29810.222656,10520.421875,11778.214844,40000.0,40000.0,35167.917969,25703.191406,40000.0,40000.0,40000.0,40000.0,40000.0,15039.982422,18831.505859,40000.0,27063.544922,40000.0,1517.693604,1365.468994,1500.492065,1801.381592,2463.160156,4411.269531,5000.0,52780.603145,8747.648491,16448.604203,0,true,true,1.0,-0.01,0
6,465,23.25,33466.447403,56840.240412,39273.269678,53897.50853,26832.290777,-1971.085152,-3238.648431,-435.937036,-24.341566,-9.725944,-142.073456,0.0,0.0,1.0,0.0,0.064602,-1.033634,1.0,-11123.585204,-54311.825201,-49136.641443,70.0,1.0,-23995.276776,-50587.410896,-53242.986904,70.0,1.0,-40767.125406,-37667.384047,-62243.051485,70.0,40000.0,29818.058594,9562.731445,11635.020508,40000.0,40000.0,40000.0,40000.0,23634.126953,40000.0,40000.0,40000.0,40000.0,15684.883789,18220.970703,40000.0,26861.230469,40000.0,1408.53418,1474.619385,1606.89978,1879.497192,2562.924805,4224.280273,5000.0,52455.826083,10141.474386,15939.663276,0,true,true,1.0,-0.01,0
6,466,23.3,33530.746601,-52570.987013,39376.13915,-55473.64768,26846.567687,-2005.75835,-3208.924989,-445.355971,-24.317226,-9.836258,-142.952148,0.0,0.0,1.0,0.0,0.0,-1.143514,1.0,-10991.395071,-54723.454361,-48923.484179,70.0,1.0,-23928.945911,-51200.266157,-52977.063099,70.0,1.0,-40922.395436,-38555.448994,-61924.200417,70.0,40000.0,29503.207031,9249.936523,11569.394531,40000.0,40000.0,40000.0,40000.0,23743.474609,40000.0,40000.0,40000.0,40000.0,16043.845703,18224.160156,40000.0,26741.490234,40000.0,1444.153564,1458.705078,1590.092529,1868.379395,2495.513916,4140.870117,5000.0,52258.948436,10897.655956,15695.309656,0,true,true,1.0,-0.01,0
6,467,23.35,33661.21007,56709.776943,39576.796904,53696.850776,26875.55731,-2080.8885,-3158.879378,-462.280426,-24.228888,-10.136176,-144.833694,0.0,0.0,1.0,0.0,0.0,-1.115408,1.0,-10534.422338,-55554.396416,-48512.106751,70.0,1.0,-23600.638071,-52467.312815,-52462.971754,70.0,1.0,-41050.681384,-40423.164014,-61304.170732,70.0,40000.0,29545.490234,8908.3125,11458.923828,40000.0,40000.0,17637.037109,40000.0,24001.023438,40000.0,40000.0,40000.0,40000.0,16837.875,17559.697266,33972.539062,27864.236328,1691.68335,1558.243042,1514.564087,1627.729858,1956.491211,2481.833008,3971.223633,5000.0,51794.909963,12525.937024,15228.867821,0,true,true,1.0,-0.01,0
6,468,23.4,33730.158056,-52639.934999,39678.665428,-55575.516204,26890.934709,-2115.8775,-3126.143774,-471.902003,-24.166241,-10.329215,-145.823273,0.0,0.0,1.0,0.0,-0.139986,-1.017029,1.0,-10246.316395,-55988.286323,-48311.8465,70.0,1.0,-23355.554304,-53121.600177,-52216.919133,70.0,1.0,-41035.27258,-41400.967081,-61007.865008,70.0,40000.0,29619.921875,8738.845703,11226.786133,40000.0,40000.0,17395.416016,40000.0,24439.244141,40000.0,40000.0,40000.0,40000.0,17011.951172,17206.701172,33820.046875,28656.144531,1725.775635,1592.412476,1587.366455,1697.68103,1972.050293,2549.283447,3887.200684,5000.0,51519.473529,13385.229926,15015.629721,0,true,true,1.0,-0.01,0
6,469,23.45,33869.935907,56569.999092,39876.987578,53498.528625,26922.15962,-2194.301,-3072.064224,-489.464062,-24.039713,-10.694837,-147.605957,0.0,0.0,1.0,0.0,0.0,0.0,1.0,-9738.100495,-56770.225664,-47953.207884,70.0,1.0,-22934.340108,-54317.083815,-51776.376171,70.0,1.0,-41010.213579,-43191.156958,-60477.207828,70.0,40000.0,40000.0,8930.417969,10756.445312,11414.21875,40000.0,32508.371094,16474.523438,24750.890625,40000.0,40000.0,40000.0,40000.0,17592.431641,16666.419922,32508.371094,30106.257812,1749.367188,1610.140625,1591.931885,1687.870239,1936.550415,2478.611328,3756.102051,5000.0,50958.726585,14915.540702,14651.653427,0,true,true,1.0,-0.01,0
6,470,23.5,34008.509666,-52778.508758,40063.700641,-55762.229267,26953.153242,-2265.977389,-3014.757068,-507.015831,-23.950054,-10.935369,-148.789352,0.0,0.0,1.0,0.0,0.0,0.0,1.0,-9639.958265,-57366.67189,-47688.279368,70.0,1.0,-22890.783423,-55196.371213,-51453.685088,70.0,1.0,-41215.112694,-44476.150602,-60089.435932,70.0,40000.0,40000.0,13255.895508,10376.088867,10876.033203,40000.0,31638.359375,16113.976562,25008.521484,40000.0,40000.0,40000.0,40000.0,18281.572266,16438.109375,31445.548828,31169.160156,1849.519287,1710.320435,1674.678223,1765.004028,2020.313232,2480.518799,3806.477783,5000.0,50492.923952,15893.54769,14417.692013,0,true,true,1.0,-0.01,0
6,471,23.55,34077.213672,56501.295087,40152.918221,53409.311046,26968.540216,-2300.94805,-2987.962859,-515.321152,-23.913334,-11.030968,-149.285736,0.0,0.0,1.0,0.0,0.0,0.349965,1.0,-9656.190381,-57635.386052,-47568.480384,70.0,1.0,-22927.886856,-55583.870969,-51308.29993,70.0,1.0,-41353.263219,-45035.885509,-59914.606441,70.0,40000.0,40000.0,13229.256836,10202.664062,10638.227539,40000.0,31287.103516,15895.616211,25129.210938,40000.0,40000.0,40000.0,40000.0,18598.072266,16369.426758,31524.460938,31633.373047,1900.47644,1734.276123,1701.432373,1789.494141,1990.657227,2555.647705,3761.777344,5000.0,50278.749084,16294.255468,14316.700227,0,true,true,1.0,-0.01,0
6,472,23.6,34226.009154,-52927.304241,40338.965451,-55948.276496,27002.088909,-2363.899639,-2919.124828,-534.290607,-23.88204,-11.127086,-150.023651,0.0,0.0,1.0,0.0,-0.069993,1.228971,1.0,-9989.779311,-58134.302808,-47331.462957,70.0,1.0,-23290.272177,-56258.414484,-51022.972572,70.0,1.0,-41862.200098,-45970.634669,-59572.849966,70.0,40000.0,40000.0,13127.020508,9866.393555,10477.601562,40000.0,30846.363281,15586.175781,25343.859375,40000.0,40000.0,40000.0,40000.0,19158.109375,16464.59375,31710.503906,40000.0,1905.014771,1731.778687,1693.193848,1774.591064,2007.959961,2508.866211,3676.560303,5000.0,49902.27303,16852.515757,14130.704369,0,true,true,1.0,-0.01,0
6,473,23.65,34301.600345,56425.703896,40430.074963,53318.201533,27019.179336,-2399.590885,-2892.209453,-542.523972,-23.889881,-11.1291,-150.256577,0.0,0.0,1.0,0.0,-0.072595,1.270418,1.0,-10286.343081,-58353.476781,-47217.793286,70.0,1.0,-23595.350069,-56532.483948,-50887.831574,70.0,1.0,-42212.4225,-46329.193867,-59412.666719,70.0,40000.0,40000.0,13055.94043,9711.219727,10391.213867,40000.0,30752.308594,15494.848633,25432.556641,40000.0,40000.0,40000.0,40000.0,19384.671875,16568.375,31834.753906,2397.181641,1927.902344,1764.012329,1721.124756,1814.077637,2076.477295,2522.42749,3683.991943,5000.0,49750.457996,17008.214827,14048.745689,0,true,true,1.0,-0.01,0
6,474,23.7,34460.071339,-53085.775235,40614.298741,-56132.500275,27055.156994,-2463.859408,-2830.661642,-559.599665,-23.948175,-11.050789,-150.476776,0.0,0.0,1.0,0.0,-0.05478,1.095606,1.0,-24462.001777,-56968.091555,-50628.925866,70.0,1.0,-43119.937597,-46851.149709,-59109.461746,70.0,1.0,-82629.899297,-35370.019476,-72651.909488,40.0,40000.0,40000.0,12870.974609,9389.319336,10211.501953,40000.0,30779.796875,15415.574219,25576.953125,40000.0,40000.0,40000.0,40000.0,40000.0,16801.205078,32047.708984,2369.811768,2016.571777,1782.151489,1738.790039,1818.471313,2052.391357,2556.11377,40000.0,5000.0,49508.469686,17098.095448,13906.079779,0,true,true,1.0,-0.01,0
6,475,23.75,34536.685973,56349.089262,40700.431451,53232.068824,27072.534448,-2497.608077,-2807.893748,-566.498446,-23.994749,-10.97831,-150.48465,0.0,0.0,1.0,0.0,-0.073125,1.023744,1.0,-24983.142834,-57123.589904,-50512.282929,70.0,1.0,-43628.58231,-47016.961328,-58970.051995,70.0,1.0,-83173.277948,-35540.647791,-72475.180407,40.0,40000.0,40000.0,12768.820312,9157.875,10125.423828,40000.0,30889.238281,15424.836914,25665.851562,40000.0,40000.0,40000.0,40000.0,40000.0,16918.746094,32151.591797,2424.984863,1978.567871,1794.316284,1750.594971,1830.749023,2119.92627,2572.197998,40000.0,5000.0,49421.521518,17054.877005,13843.517427,0,true,true,1.0,-0.01,0
6,476,23.8,34698.043183,-53247.132445,40876.085471,-56308.154295,27109.239904,-2554.258667,-2751.642287,-581.054677,-24.121616,-10.780238,-150.29808,0.0,0.0,1.0,0.0,-0.17873,1.072377,1.0,-44813.837629,-47179.012181,-58716.841867,70.0,1.0,-26206.292196,-57332.589025,-50288.434508,65.253505,1.0,-84380.911674,-35571.375697,-72168.904211,40.0,40000.0,40000.0,12529.660156,8689.854492,9946.537109,40000.0,30806.865234,15508.561523,25915.71875,40000.0,40000.0,40000.0,40000.0,20030.953125,17179.015625,32375.677734,2406.5979,2049.42334,1860.390015,1816.62915,1890.524414,2094.385498,2648.33374,40000.0,5000.0,49290.435905,16793.842633,13748.517918,0,true,true,1.0,-0.01,0
6,477,23.85,34865.597652,56181.534793,41051.049153,53057.105142,27147.394092,-2612.661074,-2701.837763,-593.793602,-24.278605,-10.529735,-149.912781,0.0,0.0,1.0,0.0,-0.069993,0.279972,1.0,-46150.295545,-47149.968959,-58494.585366,70.0,1.0,-27591.963209,-57395.587633,-50088.880235,57.597921,1.0,-85692.091223,-35271.905444,-71915.379278,40.0,40000.0,40000.0,12263.505859,8279.771484,9765.724609,40000.0,40000.0,15664.416992,26042.78125,40000.0,40000.0,40000.0,40000.0,20108.181641,17620.882812,32587.527344,2470.3125,2008.167114,1826.604614,1786.82373,1873.707642,2175.463379,2720.553711,40000.0,5000.0,49202.119203,16364.81801,13683.674416,0,true,true,1.0,-0.01,0
6,478,23.9,34953.405629,-53334.940422,41140.114505,-56397.219647,27167.403202,-2634.239186,-2671.960437,-600.273267,-24.355108,-10.40659,-149.716187,0.0,0.0,1.0,0.0,0.0,0.069993,1.0,-46848.318317,-47112.983245,-58394.50385,70.0,1.0,-28296.153369,-57409.861586,-49993.358726,54.645905,1.0,-86361.575437,-35105.794874,-71795.487688,40.0,40000.0,40000.0,12129.610352,8056.912109,9674.381836,40000.0,40000.0,15736.927734,26110.972656,40000.0,40000.0,40000.0,40000.0,20147.125,17872.728516,32710.648438,2484.361328,2011.983276,1877.89209,1838.66626,1929.872314,2133.324707,2722.925049,40000.0,5000.0,49151.965071,16148.956681,13655.585975,0,true,true,1.0,-0.01,0
6,479,23.95,35120.88297,56014.057453,41305.720332,52891.499316,27205.381596,-2690.602243,-2638.829051,-608.770779,-24.031046,-10.171654,-149.341782,0.0,0.0,1.0,1.0,0.0,0.0,1.0,-48149.10822,-46553.010781,-58579.24652,70.0,1.0,-29632.41713,-57002.531044,-50282.531387,50.421075,1.0,-87628.096759,-34175.841635,-71853.386926,40.0,40000.0,40000.0,11881.838867,7619.884277,9505.18457,40000.0,40000.0,15881.388672,26237.513672,40000.0,40000.0,40000.0,40000.0,20214.882812,18359.701172,3277.812012,2416.094482,2014.064087,1837.397949,1802.134521,1894.902466,2206.697754,2704.080078,40000.0,5000.0,49055.555643,15630.900267,13730.301137,0,true,true,1.0,-0.01,0
6,480,24.0,35208.867884,-53422.925336,41390.616486,-56482.115802,27225.322868,-2708.044587,-2612.977169,-613.762627,-23.639734,-10.060616,-149.162994,0.0,0.0,1.0,1.0,0.0,0.0,1.0,-48804.845404,-46041.43719,-58853.528179,70.0,1.0,-30306.090799,-56594.304528,-50651.724577,48.728161,1.0,55782.856641,-10574.957323,-54122.266483,44.871091,40000.0,40000.0,11758.175781,7376.62207,9419.251953,40000.0,40000.0,15940.682617,26314.041016,40000.0,40000.0,40000.0,40000.0,20255.169922,18611.302734,3267.52002,2467.810303,2014.119141,1839.143677,1823.106567,1947.741211,2189.974609,40000.0,40000.0,5000.0,48997.821828,15326.968839,13828.597203,0,true,true,1.0,-0.01,0
6,481,24.05,35374.506934,55848.418402,41547.059469,52735.056333,27262.62683,-2759.27069,-2588.240022,-619.574639,-22.446045,-9.838998,-148.776794,0.0,0.0,1.0,1.0,-0.069993,0.279972,1.0,-50064.172418,-44526.297209,-59730.356044,70.0,1.0,54721.60434,-9975.866891,-54340.743566,51.880499,1.0,-31610.301151,-55352.889523,-51794.955703,46.293545,40000.0,40000.0,11524.697266,6926.030762,9260.885742,40000.0,40000.0,16077.776367,26423.34375,40000.0,40000.0,40000.0,40000.0,20305.029297,19115.550781,3321.068115,2396.661865,2061.056396,1839.516724,1808.925781,1907.181396,2173.329102,40000.0,40000.0,5000.0,48899.654298,14600.817587,14128.237557,0,true,true,1.0,-0.01,0
6,482,24.1,35466.796868,-53515.215271,41632.347718,-56567.40405,27283.436132,-2768.697893,-2558.647324,-624.279021,-21.643257,-9.732995,-148.55101,0.0,0.0,1.0,1.0,-0.139986,0.419958,1.0,-50742.460132,-43512.627274,-60326.654491,70.0,1.0,54140.213983,-9511.389682,-54463.772801,54.977493,1.0,-32316.920109,-54508.305706,-52563.376612,45.217849,40000.0,40000.0,11397.396484,6671.57373,9175.332031,40000.0,40000.0,16128.076172,26477.513672,40000.0,40000.0,40000.0,40000.0,20326.876953,19407.478516,3221.214355,2439.111084,2006.942627,1838.367432,1809.679565,1910.029297,2234.173096,40000.0,40000.0,5000.0,48840.134845,14158.836244,14335.703548,0,true,true,1.0,-0.01,0
6,483,24.15,35643.793858,55671.421413,41792.801587,52574.602463,27323.08365,-2813.067749,-2534.463748,-628.799946,-19.648514,-9.531429,-148.080246,0.0,0.0,1.0,1.0,-0.069993,0.139986,1.0,-52046.792455,-40997.317146,-61770.194815,70.0,1.0,53037.148608,-8185.520497,-54750.090082,59.347145,1.0,-33685.894288,-52381.623402,-54432.038582,43.700114,40000.0,40000.0,11155.047852,6254.250488,9015.054688,40000.0,40000.0,16226.458008,26556.287109,40000.0,40000.0,40000.0,40000.0,20349.759766,19998.185547,3259.379883,2369.605225,2047.213745,1887.700806,1836.911987,1913.615601,2189.476318,40000.0,40000.0,5000.0,48728.780224,13159.892978,14823.9845,0,true,true,1.0,-0.01,0
6,484,24.2,35737.977276,-53609.398689,41876.600333,-56651.202796,27344.142769,-2825.502395,-2513.962241,-631.773544,-18.456329,-9.440436,-147.844284,0.0,0.0,1.0,1.0,0.0,0.069993,1.0,-52711.597309,-39503.979686,-62595.576419,70.0,1.0,52463.526711,-7324.194386,-54899.357626,61.151504,1.0,-34382.831266,-51097.92856,-55513.267755,43.073396,40000.0,40000.0,11031.578125,6128.819336,8932.200195,40000.0,40000.0,16253.02832,26607.042969,40000.0,40000.0,40000.0,40000.0,20366.5625,20311.847656,3157.001221,2376.726807,1990.862183,1830.20459,1807.522339,1914.251953,2248.390869,40000.0,40000.0,5000.0,48661.484355,12606.358756,15099.427573,0,true,true,1.0,-0.01,0
6,485,24.25,35915.297742,55494.100947,42031.874018,52419.328778,27383.481164,-2866.382193,-2497.229008,-634.379554,-15.720125,-9.279926,-147.384735,0.0,0.0,1.0,1.0,0.0,0.069993,1.0,-53948.506411,-36063.617971,-64381.118787,70.0,1.0,51399.074399,-5209.525908,-55183.218552,63.684723,1.0,-35685.622252,-48097.604807,-57893.911737,42.19352,40000.0,40000.0,10803.039062,5880.988281,8779.631836,40000.0,40000.0,16287.673828,26692.460938,40000.0,40000.0,40000.0,40000.0,20389.830078,20923.414062,3189.718994,2335.466553,2012.116089,1867.828369,1848.587158,1957.893188,26988.591797,40000.0,40000.0,5000.0,48531.451683,11409.079899,15683.042158,0,true,true,1.0,-0.01,0
6,486,24.3,36090.687099,-53784.788046,42182.565492,-56801.89427,27422.120413,-2898.004203,-2478.858694,-636.680847,-13.610606,-9.177165,-147.041336,0.0,0.0,1.0,0.0,0.0,0.0,1.0,-55061.206709,-33378.020025,-65638.336853,70.0,1.0,50383.009,-3570.075136,-55328.154014,65.456674,1.0,-36841.615135,-45715.406596,-59622.663962,41.578058,40000.0,40000.0,10596.916992,5631.345703,8602.511719,40000.0,40000.0,16226.195312,26843.810547,40000.0,40000.0,40000.0,40000.0,20454.613281,21480.378906,3072.314941,2372.856445,1963.586792,1812.465454,1796.631348,1910.115845,26838.308594,40000.0,40000.0,5000.0,48370.556011,10479.080565,16094.435704,0,true,true,1.0,-0.01,0
6,487,24.35,36180.342489,55404.445557,42258.596687,52343.297583,27441.795975,-2907.849141,-2465.967156,-638.149783,-12.834536,-9.142835,-146.914017,0.0,0.0,1.0,0.0,0.0,0.0,1.0,-55590.739065,-32387.278061,-66071.593519,70.0,1.0,49874.321864,-2978.226759,-55363.223097,66.157077,1.0,31354.420462,-5932.959792,-57747.038033,40.0,40000.0,40000.0,10499.080078,5501.716309,8453.729492,40000.0,40000.0,16162.776367,26949.382812,40000.0,40000.0,40000.0,40000.0,20519.742188,21740.697266,3132.692627,2313.678223,1956.710449,1828.167969,1835.026245,1955.338257,26763.037109,40000.0,40000.0,5000.0,48277.042503,10130.253616,16237.968176,0,true,true,1.0,-0.01,0
6,488,24.4,36360.770599,-53965.216157,42409.76845,-56953.066033,27481.215859,-2935.217818,-2449.736262,-639.857261,-11.35589,-9.079278,-146.656586,0.0,0.0,1.0,0.0,0.0,0.069993,1.0,-56645.688811,-30461.173774,-66860.775452,70.0,1.0,48859.019096,-1853.863975,-55409.465906,67.250156,1.0,30450.260936,-4586.189464,-57861.239177,40.0,40000.0,40000.0,10305.336914,5241.705566,8154.878418,9139.206055,40000.0,16025.152344,40000.0,40000.0,40000.0,40000.0,40000.0,20773.175781,22180.703125,3018.619141,2302.364746,1953.971802,1795.499756,1782.966553,40000.0,26612.048828,40000.0,40000.0,5000.0,48087.274943,9449.3185,16497.78032,0,true,true,1.0,-0.01,0
6,489,24.45,36546.446519,55218.769637,42563.018624,52190.047408,27521.584136,-2957.582742,-2432.391321,-641.529991,-9.975179,-9.008083,-146.370331,0.0,0.0,1.0,0.0,0.0,0.209979,1.0,-57739.16703,-28583.20016,-67544.917594,70.0,1.0,47815.505167,-830.621937,-55435.722713,68.047503,1.0,29520.183484,-3333.252309,-57940.417129,40.0,40000.0,25613.970703,10107.727539,4975.961914,7850.099121,8727.000977,40000.0,15892.925781,40000.0,40000.0,40000.0,40000.0,40000.0,21026.376953,4855.747559,3053.565918,2257.487549,1940.798706,1827.341553,1816.97583,40000.0,26456.515625,40000.0,40000.0,5000.0,47895.871472,8767.790419,16716.551651,0,true,true,1.0,-0.01,0
6,490,24.5,36642.541852,-54061.311489,42641.502838,-57031.550246,27542.413375,-2964.532615,-2421.23114,-642.580212,-9.320759,-8.968322,-146.213547,0.0,0.0,1.0,0.0,0.069993,0.209979,1.0,-58309.048858,-27659.336548,-67848.793598,70.0,1.0,47275.110799,-358.476705,-55443.641316,68.363954,1.0,29038.211808,-2742.25786,-57969.009118,40.0,40000.0,25469.416016,10006.041992,4839.010254,7693.320312,8513.722656,40000.0,15829.191406,40000.0,40000.0,40000.0,40000.0,40000.0,21157.357422,4876.538086,2954.146484,2243.537354,1963.0,1801.201294,40000.0,40000.0,26375.984375,40000.0,40000.0,5000.0,47798.419004,8424.51725,16810.61569,0,true,true,1.0,-0.01,0
6,491,24.55,36833.246778,55028.064712,42795.788122,52035.762124,27583.547932,-2990.879088,-2412.433694,-642.998385,-8.078128,-8.884535,-145.891861,0.0,0.0,1.0,0.0,0.0,0.069993,1.0,-59444.926282,-25857.346204,-68387.115138,70.0,1.0,46201.496701,530.345577,-55452.279159,68.845367,1.0,28080.253476,-1617.533166,-58008.51663,40.0,40000.0,25181.599609,9806.021484,4761.255859,7382.719727,8374.628906,40000.0,15710.916016,40000.0,40000.0,40000.0,40000.0,40000.0,21354.119141,4694.107422,2982.25293,2214.340332,1892.549316,1762.916138,40000.0,40000.0,26562.152344,40000.0,40000.0,5000.0,47607.017951,7750.526056,16970.071797,0,true,true,1.0,-0.01,0
6,492,24.6,36927.074849,-54155.139561,42871.05215,-57106.814274,27603.679674,-2998.841881,-2405.515901,-643.431235,-7.486529,-8.841582,-145.73175,0.0,0.0,1.0,0.0,0.069993,0.069993,1.0,-60004.514198,-24982.024674,-68624.748782,70.0,1.0,45672.690129,953.591504,-55453.464958,69.025999,1.0,50187.742558,-34381.096007,-50101.655288,43.924249,40000.0,25041.023438,9708.742188,4776.619141,7229.654297,8306.395508,40000.0,15655.650391,40000.0,40000.0,40000.0,40000.0,40000.0,21388.142578,4761.494629,2882.612305,2199.421387,1930.852051,1793.94397,40000.0,40000.0,26517.402344,40000.0,40000.0,5000.0,47513.240018,7423.442442,17036.828596,0,true,true,1.0,-0.01,0
6,493,24.65,37114.608516,54840.531044,43020.348813,51886.46546,27643.745991,-3021.780167,-2399.931058,-643.214474,-6.360774,-8.758342,-145.412186,0.0,0.0,1.0,0.0,0.069993,0.069993,1.0,-61115.932684,-23283.644343,-69046.10529,70.0,1.0,44619.501616,1757.507543,-55446.660342,69.305627,1.0,48967.102086,-33680.239973,-50822.288763,51.41039,40000.0,24762.990234,9516.943359,4808.55957,6922.515625,8171.547363,40000.0,15540.133789,15525.474609,40000.0,40000.0,40000.0,40000.0,21454.785156,4585.437988,2908.645996,2232.108887,1859.189209,3078.151855,40000.0,40000.0,26361.083984,40000.0,40000.0,5000.0,47324.255168,6788.580013,17150.691575,0,true,true,1.0,-0.01,0
6,494,24.7,37296.943159,-54337.474203,43164.251392,-57250.716853,27682.431617,-3037.033084,-2392.135027,-643.116816,-5.31052,-8.666653,-145.0504,0.0,0.0,1.0,0.0,0.139986,0.349965,1.0,-62218.8319,-21600.179979,-69395.64534,70.0,1.0,43593.30006,2479.683496,-55435.888879,69.498723,1.0,47727.375277,-33030.904771,-51502.238334,56.579934,40000.0,24487.402344,9328.636719,4834.492676,6628.329102,8042.970703,40000.0,16859.023438,15241.508789,40000.0,40000.0,40000.0,40000.0,21498.025391,4419.19043,2794.741211,2146.385498,1884.645752,22522.9375,40000.0,40000.0,26209.777344,40000.0,40000.0,5000.0,47146.885742,6142.135323,17234.719754,0,true,true,1.0,-0.01,0
6,495,24.75,37392.614617,54744.859587,43239.320269,51811.396584,27702.690117,-3038.636221,-2384.274403,-643.433402,-4.816493,-8.612033,-144.830521,0.0,0.0,1.0,0.0,0.069993,0.559944,1.0,-62811.341398,-20739.426013,-69539.304653,70.0,1.0,43052.629869,2791.559905,-55432.097549,69.577637,1.0,47055.888717,-32749.647916,-51828.871367,58.692588,40000.0,24339.232422,9228.310547,4843.169922,6476.629395,7977.233887,40000.0,16834.787109,15216.030273,40000.0,40000.0,40000.0,40000.0,21508.751953,4469.514648,2827.138184,2175.446045,2047.335205,22445.724609,40000.0,40000.0,26130.824219,40000.0,40000.0,5000.0,47057.449461,5795.174559,17263.024195,0,true,true,1.0,-0.01,0
6,496,24.8,37587.41402,-54532.273607,43391.397702,-57402.794285,27743.797198,-3054.873385,-2381.299834,-642.389126,-3.906749,-8.464705,-144.202911,0.0,0.0,1.0,0.0,0.202509,1.012543,1.0,-64101.461703,-18853.637389,-69749.512506,70.0,1.0,41938.438824,3242.293823,-55440.724256,69.702422,1.0,45565.230791,-32357.75163,-52468.54284,62.033317,40000.0,24012.738281,9011.248047,4839.140625,4389.58252,7851.330078,40000.0,16875.960938,15304.425781,40000.0,40000.0,40000.0,40000.0,21463.091797,4277.23291,2708.798584,2076.732178,2903.641846,23338.958984,40000.0,40000.0,25972.621094,40000.0,40000.0,5000.0,46896.405304,4965.811215,17280.262117,0,true,true,1.0,-0.01,0
6,497,24.85,37688.06484,54644.208768,43469.651193,51733.143092,27764.97395,-3053.337251,-2373.893263,-642.416679,-3.489603,-8.376381,-143.792053,0.0,0.0,1.0,0.0,0.110857,1.163994,1.0,-64799.486538,-17820.484135,-69818.936064,70.0,1.0,41360.06003,3384.099346,-55451.400226,69.751469,1.0,44739.213437,-32243.545897,-52780.318524,63.346394,40000.0,23833.791016,8893.813477,4826.339355,4233.339355,7790.344727,40000.0,16900.884766,15360.233398,40000.0,40000.0,40000.0,40000.0,21409.064453,4100.479004,2714.731934,2108.750732,3187.438477,23437.904297,40000.0,40000.0,25893.458984,40000.0,40000.0,5000.0,46819.832495,4481.543875,17271.519489,0,true,true,1.0,-0.01,0
6,498,24.9,37889.182039,-54733.390806,43625.593664,-57558.736756,27807.09187,-3063.043986,-2373.404867,-640.566586,-2.728396,-8.185015,-142.772873,0.0,0.0,1.0,0.0,0.083137,1.163917,1.0,-66263.442248,-15553.784185,-69902.617705,70.0,1.0,40206.565253,3511.305958,-55479.656691,69.826408,1.0,42968.971907,-32166.405068,-53381.634193,65.352639,40000.0,23456.644531,8648.832031,6923.516602,3930.548828,7678.312012,40000.0,16961.271484,15497.50293,40000.0,40000.0,40000.0,40000.0,21237.601562,3891.684326,2623.158936,2443.241211,4084.254639,23686.185547,34807.484375,40000.0,25744.859375,40000.0,40000.0,5000.0,46672.771928,3373.533444,17227.768491,0,true,true,1.0,-0.01,0
6,499,24.95,37991.362444,54542.028362,43704.714237,51654.022518,27828.406505,-3065.412007,-2373.617092,-639.439032,-2.383531,-8.083377,-142.163391,0.0,0.0,1.0,0.0,0.09246,1.201974,1.0,-67020.990519,-14316.973456,-69914.884987,70.0,1.0,39621.088927,3499.716992,-55497.530269,69.855907,1.0,42013.822291,-32198.07448,-53671.505709,66.142384,40000.0,23258.283203,8520.731445,6856.234863,3779.7229,7626.296387,40000.0,17026.884766,15580.724609,40000.0,40000.0,40000.0,40000.0,21124.453125,3884.128174,2503.90918,2747.775635,34214.753906,23830.410156,33635.765625,40000.0,25916.371094,40000.0,40000.0,5000.0,46596.690146,2749.366768,17192.894322,0,true,true,1.0,-0.01,0
6,500,25.0,38185.29872,-54927.327083,43854.962623,-57708.985141,27868.578484,-3076.277913,-2384.325653,-635.953014,-1.752954,-7.867361,-140.787674,0.0,0.0,1.0,0.0,0.165507,0.993042,1.0,-68481.430475,-11674.438875,-69875.168737,70.0,1.0,38508.798264,3380.796691,-55544.997836,69.897772,1.0,40054.091087,-32357.904188,-54237.607731,67.263183,40000.0,22855.734375,8269.274414,6700.435547,3516.939697,7539.618652,40000.0,17519.425781,15772.732422,40000.0,40000.0,40000.0,40000.0,21339.541016,3652.812744,2479.872559,3258.479248,34095.789062,24186.955078,32993.503906,40000.0,40000.0,40000.0,40000.0,5000.0,46447.572059,1395.119758,17092.868671,0,true,true,1.0,-0.01,0
6,501,25.05,38287.632606,54439.694477,43934.419421,51574.565719,27889.736777,-3070.016397,-2383.703841,-634.74875,-1.298306,-7.747449,-140.027313,0.0,0.0,1.0,1.0,0.197837,1.055129,1.0,-69244.899523,-10065.6789,-69844.466886,70.0,1.0,37910.276529,3433.948389,-55568.353597,69.914918,1.0,38988.533139,-32314.802892,-54611.425312,67.722198,40000.0,22938.486328,8138.400391,6618.241211,3522.410156,7496.628906,40000.0,15728.161133,15995.517578,40000.0,40000.0,40000.0,40000.0,21531.365234,3439.100586,2626.304688,3652.868164,34083.984375,23846.5625,33220.425781,40000.0,40000.0,40000.0,40000.0,5000.0,46359.41876,620.595511,17025.106854,0,true,true,1.0,-0.01,0
6,502,25.1,38479.267787,-55118.962264,44083.827553,-57858.393272,27929.062162,-3074.155382,-2400.702985,-630.157326,0.016379,-7.512841,-138.44429,0.0,0.0,1.0,1.0,0.069993,0.489951,1.0,-70666.936989,-6235.72132,-69763.387914,70.0,1.0,36768.609878,3930.116616,-55591.826532,69.93936,1.0,36882.461752,-31805.302467,-55587.027542,68.376555,40000.0,22672.042969,7891.739746,6451.497559,3500.587646,7426.794922,40000.0,15915.589844,27437.958984,40000.0,40000.0,40000.0,40000.0,6602.033203,3227.137939,3068.553223,4207.645508,24624.451172,40000.0,33659.171875,24923.474609,40000.0,40000.0,40000.0,5000.0,46171.386838,-1087.364157,16850.238728,0,true,true,1.0,-0.01,0
6,503,25.15,38679.268229,54239.694036,44241.113521,51417.27975,27969.956823,-3061.038982,-2413.809592,-625.614312,1.88159,-7.312384,-136.869659,0.0,0.0,1.0,1.0,0.069993,0.279972,1.0,-72024.516329,-1703.051298,-69585.399671,70.0,1.0,35589.88503,5019.516328,-55547.736152,69.958088,1.0,34747.561619,-30636.715237,-56827.253517,68.877932,40000.0,22303.041016,7649.630371,6303.789551,3484.046387,7353.046387,40000.0,16028.121094,27525.373047,40000.0,40000.0,40000.0,40000.0,5721.808105,3041.796143,3519.286377,40000.0,25214.990234,40000.0,40000.0,24680.1875,40000.0,40000.0,40000.0,5000.0,45925.948607,-2925.340011,16604.017074,0,true,true,1.0,-0.01,0
6,504,25.2,38781.13487,-55220.828906,44321.924142,-57939.203892,27990.718651,-3055.999084,-2424.318479,-622.854797,3.020353,-7.229119,-136.100235,0.0,0.0,1.0,1.0,0.069993,0.139986,1.0,-72668.809717,801.413227,-69426.647348,70.0,1.0,34998.34708,5792.564823,-55487.175036,69.965122,1.0,33689.813539,-29790.623745,-57530.898684,69.066263,40000.0,22125.998047,7531.556152,6237.697266,3477.794189,7314.505371,40000.0,16046.745117,27579.632812,40000.0,40000.0,40000.0,25118.109375,5429.756348,3056.998291,3692.742432,40000.0,25338.857422,40000.0,40000.0,24566.228516,40000.0,40000.0,40000.0,5000.0,45783.186688,-3877.953111,16442.613448,0,true,true,1.0,-0.01,0
6,505,25.25,38975.337314,54045.491591,44477.512258,51261.691634,28030.068851,-3052.562711,-2454.180744,-616.473127,5.663255,-7.104483,-134.583206,0.0,0.0,1.0,1.0,0.069993,0.139986,1.0,-73816.405492,6229.406212,-68901.392549,70.0,1.0,33891.788745,7730.020375,-55262.415921,69.97534,1.0,31665.54836,-27619.806273,-59046.733443,69.339796,40000.0,21799.214844,7310.288574,6113.19873,3464.946533,7245.554688,40000.0,16008.613281,27697.792969,40000.0,40000.0,40000.0,24545.271484,5027.058594,3328.522461,4173.533691,40000.0,25465.845703,40000.0,40000.0,24741.496094,40000.0,40000.0,40000.0,5000.0,45473.63779,-5843.508288,16022.611202,0,true,true,1.0,-0.01,0
6,506,25.3,39069.749243,-55315.240834,44553.986319,-58015.677953,28049.11411,-3043.249103,-2465.044628,-613.899833,7.151996,-7.060937,-133.838959,0.0,0.0,1.0,1.0,0.139986,0.209979,1.0,-74333.139596,9122.309554,-68501.66829,70.0,1.0,33363.532788,8877.932557,-55087.954541,69.979165,1.0,30688.288797,-26302.080489,-59836.247049,69.442205,40000.0,21646.59375,7204.900391,6055.418945,3458.917236,3689.856934,40000.0,15951.901367,27762.957031,40000.0,40000.0,40000.0,24284.734375,4727.57373,3503.913818,4488.581055,35225.660156,25469.345703,40000.0,40000.0,24650.005859,40000.0,40000.0,40000.0,5000.0,45305.674992,-6845.651432,15753.595612,0,true,true,1.0,-0.01,0
6,507,25.35,39261.834435,53853.406399,44711.553483,51104.12447,28087.810164,-3025.939434,-2493.080173,-608.20268,10.458675,-7.021069,-132.3797,0.0,0.0,1.0,1.0,0.139986,0.139986,1.0,-75286.178424,15239.630444,-67360.922055,70.0,1.0,32320.230483,11518.898248,-54571.2736,69.985251,1.0,28768.498775,-23188.324409,-61422.801689,69.605132,40000.0,21352.041016,6997.554688,5950.219727,3449.50293,3093.909668,40000.0,15725.452148,27912.123047,40000.0,40000.0,40000.0,24374.167969,4486.516113,3871.656494,5015.13623,34985.984375,25300.173828,40000.0,40000.0,24479.974609,40000.0,40000.0,40000.0,5000.0,44931.150393,-8875.74803,15082.641911,0,true,true,1.0,-0.01,0
6,508,25.4,39356.667802,-55410.074201,44790.413132,-58094.537603,28106.872872,-3013.366642,-2505.795643,-605.724844,12.265291,-7.026802,-131.664291,0.0,0.0,1.0,1.0,0.069993,0.209979,1.0,-75707.171161,18437.466955,-66594.873104,70.0,1.0,31823.021088,12992.435301,-54214.917962,69.987571,1.0,27843.456706,-21403.053249,-62194.499987,69.667266,40000.0,21293.654297,6897.381348,5901.53418,3445.323486,3094.297363,40000.0,15307.293945,27993.681641,40000.0,40000.0,40000.0,24157.179688,4216.814453,4059.871338,5464.669922,34931.855469,25125.068359,40000.0,40000.0,24403.523438,40000.0,40000.0,40000.0,5000.0,44728.293861,-9896.765297,14674.64714,0,true,true,1.0,-0.01,0
6,509,25.45,39546.017067,53664.057134,44950.233697,50944.303906,28144.9176,-2991.798235,-2538.18754,-600.431964,15.699554,-7.077855,-130.24057,0.0,0.0,1.0,0.0,0.279972,0.279972,1.0,-76463.173504,24551.361169,-64780.509826,70.0,1.0,30855.404735,15767.050871,-53408.106197,69.991189,1.0,26030.771431,-17910.486902,-63496.413036,69.764118,40000.0,21533.314453,6700.724609,5809.189941,3437.344727,3110.605957,40000.0,15420.005859,28023.574219,40000.0,40000.0,40000.0,23758.763672,4008.533203,4450.210938,40000.0,34722.652344,24626.253906,32489.457031,40000.0,24676.875,40000.0,40000.0,40000.0,5000.0,44290.68257,-11833.228475,13779.901418,0,true,true,1.0,-0.01,0
6,510,25.5,39643.761554,-55507.818688,45034.08783,-58178.391736,28164.603238,-2972.384597,-2549.982521,-598.635156,17.328779,-7.114072,-129.525253,0.0,0.0,1.0,0.0,0.279972,0.349965,1.0,-76824.745605,27476.275033,-63735.712117,70.0,1.0,30358.270057,17070.035187,-52969.508955,69.992638,1.0,25111.580617,-16208.015497,-64038.760083,69.802902,21574.46875,21642.394531,6600.979004,5765.28418,3438.655518,3119.086182,40000.0,15503.514648,27992.447266,40000.0,40000.0,40000.0,23576.636719,4045.360107,4715.896973,40000.0,34656.429688,23689.953125,32413.369141,40000.0,28813.267578,40000.0,40000.0,40000.0,5000.0,44053.428318,-12752.451493,13292.280672,0,true,true,1.0,-0.01,0
6,511,25.55,39824.218659,53483.600029,45191.449667,50786.942069,28200.867453,-2953.487784,-2589.908748,-593.66824,20.428833,-7.217471,-128.090668,0.0,0.0,1.0,0.0,0.139986,0.279972,1.0,-77397.107407,33061.405512,-61431.095067,70.0,1.0,29464.430056,19506.888995,-52038.629839,69.994711,1.0,23374.174001,-12909.31871,-64935.710724,69.858412,21178.28125,25189.634766,6416.291992,5677.47168,3776.288086,3133.149658,40000.0,15678.493164,28192.380859,40000.0,40000.0,40000.0,8952.607422,4295.90918,5067.452148,40000.0,24127.705078,39848.921875,32763.626953,24105.412109,40000.0,40000.0,40000.0,40000.0,5000.0,43567.483806,-14501.915949,12254.529837,0,true,true,1.0,-0.01,0
6,512,25.6,39996.824868,-55680.424897,45345.395529,-58332.337598,28235.631849,-2929.35823,-2627.764744,-589.863894,23.337851,-7.373199,-126.696045,0.0,0.0,1.0,0.0,0.069993,0.139986,1.0,-77824.041958,38267.591267,-58917.373201,70.0,1.0,28648.303856,21759.058018,-51034.633818,69.996153,1.0,21744.7044,-9728.642799,-65592.985531,69.897,20813.509766,40000.0,6241.912109,5596.140137,4052.583252,3146.169434,40000.0,15860.740234,28405.160156,40000.0,40000.0,40000.0,7811.421387,4656.429688,5483.407715,40000.0,23681.197266,40000.0,33153.996094,23867.021484,40000.0,40000.0,40000.0,40000.0,5000.0,43055.099075,-16109.174616,11170.802249,0,true,true,1.0,-0.01,0
6,513,25.65,40086.304295,53394.120602,45426.670058,50705.667541,28253.776407,-2906.072525,-2639.597529,-589.290786,24.722593,-7.467094,-126.006508,0.0,0.0,1.0,0.0,0.209979,0.279972,1.0,-78018.161005,40745.939934,-57588.824061,70.0,1.0,28231.575165,22820.821685,-50510.847664,69.996745,1.0,20929.284148,-8181.583447,-65838.849465,69.912857,20633.855469,40000.0,6152.788086,5558.138184,4189.703125,3152.989502,35768.742188,15955.56543,28521.173828,40000.0,40000.0,40000.0,7354.27002,4773.315918,5766.240723,40000.0,23471.037109,40000.0,40000.0,23753.017578,40000.0,40000.0,40000.0,40000.0,5000.0,42781.161114,-16865.129585,10614.526571,0,true,true,1.0,-0.01,0
6,514,25.7,40269.217645,-55863.338247,45596.172426,-58501.839966,28291.173645,-2865.959931,-2673.929498,-587.718167,27.345263,-7.666011,-124.594635,0.0,0.0,1.0,0.0,0.349965,0.419958,1.0,-78370.410983,45502.075217,-54769.60146,70.0,1.0,27372.746757,24798.916328,-49452.274147,69.997698,1.0,19268.554316,-5196.255963,-66192.023361,69.938364,20276.419922,40000.0,5970.944824,5482.205566,4447.164062,3166.091553,3164.44751,15654.59375,28772.494141,40000.0,40000.0,40000.0,6688.327148,5170.694336,9501.714844,40000.0,23063.693359,40000.0,40000.0,23673.152344,40000.0,40000.0,40000.0,40000.0,5000.0,42197.646902,-18310.856139,9456.065589,0,true,true,1.0,-0.01,0
6,515,25.75,40439.158871,53224.179376,45757.895545,50543.944421,28326.181627,-2838.591958,-2719.47991,-585.650185,29.783386,-7.862294,-123.114037,0.0,0.0,1.0,0.0,0.579913,0.507424,1.0,-78589.734591,50009.802673,-51733.240813,70.0,1.0,26566.948642,26578.857658,-48412.049215,69.998334,1.0,17626.085645,-2374.693997,-66405.31447,69.955397,20163.667969,40000.0,5800.272461,5402.181641,4632.589355,3176.148926,3196.178467,15669.912109,40000.0,40000.0,40000.0,40000.0,6040.37207,5467.30127,33817.75,40000.0,22662.042969,40000.0,40000.0,23717.648438,40000.0,40000.0,40000.0,40000.0,5000.0,41589.172319,-19685.904448,8221.878695,0,true,true,1.0,-0.01,0
6,516,25.8,40530.78566,-55954.965035,45847.012362,-58590.956783,28345.335542,-2806.728868,-2729.842958,-586.726318,30.934595,-7.951481,-122.345802,0.0,0.0,1.0,0.0,0.559944,0.419958,1.0,-78715.957747,52179.97096,-50124.887181,70.0,1.0,26109.329218,27411.954066,-47898.732468,69.998606,1.0,16738.616117,-1009.44011,-66457.83595,69.962678,20156.023438,40000.0,5708.34082,5361.925781,4664.170898,3181.155273,3212.581299,15785.544922,40000.0,40000.0,40000.0,40000.0,5733.434082,5703.236816,34849.945312,36346.125,22469.826172,40000.0,40000.0,23619.123047,40000.0,40000.0,40000.0,40000.0,5000.0,41260.5063,-20342.533739,7576.573822,0,true,true,1.0,-0.01,0
6,517,25.85,40698.48691,53056.478125,46013.68052,50377.276263,28380.646571,-2774.475726,-2777.628212,-585.863415,33.116653,-8.135712,-120.788078,0.0,0.0,1.0,0.0,0.349965,0.349965,1.0,-78828.457788,56313.365714,-46814.800354,70.0,1.0,25275.698962,28956.6673,-46890.955752,69.998994,1.0,15037.610854,1608.840695,-66477.573522,69.973076,19836.443359,40000.0,5538.934082,5280.742188,4635.410645,3265.918213,3243.716797,16031.352539,40000.0,40000.0,40000.0,27432.419922,5416.114746,6037.191406,40000.0,36089.0625,22596.082031,40000.0,40000.0,23448.214844,40000.0,40000.0,40000.0,40000.0,5000.0,40593.505482,-21590.762715,6257.247155,0,true,true,1.0,-0.01,0
6,518,25.9,40866.782693,-56123.260819,46186.12408,-58763.400343,28416.746581,-2723.074493,-2812.225421,-587.59541,35.146675,-8.319286,-119.205818,0.0,0.0,1.0,0.0,0.489951,0.349965,1.0,-78894.632926,60201.630334,-43377.765929,70.0,1.0,24418.223487,30376.920612,-45899.535628,69.99928,1.0,13310.636107,4111.790515,-66377.359099,69.980718,19527.53125,40000.0,5368.23877,5200.901367,4606.395508,3432.309082,3274.414551,16297.02832,40000.0,40000.0,40000.0,26809.791016,5664.396973,6439.049316,40000.0,35810.539062,23621.558594,34214.214844,40000.0,23491.619141,40000.0,40000.0,40000.0,40000.0,5000.0,39886.555337,-22745.632242,4908.900023,0,true,true,1.0,-0.01,0
6,519,25.95,40947.345106,52975.915712,46270.631287,50292.769056,28434.253577,-2704.698388,-2837.135806,-587.757267,36.105194,-8.406649,-118.3927,0.0,0.0,1.0,0.0,0.559944,0.419958,1.0,-78882.931591,62063.038755,-41608.704936,70.0,1.0,23998.817523,31036.430619,-45419.134073,69.999387,1.0,12447.957268,5314.580492,-66292.25761,69.98359,19381.355469,40000.0,5285.986328,5160.435547,4591.23877,3505.998047,3289.53418,16247.432617,40000.0,40000.0,40000.0,26752.306641,5817.859863,6644.47168,40000.0,35749.960938,24209.744141,32235.095703,40000.0,23981.431641,40000.0,40000.0,40000.0,40000.0,5000.0,39520.818516,-23296.059302,4218.862939,0,true,true,1.0,-0.01,0
6,520,26.0,41104.426719,-56280.342432,46439.384027,-58932.153083,28468.912753,-2658.965614,-2879.70293,-589.398395,37.923492,-8.582176,-116.766144,0.0,0.0,1.0,0.0,0.279972,0.139986,1.0,23182.781407,32278.954112,-44471.117517,74.332454,1.0,-78769.74493,65585.362286,-38026.175472,70.0,1.0,10743.31888,7640.409248,-66047.81996,69.988063,19104.011719,40000.0,5124.799805,5081.398438,4561.161133,3643.536377,3319.203613,15979.728516,40000.0,40000.0,40000.0,26495.5,6150.379883,7260.668945,40000.0,24824.039062,40000.0,32585.816406,23505.941406,40000.0,40000.0,40000.0,40000.0,40000.0,5000.0,38768.958735,-24324.867963,2835.184814,0,true,true,1.0,-0.01,0
6,521,26.05,41187.585131,52892.7573,46531.066417,50201.086665,28487.662244,-2624.113101,-2893.092311,-591.651321,38.786121,-8.678476,-115.970619,0.0,0.0,1.0,0.0,0.139986,0.139986,1.0,22754.355878,32872.714688,-43992.600341,78.39949,1.0,-78711.217116,67247.454332,-36236.956206,70.0,1.0,9881.380906,8773.560991,-65879.951117,69.989954,18964.195312,40000.0,5038.666016,5043.664551,4546.60498,3718.830811,3333.458496,16126.814453,40000.0,40000.0,40000.0,26245.859375,6298.747559,8627.217773,40000.0,24544.613281,40000.0,32748.660156,23363.882812,40000.0,40000.0,40000.0,40000.0,40000.0,5000.0,38376.36607,-24797.055821,2157.96145,0,true,true,1.0,-0.01,0
6,522,26.1,41343.312363,-56436.069663,46707.28837,-59108.375035,28523.359112,-2577.868561,-2942.838846,-593.657973,40.426277,-8.886889,-114.431023,0.0,0.0,1.0,0.0,0.069993,0.069993,1.0,21963.321652,33993.862045,-43044.185773,84.409763,1.0,-78500.28904,70350.980198,-32708.646277,70.0,1.0,8262.375261,10954.990874,-65484.247674,69.992749,18709.109375,40000.0,4875.72168,4971.821289,4518.356445,3854.127441,3360.230713,3800.892578,40000.0,40000.0,40000.0,11129.128906,6679.287109,36872.664062,40000.0,24039.404297,40000.0,16557.302734,23110.873047,40000.0,40000.0,40000.0,40000.0,40000.0,5000.0,37594.156256,-25661.262352,838.046746,0,true,true,1.0,-0.01,0
6,523,26.15,41501.277509,52734.792154,46892.751136,50015.623899,28560.682447,-2517.600918,-2983.786221,-597.684734,41.955688,-9.107203,-112.953491,0.0,0.0,1.0,0.0,0.209979,0.069993,1.0,21176.313325,35044.011773,-42097.017061,88.901501,1.0,-78271.584816,73195.858745,-29235.208195,70.0,1.0,6673.116719,13045.354639,-65000.205135,69.994838,18809.835938,40000.0,4706.327148,4903.254395,4490.172852,3993.5625,3383.92334,3860.026611,40000.0,40000.0,40000.0,9632.920898,6979.891113,34444.039062,40000.0,23594.951172,40000.0,15756.008789,23269.677734,40000.0,40000.0,40000.0,40000.0,18947.931641,5000.0,36795.501923,-26422.202868,-432.086944,0,true,true,1.0,-0.01,0
6,524,26.2,41579.349044,-56514.141198,46987.083582,-59202.707482,28579.565575,-2482.630558,-2999.71833,-600.472768,42.681515,-9.222502,-112.238213,0.0,0.0,1.0,0.0,0.069993,0.069993,1.0,20786.290342,35543.936042,-41626.122817,90.646579,1.0,-78143.032088,74527.086569,-27527.148491,70.0,1.0,5907.540632,14040.700778,-64742.140393,69.99565,18939.738281,40000.0,4620.806641,4869.895508,4475.909668,4062.385498,3427.97168,3888.190186,40000.0,40000.0,40000.0,9098.056641,7209.086426,34691.1875,40000.0,23389.667969,40000.0,40000.0,23164.775391,40000.0,40000.0,40000.0,40000.0,18758.423828,5000.0,36393.460522,-26767.939174,-1046.966327,0,true,true,1.0,-0.01,0
6,525,26.25,41734.484767,52579.65643,47180.641852,49822.065629,28618.148443,-2418.950706,-3048.369555,-605.376716,44.049282,-9.451281,-110.850128,0.0,0.0,1.0,0.0,0.209979,0.069993,1.0,19994.265713,36492.133331,-40700.191026,93.531924,1.0,-77879.264307,77008.964166,-24174.727951,70.0,1.0,4385.675702,15974.899515,-64162.709076,69.996992,22615.035156,40000.0,4445.753906,4739.026855,4446.094238,4199.507812,3575.485596,3940.656006,40000.0,40000.0,40000.0,8215.0625,7527.435547,35304.027344,40000.0,23019.339844,14837.279297,40000.0,22971.962891,40000.0,40000.0,40000.0,40000.0,18391.552734,5000.0,35586.175313,-27393.043329,-2236.292902,0,true,true,1.0,-0.01,0
6,526,26.3,41811.907984,-56591.564414,47280.250298,-59302.315927,28637.942558,-2381.35158,-3063.715775,-608.819292,44.694614,-9.561615,-110.164368,0.0,0.0,1.0,0.0,0.279972,0.139986,1.0,19586.99534,36942.949688,-40245.987395,94.583384,1.0,-77745.290626,78177.735532,-22512.51472,70.0,1.0,3621.816687,16909.740904,-63849.916798,69.997481,40000.0,40000.0,4355.797363,4658.714355,4430.276855,4267.509766,3649.111328,3965.448242,40000.0,40000.0,40000.0,7872.930176,7769.356934,35626.304688,40000.0,23083.40625,15299.387695,40000.0,22882.181641,40000.0,40000.0,40000.0,40000.0,18211.787109,5000.0,35177.319243,-27678.639371,-2818.200469,0,true,true,1.0,-0.01,0
6,527,26.35,41954.583322,52436.981092,47469.313597,49633.00233,28675.286465,-2323.636997,-3109.949924,-613.880851,45.912621,-9.753408,-108.791718,0.0,0.0,1.0,0.0,0.489951,0.139986,1.0,18806.379521,37788.882837,-39378.322735,96.109046,1.0,-77412.709506,80362.83083,-19197.875867,70.0,1.0,2136.056096,18697.791177,-63206.044357,69.99819,40000.0,40000.0,4186.228516,4507.760254,4397.973145,4385.350098,3781.737549,4015.001953,40000.0,40000.0,40000.0,7469.240234,8092.020996,37948.769531,37540.078125,23982.552734,14780.924805,40000.0,22721.46875,40000.0,40000.0,40000.0,40000.0,17876.001953,5000.0,34368.695855,-28202.180676,-3976.429716,0,true,true,1.0,-0.01,0
6,528,26.4,42097.305858,-56734.28695,47666.401611,-59499.403941,28714.14919,-2255.818999,-3148.138024,-620.366525,47.031796,-9.876476,-107.386299,0.0,0.0,1.0,0.0,0.629937,0.069993,1.0,17936.66834,38587.22057,-38554.750921,97.23498,1.0,-77107.611014,82372.525788,-15826.449714,70.0,1.0,558.604165,20403.837591,-62514.775335,69.998714,40000.0,40000.0,4008.997314,4347.391602,4361.840332,4404.092773,3913.084473,4062.871582,40000.0,40000.0,40000.0,7603.28418,8668.761719,40000.0,37264.488281,24962.980469,14371.966797,40000.0,23357.451172,40000.0,40000.0,40000.0,40000.0,17626.777344,5000.0,33543.0132,-28660.067795,-5142.417171,0,true,true,1.0,-0.01,0
6,529,26.45,42170.901108,52363.385842,47771.456059,49527.947882,28734.878747,-2216.230558,-3163.585681,-624.245148,47.553085,-9.892784,-106.659019,0.0,0.0,1.0,0.0,0.839916,0.0,1.0,17433.650404,38975.113163,-38161.466425,97.694075,1.0,-76993.928202,83308.654656,-14090.210053,70.0,1.0,-307.814616,21230.684846,-62146.621378,69.998928,40000.0,40000.0,3913.917725,4259.892578,4341.311035,4398.066895,3980.4104,4085.819092,40000.0,40000.0,40000.0,7759.827148,8883.693359,40000.0,37202.9375,25497.472656,14227.853516,40000.0,26914.410156,40000.0,40000.0,40000.0,40000.0,17687.480469,5000.0,33120.368304,-28861.148195,-5737.860082,0,true,true,1.0,-0.01,0
6,530,26.5,42309.177027,-56872.562869,47975.785338,-59703.73322,28775.035923,-2150.700951,-3213.80023,-629.757025,48.51926,-9.814764,-105.135536,0.0,0.0,1.0,0.0,0.909909,0.0,1.0,16360.985063,39713.299234,-37435.874037,98.390652,1.0,-76761.009788,85026.092821,-10505.699876,70.0,1.0,-2137.579855,22812.051923,-61383.60438,69.999252,40000.0,40000.0,3729.377441,4090.885498,4297.955566,4384.828125,4102.342773,4134.51123,40000.0,40000.0,30055.275391,8123.055664,10940.908203,40000.0,25963.171875,40000.0,14107.546875,23084.414062,40000.0,40000.0,40000.0,40000.0,40000.0,17416.638672,5000.0,32273.668213,-29212.891846,-6969.536186,0,true,true,1.0,-0.01,0
6,531,26.55,42377.543527,52295.019342,48080.339176,49423.394044,28795.543699,-2110.604683,-3227.777026,-633.114275,48.96875,-9.727011,-104.341629,0.0,0.0,1.0,0.0,0.909909,0.0,1.0,15773.012537,40071.028093,-37091.178115,98.651301,1.0,-76657.019154,85818.905967,-8657.639596,70.0,1.0,-3117.248673,23575.253541,-60979.153221,69.999373,40000.0,40000.0,3633.838623,4003.65332,4274.533203,4377.015625,4161.481445,4159.338867,40000.0,40000.0,29718.005859,8238.829102,11730.504883,40000.0,25703.443359,40000.0,14113.564453,22928.671875,40000.0,40000.0,40000.0,40000.0,40000.0,17247.111328,5000.0,31841.239304,-29364.386721,-7599.886132,0,true,true,1.0,-0.01,0
6,532,26.6,42511.210763,-57006.230104,48292.317678,-59915.711722,28836.982599,-2033.144329,-3265.308357,-638.178125,49.807476,-9.47298,-102.707413,0.0,0.0,1.0,0.0,0.69993,0.0,1.0,14522.0903,40763.153413,-36426.940674,99.061734,1.0,-76446.781569,87276.319515,-4891.547616,70.0,1.0,-5164.836699,25046.154281,-60120.492003,69.999564,40000.0,40000.0,3506.575684,3825.097168,4225.035156,4359.309082,4275.630859,4210.025879,40000.0,40000.0,29419.445312,8623.157227,40000.0,40000.0,25035.453125,13535.769531,14017.611328,22897.404297,40000.0,40000.0,40000.0,40000.0,40000.0,16913.113281,5000.0,30959.95463,-29622.477664,-8871.16497,0,true,true,1.0,-0.01,0
6,533,26.65,42574.784374,52231.445731,48396.91849,49318.793232,28857.316001,-1999.415508,-3289.737413,-639.493621,50.201683,-9.323529,-101.885178,0.0,0.0,1.0,0.0,0.489951,0.0,1.0,13888.567317,41095.637038,-36102.247225,99.2109,1.0,-76322.75818,87942.802644,-3009.7618,70.0,1.0,-6193.709095,25751.172295,-59671.313243,69.999633,40000.0,40000.0,3449.214111,3736.444092,4199.853027,4349.997559,4329.361816,4235.750488,40000.0,40000.0,29306.482422,8770.890625,40000.0,40000.0,24748.587891,14332.404297,40000.0,22880.544922,40000.0,40000.0,40000.0,40000.0,40000.0,16753.751953,5000.0,30516.66372,-29731.335359,-9498.572802,0,true,true,1.0,-0.01,0
6,534,26.7,42699.789061,-57131.234791,48610.846616,-60129.639848,28898.681772,-1921.916401,-3331.53569,-641.760991,50.93927,-8.971927,-100.212433,0.0,0.0,1.0,0.0,0.69993,0.069993,1.0,12564.170596,41739.207464,-35461.153604,99.451058,1.0,-76056.50294,89168.679576,778.729371,70.0,1.0,-8309.247215,27109.315853,-58718.286928,69.999745,40000.0,17078.158203,3332.694092,3552.086914,4146.887695,4329.030273,4435.105957,4308.454102,40000.0,40000.0,28704.15625,9145.083984,37336.363281,40000.0,24202.292969,14623.958984,40000.0,22611.341797,40000.0,40000.0,40000.0,40000.0,40000.0,16440.662109,5000.0,29609.684643,-29912.914315,-10742.065061,0,true,true,1.0,-0.01,0
6,535,26.75,42762.351159,52168.883633,48722.300705,49207.339143,28920.112895,-1876.862842,-3343.622496,-642.933657,51.27951,-8.77186,-99.32608,0.0,0.0,1.0,0.0,1.033206,0.322877,1.0,11865.659052,42048.317135,-35144.917179,99.543131,1.0,-75883.718683,89763.845829,2723.922203,70.0,1.0,-9419.899558,27769.025313,-58206.10612,69.999788,40000.0,16545.033203,3271.874512,3455.101562,4118.685059,4317.662598,4487.930664,4388.925781,40000.0,40000.0,28405.683594,9303.009766,36422.832031,40000.0,23985.287109,14814.266602,40000.0,22480.90625,40000.0,40000.0,40000.0,40000.0,16775.302734,16284.043945,5000.0,29125.533449,-29998.075302,-11370.293086,0,true,true,1.0,-0.01,0
6,536,26.8,42881.574912,-57250.458544,48943.699364,-60351.038507,28962.285347,-1796.99012,-3384.644001,-642.307055,51.90065,-8.327599,-97.409286,0.0,0.0,1.0,0.0,1.235719,0.449352,1.0,10447.376302,42630.319766,-34533.231671,99.680743,1.0,-75347.682147,90952.641416,6742.941405,70.0,1.0,-11712.803013,29050.3132,-57109.879384,69.999852,40000.0,16098.920898,3147.729248,3265.029053,4062.304688,4297.728027,4586.940918,4525.605957,40000.0,40000.0,12438.225586,9729.479492,37085.242188,40000.0,24793.179688,15307.374023,40000.0,22432.332031,40000.0,40000.0,40000.0,39257.355469,16312.217773,15984.655273,5000.0,28080.504174,-30174.137593,-12654.215358,0,true,true,1.0,-0.01,0
6,537,26.85,42939.964992,52110.493552,49057.049242,49093.989265,28983.672184,-1751.70233,-3400.496162,-641.605081,52.180107,-8.08057,-96.356339,0.0,0.0,1.0,0.0,1.357252,0.535757,1.0,9710.75141,42905.935992,-34233.649005,99.73494,1.0,-74968.293791,91563.445961,8843.818587,70.0,1.0,-12919.063741,29680.249186,-56511.556939,69.999877,40000.0,15869.966797,3083.095703,3168.604736,4033.533936,4289.04541,4635.202148,4595.44873,40000.0,40000.0,11563.135742,9894.301758,37629.511719,38961.910156,25406.041016,15619.930664,40000.0,22913.625,40000.0,40000.0,40000.0,39032.230469,16080.451172,16142.859375,5000.0,27503.068634,-30269.169095,-13315.639052,0,true,true,1.0,-0.01,0
6,538,26.9,43049.357755,-57359.851307,49279.447393,-60573.436658,29025.081782,-1667.596022,-3443.414052,-637.596786,52.681702,-7.543803,-94.050293,0.0,0.0,1.0,0.0,1.240829,0.51093,1.0,8233.295777,43423.493468,-33649.579642,99.814987,1.0,-73898.169183,92825.662231,13215.923341,70.0,1.0,-15399.009291,30921.674576,-55212.04308,69.999914,40000.0,15414.208984,2953.016113,2984.546143,3905.363281,4279.130859,4725.365723,4734.740723,40000.0,40000.0,10019.140625,10532.557617,40000.0,38411.902344,40000.0,16409.289062,23033.097656,40000.0,40000.0,40000.0,40000.0,40000.0,15633.441406,40000.0,5000.0,26232.779445,-30477.328456,-14674.313863,0,true,true,1.0,-0.01,0
6,539,26.95,43103.216319,52056.634988,49394.641687,48978.794971,29046.260624,-1615.756849,-3455.828645,-635.365229,52.90818,-7.259805,-92.812103,0.0,0.0,1.0,0.0,1.294659,0.559852,1.0,7473.62453,43673.388716,-33350.500457,99.847535,1.0,-16679.46425,31541.415729,-54498.399181,70.0,1.0,-73227.888173,93485.273063,15485.799666,70.0,40000.0,15188.206055,2886.228516,2888.525879,3825.551514,4275.937988,4771.444824,4808.20752,40000.0,40000.0,9579.575195,11834.923828,40000.0,27100.900391,40000.0,33169.113281,22793.369141,40000.0,40000.0,40000.0,40000.0,40000.0,15459.145508,40000.0,5000.0,25536.369537,-30585.664025,-15358.598193,0,true,true,1.0,-0.01,0
6,540,27.0,43204.860534,-57461.495521,49623.725024,-60802.519995,29087.707331,-1520.649618,-3490.30061,-628.493294,53.320457,-6.683455,-90.173393,0.0,0.0,1.0,0.0,1.274572,0.672691,1.0,5968.437056,44153.101418,-32740.517374,99.893663,1.0,-19247.844106,32783.675668,-52951.833845,70.0,1.0,-62727.464219,43267.870054,-47405.141516,40.0,40000.0,14751.798828,2753.706055,2698.921387,3674.737061,4277.902832,4862.80957,4960.24707,40000.0,40000.0,9927.841797,40000.0,40000.0,26062.361328,40000.0,40000.0,22740.646484,40000.0,40000.0,40000.0,40000.0,40000.0,15384.05957,40000.0,5000.0,24022.341267,-30814.213364,-16722.635669,0,true,true,1.0,-0.01,0
6,541,27.05,43252.916039,52008.579482,49738.252835,48864.26716,29108.074546,-1472.478219,-3509.269246,-624.075843,53.507275,-6.393071,-88.766075,0.0,0.0,1.0,0.0,1.345876,0.724703,1.0,5232.655155,44385.636331,-32423.985098,99.911015,1.0,-20532.424893,33412.634165,-52111.231747,70.0,1.0,-63782.38256,44305.853985,-45534.282258,40.0,40000.0,14542.09668,2687.910645,2604.342285,3603.432617,4283.775391,4909.186523,5040.305176,40000.0,31537.472656,10074.65332,40000.0,40000.0,25536.177734,17682.720703,40000.0,22528.560547,40000.0,40000.0,40000.0,40000.0,40000.0,15188.450195,40000.0,5000.0,23197.377444,-30934.739435,-17399.868456,0,true,true,1.0,-0.01,0
6,542,27.1,43342.817289,-57551.396771,49966.538775,-61030.805935,29147.871884,-1367.851129,-3546.759046,-613.378072,53.840458,-5.805874,-85.731438,0.0,0.0,1.0,0.0,1.39927,0.784956,1.0,3792.336232,44837.354855,-31770.086054,99.938505,1.0,-23099.079375,34703.230476,-50271.299295,70.0,1.0,-65759.050512,46478.279177,-41510.39699,40.0,40000.0,14141.057617,2557.54834,2484.872803,3475.276367,4309.584961,5004.98584,5205.685059,40000.0,30619.082031,10502.314453,38472.1875,40000.0,24912.501953,40000.0,40000.0,22166.96875,40000.0,40000.0,40000.0,40000.0,40000.0,14827.423828,40000.0,5000.0,21381.008531,-31192.424721,-18746.096634,0,true,true,1.0,-0.01,0
6,543,27.15,43386.056125,51965.340646,50085.120506,48745.685429,29168.101194,-1297.165028,-3557.451723,-606.879281,53.983807,-5.519046,-84.070984,0.0,0.0,1.0,0.0,1.746255,1.140411,1.0,3081.592928,45059.978038,-31425.167924,99.95103,1.0,-24388.249044,35383.834135,-49249.268266,70.0,1.0,-66673.997489,47649.695374,-39325.336115,40.0,40000.0,13946.976562,2490.862305,2438.788086,3412.61499,4329.960449,5057.436035,5348.768555,40000.0,29901.898438,10747.938477,37806.871094,40000.0,25727.509766,40000.0,40000.0,22803.814453,40000.0,40000.0,40000.0,39798.308594,15046.579102,14658.917969,40000.0,5000.0,20359.697583,-31335.823333,-19413.144945,0,true,true,1.0,-0.01,0
6,544,27.2,43427.304298,-57592.644944,50204.195446,-61149.880875,29188.111096,-1237.445121,-3572.248024,-600.297032,54.116856,-5.242333,-82.342125,0.0,0.0,1.0,0.0,1.432387,0.978215,1.0,2394.177367,45282.559769,-31066.723025,99.959578,1.0,-25656.022948,36084.481717,-48172.159475,70.0,1.0,-67507.613191,48866.677169,-37054.666491,40.0,15622.383789,13478.40625,2424.880859,2393.173584,3352.89917,4356.443359,5113.037598,5569.361328,40000.0,29432.484375,11063.823242,38332.878906,39820.59375,26587.378906,40000.0,23317.962891,26350.392578,40000.0,40000.0,40000.0,38125.761719,14762.053711,14503.693359,40000.0,5000.0,19277.73858,-31481.412618,-20063.150963,0,true,true,1.0,-0.01,0
6,545,27.25,43502.218714,51890.42623,50439.216809,48510.664066,29226.654621,-1116.61035,-3602.975001,-585.80851,54.35767,-4.71079,-78.703163,0.0,0.0,1.0,0.0,1.265066,0.773096,1.0,1103.875346,45729.713839,-30313.08286,99.97215,1.0,-28095.801905,37553.842848,-45844.420559,70.0,1.0,-68887.354438,51413.354916,-32284.291908,40.0,14542.220703,13151.489258,2297.336426,2305.58252,3251.602051,4432.388184,5234.184082,6165.040039,40000.0,12056.499023,12306.243164,40000.0,27806.779297,40000.0,33620.238281,22891.761719,40000.0,40000.0,40000.0,40000.0,39495.875,14298.813477,40000.0,40000.0,5000.0,16949.680221,-31764.0739,-21296.168255,0,true,true,1.0,-0.01,0
6,546,27.3,43537.230511,-57627.656741,50559.533764,-61270.19783,29245.941224,-1050.353864,-3609.508451,-578.598072,54.469833,-4.451099,-76.81778,0.0,0.0,1.0,0.0,1.309192,0.785515,1.0,481.915732,45960.709573,-29907.50843,99.976897,1.0,-29258.049035,38313.240758,-44600.622784,70.0,1.0,-69440.741023,52726.215147,-29799.367573,40.0,14247.847656,13005.069336,2234.046875,2261.593262,3195.373779,4479.950195,5302.411133,6560.621582,40000.0,10867.408203,13713.490234,40000.0,26997.175781,40000.0,40000.0,22740.445312,40000.0,40000.0,40000.0,40000.0,40000.0,14392.295898,40000.0,40000.0,5000.0,15715.402633,-31890.402856,-21866.275717,0,true,true,1.0,-0.01,0
6,547,27.35,43600.112211,51827.54453,50799.194728,48271.003102,29283.402382,-916.091408,-3627.858608,-562.467587,54.686459,-3.95317,-72.985886,0.0,0.0,1.0,0.0,0.975792,0.624507,1.0,-679.173039,46435.04555,-29048.802882,99.984008,1.0,-31414.589725,39871.250692,-41988.935343,70.0,1.0,-70222.082905,55384.281783,-24729.48048,40.0,13719.811523,12754.480469,2111.177979,2175.438232,3072.158203,4597.762695,5453.355469,40000.0,32474.59375,11117.725586,40000.0,40000.0,27500.185547,40000.0,40000.0,22243.164062,40000.0,40000.0,40000.0,40000.0,40000.0,13972.93457,40000.0,40000.0,5000.0,13157.866045,-32098.350739,-22888.877504,0,true,true,1.0,-0.01,0
6,548,27.4,43628.319385,-57655.863915,50920.355525,-61391.358627,29301.868611,-846.215165,-3634.823715,-553.986846,54.791103,-3.713806,-71.037666,0.0,0.0,1.0,0.0,1.08218,0.658718,1.0,-1224.172141,46680.073393,-28593.292448,99.986681,1.0,-32411.739283,40671.505876,-40619.271012,70.0,1.0,-70451.27396,56729.668275,-22145.369979,40.0,13482.931641,40000.0,2050.331055,2132.073242,2993.514893,4668.713867,5537.620605,40000.0,31783.755859,11422.310547,39763.007812,40000.0,29004.167969,40000.0,40000.0,23228.029297,40000.0,40000.0,40000.0,39658.765625,14264.883789,13789.476562,40000.0,40000.0,5000.0,11834.330982,-32177.866996,-23337.994196,0,true,true,1.0,-0.01,0
6,549,27.45,43676.104731,51779.759184,51157.066618,48034.292009,29336.941837,-700.813294,-3650.527213,-535.427291,54.99543,-3.261711,-67.101212,0.0,0.0,1.0,0.0,0.806074,0.537383,1.0,-2205.072583,47177.99631,-27650.69913,99.990794,1.0,-34192.147866,42302.274231,-37790.566255,70.0,1.0,-70543.865266,59430.939702,-16943.856429,40.0,13067.290039,40000.0,1933.047119,2048.125977,2802.604248,4844.731445,5723.416992,40000.0,30281.931641,11974.393555,39486.53125,40000.0,40000.0,33794.421875,23162.916016,40000.0,40000.0,40000.0,40000.0,37649.03125,13680.480469,13657.299805,40000.0,40000.0,5000.0,9125.838496,-32284.056665,-24104.699417,0,true,true,1.0,-0.01,0
6,550,27.5,43696.821513,-57676.580696,51278.595754,-61512.887762,29354.495,-621.503423,-3645.873882,-526.59485,55.095821,-3.046819,-65.114967,0.0,0.0,1.0,0.0,1.006683,0.629177,1.0,-2662.786059,47436.380067,-27152.561312,99.992383,1.0,-34994.263719,43136.397313,-36322.994285,70.0,1.0,-70427.830502,60786.747372,-14321.811834,40.0,12758.132812,40000.0,1873.114502,2003.844116,2628.508057,4947.84375,5827.61084,40000.0,15524.62793,12290.651367,40000.0,39826.886719,40000.0,34042.5625,23216.048828,40000.0,40000.0,40000.0,40000.0,38758.046875,13441.69043,14165.580078,40000.0,14251.09668,5000.0,7740.548476,-32307.270826,-24417.614334,0,true,true,1.0,-0.01,0
6,551,27.55,43729.126346,51747.45435,51511.007691,47801.880072,29387.098695,-465.699161,-3643.490485,-507.670927,55.294327,-2.651722,-61.112137,0.0,0.0,1.0,0.0,0.94762,0.700415,1.0,-3441.406862,47956.074529,-26142.075309,99.994708,1.0,-36348.096581,44829.224403,-33333.642356,70.0,1.0,-69797.90945,63495.061167,-9103.409094,40.0,12292.582031,40000.0,1758.994507,1919.846436,2281.355957,5208.914062,6058.130859,40000.0,12356.862305,15237.041992,40000.0,40000.0,40000.0,40000.0,22609.263672,40000.0,40000.0,40000.0,40000.0,40000.0,13352.637695,40000.0,40000.0,13435.954102,5000.0,4931.622954,-32295.105671,-24906.706717,0,true,true,1.0,-0.01,0
6,552,27.6,43741.962243,-57689.416593,51632.31631,-61634.196382,29403.697131,-385.076864,-3639.258385,-497.953045,55.390541,-2.472631,-59.079941,0.0,0.0,1.0,0.0,1.040889,0.75701,1.0,-3793.846424,48227.034155,-25609.86506,99.995594,1.0,-36930.217447,45702.55028,-31787.313219,70.0,1.0,51512.630001,25829.491859,-53860.641866,44.987321,12155.96875,40000.0,1697.449707,1873.270874,2260.043945,5364.530762,6188.962891,40000.0,11783.370117,40000.0,40000.0,40000.0,40000.0,40000.0,22758.070312,40000.0,40000.0,40000.0,40000.0,40000.0,13150.060547,40000.0,40000.0,13158.449219,5000.0,3491.862114,-32256.836281,-25076.512953,0,true,true,1.0,-0.01,0
6,553,27.65,43759.387871,51730.028722,51873.233301,47560.96308,29435.779457,-221.169814,-3624.764471,-478.369865,55.579575,-2.146489,-54.990715,0.0,0.0,1.0,0.0,0.963547,0.712187,1.0,-4390.589785,48778.499975,-24520.910694,99.996935,1.0,-37861.619233,47474.475749,-28643.301939,70.0,1.0,48179.897208,24651.069991,-56245.400278,52.600779,11927.614258,40000.0,1936.721313,1776.647949,2209.10498,5729.691895,6694.47998,32558.498047,12286.625,39303.808594,40000.0,40000.0,40000.0,23808.140625,28090.541016,40000.0,40000.0,40000.0,37318.585938,13152.123047,12804.792969,40000.0,40000.0,12667.439453,5000.0,586.927664,-32111.629857,-25267.865147,0,true,true,1.0,-0.01,0
6,554,27.7,43763.93249,-57693.961212,51992.305268,-61753.268349,29451.212332,-137.961986,-3614.693191,-468.499089,55.672009,-2.000305,-52.930706,0.0,0.0,1.0,0.0,0.885448,0.652435,1.0,-4631.601566,49057.980205,-23967.418366,99.99744,1.0,-38206.445928,48372.566297,-27050.549776,70.0,1.0,46458.698809,24092.446459,-57362.945971,55.466526,40000.0,40000.0,2014.278687,1726.403931,2182.517822,5827.835938,7531.651367,31772.664062,12572.763672,39901.5,40000.0,40000.0,34379.503906,23397.947266,40000.0,40000.0,40000.0,40000.0,37023.460938,12873.892578,12894.788086,40000.0,40000.0,12451.692383,5000.0,-876.233508,-32003.63035,-25289.132056,0,true,true,1.0,-0.01,0
6,555,27.75,43764.719364,51729.241848,52226.984083,47326.284266,29480.840368,30.206008,-3589.352606,-448.646306,55.854851,-1.728954,-48.825886,0.0,0.0,1.0,0.0,0.64639,0.484792,1.0,-5015.229622,49619.244277,-22851.048441,99.998208,1.0,-38667.189012,50164.00821,-23857.533599,70.0,1.0,42932.073472,23064.744141,-59426.876382,59.823671,40000.0,6236.709473,2116.947998,1619.812134,2124.13208,6004.66748,40000.0,16831.685547,13214.632812,40000.0,40000.0,40000.0,40000.0,23120.984375,40000.0,40000.0,40000.0,40000.0,40000.0,12777.482422,40000.0,40000.0,13187.054688,12077.071289,5000.0,-3779.927665,-31715.412049,-25184.685711,0,true,true,1.0,-0.01,0
6,556,27.8,43760.706289,-57689.948137,52345.817712,-61872.101978,29495.476546,120.392242,-3565.008683,-439.085317,55.94511,-1.606982,-46.788692,0.0,0.0,1.0,0.0,0.69993,0.489951,1.0,-5167.044132,49903.267577,-22283.795695,99.998517,1.0,-38791.359545,51057.374987,-22260.818788,70.0,1.0,41127.562172,22601.152554,-60358.029787,61.57859,40000.0,6081.006348,2156.767334,1559.305054,2086.704102,6103.423828,40000.0,15078.779297,14751.348633,40000.0,40000.0,40000.0,40000.0,22840.433594,40000.0,40000.0,40000.0,40000.0,40000.0,12564.507812,40000.0,40000.0,12776.62207,11634.938477,5000.0,-5214.927934,-31534.980878,-25059.140765,0,true,true,1.0,-0.01,0
6,557,27.85,43743.773934,51746.174203,52579.667388,47092.43459,29523.541142,299.528435,-3521.035227,-418.920726,56.123959,-1.392198,-42.79063,0.0,0.0,1.0,0.0,0.349965,0.279972,1.0,-5379.214363,50466.666204,-21155.546532,99.998978,1.0,-38826.855662,52809.633086,-19124.049825,70.0,1.0,37506.040679,21782.41131,-62010.955203,64.19497,40000.0,5807.446289,4663.902344,1550.186035,1995.290405,6320.421875,40000.0,12694.203125,40000.0,40000.0,40000.0,40000.0,24650.974609,26729.570312,40000.0,40000.0,40000.0,38550.265625,12685.354492,12203.24707,40000.0,40000.0,12237.524414,11358.128906,5000.0,-8007.621265,-31108.038361,-24676.723575,0,true,true,1.0,-0.01,0
6,558,27.9,43731.303941,-57677.478144,52692.794826,-61985.229416,29536.779042,385.521233,-3497.438077,-409.261763,56.213612,-1.2958,-40.856453,0.0,0.0,1.0,0.0,0.209979,0.139986,1.0,-5444.074852,50741.875899,-20601.928553,99.999143,1.0,-38748.615873,53654.386347,-17603.729934,70.0,1.0,35717.507425,21435.553095,-62727.412251,65.133812,40000.0,5688.432129,4547.772461,1604.764404,1940.271729,6437.787598,33836.164062,12729.998047,40000.0,40000.0,40000.0,40000.0,24219.152344,40000.0,40000.0,40000.0,40000.0,36399.84375,12408.958984,12053.975586,40000.0,40000.0,12004.68457,11242.25,5000.0,-9343.013413,-30866.311964,-24429.001737,0,true,true,1.0,-0.01,0
6,559,27.95,43696.521815,51780.956329,52922.67143,46862.557985,29563.115899,567.730503,-3431.904417,-390.126942,56.378227,-1.136838,-37.476879,0.0,0.0,1.0,0.0,0.0,0.0,1.0,-5599.187387,51264.210173,-19541.512214,99.999413,1.0,-38554.718573,55156.916664,-14868.428515,70.0,1.0,32435.815131,20955.591035,-63758.940115,66.664505,40000.0,5493.229492,4409.530273,1714.583252,1759.258057,6659.631836,32789.15625,13253.09082,40000.0,40000.0,40000.0,35231.359375,24002.744141,40000.0,40000.0,40000.0,40000.0,37260.894531,12340.987305,13994.851562,40000.0,40000.0,11606.160156,11037.097656,5000.0,-11670.014116,-30379.116633,-23880.934834,0,true,true,1.0,-0.01,0
6,560,28.0,43676.301211,-57657.25754,53028.605471,-62091.163457,29574.930064,650.751462,-3409.232081,-380.210472,56.441986,-1.082554,-36.261841,0.0,0.0,1.0,0.0,0.0,0.0,1.0,-5708.260292,51481.995229,-19095.724008,99.999504,1.0,-38506.10222,55720.991504,-13826.534891,70.0,1.0,31167.862759,20842.753977,-64024.307343,67.182719,40000.0,5423.286621,4390.161621,1768.678101,1632.598389,6741.532715,32320.271484,13400.885742,40000.0,40000.0,40000.0,35425.199219,23813.878906,40000.0,40000.0,40000.0,40000.0,40000.0,12167.482422,18245.449219,40000.0,40000.0,11451.65918,10949.226562,5000.0,-12513.397864,-30178.993617,-23640.981847,0,true,true,1.0,-0.01,0
6,561,28.05,43626.468251,51830.789288,53240.503259,46650.660197,29598.067385,829.834472,-3341.642456,-360.741035,56.568199,-0.952959,-34.01149,0.0,0.0,1.0,0.0,-0.209979,-0.489951,1.0,-5969.036771,51899.758458,-18225.527521,99.999661,1.0,-38432.148744,56757.45016,-11847.449778,70.0,1.0,28711.456124,20713.88814,-64417.255139,68.074114,40000.0,5291.079102,4367.581055,1870.45874,1610.831299,6893.697266,31935.197266,13797.890625,40000.0,40000.0,40000.0,40000.0,23517.560547,40000.0,40000.0,40000.0,40000.0,12700.017578,11854.948242,40000.0,40000.0,12348.233398,11162.117188,40000.0,5000.0,-14065.183825,-29785.235377,-23144.309512,0,true,true,1.0,-0.01,0
6,562,28.1,43595.89932,-57626.688609,53350.19891,-62200.859108,29609.841254,917.067886,-3290.869359,-353.216055,56.631546,-0.863896,-32.982807,0.0,0.0,1.0,0.0,-0.139986,-0.419958,1.0,-6146.513405,52099.124311,-17795.937757,99.999722,1.0,-38442.242759,57225.25409,-10897.82855,70.0,1.0,27507.203934,20705.261585,-64541.69138,68.420645,40000.0,5227.117188,4367.067871,1921.214966,1664.893677,6960.748047,32136.761719,14024.354492,40000.0,40000.0,40000.0,40000.0,23628.898438,40000.0,40000.0,40000.0,40000.0,12474.291016,11710.587891,40000.0,40000.0,11890.491211,11021.635742,40000.0,5000.0,-14770.936673,-29597.080672,-22889.146589,0,true,true,1.0,-0.01,0
6,563,28.15,43528.047055,51898.641554,53561.749185,46439.109922,29632.050866,1078.485456,-3217.001962,-335.998007,56.757126,-0.69714,-31.042524,0.0,0.0,1.0,0.0,-0.069993,-0.139986,1.0,-6489.590127,52482.599966,-16965.023327,99.999806,1.0,-38442.337439,58107.267659,-9092.897189,70.0,1.0,25202.144312,20724.511469,-64713.849845,68.900891,40000.0,5102.856934,4364.651367,2460.564453,1762.760742,2886.794678,33384.0625,14567.035156,40000.0,40000.0,40000.0,40000.0,25090.335938,40000.0,40000.0,40000.0,40000.0,12069.650391,11450.800781,40000.0,40000.0,11496.014648,10680.172852,40000.0,5000.0,-16093.0032,-29225.479378,-22374.957133,0,true,true,1.0,-0.01,0
6,564,28.2,43489.599046,-57588.2406,53667.379706,-62306.489629,29642.92973,1157.246451,-3179.372607,-327.44288,56.819187,-0.615336,-30.132322,0.0,0.0,1.0,0.0,-0.069993,-0.069993,1.0,-6673.059471,52669.845289,-16555.436193,99.999839,1.0,-38451.289396,58522.663826,-8228.477771,70.0,1.0,24085.858914,20757.496167,-64754.655001,69.083474,40000.0,5041.0,4365.79834,2797.431152,1808.881836,1912.98291,17508.294922,14764.0625,40000.0,40000.0,40000.0,40000.0,26613.636719,40000.0,40000.0,40000.0,40000.0,11885.12207,11330.949219,40000.0,40000.0,11309.545898,10428.027344,40000.0,5000.0,-16711.717328,-29043.39065,-22115.867004,0,true,true,1.0,-0.01,0
6,565,28.25,43408.37332,51979.86728,53866.496333,46239.993296,29662.934946,1312.900885,-3111.64262,-309.069256,56.911205,-0.500554,-28.832947,0.0,0.0,1.0,0.0,0.0,0.0,1.0,-7096.772611,52990.116329,-15853.833941,99.999888,1.0,-38633.082445,59161.701925,-6887.260533,70.0,1.0,22308.732115,20882.858024,-64656.763432,69.36179,40000.0,4931.199707,4395.96875,3418.077148,1893.871704,1813.483276,17055.068359,16155.467773,40000.0,40000.0,40000.0,25620.197266,28269.669922,40000.0,40000.0,40000.0,37556.289062,11580.223633,11241.387695,40000.0,40000.0,10994.183594,10123.858398,40000.0,5000.0,-17630.469576,-28761.791213,-21702.064042,0,true,true,1.0,-0.01,0
6,566,28.3,43362.191696,-57542.058976,53968.561561,-62408.554857,29673.017644,1385.448633,-3061.956696,-302.480932,56.944969,-0.460206,-28.369635,0.0,0.0,1.0,0.0,0.0,0.0,1.0,-7358.422709,53137.23053,-15531.060845,99.999907,1.0,-38788.204402,59421.979588,-6336.555032,70.0,1.0,21555.682501,20971.060514,-64532.825383,69.472127,40000.0,4876.80127,4423.67041,3574.447266,1936.159058,1858.064697,16893.34375,16286.755859,40000.0,40000.0,40000.0,25570.943359,29369.677734,40000.0,40000.0,40000.0,36519.734375,11655.00293,11351.795898,40000.0,40000.0,10847.03418,10007.646484,40000.0,5000.0,-17984.4676,-28650.505843,-21531.758255,0,true,true,1.0,-0.01,0
6,567,28.35,43262.586534,52079.472442,54168.796774,46039.758083,29692.378985,1529.557449,-2984.216774,-286.466604,57.009567,-0.361879,-27.427893,0.0,0.0,1.0,0.0,0.769923,0.209979,1.0,-7897.619871,53423.686197,-14896.427138,100.0,1.0,-39106.297916,59929.499063,-5236.704522,70.0,1.0,20014.81825,21145.351726,-64295.099244,69.636031,40000.0,4761.6875,4466.356445,3634.754395,2204.005859,1939.770508,16831.242188,17099.033203,40000.0,40000.0,40000.0,25482.082031,40000.0,40000.0,40000.0,40000.0,35808.289062,11626.723633,11595.022461,40000.0,40000.0,10555.288086,9776.397461,40000.0,5000.0,-18695.179101,-28430.119496,-21178.262341,0,true,true,1.0,-0.01,0
6,568,28.4,43209.11542,-57488.587862,54266.891162,-62506.649245,29701.64818,1604.133349,-2942.831487,-278.075818,57.039936,-0.29193,-26.878075,0.0,0.0,1.0,0.0,0.96704,0.386816,1.0,-8164.737694,53566.371366,-14576.174503,100.0,1.0,-39242.259508,60195.615879,-4643.487159,70.0,1.0,19161.962785,21222.742234,-64201.155963,69.70257,40000.0,4699.361328,4475.882812,3657.37915,2368.3125,1976.866699,16640.068359,17803.5625,40000.0,40000.0,40000.0,25424.365234,40000.0,40000.0,40000.0,40000.0,35708.972656,11503.28125,12698.485352,40000.0,40000.0,10406.606445,9660.865234,40000.0,5000.0,-19090.365263,-28311.577465,-20972.698639,0,true,true,1.0,-0.01,0
6,569,28.45,43095.623975,52192.963887,54458.756428,45847.892817,29719.361798,1742.301134,-2863.454468,-262.188459,57.098457,-0.098127,-25.617037,0.0,0.0,1.0,0.0,1.318645,0.36629,1.0,-8698.668336,53852.793092,-13920.989671,100.0,1.0,-39471.702063,60749.595518,-3357.809349,70.0,1.0,17284.231387,21362.673881,-64058.181535,69.798301,40000.0,4566.873047,4439.437012,3688.508057,2661.785156,2044.12561,2129.830078,40000.0,40000.0,40000.0,40000.0,25591.96875,40000.0,40000.0,40000.0,40000.0,36441.960938,11257.268555,15151.335938,40000.0,40000.0,10106.148438,9431.833008,40000.0,5000.0,-19955.461676,-28058.74343,-20495.443,0,true,true,1.0,-0.01,0
6,570,28.5,43035.348019,-57428.311906,54552.891705,-62600.784522,29727.840219,1808.278586,-2824.058166,-254.352628,57.127346,0.031558,-24.886654,0.0,0.0,1.0,0.0,1.132433,0.36032,1.0,-8964.682434,53998.086306,-13580.706055,100.0,1.0,-39557.569593,61041.574412,-2650.68354,70.0,1.0,16238.219626,21426.152876,-64007.557525,69.833623,40000.0,4496.484863,4385.858398,3696.84668,2790.360352,2074.570068,2169.049072,40000.0,40000.0,40000.0,36831.421875,25625.777344,40000.0,40000.0,40000.0,40000.0,12281.960938,11134.087891,40000.0,40000.0,40000.0,9953.825195,9318.419922,40000.0,5000.0,-20433.597414,-27921.734388,-20214.288291,0,true,true,1.0,-0.01,0
6,571,28.55,42972.341949,52255.969957,54645.347363,45755.437159,29735.984745,1890.181998,-2773.669615,-244.335771,57.156391,0.187188,-24.054415,0.0,0.0,1.0,0.0,1.40615,0.496288,1.0,-9220.125076,54144.718767,-13230.834107,100.0,1.0,-39599.566648,61351.020295,-1884.508452,70.0,1.0,15087.972736,21485.142157,-63970.39977,69.87066,40000.0,4422.696777,4330.541504,3698.869873,2903.455566,2111.546875,2206.948486,40000.0,40000.0,40000.0,36984.730469,25524.257812,40000.0,40000.0,40000.0,40000.0,12083.962891,11009.882812,40000.0,40000.0,40000.0,9799.454102,9206.473633,40000.0,5000.0,-20959.381115,-27771.736761,-19891.314744,0,true,true,1.0,-0.01,0
6,572,28.6,42907.204675,-57363.174631,54736.446058,-62691.883217,29743.859095,1954.118146,-2732.960688,-236.230493,57.186691,0.356106,-23.158636,0.0,0.0,1.0,0.0,1.190693,0.460913,1.0,-9465.588075,54296.139062,-12868.456506,100.0,1.0,-39613.90002,61676.525856,-1076.394655,70.0,1.0,13880.306171,21538.397518,-63940.367257,69.893864,40000.0,4347.137207,4274.204102,3696.973877,3005.0,2222.312744,2243.969727,40000.0,40000.0,40000.0,37151.183594,25417.970703,40000.0,40000.0,40000.0,40000.0,11886.321289,10887.533203,40000.0,40000.0,40000.0,9645.630859,9096.608398,40000.0,5000.0,-21512.134757,-27611.275383,-19538.236047,0,true,true,1.0,-0.01,0
6,573,28.65,42770.094893,52393.079738,54914.07399,45577.809226,29758.696855,2086.35941,-2643.978818,-218.495419,57.252842,0.711141,-21.135994,0.0,0.0,1.0,0.0,1.022806,0.538319,1.0,-9883.545552,54614.396522,-12111.824821,100.0,1.0,-39485.169428,62394.868795,664.839943,70.0,1.0,11307.175273,21616.618865,-63904.457147,69.930735,40000.0,4190.728516,4159.009766,3680.543457,3171.7146,2395.250488,2316.021729,40000.0,40000.0,40000.0,37534.753906,25189.894531,40000.0,40000.0,40000.0,40000.0,11491.400391,10649.332031,40000.0,40000.0,10286.46875,9340.486328,8885.230469,40000.0,5000.0,-22719.394313,-27240.863028,-18726.353081,0,true,true,1.0,-0.01,0
6,574,28.7,42698.277505,-57291.357243,55000.576367,-62778.385593,29765.656695,2154.521517,-2595.071158,-208.795198,57.289371,0.874203,-20.03458,0.0,0.0,1.0,0.0,1.019343,0.751095,1.0,-10040.520918,54783.07299,-11722.192741,100.0,1.0,-39329.666872,62791.194309,1573.672307,70.0,1.0,9951.140431,21663.780198,-63854.242221,69.94492,33275.972656,4110.881836,4100.474609,3667.60083,3240.22876,2473.392578,2351.181152,40000.0,40000.0,40000.0,40000.0,25290.802734,40000.0,40000.0,40000.0,40000.0,11365.364258,10669.696289,40000.0,40000.0,10018.988281,9191.363281,8784.541016,40000.0,5000.0,-23361.617914,-27026.55585,-18277.034434,0,true,true,1.0,-0.01,0
6,575,28.75,42624.399801,52466.957443,55085.533118,45492.852475,29772.313686,2216.331027,-2548.702403,-199.709707,57.327896,1.002863,-18.891361,0.0,0.0,1.0,0.0,0.700552,0.862218,1.0,-10145.65837,54961.373253,-11328.658524,100.0,1.0,-39101.561641,63220.59159,2489.136491,70.0,1.0,8596.032196,21711.353374,-63784.136011,69.955408,33190.527344,4030.455566,4041.42627,3652.374023,3301.095703,2546.890137,2385.722168,40000.0,40000.0,40000.0,40000.0,25715.585938,40000.0,40000.0,40000.0,40000.0,11516.354492,10901.555664,40000.0,40000.0,9803.182617,9045.587891,8687.446289,40000.0,5000.0,-24023.387656,-26786.772038,-17808.626449,0,true,true,1.0,-0.01,0
6,576,28.8,42470.710354,-57137.667796,55250.719165,-62943.57164,29784.736595,2332.427505,-2455.507796,-182.279656,57.405144,1.023649,-16.582205,0.0,0.0,1.0,0.0,-0.57965,0.92744,1.0,-10111.782681,55355.74042,-10564.236375,100.0,1.0,6090.643149,21810.36675,-63565.471809,69.97037,1.0,-41517.747272,88914.928476,42962.889253,40.0,33023.238281,3868.873291,3920.828369,3618.23584,3409.006348,2684.311768,2451.58374,40000.0,40000.0,40000.0,40000.0,28705.080078,40000.0,40000.0,40000.0,38194.210938,11189.014648,12724.674805,40000.0,40000.0,9392.699219,8666.605469,40000.0,40000.0,5000.0,-25379.635798,-26200.238767,-16880.612982,0,true,true,1.0,-0.01,0
6,577,28.85,42390.721491,52546.946306,55330.642023,45412.929616,29790.484665,2399.665759,-2397.685637,-172.442083,57.440029,0.95015,-15.554057,0.0,0.0,1.0,0.0,-0.769923,0.069993,1.0,-10054.764653,55551.081403,-10215.65323,100.0,1.0,5007.928782,21881.098122,-63409.243532,69.976919,1.0,-40329.554025,89434.134446,43780.398506,40.0,32943.445312,3788.002441,3857.115234,3602.015137,3421.093018,2752.730957,2479.580811,40000.0,40000.0,40000.0,40000.0,29562.625,40000.0,40000.0,40000.0,37023.855469,11040.444336,14471.243164,40000.0,40000.0,9206.191406,8368.692383,40000.0,40000.0,5000.0,-25998.90274,-25896.137351,-16467.683139,0,true,true,1.0,-0.01,0
6,578,28.9,42308.895062,-57055.841368,55408.919744,-63021.84936,29795.973971,2454.792737,-2348.331493,-164.679165,57.466946,0.892682,-14.75669,0.0,0.0,1.0,0.0,0.0,0.0,1.0,-10095.505925,55722.784139,-9903.061609,100.0,1.0,4080.411421,21967.352321,-63231.809048,69.981235,1.0,-39486.442375,89848.439681,44446.912376,40.0,40000.0,3707.32251,3788.930176,3589.154541,3421.845215,2825.840088,2499.897705,40000.0,40000.0,40000.0,27545.050781,31045.71875,40000.0,40000.0,40000.0,12384.037109,10920.19043,14743.643555,40000.0,40000.0,9038.97168,8235.97168,40000.0,40000.0,5000.0,-26495.373938,-25650.282241,-16130.840925,0,true,true,1.0,-0.01,0
6,579,28.95,42225.112212,52630.729156,55485.390177,45336.459184,29801.196104,2513.485381,-2294.112865,-156.663975,57.487217,0.849062,-14.15524,0.0,0.0,1.0,0.0,0.0,0.0,1.0,-10221.5583,55871.977142,-9625.599271,100.0,1.0,3281.402731,22065.43094,-63037.439827,69.985077,1.0,-38943.771738,90177.745152,44989.113197,40.0,40000.0,3625.884277,3716.033203,3578.096436,3421.07251,2902.443848,2571.411865,40000.0,40000.0,40000.0,27477.304688,40000.0,40000.0,40000.0,40000.0,12224.129883,10822.443359,16436.917969,40000.0,40000.0,8886.438477,8116.909668,40000.0,40000.0,5000.0,-26891.131678,-25456.527333,-15862.062242,0,true,true,1.0,-0.01,0
6,580,29.0,42052.492645,-56883.221801,55633.519114,-63169.978297,29810.970878,2613.990848,-2198.116342,-143.392751,57.51516,0.788256,-13.322069,0.0,0.0,1.0,0.0,0.0,0.0,1.0,-10643.150693,56129.339209,-9136.612817,100.0,1.0,1923.229166,22270.217002,-62637.749448,69.990069,1.0,-38436.150339,90680.307233,45841.205508,40.0,40000.0,3459.580811,3559.328857,3556.860107,3414.135742,3060.226318,2723.768799,3067.609131,40000.0,40000.0,27464.962891,40000.0,40000.0,40000.0,40000.0,11983.978516,10668.854492,40000.0,40000.0,40000.0,8607.557617,7886.42334,40000.0,40000.0,5000.0,-27497.364345,-25170.756931,-15457.569022,0,true,true,1.0,-0.01,0
6,581,29.05,41963.901759,52719.320041,55705.362307,45264.615991,29815.563026,2657.726422,-2155.295676,-137.764418,57.524876,0.766904,-13.030922,0.0,0.0,1.0,0.0,0.0,0.0,1.0,-10914.052105,56243.135278,-8916.65914,100.0,1.0,1323.42977,22372.665061,-62438.701858,69.991741,1.0,-38382.149461,90879.238059,46188.038694,40.0,40000.0,3374.477539,3476.473389,3545.48584,3407.882324,3140.010986,2799.263184,3074.464111,40000.0,40000.0,27499.210938,40000.0,40000.0,40000.0,40000.0,11890.611328,10606.433594,40000.0,40000.0,40000.0,8476.599609,7773.525879,40000.0,40000.0,5000.0,-27739.201189,-25063.497712,-15302.056743,0,true,true,1.0,-0.01,0
6,582,29.1,41873.51845,-56792.838491,55775.428786,-63240.044777,29819.927495,2711.499141,-2101.994281,-130.934062,57.532101,0.750986,-12.814346,0.0,0.0,1.0,0.0,0.0,0.0,1.0,-11221.416314,56344.410621,-8717.427358,100.0,1.0,767.958271,22477.205967,-62236.825265,69.993504,1.0,-38450.189163,91046.558383,46486.297034,40.0,40000.0,3287.687988,3390.474121,3532.954346,3399.293945,3219.933838,2873.891846,3074.056641,40000.0,40000.0,27556.947266,40000.0,40000.0,40000.0,40000.0,11812.926758,10552.701172,40000.0,40000.0,40000.0,8350.62207,7661.931152,40000.0,40000.0,5000.0,-27945.85452,-24978.343269,-15175.687468,0,true,true,1.0,-0.01,0
6,583,29.15,41688.159257,52904.679235,55910.953031,45129.091746,29828.08071,2805.750476,-2007.288517,-119.135343,57.541943,0.729227,-12.51897,0.0,0.0,1.0,0.0,0.0,0.0,1.0,-11918.476276,56533.957393,-8342.252222,100.0,1.0,-263.722212,22676.928116,-61849.497467,69.995829,1.0,-38816.697447,91320.850227,46988.465348,40.0,40000.0,3113.460693,3211.108154,3503.687988,3375.808838,3378.567139,3020.349609,3056.95752,40000.0,40000.0,27716.005859,40000.0,40000.0,40000.0,40000.0,11688.024414,10572.410156,40000.0,40000.0,9475.294922,8106.67334,7441.227539,40000.0,40000.0,5000.0,-28295.718825,-24849.957208,-14978.624806,0,true,true,1.0,-0.01,0
6,584,29.2,41593.112931,-56697.792166,55976.319568,-63305.411314,29831.863382,2851.389622,-1960.996013,-113.480158,57.549549,0.759389,-12.071686,0.0,0.0,1.0,0.0,3.49965,1.679832,1.0,-12184.256841,56648.977595,-8109.802467,100.0,1.0,-1030.285181,22774.975342,-61658.472818,69.996679,1.0,-38576.989593,91540.4753,47415.503045,40.0,40000.0,3069.04126,3123.05542,3469.069824,3360.713379,3444.411865,3086.69751,3059.527588,40000.0,40000.0,27713.392578,40000.0,40000.0,40000.0,40000.0,11684.628906,10706.030273,40000.0,40000.0,9023.37793,7972.492188,7329.750977,40000.0,40000.0,5000.0,-28597.354885,-24723.918888,-14744.406111,0,true,true,1.0,-0.01,0
6,585,29.25,41496.466434,53001.325732,56040.027604,45065.383711,29835.445863,2899.394757,-1911.240957,-107.474419,57.56007,0.823006,-11.349097,0.0,0.0,1.0,0.0,2.898045,1.395355,1.0,-12365.773788,56786.713821,-7829.729489,100.0,1.0,-2018.893645,22878.18407,-61455.89383,69.997417,1.0,-5638.976737,2788.139536,-92967.080939,40.0,40000.0,3006.784912,3037.117188,3399.133301,3343.658936,3471.922119,3147.477783,3074.026611,40000.0,40000.0,27752.511719,40000.0,40000.0,40000.0,40000.0,11805.755859,10876.269531,40000.0,40000.0,8824.556641,7828.410645,7218.03125,40000.0,40000.0,5000.0,-29012.079016,-24537.226387,-14382.12943,0,true,true,1.0,-0.01,0
6,586,29.3,41398.558539,-56599.88427,56102.381013,-63367.764724,29838.866683,2937.236705,-1870.602182,-102.624607,57.572491,0.882831,-10.488789,0.0,0.0,1.0,0.0,1.823296,1.17978,1.0,-12485.006067,56943.366702,-7521.990371,100.0,1.0,-3096.92909,22986.275709,-61242.842858,69.997886,1.0,-7309.304059,2881.588317,-92768.115909,40.0,40000.0,2937.238037,2951.757568,3319.229248,3325.511719,3467.041992,3205.153809,3106.685303,40000.0,40000.0,27961.830078,40000.0,40000.0,40000.0,40000.0,11752.136719,11069.816406,40000.0,40000.0,8618.098633,7681.709961,7107.582031,40000.0,40000.0,5000.0,-29482.588246,-24308.941894,-13956.249677,0,true,true,1.0,-0.01,0
6,587,29.35,41198.798015,53201.086255,56222.596296,44945.168428,29845.190761,3016.466358,-1779.67071,-92.215809,57.601097,0.927586,-8.476914,0.0,0.0,1.0,0.0,1.009014,1.009014,1.0,-12517.628584,57305.531809,-6863.556364,100.0,1.0,-5373.322833,23244.453438,-60753.38195,69.998639,1.0,-10971.606228,3135.389599,-92272.371146,40.0,40000.0,2785.181396,2780.95874,3162.698486,3286.284668,3459.017334,3313.598633,3253.225098,40000.0,39300.546875,27703.09375,40000.0,40000.0,40000.0,40000.0,11424.328125,12886.494141,40000.0,40000.0,8199.868164,7388.858398,6893.312988,40000.0,40000.0,5000.0,-30540.340155,-23726.930505,-12975.179583,0,true,true,1.0,-0.01,0
6,588,29.4,41097.058829,-56498.145084,56280.447581,-63425.616009,29848.108786,3052.175417,-1735.538467,-87.540746,57.615963,0.902997,-7.363595,0.0,0.0,1.0,0.0,0.944561,1.095691,1.0,-12436.280167,57509.395125,-6520.019874,100.0,1.0,-6534.013375,23398.390079,-60477.171059,69.998892,1.0,-12895.429825,3309.519651,-91964.461431,40.0,40000.0,2705.717285,2695.026611,3084.717041,3265.686523,3455.689453,3365.332031,3321.029541,40000.0,39482.707031,27566.417969,40000.0,40000.0,40000.0,40000.0,11261.277344,14097.780273,40000.0,40000.0,7993.466309,7144.583984,6790.433594,40000.0,40000.0,5000.0,-31108.223042,-23376.324568,-12436.315902,0,true,true,1.0,-0.01,0
6,589,29.45,40994.087524,53304.057561,56336.691765,44888.924244,29850.869635,3089.138995,-1687.32543,-82.825454,57.630161,0.831599,-6.158856,0.0,0.0,1.0,0.0,1.082007,1.370542,1.0,-7706.485621,23577.382673,-60173.591474,69.999111,1.0,-14894.095015,3524.898741,-91613.178279,40.0,1.0,-44268.302093,89920.024196,45478.680486,40.0,40000.0,2623.785156,2609.064209,3007.63623,3244.68457,3453.520752,3415.47876,3389.262451,40000.0,39688.515625,27423.544922,40000.0,40000.0,40000.0,13135.008789,11097.663086,14645.589844,40000.0,40000.0,7788.524902,6823.114746,6691.090332,40000.0,40000.0,5000.0,-31709.933456,-22970.807605,-11858.630532,0,true,true,1.0,-0.01,0
6,590,29.5,40784.744656,-56288.802217,56444.390566,-63533.31481,29855.991285,3155.299171,-1593.191812,-75.148781,57.651978,0.589061,-3.520077,0.0,0.0,1.0,0.0,1.062571,1.062571,1.0,-10086.106569,24013.824943,-59483.519426,69.999409,1.0,-19070.175041,4101.57915,-90750.574055,40.0,1.0,-40880.702761,91296.215901,47341.198199,40.0,40000.0,2456.709717,2436.585449,2854.534668,3202.677734,3453.320557,3513.030518,3528.613037,40000.0,40000.0,28446.775391,40000.0,40000.0,40000.0,12514.769531,10778.926758,40000.0,40000.0,9176.232422,7389.996582,6553.090332,40000.0,40000.0,30990.601562,5000.0,-32973.84429,-22018.602414,-10589.346041,0,true,true,1.0,-0.01,0
6,591,29.55,40678.513326,53410.28889,56495.842492,44837.472318,29858.391893,3186.939727,-1543.557701,-72.018263,57.657879,0.439918,-2.110433,0.0,0.0,1.0,0.0,1.052407,1.014821,1.0,-11292.120356,24273.797066,-59091.694196,69.999518,1.0,-21231.351575,4463.263343,-90235.263435,40.0,1.0,-106512.267791,34757.264123,-41168.809345,39.991482,40000.0,2373.267334,2349.623047,2777.547607,3182.03125,3455.40332,3561.32959,3600.398926,40000.0,40000.0,30435.003906,40000.0,40000.0,40000.0,12220.833008,11011.320312,40000.0,40000.0,8393.788086,7199.189453,6424.581055,40000.0,40000.0,30891.275391,5000.0,-33615.304575,-21486.477148,-9900.277662,0,true,true,1.0,-0.01,0
6,592,29.6,40571.262589,-56181.551479,56545.583684,-63583.056001,29860.705075,3217.521965,-1492.235666,-69.395438,57.65929,0.26906,-0.631956,0.0,0.0,1.0,0.0,1.143668,1.143668,1.0,-12508.502035,24566.089276,-58664.93375,69.999607,1.0,-23444.824282,4882.65279,-89656.123513,40.0,1.0,-107138.687025,36561.015022,-38889.952382,39.993048,40000.0,2289.907715,2262.217041,2700.44165,3161.927734,3459.546387,3609.64624,3674.20459,40000.0,40000.0,31978.787109,40000.0,40000.0,40000.0,12332.927734,11255.03125,40000.0,40000.0,8104.757812,7014.202637,6300.779785,40000.0,40000.0,30813.134766,5000.0,-34262.440337,-20911.026144,-9170.169475,0,true,true,1.0,-0.01,0
6,593,29.65,40353.846246,53627.705233,56639.692824,44743.363178,29865.140237,3274.21668,-1386.449736,-65.829444,57.646027,-0.109449,2.469857,0.0,0.0,1.0,0.0,0.929525,0.852064,1.0,-14979.707664,25231.052006,-57728.690958,69.999735,1.0,-27957.43177,5891.472378,-88303.497289,40.0,1.0,94997.619718,40550.208113,-33154.074725,33.79793,30640.773438,2125.796631,2084.370605,2542.613525,3123.440674,3473.500488,3707.88501,3828.871338,40000.0,29407.738281,40000.0,40000.0,40000.0,40000.0,11884.642578,13101.326172,40000.0,40000.0,7564.324219,6609.94043,6069.585938,40000.0,40000.0,40000.0,5000.0,-35533.414247,-19659.49841,-7605.806751,0,true,true,1.0,-0.01,0
6,594,29.7,40243.871805,-56071.577038,56684.158175,-63627.521352,29867.304748,3299.233061,-1333.960456,-64.9353,57.630341,-0.313414,4.079535,0.0,0.0,1.0,0.0,1.003278,0.923016,1.0,-16195.041865,25617.520158,-57198.102557,69.99978,1.0,-30232.263384,6484.060149,-87526.354074,40.0,1.0,94541.402009,38965.586653,-35008.841584,34.841506,28966.5625,2045.676147,1993.357666,2460.803711,3105.318359,3483.617188,3758.57373,3910.584229,40000.0,29061.884766,40000.0,40000.0,40000.0,40000.0,11637.268555,14415.209961,40000.0,40000.0,7313.662109,6216.698242,5962.55127,40000.0,40000.0,40000.0,5000.0,-36146.359391,-18988.333476,-6776.498392,0,true,true,1.0,-0.01,0
6,595,29.75,40025.703786,53845.873251,56766.160481,44661.360872,29871.496182,3345.008566,-1225.149947,-64.699548,57.579136,-0.74094,7.381413,0.0,0.0,1.0,0.0,0.864474,0.778026,1.0,-18568.055439,26482.240922,-56037.054631,69.999846,1.0,-26612.438859,74694.81648,19678.650416,43.026601,1.0,-34751.730605,7837.592123,-85783.06762,40.0,27454.494141,1891.566772,1809.951538,2294.129395,3073.149414,3512.323975,3862.770508,4082.520996,40000.0,28897.8125,40000.0,40000.0,40000.0,13395.675781,11194.540039,40000.0,40000.0,8289.391602,6856.334961,5923.890137,40000.0,40000.0,40000.0,40000.0,5000.0,-37299.031226,-17571.531486,-5040.765135,0,true,true,1.0,-0.01,0
6,596,29.8,39915.555819,-55961.42907,56804.387735,-63665.748606,29873.61401,3368.223118,-1168.954125,-64.761236,57.543083,-0.960568,9.067385,0.0,0.0,1.0,0.0,0.863085,0.739787,1.0,-19730.132529,26960.703023,-55404.681305,69.999871,1.0,-25132.597872,75290.962834,20415.876934,47.437035,1.0,-36993.039163,8599.15896,-84813.746664,40.0,15795.171875,1816.595093,1714.441895,2205.00293,3058.283691,3530.232422,3917.592529,4174.349609,40000.0,28636.84375,40000.0,40000.0,40000.0,12992.130859,11380.443359,40000.0,40000.0,7943.211426,6646.711426,5788.981445,40000.0,40000.0,40000.0,40000.0,5000.0,-37834.253079,-16829.692314,-4136.248234,0,true,true,1.0,-0.01,0
6,597,29.85,39693.173565,54068.255505,56875.05047,44590.698136,29877.978166,3406.847492,-1049.153941,-67.334607,57.451378,-1.390322,12.45086,0.0,0.0,1.0,0.0,0.629937,0.559944,1.0,-21982.083111,27994.126164,-54048.889726,69.99991,1.0,-22080.657901,76409.404869,21801.303601,54.21775,1.0,-41373.784129,10263.628784,-82702.928708,40.0,16738.513672,1670.688354,1571.616211,2008.001953,3029.73999,3571.365967,4033.219238,4452.720703,40000.0,30291.019531,40000.0,40000.0,40000.0,12797.688477,12358.181641,40000.0,40000.0,7324.822266,6185.82373,5542.089355,40000.0,40000.0,29835.40625,40000.0,5000.0,-38798.261304,-15313.114224,-2282.316612,0,true,true,1.0,-0.01,0
6,598,29.9,39579.103718,-55847.359223,56907.813584,-63698.51172,29880.313742,3422.095247,-982.893347,-70.067262,57.396431,-1.603136,14.131329,0.0,0.0,1.0,0.0,0.489951,0.419958,1.0,-23064.247941,28547.712373,-53329.044144,70.0,1.0,-20532.404875,76929.134577,22444.008878,56.915323,1.0,-43495.636756,11161.333725,-81572.875894,40.0,17372.175781,1598.43689,1515.862671,1893.686523,3014.40625,3592.614502,4094.595459,4672.419922,40000.0,32630.650391,40000.0,40000.0,40000.0,12484.583008,13388.619141,40000.0,40000.0,7048.012207,5795.38623,5428.222656,40000.0,40000.0,29758.652344,40000.0,5000.0,-39225.372433,-14543.85989,-1344.743557,0,true,true,1.0,-0.01,0
6,599,29.95,39354.715068,54292.644155,56965.350801,44533.160918,29885.083918,3457.942955,-852.196493,-73.992901,57.268822,-2.023802,17.471069,0.0,0.0,1.0,0.0,0.629937,0.559944,1.0,-25105.641855,29711.69786,-51830.6868,70.0,1.0,-17365.510011,77880.210494,23615.599292,60.906559,1.0,27601.39351,43601.323592,-26776.637988,42.381844,14140.996094,1458.695801,1405.408936,1642.716797,2985.83252,3642.285645,4221.648438,5243.553711,30639.201172,40000.0,40000.0,40000.0,40000.0,11944.983398,15209.857422,40000.0,8227.100586,6557.907715,5489.67627,7195.051758,40000.0,40000.0,40000.0,30781.964844,5000.0,-39961.954426,-12989.638481,543.25956,0,true,true,1.0,-0.01,0
6,600,30.0,39239.197138,-55731.841293,56991.322692,-63724.48361,29887.710502,3465.537719,-779.156667,-78.797521,57.194221,-2.242941,19.1677,0.0,0.0,1.0,0.0,0.831227,0.831227,1.0,-26088.122577,30339.756397,-51033.059868,70.0,1.0,-15716.818794,78324.274924,24157.604343,62.489808,1.0,27400.260089,43203.133209,-27210.701308,52.413683,13869.006836,1387.891724,1347.79541,1494.111206,2970.601318,3669.746826,4289.964844,40000.0,30266.728516,40000.0,40000.0,40000.0,14392.803711,11708.910156,16699.621094,40000.0,7840.453125,6333.725098,5347.978027,40000.0,40000.0,40000.0,40000.0,29092.039062,5000.0,-40282.136733,-12183.779811,1511.759919,0,true,true,1.0,-0.01,0
6,601,30.05,39011.462553,54520.37874,57035.314746,44489.168864,29893.202167,3490.542357,-638.434124,-85.435244,57.019245,-2.702358,22.656803,0.0,0.0,1.0,0.0,0.950405,0.910805,1.0,-27949.449565,31687.33647,-49347.627372,70.0,1.0,26994.645252,42386.622854,-28095.964374,66.991674,1.0,-12206.982319,79137.809276,25138.450569,64.790543,13370.570312,1248.583008,1232.268799,1304.104858,2757.045654,3742.157959,4436.15625,40000.0,30022.072266,40000.0,40000.0,40000.0,13471.852539,12136.584961,40000.0,40000.0,7154.525879,5616.435547,5092.321777,40000.0,40000.0,40000.0,40000.0,26466.654297,5000.0,-40813.095893,-10500.5408,3513.265139,0,true,true,1.0,-0.01,0
6,602,30.1,38903.45078,-55623.82952,57052.947767,-63742.116631,29895.934184,3501.680306,-571.652518,-88.570459,56.917843,-2.942106,24.450701,0.0,0.0,1.0,0.0,0.995745,0.958866,1.0,26803.202144,41963.461295,-28554.312689,72.082498,1.0,-28810.136943,32402.461226,-48467.215556,70.0,1.0,-55097.377833,17635.490667,-73610.250306,40.0,13569.424805,1181.535889,1176.692871,1256.12854,2610.494629,3793.064453,4514.462402,40000.0,29724.015625,40000.0,40000.0,40000.0,13620.265625,12838.474609,40000.0,40000.0,6854.200684,5443.513184,4980.705566,40000.0,40000.0,40000.0,40000.0,15067.785156,5000.0,-41015.504232,-9624.754734,4543.744202,0,true,true,1.0,-0.01,0
6,603,30.15,38673.180663,54750.648856,57083.166642,44458.949989,29902.365809,3504.700311,-422.312808,-100.037114,56.682941,-3.442873,28.16118,0.0,0.0,1.0,0.0,1.019406,0.946591,1.0,26347.962045,41113.448447,-29462.047837,80.513317,1.0,-30466.305206,33957.348598,-46571.990205,70.0,1.0,-58611.499574,20327.006043,-70391.500683,40.0,15107.023438,40000.0,1054.622437,1146.677368,1893.27832,3908.977783,4691.230957,40000.0,31351.951172,40000.0,40000.0,40000.0,12889.267578,14995.305664,40000.0,8209.113281,6303.473633,5117.421875,40000.0,40000.0,40000.0,28859.783203,40000.0,14285.932617,5000.0,-41303.753117,-7788.830183,6684.531947,0,true,true,1.0,-0.01,0
6,604,30.2,38556.422278,-55507.071134,57094.521038,-63753.471027,29905.927246,3502.751391,-340.631852,-106.843103,56.548893,-3.697268,30.071793,0.0,0.0,1.0,0.0,1.064342,0.946081,1.0,26095.978279,40684.866475,-29919.156057,83.932509,1.0,-31239.243549,34786.41695,-45568.598224,70.0,1.0,-60296.656139,21773.137872,-68672.370674,40.0,15102.649414,40000.0,990.357483,1087.520386,1300.423828,3980.707031,4789.482422,40000.0,33793.789062,40000.0,40000.0,40000.0,12569.388672,15693.845703,40000.0,7752.923828,6056.700195,4969.563477,40000.0,40000.0,40000.0,28784.052734,40000.0,13928.513672,5000.0,-41377.888132,-6837.729667,7788.815574,0,true,true,1.0,-0.01,0
6,605,30.25,38323.996078,54983.075056,57109.032453,44444.438574,29913.65762,3499.364001,-178.99742,-119.550151,56.247616,-4.182123,33.990894,0.0,0.0,1.0,0.0,1.151659,0.806161,1.0,25530.329724,39832.567797,-30845.824986,88.951125,1.0,-32672.984616,36523.027349,-43458.444588,70.0,1.0,-63497.96018,24828.633563,-65015.560625,40.0,40000.0,40000.0,1044.304932,961.046143,1185.656128,4165.307617,5008.933105,31429.878906,40000.0,40000.0,40000.0,14803.456055,12558.75293,40000.0,40000.0,6964.113281,5294.456055,4705.723633,40000.0,40000.0,40000.0,40000.0,28638.919922,13280.318359,5000.0,-41364.827985,-4898.662841,10060.742372,0,true,true,1.0,-0.01,0
6,606,30.3,38207.585363,-55390.660419,57112.167851,-63756.606424,29917.889681,3492.321262,-94.061925,-126.961805,56.076118,-4.411536,36.046391,0.0,0.0,1.0,0.0,1.623751,1.190751,1.0,25208.64222,39399.392725,-31329.373812,90.888009,1.0,-33340.874667,37445.613547,-42327.945904,70.0,1.0,-65036.013901,26467.043584,-63032.494408,40.0,40000.0,7122.243652,1216.003296,892.781677,1119.267578,4290.47998,5135.083496,31012.943359,40000.0,40000.0,40000.0,14253.054688,12907.279297,40000.0,40000.0,6616.95459,5103.976562,4990.082031,40000.0,40000.0,40000.0,40000.0,26004.601562,12982.433594,5000.0,-41267.692218,-3893.907041,11253.870502,0,true,true,1.0,-0.01,0
6,607,30.35,37982.234729,55208.42569,57110.506594,44446.09983,29926.735909,3476.051664,66.026835,-140.497564,55.687893,-4.841747,40.373837,0.0,0.0,1.0,0.0,1.727205,1.212719,1.0,24506.47731,38506.481773,-32352.337938,93.597847,1.0,-34534.548964,39396.895718,-39919.608566,70.0,1.0,-67921.930878,29975.74383,-58741.289324,40.0,40000.0,6126.465332,1429.083374,895.850464,976.569031,4646.617188,5432.437988,30579.947266,40000.0,40000.0,40000.0,13809.712891,15049.882812,40000.0,8043.229492,6009.177734,4767.102051,40000.0,40000.0,40000.0,40000.0,40000.0,14187.407227,12444.84668,5000.0,-40857.308286,-1813.314611,13754.592689,0,true,true,1.0,-0.01,0
6,608,30.4,37869.942939,-55278.368629,57105.702955,-63751.802785,29931.52914,3463.017058,148.141593,-147.820619,55.472492,-5.027411,42.63308,0.0,0.0,1.0,0.0,1.631789,0.957789,1.0,24099.684795,38061.816728,-32879.776076,94.635828,1.0,-35067.202798,40419.515683,-38635.853245,70.0,1.0,-69263.450935,31830.479506,-56427.577999,40.0,40000.0,5953.215332,1498.823853,979.09375,893.902649,1485.40686,5594.311035,30819.828125,40000.0,40000.0,40000.0,13371.305664,16124.817383,40000.0,7516.664551,5393.04834,4618.147949,40000.0,40000.0,40000.0,28139.816406,40000.0,13736.516602,12203.973633,5000.0,-40536.109588,-753.119446,15056.432387,0,true,true,1.0,-0.01,0
6,609,30.45,37641.428961,55436.939668,57087.090977,44464.711808,29942.221267,3422.207078,322.704759,-164.52725,55.01123,-5.321763,47.255123,0.0,0.0,1.0,0.0,1.165658,0.582829,1.0,23148.79761,37215.692207,-33918.240192,96.298953,1.0,-35992.686476,42525.103798,-35939.871531,70.0,1.0,-71682.11369,35671.19381,-51530.032842,40.0,40000.0,5643.28418,1602.432739,1121.901489,910.846008,1290.15979,40000.0,40000.0,40000.0,40000.0,15828.613281,13155.952148,40000.0,40000.0,6636.801758,4950.435547,5505.579102,40000.0,40000.0,40000.0,40000.0,40000.0,12933.765625,14777.738281,5000.0,-39662.473087,1355.246106,17705.922982,0,true,true,1.0,-0.01,0
6,610,30.5,37528.172954,-55165.112622,57073.333994,-63738.045803,29947.982842,3397.680039,412.709442,-172.847245,54.771149,-5.430044,49.581947,0.0,0.0,1.0,0.0,1.0884,0.570114,1.0,22618.4294,36820.134576,-34419.118143,96.935402,1.0,-36367.621516,43589.156074,-34553.862166,70.0,1.0,-72723.72314,37624.052659,-48991.950734,40.0,40000.0,5506.665039,1639.405273,1181.789795,975.903931,1136.841675,32190.460938,40000.0,40000.0,40000.0,15132.700195,13542.313477,40000.0,40000.0,6274.243164,4762.282715,8012.597168,40000.0,40000.0,40000.0,40000.0,27519.507812,12583.365234,40000.0,5000.0,-39114.141371,2384.600395,19025.91415,0,true,true,1.0,-0.01,0
6,611,30.55,37318.834149,55646.278472,57039.931699,44498.114104,29959.318784,3355.507497,578.953025,-185.324532,54.289146,-5.582772,54.159771,0.0,0.0,1.0,0.0,0.279972,0.209979,1.0,21526.334306,36081.271394,-35374.381608,97.814227,1.0,-36883.279724,45677.853854,-31806.107806,70.0,1.0,-74373.728884,41491.750851,-43907.619394,40.0,40000.0,5271.541992,1687.96936,1274.267212,1085.003052,1004.266785,31591.597656,40000.0,40000.0,40000.0,14546.414062,15705.177734,40000.0,7710.806152,5318.495117,4546.62793,40000.0,40000.0,40000.0,40000.0,40000.0,13768.828125,11992.670898,40000.0,5000.0,-37823.40127,4346.019314,21572.1508,0,true,true,1.0,-0.01,0
6,612,30.6,37208.468755,-55054.747227,57017.69174,-63715.805843,29965.83911,3310.96167,667.198747,-195.609774,54.055225,-5.639174,56.353081,0.0,0.0,1.0,0.0,0.069993,0.0,1.0,20939.964153,35770.554996,-35776.44468,98.183375,1.0,-37058.782036,46705.71486,-30451.013247,70.0,1.0,-75012.251752,43390.149494,-41407.981305,40.0,40000.0,5170.302246,3642.779785,1321.305908,1140.421387,1067.074585,31204.267578,40000.0,40000.0,40000.0,14094.556641,16699.814453,40000.0,7216.89502,5089.067871,5181.770996,40000.0,40000.0,40000.0,27529.599609,40000.0,13305.380859,11736.542969,40000.0,5000.0,-37121.694435,5266.044983,22768.946662,0,true,true,1.0,-0.01,0
6,613,30.65,36991.795646,55862.951581,56964.435015,44551.370829,29979.620174,3235.703243,844.318695,-210.872954,53.722698,-5.704867,59.512627,0.0,0.0,1.0,0.0,0.0,0.0,1.0,19887.521775,35461.175182,-36174.345715,98.739178,1.0,-37378.11768,48311.621332,-28334.53585,70.0,1.0,-75889.648335,46260.037849,-37631.870969,40.0,5951.411621,5023.391113,3600.918213,1422.410278,1250.7146,1188.276855,32183.386719,40000.0,40000.0,40000.0,13684.796875,18751.554688,40000.0,6581.803223,4774.592773,7543.087891,40000.0,40000.0,40000.0,27429.347656,40000.0,12644.188477,11349.384766,40000.0,5000.0,-36053.519442,6585.109718,24488.829283,0,true,true,1.0,-0.01,0
6,614,30.7,36885.303422,-54948.255003,56933.343854,-63684.714683,29986.898783,3194.766559,932.734778,-218.358235,53.606552,-5.723755,60.630016,0.0,0.0,1.0,0.0,0.0,0.0,1.0,19412.198787,35416.217422,-36230.275294,98.953239,1.0,-37532.296565,48929.823679,-27516.23734,70.0,1.0,-76230.762874,47335.972031,-36216.020375,40.0,5700.42627,4965.131348,3610.639893,1474.029297,1304.359375,1245.81665,34012.304688,40000.0,40000.0,40000.0,13862.946289,40000.0,40000.0,6370.745117,4663.790039,8255.34082,40000.0,40000.0,40000.0,40000.0,40000.0,12395.19043,11280.476562,40000.0,5000.0,-35670.912657,7055.181238,25103.282466,0,true,true,1.0,-0.01,0
6,615,30.75,36686.285268,56061.969735,56866.493984,44618.220698,30001.29863,3123.881373,1095.626052,-230.061417,53.43816,-5.747327,62.263306,0.0,0.0,1.0,0.0,0.0,0.0,1.0,18564.43684,35439.03203,-36195.77923,99.258584,1.0,-37857.182712,49909.552434,-26217.049038,70.0,1.0,-76813.319102,48991.687457,-34036.691296,40.0,5449.263672,4864.613281,3652.354004,1568.579468,1401.185547,1348.650269,1391.332642,40000.0,40000.0,16724.703125,14185.727539,40000.0,8992.175781,5655.913086,4810.188477,40000.0,40000.0,40000.0,40000.0,40000.0,28669.214844,11996.953125,12344.498047,40000.0,5000.0,-35121.427547,7751.876945,26015.546176,0,true,true,1.0,-0.01,0
6,616,30.8,36585.656692,-54847.626427,56828.110316,-63646.331015,30009.079135,3077.223193,1173.773083,-237.92796,53.377831,-5.754663,62.852547,0.0,0.0,1.0,0.0,0.0,0.0,1.0,18155.778062,35501.078407,-36111.993227,99.37981,1.0,-38055.328044,50311.058071,-25682.584672,70.0,1.0,41314.826034,-4180.934985,-85588.283195,39.986938,5459.818359,4816.45166,3684.478516,1913.519409,1448.393799,1397.947266,1446.163818,40000.0,40000.0,16620.910156,14327.96582,40000.0,8752.422852,5550.804199,5080.578125,40000.0,40000.0,40000.0,40000.0,40000.0,27409.25,11824.15918,12754.166992,40000.0,5000.0,-34940.208151,8012.691206,26357.811856,0,true,true,1.0,-0.01,0
6,617,30.85,36388.357863,56259.268564,56743.724405,44702.606609,30025.269026,2997.33597,1328.643885,-250.249034,53.290989,-5.764186,63.705067,0.0,0.0,1.0,0.0,0.0,0.0,1.0,17369.577388,35682.287283,-35869.501303,99.566082,1.0,-38507.288222,50973.49423,-24797.671745,70.0,1.0,39609.5204,-4214.496415,-85621.82188,39.990861,5505.351562,4721.087402,3757.320312,2560.677734,1536.329712,1488.742798,1546.255737,40000.0,40000.0,16550.300781,14896.068359,40000.0,8409.389648,5394.194336,5600.470215,40000.0,40000.0,40000.0,40000.0,40000.0,26705.884766,11515.724609,13344.193359,40000.0,5000.0,-34717.965424,8408.7025,26878.481784,0,true,true,1.0,-0.01,0
6,618,30.9,36292.591254,-54751.859819,56698.332723,-63600.939332,30033.57065,2957.201447,1401.661295,-256.347966,53.259869,-5.767298,64.011772,0.0,0.0,1.0,0.0,0.0,0.0,1.0,16988.886335,35789.614756,-35726.354401,99.636342,1.0,-38755.108817,51250.021871,-24426.90739,70.0,1.0,38899.90438,-4183.649535,-85576.762314,39.992341,5551.42041,4672.995605,3794.921875,2870.485107,1576.534302,1529.920288,1591.284058,40000.0,40000.0,16562.451172,15134.875977,40000.0,8286.458008,5336.13623,5849.388672,40000.0,40000.0,40000.0,40000.0,40000.0,26219.589844,11375.067383,13543.769531,40000.0,5000.0,-34659.641007,8560.339795,27078.225702,0,true,true,1.0,-0.01,0
6,619,30.95,36106.404329,56445.45549,56601.60113,44799.338202,30050.558309,2881.464898,1541.175345,-267.421591,53.209316,-5.695069,64.514313,0.0,0.0,1.0,0.0,-0.139986,-0.559944,1.0,16189.100131,36018.037341,-35454.647212,99.743694,1.0,-39350.880501,51702.75047,-23729.740022,70.0,1.0,37544.744367,-4044.689296,-85469.663353,39.994602,5646.954102,4572.681152,3864.80249,3189.938232,1881.145386,1604.101562,1672.39624,1880.645386,40000.0,16629.511719,15567.157227,40000.0,8091.918457,5243.683594,6338.017578,40000.0,40000.0,40000.0,40000.0,40000.0,25032.296875,11104.84082,40000.0,40000.0,5000.0,-34580.775662,8781.537058,27447.11656,0,true,true,1.0,-0.01,0
6,620,31.0,36011.760498,-54657.215988,56547.986687,-63547.32489,30059.679842,2839.314772,1608.433198,-273.645963,53.187378,-5.644723,64.735497,0.0,0.0,1.0,0.0,0.0,-0.069993,1.0,15761.415105,36141.40175,-35311.273137,99.786457,1.0,-39685.317203,51908.352524,-23390.858754,70.0,1.0,36872.718572,-3955.324011,-85402.718465,39.995503,5694.336914,4517.962891,3898.007568,3222.37915,2055.303711,1638.821045,1710.379272,1925.680542,40000.0,16681.519531,15774.864258,40000.0,8011.493164,5205.783691,7325.156738,40000.0,40000.0,40000.0,40000.0,40000.0,24485.384766,10967.983398,40000.0,40000.0,5000.0,-34556.950542,8874.042389,27621.875575,0,true,true,1.0,-0.01,0
6,621,31.05,35828.472608,56628.74338,56435.553709,44911.77118,30078.163371,2767.612931,1741.029778,-282.86846,53.132923,-5.41183,65.29763,0.0,0.0,1.0,0.0,1.173322,-0.083809,1.0,14773.800205,36382.466653,-35085.467129,99.851252,1.0,-40456.121323,52280.606257,-22606.795486,70.0,1.0,35266.037467,-3768.648643,-85389.975857,39.996867,5718.775391,4400.290527,3944.42749,3273.603516,2377.796143,1713.644897,1779.050171,2009.283813,40000.0,16744.505859,16230.648438,40000.0,7839.394043,5130.180664,7872.121582,40000.0,40000.0,40000.0,40000.0,40000.0,12560.361328,10684.663086,40000.0,40000.0,5000.0,-34428.426571,9034.184793,28071.100445,0,true,true,1.0,-0.01,0
6,622,31.1,35737.51772,-54566.2611,56375.453442,-63487.224623,30087.752916,2728.646489,1803.00791,-287.686342,53.0951,-5.202491,65.704117,0.0,0.0,1.0,0.0,1.885439,0.106723,1.0,14175.336971,36498.928126,-35011.671972,99.87614,1.0,-40908.530895,52463.244541,-22105.249296,70.0,1.0,34219.471195,-3679.095507,-85474.990789,39.997391,5680.050781,4335.099121,3954.759277,3291.410645,2525.406494,1844.36084,1811.295898,2050.416748,40000.0,16822.259766,16511.595703,40000.0,7732.548828,5245.956055,8186.828125,40000.0,40000.0,40000.0,40000.0,40000.0,12346.951172,10530.34375,40000.0,40000.0,5000.0,-34287.958065,9113.492845,28387.410586,0,true,true,1.0,-0.01,0
6,623,31.15,35561.19197,56805.06913,56250.65007,45036.574553,30107.019436,2659.321166,1924.537151,-293.686382,52.9939,-4.620142,66.872696,0.0,0.0,1.0,0.0,1.971567,0.466007,1.0,12798.78853,36699.868319,-34950.168977,99.913581,1.0,-41867.189504,52876.124469,-20827.836291,70.0,1.0,31545.555863,-3558.600004,-85846.159867,39.99818,5482.732422,4195.04541,3943.479248,3308.117432,2774.9021,2052.891357,1872.393433,2133.726562,40000.0,17040.671875,17242.419922,40000.0,6929.774414,5665.690918,8932.741211,40000.0,40000.0,40000.0,40000.0,40000.0,11871.512695,10198.80957,40000.0,40000.0,5000.0,-33792.4128,9317.689356,29238.925148,0,true,true,1.0,-0.01,0
6,624,31.2,35473.874454,-54478.943584,56184.480738,-63421.055291,30116.894794,2619.525346,1985.079852,-296.260731,52.935677,-4.264818,67.610779,0.0,0.0,1.0,0.0,1.756684,0.448515,1.0,12031.188778,36788.979593,-34943.09816,99.928739,1.0,-42360.185168,53110.334175,-20064.239419,70.0,1.0,29952.043849,-3521.489313,-86094.798972,39.998499,5343.075684,4120.098633,3925.202637,3308.922607,2881.699707,2148.660645,1901.909912,2176.604248,40000.0,17057.779297,17698.863281,40000.0,6790.660645,5901.910156,9378.337891,40000.0,40000.0,40000.0,26169.867188,40000.0,11614.990234,10023.513672,40000.0,40000.0,5000.0,-33448.971606,9442.95453,29754.383655,0,true,true,1.0,-0.01,0
6,625,31.25,35303.135601,56975.807983,56046.062345,45174.992946,30136.735586,2541.779345,2105.72567,-297.731205,52.826603,-3.517224,69.181641,0.0,0.0,1.0,0.0,0.279972,0.069993,1.0,10449.328997,36957.391044,-34918.166323,99.951741,1.0,-43322.925082,53595.060485,-18447.608761,70.0,1.0,26597.771288,-3459.271306,-86573.840377,39.998984,5053.562012,3966.304688,3877.862305,3302.309814,3045.909912,2327.230957,1969.891602,2260.040527,40000.0,16831.707031,18659.367188,40000.0,6525.992188,6410.155762,40000.0,40000.0,40000.0,40000.0,26001.234375,40000.0,11108.494141,9676.755859,40000.0,40000.0,5000.0,-32683.787101,9705.727678,30825.674145,0,true,true,1.0,-0.01,0
6,626,31.3,35219.71383,-54395.521813,55973.946641,-63348.939587,30146.637215,2502.653007,2163.471004,-297.048839,52.789627,-3.223289,69.797752,0.0,0.0,1.0,0.0,0.0,0.0,1.0,9742.924558,37047.138941,-34857.697507,99.960206,1.0,-43767.540761,53806.572877,-17769.393699,70.0,1.0,25191.23826,-3408.156946,-86696.930567,39.999162,4952.961426,3890.275146,3861.180176,3300.918945,3065.01709,2417.708496,2066.895508,2294.594238,40000.0,16782.179688,18847.208984,40000.0,6438.481934,6656.04541,40000.0,40000.0,40000.0,40000.0,25932.253906,40000.0,10888.648438,9519.464844,40000.0,40000.0,5000.0,-32395.865148,9812.920605,31249.369135,0,true,true,1.0,-0.01,0
6,627,31.35,35065.744866,57129.776947,55833.280632,45315.658955,30165.051776,2437.826669,2267.934806,-292.622775,52.726681,-2.63985,71.000443,0.0,0.0,1.0,0.0,0.279972,0.0,1.0,8378.350677,37213.10081,-34732.327974,99.971706,1.0,-44604.125903,54203.588365,-16441.210502,70.0,1.0,22452.714404,-3311.111582,-86907.877243,39.999404,4756.499512,3743.823242,3752.162354,3292.423096,3075.366699,2579.714844,2221.851074,2356.341797,40000.0,16690.59375,19520.332031,40000.0,6286.564941,7145.28125,40000.0,40000.0,40000.0,40000.0,25816.892578,40000.0,10480.883789,9227.400391,40000.0,40000.0,5000.0,-31811.89049,10012.85365,32066.100573,0,true,true,1.0,-0.01,0
6,628,31.4,34985.921695,-54315.698642,55756.1262,-63271.785155,30174.764674,2394.695001,2314.632827,-291.386914,52.69952,-2.339696,71.609291,0.0,0.0,1.0,0.0,0.489951,0.069993,1.0,7663.559308,37300.57168,-34650.939643,99.976464,1.0,-45039.525273,54403.668436,-15753.715041,70.0,1.0,21038.938703,-3255.35691,-86985.472488,39.999504,4658.758789,3664.949707,3683.372559,3286.096924,3078.589355,2662.960693,2302.037598,2385.564941,40000.0,16657.347656,20006.511719,10965.020508,6220.676758,8008.537109,40000.0,40000.0,40000.0,40000.0,25763.908203,40000.0,10274.422852,9200.378906,40000.0,40000.0,5000.0,-31513.105788,10111.439957,32477.666542,0,true,true,1.0,-0.01,0
6,629,31.45,34831.10527,57284.593372,55597.864126,45473.921029,30193.707963,2320.108001,2415.050923,-284.071932,52.654114,-1.730923,72.846825,0.0,0.0,1.0,0.0,0.279972,0.139986,1.0,6226.936122,37470.036414,-34471.671744,99.983696,1.0,-45886.755312,54802.099556,-14353.928707,70.0,1.0,18174.997925,-3145.956985,-87104.098491,39.999657,4460.493652,3504.960938,3542.711426,3267.856201,3079.956055,2820.259277,2456.030029,2439.074707,40000.0,16597.115234,21049.501953,10482.032227,6128.340332,8583.333008,40000.0,40000.0,40000.0,40000.0,40000.0,40000.0,9872.885742,9886.248047,40000.0,40000.0,5000.0,-30887.819316,10307.642986,33300.046577,0,true,true,1.0,-0.01,0
6,630,31.5,34758.460962,-54243.054334,55519.612055,-63193.533084,30202.57659,2286.69871,2463.219966,-279.166797,52.635902,-1.455287,73.470169,0.0,0.0,1.0,0.0,0.139986,0.419958,1.0,5548.324174,37547.189058,-34376.301422,99.986286,1.0,-46258.002045,55016.707785,-13666.127184,70.0,1.0,16774.249888,-3101.763919,-87142.09204,39.999711,4361.546875,3426.66626,3473.527588,3256.348145,3078.375488,2891.676025,2527.431885,2463.38501,3290.703857,16567.15625,40000.0,10264.766602,6312.790527,8878.46875,40000.0,40000.0,40000.0,40000.0,40000.0,40000.0,9682.647461,10282.90918,40000.0,40000.0,5000.0,-30567.85956,10416.920376,33696.222112,0,true,true,1.0,-0.01,0
6,631,31.55,34611.526194,57431.52814,55352.811136,45640.721948,30220.557128,2209.019568,2551.466678,-269.897105,52.609886,-1.087829,74.567444,0.0,0.0,1.0,0.0,-0.419958,0.0,1.0,4334.638477,37702.465918,-34135.950339,99.990436,1.0,-46904.316054,55493.888626,-12459.665145,70.0,1.0,14284.823197,-3017.132362,-87102.87951,39.999799,4187.719238,3262.456299,3323.845947,3232.007568,3071.493408,3040.598145,2674.428711,2541.591797,3395.883545,16566.076172,40000.0,9942.979492,6687.180664,9477.756836,40000.0,40000.0,40000.0,40000.0,40000.0,25593.433594,9318.291992,11094.144531,40000.0,40000.0,5000.0,-30050.016819,10662.865089,34359.042733,0,true,true,1.0,-0.01,0
6,632,31.6,34479.645258,-54111.173398,55193.130695,-63033.852643,30236.467112,2146.661168,2639.844455,-257.725493,52.595917,-0.833321,75.348412,0.0,0.0,1.0,0.0,0.0,0.0,1.0,3299.302191,37852.045209,-33884.138085,99.993131,1.0,-47513.639319,55871.820453,-11535.466671,70.0,1.0,12338.777707,-2913.448014,-86978.863723,39.999855,4057.501709,3107.205322,3177.062012,3208.221436,3060.20752,3129.082764,2809.423584,2679.796631,3451.236084,16665.609375,40000.0,9774.398438,7022.308594,10006.00293,40000.0,40000.0,40000.0,40000.0,40000.0,24617.208984,11903.844727,11791.779297,40000.0,40000.0,5000.0,-29719.671288,10847.352643,34839.079247,0,true,true,1.0,-0.01,0
6,633,31.65,34410.629947,57500.543451,55105.415151,45728.437491,30244.811787,2102.932795,2672.738686,-254.26662,52.591808,-0.741077,75.631302,0.0,0.0,1.0,0.0,0.0,0.0,1.0,2789.556484,37933.573743,-33739.874873,99.994258,1.0,-47857.764148,56041.520147,-11141.087409,70.0,1.0,11498.64424,-2847.390519,-86877.923296,39.999879,4003.137451,3022.353027,3094.433838,3195.44043,3052.106934,3124.859131,2882.02832,2752.745361,3464.242188,16779.433594,40000.0,9744.426758,7191.199707,10263.370117,40000.0,40000.0,40000.0,40000.0,40000.0,24004.544922,12740.261719,40000.0,40000.0,40000.0,5000.0,-29632.111391,10920.259078,35024.270326,0,true,true,1.0,-0.01,0
6,634,31.7,34284.025554,-53984.569005,54937.065985,-62865.503477,30259.893833,2042.150202,2756.045372,-241.534193,52.586678,-0.605144,76.048065,0.0,0.0,1.0,0.0,0.0,0.0,1.0,1865.83136,38085.102282,-33466.553255,99.99589,1.0,-48527.632032,56307.814,-10519.784483,70.0,1.0,10087.743792,-2717.534811,-86665.542043,39.999913,3906.919922,2859.885986,2933.746826,3168.828125,3032.661377,3110.98584,3016.926025,2887.286377,3469.469482,16984.748047,40000.0,9742.109375,7499.531738,40000.0,40000.0,40000.0,40000.0,40000.0,40000.0,22512.886719,8588.868164,40000.0,40000.0,40000.0,5000.0,-29544.806129,11034.780013,35310.380607,0,true,true,1.0,-0.01,0
6,635,31.75,34221.969841,57562.599164,54850.829401,45814.674075,30267.228229,2006.476615,2788.328143,-237.146473,52.585068,-0.555188,76.201187,0.0,0.0,1.0,0.0,0.0,0.0,1.0,1418.062041,38159.562591,-33329.852344,99.996525,1.0,-48875.687248,56421.781888,-10258.880409,70.0,1.0,9460.846616,-2650.703127,-86550.367882,40.0,32563.777344,2776.700684,2850.43335,3136.29248,3020.786377,3101.006348,3083.947266,2953.535889,3462.469482,17083.263672,40000.0,9766.419922,7649.245605,40000.0,40000.0,40000.0,40000.0,40000.0,40000.0,21875.640625,8457.882812,40000.0,40000.0,40000.0,5000.0,-29539.374652,11081.332057,35423.998515,0,true,true,1.0,-0.01,0
6,636,31.8,34100.731423,-53863.330587,54674.994304,-62689.668379,30281.429797,1943.962621,2859.174398,-226.261981,52.582962,-0.481608,76.426704,0.0,0.0,1.0,0.0,0.0,0.0,1.0,542.226826,38303.980942,-33061.531307,99.997518,1.0,-49592.609621,56620.235586,-9813.198263,70.0,1.0,8321.080747,-2517.191473,-86312.904626,40.0,32520.273438,2610.829346,2679.093262,2962.883057,2992.914307,3075.612061,3216.253906,3083.565918,3432.042969,17272.970703,40000.0,9853.066406,7940.709961,40000.0,40000.0,40000.0,40000.0,40000.0,40000.0,21579.0,8203.032227,40000.0,40000.0,40000.0,5000.0,-29585.038065,11158.362026,35607.513183,0,true,true,1.0,-0.01,0
6,637,31.85,33979.337592,57683.992995,54488.729722,46000.938658,30295.526341,1877.609705,2921.339719,-217.063611,52.580364,-0.434648,76.732628,0.0,0.0,1.0,0.0,0.922356,0.807062,1.0,-352.123062,38446.104382,-32794.106198,99.99825,1.0,-50283.828304,56876.697492,-9328.376291,70.0,1.0,7068.423157,-2394.917752,-86081.382829,40.0,32505.880859,2551.832764,2497.633301,2766.664551,2958.119873,3044.18042,3347.670898,3214.196533,3395.992188,17473.207031,40000.0,9929.145508,8252.645508,40000.0,40000.0,40000.0,40000.0,40000.0,40000.0,9551.288086,8044.258789,40000.0,40000.0,40000.0,5000.0,-29596.196091,11270.809311,35814.694201,0,true,true,1.0,-0.01,0
6,638,31.9,33921.061097,-53805.054092,54395.589866,-62596.528524,30302.208262,1848.146548,2953.782696,-211.906516,52.578068,-0.416723,77.002823,0.0,0.0,1.0,0.0,1.007328,0.805863,1.0,-796.181212,38515.178861,-32664.611543,99.998526,1.0,-50564.815702,57068.685407,-9012.553017,70.0,1.0,6307.701923,-2345.117568,-85980.260897,40.0,32484.236328,2511.976318,2407.856445,2671.04248,2938.860107,3028.164551,3359.152344,3276.979492,3383.964844,17581.056641,40000.0,9928.774414,8422.328125,40000.0,40000.0,40000.0,40000.0,25478.986328,40000.0,9365.852539,7955.780762,40000.0,40000.0,40000.0,5000.0,-29529.336476,11365.29196,35962.831235,0,true,true,1.0,-0.01,0
6,639,31.95,33810.198237,57794.855855,54211.433541,46185.094982,30314.748509,1793.06494,3016.838308,-201.700874,52.572201,-0.476543,77.65274,0.0,0.0,1.0,0.0,0.069993,0.909909,1.0,-1579.632929,38652.011451,-32415.622908,99.998944,1.0,-50968.19916,57575.934833,-8364.930562,70.0,1.0,-6336.687895,-9730.931995,-95699.398348,40.0,32728.441406,2424.948975,2230.813477,2483.249756,2897.703613,2994.81665,3333.722168,3396.970947,3510.821045,17802.277344,40000.0,9290.804688,8773.913086,40000.0,40000.0,40000.0,40000.0,25391.611328,40000.0,8992.53125,7733.507324,40000.0,40000.0,40000.0,5000.0,-29342.227941,11625.600601,36269.621822,0,true,true,1.0,-0.01,0
6,640,32.0,33752.183053,-53747.038908,54111.117056,-62496.212038,30321.32532,1757.205314,3038.457364,-199.203162,52.568039,-0.59114,78.030815,0.0,0.0,1.0,0.0,0.0,1.195348,1.0,-1934.557577,38730.377716,-32282.458028,99.999118,1.0,-51096.214613,57922.437465,-8043.801574,70.0,1.0,-7217.037518,-9625.16801,-95545.493251,40.0,33220.570312,2375.026611,2134.177979,2380.550293,2873.703125,2975.262451,3318.741455,3460.200684,3582.465332,17924.435547,40000.0,9276.494141,8969.885742,40000.0,40000.0,40000.0,40000.0,25346.998047,40000.0,8791.958984,7369.166992,40000.0,40000.0,40000.0,5000.0,-29240.719526,11807.223245,36418.994954,0,true,true,1.0,-0.01,0
6,641,32.05,33641.714672,57905.324237,53912.353803,46383.858235,30333.74817,1699.783922,3099.213149,-190.680383,52.554241,-0.96157,78.925926,0.0,0.0,1.0,0.0,0.278643,1.154376,1.0,-2507.060842,38898.483943,-32024.016421,99.999379,1.0,-51131.058129,58790.46944,-7391.666886,70.0,1.0,-9032.195233,-9372.534006,-95235.617173,40.0,40000.0,2268.216797,1943.237061,2178.131348,2685.845215,2935.567139,3290.403564,3581.723389,3723.91333,18180.789062,40000.0,9212.608398,9900.146484,40000.0,40000.0,40000.0,40000.0,25259.859375,40000.0,8388.814453,7408.313477,40000.0,40000.0,40000.0,5000.0,-28971.698246,12268.253929,36725.458625,0,true,true,1.0,-0.01,0
6,642,32.1,33588.579218,-53693.903455,53812.900054,-62396.758289,30339.718682,1670.395622,3126.483265,-187.692326,52.542999,-1.212229,79.454819,0.0,0.0,1.0,0.0,0.409314,1.265153,1.0,-2733.382331,38990.726422,-31896.550428,99.999478,1.0,-51037.331561,59315.341377,-7048.487951,70.0,1.0,-9991.70201,-9219.012056,-95074.971852,40.0,40000.0,2211.07373,1847.939941,2077.375732,2571.946533,2915.479004,3277.438232,3641.045654,3794.993164,18318.388672,40000.0,9162.244141,10128.619141,40000.0,40000.0,40000.0,40000.0,25217.761719,40000.0,8184.491699,7637.979492,40000.0,40000.0,29678.910156,5000.0,-28794.947861,12548.722542,36888.99918,0,true,true,1.0,-0.01,0
6,643,32.15,33485.633444,58008.270011,53612.458208,46584.300081,30351.398651,1611.246563,3179.209997,-183.681785,52.505718,-1.822343,80.72921,0.0,0.0,1.0,0.0,0.70358,1.296069,1.0,-3090.557271,39196.667413,-31639.443442,99.99963,1.0,-50612.835028,60558.941211,-6277.88401,70.0,1.0,-12111.615847,-8838.056941,-94723.996074,40.0,40000.0,2088.590576,1738.560303,1875.553467,2345.342285,2875.848389,3255.947754,3758.55957,3941.164062,18624.082031,40000.0,9016.975586,10639.640625,40000.0,40000.0,40000.0,40000.0,25138.847656,40000.0,7766.136719,8206.727539,40000.0,40000.0,29096.066406,5000.0,-28313.173315,13214.589856,37263.836444,0,true,true,1.0,-0.01,0
6,644,32.2,33433.100863,-53641.370874,53505.781117,-62290.081198,30357.536143,1575.977337,3200.312563,-184.124738,52.477257,-2.164171,81.477402,0.0,0.0,1.0,0.0,0.829088,1.225609,1.0,-3259.656284,39314.873105,-31502.116856,99.999693,1.0,-50313.129774,61268.341368,-5834.713316,70.0,1.0,-13312.711587,-8601.611947,-94520.539256,40.0,40000.0,2021.472656,1691.312744,1767.520386,2223.626709,2854.671387,3245.680176,3820.202148,4020.094971,18919.476562,40000.0,8930.672852,10934.96875,40000.0,40000.0,40000.0,40000.0,40000.0,40000.0,7546.320312,8564.740234,40000.0,40000.0,28780.097656,5000.0,-28005.74151,13593.035299,37481.916436,0,true,true,1.0,-0.01,0
6,645,32.25,33334.763451,58106.607423,53297.386754,46792.694444,30369.339217,1515.444267,3257.83837,-183.053881,52.395065,-2.887108,83.192108,0.0,0.0,1.0,0.0,0.944788,1.09014,1.0,-3528.222281,39570.258318,-31226.29522,99.999784,1.0,-49483.881317,62820.551685,-4838.643902,70.0,1.0,-15937.029328,-8036.44407,-94059.394919,40.0,40000.0,1884.807861,1594.903198,1556.422119,1986.463135,2815.668213,3233.313232,3940.720703,4181.208008,19885.615234,40000.0,8833.37793,11593.643555,40000.0,40000.0,40000.0,40000.0,40000.0,9155.086914,7114.716309,8141.403809,40000.0,40000.0,28369.398438,5000.0,-27226.300855,14417.820079,37978.924537,0,true,true,1.0,-0.01,0
6,646,32.3,33237.494389,-53544.101812,53078.274551,-62070.968995,30381.855696,1441.113789,3298.74744,-188.982482,52.270432,-3.63176,85.218742,0.0,0.0,1.0,0.0,1.184073,1.184073,1.0,-3797.165763,39865.839552,-30924.220849,99.99985,1.0,-48408.550141,64542.664756,-3657.358114,70.0,1.0,-18971.153868,-7311.603458,-93473.513238,40.0,40000.0,1739.134644,1490.649292,1387.035889,1727.928711,2733.093506,3227.132568,4068.570068,4359.6875,21166.322266,40000.0,9301.961914,12397.249023,40000.0,40000.0,40000.0,40000.0,40000.0,8441.751953,6675.80127,8777.901367,40000.0,40000.0,27862.4375,5000.0,-26214.51941,15321.66695,38570.122616,0,true,true,1.0,-0.01,0
6,647,32.35,33190.706794,58153.395018,52967.525268,46903.443727,30388.265005,1403.627773,3322.478324,-192.279241,52.188751,-4.005841,86.358116,0.0,0.0,1.0,0.0,1.199035,1.199035,1.0,-3922.219357,40027.710195,-30764.245774,99.999876,1.0,-47756.668509,65461.841431,-2995.199564,70.0,1.0,-20640.543263,-6879.949094,-93122.438244,40.0,40000.0,1664.677979,1436.856812,1344.463379,1592.974487,2576.946045,3228.431396,4134.647949,4455.498535,21965.238281,40000.0,9564.130859,40000.0,40000.0,40000.0,40000.0,40000.0,40000.0,8091.764648,6458.92627,40000.0,40000.0,40000.0,27513.912109,5000.0,-25606.513349,15798.747451,38901.062838,0,true,true,1.0,-0.01,0
6,648,32.4,33102.74872,-53456.143737,52748.348773,-61851.792501,30401.189795,1327.542463,3367.499284,-200.591768,51.983044,-4.733374,88.868256,0.0,0.0,1.0,0.0,1.350609,1.131591,1.0,-4148.267845,40375.254816,-30428.213002,99.999913,1.0,-46200.446887,67365.629468,-1556.70744,61.00794,1.0,-24239.78335,-5869.547702,-92283.88588,40.0,40000.0,1516.693115,1328.728638,1258.484375,1312.984863,2246.905518,3243.119629,4270.935547,4661.001465,23339.611328,13405.408203,10149.59375,40000.0,40000.0,40000.0,40000.0,25586.177734,40000.0,7422.817871,6041.38916,40000.0,40000.0,40000.0,26978.164062,5000.0,-24182.149799,16777.982284,39620.439656,0,true,true,1.0,-0.01,0
6,649,32.45,33059.901432,58196.242305,52635.426722,47016.365779,30408.065625,1285.418545,3387.661369,-206.274896,51.85627,-5.08205,90.250427,0.0,0.0,1.0,0.0,1.404397,1.18265,1.0,-4268.267748,40565.795239,-30245.228805,100.0,1.0,-45300.607052,68351.059447,-773.152777,57.502555,1.0,-26198.608282,-5276.049885,-91775.387443,40.0,40000.0,1441.357178,1272.695068,1213.415649,1240.165649,2053.127686,3255.639893,4344.336914,4775.010742,24584.113281,12864.982422,10486.211914,40000.0,40000.0,40000.0,40000.0,25474.189453,9919.989258,7098.20166,6320.071289,40000.0,40000.0,40000.0,27284.443359,5000.0,-23357.705681,17278.27684,40009.715127,0,true,true,1.0,-0.01,0
6,650,32.5,32980.492299,-53376.734604,52412.880543,-61629.246322,30422.053627,1199.502515,3433.370649,-217.650121,51.545303,-5.751614,93.318665,0.0,0.0,1.0,0.0,1.632664,1.451257,1.0,-4468.399327,40974.59269,-29855.15362,100.0,1.0,-43173.495911,70403.773638,933.765556,52.199899,1.0,-30428.022546,-3878.951073,-90539.851828,40.0,40000.0,1292.875977,1161.053589,1123.072266,1164.331665,1608.075562,3302.542725,4501.461426,5028.929199,40000.0,11246.660156,11780.56543,40000.0,40000.0,40000.0,40000.0,26258.345703,8747.892578,6482.863281,7251.161621,40000.0,40000.0,40000.0,30718.472656,5000.0,-21428.108232,18297.585441,40841.553821,0,true,true,1.0,-0.01,0
6,651,32.55,32942.474989,58234.259615,52298.976739,47130.269583,30429.511898,1150.63802,3447.43089,-225.733234,51.35714,-6.079275,95.020035,0.0,0.0,1.0,0.0,1.796763,1.650088,1.0,-4553.649754,41198.861504,-29641.648372,100.0,1.0,-41930.362184,71478.888016,1856.687844,50.184464,1.0,-32712.993509,-3049.048985,-89787.710579,40.0,39920.023438,1218.052246,1103.785767,1076.161987,1124.693848,1315.602051,3337.581787,4589.245117,5175.178223,40000.0,10800.550781,12262.40332,40000.0,40000.0,40000.0,23471.888672,40000.0,8203.928711,6187.632812,7864.220703,40000.0,40000.0,27985.900391,40000.0,5000.0,-20312.32484,18816.206588,41278.801456,0,true,true,1.0,-0.01,0
6,652,32.6,32871.948447,-53306.208062,52071.058551,-61401.328134,30445.080583,1047.989414,3480.948157,-241.845204,50.914402,-6.713782,98.718895,0.0,0.0,1.0,0.0,1.62235,1.364249,1.0,-4666.327118,41680.32528,-29184.360402,100.0,1.0,-39063.458534,73676.190427,3784.491268,47.081568,1.0,-37512.310928,-1107.882302,-87994.95181,40.0,13649.861328,11945.004883,989.125183,980.972412,1043.520874,1202.021362,3439.153564,4786.153809,6041.339844,40000.0,10246.677734,13422.470703,40000.0,40000.0,40000.0,21406.498047,40000.0,7219.828613,5761.59375,40000.0,40000.0,40000.0,27254.65625,40000.0,5000.0,-17790.869569,19837.842643,42158.413057,0,true,true,1.0,-0.01,0
6,653,32.65,32838.88853,58267.319532,51954.498281,47246.829853,30453.436482,991.797468,3496.807917,-250.676956,50.663242,-7.00536,100.680527,0.0,0.0,1.0,0.0,1.394109,1.137299,1.0,-4713.156982,41937.905849,-28938.370662,100.0,1.0,-37471.259971,74779.432391,4783.37359,45.8782,1.0,-39987.258429,-1.185139,-86948.933808,40.0,13286.026367,11802.52832,930.567749,931.25415,1000.156189,1165.889771,3504.977539,4897.460938,21555.900391,40000.0,10610.186523,40000.0,40000.0,40000.0,20203.152344,22811.875,10086.164062,6779.154785,6168.392578,40000.0,40000.0,40000.0,26714.861328,40000.0,5000.0,-16409.940606,20321.946576,42585.383588,0,true,true,1.0,-0.01,0
6,654,32.7,32779.512445,-53246.831977,51723.474902,-61170.304755,30470.770888,875.249989,3527.297933,-268.317968,50.112511,-7.525601,104.746658,0.0,0.0,1.0,0.0,1.079631,0.827717,1.0,-4764.511281,42473.026039,-28424.731357,100.0,1.0,-34005.754442,76926.897979,6776.09165,44.088916,1.0,-44931.948672,2455.431021,-84581.1565,40.0,12637.040039,32959.09375,813.037292,829.979065,909.898376,1088.897827,3676.413574,5146.558105,24106.162109,14604.1875,11446.894531,40000.0,40000.0,40000.0,18199.363281,25647.6875,8448.254883,6007.568359,7185.557129,40000.0,40000.0,40000.0,26274.613281,40000.0,5000.0,-13462.302314,21201.162545,43373.80757,0,true,true,1.0,-0.01,0
6,655,32.75,32752.530526,58294.301451,51605.642405,47364.66235,30480.068675,809.457536,3534.974738,-278.933587,49.816387,-7.754841,106.831955,0.0,0.0,1.0,0.0,1.136428,0.925978,1.0,-4779.089475,42753.365735,-28154.059724,100.0,1.0,-32160.822233,77953.410575,7744.725121,43.386874,1.0,-47377.199186,3804.588009,-83260.944821,40.0,12327.435547,32316.070312,40000.0,776.247253,860.298218,1044.623413,1455.754639,5287.156738,40000.0,13706.869141,12435.756836,40000.0,40000.0,40000.0,19109.333984,27293.650391,7774.280273,5667.542969,7831.052734,40000.0,40000.0,40000.0,28289.136719,40000.0,5000.0,-11915.770343,21589.899956,43725.894645,0,true,true,1.0,-0.01,0
6,656,32.8,32705.269138,-53199.570589,51369.101917,-60933.764267,30499.665038,673.861898,3551.938512,-299.109784,49.190353,-8.151678,111.072174,0.0,0.0,1.0,0.0,0.990101,0.752477,1.0,-4768.536157,43331.422359,-27593.331211,100.0,1.0,-28273.947914,79879.481582,9581.795113,42.336321,1.0,-52129.738005,6724.640473,-80368.65785,40.0,11795.017578,31286.486328,5596.126465,824.92157,751.870605,942.791443,1390.617554,5604.32959,40000.0,11740.198242,13603.539062,40000.0,40000.0,16939.712891,21252.617188,40000.0,6654.685059,6065.623047,40000.0,40000.0,40000.0,26782.310547,40000.0,38748.484375,5000.0,-8708.793644,22251.438676,44325.927505,0,true,true,1.0,-0.01,0
6,657,32.85,32685.22755,58314.343038,51250.517038,47483.24723,30509.983379,601.247587,3557.546196,-309.550216,48.861874,-8.314155,113.226501,0.0,0.0,1.0,0.0,1.058778,0.804672,1.0,-4745.509331,43627.517031,-27304.170424,100.0,1.0,-26236.491799,80772.250345,10444.610529,41.93337,1.0,-54429.509383,8290.598884,-78793.755555,40.0,11553.265625,32129.193359,5453.710938,1037.543701,691.884644,883.354675,1348.172974,5783.875,40000.0,11206.270508,14288.524414,40000.0,40000.0,17000.689453,22712.677734,9584.698242,6186.548828,6498.543945,40000.0,40000.0,40000.0,26556.462891,40000.0,13192.955078,5000.0,-7050.983247,22520.930285,44569.767258,0,true,true,1.0,-0.01,0
6,658,32.9,32667.639265,-53181.982303,51131.820221,-60815.067451,30520.644787,527.648543,3560.904305,-319.842228,48.522606,-8.447009,115.413338,0.0,0.0,1.0,0.0,1.208004,0.833106,1.0,-4704.898286,43923.327033,-27012.284794,100.0,1.0,-24133.322307,81617.015399,11270.347246,41.605573,1.0,-56684.378302,9928.350346,-77121.9528,40.0,11291.917969,33988.46875,5321.680176,1206.266357,756.822388,816.864319,1296.822144,5980.724121,40000.0,11372.918945,40000.0,40000.0,40000.0,17741.226562,26258.197266,8615.292969,5766.744141,6997.122559,40000.0,40000.0,40000.0,25968.488281,40000.0,12783.362305,5000.0,-5349.864235,22748.265131,44774.088107,0,true,true,1.0,-0.01,0
6,659,32.95,32640.168778,58341.813525,50894.400486,47720.666965,30542.996992,371.713882,3560.61305,-340.539542,47.817307,-8.611433,119.876503,0.0,0.0,1.0,0.0,1.220134,0.724455,1.0,-4604.937612,44526.309309,-26410.37833,100.0,1.0,-19746.302678,83147.164891,12793.583624,41.100707,1.0,-61035.563322,13403.75446,-73481.18055,40.0,11279.629883,40000.0,5085.539062,4126.496094,984.401978,784.545349,1152.039795,6546.769531,16028.27832,12277.496094,40000.0,40000.0,40000.0,19536.396484,26173.845703,7088.852539,5793.726074,40000.0,40000.0,40000.0,40000.0,25591.507812,40000.0,12002.363281,5000.0,-1828.816636,23069.305972,45051.624566,0,true,true,1.0,-0.01,0
6,660,33.0,32630.517788,-53172.331313,50775.845001,-60696.511966,30554.689728,289.52968,3556.664357,-350.782074,47.457153,-8.632731,122.133934,0.0,0.0,1.0,0.0,1.16094,0.558971,1.0,-4551.001531,44828.097349,-26103.719093,100.0,1.0,-17494.643464,83822.2543,13480.745641,40.908425,1.0,-63114.105687,15218.525638,-71518.130052,40.0,31911.082031,40000.0,4980.766602,4028.261475,1081.144043,876.912903,1044.098145,26079.457031,14958.529297,13307.975586,40000.0,40000.0,18603.560547,20474.240234,40000.0,6483.640625,6159.317871,40000.0,40000.0,40000.0,40000.0,28189.205078,40000.0,11680.236328,5000.0,-26.437104,23159.873212,45118.619045,0,true,true,1.0,-0.01,0
6,661,33.05,32619.812757,58352.518556,50546.197433,47950.314533,30578.285573,126.004674,3548.546821,-368.500894,46.739498,-8.540533,126.645493,0.0,0.0,1.0,0.0,0.975932,0.304979,1.0,-4433.137496,45415.753231,-25493.766513,100.0,1.0,-12943.080175,84970.179955,14673.595384,40.627409,1.0,-67007.295238,18928.418411,-67352.253782,40.0,30789.332031,21062.539062,4795.647949,3863.286621,1242.319946,1040.550415,950.954346,40000.0,12770.200195,14556.899414,40000.0,40000.0,17574.96875,23070.634766,8797.487305,5513.768066,7026.125488,40000.0,40000.0,40000.0,25733.347656,40000.0,38043.113281,11118.091797,5000.0,3613.639884,23198.666008,45095.407322,0,true,true,1.0,-0.01,0
6,662,33.1,32618.643999,-53171.162556,50428.576277,-60578.89081,30590.919482,35.062725,3528.634516,-379.017226,46.39183,-8.441623,128.859314,0.0,0.0,1.0,0.0,0.629937,0.209979,1.0,-4389.23281,45712.429387,-25180.650597,100.0,1.0,-10700.744724,85451.102316,15179.091766,40.513583,1.0,-68800.60595,20807.520023,-65185.488768,40.0,31179.21875,20795.369141,4715.934082,3805.182617,1316.992432,1119.241943,1034.401978,40000.0,12180.858398,15278.100586,40000.0,40000.0,18292.851562,26688.328125,7843.30127,5675.228027,7545.54834,40000.0,40000.0,40000.0,25516.529297,40000.0,12388.650391,10872.137695,5000.0,5404.254368,23153.127439,45008.72021,0,true,true,1.0,-0.01,0
6,663,33.15,32625.21721,58345.945345,50194.939666,48183.951144,30617.019853,-144.042267,3495.493912,-395.526921,45.7761,-8.186786,132.876801,0.0,0.0,1.0,0.0,-1.125934,-1.276058,1.0,-4356.562965,46288.585946,-24564.749586,100.0,1.0,-6652.878758,86211.629019,15981.10259,40.348665,1.0,-6637.829011,-9729.830528,-82592.2527,40.0,40000.0,20477.283203,4586.354004,3741.077637,2003.716797,1269.189331,1196.396973,40000.0,12463.023438,40000.0,40000.0,40000.0,19824.943359,26265.232422,6475.949707,6275.32373,40000.0,40000.0,40000.0,40000.0,24457.302734,40000.0,11679.060547,10456.164062,5000.0,8639.394895,22967.555291,44728.418734,0,true,true,1.0,-0.01,0
6,664,33.2,32633.051981,-53178.997327,50079.107659,-60463.058802,30630.450951,-235.043117,3474.960035,-402.932919,45.520905,-8.071523,134.593002,0.0,0.0,1.0,0.0,-1.39986,-0.909909,1.0,-4365.067162,46564.71148,-24268.735955,100.0,1.0,-9045.818237,-9390.392426,-82198.039354,40.0,1.0,66686.811552,-20247.761829,-77926.072104,39.871551,40000.0,20361.597656,4535.40332,3735.128662,2293.534912,1341.666992,1275.181763,40000.0,12835.427734,40000.0,40000.0,40000.0,20598.289062,40000.0,5988.524414,6587.376465,40000.0,40000.0,40000.0,40000.0,24814.962891,40000.0,11334.743164,10283.392578,5000.0,10000.749541,22849.021529,44566.387671,0,true,true,1.0,-0.01,0
6,665,33.25,32655.834162,58323.163164,49861.343419,48401.715383,30656.42305,-401.526379,3444.773394,-413.201389,45.164925,-7.892511,137.062027,0.0,0.0,1.0,0.0,0.0,0.0,1.0,-4512.003557,47054.002667,-23742.496881,100.0,1.0,-12641.434741,-8720.035596,-81436.932931,40.0,1.0,62859.50011,-21677.108838,-79624.068158,39.909774,40000.0,20249.197266,4461.51709,3776.69458,2805.381836,1477.289917,1420.59375,16685.623047,13452.27832,40000.0,40000.0,18696.365234,21803.333984,9448.492188,5714.50293,7148.746094,40000.0,40000.0,40000.0,40000.0,27860.960938,40000.0,10906.382812,10064.104492,5000.0,11909.274425,22651.821724,44306.04141,0,true,true,1.0,-0.01,0
6,666,33.3,32672.290027,-53195.453192,49747.826534,-60349.541917,30670.466981,-493.675919,3405.506383,-421.317923,45.043568,-7.826261,137.92627,0.0,0.0,1.0,0.0,0.0,0.0,1.0,-4673.824747,47287.742163,-23490.067055,100.0,1.0,-14010.772151,-8395.027474,-81073.912243,40.0,1.0,61376.322214,-22085.912585,-80120.467299,39.926558,40000.0,20119.669922,4431.212402,3823.458008,3093.643066,1596.358765,1494.223999,1546.298218,13705.420898,40000.0,40000.0,18316.662109,22359.636719,8809.818359,5882.660156,7410.793457,40000.0,40000.0,40000.0,25714.378906,28311.744141,40000.0,10758.307617,10234.553711,5000.0,12544.023302,22585.310199,44218.040891,0,true,true,1.0,-0.01,0
6,667,33.35,32691.630522,58303.822669,49635.171429,48514.370488,30684.69574,-580.214832,3379.652961,-426.862742,44.949051,-7.772702,138.608154,0.0,0.0,1.0,0.0,0.0,0.0,1.0,-4874.625976,47510.404068,-23249.364996,100.0,1.0,-15164.158725,-8089.989168,-80735.456131,40.0,1.0,60121.138503,-22359.22926,-80459.41703,39.939458,40000.0,20103.3125,4402.825684,3878.140137,3180.211182,1789.037476,1565.593384,1625.307007,14441.379883,40000.0,40000.0,18000.638672,22961.716797,8310.908203,6044.342773,7657.515625,40000.0,40000.0,40000.0,25390.835938,29513.431641,39704.875,10544.374023,10614.49707,5000.0,13024.299398,22537.64846,44153.955414,0,true,true,1.0,-0.01,0
6,668,33.4,32737.593305,-53241.415974,49417.764991,-60132.135479,30712.92993,-745.508473,3333.913393,-436.025595,44.818157,-7.695569,139.566086,0.0,0.0,1.0,0.0,0.0,0.0,1.0,-5353.315657,47915.664159,-22810.632616,100.0,1.0,-16982.910265,-7550.696211,-80141.40293,40.0,1.0,58141.54537,-22631.303607,-80815.817731,39.958543,40000.0,20073.480469,4348.058105,3997.410645,3300.570068,2163.124023,1697.900024,1770.626099,14794.646484,40000.0,40000.0,18467.085938,23779.166016,7585.437012,6345.79541,40000.0,40000.0,40000.0,40000.0,24879.521484,39846.335938,38328.648438,10259.65625,11119.373047,5000.0,13645.738707,22487.465222,44082.193035,0,true,true,1.0,-0.01,0
6,669,33.45,32765.325742,58276.090233,49307.77226,48624.363219,30727.66142,-831.973047,3299.781748,-441.944654,44.761841,-7.657752,139.982162,0.0,0.0,1.0,0.0,0.069993,0.0,1.0,-5621.236318,48112.083291,-22596.429176,100.0,1.0,-17833.818391,-7289.778894,-79852.223021,40.0,1.0,57214.931757,-22718.978571,-80942.30911,39.966487,40000.0,20105.572266,4317.578125,4057.080811,3359.702393,2349.832031,1761.930908,1841.015137,14956.644531,40000.0,40000.0,18701.755859,24057.351562,7275.850586,6499.989258,40000.0,40000.0,40000.0,40000.0,24643.726562,39815.765625,37818.667969,10164.984375,11447.271484,5000.0,13900.813336,22469.372807,44053.787972,0,true,true,1.0,-0.01,0
6,670,33.5,32828.456804,-53304.547037,49090.35418,-59914.717399,30757.55002,-983.321204,3248.86401,-450.26845,44.608421,-7.445738,141.127243,0.0,0.0,1.0,0.0,1.434376,0.310135,1.0,-6178.825404,48510.042762,-22142.163256,100.0,1.0,-19988.053882,-6727.478165,-79164.759208,40.0,1.0,54850.228656,-23017.449662,-81495.356683,39.977051,40000.0,32072.376953,4243.267578,4143.328613,3458.35083,2683.172363,1968.904053,1978.460938,15359.021484,40000.0,40000.0,19252.865234,25148.814453,6618.640625,6844.309082,40000.0,40000.0,40000.0,40000.0,24534.84375,39808.597656,36400.351562,9810.852539,29749.763672,5000.0,14697.715088,22394.698253,43909.265056,0,true,true,1.0,-0.01,0
6,671,33.55,32863.739874,58240.807163,48982.940443,48731.776956,30772.679965,-1058.492045,3222.411951,-453.898338,44.51894,-7.293036,141.809937,0.0,0.0,1.0,0.0,1.151747,0.714877,1.0,-6460.000896,48710.251194,-21904.679372,100.0,1.0,-21218.586384,-6426.437683,-78772.203845,40.0,1.0,53483.776035,-23206.182696,-81864.225122,39.981117,40000.0,31925.273438,4201.077637,4130.016602,3499.821289,2832.108887,2093.796387,2045.543457,15592.849609,40000.0,40000.0,19563.769531,27696.291016,6294.539062,7033.081055,40000.0,40000.0,40000.0,40000.0,24244.902344,39903.636719,36503.648438,9651.899414,29517.986328,5000.0,15195.455374,22340.459027,43801.792379,0,true,true,1.0,-0.01,0
6,672,33.6,32941.325038,-53382.132201,48770.702694,-59702.47965,30803.224758,-1199.430453,3170.079066,-459.489033,44.321835,-7.024508,143.352524,0.0,0.0,1.0,0.0,0.419958,0.629937,1.0,-6921.780538,49124.884644,-21417.530323,100.0,1.0,-23813.614959,-5748.751819,-77916.612997,40.0,1.0,50528.059578,-23706.294627,-82650.054925,39.98703,40000.0,31626.806641,4110.078125,4069.345703,3570.638672,3098.311523,2327.80835,2177.768066,16130.705078,40000.0,40000.0,20262.388672,27570.15625,6333.219727,7447.267578,40000.0,40000.0,40000.0,40000.0,23654.382812,40000.0,10642.246094,9388.69043,29085.060547,5000.0,16317.012163,22177.348937,43542.221076,0,true,true,1.0,-0.01,0
6,673,33.65,32983.595024,58198.537177,48665.933772,48836.545878,30818.614061,-1268.099519,3143.06751,-461.679067,44.226589,-6.907244,144.117477,0.0,0.0,1.0,0.0,0.0,0.139986,1.0,-7134.899247,49331.863134,-21175.387325,100.0,1.0,-25080.061809,-5394.855817,-77477.923236,40.0,1.0,49059.470778,-23951.017326,-83006.211138,39.989253,22761.976562,31485.96875,4062.668945,4036.614502,3602.982178,3223.237793,2440.227051,2241.761475,16409.291016,40000.0,40000.0,20626.087891,27501.929688,6486.104004,7664.649414,40000.0,40000.0,40000.0,40000.0,23375.0,40000.0,10478.917969,9173.854492,28815.269531,5000.0,16864.101871,22085.55351,43407.578081,0,true,true,1.0,-0.01,0
6,674,33.7,33028.227992,-53426.765169,48562.129992,-59598.67587,30834.06767,-1338.988968,3114.113237,-463.608237,44.134941,-6.796566,144.865768,0.0,0.0,1.0,0.0,0.069993,0.139986,1.0,-7344.832359,49536.523237,-20935.661453,100.0,1.0,-26317.846697,-5036.280224,-77035.627279,40.0,1.0,47610.13507,-24181.467697,-83334.730207,39.99119,20582.904297,31572.337891,4013.986084,4001.984619,3633.523193,3344.044434,2550.20459,2304.137451,16690.240234,40000.0,40000.0,20995.375,27498.726562,6642.378418,7887.645508,40000.0,40000.0,40000.0,40000.0,23107.734375,40000.0,10200.496094,9020.425781,28786.402344,5000.0,17393.282926,21990.476251,43271.705777,0,true,true,1.0,-0.01,0
6,675,33.75,33123.821056,58102.944113,48357.757193,49040.918677,30865.043992,-1470.800399,3057.215456,-466.330685,43.953793,-6.602316,146.377319,0.0,0.0,1.0,0.0,0.279972,0.419958,1.0,-7724.876339,49948.087208,-20457.182839,100.0,1.0,-28762.665673,-4281.598228,-76124.168455,40.0,1.0,44694.038823,-24641.656491,-83943.630149,39.993969,19176.947266,31474.40625,3912.838379,3928.329834,3688.087158,3451.300049,2760.651367,2425.11084,17282.791016,40000.0,40000.0,21773.431641,10295.75,6967.79834,21044.294922,40000.0,40000.0,40000.0,40000.0,23002.783203,40000.0,9778.374023,8719.955078,29774.185547,5000.0,18448.024343,21775.619364,42985.313425,0,true,true,1.0,-0.01,0
6,676,33.8,33173.144043,-53476.088155,48260.111752,-59501.030429,30880.065703,-1532.340733,3033.597465,-466.686647,43.866188,-6.51478,147.123428,0.0,0.0,1.0,0.0,0.069993,0.139986,1.0,-7893.338288,50149.28017,-20224.421352,100.0,1.0,-29944.454303,-3896.246937,-75665.00141,40.0,1.0,43259.078786,-24862.401682,-84222.249082,39.99494,19100.736328,31354.917969,3861.913818,3890.524902,3711.471191,3485.812744,2858.317627,2481.266846,40000.0,40000.0,40000.0,22172.984375,9554.953125,7132.589355,21159.378906,40000.0,40000.0,40000.0,40000.0,23138.339844,40000.0,9608.516602,8579.040039,30402.46875,5000.0,18963.779941,21659.388275,42836.818174,0,true,true,1.0,-0.01,0
6,677,33.85,33278.042099,57998.046056,48066.846274,49234.184155,30910.29809,-1653.406093,2979.146686,-467.465337,43.743599,-6.387351,148.192459,0.0,0.0,1.0,0.0,0.0,0.0,1.0,-8350.086421,50512.939212,-19802.971052,100.0,1.0,63491.75822,41031.319021,-17745.509457,47.041707,1.0,-31850.561276,-3247.691343,-74897.540245,40.0,18832.654297,31148.503906,3758.688721,3805.205322,3763.550537,3553.063721,3063.353271,2673.123047,3061.479492,40000.0,40000.0,22844.320312,8579.076172,7446.129395,21377.964844,40000.0,40000.0,40000.0,40000.0,24245.601562,40000.0,9228.96875,8357.584961,31076.972656,5000.0,19642.21022,21504.148007,42637.464713,0,true,true,1.0,-0.01,0
6,678,33.9,33334.556394,-53532.60245,47969.411282,-59403.595437,30925.803045,-1708.159595,2944.998574,-468.641394,43.700417,-6.341027,148.57634,0.0,0.0,1.0,0.0,0.0,0.0,1.0,63146.98394,40900.479649,-17921.216102,50.839571,1.0,-32652.633257,-2969.316795,-74569.988127,40.0,1.0,40022.014581,-25109.936436,-84557.576058,39.997058,18724.779297,31052.710938,3704.516846,3757.030518,3791.154053,3585.773193,3171.249756,2773.513184,3124.531982,40000.0,22010.642578,23132.652344,8239.661133,7599.215332,21483.972656,40000.0,40000.0,40000.0,40000.0,24799.386719,40000.0,9067.580078,8228.863281,40000.0,5000.0,19854.23648,21456.126516,42574.866123,0,true,true,1.0,-0.01,0
6,679,33.95,33448.981521,57883.620928,47783.683618,49419.911819,30955.725578,-1817.166748,2892.788804,-468.60818,43.638023,-6.27271,149.138062,0.0,0.0,1.0,0.0,0.0,0.0,1.0,62431.177877,40768.363816,-18111.956481,56.47099,1.0,-34018.035773,-2497.251018,-74016.904998,40.0,1.0,38439.462597,-25089.750365,-84555.08759,39.997923,18538.988281,30874.900391,3703.176025,3656.45874,3843.168701,3644.776123,3381.880859,2967.289551,3232.878662,40000.0,21878.720703,23567.990234,7745.397461,7887.437988,21683.1875,40000.0,40000.0,40000.0,24283.253906,25727.919922,40000.0,8824.536133,7957.03125,40000.0,5000.0,20114.429812,21398.579422,42497.904562,0,true,true,1.0,-0.01,0
6,680,34.0,33570.944739,-53654.565667,47600.053305,-59219.965125,30985.894148,-1918.22867,2836.69941,-469.062858,43.434532,-6.241823,149.486984,0.0,0.0,1.0,-1.0,-0.793244,-0.549169,1.0,61659.815774,40714.765523,-18238.234024,60.475409,1.0,-35167.057905,-2316.950724,-73564.401326,40.0,1.0,37150.375487,-25231.051811,-84367.002316,39.998538,18351.871094,30702.285156,3760.820557,3545.589355,3869.481445,3698.470459,3597.002197,3162.404785,3323.762939,40000.0,21903.707031,23931.287109,7414.102539,8166.834961,21864.556641,40000.0,40000.0,40000.0,23939.660156,25999.341797,40000.0,8496.614258,7704.243652,40000.0,5000.0,20193.522054,21503.838977,42415.990447,0,true,true,1.0,-0.01,0
6,681,34.05,33636.63245,57817.933217,47506.451402,49513.513723,31001.53284,-1970.631227,2808.056959,-469.160758,43.096821,-6.24698,149.535309,0.0,0.0,1.0,-1.0,-0.944605,-0.722345,1.0,61230.575821,40690.16932,-18370.785631,62.125478,1.0,-35626.835273,-2593.214519,-73390.071423,40.0,1.0,36669.68073,-25618.327325,-84096.2072,39.998791,18219.591797,30616.597656,3796.191162,3483.955811,3815.169189,3724.166992,3711.947754,3264.336914,3360.703125,40000.0,22006.175781,24085.701172,7434.32666,8302.342773,40000.0,40000.0,40000.0,40000.0,23804.353516,25997.451172,40000.0,8363.884766,7585.813965,40000.0,5000.0,20124.458051,21767.682395,42315.702629,0,true,true,1.0,-0.01,0
6,682,34.1,33704.038758,-53721.971976,47413.759888,-59127.273611,31017.171529,-2022.189159,2780.745277,-469.16063,42.606213,-6.275886,149.49202,0.0,0.0,1.0,-1.0,-1.083349,-0.670645,1.0,60786.820038,40662.694885,-18539.676172,63.501783,1.0,-35986.433833,-3111.701417,-73260.709298,40.0,1.0,36324.180811,-26213.229492,-83703.783541,39.999002,18115.570312,30533.767578,3835.822266,3419.531006,3743.779785,3748.557373,3806.586182,3367.331543,3390.635498,40000.0,22171.236328,24199.796875,7551.441895,8431.15332,40000.0,40000.0,40000.0,40000.0,23697.876953,26011.830078,40000.0,8238.051758,7469.991699,40000.0,5000.0,19976.502656,22167.784516,42177.505123,0,true,true,1.0,-0.01,0
6,683,34.15,33840.999472,57680.972503,47234.018224,49693.255387,31047.871123,-2115.356955,2734.862563,-469.008131,41.204639,-6.359062,149.248657,0.0,0.0,1.0,-1.0,-0.279972,-0.279972,1.0,59875.682243,40550.847108,-19081.186309,65.454465,1.0,-36538.661764,-4781.591448,-73054.721857,40.0,1.0,35861.296705,-27975.570598,-82638.496374,39.999302,17919.238281,30373.923828,40000.0,3286.551025,3593.71582,3792.509277,3858.210205,3571.103271,3434.703125,40000.0,22473.978516,24351.550781,7777.499512,8672.254883,40000.0,40000.0,40000.0,40000.0,23538.119141,26070.429688,40000.0,8001.20459,7245.962402,40000.0,5000.0,19551.889934,23315.099609,41749.888445,0,true,true,1.0,-0.01,0
6,684,34.2,33985.10703,-53866.079534,47055.500668,-58948.756055,31078.931242,-2199.881273,2687.726148,-469.980301,39.249542,-6.444655,148.997238,0.0,0.0,1.0,-1.0,0.0,0.0,1.0,58936.953019,40231.38064,-20032.230063,66.841299,1.0,-37105.672984,-7168.173668,-72767.87923,40.0,1.0,35385.071264,-30503.671735,-81259.635094,39.999515,17762.572266,30208.226562,40000.0,3147.880371,3436.022949,3830.891113,3892.708252,3774.89917,3577.593506,40000.0,23077.224609,24497.097656,8007.415039,8916.532227,40000.0,40000.0,40000.0,40000.0,23381.095703,26139.316406,40000.0,7802.682129,7017.771973,40000.0,5000.0,19113.681697,24849.985031,41049.19784,0,true,true,1.0,-0.01,0
6,685,34.25,34058.068793,57608.010741,46968.613589,49780.142466,31094.230731,-2241.577051,2669.399367,-470.040509,38.074657,-6.488463,148.878815,0.0,0.0,1.0,-1.0,0.0,0.0,1.0,58471.683944,39978.82184,-20658.625309,67.355366,1.0,-37393.637497,-8610.129725,-72572.6532,40.0,1.0,35140.645771,-32040.446947,-80448.268685,39.999594,17618.683594,30124.955078,40000.0,3184.981445,3356.498535,3847.722168,3907.677002,3874.431396,3669.876709,40000.0,40000.0,24594.046875,8121.422852,9037.756836,40000.0,40000.0,40000.0,40000.0,23303.087891,26185.439453,39940.128906,7690.240723,6904.514648,40000.0,5000.0,18900.078277,25744.684833,40585.701947,0,true,true,1.0,-0.01,0
6,686,34.3,34207.88229,-54015.893031,46796.630051,-58776.772517,31124.90878,-2319.831811,2632.515003,-470.814264,35.347015,-6.578789,148.656433,0.0,0.0,1.0,-1.0,0.0,0.0,1.0,57535.647948,39273.331671,-22185.65415,68.155547,1.0,-37990.858403,-11956.943347,-72028.611164,40.0,1.0,34629.128366,-35612.282072,-78538.748738,39.999717,17412.4375,29954.859375,40000.0,3227.657227,3193.829346,3794.503418,3933.823975,4072.068848,3852.945068,40000.0,40000.0,24817.828125,8351.378906,9282.583984,40000.0,40000.0,40000.0,40000.0,23144.398438,26305.236328,39777.410156,7446.210449,6675.980469,29607.548828,5000.0,18480.425015,27759.305929,39412.898426,0,true,true,1.0,-0.01,0
6,687,34.35,34286.435907,57529.457125,46709.693539,49867.078978,31140.651436,-2356.608366,2608.095223,-472.279651,33.792839,-6.625368,148.552704,0.0,0.0,1.0,-1.0,0.0,0.0,1.0,57078.228928,38804.324628,-23080.16556,68.495666,1.0,-38308.19426,-13865.473455,-71661.720725,40.0,1.0,34353.452702,-37638.642586,-77416.579623,39.999769,17306.457031,29865.904297,40000.0,3246.722412,3108.950928,3691.126953,3945.20874,4172.174316,3945.670898,40000.0,40000.0,24895.837891,8469.923828,9409.09668,40000.0,40000.0,40000.0,40000.0,23061.15625,26383.361328,39699.269531,7268.337402,6558.101074,29381.488281,5000.0,18272.137851,28871.414149,38691.076783,0,true,true,1.0,-0.01,0
6,688,34.4,34364.209522,-54093.666647,46625.404481,-58692.483459,31156.014043,-2392.82817,2593.286041,-472.654855,32.126865,-6.67312,148.453583,0.0,0.0,1.0,-1.0,0.0,0.0,1.0,56619.862108,38262.389714,-24045.975882,68.740141,1.0,-38619.436737,-15911.290202,-71221.997028,40.0,1.0,34081.363029,-39791.088057,-76173.589061,39.999807,17239.667969,29778.265625,40000.0,3263.90918,3025.052734,3589.168945,3955.223145,4269.428711,4035.759033,40000.0,40000.0,24972.027344,8586.079102,9533.084961,40000.0,40000.0,40000.0,40000.0,22979.871094,26464.908203,39625.050781,7144.066895,6442.580078,29200.828125,5000.0,18069.073719,30035.166634,37877.483579,0,true,true,1.0,-0.01,0
6,689,34.45,34522.736176,57370.930471,46458.733241,50033.750217,31186.769091,-2461.196,2563.261886,-474.012888,28.46245,-6.772055,148.269501,0.0,0.0,1.0,-1.0,0.0,0.0,1.0,55680.992637,36932.88374,-26171.561516,69.123068,1.0,-39253.816698,-20393.001111,-70071.637379,40.0,1.0,33517.947009,-44433.013741,-73274.28635,39.999865,17057.378906,29600.261719,40000.0,40000.0,2863.818604,3382.807129,3971.999268,4321.565918,4214.254395,4748.279785,40000.0,25127.480469,8819.598633,9782.757812,40000.0,40000.0,40000.0,40000.0,22801.275391,26651.75,8463.816406,6893.224121,6210.279297,28761.806641,5000.0,17671.152042,32493.030628,35954.481562,0,true,true,1.0,-0.01,0
6,690,34.5,34605.680117,-54176.610588,46373.962602,-58607.712819,31202.631401,-2488.318078,2543.119046,-475.869293,26.473063,-6.797413,148.198486,0.0,0.0,1.0,-1.0,0.419958,0.0,1.0,55184.477519,36138.637025,-27339.482607,69.270708,1.0,-39625.149132,-22802.807617,-69316.818014,40.0,1.0,33175.14927,-46880.001066,-71613.077889,39.999888,17053.830078,29504.957031,40000.0,40000.0,2884.932617,3276.180176,3979.036621,4327.628906,4304.89502,4753.362793,40000.0,25214.810547,8940.393555,9912.998047,40000.0,40000.0,40000.0,40000.0,22794.171875,26777.669922,8231.25,6761.650391,6089.43457,28579.839844,5000.0,17491.522164,33767.054298,34831.090052,0,true,true,1.0,-0.01,0
6,691,34.55,34774.29751,57202.313078,46206.240572,50201.472247,31234.394882,-2550.200023,2513.19911,-478.016731,22.182076,-6.742686,148.123993,0.0,0.0,1.0,-1.0,0.629937,0.069993,1.0,54132.740756,34247.212736,-29910.716533,69.502581,1.0,32318.580551,-51976.008545,-67851.485627,40.0,1.0,-40526.07361,-27908.704505,-67339.240875,40.0,17306.882812,29184.919922,40000.0,40000.0,2898.702881,3062.150391,3989.802979,4337.735352,4483.122559,4764.912109,40000.0,25410.378906,9183.114258,10178.06543,40000.0,40000.0,40000.0,40000.0,22797.240234,36794.003906,7945.490234,6543.237793,5889.271973,28282.09375,5000.0,17213.944866,36358.445726,32218.610369,0,true,true,1.0,-0.01,0
6,692,34.6,34860.287509,-54262.600586,46122.939936,-58524.412183,31250.358831,-2579.699828,2499.01895,-478.918431,19.881493,-6.648181,148.125137,0.0,0.0,1.0,-1.0,0.769923,0.069993,1.0,53567.98818,33131.486759,-31308.863757,69.589814,1.0,31786.06337,-54599.922103,-65734.869076,40.0,1.0,-41075.787265,-30571.484801,-66076.226299,40.0,17205.970703,29011.544922,40000.0,40000.0,2902.84082,2954.344238,3950.095215,4341.839844,4570.88916,4771.83252,40000.0,25420.804688,9305.459961,10313.726562,40000.0,40000.0,40000.0,40000.0,22801.804688,36743.636719,7800.022949,6390.350586,5765.10791,28168.570312,5000.0,17123.320407,37654.766468,30717.178778,0,true,true,1.0,-0.01,0
6,693,34.65,35035.159709,57027.440877,45957.726216,50366.685967,31282.3388,-2636.357124,2471.840199,-479.805268,14.986706,-6.248426,148.18454,0.0,0.0,1.0,-1.0,1.174881,-0.069993,1.0,52300.62651,30546.614211,-34330.110862,69.722407,1.0,30481.723736,-59904.706121,-61017.048576,40.0,1.0,-42421.550887,-36052.899074,-62895.154817,40.0,17116.054688,28685.300781,40000.0,40000.0,2905.69043,2742.229492,3660.627197,4347.000488,4742.734375,4790.133789,40000.0,25753.826172,9549.588867,10587.811523,40000.0,40000.0,40000.0,40000.0,22608.361328,36698.84375,7386.776855,6067.338867,5520.445801,27989.052734,5000.0,17044.574775,40194.132662,27294.75599,0,true,true,1.0,-0.01,0
6,694,34.7,35123.940312,-54351.381189,45875.763824,-58442.449791,31298.3198,-2663.417934,2458.871639,-479.429951,12.583804,-5.92503,148.218323,0.0,0.0,1.0,0.0,1.242929,-0.207155,1.0,51575.47256,29192.910278,-35843.84192,69.771796,1.0,16256.285158,27728.96486,-39926.334004,44.365878,1.0,29726.818687,-62354.8226,-58603.310562,40.0,17065.789062,28518.494141,40000.0,40000.0,40000.0,2742.87085,3512.922363,4347.30957,4826.918945,4887.269531,40000.0,25866.033203,9670.21582,10723.480469,40000.0,40000.0,40000.0,40000.0,22473.773438,36652.78125,7272.048828,5923.109863,5336.237305,27997.246094,5000.0,17041.717269,41334.37109,25500.301766,0,true,true,1.0,-0.01,0
6,695,34.75,35303.961324,56847.419865,45713.01296,50529.436831,31330.141509,-2712.261527,2435.582853,-476.330168,8.024648,-5.059791,148.226273,0.0,0.0,1.0,0.0,1.085076,-0.345252,1.0,49936.521842,26498.8431,-38758.95019,69.842123,1.0,14600.532518,24643.738211,-42180.079307,61.510985,1.0,20946.237958,35985.325039,-40013.741062,43.12661,17055.292969,28206.425781,40000.0,40000.0,40000.0,2739.437256,3207.303955,4341.888184,4993.160156,5055.751465,40000.0,25955.572266,9907.027344,12420.303711,40000.0,40000.0,40000.0,40000.0,22218.166016,36347.46875,6860.066406,5687.783691,5076.821777,27759.501953,5000.0,17045.334463,43305.757106,21894.212892,0,true,true,1.0,-0.01,0
6,696,34.8,35395.162576,-54442.582441,45632.200019,-58361.63685,31345.916166,-2736.037423,2424.388118,-473.23971,5.865032,-4.528341,148.182129,0.0,0.0,1.0,0.0,1.11386,-0.40504,1.0,49019.196063,25170.423538,-40156.439633,69.869203,1.0,13675.453938,23126.284371,-43180.354673,68.112659,1.0,20017.393751,34552.32575,-41501.714394,52.88159,17128.619141,16576.994141,40000.0,40000.0,40000.0,2736.549805,3048.764648,4335.910645,5075.654297,5138.239258,40000.0,26125.554688,10023.012695,23853.574219,40000.0,40000.0,40000.0,40000.0,22103.757812,39062.664062,6730.20166,5495.23584,4948.490723,27596.646484,5000.0,17033.353006,44150.455483,20095.784405,0,true,true,1.0,-0.01,0
6,697,34.85,35577.781686,56664.800755,45473.458106,50688.178743,31376.616241,-2783.562841,2405.553912,-463.121963,1.779541,-3.291576,147.946548,0.0,0.0,1.0,0.0,0.934971,-0.578792,1.0,11642.919061,20165.543201,-44935.012377,78.13548,1.0,46992.306591,22590.451846,-42825.673822,69.910315,1.0,17946.836278,31712.513557,-44213.534743,67.691838,17623.164062,15809.833984,40000.0,40000.0,40000.0,2729.287109,2748.905273,4316.623047,5104.668945,5297.89209,40000.0,26162.189453,10246.745117,24039.677734,40000.0,40000.0,40000.0,40000.0,21922.441406,38603.144531,6370.29541,5223.418945,4697.797852,27051.478516,5000.0,16934.221032,45593.349187,16537.691708,0,true,true,1.0,-0.01,0
6,698,34.9,35671.213958,-54536.014713,45393.654888,-58281.833631,31391.832334,-2802.968015,2394.096435,-456.482766,-0.155584,-2.606977,147.736557,0.0,0.0,1.0,0.0,0.976816,-0.710411,1.0,10534.276022,18727.2733,-45691.180042,81.945482,1.0,16799.549256,30314.950238,-45437.375829,73.321697,1.0,45877.189635,21351.099147,-44089.073707,69.925943,17984.597656,15577.368164,40000.0,40000.0,40000.0,23873.646484,2753.267578,4253.918457,5081.823242,5377.211914,40000.0,40000.0,10357.341797,24140.720703,40000.0,40000.0,40000.0,40000.0,21859.986328,40000.0,6217.861328,5090.638184,4573.225586,26830.166016,5000.0,16822.572641,46207.683689,14787.014965,0,true,true,1.0,-0.01,0
6,699,34.95,35765.355922,56570.658791,45314.149995,50767.683636,31406.759279,-2824.258774,2385.146649,-447.808344,-2.020527,-1.875242,147.460403,0.0,0.0,1.0,0.0,1.059764,-0.688847,1.0,9363.350763,17320.218935,-46369.952635,85.18133,1.0,15575.607628,28937.331154,-46576.277307,78.103155,1.0,44691.24945,20149.599354,-45312.387212,69.939216,18498.474609,15380.731445,40000.0,40000.0,40000.0,40000.0,2745.727051,3941.086182,5054.062988,5455.714844,40000.0,40000.0,10466.402344,24247.617188,40000.0,40000.0,40000.0,40000.0,21819.609375,40000.0,6092.994629,4991.606934,4466.418945,26404.34375,5000.0,16666.500858,46756.994605,13059.597544,0,true,true,1.0,-0.01,0
6,700,35.0,35955.577715,-54726.236505,45155.888834,-58123.57247,31435.56544,-2862.51309,2370.559678,-426.410437,-5.562206,-0.281162,146.71347,0.0,0.0,1.0,0.0,1.056242,-0.704161,1.0,6844.994801,14595.612492,-47502.463795,89.899412,1.0,12907.788771,26240.956377,-48606.652394,85.074841,1.0,42113.342995,17848.059808,-47645.313941,69.958569,35869.355469,15143.871094,40000.0,40000.0,40000.0,40000.0,2728.905273,3307.216553,4985.962402,5611.538574,40000.0,40000.0,10682.047852,13160.183594,40000.0,40000.0,40000.0,40000.0,21808.412109,40000.0,5862.442871,4763.42334,4255.64209,25698.498047,5000.0,16218.371104,47677.566823,9679.685208,0,true,true,1.0,-0.01,0
6,701,35.05,36051.5822,56474.654305,45077.062707,50846.509763,31449.337611,-2880.13442,2364.783686,-413.165122,-7.247419,0.57714,146.237747,0.0,0.0,1.0,0.0,1.229992,-0.691871,1.0,5498.831902,13277.080155,-47957.880657,91.682747,1.0,11464.018093,24923.136985,-49499.486451,87.70999,1.0,40718.130741,16747.384456,-48756.83352,69.965884,35579.953125,15015.152344,40000.0,40000.0,40000.0,40000.0,2719.959717,2991.22876,4946.212402,5689.474609,40000.0,40000.0,10789.539062,12542.118164,40000.0,40000.0,40000.0,40000.0,21841.896484,40000.0,5671.217773,4646.63623,4137.899414,25234.863281,5000.0,15919.87377,48057.789211,8031.158916,0,true,true,1.0,-0.01,0
6,702,35.1,36245.201908,-54919.856213,44919.838233,-57966.347996,31475.315469,-2911.391954,2356.853371,-381.836546,-10.46582,2.426918,145.048416,0.0,0.0,1.0,0.0,1.235353,-0.726678,1.0,2616.575788,10727.101308,-48648.000043,94.354075,1.0,8330.163828,22354.984166,-51042.182815,91.657285,1.0,37684.354305,14658.559944,-50885.651753,69.976841,35045.292969,40000.0,40000.0,40000.0,40000.0,40000.0,8035.456543,2892.871826,4855.937988,5847.095703,6844.035645,40000.0,11006.334961,12005.017578,40000.0,40000.0,40000.0,40000.0,22007.242188,40000.0,5438.403809,4362.62207,3908.731201,40000.0,5000.0,15145.961626,48682.111451,4823.335357,0,true,true,1.0,-0.01,0
6,703,35.15,36342.721127,56377.135086,44841.344887,50925.003109,31487.398395,-2925.576416,2354.800254,-362.487761,-12.008706,3.403857,144.344696,0.0,0.0,1.0,0.0,1.299781,-0.708971,1.0,1095.964129,9490.999488,-48880.132822,95.403415,1.0,6657.548095,21099.895212,-51687.719178,93.207845,1.0,36056.455967,13657.773206,-51892.391009,69.981145,34760.355469,40000.0,40000.0,40000.0,40000.0,40000.0,8228.080078,2873.873291,4807.359375,5927.933594,6667.518066,40000.0,11416.084961,12774.114258,40000.0,40000.0,40000.0,40000.0,22141.074219,40000.0,5342.645996,4253.130859,3797.141113,40000.0,5000.0,14674.073497,48929.578666,3271.030189,0,true,true,1.0,-0.01,0
6,704,35.2,36440.642457,-55017.777543,44762.86933,-57887.872438,31498.799861,-2937.639735,2354.266613,-342.04398,-13.513321,4.40602,143.577057,0.0,0.0,1.0,0.0,1.210648,-0.605324,1.0,-465.550065,8279.592525,-49035.853526,96.228203,1.0,4928.217887,19862.781054,-52247.010537,94.426595,1.0,34365.997357,12679.155359,-52853.415211,69.984529,34478.046875,40000.0,40000.0,40000.0,40000.0,40000.0,8438.77832,2854.906738,4511.556641,6010.927246,6460.753906,40000.0,12461.394531,12847.983398,40000.0,40000.0,40000.0,40000.0,22309.855469,26040.726562,5278.816406,4146.397461,3687.330078,40000.0,5000.0,14150.268142,49135.638688,1757.773211,0,true,true,1.0,-0.01,0
6,705,35.25,36637.450516,56180.327027,44605.776281,51082.096157,31519.348365,-2956.270046,2357.582758,-296.586108,-16.426857,6.47508,141.855743,0.0,0.0,1.0,0.0,1.196911,-0.526641,1.0,-3695.804702,5923.949106,-49115.101013,97.442247,1.0,1315.666237,17436.810319,-53102.367148,96.22053,1.0,30803.801191,10775.872786,-54627.733958,69.989508,40000.0,40000.0,31464.253906,40000.0,40000.0,40000.0,23300.275391,3344.221924,3211.272461,5878.025879,6520.854004,40000.0,32948.128906,40000.0,25143.166016,40000.0,40000.0,40000.0,22536.878906,25049.634766,5114.696777,3940.508545,3472.715332,40000.0,5000.0,12949.85903,49432.633492,-1144.685957,0,true,true,1.0,-0.01,0
6,706,35.3,36736.220818,-55116.547845,44527.055093,-57809.15125,31528.354763,-2963.108904,2361.635518,-270.191926,-17.842392,7.54471,140.909409,0.0,0.0,1.0,0.0,1.3195,-0.455,1.0,-5361.256522,4778.580834,-49036.123358,97.912045,1.0,-562.918938,16246.925859,-53395.201973,96.914728,1.0,28930.481668,9843.493216,-55437.727839,69.991435,40000.0,40000.0,27729.046875,40000.0,40000.0,40000.0,23370.40625,3936.867432,3174.74707,5771.712891,6588.95459,40000.0,40000.0,40000.0,25284.259766,40000.0,40000.0,40000.0,22539.705078,24541.140625,5030.120117,3840.794678,3367.636719,40000.0,5000.0,12280.87002,49526.247665,-2530.115571,0,true,true,1.0,-0.01,0
6,707,35.35,36934.174932,55982.372913,44368.981473,51240.169777,31543.410326,-2970.857645,2375.168895,-208.719419,-20.61454,9.817537,138.791122,0.0,0.0,1.0,0.0,2.253741,-0.690663,1.0,-8862.913602,2556.518657,-48621.07447,98.643603,1.0,-4534.996229,13915.654278,-53694.142455,97.995716,1.0,24944.782209,8046.71537,-56936.771085,69.994436,40000.0,40000.0,27633.527344,40000.0,40000.0,40000.0,23662.212891,8041.918945,3103.977783,5560.648438,6732.692383,40000.0,40000.0,40000.0,25622.96875,40000.0,40000.0,40000.0,23260.259766,24195.150391,4806.697266,3684.921875,3174.476074,40000.0,5000.0,10778.344271,49619.886275,-5170.657036,0,true,true,1.0,-0.01,0
6,708,35.4,37033.21607,-55215.588982,44289.518059,-57729.687836,31549.300215,-2971.233962,2383.902293,-176.696667,-21.990623,11.117569,137.563263,0.0,0.0,1.0,0.0,2.802898,-0.614334,1.0,-10774.715038,1472.463155,-48256.192919,98.895309,1.0,-6715.664496,12782.145678,-53683.68109,98.36765,1.0,22706.073093,7175.893867,-57655.011323,69.995469,40000.0,40000.0,27631.753906,40000.0,40000.0,40000.0,24006.699219,8275.542969,3262.652832,5454.632812,6810.90625,40000.0,40000.0,40000.0,25873.912109,40000.0,40000.0,40000.0,23760.658203,24117.089844,4750.60498,3615.659424,3077.804199,40000.0,5000.0,9922.221953,49625.111501,-6437.993238,0,true,true,1.0,-0.01,0
6,709,35.45,37132.181257,55883.407725,44209.696484,51319.991352,31554.007013,-2968.955473,2394.64713,-141.203936,-23.375956,12.566767,136.205887,0.0,0.0,1.0,0.0,3.279599,-0.515892,1.0,-12826.687212,406.089606,-47760.211631,99.108277,1.0,-9081.920784,11653.332016,-53531.14335,98.682344,1.0,20246.146654,6305.64414,-58341.989651,69.996342,40000.0,40000.0,27047.632812,40000.0,40000.0,40000.0,40000.0,8541.878906,3699.412354,3672.947021,6896.522949,40000.0,40000.0,40000.0,26373.369141,40000.0,40000.0,40000.0,24382.222656,23967.578125,4712.081055,3546.128662,2985.862305,40000.0,5000.0,8993.772694,49602.123429,-7669.820854,0,true,true,1.0,-0.01,0
6,710,35.5,37230.969961,-55314.377686,44129.456717,-57649.44807,31557.433999,-2963.660963,2407.192864,-102.809593,-24.779327,14.149599,134.72879,0.0,0.0,1.0,0.0,3.13299,-0.335678,1.0,-14995.372702,-640.354075,-47120.102753,99.282144,1.0,-11594.182341,10538.495585,-53224.965952,98.939259,1.0,17585.964728,5430.027478,-58969.163044,69.997055,40000.0,40000.0,26634.873047,40000.0,40000.0,40000.0,40000.0,9311.620117,4204.928223,3602.062744,6992.408691,40000.0,40000.0,40000.0,26683.197266,40000.0,40000.0,40000.0,40000.0,23392.748047,4691.97168,3476.570312,2898.573486,40000.0,5000.0,8001.566674,49550.08523,-8855.427194,0,true,true,1.0,-0.01,0
6,711,35.55,37427.614202,55686.763484,43967.576297,51481.871773,31560.272955,-2943.538358,2436.198041,-20.170166,-27.64752,17.420183,131.55983,0.0,0.0,1.0,0.0,1.531731,-0.139248,1.0,-19381.8167,-2667.180265,-45451.213575,99.528029,1.0,-16715.794454,8355.674915,-52169.806605,99.302591,1.0,12030.424464,3657.921874,-59891.179346,69.998064,40000.0,40000.0,26956.222656,40000.0,40000.0,40000.0,40000.0,24068.460938,8268.227539,3492.493164,6684.641113,7786.622559,40000.0,40000.0,27458.615234,40000.0,40000.0,40000.0,40000.0,22371.833984,4691.056641,3349.568848,2734.139648,36898.101562,5000.0,5900.023133,49361.041793,-11027.762422,0,true,true,1.0,-0.01,0
6,712,35.6,37525.235577,-55411.999061,43885.827374,-57567.699148,31559.457964,-2928.641102,2452.467543,24.449711,-29.109159,18.999075,129.907425,0.0,0.0,1.0,0.0,0.69993,-0.209979,1.0,-21496.829093,-3646.461098,-44457.068355,99.616329,1.0,-19209.958071,7290.481954,-51448.003649,99.433067,1.0,9261.041248,2768.406527,-60150.084363,69.998426,40000.0,40000.0,40000.0,40000.0,40000.0,40000.0,40000.0,24508.361328,8542.5,3901.586914,6487.015625,7862.151855,40000.0,40000.0,28503.445312,40000.0,40000.0,40000.0,40000.0,22738.128906,4704.966309,3287.499023,2666.389893,4576.869141,5000.0,4808.611103,49230.216386,-11996.876511,0,true,true,1.0,-0.01,0
6,713,35.65,37622.237355,55589.761706,43803.490662,51564.208486,31557.056149,-2910.053195,2470.101251,72.054458,-30.56986,20.414616,128.273544,0.0,0.0,1.0,0.0,-0.769923,-0.279972,1.0,-23449.448352,-4606.094831,-43419.097892,99.689205,1.0,-21532.750626,6240.853011,-50654.793265,99.540753,1.0,6648.727185,1880.858416,-60261.349953,69.998725,40000.0,40000.0,40000.0,32362.748047,40000.0,40000.0,40000.0,24605.71875,8830.807617,4328.528809,4311.269531,7944.658203,40000.0,40000.0,31768.970703,40000.0,40000.0,40000.0,40000.0,23379.498047,4715.289551,3218.880615,2606.489502,4402.64209,5000.0,3716.734116,49079.201294,-12879.359145,0,true,true,1.0,-0.01,0
6,714,35.7,37814.029265,-55603.790971,43637.000031,-57401.208517,31547.445928,-2864.511369,2506.9548,169.293565,-33.169792,22.597221,125.43457,0.0,0.0,1.0,0.0,0.0,0.0,1.0,-26678.913992,-6272.008433,-41447.30481,99.793373,1.0,-25394.161934,4402.828166,-49063.49687,99.694677,1.0,2244.728303,285.004116,-60114.692489,69.999152,40000.0,40000.0,40000.0,28419.0625,40000.0,40000.0,40000.0,25427.835938,9399.695312,7656.552246,4135.398926,8129.836914,40000.0,40000.0,40000.0,28492.119141,40000.0,40000.0,40000.0,24408.646484,4640.071777,2948.556641,2495.58252,3897.775146,5000.0,1780.456543,48760.06793,-14268.175839,0,true,true,1.0,-0.01,0
6,715,35.75,37908.697893,55495.093077,43552.841901,51648.366616,31540.263925,-2840.058704,2524.743776,215.460082,-34.109325,23.322338,124.414314,0.0,0.0,1.0,0.0,0.0,0.0,1.0,-27899.484564,-6858.793333,-40642.06992,99.828853,1.0,-26838.802009,3750.901585,-48380.198105,99.747104,1.0,588.519203,-295.059559,-59921.547685,69.999298,40000.0,40000.0,40000.0,28434.367188,40000.0,40000.0,40000.0,40000.0,10501.493164,8185.797852,4092.387207,8230.452148,40000.0,40000.0,40000.0,28740.384766,40000.0,40000.0,40000.0,24493.835938,4503.92041,2806.163818,2415.61499,3790.298584,5000.0,1056.627675,48631.016241,-14705.436805,0,true,true,1.0,-0.01,0
6,716,35.8,38095.272795,-55790.365872,43382.63576,-57231.002376,31521.03479,-2784.543434,2562.488594,312.551989,-35.453331,24.305132,122.959488,0.0,0.0,1.0,0.0,0.0,0.0,1.0,-29839.23171,-7693.147028,-39341.585207,99.885299,1.0,-29096.485671,2820.684194,-47239.909308,99.830512,1.0,-1978.924462,-1120.853393,-59467.834559,79.893885,40000.0,40000.0,40000.0,28019.666016,40000.0,40000.0,40000.0,40000.0,28285.179688,9046.400391,4620.801758,8276.905273,40000.0,40000.0,40000.0,29178.560547,40000.0,40000.0,40000.0,24633.091797,4058.784668,2537.014648,2386.067383,3665.666748,5000.0,-36.193006,48434.381663,-15258.686252,0,true,true,1.0,-0.01,0
6,717,35.85,38187.144686,55403.221186,43296.606048,51734.396328,31509.047408,-2756.156584,2580.891228,359.621418,-35.925594,24.635859,122.449516,0.0,0.0,1.0,0.0,0.0,0.0,1.0,-30638.55098,-7987.485253,-38816.425933,99.905889,1.0,-30007.14372,2491.836591,-46766.90378,99.860937,1.0,-3004.313153,-1415.191344,-59228.222509,83.503184,40000.0,40000.0,40000.0,27558.583984,40000.0,40000.0,40000.0,40000.0,26012.287109,9195.944336,4872.608887,8178.647461,40000.0,40000.0,40000.0,29371.876953,40000.0,40000.0,40000.0,24687.583984,3909.564209,2250.114258,2460.397705,3747.310059,5000.0,-452.141216,48361.790844,-15426.693135,0,true,true,1.0,-0.01,0
6,718,35.9,38277.959407,-55881.180594,43209.906458,-57144.302787,31495.350901,-2724.441501,2600.987546,410.895201,-36.288021,24.884638,122.058571,0.0,0.0,1.0,0.0,0.0,0.0,1.0,-31351.59133,-8217.581976,-38365.553158,99.924664,1.0,-30806.238083,2234.77138,-46354.04082,99.888679,1.0,-3896.270813,-1645.594026,-58990.754195,86.794208,40000.0,40000.0,40000.0,27163.697266,40000.0,40000.0,40000.0,40000.0,26142.740234,9336.875977,5115.695312,8109.607422,40000.0,40000.0,40000.0,29548.921875,40000.0,40000.0,40000.0,24731.955078,3451.358398,2101.434082,2426.744873,3686.483398,5000.0,-797.603384,48304.629185,-15540.675111,0,true,true,1.0,-0.01,0
6,719,35.95,38456.911162,55224.269432,43034.848257,51909.45453,31463.73485,-2670.479591,2634.341118,495.776309,-36.810818,25.236038,121.495239,0.0,0.0,1.0,0.0,0.0,0.0,1.0,-32629.320653,-8555.103777,-37608.379248,99.948337,1.0,-32208.411016,1857.631502,-45648.961673,99.923659,1.0,-5437.600461,-1984.842035,-58533.562986,90.943821,40000.0,40000.0,40000.0,26937.296875,40000.0,40000.0,40000.0,40000.0,26367.201172,9603.007812,5585.156738,5499.800781,10111.049805,40000.0,40000.0,29871.185547,40000.0,40000.0,40000.0,24800.289062,2850.964111,1924.08728,2387.704102,3580.606445,5000.0,-1359.89622,48219.54302,-15673.619646,0,true,true,1.0,-0.01,0
6,720,36.0,38545.011462,-55969.280893,42946.48123,-57055.93576,31445.797461,-2643.00885,2651.01066,538.121637,-36.993263,25.356619,121.298813,0.0,0.0,1.0,0.0,0.0,0.0,1.0,-33212.426021,-8678.169571,-37289.730053,99.957551,1.0,-32835.772488,1720.286167,-45347.097074,99.937275,1.0,-6117.847319,-2108.245916,-58315.712182,92.559,40000.0,40000.0,40000.0,26850.824219,40000.0,40000.0,40000.0,40000.0,26464.90625,9729.719727,5812.183105,5488.923828,10031.591797,40000.0,40000.0,30019.003906,40000.0,40000.0,40000.0,24825.59375,2393.598633,1892.394775,2465.280518,3572.989502,5000.0,-1591.42057,48188.843713,-15705.270713,0,true,true,1.0,-0.01,0
6,721,36.05,38632.085245,55137.195649,42857.497001,51998.438759,31426.293567,-2612.213358,2669.526732,585.116794,-37.226048,25.551998,120.976562,0.0,0.0,1.0,0.0,1.609839,-0.559944,1.0,-33870.690393,-8826.188125,-36899.184607,99.966206,1.0,-33564.924809,1558.52815,-44972.645117,99.950064,1.0,-6928.42332,-2234.149693,-58084.302784,94.076175,40000.0,40000.0,40000.0,26784.232422,40000.0,40000.0,40000.0,40000.0,26589.724609,9870.489258,8000.542969,5464.910156,10017.734375,40000.0,40000.0,30186.548828,40000.0,40000.0,40000.0,24861.53125,1914.753906,1894.167358,2417.237305,3933.393555,5000.0,-1896.112345,48157.565635,-15729.758733,0,true,true,1.0,-0.01,0
6,722,36.1,38803.289896,-56140.485545,42677.802304,-56876.241063,31382.912433,-2551.054465,2705.251213,675.607783,-38.03611,26.24369,119.522575,0.0,0.0,1.0,0.0,3.620171,-2.9791,1.0,-35550.053919,-9352.534707,-35699.278175,99.978634,1.0,-35552.461529,1006.50162,-43801.656406,99.968429,1.0,-9219.670286,-2535.411312,-57513.696818,96.254794,40000.0,40000.0,40000.0,26745.150391,40000.0,40000.0,40000.0,40000.0,26918.855469,10231.185547,8692.060547,5321.066895,10180.675781,40000.0,40000.0,30893.501953,40000.0,40000.0,40000.0,24978.644531,1726.088379,1928.749878,2342.336182,3778.69751,5000.0,-3017.276713,48078.359006,-15731.311448,0,true,true,1.0,-0.01,0
6,723,36.15,38887.391941,55053.093604,42587.10475,52089.136313,31359.100559,-2523.06121,2720.926488,714.356188,-38.652309,26.676208,118.316483,0.0,0.0,1.0,0.0,2.742971,-2.011513,1.0,-36537.546918,-9788.998798,-34874.386991,99.982499,1.0,-36790.305659,556.315546,-42985.805285,99.97414,1.0,-10680.955135,-2736.581978,-57149.741472,96.93229,40000.0,40000.0,40000.0,26771.130859,40000.0,40000.0,40000.0,40000.0,26430.402344,10725.818359,9152.588867,5575.302734,10232.620117,40000.0,40000.0,31626.416016,40000.0,40000.0,40000.0,25125.826172,1664.007568,1865.574951,2301.11499,3650.701416,5000.0,-3897.266297,48018.472054,-15692.78922,0,true,true,1.0,-0.01,0
6,724,36.2,38970.41014,-56223.503744,42495.82146,-56784.957773,31333.885988,-2490.545831,2738.498556,756.437074,-39.363438,27.182627,116.909241,0.0,0.0,1.0,0.0,2.59226,-1.219887,1.0,-37593.293619,-10286.719266,-33917.202212,99.985975,1.0,-38135.230404,42.07607,-42030.363745,99.979276,1.0,-12301.087532,-2968.672899,-56720.508069,97.541539,40000.0,40000.0,40000.0,40000.0,40000.0,40000.0,40000.0,40000.0,26319.132812,11708.915039,9690.731445,5869.853027,10281.228516,40000.0,40000.0,32126.408203,40000.0,40000.0,40000.0,25865.064453,1660.148193,1847.092773,2325.121582,3512.484375,5000.0,-4887.987857,47943.598074,-15619.634022,0,true,true,1.0,-0.01,0
6,725,36.25,39133.116564,54890.387179,42311.556165,52273.401608,31279.541695,-2424.566502,2771.893583,833.065491,-41.014374,28.292391,113.652237,0.0,0.0,1.0,0.0,1.61817,-0.956192,1.0,-39778.420167,-11437.183529,-31695.005867,99.990644,1.0,-40976.407653,-1153.116248,-39784.72524,99.986174,1.0,-15819.594827,-3532.840748,-55661.245821,98.359891,40000.0,40000.0,40000.0,40000.0,28128.630859,40000.0,40000.0,40000.0,27114.517578,40000.0,10457.705078,6555.487793,10381.183594,40000.0,40000.0,32902.824219,40000.0,40000.0,40000.0,1684.566406,1702.588379,1837.217041,2221.968262,3008.072754,5000.0,-7095.777571,47739.348019,-15357.43774,0,true,true,1.0,-0.01,0
6,726,36.3,39212.605303,-56302.992482,42218.5349,-56691.936509,31250.3932,-2384.662033,2790.637801,874.454804,-41.940319,28.846272,111.844208,0.0,0.0,1.0,0.0,1.605652,-1.070434,1.0,-40858.215166,-12092.014083,-30460.523263,99.992503,1.0,-42413.29606,-1838.202672,-38522.253591,99.988922,1.0,-17652.73977,-3874.151177,-55027.847479,98.685827,40000.0,40000.0,40000.0,40000.0,28091.257812,40000.0,40000.0,40000.0,40000.0,31067.179688,10686.178711,7625.073242,10084.430664,40000.0,40000.0,36251.203125,40000.0,40000.0,40000.0,1667.27124,1697.129272,1839.264648,2159.842529,2881.027588,5000.0,-8287.413841,47604.548384,-15164.191114,0,true,true,1.0,-0.01,0
6,727,36.35,39290.789154,54812.203329,42124.931919,52367.00459,31219.988347,-2345.515397,2808.089294,912.145547,-42.927177,29.380066,109.934418,0.0,0.0,1.0,0.0,1.40522,-1.035425,1.0,-41910.694039,-12798.055007,-29155.841519,99.993869,1.0,-43837.257771,-2580.599101,-37178.165104,99.990941,1.0,-19507.157382,-4257.99559,-54325.656768,98.92532,40000.0,40000.0,40000.0,40000.0,27442.039062,40000.0,40000.0,40000.0,40000.0,27834.779297,10933.990234,9268.30957,6629.876953,40000.0,40000.0,40000.0,40000.0,40000.0,40000.0,1639.062744,1671.764771,1815.597778,2075.260498,2758.293701,5000.0,-9524.859304,47444.635587,-14927.142402,0,true,true,1.0,-0.01,0
6,728,36.4,39367.384075,-56379.587404,42030.657796,-56597.662385,31188.162539,-2297.847531,2828.223546,954.774182,-43.988564,29.892988,107.896057,0.0,0.0,1.0,0.0,1.556167,-1.138659,1.0,-42937.669521,-13551.947474,-27779.346325,99.995139,1.0,-45249.996392,-3395.200797,-35736.138488,99.992817,1.0,-21401.830995,-4675.768668,-53554.667064,99.147894,40000.0,40000.0,40000.0,40000.0,26827.742188,40000.0,40000.0,40000.0,40000.0,28148.556641,11204.657227,9838.586914,6433.975586,12108.583984,40000.0,40000.0,32453.513672,40000.0,40000.0,1648.050293,1633.182373,1754.32666,1997.458618,2638.289062,5000.0,-10821.541931,47254.494689,-14639.054212,0,true,true,1.0,-0.01,0
6,729,36.45,39515.847917,54663.739487,41840.259077,52557.403309,31120.682735,-2203.837536,2864.676195,1029.979,-46.308479,30.800638,103.495628,0.0,0.0,1.0,0.0,1.291983,-0.959759,1.0,-44839.318527,-15274.668946,-24791.236455,99.996777,1.0,-47993.028277,-5212.823487,-32601.84553,99.995237,1.0,-25194.812584,-5710.137127,-51755.997081,99.435014,40000.0,40000.0,40000.0,40000.0,40000.0,40000.0,40000.0,40000.0,40000.0,27601.777344,40000.0,11183.860352,7153.421875,11665.162109,40000.0,40000.0,33222.125,40000.0,40000.0,1688.218018,1619.371704,1685.390381,1892.104248,2411.229492,5000.0,-13549.326204,46771.979381,-13905.339833,0,true,true,1.0,-0.01,0
6,730,36.5,39587.543309,-56451.282795,41744.145649,-56501.548958,31085.089791,-2150.861634,2883.402681,1067.788258,-47.5509,31.213026,101.16758,0.0,0.0,1.0,0.0,1.50612,-0.832329,1.0,-45711.458163,-16199.916333,-23191.826909,99.997388,1.0,-49288.395573,-6208.460834,-30903.807839,99.99614,1.0,-27088.811911,-6302.399109,-50731.096194,99.542082,40000.0,40000.0,40000.0,40000.0,40000.0,28451.130859,40000.0,40000.0,40000.0,28046.638672,40000.0,11395.334961,7569.024414,11629.457031,40000.0,40000.0,34362.035156,40000.0,40000.0,1733.365723,1618.77417,1660.205444,1839.873779,2306.236572,5000.0,-14940.440112,46482.795267,-13454.133228,0,true,true,1.0,-0.01,0
6,731,36.55,39725.360485,54525.92231,41550.124698,52751.42426,31010.303041,-2036.255602,2919.840718,1140.932392,-50.193192,31.960814,96.272308,0.0,0.0,1.0,0.0,1.635007,-0.760468,1.0,-47277.400174,-18151.185487,-19777.630297,99.998273,1.0,-51715.673712,-8327.034835,-27240.698112,99.997448,1.0,-30848.904299,-7628.746604,-48414.671357,99.697307,40000.0,40000.0,40000.0,40000.0,40000.0,27666.792969,40000.0,40000.0,40000.0,40000.0,28999.205078,11891.042969,10435.996094,7480.874023,40000.0,40000.0,35285.730469,40000.0,2048.967529,1752.540649,1653.209961,1655.338501,1740.491455,2112.425049,5000.0,-17736.146276,45809.302524,-12367.983058,0,true,true,1.0,-0.01,0
6,732,36.6,39791.207619,-56517.129929,41452.221871,-56403.646131,30971.106289,-1975.413906,2937.084657,1175.902502,-51.590092,32.295124,93.710724,0.0,0.0,1.0,0.0,1.494727,-0.651548,1.0,-47961.045303,-19168.061271,-17963.450216,99.998589,1.0,-52833.93283,-9440.794175,-25274.478381,99.997915,1.0,-32704.039828,-8359.468375,-47117.177241,99.752661,40000.0,40000.0,40000.0,40000.0,40000.0,26884.058594,40000.0,40000.0,40000.0,40000.0,29293.589844,12808.683594,11109.990234,7497.763184,40000.0,40000.0,40000.0,40000.0,2029.529541,1721.170166,1648.737305,1639.441772,1708.952026,2022.899902,5000.0,-19125.851389,45426.128222,-11728.039543,0,true,true,1.0,-0.01,0
6,733,36.65,39854.687567,54462.442362,41353.705406,52849.940725,30930.640542,-1904.398349,2955.493804,1213.97234,-53.034901,32.595402,91.076981,0.0,0.0,1.0,0.0,1.484622,-0.678684,1.0,-48567.396222,-20211.035984,-16083.670711,99.998874,1.0,-53875.436678,-10589.755576,-23223.510333,99.998337,1.0,-34531.234089,-9135.866179,-45724.703193,99.802691,40000.0,40000.0,40000.0,40000.0,40000.0,26887.837891,40000.0,40000.0,40000.0,40000.0,28372.494141,40000.0,11880.039062,7888.464355,12844.032227,40000.0,40000.0,34140.464844,2074.408447,1738.492432,1589.426025,1615.096436,1701.633179,1937.479126,5000.0,-20503.543124,45011.687152,-11021.959866,0,true,true,1.0,-0.01,0
6,734,36.7,39915.709008,-56578.15137,41254.612133,-56304.552859,30888.945014,-1830.643129,2972.798011,1250.865793,-54.51725,32.857006,88.389412,0.0,0.0,1.0,0.0,1.366615,-0.585692,1.0,-49091.389759,-21270.91143,-14149.930921,99.9991,1.0,-54831.199168,-11764.15903,-21099.81437,99.99867,1.0,-36315.702086,-9951.812062,-44244.114461,99.842221,40000.0,40000.0,40000.0,40000.0,40000.0,40000.0,40000.0,40000.0,40000.0,40000.0,28731.599609,40000.0,12161.145508,8320.661133,12715.727539,40000.0,40000.0,34401.789062,2139.52832,1757.440186,1584.336792,1575.630493,1654.909912,1856.107056,5000.0,-21856.212655,44568.791936,-10252.878055,0,true,true,1.0,-0.01,0
6,735,36.75,40030.809371,54347.341999,41055.026141,53049.526718,30802.383176,-1691.90939,3000.194872,1313.511057,-57.54615,33.202538,82.932175,0.0,0.0,1.0,0.0,0.936379,-0.576234,1.0,-49856.729001,-23441.363906,-10194.097799,99.999389,1.0,-56437.894566,-14189.559338,-16716.186653,99.999097,1.0,-39674.315439,-11703.357782,-41070.020709,99.892901,4320.637695,40000.0,40000.0,40000.0,40000.0,40000.0,28034.697266,40000.0,40000.0,40000.0,40000.0,29793.878906,12609.365234,11191.1875,8512.80957,40000.0,40000.0,36092.613281,2282.540283,1799.721802,1574.045288,1488.813721,1559.970337,1704.658691,5000.0,-24465.098976,43595.46037,-8555.658114,0,true,true,1.0,-0.01,0
6,736,36.8,40084.714568,-56632.056567,40954.618471,-56204.145189,30757.585456,-1617.155825,3012.229929,1343.931535,-59.059242,33.280956,80.216507,0.0,0.0,1.0,0.0,0.69993,-0.419958,1.0,-50094.429057,-24533.404576,-8209.975265,99.999497,1.0,-57076.867004,-15420.074296,-14498.422892,99.999257,1.0,-41219.707717,-12625.497757,-39404.640126,99.911909,3436.584473,40000.0,40000.0,40000.0,40000.0,40000.0,26734.560547,40000.0,40000.0,40000.0,40000.0,29986.820312,13643.450195,11854.914062,8218.796875,40000.0,40000.0,39713.160156,2367.052002,1849.935425,1575.758789,1463.775635,1468.873169,1634.077637,5000.0,-25697.456899,43073.78749,-7645.367678,0,true,true,1.0,-0.01,0
6,737,36.85,40184.846638,54247.209929,40752.807311,53251.337878,30665.139574,-1463.855452,3031.518516,1400.18078,-62.084969,33.114559,74.762245,0.0,0.0,1.0,0.0,0.832135,-0.832135,1.0,-50215.087427,-26850.624179,-4266.190503,99.999656,1.0,-57980.633155,-18053.28377,-10051.795846,99.999491,1.0,-43989.899833,-14657.709856,-35953.075977,99.939619,2483.694336,40000.0,40000.0,40000.0,40000.0,40000.0,40000.0,40000.0,40000.0,40000.0,40000.0,29143.697266,40000.0,12792.759766,8976.370117,13592.09082,40000.0,40000.0,2567.598633,1941.41272,1612.516724,1421.059204,1376.793579,1633.650635,5000.0,-28119.807167,41894.512847,-5711.530893,0,true,true,1.0,-0.01,0
6,738,36.9,40230.828853,-56678.038782,40651.495334,-56102.833212,30617.550631,-1379.466396,3039.359138,1427.668228,-63.597015,32.853645,72.0047,0.0,0.0,1.0,0.0,1.14557,-1.060713,1.0,-50082.462485,-28095.948625,-2300.686583,99.999717,1.0,-58234.332551,-19480.984092,-7814.72955,99.999582,1.0,-45212.228091,-15789.108618,-34162.12952,99.950465,2358.740479,40000.0,40000.0,40000.0,40000.0,40000.0,40000.0,27996.6875,40000.0,40000.0,40000.0,40000.0,40000.0,12928.829102,10516.330078,13381.161133,40000.0,40000.0,2822.614746,1969.643555,1603.889648,1435.1875,1330.728638,1564.278442,5000.0,-29326.233738,41219.624936,-4679.45124,0,true,true,1.0,-0.01,0
6,739,36.95,40273.987297,54204.051486,40549.981117,53352.852096,30569.119947,-1294.753234,3045.426363,1452.920444,-65.101036,32.517933,69.236519,0.0,0.0,1.0,0.0,1.151377,-0.938159,1.0,-49837.704071,-29360.8439,-325.15354,99.999767,1.0,-58366.975168,-20939.921364,-5552.259709,99.999655,1.0,-46342.93547,-16968.154305,-32315.984502,99.959124,2241.094727,40000.0,40000.0,40000.0,40000.0,40000.0,40000.0,27575.496094,40000.0,40000.0,40000.0,40000.0,30013.607422,13085.739258,11688.069336,13018.396484,40000.0,40000.0,36114.359375,2000.803955,1531.352295,1405.170044,1284.313477,1496.513916,5000.0,-30497.330183,40505.120721,-3596.621545,0,true,true,1.0,-0.01,0
6,740,37.0,40350.254362,-56754.305848,40350.482139,-55903.334235,30471.867135,-1126.028881,3056.351132,1500.27329,-68.03965,31.661068,63.734493,0.0,0.0,1.0,0.0,0.880838,-0.550524,1.0,-49017.017045,-31888.028466,3611.282902,99.999839,1.0,-58260.821953,-23882.223969,-1000.137808,99.999762,1.0,-48302.861667,-19415.967465,-28497.418286,99.971724,2028.149292,4971.836426,40000.0,40000.0,40000.0,40000.0,40000.0,25786.613281,40000.0,40000.0,40000.0,40000.0,29128.615234,40000.0,12920.436523,8996.817383,40000.0,40000.0,40000.0,2076.358887,1508.890015,1286.582031,1245.301636,1367.540039,5000.0,-32678.18384,38988.181587,-1298.169523,0,true,true,1.0,-0.01,0
6,741,37.05,40384.794896,54169.510952,40248.723674,53454.61056,30421.318947,-1036.215957,3052.753782,1516.445556,-69.420357,31.160631,61.098675,0.0,0.0,1.0,0.0,0.209979,-0.139986,1.0,-48485.89463,-33111.262106,5519.397595,99.999866,1.0,-58054.037371,-25318.656761,1224.700896,99.999802,1.0,-49125.113735,-20647.137882,-26577.055293,99.976453,1930.641357,4095.475098,40000.0,40000.0,40000.0,40000.0,40000.0,40000.0,40000.0,40000.0,40000.0,40000.0,28894.503906,40000.0,13109.250977,9324.891602,14146.589844,40000.0,40000.0,2020.707764,1492.906128,1251.323486,1197.415527,1304.327515,5000.0,-33655.633537,38213.353124,-123.359669,0,true,true,1.0,-0.01,0
6,742,37.1,40443.082135,-56812.593087,40050.545774,-55705.156335,30320.996077,-854.569728,3054.073089,1555.531968,-71.417618,30.326189,57.231346,0.0,0.0,1.0,0.0,-1.539846,1.189881,1.0,-47677.363305,-34967.148859,8459.301976,99.999907,1.0,-57697.028364,-27504.979509,4656.048373,99.999863,1.0,-50325.191492,-22578.731,-23529.09274,99.983748,1766.912598,3771.70459,40000.0,40000.0,40000.0,40000.0,40000.0,40000.0,26873.767578,40000.0,40000.0,40000.0,40000.0,40000.0,13289.445312,11289.946289,13822.540039,40000.0,40000.0,2023.527344,1500.252197,1171.156006,1228.113525,1563.335083,5000.0,-35035.463777,37010.019118,1711.893325,0,true,true,1.0,-0.01,0
6,743,37.15,40468.320879,54144.272209,39949.078871,53556.077463,30268.76985,-757.162259,3044.006933,1566.786718,-72.151688,30.068699,55.80109,0.0,0.0,1.0,0.0,-2.883499,3.187025,1.0,-47455.682549,-35624.080123,9647.282191,100.0,1.0,-57625.905938,-28276.163753,6038.06279,99.999887,1.0,-50849.523806,-23282.41552,-22270.737521,99.9866,1692.163208,3644.495117,40000.0,40000.0,40000.0,40000.0,40000.0,40000.0,26649.601562,40000.0,40000.0,40000.0,40000.0,33281.847656,13412.047852,11940.620117,13766.263672,40000.0,40000.0,1989.96582,1453.270386,1172.657715,1173.668335,1502.346558,5000.0,-35488.439923,36589.030517,2445.817988,0,true,true,1.0,-0.01,0
6,744,37.2,40509.552521,-56853.82473,39746.739018,-55502.816481,30162.898008,-572.552399,3031.849997,1595.129137,-72.519783,30.610374,55.144428,0.0,0.0,1.0,0.0,-7.451343,7.676006,1.0,-58400.118596,-28185.495876,7299.292144,100.0,1.0,-48234.127406,-35588.115913,10782.046637,100.0,1.0,-51943.971471,-23255.777697,-21071.109183,99.990812,2106.029297,3503.295654,40000.0,40000.0,40000.0,40000.0,40000.0,40000.0,25833.376953,40000.0,40000.0,40000.0,40000.0,30186.0625,13862.989258,12357.483398,14033.413086,40000.0,40000.0,1780.40979,1229.575073,1191.703857,1107.620483,1532.171509,5000.0,-35411.9461,36740.516511,2994.230428,0,true,true,1.0,-0.01,0
6,745,37.25,40525.697654,54128.127075,39645.898433,53656.918048,30109.241817,-484.353986,3025.217368,1609.685624,-72.251114,31.171761,55.70068,0.0,0.0,1.0,0.0,-4.944613,3.408786,1.0,-59119.969549,-27607.45763,7267.201176,100.0,1.0,-49061.630626,-35126.969318,10799.554709,100.0,1.0,-52465.000156,-22767.081274,-21061.532967,99.992401,2055.891846,3468.858643,40000.0,40000.0,40000.0,40000.0,40000.0,40000.0,26197.488281,40000.0,40000.0,40000.0,40000.0,30471.515625,13928.021484,12454.298828,14301.141602,40000.0,3335.095459,1703.313843,1196.894531,1114.541626,1388.072266,1475.16394,5000.0,-35079.428325,37130.310428,2872.711566,0,true,true,1.0,-0.01,0
6,746,37.3,40549.654973,-56877.782048,39445.834697,-55302.752744,30000.918565,-323.391264,3014.26913,1641.38683,-71.326103,32.505802,57.505245,0.0,0.0,1.0,0.0,-2.011283,2.618463,1.0,-60792.903246,-25990.331951,6659.491341,100.0,1.0,-51037.234001,-33806.048606,10369.362049,100.0,1.0,-53481.842262,-21382.469589,-21524.489192,99.994776,2511.477539,4038.399902,40000.0,40000.0,40000.0,40000.0,40000.0,40000.0,27250.404297,40000.0,40000.0,40000.0,40000.0,40000.0,14321.49707,11761.242188,14972.316406,40000.0,2456.314941,1363.064941,1161.875977,1264.092163,1404.113159,1743.85022,5000.0,-34167.559757,38135.891807,2347.012399,0,true,true,1.0,-0.01,0
6,747,37.35,40557.720392,54120.061657,39345.587869,53757.164876,29945.618204,-241.962538,3007.404681,1659.010739,-70.605125,33.342857,58.847614,0.0,0.0,1.0,0.0,-2.955659,3.107232,1.0,-61774.648422,-24842.706835,6031.284354,100.0,1.0,-52232.900572,-32850.697852,9872.498818,100.0,1.0,-53983.585717,-20395.306489,-22037.951468,99.995766,2475.334229,40000.0,40000.0,40000.0,40000.0,40000.0,40000.0,40000.0,27590.710938,40000.0,40000.0,40000.0,40000.0,40000.0,14549.660156,10859.041992,15415.59668,40000.0,2022.733032,1314.395386,1062.307617,1306.570679,1333.796631,1835.587036,5000.0,-33517.123155,38798.888623,1928.904794,0,true,true,1.0,-0.01,0
6,748,37.4,40567.207919,-56887.269576,39145.526068,-55102.690944,29833.187124,-110.776621,2999.005492,1696.041017,-68.830589,34.996521,62.025486,0.0,0.0,1.0,0.0,-0.979902,0.349965,1.0,-63750.698715,-22295.492473,4352.920009,100.0,1.0,-54695.141373,-30703.062257,8507.275724,100.0,1.0,-54860.868487,-18216.714095,-23414.202335,99.997103,2988.071777,40000.0,40000.0,40000.0,40000.0,40000.0,40000.0,40000.0,28420.009766,40000.0,40000.0,40000.0,31309.523438,40000.0,15045.018555,10888.765625,40000.0,40000.0,1437.868652,1135.757446,1331.31189,1290.084961,1589.87439,1721.944702,5000.0,-32070.606749,40173.597221,938.737534,0,true,true,1.0,-0.01,0
6,749,37.45,40569.023289,54118.246286,39045.660883,53857.030061,29775.99641,-54.461104,2995.955415,1715.721314,-67.91452,35.751999,63.617226,0.0,0.0,1.0,0.0,0.069993,0.0,1.0,-64678.467392,-21022.047855,3485.252585,100.0,1.0,-55858.698408,-29620.416368,7787.666693,100.0,1.0,-55249.949446,-17146.875416,-24118.951611,99.997596,2961.467285,40000.0,40000.0,40000.0,40000.0,40000.0,40000.0,40000.0,40000.0,40000.0,40000.0,40000.0,31614.398438,40000.0,15308.108398,10911.325195,40000.0,3323.677979,1493.071411,1282.740601,1404.87085,1198.102539,1669.559204,2064.246338,5000.0,-31352.434409,40813.734912,466.676618,0,true,true,1.0,-0.01,0
6,750,37.5,40568.998173,-56887.244459,38945.884182,-55002.914243,29718.068997,0.753499,2993.300874,1737.822304,-67.060295,36.406708,65.079109,0.0,0.0,1.0,0.0,0.697343,-1.049895,1.0,-65516.851804,-19870.266179,2694.807627,100.0,1.0,-56922.482858,-28626.516007,7122.887322,100.0,1.0,-55615.119195,-16179.826106,-24759.262674,99.998037,3531.592529,40000.0,40000.0,40000.0,40000.0,40000.0,40000.0,40000.0,40000.0,40000.0,40000.0,40000.0,31975.556641,40000.0,15232.868164,11211.921875,40000.0,2021.674683,1231.136841,1417.894287,1283.600464,1517.554443,1593.230835,2159.013672,5000.0,-30704.770784,41375.455722,48.742376,0,true,true,1.0,-0.01,0
6,751,37.55,40564.423577,54122.820882,38746.514912,54056.399331,29600.086113,90.554893,2989.737425,1780.861972,-65.465385,37.368076,67.760399,0.0,0.0,1.0,0.0,-0.128403,-1.284026,1.0,-66997.275996,-17927.712959,1167.999666,100.0,1.0,-58800.127011,-26934.080281,5823.655794,100.0,1.0,-56238.559898,-14564.688057,-25986.091684,99.998657,3461.144043,40000.0,40000.0,40000.0,40000.0,40000.0,40000.0,27024.777344,40000.0,40000.0,40000.0,40000.0,33861.789062,40000.0,15012.214844,16296.084961,40000.0,1633.352661,1472.822266,1328.44751,1345.758545,1514.924805,1843.385132,2027.586426,5000.0,-29641.383039,42278.066008,-716.371607,0,true,true,1.0,-0.01,0
6,752,37.6,40560.131076,-56882.951958,38646.892879,-54903.29221,29540.008815,128.775038,2988.660845,1802.318837,-64.721588,37.691204,68.995163,0.0,0.0,1.0,0.0,0.0,-1.049895,1.0,-67658.033001,-17124.712036,416.125402,100.0,1.0,-59635.054162,-26228.228999,5176.825892,100.0,1.0,-56504.323598,-13903.585036,-26586.335773,99.998886,40000.0,40000.0,40000.0,40000.0,40000.0,40000.0,40000.0,27176.607422,40000.0,40000.0,40000.0,40000.0,34112.535156,17154.669922,14913.789062,16632.621094,40000.0,1456.562012,1419.700317,1169.353638,1422.425659,1416.642456,1916.425293,2533.778809,5000.0,-29218.168944,42635.347819,-1075.128124,0,true,true,1.0,-0.01,0
6,753,37.65,40547.939035,54135.012923,38447.697733,54255.594476,29417.563973,199.994514,2987.849914,1848.18581,-63.432144,38.027962,71.125252,0.0,0.0,1.0,0.0,0.458407,-1.375221,1.0,-68832.841003,-15926.229916,-977.577025,100.0,1.0,-61093.404938,-25166.652571,3967.871081,100.0,1.0,-56985.329615,-12928.403009,-27688.990486,99.999261,40000.0,40000.0,40000.0,40000.0,40000.0,40000.0,40000.0,27389.816406,40000.0,40000.0,40000.0,40000.0,34520.6875,16652.259766,14229.837891,17235.904297,2023.093384,1656.115723,1243.99939,1436.202881,1366.980469,1648.555664,1740.431152,2380.631592,5000.0,-28634.017365,43153.031042,-1717.993462,0,true,true,1.0,-0.01,0
6,754,37.7,40540.254722,-56875.267645,38348.09105,-54803.685526,29355.220312,230.529359,2988.200339,1870.309726,-62.939766,38.025921,71.941078,0.0,0.0,1.0,0.0,0.685397,-1.941957,1.0,-69346.74662,-15592.203544,-1567.63475,100.0,1.0,-61704.595337,-24868.233578,3453.608075,100.0,1.0,-57218.629697,-12662.632422,-28150.43038,99.999397,40000.0,40000.0,40000.0,40000.0,40000.0,40000.0,40000.0,27430.880859,40000.0,40000.0,40000.0,40000.0,38476.347656,16746.632812,12823.643555,17480.138672,1696.46228,1589.286743,1292.535645,1357.328979,1249.390259,1545.994019,1648.632324,2293.64624,5000.0,-28512.872824,43294.873521,-1985.74157,0,true,true,1.0,-0.01,0
6,755,37.75,40531.658698,54143.608947,38248.455873,54355.229653,29292.178628,257.880708,2989.055144,1891.250438,-62.572098,37.864899,72.556671,0.0,0.0,1.0,0.0,0.636819,-2.622195,1.0,-69803.3579,-15507.790381,-2086.293881,100.0,1.0,-62219.307677,-24791.242469,3000.947502,100.0,1.0,-57438.815852,-12603.331457,-28552.848991,99.999507,40000.0,40000.0,40000.0,40000.0,40000.0,40000.0,40000.0,27403.078125,40000.0,40000.0,40000.0,40000.0,39078.378906,16817.871094,12783.583984,17664.302734,1777.613647,1568.019653,1397.08252,1382.564575,1282.515381,1604.152588,1963.962646,2788.288818,5000.0,-28550.206978,43332.80411,-2221.174655,0,true,true,1.0,-0.01,0
6,756,37.8,40512.058128,-56855.667075,38049.023126,-54604.252779,29164.205159,305.16455,2992.500277,1928.319462,-62.192558,37.029705,73.217072,0.0,0.0,1.0,0.0,0.673352,-3.404168,1.0,-70541.283999,-16142.004216,-2959.480453,100.0,1.0,-62954.787387,-25353.62324,2238.488725,100.0,1.0,-57813.53903,-13144.998142,-29223.71468,99.999665,40000.0,40000.0,40000.0,40000.0,40000.0,40000.0,40000.0,27124.980469,40000.0,40000.0,40000.0,40000.0,40000.0,16863.011719,12720.758789,18239.859375,1926.108154,1416.051025,1405.968872,1147.853149,1364.844849,1390.356323,1911.044434,2572.317139,5000.0,-29122.693387,43079.001016,-2622.806144,0,true,true,1.0,-0.01,0
6,757,37.85,40501.106277,54154.560798,37949.17144,54455.081339,29099.348694,328.555507,2995.550415,1945.693852,-62.262501,36.233105,73.119972,0.0,0.0,1.0,0.0,0.982031,-4.947926,1.0,-70769.821939,-17073.798915,-3256.278707,100.0,1.0,-63093.038824,-26183.463038,1980.899001,100.0,1.0,-57945.246568,-13920.325965,-29444.714037,99.999728,40000.0,40000.0,40000.0,40000.0,40000.0,40000.0,40000.0,26825.083984,40000.0,40000.0,40000.0,40000.0,39067.558594,16815.314453,12693.46875,18264.669922,1834.98645,1486.339722,1333.695557,1250.623901,1420.997437,1282.899414,1797.88623,2447.543701,5000.0,-29781.185463,42694.950535,-2767.648501,0,true,true,1.0,-0.01,0
6,758,37.9,40476.971,-56831.531798,37749.036584,-54404.117922,28968.285594,373.984486,3004.692433,1972.177859,-62.898266,33.862091,72.048637,0.0,0.0,1.0,0.0,1.462085,-5.07882,1.0,-70860.911429,-20234.008529,-3504.602327,100.0,1.0,-62823.044202,-28993.647078,1772.974022,100.0,1.0,-58046.711368,-16535.033602,-29606.53894,99.999819,40000.0,40000.0,40000.0,40000.0,40000.0,40000.0,40000.0,25952.822266,40000.0,40000.0,40000.0,40000.0,33570.878906,16603.685547,12667.871094,2167.969238,1549.047119,1446.102295,1159.198364,1239.109009,1182.159668,1465.274658,1563.398804,2176.356445,5000.0,-31842.964843,41333.509657,-2915.326097,0,true,true,1.0,-0.01,0
6,759,37.95,40463.655004,54167.876794,37648.657083,54555.46084,28902.239032,399.479864,3011.38487,1981.396745,-63.472206,32.325951,71.011711,0.0,0.0,1.0,0.0,2.136122,-4.729986,1.0,-70673.623906,-22456.804232,-3339.080569,100.0,1.0,-62363.371617,-30962.108502,1924.882283,100.0,1.0,-58018.31971,-18373.020601,-29450.539831,99.999854,40000.0,40000.0,40000.0,40000.0,40000.0,40000.0,40000.0,25424.318359,40000.0,40000.0,40000.0,40000.0,33099.371094,16474.904297,12701.015625,2221.779297,1599.783936,1493.963379,1214.504517,1270.345703,1068.051392,1373.366455,1445.003418,2034.553711,5000.0,-33222.7346,40322.530389,-2857.386806,0,true,true,1.0,-0.01,0
6,760,38.0,40449.488086,-56817.36488,37548.034404,-54303.495243,28836.026939,425.007516,3018.680223,1986.36267,-64.161263,30.657236,69.70047,0.0,0.0,1.0,0.0,2.496905,-3.879807,1.0,-70330.064295,-24964.821166,-2948.311762,100.0,1.0,-61705.77647,-33173.601766,2273.967817,100.0,1.0,-57947.231446,-20451.085904,-29110.138988,99.99988,40000.0,40000.0,40000.0,40000.0,40000.0,40000.0,40000.0,26338.722656,40000.0,40000.0,40000.0,40000.0,32620.095703,16788.677734,14334.47168,2276.875732,1647.237305,1315.037598,1263.394531,1193.870117,1110.181519,1392.802734,1635.738892,1894.907471,5000.0,-34735.568525,39128.53129,-2685.29591,0,true,true,1.0,-0.01,0
6,761,38.05,40418.254955,54199.109925,37345.954772,54757.540471,28703.610221,483.239915,3035.335936,1984.931811,-66.135025,26.987867,65.529251,0.0,0.0,1.0,0.0,2.20859,-2.20859,1.0,-57797.199393,-25518.871306,-27184.780318,100.0,1.0,-68935.529034,-31042.974484,-678.223344,100.0,1.0,-59491.021138,-38484.060354,4253.243144,100.0,40000.0,40000.0,40000.0,40000.0,40000.0,40000.0,40000.0,40000.0,26312.746094,40000.0,40000.0,40000.0,30558.978516,40000.0,15116.696289,2411.305176,1744.793701,1240.850464,1183.794067,968.372437,1203.76001,1187.652222,1478.921631,1624.790894,5000.0,-38229.301906,35992.188959,-1493.450725,0,true,true,1.0,-0.01,0
6,762,38.1,40400.841692,-56799.951617,37244.481985,-54202.022456,28637.695662,522.397849,3044.18345,1977.43668,-67.294739,25.067802,62.821594,0.0,0.0,1.0,0.0,2.623813,-1.836669,1.0,-57654.254847,-28363.233198,-25628.220049,100.0,1.0,-67830.61669,-34404.086604,1141.04333,100.0,1.0,-57920.499003,-41385.289949,5816.620337,100.0,40000.0,40000.0,40000.0,40000.0,40000.0,40000.0,40000.0,40000.0,25527.482422,40000.0,40000.0,40000.0,30311.646484,40000.0,15648.033203,14923.34082,1798.982788,1283.087646,1217.269287,959.22052,1112.769043,1093.668823,1373.892944,1499.317749,5000.0,-40039.578445,34105.069467,-447.419933,0,true,true,1.0,-0.01,0
6,763,38.15,40382.002126,54217.949492,37142.764035,54859.258421,28572.162506,565.186964,3051.538349,1965.994579,-68.400452,23.14992,60.034985,0.0,0.0,1.0,0.0,2.720433,-1.437943,1.0,-57391.049335,-31223.97501,-23914.081237,100.0,1.0,-66500.878021,-37737.221059,3117.903908,100.0,1.0,-56141.215455,-44235.353254,7497.994972,100.0,40000.0,40000.0,40000.0,40000.0,40000.0,36153.535156,40000.0,40000.0,23630.041016,40000.0,40000.0,40000.0,40000.0,40000.0,15587.624023,11472.304688,1858.505493,1327.651611,1250.471313,994.047913,1042.547485,1002.247009,1274.443726,1382.147095,5000.0,-41732.822001,32122.437499,759.431366,0,true,true,1.0,-0.01,0
6,764,38.2,40339.147486,-56757.096978,36938.811488,-53998.069909,28442.853385,668.960851,3060.941069,1930.017706,-70.4617,19.497852,54.14286,0.0,0.0,1.0,0.0,3.255483,-0.268099,1.0,-56577.144714,-36817.464593,-19908.94322,100.0,1.0,-63205.377153,-44098.520408,7625.996088,100.0,1.0,-52018.668057,-49593.142791,11265.792264,100.0,40000.0,40000.0,40000.0,40000.0,40000.0,37498.113281,40000.0,40000.0,40000.0,40000.0,40000.0,40000.0,40000.0,30415.675781,16109.989258,12852.787109,2000.55481,1425.084351,1041.568848,1059.0,1034.31543,855.814758,1089.698608,1169.167847,5000.0,-44616.786074,28014.37856,3766.481161,0,true,true,1.0,-0.01,0
6,765,38.25,40314.867196,54242.229782,36836.765596,54961.304313,28379.310539,728.408675,3061.376594,1906.285263,-71.405083,17.831522,51.060112,0.0,0.0,1.0,0.0,3.436315,0.037762,1.0,-56050.044123,-39461.945697,-17635.614812,100.0,1.0,-61282.549251,-47022.377237,10114.746343,100.0,1.0,-49733.940541,-52016.241987,13308.178686,100.0,40000.0,40000.0,25226.566406,40000.0,40000.0,40000.0,40000.0,40000.0,40000.0,24698.484375,40000.0,40000.0,40000.0,29127.875,40000.0,14404.326172,2087.138916,1479.887695,1010.665649,1090.102539,945.792969,887.516357,1088.114136,1071.307373,5000.0,-45739.078766,25974.579723,5565.745235,0,true,true,1.0,-0.01,0
6,766,38.3,40288.460683,-56730.690465,36734.825935,-53896.130248,28316.663066,792.195349,3058.189653,1879.424113,-72.277359,16.279549,47.936337,0.0,0.0,1.0,0.0,2.809361,0.346359,1.0,-55437.174505,-41974.049554,-15240.775544,100.0,1.0,-59205.724304,-49741.635755,12680.457886,100.0,1.0,-47338.432378,-54244.766166,15386.6036,100.0,20904.529297,40000.0,40000.0,40000.0,28297.203125,40000.0,39391.292969,40000.0,40000.0,23384.185547,40000.0,40000.0,40000.0,29138.775391,40000.0,15116.209961,2183.846924,1539.489624,1055.695435,1040.096069,850.074951,914.884094,1058.008423,977.330444,5000.0,-46628.005461,23985.479793,7517.015009,0,true,true,1.0,-0.01,0
6,767,38.35,40259.786451,54270.904014,36633.129554,55063.000694,28255.00632,860.226909,3050.891278,1849.70227,-73.062508,14.819449,44.848591,0.0,0.0,1.0,0.0,1.775104,0.433914,1.0,-54720.03713,-44349.568624,-12813.688703,100.0,1.0,-57004.395302,-52255.34108,15220.759828,100.0,1.0,-44866.516958,-56281.312136,17417.467041,100.0,20126.070312,40000.0,40000.0,40000.0,40000.0,40000.0,34026.707031,40000.0,40000.0,22473.376953,40000.0,40000.0,40000.0,40000.0,40000.0,15348.795898,2815.1604,1603.815063,1101.233276,1019.132446,753.393616,939.163208,973.844788,885.557861,5000.0,-47292.735472,22062.691506,9542.828776,0,true,true,1.0,-0.01,0
6,768,38.4,40195.351284,-56666.255298,36431.02011,-53694.020804,28134.906768,1001.684762,3023.995487,1785.2816,-74.363945,12.085511,38.920929,0.0,0.0,1.0,0.0,0.139986,0.069993,1.0,-52943.591883,-48730.096811,-8075.174567,100.0,1.0,-52303.321278,-56733.094868,20010.216837,100.0,1.0,-39760.887681,-59850.149996,21183.222168,100.0,2094.054688,40000.0,40000.0,24298.542969,40000.0,26966.517578,35674.390625,40000.0,40000.0,40000.0,24510.011719,40000.0,40000.0,40000.0,29860.59375,16019.249023,12104.414062,1745.922974,1198.184448,1026.9646,822.58551,813.985962,798.043762,871.055054,5000.0,-48032.757578,18415.536838,13623.887383,0,true,true,1.0,-0.01,0
6,769,38.45,40159.301713,54306.953585,36330.935941,55163.084863,28076.657729,1081.487078,3002.5249,1747.471072,-74.784134,11.026768,36.716537,0.0,0.0,1.0,0.0,0.0,0.0,1.0,-52172.755306,-50404.329028,-6266.861035,100.0,1.0,-50431.823376,-58381.831708,21770.533129,100.0,1.0,-37779.306733,-61147.456723,22544.51986,100.0,1713.405396,40000.0,40000.0,23802.976562,40000.0,26968.396484,40000.0,40000.0,40000.0,40000.0,24096.033203,40000.0,40000.0,40000.0,28914.634766,40000.0,14130.808594,1817.32666,1248.159302,794.998474,860.138,850.158813,699.442261,922.004517,5000.0,-48173.019283,17018.078352,15186.771599,0,true,true,1.0,-0.01,0
6,770,38.5,40079.77849,-56586.732075,36133.142579,-53496.227442,27963.78555,1232.405244,2953.436747,1673.51502,-75.355019,9.378538,33.358704,0.0,0.0,1.0,0.0,-0.419958,0.489951,1.0,-50956.554635,-53032.565707,-3434.812682,100.0,1.0,-47549.104275,-60907.920658,24476.165846,100.0,1.0,-34756.353949,-63128.195043,24615.535312,100.0,1792.018921,20120.705078,40000.0,27895.748047,40000.0,27039.972656,40000.0,37929.148438,40000.0,40000.0,22425.615234,40000.0,40000.0,40000.0,28974.84375,40000.0,14951.621094,1954.689819,1218.964966,878.180542,800.989563,630.930359,662.953064,755.739014,5000.0,-48255.853174,14847.435621,17616.16323,0,true,true,1.0,-0.01,0
6,771,38.55,40036.198493,54350.533582,36035.621531,55260.605911,27909.262484,1307.399839,2925.631297,1635.691897,-75.567406,8.648011,31.95158,0.0,0.0,1.0,0.0,-1.743042,1.069594,1.0,-50399.198236,-54180.639353,-2231.70139,100.0,1.0,-46286.085828,-61988.240171,25595.31408,100.0,1.0,-33456.726287,-63971.588064,25472.944716,100.0,1709.603394,19555.34375,40000.0,40000.0,40000.0,40000.0,40000.0,33269.859375,40000.0,40000.0,22259.832031,40000.0,40000.0,40000.0,40000.0,40000.0,15345.05957,2021.129517,930.938721,917.730469,805.989929,559.246582,708.929871,810.674072,5000.0,-48249.891884,13902.219518,18643.466909,0,true,true,1.0,-0.01,0
6,772,38.6,39989.99737,-56540.530951,35939.14306,-53399.74897,27856.087614,1386.033641,2894.353984,1595.246007,-75.702156,8.072266,31.006021,0.0,0.0,1.0,0.0,-4.47438,2.854346,1.0,-50041.868725,-55084.929856,-1383.484956,100.0,1.0,-45455.609211,-62831.467374,26378.352119,100.0,1.0,-32605.34283,-64637.006583,26083.143968,100.0,1748.195068,19167.839844,40000.0,40000.0,40000.0,40000.0,40000.0,32935.632812,40000.0,40000.0,22165.496094,40000.0,40000.0,40000.0,40000.0,40000.0,15636.324219,1572.860718,973.881165,830.555176,533.296082,599.955688,651.389893,775.598267,5000.0,-48280.13226,13183.202855,19333.754555,0,true,true,1.0,-0.01,0
6,773,38.65,39889.841638,54450.689313,35749.423166,55450.325805,27753.820708,1537.802797,2830.883245,1515.127781,-75.681793,7.708643,31.193167,0.0,0.0,1.0,0.0,-7.802462,5.473369,1.0,-50494.36331,-55760.09579,-1270.006243,100.0,1.0,-46006.241691,-63475.053282,26500.357534,100.0,1.0,-33149.986379,-65210.352755,26262.545371,100.0,2301.716797,19050.927734,40000.0,40000.0,40000.0,40000.0,40000.0,32887.726562,40000.0,40000.0,22222.841797,40000.0,40000.0,40000.0,40000.0,40000.0,15645.488281,1649.775513,1046.333862,574.476624,604.746338,556.774292,634.049866,1002.441467,5000.0,-48636.36502,12824.666762,19193.106632,0,true,true,1.0,-0.01,0
6,774,38.7,39836.117439,-56486.806752,35656.070431,-53306.396236,27704.643014,1611.725896,2800.581885,1475.330717,-75.527779,7.879993,32.315922,0.0,0.0,1.0,0.0,-7.546295,4.68785,1.0,-51281.782884,-55557.72342,-2033.158877,100.0,1.0,-47360.103093,-63303.565731,25805.904371,100.0,1.0,-34517.771349,-65137.346222,25798.471124,100.0,17701.527344,19315.154297,40000.0,40000.0,40000.0,40000.0,40000.0,32664.5625,40000.0,40000.0,22373.666016,40000.0,40000.0,40000.0,40000.0,40000.0,15367.139648,1170.956177,615.966553,607.976685,531.465149,587.131226,700.381409,1064.367798,5000.0,-48975.733457,13153.606725,18352.539968,0,true,true,1.0,-0.01,0
6,775,38.75,39780.12221,54506.684542,35563.586324,55542.809912,27656.702121,1679.856763,2774.523069,1438.226723,-75.344002,8.060061,33.619091,0.0,0.0,1.0,0.0,-2.589741,0.909909,1.0,-52108.845909,-55287.524325,-2978.395936,100.0,1.0,-48844.674613,-63063.721205,24928.798218,100.0,1.0,-36023.671096,-65008.476796,25189.241013,100.0,17121.964844,19653.484375,40000.0,27287.484375,40000.0,40000.0,40000.0,37424.066406,40000.0,40000.0,22557.625,40000.0,40000.0,40000.0,29506.787109,40000.0,3148.646973,1192.3302,644.37561,640.689331,576.20575,597.434753,841.863953,1254.208496,5000.0,-49337.735267,13535.873689,17357.45346,0,true,true,1.0,-0.01,0
6,776,38.8,39721.916951,-56428.601493,35471.872361,-53214.682273,27609.985246,1746.157695,2751.418754,1401.506171,-75.193542,8.225038,34.670807,0.0,0.0,1.0,0.0,2.254872,-0.644249,1.0,-52866.404387,-55068.21514,-3733.485867,100.0,1.0,-50134.563522,-62864.787692,24216.6949,100.0,1.0,-37336.720325,-64903.632108,24691.103383,100.0,17231.267578,40000.0,40000.0,25784.228516,40000.0,26429.769531,40000.0,37705.195312,40000.0,40000.0,22727.349609,40000.0,40000.0,40000.0,29574.626953,40000.0,1991.928101,722.747803,672.030762,560.521973,552.126221,656.878174,835.38269,1323.875732,5000.0,-49627.163863,13859.8001,16558.079693,0,true,true,1.0,-0.01,0
6,777,38.85,39661.354555,54567.246938,35380.910671,55633.771601,27564.592393,1816.871783,2728.850536,1361.785524,-75.102051,8.324537,35.311035,0.0,0.0,1.0,0.0,3.461152,-1.516684,1.0,-53485.454906,-54987.579654,-4159.377712,100.0,1.0,-51079.984999,-62792.485691,23808.828127,100.0,1.0,-38299.431166,-64888.157149,24412.312676,100.0,17269.060547,40000.0,40000.0,24902.042969,40000.0,26372.585938,40000.0,37859.773438,40000.0,40000.0,22853.693359,40000.0,40000.0,40000.0,29663.025391,40000.0,1439.037354,747.52771,587.237854,542.831909,583.809143,742.297729,892.171631,1498.39624,5000.0,-49838.605713,14044.971017,16079.192832,0,true,true,1.0,-0.01,0
6,778,38.9,39534.376173,-56301.623111,35200.734763,-53034.506364,27477.134834,1929.54835,2695.302698,1297.63657,-75.117203,8.101888,35.226517,0.0,0.0,1.0,0.0,4.200309,-2.826376,1.0,-54100.112267,-55508.243674,-3915.552805,100.0,1.0,-51659.08987,-63296.58091,24037.644507,100.0,1.0,-16507.167826,-52162.220308,-37341.883548,70.0,17078.689453,40000.0,40000.0,25091.583984,40000.0,26232.386719,40000.0,37679.425781,40000.0,40000.0,22921.964844,40000.0,40000.0,40000.0,29865.621094,40000.0,928.884216,680.689209,589.927368,613.042236,665.584961,741.400146,969.483215,1672.917236,5000.0,-50107.468257,13765.475595,16155.745583,0,true,true,1.0,-0.01,0
6,779,38.95,39468.34422,54633.278891,35111.408191,55723.098173,27434.868199,1980.958485,2679.797018,1267.998961,-75.199669,7.833801,34.631283,0.0,0.0,1.0,0.0,4.128329,-2.392116,1.0,-54158.102446,-56038.551776,-3337.049091,100.0,1.0,-51421.026013,-63805.956901,24586.551229,100.0,1.0,-16890.981814,-52432.205904,-37057.977941,70.0,16879.183594,40000.0,40000.0,25955.833984,40000.0,40000.0,40000.0,37395.8125,40000.0,40000.0,22882.828125,40000.0,40000.0,40000.0,29979.773438,40000.0,963.131958,657.783142,612.242554,657.059143,655.542114,818.976013,991.249817,1639.472168,5000.0,-50171.370881,13371.121302,16621.581464,0,true,true,1.0,-0.01,0
6,780,39.0,39400.449128,-56233.728018,35022.678947,-52945.77712,27393.681033,2036.852673,2661.877181,1235.614937,-75.328629,7.430416,33.637192,0.0,0.0,1.0,0.0,4.135853,-2.769883,1.0,-53995.577095,-56783.661377,-2432.620227,100.0,1.0,-50762.362337,-64516.540583,25438.615456,100.0,1.0,-17282.859601,-52770.366808,-36665.842958,70.0,16612.443359,19038.1875,40000.0,40000.0,40000.0,40000.0,40000.0,32535.287109,40000.0,40000.0,22796.679688,40000.0,40000.0,40000.0,30109.904297,40000.0,860.326721,683.890625,679.009094,629.835938,671.832336,819.231812,1072.707153,1557.639648,5000.0,-50175.681574,12774.253298,17394.266809,0,true,true,1.0,-0.01,0
6,781,39.05,39330.620577,54703.107442,34934.6324,55811.144721,27353.619765,2094.85642,2641.39628,1201.837969,-75.490341,6.959628,32.294304,0.0,0.0,1.0,0.0,3.817086,-1.908543,1.0,-53668.165018,-57666.161495,-1231.915802,100.0,1.0,-49764.736526,-65350.201811,26557.596221,100.0,1.0,-17724.626615,-53156.439438,-36169.97421,70.0,16299.813477,18497.857422,40000.0,40000.0,40000.0,40000.0,40000.0,33146.433594,40000.0,40000.0,22682.314453,40000.0,40000.0,40000.0,40000.0,40000.0,899.835205,710.499634,699.356262,645.935181,732.428406,784.927368,1067.203003,1518.634399,5000.0,-50091.527964,12045.293862,18448.20156,0,true,true,1.0,-0.01,0
6,782,39.1,39185.892859,-56089.000301,34760.643448,-52771.788169,27276.452389,2196.304898,2598.421157,1142.734338,-75.840088,6.019217,29.025505,0.0,0.0,1.0,0.0,2.446866,-0.49702,1.0,-52754.679884,-59539.307235,1686.948429,100.0,1.0,-18784.776765,-53986.714431,-34963.598434,70.0,1.0,-43770.558833,-51287.446064,-34892.761936,70.0,17791.007812,17489.607422,40000.0,40000.0,22851.328125,40000.0,25440.261719,34899.402344,40000.0,40000.0,40000.0,40000.0,40000.0,40000.0,40000.0,40000.0,927.477295,816.337952,692.221619,718.785522,703.044434,809.31543,981.349182,1418.79895,5000.0,-49644.65629,10475.621141,21049.597639,0,true,true,1.0,-0.01,0
6,783,39.15,39110.682051,54778.318249,34675.041636,55896.746533,27239.518986,2256.32412,2568.054242,1108.002029,-76.010857,5.602317,27.235462,0.0,0.0,1.0,0.0,1.736033,-0.168003,1.0,-52229.458339,-60446.796165,3289.315528,100.0,1.0,-19395.964092,-54408.600929,-34271.202674,70.0,1.0,-44393.227612,-52072.670353,-33504.367792,70.0,17932.074219,17350.925781,40000.0,40000.0,22215.357422,40000.0,25445.142578,34430.308594,40000.0,40000.0,40000.0,25435.001953,40000.0,40000.0,40000.0,31342.287109,971.926147,827.234619,710.300598,730.57782,709.425171,842.479248,967.463135,1365.901978,5000.0,-49284.268788,9713.716928,22487.854897,0,true,true,1.0,-0.01,0
6,784,39.2,39033.73144,-56012.049689,34590.423885,-52687.170418,27203.583696,2308.518225,2538.5324,1078.058648,-76.168159,5.173016,25.447124,0.0,0.0,1.0,0.0,0.769923,-0.489951,1.0,-51638.537358,-61353.364394,4882.055896,100.0,1.0,-19972.693747,-54840.754896,-33560.308453,70.0,1.0,-44959.17166,-52871.568731,-32096.320332,70.0,17956.361328,17229.345703,40000.0,40000.0,21749.808594,40000.0,25480.623047,40000.0,40000.0,40000.0,40000.0,25138.916016,40000.0,40000.0,40000.0,30729.458984,1018.854065,819.870972,774.28479,696.285767,714.430115,813.030273,1014.189209,1401.007568,5000.0,-48873.179036,8950.746887,23915.953728,0,true,true,1.0,-0.01,0
6,785,39.25,38954.876644,54857.173045,34506.996633,55980.173785,27168.736069,2365.643731,2502.817421,1045.428766,-76.308151,4.636893,23.672346,0.0,0.0,1.0,0.0,0.395736,-1.469877,1.0,-50885.47904,-62337.036061,6427.998381,100.0,1.0,-20434.92524,-55312.359591,-32840.216777,70.0,1.0,-45358.923273,-53753.804829,-30697.31132,70.0,18371.703125,16853.591797,40000.0,40000.0,21596.398438,40000.0,25539.226562,40000.0,40000.0,40000.0,40000.0,24875.570312,40000.0,40000.0,40000.0,30812.138672,1091.950562,845.987244,790.403748,705.330261,763.514954,785.170288,996.664917,40000.0,5000.0,-48439.350715,8111.080825,25303.845268,0,true,true,1.0,-0.01,0
6,786,39.3,38874.431243,-55931.604288,34424.658223,-52604.832007,27134.804735,2413.361915,2470.152183,1017.939961,-76.422356,3.983486,21.993427,0.0,0.0,1.0,0.0,-0.774354,-1.613238,1.0,-49992.402673,-63387.134189,7854.606048,100.0,1.0,-20694.981564,-55823.881347,-32152.014161,70.0,1.0,-45563.07553,-54711.792138,-29380.132415,70.0,40000.0,16416.607422,40000.0,40000.0,23536.681641,40000.0,25570.167969,40000.0,37490.816406,40000.0,40000.0,23492.013672,40000.0,40000.0,40000.0,30919.681641,1179.873779,870.622986,757.273438,713.03302,766.074036,780.927185,947.792908,40000.0,5000.0,-48018.302522,7203.245357,26582.755844,0,true,true,1.0,-0.01,0
6,787,39.35,38708.312167,55023.292121,34263.923775,56140.908232,27070.042142,2515.612811,2392.329998,957.126411,-76.550171,3.108455,19.761196,0.0,0.0,1.0,0.0,0.0,0.0,1.0,-48991.256391,-64857.080699,9829.324237,100.0,1.0,-21247.79953,-56617.330173,-31102.138614,70.0,1.0,-46018.600287,-56092.247355,-27514.24092,70.0,40000.0,15811.658203,40000.0,40000.0,40000.0,40000.0,40000.0,40000.0,32473.585938,40000.0,40000.0,23310.832031,40000.0,40000.0,40000.0,30802.302734,1179.085815,960.342102,775.642029,766.133179,722.052795,822.861206,901.280273,40000.0,5000.0,-47452.617442,5984.317449,28295.123858,0,true,true,1.0,-0.01,0
6,788,39.4,38622.677385,-55845.969506,34185.638152,-52526.546384,27039.224358,2569.043323,2348.568587,924.533465,-76.585861,2.821785,19.033306,0.0,0.0,1.0,0.0,0.0,0.0,1.0,-48786.82777,-65378.719798,10518.655645,100.0,1.0,-21551.709724,-56928.702848,-30698.534062,70.0,1.0,-46282.866786,-56596.389176,-26837.412113,70.0,40000.0,15587.908203,17847.535156,40000.0,40000.0,40000.0,40000.0,40000.0,33035.378906,40000.0,40000.0,23287.837891,40000.0,40000.0,40000.0,30934.042969,1199.022339,912.784119,828.504639,723.63739,754.902893,770.424805,948.400635,40000.0,5000.0,-47286.560015,5578.10243,28863.113396,0,true,true,1.0,-0.01,0
6,789,39.45,38535.313457,55110.656049,34108.815365,56217.731018,27009.474262,2620.91771,2304.683467,892.502838,-76.610596,2.607497,18.490162,0.0,0.0,1.0,0.0,0.0,0.0,1.0,-48744.005932,-65803.912819,11088.3219,100.0,1.0,-21877.548141,-57196.623761,-30354.604298,70.0,1.0,-46575.772562,-57007.727213,-26290.932885,70.0,40000.0,15396.481445,17551.751953,40000.0,40000.0,40000.0,40000.0,25045.792969,33952.777344,40000.0,40000.0,24010.998047,40000.0,40000.0,40000.0,31061.857422,1210.737671,916.838257,830.257263,722.406189,762.843872,765.164246,40000.0,40000.0,5000.0,-47184.264164,5267.774525,29295.076976,0,true,true,1.0,-0.01,0
6,790,39.5,38446.485032,-55757.141082,34033.262191,-52450.993209,26980.637119,2664.852587,2266.595122,865.114255,-76.628677,2.440565,18.067574,0.0,0.0,1.0,0.0,0.0,0.0,1.0,-48796.711782,-66159.241423,11549.198638,100.0,1.0,-22223.18682,-57434.511447,-30052.403137,70.0,1.0,-46893.87422,-57356.95403,-25831.841938,70.0,40000.0,15224.970703,17296.171875,40000.0,40000.0,24598.029297,40000.0,25067.242188,34235.730469,40000.0,40000.0,25017.960938,40000.0,40000.0,40000.0,31185.914062,1282.32019,951.782166,778.598572,764.400024,713.145264,758.591614,40000.0,40000.0,5000.0,-47125.46111,5019.885303,29638.481177,0,true,true,1.0,-0.01,0
6,791,39.55,38264.418481,55292.722601,33886.095583,56364.897626,26925.741039,2754.232425,2186.328181,808.726838,-76.692627,1.867581,16.158218,0.0,0.0,1.0,0.0,6.607564,-3.440625,1.0,-48111.466449,-67264.093283,13278.399731,100.0,1.0,-22925.769927,-58093.241037,-29062.58771,70.0,1.0,-47453.393041,-58442.931533,-24109.517711,70.0,40000.0,14741.818359,16512.181641,40000.0,40000.0,21689.119141,40000.0,24986.916016,34769.804688,40000.0,40000.0,40000.0,40000.0,40000.0,40000.0,2297.633789,1250.323242,924.332153,824.914185,708.907715,706.700195,30046.289062,40000.0,40000.0,5000.0,-46510.020111,4134.894819,31122.230111,0,true,true,1.0,-0.01,0
6,792,39.6,38171.119099,-55663.8417,33814.657861,-52379.555487,26899.739854,2798.981289,2143.131547,780.035521,-76.729553,1.235291,14.200716,0.0,0.0,1.0,0.0,7.980489,-5.371483,1.0,-46843.646632,-68279.703138,14860.660197,100.0,1.0,-23127.183296,-58647.311654,-28209.183455,70.0,1.0,-47479.26143,-59451.867531,-22510.23045,70.0,40000.0,15506.056641,16010.786133,40000.0,40000.0,21134.386719,40000.0,24998.902344,34254.289062,40000.0,40000.0,40000.0,40000.0,40000.0,40000.0,40000.0,1298.85437,939.282837,827.81958,703.578369,730.160278,30270.513672,40000.0,40000.0,5000.0,-45710.028565,3236.047515,32577.102228,0,true,true,1.0,-0.01,0
6,793,39.65,38076.401832,55387.439869,33744.713254,56434.842233,26874.674304,2841.51788,2098.338109,751.966454,-76.743172,0.525091,11.679023,0.0,0.0,1.0,0.0,7.453869,-3.052914,1.0,-45104.762934,-69437.952315,16821.93578,100.0,1.0,-23331.088871,-59286.851933,-27135.428559,70.0,1.0,-47411.071785,-60629.801993,-20472.791767,70.0,40000.0,16451.826172,15877.310547,40000.0,40000.0,20555.908203,40000.0,25067.583984,40000.0,40000.0,40000.0,40000.0,26098.472656,40000.0,40000.0,40000.0,1374.295044,963.123291,782.36615,705.590698,859.938904,30940.042969,40000.0,40000.0,5000.0,-44538.610891,2187.70031,34423.460495,0,true,true,1.0,-0.01,0
6,794,39.7,37882.777966,-55470.217834,33609.949211,-52244.791445,26827.437967,2925.832079,1993.039511,693.295327,-76.613831,-1.301051,5.092443,0.0,0.0,1.0,0.0,6.634946,-4.357864,1.0,-39845.853635,-72191.990012,21508.363062,100.0,1.0,-23355.811851,-60881.259737,-24402.329433,70.0,1.0,-46491.779858,-63591.972986,-15281.396084,70.0,40000.0,40000.0,14829.598633,40000.0,40000.0,40000.0,40000.0,40000.0,24977.359375,33802.605469,40000.0,40000.0,24025.917969,40000.0,40000.0,40000.0,1661.946899,1085.829468,806.83136,752.921814,1798.947144,40000.0,40000.0,40000.0,5000.0,-40959.824153,-397.845868,38989.951572,0,true,true,1.0,-0.01,0
6,795,39.75,37783.671071,55486.546763,33545.910071,56498.881374,26805.523078,2973.20669,1921.174123,657.446655,-76.419205,-2.460557,1.11914,0.0,0.0,1.0,0.0,5.708617,-3.691573,1.0,-36197.77181,-73730.141372,24003.486122,100.0,1.0,-23008.567528,-61838.845699,-22807.802669,70.0,1.0,-45415.755244,-65375.514191,-12268.001149,70.0,40000.0,40000.0,14175.978516,15831.826172,40000.0,40000.0,21037.001953,40000.0,25012.269531,34640.265625,40000.0,40000.0,40000.0,40000.0,40000.0,40000.0,1988.463257,1168.809814,829.852966,874.517517,1765.813477,40000.0,29656.119141,40000.0,5000.0,-38495.479467,-1905.330486,41531.139905,0,true,true,1.0,-0.01,0
6,796,39.8,37683.151881,-55369.698644,33484.36452,-52183.245894,26784.774216,3015.575544,1846.366414,622.465825,-76.117317,-3.747489,-3.089038,0.0,0.0,1.0,0.0,3.920258,-3.286681,1.0,-31996.312079,-75258.612047,26365.430263,100.0,1.0,-22372.743696,-62861.204192,-21168.046905,70.0,1.0,-43881.624651,-67272.668051,-9190.699195,70.0,40000.0,40000.0,15984.4375,15442.993164,40000.0,40000.0,20442.509766,40000.0,25118.541016,40000.0,40000.0,28420.894531,40000.0,26562.111328,40000.0,40000.0,2518.054688,1259.606323,895.143066,924.997681,1762.244507,40000.0,30612.546875,40000.0,5000.0,-35667.34739,-3455.897593,44028.400668,0,true,true,1.0,-0.01,0
6,797,39.85,37581.358434,55588.340211,33425.470248,56557.775647,26765.203909,3053.803262,1766.828089,587.109183,-75.700676,-5.120248,-7.43564,0.0,0.0,1.0,0.0,2.971364,-2.812891,1.0,-27345.326026,-76700.371983,28489.413268,100.0,1.0,-21453.138011,-63914.013767,-19538.328384,70.0,1.0,-41903.429908,-69216.091021,-6155.523318,70.0,40000.0,40000.0,16325.865234,14909.46582,40000.0,40000.0,40000.0,40000.0,40000.0,40000.0,32837.140625,40000.0,40000.0,24737.177734,40000.0,40000.0,40000.0,1360.683472,963.77771,1011.047302,1767.949219,40000.0,31542.402344,40000.0,5000.0,-32531.309003,-4982.754653,46385.880255,0,true,true,1.0,-0.01,0
6,798,39.9,37478.298541,-55266.638752,33369.729194,-52127.504841,26746.982526,3091.796606,1672.231517,546.641442,-75.158546,-6.559535,-11.911553,0.0,0.0,1.0,0.0,2.772469,-2.618443,1.0,-22275.304051,-78008.222068,30322.067035,100.0,1.0,-20245.132592,-64975.287758,-17950.122906,70.0,1.0,-39474.658422,-71168.268736,-3211.5964,70.0,40000.0,40000.0,40000.0,14148.140625,15988.195312,40000.0,40000.0,21229.324219,40000.0,25118.919922,35126.632812,40000.0,40000.0,29469.287109,40000.0,40000.0,40000.0,1555.536499,1019.741882,1094.626587,1779.779175,4417.498047,40000.0,40000.0,5000.0,-29097.572767,-6451.203808,48564.637218,0,true,true,1.0,-0.01,0
6,799,39.95,37269.153337,55797.485415,33268.260209,56659.244632,26714.669218,3150.996006,1468.27479,462.834046,-73.689217,-9.533908,-21.091869,0.0,0.0,1.0,0.0,1.982787,-2.371569,1.0,-11196.256985,-80035.5975,32921.502775,100.0,1.0,-17026.694291,-67023.41072,-15032.332705,70.0,1.0,-33382.6857,-74915.081957,2155.101611,70.0,40000.0,40000.0,40000.0,15943.695312,14221.075195,40000.0,40000.0,24161.023438,40000.0,40000.0,40000.0,34185.945312,30268.646484,40000.0,25496.912109,40000.0,40000.0,2531.447754,1192.519409,1234.67627,1758.352905,3061.801758,21498.214844,31233.0,5000.0,-21528.993476,-9053.754194,52201.438276,0,true,true,1.0,-0.01,0
6,800,40.0,37163.411152,-55160.896567,33223.056157,-52082.300788,26700.739765,3172.265387,1356.121512,417.883574,-72.576141,-10.980323,-25.731066,0.0,0.0,1.0,1.0,1.555096,-1.360709,1.0,-5404.269959,-80792.166814,33365.680186,100.0,1.0,-15110.246184,-67905.828091,-13983.828066,70.0,1.0,-29854.300127,-76620.724035,4231.351321,70.0,40000.0,40000.0,40000.0,40000.0,13456.165039,16038.945312,40000.0,40000.0,21477.859375,40000.0,25477.884766,35544.351562,40000.0,40000.0,28473.953125,40000.0,40000.0,40000.0,1304.5979,1299.265625,1683.889038,2691.07666,21145.669922,40000.0,5000.0,-17499.475276,-10291.912381,53570.847212,0,true,true,1.0,-0.01,0
6,801,40.05,37057.142102,55903.754465,33182.064303,56700.236485,26688.477914,3188.071351,1229.755533,367.855506,-71.151634,-12.322526,-30.3913,0.0,0.0,1.0,1.0,1.612168,-1.074779,1.0,410.84067,-81394.386729,33132.450505,100.0,1.0,-13083.888657,-68654.354884,-13312.601258,70.0,1.0,-26123.867547,-78179.682918,5773.371663,70.0,29895.806641,40000.0,40000.0,40000.0,13288.751953,15106.948242,40000.0,28891.423828,20447.957031,40000.0,25679.216797,40000.0,40000.0,30348.574219,40000.0,27539.744141,40000.0,40000.0,1415.901001,1362.785767,1697.802246,2474.840088,5332.248535,40000.0,5000.0,-13353.730206,-11526.428921,54608.496517,0,true,true,1.0,-0.01,0
6,802,40.1,36950.613228,-55054.367693,33145.235881,-52045.472366,26677.843556,3195.866048,1104.852604,319.030741,-69.44326,-13.544672,-35.071762,0.0,0.0,1.0,1.0,1.481438,-1.121088,1.0,6198.420184,-81827.660582,32252.593455,100.0,1.0,-10975.843104,-69273.679179,-13006.222065,70.0,1.0,-22234.096132,-79592.689306,6786.156796,70.0,31135.347656,40000.0,40000.0,40000.0,15279.549805,14193.726562,40000.0,26802.154297,23995.5,40000.0,40000.0,40000.0,19206.261719,30603.091797,40000.0,26362.792969,40000.0,40000.0,1688.735474,1426.707397,1717.182251,2357.928467,4220.336914,21636.085938,5000.0,-9123.221674,-12741.537517,55305.458759,0,true,true,1.0,-0.01,0
6,803,40.15,36737.8101,56116.557593,33084.705502,56760.766864,26661.610247,3188.080842,840.689515,217.960921,-65.271507,-15.501891,-44.416695,0.0,0.0,1.0,1.0,1.179542,-0.786362,1.0,17357.709767,-82151.79761,28653.453518,100.0,1.0,-6715.312044,-70100.02662,-13475.946627,70.0,1.0,-14265.122269,-81931.46232,7207.988767,70.0,40000.0,31948.060547,40000.0,40000.0,40000.0,13104.654297,15015.931641,29011.287109,26386.539062,20641.341797,40000.0,26109.570312,36153.582031,16903.064453,31435.425781,40000.0,16903.527344,40000.0,40000.0,1559.706787,1770.88562,2293.056885,3287.726074,20956.078125,5000.0,-581.295361,-15069.692885,55658.775705,0,true,true,1.0,-0.01,0
6,804,40.2,36632.093238,-54948.650831,33061.35321,-52022.120074,26656.085941,3171.505698,700.568729,165.729163,-62.860046,-16.186159,-49.038868,0.0,0.0,1.0,1.0,0.979902,-0.419958,1.0,22584.008729,-82036.954168,26001.654814,100.0,1.0,-4659.108835,-70297.504974,-14235.048154,70.0,1.0,-10324.986482,-82840.480639,6628.70347,70.0,40000.0,30663.623047,40000.0,40000.0,40000.0,14584.322266,14137.462891,27887.566406,26118.841797,24035.482422,40000.0,40000.0,40000.0,16330.477539,30819.753906,40000.0,16226.229492,16226.229492,40000.0,1664.438477,1826.286133,2187.493652,3129.571777,36347.828125,5000.0,3650.140683,-16172.896607,55321.135147,0,true,true,1.0,-0.01,0
6,805,40.25,36527.145806,56221.505025,33042.350474,56779.7696,26652.146955,3148.422809,570.082059,118.1696,-60.472424,-16.656307,-53.571392,0.0,0.0,1.0,0.0,0.489951,-0.139986,1.0,-2711.592427,-70400.947424,-15081.920159,70.0,1.0,-6510.254489,-83551.427944,5829.391207,70.0,1.0,17212.333389,-93230.844042,37319.462396,70.0,21128.048828,32008.203125,40000.0,40000.0,40000.0,17014.808594,13303.69043,16093.193359,26045.570312,26988.082031,22118.080078,40000.0,26355.855469,16505.115234,16906.591797,40000.0,16351.194336,15794.398438,38809.144531,1761.495239,1893.611816,2166.750977,2866.538086,4838.348145,5000.0,7783.26354,-17047.886898,54714.840307,0,true,true,1.0,-0.01,0
6,806,40.3,36320.710718,-54742.215743,33018.274884,-51998.044485,26649.176789,3078.56011,296.865335,22.279965,-56.858715,-17.00041,-60.412804,0.0,0.0,1.0,0.0,0.0,0.069993,1.0,23.815478,-70521.334457,-16385.785062,70.0,1.0,-927.664293,-84391.095949,4324.809533,70.0,1.0,26218.529548,-93289.326626,33134.378935,70.0,20946.119141,40000.0,30957.033203,40000.0,40000.0,40000.0,12873.075195,14492.391602,26228.900391,26223.380859,21628.3125,40000.0,26453.400391,40000.0,16664.46875,31376.625,40000.0,15494.019531,38056.265625,1931.038574,1998.246582,2206.728027,2820.789307,3994.89917,5000.0,13939.715416,-18006.045618,53332.243175,0,true,true,1.0,-0.01,0
6,807,40.35,36219.613259,56322.602484,33013.074068,56784.970417,26650.019565,3032.923611,156.024482,-25.283291,-55.152763,-16.995472,-63.626999,0.0,0.0,1.0,0.0,-0.069993,0.349965,1.0,1236.963986,-70506.130793,-17096.03464,70.0,1.0,1620.814348,-84657.833187,3435.144581,70.0,1.0,30263.976433,-93100.197237,30882.37588,70.0,21219.009766,40000.0,30271.556641,40000.0,40000.0,40000.0,14339.866211,13731.472656,26335.675781,26091.994141,24559.28125,40000.0,40000.0,40000.0,16718.40625,31298.023438,40000.0,15528.895508,16187.34082,2154.485107,2051.380859,2249.359619,2767.242676,3865.201416,5000.0,16798.269294,-18314.435128,52474.430818,0,true,true,1.0,-0.01,0
6,808,40.4,36120.105192,-54642.707676,33012.194656,-51997.165073,26652.280277,2985.241844,26.382359,-67.821352,-53.517475,-16.893835,-66.709183,0.0,0.0,1.0,0.0,-0.069993,0.209979,1.0,2354.567074,-70455.545404,-17826.425518,70.0,1.0,4030.248549,-84844.228777,2487.099387,70.0,1.0,34027.507616,-92792.41477,28557.683759,70.0,35728.472656,22601.447266,31129.119141,40000.0,40000.0,40000.0,15358.833008,13088.898438,16053.924805,25889.417969,26985.494141,23545.185547,40000.0,26668.283203,16825.390625,40000.0,40000.0,16305.692383,15267.076172,38278.601562,2104.916016,2292.714355,2673.517334,3605.333008,5000.0,19512.925865,-18525.307618,51527.557565,0,true,true,1.0,-0.01,0
6,809,40.45,35926.959355,56515.748321,33024.293152,56772.871921,26661.159996,2868.720721,-244.396241,-152.475861,-50.558842,-16.322449,-72.231903,0.0,0.0,1.0,0.0,-0.279972,0.629937,1.0,4044.230319,-70291.463051,-19291.372161,70.0,1.0,8008.453927,-85024.194528,445.681465,70.0,1.0,40297.299109,-92049.709289,23870.271201,70.0,5175.188477,20306.541016,33061.976562,40000.0,40000.0,40000.0,40000.0,12388.620117,14451.0,27642.910156,26211.847656,20654.986328,40000.0,26557.630859,36569.65625,17043.734375,40000.0,40000.0,16076.328125,39548.617188,2172.989258,2348.121094,2642.887939,3452.767334,5000.0,24339.155736,-18786.352981,49476.787175,0,true,true,1.0,-0.01,0
6,810,40.5,35833.548307,-54549.296628,33036.929451,-52009.801372,26667.563328,2802.331289,-379.088951,-192.099946,-49.479378,-16.026543,-74.271217,0.0,0.0,1.0,0.0,0.0,0.0,1.0,4584.589187,-70253.033229,-19816.243586,70.0,1.0,9389.932382,-85081.989099,-341.936956,70.0,1.0,42462.378757,-91727.855704,22055.279347,70.0,5050.787598,20357.998047,40000.0,40000.0,40000.0,40000.0,40000.0,12384.083008,13999.066406,28116.353516,25983.957031,21683.970703,40000.0,26588.333984,40000.0,17048.023438,32180.078125,40000.0,16341.963867,40000.0,2228.52417,2381.752686,2650.796631,3402.15918,5000.0,26086.375878,-18828.811698,48627.515091,0,true,true,1.0,-0.01,0
6,811,40.55,35742.256541,56607.040087,33053.601474,56756.199898,26675.113759,2738.752818,-500.16066,-226.512923,-48.452148,-15.698969,-76.22831,0.0,0.0,1.0,0.0,0.069993,0.069993,1.0,5071.505245,-70208.574664,-20332.709059,70.0,1.0,10681.86894,-85114.007358,-1135.9657,70.0,1.0,8972.043258,-88601.000137,2074.15207,70.0,4740.237793,20424.359375,40000.0,29736.894531,40000.0,40000.0,40000.0,13101.569336,13460.203125,28659.904297,25797.453125,23315.037109,40000.0,40000.0,40000.0,17071.966797,31212.878906,40000.0,16646.205078,40000.0,2282.310791,2424.291504,2658.187012,3357.507324,5000.0,27746.951333,-18836.076132,47758.610679,0,true,true,1.0,-0.01,0
6,812,40.6,35566.461644,-54373.501731,33098.916065,-52055.115963,26693.452863,2605.625106,-732.749048,-288.992845,-46.533493,-14.821447,-79.981796,0.0,0.0,1.0,0.0,0.69993,0.349965,1.0,5771.197684,-70109.491395,-21349.744555,70.0,1.0,12920.982812,-85121.806675,-2761.374732,70.0,1.0,11507.153314,-88710.13552,480.535997,70.0,4494.510254,20591.269531,40000.0,29491.859375,40000.0,40000.0,40000.0,14673.541992,12535.314453,15577.500977,25585.802734,26811.564453,24781.375,40000.0,26876.744141,17162.828125,32675.923828,40000.0,17536.0,17537.871094,2380.725098,2463.707275,2666.651611,3211.577637,5000.0,30922.889495,-18787.113584,45899.902048,0,true,true,1.0,-0.01,0
6,813,40.65,35481.913276,56691.588455,33127.040551,56728.075412,26704.007724,2536.450925,-843.734541,-316.645825,-45.646282,-14.301654,-81.761482,0.0,0.0,1.0,0.0,0.419958,0.279972,1.0,6005.451216,-70058.5872,-21844.390191,70.0,1.0,13882.112964,-85105.109857,-3582.24698,70.0,1.0,12611.246989,-88737.498963,-330.406268,70.0,4362.437988,35152.296875,40000.0,30020.441406,40000.0,40000.0,40000.0,15781.592773,12140.510742,14858.505859,25460.837891,26558.759766,21636.0,40000.0,26783.984375,18116.595703,40000.0,40000.0,18116.595703,18124.4375,2427.141602,2478.280029,2668.932373,3175.751465,5000.0,32418.398539,-18737.155933,44927.472955,0,true,true,1.0,-0.01,0
6,814,40.7,35399.962944,-54291.5514,33159.122045,-52087.197457,26715.492891,2458.509813,-962.444759,-344.555001,-44.814648,-13.716461,-83.455162,0.0,0.0,1.0,0.0,0.489951,0.559944,1.0,6132.464904,-70009.557236,-22326.795332,70.0,1.0,14699.141648,-85083.176355,-4402.875308,70.0,1.0,13565.830401,-88754.996299,-1144.670966,70.0,4161.119629,34573.953125,20652.699219,30252.863281,40000.0,40000.0,40000.0,40000.0,11823.943359,14227.416992,26314.013672,26246.324219,21122.154297,40000.0,26717.332031,19034.902344,18825.296875,40000.0,18299.289062,18506.751953,2472.207275,2487.72876,2669.577393,3141.680908,5000.0,33841.185149,-18688.779065,43932.223441,0,true,true,1.0,-0.01,0
6,815,40.75,35243.332435,56848.218964,33233.669325,56653.528132,26740.682366,2313.339808,-1168.234127,-387.923522,-43.337406,-12.266383,-86.48481,0.0,0.0,1.0,0.0,0.434017,1.6177,1.0,5900.428365,-69950.975744,-23233.009954,70.0,1.0,15703.573364,-85091.127444,-6016.505012,70.0,1.0,14819.350287,-88827.659086,-2755.089809,70.0,3966.522461,36192.332031,19491.125,30699.845703,40000.0,40000.0,40000.0,40000.0,11760.686523,13583.969727,40000.0,40000.0,20897.066406,40000.0,26642.546875,36895.09375,20899.164062,40000.0,31443.914062,40000.0,2561.922119,2502.63501,2700.334961,3081.427979,5000.0,36431.383818,-18706.587914,41881.317713,0,true,true,1.0,-0.01,0
6,816,40.8,35168.851695,-54217.07066,33276.106101,-52129.634233,26754.245301,2234.422088,-1273.103217,-406.888035,-42.518566,-11.339045,-87.742592,0.0,0.0,1.0,1.0,0.49698,2.523127,1.0,5415.928818,-69872.079207,-23880.428545,70.0,1.0,15737.945955,-85131.970231,-7079.945649,70.0,1.0,14958.126326,-88904.225235,-3833.223693,70.0,3891.007812,40000.0,19824.714844,31505.654297,40000.0,40000.0,40000.0,40000.0,11934.495117,13163.614258,40000.0,40000.0,21752.863281,40000.0,26668.347656,36787.777344,40000.0,40000.0,40000.0,40000.0,2592.640869,2515.956055,2714.300781,3056.139404,5000.0,37566.854995,-18987.579896,40768.598395,0,true,true,1.0,-0.01,0
6,817,40.85,35027.580104,56989.490555,33370.74241,56558.891823,26782.793563,2079.188452,-1469.196975,-434.484676,-40.559509,-9.075116,-89.746719,0.0,0.0,1.0,1.0,0.55452,1.980427,1.0,3683.221342,-69523.215676,-25707.827185,70.0,1.0,14846.952903,-85244.906332,-9904.866094,70.0,1.0,14234.835369,-89106.597593,-6728.421289,70.0,3772.911377,40000.0,20323.304688,40000.0,32270.308594,40000.0,40000.0,40000.0,12954.189453,12492.051758,40000.0,40000.0,23301.560547,40000.0,26809.722656,40000.0,40000.0,32058.955078,40000.0,40000.0,2634.061279,2533.354004,2706.197266,3066.861572,5000.0,39529.557136,-20207.938083,38299.69613,0,true,true,1.0,-0.01,0
6,818,40.9,34960.661439,-54150.151995,33422.612984,-52181.504807,26797.544346,2007.559851,-1556.117127,-442.52347,-39.412498,-7.839754,-90.585609,0.0,0.0,1.0,1.0,0.489951,0.979902,1.0,2600.115154,-69228.645214,-26852.454079,70.0,1.0,14118.04756,-85259.156257,-11626.291648,70.0,1.0,13576.991605,-89175.447579,-8504.4085,70.0,3722.74707,40000.0,23327.394531,40000.0,29305.177734,40000.0,40000.0,40000.0,13459.267578,12940.330078,40000.0,40000.0,24080.886719,40000.0,40000.0,40000.0,40000.0,31657.310547,40000.0,40000.0,2659.554199,2538.29541,2688.868164,3045.951416,5000.0,40391.156405,-21037.264987,36947.581881,0,true,true,1.0,-0.01,0
6,819,40.95,34896.184777,57053.967218,33477.377587,56504.127219,26812.459151,1934.29977,-1642.938015,-447.444111,-38.327854,-6.615016,-91.362671,0.0,0.0,1.0,0.0,0.139986,0.209979,1.0,1489.359613,-68924.140549,-27922.312689,70.0,1.0,13331.86585,-85246.65313,-13267.993429,70.0,1.0,12857.309077,-89214.680434,-10201.255096,70.0,3675.322266,40000.0,40000.0,40000.0,27904.554688,40000.0,40000.0,40000.0,13784.990234,12685.097656,40000.0,40000.0,40000.0,40000.0,40000.0,40000.0,40000.0,31285.058594,40000.0,29290.486328,2615.345947,2541.236572,2646.60376,3025.049072,5000.0,41183.126401,-21827.839969,35602.449816,0,true,true,1.0,-0.01,0
6,820,41.0,34777.185611,-54031.152828,33591.188044,-52295.315263,26841.479525,1807.048266,-1796.190225,-447.407992,-36.788586,-4.811604,-92.44062,0.0,0.0,1.0,0.0,0.0,0.0,1.0,-300.288181,-68515.592739,-29336.979763,70.0,1.0,11983.270636,-85246.673845,-15534.621967,70.0,1.0,11602.106092,-89288.318085,-12552.405059,70.0,3609.726318,40000.0,40000.0,40000.0,27199.386719,40000.0,40000.0,40000.0,13906.082031,12318.811523,14741.40625,40000.0,40000.0,40000.0,40000.0,40000.0,40000.0,30876.232422,40000.0,29096.373047,2631.279053,2588.752686,2636.010254,2943.143555,5000.0,42232.371052,-22960.43379,33614.890982,0,true,true,1.0,-0.01,0
6,821,41.05,34719.324933,57111.827895,33653.483613,56441.83165,26856.33117,1735.820232,-1868.866972,-445.549317,-36.250584,-4.163204,-92.810059,0.0,0.0,1.0,0.0,0.0,0.0,1.0,-1032.766412,-68400.711739,-29776.076056,70.0,1.0,11398.498435,-85272.691873,-16282.708373,70.0,1.0,11064.854871,-89343.674651,-13327.791359,70.0,3647.596436,40000.0,40000.0,40000.0,27162.751953,40000.0,40000.0,40000.0,14284.291992,12180.150391,14517.396484,40000.0,40000.0,40000.0,40000.0,40000.0,40000.0,30943.363281,40000.0,29061.105469,2634.286377,2581.912598,2629.919678,2930.490479,5000.0,42565.215554,-23365.177718,32905.517873,0,true,true,1.0,-0.01,0
6,822,41.1,34611.290482,-53923.118377,33784.103873,-52425.935523,26885.264302,1606.34892,-2013.870659,-435.527746,-35.247196,-2.834958,-93.429581,0.0,0.0,1.0,0.0,0.209979,0.769923,1.0,-2624.303128,-68162.745878,-30575.102994,70.0,1.0,10052.782947,-85317.556308,-17683.849394,70.0,1.0,9775.388263,-89436.7303,-14789.82731,70.0,3592.457031,40000.0,40000.0,40000.0,27088.066406,40000.0,40000.0,40000.0,15019.862305,11941.952148,14138.59668,40000.0,40000.0,22968.130859,40000.0,40000.0,40000.0,31327.767578,40000.0,2999.709229,2676.415527,2530.832275,2656.539551,2899.072754,5000.0,43134.512499,-24193.91452,31512.742118,0,true,true,1.0,-0.01,0
6,823,41.15,34559.877341,57163.241036,33853.453038,56372.482486,26899.559826,1542.394135,-2080.474837,-428.865698,-34.779354,-2.133233,-93.658394,0.0,0.0,1.0,0.0,0.209979,0.839916,1.0,-3527.017527,-68039.089554,-30932.13184,70.0,1.0,9240.401516,-85343.76745,-18335.298823,70.0,1.0,8983.318842,-89484.904011,-15471.005257,70.0,3534.999512,40000.0,40000.0,40000.0,27043.927734,40000.0,40000.0,40000.0,15361.291016,11843.107422,13986.000977,40000.0,40000.0,22347.927734,40000.0,27479.501953,40000.0,31471.269531,40000.0,2941.28125,2668.933838,2520.893799,2638.181641,2932.218506,5000.0,43360.128078,-24644.606877,30826.01077,0,true,true,1.0,-0.01,0
6,824,41.2,34464.539705,-53827.780741,33996.190113,-52568.672598,26926.805605,1426.265081,-2208.906886,-410.53371,-33.901352,-0.711439,-93.981789,0.0,0.0,1.0,0.0,0.069993,0.559944,1.0,-5450.948687,-67770.681221,-31571.961473,70.0,1.0,7441.567311,-85382.435153,-19543.866039,70.0,1.0,7213.432943,-89564.287443,-16737.047708,70.0,3445.726562,40000.0,40000.0,40000.0,26951.421875,40000.0,40000.0,40000.0,40000.0,11681.686523,13773.678711,40000.0,40000.0,22196.080078,40000.0,27449.708984,40000.0,34109.082031,40000.0,2919.376221,2598.247559,2538.58667,2565.661377,2873.794678,5000.0,43702.886658,-25582.072009,29492.816764,0,true,true,1.0,-0.01,0
6,825,41.25,34419.135392,57208.645349,34071.943722,56296.728876,26940.106217,1362.129328,-2272.608159,-399.018346,-33.488678,-0.014977,-94.100006,0.0,0.0,1.0,0.0,0.0,0.209979,1.0,-6439.873011,-67628.428318,-31852.924073,70.0,1.0,6495.979736,-85390.724674,-20097.309606,70.0,1.0,6278.580822,-89591.502897,-17318.137014,70.0,3414.557129,40000.0,40000.0,40000.0,26905.066406,40000.0,40000.0,40000.0,40000.0,11840.808594,13782.742188,40000.0,40000.0,22158.894531,40000.0,27492.046875,40000.0,40000.0,40000.0,2954.710449,2581.375,2510.561279,2546.181641,2817.717529,5000.0,43829.106774,-26046.82408,28853.265991,0,true,true,1.0,-0.01,0
6,826,41.3,34339.231638,-53747.876987,34223.693165,-52720.422041,26957.521918,1158.997002,-2302.574495,-218.857704,-32.896004,0.9899,-94.260513,1.0,0.0,1.0,0.0,0.0,0.0,1.0,-8043.120496,-67464.207243,-32202.381308,70.0,1.0,4956.861051,-85438.837335,-20843.367226,70.0,1.0,4754.223385,-89666.644691,-18104.52426,70.0,3408.036377,40000.0,40000.0,40000.0,26818.091797,40000.0,40000.0,40000.0,40000.0,12156.038086,13818.24707,40000.0,40000.0,22236.435547,40000.0,27657.408203,40000.0,40000.0,40000.0,2856.966797,2585.443115,2433.610596,2546.365967,2764.729248,5000.0,43952.523522,-26725.479941,27933.47503,0,true,true,1.0,-0.01,0
6,827,41.35,34303.887495,57243.989493,34300.827168,56219.594873,26961.880765,1060.324262,-2314.019974,-130.765386,-32.685856,1.347395,-94.314766,1.0,0.0,1.0,0.0,0.0,0.0,1.0,-8701.487392,-67426.184281,-32308.80821,70.0,1.0,-38287.258417,-22643.835947,-60216.144847,69.172712,1.0,45335.394754,8891.483975,-82787.409798,39.996708,3369.864258,40000.0,40000.0,40000.0,26775.757812,40000.0,40000.0,40000.0,40000.0,12309.121094,13842.702148,40000.0,40000.0,22313.283203,40000.0,27742.074219,40000.0,40000.0,40000.0,2828.595215,2512.824219,2408.103027,2518.0896,2734.278809,5000.0,43968.899872,-26972.731247,27608.502365,0,true,true,1.0,-0.01,0
6,828,41.4,34244.319837,-53688.309329,34450.692843,-52870.287716,26962.324658,885.291388,-2341.615566,34.277344,-32.381496,1.866161,-94.390869,1.0,0.0,1.0,0.0,0.0,0.0,1.0,-9807.315019,-67403.849353,-32452.304788,70.0,1.0,-39403.803553,-22421.57343,-59836.671926,69.417623,1.0,43997.418757,8959.484833,-82955.23428,39.997682,3271.338135,40000.0,40000.0,40000.0,26697.878906,40000.0,40000.0,40000.0,40000.0,12597.607422,13899.02832,40000.0,40000.0,22461.523438,40000.0,27904.005859,40000.0,40000.0,40000.0,2817.180908,2454.925537,2396.512451,2414.871826,2719.066406,5000.0,43950.718441,-27341.24821,27138.135024,0,true,true,1.0,-0.01,0
6,829,41.45,34218.003581,57270.305748,34528.912382,56141.375334,26958.362235,789.487611,-2346.586065,118.872694,-32.274311,2.049115,-94.416969,1.0,0.0,1.0,0.0,0.0,0.0,1.0,-10298.154722,-67417.007573,-32500.761767,70.0,1.0,-39886.514725,-22376.930759,-59693.569402,69.5219,1.0,43405.139984,8958.219075,-83007.820955,39.998097,3194.733398,40000.0,40000.0,40000.0,26659.091797,40000.0,40000.0,40000.0,40000.0,12743.543945,13932.594727,40000.0,40000.0,22528.482422,40000.0,27986.300781,40000.0,40000.0,40000.0,2779.12207,2442.440186,2338.343262,2380.682617,2670.123779,5000.0,43917.987041,-27478.381916,26973.282211,0,true,true,1.0,-0.01,0
6,830,41.5,34174.584035,-53644.889783,34682.94615,-53024.321483,26942.970937,626.82863,-2368.425307,274.145203,-32.120407,2.312033,-94.453796,1.0,0.0,1.0,0.0,0.0,0.0,1.0,-11170.189803,-67471.074287,-32581.305839,70.0,1.0,-40733.647026,-22361.905108,-59491.296809,69.667012,1.0,42365.368702,8916.55521,-83089.218541,39.998675,3080.354004,40000.0,40000.0,40000.0,26586.71875,40000.0,40000.0,40000.0,40000.0,13025.296875,14005.426758,40000.0,40000.0,22668.935547,40000.0,28179.945312,40000.0,40000.0,3282.66626,2643.594971,2395.011963,2247.394043,2352.961426,2548.288086,5000.0,43828.313505,-27686.459923,26734.373234,0,true,true,1.0,-0.01,0
6,831,41.55,34156.733313,57288.15647,34759.998525,56064.322958,26931.765213,550.279047,-2375.27132,345.435637,-32.06501,2.406739,-94.466873,1.0,0.0,1.0,0.0,0.0,0.0,1.0,-11571.074654,-67507.291702,-32620.45441,70.0,1.0,-41118.179613,-22381.198956,-59424.182278,69.721022,1.0,41891.171469,8881.993096,-83125.910819,39.99889,3026.749756,40000.0,40000.0,40000.0,26642.863281,40000.0,40000.0,40000.0,40000.0,13163.973633,14044.864258,40000.0,40000.0,22742.71875,40000.0,28265.554688,40000.0,40000.0,3227.016602,2611.82666,2306.481934,2208.773682,2313.179932,2504.172852,5000.0,43774.098925,-27766.976442,26646.446872,0,true,true,1.0,-0.01,0
6,832,41.6,34128.584822,-53616.741292,34911.748905,-53176.071863,26903.272573,408.949797,-2395.781388,483.783644,-31.977732,2.552102,-94.484909,1.0,0.0,1.0,0.0,-0.069993,0.0,1.0,-12323.802246,-67583.042662,-32713.43481,70.0,1.0,-41833.652778,-22444.496104,-59344.12846,69.802821,1.0,41007.968611,8804.717137,-83206.888386,39.999215,2914.419434,40000.0,40000.0,40000.0,26729.910156,40000.0,40000.0,40000.0,40000.0,13433.553711,14128.097656,40000.0,40000.0,22894.048828,40000.0,28412.429688,40000.0,40000.0,3174.639404,2567.76416,2221.75,2172.214844,2189.831787,2411.542236,5000.0,43655.494163,-27900.474902,26504.837734,0,true,true,1.0,-0.01,0
6,833,41.65,34117.429961,57299.311331,34991.602294,55984.469569,26884.975523,334.64581,-2395.601561,548.911457,-31.943592,2.607409,-94.490959,1.0,0.0,1.0,0.0,0.0,0.0,1.0,-12700.713681,-67624.917074,-32770.777372,70.0,1.0,-42186.7865,-22489.061665,-59330.642698,69.836721,1.0,40567.380627,8759.095707,-83254.992297,39.99935,2851.739258,40000.0,40000.0,40000.0,26749.882812,40000.0,40000.0,40000.0,40000.0,13573.773438,14174.676758,40000.0,40000.0,22976.615234,40000.0,28645.1875,40000.0,40000.0,3043.003418,2449.870361,2218.465088,2136.691162,2136.77417,2359.777588,5000.0,43587.40138,-27957.300136,26446.598596,0,true,true,1.0,-0.01,0
6,834,41.7,34102.367648,-53601.678978,35150.280221,-53334.74979,26842.053506,196.085657,-2411.569834,682.962258,-31.895422,2.685456,-94.499428,1.0,0.0,1.0,0.0,0.0,0.0,1.0,-13420.520029,-67711.084588,-32903.84855,70.0,1.0,-42856.207421,-22597.377134,-59353.461025,69.888155,1.0,39727.073542,8660.835406,-83368.894606,39.999555,2720.114746,40000.0,40000.0,40000.0,26710.597656,40000.0,40000.0,40000.0,40000.0,13849.912109,14272.601562,40000.0,40000.0,23145.494141,40000.0,40000.0,40000.0,40000.0,2936.068115,2359.151611,2090.738281,1986.100586,2038.36145,2301.725586,5000.0,43444.503327,-28047.702353,26353.429411,0,true,true,1.0,-0.01,0
6,835,41.75,34098.060239,57303.618739,35230.826379,55903.923411,26817.194709,129.222244,-2416.384602,745.76387,-31.874571,2.714716,-94.500351,1.0,0.0,1.0,0.0,-0.069993,0.0,1.0,-13778.487048,-67752.396367,-32986.32229,70.0,1.0,-43185.720528,-22652.942997,-59388.516376,69.907711,1.0,39313.763567,8612.561619,-83436.767603,39.999633,2650.043701,40000.0,40000.0,40000.0,26687.408203,40000.0,40000.0,40000.0,40000.0,13925.325195,14324.948242,40000.0,40000.0,23234.103516,40000.0,40000.0,40000.0,40000.0,2894.13623,2329.860107,2020.883789,1934.968384,1985.875122,2243.754883,5000.0,43367.919464,-28088.555651,26311.720637,0,true,true,1.0,-0.01,0
6,836,41.8,34095.457982,-53599.076721,35387.003042,-53490.926453,26763.599073,11.934302,-2433.934811,862.954082,-31.844423,2.757021,-94.501678,1.0,0.0,1.0,0.0,0.0,0.0,1.0,-14443.005408,-67835.292058,-33165.358402,70.0,1.0,-43814.050809,-22767.353666,-59492.051643,69.935203,1.0,38531.088254,8516.623155,-83590.586532,39.999742,2569.644775,40000.0,40000.0,40000.0,26648.044922,40000.0,40000.0,40000.0,40000.0,14028.266602,14430.761719,40000.0,40000.0,23409.238281,40000.0,40000.0,40000.0,40000.0,2677.560791,2155.489258,1912.875366,1862.955933,1925.657837,2114.718018,5000.0,43216.435526,-28155.388283,26237.888633,0,true,true,1.0,-0.01,0
6,837,41.85,34097.167168,57301.909554,35468.145658,55822.780795,26732.94752,-51.275554,-2434.27835,919.546526,-31.833872,2.771825,-94.502136,1.0,0.0,1.0,0.0,0.0,0.0,1.0,-14781.077435,-67875.629931,-33270.776815,70.0,1.0,-44131.858263,-22830.733719,-59564.057771,69.947094,1.0,38126.663994,8467.492905,-83683.089494,39.999789,2492.911865,40000.0,40000.0,40000.0,26630.617188,40000.0,40000.0,40000.0,40000.0,14083.9375,14488.001953,40000.0,40000.0,23501.998047,40000.0,40000.0,40000.0,40000.0,2637.318115,2089.575439,1901.131104,1820.291382,1868.165771,2029.872559,5000.0,43136.241604,-28183.872049,26202.803861,0,true,true,1.0,-0.01,0
6,838,41.9,34106.073436,-53607.98299,35628.414915,-53651.19571,26667.230338,-162.098285,-2447.890898,1028.515933,-31.816971,2.80215,-94.490852,1.0,0.0,1.0,0.0,0.0,0.209979,1.0,-15461.959887,-67949.87878,-33501.880053,70.0,1.0,-44764.581843,-22942.771095,-59738.06436,69.963535,1.0,37341.746395,8363.412415,-83890.977022,39.999855,2336.213135,40000.0,40000.0,40000.0,26599.765625,40000.0,40000.0,40000.0,40000.0,14198.0,14561.765625,40000.0,40000.0,23679.142578,40000.0,40000.0,40000.0,3519.306885,2427.44458,2006.987549,1751.564941,1674.033691,1722.823853,1882.440552,5000.0,42969.227889,-28244.180915,26132.656313,0,true,true,1.0,-0.01,0
6,839,41.95,34113.368304,57294.614685,35710.105062,55741.090648,26631.184666,-218.846036,-2450.704287,1081.370118,-31.801306,2.89288,-94.331696,1.0,0.0,1.0,0.0,-0.209979,2.139536,1.0,-16001.546789,-67935.225625,-33638.792275,70.0,1.0,-45137.267836,-22862.883164,-59853.864503,69.97025,1.0,36985.843934,8204.96875,-84000.70545,39.999882,2259.350098,40000.0,40000.0,40000.0,26560.783203,40000.0,40000.0,40000.0,40000.0,14258.271484,14634.950195,40000.0,40000.0,23786.328125,40000.0,40000.0,40000.0,3412.305176,2332.231445,1879.970703,1669.942993,1600.220825,1643.6073,1816.664551,5000.0,42792.067654,-28400.594589,26106.169306,0,true,true,1.0,-0.01,0
6,840,42.0,34122.361009,-53616.975695,35791.962945,-53733.053593,26593.483003,-269.78113,-2455.736349,1131.049825,-31.767687,3.151032,-93.839478,1.0,0.0,1.0,0.0,-0.461709,5.271173,1.0,-45625.440857,-22483.106016,-60005.102055,69.975367,1.0,36731.006395,7812.728717,-84098.405332,39.999902,1.0,43350.634031,-15302.864898,-70212.80584,39.998868,2192.663818,40000.0,40000.0,40000.0,26468.908203,40000.0,40000.0,40000.0,40000.0,14321.05957,14777.459961,40000.0,40000.0,24113.115234,40000.0,40000.0,40000.0,3193.18042,2287.032715,1798.189209,1601.64502,1538.337891,1583.665527,1754.974854,5000.0,42413.334465,-28830.749335,26101.715111,0,true,true,1.0,-0.01,0
6,841,42.05,34140.260179,57276.715516,35961.054093,55571.9995,26521.300094,-267.22525,-2563.861856,1066.705447,-31.077614,4.37573,-91.480423,0.0,0.0,1.0,1.0,-0.239564,6.787642,1.0,-47055.265645,-19887.89127,-60573.223534,69.983331,1.0,36531.117105,6841.460503,-84151.03903,40.0,1.0,42138.059554,-16713.902979,-70455.027267,39.999234,14721.605469,40000.0,40000.0,40000.0,25806.582031,40000.0,40000.0,40000.0,40000.0,14235.740234,15099.991211,40000.0,40000.0,40000.0,40000.0,40000.0,40000.0,2730.685059,1982.289551,1663.926636,1501.070068,1457.736572,1470.668213,1650.644775,5000.0,40773.56588,-31018.881685,25897.381274,0,true,true,1.0,-0.01,0
6,842,42.1,34148.97633,-53625.691846,36048.205269,-53820.204769,26486.668796,-261.484534,-2614.53514,1038.938897,-30.433958,5.163252,-89.98056,0.0,0.0,1.0,1.0,0.049118,2.455888,1.0,-47852.933721,-17979.011824,-60923.626955,69.986255,1.0,36443.532848,6515.633437,-84148.390142,40.0,1.0,41385.251652,-17334.32887,-70654.58808,39.999368,14626.201172,40000.0,40000.0,40000.0,25609.246094,40000.0,40000.0,40000.0,40000.0,13941.712891,15310.1875,40000.0,40000.0,40000.0,29176.464844,38953.632812,40000.0,2499.93457,1858.116211,1518.518677,1380.740112,1395.173706,1462.542847,1655.276001,5000.0,39709.839222,-32444.772436,25644.216481,0,true,true,1.0,-0.01,0
6,843,42.15,34164.992964,57260.698883,36222.233553,55397.971216,26421.446657,-241.658159,-2709.965355,998.194831,-28.654507,6.607171,-87.097878,0.0,0.0,1.0,1.0,0.0,0.0,1.0,-49239.697967,-13714.877194,-61666.985951,69.990424,1.0,36227.566628,6673.069481,-84089.43416,40.0,1.0,39879.981924,-17793.940138,-71201.483754,39.99956,14969.753906,40000.0,40000.0,40000.0,25715.8125,40000.0,40000.0,40000.0,40000.0,13465.599609,16189.753906,40000.0,25461.503906,40000.0,29327.910156,39611.390625,3579.056152,2103.145264,1641.60022,1392.3479,1248.072266,1228.070435,1309.322998,1532.95166,5000.0,37565.383458,-35266.814343,24823.001463,0,true,true,1.0,-0.01,0
6,844,42.2,34172.467729,-53633.166612,36312.864249,-53910.835465,26389.238694,-226.650933,-2748.117067,976.614491,-27.53903,7.260909,-85.707169,0.0,0.0,1.0,1.0,0.0,0.0,1.0,-49835.266763,-11380.360455,-62034.131432,65.045123,1.0,36097.387142,7126.375945,-84031.838309,40.0,1.0,39126.590383,-17658.950462,-71543.213772,39.999632,40000.0,40000.0,40000.0,40000.0,40000.0,40000.0,40000.0,40000.0,40000.0,13277.514648,16908.433594,40000.0,24617.099609,40000.0,29514.488281,39351.96875,3193.605469,1995.530762,1469.627563,1257.511597,1213.99292,1165.40918,1247.109253,1447.185913,5000.0,36482.956356,-36656.971851,24250.94033,0,true,true,1.0,-0.01,0
6,845,42.25,34185.713275,57247.453337,36500.092403,55210.743063,26325.793024,-188.355856,-2828.58596,944.139665,-24.854874,8.481129,-82.902237,0.0,0.0,1.0,1.0,0.0,1.456952,1.0,-50836.058201,-6208.636639,-62685.926111,57.281282,1.0,35842.33977,8683.782266,-83828.873095,40.0,1.0,37613.365633,-16754.211034,-72336.335839,39.999746,40000.0,40000.0,40000.0,28036.685547,40000.0,40000.0,40000.0,40000.0,15719.394531,13951.167969,40000.0,40000.0,23896.820312,40000.0,29788.095703,37663.644531,2450.687256,1662.217651,1308.163452,1114.082642,1027.19812,1083.632324,1126.139282,1330.007812,5000.0,34222.094771,-39460.078365,22756.774219,0,true,true,1.0,-0.01,0
6,846,42.3,34191.218961,-53638.672298,36595.649941,-54006.393004,26294.756702,-165.170568,-2866.726,931.089618,-23.270798,9.07281,-81.342987,0.0,0.0,1.0,1.0,-0.419958,2.229859,1.0,-51218.006531,-3249.507175,-62961.813192,54.334339,1.0,35796.416435,9686.144131,-83650.574521,40.0,1.0,36862.351815,-16080.044083,-72754.756076,39.99979,40000.0,40000.0,40000.0,27723.519531,40000.0,40000.0,40000.0,40000.0,15274.963867,14425.952148,40000.0,40000.0,24449.148438,40000.0,40000.0,40000.0,2156.542236,1447.499878,1148.227417,1056.236938,957.164856,985.600464,1115.83252,1271.199585,5000.0,32933.594967,-40939.855608,21841.399074,0,true,true,1.0,-0.01,0
6,847,42.35,34199.579466,57239.092832,36790.232274,55016.16073,26233.723651,-111.122261,-2935.374978,910.874096,-19.609684,10.208596,-77.732498,0.0,0.0,1.0,1.0,-0.317791,2.105368,1.0,-51638.445465,3533.388553,-63337.647945,49.94779,1.0,35974.033227,11970.728499,-83092.627545,40.0,1.0,35391.85136,-14407.898428,-73583.300415,39.999854,40000.0,40000.0,40000.0,27095.224609,40000.0,40000.0,40000.0,40000.0,15264.069336,15678.550781,40000.0,40000.0,40000.0,40000.0,40000.0,3184.57251,1722.353882,1160.075195,998.992126,848.151855,864.28241,847.360413,981.961243,1220.153076,5000.0,29880.02479,-44062.049595,19665.460159,0,true,true,1.0,-0.01,0
6,848,42.4,34202.167739,-53641.260571,36889.17035,-54105.33108,26203.630441,-77.648197,-2968.142134,902.796252,-17.571489,10.678793,-75.902443,0.0,0.0,1.0,1.0,-0.069993,0.209979,1.0,-51675.974883,7141.489305,-63370.923311,48.198938,1.0,36123.985826,13381.662344,-82713.634528,40.0,1.0,34710.153207,-13266.041472,-73995.423846,39.99988,40000.0,40000.0,40000.0,26247.896484,40000.0,40000.0,40000.0,40000.0,15367.615234,16077.545898,40000.0,40000.0,40000.0,30281.205078,40000.0,2628.839111,1426.661499,1030.458496,851.9245,817.626404,750.656006,786.451294,882.167542,13984.259766,5000.0,28286.354762,-45550.855636,18376.354284,0,true,true,1.0,-0.01,0
6,849,42.45,34203.698746,57237.561825,37089.784789,54815.546291,26144.093841,-4.301878,-3024.780682,891.155463,-13.150157,11.385202,-72.377388,0.0,0.0,1.0,1.0,0.0,0.0,1.0,-51463.093893,14577.787802,-63015.155686,45.651315,1.0,33488.771807,-10304.723242,-74768.977421,40.0,1.0,36499.233313,16781.46862,-81719.663408,40.0,40000.0,40000.0,40000.0,25496.972656,40000.0,40000.0,40000.0,40000.0,15005.65918,16608.597656,40000.0,26869.832031,40000.0,40000.0,40000.0,1849.151611,1062.087036,797.319702,725.243896,622.035583,615.648621,712.942932,750.757935,14134.587891,5000.0,25129.787654,-48250.185767,15382.600103,0,true,true,1.0,-0.01,0
6,850,42.5,34202.505092,-53640.066918,37191.423474,-54206.969765,26114.535484,35.809611,-3049.160407,886.750667,-10.799372,11.576981,-70.758446,0.0,0.0,1.0,1.0,-0.419958,-1.189881,1.0,-51212.759906,18307.766183,-62624.814875,44.705064,1.0,33010.163559,-8462.397837,-75082.735677,40.0,1.0,36749.055548,18791.416605,-81061.097714,40.0,40000.0,40000.0,40000.0,25315.857422,40000.0,40000.0,40000.0,40000.0,14726.772461,17299.421875,40000.0,25760.224609,40000.0,40000.0,40000.0,1480.842041,983.378601,717.279968,592.035522,549.984436,594.359497,590.670044,680.616272,40000.0,5000.0,23636.113774,-49414.269385,13697.889231,0,true,true,1.0,-0.01,0
6,851,42.55,34195.737848,57244.32907,37396.92829,54610.041476,26055.790896,124.673346,-3093.400609,879.337057,-6.454362,11.510943,-68.302017,0.0,0.0,1.0,0.0,-0.951242,-4.954383,1.0,-50587.251015,24770.622102,-61673.296542,43.221765,1.0,32490.860401,-4507.84978,-75387.936648,40.0,1.0,37314.638754,22977.447526,-79485.950262,40.0,40000.0,40000.0,40000.0,40000.0,40000.0,40000.0,40000.0,40000.0,14408.408203,18673.466797,40000.0,24924.601562,40000.0,40000.0,2517.133789,1101.261353,715.881409,502.350677,443.232971,455.952301,413.580017,447.887939,586.581055,40000.0,5000.0,21263.575545,-51093.861592,10455.805982,0,true,true,1.0,-0.01,0
6,852,42.6,34190.118207,-53634.447276,37500.434785,-54310.476261,26026.66388,168.987888,-3112.537528,875.876749,-4.543114,11.198479,-67.874893,0.0,0.0,1.0,0.0,-1.426089,-8.120786,1.0,-50404.153582,27164.603192,-61208.607252,42.686071,1.0,32522.433611,-2194.241466,-75345.150443,40.0,1.0,37514.204988,25408.393936,-78529.799955,40.0,40000.0,40000.0,40000.0,40000.0,40000.0,40000.0,40000.0,40000.0,14437.12207,40000.0,40000.0,25157.03125,40000.0,40000.0,2095.490234,813.777832,532.860962,420.105133,411.785706,357.105347,345.79126,375.282166,502.568817,40000.0,5000.0,20755.724247,-51512.600288,8935.99747,0,true,true,1.0,-0.01,0
6,853,42.65,34182.964767,57251.482509,37604.803671,54505.672589,25997.618771,214.603173,-3131.066421,871.353221,-2.998368,10.727382,-68.105827,0.0,0.0,1.0,-1.0,-1.479801,-8.761981,1.0,-50442.805048,28751.302657,-60883.209169,42.22067,1.0,32712.264889,166.037013,-75161.006908,40.0,1.0,37559.841967,27903.487586,-77533.490675,40.0,40000.0,40000.0,40000.0,40000.0,40000.0,40000.0,40000.0,40000.0,14612.816406,18777.238281,40000.0,25204.730469,40000.0,40000.0,1715.446777,769.740112,430.5849,392.361511,294.484497,275.29718,277.874512,301.222229,414.264862,40000.0,5000.0,20818.157286,-51617.582402,7659.570222,0,true,true,1.0,-0.01,0
6,854,42.7,34164.146809,-53615.629318,37815.513713,-54521.186303,25940.135948,303.725678,-3170.593077,858.80023,-0.870736,9.583537,-69.967232,0.0,0.0,1.0,-1.0,-0.665162,-5.008276,1.0,-51102.016686,29951.336006,-60673.596741,41.479761,1.0,33204.200704,4678.883265,-74525.55329,40.0,1.0,37083.404602,32706.343766,-75606.572815,40.0,40000.0,40000.0,40000.0,24891.513672,40000.0,40000.0,40000.0,40000.0,15321.444336,17628.65625,40000.0,25550.357422,40000.0,30967.503906,1073.303467,489.141998,234.3013,180.051041,154.77092,164.271179,190.189331,204.26503,12613.848633,40000.0,5000.0,22157.734469,-51148.346363,5839.796383,0,true,true,1.0,-0.01,0
6,855,42.75,34152.708681,57262.920637,37921.891283,54399.295019,25911.784479,343.143822,-3191.326937,850.544049,-0.221978,8.974344,-71.397926,0.0,0.0,1.0,-1.0,-0.716435,-4.457816,1.0,-51654.655076,29733.603836,-60792.985118,41.20321,1.0,33406.191059,6741.181481,-74137.281189,40.0,1.0,36551.613298,34904.355464,-74743.139075,40.0,40000.0,40000.0,40000.0,24951.759766,40000.0,40000.0,40000.0,40000.0,15842.485352,17157.361328,40000.0,26730.890625,40000.0,30981.410156,726.505554,217.847382,148.16188,147.079987,135.646271,125.611061,135.066864,15349.624023,12318.191406,40000.0,5000.0,23252.048496,-50647.567178,5283.179766,0,true,true,1.0,-0.01,0
6,856,42.8,34140.074861,-53602.995498,38029.010732,-54628.305752,25883.762787,379.014571,-3213.583305,840.650715,0.169012,8.338407,-73.11338,0.0,0.0,1.0,-1.0,-0.784918,-4.120821,1.0,-52309.903063,29001.276718,-61079.698888,40.969643,1.0,33562.304068,8652.710456,-73725.971531,40.0,1.0,35826.626434,36936.595537,-73974.419509,40.0,40000.0,40000.0,40000.0,25060.695312,40000.0,40000.0,40000.0,40000.0,16034.873047,17000.683594,40000.0,28115.796875,40000.0,31001.179688,215.569534,180.805542,106.605385,102.063797,154.016525,199.034958,40000.0,15466.819336,12006.808594,12911.301758,5000.0,24575.958459,-49976.993245,4966.428217,0,true,true,1.0,-0.01,0
6,857,42.85,34112.238329,57290.757169,38245.375288,54182.930464,25828.782125,428.401514,-3256.19698,819.06974,0.3383,7.056365,-77.09623,0.0,0.0,1.0,-1.0,-0.353975,-2.831803,1.0,-53772.624073,26300.872854,-62035.362972,40.657907,1.0,33628.423835,11979.823555,-72938.898118,40.0,1.0,33847.877124,40410.134308,-72798.196207,40.0,40000.0,40000.0,40000.0,25737.695312,40000.0,40000.0,40000.0,40000.0,16416.289062,15830.959961,40000.0,40000.0,40000.0,396.426788,246.050171,231.463409,221.677765,272.583008,479.728882,764.445007,40000.0,30475.027344,10071.890625,12494.850586,5000.0,27620.633691,-48212.794254,4930.624835,0,true,true,1.0,-0.01,0
6,858,42.9,34097.345393,-53588.102562,38354.754625,-54737.685089,25801.952083,446.788066,-3281.379953,804.901202,0.124993,6.436471,-79.304436,0.0,0.0,1.0,-1.0,-0.078447,-2.784876,1.0,28388.561541,-41095.542702,-72158.07782,45.627196,1.0,-54551.126575,24357.012474,-62658.629111,40.527222,1.0,33492.676766,13352.978121,-72615.105882,40.0,40000.0,40000.0,40000.0,26029.5625,40000.0,40000.0,40000.0,40000.0,17440.326172,15036.466797,40000.0,40000.0,27692.945312,351.94519,322.504425,289.922577,320.494812,449.646545,556.51062,983.351257,40000.0,30375.642578,9811.729492,12419.769531,5000.0,29275.10987,-47121.329949,5190.75079,0,true,true,1.0,-0.01,0
6,859,42.95,34066.719129,57321.383433,38575.844662,53961.840427,25749.71624,461.865675,-3329.143942,775.431005,-0.802028,5.250635,-84.041389,0.0,0.0,1.0,-1.0,0.158603,-2.5773,1.0,32215.446528,-39126.159032,-71349.633045,63.777659,1.0,26655.5385,-22652.903475,-71069.245176,49.566398,1.0,-56070.532526,19392.075881,-64054.703121,40.351227,40000.0,40000.0,40000.0,40000.0,24294.453125,40000.0,40000.0,40000.0,40000.0,15998.714844,17894.9375,40000.0,25577.289062,559.829346,469.211182,471.570435,557.777222,596.557983,861.204224,1331.666992,4177.400391,29912.755859,10417.166992,12021.045898,5000.0,32709.516996,-44521.525721,6143.336993,0,true,true,1.0,-0.01,0
6,860,43.0,34051.375947,-53572.75938,38687.557301,-54849.397728,25724.366301,460.295436,-3351.378997,760.498132,-1.493942,4.677623,-86.523201,0.0,0.0,1.0,-1.0,0.197878,-2.057931,1.0,34075.86026,-38296.863545,-70785.418821,69.938209,1.0,27791.833758,-22074.317147,-70694.159791,53.041663,1.0,-56758.366712,16418.27346,-64777.651039,40.291492,40000.0,40000.0,40000.0,40000.0,24461.929688,40000.0,40000.0,40000.0,40000.0,16340.649414,17459.207031,40000.0,27374.203125,671.46698,565.85968,562.254517,658.099976,691.999268,925.834167,1380.427612,3617.450684,40000.0,14343.286133,11608.762695,5000.0,34433.552279,-43018.644111,6799.099439,0,true,true,1.0,-0.01,0
6,861,43.05,34036.290961,57336.468419,38800.041527,53849.356201,25699.568015,452.54955,-3374.526614,743.948553,-2.326321,4.112851,-89.059952,0.0,0.0,1.0,-1.0,0.274418,-2.038531,1.0,35883.909166,-37561.504755,-70132.298542,75.297701,1.0,28870.903923,-21630.588333,-70274.78523,56.065038,1.0,-57374.044004,13144.700327,-65480.833441,40.239524,11919.611328,40000.0,40000.0,40000.0,24975.919922,40000.0,40000.0,40000.0,40000.0,16325.0,16924.148438,40000.0,29705.291016,789.486877,665.340271,693.160889,693.63739,782.721008,985.615173,1465.303345,3425.751465,40000.0,14582.548828,11233.070312,5000.0,36134.934646,-41381.412304,7548.954055,0,true,true,1.0,-0.01,0
6,862,43.1,34007.733419,-53544.201839,39027.28179,-55076.637991,25651.760756,417.563663,-3420.669109,707.130319,-4.377458,3.030345,-94.063538,0.0,0.0,1.0,-1.0,0.559944,-0.489951,1.0,39164.376332,-36486.339979,-68617.623057,83.577317,1.0,30752.444376,-21241.305144,-69338.010264,60.735702,1.0,-58322.989359,5953.766071,-66690.445909,40.159241,11669.733398,40000.0,40000.0,40000.0,25604.412109,40000.0,40000.0,40000.0,40000.0,40000.0,15367.198242,40000.0,40000.0,30094.935547,874.494934,883.815491,862.866943,1006.033936,1219.444214,1661.747314,2965.373779,40000.0,29056.808594,9295.201172,5000.0,39283.186648,-37837.956216,9238.903427,0,true,true,1.0,-0.01,0
6,863,43.15,33994.688346,57349.513492,39142.031996,53734.605994,25628.84444,391.352179,-3442.506017,687.489434,-5.59535,2.544207,-96.471855,0.0,0.0,1.0,-1.0,0.909909,-0.489951,1.0,40570.548518,-36190.526608,-67789.279908,86.642734,1.0,31506.714164,-21331.493783,-68840.332862,62.464952,1.0,-58681.949655,2106.83295,-67109.931553,40.129518,11619.518555,40000.0,40000.0,40000.0,40000.0,23830.472656,40000.0,40000.0,40000.0,40000.0,16064.564453,19390.601562,40000.0,26867.714844,984.860657,979.037231,950.068481,1052.374634,1297.49707,1673.838867,2886.53418,40000.0,29178.917969,9062.395508,5000.0,40693.718416,-35974.577836,10124.756656,0,true,true,1.0,-0.01,0
6,864,43.2,33982.716993,-53532.230485,39257.480822,-55192.086817,25606.615674,359.140581,-3463.464592,666.862932,-6.74801,2.101187,-98.831474,0.0,0.0,1.0,0.0,0.984851,-0.590911,1.0,41826.46177,-35821.747095,-67049.402374,89.191146,1.0,32138.995049,-21373.714267,-68401.027206,63.902553,1.0,-58980.896782,-1678.74589,-67364.960781,40.104807,11468.761719,40000.0,40000.0,40000.0,40000.0,23951.982422,40000.0,40000.0,40000.0,40000.0,16738.431641,18124.345703,40000.0,26218.158203,1099.647583,1076.254761,1037.451904,1120.536377,1339.19873,1735.955322,2847.17041,40000.0,29127.234375,8847.644531,5000.0,42008.227289,-34083.295752,10891.323467,0,true,true,1.0,-0.01,0
6,865,43.25,33962.562268,57369.668218,39490.218363,53501.868453,25564.223363,283.107468,-3499.108285,626.134489,-8.87893,1.303805,-103.48101,0.0,0.0,1.0,0.0,0.661413,-0.962055,1.0,43989.868942,-34862.265228,-65809.392534,92.797919,1.0,33124.124147,-21312.367534,-67675.845595,65.937191,1.0,-59362.317731,-9124.984197,-67449.261898,40.069834,10740.167969,11365.941406,40000.0,40000.0,40000.0,24611.326172,40000.0,40000.0,40000.0,40000.0,16994.869141,17113.558594,40000.0,29928.205078,1344.958252,1288.128296,1258.407593,1281.313354,1462.619385,1918.948853,2789.145508,40000.0,40000.0,13644.40332,5000.0,44396.222471,-30196.52047,12101.6957,0,true,true,1.0,-0.01,0
6,866,43.3,33954.618239,-53524.286456,39607.357391,-55309.225844,25544.044886,238.320859,-3514.170637,605.354281,-9.865329,0.928332,-105.805115,0.0,0.0,1.0,0.0,0.769923,-1.189881,1.0,44940.879767,-34264.423929,-65295.441854,94.119515,1.0,33512.965924,-21203.754834,-67378.794613,66.682724,1.0,-59423.393041,-12811.874453,-67309.6497,40.05702,10424.75,11008.421875,40000.0,40000.0,40000.0,24872.472656,40000.0,40000.0,40000.0,40000.0,17998.294922,16126.296875,40000.0,40000.0,1477.151611,1390.470581,1347.542969,1360.406738,1532.597412,1968.525269,2766.206055,40000.0,40000.0,13860.795898,5000.0,45485.667555,-28187.133086,12563.243802,0,true,true,1.0,-0.01,0
6,867,43.35,33943.557416,57380.72904,39842.813128,53266.412716,25505.708334,139.474151,-3537.275593,564.454134,-11.691817,0.253664,-110.28994,0.0,0.0,1.0,0.0,0.839916,-0.279972,1.0,46492.965392,-33006.384465,-64472.11066,96.0267,1.0,34034.95544,-20960.677421,-66908.538655,67.758598,1.0,-59328.27243,-19917.660454,-66702.276198,40.038527,8821.855469,10860.830078,40000.0,40000.0,40000.0,40000.0,23530.164062,40000.0,40000.0,40000.0,40000.0,16684.769531,20240.519531,40000.0,1826.924438,1603.665283,1529.758301,1564.269409,1720.316162,2035.081421,2749.039307,40000.0,40000.0,28407.228516,5000.0,47377.373347,-24200.762872,13214.434127,0,true,true,1.0,-0.01,0
6,868,43.4,33940.719342,-53521.448382,39960.999181,-55427.411897,25487.575886,85.142232,-3545.581409,543.973399,-12.537087,-0.025467,-112.454498,0.0,0.0,1.0,0.0,0.909909,-0.279972,1.0,47080.628372,-32363.132909,-64173.227747,96.730368,1.0,34157.174615,-20824.826338,-66744.930275,68.155548,1.0,21799.969224,14809.972971,-74674.805394,45.31297,8389.407227,10808.602539,40000.0,40000.0,40000.0,40000.0,23631.273438,40000.0,40000.0,40000.0,40000.0,17244.085938,18802.457031,40000.0,27367.380859,1719.190918,1623.075928,1643.190796,1787.12854,2058.309082,2754.049072,40000.0,40000.0,28558.021484,5000.0,48191.982664,-22239.777798,13396.038902,0,true,true,1.0,-0.01,0
6,869,43.45,33939.875536,57381.572846,40079.395435,53148.016462,25470.153683,25.314162,-3551.887432,522.666083,-13.340464,-0.267718,-114.575226,0.0,0.0,1.0,0.0,0.839916,-0.349965,1.0,47553.110639,-31713.843215,-63945.284159,97.333715,1.0,34190.281504,-20688.117541,-66624.048855,68.495906,1.0,20510.02909,14324.53412,-74992.496458,49.86848,8194.780273,10676.033203,40000.0,40000.0,40000.0,40000.0,24013.572266,40000.0,40000.0,40000.0,40000.0,17215.714844,18571.910156,40000.0,27220.121094,1838.583496,1717.991211,1722.398193,1853.463135,2109.312744,2763.158447,40000.0,40000.0,28436.955078,5000.0,48927.388878,-20302.841306,13487.418804,0,true,true,1.0,-0.01,0
6,870,43.5,33944.572924,-53526.14577,40316.499371,-55664.515833,25437.432651,-101.698888,-3557.233595,480.748049,-14.832183,-0.811854,-118.622986,0.0,0.0,1.0,0.0,-0.489951,0.209979,1.0,48362.164975,-30438.948052,-63536.39039,98.222829,1.0,34209.723698,-20441.49631,-66391.298895,68.99747,1.0,18052.633135,13207.323543,-75538.768731,56.581651,8398.257812,10039.65625,10509.204102,40000.0,40000.0,40000.0,24413.083984,40000.0,40000.0,40000.0,40000.0,18279.417969,17136.097656,40000.0,30805.027344,2081.860352,1912.660156,1877.739502,1938.613281,2211.11499,2795.441162,40000.0,40000.0,40000.0,5000.0,50126.990561,-16539.140681,13574.724355,0,true,true,1.0,-0.01,0
6,871,43.55,33950.08647,57376.0593,40435.041592,53029.474241,25422.070342,-165.406349,-3556.266435,460.869254,-15.525634,-1.130337,-120.495605,0.0,0.0,1.0,0.0,-0.209979,0.349965,1.0,48727.146993,-29874.695637,-63317.163646,98.533103,1.0,34224.129392,-20364.856439,-66256.048875,69.1725,1.0,16951.322357,12577.721986,-75761.418448,58.92434,12820.068359,9769.150391,10176.788086,40000.0,40000.0,40000.0,24631.382812,40000.0,40000.0,40000.0,40000.0,40000.0,16367.347656,40000.0,40000.0,2184.380859,2012.136108,1933.789307,2006.006836,2263.811279,2820.056885,40000.0,40000.0,40000.0,5000.0,50581.242036,-14761.84392,13609.55677,0,true,true,1.0,-0.01,0
6,872,43.6,33958.129102,-53534.188403,40553.459866,-55782.934108,25407.479306,-241.278971,-3552.548047,437.731058,-16.044159,-1.388641,-121.910667,0.0,0.0,1.0,0.0,0.0,0.0,1.0,48882.143918,-29486.457146,-63155.65826,98.82991,1.0,34125.835159,-20360.722185,-66152.241074,69.339933,1.0,16030.150573,12005.649632,-75916.589291,61.16535,12894.775391,9551.128906,10078.072266,40000.0,40000.0,40000.0,25074.683594,40000.0,40000.0,40000.0,40000.0,40000.0,16811.25,40000.0,40000.0,2292.174805,2109.081543,1999.390259,2076.93457,2377.61792,2927.683594,40000.0,40000.0,40000.0,5000.0,50860.633948,-13420.817876,13622.626662,0,true,true,1.0,-0.01,0
6,873,43.65,33980.855322,57353.333081,40789.756933,52793.177174,25380.289393,-375.544268,-3541.189844,397.511643,-16.765465,-1.777472,-123.90329,0.0,0.0,1.0,0.0,0.0,0.0,1.0,48838.528536,-29068.723926,-62926.164125,99.209681,1.0,33735.855437,-20494.226263,-65998.802077,69.554168,1.0,14511.449977,11006.716102,-76111.852763,64.032773,12932.560547,9120.72168,9879.788086,40000.0,40000.0,40000.0,40000.0,23297.714844,40000.0,40000.0,40000.0,40000.0,17569.453125,40000.0,40000.0,2525.904053,2257.338135,2159.484863,2254.713867,2462.031006,2995.887207,40000.0,40000.0,40000.0,5000.0,51136.174529,-11551.687817,13622.264909,0,true,true,1.0,-0.01,0
6,874,43.7,33996.09342,-53549.4265,40907.497611,-55900.674785,25367.846084,-457.142913,-3532.220142,373.299256,-16.995815,-1.909245,-124.546005,0.0,0.0,1.0,0.0,0.0,0.0,1.0,48664.097298,-29009.268494,-62850.226833,99.382439,1.0,33446.356881,-20611.503705,-65947.459918,69.651624,1.0,13873.752078,10579.85719,-76163.373387,65.33717,12896.892578,8818.708984,9776.754883,40000.0,40000.0,40000.0,40000.0,23316.222656,40000.0,40000.0,40000.0,40000.0,17880.412109,21173.644531,40000.0,2634.013428,2336.962158,2237.126221,2341.402344,2534.331543,3061.502686,40000.0,40000.0,40000.0,5000.0,51173.378231,-10964.941993,13618.036988,0,true,true,1.0,-0.01,0
6,875,43.75,34013.446558,57335.979943,41024.980807,52675.693978,25356.028308,-520.594107,-3524.495689,354.533252,-17.177048,-2.015539,-125.054024,0.0,0.0,1.0,0.0,0.0,0.0,1.0,48436.148811,-29007.020746,-62788.224804,99.489975,1.0,33128.629533,-20750.230051,-65904.361169,69.712286,1.0,13283.742571,10192.997954,-76200.300364,66.149104,12838.803711,8575.305664,9671.65332,40000.0,40000.0,40000.0,40000.0,23332.740234,40000.0,40000.0,40000.0,40000.0,18163.039062,20830.578125,40000.0,2746.863525,2422.288086,2343.403076,2391.350342,2607.443115,3164.226074,40000.0,40000.0,40000.0,5000.0,51175.584895,-10511.386643,13613.513238,0,true,true,1.0,-0.01,0
6,876,43.8,34055.185495,-53591.165438,41259.009363,-56134.703342,25334.467314,-656.414019,-3506.225361,314.476905,-17.4405,-2.142122,-125.831429,0.0,0.0,1.0,0.0,0.559944,-0.279972,1.0,47824.435507,-29089.968731,-62726.766484,99.667646,1.0,40810.898205,-55312.818987,-54763.641178,77.343065,1.0,32391.165721,-21058.118387,-65855.123133,69.812514,13000.961914,8178.401367,9457.508789,40000.0,40000.0,40000.0,40000.0,23363.869141,40000.0,40000.0,40000.0,40000.0,18330.417969,20378.658203,40000.0,2979.752686,2585.577148,2504.503662,2509.282959,2762.847412,3294.932373,40000.0,40000.0,40000.0,5000.0,51126.301835,-9852.237675,13569.124545,0,true,true,1.0,-0.01,0
6,877,43.85,34079.264619,57311.900819,41375.561747,52559.141594,25324.628211,-722.37367,-3496.571346,295.173047,-17.558165,-2.104865,-126.355347,0.0,0.0,1.0,0.0,1.493949,-1.365896,1.0,47413.641679,-29036.264154,-62812.654792,99.732273,1.0,40654.486452,-55291.226196,-54765.745437,81.748752,1.0,31898.134614,-21142.919998,-65908.34156,69.848971,13593.408203,7939.54248,9354.376953,40000.0,40000.0,40000.0,40000.0,23556.519531,40000.0,40000.0,40000.0,40000.0,18392.087891,20167.681641,40000.0,3090.935791,2674.072266,2531.459961,2598.060303,2817.249023,3361.324219,40000.0,40000.0,40000.0,5000.0,51145.984188,-9435.390202,13421.565035,0,true,true,1.0,-0.01,0
6,878,43.9,34105.598118,-53617.498937,41491.760795,-56250.902389,25315.433504,-790.004921,-3485.971246,275.841211,-17.666027,-2.008331,-126.995491,0.0,0.0,1.0,0.0,1.184242,-1.326351,1.0,46943.552064,-28899.164926,-62974.589907,99.786817,1.0,40495.021432,-55194.767541,-54837.087323,85.467069,1.0,31319.069894,-21162.687164,-66013.571338,69.87974,26991.273438,7671.81543,9255.185547,40000.0,40000.0,40000.0,40000.0,23707.421875,40000.0,40000.0,40000.0,40000.0,18448.46875,20162.941406,40000.0,3196.723389,2789.298828,2601.653076,2684.970947,2877.388184,3477.415039,40000.0,40000.0,40000.0,5000.0,51196.852842,-8936.500452,13189.615456,0,true,true,1.0,-0.01,0
6,879,43.95,34164.276011,57253.222925,41723.110839,52327.79155,25298.67584,-910.401021,-3464.694167,243.389832,-17.863997,-1.763506,-128.456711,0.0,0.0,1.0,0.0,0.69993,-1.049895,1.0,45951.998214,-28490.67925,-63379.192503,99.858765,1.0,40213.376823,-54876.567107,-55060.723649,90.371852,1.0,30092.001852,-21114.838861,-66269.450941,69.920327,26953.785156,7116.597656,9066.075195,40000.0,40000.0,40000.0,40000.0,23813.078125,40000.0,40000.0,40000.0,40000.0,18552.109375,20135.449219,40000.0,3416.19165,2963.496582,2739.3396,2760.525879,3036.211914,3515.437988,40000.0,40000.0,40000.0,5000.0,51323.769927,-7801.472928,12624.507848,0,true,true,1.0,-0.01,0
6,880,44.0,34196.675274,-53649.8982,41838.191053,-56365.982603,25291.077763,-971.97784,-3452.406241,227.942278,-17.953814,-1.615842,-129.31575,0.0,0.0,1.0,0.0,0.714777,-1.378499,1.0,45431.427054,-28193.027463,-63629.446939,99.886124,1.0,40111.339931,-54629.033198,-55221.179544,92.236959,1.0,29439.32311,-21030.64828,-66424.480386,69.935761,26961.416016,6825.129883,8953.287109,40000.0,40000.0,40000.0,40000.0,23885.767578,40000.0,40000.0,40000.0,40000.0,18987.990234,20108.800781,40000.0,3532.527344,3048.634277,2839.602295,2817.845215,3042.69458,3553.702881,40000.0,40000.0,40000.0,5000.0,51402.616991,-7132.758679,12280.994998,0,true,true,1.0,-0.01,0
6,881,44.05,34231.081217,57218.816983,41952.8349,52213.147704,25283.95484,-1032.178219,-3439.315207,213.68769,-18.038944,-1.460708,-130.248688,0.0,0.0,1.0,0.0,0.58517,-1.219104,1.0,44902.187284,-27843.085618,-63900.471157,99.907889,1.0,40037.560414,-54329.91611,-55404.929385,93.720666,1.0,28771.987441,-20914.81877,-66589.386762,69.948039,26606.246094,6531.776855,8733.989258,9095.654297,40000.0,40000.0,40000.0,23973.140625,40000.0,40000.0,40000.0,40000.0,19449.757812,19703.326172,40000.0,3647.303223,3135.350098,2920.009277,2873.373535,3081.747314,3586.209473,40000.0,40000.0,40000.0,5000.0,51483.813847,-6403.873259,11907.738954,0,true,true,1.0,-0.01,0
6,882,44.1,34305.688617,-53724.5056,42180.707677,-56593.855381,25270.968097,-1148.312991,-3410.553321,188.741995,-18.199383,-1.148958,-132.28923,0.0,0.0,1.0,0.0,0.349965,-0.979902,1.0,43831.338051,-27025.578307,-64475.236017,99.938932,1.0,39966.096386,-53607.018271,-55817.623166,95.836945,1.0,27417.270721,-20618.282234,-66928.303362,69.965551,26691.304688,6217.265137,8297.572266,8459.833008,40000.0,40000.0,40000.0,24194.410156,40000.0,40000.0,40000.0,40000.0,40000.0,18739.404297,40000.0,3864.764404,3285.93457,3055.29126,3025.146973,3164.696289,3692.53833,40000.0,40000.0,40000.0,5000.0,51630.658085,-4799.875139,11102.594402,0,true,true,1.0,-0.01,0
6,883,44.15,34345.900162,57178.605438,42293.850675,52100.004706,25265.050609,-1206.346283,-3394.289755,177.524605,-18.276575,-1.005926,-133.354507,0.0,0.0,1.0,0.0,0.209979,-0.769923,1.0,43298.972449,-26588.678366,-64758.299883,99.950313,1.0,39957.182006,-53208.680325,-56028.4423,96.612786,1.0,26745.451593,-20458.311314,-67089.041536,69.971971,26765.570312,6073.617676,8085.054688,8324.373047,40000.0,40000.0,40000.0,24747.603516,40000.0,40000.0,40000.0,40000.0,40000.0,18289.753906,40000.0,3989.605713,3356.22876,3096.187012,3076.938232,3250.638672,28236.158203,40000.0,40000.0,40000.0,5000.0,51683.596547,-3957.221984,10694.258484,0,true,true,1.0,-0.01,0
6,884,44.2,34388.018314,-53766.623752,42406.416079,-56706.420784,25259.476306,-1263.544503,-3376.96193,167.229095,-18.35219,-0.877859,-134.440048,0.0,0.0,1.0,0.0,0.139986,-0.769923,1.0,42775.086282,-26139.833871,-65031.606021,99.959458,1.0,39967.648284,-52791.214288,-56235.887415,97.236188,1.0,26085.745608,-20295.527603,-67239.762675,69.977129,26854.707031,5932.118652,7877.293945,8218.639648,40000.0,40000.0,40000.0,40000.0,23206.130859,40000.0,40000.0,40000.0,40000.0,18490.447266,40000.0,4129.844727,3449.019775,3144.888672,3127.898193,3287.37207,40000.0,40000.0,40000.0,40000.0,5000.0,51719.039233,-3094.189694,10290.504095,0,true,true,1.0,-0.01,0
6,885,44.25,34432.159791,57134.463961,42518.321519,51988.099265,25254.241569,-1324.244231,-3357.163045,157.042112,-18.42573,-0.774087,-135.555344,0.0,0.0,1.0,0.0,0.069993,-0.909909,1.0,42270.019131,-25669.897945,-65291.361163,99.967387,1.0,40012.558795,-52344.799799,-56436.645105,97.77676,1.0,25446.854626,-20124.010493,-67378.582351,69.981603,40000.0,5792.509766,7673.511719,8117.191895,40000.0,40000.0,40000.0,40000.0,23239.089844,40000.0,40000.0,40000.0,40000.0,18872.65625,40000.0,4276.00293,3543.768066,3212.569824,3146.759277,3329.085449,40000.0,40000.0,40000.0,40000.0,5000.0,51735.483204,-2200.168778,9896.763773,0,true,true,1.0,-0.01,0
6,886,44.3,34526.20052,-53860.664482,42740.069674,-56928.168939,25244.659296,-1438.8598,-3315.635624,139.55648,-18.56665,-0.644793,-137.851013,0.0,0.0,1.0,0.0,0.0,-1.049895,1.0,41324.267387,-24686.726813,-65762.399603,99.978363,1.0,40200.144879,-51382.963551,-56808.76474,98.524992,1.0,24248.031459,-19770.435747,-67616.460506,69.987794,40000.0,5519.713867,7279.866211,7926.229004,40000.0,40000.0,40000.0,40000.0,23502.435547,40000.0,40000.0,40000.0,40000.0,19706.5,40000.0,4665.316406,3739.770264,3349.029053,3231.610596,3342.197021,40000.0,40000.0,40000.0,40000.0,5000.0,51703.85494,-339.528178,9151.458022,0,true,true,1.0,-0.01,0
6,887,44.35,34576.045235,57084.619247,42849.837418,51878.331522,25240.27155,-1495.341364,-3293.032132,131.63238,-18.632704,-0.65196,-139.066803,0.0,0.0,1.0,0.0,-0.279972,-1.385959,1.0,40923.466797,-24142.595139,-65960.904848,99.982325,1.0,40399.815501,-50835.234263,-56967.163151,98.795064,1.0,23725.329763,-19570.62802,-67708.975855,69.990029,40000.0,5386.123535,7088.140137,7837.520508,40000.0,40000.0,40000.0,40000.0,23688.513672,40000.0,40000.0,40000.0,40000.0,19945.96875,23393.935547,40000.0,3849.031006,3418.777832,3280.133545,3373.216064,40000.0,40000.0,40000.0,40000.0,5000.0,51650.257159,665.965859,8817.939397,0,true,true,1.0,-0.01,0
6,888,44.4,34681.614988,-53966.234234,43066.806921,-57145.138443,25232.288099,-1613.13347,-3241.077564,115.812345,-18.750221,-0.82212,-141.669037,0.0,0.0,1.0,0.0,-0.162548,-1.517111,1.0,40272.768395,-22922.959736,-66289.242033,99.988431,1.0,41033.694099,-49570.292647,-57232.0458,99.211348,1.0,22840.713388,-19110.719081,-67847.503636,69.993474,40000.0,10523.069336,6186.855957,7676.29248,7991.282715,40000.0,40000.0,40000.0,23883.519531,40000.0,40000.0,40000.0,40000.0,19970.453125,21863.007812,40000.0,4118.708496,3563.273926,3376.780762,3431.027832,40000.0,29288.972656,40000.0,40000.0,5000.0,51453.238178,2857.578258,8229.654355,0,true,true,1.0,-0.01,0
6,889,44.45,34737.333192,57028.901042,43173.898653,51771.23979,25228.686815,-1671.546051,-3212.751785,108.038528,-18.800226,-0.957558,-143.016678,0.0,0.0,1.0,0.0,-0.069993,-0.909909,1.0,39986.373156,-22280.178815,-66430.1569,99.990624,1.0,41411.427363,-48882.904479,-57348.572587,99.360816,1.0,22448.027534,-18870.058131,-67900.73011,69.994711,40000.0,10598.044922,5747.815918,7451.942871,7595.376953,40000.0,40000.0,40000.0,24007.632812,40000.0,40000.0,40000.0,40000.0,20332.654297,21741.503906,40000.0,4237.524414,3637.919678,3425.221924,3458.70752,40000.0,29201.261719,40000.0,40000.0,5000.0,51307.957356,4001.06326,7962.775482,0,true,true,1.0,-0.01,0
6,890,44.5,34795.253831,-54024.154873,43279.855163,-57251.094953,25225.381259,-1737.619076,-3178.695138,99.16668,-18.842579,-1.144214,-144.412796,0.0,0.0,1.0,0.0,-0.209979,-1.329867,1.0,39743.335346,-21598.795436,-66548.832203,99.992635,1.0,41855.342405,-48138.709881,-57447.322501,99.497909,1.0,22103.933384,-18612.237025,-67940.277449,69.995845,40000.0,25321.257812,5338.980957,7194.70459,7368.188477,40000.0,40000.0,40000.0,24153.236328,40000.0,40000.0,40000.0,40000.0,20948.074219,21594.925781,40000.0,4362.723633,3714.754639,3488.580322,3514.245117,40000.0,29127.105469,40000.0,40000.0,5000.0,51125.229021,5195.189734,7724.146614,0,true,true,1.0,-0.01,0
6,891,44.55,34855.00564,56969.149233,43384.808856,51666.286097,25222.327962,-1792.554163,-3148.610612,91.598896,-18.876661,-1.375836,-145.848099,0.0,0.0,1.0,0.0,-0.257572,-1.352251,1.0,39540.087052,-20888.146097,-66647.33199,99.993955,1.0,42366.320678,-47341.688474,-57530.560248,99.58793,1.0,21811.399691,-18343.939271,-67967.251743,69.99659,40000.0,25237.042969,4958.124023,6946.351074,7261.175293,40000.0,40000.0,40000.0,24855.125,23443.464844,40000.0,40000.0,40000.0,21620.021484,20806.412109,40000.0,4471.307129,3794.407715,3556.642578,3556.78418,40000.0,28616.685547,40000.0,40000.0,5000.0,50903.471933,6428.770671,7511.260863,0,true,true,1.0,-0.01,0
6,892,44.6,34980.271667,-54149.420901,43591.304951,-57457.591048,25217.059126,-1906.081208,-3080.762053,74.964886,-18.919163,-1.913179,-148.711029,0.0,0.0,1.0,0.0,-0.139986,-0.279972,1.0,39185.454192,-19485.577258,-66792.127332,99.995987,1.0,43393.159434,-45712.041716,-57654.420885,99.72645,1.0,21297.707465,-17824.566889,-67993.078759,69.997736,40000.0,25281.597656,4639.34082,6483.330078,7065.187988,40000.0,40000.0,40000.0,40000.0,23521.447266,40000.0,40000.0,40000.0,40000.0,19699.308594,40000.0,4717.760742,3959.394043,3669.397217,3609.470947,40000.0,27902.050781,40000.0,40000.0,5000.0,50354.973243,8887.44943,7148.088375,0,true,true,1.0,-0.01,0
6,893,44.65,35045.769185,56903.651715,43692.722165,51564.868884,25214.869308,-1964.925437,-3042.51625,65.694562,-18.929459,-2.18263,-150.074188,0.0,0.0,1.0,0.0,-0.069993,-0.069993,1.0,38980.749286,-18829.365554,-66852.826216,99.99676,1.0,43848.593153,-44928.673016,-57705.908098,99.779107,1.0,21039.012309,-17599.657337,-67997.456182,69.998172,40000.0,25425.691406,4493.626465,6270.515625,6975.397461,40000.0,40000.0,40000.0,40000.0,23676.183594,40000.0,40000.0,40000.0,40000.0,20138.693359,40000.0,4861.626465,4042.581543,3719.794678,3636.06543,40000.0,27891.050781,40000.0,40000.0,5000.0,50042.778807,10047.393056,6986.317695,0,true,true,1.0,-0.01,0
6,894,44.7,35113.245132,-54216.896847,43792.786533,-57557.655417,25213.005929,-2024.278291,-3001.930893,55.901345,-18.933407,-2.389112,-151.117615,0.0,0.0,1.0,0.0,0.0,0.0,1.0,38709.385067,-18382.968854,-66888.114403,99.997393,1.0,44080.646935,-44371.922101,-57736.255684,99.822298,1.0,20729.600822,-17484.536557,-67989.362835,69.99853,40000.0,40000.0,4355.996094,6082.069336,6887.710938,40000.0,40000.0,40000.0,40000.0,23921.808594,40000.0,40000.0,40000.0,40000.0,20518.884766,40000.0,4984.760742,4114.853027,3765.251953,3637.404297,40000.0,27881.324219,40000.0,40000.0,5000.0,49759.617411,10917.061986,6865.181421,0,true,true,1.0,-0.01,0
6,895,44.75,35253.736663,56763.160184,43988.941364,51368.714053,25210.233446,-2134.361611,-2922.573985,36.854959,-18.933224,-2.673861,-152.555618,0.0,0.0,1.0,0.0,0.0,0.0,1.0,38045.262267,-17908.444525,-66908.079117,99.998273,1.0,44107.434078,-43725.209442,-57752.990468,99.882272,1.0,20015.038117,-17468.556475,-67949.173947,69.999026,40000.0,40000.0,4094.098389,5594.703125,6714.334961,6942.635254,40000.0,40000.0,40000.0,24060.451172,40000.0,40000.0,40000.0,40000.0,21139.615234,40000.0,5180.12207,4256.983398,3795.84375,3667.824951,40000.0,40000.0,40000.0,40000.0,5000.0,49275.609784,12074.017925,6705.315412,0,true,true,1.0,-0.01,0
6,896,44.8,35326.656166,-54289.81635,44085.032001,-57653.746054,25209.322474,-2187.584964,-2882.718975,27.329174,-18.931673,-2.770737,-153.044739,0.0,0.0,1.0,0.0,0.0,0.0,1.0,37671.86699,-17815.028807,-66900.809876,99.998594,1.0,43968.423351,-43566.437713,-57746.06925,99.904173,1.0,19622.450388,-17531.921731,-67921.391755,69.999207,40000.0,40000.0,3966.978027,5253.913574,6574.74707,6660.919922,40000.0,40000.0,40000.0,24129.296875,40000.0,40000.0,40000.0,40000.0,21393.816406,40000.0,5256.38623,4330.600586,3827.642822,3690.094238,40000.0,40000.0,40000.0,40000.0,5000.0,49069.16817,12448.854973,6654.441563,0,true,true,1.0,-0.01,0
6,897,44.85,35401.32804,56688.48831,44179.786355,51273.959699,25208.730217,-2240.156107,-2842.630458,17.767705,-18.929852,-2.855182,-153.506805,0.0,0.0,1.0,0.0,0.069993,0.139986,1.0,37282.759621,-17739.162988,-66896.277127,99.99886,1.0,43800.274574,-43426.62195,-57742.902106,99.922259,1.0,19245.317595,-17600.173252,-67894.972256,69.999357,40000.0,40000.0,3840.494873,4929.615723,6378.903809,6572.36084,40000.0,40000.0,40000.0,24200.740234,40000.0,40000.0,40000.0,40000.0,21573.857422,40000.0,5328.616699,4374.622559,3857.068604,3755.161377,40000.0,40000.0,40000.0,40000.0,5000.0,48865.885926,12797.555444,6601.079202,0,true,true,1.0,-0.01,0
6,898,44.9,35555.717939,-54444.206249,44365.359539,-57839.319239,25208.476677,-2339.623462,-2764.850432,-0.591808,-18.928383,-2.906358,-154.31366,0.0,0.0,1.0,0.0,0.349965,0.419958,1.0,36365.371211,-17677.427069,-66935.701066,99.999245,1.0,43268.164749,-43250.333401,-57795.50049,99.948517,1.0,18319.713318,-17783.923804,-67867.715089,69.999574,40000.0,40000.0,3589.279053,4328.322266,6004.078613,6380.525879,40000.0,40000.0,40000.0,24346.585938,40000.0,40000.0,40000.0,40000.0,21744.220703,40000.0,5459.966309,4398.732422,3954.414795,5749.799805,40000.0,40000.0,40000.0,40000.0,5000.0,48492.292757,13366.637419,6432.510921,0,true,true,1.0,-0.01,0
6,899,44.95,35635.346055,56608.860194,44456.20826,51183.110979,25208.797548,-2388.84336,-2725.461465,-9.626149,-18.929487,-2.86882,-154.657761,0.0,0.0,1.0,0.0,0.419958,0.489951,1.0,35831.515496,-17691.661074,-66980.619321,99.99939,1.0,42898.657509,-43214.72839,-57853.044131,99.958418,1.0,17769.079476,-17898.743029,-67866.499994,69.999656,40000.0,40000.0,3463.451904,4046.917969,5824.188477,6287.923828,40000.0,40000.0,40000.0,24419.970703,40000.0,40000.0,40000.0,40000.0,21835.306641,40000.0,5555.208496,4430.929199,3928.785156,40000.0,40000.0,40000.0,40000.0,40000.0,5000.0,48324.178197,13586.225387,6314.471238,0,true,true,1.0,-0.01,0
6,900,45.0,35716.546365,-54525.406559,44545.781958,-57928.892937,25209.40122,-2436.009178,-2687.210795,-18.11014,-18.932514,-2.792197,-154.955811,0.0,0.0,1.0,0.0,0.349965,0.559944,1.0,35252.182007,-17737.950341,-67038.163677,99.999506,1.0,42461.838579,-43217.60493,-57926.633793,99.96632,1.0,17173.22049,-18028.077695,-67870.81655,69.999721,40000.0,40000.0,3507.137695,3776.822998,5649.223145,6197.472656,40000.0,40000.0,40000.0,24492.990234,40000.0,40000.0,40000.0,40000.0,21930.632812,40000.0,5624.414062,4479.705078,3946.866455,40000.0,40000.0,40000.0,40000.0,40000.0,5000.0,48169.846084,13758.777911,6178.316827,0,true,true,1.0,-0.01,0
6,901,45.05,35883.582389,56441.824171,44721.115578,51007.777359,25211.403718,-2526.296969,-2612.814295,-33.475887,-18.945299,-2.530519,-155.402008,0.0,0.0,1.0,0.0,0.209979,0.419958,1.0,33967.282657,-17926.676888,-67180.79909,99.999676,1.0,41391.287489,-43340.896778,-58110.219609,99.977946,1.0,15854.804952,-18327.522288,-67889.525143,69.999818,40000.0,40000.0,3803.215332,3291.694092,5313.522949,6022.87793,40000.0,40000.0,40000.0,24636.253906,40000.0,40000.0,40000.0,40000.0,22134.464844,25680.919922,5630.028809,4514.09375,4020.581055,40000.0,40000.0,40000.0,40000.0,40000.0,5000.0,47904.563378,13957.61685,5862.302409,0,true,true,1.0,-0.01,0
6,902,45.1,35969.192743,-54611.016914,44807.040125,-58014.817483,25212.737939,-2568.310515,-2577.736263,-40.026645,-18.95344,-2.377371,-155.583832,0.0,0.0,1.0,0.0,0.139986,0.279972,1.0,33297.783571,-18042.181571,-67253.195133,99.999737,1.0,40809.377441,-43429.668599,-58204.918368,99.982059,1.0,15169.018743,-18483.884229,-67897.299716,69.999852,40000.0,40000.0,3965.737061,3168.69165,5149.837402,5938.108887,40000.0,40000.0,40000.0,24755.142578,40000.0,40000.0,40000.0,40000.0,22240.371094,25721.769531,5657.818848,4515.845215,4024.094727,40000.0,40000.0,40000.0,40000.0,40000.0,5000.0,47781.828909,14019.661614,5698.723507,0,true,true,1.0,-0.01,0
6,903,45.15,36056.123616,56354.893298,44891.854093,50922.96339,25214.263971,-2607.926043,-2544.418927,-45.780949,-18.962467,-2.212936,-155.742477,0.0,0.0,1.0,0.0,0.139986,0.279972,1.0,32614.310451,-18167.90863,-67324.852007,99.999785,1.0,40202.473269,-43532.209083,-58299.754499,99.985318,1.0,14498.44054,-18637.909526,-67903.569731,69.999879,40000.0,40000.0,4117.973145,3034.765381,4988.369629,5854.952637,40000.0,40000.0,40000.0,24981.792969,40000.0,40000.0,40000.0,40000.0,22348.517578,25786.949219,5693.912109,4528.338867,3990.742188,40000.0,40000.0,40000.0,40000.0,40000.0,5000.0,47664.346964,14061.341798,5533.116017,0,true,true,1.0,-0.01,0
6,904,45.2,36233.896715,-54788.790013,45058.165242,-58181.128632,25217.82373,-2685.091378,-2478.921674,-55.642742,-18.982588,-1.874633,-155.994827,0.0,0.0,1.0,0.0,0.0,0.279972,1.0,31232.456751,-18440.624924,-67453.676339,99.999857,1.0,38942.99617,-43766.860969,-58474.88072,99.990268,1.0,13143.401907,-18946.681971,-67905.7067,70.0,40000.0,40000.0,7971.072266,2769.059082,4671.425781,5693.302734,6353.348145,40000.0,40000.0,25413.990234,40000.0,40000.0,40000.0,40000.0,22571.488281,25985.517578,5788.856934,4597.695312,4046.054932,40000.0,40000.0,40000.0,40000.0,40000.0,5000.0,47440.253693,14094.408627,5213.708249,0,true,true,1.0,-0.01,0
6,905,45.25,36324.736591,56264.053422,45139.652423,50841.476209,25219.824146,-2725.196135,-2444.615292,-60.01249,-18.99423,-1.698559,-156.064697,0.0,0.0,1.0,0.0,0.0,0.489951,1.0,30531.911464,-18598.917868,-67508.090899,99.999886,1.0,38277.269613,-43912.851048,-58551.748292,99.992246,1.0,12457.591415,-19105.258878,-67900.642781,70.0,40000.0,40000.0,7879.508301,2637.564209,4516.929688,5614.97168,6037.898438,40000.0,40000.0,25608.025391,40000.0,40000.0,40000.0,40000.0,22688.261719,26141.179688,5718.029785,4546.16748,4148.422852,40000.0,40000.0,40000.0,40000.0,40000.0,5000.0,47338.95796,14066.848496,5064.495281,0,true,true,1.0,-0.01,0
6,906,45.3,36416.826711,-54880.880133,45220.067066,-58261.543275,25221.944173,-2762.703442,-2412.439177,-63.600794,-19.007912,-1.545077,-156.053391,0.0,0.0,1.0,0.0,-0.489951,0.839916,1.0,29862.572498,-18787.271667,-67535.334652,99.999909,1.0,37604.523595,-44098.64599,-58595.151054,99.993779,1.0,11802.43043,-19272.111407,-67883.550009,70.0,40000.0,40000.0,7780.411133,2507.552246,4367.295898,5538.779785,5898.318359,40000.0,40000.0,40000.0,24730.460938,40000.0,40000.0,40000.0,22812.595703,26376.546875,5719.819336,4542.061035,4364.380371,40000.0,40000.0,40000.0,40000.0,40000.0,5000.0,47249.360936,13983.403299,4955.11515,0,true,true,1.0,-0.01,0
6,907,45.35,36604.401042,56076.479091,45378.022855,50683.52042,25226.491579,-2829.718204,-2356.063707,-69.902511,-19.070377,-2.045525,-154.524719,0.0,0.0,1.0,0.0,-0.951036,1.003871,1.0,29596.260182,-19723.236949,-66951.754732,100.0,1.0,36620.676082,-45180.919207,-57885.524661,99.995915,1.0,11568.385445,-19800.464102,-67606.336539,70.0,40000.0,40000.0,7433.593262,2272.007324,4129.028809,5388.469238,5802.812012,40000.0,40000.0,25434.074219,40000.0,40000.0,40000.0,40000.0,23210.408203,40000.0,5562.224121,4454.839844,5591.357422,40000.0,40000.0,26905.164062,40000.0,40000.0,5000.0,47222.130728,12866.074396,5771.182879,0,true,true,1.0,-0.01,0
6,908,45.4,36699.743038,-54976.22213,45455.758088,-58339.278509,25228.955833,-2860.259755,-2332.056882,-73.927641,-19.10976,-2.329101,-153.64801,0.0,0.0,1.0,0.0,-0.751161,1.160885,1.0,29492.280189,-20220.605166,-66634.746486,100.0,1.0,36103.064515,-45756.58453,-57502.688134,99.996697,1.0,11487.281743,-20064.914554,-67463.713295,70.0,40000.0,40000.0,7258.836426,2154.699951,3816.415527,5314.161621,5762.391113,40000.0,40000.0,25237.154297,40000.0,40000.0,40000.0,40000.0,23163.417969,40000.0,5437.641113,4458.402344,35974.132812,40000.0,40000.0,26781.798828,40000.0,40000.0,5000.0,47205.324559,12233.511257,6234.068165,0,true,true,1.0,-0.01,0
6,909,45.45,36796.085817,55980.136312,45532.75171,50606.526799,25231.583782,-2890.283215,-2309.80851,-78.838461,-18.95105,-2.596241,-152.757965,0.0,0.0,1.0,1.0,-0.139986,0.559944,1.0,29355.477549,-20479.593336,-66402.951808,100.0,1.0,35545.210636,-46122.405562,-57301.168881,99.997367,1.0,11378.900051,-20082.458872,-67401.161628,70.0,40000.0,40000.0,7089.530762,2036.363037,3405.518311,5220.807617,5724.263184,40000.0,40000.0,25226.400391,40000.0,40000.0,40000.0,40000.0,22976.646484,7580.203613,5405.22168,4357.540039,40000.0,40000.0,40000.0,26663.644531,40000.0,40000.0,5000.0,47179.749975,11565.823752,6727.63513,0,true,true,1.0,-0.01,0
6,910,45.5,36893.373161,-55073.509474,45609.092459,-58415.619259,25234.398742,-2918.620167,-2290.222372,-84.44879,-18.596268,-2.84673,-151.882538,0.0,0.0,1.0,1.0,0.0,0.279972,1.0,29185.626326,-20492.690751,-66262.430689,100.0,1.0,34960.233378,-46267.198236,-57287.254574,99.997914,1.0,11242.134929,-19852.360475,-67419.28422,70.0,40000.0,40000.0,6927.805176,1916.422485,2827.172852,5122.391113,5687.128906,40000.0,40000.0,25280.462891,40000.0,40000.0,40000.0,40000.0,22803.390625,7354.999023,5249.971191,4361.419922,40000.0,40000.0,40000.0,26860.123047,40000.0,40000.0,5000.0,47141.322766,10880.220323,7236.538601,0,true,true,1.0,-0.01,0
6,911,45.55,37090.198213,55783.311261,45760.38527,50455.233988,25240.588098,-2963.294411,-2263.110671,-95.855571,-17.397041,-3.28254,-150.011993,0.0,0.0,1.0,1.0,-0.209979,1.39986,1.0,28740.090781,-19970.910428,-66202.070927,100.0,1.0,33626.187208,-46077.630441,-57728.530979,99.998622,1.0,10875.161879,-18785.992254,-67647.075354,70.0,40000.0,22516.017578,6611.738281,1673.677612,2006.282715,4930.444336,5622.786133,40000.0,40000.0,25406.433594,40000.0,40000.0,40000.0,40000.0,22855.208984,7023.117676,5064.604004,4926.124023,40000.0,40000.0,40000.0,27445.523438,40000.0,40000.0,5000.0,47050.879279,9317.405451,8285.440576,0,true,true,1.0,-0.01,0
6,912,45.6,37189.62542,-55172.936681,45835.497599,-58490.731587,25243.993422,-2982.81606,-2253.369735,-102.159719,-16.561445,-3.484122,-148.972061,0.0,0.0,1.0,1.0,-0.286418,1.317524,1.0,28499.013094,-19450.392461,-66263.907736,100.0,1.0,32871.275231,-45763.904259,-58161.061521,99.998884,1.0,10666.913902,-17960.073521,-67839.787168,70.0,40000.0,22223.507812,6454.622559,1551.067993,1872.741455,4842.567871,5598.143066,40000.0,40000.0,25479.902344,40000.0,40000.0,40000.0,40000.0,23669.998047,6811.175781,5028.230469,5377.186035,40000.0,40000.0,40000.0,27348.144531,40000.0,40000.0,5000.0,46997.442851,8402.054405,8831.624978,0,true,true,1.0,-0.01,0
6,913,45.65,37289.677988,55683.258693,45910.357487,50380.3741,25247.636703,-3001.576882,-2245.796531,-109.298421,-15.566002,-3.681539,-147.846329,0.0,0.0,1.0,1.0,-0.32221,1.503647,1.0,28224.530386,-18771.688046,-66376.076118,100.0,1.0,32055.98963,-45297.180875,-58731.073161,99.999113,1.0,10450.824871,-16933.063032,-68075.419854,70.0,40000.0,21929.388672,6297.868652,1426.416626,1737.32312,4762.524902,5579.868164,40000.0,40000.0,25562.673828,40000.0,40000.0,40000.0,40000.0,24597.582031,6554.251465,4873.245117,5854.114258,40000.0,40000.0,40000.0,27258.804688,40000.0,40000.0,5000.0,46934.598827,7380.229745,9387.953057,0,true,true,1.0,-0.01,0
6,914,45.7,37390.342511,-55273.601203,45985.047226,-58565.421326,25251.558938,-3019.935509,-2240.692055,-117.667054,-14.398306,-3.872537,-146.618835,0.0,0.0,1.0,1.0,-0.279972,1.609839,1.0,27924.063391,-17915.613874,-66539.636788,100.0,1.0,31167.273273,-44661.718148,-59446.590161,99.999319,1.0,-18566.679439,4775.194868,-75614.017551,70.0,40000.0,21633.384766,6141.126953,1407.847656,1599.765381,4692.820312,5569.373047,40000.0,40000.0,25657.179688,40000.0,40000.0,40000.0,40000.0,25355.369141,6305.094727,4769.43457,6443.450195,40000.0,40000.0,40000.0,30291.029297,40000.0,40000.0,5000.0,46859.680426,6232.294439,9944.476542,0,true,true,1.0,-0.01,0
6,915,45.75,37592.841738,55480.759465,46134.392476,50231.02885,25260.114155,-3042.737747,-2240.901075,-132.080358,-11.649834,-4.306003,-144.269104,0.0,0.0,1.0,1.0,0.0,0.0,1.0,27355.710859,-15611.52944,-66966.088906,100.0,1.0,29469.556842,-42770.793448,-61203.959449,99.999553,1.0,-18006.518542,9241.13306,-75577.56252,70.0,40000.0,21497.332031,5853.077637,1411.436646,1304.067383,4525.47998,5549.394531,40000.0,40000.0,25882.724609,40000.0,40000.0,40000.0,24597.404297,26300.613281,5934.248047,4830.664551,36522.183594,40000.0,34437.003906,40000.0,40000.0,40000.0,40000.0,5000.0,46628.080767,3905.799559,10970.960778,0,true,true,1.0,-0.01,0
6,916,45.8,37694.552923,-55375.312388,46209.225225,-58640.254075,25264.788571,-3051.335393,-2244.982355,-140.232494,-10.066724,-4.55027,-143.171814,0.0,0.0,1.0,1.0,0.0,0.0,1.0,27089.699671,-14150.459351,-67208.74714,100.0,1.0,28676.006418,-41490.746224,-62226.861576,99.999644,1.0,-17712.775632,11733.086442,-75425.138276,70.0,40000.0,21256.966797,5721.249023,1417.348389,1144.437256,1707.735596,5537.640137,40000.0,40000.0,25848.537109,40000.0,40000.0,40000.0,24353.757812,27489.400391,5845.07373,5236.053711,36408.722656,40000.0,34703.640625,26343.238281,40000.0,40000.0,40000.0,5000.0,46474.319899,2743.045668,11425.159457,0,true,true,1.0,-0.01,0
6,917,45.85,37796.472912,55378.839476,46284.267489,50155.986586,25269.742168,-3057.599508,-2251.267803,-148.607894,-8.352176,-4.813735,-142.124741,0.0,0.0,1.0,1.0,0.0,0.0,1.0,26839.977403,-12493.417627,-67450.525618,100.0,1.0,27923.011872,-39991.474245,-63321.231555,99.999715,1.0,-17410.414663,14384.360006,-75163.009034,70.0,40000.0,21033.486328,5596.212402,1425.349121,1065.675903,1481.786133,5524.256836,33230.554688,40000.0,25871.417969,40000.0,40000.0,40000.0,24574.289062,8601.135742,5633.270508,5599.524902,36316.351562,40000.0,34977.046875,26177.488281,40000.0,40000.0,40000.0,5000.0,46298.356063,1578.993049,11833.196939,0,true,true,1.0,-0.01,0
6,918,45.9,37898.53198,-55477.371456,46359.585296,-58715.571882,25274.986514,-3061.771889,-2259.534097,-157.330367,-6.512199,-5.096642,-141.126755,0.0,0.0,1.0,1.0,0.0,0.0,1.0,26608.10129,-10648.750294,-67675.250468,100.0,1.0,27211.857934,-38275.862121,-64467.382235,99.999771,1.0,-17099.029727,17182.205564,-74775.68052,70.0,40000.0,20825.070312,5477.218262,1435.070801,1083.854736,1234.841431,5508.831055,33138.65625,40000.0,26016.367188,40000.0,40000.0,40000.0,24801.775391,8273.458984,5504.015137,5896.735352,36288.539062,40000.0,35256.148438,26026.246094,40000.0,40000.0,40000.0,5000.0,46102.320911,413.064268,12190.40826,0,true,true,1.0,-0.01,0
6,919,45.95,38102.821394,55174.550063,46511.30819,50004.263692,25286.433386,-3064.550122,-2281.55053,-176.424008,-2.658572,-5.684694,-139.275558,0.0,0.0,1.0,0.0,0.419958,0.069993,1.0,26158.834609,-6645.572536,-68003.065668,100.0,1.0,25875.796361,-34418.244609,-66741.669619,99.999854,1.0,-16495.16449,22930.246252,-73626.896457,70.0,40000.0,6651.091309,5254.183105,1458.421875,1121.252075,964.070251,5470.183105,33014.691406,40000.0,26324.802734,40000.0,40000.0,40000.0,24674.882812,7727.397949,5280.565918,6693.749023,40000.0,40000.0,40000.0,26222.070312,40000.0,40000.0,40000.0,5000.0,45665.75157,-1883.999172,12712.900447,0,true,true,1.0,-0.01,0
6,920,46.0,38204.927694,-55579.477757,46587.827402,-58792.091095,25292.674231,-3063.18885,-2295.576258,-187.225333,-0.857124,-5.93701,-138.409485,0.0,0.0,1.0,0.0,0.559944,0.139986,1.0,25879.375478,-4748.757528,-68094.033235,100.0,1.0,25186.432277,-32529.174619,-67750.486613,99.999885,1.0,-16263.919538,25602.437318,-72931.201056,70.0,40000.0,6152.966309,5148.036133,1471.120605,1140.005371,985.37323,1153.924805,32973.664062,40000.0,26484.794922,40000.0,40000.0,40000.0,24477.615234,7475.972168,5247.012695,40000.0,40000.0,40000.0,40000.0,26685.410156,40000.0,40000.0,40000.0,5000.0,45440.181922,-2974.701308,12847.381874,0,true,true,1.0,-0.01,0
6,921,46.05,38306.936768,55072.540989,46664.833846,49927.257249,25299.267882,-3060.272047,-2310.193178,-197.809542,0.866926,-6.145551,-137.575378,0.0,0.0,1.0,0.0,0.69993,0.139986,1.0,25546.609362,-2919.237139,-68150.770888,100.0,1.0,24459.73347,-30672.869549,-68687.776329,99.999908,1.0,-16099.010399,28150.579306,-72165.262351,70.0,40000.0,5805.870117,5044.452148,1483.994629,1158.526978,1006.392334,946.585938,32943.09375,40000.0,26647.123047,40000.0,40000.0,40000.0,24299.916016,7202.98877,5359.281738,40000.0,40000.0,40000.0,40000.0,26638.939453,40000.0,40000.0,40000.0,5000.0,45215.329717,-4027.026447,12894.767192,0,true,true,1.0,-0.01,0
6,922,46.1,38408.781754,-55681.322743,46742.423424,-58869.680673,25306.259649,-3055.349435,-2327.687224,-209.752999,2.510532,-6.276309,-136.783768,0.0,0.0,1.0,0.0,0.979902,0.0,1.0,23660.405395,-28852.396448,-69567.315498,100.0,1.0,25119.065208,-1157.117422,-68192.431779,100.0,1.0,-16045.846242,30560.415772,-71333.543813,70.0,40000.0,5663.737305,4943.008301,1498.753418,1176.750366,1026.967896,969.673889,32919.75,30142.847656,40000.0,40000.0,40000.0,40000.0,24344.085938,7008.168945,5598.423828,40000.0,40000.0,40000.0,40000.0,26528.263672,40000.0,40000.0,40000.0,5000.0,45001.281455,-5025.256219,12836.331536,0,true,true,1.0,-0.01,0
6,923,46.15,38510.443302,54970.879442,46820.540914,49849.139759,25313.588525,-3049.846259,-2343.524582,-219.866262,4.088867,-6.373032,-136.024353,0.0,0.0,1.0,0.0,0.629937,0.0,1.0,22837.738542,-27061.170327,-70380.634326,100.0,1.0,24653.21338,550.787672,-68203.487096,100.0,1.0,-16050.214658,32861.44375,-70451.564868,70.0,40000.0,5525.356934,4843.539551,3342.654053,1194.612427,1047.197998,992.358765,1008.299866,27277.837891,40000.0,40000.0,40000.0,40000.0,24981.433594,6922.991211,5864.603516,40000.0,40000.0,40000.0,40000.0,26422.560547,40000.0,40000.0,40000.0,5000.0,44789.018773,-5976.817567,12712.403504,0,true,true,1.0,-0.01,0
6,924,46.2,38713.013659,-55883.893101,46978.579308,-59027.719067,25329.303406,-3034.810035,-2378.899035,-240.377297,7.050875,-6.43399,-134.614426,0.0,0.0,1.0,0.0,0.839916,-0.139986,1.0,21090.284083,-23572.343209,-71826.287769,100.0,1.0,23564.503276,3807.369718,-68158.660694,100.0,1.0,-16266.415586,37116.655944,-68564.677535,70.0,20666.482422,5261.445801,4649.371094,3318.899414,1229.198853,1086.207153,1036.269165,1059.767334,27055.253906,40000.0,40000.0,40000.0,40000.0,26262.402344,6540.564941,6409.312012,37662.046875,40000.0,40000.0,40000.0,28595.248047,40000.0,40000.0,40000.0,5000.0,44382.692203,-7716.097708,12271.0718,0,true,true,1.0,-0.01,0
6,925,46.25,38813.810526,54870.082575,47058.617352,49769.101715,25337.701012,-3023.905854,-2401.141195,-251.928158,8.43647,-6.320627,-133.977707,0.0,0.0,1.0,0.0,1.329867,-0.349965,1.0,20080.126844,-21872.877873,-72487.689312,100.0,1.0,22848.908172,5364.959326,-68137.798223,100.0,1.0,-16581.502134,39060.086649,-67555.521732,70.0,20439.316406,5134.913574,4553.787598,3309.948975,1351.423096,1104.720825,1057.115479,1084.282349,1196.588257,40000.0,40000.0,40000.0,40000.0,26887.603516,6494.753906,6754.426758,37575.417969,40000.0,40000.0,40000.0,29427.285156,40000.0,40000.0,40000.0,5000.0,44210.09819,-8479.508425,11908.866271,0,true,true,1.0,-0.01,0
6,926,46.3,38914.272361,-55984.354935,47139.295747,-59108.397462,25346.398354,-3013.854885,-2420.351723,-260.920249,9.767016,-6.149151,-133.364899,0.0,0.0,1.0,0.0,0.909909,-0.139986,1.0,19014.04238,-20208.517602,-73099.586115,100.0,1.0,22067.330879,6876.19336,-68103.509726,100.0,1.0,-16982.675847,40908.30892,-66514.318841,70.0,20217.855469,5010.76416,4458.799316,3301.752441,1737.981689,1122.511597,1077.281738,1108.117432,1226.816406,40000.0,40000.0,40000.0,40000.0,27190.111328,6296.049316,6962.633301,37428.964844,40000.0,36522.140625,40000.0,29860.164062,40000.0,40000.0,40000.0,5000.0,44047.853043,-9189.61324,11486.311689,0,true,true,1.0,-0.01,0
6,927,46.35,39014.364235,54769.990701,47220.644171,49687.753291,25355.373191,-3002.756062,-2440.452581,-269.245101,11.044674,-5.930101,-132.780594,0.0,0.0,1.0,0.0,0.769923,-0.209979,1.0,17905.883404,-18577.057901,-73658.977016,100.0,1.0,21229.568752,8344.100319,-68052.497715,100.0,1.0,-17454.86471,42657.269358,-65448.941819,70.0,20002.78125,4889.149902,4364.521484,3294.432617,2094.362061,1139.653198,1096.711304,1131.176758,1256.245117,40000.0,40000.0,40000.0,40000.0,27418.207031,6188.084473,7253.665039,37314.703125,40000.0,34911.183594,40000.0,40000.0,40000.0,40000.0,40000.0,5000.0,43894.402001,-9842.779188,11016.706763,0,true,true,1.0,-0.01,0
6,928,46.4,39114.081415,-56084.072116,47302.641178,-59190.394469,25364.580872,-2991.51526,-2459.910082,-276.230429,12.275331,-5.653732,-132.228836,0.0,0.0,1.0,0.0,0.909909,-0.349965,1.0,16746.623738,-16974.570978,-74170.981269,100.0,1.0,20325.485031,9775.845658,-67987.921698,100.0,1.0,30558.859635,-29524.362051,-75502.244661,70.0,19793.992188,4769.944336,4270.905762,3288.212158,2426.70752,1245.230591,1115.456299,1153.477661,1284.807739,40000.0,40000.0,40000.0,27505.099609,10150.462891,6117.474121,7598.550781,37219.125,40000.0,34153.136719,40000.0,40000.0,40000.0,40000.0,40000.0,5000.0,43752.695006,-10434.301319,10497.178702,0,true,true,1.0,-0.01,0
6,929,46.45,39312.241189,54571.830927,47468.738212,49521.656257,25383.590366,-2966.391485,-2501.143643,-287.474059,14.594397,-4.980917,-131.209122,0.0,0.0,1.0,0.0,0.489951,-0.279972,1.0,14327.653163,-13876.348747,-75039.820749,100.0,1.0,18375.362005,12517.113058,-67803.062762,100.0,1.0,27909.725672,-26526.99017,-77110.558305,70.0,19393.935547,4537.741211,4085.363037,3277.891357,2691.545166,1611.879517,1149.683228,1195.569214,1339.078735,1649.534546,40000.0,40000.0,27182.005859,9618.246094,6278.838867,40000.0,37050.835938,40000.0,34345.675781,25309.376953,40000.0,40000.0,40000.0,40000.0,5000.0,43491.72317,-11448.204618,9362.246302,0,true,true,1.0,-0.01,0
6,930,46.5,39410.704738,-56182.535665,47552.762002,-59274.418259,25393.291478,-2953.906314,-2520.713562,-291.033356,15.692768,-4.620739,-130.73291,0.0,0.0,1.0,0.0,0.419958,-0.209979,1.0,13107.680616,-12379.444534,-75393.932967,100.0,1.0,17387.944123,13824.655024,-67672.526508,100.0,1.0,26580.872826,-25059.061891,-77825.189329,70.0,19202.228516,4424.416504,3993.437744,3273.588867,2697.215576,1787.650146,1283.781616,1215.52063,1365.022827,1687.585449,40000.0,40000.0,27045.960938,9402.588867,6476.771973,40000.0,36978.472656,40000.0,34442.332031,25162.617188,40000.0,40000.0,40000.0,40000.0,5000.0,43363.902163,-11885.411519,8776.98867,0,true,true,1.0,-0.01,0
6,931,46.55,39508.735354,54473.800311,47637.44673,49436.971529,25403.075117,-2940.918307,-2540.541697,-293.509132,16.751318,-4.260182,-130.267975,0.0,0.0,1.0,0.0,0.279972,-0.069993,1.0,11893.060326,-10921.722468,-75695.172956,100.0,1.0,16399.870078,15089.675692,-67515.381734,100.0,1.0,25258.280085,-23619.922853,-78477.49945,70.0,19014.755859,4312.368652,3902.259033,3269.236328,2702.521729,1958.470215,1414.338623,1234.842529,1390.289062,1724.939453,40000.0,40000.0,26921.294922,9320.916016,6733.28418,40000.0,36912.777344,40000.0,34541.789062,25020.960938,40000.0,40000.0,40000.0,40000.0,5000.0,43233.260469,-12288.936651,8191.877003,0,true,true,1.0,-0.01,0
6,932,46.6,39703.487917,-56377.288229,47808.749421,-59445.720951,25422.748249,-2914.872668,-2578.865302,-295.290999,18.577456,-3.601077,-129.477631,0.0,0.0,1.0,0.0,0.069993,-0.069993,1.0,9623.262535,-8382.847183,-76118.043846,100.0,1.0,14503.951902,17290.5839,-67165.180436,100.0,1.0,22795.347236,-21058.128597,-79503.661211,70.0,18664.919922,4095.952393,3721.470703,3266.057129,2714.81958,2293.825195,1671.761475,1389.578247,1437.113281,1794.119873,40000.0,40000.0,26832.550781,8886.473633,7073.734375,40000.0,36974.101562,40000.0,34728.898438,24764.009766,40000.0,40000.0,40000.0,40000.0,5000.0,42970.938847,-12918.177974,7139.676267,0,true,true,1.0,-0.01,0
6,933,46.65,39800.187176,54377.101053,47895.373318,49350.347633,25432.577083,-2900.977606,-2598.716765,-294.865018,19.353003,-3.293272,-129.142258,0.0,0.0,1.0,0.0,0.209979,0.0,1.0,8544.720474,-7272.109674,-76251.547711,100.0,1.0,13588.375528,18241.727961,-66982.621611,100.0,1.0,21635.311489,-19935.511669,-79900.994848,70.0,18499.916016,3996.98584,3632.108154,3266.483398,2721.443848,2459.00708,1798.977295,1498.784546,1458.677734,1825.918945,40000.0,40000.0,26979.9375,8846.704102,7321.916992,40000.0,38434.191406,40000.0,40000.0,24836.675781,40000.0,40000.0,40000.0,40000.0,5000.0,42841.19816,-13158.054095,6667.598302,0,true,true,1.0,-0.01,0
6,934,46.7,39896.423013,-56473.524066,47982.648036,-59532.995668,25442.365132,-2887.074969,-2618.241385,-293.641437,19.954582,-3.016806,-128.900345,0.0,0.0,1.0,0.0,0.069993,-0.069993,1.0,7556.54906,-6387.07624,-76331.064132,100.0,1.0,12718.231855,18999.876156,-66824.346906,100.0,1.0,20586.174269,-19028.254031,-80190.186364,70.0,18374.884766,3989.898682,3543.845703,3270.922363,2729.647705,2487.517334,1927.175415,1608.254883,1476.917114,1853.739502,40000.0,40000.0,27122.824219,8673.458008,7459.759277,40000.0,40000.0,40000.0,40000.0,24971.267578,40000.0,40000.0,40000.0,40000.0,5000.0,42719.988779,-13310.199699,6279.717515,0,true,true,1.0,-0.01,0
6,935,46.75,40087.568866,54185.9552,48159.030188,49173.96548,25461.737479,-2860.573664,-2654.801843,-289.36114,20.990095,-2.53941,-128.47467,0.0,0.0,1.0,0.0,0.0,0.0,1.0,5704.661787,-4842.622496,-76413.318336,100.0,1.0,11072.977674,20317.059479,-66505.404582,100.0,1.0,18630.839392,-17436.032433,-80630.955175,70.0,18176.533203,3975.70752,3367.325439,3280.212158,2745.304199,2507.322998,2181.167725,1825.488525,1667.236816,1904.903809,40000.0,40000.0,27409.458984,8529.796875,7895.092285,40000.0,40000.0,40000.0,40000.0,25228.345703,40000.0,40000.0,40000.0,40000.0,5000.0,42469.775748,-13557.68858,5609.092108,0,true,true,1.0,-0.01,0
6,936,46.8,40182.49241,-56568.44761,48248.106044,-59622.071524,25471.288283,-2847.706177,-2672.275539,-286.524104,21.348194,-2.376699,-128.325592,0.0,0.0,1.0,0.0,0.0,0.0,1.0,4906.569826,-4285.380424,-76413.788442,100.0,1.0,10347.16756,20790.029387,-66370.540564,100.0,1.0,17796.995531,-16856.517037,-80752.823393,70.0,18064.882812,3978.932617,3279.459717,3221.955811,2753.690674,2516.912842,2308.517334,1934.0177,1767.687378,1926.943726,40000.0,40000.0,27550.548828,8506.344727,8021.473633,40000.0,40000.0,40000.0,40000.0,25337.136719,40000.0,40000.0,40000.0,40000.0,5000.0,42341.40852,-13635.633185,5381.118176,0,true,true,1.0,-0.01,0
6,937,46.85,40276.994518,54091.453092,48337.74966,49084.321864,25480.734724,-2835.063098,-2689.30834,-283.393217,21.630301,-2.249387,-128.207474,0.0,0.0,1.0,0.0,0.0,0.0,1.0,4168.614446,-3831.320756,-76398.631803,100.0,1.0,9666.421509,21174.320504,-66250.588688,100.0,1.0,17029.824588,-16381.671197,-80831.896959,70.0,17947.105469,3986.428955,3191.540527,3137.314453,2762.121582,2526.120117,2435.979492,2042.391968,1867.912964,1946.93042,40000.0,40000.0,27690.220703,8559.124023,8203.054688,40000.0,40000.0,40000.0,40000.0,25282.404297,40000.0,40000.0,40000.0,40000.0,5000.0,42212.092482,-13692.918828,5204.17676,0,true,true,1.0,-0.01,0
6,938,46.9,40464.723753,-56756.176845,48518.74072,-59803.062585,25499.278618,-2810.057036,-2722.697034,-276.482319,22.021681,-2.074039,-128.042648,0.0,0.0,1.0,0.0,0.0,0.0,1.0,2827.977578,-3159.494262,-76339.795966,100.0,1.0,8405.445387,21739.920133,-66050.935929,100.0,1.0,15632.72319,-15685.165211,-80905.796142,70.0,17697.314453,4009.432617,3015.157227,2966.174805,2778.504639,2543.253418,2501.938232,2258.71875,2067.484619,2033.910889,2962.32666,40000.0,27965.964844,8451.564453,8596.229492,40000.0,40000.0,40000.0,40000.0,25116.564453,40000.0,40000.0,40000.0,40000.0,5000.0,41952.161678,-13762.536195,4965.898286,0,true,true,1.0,-0.01,0
6,939,46.95,40557.980363,53998.196481,48610.043506,48993.019078,25508.371964,-2797.698181,-2739.083433,-272.800374,22.156435,-2.014009,-127.985634,0.0,0.0,1.0,0.0,0.0,0.0,1.0,2204.932058,-2907.693907,-76302.345239,100.0,1.0,7809.767592,21950.418381,-65967.16709,100.0,1.0,14990.243841,-15419.27797,-80911.684642,70.0,17567.410156,4023.054932,2926.537598,2879.747803,2786.206299,2551.079834,2510.297607,2366.57251,2166.845703,2132.192627,2987.105225,40000.0,28102.400391,8513.920898,8736.293945,40000.0,40000.0,40000.0,40000.0,25037.236328,40000.0,40000.0,40000.0,40000.0,5000.0,41821.914391,-13782.094858,4887.319683,0,true,true,1.0,-0.01,0
6,940,47.0,40743.345563,-56941.542044,48794.164666,-59987.183745,25526.202006,-2775.006837,-2769.026246,-265.720754,22.363735,-1.91729,-127.895737,0.0,0.0,1.0,0.0,0.069993,0.0,1.0,999.75247,-2494.127991,-76221.929686,100.0,1.0,6647.095459,22295.065697,-65818.489155,100.0,1.0,-21762.835496,-27408.380056,-87296.362108,70.0,17303.080078,40000.0,2748.063232,2705.239014,2800.204834,2565.045898,2525.088135,2581.333984,2364.549805,2327.711426,3030.112305,40000.0,28374.009766,8410.5625,9144.958008,40000.0,40000.0,40000.0,40000.0,24882.654297,40000.0,40000.0,40000.0,40000.0,5000.0,41561.489141,-13806.52258,4767.528392,0,true,true,1.0,-0.01,0
6,941,47.05,40835.468938,53906.073106,48886.960697,48900.223047,25534.936851,-2763.701098,-2783.880787,-262.045337,22.461514,-1.861468,-127.843086,0.0,0.0,1.0,0.0,0.139986,0.069993,1.0,383.587321,-2296.985106,-76180.826692,100.0,1.0,6055.405522,22457.774485,-65747.078089,100.0,1.0,-22394.110143,-27169.580368,-87264.874134,70.0,17172.701172,40000.0,2658.006104,2617.246826,2763.15332,2571.044189,2531.60791,2672.760742,2462.765381,2424.990723,3050.404541,40000.0,28510.537109,8509.274414,9463.473633,40000.0,40000.0,40000.0,40000.0,24805.425781,40000.0,40000.0,40000.0,40000.0,5000.0,41430.791438,-13821.69085,4701.752984,0,true,true,1.0,-0.01,0
6,942,47.1,40927.184955,-57033.258062,48980.290097,-60080.513144,25543.535173,-2751.480385,-2799.881829,-257.949659,22.554604,-1.78499,-127.77005,0.0,0.0,1.0,0.0,0.349965,0.139986,1.0,-268.889138,-2105.523625,-76138.460803,100.0,1.0,5436.661013,22612.915516,-65679.60417,100.0,1.0,-23070.39759,-26931.754983,-87218.990576,70.0,17046.59375,40000.0,2567.255371,2528.703857,2670.636719,2576.168945,2537.508545,2679.896729,2560.356201,2521.907715,3071.559326,40000.0,28648.775391,8396.167969,9644.495117,40000.0,40000.0,40000.0,40000.0,24726.84375,40000.0,40000.0,40000.0,40000.0,5000.0,41299.428827,-13844.617704,4617.491496,0,true,true,1.0,-0.01,0
6,943,47.15,41109.498399,53723.759663,49168.402536,48712.110608,25560.334575,-2729.040067,-2829.007047,-249.913486,22.726578,-1.554661,-127.504532,0.0,0.0,1.0,0.0,0.629937,0.489951,1.0,-1732.598027,-1740.621397,-76047.507524,100.0,1.0,4095.567843,22900.455217,-65554.994036,100.0,1.0,-24639.867571,-26445.865704,-87069.4543,70.0,16819.164062,40000.0,2382.400391,2350.452881,2485.505859,2583.496826,2547.812744,2694.245117,2753.13208,2715.121826,3123.452881,40000.0,28935.994141,8455.418945,11789.287109,40000.0,40000.0,40000.0,40000.0,24561.091797,40000.0,40000.0,40000.0,40000.0,5000.0,41025.526313,-13947.308941,4367.638292,0,true,true,1.0,-0.01,0
6,944,47.2,41200.090528,-57123.850191,49263.183157,-60175.293764,25568.519248,-2717.763727,-2843.418466,-245.540199,22.804321,-1.390092,-127.252045,0.0,0.0,1.0,0.0,0.909909,0.909909,1.0,-2588.701056,-1561.997415,-75994.132155,100.0,1.0,3356.161723,23031.60758,-65497.256584,100.0,1.0,-25605.201011,-26171.142145,-86946.936713,70.0,16730.40625,40000.0,2368.888428,2260.879883,2393.71875,2585.201904,2552.49292,2702.475342,2847.753906,2811.71167,3161.614014,40000.0,29021.064453,8516.189453,36418.589844,40000.0,40000.0,40000.0,40000.0,24469.570312,40000.0,40000.0,40000.0,40000.0,5000.0,40872.324238,-14062.960757,4178.840158,0,true,true,1.0,-0.01,0
6,945,47.25,41290.292373,53633.557818,49358.453274,48616.840491,25576.544106,-2706.055216,-2858.103358,-240.745715,22.876795,-1.198985,-126.89975,0.0,0.0,1.0,0.0,0.859527,1.031433,1.0,-3530.018978,-1381.257879,-75931.827987,100.0,1.0,2577.475456,23156.22844,-65439.759097,100.0,1.0,-26701.851757,-25861.635226,-86787.435179,70.0,16662.777344,40000.0,2353.728027,2171.148682,2302.618408,2585.562988,2556.994629,2711.812256,2940.960693,2908.45874,3211.086914,40000.0,28977.203125,8642.115234,36421.882812,40000.0,40000.0,40000.0,40000.0,24360.693359,40000.0,40000.0,40000.0,40000.0,5000.0,40702.128789,-14235.503222,3946.596459,0,true,true,1.0,-0.01,0
6,946,47.3,41380.047768,-57213.605586,49454.269022,-60271.109513,25584.377882,-2692.661712,-2874.472312,-235.013275,22.943279,-0.979247,-126.395126,0.0,0.0,1.0,0.0,1.050977,1.471368,1.0,-4586.396709,-1190.665224,-75855.37699,100.0,1.0,1753.520047,23275.022615,-65381.205157,100.0,1.0,-27982.145861,-25488.712312,-86575.160216,70.0,16493.753906,40000.0,2328.979248,2081.353027,2212.776611,2547.237305,2561.562012,2723.298096,3032.333496,3005.799316,3279.361816,40000.0,28868.634766,8807.591797,36680.117188,40000.0,40000.0,40000.0,40000.0,26172.894531,40000.0,40000.0,40000.0,40000.0,5000.0,40502.929175,-14497.698499,3655.602477,0,true,true,1.0,-0.01,0
6,947,47.35,41469.418693,53544.186893,49550.538199,48520.571314,25592.042928,-2681.12759,-2888.075163,-229.951348,23.194286,-0.737685,-125.782921,0.0,0.0,1.0,1.0,0.990945,1.335622,1.0,-5725.294596,-742.492425,-75767.016646,100.0,1.0,896.306528,23608.911507,-65240.110608,100.0,1.0,-29394.641644,-24788.265495,-86401.769137,70.0,16317.263672,40000.0,2298.171875,1991.555176,2123.61377,2453.541992,2566.256836,2736.454346,3122.383545,3103.793213,3363.437256,40000.0,28718.716797,9051.000977,36971.652344,40000.0,40000.0,40000.0,40000.0,27258.539062,40000.0,40000.0,40000.0,40000.0,5000.0,40280.412389,-14831.705784,3274.571429,0,true,true,1.0,-0.01,0
6,948,47.4,41646.654495,-57390.841389,49744.756531,-60465.327845,25606.704933,-2650.987335,-2921.431056,-216.591014,24.317492,-0.140603,-124.00354,0.0,0.0,1.0,1.0,1.59681,1.977003,1.0,-8425.30867,1066.03658,-75492.339948,100.0,1.0,-990.21454,25003.845945,-64655.183233,100.0,1.0,-32874.50967,-22161.769132,-86054.474274,70.0,15934.263672,40000.0,2208.460205,1812.677124,1949.835693,2277.392334,2577.828613,2772.932373,3238.739502,3304.586426,3624.647705,40000.0,28564.660156,9497.617188,37905.851562,39291.683594,40000.0,40000.0,24410.154297,40000.0,40000.0,40000.0,40000.0,40000.0,5000.0,39707.557445,-15827.93434,2113.896009,0,true,true,1.0,-0.01,0
6,949,47.45,41734.48673,53456.354659,49842.685092,48422.642753,25613.692023,-2634.966894,-2937.856673,-209.61268,25.15115,0.210844,-122.869667,0.0,0.0,1.0,1.0,1.55614,1.795546,1.0,-9959.882667,2376.153554,-75275.449619,100.0,1.0,-2010.069437,26022.086571,-64205.45213,100.0,1.0,-34896.289377,-20306.945512,-85824.317147,70.0,15735.896484,40000.0,2153.923096,1723.706421,1864.666504,2193.526367,2585.312744,2796.708496,3289.935059,3408.490723,3811.34668,40000.0,29451.607422,9702.556641,40000.0,39038.226562,40000.0,40000.0,24151.65625,40000.0,40000.0,40000.0,40000.0,40000.0,5000.0,39352.738245,-16447.592569,1346.21465,0,true,true,1.0,-0.01,0
6,950,47.5,41821.716015,-57478.070674,49941.199523,-60563.842276,25620.422157,-2616.878436,-2955.432788,-201.904004,26.157579,0.589563,-121.624786,0.0,0.0,1.0,1.0,1.397714,1.356605,1.0,-11576.80352,3941.813206,-74984.018467,100.0,1.0,-3066.151463,27240.942121,-63638.413643,100.0,1.0,-37036.288698,-18125.780526,-85530.458664,70.0,15539.72168,40000.0,2096.843994,1637.20166,1779.734131,2110.536133,2593.999756,2823.826172,3348.697754,3515.205078,4039.466797,40000.0,13292.711914,10015.092773,40000.0,38733.476562,40000.0,40000.0,23891.662109,40000.0,40000.0,40000.0,40000.0,40000.0,5000.0,38956.301888,-17102.430107,468.521772,0,true,true,1.0,-0.01,0
6,951,47.55,41908.273095,53369.797579,50040.33349,48323.508786,25626.872368,-2596.712259,-2974.018843,-193.506331,27.132614,0.983312,-120.32235,0.0,0.0,1.0,0.0,1.094612,0.820959,1.0,-13231.166733,5487.146375,-74624.781731,100.0,1.0,-4139.003356,28429.383421,-63043.514553,100.0,1.0,-39213.158978,-15962.667466,-85115.526364,70.0,15350.171875,40000.0,2039.944946,1623.106201,1694.041504,2026.416138,2603.748047,2853.373291,3413.22998,3624.718994,4309.55127,40000.0,12270.362305,10329.541016,40000.0,38488.648438,40000.0,40000.0,24087.835938,40000.0,40000.0,40000.0,40000.0,40000.0,5000.0,38526.723539,-17753.368444,-437.785281,0,true,true,1.0,-0.01,0
6,952,47.6,41994.037852,-57563.835431,50140.16178,-60663.670566,25632.999743,-2572.942555,-2994.848545,-183.821216,28.076218,1.376783,-119.00766,0.0,0.0,1.0,0.0,0.69993,0.419958,1.0,-14890.037216,6984.984059,-74215.553443,100.0,1.0,-5206.442442,29585.80171,-62423.669847,100.0,1.0,-41383.487808,-13817.196661,-84590.121217,70.0,15169.849609,40000.0,1985.04541,1596.061035,1606.69519,1939.381592,2614.079102,2884.365234,3481.645752,3736.751953,4621.679199,40000.0,11483.405273,10589.163086,40000.0,38314.09375,40000.0,40000.0,24550.589844,40000.0,40000.0,40000.0,40000.0,15962.585938,5000.0,38072.950091,-18377.69939,-1347.595988,0,true,true,1.0,-0.01,0
6,953,47.65,42163.208003,53200.627428,50341.765319,48121.905248,25644.31927,-2524.811761,-3034.328952,-164.805812,29.400406,1.880962,-117.175903,0.0,0.0,1.0,0.0,0.0,0.0,1.0,-17424.30503,9183.327959,-73482.76057,100.0,1.0,-6950.866013,31262.991773,-61436.105984,100.0,1.0,-44609.324806,-10729.664532,-83678.585813,70.0,14858.150391,40000.0,1907.703613,1555.404297,1413.809204,1729.11499,2439.331055,2925.944824,3578.47998,3953.166504,5129.933594,31427.009766,10596.202148,12442.040039,40000.0,40000.0,40000.0,40000.0,24210.361328,40000.0,40000.0,40000.0,40000.0,15486.988281,5000.0,37323.381422,-19192.281168,-2592.451349,0,true,true,1.0,-0.01,0
6,954,47.7,42246.447561,-57647.074989,50443.632699,-60765.537946,25649.458418,-2497.186615,-3056.021237,-154.174419,29.8424,2.036981,-116.567749,0.0,0.0,1.0,0.0,0.0,0.0,1.0,-18414.594535,9956.014873,-73179.829367,100.0,1.0,-7681.426095,31850.121594,-61059.537217,100.0,1.0,-45817.444115,-9658.792698,-83308.98542,70.0,14772.49707,40000.0,1878.985962,1538.890015,1382.80957,1609.036499,2287.786621,2937.030518,3608.19873,4056.753662,5314.433105,31216.949219,10482.354492,13257.835938,40000.0,40000.0,40000.0,40000.0,24082.457031,40000.0,40000.0,40000.0,40000.0,15290.185547,5000.0,37021.724647,-19444.700326,-2995.146461,0,true,true,1.0,-0.01,0
6,955,47.75,42328.736005,53118.338984,50546.231889,48019.306057,25654.236652,-2468.653184,-3077.975542,-143.347017,30.177691,2.151297,-116.107452,0.0,0.0,1.0,0.0,0.0,0.0,1.0,-19280.182201,10566.456058,-72917.802426,100.0,1.0,-8352.962814,32315.208679,-60745.893945,100.0,1.0,-46841.465204,-8820.170632,-82993.33213,70.0,14741.263672,40000.0,1854.033691,1523.491211,1372.378662,1481.385376,2119.076172,2942.571045,3627.527344,4157.290527,5453.739746,31097.619141,10244.90625,14619.836914,40000.0,40000.0,40000.0,40000.0,23974.013672,40000.0,40000.0,40000.0,40000.0,15110.702148,5000.0,36759.148146,-19627.169654,-3293.284112,0,true,true,1.0,-0.01,0
6,956,47.8,42488.212531,-57806.551515,50752.822138,-60972.128196,25659.690947,-2343.202979,-3098.852525,-30.621618,30.632723,2.300957,-115.484138,1.0,0.0,1.0,0.0,0.0,0.0,1.0,-20758.707304,11451.503668,-72505.32752,100.0,1.0,-9579.185376,32996.479935,-60269.105301,100.0,1.0,-48525.758605,-7620.696388,-82502.651685,70.0,14602.206055,40000.0,14823.735352,1492.201538,1348.614746,1311.803833,1746.528809,2939.238281,3640.689453,4348.451172,5616.937988,31032.599609,10424.513672,40000.0,40000.0,40000.0,40000.0,40000.0,24772.998047,40000.0,40000.0,40000.0,40000.0,14785.561523,5000.0,36318.094585,-19856.685051,-3684.647108,0,true,true,1.0,-0.01,0
6,957,47.85,42563.405653,53043.145862,50856.117988,47916.010208,25657.695382,-2255.793526,-3098.875322,59.866947,30.823912,2.353301,-115.227585,1.0,0.0,1.0,0.0,-0.139986,0.0,1.0,-21436.216463,11836.860434,-72338.845203,100.0,1.0,-10154.089509,33294.862611,-60075.082714,100.0,1.0,-49285.852872,-7102.616147,-82306.989138,70.0,14522.860352,40000.0,14769.991211,1473.66333,1333.663452,1298.806885,1551.372803,2931.93457,3638.8479,4438.618164,5666.216309,31031.806641,10527.0625,40000.0,40000.0,40000.0,40000.0,40000.0,25759.25,40000.0,40000.0,40000.0,39858.210938,14631.157227,5000.0,36113.756305,-19948.388089,-3843.890308,0,true,true,1.0,-0.01,0
6,958,47.9,42635.072236,-57878.218098,50959.416123,-61075.426331,25652.086123,-2149.997394,-3098.943902,168.277761,31.004578,2.355177,-115.040276,1.0,0.0,1.0,0.0,-0.769923,-0.279972,1.0,-22012.573786,12201.444537,-72216.93361,100.0,1.0,-10659.646768,33578.11414,-59914.974822,100.0,1.0,-68170.255207,5610.58203,-73962.987529,70.0,14428.064453,40000.0,14751.878906,1453.116943,1316.395996,1283.10498,1347.453369,2809.24585,3628.376953,4523.573242,5675.999512,31094.964844,10667.459961,40000.0,40000.0,40000.0,40000.0,40000.0,26532.431641,40000.0,40000.0,40000.0,39261.863281,14484.530273,5000.0,35927.353645,-20018.668539,-3955.32605,0,true,true,1.0,-0.01,0
6,959,47.95,42769.693679,52908.524419,51166.03595,47709.390381,25632.051413,-1969.645635,-3099.499012,350.530659,31.33637,2.158405,-114.917015,1.0,0.0,1.0,0.0,-1.519926,-0.483613,1.0,-22796.116554,12857.368192,-72137.212339,100.0,1.0,-11407.014276,34099.881534,-59705.638318,100.0,1.0,-68935.960731,6447.033185,-74004.376508,70.0,14177.242188,40000.0,14850.365234,12662.181641,1276.38623,1244.81665,1301.313843,1944.442261,3580.246094,4678.049316,5557.816895,31342.349609,10934.553711,39995.332031,40000.0,40000.0,40000.0,40000.0,26745.927734,40000.0,40000.0,40000.0,38986.550781,14215.998047,5000.0,35617.336992,-20090.224155,-3995.345516,0,true,true,1.0,-0.01,0
6,960,48.0,42832.808885,-57941.333304,51269.373329,-61178.76371,25617.827654,-1893.456057,-3100.121198,426.712741,31.48806,1.958415,-114.984169,1.0,0.0,1.0,0.0,-1.185883,-0.395294,1.0,-23001.028795,13147.253576,-72184.110702,100.0,1.0,-11647.747311,34337.017832,-59660.330776,100.0,1.0,-69122.208794,6781.445466,-74233.860461,70.0,14021.318359,40000.0,40000.0,12615.556641,1253.772949,1222.380737,1277.452881,1490.089478,3542.672852,4747.434082,5430.196289,31440.535156,11053.886719,40000.0,40000.0,40000.0,40000.0,40000.0,26803.289062,40000.0,40000.0,40000.0,38870.097656,14093.90625,5000.0,35494.330983,-20091.925153,-3923.096326,0,true,true,1.0,-0.01,0
6,961,48.05,42893.225164,52848.108139,51372.747141,47606.016569,25600.920744,-1812.488291,-3101.214196,507.207259,31.631735,1.691048,-115.12204,1.0,0.0,1.0,0.0,-1.259874,-0.279972,1.0,-23087.069026,13418.518168,-72285.880273,100.0,1.0,-11800.739011,34560.570246,-59654.399965,100.0,1.0,-69180.849335,7078.061195,-74593.131205,70.0,13850.380859,40000.0,40000.0,12571.359375,1229.393921,1197.844482,1250.994751,1409.579468,3497.578857,4811.991211,5422.084961,31650.414062,11164.970703,40000.0,40000.0,40000.0,40000.0,40000.0,26833.931641,40000.0,40000.0,40000.0,38763.203125,13978.583008,5000.0,35386.929189,-20079.686897,-3794.897772,0,true,true,1.0,-0.01,0
6,962,48.1,42951.067271,-57999.17541,51476.173615,-61282.190184,25581.467173,-1735.263101,-3102.794072,583.6071,31.769306,1.387332,-115.297478,1.0,0.0,1.0,0.0,-0.769923,-0.139986,1.0,-23106.820869,13675.134391,-72425.435451,100.0,1.0,-11904.160246,34773.269374,-59678.800714,100.0,1.0,-69168.761612,7350.96386,-75029.769419,70.0,13674.246094,40000.0,40000.0,12528.0,1212.523926,1171.360474,1222.321533,1375.928589,3447.523682,4872.882812,5485.320801,31881.583984,11270.874023,40000.0,40000.0,40000.0,40000.0,40000.0,26851.716797,40000.0,40000.0,40000.0,38652.597656,13867.458984,5000.0,35287.337449,-20061.267765,-3638.023648,0,true,true,1.0,-0.01,0
6,963,48.15,43059.827335,52739.348075,51683.242649,47398.947536,25535.749692,-1598.283016,-3107.261247,718.240238,32.006775,0.831565,-115.633766,1.0,0.0,1.0,0.0,0.0,0.0,1.0,-23201.702398,14125.224736,-72737.468221,100.0,1.0,-12160.310889,35147.460859,-59786.851128,100.0,1.0,-69197.739112,7823.07289,-75889.233235,70.0,13340.785156,40000.0,40000.0,12437.357422,40000.0,1113.252686,1159.842529,1303.204102,1612.372681,4811.422852,5604.536133,32345.027344,11479.032227,40000.0,40000.0,40000.0,40000.0,40000.0,26899.863281,40000.0,40000.0,40000.0,38928.457031,13647.357422,5000.0,35089.577956,-20021.824143,-3354.593737,0,true,true,1.0,-0.01,0
6,964,48.2,43110.83583,-58050.183905,51786.917692,-61385.865227,25509.592454,-1530.254784,-3110.251134,784.717105,32.08725,0.645266,-115.747284,1.0,0.0,1.0,0.0,0.0,0.0,1.0,-23377.441167,14296.56653,-72880.960127,100.0,1.0,-12394.383463,35289.400799,-59864.688736,100.0,1.0,-69343.323615,8002.829049,-76216.031299,70.0,13194.899414,40000.0,40000.0,12387.080078,40000.0,5972.112305,1126.386963,1264.820068,1563.52002,4728.510254,5663.532227,32549.888672,11597.524414,40000.0,40000.0,40000.0,40000.0,40000.0,26948.384766,40000.0,40000.0,40000.0,38830.050781,13534.174805,5000.0,34985.399072,-20004.748461,-3270.183087,0,true,true,1.0,-0.01,0
6,965,48.25,43159.804306,52690.3796,51890.693694,47295.171533,25481.447455,-1469.054183,-3113.279906,844.349916,32.150253,0.500119,-115.836006,1.0,0.0,1.0,0.0,0.0,0.0,1.0,-23611.051095,14442.18075,-73022.480147,100.0,1.0,-12675.345724,35410.468018,-59956.201606,100.0,1.0,-69550.1197,8155.446996,-76500.201579,70.0,13058.882812,40000.0,40000.0,12334.135742,11548.650391,40000.0,1091.515015,1225.062256,1513.343994,4646.662109,5721.583984,32742.185547,11720.150391,40000.0,40000.0,40000.0,40000.0,24655.974609,27007.951172,40000.0,40000.0,40000.0,38730.558594,13419.599609,5000.0,34879.291881,-19988.920404,-3212.204454,0,true,true,1.0,-0.01,0
6,966,48.3,43206.415241,-58096.794841,51994.596962,-61489.768496,25451.010732,-1398.327992,-3117.097882,913.101659,32.196701,0.393516,-115.901321,1.0,0.0,1.0,0.0,0.0,0.0,1.0,-23896.036913,14565.608788,-73162.583208,100.0,1.0,-12999.748473,35511.424567,-60062.421142,100.0,1.0,-69807.293899,8284.869109,-76744.638427,70.0,12932.482422,40000.0,40000.0,12278.286133,11502.303711,40000.0,1053.883545,1183.989258,1461.27832,4564.975098,5778.316895,32922.296875,11841.03125,40000.0,40000.0,40000.0,40000.0,24643.814453,27078.130859,40000.0,40000.0,40000.0,38630.085938,13303.786133,5000.0,34771.687453,-19974.337101,-3179.412545,0,true,true,1.0,-0.01,0
6,967,48.35,43293.862095,52602.932746,52202.741395,47087.027101,25384.536962,-1279.085436,-3124.13234,1028.707363,32.268913,0.229767,-115.917854,1.0,0.0,1.0,0.0,0.489951,0.769923,1.0,-24570.955762,14807.161523,-73440.614577,100.0,1.0,-13702.578011,35702.068742,-60298.810469,100.0,1.0,-70444.489129,8593.289581,-77146.579314,70.0,12716.142578,40000.0,40000.0,12155.666992,11383.803711,40000.0,1800.390503,1096.596558,1353.790894,1941.520874,5891.957031,33217.75,12076.035156,40000.0,40000.0,40000.0,40000.0,24599.257812,27265.775391,40000.0,40000.0,40000.0,37941.148438,13064.091797,5000.0,34528.485008,-19990.287532,-3177.276878,0,true,true,1.0,-0.01,0
6,968,48.4,43334.83643,-58137.769176,52306.983449,-61594.01055,25348.644523,-1229.229994,-3127.261463,1076.773113,32.303417,0.156277,-115.794075,1.0,0.0,1.0,0.0,0.692344,1.007046,1.0,-24976.399935,14968.893166,-73562.867883,100.0,1.0,-14064.154028,35819.683233,-60415.019561,100.0,1.0,-70873.344517,8876.30187,-77266.843018,70.0,12643.422852,40000.0,40000.0,12084.347656,11322.171875,40000.0,5208.56543,1166.417969,1300.102905,1867.634766,5953.851074,33287.953125,12177.124023,40000.0,40000.0,40000.0,40000.0,24549.041016,27872.013672,40000.0,40000.0,40000.0,37840.042969,12934.0,5000.0,34366.170629,-20063.183604,-3226.200601,0,true,true,1.0,-0.01,0
6,969,48.45,43373.810957,52563.958219,52411.354989,46982.655561,25310.840494,-1169.23573,-3131.146036,1134.120797,32.336376,0.093113,-115.549049,1.0,0.0,1.0,0.0,0.805893,1.12825,1.0,-25445.015808,15173.732776,-73661.815128,100.0,1.0,-14439.361785,35960.044353,-60523.944431,100.0,1.0,-71360.704223,9278.023025,-77305.854463,70.0,12602.310547,40000.0,40000.0,12004.500977,11258.859375,40000.0,5246.921875,1356.975586,1246.670044,1796.856934,6021.420898,33287.304688,12270.119141,40000.0,40000.0,40000.0,40000.0,24473.123047,28839.646484,40000.0,40000.0,40000.0,37240.464844,12794.795898,5000.0,34166.091127,-20193.807844,-3321.153134,0,true,true,1.0,-0.01,0
6,970,48.5,43446.292422,-58210.250641,52620.459475,-61803.115036,25230.114823,-1055.487046,-3138.675579,1240.246684,32.396603,-0.045575,-114.694473,1.0,0.0,1.0,0.0,0.771036,1.477819,1.0,-26524.612536,15727.598157,-73799.80374,100.0,1.0,-15146.42205,36326.884907,-60718.09404,100.0,1.0,-72499.271439,10477.417564,-77174.543526,70.0,12617.100586,40000.0,40000.0,11821.682617,11128.891602,40000.0,5299.410645,1706.558594,1240.662842,1662.73645,6176.115723,33081.351562,12551.764648,39941.15625,40000.0,40000.0,40000.0,24248.353516,40000.0,40000.0,40000.0,40000.0,36955.1875,12480.407227,5000.0,33641.670148,-20637.624983,-3624.381421,0,true,true,1.0,-0.01,0
6,971,48.55,43479.628151,52530.62249,52725.204578,46877.910458,25187.109245,-1000.071825,-3142.352931,1290.167258,32.422852,-0.128604,-114.076469,1.0,0.0,1.0,0.0,0.692233,1.315243,1.0,-27127.665341,16087.316915,-73836.694669,100.0,1.0,-15481.998288,36557.837963,-60803.285233,100.0,1.0,-73147.039565,11294.851698,-77003.136399,70.0,12678.382812,40000.0,40000.0,11719.670898,11063.195312,40000.0,5313.476074,4059.898926,1363.487671,1598.26355,6265.091797,32979.160156,12762.71582,40000.0,40000.0,40000.0,40000.0,24101.453125,40000.0,40000.0,40000.0,40000.0,37246.269531,12511.473633,5000.0,33310.056997,-20954.43377,-3830.176926,0,true,true,1.0,-0.01,0
6,972,48.6,43511.159138,-58241.781628,52830.068043,-61907.9785,25142.530331,-945.929573,-3145.903774,1337.367345,32.445938,-0.212131,-113.33271,1.0,0.0,1.0,0.0,0.859895,1.433159,1.0,-27788.524775,16507.859367,-73843.19076,100.0,1.0,-15816.788629,36821.389517,-60876.451752,100.0,1.0,-73851.328595,12254.641148,-76749.240588,70.0,12768.665039,40000.0,40000.0,11612.061523,10998.087891,40000.0,5320.172363,4159.100586,1479.702271,1534.787476,6363.184082,33145.3125,12890.554688,40000.0,40000.0,40000.0,40000.0,24235.738281,40000.0,40000.0,40000.0,40000.0,37529.808594,12549.719727,5000.0,32930.680128,-21328.590774,-4074.376361,0,true,true,1.0,-0.01,0
6,973,48.65,43540.901004,52500.880624,52935.045343,46772.933157,25096.451675,-892.255924,-3149.31886,1382.359616,32.465885,-0.284312,-112.502602,1.0,0.0,1.0,0.0,0.769923,1.049895,1.0,-28487.468634,16965.637105,-73827.065414,100.0,1.0,-16164.441557,37102.100995,-60943.095123,100.0,1.0,-74600.126128,13309.322156,-76424.54322,70.0,16157.351562,40000.0,40000.0,11501.899414,10934.189453,40000.0,5321.870605,4243.954102,1590.06604,1469.529297,6468.601074,33325.96875,13079.28418,40000.0,40000.0,40000.0,40000.0,24507.599609,40000.0,40000.0,40000.0,40000.0,37812.277344,12384.916992,5000.0,32516.545589,-21735.433553,-4349.380464,0,true,true,1.0,-0.01,0
6,974,48.7,43568.832325,-58269.712949,53040.131684,-62013.064841,25048.919577,-837.939575,-3152.590067,1425.962863,32.483696,-0.351008,-111.677208,1.0,0.0,1.0,0.0,0.209979,0.279972,1.0,-29183.150932,17430.23818,-73810.907455,100.0,1.0,-16512.794738,37393.1642,-61009.086699,100.0,1.0,-75335.289657,14365.354326,-76097.412539,70.0,17508.417969,40000.0,40000.0,11393.958984,10871.379883,40000.0,5322.912109,4324.726562,1696.750244,1424.999146,6574.887695,33511.800781,13303.536133,40000.0,40000.0,40000.0,40000.0,24788.667969,40000.0,40000.0,40000.0,40000.0,40000.0,12218.716797,5000.0,32098.356554,-22132.178042,-4624.045299,0,true,true,1.0,-0.01,0
6,975,48.75,43595.126432,52474.586517,53145.310046,46667.754795,25000.128744,-788.823191,-3155.350692,1463.724905,32.496956,-0.401545,-111.054298,1.0,0.0,1.0,0.0,0.0,0.0,1.0,-29805.796011,17805.56687,-73846.255467,100.0,1.0,-16874.683084,37633.171944,-61108.708604,100.0,1.0,-75978.266103,15187.248071,-75897.782514,70.0,40000.0,40000.0,40000.0,11296.131836,10807.416016,40000.0,5331.617188,4422.847168,1805.015137,1534.826904,6665.634766,33333.125,13443.891602,40000.0,40000.0,40000.0,40000.0,24678.910156,40000.0,40000.0,40000.0,40000.0,40000.0,12068.783203,5000.0,31752.181911,-22423.707987,-4842.656961,0,true,true,1.0,-0.01,0
6,976,48.8,43619.452854,-58294.039371,53250.592475,-62118.34727,24949.874157,-729.79261,-3158.4727,1507.637536,32.509029,-0.453593,-110.456261,1.0,0.0,1.0,0.0,0.0,0.069993,1.0,-30407.697278,18177.74066,-73891.947288,100.0,1.0,-17227.032557,37870.703231,-61218.045019,100.0,1.0,-76589.889617,15989.712239,-75719.912125,70.0,40000.0,40000.0,12929.162109,11199.77832,10743.039062,40000.0,5339.70752,4519.154785,1910.717041,1630.841553,6753.973145,33172.945312,13656.375977,40000.0,40000.0,40000.0,40000.0,24564.205078,40000.0,40000.0,40000.0,40000.0,40000.0,11923.261719,5000.0,31411.911166,-22700.547109,-5052.981316,0,true,true,1.0,-0.01,0
6,977,48.85,43642.154892,52451.884478,53355.955367,46562.391903,24898.449922,-681.061113,-3160.886592,1542.726972,32.517948,-0.492634,-110.00882,1.0,0.0,1.0,0.0,0.0,0.0,1.0,-30960.119908,18477.431034,-73980.031633,100.0,1.0,-17593.49749,38067.230208,-61355.024614,100.0,1.0,-77144.20269,16611.311258,-75640.639932,70.0,40000.0,40000.0,12721.199219,11109.40625,10676.539062,40000.0,5352.525391,4628.416992,2014.671143,1727.005005,6828.824219,33091.300781,13820.077148,40000.0,40000.0,40000.0,40000.0,24482.048828,40000.0,40000.0,40000.0,40000.0,40000.0,11788.356445,5000.0,31128.510309,-22901.440864,-5223.529966,0,true,true,1.0,-0.01,0
6,978,48.9,43663.154113,-58315.038591,53461.398034,-62223.789937,24845.829681,-629.976576,-3163.279848,1578.607158,32.30201,-0.529989,-109.581467,1.0,0.0,1.0,-1.0,0.0,0.0,1.0,-31501.771106,18480.932092,-74149.906363,100.0,1.0,-17958.115179,38019.204975,-61649.143021,100.0,1.0,-77682.916079,16916.323439,-75644.492737,70.0,40000.0,40000.0,12515.618164,11019.594727,10609.236328,40000.0,5364.498047,4734.532227,2791.698975,1821.734985,2812.529541,33022.417969,13923.836914,40000.0,40000.0,40000.0,40000.0,24407.332031,40000.0,40000.0,40000.0,40000.0,12516.912109,11656.287109,5000.0,30851.621775,-23111.636728,-5298.9497,0,true,true,1.0,-0.01,0
6,979,48.95,43700.494519,52414.544072,53672.466219,46351.323718,24737.337667,-538.115664,-3166.770777,1642.810078,31.264412,-0.594048,-108.780418,1.0,0.0,1.0,-1.0,0.0,0.0,1.0,-32568.522722,17677.04608,-74706.194213,100.0,1.0,-18695.48883,37248.661111,-62654.830999,100.0,1.0,-78736.89826,16664.864037,-75880.770114,70.0,40000.0,40000.0,12135.091797,10841.270508,10472.310547,40000.0,5386.158691,4944.125977,3818.457031,2007.270264,2183.897217,32917.789062,14222.084961,40000.0,40000.0,40000.0,40000.0,24277.21875,40000.0,40000.0,40000.0,40000.0,12181.353516,11399.605469,5000.0,30316.383421,-23558.097537,-5187.645297,0,true,true,1.0,-0.01,0
6,980,49.0,43716.954485,-58331.498557,53778.06054,-62329.384258,24681.516508,-493.798969,-3167.829454,1674.634704,30.458717,-0.618591,-108.405159,1.0,0.0,1.0,-1.0,0.0,0.0,1.0,-33096.424979,16884.469984,-75076.906199,100.0,1.0,-19069.89696,36532.526586,-63346.688283,100.0,1.0,-79253.974312,16126.603693,-76100.732152,70.0,40000.0,40000.0,11958.106445,10752.569336,10402.624023,40000.0,5395.868164,5045.504883,3911.148682,2098.20752,1954.653442,32866.503906,14420.65625,40000.0,40000.0,40000.0,40000.0,24623.285156,40000.0,40000.0,40000.0,40000.0,12019.984375,11274.600586,5000.0,30058.097971,-23792.059345,-5004.819065,0,true,true,1.0,-0.01,0
6,981,49.05,43732.130888,52399.367669,53883.668685,46245.715573,24624.736045,-455.292062,-3168.244173,1703.413775,29.484179,-0.637079,-108.044724,1.0,0.0,1.0,-1.0,0.0,0.0,1.0,-33624.750502,15855.646462,-75491.807714,100.0,1.0,-19451.603439,35612.273977,-64140.200087,100.0,1.0,-79770.844106,15340.490739,-76372.546882,70.0,40000.0,40000.0,11788.78125,10664.18457,10332.21582,40000.0,5404.885254,5072.171875,4002.893311,2188.141846,2053.43335,33129.417969,14566.670898,40000.0,40000.0,40000.0,40000.0,25323.382812,40000.0,40000.0,40000.0,40000.0,11862.302734,11151.539062,5000.0,29805.559028,-24029.762374,-4744.93787,0,true,true,1.0,-0.01,0
6,982,49.1,43745.938508,-58345.306177,53989.269087,-62434.984661,24566.874105,-414.228565,-3168.011913,1735.858113,28.325592,-0.648868,-107.700546,1.0,0.0,1.0,-1.0,0.0,0.0,1.0,-34150.866056,14567.044067,-75944.800148,100.0,1.0,-19837.792819,34462.714782,-65036.469506,100.0,1.0,-80281.140822,14282.462387,-76691.701383,70.0,40000.0,40000.0,11626.848633,10576.012695,10260.963867,40000.0,5413.25,5088.496582,4093.579102,2276.919189,2140.327881,33426.359375,14673.200195,40000.0,40000.0,40000.0,40000.0,26027.277344,40000.0,40000.0,40000.0,40000.0,11708.404297,11030.429688,5000.0,29559.625357,-24269.294241,-4400.050766,0,true,true,1.0,-0.01,0
6,983,49.15,43758.652145,52386.654032,54094.84027,46140.14439,24508.081255,-381.409096,-3167.13533,1763.785404,27.01474,-0.653506,-107.369873,1.0,0.0,1.0,-1.0,0.0,0.0,1.0,-34680.739625,13055.967435,-76414.807391,100.0,1.0,-20234.123969,33112.958129,-66003.795823,100.0,1.0,-80796.193029,12992.932815,-77037.375166,70.0,40000.0,40000.0,11471.34082,10488.118164,10189.083008,40000.0,5421.006348,5103.993164,4183.439941,2368.24707,2226.515869,33716.769531,14801.517578,40000.0,40000.0,40000.0,40000.0,26737.119141,40000.0,40000.0,40000.0,40000.0,11557.744141,10911.044922,5000.0,29319.30317,-24506.078706,-3982.721512,0,true,true,1.0,-0.01,0
6,984,49.2,43770.285789,-58356.939821,54200.353917,-62540.498307,24448.281671,-349.009297,-3165.409233,1793.987437,25.546265,-0.650703,-107.053337,1.0,0.0,1.0,-1.0,0.0,0.0,1.0,-35211.602923,11313.030851,-76889.211569,100.0,1.0,-20637.34207,31549.034523,-67033.606195,100.0,1.0,-81309.375615,11462.478728,-77398.06125,70.0,40000.0,40000.0,11322.078125,10400.423828,10116.483398,40000.0,5437.708984,5118.629395,4272.505371,2590.72168,2311.932129,33999.667969,14942.192383,40000.0,40000.0,40000.0,40000.0,27143.763672,40000.0,40000.0,40000.0,40000.0,11410.194336,10793.227539,5000.0,29085.027586,-24736.656492,-3489.496843,0,true,true,1.0,-0.01,0
6,985,49.25,43791.013936,52365.925885,54411.125029,45929.373278,24325.928797,-300.068544,-3160.115753,1848.219807,22.204212,-0.621918,-106.45742,1.0,0.0,1.0,-1.0,0.0,0.0,1.0,-36286.986392,7210.541494,-77776.734569,100.0,1.0,-21474.131335,27831.417248,-69186.0707,100.0,1.0,-82349.740384,7764.000933,-78090.882414,70.0,40000.0,40000.0,11040.21875,10225.859375,9969.691406,40000.0,5739.973633,5146.039551,4448.60498,3020.045654,2480.98291,34546.996094,15271.480469,40000.0,40000.0,40000.0,40000.0,27546.166016,40000.0,40000.0,40000.0,40000.0,11123.293945,10561.808594,5000.0,28632.794965,-25160.939201,-2302.107017,0,true,true,1.0,-0.01,0
6,986,49.3,43800.267266,-58366.193151,54516.315302,-62645.68858,24263.275805,-277.5999,-3155.708026,1879.589663,20.923756,-0.601859,-106.241875,1.0,0.0,1.0,0.0,0.0,0.0,1.0,-36795.176896,5619.734895,-78121.602055,100.0,1.0,-21895.787237,26368.443078,-70021.016915,100.0,1.0,-82837.51595,6321.899697,-78370.950395,70.0,40000.0,40000.0,10927.579102,10140.426758,9893.967773,40000.0,5889.401367,5159.369141,4539.230469,3237.187256,2564.864502,34755.757812,15397.423828,40000.0,40000.0,40000.0,26029.226562,27724.287109,40000.0,40000.0,40000.0,40000.0,10989.699219,10450.363281,5000.0,28441.355054,-25299.324671,-1854.915316,0,true,true,1.0,-0.01,0
6,987,49.35,43808.849375,52357.343776,54621.333815,45824.354765,24199.555382,-257.463247,-3150.555218,1911.612581,19.987566,-0.583675,-106.084641,1.0,0.0,1.0,0.0,0.0,0.0,1.0,-37276.174583,4454.630822,-78425.990941,100.0,1.0,-22313.085471,25287.274031,-70686.443481,100.0,1.0,-83297.597398,5266.113626,-78629.723416,70.0,40000.0,40000.0,10833.571289,10056.125977,9816.583984,40000.0,6045.88623,5172.490234,4632.021484,3457.999268,2648.410645,34917.230469,15513.74707,40000.0,40000.0,40000.0,25998.193359,27884.896484,40000.0,40000.0,40000.0,40000.0,10862.46875,10341.585938,5000.0,28274.267829,-25393.850101,-1545.141049,0,true,true,1.0,-0.01,0
6,988,49.4,43816.815148,-58374.158924,54726.160833,-62750.515598,24134.745723,-238.973178,-3144.810371,1944.289688,19.313667,-0.568738,-105.971672,1.0,0.0,1.0,0.0,0.0,0.0,1.0,-37733.606667,3615.819448,-78712.570939,100.0,1.0,-22724.019922,24502.424662,-71234.712037,100.0,1.0,-83733.539003,4506.191713,-78884.385156,70.0,40000.0,40000.0,10753.207031,9972.668945,9737.954102,40000.0,40000.0,5185.236328,4726.259277,3681.741943,2731.473633,35041.359375,15622.450195,40000.0,40000.0,40000.0,25980.554688,28025.75,40000.0,40000.0,40000.0,40000.0,10740.106445,10234.947266,5000.0,28125.682497,-25458.590106,-1341.372253,0,true,true,1.0,-0.01,0
6,989,49.45,43824.227153,52349.931772,54830.789149,45719.726449,24068.871721,-222.360128,-3138.849329,1976.219947,18.829866,-0.55706,-105.890701,1.0,0.0,1.0,0.0,0.0,0.0,1.0,-38172.85245,3014.136431,-78993.421306,100.0,1.0,-23129.222299,23935.009466,-71704.666302,100.0,1.0,-84194.613652,3945.75761,-79148.493647,70.0,40000.0,40000.0,10682.296875,9889.727539,9658.288086,40000.0,40000.0,5197.666016,4821.451172,3907.833496,2814.112549,35137.867188,15725.413086,40000.0,40000.0,40000.0,25973.396484,28466.042969,40000.0,40000.0,40000.0,40000.0,10621.273438,10130.167969,5000.0,27990.518651,-25503.52504,-1215.189692,0,true,true,1.0,-0.01,0
6,990,49.5,43831.128739,-58381.06051,54935.213414,-62854.939863,24001.949673,-207.04757,-3132.727768,2007.661341,18.485262,-0.548256,-105.833099,1.0,0.0,1.0,0.0,0.0,0.0,1.0,-38597.583257,2586.809831,-79274.37653,100.0,1.0,-23528.944641,23528.394206,-72121.371327,100.0,1.0,-84617.756016,3552.288106,-79415.93946,70.0,40000.0,40000.0,10617.953125,9807.18457,9577.918945,40000.0,40000.0,5209.726074,4917.187012,4135.592285,2896.358154,35213.789062,15823.986328,40000.0,40000.0,40000.0,25974.021484,28871.650391,40000.0,40000.0,40000.0,40000.0,10565.052734,10025.905273,5000.0,27865.229711,-25534.871848,-1146.34474,0,true,true,1.0,-0.01,0
6,991,49.55,43843.81099,52337.249521,55143.565643,45511.37422,23865.649852,-184.893877,-3122.813205,2056.533865,18.021135,-0.535776,-105.755608,1.0,0.0,1.0,0.0,0.0,0.0,1.0,-39428.441655,2010.187973,-79843.897572,100.0,1.0,-24325.408522,22975.769734,-72874.696131,100.0,1.0,-85417.78525,3028.596627,-79964.828966,70.0,40000.0,40000.0,10499.453125,9642.584961,9415.885742,40000.0,40000.0,5232.908691,5109.265625,4485.692871,3063.751953,3101.660889,16013.630859,40000.0,40000.0,40000.0,25987.818359,29630.228516,40000.0,40000.0,40000.0,40000.0,10490.760742,9819.408203,5000.0,27630.802425,-25576.684637,-1102.358357,0,true,true,1.0,-0.01,0
6,992,49.6,43849.653836,-58386.903357,55247.50339,-62958.87761,23796.35162,-175.285386,-3118.132255,2078.946861,17.8661,-0.531449,-105.729744,1.0,0.0,1.0,0.0,0.0,0.0,1.0,-39835.364243,1818.205499,-80133.31599,100.0,1.0,-24708.357764,22789.541772,-73226.034068,88.58803,1.0,-85807.885708,2854.625265,-80247.277084,70.0,40000.0,40000.0,10443.525391,9560.484375,9334.466797,40000.0,40000.0,5244.115234,5205.347168,4570.731445,3235.62793,3195.813965,16105.710938,40000.0,40000.0,40000.0,25999.154297,29990.707031,40000.0,40000.0,40000.0,40000.0,10452.99707,9780.807617,5000.0,27519.204808,-25590.713434,-1112.835196,0,true,true,1.0,-0.01,0
6,993,49.65,43855.1242,52331.779157,55351.251926,45407.625684,23726.159807,-164.110907,-3112.45592,2105.754272,17.754864,-0.528295,-105.711197,1.0,0.0,1.0,0.0,0.0,0.0,1.0,-40231.866627,1668.740665,-80431.053805,100.0,1.0,-25063.99022,22655.566737,-73564.30006,77.1498,1.0,-86185.518187,2732.562287,-80535.340661,70.0,40000.0,40000.0,10389.272461,9478.466797,9252.794922,40000.0,40000.0,5254.922363,5301.355469,4655.535645,3391.073975,3278.375244,16196.085938,40000.0,40000.0,40000.0,26013.130859,40000.0,40000.0,40000.0,40000.0,36965.320312,10414.993164,9735.920898,5000.0,27410.880969,-25600.894308,-1142.082322,0,true,true,1.0,-0.01,0
6,994,49.7,43860.280985,-58392.060142,55454.836048,-63062.461732,23655.199388,-154.703541,-3107.523497,2128.812484,17.671896,-0.525915,-105.697372,1.0,0.0,1.0,0.0,0.0,0.0,1.0,-40627.897107,1568.820714,-80728.05534,100.0,1.0,-86563.026074,2642.06199,-80828.651113,70.0,1.0,-71049.931147,-13704.218128,-85887.13084,70.0,40000.0,40000.0,10335.927734,9396.461914,9170.953125,40000.0,40000.0,5265.467285,5358.013184,4740.104004,3546.514648,3360.553955,16285.260742,40000.0,40000.0,40000.0,26028.824219,40000.0,40000.0,40000.0,40000.0,36848.710938,10357.858398,9690.666992,5000.0,27304.730469,-25608.626397,-1183.652865,0,true,true,1.0,-0.01,0
6,995,49.75,43865.12245,52326.937692,55558.250696,45304.211036,23583.452877,-145.243949,-3102.439263,2152.395214,17.611387,-0.524165,-105.687286,1.0,0.0,1.0,0.0,0.0,0.0,1.0,-41019.655734,1498.009602,-81028.6283,100.0,1.0,-86935.126407,2577.973585,-81126.528473,70.0,1.0,-71427.035109,-13770.564191,-86167.311523,70.0,40000.0,40000.0,10283.300781,9314.514648,9088.936523,40000.0,40000.0,5275.709473,5368.654785,4824.377441,3701.867432,3442.383789,16320.72168,40000.0,40000.0,40000.0,26046.011719,40000.0,40000.0,40000.0,40000.0,36767.417969,10247.874023,9645.334961,5000.0,27200.365064,-25614.410001,-1235.207814,0,true,true,1.0,-0.01,0
6,996,49.8,43874.053613,-58400.991304,55764.666307,-63268.877344,23438.052625,-130.444226,-3094.275864,2190.028485,17.497549,-0.587664,-105.695175,1.0,0.0,1.0,0.0,-0.489951,-0.069993,1.0,-41702.542565,1357.209002,-81690.814805,100.0,1.0,-87584.507411,2445.468516,-81841.183739,70.0,1.0,-72077.627238,-13906.781598,-86829.488138,70.0,40000.0,40000.0,10185.120117,9151.0625,8924.251953,40000.0,40000.0,5357.587402,5388.749512,4992.95459,4014.241455,3604.890625,16491.189453,40000.0,40000.0,40000.0,26089.916016,40000.0,40000.0,40000.0,40000.0,36118.421875,10031.081055,9551.549805,5000.0,26996.841842,-25623.028859,-1309.241627,0,true,true,1.0,-0.01,0
6,997,49.85,43878.132451,52322.858853,55867.658241,45201.219103,23364.34944,-122.365143,-3089.757837,2211.095431,17.444559,-0.670401,-105.725311,1.0,0.0,1.0,0.0,-0.419958,-0.069993,1.0,-41958.964512,1285.450574,-82067.460015,100.0,1.0,-72307.375208,-13980.261933,-87236.719691,70.0,1.0,-3277.575117,44018.725085,-68164.716006,69.993874,40000.0,40000.0,10143.154297,9069.898438,8841.380859,40000.0,40000.0,5481.160645,5397.955566,5077.696777,4172.364258,3685.43335,16571.361328,40000.0,40000.0,40000.0,26120.515625,40000.0,40000.0,40000.0,40000.0,36070.878906,9925.28125,9501.439453,5000.0,26901.173129,-25622.817436,-1322.564107,0,true,true,1.0,-0.01,0
6,998,49.9,43883.55031,-58406.409163,55971.730864,-63372.949967,23293.815417,-162.535769,-3122.178549,2116.020574,17.394047,-0.788286,-105.772575,0.0,0.0,1.0,0.0,-0.489951,-0.069993,1.0,-42166.037009,1211.038673,-82460.503743,100.0,1.0,-72484.254665,-14059.821932,-87681.498675,70.0,1.0,-3534.944361,43923.624569,-68523.066484,69.995146,40000.0,40000.0,10107.998047,8988.954102,8758.083008,40000.0,40000.0,5609.391113,5408.318359,5164.813965,4333.690918,3767.479248,16650.585938,40000.0,40000.0,40000.0,26155.292969,40000.0,40000.0,40000.0,40000.0,35999.757812,9819.354492,9446.654297,5000.0,26807.741404,-25619.876294,-1315.780877,0,true,true,1.0,-0.01,0
6,999,49.95,43890.240649,52316.168515,56076.825613,45096.124355,23226.294141,-200.710149,-3152.842279,2025.638176,17.345945,-0.933788,-105.834213,0.0,0.0,1.0,0.0,-0.419958,-0.069993,1.0,-42333.052247,1134.726496,-82864.892078,100.0,1.0,-72616.840566,-14144.142724,-88154.290543,70.0,1.0,-3759.523213,43830.873953,-68870.284779,69.996142,40000.0,40000.0,10078.768555,8908.293945,8674.459961,40000.0,40000.0,5742.037598,5419.828613,5254.17041,4498.173828,3851.003174,16729.261719,40000.0,40000.0,40000.0,26193.634766,40000.0,40000.0,40000.0,40000.0,35929.921875,9713.001953,9387.914062,5000.0,26716.282529,-25614.36062,-1292.937035,0,true,true,1.0,-0.01,0
6,1000,50.0,43898.204358,-58414.372872,56182.936616,-63479.06097,23161.788368,-238.911262,-3183.329928,1935.173089,17.300381,-1.112745,-105.911987,0.0,0.0,1.0,0.0,-0.489951,-0.069993,1.0,-42449.862647,1056.910787,-83285.289928,100.0,1.0,-72693.492664,-14232.5839,-88662.821508,70.0,1.0,-3946.84095,43738.50534,-69207.841763,69.996964,40000.0,40000.0,10055.975586,8827.938477,8590.601562,40000.0,40000.0,5879.475098,5432.48877,5345.947754,4666.111328,3936.024902,16818.947266,40000.0,40000.0,40000.0,26236.238281,40000.0,40000.0,40000.0,40000.0,35861.90625,9606.493164,9325.029297,5000.0,26626.879286,-25606.285595,-1251.351995,0,true,true,1.0,-0.01,0
6,1001,50.05,43917.409609,52296.963263,56397.744029,44881.316942,23040.540207,-303.554298,-3234.231427,1782.068957,17.215872,-1.516221,-106.090462,0.0,0.0,1.0,0.0,-0.069993,0.0,1.0,-42620.17026,898.611454,-84136.867747,100.0,1.0,-72778.904734,-14417.466515,-89718.356982,70.0,1.0,-4274.653878,43564.81374,-69853.935961,69.998009,40000.0,40000.0,40000.0,8667.848633,8422.705078,40000.0,40000.0,40000.0,5461.116699,5535.185059,5009.837891,4110.033203,17016.660156,40000.0,40000.0,40000.0,26327.003906,40000.0,40000.0,40000.0,40000.0,10669.200195,9391.361328,9191.615234,5000.0,26449.730668,-25586.172299,-1141.271934,0,true,true,1.0,-0.01,0
6,1002,50.1,43928.729219,-58425.692482,56506.482641,-63587.799583,22983.98305,-339.58828,-3262.158206,1696.714628,17.185802,-1.663353,-106.155098,0.0,0.0,1.0,0.0,0.0,0.0,1.0,-42794.261676,843.402947,-84503.520663,100.0,1.0,-72915.273264,-14480.338728,-90158.417706,70.0,1.0,-4507.694725,43488.303429,-70150.527705,69.998451,40000.0,40000.0,40000.0,8587.182617,8339.192383,40000.0,40000.0,40000.0,5477.672363,5631.388672,5181.98877,4199.464844,17101.875,40000.0,40000.0,40000.0,26363.0,40000.0,40000.0,40000.0,40000.0,10540.448242,9279.507812,9125.938477,5000.0,26355.015249,-25579.261274,-1116.044672,0,true,true,1.0,-0.01,0
6,1003,50.15,43941.042762,52284.649721,56615.985375,44771.814208,22929.780482,-369.406257,-3285.081833,1626.076953,17.157093,-1.810211,-106.218849,0.0,0.0,1.0,0.0,-0.069993,0.0,1.0,-42973.858369,788.883811,-84862.04091,100.0,1.0,-73059.572441,-14542.757415,-90590.530181,70.0,1.0,-4744.39549,43417.633865,-70436.713594,69.998748,40000.0,40000.0,40000.0,8506.458008,8255.703125,40000.0,40000.0,40000.0,5495.333984,5728.967773,5355.646973,4290.203613,17158.013672,40000.0,40000.0,40000.0,26398.03125,40000.0,40000.0,40000.0,40000.0,10409.919922,9166.302734,9059.005859,5000.0,26258.997055,-25572.707629,-1089.73471,0,true,true,1.0,-0.01,0
6,1004,50.2,43954.466678,-58439.116399,56726.334699,-63698.148907,22878.208842,-402.717474,-3310.479552,1547.149117,17.136106,-1.918123,-106.265625,0.0,0.0,1.0,0.0,0.0,0.0,1.0,-43217.323561,750.747824,-85178.939457,100.0,1.0,-73270.759533,-14584.874859,-90960.622124,70.0,1.0,-5030.940051,43352.882749,-70705.143312,69.999025,40000.0,40000.0,40000.0,8425.259766,8212.310547,40000.0,40000.0,40000.0,5514.390137,5827.464844,5505.018555,4381.527832,17227.623047,40000.0,40000.0,40000.0,26413.103516,40000.0,40000.0,40000.0,40000.0,10274.762695,9050.238281,8992.651367,5000.0,26158.991239,-25568.179943,-1084.179344,0,true,true,1.0,-0.01,0
6,1005,50.25,43984.051461,52255.064938,56949.102553,44549.046354,22781.552012,-456.614308,-3351.182834,1419.410975,17.097176,-2.141079,-106.365349,0.0,0.0,1.0,0.0,-0.139986,-0.069993,1.0,-43704.320847,672.053757,-85797.40444,100.0,1.0,-73695.832482,-14674.781583,-91690.993456,70.0,1.0,-5606.545046,43235.137213,-71215.397216,69.999359,40000.0,40000.0,40000.0,8262.914062,8178.22168,40000.0,40000.0,40000.0,5555.370605,6028.472168,5703.473633,4638.730469,17413.103516,40000.0,40000.0,40000.0,26603.75,40000.0,40000.0,40000.0,40000.0,10001.136719,8815.151367,8855.274414,5000.0,25958.208811,-25557.431263,-1064.880654,0,true,true,1.0,-0.01,0
6,1006,50.3,44000.123107,-58455.188045,57061.444249,-63810.490603,22736.255498,-482.149371,-3370.250712,1358.895346,17.079273,-2.266381,-106.421295,0.0,0.0,1.0,0.0,-0.209979,0.0,1.0,-43929.258147,632.673983,-86107.709317,100.0,1.0,-73887.640448,-14720.616084,-92065.266154,70.0,1.0,-5880.215121,43177.547776,-71460.722746,69.99948,40000.0,40000.0,40000.0,8180.98877,8162.894531,8522.697266,40000.0,40000.0,5576.227539,6077.54834,5799.01416,4777.313477,17506.740234,40000.0,40000.0,40000.0,26697.361328,40000.0,40000.0,40000.0,40000.0,9863.253906,8697.064453,8784.03125,5000.0,25857.643105,-25551.287209,-1046.530286,0,true,true,1.0,-0.01,0
6,1007,50.35,44017.043501,52238.144545,57174.414318,44436.076285,22692.970554,-507.611777,-3389.101881,1298.548256,17.062675,-2.406834,-106.487122,0.0,0.0,1.0,0.0,-0.279972,-0.069993,1.0,-44130.115843,590.545702,-86424.548216,100.0,1.0,-74051.600247,-14771.621274,-92455.177988,70.0,1.0,-6137.592927,43119.52318,-71700.824086,69.999582,40000.0,40000.0,40000.0,8100.240234,8116.149414,8430.265625,40000.0,40000.0,5682.290527,6100.159668,5895.771484,4917.516113,17599.972656,40000.0,40000.0,40000.0,26790.095703,40000.0,40000.0,40000.0,40000.0,9725.564453,8576.702148,8788.9375,5000.0,25758.783312,-25542.913116,-1019.140648,0,true,true,1.0,-0.01,0
6,1008,50.4,44034.847143,-58472.991688,57288.031481,-63924.107766,22651.778431,-534.109246,-3408.514706,1235.763639,17.047565,-2.588057,-106.564484,0.0,0.0,1.0,0.0,-0.559944,0.0,1.0,-44268.300766,550.622846,-86766.956497,100.0,1.0,-74147.28183,-14819.537686,-92892.665954,70.0,1.0,-6342.214333,43060.495759,-71938.709278,69.999669,40000.0,40000.0,40000.0,8019.957031,8032.852051,8337.511719,40000.0,40000.0,5805.525879,6123.386719,5994.005371,5059.560059,17696.251953,40000.0,40000.0,40000.0,26882.269531,40000.0,40000.0,40000.0,40000.0,9588.460938,8457.826172,8847.890625,5000.0,25659.347215,-25534.979932,-971.555216,0,true,true,1.0,-0.01,0
6,1009,50.45,44072.850823,52200.140865,57516.988879,44207.118888,22575.075851,-581.110391,-3442.206164,1124.321936,17.02471,-3.143348,-106.805817,0.0,0.0,1.0,0.0,-1.049895,-0.069993,1.0,-44231.530364,451.558538,-87597.13799,100.0,1.0,-6512.360554,42945.982205,-72418.895,69.999786,1.0,-30244.691708,20405.094065,-80684.003067,40.399821,40000.0,40000.0,40000.0,7862.455078,7866.367676,8148.848633,40000.0,40000.0,6063.958984,6169.522461,6195.596191,5353.30127,17921.671875,40000.0,40000.0,40000.0,27059.414062,40000.0,40000.0,40000.0,40000.0,9324.69043,8224.695312,8890.176758,5000.0,25472.622182,-25507.503732,-780.429353,0,true,true,1.0,-0.01,0
6,1010,50.5,44092.975228,-58493.116093,57632.251348,-64039.370236,22539.388459,-603.732123,-3457.873915,1070.621707,17.017609,-3.533107,-106.96756,0.0,0.0,1.0,0.0,-1.189881,-0.069993,1.0,-44030.194822,398.098668,-88096.350525,100.0,1.0,-6451.027354,42916.989695,-72656.250386,69.999827,1.0,-30147.434818,20301.910151,-81108.047716,40.321826,40000.0,40000.0,40000.0,7785.586914,7783.673828,8053.59375,40000.0,40000.0,6199.563477,6192.75,6299.27832,5505.465332,18006.494141,40000.0,40000.0,40000.0,27146.238281,40000.0,40000.0,40000.0,40000.0,9197.120117,8110.625,8881.706055,5000.0,25381.869751,-25491.013861,-631.403949,0,true,true,1.0,-0.01,0
6,1011,50.55,44113.816119,52179.299974,57747.994898,44091.375338,22505.405249,-625.226698,-3472.30632,1019.496226,17.013813,-3.985583,-107.152756,0.0,0.0,1.0,0.0,-1.049895,-0.069993,1.0,-43724.10387,342.03938,-88641.454988,100.0,1.0,-6309.41315,42872.609201,-72901.200956,69.99986,1.0,-29954.228897,20198.738827,-81562.105344,40.260888,40000.0,40000.0,40000.0,7710.054688,7701.602539,7958.253906,40000.0,40000.0,32854.585938,6216.38916,6404.97168,5661.215332,18038.125,40000.0,40000.0,40000.0,27233.080078,40000.0,40000.0,40000.0,40000.0,9072.772461,7998.038086,8850.313477,5000.0,25291.891696,-25472.829165,-452.921157,0,true,true,1.0,-0.01,0
6,1012,50.6,44157.712228,-58537.012202,57980.894443,-64272.269781,22442.727451,-669.515102,-3500.357129,913.646434,17.015774,-5.028436,-107.560333,0.0,0.0,1.0,0.0,-0.629937,0.0,1.0,-42878.342635,237.314686,-89820.104465,100.0,1.0,-5832.770747,42761.457582,-73397.547745,69.999911,1.0,-29356.323743,19991.171838,-82530.54261,40.166885,40000.0,40000.0,40000.0,7563.536621,7541.102051,7769.484863,40000.0,40000.0,32778.851562,6266.874023,6622.697266,5982.262695,18220.400391,40000.0,40000.0,40000.0,27413.144531,40000.0,40000.0,40000.0,40000.0,8827.609375,7775.914062,8760.634766,5000.0,25103.933561,-25438.965401,-34.213218,0,true,true,1.0,-0.01,0
6,1013,50.65,44180.725113,52156.287089,58097.984474,43974.285307,22413.947282,-690.386511,-3512.700748,863.405019,17.021307,-5.56945,-107.773788,0.0,0.0,1.0,0.0,-0.349965,-0.069993,1.0,-42417.95395,186.392719,-90414.71838,100.0,1.0,-5567.390579,42707.820314,-73639.311257,70.0,1.0,-29021.134432,19888.608165,-83016.930368,40.13458,40000.0,40000.0,40000.0,7491.134766,7461.617676,7676.293457,40000.0,40000.0,32745.384766,6293.928711,6734.419434,6146.899414,18348.580078,40000.0,40000.0,40000.0,27506.683594,40000.0,40000.0,40000.0,40000.0,8705.09375,7664.380859,8709.481445,5000.0,25007.713475,-25420.735626,183.660149,0,true,true,1.0,-0.01,0
6,1014,50.7,44204.50261,-58560.789699,58215.504194,-64389.789501,22387.016537,-713.324878,-3525.591414,807.922309,17.030869,-6.139324,-108.000977,0.0,0.0,1.0,0.0,-0.629937,-0.069993,1.0,-41899.226649,131.265631,-91024.946776,100.0,1.0,-5261.169004,42651.870598,-73878.378704,70.0,1.0,-28640.684934,19778.434581,-83515.085725,40.105532,40000.0,40000.0,40000.0,7420.083496,7383.126953,7583.816895,40000.0,40000.0,32714.244141,6322.143066,6848.475098,6315.220215,18423.080078,40000.0,40000.0,40000.0,27602.660156,40000.0,40000.0,40000.0,40000.0,8583.762695,7553.606445,8649.681641,5000.0,24910.585766,-25400.688648,414.715756,0,true,true,1.0,-0.01,0
6,1015,50.75,44228.967938,52131.821761,58333.38868,43856.400821,22361.757804,-733.959804,-3536.534376,757.761944,17.046354,-6.747571,-108.256523,0.0,0.0,1.0,0.0,-0.839916,-0.209979,1.0,-41304.676464,65.001734,-91660.382757,100.0,1.0,-4908.005572,42597.700944,-74115.054009,70.0,1.0,-28192.928091,19666.241273,-84027.739647,40.084684,40000.0,40000.0,40000.0,7350.888184,7305.652344,7491.591797,40000.0,40000.0,32682.871094,6350.928711,6965.319336,6488.841309,18474.324219,40000.0,40000.0,40000.0,27699.955078,40000.0,40000.0,40000.0,40000.0,8466.001953,7444.841797,8572.887695,5000.0,24816.956605,-25374.100622,664.447861,0,true,true,1.0,-0.01,0
6,1016,50.8,44279.931665,-58611.753426,58570.138939,-64626.539761,22316.206029,-774.097741,-3555.651429,659.681112,17.096899,-8.057075,-108.844063,0.0,0.0,1.0,0.0,-0.629937,-0.209979,1.0,-39917.355228,-96.126927,-92983.688181,100.0,1.0,-4083.424519,42488.97901,-74578.260837,70.0,1.0,-27131.188888,19424.059403,-85085.999967,40.054906,40000.0,40000.0,40000.0,7218.153809,7154.397461,7307.87793,40000.0,40000.0,32623.529297,6410.588379,7208.018555,6852.890137,6471.213867,40000.0,40000.0,40000.0,27901.605469,40000.0,40000.0,40000.0,40000.0,8239.685547,7232.708496,8379.825195,5000.0,24637.205227,-25302.663991,1208.905221,0,true,true,1.0,-0.01,0
6,1017,50.85,44306.454508,52105.298919,58688.959453,43737.580308,22295.980506,-795.685231,-3564.615219,606.765672,17.131407,-8.73593,-109.162552,0.0,0.0,1.0,0.0,-0.559944,-0.139986,1.0,-39162.5091,-184.871222,-93650.707739,100.0,1.0,-3637.649265,42432.975062,-74801.854893,70.0,1.0,-26553.210473,19292.514948,-85619.446356,40.04333,40000.0,40000.0,40000.0,7220.500488,7080.660156,7330.180176,40000.0,40000.0,32598.845703,6553.27832,7333.723145,7042.644531,6583.696777,40000.0,40000.0,40000.0,28007.552734,40000.0,40000.0,40000.0,40000.0,8128.830078,7128.143555,8274.303711,5000.0,24547.713849,-25260.801494,1492.463794,0,true,true,1.0,-0.01,0
6,1018,50.9,44333.675685,-58638.974603,58808.040412,-64745.62072,22277.468719,-816.635264,-3572.428586,555.353584,17.171097,-9.424963,-109.487244,0.0,0.0,1.0,0.0,-0.489951,-0.069993,1.0,-38381.375526,-273.659215,-94314.660098,100.0,1.0,-3176.149985,42378.591618,-75018.578786,70.0,1.0,-25951.436553,19162.502021,-86149.320168,40.034413,40000.0,40000.0,40000.0,7264.864746,7008.296387,7347.269043,8176.322266,40000.0,32580.177734,6698.30957,7462.306152,7236.90918,6697.901855,40000.0,40000.0,40000.0,28118.472656,40000.0,40000.0,40000.0,40000.0,8018.099121,7023.766113,8169.648926,5000.0,24454.724314,-25218.420129,1779.718062,0,true,true,1.0,-0.01,0
6,1019,50.95,44361.512092,52077.462511,58927.324567,43618.296152,22260.468964,-835.092187,-3578.524476,509.992623,17.215704,-10.117497,-109.815918,0.0,0.0,1.0,0.0,-0.419958,-0.069993,1.0,-37586.194018,-363.091127,-94971.656525,100.0,1.0,-2709.579289,42327.993621,-75228.367385,70.0,1.0,-25333.693161,19039.292173,-86670.874254,40.028146,40000.0,40000.0,40000.0,7312.456055,6937.201172,7340.081543,8061.075195,40000.0,32567.636719,6846.626953,7568.634277,7435.437988,6813.738281,40000.0,40000.0,40000.0,28234.304688,40000.0,40000.0,40000.0,40000.0,7914.104004,6919.305664,8067.067383,5000.0,24358.302144,-25175.657997,2067.394607,0,true,true,1.0,-0.01,0
6,1020,51.0,44390.085421,-58667.547932,59046.820757,-64865.11691,22245.283371,-857.199809,-3584.885513,455.567765,17.267658,-10.830378,-110.161072,0.0,0.0,1.0,0.0,-0.629937,-0.139986,1.0,-36740.631782,-454.887535,-95631.414007,100.0,1.0,-2210.220933,42274.697921,-75431.286091,70.0,1.0,-24679.562414,18903.560865,-87197.60765,40.022009,40000.0,40000.0,40000.0,7365.845215,6867.671875,7254.501465,7947.15625,40000.0,32657.365234,6999.489746,7596.011719,7640.354004,6931.172852,40000.0,40000.0,40000.0,28346.501953,40000.0,40000.0,40000.0,40000.0,7874.988281,6815.910156,7960.101562,5000.0,24260.351115,-25129.722223,2364.083829,0,true,true,1.0,-0.01,0
6,1021,51.05,44449.105185,52018.442747,59286.241595,43378.875314,22219.531846,-894.587808,-3593.157937,363.337933,17.394835,-12.320132,-110.897919,0.0,0.0,1.0,0.0,-0.839916,-0.139986,1.0,-34902.077337,-648.941458,-96963.265602,100.0,1.0,-1127.590788,42177.284686,-75816.606325,70.0,1.0,-23233.857812,18645.173088,-88248.259144,40.01461,40000.0,40000.0,40000.0,7490.467773,6733.880859,7088.125977,7724.519043,40000.0,33104.015625,40000.0,7654.996582,7958.272949,7171.628906,40000.0,40000.0,40000.0,28770.789062,40000.0,40000.0,40000.0,40000.0,7773.589355,6612.598145,7738.674316,5000.0,24056.544548,-25030.542781,2983.933056,0,true,true,1.0,-0.01,0
6,1022,51.1,44479.598461,-58698.041208,59406.116053,-64984.991367,22209.086111,-914.798256,-3596.233546,313.372046,17.475216,-13.133102,-111.308197,0.0,0.0,1.0,0.0,-1.119888,-0.209979,1.0,-33836.872156,-752.217652,-97654.588691,100.0,1.0,-490.104539,42128.249489,-75998.010047,70.0,1.0,-22386.736183,18507.565313,-88790.392166,40.011697,40000.0,40000.0,40000.0,40000.0,6670.69873,7007.897949,7614.642578,40000.0,33650.652344,40000.0,7686.330078,8090.953125,7295.236816,40000.0,39412.367188,40000.0,29024.984375,40000.0,40000.0,40000.0,40000.0,7725.481934,6514.850586,7617.687988,5000.0,23950.073305,-24974.958656,3323.532137,0,true,true,1.0,-0.01,0
6,1023,51.15,44510.729977,51987.311232,59526.056071,43258.935296,22200.22087,-933.945411,-3598.200353,265.957203,17.57048,-14.013322,-111.756111,0.0,0.0,1.0,0.0,-1.386965,-0.218994,1.0,-32632.759284,-860.790216,-98373.096232,100.0,1.0,240.152496,42081.776054,-76169.513705,70.0,1.0,-21416.295476,18369.929366,-89347.316409,40.009494,40000.0,40000.0,40000.0,40000.0,6610.910645,6930.312988,7507.166992,40000.0,34805.859375,40000.0,7719.267578,8228.8125,7421.794922,40000.0,36717.921875,40000.0,29313.867188,40000.0,40000.0,40000.0,40000.0,7680.225586,6421.219238,7488.40625,5000.0,23838.5593,-24914.798162,3692.272381,0,true,true,1.0,-0.01,0
6,1024,51.2,44574.90586,-58762.217092,59765.997083,-65224.932379,22187.241933,-971.863991,-3599.058956,171.725671,17.81197,-15.947347,-112.765099,0.0,0.0,1.0,0.0,-1.272446,-0.276619,1.0,-29842.878824,-1092.373676,-99856.54869,100.0,1.0,1944.167265,41995.531451,-76472.102926,70.0,1.0,-19144.227763,18088.425265,-90482.774902,40.006318,40000.0,40000.0,40000.0,40000.0,6502.294922,6784.009766,7299.13916,35521.027344,36529.320312,40000.0,7791.290527,8522.158203,7685.722656,40000.0,37850.855469,40000.0,30006.203125,40000.0,40000.0,40000.0,40000.0,7599.078125,6246.284668,7211.844238,5000.0,23598.75056,-24779.109462,4503.935724,0,true,true,1.0,-0.01,0
6,1025,51.25,44607.960798,51954.256294,59885.923338,43139.009042,22183.16312,-991.64808,-3597.787443,122.364367,17.962101,-16.992882,-113.328545,0.0,0.0,1.0,0.0,-1.329867,-0.279972,1.0,-28264.942967,-1214.463935,-100607.285004,100.0,1.0,2908.031063,41955.948095,-76597.536872,70.0,1.0,-17852.338048,17942.800421,-91051.644212,40.005126,40000.0,40000.0,40000.0,40000.0,6454.05957,6715.834961,7210.24707,35634.269531,38000.410156,40000.0,7831.17627,8679.02832,7834.964355,40000.0,38565.453125,40000.0,30417.453125,40000.0,40000.0,40000.0,40000.0,7563.760254,6165.376465,7067.005859,5000.0,23469.335419,-24702.797497,4942.894829,0,true,true,1.0,-0.01,0
6,1026,51.3,44641.699427,-58795.955721,60005.764124,-65344.773166,22180.794788,-1012.15883,-3595.223417,71.049979,18.129784,-18.06086,-113.916763,0.0,0.0,1.0,0.0,-0.909909,-0.209979,1.0,-26620.657975,-1336.342208,-101341.280168,100.0,1.0,3906.877242,41919.248005,-76703.387331,70.0,1.0,-16505.443241,17796.58218,-91605.838736,40.004136,40000.0,40000.0,40000.0,40000.0,6409.388184,6650.952637,7266.208984,35767.351562,40000.0,25253.298828,7875.128418,8842.637695,8073.821777,40000.0,40000.0,40000.0,30865.732422,33570.980469,40000.0,40000.0,40000.0,7531.562012,6087.070801,6924.194336,5000.0,23332.383108,-24623.299626,5389.922614,0,true,true,1.0,-0.01,0
6,1027,51.35,44711.278731,51884.67699,60245.010535,42899.762631,22181.338633,-1054.111047,-3586.105698,-34.402026,18.513878,-20.23872,-115.143105,0.0,0.0,1.0,0.0,-0.69993,-0.139986,1.0,-23189.020828,-1568.818677,-102734.766211,100.0,1.0,5977.901661,41856.094078,-76852.659647,70.0,1.0,-13689.641591,17512.969533,-92651.415612,40.002687,40000.0,40000.0,40000.0,40000.0,6483.294922,6532.046875,7256.633789,8431.018555,40000.0,22630.613281,8127.509277,9191.18457,8557.385742,40000.0,40000.0,26011.109375,40000.0,33208.132812,40000.0,40000.0,40000.0,7476.240723,5935.743164,6653.879395,5000.0,23029.176169,-24462.354294,6294.039534,0,true,true,1.0,-0.01,0
6,1028,51.4,44747.105789,-58831.782779,60364.333033,-65464.095664,22184.230303,-1074.811678,-3579.674738,-86.750092,18.729239,-21.342878,-115.774536,0.0,0.0,1.0,0.0,-0.769923,-0.069993,1.0,7042.836642,41830.089851,-76895.041466,70.0,1.0,-12230.629047,17379.43102,-93137.166586,40.002181,1.0,34159.018849,41939.062652,-65670.10927,40.0,40000.0,40000.0,40000.0,40000.0,6586.393066,6477.464355,7172.277344,8290.150391,40000.0,22517.587891,8333.413086,9376.944336,8815.612305,40000.0,40000.0,24717.96875,40000.0,33054.875,40000.0,40000.0,40000.0,7453.254883,5862.007812,6528.25,5000.0,22860.657918,-24383.375201,6747.402863,0,true,true,1.0,-0.01,0
6,1029,51.45,44783.621692,51848.161087,60483.398377,42780.697287,22188.873582,-1095.477046,-3571.960145,-139.298366,18.959934,-22.453274,-116.415924,0.0,0.0,1.0,0.0,-0.69993,-0.069993,1.0,8122.364758,41807.541425,-76915.401433,70.0,1.0,-10744.781602,17251.525284,-93595.806375,40.001774,1.0,34964.44029,42032.314026,-65109.119027,40.0,40000.0,40000.0,40000.0,40000.0,6697.557617,6426.916504,7092.307617,8155.40625,40000.0,22762.666016,8548.449219,9570.863281,9085.401367,40000.0,40000.0,23544.191406,40000.0,33105.382812,40000.0,40000.0,40000.0,7433.355957,5789.238281,6409.231445,5000.0,22680.422194,-24306.141429,7199.414518,0,true,true,1.0,-0.01,0
6,1030,51.5,44820.986996,-58869.148083,60602.092976,-65582.790262,22195.691106,-1120.959044,-3560.837773,-204.525681,19.207666,-23.577524,-117.07058,0.0,0.0,1.0,0.0,-0.769923,-0.069993,1.0,9232.104095,41784.554783,-76908.969879,70.0,1.0,-9222.975527,17117.257846,-94031.727439,40.001369,1.0,35778.147857,42126.448776,-64521.633243,40.0,40000.0,40000.0,40000.0,40000.0,6818.449219,6380.526367,7017.085938,8027.125,40000.0,23215.238281,8773.921875,9774.041992,9368.477539,38951.824219,40000.0,22715.048828,40000.0,33328.535156,40000.0,40000.0,40000.0,7397.569824,5717.919434,6295.377441,5000.0,22486.969839,-24230.795338,7653.347503,0,true,true,1.0,-0.01,0
6,1031,51.55,44898.080581,51771.067501,60838.235357,42544.554905,22215.445227,-1170.497036,-3534.140316,-333.002935,19.757128,-25.900284,-118.42131,0.0,0.0,1.0,0.0,-1.329867,0.069993,1.0,11556.566687,41785.293588,-76805.313154,70.0,1.0,-6006.210216,16870.177277,-94815.804885,40.000827,1.0,37471.87869,42308.42618,-63246.356161,40.0,40000.0,40000.0,40000.0,40000.0,40000.0,6302.646973,6883.220703,7791.90918,40000.0,24215.867188,40000.0,10085.036133,9982.039062,25237.189453,40000.0,23149.609375,40000.0,33241.644531,40000.0,40000.0,40000.0,7312.204102,5581.244141,6085.291504,5000.0,22049.184209,-24091.175729,8576.656248,0,true,true,1.0,-0.01,0
6,1032,51.6,44937.825924,-58908.893426,60955.573691,-65700.128596,22228.469167,-1192.36023,-3520.149841,-390.718166,19.856886,-27.160578,-119.103638,0.0,0.0,1.0,-1.0,-1.314552,0.365153,1.0,12882.371852,41500.983346,-76840.644601,70.0,1.0,-4211.864264,16437.575637,-95216.941984,40.000663,1.0,38433.647535,42157.425878,-62665.517132,40.0,40000.0,40000.0,40000.0,40000.0,40000.0,6275.367676,6829.654297,7724.679688,40000.0,24780.261719,26171.789062,10153.234375,10319.722656,24851.107422,40000.0,23504.025391,40000.0,33227.953125,40000.0,40000.0,40000.0,7277.101074,5517.875,5995.433594,5000.0,21780.650189,-24008.933609,9147.765343,0,true,true,1.0,-0.01,0
6,1033,51.65,44978.417896,51730.47553,61072.303225,42427.825371,22243.774698,-1217.759087,-3501.88584,-459.165902,19.745373,-28.3631,-119.780975,0.0,0.0,1.0,-1.0,-0.069993,-0.139986,1.0,14132.290961,40919.981542,-77015.839604,70.0,1.0,-2505.641273,15626.832587,-95638.073508,40.000509,1.0,39314.893546,41773.610647,-62264.913706,40.0,40000.0,40000.0,40000.0,40000.0,40000.0,6249.71875,6778.5,7810.808105,40000.0,25362.361328,24955.537109,10226.835938,10667.830078,24872.865234,40000.0,23927.511719,40000.0,33234.707031,40000.0,40000.0,40000.0,7237.664062,5451.253906,5910.822266,5000.0,21510.894751,-23885.352253,9782.400027,0,true,true,1.0,-0.01,0
6,1034,51.7,45019.736161,-58950.211691,61188.453356,-65816.278727,22261.07525,-1239.547881,-3484.503736,-519.016556,19.450979,-29.51819,-120.435684,0.0,0.0,1.0,-1.0,0.0,0.0,1.0,15316.984158,40092.425602,-77304.001783,70.0,1.0,-872.659243,14515.757124,-96057.82612,40.000406,1.0,40135.467207,41189.842724,-62013.878432,40.0,40000.0,40000.0,40000.0,40000.0,40000.0,6277.836914,6730.605469,7900.915039,40000.0,38019.191406,23891.884766,10308.889648,11024.915039,25177.544922,40000.0,24466.072266,40000.0,33277.746094,31489.630859,40000.0,40000.0,7190.699219,5379.896484,5835.199707,5000.0,21233.49634,-23727.147368,10465.432016,0,true,true,1.0,-0.01,0
6,1035,51.75,45061.763562,51688.448128,61303.981829,42312.296898,22280.362872,-1260.821974,-3465.854016,-578.628608,18.980247,-30.630009,-121.064735,0.0,0.0,1.0,-1.0,0.0,0.0,1.0,16445.935525,39024.911752,-77691.874471,70.0,1.0,689.686628,13108.685264,-96471.309462,40.000325,1.0,40902.322867,40415.689017,-61900.192139,40.0,11749.710938,40000.0,40000.0,40000.0,40000.0,6394.669434,6686.025391,7827.310547,9747.584961,38252.644531,23773.712891,10399.413086,11390.425781,25376.361328,40000.0,25102.816406,40000.0,33357.386719,30413.912109,30413.912109,40000.0,7135.007812,5303.314941,5768.334961,5000.0,20948.091661,-23531.306904,11193.071973,0,true,true,1.0,-0.01,0
6,1036,51.8,45147.890648,-59036.338776,61533.009158,-66045.306056,22324.908258,-1300.654772,-3426.328758,-693.803199,17.526245,-32.731964,-122.232567,0.0,0.0,1.0,-1.0,0.069993,0.0,1.0,18546.331559,36192.13717,-78716.568231,70.0,1.0,3606.074463,9445.360514,-97234.007435,40.000212,1.0,42291.216823,38319.261943,-62039.162302,40.0,10844.869141,40000.0,40000.0,40000.0,40000.0,6636.670898,6606.134277,7677.98291,9443.443359,38236.953125,24735.111328,10606.71582,11903.570312,25958.699219,38236.953125,26339.054688,38236.953125,33627.207031,28575.601562,28575.601562,40000.0,6992.640137,5132.080566,5659.144043,5000.0,20353.690731,-23012.904008,12766.3195,0,true,true,1.0,-0.01,0
6,1037,51.85,45191.880025,51644.458751,61646.508716,42198.797339,22349.939468,-1319.681265,-3404.98659,-750.936254,16.488422,-33.642723,-122.617065,0.0,0.0,1.0,-1.0,1.58143,1.189881,1.0,19421.517249,34430.823066,-79351.818617,70.0,1.0,4778.300677,7231.888526,-97565.123547,40.000172,1.0,42857.140004,36956.200773,-62339.682233,40.0,10609.529297,40000.0,40000.0,40000.0,40000.0,6744.044922,6570.824219,7619.044434,9330.967773,37273.640625,25183.125,10735.838867,12152.902344,26324.291016,37273.640625,26856.460938,37273.640625,33794.132812,27844.271484,27844.271484,40000.0,6868.990723,5019.715332,5639.125488,5000.0,20034.872888,-22721.295152,13555.300324,0,true,true,1.0,-0.01,0
6,1038,51.9,45236.457539,-59080.916289,61759.298456,-66158.095795,22376.800531,-1337.325326,-3383.692006,-805.831847,15.257572,-34.409245,-122.891243,0.0,0.0,1.0,-1.0,1.728215,0.40191,1.0,20096.893618,32452.705754,-80068.072896,70.0,1.0,5678.983589,4775.823584,-97853.95879,40.000141,1.0,43270.131476,35408.958796,-62809.240353,40.0,10460.853516,40000.0,40000.0,40000.0,40000.0,6837.465332,6532.150391,7561.666016,9230.655273,36494.773438,25589.380859,10868.367188,12393.209961,11805.618164,36494.773438,27282.347656,36494.773438,33666.355469,27250.414062,27250.414062,36494.773438,6709.600098,4933.548828,5631.276367,5000.0,19730.201253,-22391.857497,14328.67789,0,true,true,1.0,-0.01,0
6,1039,51.95,45327.361637,51553.554652,61982.579652,41975.516143,22436.245785,-1372.681091,-3336.78048,-922.298539,12.109001,-35.425484,-122.943321,0.0,0.0,1.0,-1.0,2.519303,1.22148,1.0,20746.479181,27773.042315,-81734.886819,70.0,1.0,6465.588,-897.399354,-98275.637606,40.000091,1.0,43580.519266,31638.968439,-64293.255253,40.0,10505.71582,40000.0,40000.0,40000.0,40000.0,8711.555664,6441.494141,7454.316895,9081.514648,35476.546875,26199.492188,11264.117188,12827.59375,12252.585938,35476.546875,27690.185547,35476.546875,34539.652344,26464.134766,26464.134766,9658.22168,6251.330078,4805.048828,5671.521484,5000.0,19163.183724,-21646.895497,15794.129827,0,true,true,1.0,-0.01,0
6,1040,52.0,45373.61336,-59127.168012,62093.095033,-66268.611176,22468.733221,-1387.55161,-3315.461258,-974.623012,10.375765,-35.636448,-122.714966,0.0,0.0,1.0,0.0,2.585486,0.950546,1.0,20657.936131,25335.651015,-82582.542661,70.0,1.0,43433.410849,29610.767115,-65200.786974,40.0,1.0,7479.812682,80208.32155,-82139.861341,40.0,10696.582031,40000.0,40000.0,40000.0,40000.0,9513.006836,6385.242188,7399.431641,9026.321289,35238.335938,26378.136719,11428.986328,13010.600586,27556.181641,35238.335938,27641.380859,35238.335938,35070.957031,26272.271484,26272.271484,9076.43457,5955.658691,4725.78125,5717.083496,5000.0,18916.655994,-21283.815316,16405.117277,0,true,true,1.0,-0.01,0
6,1041,52.05,45420.402487,51506.765525,62202.807955,41865.803221,22503.206697,-1403.673751,-3291.387486,-1034.204242,8.604201,-35.555992,-122.305298,0.0,0.0,1.0,0.0,3.376516,1.099331,1.0,20159.657531,22938.664668,-83431.800098,70.0,1.0,42973.724746,27564.084547,-66239.531713,40.0,1.0,7256.748756,77821.296404,-84455.037073,40.0,11012.957031,40000.0,40000.0,40000.0,40000.0,9880.040039,6314.956055,7336.255859,8975.75,35248.246094,26436.013672,11548.936523,13153.787109,27733.810547,35248.246094,27472.263672,35248.246094,35248.246094,26264.576172,26264.576172,8395.680664,5615.760254,4631.541992,5776.117676,5000.0,18723.693288,-20954.57852,16883.01621,0,true,true,1.0,-0.01,0
6,1042,52.1,45467.632903,-59174.398428,62311.847263,-66377.650484,22539.390042,-1416.912401,-3271.179078,-1085.500287,6.819666,-35.229794,-121.771141,0.0,0.0,1.0,0.0,3.173306,1.018592,1.0,19305.261319,20584.803661,-84270.380051,70.0,1.0,42241.319727,25505.767576,-67368.983839,40.0,1.0,4367.739468,-9234.157043,-98460.522932,40.0,40000.0,40000.0,40000.0,40000.0,40000.0,9805.767578,6232.45752,7264.275879,8924.873047,35469.113281,26397.498047,11631.234375,13262.229492,27992.832031,35469.113281,27085.683594,35469.113281,35469.113281,26413.164062,26413.164062,7674.049316,5251.708496,4525.430664,5843.044434,5000.0,18579.874207,-20653.809885,17253.822796,0,true,true,1.0,-0.01,0
6,1043,52.15,45563.363529,51411.034898,62529.070218,41648.580267,22612.601527,-1443.481392,-3263.15154,-1064.180847,3.293054,-33.920567,-120.477219,1.0,0.0,1.0,0.0,2.874051,0.804734,1.0,16636.054187,16025.219143,-85873.848184,70.0,1.0,40012.62022,21388.048608,-69818.696936,40.0,1.0,813.297351,-14282.382615,-98275.984085,40.0,40000.0,40000.0,40000.0,40000.0,40000.0,9570.013672,6111.438965,7092.007812,8806.098633,36533.738281,26098.072266,11790.787109,13389.001953,28184.96875,36533.738281,26983.027344,36533.738281,36533.738281,27172.476562,27172.476562,6977.678711,4501.59668,4285.311035,5987.112793,5000.0,18434.509911,-20130.812507,17720.348327,0,true,true,1.0,-0.01,0
6,1044,52.2,45611.987405,-59223.022303,62638.108729,-66486.688996,22645.87512,-1458.71619,-3271.155165,-998.207751,1.588706,-32.964252,-119.78125,1.0,0.0,1.0,0.0,2.764977,0.750494,1.0,14854.610742,13834.485491,-86625.173072,70.0,1.0,38529.242934,19349.541846,-71112.8125,40.0,1.0,-1491.191333,-16643.818378,-98075.168054,40.0,40000.0,40000.0,40000.0,40000.0,40000.0,9423.456055,6044.915527,6990.876953,8750.744141,37407.714844,25867.746094,11876.442383,13358.283203,28465.660156,37407.714844,27084.587891,37407.714844,37407.714844,27806.839844,27806.839844,6778.467285,4132.258301,4154.566406,6057.366211,5000.0,18432.695099,-19905.710041,17828.284573,0,true,true,1.0,-0.01,0
6,1045,52.25,45661.169781,51361.852522,62747.384516,41539.30448,22676.783361,-1475.471216,-3278.273447,-927.24718,-0.05575,-31.822462,-119.082581,1.0,0.0,1.0,0.0,2.546666,0.666051,1.0,12793.36748,11715.942377,-87321.884721,70.0,1.0,36803.781282,17339.254561,-72427.22733,40.0,1.0,-4114.846215,-18889.581628,-97784.825572,40.0,40000.0,40000.0,40000.0,40000.0,40000.0,9266.166992,5970.880859,6880.941406,8697.791992,38542.847656,25601.619141,11947.451172,13236.592773,29125.130859,38542.847656,27993.462891,37001.183594,38426.523438,28635.587891,40000.0,6154.226562,3898.827881,4019.059082,6123.089844,5000.0,18474.752804,-19705.582269,17859.084864,0,true,true,1.0,-0.01,0
6,1046,52.3,45761.140319,-59322.992841,62966.416781,-66705.72126,22731.815788,-1507.681016,-3287.417762,-790.991442,-3.14602,-29.119671,-117.729935,1.0,0.0,1.0,0.0,2.018904,0.633382,1.0,8015.857601,7709.268694,-88480.981351,70.0,1.0,32761.875763,13419.006026,-74989.416629,40.0,1.0,-10068.309897,-23010.823704,-96881.3497,40.0,40000.0,40000.0,40000.0,40000.0,40000.0,8947.324219,5815.992188,6647.518066,8565.179688,39300.757812,25031.363281,12062.289062,12974.138672,40000.0,40000.0,30471.171875,35022.53125,40000.0,30914.724609,40000.0,4930.780273,3609.565674,3914.388184,6242.802734,5000.0,18645.809697,-19379.104365,17740.275981,0,true,true,1.0,-0.01,0
6,1047,52.35,45812.010619,51310.982221,63076.08577,41429.635491,22755.525941,-1526.108942,-3290.069494,-711.30456,-4.579028,-27.5721,-117.091728,1.0,0.0,1.0,0.0,1.981753,0.621726,1.0,5320.610596,5840.811856,-88917.989574,70.0,1.0,30448.739417,11530.229172,-76210.547117,40.0,1.0,-11180.359865,49164.55377,-101031.63487,40.0,40000.0,40000.0,40000.0,40000.0,40000.0,8791.863281,5738.900879,6526.529785,8494.554688,39382.417969,25649.253906,12109.001953,12842.350586,40000.0,40000.0,40000.0,34136.8125,40000.0,40000.0,40000.0,4389.106934,3467.062744,3897.114746,6294.943848,5000.0,18768.609724,-19255.490673,17593.379684,0,true,true,1.0,-0.01,0
6,1048,52.4,45863.41111,-59374.393332,63185.77812,-66815.413611,22776.875607,-1542.014646,-3290.770335,-640.48994,-5.929354,-25.937691,-116.50927,1.0,0.0,1.0,0.0,1.663172,0.348106,1.0,2475.981674,4067.116301,-89245.817993,70.0,1.0,27983.953335,9704.292649,-77357.80157,40.0,1.0,-13831.675784,47348.964293,-101715.471931,40.0,40000.0,40000.0,40000.0,40000.0,40000.0,8646.400391,5665.963867,6403.717773,8424.780273,39092.972656,26375.128906,12149.4375,12721.959961,39632.980469,40000.0,40000.0,33784.75,40000.0,40000.0,7525.015137,3894.80249,3328.313477,3875.821533,6336.935059,5000.0,18909.661311,-19149.517597,17403.546026,0,true,true,1.0,-0.01,0
6,1049,52.45,45967.738422,51206.65491,63405.009051,41210.404559,22812.459026,-1571.962757,-3287.175212,-499.984808,-8.401091,-22.509302,-115.503738,1.0,0.0,1.0,0.0,0.839916,0.209979,1.0,-3492.86498,805.619325,-89544.905587,70.0,1.0,22728.022091,6252.891681,-79365.498026,40.0,1.0,-19469.084402,44005.621714,-102617.385414,40.0,40000.0,40000.0,40000.0,40000.0,40000.0,8392.757812,5538.507324,6161.235352,8297.485352,38540.960938,40000.0,12225.181641,12526.884766,38704.378906,40000.0,40000.0,32269.115234,40000.0,40000.0,5955.308105,3134.112549,3064.983154,3825.855225,6283.244141,5000.0,19213.476509,-18988.506527,16928.385024,0,true,true,1.0,-0.01,0
6,1050,52.5,46020.653457,-59427.308366,63514.421695,-66924.826255,22826.55705,-1587.450963,-3282.379145,-422.940688,-9.527535,-20.846703,-115.084137,1.0,0.0,1.0,0.0,0.0,0.069993,1.0,-6409.421688,-681.594791,-89523.238209,70.0,1.0,20114.53604,4643.993862,-80175.543699,40.0,1.0,-22235.32846,42472.871864,-102876.895887,40.0,40000.0,40000.0,40000.0,40000.0,40000.0,8291.741211,5488.920898,6046.975586,8247.512695,38312.867188,40000.0,12271.020508,12463.605469,40000.0,40000.0,40000.0,31637.642578,40000.0,40000.0,5766.119141,3003.256836,2942.716553,3800.143066,6135.491211,5000.0,19346.127166,-18924.219014,16685.978419,0,true,true,1.0,-0.01,0
6,1051,52.55,46074.008255,51153.300112,63623.640386,41101.185869,22838.390945,-1600.643858,-3276.560551,-355.016835,-10.592583,-19.24818,-114.713783,1.0,0.0,1.0,0.0,-0.209979,0.0,1.0,-9260.410365,-2073.273986,-89415.74512,70.0,1.0,17557.029795,3109.417774,-80858.512504,40.0,1.0,-24924.733176,41022.606248,-103039.637686,40.0,40000.0,40000.0,40000.0,40000.0,40000.0,8294.494141,5448.501465,5937.783203,8207.030273,25592.179688,40000.0,12323.586914,12422.353516,40000.0,40000.0,40000.0,31087.5,40000.0,40000.0,5346.085449,2879.445801,2826.230713,3774.562988,5994.15625,5000.0,19460.440088,-18866.49035,16452.36414,0,true,true,1.0,-0.01,0
6,1052,52.6,46180.657959,-59533.958071,63842.758954,-67143.944823,22865.617443,-1599.34323,-3290.602638,-424.576165,-12.600789,-16.499313,-113.93959,0.0,0.0,1.0,0.0,-1.469853,0.769923,1.0,-14228.056448,-4590.781803,-88976.09257,70.0,1.0,13020.475995,243.886392,-81786.61215,40.0,1.0,-29473.390042,38408.876128,-103215.401773,40.0,40000.0,40000.0,40000.0,40000.0,40000.0,8605.236328,5394.658691,5753.647949,8169.246582,37942.585938,40000.0,12499.729492,12395.848633,40000.0,40000.0,40000.0,30233.435547,40000.0,40000.0,3633.963135,2651.884521,2763.773926,3747.099854,5747.008789,5000.0,19524.64205,-18799.954126,16119.145282,0,true,true,1.0,-0.01,0
6,1053,52.65,46233.924338,51100.033733,63952.748162,40991.196661,22880.740455,-1597.991284,-3299.67607,-453.690344,-13.346808,-15.4971,-113.64576,0.0,0.0,1.0,0.0,0.0,0.0,1.0,-16146.957093,-5499.062661,-88743.591433,70.0,1.0,11225.938076,-812.984751,-82055.009579,40.0,1.0,-31215.706906,37464.775919,-103230.97449,40.0,40000.0,40000.0,40000.0,40000.0,40000.0,8816.400391,5444.04541,5667.986816,8096.345703,37918.773438,40000.0,12600.833984,12426.236328,40000.0,39967.472656,40000.0,30193.693359,40000.0,40000.0,2904.55957,2548.667969,2746.25,3735.408691,5621.381348,5000.0,19495.021802,-18783.894771,16006.676515,0,true,true,1.0,-0.01,0
6,1054,52.7,46287.125994,-59587.159727,64063.107386,-67254.304047,22896.82855,-1596.049577,-3310.776558,-482.642826,-13.887462,-14.759181,-113.440819,0.0,0.0,1.0,0.0,0.0,0.0,1.0,-17679.398671,-6152.63953,-88552.901662,70.0,1.0,9767.314752,-1575.724981,-82235.962686,40.0,1.0,-32609.792512,36781.139,-103219.809691,40.0,40000.0,40000.0,40000.0,40000.0,40000.0,9079.802734,5608.720215,5581.669922,7994.84375,37913.765625,40000.0,12699.848633,12484.989258,40000.0,39688.804688,40000.0,30191.751953,40000.0,40000.0,2667.092285,2451.015625,2729.510986,3721.076416,5628.006348,5000.0,19439.532319,-18771.824758,15921.423355,0,true,true,1.0,-0.01,0
6,1055,52.75,46393.339946,50993.819781,64284.796566,40769.507481,22931.085628,-1592.223621,-3330.19955,-523.425647,-14.621719,-13.742103,-113.173386,0.0,0.0,1.0,0.0,0.0,0.0,1.0,-20091.618368,-7025.333843,-88268.769336,70.0,1.0,7437.851279,-2600.504407,-82465.409087,40.0,1.0,-34825.661795,35861.907519,-103181.268735,40.0,40000.0,40000.0,40000.0,40000.0,40000.0,9686.87793,5968.007324,5430.279785,7772.923828,37932.59375,40000.0,12894.039062,12647.695312,40000.0,39351.382812,40000.0,30248.039062,40000.0,40000.0,2460.825439,2264.582764,2697.536133,3688.501953,5608.541504,5000.0,19283.961432,-18753.502777,15799.909306,0,true,true,1.0,-0.01,0
6,1056,52.8,46446.347159,-59640.16694,64396.120186,-67365.627667,22949.096243,-1590.216329,-3339.708421,-540.318431,-14.870239,-13.394045,-113.085762,0.0,0.0,1.0,0.0,0.0,0.0,1.0,-21067.419061,-7315.741459,-88167.451052,70.0,1.0,6480.176919,-2941.721523,-82541.81658,40.0,1.0,-35727.231948,35553.720296,-103162.103674,40.0,40000.0,40000.0,40000.0,40000.0,40000.0,40000.0,6158.020508,5442.042969,7655.391602,37950.769531,40000.0,12989.626953,12743.754883,40000.0,39252.472656,40000.0,30328.408203,40000.0,5551.734863,2361.433594,2232.814209,2682.08667,3670.999268,5590.072754,5000.0,19190.751447,-18746.175761,15756.479095,0,true,true,1.0,-0.01,0
6,1057,52.85,46499.282696,50940.884244,64507.773474,40657.854193,22967.645064,-1588.066018,-3349.598452,-556.464589,-15.061087,-13.125461,-113.019493,0.0,0.0,1.0,0.0,0.0,0.0,1.0,-21927.954783,-7536.803831,-88089.234076,70.0,1.0,5625.467078,-3200.095345,-82602.871468,40.0,1.0,-36523.11079,35317.819218,-103145.378823,40.0,40000.0,40000.0,40000.0,40000.0,40000.0,40000.0,6352.070312,5455.28418,7534.51709,37972.65625,40000.0,13084.378906,12846.724609,40000.0,39271.230469,40000.0,30523.53125,40000.0,5429.208984,2263.612305,2219.212891,2666.962158,3653.033203,5567.664551,5000.0,19089.94824,-18739.747214,15721.617468,0,true,true,1.0,-0.01,0
6,1058,52.9,46604.954075,-59745.838319,64731.972793,-67589.826986,23006.069631,-1583.992639,-3367.752125,-583.12469,-15.349276,-12.563622,-113.077042,0.0,0.0,1.0,0.0,0.279972,-0.279972,1.0,-23743.597166,-7960.400819,-87887.565541,70.0,1.0,3816.448845,-3623.923295,-82708.68151,40.0,1.0,-38359.772945,34833.874046,-103012.169824,40.0,40000.0,40000.0,40000.0,40000.0,40000.0,40000.0,6774.641602,5478.09375,7245.755859,37926.886719,40000.0,13222.998047,13073.432617,40000.0,39340.109375,40000.0,30796.787109,40000.0,2450.012207,2072.001953,2188.812012,2629.425781,3599.266602,5466.845215,5000.0,18961.778859,-18683.87508,15615.527565,0,true,true,1.0,-0.01,0
6,1059,52.95,46657.696793,50888.141527,64844.536091,40545.290895,23025.912281,-1582.281453,-3376.898759,-595.279464,-15.447922,-12.235384,-113.204124,0.0,0.0,1.0,0.0,0.559944,0.0,1.0,-24749.425027,-8167.017814,-87746.014649,70.0,1.0,2811.635533,-3795.19187,-82753.405249,40.0,1.0,-39452.7234,34583.030917,-102867.79647,40.0,40000.0,40000.0,40000.0,40000.0,40000.0,40000.0,7004.934082,5486.94873,7078.13916,37853.136719,40000.0,13263.887695,13196.24707,40000.0,39389.101562,40000.0,30868.167969,40000.0,2340.422607,1965.397461,2171.730225,2606.629639,3562.95166,5388.021484,5000.0,18941.744225,-18636.720553,15532.799777,0,true,true,1.0,-0.01,0
6,1060,53.0,46710.399279,-59798.540805,64957.379045,-67702.669941,23046.098027,-1581.074487,-3385.288458,-605.572359,-15.542183,-11.894032,-113.334137,0.0,0.0,1.0,0.0,0.349965,0.0,1.0,-25777.811032,-8366.533443,-87588.755441,70.0,1.0,1785.663566,-3961.28622,-82788.050099,40.0,1.0,-40572.356596,34340.816651,-102700.779112,40.0,40000.0,40000.0,40000.0,40000.0,40000.0,40000.0,7237.193359,5495.542969,6910.908203,37777.75,40000.0,13303.427734,13319.574219,40000.0,39453.96875,40000.0,30937.089844,40000.0,2230.728516,1962.600464,2154.799561,2584.008545,3526.941406,5309.932129,5000.0,18924.075857,-18591.519871,15445.253678,0,true,true,1.0,-0.01,0
6,1061,53.05,46815.730488,50782.810317,65183.935324,40318.734617,23087.413952,-1579.762779,-3402.253473,-623.677791,-15.719988,-11.218879,-113.589577,0.0,0.0,1.0,0.0,0.139986,0.0,1.0,-27819.938783,-8745.743425,-87246.126265,70.0,1.0,-259.152899,-4276.99307,-82824.885798,40.0,1.0,-42788.337012,33880.328454,-102328.131491,40.0,40000.0,40000.0,40000.0,40000.0,40000.0,40000.0,7596.408691,5504.566406,6582.060059,37635.179688,40000.0,13384.438477,13568.72168,40000.0,40000.0,40000.0,31081.382812,40000.0,2010.949585,1935.2771,2122.025391,2540.282471,3457.362305,5160.424805,5000.0,18882.588317,-18507.036375,15271.688083,0,true,true,1.0,-0.01,0
6,1062,53.1,46868.387627,-59851.197944,65297.620409,-67816.355025,23108.450781,-1579.714076,-3410.55236,-631.104832,-15.80582,-10.876267,-113.705582,0.0,0.0,1.0,0.0,0.209979,0.139986,1.0,-28844.999987,-8920.317843,-87058.636784,70.0,1.0,-1287.148787,-4426.931467,-82827.593442,40.0,1.0,-43889.943861,33670.162369,-102119.530147,40.0,40000.0,40000.0,40000.0,40000.0,40000.0,40000.0,7606.346191,5665.306152,6421.941895,37570.984375,40000.0,13428.063477,13692.935547,40000.0,40000.0,40000.0,31160.238281,2552.463623,1900.407715,1922.031128,2106.202637,2519.358154,3424.552734,5091.108398,5000.0,18856.79811,-18471.255767,15183.834654,0,true,true,1.0,-0.01,0
6,1063,53.15,46921.054879,50730.143065,65411.566056,40204.788969,23129.689697,-1580.017466,-3418.369247,-637.167452,-15.88905,-10.506516,-113.817444,0.0,0.0,1.0,0.0,0.489951,0.139986,1.0,-29910.60284,-9083.024575,-86848.35401,70.0,1.0,-2353.421296,-4571.216384,-82818.964582,40.0,1.0,-45030.371339,33476.4651,-101878.400524,40.0,40000.0,40000.0,40000.0,40000.0,40000.0,40000.0,7615.768555,5824.576172,6263.496582,37506.96875,40000.0,13471.749023,13816.268555,40000.0,40000.0,40000.0,31241.117188,2406.206787,1873.606445,1908.813843,2090.511475,2498.739746,3392.297607,5023.930176,5000.0,18832.958111,-18440.67404,15087.5176,0,true,true,1.0,-0.01,0
6,1064,53.2,47026.462399,-59956.605464,65640.207863,-68044.996832,23172.613292,-1581.561929,-3433.177953,-645.590686,-16.051916,-9.660699,-114.008965,0.0,0.0,1.0,0.0,0.489951,0.209979,1.0,-32191.90715,-9356.95433,-86343.715115,70.0,1.0,-4629.14248,-4839.725771,-82761.154053,40.0,1.0,-55538.105465,-39240.119025,-81880.935801,40.0,40000.0,40000.0,40000.0,40000.0,40000.0,40000.0,7887.352539,6140.047852,5974.114746,10562.941406,40000.0,13564.273438,14057.126953,40000.0,40000.0,40000.0,32251.453125,2109.76001,1849.453125,1882.539795,2059.771973,2458.780762,3331.131836,4899.951172,5000.0,18787.15308,-18403.188163,14863.906662,0,true,true,1.0,-0.01,0
6,1065,53.25,47079.219212,50677.386252,65754.875057,40090.121775,23194.206662,-1582.704311,-3440.01565,-647.801067,-16.130724,-9.190974,-114.095551,0.0,0.0,1.0,0.0,0.629937,0.209979,1.0,-33399.61133,-9471.296225,-86048.6822,70.0,1.0,-5831.343032,-4963.367988,-82709.008615,40.0,1.0,-56777.024692,-39373.260591,-81338.106319,40.0,40000.0,40000.0,40000.0,40000.0,40000.0,40000.0,8116.916992,6297.035645,5980.233887,10237.576172,40000.0,13611.880859,14176.03418,40000.0,40000.0,40000.0,32339.798828,1960.218018,1837.434448,1869.526367,2044.622559,2439.277832,3301.604004,4841.356445,5000.0,18766.357458,-18393.379094,14738.309202,0,true,true,1.0,-0.01,0
6,1066,53.3,47132.019302,-60009.405554,65869.751758,-68159.873533,23215.829768,-1584.002625,-3446.300834,-648.693164,-16.207832,-8.690235,-114.177765,0.0,0.0,1.0,0.0,0.629937,0.209979,1.0,-34652.204336,-9570.758318,-85723.05313,70.0,1.0,-7076.319611,-5079.593197,-82639.17729,40.0,1.0,-58060.673096,-39483.155759,-80754.267915,40.0,40000.0,40000.0,40000.0,40000.0,40000.0,40000.0,8346.272461,6453.783203,5986.441895,9918.941406,40000.0,13660.137695,14294.279297,40000.0,40000.0,40000.0,32430.123047,1924.198975,1825.414185,1856.622681,2029.617798,2420.083984,3252.897217,4784.39209,5000.0,18747.324213,-18388.838639,14603.622273,0,true,true,1.0,-0.01,0
6,1067,53.35,47237.784992,50571.620562,66100.15056,39859.722972,23258.997729,-1587.350612,-3459.056188,-646.694791,-16.355417,-7.538987,-114.340126,0.0,0.0,1.0,0.0,0.979902,0.139986,1.0,-37368.457338,-9720.538282,-84934.057344,70.0,1.0,-9776.704649,-5285.855849,-82429.880706,40.0,1.0,-60846.212724,-39638.304137,-79392.268155,40.0,40000.0,40000.0,40000.0,40000.0,40000.0,40000.0,8806.118164,6767.01709,5998.121094,9631.673828,40000.0,13754.975586,14529.220703,40000.0,40000.0,40000.0,2601.7854,1900.284058,1801.326172,1830.749634,1999.701782,2381.785156,3080.552002,4672.549316,5000.0,18726.15793,-18397.302614,14288.406299,0,true,true,1.0,-0.01,0
6,1068,53.4,47290.76838,-60062.388943,66215.675247,-68275.39822,23280.441622,-1589.501569,-3465.740427,-643.31676,-16.422073,-6.863745,-114.451401,0.0,0.0,1.0,0.0,1.259874,0.0,1.0,-38872.673221,-9784.153215,-84442.298138,70.0,1.0,-11275.611133,-5378.080882,-82277.746103,40.0,1.0,-62373.844062,-39707.634959,-78571.988455,40.0,40000.0,40000.0,40000.0,40000.0,40000.0,40000.0,9045.089844,6927.29541,6002.209961,9623.771484,40000.0,13793.34375,14650.033203,40000.0,40000.0,40000.0,2348.480957,1888.653198,1789.315308,1817.608887,1984.217041,2361.590332,2984.4021,4610.253906,5000.0,18738.391415,-18402.975663,14097.286292,0,true,true,1.0,-0.01,0
6,1069,53.45,47343.830875,50518.558067,66331.411475,39743.986744,23301.721049,-1591.874773,-3472.086665,-638.382764,-16.483877,-6.104359,-114.591591,0.0,0.0,1.0,0.0,1.461089,0.0,1.0,-40501.715709,-9841.809004,-83865.616763,70.0,1.0,-12900.171575,-5463.651565,-82082.744466,40.0,1.0,-64009.972127,-39770.785001,-77631.287041,40.0,40000.0,40000.0,40000.0,40000.0,40000.0,40000.0,40000.0,7091.555664,6004.953125,9611.994141,40000.0,13823.624023,14774.633789,40000.0,40000.0,40000.0,2142.531738,1877.31189,1777.406128,1804.312256,1968.290039,2340.495361,2888.010254,4542.006348,5000.0,18770.730827,-18408.547535,13877.337796,0,true,true,1.0,-0.01,0
6,1070,53.5,47450.220747,-60168.778814,66563.450232,-68507.436976,23343.593513,-1597.296039,-3483.340344,-624.066112,-16.769928,-4.406397,-114.9776,0.0,0.0,1.0,-1.0,1.19259,-0.271043,1.0,-44023.024353,-10219.406026,-82447.173249,70.0,1.0,-16424.31564,-5874.15578,-81535.424839,40.0,1.0,-67474.632492,-40150.091781,-75315.111129,40.0,40000.0,40000.0,40000.0,40000.0,40000.0,40000.0,40000.0,7438.059082,6047.782227,8951.662109,40000.0,14004.258789,15043.698242,40000.0,40000.0,40000.0,2124.816162,1856.400879,1754.381714,1777.772461,1935.526123,2295.640381,2695.238281,4387.08252,5000.0,18888.866723,-18366.00277,13427.350481,0,true,true,1.0,-0.01,0
6,1071,53.55,47503.58416,50465.194654,66679.751302,39627.685674,23364.039758,-1600.902315,-3489.031936,-613.387319,-17.17621,-3.479127,-115.246841,0.0,0.0,1.0,-1.0,1.30077,-0.43359,1.0,-45894.954825,-10815.713752,-81561.425021,70.0,1.0,-18312.527372,-6463.496875,-81151.472803,40.0,1.0,-69273.685867,-40732.512906,-73801.94459,40.0,40000.0,40000.0,40000.0,40000.0,40000.0,40000.0,40000.0,7625.352539,6187.505859,8560.075195,40000.0,14108.954102,15193.632812,40000.0,40000.0,40000.0,2117.687988,1847.29834,1743.486328,1764.572388,1918.496216,2271.474121,2598.874268,4297.054688,5000.0,18980.175757,-18269.248067,13255.548273,0,true,true,1.0,-0.01,0
6,1072,53.6,47610.732576,-60275.927229,66912.847656,-68740.53333,23403.648773,-1609.628841,-3498.865631,-586.803271,-18.48118,-1.504639,-115.949562,0.0,0.0,1.0,-1.0,1.145311,-0.482236,1.0,-49801.932573,-12742.607119,-79416.208463,70.0,1.0,-22284.854391,-8346.551154,-80123.410745,40.0,1.0,-72921.645178,-42576.217763,-70085.222842,40.0,40000.0,40000.0,40000.0,40000.0,40000.0,40000.0,40000.0,7702.029297,6485.711914,7746.458496,40000.0,14328.708984,15532.426758,40000.0,40000.0,40000.0,2109.164551,1832.226196,1723.395996,1738.605103,1883.567505,2219.994141,2474.578125,4095.16748,5000.0,19222.461797,-17937.044782,13007.424581,0,true,true,1.0,-0.01,0
6,1073,53.65,47664.558365,50411.368864,67029.609411,39510.923919,23422.692825,-1614.7736,-3502.852451,-571.321525,-19.368006,-0.486583,-116.41243,0.0,0.0,1.0,-1.0,1.070562,-0.856449,1.0,-51798.662553,-14051.567665,-78154.273149,70.0,1.0,-24333.649443,-9626.948579,-79462.407536,40.0,1.0,-74710.757104,-43833.087315,-67891.490773,40.0,40000.0,40000.0,40000.0,40000.0,40000.0,40000.0,40000.0,7700.679199,6647.981934,7321.408203,40000.0,14445.456055,15728.49707,40000.0,40000.0,40000.0,2108.664062,1826.745728,1714.381714,1725.832397,1865.426147,2192.118164,2429.534912,3980.535156,5000.0,19379.022132,-17695.844172,12927.646541,0,true,true,1.0,-0.01,0
6,1074,53.7,47718.609045,-60329.977909,67146.498606,-68857.422525,23441.083297,-1621.520314,-3506.675685,-551.714119,-20.421186,0.54162,-116.976807,0.0,0.0,1.0,-1.0,1.091704,-0.987732,1.0,-53803.658187,-15640.330162,-76735.301845,70.0,1.0,-26415.175608,-11150.934326,-78683.058517,40.0,1.0,-76449.264849,-45344.01104,-65447.664333,40.0,40000.0,40000.0,40000.0,40000.0,40000.0,40000.0,40000.0,7965.438965,6822.415527,6877.901855,40000.0,40000.0,15948.796875,40000.0,40000.0,3329.291504,2111.537598,1823.031738,1706.191284,1713.135864,1846.494629,2127.863525,2380.48291,3854.256348,5000.0,19566.653553,-17394.986782,12874.977645,0,true,true,1.0,-0.01,0
6,1075,53.75,47827.488448,50302.489461,67380.525034,39276.897491,23475.770452,-1637.614555,-3511.364658,-508.866184,-22.988064,2.578708,-118.389694,0.0,0.0,1.0,-1.0,0.774432,-0.956651,1.0,-57769.129383,-19498.515896,-73429.742503,70.0,1.0,-30592.260755,-14842.969054,-76734.320137,40.0,1.0,-79686.106862,-48960.817165,-59858.74782,40.0,40000.0,40000.0,40000.0,40000.0,40000.0,40000.0,40000.0,8539.360352,7211.664062,6823.686035,40000.0,40000.0,16467.089844,40000.0,40000.0,2786.444092,2127.466309,1820.918579,1692.39978,1688.288696,1807.052612,1957.30249,2273.377686,3580.146729,5000.0,20017.886213,-16630.476745,12834.619481,0,true,true,1.0,-0.01,0
6,1076,53.8,47882.40531,-60384.894772,67497.598068,-68974.495559,23491.936133,-1647.50578,-3512.190829,-484.970403,-24.499401,3.549809,-119.229431,0.0,0.0,1.0,-1.0,0.706193,-1.03575,1.0,-59669.538597,-21740.659114,-71545.401233,70.0,1.0,-32629.844005,-16992.970832,-75552.369646,40.0,1.0,-81130.336069,-51026.405721,-56736.435813,40.0,40000.0,40000.0,40000.0,40000.0,40000.0,40000.0,40000.0,8869.68457,7427.585938,6784.268555,40000.0,40000.0,16571.490234,40000.0,40000.0,2826.360596,2140.469238,1822.40271,1686.713989,1676.133545,1786.690918,1872.76001,2216.624023,3437.681641,5000.0,20272.595103,-16167.70265,12847.501026,0,true,true,1.0,-0.01,0
6,1077,53.85,47937.728488,50247.166284,67614.658587,39159.836972,23507.188212,-1659.695239,-3511.815385,-457.562335,-25.973408,4.487937,-120.167862,0.0,0.0,1.0,0.0,0.839916,-1.049895,1.0,-61508.100673,-23947.709865,-69559.254511,70.0,1.0,-34631.492564,-19091.166998,-74271.708347,40.0,1.0,-82448.837531,-53069.15594,-53544.204342,40.0,40000.0,40000.0,40000.0,40000.0,40000.0,40000.0,40000.0,9236.055664,7662.633789,6743.068848,40000.0,40000.0,16658.613281,40000.0,40000.0,2875.581543,2157.334229,1825.747437,1681.861206,1664.11084,1765.815674,1788.540527,2157.832031,3292.578857,5000.0,20548.639396,-15691.701815,12820.709944,0,true,true,1.0,-0.01,0
6,1078,53.9,48049.664732,-60496.831016,67848.574221,-69208.411193,23535.068619,-1686.105458,-3507.238663,-404.485746,-28.838276,6.241486,-122.253128,0.0,0.0,1.0,0.0,0.617449,-0.960476,1.0,-64957.218089,-28239.677026,-65338.975608,70.0,1.0,-38463.218183,-23143.201963,-71453.020173,40.0,1.0,-84696.271113,-57016.692258,-47029.19595,40.0,40000.0,40000.0,40000.0,40000.0,40000.0,40000.0,40000.0,40000.0,8116.882324,7014.882324,11082.311523,40000.0,16845.146484,29410.894531,40000.0,2999.459229,2200.896484,1837.017334,1674.30249,1640.775024,1710.747314,1624.554199,2039.325439,3010.608154,5000.0,21128.524753,-14719.334694,12673.07887,0,true,true,1.0,-0.01,0
6,1079,53.95,48106.422728,50190.408288,67965.325261,39043.085931,23547.547043,-1702.739795,-3502.531041,-374.352714,-30.229406,7.043056,-123.379562,0.0,0.0,1.0,0.0,0.489951,-0.69993,1.0,-66538.946588,-30322.029461,-63136.889423,70.0,1.0,-40267.207977,-25096.757339,-69938.309235,40.0,1.0,-85615.604755,-58926.240786,-43741.372293,40.0,40000.0,40000.0,40000.0,40000.0,40000.0,40000.0,40000.0,40000.0,8109.586914,7212.172363,10916.228516,40000.0,16946.306641,40000.0,40000.0,3074.413086,2227.16748,1844.640625,1671.29834,1629.510498,1630.984619,1593.064331,1980.644165,2876.51416,5000.0,21423.101488,-14226.992947,12559.197414,0,true,true,1.0,-0.01,0
6,1080,54.0,48221.731038,-60612.139326,68198.174722,-69441.260653,23569.530723,-1739.580389,-3488.785388,-313.857602,-32.925789,8.476985,-125.646309,0.0,0.0,1.0,0.0,0.139986,-0.209979,1.0,-69384.512314,-34258.301703,-58678.75817,70.0,1.0,-43589.647432,-28807.781504,-66788.50201,40.0,1.0,-87100.290336,-62472.357841,-37262.616415,40.0,40000.0,40000.0,40000.0,40000.0,40000.0,40000.0,40000.0,40000.0,8598.498047,8448.773438,10616.431641,40000.0,16636.962891,40000.0,40000.0,3240.989014,2283.375,1860.41687,1665.440063,1606.538696,1467.472168,1529.643677,1869.480591,2634.293457,5000.0,21970.446671,-13269.947543,12292.057508,0,true,true,1.0,-0.01,0
6,1081,54.05,48278.600284,50133.539041,68310.747511,38930.513142,23578.736271,-1760.12921,-3484.179356,-284.915917,-34.23671,9.108375,-126.802452,0.0,0.0,1.0,0.0,0.209979,-0.629937,1.0,-70638.236349,-36143.866722,-56430.087008,70.0,1.0,-45097.017958,-30586.909547,-65164.948092,40.0,1.0,-87646.154438,-64146.64332,-34074.87383,40.0,40000.0,40000.0,40000.0,40000.0,40000.0,40000.0,40000.0,40000.0,8923.326172,8677.399414,9467.952148,40000.0,16357.880859,17056.185547,40000.0,3334.366943,2314.518311,1869.426758,1662.922241,1595.454224,1386.453491,1498.784302,1816.602783,2523.697021,5000.0,22232.88614,-12797.297934,12138.195896,0,true,true,1.0,-0.01,0
6,1082,54.1,48337.956396,-60671.495437,68426.401209,-69556.914351,23587.183077,-1780.683261,-3469.610766,-253.404183,-35.530598,9.666235,-128.038849,0.0,0.0,1.0,0.0,0.510565,-1.340233,1.0,-71782.479266,-38057.393234,-54141.629878,70.0,1.0,-46519.027285,-32367.36274,-63492.429707,40.0,1.0,-88030.997222,-65866.92755,-30882.106865,40.0,40000.0,40000.0,40000.0,40000.0,40000.0,40000.0,40000.0,40000.0,9281.378906,8783.763672,8380.525391,40000.0,16200.783203,17087.949219,40000.0,3444.397217,2349.44458,1879.33374,1660.283813,1538.305054,1333.641846,1466.54248,1762.189575,2413.196533,5000.0,22500.375533,-12303.739452,11963.621557,0,true,true,1.0,-0.01,0
6,1083,54.15,48459.0583,50012.437138,68656.422446,38700.491906,23600.910169,-1829.686421,-3442.930537,-189.147855,-38.083492,10.531772,-130.802917,0.0,0.0,1.0,0.0,0.861648,-2.271617,1.0,-73658.767279,-42069.310223,-49441.910046,70.0,1.0,-49025.901307,-36010.226199,-60008.198177,40.0,1.0,-88188.409467,-69540.489396,-24482.691956,40.0,40000.0,40000.0,40000.0,40000.0,40000.0,40000.0,40000.0,40000.0,40000.0,8682.621094,8434.541992,40000.0,23511.40625,17740.351562,40000.0,3732.144531,2437.039307,1905.059448,1656.381958,1356.73645,1290.272095,1398.917236,1650.330566,2194.184814,5000.0,23069.864519,-11226.15725,11542.155459,0,true,true,1.0,-0.01,0
6,1084,54.2,48520.940788,-60733.377926,68770.653502,-69671.145408,23606.157781,-1856.474561,-3426.931512,-157.428337,-39.359486,10.818595,-132.43219,0.0,0.0,1.0,0.0,1.224857,-2.686783,1.0,-74348.922866,-44293.662648,-46966.72246,70.0,1.0,-50092.295041,-37961.035399,-58156.075482,40.0,1.0,-87852.086877,-71637.666996,-21201.08033,40.0,40000.0,40000.0,40000.0,40000.0,40000.0,40000.0,40000.0,40000.0,40000.0,8625.823242,8642.203125,40000.0,40000.0,18177.578125,40000.0,3937.501709,2497.102295,1923.713379,1656.30127,1263.623413,1267.060303,1362.617554,1591.012817,2081.859863,5000.0,23394.293346,-10603.621426,11271.689569,0,true,true,1.0,-0.01,0
6,1085,54.25,48647.943593,49885.434333,68997.028682,38474.116725,23613.226599,-1920.887548,-3385.028889,-90.275515,-41.88979,11.18174,-136.107117,0.0,0.0,1.0,0.0,1.119871,-1.390184,1.0,-75261.718749,-49040.584045,-41720.999667,70.0,1.0,-51898.822389,-42042.951024,-54201.088827,40.0,1.0,-86413.838188,-76167.851439,-14428.515509,40.0,40000.0,40000.0,40000.0,40000.0,40000.0,40000.0,40000.0,40000.0,40000.0,9162.344727,9113.540039,11801.545898,40000.0,18433.015625,40000.0,4503.351562,2657.325928,1974.290039,1572.785767,1237.10791,1218.773926,1287.431763,1470.455566,1862.12915,5000.0,24083.449872,-9233.051888,10585.803246,0,true,true,1.0,-0.01,0
6,1086,54.3,48713.1249,-60798.559233,69109.051163,-69783.167888,23615.188368,-1955.439108,-3360.674249,-58.853092,-43.129856,11.290399,-138.052475,0.0,0.0,1.0,0.0,1.116868,-1.288694,1.0,-75513.279922,-51442.306989,-38992.674107,70.0,1.0,-52652.417484,-44098.81988,-52125.57633,40.0,1.0,-85398.076819,-78443.21006,-10995.19283,40.0,40000.0,40000.0,40000.0,40000.0,40000.0,40000.0,40000.0,40000.0,40000.0,9563.512695,9378.71582,10925.631836,40000.0,18461.931641,40000.0,40000.0,2755.583008,2005.011841,1458.476562,1223.207275,1194.293091,1249.927979,1411.895264,1759.928955,5000.0,24417.009442,-8522.806868,10184.226906,0,true,true,1.0,-0.01,0
6,1087,54.35,48779.541977,49819.017256,69220.157619,38363.010269,23616.120415,-1992.512205,-3333.193515,-27.961395,-44.350235,11.349567,-140.057541,0.0,0.0,1.0,0.0,1.067986,-1.232291,1.0,-75618.181046,-53851.882608,-36207.677949,70.0,1.0,-53296.970747,-46158.741725,-49993.735895,40.0,1.0,-84182.521653,-80710.800092,-7547.173489,40.0,40000.0,40000.0,40000.0,40000.0,40000.0,40000.0,40000.0,40000.0,40000.0,10006.430664,9269.65918,8867.1875,40000.0,18012.972656,40000.0,40000.0,2871.741211,2039.763184,1346.279785,1209.03064,1169.49353,1212.470703,1354.569702,1662.696411,5000.0,24736.996299,-7799.047439,9746.547943,0,true,true,1.0,-0.01,0
6,1088,54.4,48916.124594,-60935.14185,69439.406069,-70002.416338,23615.196113,-2067.170152,-3273.676972,26.792285,-46.747379,11.279186,-144.319199,0.0,0.0,1.0,0.0,1.485941,-2.111601,1.0,-75295.45038,-58797.413165,-30438.650412,70.0,1.0,-54186.972761,-50371.007873,-45539.285229,40.0,1.0,-81007.00133,-85313.402175,-591.478744,40.0,40000.0,40000.0,40000.0,40000.0,40000.0,40000.0,40000.0,40000.0,40000.0,40000.0,9024.680664,9267.666992,40000.0,17427.796875,18410.898438,40000.0,3179.49292,2127.282227,1345.952515,1180.44165,1119.0802,1137.465576,1242.564209,1480.185669,5000.0,25338.7184,-6275.016525,8752.124887,0,true,true,1.0,-0.01,0
6,1089,54.45,48986.408796,49748.733054,69547.347549,38255.068789,23613.419562,-2108.525944,-3238.244216,53.29651,-47.942127,11.107415,-146.699615,0.0,0.0,1.0,0.0,2.092571,-3.000669,1.0,-74751.247723,-61473.035421,-27380.584034,70.0,1.0,-54359.097112,-52627.188025,-43161.427505,40.0,1.0,-78846.774391,-87792.58763,2991.2354,40.0,40000.0,40000.0,40000.0,40000.0,40000.0,40000.0,40000.0,40000.0,40000.0,40000.0,9405.966797,9501.933594,15000.392578,40000.0,18942.421875,40000.0,3404.121094,2188.340088,1349.263916,1166.848999,1093.543091,1099.423828,1186.608154,1391.902222,5000.0,25632.426145,-5424.361868,8165.326891,0,true,true,1.0,-0.01,0
6,1090,54.5,49058.104644,-61006.837698,69654.017155,-70109.085945,23610.824391,-2150.87533,-3200.088036,77.85513,-49.131676,10.855378,-149.259766,0.0,0.0,1.0,0.0,2.318196,-2.781834,1.0,-73926.748412,-64270.255362,-24183.999788,70.0,1.0,-54337.55354,-54978.027898,-40664.227629,40.0,1.0,-76267.917292,-90360.182276,6654.827925,40.0,40000.0,40000.0,40000.0,40000.0,40000.0,40000.0,40000.0,40000.0,40000.0,40000.0,9830.158203,9767.707031,12503.774414,40000.0,19333.201172,40000.0,3706.385986,2266.197998,1355.950317,1154.259888,1068.154785,1061.303833,1131.136597,1306.099243,5000.0,25912.253332,-4514.622851,7506.35205,0,true,true,1.0,-0.01,0
6,1091,54.55,49206.114449,49600.723249,69862.884592,38046.201353,23603.313633,-2243.211027,-3109.83086,123.393519,-51.469501,10.162977,-154.875351,0.0,0.0,1.0,0.0,2.310777,-2.191254,1.0,-71399.137621,-70079.931824,-17395.416605,70.0,1.0,-53697.267896,-59867.565466,-35314.1834,40.0,1.0,-69849.274815,-95566.372348,14164.439851,40.0,40000.0,40000.0,40000.0,40000.0,40000.0,40000.0,40000.0,40000.0,40000.0,40000.0,40000.0,9496.838867,9571.895508,40000.0,18776.042969,40000.0,4735.003906,2493.792969,1382.41748,1132.79248,1018.292908,985.821533,1022.911926,26073.287109,5000.0,26384.130048,-2553.540472,5959.482129,0,true,true,1.0,-0.01,0
6,1092,54.6,49282.482148,-61083.205396,69964.846179,-70211.047532,23598.541064,-2291.030841,-3058.847471,143.177058,-52.596859,9.745057,-157.836685,0.0,0.0,1.0,0.0,2.093686,-1.667194,1.0,-69720.541459,-72967.941836,-13891.216658,70.0,1.0,-53081.637387,-62320.216958,-32520.786941,40.0,1.0,-66104.691719,-98058.542232,17899.846868,40.0,40000.0,40000.0,40000.0,40000.0,40000.0,40000.0,40000.0,40000.0,40000.0,40000.0,40000.0,9560.230469,9791.439453,40000.0,18014.763672,19019.6875,40000.0,2654.847412,1402.374268,1123.57251,993.735962,948.777527,970.986511,40000.0,5000.0,26547.079604,-1540.16102,5096.234314,0,true,true,1.0,-0.01,0
6,1093,54.65,49360.63642,49522.568976,70064.782549,37946.264983,23593.113262,-2344.628057,-2998.090945,162.834043,-53.687157,9.287745,-160.875854,0.0,0.0,1.0,0.0,1.98915,-1.521114,1.0,-67765.390946,-75800.78769,-10353.516638,70.0,1.0,-52256.149125,-64744.040235,-29681.323052,40.0,1.0,-62026.508756,-100430.979642,21575.862673,40.0,40000.0,40000.0,40000.0,40000.0,40000.0,40000.0,40000.0,40000.0,40000.0,40000.0,40000.0,9988.348633,10046.363281,15250.899414,40000.0,19258.351562,40000.0,2862.112549,1427.319824,1115.042114,969.064819,911.818726,920.196838,40000.0,5000.0,26650.129343,-517.382749,4180.848833,0,true,true,1.0,-0.01,0
6,1094,54.7,49522.248267,-61244.817243,70258.093812,-70404.358795,23580.6162,-2452.094571,-2863.644951,195.371112,-55.723011,8.25271,-166.979156,0.0,0.0,1.0,0.0,1.211571,-0.931978,1.0,-63146.75949,-81149.130242,-3394.117352,70.0,1.0,-50002.605149,-69375.904936,-24052.979726,40.0,1.0,-35899.781981,-58416.620273,-43764.509134,40.0,25288.429688,40000.0,40000.0,40000.0,40000.0,40000.0,40000.0,40000.0,40000.0,40000.0,40000.0,40000.0,9928.154297,9940.756836,40000.0,19783.042969,40000.0,3481.170898,1490.191895,1096.78772,917.157593,837.089417,821.382874,40000.0,5000.0,26648.912101,1494.863217,2283.965023,0,true,true,1.0,-0.01,0
6,1095,54.75,49605.80621,49439.011032,70351.034883,37853.323912,23573.656194,-2506.738181,-2788.231999,208.800188,-56.662075,7.679127,-170.018494,0.0,0.0,1.0,0.0,1.191631,-0.93258,1.0,-60497.044659,-83620.33702,-50.06545,70.0,1.0,-48586.972687,-71560.227859,-21305.416983,40.0,1.0,-35698.373646,-60289.124096,-41601.427889,40.0,24900.857422,40000.0,40000.0,40000.0,40000.0,40000.0,40000.0,40000.0,40000.0,40000.0,40000.0,40000.0,9817.734375,10136.717773,40000.0,19284.84375,40000.0,3964.365723,1528.941528,1085.820679,888.808655,798.342896,40000.0,40000.0,5000.0,26542.555553,2474.392454,1318.699325,0,true,true,1.0,-0.01,0
6,1096,54.8,49691.043362,-61330.054394,70441.492487,-70494.816399,23566.344561,-2557.114404,-2713.727979,219.348979,-57.547226,7.074023,-173.030457,0.0,0.0,1.0,0.0,1.017462,-0.749709,1.0,-57655.221621,-85944.585425,3187.150222,70.0,1.0,-47000.05051,-73643.220056,-18621.429029,40.0,1.0,-35355.526594,-62112.185223,-39447.429136,40.0,40000.0,40000.0,40000.0,40000.0,40000.0,40000.0,40000.0,40000.0,40000.0,40000.0,40000.0,40000.0,10211.823242,10364.15332,40000.0,18520.642578,19535.646484,4676.556152,1573.684204,1072.932739,858.277527,758.288269,40000.0,40000.0,5000.0,26366.822076,3428.147502,353.906413,0,true,true,1.0,-0.01,0
6,1097,54.85,49864.632618,49265.421776,70611.597928,37683.218471,23551.014057,-2661.990361,-2547.913317,236.648798,-59.022575,5.893813,-178.412369,0.0,0.0,1.0,0.0,0.069993,-0.069993,1.0,-52096.348432,-89801.122,8789.389716,70.0,1.0,-43762.769653,-77182.579887,-13901.569461,40.0,1.0,-34429.867551,-65314.648528,-35542.616126,40.0,40000.0,40000.0,40000.0,40000.0,40000.0,40000.0,40000.0,40000.0,40000.0,40000.0,40000.0,40000.0,40000.0,10538.915039,13295.833984,40000.0,20217.017578,40000.0,1649.933838,1025.955933,783.165527,930.632812,2601.693848,40000.0,5000.0,25862.026478,5082.852139,-1366.227854,0,true,true,1.0,-0.01,0
6,1098,54.9,49954.892633,-61420.314409,70693.53039,-70576.748861,23542.985406,-2707.80032,-2457.973747,240.859524,-59.518959,5.442612,179.69928,0.0,0.0,1.0,0.0,0.0,0.0,1.0,-50079.910458,-91102.225039,10773.456506,70.0,1.0,-42580.114707,-78409.937408,-12198.786276,40.0,1.0,-34086.963531,-66470.898906,-34077.881319,40.0,40000.0,40000.0,40000.0,40000.0,40000.0,40000.0,40000.0,40000.0,40000.0,40000.0,40000.0,40000.0,40000.0,10382.193359,9872.705078,40000.0,20406.423828,40000.0,1632.163818,974.601013,735.035461,1121.34314,40000.0,40000.0,5000.0,25604.31097,5638.905547,-1947.128273,0,true,true,1.0,-0.01,0
6,1099,54.95,50139.74591,49080.568499,70848.984452,37527.764409,23526.593089,-2794.09965,-2289.275422,247.233528,-60.268459,4.681328,176.78392,0.0,0.0,1.0,0.0,-0.559944,0.0,1.0,-46911.966223,-93092.277532,13885.674242,70.0,1.0,-40716.265747,-80325.005915,-9492.138358,40.0,1.0,-33544.418268,-68326.776358,-31684.576791,40.0,40000.0,24208.984375,40000.0,40000.0,40000.0,40000.0,40000.0,40000.0,40000.0,40000.0,40000.0,40000.0,40000.0,10415.946289,10023.429688,40000.0,20439.029297,40000.0,1491.157837,817.425598,1004.245667,1461.832642,40000.0,40000.0,5000.0,25111.554188,6473.63333,-2803.127555,0,true,true,1.0,-0.01,0
6,1100,55.0,50234.307951,-61514.87645,70922.325878,-70650.090287,23518.293676,-2836.861076,-2200.242662,248.982386,-60.428741,4.279213,175.466797,0.0,0.0,1.0,1.0,-0.629937,0.069993,1.0,-45386.185563,-94033.98762,14991.415488,70.0,1.0,-39785.826148,-81175.966495,-8518.385167,40.0,1.0,-33219.019585,-69102.114067,-30792.718679,40.0,40000.0,24182.615234,40000.0,40000.0,40000.0,40000.0,40000.0,40000.0,40000.0,40000.0,40000.0,40000.0,40000.0,10652.0625,10178.178711,40000.0,20457.943359,32889.195312,1378.694458,913.685669,1125.975708,1609.638794,40000.0,40000.0,5000.0,24856.508648,6865.82888,-3152.175989,0,true,true,1.0,-0.01,0
6,1101,55.05,50330.335088,48984.541362,70992.490024,37457.600264,23509.96965,-2880.813946,-2104.924252,249.720771,-60.382584,3.89392,174.248535,0.0,0.0,1.0,1.0,-0.489951,0.349965,1.0,-43954.308443,-94948.972674,15694.124479,70.0,1.0,-38907.191574,-81936.961683,-7890.088276,40.0,1.0,-32905.929459,-69732.782473,-30184.67949,40.0,40000.0,24044.773438,40000.0,40000.0,40000.0,40000.0,40000.0,40000.0,40000.0,40000.0,40000.0,40000.0,40000.0,10889.607422,10335.927734,40000.0,20061.580078,32617.574219,1229.334229,1016.347168,1241.223389,1746.70874,40000.0,40000.0,5000.0,24601.833764,7236.663024,-3442.461675,0,true,true,1.0,-0.01,0
6,1102,55.1,50526.2103,-61710.751662,71124.085437,-70781.6857,23493.37744,-2956.884821,-1929.939879,248.330481,-59.750797,3.302687,172.107285,0.0,0.0,1.0,1.0,-0.435319,1.233404,1.0,-41572.15115,-96643.269122,16056.112318,70.0,1.0,-37506.673602,-83166.45219,-7519.413997,40.0,1.0,-32505.178456,-70559.355314,-29710.78124,40.0,40000.0,23836.496094,40000.0,40000.0,40000.0,40000.0,40000.0,40000.0,40000.0,40000.0,40000.0,40000.0,40000.0,11364.314453,10657.46875,40000.0,19483.025391,32330.255859,1100.862671,1211.477905,1457.189331,1998.853271,40000.0,40000.0,5000.0,24114.623663,7875.365806,-3872.669648,0,true,true,1.0,-0.01,0
6,1103,55.15,50626.034086,48884.717576,71185.348617,37396.337083,23485.159403,-2994.713448,-1837.895321,246.541106,-59.168999,3.135153,171.21611,0.0,0.0,1.0,1.0,-0.508268,1.379585,1.0,-40719.30013,-97397.917652,15705.167972,70.0,1.0,-37063.518192,-83608.129449,-7789.691894,40.0,1.0,-32484.678423,-70732.721561,-29851.200101,40.0,40000.0,23949.357422,40000.0,40000.0,40000.0,40000.0,40000.0,40000.0,40000.0,40000.0,40000.0,40000.0,40000.0,11594.801758,10817.672852,40000.0,19574.0625,33319.261719,1191.278809,1304.90625,1560.055176,2118.763672,40000.0,40000.0,5000.0,23894.277631,8127.818365,-4006.76649,0,true,true,1.0,-0.01,0
6,1104,55.2,50829.130368,-61913.847944,71299.101661,-70895.438744,23468.937871,-3062.753052,-1663.879311,242.221983,-57.52462,2.983142,169.668045,0.0,0.0,1.0,1.0,-0.139986,0.489951,1.0,-39487.686265,-98808.475185,14053.169735,70.0,1.0,-36546.432312,-84234.161539,-9131.092262,40.0,1.0,-32706.067719,-70682.358513,-30796.074924,40.0,40000.0,40000.0,40000.0,40000.0,40000.0,40000.0,40000.0,40000.0,40000.0,40000.0,40000.0,40000.0,40000.0,40000.0,11136.439453,15282.583984,19769.708984,20626.410156,1365.288208,1483.746948,1755.766724,2338.335449,40000.0,40000.0,5000.0,23487.321332,8557.560923,-4145.689094,0,true,true,1.0,-0.01,0
6,1105,55.25,50932.242085,48781.605858,71351.825973,37343.61277,23460.937911,-3093.351352,-1581.729299,239.998783,-56.484604,2.973539,168.967819,0.0,0.0,1.0,1.0,0.0,0.559944,1.0,-39032.925589,-99479.867567,12799.00466,70.0,1.0,-36416.23511,-84439.655638,-10157.179953,40.0,1.0,-32910.688148,-70484.650282,-31558.372685,40.0,40000.0,40000.0,40000.0,40000.0,40000.0,40000.0,40000.0,40000.0,40000.0,40000.0,40000.0,40000.0,40000.0,40000.0,11295.819336,15194.664062,26643.064453,20665.283203,1448.983032,1569.357666,1848.46228,4340.866699,40000.0,40000.0,5000.0,23294.582361,8753.033052,-4162.668271,0,true,true,1.0,-0.01,0
6,1106,55.3,51036.403509,-62018.009368,71401.642253,-70945.255023,23453.015868,-3124.842552,-1494.488309,237.661278,-55.296993,3.017087,168.320389,0.0,0.0,1.0,1.0,0.0,0.629937,1.0,-38703.388772,-100109.375505,11251.799964,70.0,1.0,-36386.388351,-84553.461691,-11425.777658,40.0,1.0,-33193.322834,-70155.854649,-32511.839912,40.0,40000.0,40000.0,40000.0,40000.0,40000.0,40000.0,40000.0,40000.0,40000.0,40000.0,40000.0,40000.0,40000.0,40000.0,11454.447266,13831.994141,40000.0,1522.17749,1530.48584,1652.062134,1938.08667,4414.305176,40000.0,40000.0,5000.0,23111.002529,8932.37315,-4145.146999,0,true,true,1.0,-0.01,0
6,1107,55.35,51247.440343,48570.569025,71493.444721,37251.810302,23437.360654,-3178.63453,-1338.505122,233.96452,-52.537865,3.177903,167.116043,0.0,0.0,1.0,1.0,0.069993,0.209979,1.0,-38237.837468,-101264.730048,7386.180383,70.0,1.0,-36481.077397,-84558.251126,-14576.3072,40.0,1.0,-33866.661896,-69167.764917,-34899.700476,40.0,40000.0,40000.0,40000.0,40000.0,40000.0,40000.0,40000.0,40000.0,40000.0,40000.0,40000.0,40000.0,40000.0,40000.0,11771.71582,11851.277344,40000.0,1687.445312,1687.265381,1810.458374,2108.02124,4555.392578,40000.0,40000.0,5000.0,22755.790954,9281.368704,-4017.686007,0,true,true,1.0,-0.01,0
6,1108,55.4,51354.284291,-62124.853316,71535.359916,-70987.170218,23429.613375,-3205.318289,-1257.455784,232.418347,-50.967968,3.313854,166.562119,0.0,0.0,1.0,1.0,0.139986,0.419958,1.0,-38130.568227,-101749.045955,5072.507542,70.0,1.0,-36631.272397,-84411.499163,-16450.973706,40.0,1.0,-34285.023829,-68481.494742,-36316.14282,40.0,40000.0,40000.0,40000.0,40000.0,40000.0,40000.0,40000.0,40000.0,40000.0,40000.0,40000.0,40000.0,40000.0,40000.0,11882.916016,11857.806641,40000.0,1767.255005,1762.578247,1886.129272,2188.695801,4623.808594,40000.0,40000.0,5000.0,22586.63015,9443.200724,-3911.508812,0,true,true,1.0,-0.01,0
6,1109,55.45,51570.417176,48354.43614,71611.459521,37175.710697,23414.213141,-3253.475251,-1104.434049,230.724815,-47.468449,3.80919,165.599854,0.0,0.0,1.0,1.0,0.367748,1.164535,1.0,-38376.546165,-102376.850459,-233.765802,70.0,1.0,-37328.921276,-83692.755132,-20704.531975,40.0,1.0,-35451.272731,-66618.90181,-39501.72077,40.0,40000.0,40000.0,40000.0,40000.0,40000.0,40000.0,40000.0,40000.0,40000.0,40000.0,40000.0,40000.0,40000.0,40000.0,11978.259766,11917.166992,40000.0,1921.388306,1907.853027,2032.021973,3316.810547,4762.979492,40000.0,40000.0,5000.0,22283.186611,9691.640067,-3635.550739,0,true,true,1.0,-0.01,0
6,1110,55.5,51679.717271,-62234.153411,71645.447575,-71021.158272,23406.515792,-3279.002666,-1019.641576,230.920448,-45.733025,4.213881,165.233444,0.0,0.0,1.0,0.0,0.383198,1.447637,1.0,-37964.943976,-83124.50349,-22782.903335,40.0,1.0,-36272.872983,-65523.100251,-41019.152489,40.0,1.0,71314.102687,-80417.841021,-37094.878702,38.295926,40000.0,40000.0,40000.0,40000.0,40000.0,40000.0,40000.0,40000.0,40000.0,40000.0,40000.0,40000.0,40000.0,40000.0,12047.292969,13682.101562,40000.0,1995.387329,1977.997681,2102.956787,3777.316895,4838.581543,40000.0,40000.0,5000.0,22159.067299,9742.585026,-3504.426542,0,true,true,1.0,-0.01,0
6,1111,55.55,51789.731324,48244.422087,71677.001947,37144.156325,23398.779124,-3300.421412,-946.631097,232.10003,-44.056549,4.725782,164.964218,0.0,0.0,1.0,0.0,0.349333,1.746667,1.0,-38815.301694,-82435.695263,-24738.724975,40.0,1.0,-37262.934471,-64343.878097,-42422.90121,40.0,1.0,70325.031733,-79694.785343,-39945.42603,38.600591,40000.0,40000.0,40000.0,40000.0,40000.0,40000.0,40000.0,40000.0,40000.0,40000.0,40000.0,40000.0,40000.0,40000.0,12126.601562,13430.919922,40000.0,2067.445801,2046.863037,2173.341064,3850.769775,4921.120605,40000.0,40000.0,5000.0,22056.457827,9736.94147,-3387.445866,0,true,true,1.0,-0.01,0
6,1112,55.6,52005.227316,-62449.649403,71727.273638,-71071.429964,23375.905082,-3211.022363,-694.835088,378.696933,-40.866905,6.057949,164.766632,1.0,0.0,1.0,0.0,0.276257,1.657539,1.0,-41150.701756,-80666.076813,-28334.208858,40.0,1.0,-39728.433427,-61711.967205,-44933.217299,40.0,1.0,67698.581143,-78620.397164,-45379.697083,39.064177,40000.0,40000.0,40000.0,40000.0,40000.0,40000.0,40000.0,40000.0,40000.0,40000.0,40000.0,40000.0,40000.0,40000.0,12400.838867,13843.238281,2385.649414,2197.822754,2174.00293,2306.140869,4000.030518,5090.390625,40000.0,40000.0,5000.0,21923.068292,9551.702603,-3208.139253,0,true,true,1.0,-0.01,0
6,1113,55.65,52110.777071,48138.872331,71746.478471,37124.951492,23360.753244,-3166.492502,-576.14496,454.555126,-39.345818,6.837613,164.81958,1.0,0.0,1.0,0.0,0.284621,1.626407,1.0,-42566.901749,-79609.406278,-29974.231492,40.0,1.0,-41144.213789,-60278.280392,-46042.999537,40.0,1.0,66122.450901,-78217.084902,-47968.439799,39.239188,40000.0,40000.0,40000.0,40000.0,40000.0,40000.0,40000.0,40000.0,40000.0,40000.0,40000.0,40000.0,40000.0,40000.0,12520.084961,14450.412109,2450.06543,2256.806885,2232.863037,2369.220703,4076.220703,40000.0,40000.0,40000.0,5000.0,21883.659779,9390.260449,-3146.126352,0,true,true,1.0,-0.01,0
6,1114,55.7,52214.894725,-62553.767057,71762.016354,-71086.967846,23343.102058,-3123.529461,-466.136444,529.535543,-37.868389,7.66918,164.966873,1.0,0.0,1.0,0.0,0.206011,1.442075,1.0,-44111.428729,-78451.130777,-31511.94549,40.0,1.0,-42647.631227,-58775.00093,-47061.659199,40.0,1.0,64404.298515,-77875.598511,-50469.793081,39.379299,40000.0,40000.0,40000.0,40000.0,40000.0,40000.0,40000.0,40000.0,40000.0,40000.0,40000.0,40000.0,40000.0,40000.0,12646.696289,15349.580078,2508.101318,2311.986328,2289.01123,2545.029785,4153.990723,40000.0,40000.0,40000.0,5000.0,21857.943945,9191.861722,-3100.689192,0,true,true,1.0,-0.01,0
6,1115,55.75,52418.845712,47934.921345,71782.736706,37104.23114,23300.094913,-3039.122077,-263.668063,681.879577,-35.028023,9.44981,165.547913,1.0,0.0,1.0,0.0,0.139986,1.259874,1.0,-47528.874717,-75831.983099,-34292.891566,40.0,1.0,-45863.132998,-55560.015247,-48840.833652,40.0,1.0,60584.507556,-77354.251794,-55200.797211,39.589086,40000.0,40000.0,40000.0,40000.0,40000.0,40000.0,40000.0,40000.0,40000.0,40000.0,40000.0,40000.0,40000.0,40000.0,13024.978516,16294.06543,2608.672852,2411.733887,2394.163818,3372.565674,4317.044434,40000.0,40000.0,40000.0,5000.0,21840.427713,8693.777199,-3055.437366,0,true,true,1.0,-0.01,0
6,1116,55.8,52518.849096,-62653.770441,71788.631392,-71092.862532,23274.942313,-3000.101369,-176.840559,754.577966,-33.65826,10.350106,165.935196,1.0,0.0,1.0,0.0,0.069993,0.769923,1.0,-49303.232671,-74419.64591,-35547.282324,40.0,1.0,-47496.469246,-53888.899596,-49614.426054,40.0,1.0,58577.032792,-77094.827804,-57436.843782,39.661937,40000.0,40000.0,40000.0,40000.0,40000.0,40000.0,40000.0,40000.0,40000.0,40000.0,40000.0,40000.0,40000.0,40000.0,13231.977539,16604.609375,2652.759277,2457.248779,2443.697266,3807.293213,4401.135742,40000.0,40000.0,40000.0,5000.0,21836.811559,8419.774632,-3051.905196,0,true,true,1.0,-0.01,0
6,1117,55.85,52712.270814,47741.499627,71792.464069,37100.398462,23218.160175,-2928.480848,-23.599577,898.940128,-31.214027,11.894254,166.849152,1.0,0.0,1.0,0.0,-0.209979,0.209979,1.0,-52588.449686,-71684.839248,-37730.698055,40.0,1.0,-50444.20186,-50751.705222,-50943.346932,40.0,1.0,54847.52269,-76618.120945,-61200.732563,39.769262,40000.0,40000.0,40000.0,40000.0,40000.0,40000.0,40000.0,40000.0,40000.0,40000.0,40000.0,40000.0,40000.0,40000.0,13670.554688,17284.083984,2727.254395,2537.721924,2534.354492,3930.065186,4568.525879,40000.0,40000.0,40000.0,5000.0,21824.185711,7884.004688,-3032.70059,0,true,true,1.0,-0.01,0
6,1118,55.9,52808.556134,-62750.055761,71790.905389,-71091.303851,23185.841472,-2888.559457,46.760419,969.561045,-29.953936,12.465694,167.351562,1.0,0.0,1.0,1.0,-0.909909,-0.209979,1.0,-51678.980868,-49174.277028,-51733.71457,40.0,1.0,53251.203174,-76182.643149,-62942.023752,39.810296,1.0,24994.409201,-70415.287735,-59055.982403,0.0,40000.0,40000.0,40000.0,40000.0,40000.0,40000.0,40000.0,40000.0,40000.0,40000.0,40000.0,40000.0,40000.0,40000.0,13897.239258,17909.753906,2758.649902,2573.3396,2722.699463,3988.398438,4650.70752,40000.0,40000.0,40000.0,5000.0,21809.335355,7649.572143,-2968.351622,0,true,true,1.0,-0.01,0
6,1119,55.95,52903.647224,47646.408537,71787.181195,37104.122656,23151.134572,-2852.732556,111.72581,1041.206959,-28.557198,12.882867,167.833206,1.0,0.0,1.0,1.0,-1.342638,-1.018553,1.0,-52715.454604,-47522.821979,-52714.456705,40.0,1.0,51905.768339,-75441.40735,-64762.692465,39.843967,1.0,23708.935752,-69411.506317,-60702.13118,0.0,40000.0,40000.0,40000.0,40000.0,40000.0,40000.0,40000.0,40000.0,40000.0,40000.0,40000.0,40000.0,40000.0,40000.0,14116.78418,40000.0,2786.461914,2605.525391,2958.695068,4042.232666,4727.591309,40000.0,40000.0,40000.0,5000.0,21784.455028,7460.459227,-2852.609119,0,true,true,1.0,-0.01,0
6,1120,56.0,53090.328154,-62936.736691,71773.763852,-71077.886509,23074.474775,-2784.303319,227.497562,1183.561432,-25.337969,13.390847,168.869034,1.0,0.0,1.0,1.0,0.0,0.0,1.0,-54404.325517,-43803.418451,-55168.365304,40.0,1.0,49676.511593,-73217.28954,-68656.001863,39.89499,1.0,21578.673999,-66748.427847,-64317.967214,0.0,40000.0,40000.0,40000.0,40000.0,40000.0,40000.0,40000.0,40000.0,40000.0,40000.0,40000.0,40000.0,40000.0,40000.0,14528.181641,3261.498047,2830.217529,2659.758301,3448.417969,4141.915527,34303.304688,40000.0,40000.0,40000.0,5000.0,21730.422319,7133.914562,-2488.699951,0,true,true,1.0,-0.01,0
6,1121,56.05,53182.033132,47554.703559,71764.458181,37113.428327,23032.606856,-2751.149204,279.170124,1256.037503,-23.539951,13.610444,169.369858,1.0,0.0,1.0,1.0,0.0,0.0,1.0,-55197.740567,-41716.026935,-56481.222846,40.0,1.0,48617.959348,-71745.373728,-70816.497744,39.91457,1.0,20569.559146,-65090.142243,-66308.323862,0.0,40000.0,40000.0,40000.0,40000.0,40000.0,40000.0,40000.0,40000.0,40000.0,40000.0,40000.0,40000.0,40000.0,40000.0,14578.137695,3273.432373,2848.983154,2683.900146,3699.227051,4188.511719,34400.59375,40000.0,40000.0,40000.0,5000.0,21697.268718,6986.205543,-2295.117224,0,true,true,1.0,-0.01,0
6,1122,56.1,53362.590129,-63117.293688,71741.79869,-71055.227017,22942.351371,-2694.589798,358.350034,1386.012998,-20.105833,13.95196,170.256577,1.0,0.0,1.0,0.0,0.0,0.0,1.0,-56628.68364,-37668.316616,-58868.011303,40.0,1.0,46714.63611,-68620.920244,-74877.911885,39.941243,1.0,18755.974763,-61674.633429,-70023.947717,0.0,40000.0,40000.0,40000.0,40000.0,40000.0,40000.0,40000.0,40000.0,40000.0,40000.0,40000.0,40000.0,40000.0,40000.0,14678.594727,3295.031006,2882.729004,2832.849121,3919.901367,4272.786133,34802.71875,40000.0,40000.0,40000.0,5000.0,21610.314826,6729.795773,-1945.703732,0,true,true,1.0,-0.01,0
6,1123,56.15,53451.431272,47465.862416,71728.637241,37126.589776,22893.802334,-2665.234129,394.843435,1456.471036,-18.927471,14.055571,170.565628,1.0,0.0,1.0,0.0,0.0,0.0,1.0,-57226.230856,-36252.190786,-59675.682465,40.0,1.0,45956.024818,-67519.783429,-76262.797564,39.952375,1.0,18025.446354,-60456.26271,-71292.604009,0.0,40000.0,40000.0,40000.0,40000.0,40000.0,40000.0,40000.0,40000.0,40000.0,40000.0,40000.0,40000.0,40000.0,40000.0,14732.706055,3307.536133,2898.849121,2978.418213,3945.179688,4307.168945,34944.96875,40000.0,40000.0,40000.0,5000.0,21548.533632,6636.556699,-1839.33604,0,true,true,1.0,-0.01,0
6,1124,56.2,53539.405259,-63205.267676,71714.467575,-71041.057351,22843.12953,-2639.21949,425.089974,1520.184035,-17.996939,14.132468,170.811249,1.0,0.0,1.0,0.0,0.0,0.0,1.0,-57774.594704,-35124.863956,-60324.386949,40.0,1.0,45280.717544,-66640.740277,-77368.775714,39.960749,1.0,17371.525005,-59478.153025,-72306.994802,0.0,40000.0,40000.0,40000.0,40000.0,40000.0,40000.0,40000.0,40000.0,40000.0,40000.0,40000.0,40000.0,40000.0,40000.0,14788.362305,3320.601318,2914.418945,3119.890869,3968.04126,4337.548828,35058.6875,40000.0,40000.0,40000.0,5000.0,21478.676807,6561.014301,-1764.070495,0,true,true,1.0,-0.01,0
6,1125,56.25,53709.575007,47295.692668,71684.106291,37156.95106,22737.755195,-2595.285504,476.584777,1642.604009,-16.679756,14.233859,171.161118,1.0,0.0,1.0,0.0,0.0,0.0,1.0,-58755.607591,-33516.38574,-61298.813859,40.0,1.0,44122.985606,-65399.364264,-78989.01437,39.973013,1.0,16240.334084,-58070.394246,-73801.385009,0.0,40000.0,40000.0,40000.0,40000.0,40000.0,40000.0,40000.0,40000.0,40000.0,40000.0,40000.0,40000.0,40000.0,15264.620117,14900.087891,3346.630127,2943.156738,3387.251709,4007.051025,4388.080566,35221.046875,40000.0,40000.0,40000.0,5000.0,21325.627947,6451.139681,-1680.71493,0,true,true,1.0,-0.01,0
6,1126,56.3,53795.080729,-63290.773397,71667.362987,-71024.314047,22680.86635,-2565.171522,502.299079,1706.665259,-16.107662,14.307547,171.339951,1.0,0.0,1.0,0.0,0.279972,0.419958,1.0,-59280.793319,-32781.29667,-61715.08569,40.0,1.0,43496.830712,-64897.574108,-79723.73317,39.978477,1.0,15629.970789,-57463.629398,-74473.014936,0.0,40000.0,40000.0,40000.0,40000.0,40000.0,40000.0,40000.0,40000.0,40000.0,40000.0,40000.0,40000.0,40000.0,15313.588867,14956.723633,3358.251465,2956.356934,3523.10498,4025.726562,4412.601562,35306.671875,40000.0,40000.0,40000.0,5000.0,21247.562098,6390.940654,-1662.936084,0,true,true,1.0,-0.01,0
6,1127,56.35,53963.881453,47126.891944,71631.844314,37192.469733,22561.404687,-2521.224326,542.193265,1819.718365,-14.943797,14.768579,171.994904,1.0,0.0,1.0,0.0,0.809676,1.73502,1.0,-60772.919035,-30966.943287,-62274.04732,40.0,1.0,41514.554962,-64183.525899,-81318.038513,39.985448,1.0,13753.82558,-56377.366858,-75826.891961,0.0,40000.0,40000.0,40000.0,40000.0,40000.0,40000.0,40000.0,40000.0,40000.0,40000.0,40000.0,40000.0,40000.0,15386.313477,15069.601562,3371.599365,2980.42334,3822.748291,4070.896729,4477.330078,35486.6875,40000.0,40000.0,40000.0,5000.0,21123.085213,6139.91355,-1727.783385,0,true,true,1.0,-0.01,0
6,1128,56.4,54047.116963,-63374.008907,71613.135039,-71005.604772,22498.673211,-2497.065164,561.278221,1881.944202,-14.344136,15.098509,172.497055,1.0,0.0,1.0,0.0,0.438254,1.713174,1.0,-61673.602337,-29875.136705,-62470.901533,40.0,1.0,40231.919339,-63980.926233,-82127.516319,39.988407,1.0,12557.74785,-55890.095954,-76489.939706,0.0,40000.0,40000.0,40000.0,40000.0,40000.0,40000.0,40000.0,40000.0,40000.0,40000.0,40000.0,40000.0,40000.0,15403.975586,15121.857422,3372.009277,3113.699951,3990.761719,4097.302734,40000.0,35471.160156,40000.0,40000.0,40000.0,5000.0,21077.074193,5948.038048,-1789.859009,0,true,true,1.0,-0.01,0
6,1129,56.45,54129.582619,47044.426288,71593.891012,37211.71376,22433.96348,-2473.969551,577.320788,1941.291818,-13.732883,15.461529,173.10437,1.0,0.0,1.0,0.0,0.252343,1.514059,1.0,-62631.574073,-28675.500436,-62638.164264,40.0,1.0,38812.298837,-63850.806217,-82927.237371,39.990721,1.0,11245.232853,-55426.599984,-77136.47307,0.0,40000.0,40000.0,40000.0,40000.0,40000.0,40000.0,40000.0,40000.0,40000.0,40000.0,40000.0,40000.0,40000.0,15410.019531,4173.787598,3368.678223,3237.553711,4013.982178,4125.936035,40000.0,35462.628906,40000.0,40000.0,40000.0,5000.0,21038.912173,5719.897484,-1862.270342,0,true,true,1.0,-0.01,0
6,1130,56.5,54292.268065,-63536.694353,71554.171175,-70965.884935,22298.803685,-2427.559234,601.906779,2059.81885,-12.475425,16.224602,174.601257,1.0,0.0,1.0,0.0,0.0,1.798105,1.0,-64626.335826,-25986.429997,-62930.285407,40.0,1.0,35677.619913,-63755.392229,-84467.627222,39.994175,1.0,8381.193836,-54535.479357,-78372.347446,0.0,40000.0,40000.0,40000.0,40000.0,40000.0,40000.0,40000.0,40000.0,40000.0,40000.0,40000.0,40000.0,40000.0,15392.673828,4107.09668,3352.511475,3504.453369,4047.878906,4189.941895,40000.0,36000.785156,40000.0,40000.0,40000.0,5000.0,20977.944392,5173.200643,-2021.879593,0,true,true,1.0,-0.01,0
6,1131,56.55,54372.518168,46964.176185,71533.867798,37232.017137,22228.446691,-2407.50296,609.101273,2110.709703,-11.815874,16.583204,175.524368,1.0,0.0,1.0,0.0,-0.419958,1.497414,1.0,-65614.355976,-24463.325362,-63104.105807,40.0,1.0,33999.525407,-63780.686435,-85185.482567,39.995258,1.0,6870.425369,-54098.430184,-78957.241845,0.0,40000.0,40000.0,40000.0,40000.0,40000.0,40000.0,40000.0,40000.0,40000.0,40000.0,40000.0,40000.0,40000.0,15364.470703,4062.819824,3338.725342,3650.55127,4065.121582,4226.032715,40000.0,36505.324219,40000.0,40000.0,40000.0,5000.0,20956.094738,4846.78025,-2093.341597,0,true,true,1.0,-0.01,0
6,1132,56.6,54452.08292,-63616.259105,71513.405974,-70945.423111,22156.354397,-2386.942443,613.854676,2162.768717,-11.13471,16.931396,176.557404,1.0,0.0,1.0,0.0,-0.169775,1.65531,1.0,-66594.851619,-22820.074705,-63286.792912,40.0,1.0,32239.281525,-63847.957605,-85876.132702,39.996181,1.0,5301.348784,-53656.546773,-79524.195559,0.0,40000.0,40000.0,40000.0,40000.0,40000.0,40000.0,40000.0,40000.0,40000.0,40000.0,40000.0,40000.0,40000.0,15326.810547,4013.135986,3322.183594,3806.848145,4083.244141,4265.57959,40000.0,40000.0,40000.0,40000.0,40000.0,5000.0,20937.183825,4486.804572,-2162.716122,0,true,true,1.0,-0.01,0
6,1133,56.65,54531.029618,46885.229487,71492.885608,37252.537504,22082.700471,-2368.400822,615.61097,2209.617652,-10.438443,17.271048,177.66861,1.0,0.0,1.0,0.0,-0.061349,1.411018,1.0,-67560.213876,-21085.682799,-63467.140315,40.0,1.0,30413.468585,-63924.012295,-86548.834849,39.996868,1.0,3689.251264,-53198.985466,-80076.005289,0.0,40000.0,40000.0,40000.0,40000.0,40000.0,40000.0,40000.0,40000.0,40000.0,40000.0,40000.0,40000.0,40000.0,15589.979492,3961.671143,3340.12915,3973.336914,4102.748535,4308.592285,36512.242188,40000.0,40000.0,40000.0,40000.0,5000.0,20916.981216,4104.12803,-2233.447239,0,true,true,1.0,-0.01,0
6,1134,56.7,54686.286585,-63771.516073,71452.234276,-70904.77178,21931.788833,-2334.606119,611.868007,2298.059339,-9.053915,17.880894,179.932449,1.0,0.0,1.0,0.0,-0.139986,0.559944,1.0,-69351.911037,-17560.233411,-63828.585047,40.0,1.0,26790.609236,-63998.408831,-87837.823362,39.997858,1.0,528.177145,-52213.240947,-81136.017875,0.0,40000.0,40000.0,40000.0,40000.0,40000.0,40000.0,40000.0,40000.0,40000.0,40000.0,40000.0,40000.0,40000.0,16217.708008,3862.747314,3582.443359,4187.54834,4145.258301,40000.0,35941.085938,40000.0,40000.0,40000.0,40000.0,5000.0,20857.983118,3339.621829,-2375.493076,0,true,true,1.0,-0.01,0
6,1135,56.75,54763.447274,46808.068798,71432.054479,37272.717301,21853.668895,-2314.820547,605.393883,2343.598019,-8.172742,18.117834,-178.910522,1.0,0.0,1.0,1.0,-0.489951,0.629937,1.0,-70143.579458,-15555.657402,-64107.613683,40.0,1.0,25042.257755,-63708.698969,-88655.908649,39.99827,1.0,-976.03318,-51411.934661,-81821.529394,0.0,40000.0,40000.0,40000.0,40000.0,40000.0,40000.0,40000.0,40000.0,40000.0,40000.0,40000.0,40000.0,40000.0,16405.091797,3815.619629,3709.09668,4188.021484,4167.847168,40000.0,34444.28125,40000.0,40000.0,40000.0,40000.0,5000.0,20819.539202,2965.994565,-2425.006948,0,true,true,1.0,-0.01,0
6,1136,56.8,54839.990768,-63848.059567,71412.17798,-70884.895281,21774.027005,-2296.304706,596.294937,2389.256563,-7.120326,18.298338,-177.770737,1.0,0.0,1.0,1.0,-0.419958,0.209979,1.0,-70847.661965,-13364.65062,-64458.095715,40.0,1.0,23384.92628,-63090.139268,-89650.145832,39.998604,1.0,-2388.166406,-50320.427191,-82656.253113,0.0,40000.0,40000.0,40000.0,40000.0,40000.0,40000.0,40000.0,40000.0,40000.0,40000.0,40000.0,40000.0,40000.0,4910.724609,3771.311035,3837.973877,4189.174805,4190.891113,40000.0,34455.023438,40000.0,40000.0,40000.0,40000.0,5000.0,20774.437482,2612.404446,-2458.156919,0,true,true,1.0,-0.01,0
6,1137,56.85,54991.44141,46656.618157,71373.622965,37311.272316,21610.749664,-2263.696839,571.387368,2468.714482,-4.584565,18.483625,-175.565414,1.0,0.0,1.0,1.0,-0.69993,0.0,1.0,-71987.686683,-8517.904694,-65294.569312,40.0,1.0,20380.174096,-60941.580932,-92066.484659,39.999049,1.0,-4908.404713,-47355.506122,-84675.372509,0.0,40000.0,40000.0,40000.0,40000.0,40000.0,40000.0,40000.0,40000.0,40000.0,40000.0,40000.0,40000.0,16939.578125,4712.51709,3691.415771,4101.213379,4193.378906,4237.886719,40000.0,35271.578125,40000.0,40000.0,40000.0,40000.0,5000.0,20666.747379,1967.978397,-2486.292583,0,true,true,1.0,-0.01,0
6,1138,56.9,55066.374447,-63922.992603,71355.135521,-70866.407837,21527.200958,-2247.990971,554.623277,2506.461057,-3.125194,18.434469,-174.529617,1.0,0.0,1.0,1.0,-1.071708,-0.279972,1.0,-72362.040965,-5908.365982,-65812.670593,40.0,1.0,19153.314197,-59417.864681,-93440.802751,39.999214,1.0,-5911.865242,-45495.461329,-85833.682435,0.0,40000.0,40000.0,40000.0,40000.0,40000.0,40000.0,40000.0,40000.0,40000.0,40000.0,40000.0,40000.0,16815.552734,4625.938477,3719.115967,4232.720215,4195.229004,4260.003906,40000.0,35475.890625,40000.0,40000.0,40000.0,40000.0,5000.0,20607.116878,1686.020496,-2466.421631,0,true,true,1.0,-0.01,0
6,1139,56.95,55214.724361,46508.268242,71320.247026,37346.160811,21356.485005,-2217.410064,511.330212,2579.424548,-0.397657,18.024546,-172.679901,1.0,0.0,1.0,0.0,-1.241228,-0.695088,1.0,-72689.078719,-1019.643147,-67004.816649,40.0,1.0,17388.252038,-56344.086415,-95932.108149,39.999467,1.0,-7296.609022,-41843.913026,-88000.263358,0.0,40000.0,40000.0,40000.0,40000.0,40000.0,40000.0,40000.0,40000.0,40000.0,40000.0,40000.0,40000.0,16595.908203,4480.44043,3901.247803,4393.334961,4197.582031,40000.0,40000.0,35286.574219,40000.0,40000.0,40000.0,40000.0,5000.0,20480.777519,1198.932392,-2364.788049,0,true,true,1.0,-0.01,0
6,1140,57.0,55288.142439,-63996.41068,71304.087475,-70850.248286,21269.315684,-2202.542206,484.786507,2615.07948,0.858699,17.655869,-171.895142,1.0,0.0,1.0,0.0,-1.293257,-0.670578,1.0,-72633.418407,1228.500799,-67711.717293,40.0,1.0,16895.548814,-54810.82944,-97051.223705,39.999564,1.0,-7642.424769,-40072.430469,-89019.197418,0.0,40000.0,40000.0,40000.0,40000.0,40000.0,40000.0,40000.0,40000.0,40000.0,40000.0,40000.0,40000.0,16501.537109,4421.994629,3987.409912,4377.376465,4197.869629,40000.0,40000.0,35549.207031,40000.0,40000.0,40000.0,40000.0,5000.0,20416.043026,999.040473,-2276.042508,0,true,true,1.0,-0.01,0
6,1141,57.05,55361.103029,46435.307651,71288.87647,37361.371816,21181.032017,-2188.817603,456.330146,2648.50988,2.051739,17.189148,-171.182327,1.0,0.0,1.0,0.0,-1.28188,-0.404804,1.0,-72444.186141,3378.247184,-68491.678275,40.0,1.0,16628.000997,-53292.731096,-98093.550096,39.999643,1.0,-7786.483683,-38339.327575,-90000.52194,0.0,40000.0,40000.0,40000.0,40000.0,40000.0,40000.0,40000.0,40000.0,40000.0,40000.0,40000.0,40000.0,16413.988281,4370.597656,4070.728027,4362.562012,4197.747559,40000.0,40000.0,35775.0,40000.0,40000.0,40000.0,40000.0,5000.0,20351.262033,818.267293,-2163.280051,0,true,true,1.0,-0.01,0
6,1142,57.1,55504.586273,-64139.893924,71261.673921,-70823.045738,21003.032439,-2167.220353,397.078957,2709.008372,4.249611,16.117161,-169.999893,1.0,0.0,1.0,0.0,-0.769837,-0.898144,1.0,-71842.848255,7355.356253,-70100.271204,40.0,1.0,16549.352883,-50302.067963,-99996.759703,39.999755,1.0,-7678.404859,-35007.410356,-91840.129764,0.0,40000.0,40000.0,40000.0,40000.0,40000.0,40000.0,40000.0,40000.0,40000.0,40000.0,40000.0,40000.0,16261.490234,4292.457031,4229.477539,4340.216309,4199.396973,40000.0,40000.0,40000.0,40000.0,40000.0,40000.0,40000.0,5000.0,20218.635979,520.449007,-1912.895722,0,true,true,1.0,-0.01,0
6,1143,57.15,55576.430101,46363.463824,71249.599751,37373.445987,20911.857781,-2155.31471,362.225099,2735.239587,5.248959,15.491974,-169.561981,1.0,0.0,1.0,0.0,-1.097189,-0.822892,1.0,-71414.012501,9149.609521,-70975.941561,40.0,1.0,16799.624206,-48833.669754,-100856.256037,39.9998,1.0,-7377.372799,-33427.79389,-92711.490358,0.0,40000.0,40000.0,40000.0,40000.0,40000.0,40000.0,40000.0,40000.0,40000.0,40000.0,40000.0,40000.0,16375.77832,4267.112305,4304.27832,4332.960938,4200.980957,40000.0,36643.570312,40000.0,40000.0,40000.0,40000.0,40000.0,5000.0,20150.551888,412.790486,-1765.302119,0,true,true,1.0,-0.01,0
6,1144,57.2,55719.174542,-64282.638366,71229.267557,-70802.713544,20726.761373,-2137.253244,287.535522,2788.282667,6.585605,14.634165,-168.992294,1.0,0.0,1.0,0.0,0.0,0.0,1.0,-71022.10568,11670.205201,-72301.004675,40.0,1.0,16940.465026,-46790.201903,-102171.333856,39.999869,1.0,-7163.132139,-31243.971311,-94040.859606,0.0,40000.0,40000.0,40000.0,40000.0,40000.0,40000.0,40000.0,40000.0,40000.0,40000.0,40000.0,40000.0,16563.130859,4253.150391,4453.974609,4337.457031,4216.475586,40000.0,35335.203125,40000.0,40000.0,40000.0,40000.0,40000.0,5000.0,19998.045539,286.221603,-1616.679096,0,true,true,1.0,-0.01,0
6,1145,57.25,55790.15103,46292.487336,71221.009053,37381.704491,20632.97827,-2129.294522,247.755112,2813.492963,7.030269,14.343372,-168.806931,1.0,0.0,1.0,0.0,0.0,0.0,1.0,-70995.81559,12559.66102,-72830.966031,40.0,1.0,16877.692345,-46082.135029,-102702.46704,39.999895,1.0,-7199.624557,-30500.396967,-94577.630008,0.0,40000.0,40000.0,40000.0,40000.0,40000.0,40000.0,40000.0,40000.0,40000.0,40000.0,40000.0,40000.0,16652.722656,4258.608887,4528.859375,4346.400391,4228.811523,40000.0,35220.257812,40000.0,40000.0,40000.0,40000.0,40000.0,5000.0,19917.179312,253.658675,-1592.308372,0,true,true,1.0,-0.01,0
6,1146,57.3,55860.925628,-64353.412964,71213.857626,-70795.562117,20538.530254,-2123.237825,214.542799,2833.440315,7.384037,14.110126,-168.660965,1.0,0.0,1.0,0.0,0.0,0.0,1.0,-71041.622347,13295.604149,-73310.588179,40.0,1.0,16759.869957,-45493.251435,-103184.542666,39.999913,1.0,-7296.342189,-29885.881403,-95064.330787,0.0,40000.0,40000.0,40000.0,40000.0,40000.0,40000.0,40000.0,40000.0,40000.0,40000.0,40000.0,40000.0,16740.371094,4253.978516,4603.878906,4358.283203,4242.336914,40000.0,35122.945312,40000.0,40000.0,40000.0,40000.0,40000.0,5000.0,19834.69158,233.701695,-1588.470742,0,true,true,1.0,-0.01,0
6,1147,57.35,56001.106839,46152.306125,71202.933972,37392.628145,20348.852467,-2112.318584,147.560048,2871.209079,7.888787,13.774437,-168.455032,1.0,0.0,1.0,0.0,0.0,0.0,1.0,-71296.717922,14416.032719,-74160.999441,40.0,1.0,16394.941773,-44615.027511,-104043.507704,40.0,1.0,-44334.089895,-38496.339101,-88165.697264,7.17552,40000.0,40000.0,40000.0,40000.0,40000.0,40000.0,40000.0,40000.0,40000.0,40000.0,40000.0,40000.0,5945.38623,4380.839355,4753.213379,4388.996582,7473.796387,40000.0,34967.53125,40000.0,40000.0,40000.0,40000.0,40000.0,5000.0,19667.295778,221.114447,-1626.172907,0,true,true,1.0,-0.01,0
6,1148,57.4,56071.346757,-64423.652882,71199.158429,-70791.786573,20252.530987,-2107.197433,113.266294,2889.644258,8.062063,13.658408,-168.384995,1.0,0.0,1.0,0.0,0.0,0.0,1.0,-71494.343308,14836.868554,-74549.301706,40.0,1.0,16155.604313,-44296.85182,-104437.301191,40.0,1.0,-44537.664656,-38108.72191,-88664.802441,13.109841,40000.0,40000.0,40000.0,40000.0,40000.0,40000.0,40000.0,40000.0,40000.0,40000.0,40000.0,40000.0,5971.424805,4448.65625,4828.505859,4407.665039,7601.010742,40000.0,34904.730469,40000.0,40000.0,40000.0,40000.0,40000.0,5000.0,19581.697806,225.385438,-1663.65962,0,true,true,1.0,-0.01,0
6,1149,57.45,56209.996202,46013.65668,71194.806893,37396.979681,20060.143039,-2099.956227,51.068736,2924.701323,8.330329,13.48282,-168.27655,1.0,0.0,1.0,0.0,0.069993,0.0,1.0,-71949.218176,15531.636451,-75282.584377,40.0,1.0,15621.326424,-43778.441244,-105186.998543,40.0,1.0,-44996.021979,-37474.392325,-89575.237358,21.476301,40000.0,40000.0,40000.0,40000.0,40000.0,40000.0,40000.0,40000.0,40000.0,40000.0,40000.0,40000.0,6034.543457,4584.029785,4907.581543,4449.087891,7850.810547,40000.0,34796.578125,40000.0,40000.0,40000.0,40000.0,40000.0,5000.0,19410.686394,242.737405,-1757.813974,0,true,true,1.0,-0.01,0
6,1150,57.5,56279.815001,-64493.47168,71194.08944,-70791.06912,19962.247172,-2094.563836,21.523601,2936.875857,8.455098,13.427691,-168.236206,1.0,0.0,1.0,0.0,0.349965,-0.209979,1.0,-72211.244381,15845.423393,-75622.193469,40.0,1.0,15308.953412,-43525.808076,-105572.272045,40.0,1.0,-45272.747001,-37175.530223,-90005.836864,24.571658,40000.0,40000.0,40000.0,40000.0,40000.0,40000.0,40000.0,40000.0,40000.0,40000.0,40000.0,40000.0,6071.993652,4653.066895,4932.098145,4472.261719,7976.030762,40000.0,34750.6875,40000.0,40000.0,40000.0,40000.0,40000.0,5000.0,19323.295375,256.831308,-1817.12246,0,true,true,1.0,-0.01,0
6,1151,57.55,56419.053489,45874.418191,71195.763213,37395.305907,19764.919782,-2086.760147,-39.528644,2966.960945,8.68117,13.303264,-168.202576,1.0,0.0,1.0,0.0,-0.209979,0.069993,1.0,-72686.721336,16391.283683,-76346.369218,40.0,1.0,14753.23653,-43046.288828,-106336.404323,40.0,1.0,-45833.249848,-36588.972462,-90858.761371,29.619288,40000.0,40000.0,40000.0,40000.0,40000.0,40000.0,40000.0,40000.0,40000.0,40000.0,40000.0,40000.0,6159.744629,4790.717285,4986.152344,4522.043457,8218.015625,40000.0,34667.019531,40000.0,40000.0,40000.0,40000.0,40000.0,5000.0,19148.845429,297.271612,-1931.009808,0,true,true,1.0,-0.01,0
6,1152,57.6,56488.493839,-64562.91203,71198.054845,-70793.360752,19665.552955,-2083.210378,-68.748964,2981.004641,8.787925,13.221118,-168.187897,1.0,0.0,1.0,0.0,-0.209979,0.0,1.0,-72882.10575,16652.795982,-76742.73062,40.0,1.0,14511.809143,-42820.431961,-106712.779654,40.0,1.0,-46082.187462,-36306.783449,-91300.957152,31.482221,40000.0,40000.0,40000.0,40000.0,40000.0,40000.0,40000.0,40000.0,40000.0,40000.0,40000.0,40000.0,6205.964355,4859.324707,5014.355469,4548.005371,8338.350586,40000.0,34624.203125,40000.0,40000.0,40000.0,40000.0,40000.0,5000.0,19062.275731,316.062245,-1982.365054,0,true,true,1.0,-0.01,0
6,1153,57.65,56557.829993,45805.082037,71201.245835,37392.114917,19565.761874,-2080.084512,-95.729683,2993.732298,8.891784,13.131179,-168.17041,1.0,0.0,1.0,0.0,-0.139986,0.069993,1.0,-73062.827189,16912.51991,-77152.364316,40.0,1.0,14281.776738,-42601.123203,-107086.900808,40.0,1.0,-46321.606996,-36028.610193,-91749.04759,32.933885,40000.0,40000.0,40000.0,40000.0,40000.0,40000.0,40000.0,40000.0,40000.0,40000.0,40000.0,40000.0,6252.935547,4927.923828,5043.152344,4574.544434,40000.0,40000.0,34580.933594,40000.0,40000.0,40000.0,40000.0,40000.0,5000.0,18976.00841,332.865617,-2032.042261,0,true,true,1.0,-0.01,0
6,1154,57.7,56696.215908,-64701.297945,71210.30787,-70802.422788,19364.950473,-2074.508731,-148.605897,3017.884638,9.098658,12.851811,-168.09288,1.0,0.0,1.0,0.0,-0.559944,0.419958,1.0,-73278.530309,17485.666609,-78098.962907,40.0,1.0,13952.871324,-42202.916148,-107813.149467,40.0,1.0,-46685.893276,-35447.148424,-92720.457237,35.174358,40000.0,40000.0,40000.0,40000.0,40000.0,40000.0,40000.0,40000.0,40000.0,40000.0,40000.0,40000.0,6341.274902,5064.305176,5099.576172,4627.541016,40000.0,40000.0,34108.621094,40000.0,40000.0,40000.0,40000.0,40000.0,5000.0,18807.319632,345.819304,-2103.551173,0,true,true,1.0,-0.01,0
6,1155,57.75,56765.285423,45736.012522,71216.163896,37386.258892,19263.960618,-2072.085348,-175.680762,3029.695481,9.201651,12.636517,-168.032928,1.0,0.0,1.0,0.0,-0.769923,0.279972,1.0,-73272.971939,17804.819093,-78669.167611,40.0,1.0,13899.6453,-42026.796274,-108160.048082,40.0,1.0,-46770.134299,-35139.652325,-93265.147962,36.063746,40000.0,40000.0,40000.0,40000.0,40000.0,40000.0,40000.0,40000.0,40000.0,40000.0,40000.0,40000.0,6382.041504,5131.532715,5126.575684,4653.566895,40000.0,40000.0,33832.484375,40000.0,40000.0,40000.0,40000.0,40000.0,5000.0,18725.986501,340.702346,-2117.345304,0,true,true,1.0,-0.01,0
6,1156,57.8,56903.24292,-64839.255442,71230.576976,-70816.835868,19060.870343,-2068.727213,-228.324471,3051.148408,9.401761,12.036146,-167.890732,1.0,0.0,1.0,0.0,-0.69993,0.209979,1.0,-73007.658163,18489.394399,-80028.468767,40.0,1.0,14072.490164,-41711.17146,-108816.194542,40.0,1.0,-46690.992967,-34503.438805,-94490.583548,37.390236,40000.0,40000.0,40000.0,40000.0,40000.0,40000.0,40000.0,40000.0,40000.0,40000.0,40000.0,40000.0,6459.734375,5263.587402,5179.144043,4704.748047,40000.0,40000.0,33238.441406,40000.0,40000.0,40000.0,40000.0,40000.0,5000.0,18570.138227,312.532892,-2095.191205,0,true,true,1.0,-0.01,0
6,1157,57.85,56972.179169,45667.076273,71238.95763,37377.878238,18958.880707,-2068.087352,-251.419605,3059.688915,9.496655,11.660888,-167.821518,1.0,0.0,1.0,0.0,-0.909909,0.139986,1.0,-72764.537763,18839.521079,-80804.903642,40.0,1.0,14297.060275,-41560.800308,-109126.109711,40.0,1.0,-46528.239763,-34184.30543,-95164.705489,37.829211,40000.0,40000.0,40000.0,40000.0,40000.0,40000.0,40000.0,40000.0,40000.0,40000.0,40000.0,40000.0,6499.091797,5328.517578,5205.39209,4730.333496,40000.0,40000.0,32940.097656,40000.0,40000.0,40000.0,40000.0,40000.0,5000.0,18495.219294,294.19518,-2062.048589,0,true,true,1.0,-0.01,0
6,1158,57.9,57041.116549,-64908.192822,71248.101931,-70825.980168,18856.630758,-2068.121308,-274.328991,3067.498314,9.585967,11.244658,-167.764496,1.0,0.0,1.0,0.0,-0.769923,0.0,1.0,-72455.192814,19179.138148,-81636.827172,40.0,1.0,14608.816305,-41416.624728,-109425.356483,40.0,1.0,-46286.025203,-33874.201616,-95873.273698,38.197553,40000.0,40000.0,40000.0,40000.0,40000.0,40000.0,40000.0,40000.0,40000.0,40000.0,40000.0,40000.0,6540.991211,5392.823242,5232.483887,4744.976074,40000.0,40000.0,32656.671875,40000.0,40000.0,40000.0,40000.0,40000.0,5000.0,18421.883014,276.879263,-2016.72608,0,true,true,1.0,-0.01,0
6,1159,57.95,57179.100247,45529.092576,71268.752992,37357.227177,18651.425739,-2070.57407,-321.450944,3081.300799,9.749352,10.324139,-167.681381,1.0,0.0,1.0,0.0,-0.559944,0.0,1.0,-71677.619748,19825.061254,-83420.9587,40.0,1.0,15427.528448,-41152.601452,-109998.247237,40.0,1.0,-45617.29979,-33282.332274,-97362.731013,38.785706,40000.0,40000.0,40000.0,40000.0,40000.0,40000.0,40000.0,40000.0,40000.0,40000.0,40000.0,40000.0,6633.132324,5520.483398,5289.630859,5192.895996,40000.0,40000.0,32228.291016,40000.0,40000.0,40000.0,40000.0,40000.0,5000.0,18278.349681,245.158803,-1901.31462,0,true,true,1.0,-0.01,0
6,1160,58.0,57248.216539,-64977.309115,71280.366223,-70837.5934,18548.499406,-2073.488666,-348.396931,3087.78982,9.822704,9.835899,-167.659302,1.0,0.0,1.0,0.0,-0.419958,-0.069993,1.0,-71224.561515,20121.005141,-84354.496565,40.0,1.0,15909.243315,-41039.117953,-110275.250506,40.0,1.0,-45210.926227,-33007.00848,-98130.20249,39.04187,40000.0,40000.0,40000.0,40000.0,40000.0,40000.0,40000.0,40000.0,40000.0,40000.0,40000.0,40000.0,6684.741211,5584.244629,5320.478027,5483.747559,40000.0,40000.0,32213.882812,40000.0,40000.0,40000.0,40000.0,40000.0,5000.0,18207.420669,232.68804,-1836.21744,0,true,true,1.0,-0.01,0
6,1161,58.05,57384.102107,45393.207008,71305.147294,37332.446106,18346.182992,-2082.985863,-389.49297,3101.012613,9.927663,9.132519,-167.628784,1.0,0.0,1.0,0.0,0.0,0.0,1.0,-70725.091626,20580.282655,-85884.527623,40.0,1.0,16430.137508,-40850.49922,-110860.209812,40.0,1.0,-44789.169154,-32576.208519,-99421.01024,39.331494,40000.0,40000.0,40000.0,40000.0,40000.0,40000.0,40000.0,40000.0,40000.0,40000.0,40000.0,40000.0,6797.581543,5714.765137,5388.469727,6052.007324,40000.0,40000.0,32214.123047,40000.0,40000.0,40000.0,40000.0,40000.0,5000.0,18060.299154,223.406885,-1791.486133,0,true,true,1.0,-0.01,0
6,1162,58.1,57453.580501,-65046.787509,71318.795799,-70851.241905,18242.896974,-2084.351726,-409.455123,3098.580372,9.964699,8.883015,-167.618317,1.0,0.0,1.0,0.0,0.0,0.0,1.0,-70629.688518,20759.882367,-86539.943174,40.0,1.0,16509.554166,-40781.619738,-111180.053057,40.0,1.0,-44739.179556,-32404.0189,-99988.86313,39.44642,40000.0,40000.0,40000.0,40000.0,40000.0,40000.0,40000.0,40000.0,40000.0,40000.0,40000.0,40000.0,6860.133789,5783.54541,5426.338379,6340.852051,40000.0,40000.0,32225.5,40000.0,40000.0,40000.0,40000.0,40000.0,5000.0,17982.074759,225.003063,-1803.905144,0,true,true,1.0,-0.01,0
6,1163,58.15,57523.209737,45323.577772,71333.109038,37318.132867,18139.524027,-2088.876972,-429.39717,3101.188243,9.994033,8.684905,-167.610153,1.0,0.0,1.0,0.0,0.0,0.0,1.0,-70611.448012,20913.249624,-87137.379977,40.0,1.0,16500.788852,-40725.441937,-111510.911255,40.0,1.0,-44768.221718,-32254.791444,-100515.05708,39.541454,40000.0,40000.0,40000.0,40000.0,40000.0,40000.0,40000.0,40000.0,40000.0,40000.0,40000.0,40000.0,6925.330566,5853.449707,5465.87793,6629.023438,40000.0,40000.0,32242.085938,40000.0,40000.0,40000.0,40000.0,40000.0,5000.0,17902.35912,229.415018,-1832.891889,0,true,true,1.0,-0.01,0
6,1164,58.2,57657.498519,-65181.076292,71362.484344,-70880.61721,17940.55549,-2104.149225,-468.533077,3116.49469,10.03528,8.40562,-167.598816,1.0,0.0,1.0,0.0,0.0,0.0,1.0,-70728.08081,21153.818828,-88173.25144,40.0,1.0,-44982.366735,-32015.191721,-101445.628476,39.684128,1.0,-7778.911988,-24571.23966,-105711.203078,0.0,40000.0,40000.0,40000.0,40000.0,40000.0,40000.0,40000.0,40000.0,40000.0,40000.0,40000.0,40000.0,7056.888672,5990.319824,5545.753418,7181.905762,40000.0,40000.0,32284.375,40000.0,40000.0,40000.0,40000.0,40000.0,5000.0,17746.048251,242.969983,-1921.39897,0,true,true,1.0,-0.01,0
6,1165,58.25,57727.52629,45253.550001,71378.633057,37301.984153,17837.10017,-2103.157157,-484.997347,3107.092994,10.050083,8.305186,-167.594803,1.0,0.0,1.0,0.0,0.0,0.0,1.0,-70861.30785,21255.275144,-88661.044402,40.0,1.0,-45164.595026,-31911.868518,-101893.349711,39.736715,1.0,-7956.54716,-24533.095039,-106101.770484,0.0,40000.0,40000.0,40000.0,40000.0,40000.0,40000.0,40000.0,40000.0,40000.0,40000.0,40000.0,40000.0,7128.055664,6062.533203,5589.026367,7468.717285,40000.0,40000.0,32310.822266,40000.0,40000.0,40000.0,40000.0,40000.0,5000.0,17663.35299,252.142655,-1981.626747,0,true,true,1.0,-0.01,0
6,1166,58.3,57866.032919,-65319.58292,71412.247762,-70914.231914,17633.041103,-2115.383078,-521.017034,3114.260069,10.070797,8.164474,-167.589233,1.0,0.0,1.0,0.0,0.0,0.0,1.0,-71208.688821,21421.03901,-89560.359477,40.0,1.0,-45616.592062,-31737.759655,-102730.570308,39.820473,1.0,-8406.089502,-24486.466986,-106864.838327,0.0,40000.0,40000.0,40000.0,40000.0,40000.0,40000.0,40000.0,40000.0,40000.0,40000.0,40000.0,40000.0,7273.229492,6206.724609,5677.315918,8012.597656,40000.0,40000.0,32369.34375,40000.0,40000.0,40000.0,40000.0,40000.0,5000.0,17498.160661,272.338393,-2118.608709,0,true,true,1.0,-0.01,0
6,1167,58.35,57936.634573,45182.948347,71430.173045,37284.05887,17529.342281,-2118.04952,-537.758465,3110.964498,10.078054,8.115126,-167.587296,1.0,0.0,1.0,0.0,0.0,0.0,1.0,-71420.485473,21491.673218,-89992.778353,40.0,1.0,-45882.74391,-31661.379632,-103138.280062,39.852558,1.0,-8673.295023,-24472.573018,-107249.458955,0.0,40000.0,40000.0,40000.0,40000.0,40000.0,40000.0,40000.0,40000.0,40000.0,40000.0,40000.0,40000.0,7349.130859,6280.79834,5723.511719,8128.460938,40000.0,40000.0,32401.626953,40000.0,40000.0,40000.0,40000.0,40000.0,5000.0,17413.274599,283.253182,-2195.204616,0,true,true,1.0,-0.01,0
6,1168,58.4,58074.054915,-65457.003262,71466.407515,-70950.466385,17327.979268,-2130.793715,-568.593117,3120.218078,10.088582,8.04349,-167.584488,1.0,0.0,1.0,0.0,0.0,0.0,1.0,-71879.136094,21613.392514,-90804.551255,40.0,1.0,-46440.163119,-31528.138906,-103910.938976,39.896344,1.0,-9234.388165,-24450.023882,-107991.893781,0.0,40000.0,40000.0,40000.0,40000.0,40000.0,40000.0,40000.0,40000.0,40000.0,40000.0,40000.0,40000.0,7499.861816,6425.645996,5815.234863,8316.217773,40000.0,40000.0,32467.708984,40000.0,40000.0,40000.0,40000.0,40000.0,5000.0,17247.244317,304.690529,-2351.626821,0,true,true,1.0,-0.01,0
6,1169,58.45,58141.136043,45115.867219,71484.707811,37265.758574,17229.912459,-2135.314708,-582.531792,3121.645516,10.092405,8.017465,-167.583466,1.0,0.0,1.0,0.0,0.0,0.0,1.0,-72117.545899,21666.09725,-91190.160374,40.0,1.0,-46726.844553,-31469.26891,-104280.275666,39.912626,1.0,-9523.724153,-24443.844059,-108352.297545,0.0,40000.0,40000.0,40000.0,40000.0,40000.0,40000.0,40000.0,40000.0,40000.0,40000.0,40000.0,40000.0,7574.69873,6496.655762,5860.79834,8408.232422,40000.0,40000.0,32501.28125,40000.0,40000.0,40000.0,40000.0,40000.0,5000.0,17165.870446,315.094993,-2430.620612,0,true,true,1.0,-0.01,0
6,1170,58.5,58280.204463,-65596.071682,71523.975512,-70989.734086,17027.243904,-2143.660052,-611.391562,3122.190946,10.097751,7.931529,-167.585495,1.0,0.0,1.0,0.0,-0.69993,0.069993,1.0,-72553.13982,21767.909864,-92031.149728,40.0,1.0,-47262.728577,-31354.841632,-105070.560001,39.940192,1.0,-10063.317238,-24445.918129,-109104.426884,0.0,40000.0,40000.0,40000.0,40000.0,40000.0,40000.0,40000.0,40000.0,40000.0,40000.0,40000.0,40000.0,7732.393555,6643.665527,5956.446777,8598.279297,40000.0,40000.0,32568.724609,40000.0,40000.0,40000.0,40000.0,40000.0,5000.0,16998.682476,334.794002,-2584.638368,0,true,true,1.0,-0.01,0
6,1171,58.55,58353.728669,45042.343013,71544.628131,37245.105955,16926.6508,-2205.726063,-619.578538,3017.79295,10.099793,7.763009,-167.590302,0.0,0.0,1.0,0.0,-1.33001,0.210002,1.0,-72573.48699,21839.807827,-92605.65962,40.0,1.0,-47326.889345,-31283.957791,-105564.16899,39.951432,1.0,-10119.058134,-24450.034451,-109499.095365,0.0,40000.0,40000.0,40000.0,40000.0,40000.0,40000.0,40000.0,40000.0,40000.0,40000.0,40000.0,40000.0,7814.106445,6719.256348,6005.26709,8695.594727,40000.0,40000.0,32593.666016,40000.0,40000.0,40000.0,40000.0,40000.0,5000.0,16917.142438,338.90492,-2623.895863,0,true,true,1.0,-0.01,0
6,1172,58.6,58506.495598,-65748.838612,71586.735602,-71031.841558,16733.982446,-2318.830504,-635.43825,2849.160608,10.102211,7.184876,-167.61203,0.0,0.0,1.0,0.0,-1.049895,0.209979,1.0,-9793.320126,-24446.375958,-110295.56348,0.0,1.0,-7416.177722,5775.623001,-105215.38705,0.0,1.0,-37219.347905,-32941.610221,-108297.329175,0.0,40000.0,40000.0,40000.0,40000.0,40000.0,40000.0,40000.0,40000.0,40000.0,40000.0,40000.0,40000.0,7980.930664,6872.30127,6103.51709,8891.426758,40000.0,40000.0,32625.818359,40000.0,40000.0,40000.0,40000.0,40000.0,5000.0,16761.89435,337.27853,-2624.738184,0,true,true,1.0,-0.01,0
6,1173,58.65,58581.518615,44967.319996,71607.082217,37224.759341,16646.072299,-2372.92962,-643.550295,2780.541237,10.104943,6.80228,-167.61116,0.0,0.0,1.0,0.0,-1.030425,0.343475,1.0,-9452.503334,-24439.823543,-110677.160063,0.0,1.0,-7028.992146,5861.217659,-105570.664236,0.0,1.0,-36894.093933,-32803.148615,-108842.74499,0.0,40000.0,40000.0,40000.0,40000.0,40000.0,40000.0,40000.0,40000.0,40000.0,40000.0,40000.0,40000.0,8058.305176,6946.289551,6149.654785,8987.21875,40000.0,40000.0,32638.646484,40000.0,40000.0,40000.0,40000.0,40000.0,5000.0,16691.661636,327.486825,-2592.063528,0,true,true,1.0,-0.01,0
6,1174,58.7,58740.965912,-65908.285908,71649.660163,-71074.419503,16472.976432,-2474.531123,-657.732372,2623.824714,10.111567,5.806537,-167.59964,0.0,0.0,1.0,0.0,-1.049895,0.209979,1.0,-8378.020841,-24427.500011,-111460.751128,0.0,1.0,-5849.511325,6040.355043,-106288.438544,0.0,1.0,-23554.362636,13772.51974,-103080.679857,0.0,40000.0,40000.0,40000.0,40000.0,40000.0,40000.0,40000.0,40000.0,40000.0,40000.0,40000.0,40000.0,8217.571289,7101.880371,6245.07959,9189.755859,40000.0,40000.0,32661.691406,40000.0,40000.0,40000.0,40000.0,40000.0,5000.0,16552.922195,293.519288,-2461.069001,0,true,true,1.0,-0.01,0
6,1175,58.75,58825.026683,44883.259225,71671.790247,37202.629257,16388.370119,-2521.823017,-663.902488,2538.18926,10.115822,5.203295,-167.584335,0.0,0.0,1.0,0.0,-1.255173,0.348659,1.0,-7661.587413,-24421.791978,-111855.419108,0.0,1.0,-5072.515591,6132.797875,-106643.609078,0.0,1.0,-22837.06531,13865.824839,-103620.667776,0.0,40000.0,40000.0,40000.0,40000.0,40000.0,40000.0,40000.0,40000.0,40000.0,40000.0,40000.0,40000.0,8298.561523,7183.768066,6294.352051,9297.398438,40000.0,40000.0,32675.792969,40000.0,40000.0,40000.0,40000.0,40000.0,5000.0,16483.849249,268.603704,-2365.94235,0,true,true,1.0,-0.01,0
6,1176,58.8,58997.957499,-66081.216723,71716.734706,-71119.363963,16226.838794,-2617.158023,-677.486469,2385.432978,10.125133,3.794221,-167.539932,0.0,0.0,1.0,0.0,-0.979902,0.279972,1.0,-5857.722734,-24408.253688,-112622.930964,0.0,1.0,-3141.990233,6312.657972,-107319.751595,0.0,1.0,-21020.72348,14065.061392,-104730.878443,0.0,40000.0,40000.0,40000.0,40000.0,40000.0,40000.0,40000.0,40000.0,40000.0,40000.0,40000.0,40000.0,8461.731445,7352.977051,6394.922852,9521.291992,40000.0,40000.0,32712.244141,40000.0,40000.0,40000.0,40000.0,40000.0,5000.0,16348.325643,204.698978,-2116.607156,0,true,true,1.0,-0.01,0
6,1177,58.85,59084.290313,44796.92641,71738.926763,37180.4372,16151.635446,-2661.824431,-684.228347,2318.679282,10.130198,3.034218,-167.505798,0.0,0.0,1.0,0.0,-0.769923,0.279972,1.0,-4846.817714,-24400.33067,-112979.146998,0.0,1.0,-2064.883879,6395.956147,-107626.540782,0.0,1.0,-19993.037338,14167.652321,-105272.603315,0.0,40000.0,40000.0,40000.0,40000.0,40000.0,40000.0,40000.0,40000.0,40000.0,40000.0,40000.0,40000.0,8541.09375,7438.707031,6445.140137,9636.210938,40000.0,40000.0,32738.988281,40000.0,40000.0,40000.0,40000.0,40000.0,5000.0,16281.953056,166.501858,-1974.467996,0,true,true,1.0,-0.01,0
6,1178,58.9,59263.913776,-66260.840187,71784.653083,-71165.090283,16005.711451,-2743.155325,-696.197587,2177.508693,10.13989,1.472537,-167.413513,0.0,0.0,1.0,0.0,-0.489951,0.279972,1.0,-2768.688705,-24392.13727,-113650.341821,0.0,1.0,159.523845,6555.172613,-108192.021886,0.0,1.0,-17856.598238,14374.942459,-106323.015147,0.0,40000.0,40000.0,40000.0,40000.0,40000.0,40000.0,40000.0,40000.0,40000.0,40000.0,40000.0,40000.0,8704.482422,7621.546875,6551.267578,9883.744141,40000.0,40000.0,32818.429688,40000.0,40000.0,40000.0,40000.0,40000.0,5000.0,16140.398631,82.084307,-1681.423813,0,true,true,1.0,-0.01,0
6,1179,58.95,59356.652337,44704.18785,71808.051561,37157.038722,15935.624604,-2782.156669,-701.9543,2102.605278,10.144194,0.665331,-167.351654,0.0,0.0,1.0,0.0,-0.629937,0.279972,1.0,-1691.962654,-24394.207348,-113962.48792,0.0,1.0,1319.787372,6631.055284,-108446.883957,0.0,1.0,-16735.294155,14480.049129,-106829.519654,0.0,40000.0,40000.0,40000.0,40000.0,40000.0,40000.0,40000.0,40000.0,40000.0,40000.0,40000.0,40000.0,8787.243164,7718.391602,6606.788086,10200.260742,40000.0,40000.0,32872.546875,40000.0,40000.0,40000.0,40000.0,40000.0,5000.0,16065.657611,34.603421,-1528.835662,0,true,true,1.0,-0.01,0
6,1180,59.0,59450.765485,-66354.953335,71831.66505,-71188.703771,15868.051886,-2823.3943,-708.40461,2027.18143,10.147783,-0.163948,-167.274551,0.0,0.0,1.0,0.0,-0.629937,0.349965,1.0,-583.211109,-24401.905452,-114255.973373,0.0,1.0,2522.282599,6703.728954,-108679.420318,0.0,1.0,-15568.003186,14586.699964,-107321.05258,0.0,40000.0,40000.0,40000.0,40000.0,40000.0,40000.0,40000.0,40000.0,40000.0,40000.0,40000.0,40000.0,8869.026367,7818.567383,6678.618652,10652.103516,40000.0,40000.0,32881.558594,40000.0,40000.0,40000.0,40000.0,40000.0,5000.0,15988.703904,-17.911769,-1370.802847,0,true,true,1.0,-0.01,0
6,1181,59.05,59638.108585,44516.844749,71878.366368,37110.337404,15742.573769,-2898.614932,-721.156626,1897.118487,10.151157,-1.8635,-167.09201,0.0,0.0,1.0,0.0,-0.559944,0.279972,1.0,1717.483058,-24420.303931,-114771.306441,0.0,1.0,5014.768502,6824.364043,-109068.010933,0.0,1.0,-13121.595937,14794.287877,-108240.471118,0.0,40000.0,40000.0,40000.0,40000.0,40000.0,40000.0,40000.0,40000.0,40000.0,40000.0,40000.0,40000.0,9029.328125,8024.099609,7081.01123,11605.671875,40000.0,40000.0,32837.640625,40000.0,40000.0,40000.0,40000.0,40000.0,5000.0,15831.831418,-132.037279,-1042.72329,0,true,true,1.0,-0.01,0
6,1182,59.1,59735.720223,-66452.564972,71902.565182,-71212.902586,15681.799108,-2928.348962,-725.964389,1823.239745,10.150398,-2.737785,-166.987915,0.0,0.0,1.0,0.0,-0.629937,0.279972,1.0,2898.843279,-24437.473119,-115004.70872,0.0,1.0,6299.829248,6877.569244,-109233.005987,0.0,1.0,-11852.850786,14895.657803,-108679.348422,0.0,40000.0,40000.0,40000.0,40000.0,40000.0,40000.0,40000.0,40000.0,40000.0,40000.0,40000.0,40000.0,9113.051758,8134.395508,7296.632324,12128.128906,40000.0,40000.0,32824.8125,40000.0,40000.0,40000.0,40000.0,40000.0,5000.0,15747.163168,-192.908282,-874.665137,0,true,true,1.0,-0.01,0
6,1183,59.15,59934.194241,44318.370731,71951.559827,37061.342759,15567.084453,-2992.908385,-737.905235,1686.68112,10.143659,-4.524755,-166.77301,0.0,0.0,1.0,0.0,-0.489951,0.139986,1.0,5336.082511,-24486.509544,-115407.106127,0.0,1.0,8945.184054,6964.923374,-109489.876604,0.0,1.0,-9224.872931,15084.823957,-109497.863878,0.0,40000.0,40000.0,40000.0,40000.0,40000.0,40000.0,40000.0,40000.0,40000.0,40000.0,40000.0,40000.0,9287.912109,8322.592773,7747.439453,40000.0,40000.0,40000.0,32822.527344,40000.0,40000.0,40000.0,40000.0,40000.0,5000.0,15569.164313,-316.739231,-530.190288,0,true,true,1.0,-0.01,0
6,1184,59.2,60034.99777,-66553.368501,71976.361721,-71237.704481,15513.189003,-3024.105723,-744.056809,1616.863425,10.138485,-5.424627,-166.67514,0.0,0.0,1.0,0.0,-0.489951,0.0,1.0,6576.804953,-24519.566659,-115575.929524,0.0,1.0,10284.652444,7001.836979,-109581.577135,0.0,1.0,-7889.717583,15169.423533,-109874.289744,0.0,40000.0,40000.0,40000.0,40000.0,40000.0,40000.0,40000.0,40000.0,40000.0,40000.0,40000.0,40000.0,9382.427734,8399.438477,7979.42627,40000.0,40000.0,40000.0,32834.652344,40000.0,40000.0,40000.0,40000.0,40000.0,5000.0,15475.607181,-375.576763,-356.765207,0,true,true,1.0,-0.01,0
6,1185,59.25,60232.818395,44120.550106,72024.929506,37012.774974,15415.115794,-3084.499508,-756.836588,1490.427315,9.969274,-7.213499,-166.516098,0.0,0.0,1.0,-1.0,-0.349965,-0.069993,1.0,9096.392262,-24912.119554,-115765.794929,0.0,1.0,12972.501708,6756.40041,-109701.174396,0.0,1.0,-5197.301332,15009.297956,-110585.514637,0.0,40000.0,40000.0,40000.0,40000.0,40000.0,40000.0,40000.0,40000.0,40000.0,40000.0,40000.0,40000.0,9582.935547,8561.151367,8437.694336,40000.0,40000.0,40000.0,32885.757812,40000.0,40000.0,40000.0,40000.0,40000.0,5000.0,15285.948901,-482.119859,-8.471832,0,true,true,1.0,-0.01,0
6,1186,59.3,60336.398522,-66656.948629,72050.319206,-71263.09418,15367.956618,-3107.403659,-761.69095,1414.775207,9.633665,-8.078036,-166.443008,0.0,0.0,1.0,-1.0,-0.069993,0.0,1.0,10291.604438,-25622.931273,-115730.967992,0.0,1.0,14251.411841,6153.499117,-109767.125989,0.0,1.0,-3915.469518,14436.220009,-110976.508992,0.0,15068.313477,40000.0,40000.0,40000.0,40000.0,40000.0,40000.0,40000.0,40000.0,40000.0,40000.0,40000.0,9692.429688,8649.172852,8679.634766,40000.0,40000.0,40000.0,33018.15625,40000.0,40000.0,40000.0,40000.0,40000.0,5000.0,15183.500897,-529.899589,157.532931,0,true,true,1.0,-0.01,0
6,1187,59.35,60544.755599,43912.193029,72101.347533,36961.746647,15280.871838,-3157.310587,-773.092847,1280.383754,8.496826,-9.720264,-166.286819,0.0,0.0,1.0,-1.0,0.0,0.0,1.0,12514.269223,-27980.280987,-115382.599595,0.0,1.0,16639.543488,4046.454104,-109883.495444,0.0,1.0,-1507.585477,12365.914933,-111783.664443,0.0,14986.59668,40000.0,40000.0,40000.0,40000.0,40000.0,40000.0,40000.0,40000.0,40000.0,40000.0,40000.0,9914.65918,8829.0625,9179.59375,40000.0,40000.0,40000.0,33315.339844,40000.0,40000.0,40000.0,40000.0,40000.0,5000.0,14972.152398,-613.675902,471.231269,0,true,true,1.0,-0.01,0
6,1188,59.4,60648.962747,-66761.155776,72126.860016,-71288.606663,15241.032958,-3181.936436,-779.016602,1216.4692,7.705616,-10.499495,-166.199936,0.0,0.0,1.0,-1.0,0.0,0.0,1.0,13542.676185,-29603.537041,-115058.360917,0.0,1.0,17753.544598,2563.360046,-109918.503922,0.0,1.0,-378.340763,10885.222371,-112183.514725,0.0,14064.012695,40000.0,40000.0,40000.0,40000.0,40000.0,40000.0,40000.0,40000.0,40000.0,40000.0,40000.0,10025.525391,8919.804688,9437.967773,40000.0,40000.0,40000.0,33473.488281,40000.0,40000.0,40000.0,40000.0,40000.0,5000.0,14864.149683,-648.749094,620.036907,0,true,true,1.0,-0.01,0
6,1189,59.45,60860.441861,43700.713915,72178.651107,36909.955556,15167.410001,-3224.920892,-789.920531,1087.203207,6.55571,-11.622768,-166.052505,0.0,0.0,1.0,0.0,0.0,0.0,1.0,14777.522839,-31966.928175,-114652.604936,0.0,1.0,19149.149985,439.981352,-110023.286824,0.0,1.0,1025.304181,8739.535394,-112821.829248,0.0,13904.107422,40000.0,40000.0,40000.0,40000.0,40000.0,40000.0,40000.0,40000.0,40000.0,40000.0,40000.0,10247.25,9098.666992,9949.28418,40000.0,40000.0,40000.0,33751.695312,40000.0,40000.0,40000.0,40000.0,40000.0,5000.0,14647.653913,-693.133028,802.514613,0,true,true,1.0,-0.01,0
6,1190,59.5,61067.785146,-66968.499061,72229.481856,-71339.437412,15103.910539,-3265.231615,-800.746264,967.090088,5.80111,-12.353406,-165.942337,0.0,0.0,1.0,0.0,0.0,0.0,1.0,19818.14177,-919.736869,-110176.803456,0.0,1.0,1679.549992,7340.265874,-113330.637693,0.0,1.0,18928.169694,-13518.748462,-111652.72879,0.0,13806.088867,40000.0,40000.0,40000.0,40000.0,40000.0,40000.0,40000.0,40000.0,40000.0,40000.0,40000.0,10463.171875,9269.758789,10435.266602,40000.0,40000.0,40000.0,33981.011719,40000.0,40000.0,40000.0,40000.0,40000.0,5000.0,14439.187248,-717.199975,887.212319,0,true,true,1.0,-0.01,0
6,1191,59.55,61177.075828,43591.423233,72256.306148,36883.131264,15073.898935,-3278.720305,-804.72871,900.348064,5.531983,-12.612654,-165.900467,0.0,0.0,1.0,0.0,0.0,0.0,1.0,19934.174401,-1387.154618,-110284.060821,0.0,1.0,1777.04199,6846.726766,-113568.410528,0.0,1.0,18993.714536,-14024.213036,-111719.411556,0.0,13720.433594,40000.0,40000.0,40000.0,40000.0,40000.0,40000.0,40000.0,40000.0,40000.0,40000.0,40000.0,10576.925781,9358.407227,10683.051758,40000.0,40000.0,40000.0,34083.238281,40000.0,40000.0,40000.0,40000.0,40000.0,5000.0,14331.005248,-723.919528,900.932395,0,true,true,1.0,-0.01,0
6,1192,59.6,61386.706582,-67178.129814,72307.825391,-71390.956655,15022.081924,-3319.129647,-816.08643,790.990902,5.137424,-12.991418,-165.8367,0.0,0.0,1.0,0.0,0.0,0.0,1.0,19928.897029,-2052.450268,-110511.2953,0.0,1.0,1729.398352,6129.725288,-113991.418069,0.0,1.0,18897.880594,-14757.254133,-111892.359441,0.0,13542.831055,40000.0,40000.0,40000.0,40000.0,40000.0,40000.0,40000.0,40000.0,40000.0,40000.0,40000.0,10795.176758,9527.162109,11150.255859,40000.0,40000.0,40000.0,34260.789062,40000.0,40000.0,40000.0,40000.0,40000.0,5000.0,14124.916472,-731.700513,900.156526,0,true,true,1.0,-0.01,0
6,1193,59.65,61488.102497,43490.027317,72332.778792,36858.177863,14999.601004,-3336.434488,-821.092149,739.73508,4.966499,-13.155611,-165.812592,0.0,0.0,1.0,0.0,0.0,-0.069993,1.0,19890.057484,-2337.519148,-110618.692639,0.0,1.0,1668.389245,5817.689057,-114185.022374,0.0,1.0,18816.999419,-15074.408852,-111977.273956,0.0,13453.040039,40000.0,40000.0,40000.0,40000.0,40000.0,40000.0,40000.0,40000.0,40000.0,40000.0,40000.0,10901.960938,9609.27832,11299.292969,40000.0,40000.0,40000.0,34342.859375,40000.0,40000.0,40000.0,40000.0,40000.0,5000.0,14025.272447,-733.762921,896.657802,0,true,true,1.0,-0.01,0
6,1194,59.7,61709.010971,-67399.038288,72387.229866,-71445.407729,14957.070862,-3361.472764,-828.902402,619.277766,4.695634,-13.442225,-165.997559,0.0,0.0,1.0,0.0,0.069993,-1.269624,1.0,19718.418841,-2787.105293,-110847.735647,0.0,1.0,1407.29953,5231.671705,-114580.413099,0.0,1.0,18600.307453,-15601.270111,-112168.411267,0.0,13107.75293,40000.0,40000.0,40000.0,40000.0,40000.0,40000.0,40000.0,40000.0,40000.0,40000.0,40000.0,11199.376953,9820.530273,11556.459961,40000.0,40000.0,40000.0,40000.0,40000.0,40000.0,40000.0,40000.0,40000.0,5000.0,13810.892124,-682.318959,880.279031,0,true,true,1.0,-0.01,0
6,1195,59.75,61821.484015,43377.554273,72414.976937,36830.430792,14938.336131,-3374.191148,-832.412087,562.041887,4.587007,-13.564115,-166.169647,0.0,0.0,1.0,0.0,0.069993,-0.559944,1.0,19597.988583,-2972.393895,-110961.165879,0.0,1.0,1230.54086,4952.561551,-114770.965078,0.0,1.0,18474.740244,-15826.831547,-112264.344038,0.0,12981.80957,40000.0,40000.0,40000.0,40000.0,40000.0,40000.0,40000.0,40000.0,40000.0,40000.0,40000.0,11373.828125,9939.530273,11678.152344,40000.0,40000.0,40000.0,40000.0,40000.0,40000.0,40000.0,40000.0,40000.0,5000.0,13702.370978,-638.587646,869.306695,0,true,true,1.0,-0.01,0
6,1196,59.8,62047.847904,-67625.402177,72470.797936,-71501.228727,14906.036076,-3402.380024,-838.745275,459.24308,4.416624,-13.760336,-166.644867,0.0,0.0,1.0,0.0,0.209979,-0.979902,1.0,19278.96919,-3280.982537,-111186.801084,0.0,1.0,783.669723,4416.268614,-115135.08071,0.0,1.0,18178.172675,-16215.837333,-112456.235772,0.0,12804.513672,40000.0,40000.0,40000.0,40000.0,40000.0,40000.0,40000.0,40000.0,40000.0,40000.0,40000.0,11767.542969,10199.515625,11907.008789,40000.0,40000.0,40000.0,34463.179688,40000.0,40000.0,40000.0,40000.0,40000.0,5000.0,13484.501731,-523.075135,840.909895,0,true,true,1.0,-0.01,0
6,1197,59.85,62156.905118,43268.497058,72497.647161,36803.581567,14892.800551,-3420.179726,-842.02751,415.083743,4.356575,-13.835604,-166.957214,0.0,0.0,1.0,0.0,0.069993,-0.769923,1.0,19102.090714,-3404.605267,-111292.600777,0.0,1.0,535.407399,4156.314054,-115302.484454,0.0,1.0,18031.834294,-16379.075286,-112545.390058,0.0,12736.512695,40000.0,40000.0,40000.0,40000.0,40000.0,40000.0,40000.0,40000.0,40000.0,40000.0,40000.0,11986.561523,10338.986328,12007.459961,40000.0,40000.0,40000.0,34453.90625,40000.0,40000.0,40000.0,40000.0,40000.0,5000.0,13379.681981,-449.769158,825.467414,0,true,true,1.0,-0.01,0
6,1198,59.9,62377.56893,-67846.065988,72551.781195,-71555.362761,14870.48903,-3446.335774,-844.246211,326.513704,4.25807,-13.96581,-167.613525,0.0,0.0,1.0,0.0,0.0,-0.209979,1.0,18702.649052,-3627.148686,-111499.654239,0.0,1.0,-9.752866,3648.916669,-115624.466558,0.0,1.0,17700.972409,-16681.633446,-112721.419666,0.0,12598.535156,40000.0,40000.0,40000.0,40000.0,40000.0,40000.0,40000.0,40000.0,40000.0,40000.0,40000.0,12449.084961,10629.291992,12206.775391,40000.0,40000.0,40000.0,34403.691406,40000.0,40000.0,40000.0,40000.0,40000.0,5000.0,13166.106869,-299.749701,791.968513,0,true,true,1.0,-0.01,0
6,1199,59.95,62492.654406,43153.411582,72579.862579,36775.500182,14861.208135,-3452.5641,-842.441483,278.426855,4.221117,-14.035274,-167.964005,0.0,0.0,1.0,0.0,-0.139986,-0.419958,1.0,18498.467868,-3722.680664,-111599.472883,0.0,1.0,-290.273829,3400.940333,-115783.329917,0.0,1.0,17533.804662,-16819.789422,-112807.921867,0.0,12527.730469,40000.0,40000.0,40000.0,40000.0,40000.0,40000.0,40000.0,40000.0,40000.0,40000.0,40000.0,12700.298828,10785.09668,12309.875977,40000.0,40000.0,40000.0,34377.511719,40000.0,40000.0,40000.0,40000.0,40000.0,5000.0,13053.676737,-221.970845,776.344354,0,true,true,1.0,-0.01,0
6,1200,60.0,62716.05375,-68069.465332,72633.984981,-71609.485163,14847.195953,-3484.243842,-841.893336,199.287342,4.169819,-14.224027,-168.703934,0.0,0.0,1.0,0.0,-0.349965,-0.279972,1.0,18213.526579,-3895.690625,-111763.045262,0.0,1.0,-719.290854,2914.622358,-116078.459135,0.0,1.0,17338.220254,-17073.987469,-112946.285972,0.0,12209.337891,40000.0,40000.0,40000.0,40000.0,40000.0,40000.0,40000.0,40000.0,40000.0,40000.0,40000.0,23935.935547,11106.870117,12506.753906,40000.0,40000.0,40000.0,34323.292969,40000.0,40000.0,40000.0,40000.0,40000.0,5000.0,12832.829193,-63.029578,761.249191,0,true,true,1.0,-0.01,0
6,1201,60.05,62824.909107,43044.556225,72660.13186,36749.353304,14842.177331,-3494.419637,-839.35388,161.105248,4.148811,-14.32918,-169.06723,0.0,0.0,1.0,0.0,-0.069993,0.0,1.0,18099.56276,-3980.110397,-111833.270988,0.0,1.0,-900.335507,2676.339146,-116216.501677,0.0,1.0,17269.455582,-17197.545382,-113004.626135,0.0,11856.618164,40000.0,40000.0,40000.0,40000.0,40000.0,40000.0,40000.0,40000.0,40000.0,40000.0,40000.0,23978.052734,11268.288086,12603.22168,40000.0,40000.0,40000.0,34300.464844,40000.0,40000.0,40000.0,40000.0,40000.0,5000.0,12724.088751,12.744167,757.682298,0,true,true,1.0,-0.01,0
6,1202,60.1,63054.904808,-68299.461033,72714.714732,-71664.068035,14835.964689,-3514.30778,-830.882257,76.532299,4.121032,-14.474936,-169.569763,0.0,0.0,1.0,0.0,0.0,0.0,1.0,17660.093866,-4082.172029,-112000.961385,0.0,1.0,-1463.252766,2331.055875,-116488.395779,0.0,1.0,16860.337405,-17382.853942,-113166.26665,0.0,12170.179688,40000.0,40000.0,40000.0,40000.0,40000.0,40000.0,40000.0,40000.0,40000.0,40000.0,40000.0,24119.859375,11560.443359,12828.578125,40000.0,40000.0,40000.0,34310.320312,40000.0,40000.0,40000.0,40000.0,40000.0,5000.0,12494.057718,112.947881,731.857697,0,true,true,1.0,-0.01,0
6,1203,60.15,63172.307544,42927.153489,72742.226791,36721.841244,14834.811523,-3522.081887,-825.361739,34.595002,4.111705,-14.525765,-169.744766,0.0,0.0,1.0,0.0,0.0,0.0,1.0,17372.199133,-4112.437988,-112090.646231,0.0,1.0,-1807.160805,2203.326578,-116618.775292,0.0,1.0,16569.569082,-17454.532992,-113258.255274,0.0,12069.878906,40000.0,40000.0,40000.0,40000.0,40000.0,40000.0,40000.0,40000.0,40000.0,40000.0,40000.0,24228.029297,11693.93457,12949.966797,40000.0,40000.0,40000.0,34332.449219,40000.0,40000.0,40000.0,40000.0,40000.0,5000.0,12376.581812,145.774789,713.760014,0,true,true,1.0,-0.01,0
6,1204,60.2,63290.061734,-68417.215223,72769.588123,-71691.429367,14834.882711,-3532.625518,-820.83991,-2.135664,4.091565,-14.593013,-169.868774,0.0,0.0,1.0,0.0,-0.209979,0.629937,1.0,17100.604134,-4158.427125,-112173.899163,0.0,1.0,-2124.887557,2079.246852,-116745.851837,0.0,1.0,16286.761852,-17538.693797,-113343.4542,0.0,11962.503906,40000.0,40000.0,40000.0,40000.0,40000.0,40000.0,40000.0,40000.0,40000.0,40000.0,40000.0,24388.134766,11818.897461,13077.539062,40000.0,40000.0,40000.0,34369.796875,40000.0,40000.0,40000.0,40000.0,40000.0,5000.0,12258.45649,167.201848,699.244785,0,true,true,1.0,-0.01,0
6,1205,60.25,63521.350901,42695.864321,72822.624122,36668.805245,14838.537895,-3558.526741,-812.704768,-71.848384,4.024181,-14.744076,-169.986374,0.0,0.0,1.0,0.0,-0.069993,0.279972,1.0,16578.221547,-4277.47644,-112322.700222,0.0,1.0,-2725.444638,1845.748041,-116984.578557,0.0,1.0,15711.821955,-17733.297449,-113497.901445,0.0,11734.182617,40000.0,40000.0,40000.0,40000.0,40000.0,40000.0,40000.0,40000.0,40000.0,40000.0,40000.0,24679.851562,12040.12793,13341.319336,40000.0,40000.0,40000.0,34476.570312,40000.0,40000.0,40000.0,40000.0,40000.0,5000.0,12026.037257,182.409327,675.417873,0,true,true,1.0,-0.01,0
6,1206,60.3,63634.057619,-68529.921941,72848.166017,-71716.971262,14841.782942,-3568.068335,-808.605105,-102.731657,3.987421,-14.819653,-170.023621,0.0,0.0,1.0,0.0,0.0,0.139986,1.0,16319.96649,-4341.408293,-112391.472256,0.0,1.0,-3017.002998,1734.737852,-117096.485788,0.0,1.0,15425.967904,-17831.608494,-113568.929418,0.0,11620.134766,40000.0,40000.0,40000.0,40000.0,40000.0,40000.0,40000.0,40000.0,40000.0,40000.0,40000.0,24818.359375,12143.925781,13471.90332,40000.0,40000.0,40000.0,34533.597656,40000.0,40000.0,40000.0,40000.0,40000.0,5000.0,11912.590518,185.614365,664.905386,0,true,true,1.0,-0.01,0
6,1207,60.35,63869.623958,42460.297983,72900.917264,36616.053999,14851.73562,-3581.973011,-799.0047,-166.078903,3.916569,-14.973366,-170.090149,0.0,0.0,1.0,0.0,0.0,0.069993,1.0,15767.710736,-4460.383356,-112527.502801,0.0,1.0,-3638.125445,1521.110942,-117320.248021,0.0,1.0,14813.295655,-18022.517958,-113711.873346,0.0,11379.995117,40000.0,40000.0,40000.0,40000.0,40000.0,40000.0,40000.0,40000.0,40000.0,40000.0,40000.0,25105.21875,12358.026367,13745.716797,40000.0,40000.0,40000.0,34654.472656,40000.0,40000.0,40000.0,40000.0,40000.0,5000.0,11675.021416,189.993954,644.069469,0,true,true,1.0,-0.01,0
6,1208,60.4,63989.215304,-68649.513287,72927.376629,-71743.430628,14858.352115,-3587.74019,-793.780934,-198.494849,3.882477,-15.05159,-170.119629,0.0,0.0,1.0,0.0,-0.069993,0.0,1.0,15487.494013,-4514.389899,-112591.523106,0.0,1.0,-3954.461797,1418.979082,-117429.099522,0.0,1.0,14499.765686,-18114.57362,-113780.737443,0.0,11257.536133,40000.0,40000.0,40000.0,40000.0,40000.0,40000.0,40000.0,40000.0,40000.0,40000.0,40000.0,25250.099609,12465.726562,13885.188477,40000.0,40000.0,40000.0,34716.75,40000.0,40000.0,40000.0,40000.0,40000.0,5000.0,11554.155281,191.357557,634.523018,0,true,true,1.0,-0.01,0
6,1209,60.45,64219.613944,42229.899342,72977.80297,36565.627658,14873.65015,-3611.305343,-787.58856,-252.277503,3.814482,-15.233874,-170.163483,0.0,0.0,1.0,0.0,-0.209979,0.069993,1.0,15000.666205,-4623.976331,-112701.099025,0.0,1.0,-4502.028095,1225.49915,-117634.032446,0.0,1.0,13950.523977,-18293.270137,-113899.101849,0.0,11021.560547,40000.0,40000.0,40000.0,40000.0,40000.0,40000.0,40000.0,40000.0,40000.0,40000.0,40000.0,25530.511719,12672.12207,14157.361328,40000.0,40000.0,40000.0,40000.0,40000.0,40000.0,40000.0,40000.0,40000.0,5000.0,11320.581602,191.148937,623.763449,0,true,true,1.0,-0.01,0
6,1210,60.5,64454.047948,-68883.94729,73028.396147,-71794.023804,14892.677522,-3622.279635,-779.036328,-306.362376,3.746857,-15.46111,-170.189102,0.0,0.0,1.0,0.0,-0.209979,0.069993,1.0,14580.680841,-4727.418393,-112793.649488,0.0,1.0,-4977.426362,1044.369798,-117836.901801,0.0,1.0,13463.334588,-18466.372653,-114003.104261,0.0,10781.169922,40000.0,40000.0,40000.0,40000.0,40000.0,40000.0,40000.0,40000.0,40000.0,40000.0,40000.0,25817.431641,12880.219727,14439.4375,40000.0,40000.0,40000.0,40000.0,40000.0,40000.0,40000.0,40000.0,40000.0,5000.0,11081.946348,186.988751,622.538106,0,true,true,1.0,-0.01,0
6,1211,60.55,64574.878212,42109.069078,73054.16451,36539.859294,14904.001481,-3624.907732,-773.050859,-339.718748,3.711835,-15.611512,-170.189362,0.0,0.0,1.0,0.0,-0.419958,0.139986,1.0,14434.129824,-4769.671199,-112826.65872,0.0,1.0,-5156.326066,959.605195,-117940.478759,0.0,1.0,13271.065488,-18551.838419,-114046.438747,0.0,10657.375977,40000.0,40000.0,40000.0,40000.0,40000.0,40000.0,40000.0,40000.0,40000.0,40000.0,40000.0,25966.900391,12986.616211,14588.814453,40000.0,40000.0,40000.0,40000.0,40000.0,40000.0,40000.0,40000.0,40000.0,5000.0,10958.361537,182.186711,628.872769,0,true,true,1.0,-0.01,0
6,1212,60.6,64695.536403,-69004.605481,73079.726225,-71819.585519,14916.140573,-3631.679404,-769.379608,-365.373378,3.672175,-15.811578,-170.168015,0.0,0.0,1.0,0.0,-0.769923,0.349965,1.0,14372.208677,-4822.769571,-112848.768395,0.0,1.0,-5235.090385,880.063616,-118046.773362,0.0,1.0,13167.319399,-18639.786123,-114077.451088,0.0,10533.594727,40000.0,40000.0,40000.0,40000.0,40000.0,40000.0,40000.0,40000.0,40000.0,40000.0,40000.0,26118.154297,13091.193359,14744.193359,40000.0,40000.0,40000.0,40000.0,40000.0,40000.0,40000.0,40000.0,40000.0,5000.0,10834.328577,173.014064,644.543475,0,true,true,1.0,-0.01,0
6,1213,60.65,64929.052483,41875.552999,73128.773906,36490.811613,14941.867612,-3646.224586,-763.958829,-414.041591,3.422683,-16.879879,-169.461685,0.0,0.0,1.0,0.0,-0.769923,0.489951,1.0,15453.546057,-5066.567175,-112723.207513,0.0,1.0,-4055.837005,818.331834,-118301.741122,0.0,1.0,14018.031051,-18934.240635,-113988.979443,0.0,9762.616211,40000.0,40000.0,40000.0,40000.0,40000.0,40000.0,40000.0,40000.0,40000.0,40000.0,40000.0,26399.189453,13189.858398,15175.4375,40000.0,40000.0,37607.480469,40000.0,40000.0,40000.0,40000.0,40000.0,40000.0,5000.0,10586.672399,30.485489,793.146667,0,true,true,1.0,-0.01,0
6,1214,60.7,65050.622758,-69126.175756,73154.142982,-71844.954595,14956.591385,-3647.108056,-761.072228,-441.713171,3.317364,-17.317036,-169.171356,0.0,0.0,1.0,0.0,0.0,0.0,1.0,15800.639928,-5157.053958,-112682.630923,0.0,1.0,-3675.795251,793.256837,-118420.508658,0.0,1.0,14261.331287,-19052.922681,-113968.83604,0.0,9854.882812,40000.0,40000.0,40000.0,40000.0,40000.0,40000.0,40000.0,40000.0,40000.0,40000.0,40000.0,26661.203125,13252.339844,15387.014648,40000.0,40000.0,37158.261719,40000.0,40000.0,40000.0,40000.0,40000.0,40000.0,5000.0,10457.660807,-25.89285,847.758066,0,true,true,1.0,-0.01,0
6,1215,60.75,65288.911012,41637.264744,73203.678793,36441.275801,14987.883351,-3654.753599,-758.97426,-493.421031,3.15928,-17.951342,-168.746658,0.0,0.0,1.0,0.0,0.0,0.0,1.0,16071.28366,-5271.992281,-112658.196697,0.0,1.0,-3372.691002,757.449978,-118634.4646,0.0,1.0,45184.901268,-28781.234095,-104509.19061,0.0,9628.523438,40000.0,40000.0,40000.0,40000.0,40000.0,40000.0,40000.0,40000.0,40000.0,40000.0,40000.0,27116.652344,13392.605469,15908.90625,40000.0,40000.0,37067.804688,40000.0,40000.0,40000.0,40000.0,40000.0,40000.0,5000.0,10206.359735,-105.273374,913.867486,0,true,true,1.0,-0.01,0
6,1216,60.8,65410.856125,-69248.120869,73228.962611,-71870.238412,15005.289934,-3658.353193,-758.514488,-522.197446,3.103344,-18.169846,-168.59938,0.0,0.0,1.0,0.0,0.0,0.0,1.0,44997.17039,-28917.930744,-104426.623038,7.40164,1.0,16018.885446,-5295.593097,-112670.546361,0.0,1.0,-3429.78538,746.629827,-118735.389234,0.0,9547.776367,40000.0,40000.0,40000.0,40000.0,40000.0,40000.0,40000.0,40000.0,40000.0,40000.0,40000.0,27316.654297,13472.347656,16239.688477,40000.0,40000.0,37026.6875,40000.0,40000.0,40000.0,40000.0,40000.0,40000.0,5000.0,10078.863556,-131.603891,929.084103,0,true,true,1.0,-0.01,0
6,1217,60.85,65654.547847,41393.573023,73279.426834,36390.811578,15042.622514,-3664.105893,-758.544368,-574.752255,3.02225,-18.481457,-168.388474,0.0,0.0,1.0,0.0,0.0,0.0,1.0,44443.031453,-29108.11034,-104355.782506,17.746922,1.0,15678.411627,-5308.348506,-112726.769126,0.0,1.0,-3795.731122,735.424474,-118925.689991,0.0,9356.56543,40000.0,40000.0,40000.0,40000.0,40000.0,40000.0,40000.0,40000.0,40000.0,40000.0,40000.0,27584.578125,13640.71875,16854.5625,40000.0,40000.0,36224.1875,40000.0,40000.0,40000.0,40000.0,40000.0,40000.0,5000.0,9825.422307,-167.534483,938.522583,0,true,true,1.0,-0.01,0
6,1218,60.9,65774.755992,-69368.329015,73304.306182,-71895.11776,15062.234614,-3668.607047,-759.287563,-598.537534,2.9933,-18.591263,-168.313904,0.0,0.0,1.0,0.0,0.0,0.0,1.0,44106.663163,-29172.765418,-104352.875555,21.392722,1.0,15427.304299,-5302.374289,-112764.662573,0.0,1.0,-4065.252882,733.684843,-119014.653292,0.0,9251.625,40000.0,40000.0,40000.0,40000.0,40000.0,40000.0,40000.0,40000.0,40000.0,40000.0,40000.0,27715.871094,13726.875,17140.960938,40000.0,40000.0,35158.738281,40000.0,40000.0,40000.0,40000.0,40000.0,40000.0,5000.0,9700.835452,-179.485243,936.184467,0,true,true,1.0,-0.01,0
6,1219,60.95,66019.406448,41148.922567,73354.944241,36340.173519,15104.571723,-3670.818894,-759.852698,-647.172723,2.95166,-18.747917,-168.207275,0.0,0.0,1.0,0.0,0.0,0.0,1.0,43325.554491,-29260.549141,-104392.88612,27.232798,1.0,14793.606054,-5267.579945,-112852.764242,0.0,1.0,-4750.518613,735.519078,-119185.589569,0.0,9021.957031,40000.0,40000.0,40000.0,40000.0,40000.0,40000.0,40000.0,40000.0,40000.0,40000.0,40000.0,27982.308594,13906.767578,17695.919922,40000.0,40000.0,35019.75,40000.0,40000.0,40000.0,40000.0,40000.0,40000.0,5000.0,9447.78494,-195.312205,921.673902,0,true,true,1.0,-0.01,0
6,1220,61.0,66141.842131,-69490.764698,73380.296971,-71920.47049,15127.038851,-3673.070303,-760.581871,-674.013793,2.937557,-18.800634,-168.171341,0.0,0.0,1.0,0.0,0.0,0.0,1.0,42897.118637,-29287.907254,-104429.016545,29.764151,1.0,14434.074841,-5237.118372,-112897.561927,0.0,1.0,-5146.574281,738.282805,-119265.743622,0.0,8900.901367,40000.0,40000.0,40000.0,40000.0,40000.0,40000.0,40000.0,40000.0,40000.0,40000.0,40000.0,28115.287109,13998.621094,17962.457031,40000.0,40000.0,35087.949219,40000.0,40000.0,40000.0,40000.0,40000.0,40000.0,5000.0,9321.233124,-200.063394,911.088284,0,true,true,1.0,-0.01,0
6,1221,61.05,66379.061303,40911.703395,73429.447869,36291.022621,15172.530049,-3676.464543,-761.927341,-716.654889,2.936756,-18.813061,-168.180298,0.0,0.0,1.0,0.0,0.139986,-0.139986,1.0,41948.593539,-29279.65514,-104557.478325,32.872173,1.0,13560.933198,-5166.644786,-113004.344492,0.0,1.0,-6095.875752,739.011799,-119406.909114,0.0,8642.72168,40000.0,40000.0,40000.0,40000.0,40000.0,40000.0,40000.0,40000.0,40000.0,40000.0,40000.0,28374.982422,14186.916016,18423.136719,40000.0,40000.0,35193.980469,40000.0,40000.0,40000.0,40000.0,40000.0,40000.0,5000.0,9077.071096,-196.453248,878.198953,0,true,true,1.0,-0.01,0
6,1222,61.1,66501.672178,-69613.375573,73454.867801,-71945.890422,15197.188124,-3678.326048,-762.597911,-739.742192,2.963076,-18.737318,-168.2668,0.0,0.0,1.0,0.0,0.559944,-0.629937,1.0,41355.954184,-29216.091314,-104676.332096,34.217233,1.0,12965.493436,-5107.722813,-113071.592323,0.0,1.0,-6751.835367,730.273396,-119466.626692,0.0,8509.491211,40000.0,40000.0,40000.0,40000.0,40000.0,40000.0,40000.0,40000.0,40000.0,40000.0,40000.0,28513.333984,14296.293945,18601.78125,40000.0,40000.0,35223.835938,40000.0,40000.0,40000.0,40000.0,40000.0,40000.0,5000.0,8951.939808,-181.93551,850.039565,0,true,true,1.0,-0.01,0
6,1223,61.15,66624.340104,40789.035469,73480.301135,36265.589287,15222.508012,-3680.037591,-762.999977,-759.596593,2.988286,-18.65917,-168.350037,0.0,0.0,1.0,0.0,0.069993,0.0,1.0,40755.817325,-29156.291919,-104793.208463,35.200885,1.0,12359.141235,-5054.810497,-113137.297008,0.0,1.0,-7414.238858,720.141612,-119522.139037,0.0,8355.725586,40000.0,40000.0,40000.0,40000.0,40000.0,40000.0,40000.0,40000.0,40000.0,40000.0,40000.0,28650.839844,14405.02832,18781.082031,40000.0,40000.0,35253.625,40000.0,40000.0,40000.0,40000.0,40000.0,40000.0,5000.0,8826.490206,-168.278585,822.412089,0,true,true,1.0,-0.01,0
6,1224,61.2,66850.879722,-69839.915191,73527.251414,-71992.8407,15270.900301,-3703.824624,-767.451639,-796.36734,3.049181,-18.468887,-168.547974,0.0,0.0,1.0,0.0,0.0,-0.069993,1.0,39587.305533,-29018.468114,-105029.530141,36.708569,1.0,11160.859054,-4945.814996,-113254.870681,0.0,1.0,-8731.468563,691.204045,-119607.885303,0.0,8108.177246,40000.0,40000.0,40000.0,40000.0,40000.0,40000.0,40000.0,40000.0,40000.0,40000.0,40000.0,28907.410156,14613.132812,19052.421875,40000.0,40000.0,35295.261719,40000.0,40000.0,40000.0,40000.0,40000.0,40000.0,5000.0,8594.793584,-137.411374,767.25644,0,true,true,1.0,-0.01,0
6,1225,61.25,66972.537847,40667.377344,73552.440774,36240.399926,15297.754879,-3686.67686,-763.327831,-813.78989,3.083062,-18.358053,-168.65834,0.0,0.0,1.0,0.0,0.279972,-0.209979,1.0,38945.033345,-28944.204075,-105156.157508,37.251645,1.0,10495.286235,-4893.019923,-113315.250506,0.0,1.0,37566.215625,-21732.053978,-105225.913617,0.0,7978.580566,40000.0,40000.0,40000.0,40000.0,40000.0,40000.0,40000.0,40000.0,40000.0,40000.0,40000.0,29007.916016,14725.677734,40000.0,40000.0,40000.0,35315.703125,40000.0,40000.0,40000.0,40000.0,40000.0,40000.0,5000.0,8470.063935,-120.858261,737.832459,0,true,true,1.0,-0.01,0
6,1226,61.3,67210.954573,-70078.331917,73601.721499,-72042.121425,15351.808133,-3697.160514,-763.698684,-844.371239,3.154423,-18.050474,-168.892334,0.0,0.0,1.0,0.0,0.419958,-0.139986,1.0,37530.444286,-28790.436978,-105451.280015,38.073193,1.0,9014.133172,-4791.830221,-113436.093357,0.0,1.0,36121.253435,-21584.095954,-105514.076702,0.0,7776.253906,40000.0,40000.0,40000.0,40000.0,40000.0,40000.0,40000.0,40000.0,40000.0,40000.0,40000.0,29147.447266,14943.983398,40000.0,40000.0,40000.0,35336.566406,40000.0,40000.0,40000.0,40000.0,40000.0,40000.0,5000.0,8225.969015,-86.643142,670.07399,0,true,true,1.0,-0.01,0
6,1227,61.35,67334.001176,40544.330741,73627.093086,36215.028339,15380.470817,-3691.397891,-761.147571,-859.880489,3.190286,-17.8699,-169.0112,0.0,0.0,1.0,0.0,0.279972,-0.069993,1.0,36758.182264,-28714.959392,-105609.822196,38.414681,1.0,8207.17004,-4741.409989,-113493.022958,0.0,1.0,35333.352705,-21511.658695,-105668.414237,0.0,7646.148438,40000.0,40000.0,40000.0,40000.0,40000.0,40000.0,40000.0,40000.0,40000.0,40000.0,40000.0,29216.384766,15054.949219,40000.0,40000.0,40000.0,35343.648438,40000.0,40000.0,40000.0,40000.0,40000.0,40000.0,5000.0,8099.77207,-69.809204,633.751957,0,true,true,1.0,-0.01,0
6,1228,61.4,67568.928816,-70313.259558,73675.387339,-72090.415678,15436.311604,-3707.910923,-761.445978,-885.562988,3.240924,-17.610661,-169.181366,0.0,0.0,1.0,0.0,0.0,0.0,1.0,35403.829325,-28613.589582,-105846.587074,38.890596,1.0,6820.264299,-4661.097162,-113577.901302,0.0,1.0,33956.592622,-21414.710189,-105899.071878,0.0,7396.46582,40000.0,40000.0,40000.0,40000.0,40000.0,40000.0,40000.0,40000.0,40000.0,40000.0,40000.0,29377.617188,15260.661133,40000.0,40000.0,40000.0,35379.851562,40000.0,40000.0,40000.0,40000.0,40000.0,40000.0,5000.0,7857.161723,-47.102066,578.951495,0,true,true,1.0,-0.01,0
6,1229,61.45,67690.865657,40422.393901,73700.369593,36190.046085,15465.8977,-3699.450437,-757.938383,-897.614669,3.25898,-17.516981,-169.242706,0.0,0.0,1.0,0.0,0.0,0.0,1.0,34758.560115,-28580.166952,-105939.32582,39.07343,1.0,6174.155308,-4625.623181,-113611.879172,0.0,1.0,33303.239315,-21382.901582,-105989.583028,0.0,7266.240234,40000.0,40000.0,40000.0,40000.0,40000.0,40000.0,40000.0,40000.0,40000.0,40000.0,40000.0,29475.212891,15364.271484,40000.0,40000.0,40000.0,35409.105469,40000.0,40000.0,40000.0,40000.0,40000.0,40000.0,5000.0,7730.520408,-39.616276,557.247533,0,true,true,1.0,-0.01,0
6,1230,61.5,67932.930308,-70555.324208,73749.780498,-72139.826583,15525.656402,-3707.616338,-755.868858,-919.743754,3.284789,-17.381897,-169.331039,0.0,0.0,1.0,0.0,0.0,0.0,1.0,33549.370078,-28536.965178,-106085.480739,39.353145,1.0,4984.879335,-4560.567178,-113665.769361,0.0,1.0,32082.404097,-21342.042481,-106132.506557,0.0,7006.967285,40000.0,40000.0,40000.0,40000.0,40000.0,40000.0,40000.0,40000.0,40000.0,40000.0,40000.0,29686.082031,15564.478516,40000.0,40000.0,40000.0,35479.949219,40000.0,40000.0,40000.0,40000.0,40000.0,40000.0,5000.0,7478.219475,-29.992758,522.744988,0,true,true,1.0,-0.01,0
6,1231,61.55,68056.428494,40298.895714,73774.891249,36164.935334,15556.672389,-3704.94541,-753.322485,-930.479561,3.293886,-17.333942,-169.362366,0.0,0.0,1.0,0.0,0.0,0.0,1.0,32962.006558,-28524.045675,-106144.484238,39.464059,1.0,4417.194483,-4528.564344,-113687.498459,0.0,1.0,31490.910151,-21329.95892,-106190.357516,0.0,6874.397461,40000.0,40000.0,40000.0,40000.0,40000.0,40000.0,40000.0,40000.0,40000.0,40000.0,40000.0,29791.414062,15707.178711,40000.0,40000.0,40000.0,35521.234375,40000.0,40000.0,40000.0,40000.0,40000.0,40000.0,5000.0,7349.124832,-27.158688,508.688817,0,true,true,1.0,-0.01,0
6,1232,61.6,68291.383411,-70790.279124,73822.479598,-72187.414933,15616.464701,-3722.456225,-753.038638,-949.849621,3.306836,-17.265375,-169.40712,0.0,0.0,1.0,0.0,0.0,0.0,1.0,31876.338714,-28509.017143,-106239.12519,39.625762,1.0,3378.828261,-4468.9875,-113721.977797,0.0,1.0,30399.339457,-21316.129615,-106283.345548,0.0,6621.928223,40000.0,40000.0,40000.0,40000.0,40000.0,40000.0,40000.0,40000.0,40000.0,40000.0,40000.0,30015.970703,15995.474609,40000.0,40000.0,40000.0,35605.242188,40000.0,40000.0,40000.0,40000.0,40000.0,40000.0,5000.0,7103.081065,-23.947435,485.996321,0,true,true,1.0,-0.01,0
6,1233,61.65,68415.102943,40175.176181,73847.442038,36139.972894,15648.435675,-3711.585791,-748.873159,-959.129179,3.311462,-17.240791,-169.423157,0.0,0.0,1.0,0.0,0.0,0.0,1.0,31320.759992,-28505.684688,-106280.070811,39.689559,1.0,2852.320093,-4438.772979,-113736.99622,0.0,1.0,29841.645275,-21313.228249,-106323.69712,0.0,6488.866699,40000.0,40000.0,40000.0,40000.0,40000.0,40000.0,40000.0,40000.0,40000.0,40000.0,40000.0,30148.917969,16150.292969,40000.0,40000.0,40000.0,35652.210938,40000.0,40000.0,40000.0,40000.0,40000.0,40000.0,5000.0,6973.283,-23.304327,476.099559,0,true,true,1.0,-0.01,0
6,1234,61.7,68651.28695,-71026.46313,73894.924726,-72234.89762,15710.118073,-3726.913864,-748.375649,-975.75862,3.312607,-17.150442,-169.427841,0.0,0.0,1.0,0.0,0.559944,0.349965,1.0,30165.257652,-28511.403009,-106378.053505,39.780291,1.0,1754.031697,-4383.769925,-113764.03295,0.0,1.0,28684.859051,-21319.197178,-106419.387464,0.0,6231.570801,40000.0,40000.0,40000.0,40000.0,40000.0,40000.0,40000.0,40000.0,40000.0,40000.0,40000.0,30389.089844,16449.369141,40000.0,40000.0,40000.0,35735.46875,40000.0,40000.0,40000.0,40000.0,40000.0,40000.0,5000.0,6725.661388,-24.760869,452.88653,0,true,true,1.0,-0.01,0
6,1235,61.75,68775.214616,40051.248515,73919.745208,36115.152412,15742.929469,-3717.829795,-744.61442,-984.341839,3.293835,-16.995626,-169.364563,0.0,0.0,1.0,0.0,1.301737,0.600802,1.0,29324.276212,-28543.517915,-106483.287925,39.820074,1.0,956.168895,-4353.013527,-113776.064629,0.0,1.0,27850.231889,-21349.984949,-106520.571112,0.0,6088.455078,40000.0,40000.0,40000.0,40000.0,40000.0,40000.0,40000.0,40000.0,40000.0,40000.0,40000.0,30492.681641,16616.417969,40000.0,40000.0,40000.0,35764.007812,40000.0,40000.0,40000.0,40000.0,40000.0,40000.0,5000.0,6596.409111,-32.002844,428.692413,0,true,true,1.0,-0.01,0
6,1236,61.8,69022.139025,-71273.38754,73969.028865,-72284.181277,15809.060925,-3723.770896,-742.624231,-1000.073325,3.20925,-16.328875,-169.072876,0.0,0.0,1.0,0.0,1.234631,0.44094,1.0,26894.323716,-28670.477095,-106852.980931,39.881206,1.0,-1369.583059,-4283.839029,-113779.02155,0.0,1.0,25450.229797,-21470.803206,-106873.027947,0.0,5815.592773,40000.0,40000.0,40000.0,40000.0,40000.0,40000.0,40000.0,40000.0,40000.0,40000.0,40000.0,30744.935547,16969.792969,40000.0,40000.0,40000.0,35769.535156,40000.0,40000.0,40000.0,40000.0,40000.0,40000.0,5000.0,6340.622169,-60.94121,342.798213,0,true,true,1.0,-0.01,0
6,1237,61.85,69146.298437,39927.089103,73993.762361,36090.418916,15842.579674,-3724.782149,-742.004838,-1005.562412,3.159055,-15.89691,-168.894455,0.0,0.0,1.0,0.0,1.067325,0.251135,1.0,25473.957322,-28740.542828,-107065.934286,39.901419,1.0,-2739.986324,-4246.552268,-113761.602681,0.0,1.0,24048.248638,-21537.18352,-107075.026169,0.0,5637.549805,40000.0,40000.0,40000.0,40000.0,40000.0,40000.0,40000.0,40000.0,40000.0,40000.0,40000.0,30860.792969,17151.054688,40000.0,40000.0,40000.0,35618.027344,40000.0,40000.0,40000.0,40000.0,40000.0,40000.0,5000.0,6211.956539,-77.446627,291.551665,0,true,true,1.0,-0.01,0
6,1238,61.9,69390.350954,-71517.440058,74042.519182,-72332.938099,15905.69931,-3721.031958,-745.992826,-914.757687,3.072167,-15.107225,-168.573608,1.0,0.0,1.0,0.0,0.0,0.0,1.0,22806.138512,-28853.961922,-107427.445569,39.931592,1.0,-5306.647529,-4161.235519,-113702.303679,0.0,1.0,21413.873042,-21644.066058,-107416.875559,0.0,6162.189941,40000.0,40000.0,40000.0,40000.0,40000.0,40000.0,40000.0,40000.0,40000.0,40000.0,40000.0,31089.626953,17507.613281,40000.0,40000.0,40000.0,35302.21875,40000.0,40000.0,40000.0,40000.0,40000.0,40000.0,5000.0,5958.290568,-105.499106,200.32901,0,true,true,1.0,-0.01,0
6,1239,61.95,69513.866065,39803.573993,74067.463548,36065.474551,15932.931267,-3705.453124,-748.330924,-816.958664,3.042544,-14.826255,-168.460068,1.0,0.0,1.0,0.0,0.0,0.0,1.0,21706.063499,-28889.345177,-107563.423402,39.943194,1.0,-6356.943323,-4115.789837,-113685.460699,0.0,1.0,20325.765974,-21677.161939,-107545.961519,0.0,6169.85498,40000.0,40000.0,40000.0,40000.0,40000.0,40000.0,40000.0,40000.0,40000.0,40000.0,40000.0,31152.636719,17683.822266,40000.0,40000.0,40000.0,35182.511719,40000.0,40000.0,40000.0,40000.0,40000.0,40000.0,5000.0,5830.253867,-114.746703,164.646054,0,true,true,1.0,-0.01,0
6,1240,62.0,69636.990567,-71640.56456,74092.519977,-72357.994528,15956.850385,-3693.734868,-751.692853,-717.573504,3.019695,-14.605024,-168.370911,1.0,0.0,1.0,0.0,0.0,0.0,1.0,20734.572856,-28914.709395,-107681.877871,39.953266,1.0,-7278.175192,-4068.731722,-113680.737931,0.0,1.0,19363.723768,-21700.739345,-107659.027609,0.0,6166.375,40000.0,40000.0,40000.0,40000.0,40000.0,40000.0,40000.0,40000.0,40000.0,40000.0,40000.0,31229.261719,17857.041016,40000.0,40000.0,40000.0,35082.183594,40000.0,40000.0,40000.0,40000.0,40000.0,40000.0,5000.0,5703.083564,-121.593353,133.191214,0,true,true,1.0,-0.01,0
6,1241,62.05,69866.285499,39574.279061,74139.647935,36018.346594,15993.622386,-3679.8815,-758.827952,-550.273203,2.998198,-14.339913,-168.285767,1.0,0.0,1.0,0.0,-1.119203,-0.586249,1.0,19250.502301,-28933.251045,-107867.069564,39.966668,1.0,-8686.700918,-3990.803774,-113712.300768,0.0,1.0,17888.390301,-21717.649257,-107837.829491,0.0,5902.301758,40000.0,40000.0,40000.0,40000.0,40000.0,40000.0,40000.0,40000.0,40000.0,40000.0,40000.0,31412.839844,18165.148438,40000.0,40000.0,40000.0,34998.851562,40000.0,40000.0,40000.0,40000.0,40000.0,40000.0,5000.0,5467.595132,-126.826876,84.108578,0,true,true,1.0,-0.01,0
6,1242,62.1,70107.508088,-71881.787149,74189.899992,-72408.246585,16021.502458,-3655.415042,-763.965178,-381.84787,3.023688,-14.370025,-168.389114,1.0,0.0,1.0,0.0,-0.769923,-0.419958,1.0,18384.233214,-28895.828911,-107991.626869,39.976876,1.0,-9513.068966,-3933.52759,-113830.278171,0.0,1.0,17009.712622,-21682.577149,-107963.247329,0.0,5655.287109,40000.0,40000.0,40000.0,40000.0,40000.0,40000.0,40000.0,40000.0,40000.0,40000.0,40000.0,31696.880859,18448.160156,40000.0,40000.0,40000.0,35097.738281,40000.0,40000.0,40000.0,40000.0,40000.0,40000.0,5000.0,5222.141334,-116.308208,53.347651,0,true,true,1.0,-0.01,0
6,1243,62.15,70228.909301,39452.877848,74215.441527,35992.805058,16031.374733,-3642.036205,-766.246026,-296.168253,3.041202,-14.419255,-168.459869,1.0,0.0,1.0,0.0,-0.139986,-0.069993,1.0,18026.477803,-28873.193305,-108059.950103,39.981031,1.0,-9851.62208,-3906.41503,-113911.468637,0.0,1.0,16643.644758,-21661.525565,-108032.850155,0.0,5532.550781,40000.0,40000.0,40000.0,40000.0,40000.0,40000.0,40000.0,40000.0,40000.0,40000.0,40000.0,31849.744141,18586.441406,40000.0,40000.0,40000.0,35151.429688,40000.0,40000.0,40000.0,40000.0,40000.0,40000.0,5000.0,5099.612894,-109.913665,36.819138,0,true,true,1.0,-0.01,0
6,1244,62.2,70350.521376,-72003.399224,74240.998702,-72433.80376,16042.140435,-3648.362065,-766.7152,-322.971032,3.061155,-14.487264,-168.540161,0.0,0.0,1.0,0.0,-0.279972,-0.139986,1.0,17707.612905,-28849.082805,-108119.852377,39.984481,1.0,-10152.408433,-3881.292385,-113993.392346,0.0,1.0,16315.430267,-21639.207741,-108094.508506,0.0,5410.427246,40000.0,40000.0,40000.0,40000.0,40000.0,40000.0,40000.0,40000.0,40000.0,40000.0,40000.0,32008.208984,18722.974609,40000.0,40000.0,40000.0,35207.402344,40000.0,40000.0,40000.0,40000.0,40000.0,40000.0,5000.0,4976.692982,-103.105582,22.551022,0,true,true,1.0,-0.01,0
6,1245,62.25,70594.321364,39209.07786,74292.127642,35941.676118,16066.141491,-3659.722196,-766.911285,-371.823545,3.125857,-14.805213,-168.797852,0.0,0.0,1.0,0.0,-1.036754,-0.436528,1.0,17460.570656,-28779.13172,-108177.358047,39.989384,1.0,-10384.6544,-3853.456582,-114186.852362,0.0,1.0,16039.109062,-21574.94782,-108160.197113,0.0,5174.961914,40000.0,40000.0,40000.0,40000.0,40000.0,40000.0,40000.0,40000.0,40000.0,40000.0,40000.0,32250.558594,18978.0,40000.0,40000.0,40000.0,35340.5625,40000.0,40000.0,40000.0,40000.0,40000.0,40000.0,5000.0,4729.904745,-83.553509,10.759494,0,true,true,1.0,-0.01,0
6,1246,62.3,70715.140999,-72124.218858,74317.39825,-72459.074367,16079.134551,-3666.233747,-766.828623,-394.270324,3.171273,-15.068812,-168.975647,0.0,0.0,1.0,0.0,-1.159576,-0.46383,1.0,17563.717746,-28733.702731,-108171.074937,39.991133,1.0,-10282.27746,-3850.618559,-114301.075281,0.0,1.0,16122.448935,-21533.442222,-108160.776869,0.0,5063.123047,40000.0,40000.0,40000.0,40000.0,40000.0,40000.0,40000.0,40000.0,40000.0,40000.0,40000.0,32363.056641,19096.185547,40000.0,40000.0,40000.0,35420.464844,40000.0,40000.0,40000.0,40000.0,40000.0,40000.0,5000.0,4607.45487,-71.204908,13.662107,0,true,true,1.0,-0.01,0
6,1247,62.35,70951.098528,38973.12033,74366.56779,35892.506578,16106.551688,-3683.497667,-766.50526,-437.445136,3.281121,-15.714891,-169.393845,0.0,0.0,1.0,0.0,-0.349965,-0.139986,1.0,18048.852156,-28629.672718,-108113.768023,39.993775,1.0,-9807.164111,-3857.913131,-114544.28168,0.0,1.0,16561.573949,-21438.770897,-108120.679783,0.0,4850.287598,40000.0,40000.0,40000.0,40000.0,40000.0,40000.0,40000.0,40000.0,40000.0,40000.0,40000.0,32627.451172,19315.488281,40000.0,40000.0,40000.0,35596.824219,40000.0,40000.0,40000.0,40000.0,40000.0,40000.0,5000.0,4367.948808,-44.423221,28.267107,0,true,true,1.0,-0.01,0
6,1248,62.4,71073.720689,-72246.841019,74391.991329,-72484.497906,16121.975402,-3678.664643,-762.70613,-462.71139,3.338356,-16.052303,-169.605133,0.0,0.0,1.0,0.0,-0.279972,-0.069993,1.0,18299.499855,-28578.710927,-108081.108299,39.994872,1.0,-9555.413742,-3859.683723,-114667.632362,0.0,1.0,16789.280604,-21392.606857,-108097.212719,0.0,4738.40625,40000.0,40000.0,40000.0,40000.0,40000.0,40000.0,40000.0,40000.0,40000.0,40000.0,40000.0,32870.320312,19432.708984,40000.0,40000.0,40000.0,35692.042969,40000.0,40000.0,40000.0,40000.0,40000.0,40000.0,5000.0,4243.235562,-32.164556,34.910766,0,true,true,1.0,-0.01,0
6,1249,62.45,71301.334537,38745.506482,74438.913235,35845.584671,16152.359753,-3696.357921,-760.420006,-503.535759,3.453232,-16.717571,-170.016388,0.0,0.0,1.0,0.0,-0.209979,-0.069993,1.0,18846.514309,-28480.955435,-108004.383272,39.99633,1.0,-9009.412889,-3870.22218,-114900.998633,0.0,1.0,17292.17156,-21304.331406,-108039.015663,0.0,4530.907227,40000.0,40000.0,40000.0,40000.0,40000.0,40000.0,40000.0,40000.0,40000.0,40000.0,40000.0,33341.238281,19649.818359,40000.0,40000.0,40000.0,35879.769531,40000.0,40000.0,40000.0,40000.0,40000.0,40000.0,5000.0,4011.405379,-10.38059,47.760356,0,true,true,1.0,-0.01,0
6,1250,62.5,71538.41712,-72483.923602,74487.326493,-72532.911165,16186.827792,-3702.216427,-754.036576,-547.746196,3.577811,-17.439819,-170.444901,0.0,0.0,1.0,0.0,-0.489951,-0.139986,1.0,19467.764623,-28381.985628,-107908.201317,39.997416,1.0,-8379.359002,-3881.158776,-115141.367533,0.0,1.0,17868.37606,-21215.395864,-107963.524213,0.0,4312.837402,40000.0,40000.0,40000.0,40000.0,40000.0,40000.0,40000.0,40000.0,40000.0,40000.0,40000.0,33849.695312,19882.492188,40000.0,40000.0,40000.0,36088.996094,40000.0,40000.0,40000.0,40000.0,40000.0,40000.0,5000.0,3769.384736,9.242015,59.944314,0,true,true,1.0,-0.01,0
6,1251,62.55,71661.611186,38622.312416,74512.259737,35820.651428,16205.930636,-3695.821783,-747.997257,-573.085301,3.64137,-17.823193,-170.65686,0.0,0.0,1.0,0.0,-0.349965,0.0,1.0,19797.95018,-28334.832253,-107852.735009,39.997874,1.0,-8034.5609,-3882.978513,-115263.202559,0.0,1.0,18176.792362,-21173.230722,-107919.248788,0.0,4198.051758,40000.0,40000.0,40000.0,40000.0,40000.0,40000.0,40000.0,40000.0,40000.0,40000.0,40000.0,34117.746094,20009.560547,40000.0,40000.0,40000.0,36203.53125,40000.0,40000.0,40000.0,40000.0,40000.0,40000.0,5000.0,3643.40858,17.61075,65.438971,0,true,true,1.0,-0.01,0
6,1252,62.6,71784.903048,-72607.215464,74537.041623,-72557.693051,16225.858413,-3698.75567,-743.456559,-597.83327,3.692482,-18.123827,-170.823792,0.0,0.0,1.0,0.0,0.0,0.0,1.0,19947.802413,-28300.662037,-107825.271954,39.998255,1.0,-7863.374863,-3878.525186,-115371.014282,0.0,1.0,18309.629717,-21143.021337,-107900.65805,0.0,4078.155518,40000.0,40000.0,40000.0,40000.0,40000.0,40000.0,40000.0,40000.0,40000.0,40000.0,40000.0,34359.90625,20144.009766,40000.0,40000.0,40000.0,36306.414062,40000.0,40000.0,40000.0,40000.0,40000.0,40000.0,5000.0,3517.317111,22.969319,64.741888,0,true,true,1.0,-0.01,0
6,1253,62.65,72031.212142,38376.003322,74586.050125,35771.642927,16267.897947,-3703.499594,-734.328954,-643.354314,3.768019,-18.556536,-171.065216,0.0,0.0,1.0,0.0,0.0,0.0,1.0,19881.695845,-28260.04739,-107828.214286,39.99879,1.0,-7880.865952,-3864.372424,-115561.41573,0.0,1.0,18219.121019,-21108.183289,-107916.520967,0.0,3828.389893,40000.0,40000.0,40000.0,40000.0,40000.0,40000.0,40000.0,40000.0,40000.0,40000.0,40000.0,34788.644531,20426.511719,40000.0,40000.0,40000.0,36486.394531,40000.0,40000.0,40000.0,40000.0,40000.0,40000.0,5000.0,3265.338953,27.769897,51.577451,0,true,true,1.0,-0.01,0
6,1254,62.7,72154.731753,-72730.735075,74610.369327,-72582.012253,16290.087072,-3705.588146,-729.576026,-665.673714,3.795379,-18.710033,-171.151184,0.0,0.0,1.0,0.0,0.0,0.0,1.0,19710.023641,-28250.305423,-107851.185464,39.998992,1.0,-8024.272023,-3853.595105,-115646.334324,0.0,1.0,18038.817468,-21100.511952,-107944.118202,0.0,3699.358398,40000.0,40000.0,40000.0,40000.0,40000.0,40000.0,40000.0,40000.0,40000.0,40000.0,40000.0,34981.8125,20573.224609,40000.0,40000.0,40000.0,36566.261719,40000.0,40000.0,40000.0,40000.0,40000.0,40000.0,5000.0,3138.88602,28.087613,40.987458,0,true,true,1.0,-0.01,0
6,1255,62.75,72394.290197,38136.444878,74657.050308,35724.961945,16335.064742,-3717.200679,-721.852917,-707.116769,3.836072,-18.956953,-171.277695,0.0,0.0,1.0,0.0,-0.069993,0.139986,1.0,19258.351717,-28244.006656,-107911.476867,39.999291,1.0,-8413.606752,-3828.432238,-115800.670506,0.0,1.0,17574.720126,-21097.229877,-108011.873965,0.0,3445.327148,40000.0,40000.0,40000.0,40000.0,40000.0,40000.0,40000.0,40000.0,40000.0,40000.0,40000.0,35335.515625,20865.998047,40000.0,40000.0,40000.0,36713.449219,40000.0,40000.0,40000.0,40000.0,40000.0,40000.0,5000.0,2893.365952,26.395155,17.662449,0,true,true,1.0,-0.01,0
6,1256,62.8,72517.99435,-72854.439228,74680.876327,-72605.838272,16359.458202,-3711.124398,-714.780525,-731.803759,3.835279,-19.096775,-171.275238,0.0,0.0,1.0,0.0,-0.209979,0.69993,1.0,19007.245937,-28262.191435,-107937.984568,39.999427,1.0,-8598.037776,-3800.028207,-115876.979077,0.0,1.0,17325.318264,-21115.072118,-108042.473813,0.0,3311.18457,2956.134521,40000.0,40000.0,40000.0,40000.0,40000.0,40000.0,40000.0,40000.0,40000.0,40000.0,35500.257812,21043.103516,40000.0,40000.0,40000.0,36796.722656,40000.0,40000.0,40000.0,40000.0,40000.0,40000.0,5000.0,2766.380136,22.244044,6.285354,0,true,true,1.0,-0.01,0
6,1257,62.85,72765.549037,37888.890191,74728.064623,35677.773649,16410.331811,-3713.996317,-705.547378,-773.592544,3.800648,-19.514633,-171.169846,0.0,0.0,1.0,0.0,-1.082682,0.382123,1.0,18699.43081,-28329.574202,-107946.135803,39.999606,1.0,-8718.500396,-3733.542034,-116050.687231,0.0,1.0,17034.149132,-21178.742776,-108062.583594,0.0,3041.278564,2742.93042,40000.0,40000.0,40000.0,40000.0,40000.0,40000.0,40000.0,40000.0,40000.0,40000.0,35829.847656,21453.726562,40000.0,40000.0,40000.0,37002.070312,40000.0,40000.0,40000.0,40000.0,40000.0,40000.0,5000.0,2511.916269,9.898305,-10.57988,0,true,true,1.0,-0.01,0
6,1258,62.9,72888.787635,-72977.677826,74751.333566,-72629.107215,16436.650484,-3715.67665,-701.564842,-793.515014,3.779927,-19.844017,-171.107666,0.0,0.0,1.0,0.0,-1.327644,0.091562,1.0,18763.993763,-28366.76465,-107910.692772,39.999672,1.0,-8536.559982,-3697.177235,-116154.803731,0.0,1.0,17109.409364,-21213.609368,-108036.522906,0.0,2908.801514,2621.660645,40000.0,40000.0,40000.0,40000.0,40000.0,40000.0,40000.0,40000.0,40000.0,40000.0,36019.351562,21680.119141,40000.0,40000.0,40000.0,37134.214844,40000.0,40000.0,40000.0,40000.0,40000.0,40000.0,5000.0,2385.102415,3.624947,-14.358295,0,true,true,1.0,-0.01,0
6,1259,62.95,73136.518626,37641.1592,74797.704487,35631.402728,16491.620914,-3716.132442,-693.701247,-834.819091,3.759837,-20.935806,-171.047699,0.0,0.0,1.0,0.0,-2.934667,-0.349965,1.0,19722.264023,-28428.158,-107693.051087,39.999774,1.0,-7287.655971,-3625.813232,-116418.86328,0.0,1.0,18086.32702,-21271.328866,-107849.959036,0.0,2651.85376,2336.773926,40000.0,40000.0,40000.0,40000.0,40000.0,40000.0,40000.0,40000.0,40000.0,40000.0,36529.9375,22179.876953,40000.0,40000.0,40000.0,37506.6875,40000.0,40000.0,40000.0,40000.0,40000.0,40000.0,5000.0,2130.009234,-6.402228,-8.232592,0,true,true,1.0,-0.01,0
6,1260,63.0,73260.382249,-73101.541449,74820.692728,-72652.095457,16520.232052,-3715.90849,-689.647214,-858.33409,3.775811,-21.920504,-171.090866,0.0,0.0,1.0,0.0,-4.808902,-0.310252,1.0,21048.814982,-28445.332744,-107420.855864,39.999816,1.0,-5756.087605,-3592.108433,-116590.755295,0.0,1.0,19418.892047,-21287.801487,-107605.817394,0.0,2532.750977,2241.23584,40000.0,40000.0,40000.0,40000.0,40000.0,40000.0,40000.0,40000.0,40000.0,40000.0,36928.722656,22476.369141,40000.0,40000.0,40000.0,37809.941406,40000.0,40000.0,40000.0,40000.0,40000.0,40000.0,5000.0,2002.326832,-9.490076,7.735321,0,true,true,1.0,-0.01,0
6,1261,63.05,73504.128583,37397.412867,74865.579326,35586.516131,16578.825746,-3712.732066,-681.848269,-906.006713,3.853634,-24.773333,-171.286697,0.0,0.0,1.0,0.0,-4.811677,-0.075774,1.0,25376.490738,-28465.371778,-106441.709071,39.999873,1.0,-861.680095,-3535.856938,-116898.812826,0.0,1.0,23759.116594,-21307.545233,-106707.666354,0.0,2226.339844,1998.439087,40000.0,40000.0,40000.0,40000.0,40000.0,40000.0,40000.0,40000.0,40000.0,40000.0,38073.320312,23214.994141,40000.0,40000.0,40000.0,38722.867188,40000.0,40000.0,40000.0,40000.0,40000.0,1923.918945,5000.0,1749.960629,-13.878585,56.587798,0,true,true,1.0,-0.01,0
6,1262,63.1,73627.765913,-73225.17878,74888.158014,-72674.674146,16609.968038,-3709.119715,-677.36063,-934.268706,3.91518,-26.567329,-171.429001,0.0,0.0,1.0,0.0,-3.732075,-0.119109,1.0,28202.795467,-28470.357935,-105706.828499,39.999895,1.0,2339.286964,-3506.893663,-116961.639001,0.0,1.0,26593.761154,-21312.713287,-106023.443278,0.0,2016.23584,1906.535034,40000.0,40000.0,40000.0,40000.0,40000.0,40000.0,40000.0,40000.0,40000.0,40000.0,38842.179688,23678.330078,40000.0,40000.0,40000.0,39354.171875,40000.0,40000.0,40000.0,40000.0,40000.0,1847.029907,5000.0,1621.038542,-15.638629,82.953384,0,true,true,1.0,-0.01,0
6,1263,63.15,73874.445682,37150.733097,74932.804524,35541.869621,16675.481312,-3696.709743,-667.070624,-999.206256,4.111857,-30.609873,-171.841843,0.0,0.0,1.0,0.0,-2.950784,-0.393438,1.0,34655.721411,-28444.531001,-103730.746625,40.0,1.0,9688.127158,-3443.00264,-116743.13636,0.0,1.0,33063.302481,-21289.094025,-104160.905757,0.0,1642.30835,1642.30835,2196.061035,40000.0,40000.0,40000.0,40000.0,40000.0,40000.0,40000.0,40000.0,40000.0,40000.0,23901.023438,40000.0,40000.0,40000.0,40000.0,40000.0,40000.0,40000.0,40000.0,1444.309448,1642.30835,5000.0,1362.15521,-17.475922,125.807737,0,true,true,1.0,-0.01,0
6,1264,63.2,73991.397491,-73342.130588,74953.780896,-72695.650517,16708.200079,-3694.541097,-662.649581,-1033.595211,4.256769,-32.835629,-172.120148,0.0,0.0,1.0,0.0,-3.106526,-0.34517,1.0,38244.956356,-28407.909957,-102446.022519,40.0,1.0,13802.843647,-3404.93415,-116402.02828,0.0,1.0,36661.345382,-21254.527527,-102938.37335,0.0,1481.892578,1481.892578,1580.100586,40000.0,40000.0,40000.0,40000.0,40000.0,40000.0,40000.0,40000.0,40000.0,40000.0,24538.541016,40000.0,38853.960938,40000.0,40000.0,40000.0,40000.0,40000.0,40000.0,1338.801025,1481.892578,2116.035156,1238.731574,-17.717315,141.749386,0,true,true,1.0,-0.01,0
6,1265,63.25,74236.008545,36906.122043,74997.169903,35498.480615,16781.259009,-3661.720721,-646.868081,-1118.549313,4.678264,-37.720737,-172.856842,0.0,0.0,1.0,0.0,-3.030492,-0.354213,1.0,46029.595419,-28272.111054,-99162.975685,40.0,1.0,22840.688888,-3287.819933,-115114.224133,0.0,1.0,44466.708152,-21124.795517,-99790.970309,0.0,1193.940674,1193.940674,891.353638,40000.0,40000.0,40000.0,40000.0,40000.0,40000.0,40000.0,40000.0,40000.0,40000.0,26270.103516,35736.855469,35326.316406,34315.617188,40000.0,40000.0,40000.0,40000.0,1775.67688,1193.940674,1193.940674,2164.075439,981.12931,-17.917017,152.684179,0,true,true,1.0,-0.01,0
6,1266,63.3,74343.450993,-73449.573036,75016.150348,-72714.630963,16814.205591,-3223.273286,-569.413334,-988.397421,4.960916,-40.331436,-173.310425,0.0,0.0,0.0,0.0,-2.45674,-0.18898,1.0,50180.536403,-28175.684993,-97125.52228,40.0,1.0,27725.281378,-3202.238121,-114094.111488,0.0,0,0,0,0,0,1077.740356,1077.740356,791.701294,40000.0,1486.995361,40000.0,40000.0,40000.0,40000.0,40000.0,40000.0,40000.0,40000.0,27382.21875,37618.949219,36046.238281,32388.046875,40000.0,40000.0,40000.0,40000.0,974.644287,1077.740356,1077.740356,1079.911377,868.768742,-18.046753,151.805818,0,true,true,1.0,-0.01,0
6,1267,63.35,74438.703247,36810.86979,75032.977312,35481.653651,16843.533548,-2857.567457,-504.808891,-879.838671,5.289132,-42.952351,-173.809006,0.0,0.0,0.0,0.0,-1.42571,-0.12961,1.0,32634.410669,-3104.88483,-112839.618607,0.0,0,0,0,0,0,0,0,0,0,0,980.634277,980.634277,980.634277,708.944336,40000.0,40000.0,40000.0,40000.0,40000.0,40000.0,40000.0,40000.0,38386.929688,28630.873047,38386.929688,36374.613281,30720.265625,38386.929688,40000.0,1369.359131,40000.0,877.654419,980.634277,980.634277,980.699646,770.26022,-18.314501,147.015357,0,true,true,1.0,-0.01,0
6,1268,63.4,74592.237089,-73603.106879,75060.100118,-72741.753769,16891.015914,-2309.966471,-408.071421,-714.194579,6.135983,-48.197483,-175.00325,0.0,0.0,0.0,0.0,-1.105988,-0.23284,1.0,42432.302758,-2858.810126,-109616.579779,0.0,0,0,0,0,0,0,0,0,0,0,832.671082,832.671082,832.671082,593.056213,584.327698,1359.030396,40000.0,40000.0,40000.0,40000.0,40000.0,40000.0,35024.613281,31627.738281,35024.613281,35024.613281,29249.992188,28793.451172,40000.0,1251.890015,584.327698,832.671082,832.671082,832.671082,620.711975,614.54529,-18.743982,132.46577,0,true,true,1.0,-0.01,0
6,1269,63.45,74660.647667,36742.459212,75072.185316,35469.568453,16912.375995,-2052.317218,-362.555913,-640.802394,6.677137,-50.809128,-175.719894,0.0,0.0,0.0,0.0,-1.292169,-0.224725,1.0,47241.891019,-2702.143336,-107666.851544,0.0,0,0,0,0,0,0,0,0,0,0,773.312134,773.312134,773.312134,773.312134,534.45282,534.45282,1176.521362,1115.064087,40000.0,40000.0,40000.0,40000.0,33659.488281,32672.755859,33659.488281,33659.488281,31284.988281,30337.609375,1252.038452,534.45282,595.910034,773.312134,773.312134,773.312134,599.351868,547.591087,-19.147245,120.099802,0,true,true,1.0,-0.01,0
6,1270,63.5,74721.918048,-73664.37726,75083.009149,-72752.577602,16931.616529,-1838.111339,-324.714976,-577.215979,7.326101,-53.410694,-176.547485,0.0,0.0,0.0,0.0,-1.229006,-0.307251,0,0,0,0,0,0,0,0,0,0,0,0,0,0,0,722.494202,722.494202,722.494202,722.494202,722.494202,491.929779,1261.837158,1056.899536,40000.0,40000.0,1052.378052,491.929779,491.929779,32466.621094,1052.378052,25559.978516,1052.378052,1140.303589,491.929779,491.929779,722.494202,722.494202,722.494202,722.494202,580.111328,489.234623,-19.546014,106.479073,0,true,true,1.0,-0.01,0
6,1271,63.55,74825.201638,36639.175622,75101.254904,35451.322698,16964.325334,-1490.121231,-263.240136,-473.0818,8.97062,-58.459709,-178.541183,0.0,0.0,0.0,0.0,-0.349965,-0.069993,0,0,0,0,0,0,0,0,0,0,0,0,0,0,0,642.285767,642.285767,642.285767,642.285767,642.285767,642.285767,495.723297,480.958679,480.958679,562.955566,480.958679,480.958679,545.710999,480.958679,480.958679,480.958679,480.958679,480.958679,480.324829,642.285767,642.285767,642.285767,642.285767,642.285767,547.402527,395.678571,-20.535378,77.175059,0,true,true,1.0,-0.01,0
6,1272,63.6,74869.10401,-73708.279632,75109.010559,-72760.333257,16978.410223,-1317.071093,-232.669642,-422.546642,9.98828,-60.871742,-179.724823,0.0,0.0,0.0,0.0,-0.349965,-0.069993,0,0,0,0,0,0,0,0,0,0,0,0,0,0,0,610.529968,610.529968,610.529968,610.529968,610.529968,610.529968,610.529968,532.230164,481.899384,466.077057,483.13913,539.673218,610.529968,575.92334,517.124939,500.147034,518.457397,555.814941,610.529968,610.529968,610.529968,610.529968,610.529968,610.529968,533.317627,358.34777,-21.168364,61.852461,0,true,true,1.0,-0.01,0
6,1272,63.6,74869.10401,-73708.279632,75109.010559,-72760.333257,16978.410223,-1317.071093,-232.669642,-422.546642,9.98828,-60.871742,-179.724823,0.0,0.0,0.0,0.0,-0.349965,-0.069993,0,0,0,0,0,0,0,0,0,0,0,0,0,0,0,610.529968,610.529968,610.529968,610.529968,610.529968,610.529968,610.529968,532.230164,481.899384,466.077057,483.13913,539.673218,610.529968,575.92334,517.124939,500.147034,518.457397,555.814941,610.529968,610.529968,610.529968,610.529968,610.529968,610.529968,533.317627,327.573408,-21.795156,47.805658,0,true,true,1.0,183.003348,1
