2,1,0.05,500.0,37300.0,500.0,37300.0,17452.33468,0.0,0.0,-20.724719,0.0,0.0,-135.0,0.0,0.0,0.0,0.0,0.0,0.0,0,0,0,0,0,0,0,0,0,0,0,0,0,0,0,370.717834,410.452972,457.800201,560.687439,462.298828,414.485229,370.696228,410.478027,457.827454,560.719666,462.341644,414.52417,370.755676,410.509399,457.863159,560.764587,462.318268,414.502686,370.75824,410.495239,457.846741,560.743408,462.282806,414.471313,59.393181,105500.331753,-0.0,192.33468,2,false,false,0.0,-161.921906,0
2,2,0.1,500.0,0.0,500.0,0.0,17454.773624,0.0,0.0,-67.217842,0.0,0.0,-135.0,0.0,0.0,0.0,0.0,0.0,0.0,0,0,0,0,0,0,0,0,0,0,0,0,0,0,0,370.717834,410.452972,457.800201,560.687439,462.298828,414.485229,370.696228,410.478027,457.827454,560.719666,462.341644,414.52417,370.755676,410.509399,457.863159,560.764587,462.318268,414.502686,370.75824,410.495239,457.846741,560.743408,462.282806,414.471313,56.954235,105500.331753,-0.0,194.773624,0,false,false,0.0,-161.911906,0
2,3,0.15,500.0,37300.0,500.0,37300.0,17459.543754,0.0,0.0,-111.98198,0.0,0.0,-135.0,0.0,0.0,0.0,0.0,0.0,0.0,0,0,0,0,0,0,0,0,0,0,0,0,0,0,0,370.717834,410.452972,457.800201,560.687439,462.298828,414.485229,370.696228,410.478027,457.827454,560.719666,462.341644,414.52417,370.755676,410.509399,457.863159,560.764587,462.318268,414.502686,370.75824,410.495239,457.846741,560.743408,462.282806,414.471313,52.184109,105500.331753,-0.0,199.543754,0,false,false,0.0,-161.901906,0
2,4,0.2,500.0,0.0,500.0,0.0,17465.950419,0.0,0.0,-151.691929,0.0,0.0,-135.0,0.0,0.0,0.0,0.0,0.0,0.0,0,0,0,0,0,0,0,0,0,0,0,0,0,0,0,370.717834,410.452972,457.800201,560.687439,462.298828,414.485229,370.696228,410.478027,457.827454,560.719666,462.341644,414.52417,370.755676,410.509399,457.863159,560.764587,462.318268,414.502686,370.75824,410.495239,457.846741,560.743408,462.282806,414.471313,45.777443,105500.331753,-0.0,205.950419,0,false,false,0.0,-161.891906,0
2,5,0.25,499.958708,37300.041292,499.960665,37300.039335,17473.936568,8.450904,7.893917,30.30537,0.002136,0.084825,-135.000015,0.0,0.0,0.0,0.0,0.0,0.0,0,0,0,0,0,0,0,0,0,0,0,0,0,0,0,370.776306,410.51239,457.866425,560.768433,462.297821,414.484314,370.74295,410.47699,457.826263,560.71814,462.276398,414.465637,370.697815,410.450775,457.797729,560.684387,462.320465,414.504608,370.712067,410.49707,457.848724,560.745789,462.349243,414.530823,37.791294,105500.589874,0.035772,57.745639,0,false,false,0.0,-161.881906,0
2,6,0.3,499.556645,0.402063,499.585101,0.375564,17473.875767,8.044835,7.514612,-17.776447,0.002136,0.084825,-135.000015,0.0,0.0,0.0,0.0,0.0,0.0,0,0,0,0,0,0,0,0,0,0,0,0,0,0,0,371.341888,411.081665,458.501373,561.546082,462.276184,414.464905,371.185608,410.457581,457.804626,560.691589,461.641479,413.896362,370.132202,409.8815,457.162811,559.906738,462.342102,414.524017,370.26944,410.516479,457.870361,560.772278,462.984161,415.100098,37.852093,105501.139649,0.017036,57.684022,0,false,false,0.0,-161.871906,0
2,7,0.35,499.507881,37300.090055,499.544158,37300.080278,17473.927974,-0.507636,-0.539882,0.16016,0.008382,0.16546,-134.999512,0.0,0.0,0.0,0.0,0.0,0.0,0,0,0,0,0,0,0,0,0,0,0,0,0,0,0,371.41391,411.149597,458.5784,561.642578,462.268829,414.459442,371.237244,410.454102,457.802002,560.690552,461.567261,413.830994,370.068054,409.818085,457.093323,559.823792,462.347504,414.530029,370.225677,410.524445,457.880524,560.786865,463.056427,415.166046,37.799885,105501.17993,-0.919586,-90.740847,0,false,false,0.0,-161.861906,0
2,8,0.4,499.559407,0.350537,499.597632,0.32209,17473.939647,-0.652361,-0.678564,0.200314,0.010493,0.051463,-134.999435,0.0,0.0,0.0,0.0,0.0,0.0,0,0,0,0,0,0,0,0,0,0,0,0,0,0,0,371.339844,411.07132,458.491272,561.536194,462.265137,414.456329,371.172577,410.451294,457.799042,560.687256,461.650909,413.906128,370.140167,409.893555,457.177673,559.927429,462.347015,414.529724,370.288361,410.524475,457.880737,560.787415,462.968597,415.087463,37.788216,105501.077413,-1.095779,119.179441,0,false,false,0.0,-161.851906,0
2,9,0.45,499.575647,37300.073816,499.612816,37300.065094,17473.942367,0.042055,0.08273,0.011851,0.0087,0.015815,-134.999603,0.0,0.0,0.0,0.0,0.0,0.0,0,0,0,0,0,0,0,0,0,0,0,0,0,0,0,371.315948,411.047852,458.464691,561.50293,462.266602,414.457245,371.153656,410.451599,457.798981,560.686462,461.677155,413.929321,370.161987,409.916077,457.202423,559.957031,462.346741,414.529144,370.305237,410.523254,457.878967,560.784546,462.943542,415.064636,37.785492,105500.960628,-0.798699,184.82096,0,false,false,0.0,-161.841906,0
2,10,0.5,499.574585,0.3516,499.610782,0.324124,17473.942534,-0.001704,0.009469,0.001684,0.007118,0.017861,-134.999863,0.0,0.0,0.0,0.0,0.0,0.0,0,0,0,0,0,0,0,0,0,0,0,0,0,0,0,371.316132,411.049622,458.466003,561.503479,462.268646,414.458496,371.154724,410.451813,457.798553,560.684875,461.675873,413.927551,370.158936,409.91333,457.198669,559.951355,462.347198,414.528931,370.30127,410.522034,457.876953,560.781006,462.947327,415.067413,37.785328,105500.969352,-0.304453,181.05471,0,false,false,0.0,-161.831906,0
2,11,0.55,499.574223,37300.074178,499.610315,37300.06556,17473.942592,-0.011186,-0.002001,0.001839,0.006587,0.017449,-135.000183,0.0,0.0,0.0,0.0,0.0,0.0,0,0,0,0,0,0,0,0,0,0,0,0,0,0,0,371.314911,411.049591,458.465179,561.501099,462.270233,414.459198,371.153534,410.451263,457.79715,560.681824,461.676697,413.927582,370.156677,409.912079,457.196503,559.947388,462.348602,414.52948,370.29895,410.521332,457.875366,560.77771,462.949493,415.068634,37.785271,105500.968632,0.291909,181.813923,0,false,false,0.0,-161.821906,0
2,12,0.6,499.569519,0.356304,499.606433,0.328007,17473.942535,0.052731,0.025969,0.007273,0.00713,0.023918,-135.000351,0.0,0.0,0.0,0.0,0.0,0.0,0,0,0,0,0,0,0,0,0,0,0,0,0,0,0,371.320587,411.055573,458.471466,561.508118,462.270355,414.458923,371.157166,410.450348,457.795746,560.679382,461.670471,413.921631,370.149231,409.905518,457.188751,559.937195,462.350067,414.530426,370.293549,410.521637,457.875305,560.776978,462.957306,415.075256,37.785328,105500.994558,0.594632,169.901918,0,false,false,0.0,-161.811906,0
2,13,0.65,499.568337,37300.075359,499.606783,37300.06521,17473.942364,-0.057808,-0.074554,0.021144,0.008667,0.021725,-135.000412,0.0,0.0,0.0,0.0,0.0,0.0,0,0,0,0,0,0,0,0,0,0,0,0,0,0,0,371.321716,411.056061,458.471832,561.508301,462.269379,414.457916,371.15625,410.449097,457.794189,560.677246,461.670074,413.921143,370.1474,409.904785,457.187775,559.93573,462.351593,414.531677,370.293793,410.522614,457.876251,560.777893,462.958252,415.075989,37.785496,105500.988565,0.703861,173.939749,0,false,false,0.0,-161.801906,0
2,14,0.7,499.566795,0.357845,499.606556,0.328234,17473.942248,-0.083466,-0.090022,0.026201,0.009756,0.021371,-135.000656,0.0,0.0,0.0,0.0,0.0,0.0,0,0,0,0,0,0,0,0,0,0,0,0,0,0,0,371.322449,411.056885,458.472168,561.507751,462.26944,414.457428,371.15506,410.447693,457.792023,560.673584,461.669739,413.920288,370.144043,409.903015,457.185242,559.931641,462.35379,414.533081,370.292389,410.523132,457.876221,560.776855,462.960815,415.077759,37.785614,105500.988737,1.141768,174.590359,0,false,false,0.0,-161.791906,0
2,15,0.75,499.563647,37300.078507,499.60444,37300.067326,17473.942158,0.0,0.0,0.0,0.010565,0.0252,-135.000961,0.0,0.0,0.0,0.0,0.0,0.0,0,0,0,0,0,0,0,0,0,0,0,0,0,0,0,371.325134,411.060181,458.475098,561.51001,462.27002,414.457275,371.155823,410.44635,457.789795,560.669617,461.66687,413.917053,370.138092,409.89859,457.179565,559.923401,462.356049,414.534454,370.288361,410.523315,457.875671,560.774902,462.966553,415.082214,37.785702,105501.003882,1.697851,167.540866,0,false,false,0.0,-161.781906,0
2,16,0.8,499.566415,0.355077,499.606807,0.325867,17473.942271,0.0,0.0,0.0,0.009572,0.018214,-135.001297,0.0,0.0,0.0,0.0,0.0,0.0,0,0,0,0,0,0,0,0,0,0,0,0,0,0,0,371.319427,411.055756,458.469299,561.501526,462.271881,414.458191,371.151184,410.445984,457.788513,560.666626,461.672607,413.921448,370.140106,409.901672,457.182159,559.925232,462.3573,414.53479,370.289276,410.522339,457.873779,560.771179,462.963928,415.079071,37.785591,105500.979028,2.324393,180.403637,0,false,false,0.0,-161.771906,0
2,17,0.85,499.566253,37300.078669,499.60591,37300.068223,17473.942418,0.0,0.0,0.0,0.008206,0.018052,-135.001602,0.0,0.0,0.0,0.0,0.0,0.0,0,0,0,0,0,0,0,0,0,0,0,0,0,0,0,371.318085,411.055939,458.468781,561.499634,462.273895,414.45932,371.150696,410.445953,457.78775,560.664429,461.673157,413.921265,370.138153,409.90033,457.179901,559.921204,462.358093,414.534821,370.286469,410.52124,457.871765,560.767456,462.966187,415.080444,37.785442,105500.979251,2.882483,180.703268,0,false,false,0.0,-161.761906,0
2,18,0.9,499.565944,0.355387,499.605369,0.326408,17473.942506,-0.026323,-0.016069,0.005415,0.007395,0.017364,-135.001984,0.0,0.0,0.0,0.0,0.0,0.0,0,0,0,0,0,0,0,0,0,0,0,0,0,0,0,371.316406,411.055817,458.467651,561.496643,462.275909,414.460236,371.149231,410.445343,457.786102,560.660828,461.674286,413.921387,370.135559,409.898956,457.177399,559.916504,462.359741,414.535431,370.283691,410.520294,457.869781,560.763428,462.968719,415.081818,37.785355,105500.977653,3.608089,181.970364,0,false,false,0.0,-161.751906,0
2,19,0.95,499.565044,37300.07957,499.604127,37300.069465,17473.942593,0.060664,0.057624,0.007042,0.006567,0.018412,-135.002258,0.0,0.0,0.0,0.0,0.0,0.0,0,0,0,0,0,0,0,0,0,0,0,0,0,0,0,371.316223,411.056854,458.46814,561.496094,462.277496,414.461029,371.149231,410.445068,457.785126,560.658447,461.673828,413.920349,370.132751,409.896851,457.174377,559.911682,462.360748,414.535706,370.28067,410.519531,457.868225,560.760376,462.971741,415.083923,37.785267,105500.982461,4.1207,180.040069,0,false,false,0.0,-161.741906,0
2,20,1.0,499.557531,0.362899,499.598091,0.332444,17473.942029,0.0,0.0,0.0,0.00811,0.029831,-135.002289,0.0,0.0,0.0,0.0,0.0,0.0,0,0,0,0,0,0,0,0,0,0,0,0,0,0,0,371.326599,411.066742,458.479126,561.50946,462.276428,414.460022,371.156128,410.44397,457.783844,560.656799,461.662903,413.910522,370.122192,409.886932,457.163239,559.897949,462.362091,414.536865,370.27359,410.520599,457.869354,560.761658,462.982971,415.093933,37.785831,105501.025825,4.162866,159.013558,0,false,false,0.0,-161.731906,0
2,21,1.05,499.557828,37300.079273,499.600253,37300.067303,17473.942226,0.0,0.0,0.0,0.009981,0.022768,-135.002335,0.0,0.0,0.0,0.0,0.0,0.0,0,0,0,0,0,0,0,0,0,0,0,0,0,0,0,371.325714,411.06485,458.476898,561.506592,462.275055,414.45871,371.153107,410.442505,457.782104,560.65448,461.66507,413.912384,370.122589,409.888641,457.165039,559.899963,462.36377,414.5383,370.276123,410.521851,457.870667,560.763062,462.98111,415.092194,37.785633,105501.00368,4.227975,172.019075,0,false,false,0.0,-161.721906,0
2,22,1.1,499.559161,0.361567,499.601271,0.331426,17473.942319,0.0,0.0,0.0,0.00912,0.018803,-135.002701,0.0,0.0,0.0,0.0,0.0,0.0,0,0,0,0,0,0,0,0,0,0,0,0,0,0,0,371.321838,411.062408,458.473236,561.500549,462.277039,414.459656,371.149902,410.442017,457.78064,560.651123,461.668732,413.914795,370.122406,409.889618,457.165222,559.898682,462.365265,414.538788,370.275269,410.520905,457.868683,560.759094,462.980927,415.091187,37.785542,105500.98983,4.916488,179.320743,0,false,false,0.0,-161.711906,0
2,23,1.15,499.558685,37300.079748,499.601018,37300.067555,17473.942345,0.0,0.0,0.0,0.008888,0.018099,-135.003052,0.0,0.0,0.0,0.0,0.0,0.0,0,0,0,0,0,0,0,0,0,0,0,0,0,0,0,371.320587,411.062256,458.472229,561.497864,462.278473,414.460175,371.148285,410.441193,457.778839,560.647522,461.669739,413.914948,370.119873,409.888428,457.163025,559.894531,462.367035,414.539612,370.273102,410.520386,457.867249,560.75592,462.983154,415.092377,37.785515,105500.988102,5.555818,180.616976,0,false,false,0.0,-161.701906,0
2,24,1.2,499.557034,0.363218,499.598815,0.33363,17473.942461,0.0,0.0,0.0,0.007775,0.020901,-135.003311,0.0,0.0,0.0,0.0,0.0,0.0,0,0,0,0,0,0,0,0,0,0,0,0,0,0,0,371.321564,411.064606,458.474182,561.499146,462.280182,414.46109,371.149536,410.441101,457.778076,560.645508,461.667816,413.912628,370.116058,409.885101,457.158691,559.888123,462.367828,414.539734,370.269012,410.519501,457.865601,560.752808,462.987518,415.095734,37.7854,105500.999509,6.045462,175.456917,0,false,false,0.0,-161.691906,0
2,25,1.25,499.552742,37300.08404,499.595567,37300.070803,17473.942372,0.0,0.0,0.0,0.008641,0.026284,-135.003494,0.0,0.0,0.0,0.0,1.041167,0.6247,0,0,0,0,0,0,0,0,0,0,0,0,0,0,0,371.326569,411.069794,458.479523,561.504944,462.280151,414.460693,371.152313,410.440002,457.776428,560.642761,461.662506,413.907471,370.109161,409.879272,457.151733,559.878845,462.369537,414.540863,370.264313,410.519928,457.865662,560.752136,462.994537,415.101624,37.785488,105501.02084,6.371462,165.544916,1,true,false,0.0,-161.681906,0
2,26,1.3,499.555186,0.360774,499.598833,0.330364,17473.942312,0.0,0.0,0.0,0.009201,0.017332,-135.003662,0.0,0.0,0.0,0.0,0.0,0.0,0,0,0,0,0,0,0,0,0,0,0,0,0,0,0,371.322052,411.065247,458.47403,561.497559,462.280273,414.460419,371.1474,410.439056,457.774933,560.640198,461.667969,413.911987,370.111755,409.883087,457.155548,559.882874,462.370972,414.541779,370.267334,410.520172,457.865479,560.751221,462.990662,415.097748,37.785549,105500.989627,6.685703,182.030063,0,true,false,0.0,-161.671906,0
2,27,1.35,499.555093,37300.084134,499.598069,37300.071567,17473.942445,0.0,0.0,0.0,0.007953,0.016992,-135.003998,0.0,0.0,0.0,0.0,0.0,0.0,0,0,0,0,0,0,0,0,0,0,0,0,0,0,0,371.320465,411.065247,458.473206,561.495178,462.282349,414.461517,371.146606,410.438904,457.773956,560.637695,461.668793,413.911987,370.109772,409.881836,457.153351,559.878784,462.371948,414.541901,370.264557,410.519073,457.863434,560.747375,462.992889,415.098999,37.785416,105500.989113,7.29262,182.655364,0,true,false,0.0,-161.661906,0
2,28,1.4,499.554059,0.361807,499.596732,0.331701,17473.94252,-0.001039,0.003205,0.00059,0.00725,0.018531,-135.004227,0.0,0.0,0.0,0.0,-0.69993,0.0,0,0,0,0,0,0,0,0,0,0,0,0,0,0,0,371.320648,411.066528,458.47403,561.495178,462.283722,414.462219,371.146912,410.43866,457.773102,560.63562,461.667969,413.910706,370.106964,409.879639,457.150299,559.874084,462.372833,414.542145,370.261627,410.518372,457.862061,560.74469,462.995941,415.101196,37.785339,105500.995626,7.740765,179.821518,0,true,false,0.0,-161.651906,0
2,29,1.45,499.554495,37300.083698,499.597136,37300.071163,17473.942594,-0.033175,-0.016935,0.0065,0.006582,0.015781,-135.0047,0.0,0.0,0.0,0.0,0.0,0.0,0,0,0,0,0,0,0,0,0,0,0,0,0,0,0,371.317474,411.065002,458.471191,561.489746,462.285919,414.463135,371.14389,410.437805,457.770966,560.631042,461.670837,413.912231,370.105042,409.879333,457.148834,559.8703,462.375,414.54303,370.259552,410.517456,457.859894,560.740051,462.997437,415.101501,37.785267,105500.986213,8.605658,184.88497,0,true,false,0.0,-161.641906,0
2,30,1.5,499.554486,0.361816,499.596202,0.332635,17473.942768,-0.033323,-0.020399,0.006855,0.004956,0.015479,-135.00502,0.0,0.0,0.0,0.0,0.0,0.0,0,0,0,0,0,0,0,0,0,0,0,0,0,0,0,371.315887,411.065094,458.47049,561.48761,462.288147,414.464447,371.143372,410.437866,457.770264,560.628906,461.671509,413.91214,370.10321,409.878052,457.146606,559.866272,462.375702,414.542969,370.256653,410.516174,457.857666,560.736084,462.999664,415.102814,37.785091,105500.985854,9.190294,185.441675,0,true,false,0.0,-161.631906,0
2,31,1.55,499.553733,37300.084451,499.595263,37300.072102,17473.94283,0.018218,0.020697,0.002614,0.004369,0.016148,-135.005295,0.0,0.0,0.0,0.0,0.0,0.0,0,0,0,0,0,0,0,0,0,0,0,0,0,0,0,371.315491,411.065796,458.470612,561.486572,462.289581,414.465118,371.143036,410.437469,457.769165,560.626404,461.671417,413.911438,370.100616,409.876282,457.143951,559.861938,462.376831,414.543365,370.254028,410.515503,457.856262,560.733154,463.00235,415.104584,37.78503,105500.989164,9.699483,184.20919,0,true,false,0.0,-161.621906,0
2,32,1.6,499.552667,0.362882,499.594637,0.333261,17473.942815,-0.050997,-0.047283,0.014067,0.004511,0.016371,-135.005585,0.0,0.0,0.0,0.0,0.0,0.0,0,0,0,0,0,0,0,0,0,0,0,0,0,0,0,371.315369,411.066467,458.470642,561.485413,462.290588,414.465363,371.14212,410.436584,457.767456,560.623108,461.671417,413.910767,370.097595,409.874481,457.141235,559.857361,462.378571,414.54425,370.25174,410.515259,457.855255,560.730774,463.005096,415.106384,37.785046,105500.991026,10.236457,183.798768,0,true,false,0.0,-161.611906,0
2,33,1.65,499.550641,37300.086477,499.593338,37300.073401,17473.942745,-0.045832,-0.04568,0.013419,0.005158,0.01756,-135.005707,0.0,0.0,0.0,0.0,0.0,0.0,0,0,0,0,0,0,0,0,0,0,0,0,0,0,0,371.317474,411.068665,458.472809,561.48761,462.290558,414.465057,371.142944,410.435822,457.766296,560.621216,461.66925,413.908569,370.094147,409.871826,457.13797,559.852905,462.37973,414.545013,370.249634,410.515564,457.855316,560.730347,463.008362,415.109039,37.785114,105500.997146,10.454901,181.609529,0,true,false,0.0,-161.601906,0
2,34,1.7,499.547667,0.365856,499.591142,0.335457,17473.942673,-0.049286,-0.058833,0.016919,0.005794,0.020689,-135.005798,0.0,0.0,0.0,0.0,0.0,0.0,0,0,0,0,0,0,0,0,0,0,0,0,0,0,0,371.321075,411.072296,458.476593,561.491821,462.290375,414.464691,371.144928,410.435089,457.765228,560.619507,461.665497,413.904968,370.089539,409.867859,457.133331,559.846802,462.380798,414.545776,370.246613,410.515961,457.855499,560.730164,463.013062,415.113037,37.785187,105501.010545,10.629886,175.848175,0,true,false,0.0,-161.591906,0
2,35,1.75,499.546435,37300.087709,499.590784,37300.073758,17473.942594,-0.070958,-0.075197,0.021984,0.006536,0.019864,-135.005859,0.0,0.0,0.0,0.0,0.0,0.0,0,0,0,0,0,0,0,0,0,0,0,0,0,0,0,371.322388,411.073334,458.4776,561.492798,462.289948,414.464172,371.144897,410.434326,457.764221,560.617981,461.66449,413.903931,370.087524,409.866577,457.131714,559.844543,462.381836,414.546539,370.245911,410.516479,457.855927,560.730408,463.014648,415.114319,37.785267,105501.009113,10.746508,177.36773,0,true,false,0.0,-161.581906,0
2,36,1.8,499.547375,0.364916,499.591344,0.334898,17473.942702,0.044546,0.047017,0.005876,0.005567,0.016804,-135.006241,0.0,0.0,0.0,0.0,0.0,0.0,0,0,0,0,0,0,0,0,0,0,0,0,0,0,0,371.319031,411.071503,458.474609,561.487549,462.292023,414.465179,371.142242,410.433868,457.762787,560.614624,461.66745,413.905762,370.086761,409.866943,457.131195,559.842346,462.38327,414.546997,370.244476,410.515472,457.853851,560.726318,463.015167,415.113953,37.78516,105500.998356,11.444675,183.002371,0,true,false,0.0,-161.571906,0
2,37,1.85,499.545923,37300.089161,499.590016,37300.075086,17473.942719,-0.001878,-0.006239,0.001672,0.005387,0.018779,-135.00647,0.0,0.0,0.0,0.0,0.0,0.0,0,0,0,0,0,0,0,0,0,0,0,0,0,0,0,371.319824,411.07309,458.47583,561.488098,462.292999,414.465515,371.142548,410.43335,457.761627,560.612305,461.66626,413.904175,370.083466,409.864471,457.127869,559.837341,462.38443,414.547546,370.241699,410.515106,457.852905,560.724182,463.018524,415.116425,37.785141,105501.006521,11.869964,179.365133,0,true,false,0.0,-161.561906,0
2,38,1.9,499.545891,0.364947,499.590335,0.33458,17473.942723,-0.045201,-0.040738,0.012174,0.005365,0.016908,-135.006836,0.0,0.0,0.0,0.0,0.0,0.0,0,0,0,0,0,0,0,0,0,0,0,0,0,0,0,371.31781,411.072174,458.473877,561.484192,462.294434,414.465973,371.140137,410.432373,457.759644,560.608337,461.668213,413.90509,370.081482,409.863983,457.126404,559.834045,462.386444,414.548492,370.240112,410.514679,457.851501,560.720947,463.02002,415.116943,37.785137,105501.000327,12.546443,182.810225,0,true,false,0.0,-161.551906,0
2,39,1.95,499.544266,37300.090786,499.589218,37300.076202,17473.942703,0.0,0.0,0.0,0.005543,0.018184,-135.007156,0.0,0.0,0.0,0.0,0.0,0.0,0,0,0,0,0,0,0,0,0,0,0,0,0,0,0,371.318329,411.073578,458.47467,561.483826,462.295502,414.466217,371.139679,410.431396,457.757751,560.604736,461.66745,413.903717,370.077515,409.861359,457.122711,559.828186,462.388336,414.5495,370.237122,410.514435,457.850433,560.718323,463.023712,415.119568,37.785156,105501.00624,13.129504,180.460576,0,true,false,0.0,-161.541906,0
2,40,2.0,499.542988,0.366226,499.588418,0.33538,17473.942678,0.0,0.0,0.0,0.005779,0.018959,-135.007385,0.0,0.0,0.0,0.0,0.0,0.0,0,0,0,0,0,0,0,0,0,0,0,0,0,0,0,371.318878,411.074646,458.475342,561.483704,462.296143,414.466309,371.139343,410.430603,457.756348,560.602051,461.666779,413.902618,370.074554,409.859406,457.119995,559.823914,462.389771,414.550293,370.235016,410.514343,457.849792,560.716675,463.026459,415.121521,37.785183,105501.010088,13.53978,179.0339,0,true,false,0.0,-161.531906,0
2,41,2.05,499.538269,37300.095505,499.584895,37300.079725,17473.942548,0.0,0.0,0.0,0.007006,0.02382,-135.007278,1.0,0.0,0.0,0.0,0.0,0.0,0,0,0,0,0,0,0,0,0,0,0,0,0,0,0,371.325989,411.080902,458.482544,561.492981,462.294708,414.46524,371.143982,410.429962,457.755859,560.601868,461.659607,413.896393,370.068604,409.853577,457.113739,559.816711,462.390289,414.550964,370.231537,410.515442,457.851257,560.718872,463.032745,415.12735,37.785313,105501.030751,13.346899,170.082754,0,true,false,0.0,-161.521906,0
2,42,2.1,499.533556,0.370939,499.581349,0.338926,17473.942115,0.034,0.01434,0.004768,0.008296,0.028959,-135.007172,1.0,0.0,0.0,0.0,0.0,0.0,0,0,0,0,0,0,0,0,0,0,0,0,0,0,0,371.333069,411.087158,458.489777,561.502258,462.293304,414.464203,371.14859,410.429291,457.755371,560.601746,461.652405,413.890167,370.062622,409.847748,457.107483,559.809448,462.390778,414.551636,370.228027,410.51651,457.852692,560.721008,463.039032,415.13324,37.785744,105501.051444,13.159273,160.620353,0,true,false,0.0,-161.511906,0
2,43,2.15,499.532756,37300.096306,499.581572,37300.079502,17473.942296,0.058397,0.039413,0.007608,0.009342,0.025885,-135.007095,1.0,0.0,0.0,0.0,0.209979,0.139986,0,0,0,0,0,0,0,0,0,0,0,0,0,0,0,371.334503,411.087708,458.490601,561.503601,462.292084,414.463318,371.148621,410.42868,457.754883,560.60144,461.65155,413.889587,370.062012,409.847473,457.107361,559.809631,462.391235,414.552246,370.228821,410.517395,457.853882,560.722778,463.039124,415.133484,37.785564,105501.043099,13.012904,166.281754,0,true,false,0.0,-161.501906,0
2,44,2.2,499.533323,0.370371,499.582871,0.337627,17473.942236,-0.098114,-0.096683,0.028575,0.009864,0.021565,-135.007294,1.0,0.0,0.0,0.0,0.0,0.0,0,0,0,0,0,0,0,0,0,0,0,0,0,0,0,371.332581,411.085968,458.48819,561.499817,462.292358,414.463135,371.145966,410.427795,457.753418,560.598816,461.653961,413.891327,370.061859,409.84845,457.108002,559.809631,462.392731,414.553131,370.229401,410.517548,457.853607,560.72168,463.038483,415.132477,37.785625,105501.028899,13.358376,174.236554,0,true,false,0.0,-161.491906,0
2,45,2.25,499.53114,37300.098489,499.580983,37300.08139,17473.942246,0.130535,0.112272,0.016023,0.009757,0.024349,-135.007629,1.0,0.0,0.0,0.0,0.0,0.0,0,0,0,0,0,0,0,0,0,0,0,0,0,0,0,371.333771,411.088287,458.489929,561.500549,462.293732,414.463593,371.146301,410.42691,457.751587,560.595215,461.652252,413.889008,370.056946,409.844818,457.103088,559.802185,462.394562,414.554016,370.225342,410.51712,457.852264,560.718567,463.043427,415.136139,37.785614,105501.040037,13.993769,169.109756,0,true,false,0.0,-161.481906,0
2,46,2.3,499.531151,0.37036,499.581683,0.336928,17473.9422,-0.114078,-0.111944,0.033139,0.010211,0.021815,-135.007889,1.0,0.0,0.0,0.0,0.0,0.0,0,0,0,0,0,0,0,0,0,0,0,0,0,0,0,371.332245,411.08728,458.488129,561.497253,462.294373,414.463593,371.143982,410.425903,457.749817,560.591919,461.654022,413.890015,370.055634,409.844849,457.102478,559.800354,462.396332,414.555023,370.224823,410.51712,457.851624,560.716736,463.044037,415.136108,37.78566,105501.031886,14.468764,173.776801,0,true,false,0.0,-161.471906,0
2,47,2.35,499.532038,37300.097603,499.582331,37300.080742,17473.942285,-0.062147,-0.049392,0.014982,0.009431,0.018757,-135.008301,1.0,0.0,0.0,0.0,0.0,0.0,0,0,0,0,0,0,0,0,0,0,0,0,0,0,0,371.328827,411.085358,458.485016,561.49176,462.296448,414.464539,371.141052,410.425293,457.748138,560.588257,461.657135,413.891907,370.054657,409.845184,457.101868,559.797913,462.39801,414.555634,370.223389,410.516144,457.849548,560.712524,463.044647,415.135773,37.785576,105501.021272,15.21233,179.407371,0,true,false,0.0,-161.461906,0
2,48,2.4,499.530527,0.37187,499.581052,0.338206,17473.942305,-0.048355,-0.044693,0.013307,0.009239,0.020257,-135.008636,1.0,0.0,0.0,0.0,0.069993,-0.349965,0,0,0,0,0,0,0,0,0,0,0,0,0,0,0,371.329071,411.086761,458.485687,561.491211,462.297852,414.465027,371.140656,410.424469,457.746368,560.584656,461.656464,413.890564,370.05069,409.842499,457.097992,559.791809,462.399811,414.556458,370.220032,410.515656,457.848145,560.709412,463.048553,415.138489,37.785557,105501.027813,15.846723,176.644774,0,true,false,0.0,-161.451906,0
2,49,2.45,499.530971,37300.097159,499.581358,37300.080436,17473.942378,-0.02532,-0.013976,0.005067,0.008587,0.018077,-135.009003,1.0,0.0,0.0,0.0,0.0,0.0,0,0,0,0,0,0,0,0,0,0,0,0,0,0,0,371.326477,411.08551,458.483398,561.486877,462.299652,414.46582,371.138336,410.423859,457.744812,560.581238,461.658752,413.891785,370.049347,409.842346,457.096924,559.789001,462.401367,414.557068,370.218414,410.514862,457.846375,560.70575,463.049622,415.138641,37.785484,105501.020383,16.515737,180.659026,0,true,false,0.0,-161.441906,0
2,50,2.5,499.530447,0.372393,499.580454,0.33911,17473.942491,0.015989,0.021923,0.002904,0.007518,0.018076,-135.009399,1.0,0.0,0.0,0.0,0.0,0.0,0,0,0,0,0,0,0,0,0,0,0,0,0,0,0,371.325104,411.085785,458.482727,561.484436,462.301819,414.466888,371.137299,410.423401,457.743286,560.577698,461.659454,413.89151,370.046387,409.840515,457.093933,559.783691,462.402924,414.557556,370.215118,410.513824,457.844208,560.701477,463.052643,415.140442,37.78537,105501.021272,17.252662,180.660184,0,true,false,0.0,-161.431906,0
2,51,2.55,499.529133,37300.098474,499.57942,37300.081471,17473.942497,-0.022287,-0.021312,0.006215,0.007454,0.019175,-135.00975,1.0,0.0,0.0,0.0,0.0,0.0,0,0,0,0,0,0,0,0,0,0,0,0,0,0,0,371.325073,411.086853,458.483063,561.483398,462.303192,414.467346,371.136627,410.422516,457.741486,560.574097,461.659119,413.890472,370.042725,409.838165,457.090454,559.778015,462.404755,414.558411,370.212067,410.513367,457.842865,560.698364,463.056152,415.142853,37.785362,105501.026274,17.884329,178.636622,0,true,false,0.0,-161.421906,0
2,52,2.6,499.528568,0.372958,499.579009,0.339521,17473.942524,-0.044466,-0.042283,0.012512,0.007203,0.018855,-135.010086,1.0,0.0,0.0,0.0,0.0,0.0,0,0,0,0,0,0,0,0,0,0,0,0,0,0,0,371.324036,411.086914,458.4823,561.481079,462.304626,414.467865,371.135284,410.421753,457.739807,560.570618,461.659912,413.890411,370.0401,409.836792,457.088104,559.773743,462.406433,414.559204,370.209778,410.512848,457.841431,560.695251,463.058533,415.144196,37.785336,105501.025857,18.503879,179.226544,0,true,false,0.0,-161.411906,0
2,53,2.65,499.527631,37300.099411,499.578597,37300.081882,17473.942497,-0.056885,-0.047856,0.014449,0.00747,0.017841,-135.010239,1.0,0.0,0.0,0.0,0.0,0.0,0,0,0,0,0,0,0,0,0,0,0,0,0,0,0,371.324432,411.087585,458.482697,561.480896,462.304932,414.467804,371.134857,410.421082,457.738647,560.568542,461.659546,413.889709,370.037994,409.83551,457.086273,559.770813,462.407623,414.559875,370.208496,410.512909,457.841156,560.694214,463.060364,415.145508,37.785362,105501.02357,18.7939,181.094341,0,true,false,0.0,-161.401906,0
2,54,2.7,499.522672,0.377917,499.57425,0.343868,17473.942454,0.020663,0.002726,0.003165,0.007882,0.025253,-135.010376,1.0,0.0,0.0,0.0,0.0,0.0,0,0,0,0,0,0,0,0,0,0,0,0,0,0,0,371.330688,411.094177,458.489716,561.488953,462.305054,414.467621,371.139252,410.42041,457.737549,560.566711,461.652557,413.883179,370.030365,409.828461,457.078094,559.760315,462.408722,414.560608,370.202728,410.513153,457.841064,560.693604,463.068604,415.152588,37.785408,105501.052653,19.032278,167.445285,0,true,false,0.0,-161.391906,0
2,55,2.75,499.517506,37300.104576,499.570381,37300.085751,17473.941937,0.069235,0.048381,0.011211,0.009327,0.030769,-135.010269,1.0,0.0,0.0,0.0,0.0,0.0,0,0,0,0,0,0,0,0,0,0,0,0,0,0,0,371.338409,411.101013,458.497559,561.499023,462.303558,414.466492,371.144257,410.419678,457.737,560.566406,461.644745,413.876404,370.023773,409.822052,457.071198,559.752258,462.409332,414.561371,370.198853,410.514313,457.842621,560.695923,463.075531,415.159027,37.785923,105501.074705,18.843311,157.289009,0,true,false,0.0,-161.381906,0
2,56,2.8,499.520646,0.374778,499.574143,0.340105,17473.942251,-0.044275,-0.039923,0.01193,0.009739,0.020494,-135.010422,1.0,0.0,0.0,0.0,0.0,0.0,0,0,0,0,0,0,0,0,0,0,0,0,0,0,0,371.333038,411.095612,458.49118,561.49054,462.303741,414.466309,371.138855,410.418884,457.735748,560.56427,461.651062,413.881714,370.027405,409.826782,457.07608,559.757629,462.410522,414.562103,370.202515,410.514435,457.842377,560.694946,463.070557,415.154236,37.78561,105501.03987,19.122961,176.209806,0,true,false,0.0,-161.371906,0
2,57,2.85,499.519743,37300.105479,499.573347,37300.086548,17473.942288,0.014064,0.013967,0.00165,0.009395,0.02083,-135.010773,1.0,0.0,0.0,0.0,0.0,0.0,0,0,0,0,0,0,0,0,0,0,0,0,0,0,0,371.332367,411.096191,458.490936,561.48877,462.305298,414.466919,371.137848,410.418121,457.734009,560.560669,461.651306,413.881165,370.024231,409.82486,457.073059,559.752441,462.412292,414.562866,370.199646,410.513824,457.84082,560.691589,463.073608,415.156158,37.785572,105501.041983,19.779384,175.59067,0,true,false,0.0,-161.361906,0
2,58,2.9,499.518868,0.375653,499.572448,0.341004,17473.942339,-0.015829,-0.019108,0.005402,0.008919,0.02129,-135.011154,1.0,0.0,0.0,0.0,0.0,0.0,0,0,0,0,0,0,0,0,0,0,0,0,0,0,0,371.331573,411.096771,458.490662,561.486877,462.307068,414.467651,371.136902,410.417419,457.73233,560.557068,461.651611,413.880585,370.020966,409.822845,457.069916,559.74707,462.414001,414.563568,370.196564,410.513092,457.839081,560.687927,463.076813,415.158203,37.785522,105501.044512,20.464725,174.744254,0,true,false,0.0,-161.351906,0
2,59,2.95,499.520622,37300.103725,499.573762,37300.085234,17473.942456,-0.027131,-0.010985,0.005043,0.007869,0.016695,-135.01152,1.0,0.0,0.0,0.0,0.0,0.0,0,0,0,0,0,0,0,0,0,0,0,0,0,0,0,371.327118,411.093811,458.48642,561.480164,462.309143,414.468689,371.133362,410.417023,457.730957,560.553833,461.655823,413.883514,370.021393,409.824371,457.070709,559.74646,462.415344,414.563965,370.196075,410.512054,457.837006,560.683838,463.076019,415.156647,37.785404,105501.027857,21.149463,183.203949,0,true,false,0.0,-161.341906,0
2,60,3.0,499.518961,0.377314,499.572109,0.342656,17473.9425,0.013222,0.014643,0.001798,0.007425,0.018922,-135.011871,1.0,0.0,0.0,0.0,0.0,0.0,0,0,0,0,0,0,0,0,0,0,0,0,0,0,0,371.327576,411.095581,458.487549,561.480103,462.31076,414.46936,371.133453,410.416351,457.72934,560.550476,461.654724,413.881775,370.017151,409.821289,457.066406,559.739807,462.416992,414.564636,370.19223,410.511383,457.835419,560.680481,463.080353,415.15976,37.785362,105501.037111,21.790858,179.102595,0,true,false,0.0,-161.331906,0
2,61,3.05,499.514451,37300.108236,499.568808,37300.088536,17473.942374,0.016013,0.001874,0.002436,0.008551,0.024063,-135.011841,1.0,0.0,0.0,0.0,0.0,0.0,0,0,0,0,0,0,0,0,0,0,0,0,0,0,0,371.333984,411.101349,458.494049,561.488159,462.309662,414.468445,371.13736,410.415527,457.728485,560.5495,461.648254,413.876038,370.011047,409.815643,457.06015,559.732239,462.417877,414.565491,370.188599,410.512329,457.836517,560.681946,463.086639,415.165436,37.785488,105501.058287,21.743819,169.638065,0,true,false,0.0,-161.321906,0
2,62,3.1,499.50971,0.382055,499.565349,0.346115,17473.942133,-0.037052,-0.054399,0.015278,0.009941,0.028791,-135.011749,1.0,0.0,0.0,0.0,0.0,0.0,0,0,0,0,0,0,0,0,0,0,0,0,0,0,0,371.341034,411.107544,458.50119,561.497314,462.308197,414.467346,371.141846,410.414795,457.727875,560.549133,461.641144,413.869873,370.005005,409.809814,457.053894,559.724915,462.418518,414.566254,370.18515,410.513458,457.838013,560.684143,463.092926,415.171295,37.785728,105501.07776,21.570762,160.931745,0,true,false,0.0,-161.311906,0
2,63,3.15,499.511114,37300.106831,499.567468,37300.086417,17473.942183,-0.034649,-0.038155,0.011039,0.010361,0.02273,-135.011963,1.0,0.0,0.0,0.0,0.0,0.0,0,0,0,0,0,0,0,0,0,0,0,0,0,0,0,371.33783,411.104553,458.497314,561.491699,462.308563,414.467194,371.138092,410.413849,457.726318,560.546387,461.644989,413.872833,370.005951,409.811981,457.055786,559.72644,462.420044,414.567169,370.186584,410.51358,457.837616,560.6828,463.090973,415.169098,37.785679,105501.057574,21.949549,172.093227,0,true,false,0.0,-161.301906,0
2,64,3.2,499.506989,0.38618,499.564184,0.349398,17473.942114,0.097271,0.076854,0.013894,0.011066,0.028627,-135.012115,1.0,0.0,0.0,0.0,0.0,0.0,0,0,0,0,0,0,0,0,0,0,0,0,0,0,0,371.342712,411.10968,458.502655,561.497559,462.308655,414.466919,371.141052,410.412933,457.724915,560.544006,461.639679,413.867737,369.999359,409.806274,457.049042,559.717468,462.421509,414.568115,370.181946,410.513916,457.837585,560.682068,463.097809,415.174835,37.785748,105501.079907,22.243568,161.233645,0,true,false,0.0,-161.291906,0
2,65,3.25,499.505442,37300.108378,499.563839,37300.086763,17473.941982,0.067267,0.050042,0.008428,0.012189,0.027339,-135.012177,0.0,0.0,0.0,0.0,0.0,0.0,0,0,0,0,0,0,0,0,0,0,0,0,0,0,0,371.344482,411.110962,458.503967,561.498962,462.307892,414.466125,371.141052,410.411957,457.723694,560.542297,461.638367,413.866425,369.99704,409.804779,457.047241,559.715088,462.422699,414.569092,370.181396,410.514679,457.838348,560.6828,463.099579,415.176331,37.785877,105501.077575,22.332065,163.605412,0,true,false,0.0,-161.281906,0
2,66,3.3,499.508514,0.383108,499.566793,0.346444,17473.942063,-0.051637,-0.032357,0.010698,0.011499,0.019268,-135.012558,0.0,0.0,0.0,0.0,0.0,0.0,0,0,0,0,0,0,0,0,0,0,0,0,0,0,0,371.338043,411.105804,458.497253,561.489136,462.309753,414.466949,371.135468,410.411285,457.722015,560.538635,461.64505,413.871582,369.999268,409.808441,457.050385,559.717346,462.424377,414.569733,370.1828,410.513855,457.836456,560.678894,463.096405,415.172638,37.785797,105501.049069,23.034973,178.467206,0,true,false,0.0,-161.271906,0
2,67,3.35,499.506862,37300.11003,499.565122,37300.088434,17473.942121,0.004194,0.008568,0.001189,0.010949,0.021317,-135.012955,0.0,0.0,0.0,0.0,0.0,0.0,0,0,0,0,0,0,0,0,0,0,0,0,0,0,0,371.338226,411.107452,458.498108,561.488586,462.311646,414.467743,371.135284,410.410553,457.720184,560.534729,461.644196,413.869904,369.994781,409.805237,457.045837,559.710144,462.426208,414.570496,370.17865,410.513062,457.834595,560.674988,463.101013,415.175842,37.78574,105501.057568,23.77317,174.695375,0,true,false,0.0,-161.261906,0
2,68,3.4,499.508781,0.381189,499.566177,0.345389,17473.942299,-0.055221,-0.029546,0.010945,0.009323,0.016817,-135.013336,0.0,0.0,0.0,0.0,0.0,0.0,0,0,0,0,0,0,0,0,0,0,0,0,0,0,0,371.333496,411.104523,458.493896,561.48175,462.314148,414.469116,371.131989,410.410431,457.719086,560.531799,461.648438,413.872833,369.99527,409.806671,457.046448,559.70929,462.427307,414.570587,370.177673,410.511688,457.832092,560.670288,463.100372,415.174408,37.785561,105501.041255,24.493467,182.981182,0,true,false,0.0,-161.251906,0
2,69,3.45,499.507344,37300.111466,499.564842,37300.089769,17473.942335,-0.032902,-0.020949,0.006852,0.008982,0.018339,-135.013718,0.0,0.0,0.0,0.0,0.0,0.0,0,0,0,0,0,0,0,0,0,0,0,0,0,0,0,371.333466,411.105835,458.494415,561.480896,462.315796,414.469757,371.131531,410.409637,457.717285,560.528015,461.647919,413.871521,369.991211,409.803925,457.04248,559.702881,462.429138,414.571411,370.174072,410.511047,457.830444,560.666748,463.104401,415.177185,37.785526,105501.047878,25.18568,180.17715,0,true,false,0.015025,-161.241906,0
2,70,3.5,499.506569,0.381965,499.56406,0.346171,17473.942383,-0.019397,-0.011346,0.003949,0.008531,0.018608,-135.014069,0.0,0.0,0.0,0.0,0.0,0.0,0,0,0,0,0,0,0,0,0,0,0,0,0,0,0,371.332611,411.106293,458.494049,561.478943,462.317474,414.470459,371.130524,410.408936,457.715637,560.524536,461.648315,413.871094,369.98819,409.802094,457.039551,559.697815,462.430817,414.572113,370.171204,410.510345,457.828796,560.663208,463.10733,415.179016,37.785477,105501.049663,25.847908,179.68275,0,true,false,0.046468,-161.231906,0
2,71,3.55,499.505764,37300.112271,499.562876,37300.090954,17473.942486,0.130857,0.12172,0.015358,0.007558,0.01949,-135.01442,0.0,0.0,0.0,0.0,0.0,0.0,0,0,0,0,0,0,0,0,0,0,0,0,0,0,0,371.33194,411.107086,458.49408,561.477539,462.319397,414.471405,371.130096,410.408569,457.714355,560.521545,461.648285,413.8703,369.985138,409.799988,457.036346,559.692444,462.432129,414.572479,370.167908,410.509399,457.826874,560.659485,463.110596,415.181152,37.785374,105501.053664,26.486543,178.058653,0,true,false,0.076502,-161.221906,0
2,72,3.6,499.504779,0.38295,499.562106,0.34694,17473.942512,-0.009218,-0.01164,0.003191,0.007323,0.019693,-135.014832,0.0,0.0,0.0,0.0,0.0,0.0,0,0,0,0,0,0,0,0,0,0,0,0,0,0,0,371.331024,411.107574,458.493591,561.47522,462.321167,414.472076,371.128723,410.407623,457.71225,560.517273,461.648804,413.869812,369.981506,409.797913,457.03299,559.686646,462.434235,414.573456,370.164764,410.508759,457.825134,560.65564,463.113953,415.183228,37.785351,105501.055339,27.253404,177.685208,0,true,false,0.113723,-161.211906,0
2,73,3.65,499.502203,37300.114847,499.560327,37300.092733,17473.942434,0.022678,0.012639,0.003013,0.00802,0.022013,-135.014847,0.0,0.0,0.0,0.0,0.0,0.0,0,0,0,0,0,0,0,0,0,0,0,0,0,0,0,371.334564,411.110748,458.497101,561.479492,462.320557,414.471497,371.130707,410.407013,457.711578,560.516418,461.645294,413.866669,369.977936,409.794708,457.029419,559.68219,462.434937,414.574066,370.162689,410.509338,457.825775,560.656372,463.117554,415.186462,37.785427,105501.065524,27.264563,173.413698,0,true,false,0.141189,-161.201906,0
2,74,3.7,499.50116,0.383993,499.559777,0.347491,17473.942414,0.065633,0.053176,0.008036,0.008194,0.022159,-135.015137,0.0,0.0,0.0,0.0,0.0,0.0,0,0,0,0,0,0,0,0,0,0,0,0,0,0,0,371.334381,411.111359,458.49704,561.47821,462.321533,414.47171,371.1297,410.406097,457.709808,560.513,461.645355,413.866058,369.974915,409.792969,457.026764,559.677734,462.436707,414.574982,370.160492,410.509125,457.824799,560.653992,463.120239,415.188202,37.785446,105501.06695,27.806972,173.14483,0,true,false,0.17349,-161.191906,0
2,75,3.75,499.500818,37300.11519,499.55995,37300.09256,17473.942391,0.007725,0.004814,0.000961,0.008443,0.020762,-135.01535,0.0,0.0,0.0,0.0,0.0,0.0,0,0,0,0,0,0,0,0,0,0,0,0,0,0,0,371.333618,411.111053,458.496185,561.476257,462.322113,414.471741,371.128265,410.405304,457.708405,560.510376,461.64624,413.866364,369.973297,409.79245,457.025604,559.675415,462.438141,414.575806,370.159576,410.509094,457.824219,560.652344,463.121368,415.188721,37.785469,105501.062713,28.205173,175.716337,0,true,false,0.205796,-161.181906,0
2,76,3.8,499.502254,0.382557,499.561204,0.346236,17473.942475,-0.054087,-0.032829,0.011094,0.007682,0.01619,-135.015854,0.0,0.0,0.0,0.0,0.0,0.0,0,0,0,0,0,0,0,0,0,0,0,0,0,0,0,371.328888,411.108124,458.491669,561.468689,462.324585,414.472839,371.124084,410.40448,457.706238,560.505676,461.650726,413.869293,369.972595,409.793457,457.025513,559.673279,462.440308,414.576599,370.158356,410.507996,457.821777,560.647278,463.12149,415.187714,37.785385,105501.046202,29.123463,184.135945,0,true,false,0.241791,-161.171906,0
2,77,3.85,499.500028,37300.117416,499.559199,37300.094565,17473.942487,-0.035883,-0.03491,0.010279,0.007546,0.019332,-135.016174,0.0,0.0,0.0,0.0,0.0,0.0,0,0,0,0,0,0,0,0,0,0,0,0,0,0,0,371.330261,411.110596,458.493652,561.469788,462.325897,414.473297,371.124695,410.403687,457.70459,560.502319,461.648773,413.866821,369.967743,409.789734,457.020569,559.665894,462.441986,414.577393,370.154266,410.507538,457.820496,560.644409,463.126465,415.191437,37.785374,105501.05897,29.71452,178.349216,0,true,false,0.273536,-161.161906,0
2,78,3.9,499.500637,0.381948,499.559463,0.345973,17473.942583,0.023654,0.030132,0.003951,0.006664,0.017175,-135.01651,0.0,0.0,0.0,0.0,0.0,0.0,0,0,0,0,0,0,0,0,0,0,0,0,0,0,0,371.327606,411.109314,458.491394,561.465576,462.327759,414.474213,371.122589,410.40329,457.703308,560.49939,461.651031,413.868103,369.966736,409.789734,457.019745,559.663513,462.443268,414.577789,370.15271,410.506653,457.818634,560.640747,463.127319,415.191467,37.785278,105501.051388,30.336539,182.320522,0,true,false,0.302509,-161.151906,0
2,79,3.95,499.497285,37300.120768,499.556839,37300.097188,17473.942521,0.010243,-0.001165,0.001649,0.007206,0.022036,-135.016708,0.0,0.0,0.0,0.0,0.0,0.0,0,0,0,0,0,0,0,0,0,0,0,0,0,0,0,371.331177,411.113312,458.495331,561.469604,462.328125,414.474091,371.124512,410.402374,457.701782,560.496704,461.647125,413.864136,369.960999,409.784973,457.013947,559.655518,462.444824,414.578735,370.14859,410.506805,457.818298,560.639465,463.133148,415.196228,37.785339,105501.070593,30.711767,173.369887,0,true,false,0.335661,-161.141906,0
2,80,4.0,499.499281,0.379951,499.558806,0.344006,17473.480793,0.00884,0.003886,20.249876,0.006912,0.017099,-135.0168,1.0,0.0,0.0,0.0,0.0,0.0,0,0,0,0,0,0,0,0,0,0,0,0,0,0,0,371.327911,411.110229,458.491699,561.464844,462.328491,414.474243,371.121735,410.402252,457.701447,560.495911,461.650726,413.867188,369.963379,409.78772,457.016785,559.658691,462.44516,414.578857,370.150482,410.506622,457.817902,560.638672,463.13028,415.193481,38.247066,105501.052277,30.859526,181.999926,0,true,false,0.371862,-161.131906,0
2,81,4.05,499.49871,37300.121339,499.558558,37300.097436,17472.045205,0.016228,0.007012,43.946083,0.006912,0.017099,-135.0168,1.0,0.0,0.0,0.0,0.0,0.0,0,0,0,0,0,0,0,0,0,0,0,0,0,0,0,371.328674,411.11084,458.492371,561.465637,462.328247,414.473999,371.122009,410.402008,457.701172,560.495605,461.650055,413.866577,369.962616,409.787109,457.016113,559.657898,462.445435,414.579102,370.150208,410.506836,457.818176,560.638977,463.130951,415.194092,39.682655,105501.052428,30.85947,180.564338,0,true,false,0.399391,-161.121906,0
2,82,4.1,499.497525,0.381136,499.558049,0.344515,17468.71786,0.026567,0.011388,76.324247,0.006912,0.017099,-135.0168,1.0,0.0,0.0,0.0,0.0,0.0,0,0,0,0,0,0,0,0,0,0,0,0,0,0,0,371.330261,411.112091,458.493774,561.467346,462.327698,414.473511,371.122528,410.40152,457.700623,560.494934,461.648682,413.865326,369.960999,409.785858,457.01474,559.656189,462.445984,414.57959,370.149689,410.507355,457.818726,560.639648,463.132324,415.195312,43.010002,105501.052633,30.859394,177.236992,0,true,false,0.433637,-161.111906,0
2,83,4.15,499.495696,37300.123168,499.557267,37300.098218,17463.386256,0.03855,0.016461,112.852139,0.006912,0.017099,-135.0168,1.0,0.0,0.0,0.0,0.0,0.0,0,0,0,0,0,0,0,0,0,0,0,0,0,0,0,371.332733,411.113983,458.495911,561.469971,462.326843,414.472748,371.123322,410.400757,457.699768,560.493835,461.646545,413.863434,369.958527,409.783966,457.012604,559.653564,462.446838,414.580353,370.148865,410.508118,457.81958,560.640686,463.13446,415.197235,48.341606,105501.052889,30.859297,171.905389,0,true,false,0.468708,-161.101906,0
2,84,4.2,499.493129,0.383703,499.556172,0.34561,17455.795422,0.052114,0.022205,152.145828,0.006912,0.017099,-135.0168,1.0,0.0,0.0,0.0,0.0,0.0,0,0,0,0,0,0,0,0,0,0,0,0,0,0,0,371.336212,411.116669,458.498901,561.473572,462.325623,414.47168,371.124451,410.399658,457.698547,560.492371,461.643555,413.860748,369.955078,409.781281,457.009613,559.649902,462.448029,414.581451,370.147736,410.509186,457.82077,560.642151,463.137451,415.199921,55.932438,105501.053213,30.859173,164.314553,0,true,false,0.504197,-161.091906,0
2,85,4.25,499.490884,37300.125413,499.555216,37300.099174,17449.161513,0.062578,0.026637,184.99173,0.006912,0.017099,-135.0168,1.0,0.0,0.0,0.0,0.0,0.0,0,0,0,0,0,0,0,0,0,0,0,0,0,0,0,371.339233,411.119019,458.501495,561.476807,462.324585,414.470734,371.125458,410.398712,457.69751,560.491089,461.64093,413.858398,369.952057,409.778931,457.007019,559.646729,462.449097,414.582397,370.146759,410.510132,457.821838,560.643433,463.140076,415.202271,62.566349,105501.053497,30.859062,157.680644,0,true,false,0.528712,-161.081906,0
2,86,4.3,499.487374,0.387213,499.553723,0.347103,17438.700918,0.077268,0.032859,230.977341,0.006912,0.017099,-135.0168,1.0,0.0,0.0,0.0,0.0,0.0,0,0,0,0,0,0,0,0,0,0,0,0,0,0,0,371.343964,411.122681,458.505585,561.481812,462.322937,414.469238,371.126984,410.397247,457.695862,560.489075,461.636841,413.854736,369.947327,409.775269,457.00293,559.641724,462.450745,414.583862,370.145233,410.511597,457.823486,560.645508,463.144165,415.205933,73.026947,105501.053913,30.858899,147.220048,0,true,false,0.560315,-161.071906,0
2,87,4.35,499.481911,37300.130875,499.551401,37300.101496,17422.508962,0.09705,0.041239,286.921143,0.006912,0.017099,-135.0168,1.0,0.0,0.0,0.0,-0.559944,0.69993,0,0,0,0,0,0,0,0,0,0,0,0,0,0,0,371.351318,411.128387,458.511932,561.489563,462.320374,414.466949,371.129395,410.394958,457.693298,560.485962,461.630493,413.84903,369.939941,409.769562,456.996552,559.633911,462.453308,414.586151,370.142822,410.513916,457.82605,560.648621,463.150513,415.211609,89.218895,105501.054586,30.858633,131.028092,0,true,false,0.599705,-161.061906,0
2,88,4.4,499.47626,0.392864,499.549001,0.349504,17405.716584,0.115959,0.04925,345.881195,0.006912,0.017099,-135.0168,1.0,0.0,0.0,0.0,-1.045193,1.371816,0,0,0,0,0,0,0,0,0,0,0,0,0,0,0,371.358948,411.134277,458.518524,561.49762,462.317719,414.464569,371.131866,410.392578,457.690643,560.482666,461.623932,413.84314,369.932312,409.763672,456.98999,559.625854,462.455963,414.588531,370.14035,410.516296,457.828705,560.651855,463.157104,415.217499,106.011276,105501.055269,30.858362,114.235712,0,true,false,0.633,-161.051906,0
2,89,4.45,499.470293,37300.136842,499.546537,37300.10396,17387.436047,0.126667,0.048981,407.444943,0.006912,-0.055384,-134.932251,1.0,0.0,0.0,0.0,-1.065071,1.242584,0,0,0,0,0,0,0,0,0,0,0,0,0,0,0,371.827637,411.303497,458.916779,562.336182,461.921753,414.298645,371.594757,410.552734,458.07843,561.3078,461.224548,413.673859,370.383179,409.920013,457.373169,560.444763,462.065613,414.427673,370.596954,410.681641,458.222351,561.484192,462.770172,415.060028,124.291817,105500.780667,-124.830284,229.402243,0,true,false,0.663569,-161.041906,0
2,90,4.5,499.464571,0.398586,499.544324,0.351716,17369.29019,0.120926,0.046761,382.914655,0.006079,-0.34795,-134.611938,0.0,0.0,0.0,0.0,-0.893034,0.840503,0,0,0,0,0,0,0,0,0,0,0,0,0,0,0,373.604645,12563.326172,24916.283203,569.528015,40000.0,40000.0,373.365112,40000.0,40000.0,568.582581,40000.0,40000.0,372.137848,40000.0,40000.0,568.575195,40000.0,40000.0,372.358093,40000.0,40000.0,569.552246,40000.0,12105.041992,142.437668,105496.003297,-714.683934,749.888582,0,true,false,0.693675,-161.031906,0
2,91,4.55,499.459406,37300.142008,499.542327,37300.105957,17353.15092,0.11567,0.044729,359.970593,0.001748,-0.794981,-134.112198,0.0,0.0,0.0,0.0,-0.209979,0.209979,0,0,0,0,0,0,0,0,0,0,0,0,0,0,0,376.448181,12714.49707,24953.257812,570.06543,40000.0,40000.0,376.201843,40000.0,40000.0,569.111572,40000.0,40000.0,374.956238,40000.0,40000.0,569.10675,40000.0,40000.0,375.183075,40000.0,40000.0,570.092224,40000.0,12080.678711,158.576935,105476.925302,-1634.787568,1556.700862,0,true,false,0.722084,-161.021906,0
2,92,4.6,499.453554,0.404438,499.540064,0.353979,17335.130511,0.109856,0.04248,335.6714,-0.008627,-1.331358,-133.515091,0.0,0.0,0.0,0.0,0.0,0.0,0,0,0,0,0,0,0,0,0,0,0,0,0,0,0,379.970734,12902.349609,25002.103516,570.811646,40000.0,40000.0,379.716339,40000.0,40000.0,569.848083,40000.0,40000.0,378.448822,40000.0,40000.0,569.846191,40000.0,40000.0,378.683411,40000.0,40000.0,570.841309,40000.0,12053.951172,176.597351,105435.396414,-2733.58669,2525.962024,0,true,false,0.755778,-161.011906,0
2,93,4.65,499.447554,37300.148008,499.537744,37300.108278,17317.131202,0.103812,0.040143,310.435522,-0.019401,-1.707843,-133.095749,0.0,0.0,0.0,0.0,0.0,0.0,0,0,0,0,0,0,0,0,0,0,0,0,0,0,0,382.531067,13039.063477,25229.441406,571.404663,40000.0,40000.0,382.269043,40000.0,40000.0,570.431458,40000.0,40000.0,380.982361,40000.0,40000.0,570.432495,40000.0,40000.0,381.224365,40000.0,40000.0,571.437317,40000.0,12036.635742,194.596664,105394.243529,-3504.695843,3200.81179,0,true,false,0.792347,-161.001906,0
2,94,4.7,499.442349,0.409643,499.535731,0.355992,17301.791532,0.098442,0.038067,287.393158,-0.028976,-1.979941,-132.792526,0.0,0.0,0.0,0.0,0.0,0.0,0,0,0,0,0,0,0,0,0,0,0,0,0,0,0,10891.384766,13140.586914,25428.863281,40000.0,40000.0,40000.0,40000.0,40000.0,40000.0,40000.0,40000.0,40000.0,40000.0,40000.0,40000.0,40000.0,40000.0,40000.0,40000.0,40000.0,40000.0,40000.0,40000.0,12024.896484,209.936325,105358.376474,-4061.910078,3686.137671,0,true,false,0.825779,-160.991906,0
2,95,4.75,499.438303,37300.152054,499.534166,37300.109842,17290.138615,0.094183,0.03642,268.914818,-0.034966,-2.131603,-132.623444,0.0,0.0,0.0,0.0,0.0,0.0,0,0,0,0,0,0,0,0,0,0,0,0,0,0,0,10919.808594,13198.109375,25541.980469,40000.0,40000.0,40000.0,40000.0,40000.0,40000.0,40000.0,40000.0,40000.0,40000.0,40000.0,40000.0,40000.0,40000.0,40000.0,40000.0,40000.0,40000.0,40000.0,40000.0,12018.594727,221.589249,105336.250245,-4372.451664,3953.513258,0,true,false,0.853074,-160.981906,0
2,96,4.8,499.434113,0.413833,499.532546,0.357612,17278.32288,0.089937,0.034778,252.567291,-0.042475,-2.282185,-132.426163,0.0,0.0,0.0,0.0,-0.209979,0.209979,0,0,0,0,0,0,0,0,0,0,0,0,0,0,0,10953.167969,13265.933594,25675.203125,40000.0,40000.0,40000.0,40000.0,40000.0,40000.0,40000.0,40000.0,40000.0,40000.0,40000.0,40000.0,40000.0,40000.0,40000.0,40000.0,40000.0,40000.0,40000.0,40000.0,12011.305664,233.404984,105310.301948,-4734.654593,4218.75102,0,true,false,0.882682,-160.971906,0
2,97,4.85,499.595341,37299.990826,499.705696,37299.936692,17260.089604,-4.78817,-5.113108,403.385435,-0.065645,-2.604536,-131.871872,1.0,0.0,0.0,0.0,-0.647508,1.813023,0,0,0,0,0,0,0,0,0,0,0,0,0,0,0,11047.87793,13460.014648,26037.392578,40000.0,40000.0,40000.0,40000.0,40000.0,40000.0,40000.0,40000.0,40000.0,40000.0,40000.0,40000.0,40000.0,40000.0,40000.0,40000.0,40000.0,40000.0,40000.0,40000.0,11990.822266,251.63826,105234.798942,-5751.667133,4793.714868,0,true,false,0.916129,-160.961906,0
2,98,4.9,500.044402,-0.035228,500.184229,-0.120921,17233.457907,-10.647886,-11.349686,565.744477,-0.11455,-3.121263,-130.861328,1.0,0.0,0.0,0.0,-0.794632,1.390607,0,0,0,0,0,0,0,0,0,0,0,0,0,0,0,11227.368164,23639.1875,40000.0,40000.0,40000.0,40000.0,40000.0,40000.0,40000.0,40000.0,40000.0,40000.0,40000.0,40000.0,40000.0,40000.0,40000.0,40000.0,40000.0,40000.0,40000.0,40000.0,40000.0,11956.478516,278.269958,105070.397089,-7602.700464,5718.146014,0,true,false,0.949814,-160.951906,0
2,99,4.95,500.79593,37299.239298,500.990418,37299.130504,17200.167871,-17.542773,-18.940337,724.432116,0.044839,-3.833569,-129.50351,1.0,0.0,0.0,1.0,-0.629937,0.909909,0,0,0,0,0,0,0,0,0,0,0,0,0,0,0,11484.867188,23069.400391,40000.0,40000.0,40000.0,40000.0,40000.0,40000.0,40000.0,40000.0,40000.0,40000.0,40000.0,40000.0,40000.0,40000.0,40000.0,40000.0,40000.0,40000.0,40000.0,40000.0,40000.0,11918.078125,311.559998,104783.005256,-10110.794766,6953.46656,0,true,false,0.981835,-160.941906,0
2,100,5.0,504.951443,-4.190741,505.998475,-5.128979,17160.065865,-112.892385,-138.182186,818.576895,0.874644,-4.796546,-127.822662,1.0,0.0,1.0,1.0,-1.297112,1.768788,0,0,0,0,0,0,0,0,0,0,0,0,0,0,0,11828.197266,20748.710938,40000.0,40000.0,40000.0,40000.0,40000.0,40000.0,40000.0,40000.0,40000.0,40000.0,40000.0,40000.0,40000.0,40000.0,40000.0,40000.0,40000.0,40000.0,40000.0,40000.0,40000.0,11414.310547,351.661987,104307.683632,-13311.602937,8450.129115,0,true,true,1.0,-160.931906,0
2,101,5.05,513.102957,37291.087784,516.367544,37288.761434,17117.639765,-195.589272,-253.03134,906.918453,2.328053,-6.144389,-125.756989,1.0,0.0,1.0,1.0,-1.365666,1.523242,0,0,0,0,0,0,0,0,0,0,0,0,0,0,0,11992.387695,21385.896484,40000.0,40000.0,40000.0,40000.0,40000.0,40000.0,40000.0,40000.0,40000.0,40000.0,40000.0,40000.0,40000.0,40000.0,40000.0,40000.0,40000.0,40000.0,40000.0,40000.0,40000.0,10763.575195,394.088104,103526.734054,-17377.541432,10304.372717,0,true,true,1.0,-160.921906,0
2,102,5.1,526.258768,-17.346552,530.763716,-19.52515,17071.784365,-321.704383,-308.356244,967.720724,4.308501,-7.89745,-123.384857,1.0,-1.0,1.0,1.0,-1.555913,1.931478,0,0,0,0,0,0,0,0,0,0,0,0,0,0,0,12117.698242,24364.410156,40000.0,40000.0,40000.0,40000.0,40000.0,40000.0,40000.0,40000.0,40000.0,40000.0,40000.0,40000.0,40000.0,40000.0,40000.0,40000.0,40000.0,40000.0,40000.0,40000.0,13806.827148,10156.776367,439.943481,102345.888008,-22228.395196,12372.023332,0,true,true,1.0,-160.911906,0
2,103,5.15,547.383883,37269.962669,547.610692,37271.914457,17021.038399,-467.924048,-349.963072,1029.975163,6.794743,-10.138986,-120.627052,1.0,-1.0,1.0,1.0,-1.274959,1.863402,0,0,0,0,0,0,0,0,0,0,0,0,0,0,0,12377.195312,25180.220703,40000.0,40000.0,40000.0,40000.0,40000.0,40000.0,40000.0,40000.0,40000.0,40000.0,40000.0,40000.0,40000.0,40000.0,40000.0,40000.0,40000.0,40000.0,40000.0,40000.0,12280.920898,10556.774414,490.689453,100580.229278,-28087.610627,14522.810735,0,true,true,1.0,-160.901906,0
2,104,5.2,579.730792,-49.693461,569.952647,-41.867104,16959.499338,-619.114893,-416.033335,1097.515787,10.704327,-13.712043,-116.670074,1.0,-1.0,1.0,1.0,-1.04102,1.260182,0,0,0,0,0,0,0,0,0,0,0,0,0,0,0,13750.132812,40000.0,40000.0,40000.0,40000.0,40000.0,40000.0,40000.0,40000.0,40000.0,40000.0,40000.0,40000.0,40000.0,40000.0,40000.0,40000.0,40000.0,40000.0,40000.0,40000.0,40000.0,12209.990234,11274.617188,552.228516,97268.853009,-36912.899147,16861.105919,0,true,true,1.0,-160.891906,0
2,105,5.25,618.888912,37230.804549,594.21118,37247.655924,16902.597972,-788.562488,-472.167423,1030.52361,15.167512,-17.906441,-112.668564,0.0,-1.0,1.0,1.0,-1.031841,0.967351,0,0,0,0,0,0,0,0,0,0,0,0,0,0,0,21612.638672,40000.0,40000.0,40000.0,40000.0,40000.0,40000.0,40000.0,40000.0,40000.0,40000.0,40000.0,40000.0,40000.0,40000.0,40000.0,40000.0,40000.0,40000.0,40000.0,40000.0,40000.0,11745.28418,12235.321289,609.129883,92844.345918,-46369.887346,18122.836186,0,true,true,1.0,-160.881906,0
2,106,5.3,658.813609,-89.618158,617.468597,-65.12452,16857.416357,-916.222586,-528.98195,969.480019,18.890648,-21.456171,-109.790192,0.0,-1.0,1.0,1.0,-1.189881,0.839916,0,0,0,0,0,0,0,0,0,0,0,0,0,0,0,24945.498047,40000.0,40000.0,40000.0,40000.0,40000.0,40000.0,40000.0,40000.0,40000.0,40000.0,40000.0,40000.0,40000.0,40000.0,40000.0,40000.0,40000.0,40000.0,40000.0,40000.0,40000.0,11039.436523,12660.311523,654.311523,88831.172093,-53575.604971,18110.14096,0,true,true,1.0,-160.871906,0
2,107,5.35,710.018038,37179.60012,649.830164,37215.294356,16808.980903,-965.891539,-667.239217,858.530507,23.670818,-26.479736,-106.366791,0.0,0.0,1.0,0.0,0.0,0.0,0,0,0,0,0,0,0,0,0,0,0,0,0,0,0,27466.394531,40000.0,40000.0,40000.0,40000.0,40000.0,40000.0,40000.0,40000.0,40000.0,40000.0,40000.0,40000.0,40000.0,40000.0,40000.0,40000.0,40000.0,40000.0,40000.0,40000.0,13628.519531,11254.935547,13275.615234,702.746948,82903.380202,-62534.41217,17128.265199,0,true,true,1.0,-160.861906,0
2,108,5.4,758.644589,-138.244709,687.831278,-103.125634,16770.106459,-965.665676,-806.663165,720.074752,27.262022,-30.534451,-103.969353,0.0,0.0,1.0,0.0,0.0,0.0,0,0,0,0,0,0,0,0,0,0,0,0,0,0,0,28655.083984,40000.0,40000.0,40000.0,40000.0,40000.0,40000.0,40000.0,40000.0,40000.0,40000.0,40000.0,40000.0,40000.0,40000.0,40000.0,40000.0,40000.0,40000.0,40000.0,28273.304688,13638.199219,12004.678711,14256.422852,741.621399,77903.821152,-68949.458905,15524.649452,0,true,true,1.0,-160.851906,0
2,109,5.45,795.239525,37143.005184,721.004379,37182.121255,16745.449264,-959.431357,-903.691635,611.089366,29.29006,-32.905212,-102.698715,0.0,0.0,1.0,0.0,0.0,0.0,0,0,0,0,0,0,0,0,0,0,0,0,0,0,0,29587.380859,40000.0,40000.0,40000.0,40000.0,40000.0,40000.0,40000.0,1083.210815,40000.0,40000.0,40000.0,40000.0,40000.0,40000.0,40000.0,40000.0,40000.0,40000.0,38256.980469,28032.425781,13863.180664,12481.991211,15007.600586,766.278625,74912.003199,-72374.422281,14276.972976,0,true,true,1.0,-160.841906,0
2,110,5.5,848.505227,-191.510411,776.29996,-158.421215,16716.865552,-946.843278,-1037.293179,452.178687,31.284994,-35.282089,-101.516762,0.0,0.0,1.0,0.0,0.0,0.0,0,0,0,0,0,0,0,0,0,0,0,0,0,0,0,31233.0625,40000.0,40000.0,40000.0,40000.0,40000.0,40000.0,40000.0,1153.001221,40000.0,40000.0,1138.097046,40000.0,40000.0,40000.0,40000.0,40000.0,40000.0,40000.0,39706.21875,28083.427734,14104.157227,12972.202148,15781.741211,609.735535,71865.591444,-75556.607651,12811.232001,0,true,true,1.0,-160.831906,0
2,111,5.55,896.852344,37094.658068,833.459909,37124.961306,16698.246338,-932.439244,-1150.746468,307.870968,32.709152,-36.99966,-100.718292,0.0,0.0,1.0,0.0,0.0,0.0,0,0,0,0,0,0,0,0,0,0,0,0,0,0,0,40000.0,40000.0,40000.0,40000.0,40000.0,40000.0,40000.0,40000.0,1273.387695,1168.346924,1146.306885,1211.03772,40000.0,40000.0,40000.0,40000.0,40000.0,40000.0,40000.0,40000.0,28115.689453,14285.498047,13333.535156,16353.161133,1246.535522,69636.91338,-77701.019024,11627.278442,0,true,true,1.0,-160.821906,0
2,112,5.6,943.639507,-238.297574,895.138228,-220.099534,16687.125801,-915.441503,-1253.175021,167.305454,33.84145,-38.315521,-99.907318,0.0,0.0,1.0,0.0,0.839916,0.0,0,0,0,0,0,0,0,0,0,0,0,0,0,0,0,40000.0,40000.0,40000.0,40000.0,40000.0,40000.0,40000.0,1031.425781,1303.673462,1285.411987,1266.299194,1330.021362,40000.0,40000.0,40000.0,40000.0,40000.0,40000.0,40000.0,40000.0,28029.068359,14408.074219,13656.732422,29020.957031,1257.656006,67719.495088,-79463.830371,10267.674749,0,true,true,1.0,-160.811906,0
2,113,5.65,984.187587,37054.109988,953.880378,37066.219157,16683.408214,-896.786028,-1334.912932,43.59534,34.583733,-38.956749,-99.282059,0.0,0.0,1.0,0.0,0.209979,-0.209979,1.0,87014.824386,27006.002668,-59787.216795,0.0,0,0,0,0,0,0,0,0,0,0,40000.0,40000.0,40000.0,40000.0,40000.0,40000.0,40000.0,1022.997437,1306.898926,1317.441406,1317.441406,1317.441406,1022.997437,40000.0,40000.0,40000.0,40000.0,40000.0,40000.0,40000.0,27834.867188,14267.141602,13838.566406,28837.537109,1261.373535,66561.193906,-80500.495375,8967.210996,0,true,true,1.0,-160.801906,0
2,114,5.7,1031.571378,-285.681365,1028.666688,-294.885844,16685.735004,-876.930283,-1431.255808,-94.436667,35.400875,-39.488708,-98.688087,0.0,0.0,1.0,0.0,-0.139986,-0.559944,1.0,87232.008554,27383.923406,-59104.614601,9.691243,0,0,0,0,0,0,0,0,0,0,40000.0,40000.0,40000.0,40000.0,40000.0,40000.0,40000.0,1790.299438,1285.39502,1298.881836,1298.881836,1298.881836,1177.942383,40000.0,40000.0,40000.0,40000.0,40000.0,40000.0,40000.0,27954.111328,13929.453125,13982.977539,28636.265625,1259.046753,65508.460599,-81400.365395,7459.652879,0,true,true,1.0,-160.791906,0
2,115,5.75,1071.510749,37014.170617,1097.214187,36997.671658,16693.839347,-858.361344,-1508.267237,-210.26131,36.144775,-39.846607,-98.546112,0.0,0.0,1.0,0.0,-0.69993,-0.419958,1.0,87336.718586,27933.539192,-58476.304144,16.193554,0,0,0,0,0,0,0,0,0,0,40000.0,40000.0,40000.0,40000.0,40000.0,40000.0,40000.0,1764.215942,1150.334106,1276.485962,1276.485962,1276.485962,1903.949707,40000.0,40000.0,40000.0,40000.0,40000.0,40000.0,40000.0,28092.837891,13773.431641,14002.271484,28072.724609,1250.942505,64994.648439,-81793.802079,6513.039431,0,true,true,1.0,-160.781906,0
2,116,5.8,1121.156961,-335.327578,1189.332445,-387.004102,16711.492537,-836.593657,-1601.251548,-350.646861,37.449802,-40.464588,-98.931259,0.0,0.0,1.0,0.0,-0.69993,-0.909909,1.0,87703.594058,28972.410471,-57074.168934,22.467554,0,0,0,0,0,0,0,0,0,0,40000.0,40000.0,40000.0,40000.0,40000.0,40000.0,40000.0,1714.604736,1141.084473,1233.07019,1233.07019,1233.07019,1021.206787,947.811157,40000.0,40000.0,40000.0,40000.0,40000.0,40000.0,28189.041016,13835.925781,13927.173828,28974.847656,1065.108521,64643.946896,-82000.830635,5742.88788,0,true,true,1.0,-160.771906,0
2,117,5.85,1153.167696,36982.159881,1252.724004,36934.280099,16727.364913,-824.219536,-1659.065105,-439.320442,38.526459,-40.870899,-99.494263,0.0,0.0,1.0,0.0,0.0,0.0,1.0,87968.237959,29916.922602,-55911.562935,25.644672,0,0,0,0,0,0,0,0,0,0,40000.0,40000.0,40000.0,40000.0,40000.0,40000.0,40000.0,915.763611,1052.467773,1198.677734,1198.677734,1198.677734,1063.121704,40000.0,40000.0,40000.0,40000.0,40000.0,40000.0,40000.0,28257.515625,14007.487305,13808.589844,29270.933594,3218.840576,64649.415752,-81935.454431,5373.288574,0,true,true,1.0,-160.761906,0
2,118,5.9,1202.47478,-384.634662,1356.32889,-490.608988,16758.928556,-807.205724,-1742.640714,-573.591683,39.447166,-41.421566,-100.295677,0.0,0.0,1.0,-1.0,0.0,0.0,1.0,88237.575198,30650.434331,-54612.083189,29.499718,0,0,0,0,0,0,0,0,0,0,39663.394531,40000.0,40000.0,40000.0,40000.0,40000.0,40000.0,1610.208618,893.356628,930.033386,858.037354,930.033386,1035.662598,1670.296997,40000.0,40000.0,40000.0,40000.0,40000.0,39663.394531,28426.791016,14221.949219,13631.765625,16703.84375,3187.276855,64642.561835,-81780.370185,5703.909772,0,true,true,1.0,-160.751906,0
2,119,5.95,1240.301605,36944.333057,1440.508918,36850.10007,16789.060909,-795.681877,-1801.891559,-674.340937,39.107304,-41.83736,-100.895508,0.0,0.0,1.0,-1.0,0.279972,0.419958,1.0,88398.18853,30197.800861,-54189.480233,31.771687,0,0,0,0,0,0,0,0,0,0,33280.828125,40000.0,40000.0,40000.0,40000.0,40000.0,40000.0,1551.939575,983.394714,982.065857,982.065857,982.065857,1115.160889,1551.939575,40000.0,40000.0,40000.0,40000.0,40000.0,39295.675781,28857.105469,14372.762695,13502.603516,16419.820312,3157.144531,64605.60617,-81560.948113,7424.611191,0,true,true,1.0,-160.741906,0
2,120,6.0,1278.930507,-423.263564,1530.4722,-580.57227,16825.180541,-785.136781,-1858.259162,-774.84669,37.752117,-42.251884,-101.338654,0.0,0.0,1.0,-1.0,0.0,0.0,1.0,88496.520813,28745.707424,-54348.451072,33.608983,0,0,0,0,0,0,0,0,0,0,32924.292969,40000.0,40000.0,40000.0,40000.0,40000.0,40000.0,1414.980713,1665.104126,1062.829956,1044.217773,1110.647461,1264.23645,1595.052979,40000.0,40000.0,40000.0,40000.0,40000.0,38927.964844,29083.082031,14399.952148,13407.760742,16210.680664,3121.024902,64428.427877,-81265.211783,10351.706382,0,true,true,1.0,-160.731906,0
2,121,6.05,1316.609807,36906.653756,1621.889717,36758.682553,16865.51305,-777.169273,-1912.680404,-870.055681,35.507622,-42.644371,-101.764778,0.0,0.0,1.0,-1.0,-0.069993,-0.559944,1.0,88550.580214,26457.837263,-54920.570788,35.018772,0,0,0,0,0,0,0,0,0,0,32584.603516,40000.0,40000.0,40000.0,40000.0,40000.0,40000.0,40000.0,1415.198364,1197.900879,1174.609131,1245.521362,1414.317871,1776.046997,40000.0,40000.0,40000.0,40000.0,40000.0,38577.976562,29221.900391,14385.231445,13315.739258,16011.374023,3028.605713,64246.296922,-80659.790193,14477.17365,0,true,true,1.0,-160.721906,0
2,122,6.1,1354.662048,-461.315804,1718.827156,-677.509709,16912.114839,-728.229958,-1938.340203,-970.00528,32.693012,-42.874935,-102.558449,0.0,1.0,1.0,-1.0,-0.045963,-1.792572,1.0,88445.967504,23849.006948,-55731.620532,36.153271,0,0,0,0,0,0,0,0,0,0,31859.597656,38341.964844,40000.0,40000.0,40000.0,40000.0,40000.0,40000.0,1493.706665,1286.486816,1308.546387,1390.075439,1517.734375,1270.555298,40000.0,40000.0,40000.0,40000.0,40000.0,38341.964844,29688.525391,14346.686523,13117.116211,15626.0625,5000.0,64477.771303,-79227.919426,19719.18388,0,true,true,1.0,-160.711906,0
2,123,6.15,1386.686729,36874.629075,1816.610976,36660.898734,16965.183408,-582.429258,-1916.718294,-1076.898599,30.490528,-42.660809,-104.006737,0.0,1.0,1.0,-1.0,0.069993,-3.367582,1.0,87937.327257,22331.393005,-56581.528192,37.052497,0,0,0,0,0,0,0,0,0,0,31343.134766,38418.878906,40000.0,40000.0,40000.0,40000.0,40000.0,40000.0,1615.137207,1471.409912,1427.879395,1445.567139,1445.567139,1267.944702,40000.0,40000.0,40000.0,40000.0,40000.0,38418.878906,30202.533203,14249.714844,12723.045898,14922.933594,5000.0,65608.558284,-76819.844531,24462.688799,0,true,true,1.0,-160.701906,0
2,124,6.2,1410.371652,-485.000727,1907.749991,-768.648724,17019.462242,-455.796845,-1911.912496,-1168.803286,28.438835,-41.977215,-106.530228,0.0,1.0,1.0,-1.0,-0.050765,-2.690546,1.0,87065.459369,21573.283243,-57658.804948,37.700823,0,0,0,0,0,0,0,0,0,0,30196.994141,38844.460938,40000.0,40000.0,40000.0,40000.0,40000.0,40000.0,40000.0,1587.043701,1383.479492,1383.479492,1132.026245,1307.728516,40000.0,40000.0,40000.0,40000.0,40000.0,38844.460938,31463.228516,14143.448242,12104.743164,14058.552734,5000.0,67910.480095,-72749.400549,29715.586128,0,true,true,1.0,-160.691906,0
2,125,6.25,1431.432384,36853.568343,2017.691906,36550.956818,17090.146492,-315.525581,-1918.797012,-1267.945678,25.49226,-40.825161,-110.77388,0.0,1.0,1.0,-1.0,0.0,-1.624033,1.0,85714.055535,20677.883173,-59306.61465,38.29283,0,0,0,0,0,0,0,0,0,0,25330.529297,39632.484375,40000.0,40000.0,40000.0,40000.0,40000.0,40000.0,40000.0,1720.146118,1050.021362,1122.880859,1146.09668,1332.725586,40000.0,40000.0,40000.0,40000.0,40000.0,40000.0,39632.484375,14402.638672,11249.460938,13468.324219,5000.0,71589.581309,-65298.709342,37136.51663,0,true,true,1.0,-160.681906,0
2,126,6.3,1441.755126,-495.323469,2095.531179,-846.487997,17142.95356,-227.268,-1937.387035,-1330.226949,22.832432,-39.991959,-114.111214,0.0,1.0,1.0,-1.0,0.069993,0.419958,1.0,84697.670202,19469.539272,-60679.524357,38.614306,0,0,0,0,0,0,0,0,0,0,27511.576172,40000.0,40000.0,40000.0,40000.0,40000.0,40000.0,40000.0,40000.0,40000.0,1700.052856,1148.083374,1185.292114,1359.083252,40000.0,40000.0,40000.0,40000.0,40000.0,40000.0,40000.0,27692.75,11497.702148,13013.1875,5000.0,74179.752468,-58564.57134,42693.776045,0,true,true,1.0,-160.671906,0
2,127,6.35,1455.959805,36839.363664,2201.360194,36445.127803,17216.848769,-287.711864,-1988.234852,-1399.546115,18.444529,-39.134777,-118.323418,0.0,0.0,1.0,-1.0,0.0,0.0,1.0,83505.071543,16576.779666,-62515.401945,38.951181,0,0,0,0,0,0,0,0,0,0,14128.5625,29565.203125,40000.0,40000.0,40000.0,40000.0,40000.0,40000.0,40000.0,40000.0,1816.291382,1197.213989,1239.391724,1428.426758,1706.576416,40000.0,40000.0,40000.0,40000.0,40000.0,40000.0,27423.619141,12815.951172,11988.070312,5000.0,76904.591078,-48468.204098,49741.082281,0,true,true,1.0,-160.661906,0
2,128,6.4,1471.9439,-511.307564,2299.937925,-945.065728,17287.208496,-350.585386,-2027.77644,-1457.407274,13.254042,-38.580658,-122.339035,0.0,0.0,1.0,-1.0,0.0,0.69993,1.0,82589.143004,12426.505674,-64080.686213,39.185568,0,0,0,0,0,0,0,0,0,0,12905.235352,28233.650391,40000.0,40000.0,40000.0,40000.0,40000.0,40000.0,40000.0,40000.0,40000.0,1858.862915,1313.614624,1447.057739,1755.978882,40000.0,40000.0,40000.0,40000.0,40000.0,39794.5,29659.609375,13081.802734,11222.501953,5000.0,78855.250764,-37075.965922,55929.979452,0,true,true,1.0,-160.651906,0
2,129,6.45,1493.012911,36818.294653,2408.7131,36336.352628,17366.622163,-424.727179,-2058.179968,-1514.49228,7.326219,-38.36422,-126.098808,0.0,0.0,1.0,0.0,-0.279972,-0.839916,1.0,81927.022787,7060.22993,-65088.859552,39.38158,0,0,0,0,0,0,0,0,0,0,12575.875977,23917.048828,40000.0,40000.0,40000.0,40000.0,40000.0,40000.0,40000.0,40000.0,40000.0,1980.050171,1397.588623,1525.770752,1804.776245,2385.598145,40000.0,40000.0,40000.0,40000.0,40000.0,40000.0,13205.901367,10655.422852,5000.0,79990.431483,-24602.088283,60813.577686,0,true,true,1.0,-160.641906,0
2,130,6.5,1514.212964,-532.507617,2502.323035,-1038.675663,17436.503173,-491.335696,-2076.146687,-1559.773259,3.305922,-38.379879,-129.348114,0.0,0.0,1.0,0.0,0.047246,-2.693007,1.0,81536.231374,3571.012033,-65305.255792,39.511214,0,0,0,0,0,0,0,0,0,0,12373.3125,26550.628906,40000.0,40000.0,40000.0,40000.0,40000.0,40000.0,40000.0,40000.0,40000.0,2132.186768,2082.958252,1601.717529,1856.319092,2381.025879,40000.0,40000.0,40000.0,40000.0,40000.0,40000.0,14890.083984,10270.942383,5000.0,80473.386968,-14545.723187,63227.983004,0,true,true,1.0,-160.631906,0
2,131,6.55,1547.204649,36785.302968,2627.568477,36211.107186,17532.220173,-587.493354,-2098.377447,-1619.324444,-0.749118,-38.553959,-135.092773,0.0,0.0,1.0,0.0,0.050025,-2.501269,1.0,81085.951627,925.53199,-65199.492155,39.642083,0,0,0,0,0,0,0,0,0,0,11367.948242,13131.555664,28624.566406,40000.0,40000.0,40000.0,40000.0,40000.0,40000.0,40000.0,40000.0,40000.0,2220.922363,1701.04834,1884.709229,2336.952881,40000.0,40000.0,40000.0,40000.0,40000.0,40000.0,27388.056641,12281.516602,5000.0,80579.169334,247.489517,64569.941591,0,true,true,1.0,-160.621906,0
2,132,6.6,1575.487241,-560.790209,2720.729405,-1131.836591,17605.281513,-662.680404,-2098.585774,-1659.807409,-2.998583,-38.849133,-140.188263,0.0,0.0,1.0,0.0,0.04813,-2.021441,1.0,80806.946348,114.056885,-64977.218982,39.715769,0,0,0,0,0,0,0,0,0,0,10653.918945,12336.271484,24137.105469,40000.0,40000.0,40000.0,40000.0,40000.0,40000.0,40000.0,40000.0,40000.0,1867.32666,2136.319092,1941.80835,2307.135254,40000.0,40000.0,40000.0,40000.0,40000.0,40000.0,40000.0,12843.733398,5000.0,79859.738612,11899.25052,64230.537858,0,true,true,1.0,-160.611906,0
2,133,6.65,1613.241539,36747.54867,2829.741164,36102.095427,17693.421215,-757.327091,-2092.405108,-1707.742406,-4.602908,-39.244015,-145.831879,0.0,0.0,1.0,0.0,0.139986,-0.839916,1.0,80416.614055,132.036202,-64770.642705,39.783666,0,0,0,0,0,0,0,0,0,0,10044.123047,12065.239258,26908.121094,30005.769531,40000.0,40000.0,40000.0,40000.0,40000.0,40000.0,40000.0,40000.0,3292.92041,1927.540894,2018.34436,2315.908203,2930.672852,40000.0,40000.0,40000.0,40000.0,40000.0,40000.0,14958.792969,5000.0,78249.026534,23638.641702,62783.646758,0,true,true,1.0,-160.601906,0
2,134,6.7,1648.588601,-596.137271,2920.372185,-1222.467612,17768.868845,-840.467327,-2077.649535,-1747.518582,-5.977602,-39.691185,-151.242645,0.0,0.0,1.0,0.0,0.0,0.0,1.0,80060.619897,288.24424,-64622.317811,39.827397,0,0,0,0,0,0,0,0,0,0,12131.12207,11156.269531,12715.80957,28358.289062,39507.011719,40000.0,40000.0,40000.0,40000.0,40000.0,40000.0,40000.0,40000.0,2026.194824,2094.620361,2320.728027,2830.380371,40000.0,40000.0,40000.0,40000.0,40000.0,39507.011719,28012.033203,5000.0,75946.091243,34420.855548,60437.26817,0,true,true,1.0,-160.591906,0
2,135,6.75,1691.4337,36704.70357,3018.190938,36004.276674,17853.320777,-931.647388,-2046.975402,-1788.910667,-7.001932,-40.108723,-155.392059,0.0,0.0,1.0,0.0,0.0,0.0,1.0,79666.741855,283.305569,-64453.666413,39.865313,0,0,0,0,0,0,0,0,0,0,12692.177734,10589.365234,12167.298828,24055.816406,39033.085938,40000.0,40000.0,40000.0,40000.0,40000.0,40000.0,40000.0,40000.0,3244.779053,2207.984863,2394.451904,2809.861084,40000.0,40000.0,40000.0,40000.0,40000.0,39033.085938,31019.136719,5000.0,73619.64645,42360.696668,58057.52206,0,true,true,1.0,-160.581906,0
2,136,6.8,1755.712613,-660.416183,3146.715889,-1350.992563,17969.688396,-1051.717226,-1992.243217,-1842.38043,-8.536764,-40.629566,-159.851303,0.0,0.0,1.0,-1.0,0.0,0.139986,1.0,79144.756175,-361.704527,-64199.591812,39.903455,0,0,0,0,0,0,0,0,0,0,12998.424805,10075.079102,11944.119141,26498.826172,38439.21875,40000.0,40000.0,40000.0,40000.0,40000.0,40000.0,40000.0,40000.0,2996.234375,2383.156494,2528.233398,2914.939453,40000.0,40000.0,40000.0,40000.0,40000.0,40000.0,38439.21875,5000.0,70605.053182,50948.780292,54555.581715,0,true,true,1.0,-160.571906,0
2,137,6.85,1805.418431,36654.997752,3234.879216,35916.113347,18053.477517,-1135.887165,-1951.188086,-1880.778121,-10.445853,-41.069645,-162.965927,0.0,0.0,1.0,-1.0,0.0,-0.069993,1.0,78827.169362,-1779.21204,-63924.559407,39.923528,0,0,0,0,0,0,0,0,0,0,26944.503906,9935.714844,11581.036133,13572.856445,28843.015625,37971.746094,40000.0,40000.0,40000.0,40000.0,40000.0,40000.0,40000.0,40000.0,2522.592285,2594.389893,2880.969971,40000.0,40000.0,40000.0,40000.0,40000.0,40000.0,37971.746094,5000.0,68183.710965,57422.039689,50901.982242,0,true,true,1.0,-160.561906,0
2,138,6.9,1857.779555,-712.777307,3319.425413,-1435.538759,18137.364765,-1215.9668,-1904.933475,-1917.667851,-12.53816,-41.538048,-165.75116,0.0,0.0,1.0,0.0,0.0,0.0,1.0,78566.272977,-3505.033096,-63533.575622,39.939161,0,0,0,0,0,0,0,0,0,0,27470.433594,10906.191406,11113.929688,12658.024414,28567.548828,37493.570312,40000.0,40000.0,40000.0,40000.0,40000.0,40000.0,40000.0,40000.0,3267.627197,2750.78125,2727.783936,2838.560791,40000.0,40000.0,40000.0,40000.0,40000.0,37493.570312,5000.0,65779.047946,63220.891301,46838.864922,0,true,true,1.0,-160.551906,0
2,139,6.95,1925.214208,36587.5631,3418.236087,35817.302673,18240.282925,-1309.247171,-1844.932508,-1961.9505,-14.591389,-42.081646,-168.499664,0.0,0.0,1.0,0.0,0.0,0.0,1.0,78288.7022,-5243.404723,-62971.79103,39.95373,0,0,0,0,0,0,0,0,0,0,29252.789062,12107.051758,10696.166992,12006.749023,27047.505859,36944.386719,40000.0,40000.0,40000.0,40000.0,40000.0,40000.0,40000.0,40000.0,3460.030762,2905.598389,2522.661865,2996.456543,40000.0,40000.0,40000.0,40000.0,40000.0,36944.386719,5000.0,63169.298232,68561.291294,42459.093314,0,true,true,1.0,-160.541906,0
2,140,7.0,2002.676546,-790.239646,3520.204149,-1537.506821,18353.062699,-1401.230683,-1772.502405,-2006.157887,-16.035921,-42.51453,-170.444199,0.0,0.0,1.0,0.0,0.0,0.0,1.0,77949.194034,-6568.950219,-62410.777499,39.965521,0,0,0,0,0,0,0,0,0,0,30847.494141,12348.869141,10385.990234,11832.374023,23973.841797,36471.988281,40000.0,40000.0,40000.0,40000.0,40000.0,40000.0,40000.0,40000.0,3653.185303,3081.794922,2670.025391,3163.078125,40000.0,40000.0,40000.0,40000.0,40000.0,36471.988281,5000.0,61153.082808,72074.438705,39161.925446,0,true,true,1.0,-160.531906,0
2,141,7.05,2057.778202,36532.461444,3586.725516,35750.781305,18430.490732,-1463.51212,-1727.008916,-2037.717216,-16.836681,-42.77264,-171.526535,0.0,0.0,1.0,0.0,0.0,0.0,1.0,77707.630937,-7333.320398,-62038.768392,39.971698,0,0,0,0,0,0,0,0,0,0,31616.609375,12361.243164,10206.049805,11723.898438,23430.701172,36180.0,40000.0,40000.0,40000.0,40000.0,40000.0,40000.0,40000.0,40000.0,3816.134521,3203.798096,2786.383301,3274.191895,40000.0,40000.0,40000.0,40000.0,40000.0,36180.0,5000.0,59971.966603,73930.892319,37259.509175,0,true,true,1.0,-160.521906,0
2,142,7.1,2147.009288,-879.470732,3685.684791,-1636.466096,18551.980509,-1549.446049,-1650.030336,-2081.18287,-17.854603,-43.105202,-172.880905,0.0,0.0,1.0,0.0,0.279972,0.489951,1.0,77297.191533,-8360.420737,-61501.592375,39.979102,0,0,0,0,0,0,0,0,0,0,35777.238281,12346.990234,9957.988281,11561.056641,23831.246094,35777.238281,40000.0,40000.0,40000.0,40000.0,40000.0,40000.0,40000.0,40000.0,40000.0,3394.419922,2970.520752,3440.782471,40000.0,40000.0,40000.0,40000.0,40000.0,35777.238281,5000.0,58431.288311,76155.359873,34784.453327,0,true,true,1.0,-160.511906,0
2,143,7.15,2231.109435,36448.361297,3770.433987,35666.032109,18662.953007,-1621.914031,-1581.990066,-2118.513202,-18.802767,-43.154938,-173.482864,0.0,0.0,1.0,0.0,0.279972,0.69993,1.0,76737.949374,-9532.503724,-61194.588524,39.984091,0,0,0,0,0,0,0,0,0,0,35581.851562,12233.130859,9758.31543,11388.987305,24006.492188,35581.851562,40000.0,40000.0,40000.0,40000.0,40000.0,40000.0,40000.0,40000.0,40000.0,3557.645752,3136.384277,3571.60498,40000.0,40000.0,40000.0,40000.0,40000.0,40000.0,5000.0,57761.285308,77332.33435,32910.400492,0,true,true,1.0,-160.501906,0
2,144,7.2,2298.976588,-947.337885,3833.788143,-1699.820253,18750.427809,-1677.323333,-1532.331964,-2147.314429,-19.60742,-43.073921,-173.727432,0.0,0.0,1.0,0.0,0.209979,0.209979,1.0,76198.808213,-10599.96206,-61036.263291,39.98713,0,0,0,0,0,0,0,0,0,0,35507.546875,12100.908203,9604.104492,11239.668945,25083.517578,35507.546875,40000.0,40000.0,40000.0,40000.0,40000.0,40000.0,40000.0,40000.0,40000.0,3679.028564,3263.3125,4532.288086,40000.0,40000.0,40000.0,40000.0,40000.0,40000.0,5000.0,57530.740282,77973.224398,31487.672777,0,true,true,1.0,-160.491906,0
2,145,7.25,2384.184893,36363.152992,3907.708019,35592.112234,18858.185087,-1726.729492,-1439.118839,-2179.730667,-20.654816,-42.903374,-173.980865,0.0,-1.0,1.0,0.0,0.0,0.0,1.0,75463.349048,-11998.67571,-60887.833257,39.990042,1.0,117399.224943,-13193.162923,-18786.501162,0.0,0,0,0,0,0,35462.824219,11922.859375,9407.77832,11047.505859,25890.716797,30455.185547,40000.0,40000.0,40000.0,40000.0,40000.0,40000.0,40000.0,40000.0,5755.912109,3821.550293,3413.268311,4740.790527,40000.0,40000.0,40000.0,40000.0,40000.0,40000.0,5000.0,57351.232809,78684.670674,29631.82573,0,true,true,1.0,-160.481906,0
2,146,7.3,2469.539082,-1032.692074,3972.851133,-1764.963367,18966.8472,-1725.609621,-1245.718728,-2207.801575,-21.554508,-42.757713,-174.212219,0.0,-1.0,1.0,0.0,0.0,0.0,1.0,74758.440039,-13197.022722,-60711.062777,39.992286,1.0,116832.712489,-13550.779056,-18742.619219,0.0,0,0,0,0,0,35400.160156,11757.255859,9220.660156,10870.013672,25879.201172,29901.085938,40000.0,40000.0,40000.0,40000.0,40000.0,40000.0,40000.0,40000.0,5814.851562,3956.643311,3555.015625,4950.915527,40000.0,40000.0,40000.0,40000.0,40000.0,40000.0,5000.0,57163.3758,79276.189443,28014.330994,0,true,true,1.0,-160.471906,0
2,147,7.35,2555.627715,36277.064359,4027.734305,35537.229062,19072.416605,-1780.603404,-1049.534101,-2131.168045,-22.230003,-42.650364,-174.39006,1.0,-1.0,1.0,0.0,0.0,0.0,1.0,74111.373957,-14111.351491,-60530.152938,39.994005,1.0,116286.759841,-13835.239446,-18672.726646,0.0,0,0,0,0,0,35316.28125,11604.448242,9046.328125,10710.472656,13113.786133,29428.890625,35316.28125,40000.0,40000.0,40000.0,40000.0,40000.0,40000.0,40000.0,5719.628906,4084.765869,3689.510254,5012.835938,40000.0,40000.0,40000.0,40000.0,40000.0,40000.0,5000.0,56983.057019,79701.042323,26793.89521,0,true,true,1.0,-160.461906,0
2,148,7.4,2648.758598,-1125.822957,4075.260992,-1812.490053,19179.282283,-1839.525533,-855.962977,-2059.261114,-22.563726,-42.57019,-174.525589,1.0,-1.0,1.0,1.0,0.0,0.0,1.0,73479.794832,-14634.030441,-60402.588961,39.9954,1.0,115728.723521,-14014.861705,-18633.559405,0.0,0,0,0,0,0,35212.074219,11453.336914,8871.242188,10557.271484,12790.673828,29000.945312,35212.074219,40000.0,40000.0,40000.0,40000.0,40000.0,40000.0,40000.0,5570.366211,4214.24707,3810.060059,4578.49707,40000.0,40000.0,40000.0,40000.0,40000.0,40000.0,5000.0,56804.979596,79928.180285,26116.275877,0,true,true,1.0,-160.451906,0
2,149,7.45,2742.242714,36183.580243,4112.311545,35500.178509,19279.976211,-1890.561925,-674.632096,-1990.4538,-21.918055,-42.504341,-174.712631,1.0,-1.0,1.0,1.0,0.0,0.0,1.0,72875.316332,-14075.620282,-60543.571692,39.996446,1.0,115198.20244,-13771.398098,-18856.234024,0.0,0,0,0,0,0,35107.171875,11319.97168,8696.302734,10415.625977,12457.742188,28550.787109,35107.171875,40000.0,40000.0,40000.0,40000.0,40000.0,40000.0,40000.0,5428.313965,4334.248047,3965.123291,5299.768066,40000.0,40000.0,40000.0,40000.0,40000.0,40000.0,5000.0,56574.894717,79767.566549,26746.847857,0,true,true,1.0,-160.441906,0
2,150,7.5,2854.13861,-1237.718853,4144.537848,-1844.716356,19392.835949,-1951.567737,-477.316139,-1913.492739,-19.8255,-42.422493,-174.953049,1.0,-1.0,1.0,1.0,0.0,0.0,1.0,72169.69182,-11964.51558,-61038.541624,39.997364,1.0,114586.10874,-12976.398742,-19469.49663,0.0,0,0,0,0,0,34994.71875,11173.783203,8488.753906,10237.685547,12062.392578,28016.460938,34994.71875,40000.0,40000.0,40000.0,40000.0,40000.0,40000.0,40000.0,5190.221191,4465.533691,4097.050293,5395.75,40000.0,40000.0,40000.0,40000.0,40000.0,40000.0,5000.0,56293.511041,78939.55916,29296.37692,0,true,true,1.0,-160.431906,0
2,151,7.55,2945.967995,36091.750858,4162.346491,35482.369865,19479.686705,-1999.036265,-329.622866,-1849.98749,-17.227352,-42.351234,-175.131149,1.0,-1.0,1.0,1.0,0.139986,0.069993,1.0,71605.613415,-9250.925797,-61564.889232,39.997924,1.0,114097.570067,-11993.281528,-20160.981456,0.0,0,0,0,0,0,34913.511719,11060.425781,8322.138672,10044.048828,11750.889648,27761.458984,34913.511719,40000.0,40000.0,40000.0,40000.0,40000.0,40000.0,40000.0,5238.650391,4401.62793,4199.327637,6263.878906,40000.0,40000.0,40000.0,40000.0,40000.0,40000.0,5000.0,56085.746918,77692.519322,32581.336114,0,true,true,1.0,-160.421906,0
2,152,7.6,3051.377844,-1343.128702,4173.191946,-1855.561811,19572.190014,-1979.017099,-131.599985,-1677.060563,-13.777914,-42.227859,-175.277298,1.0,-1.0,0.0,1.0,0.139986,0.139986,1.0,70942.359384,-5592.939971,-62134.448466,39.998423,1.0,113537.570883,-10707.705971,-21074.119154,0.0,0,0,0,0,0,34858.625,10928.129883,8132.953125,9805.639648,11411.772461,27618.277344,34858.625,40000.0,40000.0,40000.0,40000.0,40000.0,40000.0,40000.0,4761.888184,4114.473633,4274.688477,40000.0,40000.0,40000.0,40000.0,40000.0,40000.0,40000.0,5000.0,55939.422469,75726.345076,36922.404488,0,true,true,1.0,-160.411906,0
2,153,7.65,3133.910969,36009.217733,4174.626829,35480.934982,19638.634252,-1968.825753,12.168266,-1541.054392,-10.801391,-42.143295,-175.270172,1.0,-1.0,0.0,0.0,-0.209979,0.209979,1.0,70468.731063,-2396.962241,-62427.808722,39.998731,1.0,113113.254484,-9666.022309,-21754.061489,0.0,0,0,0,0,0,34816.414062,10823.673828,7997.39502,9642.722656,11190.861328,27534.699219,34816.414062,40000.0,40000.0,40000.0,40000.0,40000.0,40000.0,40000.0,4773.003906,4115.174805,4321.043457,40000.0,40000.0,40000.0,40000.0,40000.0,40000.0,40000.0,5000.0,55919.22397,73687.111293,40723.880593,0,true,true,1.0,-160.401906,0
2,154,7.7,3233.445236,-1442.662969,4168.929702,-1849.864684,19711.486691,-1966.323861,170.711556,-1377.781164,-7.541465,-42.129124,-175.111084,1.0,-1.0,0.0,0.0,0.0,0.0,1.0,70031.742423,1133.004766,-62465.9128,39.999023,1.0,112647.564421,-8612.280544,-22293.708929,0.0,0,0,0,0,0,34717.332031,10707.886719,7857.580566,9484.595703,10988.394531,27498.876953,34717.332031,40000.0,40000.0,40000.0,40000.0,40000.0,40000.0,40000.0,4888.38916,4241.562012,4426.10498,40000.0,40000.0,40000.0,40000.0,40000.0,40000.0,40000.0,5000.0,55943.590495,71064.738728,44968.275553,0,true,true,1.0,-160.391906,0
2,155,7.75,3339.738992,35902.923977,4154.450639,35495.414046,19780.192425,-1964.608247,323.742668,-1204.397245,-5.191008,-42.123253,-174.995819,1.0,-1.0,0.0,0.0,0.0,0.0,1.0,69595.100063,3711.566005,-62394.38437,39.999262,1.0,112184.26778,-7802.695652,-22676.045419,0.0,0,0,0,0,0,34618.832031,10599.383789,7706.647461,9309.959961,10758.277344,27469.162109,34618.832031,40000.0,40000.0,40000.0,40000.0,40000.0,40000.0,40000.0,4975.07373,4259.338867,4579.265625,40000.0,40000.0,40000.0,40000.0,40000.0,40000.0,40000.0,5000.0,55921.628668,69034.231194,47918.720501,0,true,true,1.0,-160.381906,0
2,156,7.8,3436.612075,-1539.536052,4134.234528,-1829.648573,19834.594747,-1953.454226,448.597281,-1049.743445,-3.867956,-42.133759,-174.933731,1.0,-1.0,0.0,0.0,-0.279972,-0.069993,1.0,69233.095994,5203.771216,-62327.207805,39.99943,1.0,111795.54844,-7297.885012,-22890.348034,0.0,0,0,0,0,0,34530.71875,10514.073242,7569.050781,9147.90625,10539.249023,27453.021484,34530.71875,40000.0,40000.0,40000.0,40000.0,40000.0,40000.0,40000.0,5049.157227,4333.822754,4659.652344,40000.0,40000.0,40000.0,40000.0,40000.0,40000.0,40000.0,5000.0,55856.729024,67856.301993,49537.437143,0,true,true,1.0,-160.371906,0
2,157,7.85,3530.509732,35809.02632,4108.82465,35520.823923,19879.973874,-1905.872601,556.233468,-868.850736,-2.645055,-42.202049,-174.873489,1.0,-1.0,-1.0,0.0,0.069993,0.139986,1.0,68966.850039,6609.937552,-62186.12107,39.999558,1.0,111464.188299,-6799.705306,-22988.520098,0.0,0,0,0,0,0,34417.753906,10447.056641,7443.355957,8999.59082,10337.458984,27392.789062,34417.753906,40000.0,40000.0,40000.0,40000.0,40000.0,40000.0,40000.0,4556.995117,4404.538574,4736.106445,40000.0,40000.0,40000.0,40000.0,40000.0,40000.0,40000.0,5000.0,55744.333989,66739.583482,51060.752076,0,true,true,1.0,-160.361906,0
2,158,7.9,3635.648891,-1644.67521,4073.163204,-1793.987127,19921.275342,-1803.561587,664.152606,-637.447506,-1.235662,-42.13813,-174.591599,1.0,-1.0,-1.0,0.0,0.742468,0.856694,1.0,68573.950741,8211.78868,-62153.531259,39.999671,1.0,111049.52544,-6454.440255,-23397.242587,0.0,0,0,0,0,0,34398.609375,10339.201172,7300.577148,8846.379883,10150.198242,27364.988281,34398.609375,40000.0,40000.0,40000.0,40000.0,40000.0,40000.0,40000.0,4558.961426,4472.076172,4762.295898,40000.0,40000.0,40000.0,40000.0,40000.0,40000.0,40000.0,5000.0,55935.740147,65128.70484,52806.175692,0,true,true,1.0,-160.351906,0
2,159,7.95,3711.573551,35733.101659,4042.216638,35551.770489,19944.042292,-1725.643099,738.039476,-469.697311,-0.503635,-41.81319,-173.981003,1.0,-1.0,-1.0,0.0,1.130713,1.387693,1.0,68060.839662,9013.294436,-62453.015198,39.999737,1.0,110621.41257,-6768.767057,-24241.636378,0.0,0,0,0,0,0,34581.996094,10191.161133,7196.080078,8757.878906,10095.900391,27394.021484,34581.996094,40000.0,40000.0,40000.0,40000.0,40000.0,40000.0,40000.0,4574.365723,4493.564453,5497.976562,40000.0,40000.0,40000.0,40000.0,40000.0,40000.0,34581.996094,5000.0,56678.005218,63655.261813,53743.199182,0,true,true,1.0,-160.341906,0
2,160,8.0,3786.493906,-1719.595566,4007.042026,-1758.812515,19960.039259,-1654.624527,811.992168,-302.048677,-0.130437,-41.171143,-172.901489,1.0,-1.0,-1.0,0.0,0.888811,0.941094,1.0,67280.233683,9374.658788,-63134.333336,39.999792,1.0,110021.384949,-7739.819078,-25716.235107,0.0,0,0,0,0,0,34998.628906,9970.000977,7095.59082,8702.198242,10131.764648,27265.052734,34998.628906,40000.0,40000.0,40000.0,40000.0,40000.0,40000.0,40000.0,4554.296387,4496.504883,5552.282227,40000.0,40000.0,40000.0,40000.0,40000.0,40000.0,34998.628906,5000.0,58105.229157,61859.113963,54261.841114,0,true,true,1.0,-160.331906,0
2,161,8.05,3878.822023,35640.773543,3952.595744,35606.216772,19973.486475,-1447.439906,949.80476,-174.593363,0.022766,-39.980148,-171.020935,0.0,-1.0,-1.0,0.0,0.279972,0.349965,1.0,65901.436148,9513.078481,-64467.635761,39.999848,1.0,108999.267275,-9632.204539,-28337.304808,0.0,0,0,0,0,0,27256.824219,9631.522461,6978.885254,8682.503906,10326.532227,27985.136719,40000.0,40000.0,40000.0,40000.0,40000.0,40000.0,40000.0,6043.100586,4492.000488,4523.493652,40000.0,40000.0,40000.0,40000.0,40000.0,40000.0,40000.0,35837.695312,5000.0,60670.988656,59138.157719,54437.87074,0,true,true,1.0,-160.321906,0
2,162,8.1,3948.665707,-1789.439249,3899.548771,-1705.765543,19979.080528,-1290.251949,1068.149631,-70.725697,0.080888,-38.810673,-169.062393,0.0,-1.0,-1.0,0.0,-0.559944,0.209979,1.0,64624.000077,9525.941887,-65718.979112,39.999884,1.0,107952.550853,-11632.832125,-30898.473732,0.0,0,0,0,0,0,25544.080078,9341.755859,6919.701172,8745.950195,10676.8125,36730.683594,40000.0,40000.0,40000.0,40000.0,40000.0,40000.0,40000.0,5274.129883,4371.043457,4498.794434,40000.0,40000.0,40000.0,40000.0,40000.0,40000.0,40000.0,36730.683594,5000.0,63258.237228,56329.995559,54449.398977,0,true,true,1.0,-160.311906,0
2,163,8.15,3994.379461,35595.059788,3857.345526,35648.420016,19979.962663,-1182.855133,1152.181484,-0.052847,0.117741,-38.102386,-167.70694,0.0,-1.0,-1.0,0.0,0.0,0.0,1.0,63865.593797,9554.323866,-66455.882826,39.999904,1.0,107242.798706,-12984.426002,-32487.134224,0.0,0,0,0,0,0,24365.947266,9177.148438,6902.528809,8825.21875,10992.294922,37305.46875,40000.0,40000.0,40000.0,40000.0,40000.0,40000.0,40000.0,5185.007812,4325.430664,4479.785645,40000.0,40000.0,40000.0,40000.0,40000.0,40000.0,40000.0,37024.257812,5000.0,64928.494965,54358.077779,54483.146085,0,true,true,1.0,-160.301906,0
2,164,8.2,4049.6837,-1844.743488,3795.782444,-1644.202461,19977.203194,-1044.810498,1259.818593,87.189623,0.176777,-37.38232,-166.338104,0.0,-1.0,-1.0,0.0,0.0,0.0,1.0,63083.92354,9693.355637,-67212.128515,40.0,1.0,106480.658493,-14256.27666,-34127.767723,0.0,0,0,0,0,0,23468.773438,9029.8125,6881.052734,8905.558594,11336.560547,37920.660156,40000.0,40000.0,40000.0,40000.0,40000.0,40000.0,40000.0,4501.426758,4285.24707,5037.989746,40000.0,40000.0,40000.0,40000.0,40000.0,40000.0,40000.0,36908.933594,5000.0,66591.943486,52337.458082,54462.148554,0,true,true,1.0,-160.291906,0
2,165,8.25,4101.530609,35543.212879,3723.81716,35720.3853,19969.526467,-907.573499,1371.530036,174.914473,0.296281,-36.838181,-165.352768,0.0,-1.0,-1.0,0.0,-0.069993,-0.069993,1.0,62488.025392,10006.205263,-67791.20516,40.0,1.0,105899.267878,-15018.574971,-35399.278933,0.0,0,0,0,0,0,22797.931641,8940.667969,6854.050293,8952.012695,11585.362305,38412.480469,40000.0,40000.0,40000.0,40000.0,40000.0,40000.0,40000.0,4429.00293,4224.927734,5005.289062,40000.0,40000.0,40000.0,40000.0,40000.0,40000.0,40000.0,36784.441406,5000.0,67796.105858,50822.539126,54437.49823,0,true,true,1.0,-160.281906,0
2,166,8.3,4145.464731,-1888.67761,3647.623795,-1568.009096,19957.563051,-782.566297,1476.110017,255.060128,0.358558,-36.34037,-164.320953,0.0,-1.0,-1.0,0.0,0.241381,1.206906,1.0,61993.484535,10254.428486,-68307.426164,40.0,1.0,105352.646677,-15847.428154,-36572.616946,0.0,0,0,0,0,0,22232.693359,8870.967773,6852.513672,9001.861328,20726.611328,38884.878906,40000.0,40000.0,40000.0,40000.0,40000.0,40000.0,40000.0,4350.356934,4197.844727,5548.270508,40000.0,40000.0,40000.0,40000.0,40000.0,40000.0,40000.0,36736.101562,5000.0,68983.764448,49278.828735,54406.821889,0,true,true,1.0,-160.271906,0
2,167,8.35,4178.269372,35510.408238,3577.153462,35790.855633,19943.891171,-681.795493,1564.268971,320.718035,0.104218,-35.907387,-163.072922,0.0,-1.0,-1.0,0.0,0.348525,1.493677,1.0,61643.463571,10052.194002,-68764.188542,40.0,1.0,104804.222204,-17137.803764,-37561.933402,0.0,0,0,0,0,0,21915.470703,8810.766602,6899.007324,9045.970703,21249.236328,39312.910156,40000.0,40000.0,40000.0,40000.0,40000.0,40000.0,5995.19873,4264.848145,4177.876465,5518.647949,40000.0,40000.0,40000.0,40000.0,40000.0,40000.0,40000.0,36817.429688,5000.0,70248.32642,47676.409112,54265.508137,0,true,true,1.0,-160.261906,0
2,168,8.4,4206.82833,-1917.236568,3502.277807,-1493.13344,19927.2293,-587.867898,1650.032467,381.806094,0.003739,-35.390408,-161.323639,0.0,-1.0,-1.0,1.0,0.317652,1.633637,1.0,61292.298614,9954.560778,-69223.662091,40.0,1.0,104065.62672,-18860.230871,-38838.897273,0.0,0,0,0,0,0,21981.564453,8726.794922,7006.339355,9122.042969,24806.402344,39839.390625,40000.0,40000.0,40000.0,40000.0,40000.0,40000.0,5149.402832,4173.345215,4172.429688,40000.0,40000.0,40000.0,40000.0,40000.0,40000.0,40000.0,40000.0,37048.914062,5000.0,71896.681406,45122.446265,54350.913246,0,true,true,1.0,-160.251906,0
2,169,8.45,4237.66843,35479.568138,3399.308536,35893.824904,19901.3628,-456.458167,1735.460753,468.551143,0.466931,-34.613003,-158.219971,0.0,0.0,-1.0,1.0,0.069993,1.049895,1.0,60869.149382,10397.603203,-69732.759116,40.0,1.0,102736.275408,-21535.772978,-41095.825137,0.0,0,0,0,0,0,10463.712891,8075.066895,7272.680176,9292.074219,25779.447266,40000.0,40000.0,40000.0,40000.0,40000.0,40000.0,40000.0,4383.058105,4042.10791,4579.380859,40000.0,40000.0,40000.0,40000.0,40000.0,40000.0,40000.0,40000.0,37786.941406,5000.0,74552.068023,39842.485473,54990.921926,0,true,true,1.0,-160.241906,0
2,170,8.5,4252.579566,-1932.147705,3327.356056,-1421.18096,19879.72827,-308.526921,1717.33489,544.384832,1.331914,-34.073032,-155.646332,0.0,0.0,-1.0,1.0,-0.139986,0.629937,1.0,60667.144336,11265.803976,-69937.009548,40.0,1.0,101603.796535,-23381.978335,-43046.998482,0.0,0,0,0,0,0,9194.987305,7613.112793,7561.119141,9471.125977,26035.048828,40000.0,40000.0,40000.0,40000.0,40000.0,40000.0,40000.0,4578.711426,3945.351074,4530.872559,40000.0,40000.0,40000.0,40000.0,40000.0,40000.0,40000.0,34483.144531,38426.046875,5000.0,76510.701447,34884.78662,55737.748462,0,true,true,1.0,-160.231906,0
2,171,8.55,4263.009644,35469.138061,3237.400527,35983.780432,19848.130736,-133.755958,1705.08743,634.052061,2.544808,-33.509125,-152.069962,0.0,0.0,-1.0,0.0,-0.139986,0.69993,1.0,60636.559546,12394.266682,-70004.946993,40.0,1.0,100016.383025,-25836.886803,-45604.415485,0.0,0,0,0,0,0,8930.631836,7084.174316,8076.652832,10066.064453,40000.0,40000.0,40000.0,40000.0,40000.0,40000.0,40000.0,5774.487793,4000.187744,4375.54834,5474.07373,40000.0,40000.0,40000.0,40000.0,40000.0,40000.0,40000.0,34450.785156,23708.216797,5000.0,78820.762764,27827.592087,56583.772428,0,true,true,1.0,-160.221906,0
2,172,8.6,4264.503681,-1933.641742,3143.742523,-1327.522955,19810.326284,34.82231,1702.154458,719.477538,3.522708,-33.101498,-148.326736,0.0,0.0,-1.0,0.0,-0.069993,0.559944,1.0,60863.033597,13138.27106,-69945.670252,40.0,1.0,98331.879968,-28486.237855,-48034.823636,0.0,0,0,0,0,0,8820.401367,6636.334961,8785.045898,11805.515625,40000.0,40000.0,40000.0,40000.0,40000.0,40000.0,40000.0,4845.773438,3850.193604,4241.833984,40000.0,40000.0,40000.0,40000.0,40000.0,40000.0,40000.0,40000.0,35197.984375,21752.363281,5000.0,80758.695913,20577.442353,57065.546467,0,true,true,1.0,-160.211906,0
2,173,8.65,4259.375935,35474.265807,3069.5182,36058.004755,19777.189272,157.85349,1707.862794,783.407766,4.123855,-32.874866,-145.721161,0.0,0.0,-1.0,0.0,0.0,0.0,1.0,61135.647423,13535.389213,-69869.28129,40.0,1.0,97139.213854,-30288.129467,-49699.172118,0.0,0,0,0,0,0,8786.265625,6865.541504,9222.467773,24724.314453,40000.0,40000.0,40000.0,40000.0,40000.0,40000.0,40000.0,4648.345703,3725.96875,4745.768066,40000.0,40000.0,40000.0,40000.0,40000.0,40000.0,40000.0,40000.0,35863.765625,21372.798828,5000.0,81867.895024,15548.970228,57175.150697,0,true,true,1.0,-160.201906,0
2,174,8.7,4245.310171,-1919.575978,2985.63443,-1243.639185,19735.722562,340.743725,1579.617272,816.479993,4.734382,-32.674938,-143.123413,0.0,1.0,-1.0,0.0,0.0,0.0,1.0,61497.752889,13919.138104,-69770.291101,40.0,1.0,95944.173259,-31993.974918,-51404.198612,0.0,0,0,0,0,0,8789.091797,7193.581055,9455.53418,25680.847656,40000.0,40000.0,40000.0,40000.0,40000.0,40000.0,40000.0,3872.614502,3559.568604,4627.775879,40000.0,40000.0,40000.0,40000.0,40000.0,40000.0,40000.0,40000.0,36653.023438,21854.394531,5000.0,82799.52536,10489.39228,57106.998208,0,true,true,1.0,-160.191906,0
2,175,8.75,4221.032083,35498.543894,2904.959648,36138.679537,19691.27803,483.551687,1356.829383,777.950805,5.199262,-32.534164,-141.177628,0.0,1.0,0.0,0.0,0.139986,-0.069993,1.0,61879.480813,14210.421696,-69687.403395,40.0,1.0,95103.361621,-33215.014309,-52721.472875,0.0,0,0,0,0,0,8523.554688,7497.52832,9678.822266,26001.416016,40000.0,40000.0,40000.0,40000.0,40000.0,40000.0,40000.0,3719.037598,4033.987793,40000.0,40000.0,40000.0,40000.0,40000.0,40000.0,40000.0,40000.0,36553.90625,37431.46875,11003.823242,5000.0,83405.043859,6680.737303,56928.283526,0,true,true,1.0,-160.181906,0
2,176,8.8,4198.516664,-1897.060559,2853.892107,-1192.571644,19660.453341,574.481976,1174.73669,728.388167,5.571041,-32.385334,-139.890381,0.0,1.0,0.0,0.0,0.279972,-0.559944,1.0,62076.651532,14447.943158,-69679.799695,40.0,1.0,94486.126347,-33959.79464,-53747.921606,0.0,0,0,0,0,0,8318.891602,7721.95752,9834.411133,26678.880859,40000.0,40000.0,40000.0,40000.0,40000.0,40000.0,4884.424316,3616.259033,3956.731201,40000.0,40000.0,40000.0,40000.0,40000.0,40000.0,40000.0,40000.0,34300.648438,37858.679688,10414.151367,5000.0,83811.962624,4094.523584,56666.325263,0,true,true,1.0,-160.171906,0
2,177,8.85,4161.224607,35535.835952,2795.115879,36197.455765,19621.008658,700.374013,944.88676,667.91929,6.158653,-32.087578,-138.465271,0.0,1.0,0.0,0.0,0.209979,-0.279972,1.0,62175.269252,14899.982195,-69772.434086,40.0,1.0,93704.720698,-34609.240322,-55231.092289,0.0,0,0,0,0,0,8102.260742,7999.72168,10015.674805,40000.0,40000.0,40000.0,40000.0,40000.0,40000.0,40000.0,5940.334961,3481.94873,3856.300293,40000.0,40000.0,40000.0,40000.0,40000.0,40000.0,40000.0,40000.0,33596.617188,25031.865234,9842.014648,5000.0,84354.856317,1072.43308,56115.849694,0,true,true,1.0,-160.161906,0
2,178,8.9,4126.854526,-1862.690478,2757.777947,-1155.233712,19592.436909,797.315018,775.618772,620.375588,6.63093,-31.824793,-137.545044,0.0,1.0,0.0,0.0,0.069993,-0.209979,1.0,62179.598075,15276.677448,-69885.519406,40.0,1.0,93148.840343,-34946.198922,-56374.24185,0.0,0,0,0,0,0,7963.161621,8202.951172,10246.06543,40000.0,40000.0,40000.0,40000.0,40000.0,40000.0,40000.0,5060.003418,3407.467285,3782.306152,40000.0,40000.0,40000.0,40000.0,40000.0,40000.0,40000.0,40000.0,33702.414062,24513.601562,9502.513672,5000.0,84752.983537,-960.372595,55606.062601,0,true,true,1.0,-160.151906,0
2,179,8.95,4075.601878,35587.0886,2719.822328,36235.411384,19558.27082,884.427954,556.137115,540.555026,7.298051,-31.4417,-136.503342,0.0,1.0,1.0,0.0,0.069993,-0.209979,1.0,62097.64146,15823.865003,-70072.234335,40.0,1.0,92443.725135,-35211.357186,-57903.040176,0.0,0,0,0,0,0,7796.833008,8459.786133,10794.03418,40000.0,40000.0,40000.0,40000.0,40000.0,40000.0,40000.0,4374.754883,3297.51001,3676.047852,40000.0,40000.0,40000.0,40000.0,40000.0,40000.0,40000.0,40000.0,33760.222656,23954.330078,9305.506836,5000.0,85263.495884,-3375.006574,54839.610662,0,true,true,1.0,-160.141906,0
2,180,9.0,4039.316575,-1826.405175,2701.465245,-1136.876628,19538.441606,863.12991,383.390342,444.299323,7.803409,-31.153095,-135.810715,0.0,1.0,1.0,0.0,0.069993,-0.139986,1.0,61979.832685,16239.964776,-70217.487519,40.0,1.0,91911.043253,-35326.665726,-59021.734372,0.0,0,0,0,0,0,7675.688477,8638.063477,11186.563477,40000.0,40000.0,40000.0,40000.0,40000.0,40000.0,40000.0,4188.199707,3229.01001,3593.170898,40000.0,40000.0,40000.0,40000.0,40000.0,40000.0,40000.0,40000.0,37350.113281,23510.580078,9293.462891,5000.0,85613.139163,-5029.102925,54235.213526,0,true,true,1.0,-160.131906,0
2,181,9.05,3995.027049,35631.378126,2688.23542,36248.641208,19519.107426,839.291552,176.900583,327.317478,8.43107,-30.738682,-135.109482,0.0,1.0,1.0,0.0,0.139986,-0.069993,1.0,61706.538676,16785.54764,-70461.868607,40.0,1.0,91245.74807,-35325.741883,-60427.877128,0.0,0,0,0,0,0,7536.876953,8827.661133,11615.697266,40000.0,40000.0,40000.0,40000.0,40000.0,40000.0,40000.0,4116.300781,3155.157471,3525.275635,40000.0,40000.0,40000.0,40000.0,40000.0,40000.0,40000.0,40000.0,33924.585938,23141.65625,9273.087891,5000.0,86067.875827,-6783.76979,53392.748688,0,true,true,1.0,-160.121906,0
2,182,9.1,3953.102419,-1784.480545,2685.336587,-1133.977795,19506.00334,818.399671,-13.337667,217.859321,9.035774,-30.213772,-134.635971,0.0,1.0,1.0,0.0,0.279972,-0.069993,1.0,61222.506247,17367.800897,-70831.144849,40.0,1.0,90563.728713,-35130.18091,-61878.472068,0.0,0,0,0,0,0,7414.006348,8959.335938,11926.788086,40000.0,40000.0,40000.0,40000.0,40000.0,40000.0,40000.0,4032.580811,3093.404785,3465.87793,40000.0,40000.0,40000.0,40000.0,40000.0,40000.0,40000.0,40000.0,33909.027344,23196.841797,9242.5,5000.0,86596.057744,-8079.620911,52408.506491,0,true,true,1.0,-160.111906,0
2,183,9.15,3918.021239,35666.459306,2690.445408,36243.532388,19499.23062,801.337237,-168.602571,127.007849,9.486075,-29.741892,-134.329071,0.0,1.0,1.0,0.0,0.419958,-0.209979,1.0,60735.575264,17801.609385,-71187.364615,40.0,1.0,89982.03262,-34950.463547,-63059.94884,0.0,0,0,0,0,0,7312.394043,9048.53125,12107.860352,40000.0,40000.0,40000.0,40000.0,40000.0,40000.0,40000.0,3973.334961,3049.294189,3433.222168,40000.0,40000.0,40000.0,40000.0,40000.0,40000.0,40000.0,40000.0,33956.703125,23544.072266,9212.410156,5000.0,87051.214662,-8938.740159,51548.19881,0,true,true,1.0,-160.101906,0
2,184,9.2,3875.488584,-1741.94789,2705.718234,-1149.250621,19495.94185,783.750809,-351.569101,22.575747,10.092013,-28.961124,-134.000763,0.0,1.0,1.0,0.0,0.489951,-0.279972,1.0,59833.482913,18435.044344,-71808.814872,40.0,1.0,89050.506742,-34579.257894,-64821.010788,0.0,0,0,0,0,0,7168.513672,9129.026367,20404.820312,40000.0,40000.0,40000.0,40000.0,40000.0,40000.0,40000.0,3905.224121,2998.9375,3408.071533,40000.0,40000.0,40000.0,40000.0,40000.0,40000.0,40000.0,40000.0,33753.726562,24128.388672,9153.058594,5000.0,87770.789165,-9888.836224,50173.319427,0,true,true,1.0,-160.091906,0
2,185,9.25,3832.33398,35709.61391,2731.687657,36217.562964,19498.370276,765.318121,-530.841627,-81.523486,10.696543,-28.047747,-133.746658,0.0,1.0,1.0,0.0,0.209979,-0.139986,1.0,58703.600947,19094.039793,-72548.182644,40.0,1.0,87974.743229,-34117.374025,-66728.441342,0.0,0,0,0,0,0,7012.851074,9183.416016,20415.921875,40000.0,40000.0,40000.0,40000.0,40000.0,40000.0,40000.0,3846.400391,2955.656982,3381.688477,40000.0,40000.0,40000.0,40000.0,40000.0,40000.0,40000.0,40000.0,33591.488281,24842.080078,9079.923828,5000.0,88578.746029,-10648.498945,48597.102537,0,true,true,1.0,-160.081906,0
2,186,9.3,3802.637095,-1712.251005,2755.660014,-1173.222979,19503.326985,755.600891,-652.619508,-147.785606,11.132516,-27.338264,-133.568344,0.0,1.0,1.0,0.0,0.069993,0.0,1.0,57788.973799,19578.722385,-73117.499054,40.0,1.0,87109.008565,-33753.562503,-68163.613828,0.0,0,0,0,0,0,6932.521973,9194.18457,20410.449219,40000.0,40000.0,40000.0,40000.0,40000.0,40000.0,40000.0,3802.889893,2929.602295,3355.468018,40000.0,40000.0,40000.0,40000.0,40000.0,40000.0,40000.0,40000.0,33500.9375,25424.384766,9020.056641,5000.0,89183.774575,-11153.572147,47369.844649,0,true,true,1.0,-160.071906,0
2,187,9.35,3765.151506,35747.0995,2793.106481,36180.116497,19513.435231,740.880463,-800.256626,-231.572166,11.657379,-26.441771,-133.375809,0.0,1.0,1.0,0.0,0.069993,0.0,1.0,56592.230172,20157.888313,-73825.362567,40.0,1.0,85990.522521,-33295.956093,-69925.581809,0.0,0,0,0,0,0,6945.772949,9155.686523,20388.074219,40000.0,40000.0,40000.0,40000.0,40000.0,40000.0,40000.0,3729.054199,2904.077881,3329.21582,40000.0,40000.0,40000.0,40000.0,40000.0,40000.0,40000.0,40000.0,33319.9375,26198.457031,8943.032227,5000.0,89922.017281,-11691.062757,45818.940299,0,true,true,1.0,-160.061906,0
2,188,9.4,3721.168008,-1668.267508,2847.375771,-1227.492268,19530.78276,724.315178,-968.132287,-325.262685,12.20034,-25.537085,-133.212234,0.0,1.0,1.0,0.0,-0.069993,-0.279972,1.0,55327.66718,20715.232276,-74512.577599,40.0,1.0,84819.228234,-32846.683354,-71677.629416,0.0,0,0,0,0,0,6962.521973,9086.506836,22680.261719,40000.0,40000.0,40000.0,40000.0,40000.0,40000.0,40000.0,4313.195801,2866.577637,3312.032227,40000.0,40000.0,40000.0,40000.0,40000.0,40000.0,40000.0,40000.0,34561.316406,39379.429688,8861.861328,5000.0,90634.610501,-12176.297803,44245.236691,0,true,true,1.0,-160.051906,0
2,189,9.45,3693.184797,35775.082711,2887.857805,36139.634463,19545.009303,713.197673,-1070.962003,-383.311939,12.506927,-25.075365,-133.168579,0.0,1.0,1.0,0.0,0.0,0.0,1.0,54645.072455,21001.762606,-74843.352048,40.0,1.0,84212.835651,-32604.58451,-72563.052844,0.0,0,0,0,0,0,6973.452637,9044.783203,22640.615234,40000.0,40000.0,40000.0,40000.0,40000.0,40000.0,40000.0,4306.106934,2859.668945,3309.27832,40000.0,40000.0,40000.0,40000.0,40000.0,40000.0,40000.0,40000.0,35121.847656,39314.476562,8817.560547,5000.0,90983.680738,-12378.52308,43445.253033,0,true,true,1.0,-160.041906,0
2,190,9.5,3657.808716,-1632.891427,2945.631176,-1285.265639,19566.440679,701.269109,-1200.45161,-452.759629,12.814915,-24.610514,-133.121918,0.0,1.0,1.0,0.0,0.0,0.0,1.0,53915.635652,21222.645329,-75171.931698,40.0,1.0,83555.355143,-32442.031369,-73455.42438,0.0,0,0,0,0,0,6992.446289,8996.542969,22605.191406,40000.0,40000.0,40000.0,40000.0,40000.0,40000.0,40000.0,4287.997559,2884.686768,3314.387451,40000.0,40000.0,40000.0,40000.0,40000.0,40000.0,40000.0,40000.0,35691.304688,39272.945312,8766.249023,5000.0,91319.254532,-12594.594006,42634.836205,0,true,true,1.0,-160.031906,0
2,191,9.55,3621.901926,35810.989501,3011.924371,36073.341267,19592.215254,687.029702,-1323.962266,-522.395448,13.04482,-24.26243,-133.089142,0.0,1.0,1.0,0.0,0.069993,-0.139986,1.0,53313.3671,21297.27868,-75416.316304,40.0,1.0,83006.934572,-32429.316705,-74126.095452,0.0,0,0,0,0,0,7016.111328,8949.481445,22579.1875,40000.0,40000.0,40000.0,40000.0,40000.0,40000.0,40000.0,40000.0,2900.548584,2858.537109,40000.0,40000.0,40000.0,40000.0,40000.0,40000.0,40000.0,40000.0,36108.988281,39209.484375,8718.160156,5000.0,91553.249237,-12769.318306,42026.128114,0,true,true,1.0,-160.021906,0
2,192,9.6,3585.836227,-1596.825728,3086.336257,-1359.677525,19622.19434,674.356804,-1446.556589,-588.839481,13.052569,-23.956694,-133.076004,0.0,1.0,1.0,-1.0,0.0,0.069993,1.0,52738.357651,21053.193278,-75699.978475,40.0,1.0,82490.972017,-32726.618085,-74597.615087,0.0,0,0,0,0,0,7039.108398,8899.035156,22544.951172,40000.0,40000.0,40000.0,40000.0,40000.0,40000.0,40000.0,40000.0,2923.937256,2831.99292,4060.129395,40000.0,40000.0,40000.0,40000.0,40000.0,40000.0,40000.0,36390.570312,39170.335938,8667.918945,5000.0,91745.836092,-12765.768615,41539.86109,0,true,true,1.0,-160.011906,0
2,193,9.65,3548.969471,35847.856257,3170.635796,35989.041728,19657.102537,661.180924,-1567.894974,-653.135335,12.032209,-23.651711,-133.056519,0.0,1.0,1.0,-1.0,0.209979,-0.069993,1.0,52131.344934,19409.556014,-76339.58197,40.0,1.0,81936.541681,-34404.984836,-74462.998289,0.0,0,0,0,0,0,7062.307129,8842.175781,22509.8125,40000.0,40000.0,40000.0,40000.0,40000.0,40000.0,40000.0,40000.0,2954.437012,2887.93335,4017.418701,40000.0,40000.0,40000.0,40000.0,40000.0,40000.0,40000.0,36544.671875,39184.976562,8610.966797,5000.0,91926.955738,-12042.004402,41274.137711,0,true,true,1.0,-160.001906,0
2,194,9.7,3524.509484,-1572.365741,3234.626936,-1423.668665,19684.129817,573.762552,-1627.011725,-693.254539,10.63495,-23.369623,-133.07843,0.0,0.0,1.0,-1.0,0.209979,-0.349965,1.0,51588.959581,17344.071822,-77035.556197,40.0,1.0,81475.620894,-36433.216669,-73993.647403,0.0,0,0,0,0,0,7068.536133,8791.310547,22447.882812,40000.0,40000.0,40000.0,40000.0,40000.0,40000.0,40000.0,40000.0,2979.639404,2912.185059,4067.066162,40000.0,40000.0,40000.0,40000.0,40000.0,40000.0,40000.0,40000.0,39156.222656,8563.193359,5000.0,92099.759894,-10973.23076,41119.113898,0,true,true,1.0,-159.991906,0
2,195,9.75,3497.215927,35875.149814,3334.099948,35889.568716,19727.646479,388.499774,-1688.670492,-748.494266,8.67352,-22.911055,-133.263565,0.0,0.0,1.0,0.0,0.069993,-0.559944,1.0,50681.499231,14451.200693,-77962.774271,40.0,1.0,80825.161032,-39154.410944,-73252.812771,0.0,0,0,0,0,0,7046.73584,8695.671875,22245.847656,40000.0,40000.0,40000.0,40000.0,40000.0,40000.0,40000.0,40000.0,3067.734863,2957.376953,4107.080078,40000.0,40000.0,40000.0,40000.0,40000.0,40000.0,40000.0,40000.0,39007.808594,8484.827148,5000.0,92379.050991,-9214.714937,40799.415965,0,true,true,1.0,-159.981906,0
2,196,9.8,3482.720483,-1557.870297,3420.297989,-1509.866705,19766.568955,241.475512,-1739.667444,-790.626943,7.38543,-22.554035,-133.657608,0.0,0.0,1.0,0.0,-0.139986,-0.909909,1.0,49917.166701,12558.355744,-78545.415632,40.0,1.0,80470.73166,-40776.387477,-72662.97176,0.0,0,0,0,0,0,6994.086914,8598.104492,21936.621094,40000.0,40000.0,40000.0,40000.0,40000.0,40000.0,40000.0,40000.0,3583.6604,3004.036621,4145.226074,40000.0,40000.0,40000.0,40000.0,40000.0,40000.0,40000.0,40000.0,38751.421875,8372.638672,5000.0,92590.520947,-7602.293298,40527.74187,0,true,true,1.0,-159.971906,0
2,197,9.85,3475.478409,35882.391888,3505.795422,35804.071283,19805.970454,105.649555,-1789.885357,-827.895033,6.261584,-22.277514,-134.303986,0.0,0.0,1.0,0.0,-0.139986,-0.209979,1.0,49239.834668,10952.856529,-78974.330266,40.0,1.0,80397.171757,-41966.907208,-71939.937787,0.0,0,0,0,0,0,6912.154297,8490.411133,21503.585938,40000.0,40000.0,40000.0,40000.0,40000.0,40000.0,40000.0,40000.0,3648.305176,3018.50293,3651.522949,40000.0,40000.0,40000.0,40000.0,40000.0,40000.0,40000.0,40000.0,38474.808594,8339.5625,5000.0,92739.610233,-5688.025363,40364.529591,0,true,true,1.0,-159.961906,0
2,198,9.9,3474.687875,-1557.079763,3602.653604,-1606.724887,19851.275311,-38.884865,-1837.31627,-866.12935,5.069154,-22.012112,-135.041367,0.0,0.0,1.0,0.0,0.0,0.0,1.0,48522.175783,9243.536614,-79363.899905,40.0,1.0,80355.848999,-43176.506572,-71093.820147,0.0,0,0,0,0,0,6814.183594,8367.791016,18862.070312,40000.0,40000.0,40000.0,40000.0,40000.0,40000.0,40000.0,40000.0,4232.197266,3116.435059,3736.557861,40000.0,40000.0,40000.0,40000.0,40000.0,40000.0,40000.0,40000.0,37969.464844,8301.90625,5000.0,92854.593816,-3581.144867,40174.250398,0,true,true,1.0,-159.951906,0
2,199,9.95,3478.791308,35878.288455,3674.281242,35732.443645,19885.269037,-140.094555,-1871.86899,-891.928579,4.398956,-21.86965,-135.45752,0.0,0.0,1.0,0.0,0.0,0.0,1.0,48060.260125,8237.495437,-79552.270646,40.0,1.0,80273.631758,-43898.211986,-70594.861465,0.0,0,0,0,0,0,6751.793457,8283.40332,18606.794922,40000.0,40000.0,40000.0,40000.0,40000.0,40000.0,40000.0,40000.0,4296.208984,3171.118408,3785.29834,40000.0,40000.0,40000.0,40000.0,40000.0,40000.0,40000.0,40000.0,37751.351562,8245.547852,5000.0,92890.228842,-2409.23801,40046.520823,0,true,true,1.0,-159.941906,0
2,200,10.0,3491.380787,-1569.669242,3772.493012,-1704.936657,19932.978957,-309.746449,-1831.090508,-907.311579,3.720489,-21.730358,-135.87999,0.0,-1.0,1.0,0.0,0.0,0.0,1.0,47492.625092,7161.360232,-79712.925413,40.0,1.0,80090.593242,-44695.941067,-70065.250651,0.0,0,0,0,0,0,6674.421875,8172.499512,18324.107422,40000.0,40000.0,40000.0,40000.0,40000.0,40000.0,40000.0,40000.0,4388.608887,3252.661377,3861.471924,40000.0,40000.0,40000.0,40000.0,40000.0,40000.0,40000.0,40000.0,37634.039062,8115.34668,5000.0,92890.762082,-1238.423482,39903.947703,0,true,true,1.0,-159.931906,0
2,201,10.05,3511.588192,35858.08105,3856.480442,35648.456215,19976.170742,-481.328234,-1733.616677,-907.927129,3.268445,-21.638704,-136.092606,0.0,-1.0,1.0,0.0,0.0,0.069993,1.0,47023.275189,6401.68707,-79799.842895,40.0,1.0,79820.865621,-45324.557623,-69721.459165,0.0,0,0,0,0,0,6610.855957,8078.047852,18136.658203,40000.0,40000.0,40000.0,40000.0,40000.0,40000.0,40000.0,40000.0,4479.407715,3330.078125,3483.463135,40000.0,40000.0,40000.0,40000.0,40000.0,40000.0,40000.0,40000.0,37524.082031,7952.162109,5000.0,92865.55519,-587.759532,39793.976501,0,true,true,1.0,-159.921906,0
2,202,10.1,3544.219674,-1602.300724,3947.458074,-1795.914289,20025.563044,-669.222366,-1634.944123,-909.398702,2.730622,-21.520739,-136.331696,0.0,-1.0,1.0,0.0,0.069993,-0.139986,1.0,46457.063033,5540.625204,-79904.321353,40.0,1.0,79482.85123,-46028.571938,-69326.067923,0.0,0,0,0,0,0,6526.640625,7966.303711,17912.658203,40000.0,40000.0,40000.0,40000.0,40000.0,40000.0,40000.0,40000.0,40000.0,3421.641846,3510.812256,40000.0,40000.0,40000.0,40000.0,40000.0,40000.0,40000.0,40000.0,37384.007812,7778.114746,5000.0,92841.360983,172.058451,39636.023342,0,true,true,1.0,-159.911906,0
2,203,10.15,3579.801959,35822.498765,4020.357806,35575.556483,20067.670346,-819.974752,-1550.691121,-911.388701,2.367879,-21.387629,-136.556946,0.0,-1.0,1.0,0.0,0.349965,-0.209979,1.0,45920.128863,4977.903125,-80004.404417,40.0,1.0,79165.808841,-46457.174502,-69099.60066,0.0,0,0,0,0,0,6442.70752,7866.443359,17701.974609,40000.0,40000.0,40000.0,40000.0,40000.0,40000.0,40000.0,40000.0,40000.0,3501.270508,3562.55127,40000.0,40000.0,40000.0,40000.0,40000.0,40000.0,40000.0,40000.0,37235.367188,7649.167969,5000.0,92838.713997,799.410257,39442.000478,0,true,true,1.0,-159.901906,0
2,204,10.2,3634.566212,-1657.064977,4107.496784,-1883.053267,20121.20884,-1001.523762,-1448.999361,-914.278012,1.94754,-21.04423,-136.951508,0.0,-1.0,1.0,0.0,0.489951,-0.209979,1.0,44979.594173,4386.321039,-80260.122001,40.0,1.0,78634.072154,-46811.598452,-69045.01589,0.0,0,0,0,0,0,6309.879395,7724.183594,17364.351562,40000.0,40000.0,40000.0,40000.0,40000.0,40000.0,40000.0,40000.0,40000.0,3566.753418,3676.713867,40000.0,40000.0,40000.0,40000.0,40000.0,40000.0,40000.0,40000.0,36939.78125,7529.681641,5000.0,92943.109804,1774.863972,38908.33398,0,true,true,1.0,-159.891906,0
2,205,10.25,3686.614552,35770.450426,4173.8016,35509.251668,20164.800659,-1141.868615,-1370.100864,-916.457114,1.685341,-20.627495,-137.338074,0.0,-1.0,1.0,0.0,0.419958,-0.489951,1.0,44010.241288,4061.845849,-80561.347798,40.0,1.0,78082.262173,-46912.247018,-69230.125863,0.0,0,0,0,0,0,6182.567871,7598.317383,17209.546875,40000.0,40000.0,40000.0,40000.0,40000.0,40000.0,40000.0,40000.0,40000.0,3676.198486,3764.162598,40000.0,40000.0,40000.0,40000.0,40000.0,40000.0,40000.0,40000.0,36596.683594,7462.760742,5000.0,93108.118975,2638.15753,38245.959439,0,true,true,1.0,-159.881906,0
2,206,10.3,3748.998749,-1719.449174,4240.137697,-1949.389365,20211.245573,-1279.311753,-1283.818301,-918.25053,1.500136,-20.103239,-137.898361,0.0,-1.0,1.0,0.0,0.139986,-0.559944,1.0,42849.619461,3905.990054,-80926.965963,40.0,1.0,77506.144826,-46749.958607,-69564.500617,0.0,0,0,0,0,0,6027.703613,7455.709473,9645.746094,40000.0,40000.0,40000.0,40000.0,40000.0,40000.0,40000.0,40000.0,40000.0,3800.813965,3856.818115,40000.0,40000.0,40000.0,40000.0,40000.0,40000.0,40000.0,40000.0,37076.753906,7454.894043,5000.0,93313.048121,3759.808079,37407.675806,0,true,true,1.0,-159.871906,0
2,207,10.35,3810.217236,35709.231938,4295.81921,35453.570155,20252.547978,-1399.998395,-1213.908749,-918.85364,1.385159,-19.578678,-138.628143,0.0,-1.0,1.0,0.0,-0.209979,-1.049895,1.0,41716.660105,3904.51991,-81282.966489,40.0,1.0,77094.810377,-46323.727227,-69911.063202,0.0,0,0,0,0,0,5868.021973,7320.119629,9190.817383,39663.75,40000.0,40000.0,40000.0,40000.0,40000.0,40000.0,40000.0,40000.0,4324.87793,3923.611572,40000.0,40000.0,40000.0,40000.0,40000.0,40000.0,40000.0,40000.0,37906.34375,7510.412598,5000.0,93494.262235,5133.132615,36563.5661,0,true,true,1.0,-159.861906,0
2,208,10.4,3898.739559,-1807.971497,4364.317751,-2017.887905,20306.923287,-1551.169071,-1122.830722,-918.26593,1.352093,-19.011946,-139.916229,0.0,-1.0,1.0,0.0,-0.069993,0.0,1.0,40372.067567,4154.712918,-81642.220346,40.0,1.0,76934.801598,-45305.015817,-70208.015631,0.0,0,0,0,0,0,5638.866211,7077.294922,8524.371094,38825.734375,40000.0,40000.0,40000.0,40000.0,40000.0,40000.0,40000.0,40000.0,4435.041504,4012.708008,40000.0,40000.0,40000.0,40000.0,40000.0,40000.0,40000.0,40000.0,40000.0,7416.128418,5000.0,93574.753785,7434.006179,35650.259177,0,true,true,1.0,-159.851906,0
2,209,10.45,3965.883842,35642.087656,4409.12907,35408.758836,20344.9768,-1651.836431,-1059.069796,-917.02041,1.337557,-18.688822,-140.746719,0.0,-1.0,1.0,0.0,0.0,0.0,1.0,39525.626991,4336.824528,-81834.497973,40.0,1.0,76837.732319,-44620.864234,-70352.83445,0.0,0,0,0,0,0,5485.726562,6839.572754,8107.973145,22275.298828,40000.0,40000.0,40000.0,40000.0,40000.0,40000.0,40000.0,40000.0,4516.495605,4079.783936,40000.0,40000.0,40000.0,40000.0,40000.0,40000.0,40000.0,40000.0,40000.0,7350.694824,5000.0,93561.42271,8912.417408,35122.753206,0,true,true,1.0,-159.841906,0
2,210,10.5,4062.811581,-1904.899236,4465.363891,-2074.122727,20396.227353,-1777.90518,-971.918275,-914.615111,1.30543,-18.351557,-141.578888,0.0,-1.0,1.0,0.0,0.0,0.559944,1.0,38522.686763,4522.185662,-82019.472444,40.0,1.0,76586.941396,-43940.847748,-70494.012069,0.0,0,0,0,0,0,5298.334961,6563.246094,7647.166016,21539.490234,40000.0,40000.0,40000.0,40000.0,40000.0,40000.0,40000.0,40000.0,4629.535645,4177.912109,40000.0,40000.0,40000.0,40000.0,40000.0,40000.0,40000.0,40000.0,40000.0,7253.236328,5000.0,93499.765344,10409.856609,34565.859524,0,true,true,1.0,-159.831906,0
2,211,10.55,4144.555642,35560.343595,4506.495853,35367.626874,20436.755126,-1875.932623,-905.9973,-912.235749,1.261797,-18.133802,-142.056427,0.0,-1.0,1.0,0.0,0.0,0.0,1.0,37797.37103,4622.624614,-82129.823299,40.0,1.0,76299.325811,-43565.680968,-70578.639135,0.0,0,0,0,0,0,5159.274414,6367.949219,7335.233398,21381.654297,40000.0,40000.0,40000.0,40000.0,40000.0,40000.0,40000.0,40000.0,4720.474609,4259.99707,40000.0,40000.0,40000.0,40000.0,40000.0,40000.0,40000.0,40000.0,40000.0,7168.772949,5000.0,93439.659164,11291.356296,34201.535832,0,true,true,1.0,-159.821906,0
2,212,10.6,4258.83603,-2019.179624,4556.377887,-2124.004761,20490.114215,-1994.988255,-819.383682,-908.775623,1.253155,-17.873049,-142.76326,0.0,-1.0,1.0,0.0,0.069993,-1.134761,1.0,36862.275512,4857.981012,-82252.799962,40.0,1.0,75994.785087,-42918.112212,-70675.759092,0.0,0,0,0,0,0,4968.654297,6099.92627,7125.053711,21174.449219,40000.0,40000.0,40000.0,40000.0,40000.0,40000.0,40000.0,40000.0,4844.161621,4369.660156,40000.0,40000.0,40000.0,40000.0,40000.0,40000.0,40000.0,40000.0,40000.0,7060.891113,5000.0,93312.897461,12560.584785,33767.46435,0,true,true,1.0,-159.811906,0
2,213,10.65,4361.207427,35457.972198,4594.715704,35329.289057,20535.292658,-2087.467078,-746.165018,-905.421291,1.375097,-17.665869,-143.68988,0.0,-1.0,1.0,0.0,0.0,-1.119888,1.0,36060.176676,5312.628015,-82339.244342,40.0,1.0,75978.047881,-41897.828551,-70755.626709,0.0,0,0,0,0,0,4789.061035,5839.513672,6955.116699,20974.138672,40000.0,40000.0,40000.0,40000.0,40000.0,40000.0,40000.0,40000.0,4947.041992,4461.280762,40000.0,40000.0,40000.0,40000.0,40000.0,40000.0,40000.0,40000.0,40000.0,6985.692383,5000.0,93102.192549,14128.115969,33437.66607,0,true,true,1.0,-159.801906,0
2,214,10.7,4463.190395,-2121.162593,4628.491021,-2157.780078,20576.504108,-2168.57457,-696.251291,-827.179667,1.59785,-17.463423,-144.935638,1.0,-1.0,1.0,0.0,-0.069993,-1.049895,1.0,35255.364143,5961.866575,-82424.397389,40.0,1.0,76195.470943,-40451.056188,-70834.43743,0.0,0,0,0,0,0,4702.580566,5561.464355,6779.263184,20725.111328,40000.0,40000.0,40000.0,40000.0,40000.0,40000.0,40000.0,40000.0,5080.437012,4547.683105,40000.0,40000.0,40000.0,40000.0,40000.0,40000.0,40000.0,40000.0,40000.0,6932.887207,5000.0,92776.202737,16183.40319,33128.014057,0,true,true,1.0,-159.791906,0
2,215,10.75,4561.349276,35359.813317,4658.202918,35299.57716,20609.962971,-2238.093379,-657.453566,-721.38774,1.893157,-17.290829,-146.414978,1.0,-1.0,1.0,0.0,-0.209979,-0.979902,1.0,34498.584759,6736.076368,-82504.859256,40.0,1.0,76614.02102,-38689.905059,-70889.100607,0.0,0,0,0,0,0,4896.802246,5285.02002,6607.541992,19675.388672,40000.0,40000.0,40000.0,40000.0,40000.0,40000.0,40000.0,40000.0,5667.17334,4629.418457,40000.0,40000.0,40000.0,40000.0,40000.0,40000.0,40000.0,40000.0,40000.0,6903.635742,5000.0,92317.643719,18586.520642,32878.019748,0,true,true,1.0,-159.781906,0
2,216,10.8,4704.026872,-2263.840189,4696.821027,-2196.398187,20649.202844,-2326.555027,-598.603394,-579.574417,2.359456,-17.131975,-148.617264,1.0,-1.0,1.0,0.0,-0.279972,-0.489951,1.0,33527.461983,7897.265393,-82586.982467,40.0,1.0,77325.328235,-36007.082866,-70883.798663,0.0,0,0,0,0,0,5248.660645,4911.217285,6376.429199,8348.685547,40000.0,40000.0,40000.0,40000.0,40000.0,40000.0,40000.0,40000.0,5802.328613,4751.924316,40000.0,40000.0,40000.0,40000.0,40000.0,40000.0,40000.0,40000.0,40000.0,6879.077637,5000.0,91468.475651,22118.212171,32680.116134,0,true,true,1.0,-159.771906,0
2,217,10.85,4819.369319,35244.47087,4724.382542,35272.015645,20673.889337,-2397.650862,-551.466234,-472.497423,2.717251,-17.082355,-150.281204,1.0,-1.0,1.0,0.0,-0.209979,0.0,1.0,32863.726598,8770.376167,-82626.8272,40.0,1.0,77880.045826,-33948.871087,-70805.081034,0.0,0,0,0,0,0,5570.999023,4641.192383,6065.921875,7422.639648,40000.0,40000.0,40000.0,40000.0,40000.0,40000.0,40000.0,40000.0,5496.222656,4857.277832,5523.057617,40000.0,40000.0,40000.0,40000.0,40000.0,40000.0,40000.0,40000.0,7426.290039,5000.0,90690.123112,24757.80749,32651.213764,0,true,true,1.0,-159.761906,0
2,218,10.9,4919.437735,-2363.908605,4745.896441,-2217.912087,20690.87877,-2457.082355,-510.189412,-384.60698,3.045069,-17.061996,-151.807892,1.0,-1.0,1.0,0.0,0.0,-0.069993,1.0,32312.430396,9547.213614,-82659.993255,40.0,1.0,78409.61258,-32050.218451,-70704.947834,0.0,0,0,0,0,0,5922.678223,4416.045898,5691.078613,6734.180664,40000.0,40000.0,40000.0,40000.0,40000.0,40000.0,40000.0,40000.0,7128.203125,4926.533203,5545.78418,40000.0,40000.0,40000.0,40000.0,40000.0,40000.0,40000.0,40000.0,40000.0,5000.0,89900.425372,27155.441198,32669.215904,0,true,true,1.0,-159.751906,0
2,219,10.95,5063.736759,35100.171846,4773.07754,35244.834547,20708.924898,-2522.622222,-446.645806,-268.858743,3.462388,-17.022791,-153.740555,1.0,-1.0,1.0,0.0,0.0,-0.069993,1.0,31524.127579,10533.555536,-82735.858046,40.0,1.0,78953.885319,-29612.745027,-70616.940018,0.0,0,0,0,0,0,6051.223633,4125.23291,5228.027832,6472.800293,20977.783203,40000.0,40000.0,40000.0,40000.0,40000.0,40000.0,40000.0,40000.0,5073.097168,5691.312012,40000.0,40000.0,40000.0,40000.0,40000.0,40000.0,40000.0,40000.0,40000.0,5000.0,88799.076924,30164.251347,32675.543647,0,true,true,1.0,-159.741906,0
2,220,11.0,5172.885237,-2473.057083,4790.793433,-2235.62798,20718.040979,-2576.466538,-399.711153,-184.473244,3.747139,-16.980247,-155.057709,1.0,-1.0,1.0,0.0,0.069993,0.0,1.0,30921.717225,11205.158851,-82816.078691,40.0,1.0,79238.266312,-27931.501317,-70594.020535,0.0,0,0,0,0,0,5996.196289,3922.626221,4919.140625,6292.266602,20740.679688,40000.0,40000.0,40000.0,40000.0,40000.0,40000.0,40000.0,40000.0,5175.086426,5739.166992,40000.0,40000.0,40000.0,40000.0,40000.0,40000.0,40000.0,40000.0,40000.0,5000.0,87988.398158,32197.627435,32657.289106,0,true,true,1.0,-159.731906,0
2,221,11.05,5315.487371,34957.569711,4810.475353,35225.152627,20724.700883,-2628.730172,-336.500549,-84.552778,4.051773,-16.9216,-156.474594,1.0,-1.0,1.0,0.0,0.069993,0.069993,1.0,30160.193121,11942.363334,-82944.292848,40.0,1.0,79414.187969,-26097.886559,-70616.530358,0.0,0,0,0,0,0,5918.543457,4064.669678,4568.438477,6084.53125,20488.804688,40000.0,40000.0,40000.0,40000.0,40000.0,40000.0,40000.0,40000.0,5307.123047,5816.778809,40000.0,40000.0,40000.0,40000.0,40000.0,40000.0,40000.0,40000.0,40000.0,5000.0,87047.263832,34373.822238,32614.626078,0,true,true,1.0,-159.721906,0
2,222,11.1,5430.209295,-2587.779006,4823.570878,-2248.723504,20726.144291,-2667.865114,-286.37421,-8.815373,4.256497,-16.86293,-157.441055,1.0,-1.0,1.0,0.0,0.069993,0.139986,1.0,29549.82449,12454.912047,-83069.377869,40.0,1.0,79437.055302,-24831.208989,-70680.992441,0.0,0,0,0,0,0,5852.504395,4180.20459,4315.01416,5933.06543,20167.332031,40000.0,40000.0,40000.0,40000.0,40000.0,40000.0,40000.0,40000.0,5411.649902,5896.396973,40000.0,40000.0,40000.0,40000.0,40000.0,40000.0,40000.0,40000.0,40000.0,5000.0,86368.22417,35854.374662,32552.481543,0,true,true,1.0,-159.711906,0
2,223,11.15,5569.794451,34817.984555,4836.323939,35212.399565,20723.635336,-2711.699068,-226.637859,78.217064,4.403572,-16.762585,-158.199066,1.0,-1.0,1.0,0.0,0.279972,1.189881,1.0,28811.885125,12898.025911,-83260.313736,40.0,1.0,79213.254452,-23808.871802,-70860.944574,0.0,0,0,0,0,0,5757.5,4282.445312,4048.967773,5717.896484,7698.46875,40000.0,40000.0,40000.0,40000.0,40000.0,40000.0,40000.0,40000.0,5532.284668,5995.753418,40000.0,40000.0,40000.0,40000.0,40000.0,40000.0,40000.0,40000.0,40000.0,5000.0,85801.19606,37037.659932,32400.569879,0,true,true,1.0,-159.701906,0
2,224,11.2,5703.581301,-2721.565856,4845.600244,-2257.99981,20717.198359,-2754.93693,-171.895296,158.322613,4.422702,-16.62031,-158.50473,1.0,-1.0,1.0,0.0,0.158421,1.623818,1.0,28087.305378,13124.133718,-83493.567404,40.0,1.0,78738.943783,-23372.439651,-71151.755477,0.0,0,0,0,0,0,5650.003418,4334.041504,3828.420898,5385.641113,7018.000977,40000.0,40000.0,40000.0,40000.0,40000.0,40000.0,40000.0,40000.0,5639.243652,6093.820312,40000.0,40000.0,40000.0,40000.0,40000.0,40000.0,40000.0,40000.0,40000.0,5000.0,85550.672047,37573.103694,32137.831676,0,true,true,1.0,-159.691906,0
2,225,11.25,5851.314331,34670.251525,4852.678718,35205.321092,20705.938886,-2788.820463,-114.171375,237.174533,4.284463,-16.475348,-158.248993,1.0,-1.0,1.0,0.0,0.049292,1.725216,1.0,27378.848062,13121.944384,-83775.008905,40.0,1.0,77950.106831,-23644.714671,-71531.344673,0.0,0,0,0,0,0,5510.198242,4319.52832,3625.552246,5116.680664,6540.118164,40000.0,40000.0,40000.0,40000.0,40000.0,40000.0,40000.0,40000.0,5746.651855,6215.58252,40000.0,40000.0,40000.0,40000.0,40000.0,40000.0,40000.0,40000.0,40000.0,5000.0,85663.315819,37312.390445,31804.448606,0,true,true,1.0,-159.681906,0
2,226,11.3,5980.943018,-2851.194544,4856.50726,-2261.828352,20692.73931,-2839.556802,-68.326597,311.666449,4.060332,-16.37022,-157.676971,1.0,-1.0,1.0,0.0,-0.069993,0.0,1.0,26838.092074,12968.830909,-84032.248033,40.0,1.0,77120.229685,-24326.910518,-71872.077199,0.0,0,0,0,0,0,5377.504395,4267.876465,3468.385986,4930.972656,6354.780762,40000.0,40000.0,40000.0,40000.0,40000.0,40000.0,40000.0,40000.0,5846.617676,7726.328125,40000.0,40000.0,40000.0,40000.0,40000.0,40000.0,40000.0,40000.0,40000.0,5000.0,85978.369408,36587.036552,31503.726125,0,true,true,1.0,-159.671906,0
2,227,11.35,6145.069264,34506.12528,4858.481381,35203.34697,20672.015732,-2885.182019,-14.848282,393.40713,3.809565,-16.315256,-157.061584,1.0,-1.0,1.0,0.0,0.0,0.0,1.0,26268.78529,12845.49665,-84327.405532,40.0,1.0,76222.254879,-25030.362056,-72195.231642,0.0,0,0,0,0,0,5220.101074,4226.293945,3260.945312,4673.979492,6248.058105,40000.0,40000.0,40000.0,40000.0,40000.0,40000.0,40000.0,7491.707031,5956.251465,40000.0,40000.0,40000.0,40000.0,40000.0,40000.0,40000.0,40000.0,40000.0,40000.0,5000.0,86260.171804,35815.201078,31252.990163,0,true,true,1.0,-159.661906,0
2,228,11.4,6257.550125,-2963.675405,4858.179375,-2261.526345,20655.438871,-2916.15331,18.836117,446.524392,3.666262,-16.287106,-156.714584,1.0,-1.0,1.0,0.0,0.0,0.0,1.0,25891.301786,12816.468206,-84528.047471,40.0,1.0,75659.145873,-25394.658748,-72405.658819,0.0,0,0,0,0,0,5117.65332,4211.293945,3112.547119,4482.336914,6169.641602,40000.0,40000.0,40000.0,40000.0,40000.0,40000.0,40000.0,7733.253418,6034.249512,40000.0,40000.0,40000.0,40000.0,40000.0,40000.0,40000.0,40000.0,40000.0,40000.0,5000.0,86398.1217,35389.448516,31107.503515,0,true,true,1.0,-159.651906,0
2,229,11.45,6407.688852,34355.986553,4855.873034,35205.653311,20630.583504,-2948.542113,60.480311,509.986655,3.521121,-16.257689,-156.362717,1.0,-1.0,1.0,0.0,0.0,0.0,1.0,25394.305772,12860.312189,-84793.862215,40.0,1.0,74978.518812,-25707.543853,-72679.996148,0.0,0,0,0,0,0,4986.793457,4209.098145,3039.894043,4205.634766,6056.45166,40000.0,40000.0,40000.0,40000.0,40000.0,40000.0,40000.0,7011.589844,6107.240723,40000.0,40000.0,40000.0,40000.0,40000.0,40000.0,40000.0,40000.0,40000.0,40000.0,5000.0,86506.981132,34974.460268,30944.485158,0,true,true,1.0,-159.641906,0
2,230,11.5,6561.254443,-3117.240996,4851.464385,-2257.117696,20602.200189,-2981.963464,99.769071,571.71696,3.40511,-16.244833,-156.090454,1.0,-1.0,1.0,0.0,-0.139986,0.559944,1.0,24909.426616,12966.344029,-85063.307957,40.0,1.0,74354.16835,-25894.800619,-72943.093731,0.0,0,0,0,0,0,4858.711914,4221.703125,3058.793213,3905.883301,5934.685547,40000.0,40000.0,40000.0,40000.0,40000.0,40000.0,40000.0,7150.145996,6298.936523,40000.0,40000.0,40000.0,40000.0,40000.0,40000.0,40000.0,40000.0,40000.0,40000.0,5000.0,86555.245985,34672.853999,30815.082165,0,true,true,1.0,-159.631906,0
2,231,11.55,6737.812629,34179.428367,4844.066206,35213.05149,20566.246856,-3014.554503,140.854853,635.836555,3.149166,-16.310482,-155.311386,1.0,-1.0,1.0,0.0,-0.158599,2.33934,1.0,24546.966611,12921.691696,-85358.3439,40.0,1.0,73506.846773,-26663.678494,-73188.018237,0.0,0,0,0,0,0,4702.213379,4188.592285,3062.015137,3612.930176,5838.421875,40000.0,40000.0,40000.0,40000.0,40000.0,40000.0,40000.0,6713.129395,6417.664062,40000.0,40000.0,40000.0,40000.0,40000.0,40000.0,40000.0,40000.0,40000.0,40000.0,5000.0,86848.867902,33641.32502,30753.07397,0,true,true,1.0,-159.621906,0
2,232,11.6,6885.749977,-3265.178344,4836.206709,-2249.258199,20533.64754,-3036.713026,170.404734,683.035919,2.699063,-16.443014,-153.809067,1.0,-1.0,1.0,0.0,-0.04003,3.482575,1.0,24493.337934,12559.307811,-85596.267432,40.0,1.0,72451.650873,-28317.079457,-73353.528347,0.0,0,0,0,0,0,4553.538086,4076.175781,3029.102783,3460.292236,5837.158691,40000.0,40000.0,40000.0,40000.0,40000.0,40000.0,40000.0,6799.873047,6929.093262,40000.0,40000.0,40000.0,40000.0,40000.0,40000.0,40000.0,40000.0,40000.0,40000.0,5000.0,87524.091323,31528.704192,30763.217843,0,true,true,1.0,-159.611906,0
2,233,11.65,7045.589497,34019.588848,4825.181119,35224.07708,20494.93816,-3020.587411,242.062059,774.932136,1.945141,-16.613894,-151.246735,1.0,-1.0,0.0,0.0,-0.043758,2.537943,1.0,24643.073648,11812.755975,-85861.302328,40.0,1.0,70810.735445,-31160.532274,-73537.457185,0.0,0,0,0,0,0,4381.139648,3884.755127,2962.300293,3404.480957,5937.351074,40000.0,40000.0,40000.0,40000.0,40000.0,40000.0,40000.0,6820.728027,7059.549316,40000.0,40000.0,40000.0,40000.0,40000.0,40000.0,40000.0,40000.0,40000.0,40000.0,5000.0,88641.239892,27844.128425,30787.219512,0,true,true,1.0,-159.601906,0
2,234,11.7,7178.558593,-3398.147441,4812.109292,-2236.186372,20457.787214,-2987.706303,320.255247,868.638903,1.044032,-16.7782,-148.192123,1.0,-1.0,0.0,0.0,-0.186383,1.180429,1.0,24984.726077,10833.158393,-86085.375083,40.0,1.0,68891.194763,-34510.360558,-73671.590782,0.0,0,0,0,0,0,4235.373535,3681.911377,2886.581543,3502.270752,6147.969727,40000.0,40000.0,40000.0,40000.0,40000.0,40000.0,40000.0,6834.675781,40000.0,40000.0,40000.0,40000.0,40000.0,40000.0,40000.0,40000.0,40000.0,40000.0,40000.0,5000.0,89810.416064,23374.332863,30849.073823,0,true,true,1.0,-159.591906,0
2,235,11.75,7305.879526,33892.267915,4796.378684,35239.807688,20418.171334,-2956.899994,388.902188,950.075748,0.106269,-16.950205,-145.034897,1.0,-1.0,0.0,0.0,-0.209979,0.069993,1.0,25427.193479,9821.335804,-86284.713763,40.0,1.0,66850.640198,-37851.462998,-73748.049828,0.0,0,0,0,0,0,4109.988281,3509.815186,2823.715576,3687.108643,6423.628418,40000.0,40000.0,40000.0,40000.0,40000.0,40000.0,8492.636719,6848.631348,40000.0,40000.0,40000.0,40000.0,40000.0,40000.0,40000.0,40000.0,40000.0,40000.0,5517.495117,5000.0,90762.318353,18705.168355,30998.939192,0,true,true,1.0,-159.581906,0
2,236,11.8,7502.839177,-3595.107091,4766.17761,-2205.985297,20349.562359,-2907.173613,482.095575,1058.091492,-0.989687,-17.208038,-141.39003,1.0,-1.0,0.0,0.0,0.0,0.0,1.0,26011.135396,8831.100515,-86579.580319,40.0,1.0,64371.22903,-41413.207552,-73829.506487,0.0,0,0,0,0,0,3955.54248,3374.219482,2788.924561,3804.504639,40000.0,40000.0,40000.0,40000.0,40000.0,40000.0,40000.0,7375.79834,7392.64502,40000.0,40000.0,40000.0,40000.0,40000.0,40000.0,40000.0,40000.0,40000.0,40000.0,4538.628418,5000.0,91467.532443,13321.268158,31336.918204,0,true,true,1.0,-159.571906,0
2,237,11.85,7628.523889,33766.583203,4743.670411,35262.314886,20301.438396,-2905.598072,538.912225,1138.115864,-1.587373,-17.322172,-139.423523,1.0,-1.0,0.0,0.0,0.0,0.0,1.0,26312.028806,8378.597176,-86789.015425,40.0,1.0,62937.828294,-43199.578328,-73932.081096,0.0,0,0,0,0,0,3869.005371,3324.673584,2785.388916,3805.730225,40000.0,40000.0,40000.0,40000.0,40000.0,40000.0,40000.0,7326.77832,8089.146484,40000.0,40000.0,40000.0,40000.0,40000.0,40000.0,40000.0,40000.0,40000.0,40000.0,4199.95459,5000.0,91705.871703,10427.583833,31511.301782,0,true,true,1.0,-159.561906,0
2,238,11.9,7741.120401,-3707.703604,4721.564497,-2183.879383,20255.655227,-2895.365058,583.743996,1198.024025,-2.057053,-17.397604,-137.886551,1.0,-1.0,0.0,0.0,0.0,0.0,1.0,26539.019615,8084.256245,-86991.609397,40.0,1.0,61767.552462,-44513.265264,-74056.96991,0.0,0,0,0,0,0,3796.944336,3298.925293,2791.999512,3725.371094,40000.0,40000.0,40000.0,40000.0,40000.0,40000.0,40000.0,7339.003418,8497.163086,40000.0,40000.0,40000.0,40000.0,40000.0,40000.0,40000.0,40000.0,40000.0,40000.0,3968.654297,5000.0,91823.215325,8178.001941,31637.544256,0,true,true,1.0,-159.551906,0
2,239,11.95,7888.49449,33619.209114,4690.046572,35293.832811,20192.162135,-2885.239488,637.43663,1271.90323,-2.540448,-17.458429,-136.312103,1.0,-1.0,0.0,0.0,0.139986,-0.279972,1.0,26737.260494,7902.782839,-87286.0344,40.0,1.0,60494.398622,-45729.456418,-74279.356886,0.0,0,0,0,0,0,3708.065918,3292.802734,2814.88501,3389.203369,40000.0,40000.0,40000.0,40000.0,40000.0,40000.0,40000.0,7412.846191,40000.0,40000.0,40000.0,40000.0,40000.0,40000.0,40000.0,40000.0,40000.0,40000.0,40000.0,3834.226562,5000.0,91876.896601,5901.974994,31738.748425,0,true,true,1.0,-159.541906,0
2,240,12.0,8047.337134,-3866.546248,4653.065107,-2146.897918,20119.518735,-2873.331409,688.640146,1342.817772,-3.100539,-17.49814,-134.483398,1.0,-1.0,0.0,0.0,-0.206844,3.185404,1.0,26985.630263,7658.894485,-87619.268947,40.0,1.0,59004.466738,-47114.503394,-74543.174858,0.0,0,0,0,0,0,3617.29126,3287.070068,2841.747314,2911.106934,40000.0,40000.0,40000.0,40000.0,40000.0,40000.0,40000.0,7498.068848,40000.0,40000.0,40000.0,40000.0,40000.0,40000.0,40000.0,40000.0,40000.0,40000.0,40000.0,3711.246094,5000.0,91884.973524,3250.148336,31837.010803,0,true,true,1.0,-159.531906,0
2,241,12.05,8183.318344,33483.227905,4619.180048,35327.71787,20054.15283,-2865.637879,726.849221,1398.199933,-3.95222,-17.509584,-131.674744,1.0,-1.0,0.0,0.0,-0.257731,5.927806,1.0,27471.937676,6893.108082,-87881.691081,40.0,1.0,56799.433221,-49432.079021,-74715.873788,0.0,0,0,0,0,0,3548.347656,3239.337891,2846.994873,2989.361572,40000.0,40000.0,40000.0,40000.0,40000.0,40000.0,8181.883789,7919.205078,40000.0,40000.0,40000.0,40000.0,40000.0,40000.0,40000.0,40000.0,40000.0,40000.0,40000.0,3602.437988,5000.0,91795.951148,-913.959705,32029.105287,0,true,true,1.0,-159.521906,0
2,242,12.1,8323.196836,-4006.424741,4580.934748,-2108.652619,19983.153078,-2792.205336,806.363607,1453.600371,-5.338475,-17.414619,-127.071899,1.0,-1.0,-1.0,0.0,-0.412932,6.81338,1.0,28262.526832,5298.093075,-88122.493576,40.0,1.0,53064.664836,-53221.249998,-74840.820501,0.0,0,0,0,0,0,3500.940186,3148.917725,2838.629883,5859.773926,40000.0,40000.0,40000.0,40000.0,40000.0,40000.0,7927.094238,40000.0,40000.0,40000.0,40000.0,40000.0,40000.0,40000.0,40000.0,40000.0,40000.0,40000.0,40000.0,3479.855225,5000.0,91280.819356,-7793.710802,32350.667027,0,true,true,1.0,-159.511906,0
2,243,12.15,8462.806843,33343.617897,4536.330411,35372.322208,19906.81426,-2719.565855,909.837594,1523.036754,-7.224586,-17.15921,-120.728714,1.0,-1.0,-1.0,0.0,-0.503149,3.77362,1.0,29325.764625,2819.591607,-88299.164785,40.0,1.0,47640.240793,-58097.748128,-74876.707611,0.0,0,0,0,0,0,3504.314697,3049.650879,2839.813477,6797.198242,40000.0,40000.0,40000.0,40000.0,40000.0,40000.0,8191.841797,40000.0,40000.0,40000.0,40000.0,40000.0,40000.0,40000.0,40000.0,40000.0,40000.0,40000.0,4372.717773,3382.413574,5000.0,89709.744395,-17224.52455,32897.266118,0,true,true,1.0,-159.501906,0
2,244,12.2,8621.42563,-4165.043528,4478.460463,-2050.782671,19814.206271,-2656.641185,1015.042244,1586.134206,-9.923321,-16.561749,-111.417183,1.0,-1.0,-1.0,0.0,-0.592259,1.142214,1.0,30719.51508,-1196.312735,-88361.362221,40.0,1.0,39092.958938,-64318.481898,-74790.336451,0.0,0,0,0,0,0,3278.221924,2965.501221,2886.805908,40000.0,40000.0,40000.0,40000.0,40000.0,40000.0,8018.79834,40000.0,40000.0,40000.0,40000.0,40000.0,40000.0,40000.0,40000.0,40000.0,40000.0,40000.0,40000.0,3302.967529,3340.430908,5000.0,85557.192509,-30716.122315,33908.897159,0,true,true,1.0,-159.491906,0
2,245,12.25,8744.03177,33221.011758,4429.05213,35421.73054,19739.220082,-2623.975546,1083.060829,1622.014528,-11.86452,-16.0308,-104.473122,1.0,-1.0,-1.0,0.0,-0.69993,0.139986,1.0,31729.769094,-4322.279157,-88313.661588,40.0,1.0,32461.593093,-68061.332074,-74708.090121,0.0,0,0,0,0,0,3161.917969,2962.569092,6750.916504,40000.0,40000.0,40000.0,40000.0,40000.0,9188.288086,8713.423828,40000.0,40000.0,40000.0,40000.0,40000.0,40000.0,40000.0,40000.0,40000.0,40000.0,40000.0,4492.829102,3231.20459,3367.442139,5000.0,81021.786809,-40275.766772,34885.191671,0,true,true,1.0,-159.481906,0
2,246,12.3,8867.033,-4288.044757,4376.240518,-1997.971058,19661.810331,-2615.159815,1142.378743,1658.938101,-13.423831,-15.411458,-97.842278,1.0,-1.0,-1.0,1.0,0.0,0.0,1.0,32585.104135,-7065.357269,-88248.995028,40.0,1.0,25943.908435,-70606.739158,-74965.511356,0.0,0,0,0,0,0,3107.44165,3004.977051,40000.0,40000.0,40000.0,40000.0,40000.0,40000.0,8167.98584,40000.0,40000.0,40000.0,40000.0,40000.0,40000.0,40000.0,40000.0,40000.0,40000.0,40000.0,40000.0,3700.599609,3198.383057,3441.570068,5000.0,75617.055144,-49017.017365,35690.583433,0,true,true,1.0,-159.471906,0
2,247,12.35,8983.028894,33105.015863,4324.293115,35473.677944,19587.411116,-2616.770363,1184.142272,1685.653301,-14.16887,-14.685792,-91.540939,1.0,-1.0,-1.0,1.0,0.0,0.0,1.0,33205.04156,-8775.487913,-88275.423814,40.0,1.0,19577.51232,-71496.566093,-76124.369366,0.0,0,0,0,0,0,3096.135742,3082.577637,40000.0,40000.0,40000.0,40000.0,40000.0,40000.0,8399.381836,40000.0,40000.0,40000.0,40000.0,40000.0,40000.0,40000.0,40000.0,40000.0,40000.0,40000.0,40000.0,3233.297119,3207.45166,3338.310059,5000.0,69568.592381,-57185.145409,35723.122687,0,true,true,1.0,-159.461906,0
2,248,12.4,9125.766024,-4430.781888,4258.697586,-1932.375529,19494.685714,-2640.104227,1220.520661,1722.384055,-14.005104,-13.706418,-83.591675,1.0,-1.0,-1.0,1.0,0.0,0.0,1.0,33853.705175,-9566.936856,-88463.771458,40.0,1.0,11581.196534,-70322.710643,-78908.423073,0.0,0,0,0,0,0,3134.122559,40000.0,40000.0,40000.0,40000.0,40000.0,40000.0,8262.832031,40000.0,40000.0,40000.0,40000.0,40000.0,40000.0,40000.0,40000.0,40000.0,40000.0,40000.0,40000.0,4065.729248,3060.347168,3280.828613,3252.367188,5000.0,60710.481577,-67144.881432,34378.566299,0,true,true,1.0,-159.451906,0
2,249,12.45,9269.220911,32961.560977,4192.342161,35540.033368,19400.791298,-2659.505327,1227.487442,1742.859813,-12.699936,-12.886055,-76.129669,1.0,-1.0,-1.0,1.0,-0.069993,-0.069993,1.0,34572.346531,-8807.818493,-88792.373438,40.0,1.0,4507.573556,-66688.473298,-82799.017788,0.0,0,0,0,0,0,3232.482422,40000.0,40000.0,40000.0,40000.0,40000.0,40000.0,8875.201172,40000.0,40000.0,40000.0,40000.0,40000.0,40000.0,40000.0,40000.0,40000.0,40000.0,40000.0,40000.0,3460.085449,3068.228271,3417.687256,3240.559082,5000.0,51245.058136,-75869.925743,31366.682761,0,true,true,1.0,-159.441906,0
2,250,12.5,9409.671451,-4571.232428,4128.200918,-1868.234285,19308.38001,-2695.812818,1220.756488,1777.771169,-10.713595,-12.321897,-69.02774,1.0,-1.0,-1.0,0.0,-0.069993,0.769923,1.0,35496.104689,-7174.813069,-89097.55857,40.0,1.0,-1529.751645,-61268.132981,-87094.472165,0.0,0,0,0,0,0,3385.5,40000.0,40000.0,40000.0,40000.0,40000.0,8366.019531,40000.0,40000.0,40000.0,40000.0,40000.0,40000.0,40000.0,40000.0,40000.0,40000.0,40000.0,40000.0,4443.391602,3103.495605,3127.838867,3415.452393,3284.558594,5000.0,41336.460789,-83160.204754,27057.138528,0,true,true,1.0,-159.431906,0
2,251,12.55,9520.936767,32850.29566,4078.648048,35589.586237,19234.849672,-2718.810419,1199.571201,1800.62413,-9.290914,-12.049194,-63.790974,1.0,-1.0,-1.0,0.0,-0.069993,0.0,1.0,36339.363594,-6174.301363,-89250.601332,40.0,1.0,-5461.880703,-56788.339701,-90011.733455,0.0,0,0,0,0,0,40000.0,40000.0,40000.0,40000.0,40000.0,40000.0,9082.220703,40000.0,40000.0,40000.0,40000.0,40000.0,40000.0,40000.0,40000.0,40000.0,40000.0,40000.0,40000.0,3939.803955,2913.687012,3205.358643,3403.962891,3354.159668,5000.0,33578.763555,-87536.642599,23629.406242,0,true,true,1.0,-159.421906,0
2,252,12.6,9664.959771,-4715.255431,4016.860726,-1806.446963,19139.081252,-2747.602375,1156.87203,1832.672792,-7.451508,-11.925116,-57.145378,1.0,-1.0,-1.0,0.0,-0.139986,-0.419958,1.0,37628.398859,-5032.498919,-89335.386653,40.0,1.0,-9696.929083,-50464.561011,-93473.059109,0.0,0,0,0,0,0,40000.0,40000.0,40000.0,40000.0,40000.0,8691.070312,40000.0,40000.0,40000.0,40000.0,40000.0,40000.0,40000.0,40000.0,40000.0,40000.0,40000.0,40000.0,30743.173828,3508.918457,2946.807617,3355.848145,3432.217041,3487.008057,5000.0,23303.395574,-91854.759408,18914.096699,0,true,true,1.0,-159.411906,0
2,253,12.65,9800.583571,32714.67186,3961.782607,35644.664356,19048.286908,-2764.517891,1101.373086,1857.421853,-6.090369,-12.079672,-52.685307,1.0,-1.0,-1.0,0.0,-0.269627,-1.240285,1.0,38940.604052,-4112.234261,-89341.798079,40.0,1.0,-11730.877996,-45606.902049,-95820.128645,0.0,0,0,0,0,0,40000.0,40000.0,40000.0,40000.0,40000.0,8948.954102,40000.0,40000.0,40000.0,40000.0,40000.0,40000.0,40000.0,40000.0,40000.0,40000.0,40000.0,40000.0,32967.164062,3333.042236,2972.143799,3476.261475,3498.289551,3628.494873,5000.0,16242.987172,-93957.887754,15360.287314,0,true,true,1.0,-159.401906,0
2,254,12.7,9935.728048,-4850.399908,3910.136449,-1754.800804,18956.899892,-2786.04848,1041.725781,1892.409111,-4.729445,-12.483239,-48.843037,1.0,-1.0,-1.0,0.0,-0.54635,-0.983429,1.0,40507.96057,-3074.743971,-89213.983341,40.0,1.0,-12753.688025,-40879.862869,-97918.038708,0.0,0,0,0,0,0,40000.0,40000.0,40000.0,40000.0,40000.0,9263.193359,40000.0,40000.0,40000.0,40000.0,40000.0,40000.0,40000.0,40000.0,40000.0,40000.0,40000.0,40000.0,40000.0,3229.162598,3001.609863,3599.907471,3582.551758,3784.165283,5000.0,10093.281706,-95260.450473,11867.212003,0,true,true,1.0,-159.391906,0
2,255,12.75,10085.096103,32565.303805,3856.945505,35697.8553,18854.458586,-2809.974946,970.205994,1939.594681,-3.163988,-13.187419,-44.633823,1.0,-1.0,-1.0,0.0,0.0,0.0,1.0,42558.409762,-1916.043825,-88885.361998,40.0,1.0,-13186.57421,-35376.113163,-100117.645647,0.0,0,0,0,0,0,40000.0,40000.0,40000.0,40000.0,9118.631836,40000.0,40000.0,40000.0,40000.0,40000.0,40000.0,40000.0,40000.0,40000.0,40000.0,40000.0,40000.0,36139.371094,4061.362549,3143.817139,3051.602539,3679.444824,3695.58374,3984.62793,5000.0,3324.468448,-96094.812066,7732.259978,0,true,true,1.0,-159.381906,0
2,256,12.8,10206.957256,-4972.261062,3815.422146,-1713.277446,18768.649234,-2777.647819,958.283341,1990.868422,-2.322339,-13.627203,-42.312294,1.0,0.0,-1.0,0.0,0.0,0.0,1.0,43919.667514,-1315.048498,-88734.146637,40.0,1.0,-13076.14651,-32234.414344,-101308.966356,0.0,0,0,0,0,0,40000.0,40000.0,40000.0,40000.0,9030.97168,40000.0,40000.0,40000.0,40000.0,40000.0,40000.0,40000.0,40000.0,40000.0,40000.0,40000.0,40000.0,32008.214844,3962.415283,3129.748291,3064.515137,3729.791992,3786.398193,40000.0,5000.0,-356.234882,-96259.544304,5370.966943,0,true,true,1.0,-159.371906,0
2,257,12.85,10343.975282,32428.28578,3766.872592,35746.404854,18666.793586,-2714.367598,974.090059,2055.987492,-1.712988,-13.97454,-40.601051,1.0,0.0,-1.0,0.0,0.0,0.0,1.0,45181.852628,-878.946485,-88699.422498,40.0,1.0,-12705.708814,-29845.319764,-102245.259984,0.0,0,0,0,0,0,40000.0,40000.0,40000.0,40000.0,9507.381836,40000.0,40000.0,40000.0,40000.0,40000.0,40000.0,40000.0,40000.0,40000.0,40000.0,40000.0,40000.0,30624.935547,3935.841309,3152.418213,3051.095215,3795.502441,3883.696045,40000.0,5000.0,-3002.382733,-96238.760895,3580.987376,0,true,true,1.0,-159.361906,0
2,258,12.9,10492.845388,-5121.131168,3711.78602,-1658.190874,18549.520139,-2647.294426,1014.771384,2141.097497,-1.137631,-14.325944,-38.958912,1.0,1.0,-1.0,0.0,0.0,0.0,1.0,46510.384704,-503.587534,-88698.328027,40.0,1.0,-12188.69046,-27540.661,-103154.897634,0.0,0,0,0,0,0,40000.0,40000.0,40000.0,40000.0,9751.607422,40000.0,40000.0,40000.0,40000.0,40000.0,40000.0,40000.0,40000.0,40000.0,40000.0,40000.0,40000.0,30924.292969,3931.453857,3189.223389,3031.853516,3873.087402,3993.429199,40000.0,5000.0,-5504.715946,-96116.386374,1833.782213,0,true,true,1.0,-159.351906,0
2,259,12.95,10612.007013,32309.124155,3662.201948,35795.988926,18449.105155,-2521.904717,1100.340996,2177.698868,-0.720205,-14.595628,-37.750034,1.0,1.0,-1.0,0.0,0.0,0.0,1.0,47568.710077,-274.211311,-88722.543749,40.0,1.0,-11700.836625,-25855.467174,-103835.921434,0.0,0,0,0,0,0,40000.0,40000.0,40000.0,40000.0,9956.683594,40000.0,40000.0,40000.0,40000.0,40000.0,40000.0,40000.0,40000.0,40000.0,40000.0,40000.0,40000.0,31159.400391,3945.695068,3229.586914,3018.096924,3943.116943,4088.662109,40000.0,5000.0,-7320.005909,-95966.723049,528.944158,0,true,true,1.0,-159.341906,0
2,260,13.0,10755.526467,-5264.650622,3593.546568,-1589.535494,18319.042779,-2370.427954,1203.075364,2218.157382,-0.296248,-14.89404,-36.66888,1.0,1.0,-1.0,0.0,-0.308487,-0.976876,1.0,48824.476793,-24.162966,-88798.156614,40.0,1.0,-10952.786794,-24241.651341,-104571.993524,0.0,0,0,0,0,0,40000.0,40000.0,40000.0,40000.0,10246.033203,40000.0,40000.0,40000.0,40000.0,40000.0,40000.0,40000.0,40000.0,40000.0,40000.0,40000.0,40000.0,31846.566406,4000.14502,3300.865967,2981.0625,3967.699219,4208.450684,40000.0,5000.0,-8880.729975,-95786.450561,-770.877562,0,true,true,1.0,-159.331906,0
2,261,13.05,10843.832247,32220.818375,3545.887336,35843.648157,18233.568364,-2278.398828,1267.065503,2243.793045,0.012387,-15.155481,-36.339714,1.0,1.0,-1.0,0.0,-0.327502,-0.786006,1.0,49733.624622,316.81731,-88790.893259,40.0,1.0,-10191.329767,-23398.388312,-105027.282488,0.0,0,0,0,0,0,40000.0,40000.0,40000.0,40000.0,10704.475586,40000.0,40000.0,40000.0,40000.0,40000.0,40000.0,40000.0,40000.0,40000.0,40000.0,40000.0,40000.0,32396.154297,22569.888672,3362.811035,3043.251709,3950.568359,4283.898926,40000.0,5000.0,-9287.579114,-95714.163269,-1527.675553,0,true,true,1.0,-159.321906,0
2,262,13.1,10956.407061,-5377.225436,3478.539281,-1522.187439,18117.962705,-2161.307276,1349.40099,2277.231861,0.471091,-15.603601,-36.176735,1.0,1.0,-1.0,0.0,-0.139986,-0.209979,1.0,51093.860183,933.616362,-88688.348757,40.0,1.0,-8884.084622,-22387.91965,-105630.877901,0.0,0,0,0,0,0,40000.0,40000.0,40000.0,11036.040039,11079.140625,40000.0,40000.0,40000.0,40000.0,40000.0,40000.0,40000.0,40000.0,40000.0,40000.0,40000.0,40000.0,32191.052734,22630.488281,3459.589355,3133.491455,3913.951172,4383.692871,40000.0,5000.0,-9380.795462,-95657.946442,-2515.593286,0,true,true,1.0,-159.311906,0
2,263,13.15,11078.688778,32098.536658,3396.155326,35926.032113,17983.039214,-2033.163485,1439.434748,2313.859928,1.028569,-16.190947,-36.068432,1.0,1.0,-1.0,0.0,0.0,0.0,1.0,52761.659616,1685.115448,-88489.553192,40.0,1.0,-7217.742417,-21246.414299,-106319.418188,0.0,0,0,0,0,0,40000.0,40000.0,40000.0,10435.157227,40000.0,40000.0,40000.0,40000.0,40000.0,40000.0,40000.0,40000.0,40000.0,40000.0,40000.0,40000.0,40000.0,31682.421875,22728.953125,3579.998779,3244.369385,3880.917725,4504.117188,40000.0,5000.0,-9357.11714,-95601.198298,-3680.714636,0,true,true,1.0,-159.301906,0
2,264,13.2,11167.323456,-5465.860114,3329.672014,-1455.704127,17878.400007,-1941.07739,1506.56551,2343.656856,1.375888,-16.561897,-35.998093,1.0,1.0,-1.0,0.0,0.0,0.0,1.0,53911.610133,2118.418734,-88401.485141,40.0,1.0,-6083.197075,-20545.37336,-106792.773564,0.0,0,0,0,0,0,40000.0,40000.0,40000.0,10491.358398,40000.0,40000.0,40000.0,40000.0,40000.0,40000.0,40000.0,40000.0,40000.0,40000.0,40000.0,40000.0,40000.0,31390.507812,22803.958984,3674.965088,3331.700439,3863.605469,4598.095215,40000.0,5000.0,-9320.739434,-95563.14093,-4422.605549,0,true,true,1.0,-159.291906,0
2,265,13.25,11267.941322,31997.918791,3246.430482,36009.273644,17751.758342,-1831.941307,1580.451854,2371.692892,1.408162,-16.926838,-35.930923,1.0,1.0,-1.0,-1.0,0.0,0.0,1.0,55160.256552,2028.354571,-88379.107213,40.0,1.0,-4867.312867,-20454.591403,-107205.789771,0.0,0,0,0,0,0,40000.0,40000.0,40000.0,10518.405273,40000.0,40000.0,40000.0,40000.0,40000.0,40000.0,40000.0,40000.0,40000.0,40000.0,40000.0,40000.0,40000.0,31370.992188,22893.742188,3791.734863,3438.779541,3851.445801,4712.212402,5304.936523,5000.0,-9252.716626,-95553.439902,-4651.489193,0,true,true,1.0,-159.281906,0
2,266,13.3,11346.148249,-5544.06704,3175.348488,-1384.622133,17646.849597,-1747.370456,1637.858818,2396.079793,0.506333,-17.201643,-35.861908,1.0,1.0,-1.0,-1.0,0.0,0.139986,1.0,56141.80071,495.994398,-88402.233607,40.0,1.0,-3923.379187,-22130.85284,-107198.089957,0.0,0,0,0,0,0,40000.0,40000.0,40000.0,10531.229492,40000.0,40000.0,40000.0,40000.0,40000.0,40000.0,40000.0,40000.0,40000.0,40000.0,40000.0,40000.0,40000.0,31361.560547,22967.769531,3889.54126,3528.728516,3851.52417,4808.589844,5415.750977,5000.0,-9220.263438,-95613.761871,-3294.547576,0,true,true,1.0,-159.271906,0
2,267,13.35,11443.829078,31900.237962,3077.887434,36106.734699,17506.734637,-1638.016796,1702.026202,2422.618273,-1.754546,-17.521749,-35.744522,1.0,1.0,-1.0,0.0,0.0,-0.069993,1.0,57365.832567,-3218.648783,-88387.95697,40.0,1.0,-2770.054723,-26358.285767,-106673.916206,0.0,0,0,0,0,0,40000.0,40000.0,40000.0,10543.413086,40000.0,40000.0,40000.0,40000.0,40000.0,40000.0,40000.0,40000.0,40000.0,40000.0,40000.0,40000.0,40000.0,31357.927734,23063.246094,4020.615479,3649.924316,3865.444336,4939.295898,5566.929199,5000.0,-9221.187925,-95677.827192,277.037952,0,true,true,1.0,-159.261906,0
2,268,13.4,11513.464135,-5613.702097,3001.882396,-1308.617094,17399.775182,-1561.148541,1745.157182,2446.522328,-3.227958,-17.703817,-35.727768,1.0,1.0,-1.0,0.0,-0.069993,-0.279972,1.0,58193.812063,-5649.036086,-88358.854548,40.0,1.0,-1986.838825,-29174.181631,-106273.121573,0.0,0,0,0,0,0,40000.0,40000.0,40000.0,10546.583008,40000.0,40000.0,40000.0,40000.0,40000.0,40000.0,40000.0,40000.0,40000.0,40000.0,40000.0,40000.0,40000.0,31329.150391,23142.037109,4123.438477,3743.566895,3876.325439,5036.922363,5683.293945,5000.0,-9110.695026,-95663.407746,2629.314937,0,true,true,1.0,-159.251906,0
2,269,13.45,11596.625714,31817.076383,2903.70644,36204.910654,17263.382323,-1472.339391,1794.793182,2483.406011,-5.057573,-17.960993,-35.839523,1.0,1.0,-1.0,0.0,0.0,-0.349965,1.0,59276.516886,-8619.626606,-88209.391074,40.0,1.0,-900.057996,-32764.467744,-105656.058102,0.0,0,0,0,0,0,40000.0,40000.0,40000.0,10562.914062,40000.0,40000.0,40000.0,40000.0,40000.0,40000.0,40000.0,40000.0,40000.0,40000.0,40000.0,40000.0,40000.0,31264.271484,23267.763672,4261.250977,3866.430176,3886.91626,5159.416992,5826.091797,5000.0,-8759.823096,-95586.351086,5612.338751,0,true,true,1.0,-159.241906,0
2,270,13.5,11669.22344,-5686.299822,2810.926346,-1215.837,17135.623232,-1395.370152,1833.93327,2519.50473,-6.736187,-18.243694,-36.133915,1.0,1.0,-1.0,0.0,-0.069993,-0.489951,1.0,60345.521253,-11253.847635,-87948.976294,40.0,1.0,261.512105,-36175.557217,-104948.464038,0.0,0,0,0,0,0,40000.0,40000.0,40000.0,10600.910156,40000.0,40000.0,40000.0,40000.0,40000.0,40000.0,40000.0,40000.0,40000.0,40000.0,40000.0,40000.0,40000.0,31162.074219,23421.310547,40000.0,3986.230957,3874.124512,5270.571289,5941.847168,5000.0,-8130.926384,-95455.631903,8443.89889,0,true,true,1.0,-159.231906,0
2,271,13.55,11733.490488,31752.809334,2722.839,36292.998,17014.836143,-1328.124138,1866.306315,2557.093166,-8.261188,-18.564501,-36.560192,1.0,1.0,-1.0,0.0,0.0,0.0,1.0,61430.874055,-13562.481395,-87594.388095,40.0,1.0,1513.341868,-39363.974883,-104182.363034,0.0,0,0,0,0,0,40000.0,40000.0,40000.0,10656.861328,40000.0,40000.0,40000.0,40000.0,40000.0,40000.0,40000.0,40000.0,40000.0,40000.0,40000.0,40000.0,40000.0,31039.595703,23599.048828,40000.0,4103.92627,3992.380859,5373.346191,6043.37207,5000.0,-7302.141965,-95275.566128,11093.840146,0,true,true,1.0,-159.221906,0
2,272,13.6,11789.24032,-5742.049654,2641.571885,-1134.569885,16903.474222,-1270.248667,1892.501375,2594.306298,-9.467088,-18.833502,-36.902481,1.0,1.0,-1.0,0.0,0.0,0.0,1.0,62380.918769,-15408.95474,-87287.45751,40.0,1.0,2592.553486,-41903.217128,-103543.698478,0.0,0,0,0,0,0,40000.0,40000.0,40000.0,10697.65918,40000.0,40000.0,40000.0,40000.0,40000.0,40000.0,40000.0,40000.0,40000.0,40000.0,40000.0,40000.0,40000.0,30943.429688,23852.333984,22501.181641,4211.507324,4090.527588,5468.622559,6138.900879,5000.0,-6622.745124,-95083.85113,13183.463429,0,true,true,1.0,-159.211906,0
2,273,13.65,11850.296014,31691.753641,2546.769569,36387.800317,16773.480331,-1203.092732,1913.963014,2628.519819,-10.357577,-19.036631,-37.151505,1.0,1.0,-1.0,0.0,0.0,0.0,1.0,63306.443312,-16874.357103,-87136.435742,40.0,1.0,3574.445917,-43850.404854,-103157.55696,0.0,0,0,0,0,0,40000.0,40000.0,40000.0,10682.317383,40000.0,40000.0,40000.0,40000.0,40000.0,40000.0,40000.0,40000.0,40000.0,40000.0,40000.0,40000.0,40000.0,30860.064453,24257.558594,22251.216797,4331.840332,4202.535156,5580.037598,6255.424805,5000.0,-6076.523958,-94930.721078,14695.817566,0,true,true,1.0,-159.201906,0
2,274,13.7,11917.490656,-5809.244297,2434.998651,-1022.798968,16619.615353,-1129.954424,1936.129768,2670.621655,-11.236761,-19.214619,-37.340176,1.0,1.0,-1.0,0.0,0.069993,0.139986,1.0,64289.891823,-18417.023646,-87037.977683,40.0,1.0,4564.118659,-45791.289204,-102822.106484,0.0,0,0,0,0,0,40000.0,40000.0,40000.0,10769.09082,40000.0,40000.0,40000.0,40000.0,40000.0,40000.0,40000.0,40000.0,40000.0,40000.0,40000.0,40000.0,40000.0,31126.791016,24660.699219,22374.40625,4470.190918,4332.919434,5711.838379,6396.54541,5000.0,-5604.655788,-94765.962824,16144.414635,0,true,true,1.0,-159.191906,0
2,275,13.75,11967.894676,31641.349621,2345.470572,36477.328396,16495.779072,-1075.716898,1952.109858,2705.55719,-11.861071,-19.307501,-37.416725,1.0,1.0,-1.0,0.0,0.0,0.0,1.0,64991.322311,-19589.798979,-87014.973188,40.0,1.0,5224.672012,-47172.48553,-102617.547568,0.0,0,0,0,0,0,40000.0,40000.0,40000.0,10979.410156,40000.0,40000.0,40000.0,40000.0,40000.0,40000.0,40000.0,40000.0,40000.0,40000.0,40000.0,40000.0,40000.0,31451.650391,40000.0,22465.095703,4578.056641,4435.928711,5817.402832,6512.088867,5000.0,-5349.144563,-94642.757309,17134.860663,0,true,true,1.0,-159.181906,0
2,276,13.8,12023.353805,-5864.703426,2240.622801,-917.951197,16350.024026,-1012.869899,1962.61975,2734.776767,-12.354456,-19.419758,-37.634094,1.0,1.0,-1.0,0.0,0.0,-0.909909,1.0,65813.136628,-20540.292669,-87067.569476,40.0,1.0,6051.030195,-48437.906209,-102525.313182,0.0,0,0,0,0,0,40000.0,40000.0,40000.0,11129.671875,40000.0,40000.0,40000.0,40000.0,40000.0,40000.0,40000.0,40000.0,40000.0,40000.0,40000.0,40000.0,40000.0,31973.835938,40000.0,22578.056641,4707.025879,4556.277344,5937.095215,6638.21875,5000.0,-4849.576096,-94559.071852,17973.417583,0,true,true,1.0,-159.171906,0
2,277,13.85,12064.228258,31600.475168,2158.675916,36559.27528,16235.472328,-969.444742,1976.202621,2769.537841,-12.618181,-19.555412,-38.052448,1.0,1.0,-1.0,0.0,0.0,-0.629937,1.0,66531.704168,-20952.182153,-87123.379005,40.0,1.0,6890.69825,-49334.950521,-102478.878809,0.0,0,0,0,0,0,40000.0,40000.0,40000.0,11184.322266,40000.0,40000.0,40000.0,40000.0,40000.0,40000.0,40000.0,40000.0,40000.0,40000.0,40000.0,40000.0,40000.0,32678.294922,40000.0,22684.316406,4814.814941,4651.487793,6025.07373,6721.334961,5000.0,-4064.821004,-94518.808502,18565.209523,0,true,true,1.0,-159.161906,0
2,278,13.9,12111.091282,-5911.566449,2059.412624,-818.687904,16095.818251,-915.093012,1984.098082,2797.48366,-12.854206,-19.789742,-38.88139,1.0,1.0,-1.0,0.0,0.0,-0.979902,1.0,67514.911207,-21124.037958,-87180.205098,40.0,1.0,8183.177387,-50423.746331,-102391.824432,0.0,0,0,0,0,0,40000.0,40000.0,40000.0,11218.674805,40000.0,40000.0,40000.0,40000.0,40000.0,40000.0,40000.0,40000.0,40000.0,40000.0,40000.0,40000.0,40000.0,34644.578125,40000.0,22840.972656,4956.152344,4769.477539,6125.382812,6802.848633,5000.0,-2602.938562,-94464.856379,19326.173061,0,true,true,1.0,-159.151906,0
2,279,13.95,12161.768981,31549.797468,1943.339723,36675.348181,15936.352485,-867.680806,2062.299766,2756.572023,-12.916428,-20.105869,-40.126694,0.0,1.0,-1.0,0.0,-0.069993,-0.69993,1.0,68719.435247,-20819.339814,-87295.208108,40.0,1.0,9900.521002,-51425.978724,-102366.565991,0.0,0,0,0,0,0,40000.0,40000.0,40000.0,11581.983398,40000.0,40000.0,40000.0,40000.0,40000.0,40000.0,40000.0,40000.0,40000.0,40000.0,40000.0,40000.0,40000.0,36686.652344,40000.0,23054.6875,5133.115723,4910.88916,6175.838867,6882.515137,5000.0,-461.424415,-94410.679695,20031.988326,0,true,true,1.0,-159.141906,0
2,280,14.0,12202.455643,-5952.253111,1841.443432,-716.791613,15805.039071,-831.190201,2148.53509,2710.89611,-12.8748,-20.495365,-41.579628,0.0,1.0,-1.0,0.0,-0.069993,-0.069993,1.0,69929.035947,-20146.815517,-87312.919923,40.0,1.0,11791.670729,-52262.537391,-102264.041641,0.0,0,0,0,0,0,40000.0,40000.0,40000.0,11760.548828,40000.0,40000.0,40000.0,40000.0,40000.0,40000.0,40000.0,40000.0,40000.0,40000.0,40000.0,40000.0,40000.0,40000.0,40000.0,23593.171875,40000.0,5042.716797,5965.766113,6936.922852,5000.0,1979.378484,-94296.598666,20718.775271,0,true,true,1.0,-159.131906,0
2,281,14.05,12241.121424,31511.131686,1735.967935,36780.823678,15676.51213,-788.961544,2223.245025,2655.849979,-12.822074,-20.823654,-42.795452,0.0,1.0,-1.0,0.0,0.0,0.0,1.0,71037.077818,-19602.719245,-87356.257386,40.0,1.0,13478.693864,-52956.385891,-102216.40049,0.0,0,0,0,0,0,40000.0,40000.0,40000.0,11982.310547,40000.0,40000.0,40000.0,40000.0,40000.0,40000.0,40000.0,40000.0,40000.0,40000.0,40000.0,40000.0,40000.0,40000.0,40000.0,23830.96875,40000.0,5178.71875,5835.36377,7010.07373,5000.0,4037.546322,-94166.481787,21269.677431,0,true,true,1.0,-159.121906,0
2,282,14.1,12284.067658,-5995.199345,1607.150199,-587.973877,15528.048313,-737.945426,2308.70767,2599.166925,-12.767618,-21.121019,-43.902,0.0,1.0,-1.0,0.0,0.0,0.0,1.0,72203.880368,-19183.636493,-87446.005646,40.0,1.0,15161.307253,-53639.283105,-102231.934158,0.0,0,0,0,0,0,40000.0,40000.0,40000.0,12136.730469,40000.0,40000.0,40000.0,40000.0,40000.0,40000.0,40000.0,40000.0,40000.0,40000.0,40000.0,40000.0,40000.0,40000.0,35278.882812,24091.292969,40000.0,5341.671387,5767.950195,7118.130859,5000.0,5942.437905,-94028.547959,21756.828464,0,true,true,1.0,-159.111906,0
2,283,14.15,12317.11039,31478.088955,1497.96201,36890.011868,15408.576107,-695.74014,2376.504466,2557.562884,-12.733335,-21.294895,-44.551197,0.0,1.0,-1.0,0.0,0.0,0.069993,1.0,73056.069441,-19028.491797,-87549.368829,40.0,1.0,16292.649325,-54112.925961,-102304.462905,0.0,0,0,0,0,0,40000.0,40000.0,40000.0,12204.693359,40000.0,40000.0,40000.0,40000.0,40000.0,40000.0,40000.0,40000.0,40000.0,40000.0,40000.0,40000.0,40000.0,40000.0,35021.585938,24282.451172,40000.0,5475.841309,5771.657227,7222.459961,5000.0,7096.28649,-93950.823482,22028.719429,0,true,true,1.0,-159.101906,0
2,284,14.2,12353.99262,-6032.081575,1381.685887,-471.697754,15285.564099,-792.100941,2390.0992,2503.6608,-12.71061,-21.424719,-45.114269,0.0,0.0,-1.0,0.0,0.069993,0.069993,1.0,73879.280622,-18957.157103,-87687.532697,40.0,1.0,17334.237187,-54574.276047,-102399.24485,0.0,0,0,0,0,0,40000.0,40000.0,40000.0,12249.991211,40000.0,40000.0,40000.0,40000.0,40000.0,40000.0,40000.0,40000.0,40000.0,40000.0,40000.0,40000.0,40000.0,40000.0,34795.25,24468.542969,40000.0,5616.822754,5794.835449,7338.244141,5000.0,8122.81109,-93880.222365,22268.216444,0,true,true,1.0,-159.091906,0
2,285,14.25,12395.877192,31436.204383,1263.428878,37008.268876,15163.73772,-884.612264,2407.682565,2457.127619,-12.693447,-21.522512,-45.564735,0.0,0.0,-1.0,0.0,0.0,0.0,1.0,74673.71596,-18952.664503,-87836.573223,40.0,1.0,18279.260755,-54984.313294,-102517.95616,0.0,0,0,0,0,0,40000.0,40000.0,40000.0,12273.21582,40000.0,40000.0,40000.0,40000.0,40000.0,40000.0,40000.0,40000.0,40000.0,40000.0,40000.0,40000.0,40000.0,40000.0,34607.609375,24641.603516,40000.0,5758.942871,5831.979004,7461.475586,5000.0,8976.914389,-93826.146412,22452.390189,0,true,true,1.0,-159.081906,0
2,286,14.3,12441.522985,-6077.727368,1145.837251,-354.106128,15045.665494,-968.328608,2419.185502,2405.416245,-12.503253,-21.594875,-45.914265,0.0,0.0,-1.0,1.0,0.0,0.0,1.0,75433.961156,-18727.927545,-88045.515542,40.0,1.0,19131.423927,-55025.037682,-102823.783689,0.0,0,0,0,0,0,40000.0,40000.0,40000.0,12277.810547,40000.0,40000.0,40000.0,40000.0,40000.0,40000.0,40000.0,40000.0,40000.0,40000.0,40000.0,40000.0,40000.0,40000.0,34453.464844,24799.986328,40000.0,5899.24707,5878.584961,7588.480957,5000.0,9673.829796,-93858.898341,22296.421828,0,true,true,1.0,-159.071906,0
2,287,14.35,12491.006839,31386.720529,1027.874323,37126.231805,14930.132481,-1049.530005,2437.304822,2365.658318,-11.406735,-21.656742,-46.242832,0.0,0.0,-1.0,1.0,0.0,0.0,1.0,76187.044724,-17100.557703,-88533.884551,40.0,1.0,19963.127688,-53400.46553,-103985.008384,0.0,0,0,0,0,0,40000.0,40000.0,40000.0,12281.094727,40000.0,40000.0,40000.0,40000.0,40000.0,40000.0,40000.0,40000.0,40000.0,40000.0,40000.0,40000.0,40000.0,40000.0,32886.976562,24954.988281,40000.0,6040.297363,6022.100098,7716.828125,5000.0,10339.851211,-94228.30841,20642.371006,0,true,true,1.0,-159.061906,0
2,288,14.4,12544.336726,-6131.057255,908.933458,-235.165262,14816.408093,-1124.941922,2452.260935,2323.785612,-9.426946,-21.708469,-46.557625,0.0,0.0,-1.0,1.0,0.0,0.0,1.0,76936.042244,-14082.422634,-89220.53042,40.0,1.0,20780.519537,-50104.325058,-105902.403438,0.0,0,0,0,0,0,40000.0,40000.0,40000.0,12283.970703,40000.0,40000.0,40000.0,40000.0,40000.0,40000.0,40000.0,40000.0,40000.0,40000.0,40000.0,40000.0,40000.0,40000.0,32741.492188,25107.847656,40000.0,6182.771484,6155.239746,7846.787109,5000.0,10986.9586,-94847.18559,17515.553949,0,true,true,1.0,-159.051906,0
2,289,14.45,12602.260477,31328.796778,787.119265,37248.045997,14702.680422,-1198.154067,2469.199251,2285.795053,-7.527018,-21.741873,-46.813259,0.0,0.0,-1.0,0.0,0.0,0.0,1.0,77678.700803,-11193.49647,-89799.40147,40.0,1.0,21551.72277,-46857.230303,-107664.784494,0.0,0,0,0,0,0,40000.0,40000.0,40000.0,12278.650391,40000.0,40000.0,40000.0,40000.0,40000.0,40000.0,40000.0,40000.0,40000.0,40000.0,40000.0,40000.0,40000.0,40000.0,32610.333984,25253.445312,40000.0,6327.73291,6292.164062,7982.651367,5000.0,11546.940757,-95353.469411,14467.052313,0,true,true,1.0,-159.041906,0
2,290,14.5,12677.794175,-6206.590953,637.058486,-85.104483,14566.095543,-1279.769542,2484.826331,2235.929448,-5.818649,-21.764927,-47.044037,0.0,0.0,-1.0,0.0,0.0,0.0,1.0,22430.310866,-43931.089098,-109231.047395,0.0,0,0,0,0,0,0,0,0,0,0,40000.0,40000.0,40000.0,12257.639648,40000.0,40000.0,40000.0,40000.0,40000.0,40000.0,40000.0,40000.0,40000.0,40000.0,40000.0,40000.0,40000.0,40000.0,32471.669922,25409.195312,40000.0,6504.981445,6461.564941,8153.839355,5000.0,12107.253231,-95734.339642,11699.110763,0,true,true,1.0,-159.031906,0
2,291,14.55,12737.173575,31269.417378,524.788111,37360.316373,14466.502369,-1336.475127,2495.084802,2199.407521,-5.028062,-21.795033,-47.112137,0.0,0.0,-1.0,0.0,0.0,0.139986,0,0,0,0,0,0,0,0,0,0,0,0,0,0,0,40000.0,40000.0,40000.0,12216.710938,40000.0,40000.0,40000.0,40000.0,40000.0,40000.0,40000.0,40000.0,40000.0,40000.0,40000.0,40000.0,40000.0,40000.0,32405.464844,25676.158203,40000.0,6636.918457,6590.529785,8288.620117,5000.0,12363.526727,-95905.019942,10380.67117,0,true,true,1.0,-159.021906,0
2,292,14.6,12810.105504,-6279.522883,392.168342,47.515285,14351.179481,-1404.396597,2515.580706,2170.175073,-4.079786,-21.865303,-47.115692,0.0,0.0,-1.0,0.0,-0.069993,0.209979,0,0,0,0,0,0,0,0,0,0,0,0,0,0,0,40000.0,40000.0,40000.0,12168.09082,40000.0,40000.0,40000.0,40000.0,40000.0,40000.0,40000.0,40000.0,40000.0,40000.0,40000.0,40000.0,40000.0,40000.0,32359.318359,25953.880859,40000.0,6793.441895,6745.891113,8454.544922,5000.0,12545.8894,-96102.133449,8759.732288,0,true,true,1.0,-159.011906,0
2,293,14.65,12884.983006,31194.539876,261.138922,37491.345793,14239.656556,-1465.450073,2530.260516,2137.840146,-3.229366,-21.960371,-46.987541,0.0,0.0,-1.0,0.0,0.0,0.349965,0,0,0,0,0,0,0,0,0,0,0,0,0,0,0,40000.0,40000.0,40000.0,12413.579102,40000.0,40000.0,40000.0,40000.0,40000.0,40000.0,40000.0,40000.0,40000.0,40000.0,40000.0,40000.0,40000.0,40000.0,32363.34375,26157.626953,40000.0,22990.666016,6902.806152,8628.25293,5000.0,12520.491387,-96289.583399,7227.680531,0,true,true,1.0,-159.001906,0
2,294,14.7,12961.239713,-6355.77959,132.201026,176.453181,14132.065858,-1521.673021,2541.937475,2106.303771,-2.462211,-22.040621,-46.756828,0.0,0.0,-1.0,0.0,0.069993,0.0,0,0,0,0,0,0,0,0,0,0,0,0,0,0,0,40000.0,40000.0,40000.0,12682.431641,40000.0,40000.0,40000.0,40000.0,40000.0,40000.0,40000.0,40000.0,40000.0,40000.0,40000.0,40000.0,40000.0,40000.0,32399.181641,26295.273438,40000.0,23137.375,7058.637695,8805.523438,5000.0,12333.396986,-96466.55092,5768.210928,0,true,true,1.0,-158.991906,0
2,295,14.75,13048.769524,31107.010065,-10.297878,37633.844697,14016.416762,-1552.7164,2501.465295,2008.715402,-2.00009,-22.085714,-46.614578,0.0,0.0,-1.0,0.0,0.0,0.0,0,0,0,0,0,0,0,0,0,0,0,0,0,0,0,40000.0,40000.0,40000.0,12587.484375,40000.0,40000.0,40000.0,40000.0,40000.0,40000.0,40000.0,40000.0,40000.0,40000.0,40000.0,40000.0,40000.0,40000.0,32384.183594,26506.306641,24869.042969,23313.347656,7227.932129,8993.174805,5000.0,12304.948894,-96578.163308,4866.157408,0,true,true,1.0,-158.981906,0
2,295,14.75,13048.769524,31107.010065,-10.297878,37633.844697,14016.416762,-1552.7164,2501.465295,2008.715402,-2.00009,-22.085714,-46.614578,0.0,0.0,-1.0,0.0,0.0,0.0,0,0,0,0,0,0,0,0,0,0,0,0,0,0,0,40000.0,40000.0,40000.0,12587.484375,40000.0,40000.0,40000.0,40000.0,40000.0,40000.0,40000.0,40000.0,40000.0,40000.0,40000.0,40000.0,40000.0,40000.0,32384.183594,26506.306641,24869.042969,23313.347656,7227.932129,8993.174805,5000.0,12304.948894,-96578.163308,4866.157408,0,true,true,1.0,-228.981906,3
