4,1,0.05,500.0,38499.286512,500.0,36873.67514,17450.296541,0.0,0.0,76.409874,0.0,0.0,-135.0,0.0,0.0,0.0,0.0,0.0,0.0,370.717834,410.452972,457.800201,560.687439,462.298828,414.485229,370.696228,410.478027,457.827454,560.719666,462.341644,414.52417,370.755676,410.509399,457.863159,560.764587,462.318268,414.502686,370.75824,410.495239,457.846741,560.743408,462.282806,414.471313,61.43132,105500.331753,-0.0,190.296541,2,false,false,0.0,-342.467632,0
4,2,0.1,500.0,-1199.286512,500.0,426.32486,17448.398104,0.0,0.0,23.053705,0.0,0.0,-135.0,0.0,0.0,0.0,0.0,0.0,0.0,370.717834,410.452972,457.800201,560.687439,462.298828,414.485229,370.696228,410.478027,457.827454,560.719666,462.341644,414.52417,370.755676,410.509399,457.863159,560.764587,462.318268,414.502686,370.75824,410.495239,457.846741,560.743408,462.282806,414.471313,63.329758,105500.331753,-0.0,188.398104,0,false,false,0.0,-342.457632,0
4,3,0.15,500.0,38499.286512,500.0,36873.67514,17449.330614,0.0,0.0,-29.997191,0.0,0.0,-135.0,0.0,0.0,0.0,0.0,0.0,0.0,370.717834,410.452972,457.800201,560.687439,462.298828,414.485229,370.696228,410.478027,457.827454,560.719666,462.341644,414.52417,370.755676,410.509399,457.863159,560.764587,462.318268,414.502686,370.75824,410.495239,457.846741,560.743408,462.282806,414.471313,62.397247,105500.331753,-0.0,189.330614,0,false,false,0.0,-342.447632,0
4,4,0.2,500.0,-1199.286512,500.0,426.32486,17452.152156,0.0,0.0,-71.987801,0.0,0.0,-135.0,0.0,0.0,0.0,0.0,0.0,0.0,370.717834,410.452972,457.800201,560.687439,462.298828,414.485229,370.696228,410.478027,457.827454,560.719666,462.341644,414.52417,370.755676,410.509399,457.863159,560.764587,462.318268,414.502686,370.75824,410.495239,457.846741,560.743408,462.282806,414.471313,59.575706,105500.331753,-0.0,192.152156,0,false,false,0.0,-342.437632,0
4,5,0.25,500.0,38499.286512,500.0,36873.67514,17456.880669,0.0,0.0,-112.394524,0.0,0.0,-135.0,0.0,0.0,0.0,0.0,0.0,0.0,370.717834,410.452972,457.800201,560.687439,462.298828,414.485229,370.696228,410.478027,457.827454,560.719666,462.341644,414.52417,370.755676,410.509399,457.863159,560.764587,462.318268,414.502686,370.75824,410.495239,457.846741,560.743408,462.282806,414.471313,54.847191,105500.331753,-0.0,196.880669,0,false,false,0.0,-342.427632,0
4,6,0.3,500.0,-1199.286512,500.0,426.32486,17463.685009,0.0,0.0,-152.249146,0.0,0.0,-135.0,0.0,0.0,0.0,0.0,0.0,0.0,370.717834,410.452972,457.800201,560.687439,462.298828,414.485229,370.696228,410.478027,457.827454,560.719666,462.341644,414.52417,370.755676,410.509399,457.863159,560.764587,462.318268,414.502686,370.75824,410.495239,457.846741,560.743408,462.282806,414.471313,48.04285,105500.331753,-0.0,203.685009,0,false,false,0.0,-342.417632,0
4,7,0.35,500.0,38499.286512,500.0,36873.67514,17472.563615,0.0,0.0,-191.081284,0.0,0.0,-135.0,0.0,0.0,0.0,0.0,0.0,0.0,370.717834,410.452972,457.800201,560.687439,462.298828,414.485229,370.696228,410.478027,457.827454,560.719666,462.341644,414.52417,370.755676,410.509399,457.863159,560.764587,462.318268,414.502686,370.75824,410.495239,457.846741,560.743408,462.282806,414.471313,39.164246,105500.331753,-0.0,212.563615,0,false,false,0.0,-342.407632,0
4,8,0.4,499.717653,-1199.004165,499.737593,426.587266,17473.688539,7.008158,6.498022,10.027302,0.009297,0.255619,-134.999832,0.0,0.0,0.0,0.0,0.0,0.0,371.119507,410.856171,458.250336,561.239441,462.286346,414.474426,371.009949,410.467834,457.816528,560.70697,461.900635,414.12915,370.363281,410.115021,457.423706,560.227112,462.338348,414.521088,370.453735,410.514252,457.868347,560.77063,462.731384,414.873901,38.039322,105500.620354,-0.287222,-256.992029,0,false,false,0.0,-342.397632,0
4,9,0.45,499.522977,38499.481187,499.560085,36873.852649,17473.919912,0.731518,0.588463,0.121255,0.014599,0.254527,-134.999832,0.0,0.0,0.0,0.0,0.0,0.0,371.392822,411.128601,458.554169,561.611572,462.272308,414.461823,371.218597,410.455231,457.80246,560.689758,461.59671,413.856659,370.089874,409.842499,457.119781,559.854858,462.352325,414.53363,370.245026,410.526794,457.882324,560.78772,463.035248,415.146332,37.807949,105500.889432,-0.273751,-254.751365,0,false,false,0.0,-342.387632,0
4,10,0.5,499.552343,-1199.033531,499.595354,426.551997,17473.928354,-0.728529,-0.804302,0.239567,0.020953,0.170596,-134.999786,0.0,0.0,0.0,0.0,0.0,0.0,371.348877,411.079132,458.499146,561.544373,462.26474,414.45517,371.174316,410.448761,457.79538,560.681274,461.646759,413.901642,370.130341,409.887695,457.170288,559.916931,462.354401,414.535583,370.285797,410.528961,457.884888,560.791077,462.979736,415.096649,37.799507,105501.103737,-0.39838,-100.196819,0,false,false,0.0,-342.377632,0
4,11,0.55,499.576061,38499.45747,499.623317,36873.824686,17473.934545,-0.24706,-0.31178,0.090353,0.025543,0.106687,-134.999847,0.0,0.0,0.0,0.0,0.0,0.0,371.313477,411.04007,458.455383,561.490479,462.260345,414.45108,371.139282,410.444427,457.790344,560.674866,461.688019,413.938507,370.162964,409.924286,457.210938,559.966431,462.356934,414.53772,370.318085,410.530823,457.88681,560.793091,462.936615,415.057831,37.793316,105501.113337,-0.318129,17.487689,0,false,false,0.0,-342.367632,0
4,12,0.6,499.572015,-1199.029485,499.624877,426.550437,17473.935228,0.146353,0.079313,0.021337,0.031604,0.099338,-134.999893,0.0,0.0,0.0,0.0,0.0,0.0,371.318207,411.041687,458.457092,561.492371,462.25589,414.44696,371.136444,410.440125,457.785431,560.66864,461.686127,413.936676,370.157532,409.922272,457.208588,559.963318,462.361633,414.541809,370.320221,410.53476,457.891052,560.798096,462.938751,415.059662,37.792633,105501.111985,-0.241617,31.01949,0,false,false,0.0,-342.357632,0
4,13,0.65,499.555817,38499.473668,499.613196,36873.836367,17473.933057,0.277918,0.203656,0.045113,0.036484,0.12154,-134.999924,0.0,0.0,0.0,0.0,0.0,0.0,371.340759,411.062378,458.480072,561.520447,462.252655,414.444,371.149933,410.437073,457.781982,560.664307,461.663818,413.916626,370.135284,409.90213,457.186035,559.935608,462.365784,414.545471,370.307037,410.53833,457.894989,560.802795,462.961975,415.080414,37.794804,105501.135793,-0.177579,-9.862863,0,false,false,0.0,-342.347632,0
4,14,0.7,499.5424,-1199.016068,499.604811,426.558822,17473.931673,0.155311,0.076964,0.021986,0.041905,0.135832,-134.999908,0.0,0.0,0.0,0.0,0.0,0.0,371.359436,411.078583,458.498199,561.542664,462.248749,414.440552,371.159607,410.433655,457.778198,560.659729,461.64621,413.900879,370.117157,409.886414,457.168549,559.914246,462.370087,414.549377,370.297913,410.542267,457.899384,560.808289,462.97998,415.096588,37.796188,105501.145463,-0.182897,-36.180835,0,false,false,0.0,-342.337632,0
4,15,0.75,499.501635,38499.514433,499.571797,36873.869382,17473.925106,0.511638,0.413682,0.086369,0.050326,0.20327,-134.999939,0.0,0.0,0.0,0.0,0.0,0.0,371.417328,411.133972,458.559906,561.618164,462.244141,414.436371,371.199036,410.429352,457.773315,560.653625,461.587708,413.848358,370.061523,409.833801,457.109772,559.842163,462.378174,414.556549,370.260773,410.549316,457.907196,560.817688,463.041962,415.1521,37.802753,105501.081946,-0.023334,-160.363871,0,false,false,0.0,-342.327632,0
4,16,0.8,499.483078,-1198.997511,499.55772,426.572898,17473.92246,0.387411,0.284142,0.062582,0.055187,0.230653,-134.999908,0.0,0.0,0.0,0.0,0.0,0.0,371.443909,411.158661,458.587524,561.6521,462.24118,414.433777,371.216064,410.42688,457.77066,560.650513,461.561737,413.825134,370.036652,409.810699,457.084106,559.810852,462.382507,414.560516,370.245422,410.553406,457.911835,560.823547,463.069305,415.176666,37.805401,105501.016317,-0.023697,-210.789512,0,false,false,0.0,-342.317632,0
4,17,0.85,499.494289,38499.503222,499.575871,36873.851231,17473.92699,-0.349048,-0.436011,0.127631,0.062679,0.18465,-134.999786,0.0,0.0,0.0,0.0,0.0,0.0,371.426819,411.1362,458.562744,561.622192,462.233643,414.427277,371.193268,410.420807,457.76416,560.643005,461.583862,413.845215,370.052826,409.831238,457.107269,559.839722,462.386292,414.564178,370.267273,410.557495,457.916687,560.829956,463.043457,415.153748,37.800873,105501.130809,-0.301496,-126.076482,0,false,false,0.0,-342.307632,0
4,18,0.9,499.503841,-1199.007063,499.58843,426.560339,17473.929849,-0.281521,-0.365496,0.106122,0.065918,0.155335,-134.999802,0.0,0.0,0.0,0.0,0.0,0.0,371.412354,411.119385,458.543976,561.599182,462.230499,414.424438,371.177429,410.417999,457.760986,560.639099,461.601227,413.860779,370.066101,409.846771,457.124603,559.860901,462.388092,414.565735,370.281952,410.559052,457.918427,560.832031,463.024719,415.136932,37.798012,105501.165879,-0.349704,-72.094948,0,false,false,0.0,-342.297632,0
4,19,0.95,499.509906,38499.497157,499.600049,36873.839612,17473.932561,-0.038635,-0.120075,0.031691,0.07192,0.127117,-134.999832,0.0,0.0,0.0,0.0,0.0,0.0,371.402527,411.105865,458.528809,561.580505,462.225586,414.419952,371.162384,410.413361,457.755737,560.632568,461.615265,413.873291,370.074646,409.859161,457.138336,559.877563,462.392212,414.569366,370.295715,410.562561,457.922241,560.836548,463.009888,415.123566,37.7953,105501.176092,-0.345979,-20.133926,0,false,false,0.0,-342.287632,0
4,20,1.0,499.503244,-1199.000402,499.599005,426.561383,17473.932595,0.089548,0.001525,0.014011,0.077971,0.126667,-134.999847,0.0,0.0,0.0,0.0,0.0,0.0,371.411194,411.11145,458.535004,561.588013,462.221069,414.415863,371.162872,410.40921,457.751068,560.626709,461.60907,413.867676,370.065765,409.853485,457.131958,559.86969,462.396881,414.573517,370.295013,410.56662,457.926727,560.84198,463.016235,415.129242,37.795265,105501.181695,-0.313826,-19.305013,0,false,false,0.0,-342.277632,0
4,21,1.05,499.489563,38499.510839,499.591673,36873.846944,17473.931331,0.073251,-0.01895,0.012381,0.084837,0.139641,-134.999847,0.0,0.0,0.0,0.0,0.0,0.0,371.429993,411.127045,458.552399,561.609253,462.216156,414.411438,371.171021,410.404755,457.746094,560.620667,461.592163,413.852539,370.047333,409.838287,457.115021,559.848938,462.402313,414.5784,370.287201,410.571503,457.932129,560.848633,463.033661,415.144836,37.796532,105501.189475,-0.275854,-43.19528,0,false,false,0.0,-342.267632,0
4,22,1.1,499.499091,-1199.009929,499.608011,426.545045,17473.933454,-0.043347,-0.107578,0.028736,0.091796,0.101949,-135.000046,0.0,0.0,0.0,0.0,0.0,0.0,371.414154,411.107178,458.529724,561.580688,462.210876,414.40625,371.149261,410.398834,457.738983,560.611145,461.613556,413.871277,370.059998,409.856293,457.134583,559.87207,462.408173,414.583191,370.305786,410.575531,457.936157,560.852722,463.012817,415.125702,37.794407,105501.176777,-0.022028,26.210889,0,false,false,0.0,-342.257632,0
4,23,1.15,499.50084,38499.50909,499.612514,36873.842441,17473.933213,-0.104411,-0.136628,0.038909,0.094132,0.092457,-135.000809,0.0,0.0,0.0,0.0,0.0,0.0,371.407166,411.101013,458.520996,561.566895,462.212006,414.405579,371.139404,410.395233,457.733124,560.60083,461.62204,413.877197,370.058563,409.859314,457.136078,559.870789,462.413818,414.586548,370.307251,410.575989,457.934784,560.8479,463.011108,415.122498,37.794647,105501.166557,1.336772,43.689689,0,false,false,0.0,-342.247632,0
4,24,1.2,499.506392,-1199.015482,499.618246,426.539313,17473.933311,-0.165945,-0.144197,0.043884,0.093255,0.07796,-135.00148,0.0,0.0,0.0,0.0,0.0,0.0,371.395508,411.091309,458.508514,561.548828,462.214813,414.406586,371.128815,410.393677,457.729736,560.593872,461.634186,413.886597,370.062683,409.866119,457.142059,559.875305,462.416901,414.58783,370.310303,410.574677,457.931671,560.841309,463.004852,415.115356,37.794548,105501.144123,2.525804,70.386511,0,false,false,0.0,-342.237632,0
4,25,1.25,499.510187,38499.505295,499.619293,36873.841394,17473.933832,-0.114412,-0.051681,0.022004,0.088408,0.069695,-135.002182,0.0,0.0,0.0,0.0,0.0,0.0,371.386566,411.086365,458.501251,561.537048,462.220215,414.409882,371.124023,410.394257,457.728668,560.589661,461.641327,413.891418,370.063873,409.868256,457.1427,559.87323,462.417816,414.587097,370.307373,410.571228,457.926117,560.831604,463.004059,415.113098,37.794029,105501.129408,3.798433,85.607587,0,false,false,0.0,-342.227632,0
4,26,1.3,499.511319,-1199.016613,499.616863,426.541743,17473.93443,0.020391,0.070233,0.010685,0.082765,0.06824,-135.002716,0.0,0.0,0.0,0.0,0.0,0.0,371.382416,411.086243,458.499786,561.53302,462.225647,414.413544,371.124329,410.395813,457.729065,560.587952,461.642761,413.89151,370.062134,409.866241,457.13913,559.866638,462.417419,414.58551,370.301117,410.567566,457.920685,560.822754,463.00766,415.115082,37.79343,105501.128078,4.802751,88.288226,0,false,false,0.0,-342.217632,0
4,27,1.35,499.502587,38499.514026,499.60865,36873.849607,17473.934435,0.04615,0.033993,0.005651,0.082658,0.084162,-135.003204,0.0,0.0,0.0,0.0,0.0,0.0,371.392242,411.09787,458.511597,561.545471,462.2276,414.414246,371.131561,410.394684,457.726593,560.582947,461.631317,413.880188,370.047363,409.853088,457.12326,559.845215,462.420258,414.586975,370.288971,410.5672,457.919067,560.818787,463.023895,415.128571,37.793427,105501.160473,5.727303,58.972268,0,false,false,0.0,-342.207632,0
4,28,1.4,499.51206,-1199.026086,499.616607,426.533787,17473.934786,-0.137364,-0.083098,0.028425,0.079459,0.062477,-135.003983,0.0,0.0,0.0,0.0,0.0,0.0,371.374542,411.083405,458.4935,561.52002,462.2323,414.416687,371.117828,410.394073,457.723969,560.576477,461.649017,413.894257,370.056152,409.864136,457.133636,559.854675,462.422455,414.587189,370.293793,410.564362,457.913971,560.809265,463.013123,415.117157,37.793076,105501.118187,7.128788,98.903596,0,false,false,0.0,-342.197632,0
4,29,1.45,499.502145,38499.523941,499.607763,36873.85845,17473.934759,-0.0722,-0.083484,0.024091,0.079616,0.079286,-135.004639,0.0,0.0,0.0,0.0,0.0,0.0,371.38504,411.096039,458.505951,561.532593,462.23465,414.417297,371.124786,410.392181,457.720245,560.569214,461.636902,413.881958,370.038849,409.849304,457.115479,559.829712,462.426544,414.589417,370.279999,410.564056,457.912018,560.804138,463.031647,415.132294,37.793102,105501.155834,8.3741,67.954197,0,false,false,0.0,-342.187632,0
4,30,1.5,499.501866,-1199.025808,499.608176,426.533374,17473.934765,0.007698,0.001486,0.001011,0.079582,0.076958,-135.005188,0.0,0.0,0.0,0.0,0.0,0.0,371.382355,411.094849,458.503296,561.527039,462.236603,414.417847,371.121216,410.390594,457.717133,560.56311,461.639526,413.883087,370.035553,409.848328,457.113037,559.824463,462.429657,414.590942,370.277588,410.563477,457.910034,560.799438,463.034058,415.13324,37.793095,105501.152806,9.374116,72.241693,0,false,false,0.0,-342.177632,0
4,31,1.55,499.497444,38499.528363,499.605448,36873.861179,17473.934672,0.014722,0.003933,0.002048,0.080445,0.081197,-135.006042,0.0,0.0,0.0,0.0,0.0,0.0,371.38382,411.098511,458.505249,561.52594,462.239227,414.418304,371.11969,410.387787,457.711884,560.553162,461.637695,413.879547,370.024902,409.841492,457.103333,559.809082,462.435028,414.593872,370.269989,410.563141,457.907532,560.792908,463.043915,415.140167,37.79319,105501.162765,10.949741,64.4386,0,false,false,0.0,-342.167632,0
4,32,1.6,499.498274,-1199.026637,499.606827,426.531995,17473.934687,-0.097898,-0.094317,0.028106,0.080304,0.076565,-135.006577,0.0,0.0,0.0,0.0,0.0,0.0,371.379578,411.095795,458.500885,561.518311,462.241272,414.418915,371.11496,410.386292,457.708862,560.547241,461.641998,413.882172,370.023132,409.842041,457.10257,559.805908,462.437988,414.595306,370.268677,410.562439,457.905396,560.788025,463.044617,415.139587,37.793175,105501.15554,11.942953,72.96912,0,false,false,0.0,-342.157632,0
4,33,1.65,499.499075,38499.527562,499.607949,36873.860056,17473.934785,0.0,0.0,0.0,0.079416,0.07127,-135.007401,0.0,0.0,0.0,0.0,0.0,0.0,371.373932,411.092773,458.495483,561.508362,462.244751,414.420197,371.109131,410.38443,457.704803,560.538879,461.647278,413.885101,370.019867,409.841827,457.100342,559.799805,462.441986,414.597046,370.265594,410.561066,457.901855,560.780334,463.046783,415.139709,37.793076,105501.146806,13.428169,82.721687,0,false,false,0.0,-342.147632,0
4,34,1.7,499.501885,-1199.029448,499.60938,426.530563,17473.935112,-0.005804,0.022417,0.004099,0.076351,0.063923,-135.008148,0.0,0.0,0.0,0.0,0.0,0.0,371.365936,411.088135,458.488464,561.496582,462.249329,414.422607,371.103424,410.383942,457.702362,560.532776,461.654205,413.889618,370.019531,409.843414,457.10025,559.79657,462.444305,414.597443,370.26297,410.558533,457.897156,560.771423,463.046783,415.138,37.792747,105501.132147,14.811396,96.250159,0,false,false,0.0,-342.137632,0
4,35,1.75,499.494223,38499.535224,499.602133,36873.867304,17473.935188,0.09477,0.079244,0.011364,0.075612,0.076958,-135.00885,0.0,0.0,0.0,0.0,0.0,0.0,371.373047,411.097839,458.497528,561.504822,462.25238,414.423767,371.108276,410.382416,457.698914,560.525635,461.645416,413.880157,370.005035,409.831268,457.084961,559.774963,462.448059,414.599243,370.250732,410.557617,457.894409,560.765198,463.062347,415.150391,37.792671,105501.161662,16.130405,72.250025,0,false,false,0.0,-342.127632,0
4,36,1.8,499.488112,-1199.023336,499.597767,426.534929,17473.935026,0.043859,0.015516,0.006149,0.077081,0.085829,-135.009262,0.0,0.0,0.0,0.0,0.0,0.0,371.379303,411.104797,458.504272,561.511353,462.25296,414.423401,371.111115,410.380432,457.695709,560.52002,461.638885,413.873383,369.994446,409.822906,457.074615,559.76062,462.451508,414.60141,370.243591,410.558197,457.894043,560.763,463.072937,415.158966,37.792835,105501.178869,16.908932,55.916683,0,false,false,0.0,-342.117632,0
4,37,1.85,499.488041,38499.535296,499.59897,36873.866101,17473.934936,0.0,0.0,0.0,0.07794,0.082225,-135.009674,0.0,0.0,0.0,0.0,0.0,0.0,371.376984,411.103149,458.501404,561.506165,462.253815,414.423218,371.107269,410.378662,457.692719,560.514648,461.641693,413.874969,369.992218,409.822906,457.073608,559.757629,462.454407,414.603088,370.242889,410.558289,457.893127,560.760193,463.073914,415.158875,37.792923,105501.174219,17.658677,62.555265,0,false,false,0.0,-342.107632,0
4,38,1.9,499.488844,-1199.02414,499.600433,426.533466,17473.934979,0.041391,0.034519,0.004906,0.07757,0.076519,-135.010483,0.0,0.0,0.0,0.0,0.0,0.0,371.371368,411.099884,458.495789,561.495911,462.256958,414.424225,371.101044,410.376587,457.688416,560.506042,461.647217,413.878143,369.989044,409.822968,457.071686,559.752014,462.458649,414.605072,370.240295,410.55719,457.889893,560.75293,463.075745,415.158722,37.792881,105501.165607,19.123037,73.063232,1,true,false,0.0,-342.097632,0
4,39,1.95,499.485751,38499.538389,499.598492,36873.868041,17473.934951,0.049768,0.037747,0.006085,0.077825,0.078594,-135.011276,0.0,0.0,0.0,0.0,0.0,0.0,371.371338,411.102081,458.496277,561.493286,462.259705,414.424927,371.098938,410.374237,457.683868,560.497253,461.64679,413.875977,369.98056,409.81781,457.063995,559.739319,462.463257,414.607483,370.233887,410.556519,457.887238,560.746399,463.083557,415.163971,37.792908,105501.171469,20.576942,69.244451,0,true,false,0.0,-342.087632,0
4,40,2.0,499.48564,-1199.024029,499.598936,426.533023,17473.934964,-0.030863,-0.033421,0.009603,0.077709,0.07603,-135.011795,0.0,0.0,0.0,0.0,0.0,0.0,371.36853,411.1008,458.49353,561.487732,462.261688,414.425537,371.095459,410.372803,457.680939,560.491455,461.649506,413.877228,369.97757,409.817017,457.061798,559.734436,462.466156,414.608887,370.231567,410.555908,457.885223,560.74176,463.085724,415.164734,37.792896,105501.167835,21.544619,73.967275,0,true,false,0.0,-342.077632,0
4,41,2.05,499.489119,38499.53491,499.601806,36873.865171,17473.935184,-0.047907,-0.027677,0.009805,0.075691,0.066275,-135.012558,0.0,0.0,0.0,0.0,-0.979902,0.0,371.359467,411.094604,458.484741,561.473816,462.265656,414.427368,371.087891,410.371704,457.677826,560.484497,461.658142,413.88327,369.97821,409.820099,457.063354,559.733215,462.469116,414.609833,370.230713,410.553894,457.881104,560.733582,463.083984,415.161469,37.792675,105501.148931,22.927825,91.930633,0,true,false,0.0,-342.067632,0
4,42,2.1,499.485686,-1199.020597,499.598503,426.536326,17473.935301,0.020297,0.024573,0.003112,0.074577,0.070567,-135.01329,0.0,0.0,0.0,0.0,0.0,0.0,371.360413,411.098175,458.486938,561.473511,462.268951,414.428711,371.087921,410.37027,457.674438,560.477356,461.656036,413.879791,369.969482,409.813843,457.054596,559.719482,462.472626,414.611359,370.222931,410.552643,457.87793,560.726685,463.092896,415.167847,37.792561,105501.159982,24.269292,84.029844,0,true,false,0.0,-342.057632,0
4,43,2.15,499.481912,38499.538685,499.595567,36873.868107,17473.935269,-0.005684,-0.013565,0.003626,0.074842,0.075636,-135.013779,0.0,0.0,0.0,0.0,0.0,0.0,371.363037,411.102203,458.490204,561.475525,462.270599,414.429108,371.088684,410.368744,457.671539,560.471802,461.652863,413.875854,369.961639,409.808044,457.046906,559.708069,462.475647,414.612976,370.216919,410.552368,457.876404,560.722778,463.100708,415.173767,37.792591,105501.171535,25.179535,74.696395,0,true,false,0.0,-342.047632,0
4,44,2.2,499.476127,-1199.014811,499.591121,426.540772,17473.935213,0.191343,0.155437,0.023272,0.075342,0.083402,-135.014465,0.0,0.0,0.0,0.0,0.0,0.0,371.36734,411.108398,458.495422,561.478943,462.272858,414.429565,371.090088,410.366516,457.667297,560.463745,461.647858,413.869812,369.94989,409.799286,457.0354,559.691101,462.480103,414.615387,370.208069,410.552094,457.874359,560.717407,463.112427,415.182678,37.792648,105501.187603,26.488762,60.398666,0,true,false,0.0,-342.037632,0
4,45,2.25,499.467772,38499.547039,499.585322,36873.873907,17473.934939,-0.005589,-0.042273,0.010797,0.077877,0.093908,-135.01445,0.0,0.0,0.0,0.0,0.0,0.0,371.379059,411.118927,458.507172,561.493469,462.270813,414.427765,371.096863,410.364777,457.665436,560.461487,461.636353,413.859528,369.938568,409.789062,457.024078,559.677246,462.482239,414.61734,370.201691,410.554108,457.876648,560.720276,463.124023,415.193115,37.792923,105501.206915,26.477426,41.054499,0,true,false,0.0,-342.027632,0
4,46,2.3,499.45995,-1199.00699,499.581294,426.544799,17473.93458,0.070522,0.025933,0.009972,0.081508,0.098525,-135.014313,1.0,0.0,0.0,0.0,0.0,0.0,371.390533,411.12793,458.517609,561.506836,462.26709,414.424774,371.102081,410.362335,457.663086,560.459229,461.626068,413.850616,369.928802,409.780731,457.015137,559.666931,462.484711,414.619873,370.198181,410.55722,457.880493,560.725586,463.133087,415.201569,37.793282,105501.218325,26.211694,32.554283,0,true,false,0.0,-342.017632,0
4,47,2.35,499.454566,38499.552424,499.57859,36873.876611,17473.934308,0.055041,0.011068,0.00819,0.084059,0.100429,-135.014053,1.0,0.0,0.0,0.0,0.0,0.0,371.399231,411.134369,458.525391,561.517395,462.263763,414.422333,371.106354,410.360901,457.662079,560.458984,461.618317,413.844238,369.922852,409.775299,457.009705,559.661316,462.485748,414.621399,370.196655,410.559692,457.88385,560.730713,463.13855,415.207031,37.793552,105501.22518,25.75526,29.047212,0,true,false,0.0,-342.007632,0
4,48,2.4,499.453938,-1199.006362,499.580019,426.54337,17473.934087,0.000866,-0.03124,0.007789,0.085888,0.096469,-135.014221,1.0,0.0,0.0,0.0,0.0,0.0,371.398956,411.133423,458.523956,561.514954,462.262756,414.421082,371.103516,410.359039,457.659607,560.455322,461.619659,413.845093,369.921295,409.775543,457.009583,559.660522,462.488129,414.623169,370.197693,410.560852,457.884766,560.731201,463.13858,415.206696,37.793774,105501.222285,26.032366,36.341529,0,true,false,0.0,-341.997632,0
4,49,2.45,499.44374,38499.562621,499.573093,36873.883537,17473.933759,0.0,0.0,0.0,0.089252,0.10735,-135.013962,1.0,0.0,0.0,0.0,0.419958,-0.489951,371.41452,411.146576,458.539246,561.53479,462.259064,414.418335,371.112885,410.357269,457.658264,560.454773,461.604645,413.832184,369.908752,409.763641,456.996948,559.646057,462.489746,414.625183,370.191345,410.563873,457.888763,560.737122,463.15152,415.218872,37.794102,105501.2395,25.589183,16.3056,0,true,false,0.0,-341.987632,0
4,50,2.5,499.451549,-1199.01417,499.582272,426.534191,17473.933687,-0.033247,-0.035537,0.010256,0.089686,0.084948,-135.014679,1.0,0.0,0.0,0.0,0.279972,-0.069993,371.3992,411.132507,458.52179,561.510437,462.260956,414.418457,371.097717,410.354614,457.653564,560.446045,461.621521,413.845734,369.915833,409.774445,457.007202,559.655701,462.493896,414.627319,370.198273,410.563232,457.886292,560.73114,463.140686,415.207581,37.794174,105501.212737,26.839068,57.556603,0,true,false,0.0,-341.977632,0
4,51,2.55,499.454311,38499.559859,499.584833,36873.880975,17473.933819,0.0,0.0,0.0,0.088481,0.076959,-135.015244,1.0,0.0,0.0,0.0,0.0,0.0,371.392151,411.127441,458.514709,561.49939,462.263702,414.419617,371.091522,410.353577,457.651001,560.440552,461.628448,413.850677,369.916565,409.777161,457.00885,559.655334,462.496307,414.628204,370.19812,410.56189,457.883392,560.725281,463.138916,415.204681,37.794041,105501.199653,27.8697,72.268994,0,true,false,0.0,-341.967632,0
4,52,2.6,499.460683,-1199.020542,499.588541,426.530484,17473.93433,-0.067919,-0.013705,0.011419,0.083718,0.063275,-135.016113,1.0,0.0,0.0,0.0,0.0,0.0,371.378632,411.118286,458.50238,561.480713,462.269775,414.423126,371.082611,410.35376,457.649078,560.434631,461.640564,413.859589,369.920502,409.782776,457.01297,559.65686,462.498016,414.627808,370.197449,410.558167,457.877106,560.713989,463.134583,415.198883,37.79353,105501.171835,29.429418,97.465897,0,true,false,0.0,-341.957632,0
4,53,2.65,499.458608,38499.561934,499.58498,36873.884536,17473.934683,0.003729,0.032211,0.005072,0.080372,0.066541,-135.016861,1.0,0.0,0.0,0.0,0.0,0.0,371.377655,411.120972,458.50351,561.479004,462.274536,414.42572,371.082947,410.353424,457.64682,560.428772,461.639496,413.856964,369.91333,409.777222,457.004913,559.64386,462.500366,414.628204,370.188995,410.555664,457.872437,560.705139,463.142731,415.204498,37.793179,105501.180803,30.8353,91.452991,0,true,false,0.0,-341.947632,0
4,54,2.7,499.455943,-1199.017877,499.581877,426.533587,17473.934891,0.027805,0.041124,0.005546,0.078436,0.069774,-135.017609,1.0,0.0,0.0,0.0,0.0,0.0,371.377472,411.12381,458.504822,561.477539,462.278381,414.42749,371.082672,410.352356,457.643799,560.421997,461.638275,413.854187,369.905518,409.771606,456.996826,559.63092,462.50351,414.629333,370.181274,410.553955,457.868683,560.69751,463.15094,415.210175,37.792969,105501.189463,32.21041,85.500867,0,true,false,0.0,-341.937632,0
4,55,2.75,499.452128,38499.565749,499.578311,36873.888102,17473.934948,0.099296,0.090432,0.011589,0.077868,0.075659,-135.018082,1.0,0.0,0.0,0.0,-0.419958,-0.979902,371.38028,411.128357,458.508698,561.480286,462.280457,414.428284,371.08432,410.351318,457.641449,560.417114,461.634552,413.849792,369.897614,409.76535,456.988647,559.618896,462.506012,414.630524,370.1745,410.553284,457.86673,560.693115,463.159271,415.216583,37.792912,105501.202627,33.111043,74.666095,0,true,false,0.0,-341.927632,0
4,56,2.8,499.449199,-1199.014948,499.576602,426.535297,17473.934913,-0.035698,-0.040171,0.011564,0.078181,0.077272,-135.01886,1.0,0.0,0.0,0.0,0.0,0.0,371.380096,411.13028,458.508942,561.477417,462.283081,414.428925,371.082031,410.348969,457.636902,560.408386,461.634369,413.8479,369.889435,409.760498,456.981354,559.60675,462.51062,414.632904,370.168457,410.552704,457.864197,560.686829,463.166687,415.221497,37.79295,105501.20751,34.532155,71.697861,0,true,false,0.0,-341.917632,0
4,57,2.85,499.446217,38499.568731,499.574832,36873.889872,17473.934836,-0.079353,-0.087539,0.025514,0.078892,0.080032,-135.019363,1.0,0.0,0.0,0.0,0.0,0.0,371.3815,411.132812,458.510559,561.477295,462.284454,414.429016,371.081299,410.347137,457.633636,560.402283,461.632843,413.845398,369.88266,409.756073,456.975189,559.597168,462.513977,414.634796,370.163788,410.552643,457.862915,560.683167,463.172943,415.225983,37.793026,105501.213892,35.460315,66.618323,0,true,false,0.0,-341.907632,0
4,58,2.9,499.429553,-1198.998285,499.561635,426.548494,17473.934519,0.28786,0.233943,0.045811,0.082115,0.106035,-135.019562,1.0,0.0,0.0,0.0,0.0,0.0,371.403778,411.154572,458.534302,561.505493,462.282928,414.427185,371.095703,410.344513,457.630188,560.397217,461.609772,413.824249,369.858643,409.734131,456.950195,559.565674,462.518097,414.638062,370.147675,410.555084,457.865112,560.684998,463.198639,415.248535,37.793343,105501.254224,35.906118,18.738567,0,true,false,0.0,-341.897632,0
4,59,2.95,499.427896,38499.570388,499.562658,36873.888849,17473.934191,-0.154645,-0.189953,0.055006,0.08488,0.101212,-135.019516,1.0,0.0,0.0,0.0,0.0,0.0,371.406067,411.15509,458.535004,561.506592,462.280426,414.425079,371.094421,410.34259,457.628204,560.39502,461.608917,413.823608,369.856873,409.733704,456.94986,559.565552,462.519958,414.639832,370.149445,410.557098,457.867493,560.688171,463.198822,415.24884,37.793671,105501.25276,35.787867,27.620945,0,true,false,0.0,-341.887632,0
4,60,3.0,499.412274,-1198.982662,499.550229,426.560923,17473.932664,0.437384,0.374608,0.075987,0.088087,0.125824,-135.01947,1.0,0.0,0.0,0.0,0.0,0.0,371.428345,411.176056,458.558502,561.535522,462.277985,414.423004,371.109344,410.340668,457.62619,560.3927,461.586212,413.803345,369.835693,409.713593,456.927551,559.538391,462.522766,414.642456,370.13562,410.559875,457.870697,560.692261,463.221924,415.269623,37.795197,105501.274729,35.772777,-17.698424,0,true,false,0.0,-341.877632,0
4,61,3.05,499.413741,38499.568921,499.554759,36873.884319,17473.933548,0.0,0.0,0.0,0.091254,0.11103,-135.01915,1.0,0.0,0.0,0.0,0.0,0.0,371.427429,411.172058,458.554779,561.532288,462.273804,414.419922,371.105133,410.338806,457.624878,560.392395,461.589386,413.806915,369.8396,409.718384,456.933624,559.547119,462.52356,414.64386,370.142822,410.5625,457.87439,560.698059,463.215302,415.264404,37.794312,105501.271751,35.153704,9.545597,0,true,false,0.0,-341.867632,0
4,62,3.1,499.424574,-1198.993495,499.56615,426.549531,17473.933585,-0.020583,-0.017739,0.004912,0.090665,0.083303,-135.02002,1.0,0.0,0.0,0.0,0.0,0.0,371.407074,411.153778,458.532288,561.50116,462.276978,414.420837,371.086578,410.336426,457.620087,560.382996,461.611176,413.824524,369.850006,409.732666,456.947449,559.560486,462.527649,414.645599,370.151459,410.560913,457.870514,560.689758,463.200806,415.249481,37.794277,105501.23855,36.65796,60.601433,0,true,false,0.0,-341.857632,0
4,63,3.15,499.423982,38499.569513,499.565701,36873.884768,17473.933671,0.0,0.0,0.0,0.089859,0.082092,-135.020599,1.0,0.0,0.0,0.0,0.0,0.0,371.404724,411.153412,458.530457,561.496521,462.279541,414.421844,371.083954,410.335205,457.617279,560.377136,461.613007,413.82486,369.846069,409.730774,456.943909,559.553772,462.530457,414.64682,370.147797,410.559906,457.86795,560.684204,463.204346,415.251343,37.794189,105501.237608,37.719144,62.833078,0,true,false,0.0,-341.847632,0
4,64,3.2,499.429346,-1198.99886,499.569619,426.545612,17473.934021,-0.120792,-0.07555,0.025266,0.086627,0.068955,-135.021484,1.0,0.0,0.0,0.0,0.0,0.0,371.392395,411.144806,458.518646,561.478394,462.284729,414.4245,371.074524,410.334442,457.614227,560.369751,461.624573,413.833252,369.848572,409.735748,456.947266,559.55426,462.533264,414.647369,370.147369,410.557007,457.862518,560.67395,463.200775,415.246155,37.793839,105501.213278,39.320922,87.024417,0,true,false,0.0,-341.837632,0
4,65,3.25,499.428938,38499.569922,499.568294,36873.886094,17473.934298,-0.128607,-0.084668,0.0273,0.08402,0.067711,-135.022308,1.0,0.0,0.0,0.0,0.0,0.0,371.38858,411.14447,458.516266,561.472046,462.289307,414.426758,371.071716,410.333527,457.611176,560.36261,461.626984,413.833557,369.843414,409.73288,456.942047,559.544434,462.536346,414.648285,370.141205,410.554749,457.857971,560.664978,463.206024,415.249023,37.793564,105501.212014,40.838477,89.315309,0,true,false,0.0,-341.827632,0
4,66,3.3,499.427485,-1198.997407,499.565981,426.547926,17473.934514,0.052563,0.070526,0.009372,0.081986,0.069828,-135.022812,1.0,0.0,0.0,0.0,0.0,0.0,371.388031,411.146301,458.517029,561.470947,462.292358,414.428375,371.071869,410.333191,457.609589,560.358582,461.626251,413.831818,369.838562,409.729187,456.936707,559.535828,462.538025,414.648651,370.135651,410.553192,457.85498,560.65918,463.211456,415.252777,37.793346,105501.21754,41.772622,85.416804,0,true,false,0.0,-341.817632,0
4,67,3.35,499.41972,38499.577687,499.559922,36873.892153,17473.934417,-0.045073,-0.050172,0.014511,0.082832,0.081198,-135.023605,1.0,0.0,0.0,0.0,0.0,0.0,371.394592,411.154999,458.52478,561.477112,462.2948,414.428802,371.074646,410.330536,457.604645,560.349243,461.618805,413.823334,369.823578,409.717651,456.921875,559.514404,462.543243,414.65155,370.124451,410.553009,457.852814,560.65332,463.226593,415.264557,37.793446,105501.241585,43.26371,64.483994,0,true,false,0.0,-341.807632,0
4,68,3.4,499.422348,-1199.000035,499.562497,426.54535,17473.934519,-0.102957,-0.087763,0.026649,0.081912,0.073433,-135.024139,1.0,0.0,0.0,0.0,0.0,0.0,371.387848,411.150055,458.517914,561.466492,462.297302,414.42981,371.068542,410.329468,457.602112,560.343872,461.625488,413.828125,369.82428,409.720337,456.923523,559.51416,462.545654,414.652496,370.124481,410.551849,457.850189,560.647827,463.224792,415.261719,37.793343,105501.22779,44.247665,78.782492,0,true,false,0.0,-341.797632,0
4,69,3.45,499.415445,38499.58459,499.557709,36873.89694,17473.934366,-0.116924,-0.121097,0.035744,0.083298,0.082339,-135.024857,1.0,0.0,0.0,0.0,0.0,0.0,371.393524,411.157318,458.524261,561.471252,462.299011,414.429749,371.07019,410.32663,457.597168,560.3349,461.619385,413.821045,369.810944,409.71051,456.910797,559.495605,462.550812,414.655518,370.115234,410.552124,457.848694,560.643005,463.237793,415.271759,37.793495,105501.246454,45.589691,62.386782,0,true,false,0.0,-341.787632,0
4,70,3.5,499.419693,-1199.004283,499.561553,426.541506,17473.934519,-0.095065,-0.074029,0.022588,0.081919,0.071517,-135.025421,1.0,0.0,0.0,0.0,0.0,0.0,371.38443,411.150208,458.514923,561.45752,462.301849,414.43103,371.0625,410.325745,457.594788,560.329651,461.62851,413.827942,369.813751,409.71524,456.914673,559.498047,462.553009,414.656219,370.116608,410.550629,457.845673,560.636963,463.233704,415.266815,37.793343,105501.226626,46.599785,82.313103,0,true,false,0.0,-341.777632,0
4,71,3.55,499.418717,38499.585567,499.55971,36873.898784,17473.934781,0.083825,0.09017,0.011308,0.079461,0.071625,-135.026199,1.0,0.0,0.0,0.0,0.0,0.0,371.381714,411.150818,458.513672,561.45282,462.306152,414.433167,371.060608,410.32489,457.591949,560.322998,461.629791,413.827393,369.808105,409.7117,456.908844,559.487732,462.555878,414.657074,370.110168,410.548523,457.8414,560.628601,463.239594,415.270386,37.793079,105501.228137,48.023039,82.114665,0,true,false,0.0,-341.767632,0
4,72,3.6,499.422285,-1199.007852,499.561944,426.539272,17473.935097,-0.069144,-0.03092,0.01326,0.076499,0.06255,-135.026993,1.0,0.0,0.0,0.0,0.0,0.0,371.372437,411.144958,458.505188,561.439087,462.310852,414.435608,371.053741,410.32428,457.589294,560.316467,461.638153,413.833099,369.808624,409.714355,456.909851,559.485657,462.558411,414.657562,370.108276,410.545959,457.836578,560.619385,463.238495,415.267609,37.792763,105501.209036,49.470132,98.825035,0,true,false,0.0,-341.757632,0
4,73,3.65,499.415935,38499.591917,499.556012,36873.904716,17473.935175,-0.031624,-0.029456,0.008527,0.075747,0.07273,-135.02771,1.0,0.0,0.0,0.0,0.0,0.0,371.377563,411.152679,458.512024,561.444519,462.313934,414.436768,371.056946,410.322693,457.585754,560.309204,461.631531,413.825562,369.795929,409.704102,456.896637,559.466553,462.562195,414.659332,370.097534,410.544983,457.83374,560.612976,463.251953,415.278076,37.792686,105501.232979,50.804941,80.081368,0,true,false,0.0,-341.747632,0
4,74,3.7,499.415207,-1199.007124,499.555496,426.539787,17473.935234,0.000919,0.003648,0.000487,0.075199,0.072029,-135.028198,1.0,0.0,0.0,0.0,0.0,0.0,371.375885,411.152618,458.510742,561.440918,462.316071,414.437561,371.05484,410.321564,457.583313,560.304138,461.632812,413.825623,369.792236,409.70224,456.893341,559.460449,462.564667,414.660461,370.094238,410.544189,457.831604,560.608337,463.25528,415.279938,37.792625,105501.232428,51.716789,81.372973,0,true,false,0.0,-341.737632,0
4,75,3.75,499.418944,38499.58818,499.558293,36873.901919,17473.93549,-0.060185,-0.03136,0.011972,0.072813,0.062227,-135.028946,1.0,0.0,0.0,0.0,0.0,0.0,371.366547,411.146301,458.501862,561.426941,462.320251,414.439636,371.047455,410.32074,457.580505,560.297607,461.641541,413.831787,369.793274,409.705505,456.895111,559.459534,462.567322,414.661133,370.093323,410.541962,457.827301,560.599915,463.253357,415.27655,37.79237,105501.211665,53.082108,99.421255,0,true,false,0.0,-341.727632,0
4,76,3.8,499.415511,-1199.003691,499.554293,426.543788,17473.935696,0.0,0.0,0.0,0.070855,0.067522,-135.029617,1.0,0.0,0.0,0.0,0.0,0.0,371.367889,411.150513,458.504913,561.427917,462.323853,414.441376,371.048706,410.319946,457.577972,560.291748,461.638611,413.827667,369.784821,409.698822,456.886047,559.44574,462.569977,414.662048,370.084961,410.540314,457.823822,560.592896,463.262573,415.283325,37.792164,105501.225031,54.318948,89.671063,0,true,false,0.0,-341.717632,0
4,77,3.85,499.414382,38499.589309,499.553495,36873.902717,17473.935774,-0.033249,-0.026077,0.007624,0.070145,0.066663,-135.030334,1.0,0.0,0.0,0.0,0.0,0.0,371.365509,411.150543,458.503113,561.422729,462.326965,414.442535,371.045654,410.318298,457.574341,560.284302,461.640442,413.827667,369.779297,409.696014,456.881104,559.436707,462.573639,414.663696,370.080078,410.539154,457.820709,560.586121,463.267548,415.286133,37.792088,105501.224336,55.659768,91.255092,0,true,false,0.0,-341.707632,0
4,78,3.9,499.413761,-1199.003071,499.552864,426.544419,17473.935895,-0.006536,0.000917,0.000902,0.068992,0.065187,-135.031036,1.0,0.0,0.0,0.0,0.0,0.0,371.362549,411.150085,458.500885,561.417053,462.330231,414.443909,371.042603,410.316956,457.571106,560.277466,461.64267,413.828094,369.774628,409.693756,456.876862,559.428589,462.576904,414.665039,370.075531,410.537811,457.817474,560.579224,463.27182,415.288422,37.791965,105501.222146,56.94959,93.973526,0,true,false,0.0,-341.697632,0
4,79,3.95,499.411278,38499.591792,499.55069,36873.904891,17473.935938,0.041623,0.038106,0.004795,0.068601,0.068288,-135.031494,1.0,0.0,0.0,0.0,0.0,0.0,371.363586,411.152649,458.502625,561.417358,462.332123,414.44458,371.042694,410.315887,457.568787,560.272766,461.640991,413.825592,369.768738,409.689514,456.871002,559.419556,462.579285,414.666168,370.070557,410.53717,457.815674,560.575195,463.277771,415.292725,37.791924,105501.229915,57.788841,88.262836,0,true,false,0.0,-341.687632,0
4,80,4.0,499.399313,-1198.991106,499.541642,426.553467,17473.935644,0.119543,0.078565,0.015342,0.071241,0.087021,-135.031723,1.0,0.0,0.0,0.0,0.0,0.0,371.37912,411.167786,458.518951,561.436401,462.330994,414.443054,371.052032,410.313477,457.565582,560.267883,461.625092,413.810822,369.751099,409.673889,456.853027,559.396606,462.582947,414.668945,370.059113,410.539062,457.8172,560.576111,463.296204,415.308746,37.792217,105501.26774,58.241982,53.772571,0,true,false,0.0,-341.677632,0
4,81,4.05,499.398855,38499.59225,499.54295,36873.903583,17473.935485,-0.089755,-0.112561,0.0323,0.072778,0.081931,-135.03183,1.0,0.0,0.0,0.0,0.0,0.0,371.378906,411.166901,458.51767,561.434387,462.330017,414.441925,371.049622,410.31192,457.563568,560.264954,461.626251,413.811615,369.75,409.674225,456.853149,559.396301,462.584839,414.67041,370.060211,410.5401,457.818085,560.576721,463.295959,415.308289,37.792377,105501.261839,58.432372,63.147155,0,true,false,0.0,-341.667632,0
4,82,4.1,499.404154,-1198.996405,499.548532,426.547885,17473.935576,-0.042144,-0.032079,0.009532,0.072014,0.067136,-135.032547,1.0,0.0,0.0,0.0,0.0,0.0,371.367371,411.15741,458.50531,561.41626,462.332977,414.442993,371.038971,410.310211,457.559875,560.257507,461.638306,413.820831,369.75351,409.680695,456.858582,559.399963,462.588257,414.671844,370.062836,410.538788,457.81485,560.569824,463.290283,415.301575,37.792286,105501.2336,59.721146,90.390181,0,true,false,0.013054,-341.657632,0
4,83,4.15,499.395074,38499.601331,499.541736,36873.910379,17473.935382,0.02531,0.002439,0.003802,0.073751,0.080846,-135.033142,1.0,0.0,0.0,0.0,0.0,0.0,371.376801,411.16803,458.515656,561.426453,462.334045,414.442596,371.04364,410.307526,457.555389,560.249512,461.628265,413.810486,369.737823,409.66806,456.842987,559.378418,462.593079,414.674835,370.05191,410.539429,457.814087,560.566406,463.306183,415.314484,37.79248,105501.262788,60.850743,65.147968,0,true,false,0.052523,-341.647632,0
4,84,4.2,499.398687,-1199.000018,499.545677,426.543944,17473.935421,-0.100327,-0.095298,0.028474,0.073441,0.070603,-135.033661,1.0,0.0,0.0,0.0,0.0,0.0,371.368744,411.161407,458.506989,561.413696,462.33609,414.443268,371.036011,410.306183,457.552643,560.244019,461.636749,413.816925,369.740051,409.672485,456.84668,559.380798,462.595642,414.675964,370.053741,410.538605,457.811859,560.561523,463.302338,415.309875,37.792439,105501.243571,61.781455,84.010527,0,true,false,0.076211,-341.637632,0
4,85,4.25,499.403253,38499.596764,499.549507,36873.906549,17473.935653,-0.165561,-0.122979,0.038324,0.071318,0.058791,-135.034317,1.0,0.0,0.0,0.0,0.0,0.0,371.358795,411.1539,458.49704,561.398865,462.3396,414.444977,371.027954,410.305389,457.55014,560.238281,461.646515,413.824219,369.742859,409.677307,456.850464,559.382751,462.597961,414.676605,370.054626,410.536713,457.808197,560.554382,463.29837,415.304871,37.792206,105501.217385,62.947432,105.759711,0,true,false,0.111914,-341.627632,0
4,86,4.3,499.410339,-1199.007103,499.553106,426.540345,17473.936249,-0.131546,-0.056951,0.024934,0.065786,0.045188,-135.034866,1.0,0.0,0.0,0.0,0.0,0.0,371.3461,411.144958,458.485687,561.38269,462.34491,414.448517,371.021027,410.306793,457.550354,560.236267,461.657715,413.833038,369.74942,409.68399,456.856537,559.387939,462.597565,414.675018,370.05542,410.53302,457.802704,560.545349,463.292145,415.298035,37.791611,105501.181153,63.946,130.80355,0,true,false,0.147422,-341.617632,0
4,87,4.35,499.419381,38499.587722,499.556638,36873.903018,17473.937046,-0.17869,-0.047549,0.030914,0.058428,0.030693,-135.035385,1.0,0.0,0.0,0.0,0.0,0.0,371.331055,411.134674,458.472961,561.364929,462.351746,414.453461,371.014587,410.309784,457.552399,560.236633,461.670319,413.84317,369.758698,409.692139,456.864349,559.395386,462.595428,414.671936,370.056122,410.527924,457.795746,560.534729,463.28421,415.289764,37.790813,105501.135226,64.894358,157.487491,0,true,false,0.170842,-341.607632,0
4,88,4.4,499.423983,-1199.011705,499.55635,426.540632,17473.918029,0.024211,-0.004686,1.069541,0.051555,0.02536,-135.035706,1.0,0.0,0.0,0.0,0.0,0.0,371.323334,411.13089,458.467926,561.357422,462.357239,414.457672,371.013702,410.312714,457.554871,560.238342,461.675323,413.846954,369.762878,409.694641,456.866364,559.396484,462.592926,414.668945,370.053436,410.523712,457.790222,560.526611,463.282196,415.287231,37.809834,105501.116685,65.506421,167.280863,0,true,false,0.206536,-341.597632,0
4,89,4.45,499.422233,38499.589472,499.556752,36873.902616,17473.483686,0.034487,-0.008387,13.866511,0.051555,0.02536,-135.035706,1.0,0.0,0.0,0.0,0.0,0.0,371.325562,411.131866,458.469025,561.358765,462.355499,414.456085,371.01297,410.311127,457.553101,560.236145,461.674225,413.845947,369.760651,409.693665,456.865234,559.395142,462.594666,414.670532,370.054169,410.525269,457.791992,560.528748,463.283295,415.288208,38.244175,105501.117447,65.505291,166.846519,0,true,false,0.2432,-341.587632,0
4,90,4.5,499.420295,-1199.009767,499.557265,426.540119,17472.759756,0.044911,-0.012129,15.686108,0.051555,0.02536,-135.035706,1.0,0.0,0.0,0.0,0.0,0.0,371.328003,411.132904,458.470184,561.360168,462.353485,414.454285,371.012085,410.309357,457.551117,560.233704,461.673065,413.84491,369.758179,409.692627,456.864075,559.393677,462.59668,414.672333,370.055054,410.527069,457.793976,560.531189,463.284454,415.289246,38.968105,105501.118136,65.50421,166.122587,0,true,false,0.272787,-341.577632,0
4,91,4.55,499.417123,38499.592644,499.558177,36873.901704,17471.31879,0.061449,-0.017947,31.710882,0.051555,0.02536,-135.035706,1.0,0.0,0.0,0.0,0.0,0.0,371.332031,411.134552,458.472015,561.362427,462.350159,414.451294,371.010559,410.306366,457.547791,560.229614,461.671234,413.843262,369.75415,409.690948,456.862244,559.391418,462.600006,414.675323,370.05661,410.53006,457.797333,560.535278,463.286285,415.290924,40.409069,105501.119097,65.50262,164.681619,0,true,false,0.30868,-341.567632,0
4,92,4.6,499.413195,-1199.005838,499.559366,426.53893,17469.025815,0.080475,-0.024591,49.869891,0.051555,0.02536,-135.035706,1.0,0.0,0.0,0.0,0.0,0.0,371.337006,411.136566,458.474274,561.365173,462.345978,414.447571,371.008545,410.302612,457.54361,560.224548,461.668976,413.841248,369.749207,409.688965,456.860016,559.388733,462.604187,414.679077,370.058594,410.533813,457.801483,560.540405,463.288544,415.292908,42.702045,105501.120022,65.501066,162.388641,0,true,false,0.342278,-341.557632,0
4,93,4.65,499.408385,38499.597454,499.56087,36873.9002,17465.875009,0.101968,-0.032069,67.805138,0.051555,0.02536,-135.035706,1.0,0.0,0.0,0.0,0.0,0.0,371.343079,411.138977,458.476959,561.368469,462.34082,414.442932,371.006042,410.298004,457.538452,560.218201,461.66629,413.838837,369.743103,409.686523,456.8573,559.385376,462.609344,414.683685,370.061096,410.538422,457.806641,560.546692,463.291229,415.295349,45.852852,105501.120968,65.499438,159.237831,0,true,false,0.374478,-341.547632,0
4,94,4.7,499.403466,-1199.00092,499.562437,426.537362,17462.32552,0.123282,-0.03944,91.297966,0.051555,0.02536,-135.035706,1.0,0.0,0.0,0.0,0.0,0.0,371.349304,411.141449,458.479706,561.371826,462.33551,414.438202,371.003448,410.293243,457.533173,560.211731,461.663544,413.836365,369.736908,409.684082,456.854584,559.38208,462.614655,414.688446,370.06369,410.543182,457.811951,560.553223,463.293976,415.297791,49.40234,105501.121769,65.498047,155.688339,0,true,false,0.40142,-341.537632,0
4,95,4.75,499.394859,38499.60606,499.565225,36873.897413,17455.839053,0.157005,-0.051103,119.12455,0.051555,0.02536,-135.035706,1.0,0.0,0.0,0.0,0.0,0.0,371.360168,411.145691,458.484436,561.377625,462.326202,414.42984,370.99884,410.284912,457.523865,560.200317,461.658783,413.832123,369.726044,409.67981,456.849823,559.376221,462.623962,414.696777,370.068298,410.551514,457.821228,560.564575,463.298737,415.302063,55.888809,105501.123018,65.495829,149.201866,0,true,false,0.439617,-341.527632,0
4,96,4.8,499.387808,-1198.993868,499.567535,426.535052,17450.407286,0.183129,-0.060116,141.951294,0.051555,0.02536,-135.035706,1.0,0.0,0.0,0.0,0.0,0.0,371.36908,411.14917,458.488312,561.382385,462.318573,414.423004,370.995056,410.278046,457.516205,560.190979,461.654907,413.828644,369.717133,409.676361,456.845947,559.371521,462.631592,414.703644,370.072083,410.55838,457.828888,560.573975,463.302612,415.305511,61.320576,105501.12397,65.494099,143.770094,0,true,false,0.465407,-341.517632,0
4,97,4.85,499.375295,38499.618573,499.57167,36873.893278,17440.545896,0.226509,-0.075059,179.414856,0.051555,0.02536,-135.035706,1.0,0.0,0.0,0.0,0.0,0.0,371.384857,411.155304,458.495148,561.390747,462.304962,414.410797,370.988251,410.265869,457.502625,560.174377,461.648071,413.82251,369.701324,409.670227,456.839111,559.363098,462.645203,414.71582,370.078888,410.570557,457.842468,560.590576,463.309448,415.311646,71.181969,105501.125537,65.491204,133.908696,0,true,false,0.503545,-341.507632,0
4,98,4.9,499.364756,-1198.983329,499.575176,426.531546,17432.122967,0.260782,-0.08685,208.921234,0.051555,0.02536,-135.035706,1.0,0.0,0.0,0.0,0.0,0.0,371.398163,411.160461,458.500885,561.397766,462.293488,414.400513,370.982483,410.255585,457.49115,560.160339,461.642334,413.817352,369.688019,409.66507,456.833374,559.356079,462.656677,414.726105,370.084656,410.580841,457.853943,560.604614,463.315186,415.316803,79.604897,105501.126788,65.488855,125.48576,0,true,false,0.530524,-341.497632,0
4,99,4.95,499.350547,38499.632781,499.580163,36873.888291,17420.579732,0.297404,-0.109623,246.924591,0.051574,-0.054627,-134.909225,1.0,0.0,0.0,0.0,-1.442357,2.845732,372.105499,411.411102,459.093994,562.649109,461.689819,414.142029,371.662994,410.484863,458.059753,561.380432,461.047607,413.566528,370.356354,409.901337,457.409271,560.584412,462.083832,414.495514,370.779724,410.83844,458.454346,561.864136,462.733398,415.078583,91.148132,105500.754133,-167.547399,261.016625,0,true,false,0.562177,-341.487632,0
4,100,5.0,499.337936,-1198.970718,499.589838,426.521871,17406.921085,0.226522,-0.247206,291.999268,0.049941,-0.381801,-134.218231,1.0,0.0,0.0,0.0,-2.423489,6.020855,375.973114,412.794556,462.371155,558.392944,458.533997,412.839111,375.496338,411.84668,461.308716,557.634338,457.911865,412.279541,374.174957,411.275421,460.669586,558.913452,458.961456,413.22403,374.632294,412.234192,461.742828,559.67926,459.590942,413.791168,104.806778,105487.945762,-1440.384965,848.61801,0,true,false,0.593693,-341.477632,0
4,101,5.05,499.340929,38499.629789,499.61869,36873.859439,17391.019574,-0.204158,-0.762721,343.398119,0.036148,-1.018684,-132.751816,1.0,0.0,0.0,0.0,-2.715107,6.20017,384.633728,415.972015,469.722046,545.04895,452.250336,410.349915,384.114807,415.021179,468.647614,544.364136,451.682892,409.835571,382.809113,414.488251,468.0466,545.606873,452.713318,410.77002,383.3078,415.449982,469.131897,546.298889,453.288116,411.291962,120.70829,105400.862698,-4140.069263,2002.588484,0,true,false,0.624898,-341.467632,0
4,102,5.1,499.390134,-1199.019923,499.700147,426.440414,17372.467685,-1.363072,-2.074091,396.983248,-0.011505,-2.001231,-130.585083,1.0,0.0,0.0,0.0,-2.956114,5.798531,398.535614,421.309906,481.658447,527.214294,443.915497,407.318085,397.694702,420.420349,480.640717,526.703796,443.486359,406.924866,396.973999,420.002777,480.164154,527.814087,444.420563,407.781555,397.519745,420.903168,481.19278,528.331909,444.857086,408.182465,139.260178,105119.826232,-8120.77058,3787.294247,0,true,false,0.656161,-341.457632,0
4,103,5.15,499.530867,38499.489056,499.885984,36873.673602,17351.4823,-3.613146,-4.668504,458.247047,-0.125989,-3.296865,-127.762421,1.0,0.0,0.0,0.0,-2.484439,5.442104,400.73056,429.480865,499.334229,506.952881,434.624237,404.480347,400.085358,428.788788,498.528778,506.795105,434.489655,404.355591,399.952881,428.6474,498.365265,507.610474,435.18808,405.005096,400.609222,429.350281,499.181702,507.775574,435.330078,405.137634,160.24556,104481.635445,-13278.176341,6139.483929,0,true,false,0.686777,-341.447632,0
4,104,5.2,500.023994,-1199.51305,500.503621,425.822777,17316.194386,-9.540407,-11.937173,555.403252,-0.480244,-5.605391,-122.755669,1.0,0.0,0.0,0.0,-1.645641,2.233371,40000.0,21609.615234,569.152954,40000.0,40000.0,374.711273,40000.0,40000.0,569.692871,40000.0,40000.0,375.42157,40000.0,40000.0,570.218994,40000.0,40000.0,374.439789,40000.0,40000.0,569.710999,40000.0,40000.0,373.683136,195.533478,102601.492675,-22289.20395,10313.560296,0,true,false,0.730444,-341.437632,0
4,105,5.25,500.445136,38499.067914,501.030564,36873.146659,17292.020435,-9.09691,-11.382259,520.260518,-0.842074,-7.326405,-119.303154,0.0,0.0,0.0,0.0,-1.744749,0.058158,23578.826172,25945.845703,572.919067,40000.0,40000.0,376.315521,40000.0,40000.0,574.410583,40000.0,40000.0,378.398987,40000.0,40000.0,575.131409,40000.0,40000.0,379.006012,40000.0,40000.0,573.671692,40000.0,40000.0,376.942078,219.707428,100731.473535,-28349.067653,13401.546733,0,true,false,0.759971,-341.427632,0
4,106,5.3,500.806345,-1199.874258,501.482516,425.370825,17271.485571,-8.752191,-10.95094,496.143902,-1.220065,-8.760148,-116.473488,0.0,0.0,0.0,0.0,0.0,0.0,24053.060547,40000.0,578.01001,40000.0,40000.0,394.311798,40000.0,40000.0,580.33667,40000.0,481.005432,397.640045,40000.0,40000.0,581.229614,40000.0,475.998138,398.303833,40000.0,40000.0,578.934875,40000.0,474.943848,394.996704,240.242294,98862.614417,-33189.750434,15956.270663,0,true,false,0.78633,-341.417632,0
4,107,5.35,503.707717,38496.166542,507.10981,36867.519365,17245.47515,-71.522233,-143.938578,438.380827,-1.72753,-10.319635,-113.323631,0.0,0.0,1.0,0.0,0.0,0.0,23920.820312,40000.0,580.295593,40000.0,452.864838,452.864838,40000.0,40000.0,591.2276,40000.0,452.864838,452.864838,40000.0,40000.0,40000.0,40000.0,452.864838,452.864838,40000.0,40000.0,40000.0,40000.0,452.864838,452.864838,266.252716,96448.688075,-38420.687561,18713.835423,0,true,false,0.822998,-341.407632,0
4,108,5.4,507.500359,-1203.666901,515.13624,417.344395,17230.151254,-110.229134,-236.389416,397.789019,-2.011875,-11.07598,-111.763306,0.0,0.0,1.0,0.0,0.0,0.0,23718.091797,40000.0,40000.0,40000.0,40000.0,502.05368,40000.0,40000.0,40000.0,40000.0,502.05368,502.05368,40000.0,593.618774,40000.0,40000.0,502.05368,40000.0,40000.0,571.286133,40000.0,40000.0,40000.0,40000.0,281.576599,95125.939067,-40943.407606,20040.880367,0,true,false,0.847313,-341.397632,0
4,109,5.45,516.397283,38487.269618,535.276702,36847.378903,17209.198196,-168.260836,-389.145669,331.302094,-2.349349,-11.894332,-110.047142,0.0,0.0,1.0,0.0,0.0,0.0,22967.705078,569.619934,40000.0,40000.0,40000.0,40000.0,40000.0,40000.0,40000.0,40000.0,40000.0,40000.0,40000.0,616.358704,40000.0,40000.0,40000.0,40000.0,40000.0,569.619934,40000.0,40000.0,40000.0,40000.0,302.529663,93571.248116,-43661.180358,21464.789569,0,true,false,0.885839,-341.387632,0
4,110,5.5,528.629804,-1215.899422,564.81557,387.805528,17192.202263,-222.42101,-546.96358,259.314557,-2.621131,-12.593366,-108.749924,0.0,0.0,1.0,0.0,-1.48849,-0.64717,22084.160156,616.422791,40000.0,40000.0,40000.0,40000.0,40000.0,40000.0,629.087219,40000.0,40000.0,40000.0,40000.0,649.391235,40000.0,40000.0,40000.0,40000.0,40000.0,616.422791,40000.0,40000.0,40000.0,40000.0,319.525604,92289.834747,-45666.932152,22660.654836,0,true,false,0.924365,-341.377632,0
4,111,5.55,541.054538,38474.844884,596.384472,36815.81,17181.648607,-265.885898,-682.155531,202.946281,-2.783079,-13.3873,-108.017273,0.0,0.0,1.0,0.0,-2.032099,-0.121926,22033.324219,40000.0,40000.0,40000.0,40000.0,40000.0,40000.0,40000.0,643.860596,40000.0,40000.0,40000.0,40000.0,685.165894,40000.0,40000.0,40000.0,40000.0,40000.0,40000.0,40000.0,40000.0,40000.0,40000.0,330.079254,91377.868677,-46750.070834,23965.542079,0,true,false,0.955804,-341.367632,0
4,112,5.6,556.413412,-1231.258297,636.99465,347.19535,17173.57821,-310.718174,-829.135271,142.269315,-2.962557,-14.56413,-107.258247,0.0,0.0,1.0,0.0,-2.178173,0.28411,22015.9375,40000.0,40000.0,40000.0,40000.0,40000.0,40000.0,40000.0,662.605103,40000.0,608.529175,608.529175,40000.0,732.285095,40000.0,608.529175,40000.0,40000.0,608.529175,40000.0,40000.0,40000.0,40000.0,40000.0,338.149658,90252.077572,-47822.914152,25865.50428,0,true,false,0.988885,-341.357632,0
4,113,5.65,573.002124,38458.256173,682.431074,36770.373576,17168.700213,-351.742508,-971.301567,86.759581,-3.193362,-16.073042,-106.364494,0.0,0.0,1.0,0.0,-1.803876,0.77309,22029.650391,40000.0,40000.0,40000.0,40000.0,40000.0,40000.0,40000.0,684.632568,40000.0,668.380371,654.049805,742.364746,742.364746,40000.0,570.322205,40000.0,40000.0,570.322205,40000.0,40000.0,40000.0,40000.0,24590.861328,343.027649,88813.868522,-49042.22312,28270.362971,0,true,true,1.0,-341.347632,0
4,114,5.7,590.16336,-1248.419532,730.960666,298.665758,17166.651822,-384.892524,-1096.814867,30.665323,-3.462559,-17.739866,-105.417778,0.0,0.0,1.0,0.0,-0.909909,0.139986,22438.085938,40000.0,40000.0,40000.0,40000.0,40000.0,524.947266,40000.0,681.274109,683.387512,681.274109,681.274109,752.858765,747.789307,40000.0,584.488586,40000.0,577.551453,40000.0,40000.0,40000.0,40000.0,33454.1875,24517.996094,345.07605,87179.067123,-50283.529275,30884.549869,0,true,true,1.0,-341.337632,0
4,115,5.75,609.28208,38439.137453,785.842028,36715.492214,17162.361029,-418.891284,-1205.720027,112.868201,-3.783603,-19.442719,-104.391159,1.0,0.0,1.0,0.0,-0.279972,0.279972,26920.179688,40000.0,40000.0,40000.0,40000.0,40000.0,40000.0,493.414429,636.512207,744.257935,720.945007,744.238708,832.83551,779.462097,603.380432,40000.0,40000.0,561.913513,40000.0,40000.0,40000.0,40000.0,33300.453125,24484.65625,349.366821,85368.174188,-51584.546726,33507.910102,0,true,true,1.0,-341.327632,0
4,116,5.8,630.686876,-1269.824329,848.107896,236.39989,17154.210133,-449.960871,-1313.699855,186.712236,-4.069892,-20.754074,-103.545876,1.0,0.0,1.0,0.0,0.0,0.0,27326.048828,40000.0,40000.0,40000.0,40000.0,40000.0,40000.0,486.488739,620.907043,812.848328,790.491638,819.657776,921.495361,817.538879,669.863892,620.907043,620.907043,646.042358,40000.0,40000.0,40000.0,40000.0,33746.347656,24738.21875,357.517731,83850.363426,-52620.361595,35485.875621,0,true,true,1.0,-341.317632,0
4,117,5.85,653.346434,38416.477895,915.049513,36648.550598,17142.75637,-479.373039,-1421.725009,256.066786,-4.294326,-21.708225,-102.919975,1.0,0.0,1.0,0.0,0.0,0.0,27612.189453,40000.0,40000.0,40000.0,40000.0,40000.0,40000.0,40000.0,497.038605,885.990723,864.129761,899.038208,997.543396,860.459717,708.410217,642.210022,613.90155,40000.0,40000.0,40000.0,40000.0,40000.0,34078.929688,24916.169922,231.476837,82687.172523,-53362.23561,36892.115185,0,true,true,1.0,-341.307632,0
4,118,5.9,676.073642,-1292.551537,983.625548,167.823855,17130.666828,-499.690733,-1521.444048,242.232322,-4.49252,-22.459774,-102.38913,0.0,0.0,1.0,0.0,0.0,0.559944,40000.0,40000.0,40000.0,40000.0,40000.0,40000.0,40000.0,40000.0,512.8703,902.868225,939.003479,979.750366,997.451355,905.196106,748.25061,680.212158,677.685486,40000.0,40000.0,40000.0,40000.0,40000.0,40000.0,25054.179688,313.450104,81705.352466,-53979.967158,37981.219406,0,true,true,1.0,-341.297632,0
4,119,5.95,699.868259,38392.683278,1058.07243,36574.103715,17122.315723,-513.390758,-1620.49297,158.092465,-4.734325,-23.330765,-101.762108,0.0,0.0,1.0,0.0,-2.274696,0.671222,40000.0,40000.0,40000.0,40000.0,40000.0,40000.0,40000.0,40000.0,575.88623,585.168945,983.268188,983.268188,983.268188,954.361938,792.553467,636.093262,40000.0,40000.0,40000.0,40000.0,39977.628906,40000.0,40000.0,25232.152344,822.466064,80541.026327,-54692.82064,39235.749603,0,true,true,1.0,-341.287632,0
4,120,6.0,736.902226,-1329.585504,1179.227074,46.669211,17117.125318,-528.709298,-1760.228152,31.789181,-5.198882,-25.597113,-100.623756,0.0,0.0,1.0,0.0,-2.908989,-0.037779,1.0,67782.512596,-43265.020957,-78328.746019,0.0,1.0,58169.004633,-61344.798317,-81308.162752,0.0,1.0,62149.41216,-62446.131955,-79293.233307,0.0,40000.0,40000.0,40000.0,40000.0,40000.0,40000.0,40000.0,40000.0,40000.0,595.101685,913.346619,913.346619,913.346619,913.346619,484.852356,829.899292,40000.0,40000.0,40000.0,40000.0,36442.808594,40000.0,40000.0,25725.021484,827.656494,77948.746643,-55846.560602,42418.462483,0,true,true,1.0,-341.277632,0
4,121,6.05,765.528995,38364.056508,1277.483839,36475.84695,17119.547199,-533.122946,-1848.227807,-70.25465,-5.508421,-27.70013,-99.923813,0.0,0.0,1.0,0.0,-2.232443,-0.39396,1.0,60303.565228,-61697.054868,-79298.1665,10.037791,1.0,94881.217879,-17096.269063,-65361.353886,0.0,1.0,69987.563599,-43745.921283,-75921.498314,0.0,40000.0,40000.0,40000.0,40000.0,40000.0,40000.0,40000.0,40000.0,1413.493042,547.895569,843.68219,843.68219,843.68219,445.426514,698.233521,1431.865845,40000.0,40000.0,40000.0,40000.0,36572.914062,40000.0,40000.0,25938.833984,825.234619,75791.72531,-56415.956848,45257.611364,0,true,true,1.0,-341.267632,0
4,122,6.1,779.526058,-1343.582566,1326.955948,-2.802898,17122.594732,-536.25716,-1895.381506,-116.75743,-5.693871,-28.867292,-99.527306,0.0,0.0,1.0,0.0,-1.817261,0.736728,1.0,61482.098173,-61901.145821,-78134.86899,13.948069,1.0,95942.068065,-17525.082616,-63467.934606,0.0,1.0,71192.758286,-44017.276549,-74538.09922,0.0,40000.0,40000.0,40000.0,40000.0,40000.0,40000.0,40000.0,40000.0,1439.924316,422.563629,806.021545,806.021545,521.225342,501.247101,775.25116,40000.0,40000.0,40000.0,40000.0,40000.0,36738.496094,40000.0,40000.0,26084.041016,822.187073,74554.029407,-56721.084169,46802.01989,0,true,true,1.0,-341.257632,0
4,123,6.15,818.585274,38324.997292,1470.112381,36332.690517,17137.552395,-538.845689,-2011.227383,-252.131594,-6.366644,-32.38604,-98.191628,0.0,0.0,1.0,0.0,-0.139986,0.209979,1.0,64854.192988,-62626.696079,-74456.219078,22.297512,1.0,98907.916823,-18947.090695,-57596.372062,0.0,1.0,74627.112444,-44952.198725,-70191.102326,0.0,40000.0,40000.0,40000.0,40000.0,40000.0,40000.0,40000.0,40000.0,1193.098511,520.047729,467.75235,572.353333,596.284424,700.748962,1161.536987,40000.0,40000.0,40000.0,40000.0,40000.0,37233.207031,40000.0,40000.0,26604.646484,639.048706,70546.268819,-57697.865694,51315.535348,0,true,true,1.0,-341.247632,0
4,124,6.2,847.627966,-1372.625258,1582.022522,-114.713039,17155.69751,-532.616678,-2074.389477,-361.039183,-6.910759,-34.448769,-97.194763,0.0,0.0,1.0,0.0,1.775453,0.40972,1.0,66481.178601,-63203.273019,-72240.536634,26.781952,1.0,100318.818705,-20047.194773,-54089.901292,0.0,1.0,76317.599208,-45688.334905,-67566.590578,0.0,40000.0,40000.0,40000.0,40000.0,40000.0,40000.0,40000.0,40000.0,1181.849365,1394.957275,577.848938,661.461548,771.743896,1023.749573,1199.430298,1097.644409,40000.0,40000.0,40000.0,40000.0,37612.109375,40000.0,40000.0,26912.294922,5000.0,67875.658033,-58404.752926,53852.562858,0,true,true,1.0,-341.237632,0
4,125,6.25,862.660491,38309.964767,1641.925719,36272.78732,17167.526555,-529.316138,-2109.274942,-416.51714,-7.192444,-35.244053,-96.697845,0.0,0.0,1.0,0.0,2.305161,0.230516,1.0,66939.977202,-63509.189336,-71391.660256,28.658909,1.0,100734.378548,-20625.742854,-52735.708535,0.0,1.0,76825.815451,-46078.077006,-66550.905174,0.0,40000.0,40000.0,40000.0,40000.0,40000.0,40000.0,40000.0,40000.0,1138.02063,1346.921753,668.078003,740.996765,867.222168,1154.249756,1248.664307,1190.589966,40000.0,40000.0,40000.0,40000.0,35712.875,40000.0,40000.0,27005.851562,5000.0,66708.679461,-58763.059409,54809.987586,0,true,true,1.0,-341.227632,0
4,126,6.3,890.901985,-1400.866753,1758.325008,-231.112328,17194.175678,-521.872581,-2175.759277,-519.951865,-7.909303,-36.532135,-95.467438,0.0,0.0,1.0,0.0,0.69993,1.189881,1.0,67268.864542,-64366.770101,-69988.433411,31.510218,1.0,101192.639491,-22140.819095,-50481.654593,0.0,1.0,77326.860704,-47137.499418,-64859.220403,0.0,40000.0,40000.0,40000.0,40000.0,40000.0,40000.0,40000.0,40000.0,978.416382,1260.943115,841.283508,900.273132,1061.897217,1260.943115,1058.433594,40000.0,40000.0,40000.0,40000.0,40000.0,34575.425781,40000.0,40000.0,26607.5625,5000.0,64384.23109,-59695.04293,56366.377285,0,true,true,1.0,-341.217632,0
4,127,6.35,912.95315,38287.913603,1852.971771,36178.140557,17218.886621,-515.820956,-2235.985451,-599.062921,-8.650462,-37.637936,-94.231071,0.0,0.0,1.0,0.0,0.0,0.0,1.0,67439.482778,-65241.303565,-68733.744198,33.224285,1.0,101521.670761,-23637.538166,-48477.99531,0.0,1.0,77663.981569,-48204.121403,-63350.285574,0.0,40000.0,40000.0,40000.0,40000.0,40000.0,40000.0,40000.0,40000.0,970.430115,1016.767151,982.362854,1038.517578,1188.687256,1188.687256,1146.696777,40000.0,40000.0,40000.0,40000.0,40000.0,33663.253906,39883.394531,40000.0,25700.410156,5000.0,62204.626724,-60593.490887,57687.607259,0,true,true,1.0,-341.207632,0
4,128,6.4,946.73706,-1434.650663,2006.728341,-384.868898,17269.576302,-460.58866,-2153.497196,-803.854506,-9.60004,-39.412403,-92.695427,-1.0,0.0,1.0,0.0,-1.708761,-1.230308,1.0,68029.789244,-66164.61135,-66744.136522,35.327322,1.0,102035.787758,-25323.283314,-45309.881259,0.0,1.0,78387.667521,-49368.632775,-60952.269512,0.0,40000.0,40000.0,40000.0,40000.0,40000.0,40000.0,40000.0,40000.0,40000.0,1131.4823,1156.805176,798.592773,873.616028,1043.727661,40000.0,40000.0,40000.0,40000.0,40000.0,32298.798828,32298.798828,38660.941406,28989.978516,25782.246094,5000.0,59097.204127,-61543.597282,59676.117134,0,true,true,1.0,-341.197632,0
4,129,6.45,966.805978,38267.844685,2104.762113,36080.106785,17312.225915,-420.710749,-2086.978844,-952.104305,-10.049456,-40.918613,-91.995132,-1.0,0.0,1.0,0.0,-0.952013,-1.292018,1.0,69081.485508,-66391.008618,-65034.691773,36.352558,1.0,102661.501086,-25858.168522,-42657.251391,0.0,1.0,79390.067675,-49696.451096,-58918.588075,0.0,39218.796875,40000.0,40000.0,40000.0,40000.0,40000.0,40000.0,40000.0,40000.0,1266.875854,1299.438721,802.544922,939.373718,1224.085449,2315.078369,40000.0,40000.0,40000.0,39218.796875,31243.074219,31243.074219,39218.796875,29270.802734,26132.353516,5000.0,57040.774504,-61809.525066,61237.00346,0,true,true,1.0,-341.187632,0
4,130,6.5,983.677737,-1451.522422,2192.292914,-472.399699,17357.546044,-382.268145,-2014.48749,-1084.29339,-10.363857,-42.489933,-91.521797,-1.0,0.0,1.0,0.0,-0.069993,-0.139986,1.0,70387.103842,-66387.969611,-63221.500339,37.096274,1.0,103359.194314,-26032.645065,-39898.152169,0.0,1.0,80571.117244,-49754.469867,-56780.116291,0.0,37962.910156,40000.0,40000.0,40000.0,40000.0,40000.0,40000.0,40000.0,40000.0,1380.211304,1437.130005,938.832275,1084.976929,1525.387085,40000.0,40000.0,40000.0,40000.0,37962.910156,30228.949219,30530.027344,37962.910156,29712.101562,26593.931641,5000.0,55128.436874,-61868.434399,62784.749473,0,true,true,1.0,-341.177632,0
4,131,6.55,997.683739,38253.838683,2269.472514,36002.927185,17403.604942,-347.404931,-1944.652762,-1200.119124,-10.637964,-43.784218,-91.120491,-1.0,0.0,1.0,0.0,0.0,0.0,1.0,71392.317199,-66373.746519,-61701.100585,37.639035,1.0,103838.157052,-26173.247655,-37610.89542,0.0,1.0,81467.120587,-49793.846572,-54990.394907,0.0,36991.984375,40000.0,40000.0,40000.0,40000.0,40000.0,40000.0,40000.0,40000.0,1492.830933,1562.376465,1067.832031,1239.53064,1748.861084,40000.0,40000.0,40000.0,40000.0,36991.984375,29442.263672,31623.796875,19823.007812,30100.009766,27000.527344,5000.0,53516.800516,-61909.642168,64020.370982,0,true,true,1.0,-341.167632,0
4,132,6.6,1015.777382,-1469.616065,2377.522116,-580.449301,17478.970456,-297.992458,-1843.23109,-1362.313543,-10.961733,-45.207077,-90.658218,-1.0,0.0,1.0,0.0,0.0,0.0,1.0,72316.38906,-66332.466021,-60022.329026,38.255655,1.0,104156.771409,-26347.243782,-35099.550795,0.0,1.0,82272.421269,-49827.621702,-53004.476354,0.0,35962.445312,40000.0,40000.0,40000.0,40000.0,40000.0,40000.0,40000.0,40000.0,1723.398804,1734.895874,1250.249878,1457.144165,2064.678223,40000.0,40000.0,40000.0,40000.0,35962.445312,28601.169922,33944.679688,19305.539062,30525.341797,27616.339844,5000.0,51677.211653,-61950.553984,65335.085791,0,true,true,1.0,-341.157632,0
4,133,6.65,1026.972066,38242.644,2451.109507,35929.339794,17538.591448,-262.166759,-1760.959623,-1470.423602,-11.134311,-45.919571,-90.416397,-1.0,0.0,1.0,0.0,0.489951,0.0,1.0,72639.063491,-66290.326331,-59185.318278,38.597281,1.0,104163.598255,-26452.733741,-33848.388935,0.0,1.0,82540.53344,-49837.256795,-52002.859342,0.0,35443.605469,40000.0,40000.0,40000.0,40000.0,40000.0,40000.0,40000.0,40000.0,40000.0,1847.997803,1373.782471,1602.863281,2276.260742,40000.0,40000.0,40000.0,40000.0,35443.605469,28171.542969,34918.339844,18988.570312,30720.253906,28378.304688,5000.0,50712.495377,-61968.910761,65976.126608,0,true,true,1.0,-341.147632,0
4,134,6.7,1040.420642,-1483.064642,2549.692081,-679.031875,17629.820166,-216.186449,-1663.475231,-1619.479328,-11.135607,-46.906212,-90.414444,-1.0,0.0,1.0,0.0,-0.384304,-1.537215,1.0,73273.52171,-65940.373902,-58049.629972,38.966421,1.0,104212.025397,-26184.272299,-32171.798973,0.0,1.0,115137.28255,-25813.383438,-20343.209173,0.0,34742.421875,40000.0,40000.0,40000.0,40000.0,40000.0,40000.0,40000.0,40000.0,3168.723877,1801.491089,1570.427002,1794.988892,2525.440918,40000.0,40000.0,40000.0,40000.0,34742.421875,27588.591797,34742.421875,18554.917969,31114.720703,28832.566406,5000.0,49660.617028,-61792.457543,66813.326126,0,true,true,1.0,-341.137632,0
4,135,6.75,1048.726592,38234.338049,2619.503804,35859.528072,17703.759947,-182.752167,-1585.397946,-1723.689187,-10.767847,-47.714298,-90.916687,-1.0,0.0,1.0,0.0,-0.792489,-1.584978,1.0,74129.339524,-65236.740243,-57162.007459,39.179383,1.0,104381.477302,-25358.093795,-30886.547494,0.0,1.0,115150.342381,-24833.702148,-18933.286404,0.0,34193.394531,40000.0,40000.0,40000.0,40000.0,40000.0,40000.0,40000.0,40000.0,3027.818848,1450.181763,1609.030151,1921.391724,2666.990234,40000.0,40000.0,40000.0,40000.0,34193.394531,27117.195312,34193.394531,18215.132812,31631.148438,28388.511719,5000.0,49229.471055,-61362.664033,67441.033411,0,true,true,1.0,-341.127632,0
4,136,6.8,1059.073371,-1493.411421,2723.176923,-782.704995,17829.876374,-134.569984,-1464.367826,-1879.744314,-9.940594,-49.357056,-92.027359,-1.0,0.0,1.0,0.0,-1.39986,0.069993,1.0,76034.431106,-63795.328836,-55260.408816,39.431276,1.0,104861.932753,-23608.897822,-28208.907821,0.0,1.0,115303.072405,-22798.495125,-16002.124595,0.0,33171.6875,40000.0,40000.0,40000.0,40000.0,40000.0,40000.0,40000.0,40000.0,2785.855957,1593.458984,1754.509399,2117.729492,2789.108643,40000.0,40000.0,40000.0,40000.0,33171.6875,28821.650391,17593.189453,17593.736328,32860.464844,29332.021484,5000.0,48386.305994,-60480.079227,68714.725516,0,true,true,1.0,-341.117632,0
4,137,6.85,1064.004633,38229.406788,2784.109826,35798.595169,17914.230823,-107.497704,-1391.844925,-1974.157769,-9.447931,-50.638702,-92.674873,-1.0,0.0,1.0,0.0,-0.489951,0.279972,1.0,77417.835308,-62897.580808,-53672.669101,39.547665,1.0,105223.443801,-22538.082818,-26024.936024,0.0,1.0,115396.012382,-21553.962226,-13616.810135,0.0,32445.677734,40000.0,40000.0,40000.0,40000.0,40000.0,40000.0,40000.0,40000.0,2409.086914,1754.946289,1873.933594,2251.746582,2628.135254,40000.0,40000.0,40000.0,40000.0,32445.677734,29725.394531,17156.898438,17157.857422,32445.677734,30122.800781,5000.0,47498.828578,-59948.422483,69723.686973,0,true,true,1.0,-341.107632,0
4,138,6.9,1067.671254,-1497.078042,2839.131927,-837.727096,17998.03564,-83.174225,-1320.576963,-2059.012903,-9.470957,-51.99762,-92.647141,-1.0,0.0,1.0,0.0,-0.279972,0.629937,1.0,78455.368473,-62562.448424,-51847.90492,39.635912,1.0,105449.101804,-22234.928679,-23550.540437,0.0,1.0,115321.976407,-21157.061454,-10920.116123,0.0,31728.978516,40000.0,40000.0,40000.0,40000.0,40000.0,40000.0,40000.0,40000.0,2480.093994,2293.170166,2006.653809,2411.687012,2472.343018,40000.0,40000.0,40000.0,40000.0,31728.978516,29756.466797,16727.802734,16729.236328,31728.978516,30930.892578,5000.0,45966.727207,-59775.883125,70829.847079,0,true,true,1.0,-341.097632,0
4,139,6.95,1071.435023,38225.643019,2919.070714,35718.656382,18135.738559,-46.531263,-1206.295269,-2182.959712,-9.562231,-53.737038,-92.534073,-1.0,0.0,1.0,0.0,0.0,0.0,1.0,79550.490058,-62175.602606,-49453.246406,39.740907,1.0,105507.818874,-21951.088978,-20346.331875,0.0,1.0,114987.884823,-20746.074731,-7444.194536,0.0,30837.068359,40000.0,40000.0,40000.0,40000.0,40000.0,40000.0,40000.0,40000.0,2698.671387,2781.652344,2203.673828,2145.686279,2243.882324,40000.0,40000.0,40000.0,40000.0,30837.068359,30716.642578,16174.34375,16178.848633,30837.068359,30837.068359,5000.0,43882.56584,-59598.42837,72204.083363,0,true,true,1.0,-341.087632,0
4,140,7.0,1072.608681,-1498.2517,2962.882669,-881.539051,18220.38562,-25.899004,-1141.673047,-2254.578097,-9.609752,-54.578571,-92.475929,-1.0,0.0,1.0,0.0,0.0,0.0,1.0,79979.209336,-61979.585251,-48271.919793,39.787615,1.0,105425.072938,-21827.917837,-18783.446859,0.0,1.0,114711.755077,-20552.594792,-5756.257116,0.0,30407.751953,40000.0,40000.0,40000.0,40000.0,40000.0,40000.0,40000.0,40000.0,2853.886963,2895.653564,2312.018555,2134.174072,2372.538574,40000.0,40000.0,40000.0,40000.0,30407.751953,30407.751953,16287.085938,15804.651367,30407.751953,30407.751953,5000.0,42841.497954,-59515.674212,72850.746592,0,true,true,1.0,-341.077632,0
4,141,7.05,1072.957628,38225.294072,3022.590368,35658.948682,18349.012862,3.353491,-1044.142989,-2350.50397,-9.675232,-55.544823,-92.396477,-1.0,0.0,1.0,0.0,0.0,0.0,1.0,80312.771131,-61747.422165,-46885.585526,39.841244,1.0,105165.201201,-21721.394371,-16965.733267,0.0,1.0,114226.850513,-20349.919188,-3802.086881,0.0,29895.601562,40000.0,40000.0,40000.0,40000.0,40000.0,40000.0,40000.0,40000.0,40000.0,3044.241699,2454.930908,2292.62207,2575.919189,40000.0,40000.0,40000.0,40000.0,29895.601562,29895.601562,16209.527344,16135.060547,29895.601562,29895.601562,5000.0,41596.229556,-59427.039487,73583.43968,0,true,true,1.0,-341.067632,0
4,142,7.1,1072.110058,-1497.40413,3064.988303,-923.936985,18452.263442,25.057558,-965.911599,-2415.196043,-9.624478,-56.190838,-92.458099,-1.0,0.0,1.0,0.0,-1.064756,-1.388813,1.0,80516.2494,-61495.700709,-45951.537232,39.873574,1.0,104927.756141,-21545.82267,-15752.837158,0.0,1.0,113838.265929,-20091.95339,-2503.665587,0.0,29543.710938,40000.0,40000.0,40000.0,40000.0,40000.0,40000.0,40000.0,40000.0,40000.0,3148.652588,2554.256348,2415.087158,2713.079834,40000.0,40000.0,40000.0,40000.0,29543.710938,29543.710938,16375.43457,16454.523438,29543.710938,29543.710938,5000.0,40821.447033,-59323.072679,74060.619776,0,true,true,1.0,-341.057632,0
4,143,7.15,1070.222464,38227.181666,3106.272401,35617.664584,18564.516388,46.835716,-887.780181,-2484.116151,-9.16025,-57.088703,-93.015663,-1.0,0.0,1.0,0.0,-1.439756,-1.799695,1.0,81166.100346,-60810.939081,-44707.066293,39.900696,1.0,104810.802689,-20817.344751,-14150.867984,0.0,1.0,112216.700675,-41233.393576,731.919388,0.0,29106.746094,40000.0,40000.0,40000.0,40000.0,40000.0,40000.0,40000.0,40000.0,40000.0,3270.100586,2660.23584,2583.882568,2830.792725,40000.0,40000.0,40000.0,40000.0,29106.746094,29106.746094,16898.925781,16608.810547,29106.746094,29106.746094,5000.0,40083.851062,-59003.464361,74679.867542,0,true,true,1.0,-341.047632,0
4,144,7.2,1065.236606,-1492.418272,3165.181561,-982.846145,18751.439951,78.152002,-762.848915,-2586.283612,-7.669431,-58.973331,-94.779709,-1.0,0.0,1.0,0.0,-1.54872,-1.014678,1.0,82931.62179,-59024.21619,-42102.469547,39.93279,1.0,104790.713521,-18785.123515,-10851.81019,0.0,1.0,112161.323515,-38916.421699,4223.55008,0.0,28297.095703,40000.0,40000.0,40000.0,40000.0,40000.0,40000.0,40000.0,40000.0,4896.745117,3501.529785,2844.029785,2957.364746,2980.040527,4906.718262,40000.0,40000.0,40000.0,28297.095703,28297.095703,18732.65625,16087.574219,28297.095703,28297.095703,5000.0,38850.568365,-58170.792259,75926.154608,0,true,true,1.0,-341.037632,0
4,145,7.25,1061.246874,38231.171398,3196.339038,35586.507107,18867.194156,94.971421,-692.235645,-2653.890972,-6.403471,-60.444145,-96.252136,-1.0,0.0,1.0,0.0,-0.489951,0.0,1.0,84361.318296,-57653.743226,-40014.797705,39.946735,1.0,104816.126473,-17213.411377,-8255.274197,0.0,1.0,112139.651674,-37148.659411,6978.019186,0.0,27742.835938,40000.0,40000.0,40000.0,40000.0,40000.0,40000.0,40000.0,40000.0,4548.975586,3682.599609,2948.074463,3268.679443,3069.661377,5049.941895,40000.0,40000.0,40000.0,27742.835938,27742.835938,20821.144531,16178.828125,27742.835938,27742.835938,5000.0,37836.341121,-57552.467193,76880.305071,0,true,true,1.0,-341.027632,0
4,146,7.3,1056.0889,-1487.260297,3226.673191,-1013.180298,18997.422304,110.452199,-606.054255,-2706.935559,-5.12324,-61.911514,-97.719299,-1.0,0.0,1.0,0.0,-0.419958,0.209979,1.0,85613.194387,-56363.40793,-37850.49556,39.958835,1.0,104686.259103,-15781.402367,-5607.628643,0.0,1.0,111926.136117,-35522.412029,9782.339136,0.0,27206.974609,40000.0,40000.0,40000.0,40000.0,40000.0,40000.0,40000.0,40000.0,4416.914062,3770.949707,3179.192627,3626.499756,3170.22876,5063.23291,40000.0,40000.0,40000.0,27206.974609,27206.974609,22785.642578,16697.710938,27206.974609,27206.974609,5000.0,36683.720094,-56996.831293,77826.476321,0,true,true,1.0,-341.017632,0
4,147,7.35,1050.825689,38236.434608,3250.727716,35562.452582,19117.563527,123.823342,-532.782947,-2766.797244,-3.851725,-63.361004,-99.156212,-1.0,0.0,1.0,0.0,-0.139986,0.069993,1.0,86766.667057,-55182.920998,-35655.752316,39.967335,1.0,104500.685796,-14490.223302,-2961.525595,0.0,1.0,111622.08594,-34056.867382,12584.938078,0.0,26718.638672,40000.0,40000.0,40000.0,40000.0,40000.0,40000.0,40000.0,40000.0,4157.5,3665.668701,3722.533691,3722.533691,3165.333008,4851.259766,40000.0,40000.0,40000.0,26718.638672,26718.638672,26718.638672,17445.34375,26718.638672,26718.638672,5000.0,35427.230456,-56510.596331,78743.333245,0,true,true,1.0,-341.007632,0
4,148,7.4,1044.955644,-1481.390252,3271.686563,-1034.139145,19241.65418,135.564659,-454.599641,-2816.038048,-2.520002,-64.819466,-100.641777,-1.0,0.0,1.0,0.0,-0.629937,0.139986,1.0,87814.351404,-54057.382607,-33388.245826,39.974176,1.0,104213.993631,-13286.836454,-267.047573,0.0,1.0,111188.376467,-32685.121628,15435.444045,0.0,26253.136719,26253.136719,40000.0,40000.0,40000.0,40000.0,40000.0,40000.0,40000.0,40000.0,4330.40918,3486.438477,3539.661621,3361.042969,4889.45752,40000.0,40000.0,40000.0,26253.136719,26253.136719,26253.136719,18311.572266,26253.136719,26253.136719,5000.0,34060.545178,-56069.309172,79646.060733,0,true,true,1.0,-340.997632,0
4,149,7.45,1038.195195,38243.195057,3290.048154,35544.090991,19375.610044,146.421545,-369.05097,-2857.356637,-1.771199,-66.255486,-101.46711,-1.0,0.0,1.0,0.0,-0.069993,0.139986,1.0,88447.090993,-53435.930668,-31087.976046,39.979897,1.0,103739.378106,-12705.461749,2432.517964,0.0,1.0,110447.056973,-31973.731498,18283.959392,0.0,25809.132812,25809.132812,40000.0,40000.0,40000.0,40000.0,40000.0,40000.0,40000.0,40000.0,4591.615234,3654.888916,3169.271729,3545.461914,5062.197754,40000.0,40000.0,40000.0,25809.132812,25809.132812,25809.132812,19223.085938,25809.132812,25809.132812,5000.0,32329.942123,-55845.40676,80513.112641,0,true,true,1.0,-340.987632,0
4,150,7.5,1030.544789,-1473.739846,3314.966851,-1059.057842,19548.492564,119.160147,-440.379547,-2917.258285,-0.727355,-68.077591,-102.602432,0.0,0.0,1.0,0.0,0.069993,0.209979,1.0,89128.372347,-52677.438013,-28158.748884,39.985315,1.0,103014.303032,-12014.184886,5831.136918,0.0,1.0,109367.89241,-31123.049291,21862.21199,0.0,25279.457031,25279.457031,40000.0,40000.0,40000.0,40000.0,40000.0,40000.0,40000.0,40000.0,4979.714844,3950.830322,3153.091064,3788.96582,5322.241211,40000.0,40000.0,40000.0,25279.457031,25279.457031,25279.457031,20652.21875,25279.457031,25279.457031,5000.0,30065.920678,-55591.811873,81548.778312,0,true,true,1.0,-340.977632,0
4,151,7.55,1025.847139,38247.892707,3336.444772,35522.61307,19681.837092,98.503945,-484.132696,-2948.14543,-0.333002,-69.132126,-103.027008,0.0,0.0,1.0,0.0,0.909909,1.049895,1.0,89235.571567,-52410.677256,-26449.254941,39.988456,1.0,102380.163535,-11853.259629,7795.889708,0.0,1.0,108484.944429,-30864.970938,23920.435463,0.0,24955.109375,24955.109375,40000.0,40000.0,40000.0,40000.0,40000.0,40000.0,40000.0,40000.0,5251.128418,4166.241699,3622.36792,3988.423096,5571.373535,6038.922363,40000.0,40000.0,24955.109375,24955.109375,24955.109375,21636.875,24955.109375,24955.109375,5000.0,28590.055602,-55515.192293,82118.97114,0,true,true,1.0,-340.967632,0
4,152,7.6,1021.789689,-1469.682395,3361.699079,-1084.312149,19827.27424,78.294166,-528.710105,-2992.646854,-0.539836,-69.936195,-102.80619,0.0,0.0,1.0,0.0,0.69993,1.049895,1.0,88933.918016,-52507.902678,-25138.990713,39.991102,1.0,101649.064697,-12122.960244,9295.948994,0.0,1.0,107495.041298,-31057.068024,25481.269499,0.0,24669.914062,24669.914062,40000.0,40000.0,40000.0,40000.0,40000.0,40000.0,40000.0,8462.93457,5496.860352,4376.770508,3851.536865,4222.772949,5447.592285,40000.0,40000.0,40000.0,24669.914062,24669.914062,24669.914062,22432.181641,24669.914062,24669.914062,5000.0,27220.390518,-55559.268791,82539.529623,0,true,true,1.0,-340.957632,0
4,153,7.65,1018.878183,38250.804212,3386.350821,35497.961328,19961.197001,61.616289,-564.961149,-3031.148905,-1.07815,-70.616074,-102.233795,0.0,0.0,1.0,0.0,0.209979,0.209979,1.0,88504.330843,-52777.212527,-24040.312825,39.992964,1.0,100939.377726,-12574.824149,10552.233627,0.0,1.0,106524.531893,-31450.194116,26784.388071,0.0,24423.212891,24423.212891,40000.0,40000.0,40000.0,40000.0,40000.0,40000.0,40000.0,8409.614258,5730.685547,4586.961914,4027.669922,4481.612305,5282.495605,40000.0,40000.0,40000.0,24423.212891,24423.212891,24423.212891,23205.058594,24423.212891,24423.212891,5000.0,25922.992917,-55652.99413,82878.822603,0,true,true,1.0,-340.947632,0
4,154,7.7,1016.000863,-1466.805075,3421.778767,-1119.740095,20143.754018,42.155508,-610.662168,-3089.518097,-1.867692,-71.467552,-101.398331,0.0,0.0,1.0,0.0,0.0,0.0,1.0,87865.762201,-53136.374773,-22679.208844,39.994857,1.0,99957.505774,-13178.335254,12107.483316,0.0,1.0,105208.286724,-31973.813806,28392.152057,0.0,24106.308594,24106.308594,40000.0,40000.0,40000.0,40000.0,40000.0,40000.0,40000.0,8100.544434,6061.508301,4889.19873,4027.071533,4866.199219,5063.055664,40000.0,40000.0,24106.308594,24106.308594,24106.308594,24106.308594,24106.308594,24106.308594,24106.308594,5000.0,24252.338873,-55772.514413,83281.288773,0,true,true,1.0,-340.937632,0
4,155,7.75,1014.239925,38252.56515,3457.529261,35462.210834,20319.447663,26.033096,-645.508717,-3130.638061,-2.466068,-72.061363,-100.767998,0.0,0.0,1.0,0.0,0.0,0.0,1.0,87204.636339,-53375.294155,-21737.477706,39.996174,1.0,99053.234725,-13634.504918,13184.470657,0.0,1.0,104068.254805,-32347.472112,29495.829322,0.0,23839.462891,23839.462891,40000.0,40000.0,40000.0,40000.0,40000.0,40000.0,40000.0,8009.286133,6338.190918,5147.151855,4266.624512,5204.987793,4684.902832,40000.0,40000.0,23839.462891,23839.462891,23839.462891,23839.462891,23839.462891,23839.462891,23839.462891,5000.0,23029.699418,-55852.796619,83551.192296,0,true,true,1.0,-340.927632,0
4,156,7.8,1013.505992,-1466.071142,3484.140533,-1146.351367,20446.042794,15.773837,-668.527884,-3160.623314,-2.771171,-72.348686,-100.447449,0.0,0.0,1.0,0.0,0.0,0.0,1.0,86706.8061,-53481.787215,-21285.056737,39.996904,1.0,98436.51836,-13887.171638,13703.727265,0.0,1.0,103335.746266,-32537.481541,30020.964385,0.0,23668.271484,23668.271484,40000.0,40000.0,40000.0,40000.0,40000.0,40000.0,40000.0,7871.379883,6501.299805,5302.547363,4419.041992,5414.57959,4648.120117,40000.0,40000.0,23668.271484,23668.271484,23668.271484,23668.271484,23668.271484,23668.271484,23668.271484,5000.0,22393.176246,-55891.521514,83680.787943,0,true,true,1.0,-340.917632,0
4,157,7.85,1013.117549,38252.953593,3524.850234,35421.501133,20634.342087,2.166923,-699.93311,-3204.770198,-3.110196,-72.860191,-100.091957,0.0,0.0,1.0,0.0,-0.979902,-0.279972,1.0,86033.418,-53567.223175,-20501.454933,39.997731,1.0,97502.487876,-14178.057014,14601.96947,0.0,1.0,102221.431863,-32732.199927,30934.039994,0.0,23405.115234,23405.115234,40000.0,40000.0,40000.0,40000.0,40000.0,40000.0,40000.0,7652.34375,6789.772461,5570.879395,4682.259766,5657.44873,4934.535156,7524.047363,40000.0,23405.115234,23405.115234,23405.115234,23405.115234,23405.115234,23405.115234,23405.115234,5000.0,21368.552323,-55929.052011,83896.248502,0,true,true,1.0,-340.907632,0
4,158,7.9,1013.29358,-1466.247174,3554.116926,-1175.618059,20766.538745,-6.383837,-718.961033,-3232.945107,-3.203319,-73.407784,-99.994637,0.0,0.0,1.0,0.0,-0.839916,-0.139986,1.0,85674.284936,-53538.710742,-19683.537245,39.998172,1.0,96805.421853,-14280.546215,15534.959748,0.0,1.0,101363.786399,-32763.027694,31891.625122,0.0,23199.455078,23199.455078,40000.0,40000.0,40000.0,40000.0,40000.0,40000.0,40000.0,7348.94043,7081.459473,5830.444336,4934.045898,5924.350098,5507.080566,7487.437988,40000.0,23199.455078,23199.455078,23199.455078,23199.455078,23199.455078,23199.455078,23199.455078,5000.0,20431.691464,-55932.679977,84107.256294,0,true,true,1.0,-340.897632,0
4,159,7.95,1014.101454,38252.14572,3597.090976,35378.527083,20957.126812,-17.390643,-743.034794,-3274.987394,-3.293358,-74.186378,-99.900925,0.0,0.0,1.0,0.0,0.0,0.0,1.0,85152.614705,-53474.391569,-18539.651792,39.998656,1.0,95791.415345,-14400.079894,16836.649657,0.0,1.0,100126.482897,-32779.216255,33225.477274,0.0,22909.941406,22909.941406,40000.0,40000.0,40000.0,40000.0,40000.0,40000.0,40000.0,7619.537109,7399.921875,6234.258301,5327.515137,6342.161133,6060.927246,7137.229492,40000.0,22909.941406,22909.941406,22909.941406,22909.941406,22909.941406,22909.941406,22909.941406,5000.0,19109.195328,-55932.320971,84388.798034,0,true,true,1.0,-340.887632,0
4,160,8.0,1014.971625,-1467.117344,3626.352234,-1204.879318,21085.145629,-24.003768,-755.665935,-3298.764625,-3.340778,-74.567429,-99.8517,0.0,0.0,1.0,0.0,0.0,0.0,1.0,84745.943331,-53435.764957,-17992.778363,39.998904,1.0,95142.951477,-14484.382832,17460.049485,0.0,1.0,99367.608191,-32795.069062,33858.494865,0.0,22734.566406,22734.566406,40000.0,40000.0,40000.0,40000.0,40000.0,40000.0,40000.0,7883.030273,7659.010742,6471.606934,5565.566406,6588.420898,6408.82959,6941.74707,40000.0,22734.566406,22734.566406,22734.566406,22734.566406,22734.566406,22734.566406,22734.566406,5000.0,18424.842189,-55933.186979,84520.466622,0,true,true,1.0,-340.877632,0
4,161,8.05,1016.653254,38250.464091,3669.445732,35335.433585,21271.778403,-32.854053,-773.88704,-3339.514429,-3.384727,-75.044426,-99.806175,0.0,0.0,1.0,0.0,-0.209979,0.0,1.0,84125.728984,-53374.351766,-17323.877782,39.999184,1.0,94216.069846,-14599.909461,18223.670533,0.0,1.0,98303.496231,-32811.562039,34629.439143,0.0,22490.044922,22490.044922,40000.0,40000.0,40000.0,40000.0,40000.0,40000.0,40000.0,8182.27002,8021.211914,6264.663574,6220.658691,6907.324707,6904.307129,6907.199707,40000.0,22490.044922,22490.044922,22490.044922,22490.044922,22490.044922,22490.044922,22490.044922,5000.0,17545.08575,-55933.360242,84678.154752,0,true,true,1.0,-340.867632,0
4,162,8.1,1018.826429,-1469.29052,3713.929475,-1249.363061,21462.771851,-40.797735,-786.271044,-3369.220704,-3.487886,-75.571144,-99.699547,0.0,0.0,1.0,0.0,-0.139986,0.0,1.0,83485.698362,-53328.393754,-16595.282233,39.999395,1.0,93244.924535,-14735.272476,19053.202201,0.0,1.0,97177.060818,-32847.485829,35468.212258,0.0,22238.685547,22238.685547,40000.0,40000.0,40000.0,40000.0,40000.0,40000.0,40000.0,8593.580078,8515.850586,6124.527344,6124.527344,7097.600586,6568.65332,7646.346191,20459.158203,22238.685547,22238.685547,22238.685547,22238.685547,22238.685547,22238.685547,22238.685547,5000.0,16573.390513,-55937.019563,84841.188129,0,true,true,1.0,-340.857632,0
4,163,8.15,1020.678231,38248.612289,3746.708434,35302.654627,21602.868748,-46.009627,-793.603919,-3389.936775,-3.555433,-75.86705,-99.629845,0.0,0.0,1.0,0.0,0.0,0.0,1.0,82984.512298,-53297.603851,-16200.745551,39.999513,1.0,92558.189204,-14836.887776,19504.724639,0.0,1.0,96401.729395,-32876.881148,35919.674279,0.0,22065.0,22065.0,40000.0,40000.0,40000.0,40000.0,40000.0,40000.0,40000.0,8964.663086,8601.672852,6200.916504,6307.577148,7352.067871,6487.618652,7987.54248,20458.990234,22065.0,22065.0,22065.0,22065.0,22065.0,22065.0,22065.0,5000.0,15991.433596,-55940.21899,84928.585241,0,true,true,1.0,-340.847632,0
4,164,8.2,1023.865998,-1472.478287,3796.872549,-1299.527176,21816.607314,-53.274544,-804.683453,-3425.956105,-3.631466,-76.185776,-99.551498,0.0,0.0,1.0,0.0,0.0,0.0,1.0,82179.448363,-53250.619081,-15800.646331,39.99965,1.0,91552.739626,-14990.236629,19968.168075,0.0,1.0,95299.292521,-32921.033873,36373.722607,0.0,21814.373047,21814.373047,40000.0,40000.0,40000.0,40000.0,40000.0,40000.0,40000.0,9368.599609,8246.147461,6716.041992,6650.397949,7690.202148,6723.403809,10084.369141,20210.585938,21814.373047,21814.373047,21814.373047,21814.373047,21814.373047,21814.373047,21814.373047,5000.0,15299.493795,-55944.929236,85019.189984,0,true,true,1.0,-340.837632,0
4,165,8.25,1025.994915,38246.483371,3827.460383,35272.066793,21946.638749,-57.490522,-813.207824,-3455.327038,-3.669428,-76.339531,-99.512413,0.0,0.0,1.0,0.0,0.0,0.0,1.0,81677.693256,-53221.943362,-15619.214107,39.999713,1.0,90954.10118,-15082.32324,20181.027777,0.0,1.0,94653.255207,-32947.318594,36578.168102,0.0,21666.25,21666.25,40000.0,40000.0,40000.0,40000.0,40000.0,40000.0,40000.0,9517.293945,8057.903809,7021.226074,6847.375,7881.152832,6889.147461,10372.291992,20063.513672,21666.25,21666.25,21666.25,21666.25,21666.25,21666.25,21666.25,5000.0,14937.83084,-55947.670674,85061.254819,0,true,true,1.0,-340.827632,0
4,166,8.3,1029.586179,-1476.06955,3875.332491,-1347.399283,22150.039506,-63.213353,-819.889794,-3482.754659,-3.712468,-76.509712,-99.46814,0.0,0.0,1.0,0.0,0.0,0.0,1.0,80872.970709,-53176.879078,-15440.344032,39.999789,1.0,90041.863584,-15224.896437,20397.219258,0.0,1.0,93687.119561,-32987.687983,36776.653459,0.0,21441.542969,21441.542969,40000.0,40000.0,40000.0,40000.0,40000.0,40000.0,40000.0,9791.991211,7842.95459,7476.154785,7127.633789,8016.32666,7119.42334,12004.166016,19839.957031,21441.542969,21441.542969,21441.542969,21441.542969,21441.542969,21441.542969,21441.542969,5000.0,14476.27036,-55951.78067,85106.567245,0,true,true,1.0,-340.817632,0
4,167,8.35,1032.004832,38244.064718,3905.603887,35241.795396,22278.60243,-66.696515,-825.357563,-3504.781813,-3.734038,-76.593399,-99.445961,0.0,0.0,1.0,0.0,0.0,0.0,1.0,80357.715496,-53148.24838,-15363.225634,39.999826,1.0,89473.609299,-15313.969107,20493.91082,0.0,1.0,93091.701613,-33012.661597,36860.692512,0.0,21301.890625,21301.890625,40000.0,40000.0,40000.0,40000.0,40000.0,40000.0,40000.0,9952.416992,7957.927734,7756.13623,7295.828613,7881.362793,7255.089355,11994.674805,19700.865234,21301.890625,21301.890625,21301.890625,21301.890625,21301.890625,21301.890625,21301.890625,5000.0,14219.916161,-55954.260512,85128.203502,0,true,true,1.0,-340.807632,0
4,168,8.4,1036.194585,-1480.259303,3955.132995,-1396.928392,22489.124188,-71.596093,-828.429643,-3523.437294,-3.758287,-76.686234,-99.421036,0.0,0.0,1.0,0.0,0.0,0.0,1.0,79502.021091,-53101.006579,-15301.384064,39.999873,1.0,88558.889526,-15458.423699,20580.589271,0.0,1.0,92145.212607,-33052.744745,36923.952294,0.0,21077.359375,21077.359375,40000.0,40000.0,40000.0,40000.0,40000.0,40000.0,40000.0,10187.02832,8271.677734,8196.259766,7550.868652,7661.994141,7456.209473,11773.723633,19476.949219,21077.359375,21077.359375,21077.359375,21077.359375,21077.359375,21077.359375,21077.359375,5000.0,13865.738705,-55958.129868,85151.700542,0,true,true,1.0,-340.797632,0
4,169,8.45,1039.771836,38240.487467,3995.062878,35201.865514,22659.158147,-75.347688,-831.521778,-3540.694043,-3.759698,-76.745247,-99.419586,0.0,0.0,1.0,0.0,-0.279972,-0.069993,1.0,78809.709831,-53057.742883,-15275.455914,39.999902,1.0,87826.886142,-15568.81502,20623.918875,0.0,1.0,91393.253312,-33078.990486,36947.415406,0.0,20897.546875,20897.546875,40000.0,40000.0,40000.0,40000.0,40000.0,40000.0,40000.0,10367.53125,10054.573242,8550.47168,7748.994141,7361.177246,7611.845703,11596.173828,19297.525391,20897.546875,20897.546875,20897.546875,20897.546875,20897.546875,20897.546875,20897.546875,5000.0,13606.974267,-55960.270786,85166.183033,0,true,true,1.0,-340.787632,0
4,170,8.5,1042.996118,-1483.483585,4029.67528,-1431.540794,22806.531403,-78.754088,-838.142292,-3568.363074,-3.992966,-76.873764,-99.179977,0.0,0.0,1.0,0.0,-0.139986,0.209979,1.0,78185.894121,-53086.942417,-15143.565461,40.0,1.0,87149.864329,-15737.843122,20783.499272,0.0,1.0,90661.080221,-33178.68409,37094.884336,0.0,20735.236328,20735.236328,40000.0,40000.0,40000.0,40000.0,40000.0,40000.0,40000.0,10579.405273,9897.961914,8812.651367,7992.350098,7157.070801,7777.679199,11438.751953,19136.056641,20735.236328,20735.236328,20735.236328,20735.236328,20735.236328,20735.236328,20735.236328,5000.0,13214.648601,-55973.454922,85197.06742,0,true,true,1.0,-340.777632,0
4,171,8.55,1048.185735,38235.297849,4083.183376,35148.357418,23034.73637,-82.956238,-843.115374,-3596.094252,-4.305863,-77.024033,-98.858757,0.0,0.0,1.0,0.0,0.0,0.0,1.0,77215.712464,-53116.87213,-15010.633284,40.0,1.0,86121.385997,-15981.557625,20951.375431,0.0,1.0,89564.466693,-33315.011949,37240.971006,0.0,20488.449219,20488.449219,40000.0,40000.0,40000.0,40000.0,40000.0,40000.0,40000.0,10877.338867,9657.760742,9205.445312,8345.148438,7547.282715,8012.922852,11197.615234,18890.242188,20488.449219,20488.449219,20488.449219,20488.449219,20488.449219,20488.449219,20488.449219,5000.0,12689.450675,-55990.702381,85231.602753,0,true,true,1.0,-340.767632,0
4,172,8.6,1051.351165,-1486.649014,4114.80729,-1463.164708,23169.750092,-85.172093,-846.289034,-3613.757946,-4.461261,-77.097229,-98.699295,0.0,0.0,1.0,0.0,0.0,0.0,1.0,76643.465818,-53124.989048,-14955.541706,40.0,1.0,85520.35941,-16114.235817,21024.526025,0.0,1.0,88929.810459,-33384.229675,37300.321813,0.0,20343.925781,20343.925781,40000.0,40000.0,40000.0,40000.0,40000.0,40000.0,40000.0,11044.739258,9391.620117,9438.74707,8545.500977,7791.901367,8126.534668,11055.817383,18746.185547,20343.925781,20343.925781,20343.925781,20343.925781,20343.925781,20343.925781,20343.925781,5000.0,12408.79415,-55999.035999,85247.609465,0,true,true,1.0,-340.757632,0
4,173,8.65,1056.287984,38230.361029,4162.883094,35100.281614,23375.415156,-87.961134,-848.537048,-3632.920324,-4.654217,-77.181061,-98.501366,0.0,0.0,1.0,0.0,0.0,0.069993,1.0,75772.527785,-53124.203579,-14910.798925,40.0,1.0,84617.485859,-16301.554948,21091.800159,0.0,1.0,87986.493971,-33474.826772,37344.959114,0.0,20126.208984,20126.208984,40000.0,40000.0,40000.0,40000.0,40000.0,40000.0,40000.0,11280.772461,9249.230469,9632.395508,8832.546875,8147.399902,8126.487793,10839.882812,18529.001953,20126.208984,20126.208984,20126.208984,20126.208984,20126.208984,20126.208984,20126.208984,5000.0,12031.56923,-56009.396806,85265.074666,0,true,true,1.0,-340.747632,0
4,174,8.7,1060.149633,-1490.510662,4199.591243,-1499.872857,23532.922751,-89.655224,-848.301039,-3641.479524,-4.832276,-77.222267,-98.318764,0.0,0.0,1.0,0.0,0.0,0.0,1.0,75092.143266,-53133.540519,-14907.004149,40.0,1.0,83931.810636,-16455.799786,21109.36996,0.0,1.0,87273.805531,-33555.704554,37343.911063,0.0,19961.414062,19961.414062,40000.0,40000.0,40000.0,40000.0,40000.0,40000.0,40000.0,11442.300781,9350.771484,9814.71875,9043.280273,8415.34668,8352.020508,10552.761719,18364.46875,19961.414062,19961.414062,19961.414062,19961.414062,19961.414062,19961.414062,19961.414062,5000.0,11767.63178,-56018.704021,85273.352264,0,true,true,1.0,-340.737632,0
4,175,8.75,1065.312276,38225.198386,4247.739184,35052.133673,23739.823343,-92.053337,-852.812006,-3667.967011,-5.116371,-77.287781,-98.027481,0.0,0.0,1.0,0.0,0.0,0.0,1.0,74192.733886,-53157.255007,-14886.766952,40.0,1.0,83023.577579,-16670.146383,21149.560489,0.0,1.0,86323.846452,-33674.884464,37360.517928,0.0,19744.152344,19744.152344,40000.0,40000.0,40000.0,40000.0,40000.0,40000.0,40000.0,11664.899414,9576.46582,10069.291016,9338.199219,8790.942383,8662.825195,10288.987305,18147.619141,19744.152344,19744.152344,19744.152344,19744.152344,19744.152344,19744.152344,19744.152344,5000.0,11392.669621,-56032.374174,85286.259638,0,true,true,1.0,-340.727632,0
4,176,8.8,1069.092134,-1494.29052,4282.426814,-1534.560488,23889.289454,-93.215075,-852.877347,-3676.887729,-5.273419,-77.321777,-97.866493,0.0,0.0,1.0,0.0,0.0,0.0,1.0,73548.763611,-53160.313455,-14891.153346,40.0,1.0,82375.528026,-16808.93501,21157.382288,0.0,1.0,85652.768971,-33744.561272,37350.527864,0.0,19588.3125,19588.3125,40000.0,40000.0,40000.0,40000.0,40000.0,40000.0,40000.0,11816.18457,9729.958008,10241.135742,9538.163086,8769.18457,8880.552734,10243.958984,17870.785156,19588.3125,19588.3125,19588.3125,19588.3125,19588.3125,19588.3125,19588.3125,5000.0,11152.585366,-56039.863157,85292.467704,0,true,true,1.0,-340.717632,0
4,177,8.85,1074.676927,38219.613593,4333.00135,35001.559138,24107.695439,-94.981434,-856.055711,-3699.627778,-5.46939,-77.370995,-97.665642,0.0,0.0,1.0,0.0,0.0,0.0,1.0,72614.989853,-53153.586872,-14899.629946,40.0,1.0,81431.241378,-16998.435109,21166.532961,0.0,1.0,84677.616608,-33833.092113,37333.701592,0.0,19360.714844,19360.714844,40000.0,40000.0,40000.0,40000.0,40000.0,40000.0,40000.0,12039.078125,9954.731445,10491.518555,9828.701172,8543.672852,9192.601562,11122.114258,17722.421875,19360.714844,19360.714844,19360.714844,19360.714844,19360.714844,19360.714844,19360.714844,5000.0,10810.919718,-56048.847512,85300.985892,0,true,true,1.0,-340.707632,0
4,178,8.9,1080.093599,-1499.707192,4381.434259,-1582.993396,24317.38508,-96.331388,-858.162278,-3718.201985,-5.606069,-77.404999,-97.525574,0.0,0.0,1.0,0.0,0.0,0.0,1.0,71724.790598,-53132.822852,-14926.372102,40.0,1.0,80533.05099,-17163.475793,21154.471243,0.0,1.0,83757.053294,-33901.107501,37296.019963,0.0,19143.283203,19143.283203,40000.0,40000.0,40000.0,40000.0,40000.0,40000.0,40000.0,12179.28125,10160.463867,10718.97168,10093.27832,8275.886719,9835.943359,12426.248047,17550.068359,19143.283203,19143.283203,19143.283203,19143.283203,19143.283203,19143.283203,19143.283203,5000.0,10514.290317,-56055.103935,85306.176742,0,true,true,1.0,-340.697632,0
4,179,8.95,1083.631245,38216.075947,4412.79565,34970.197746,24453.442662,-97.076332,-859.24256,-3729.15406,-5.689297,-77.422432,-97.4403,0.0,0.0,1.0,0.0,0.0,0.069993,1.0,71146.87853,-53117.863719,-14949.778628,40.0,1.0,79952.295705,-17268.470025,21139.839583,0.0,1.0,83163.430052,-33943.349983,37264.564287,0.0,19002.580078,19002.580078,40000.0,40000.0,40000.0,40000.0,40000.0,40000.0,40000.0,12217.469727,10290.629883,10862.923828,10261.548828,8135.921387,9726.382812,12286.001953,17236.808594,19002.580078,19002.580078,19002.580078,19002.580078,19002.580078,19002.580078,19002.580078,5000.0,10329.667251,-56058.84446,85308.576662,0,true,true,1.0,-340.687632,0
4,180,9.0,1089.178915,-1505.254862,4461.615103,-1631.812849,24665.746373,-98.001568,-860.088521,-3743.186187,-5.800979,-77.442467,-97.325874,0.0,0.0,1.0,0.0,0.0,0.0,1.0,70256.037025,-53132.092533,-14948.395674,40.0,1.0,79049.954577,-17426.351719,21106.504784,0.0,1.0,82244.208253,-34003.404278,37204.631294,0.0,18783.591797,18783.591797,40000.0,40000.0,40000.0,40000.0,40000.0,40000.0,40000.0,12067.537109,10487.956055,11045.358398,10516.883789,8294.723633,9508.118164,12067.537109,18783.591797,18783.591797,18783.591797,18783.591797,18783.591797,18783.591797,18783.591797,18783.591797,5000.0,10056.083799,-56063.840509,85310.896748,0,true,true,1.0,-340.677632,0
4,181,9.05,1094.572542,38210.682319,4508.733244,34923.079606,24871.134101,-98.879311,-861.930321,-3759.644491,-5.879681,-77.456528,-97.245247,0.0,0.0,1.0,0.0,0.0,0.0,1.0,69402.169334,-53154.754469,-14935.525448,40.0,1.0,90612.108084,21090.463515,73252.220624,9.976749,1.0,78181.127413,-17569.469843,21066.130772,0.0,18572.15625,18572.15625,40000.0,40000.0,40000.0,40000.0,40000.0,40000.0,40000.0,11856.467773,10674.070312,10834.344727,10756.185547,8465.628906,9297.188477,11856.467773,18572.15625,18572.15625,18572.15625,18572.15625,18572.15625,18572.15625,18572.15625,18572.15625,5000.0,9806.169783,-56067.405494,85312.042955,0,true,true,1.0,-340.667632,0
4,182,9.1,1098.467676,-1509.149995,4542.578455,-1665.658061,25019.031141,-99.261665,-861.612369,-3765.851342,-5.918345,-77.463409,-97.205635,0.0,0.0,1.0,0.0,0.0,0.0,1.0,68789.842189,-53166.249078,-14930.584157,40.0,1.0,89998.04837,21076.063837,73260.024279,15.59022,1.0,77558.023425,-17666.962535,21032.253989,0.0,18420.150391,18420.150391,40000.0,40000.0,40000.0,40000.0,40000.0,40000.0,40000.0,11704.641602,10804.936523,10682.545898,10682.545898,8588.25293,9145.430664,11704.641602,18420.150391,18420.150391,18420.150391,18420.150391,18420.150391,18420.150391,18420.150391,18420.150391,5000.0,9635.213299,-56069.245105,85312.258812,0,true,true,1.0,-340.657632,0
4,183,9.15,1103.8649,38205.285096,4589.264891,34876.393169,25223.353769,-99.996755,-863.551965,-3781.793245,-6.038213,-77.484871,-97.08284,0.0,0.0,1.0,0.0,-0.069993,0.069993,1.0,67935.006439,-53197.62888,-14907.836818,40.0,1.0,89137.504265,21035.703984,73291.703036,21.616095,1.0,76688.196901,-17818.713648,21003.651066,0.0,18209.320312,18209.320312,40000.0,40000.0,40000.0,40000.0,40000.0,40000.0,40000.0,11322.280273,10997.962891,10472.361328,10472.361328,8757.677734,8935.374023,11494.37207,18209.320312,18209.320312,18209.320312,18209.320312,18209.320312,18209.320312,18209.320312,18209.320312,5000.0,9365.911415,-56073.882169,85314.747966,0,true,true,1.0,-340.647632,0
4,184,9.2,1108.128171,-1513.413267,4626.012387,-1702.405557,25384.655805,-99.811945,-860.042641,-3777.796904,-6.599842,-77.593018,-96.507599,0.0,0.0,1.0,0.0,-0.419958,0.209979,1.0,67200.821479,-53330.101601,-14770.214835,40.0,1.0,88361.155206,20861.925284,73474.195051,25.331452,1.0,75935.045865,-18060.282162,21116.352572,0.0,18036.568359,18036.568359,40000.0,40000.0,40000.0,40000.0,40000.0,40000.0,40000.0,11272.724609,11244.839844,10302.834961,10302.834961,8765.170898,8641.389648,11324.418945,18036.568359,18036.568359,18036.568359,18036.568359,18036.568359,18036.568359,18036.568359,18036.568359,5000.0,8910.906734,-56092.01558,85332.711126,0,true,true,1.0,-340.637632,0
4,185,9.25,1114.032419,38199.380848,4676.988201,34825.417355,25608.869746,-99.803981,-863.512859,-3801.134342,-7.674434,-77.812614,-95.407631,0.0,0.0,1.0,0.0,0.0,0.0,1.0,66152.499344,-53567.725164,-14492.668743,40.0,1.0,87197.773621,20548.512302,73842.897294,29.25373,1.0,74841.619761,-18456.567543,21371.341845,0.0,17792.121094,17792.121094,40000.0,40000.0,40000.0,40000.0,40000.0,40000.0,40000.0,11560.787109,11495.273438,10064.847656,9939.492188,9041.258789,8554.139648,11041.319336,17792.121094,17792.121094,17792.121094,17792.121094,17792.121094,17792.121094,17792.121094,17792.121094,5000.0,8112.061947,-56122.43204,85366.824286,0,true,true,1.0,-340.627632,0
4,186,9.3,1119.624279,-1519.005127,4725.754548,-1751.171903,25824.060191,-98.43434,-862.534593,-3811.133629,-8.520773,-77.974815,-94.541954,0.0,0.0,1.0,0.0,0.0,0.0,1.0,65169.546054,-53743.805891,-14291.447938,40.0,1.0,86130.590069,20314.785061,74112.467091,32.013081,1.0,73822.23004,-18778.179557,21543.169741,0.0,17561.302734,17561.302734,40000.0,40000.0,40000.0,40000.0,40000.0,40000.0,40000.0,11884.054688,11866.75,9838.71875,9836.925781,9319.44043,9587.282227,10985.825195,17561.302734,17561.302734,17561.302734,17561.302734,17561.302734,17561.302734,17561.302734,17561.302734,5000.0,7460.26675,-56142.955933,85389.030097,0,true,true,1.0,-340.617632,0
4,187,9.35,1123.259205,38195.745921,4757.88189,34793.290013,25966.275194,-97.316857,-862.782199,-3821.297729,-8.945111,-78.05352,-94.108124,0.0,0.0,1.0,0.0,0.0,0.0,1.0,64536.614374,-53827.574217,-14196.859805,40.0,1.0,85456.129037,20202.79154,74240.526547,33.431306,1.0,73168.535601,-18953.816195,21613.570302,0.0,17410.818359,17410.818359,40000.0,40000.0,40000.0,40000.0,40000.0,40000.0,40000.0,12076.833008,12085.248047,9690.487305,9947.202148,9449.121094,10233.321289,13927.248047,17410.818359,17410.818359,17410.818359,17410.818359,17410.818359,17410.818359,17410.818359,17410.818359,5000.0,7102.557313,-56151.927109,85398.394295,0,true,true,1.0,-340.607632,0
4,188,9.4,1128.548637,-1524.294558,4805.41924,-1798.709253,26177.403008,-95.188323,-861.689073,-3831.959022,-9.427085,-78.140877,-93.615532,0.0,0.0,1.0,0.0,0.0,0.0,1.0,63614.941372,-53917.99348,-14096.323405,40.0,1.0,84487.834855,20080.839837,74378.460788,35.08164,1.0,72219.612535,-19176.016298,21673.225681,0.0,17189.492188,17189.492188,40000.0,40000.0,40000.0,40000.0,40000.0,40000.0,40000.0,12339.572266,12379.014648,9297.650391,10337.188477,9637.522461,10491.126953,15598.128906,17189.492188,17189.492188,17189.492188,17189.492188,17189.492188,17189.492188,17189.492188,17189.492188,5000.0,6648.772543,-56160.792502,85407.160043,0,true,true,1.0,-340.597632,0
4,189,9.45,1134.0224,38190.272158,4855.803836,34742.905418,26402.213631,-92.669619,-860.385857,-3843.000862,-9.786924,-78.202095,-93.247879,0.0,0.0,1.0,0.0,0.0,0.069993,1.0,62650.844611,-53981.268928,-14031.261408,40.0,1.0,83493.846601,19994.213995,74470.092519,36.387325,1.0,71232.0206,-19375.132315,21689.362124,0.0,16955.984375,16955.984375,40000.0,40000.0,40000.0,40000.0,40000.0,40000.0,40000.0,12591.412109,12656.008789,9065.908203,10708.294922,9831.591797,10259.117188,15364.975586,16955.984375,16955.984375,16955.984375,16955.984375,16955.984375,16955.984375,16955.984375,16955.984375,5000.0,6246.804045,-56166.18839,85411.531587,0,true,true,1.0,-340.587632,0
4,190,9.5,1137.634834,-1527.906992,4889.811516,-1832.716934,26554.526882,-90.629537,-857.251471,-3842.779825,-10.060858,-78.23172,-92.96804,0.0,0.0,1.0,0.0,0.0,0.069993,1.0,61987.831736,-54031.599201,-13999.219526,40.0,1.0,82836.625942,19925.248332,74516.343715,37.067883,1.0,70564.175146,-19518.460886,21686.759957,0.0,16798.572266,16798.572266,40000.0,40000.0,40000.0,40000.0,40000.0,40000.0,40000.0,12749.913086,12656.705078,9166.37793,10957.587891,9950.251953,10102.427734,15207.735352,16798.572266,16798.572266,16798.572266,16798.572266,16798.572266,16798.572266,16798.572266,16798.572266,5000.0,5982.371249,-56170.327894,85413.088905,0,true,true,1.0,-340.577632,0
4,191,9.55,1142.974599,38184.932394,4941.354286,34691.362648,26786.259241,-87.88089,-857.198541,-3858.028965,-10.393507,-78.264763,-92.628258,0.0,0.0,1.0,0.0,0.0,0.0,1.0,60990.391238,-54089.756853,-13966.760288,40.0,1.0,81850.275164,19844.425465,74565.123122,37.864881,1.0,69558.885018,-19715.489548,21664.428755,0.0,16559.876953,16559.876953,40000.0,40000.0,40000.0,40000.0,40000.0,40000.0,40000.0,12979.574219,12418.506836,9440.511719,11314.927734,9874.044922,9864.536133,14969.231445,16559.876953,16559.876953,16559.876953,16559.876953,16559.876953,16559.876953,16559.876953,16559.876953,5000.0,5617.142337,-56174.482095,85413.711213,0,true,true,1.0,-340.567632,0
4,192,9.6,1146.375548,-1531.307942,4975.061714,-1866.424362,26938.340449,-85.790898,-854.906205,-3860.068053,-10.556178,-78.280708,-92.46212,0.0,0.0,1.0,0.0,0.0,0.0,1.0,60343.962853,-54115.975919,-13953.726273,40.0,1.0,81209.233532,19807.166601,74586.106187,38.264874,1.0,68905.631078,-19831.055146,21640.453996,0.0,16403.601562,16403.601562,40000.0,40000.0,40000.0,40000.0,40000.0,40000.0,40000.0,13124.618164,12262.401367,9617.882812,11535.524414,9991.18457,9708.647461,14813.047852,16403.601562,16403.601562,16403.601562,16403.601562,16403.601562,16403.601562,16403.601562,16403.601562,5000.0,5399.117603,-56175.932378,85413.289151,0,true,true,1.0,-340.557632,0
4,193,9.65,1151.07856,38180.229382,5022.919053,34643.505309,27154.935637,-83.056061,-854.254749,-3871.513005,-10.773551,-78.326813,-92.240128,0.0,0.0,1.0,0.0,-0.069993,0.0,1.0,59435.961738,-54144.82795,-13911.898186,40.0,1.0,80264.388238,19765.316205,74647.458706,38.706624,1.0,67969.396854,-19985.701172,21633.072445,0.0,16179.699219,16179.699219,40000.0,40000.0,40000.0,40000.0,40000.0,40000.0,40000.0,13357.464844,11867.107422,9890.336914,11872.03125,10183.807617,9314.30957,14468.660156,16179.699219,16179.699219,16179.699219,16179.699219,16179.699219,16179.699219,16179.699219,16179.699219,5000.0,5062.334795,-56177.0882,85414.62132,0,true,true,1.0,-340.547632,0
4,194,9.7,1154.361302,-1534.590684,5057.282716,-1900.788024,27311.060794,-80.906161,-851.959666,-3873.45247,-10.880776,-78.366241,-92.130638,0.0,0.0,1.0,0.0,0.0,0.0,1.0,58793.357745,-54153.523635,-13877.852584,40.0,1.0,79573.968051,19751.418429,74697.077428,38.954247,1.0,67297.015781,-20083.296466,21632.270596,0.0,16018.00293,16018.00293,40000.0,40000.0,40000.0,40000.0,40000.0,40000.0,40000.0,13533.228516,11706.023438,10094.384766,11878.150391,10334.251953,9313.098633,14307.207031,16018.00293,16018.00293,16018.00293,16018.00293,16018.00293,16018.00293,16018.00293,16018.00293,5000.0,4824.507897,-56176.808993,85415.770237,0,true,true,1.0,-340.537632,0
4,195,9.75,1158.752807,38175.837877,5104.548925,34596.2391,27526.443573,-78.354603,-852.692331,-3889.470768,-11.000633,-78.40995,-92.008278,0.0,0.0,1.0,0.0,0.0,0.0,1.0,57907.796279,-54161.502092,-13843.490693,40.0,1.0,78635.325878,19737.681956,74748.6792,39.218303,1.0,66375.315156,-20212.97715,21616.964553,0.0,15795.626953,15795.626953,40000.0,40000.0,40000.0,40000.0,40000.0,40000.0,40000.0,13764.436523,11611.660156,10368.860352,11656.422852,10536.762695,9387.743164,14036.359375,15795.626953,15795.626953,15795.626953,15795.626953,15795.626953,15795.626953,15795.626953,15795.626953,5000.0,4517.476293,-56176.057408,85416.122913,0,true,true,1.0,-340.527632,0
4,196,9.8,1163.177643,-1539.01552,5153.831093,-1950.070192,27751.977448,-75.220798,-847.618703,-3885.820467,-11.085201,-78.440559,-91.921951,0.0,0.0,1.0,0.0,0.0,0.0,1.0,56981.881598,-54164.353034,-13824.496243,40.0,1.0,77672.190111,19730.803916,74779.732581,39.423853,1.0,65418.534062,-20342.284882,21581.552976,0.0,15563.695312,15563.695312,40000.0,40000.0,40000.0,40000.0,40000.0,40000.0,40000.0,13974.055664,11424.875,10644.993164,11424.944336,10740.839844,9716.174805,13853.426758,15563.695312,15563.695312,15563.695312,15563.695312,15563.695312,15563.695312,15563.695312,15563.695312,5000.0,4225.964384,-56174.830076,85415.054451,0,true,true,1.0,-340.517632,0
4,197,9.85,1166.096493,38172.919026,5187.31406,34562.756133,27905.747701,-73.499759,-848.165587,-3896.986311,-11.126183,-78.455322,-91.880127,0.0,0.0,1.0,0.0,0.0,0.0,1.0,56351.307408,-54161.265763,-13818.091295,45.632741,1.0,77023.519086,19729.028631,74791.883148,39.532029,1.0,64769.60614,-20427.896677,21549.857006,0.0,15405.930664,15405.930664,40000.0,40000.0,40000.0,40000.0,40000.0,40000.0,40000.0,13816.375,11267.328125,10828.397461,11267.397461,10876.671875,9933.579102,13828.023438,15405.930664,15405.930664,15405.930664,15405.930664,15405.930664,15405.930664,15405.930664,15405.930664,5000.0,4039.313847,-56173.847847,85413.818841,0,true,true,1.0,-340.507632,0
4,198,9.9,1170.366535,-1543.285561,5237.780253,-2000.536386,28138.305888,-70.682914,-845.428126,-3901.014418,-11.16151,-78.475426,-91.84407,0.0,0.0,1.0,0.0,-0.069993,-0.069993,1.0,55402.747283,-54127.774891,-13810.858645,52.20299,1.0,76045.146232,19732.720975,74806.074372,39.65821,1.0,63791.350085,-20551.872999,21498.506758,0.0,15167.484375,15167.484375,40000.0,40000.0,40000.0,40000.0,40000.0,40000.0,40000.0,13578.041992,11679.605469,11029.24707,10857.1875,11083.59082,10257.561523,15167.484375,15167.484375,15167.484375,15167.484375,15167.484375,15167.484375,15167.484375,15167.484375,15167.484375,5000.0,3766.73014,-56172.077867,85411.752138,0,true,true,1.0,-340.497632,0
4,199,9.95,1172.982763,38170.302799,5269.602493,34530.933893,28285.377525,-69.150167,-845.807106,-3910.70529,-11.17317,-78.496796,-91.832169,0.0,0.0,1.0,0.0,0.0,0.0,1.0,54809.031592,-54091.170422,-13798.222611,55.395035,1.0,75414.638784,19739.901766,74825.732344,39.719513,1.0,63171.16487,-20626.066332,21475.075426,0.0,15016.245117,15016.245117,40000.0,40000.0,40000.0,40000.0,40000.0,40000.0,40000.0,13426.923828,12145.319336,10878.323242,10773.987305,11224.355469,11090.429688,15016.245117,15016.245117,15016.245117,15016.245117,15016.245117,15016.245117,15016.245117,15016.245117,15016.245117,5000.0,3586.088878,-56170.763988,85410.96231,0,true,true,1.0,-340.487632,0
4,200,10.0,1176.904233,-1547.207032,5318.670524,-2049.604417,28512.898028,-66.596149,-842.795233,-3912.842011,-11.15821,-78.535339,-91.847435,0.0,0.0,1.0,0.0,-0.139986,-0.069993,1.0,53898.86686,-54027.813952,-13774.9841,59.244862,1.0,74431.391937,19760.525357,74861.267262,39.793448,1.0,62213.183941,-20732.849014,21443.135485,0.0,14782.041016,14782.041016,40000.0,40000.0,40000.0,40000.0,40000.0,40000.0,40000.0,13192.936523,12175.40332,10644.683594,10650.633789,11452.515625,11767.850586,14782.041016,14782.041016,14782.041016,14782.041016,14782.041016,14782.041016,14782.041016,14782.041016,14782.041016,5000.0,3308.082356,-56168.393784,85409.916731,0,true,true,1.0,-340.477632,0
4,201,10.05,1180.576595,38166.630437,5366.146418,34483.457999,28733.821826,-64.440757,-841.933342,-3922.173177,-11.131427,-78.598061,-91.874763,0.0,0.0,1.0,0.0,0.0,0.0,1.0,53027.910681,-53960.330683,-13730.259554,62.000756,1.0,73442.416708,19789.197865,74926.569364,39.846375,1.0,69935.201134,-62191.386336,73332.956287,10.249589,14553.396484,14553.396484,40000.0,40000.0,40000.0,40000.0,40000.0,40000.0,40000.0,12964.644531,11947.335938,10416.955078,10930.770508,11702.587891,12443.363281,14553.396484,14553.396484,14553.396484,14553.396484,14553.396484,14553.396484,14553.396484,14553.396484,14553.396484,5000.0,3009.027172,-56165.886549,85410.063943,0,true,true,1.0,-340.467632,0
4,202,10.1,1183.016263,-1549.6467,5398.531424,-2081.989423,28885.0182,-62.910548,-839.514182,-3922.193816,-11.123804,-78.638771,-91.882545,0.0,0.0,1.0,0.0,-0.139986,0.0,1.0,52429.045752,-53917.030455,-13701.868189,63.468383,1.0,72768.820095,19805.026292,74968.348165,39.874561,1.0,69274.107409,-62237.748067,73374.308153,15.707919,14397.097656,14397.097656,40000.0,40000.0,40000.0,40000.0,40000.0,40000.0,40000.0,12808.572266,11791.40918,10261.24707,11139.267578,11746.501953,12808.572266,14397.097656,14397.097656,14397.097656,14397.097656,14397.097656,14397.097656,14397.097656,14397.097656,14397.097656,5000.0,2804.482424,-56164.438627,85409.876283,0,true,true,1.0,-340.457632,0
4,203,10.15,1186.434602,38163.212098,5445.061336,34436.928087,29102.90232,-60.998163,-838.548347,-3931.401862,-11.146591,-78.731285,-91.859306,0.0,0.0,1.0,0.0,-0.209979,0.0,1.0,51574.234218,-53855.402255,-13630.745887,65.117333,1.0,71753.002106,19827.083373,75070.84936,39.906229,1.0,68277.167369,-62305.147803,73474.104219,21.840616,14170.279297,14170.279297,40000.0,40000.0,40000.0,40000.0,40000.0,40000.0,40000.0,12582.267578,11565.432617,9983.6875,11481.485352,11568.433594,12582.267578,14170.279297,14170.279297,14170.279297,14170.279297,14170.279297,14170.279297,14170.279297,14170.279297,14170.279297,5000.0,2458.191137,-56162.526884,85410.818026,0,true,true,1.0,-340.447632,0
4,204,10.2,1188.84242,-1552.054518,5478.694954,-2115.623042,29261.010725,-59.46111,-835.034171,-3928.549679,-11.19749,-78.826294,-91.807419,0.0,0.0,1.0,0.0,-0.139986,0.0,1.0,50959.611459,-53812.180949,-13554.831048,66.050518,1.0,70978.708093,19841.132216,75179.398674,39.924151,1.0,67515.653406,-62355.945981,73578.971027,25.311274,14004.455078,14004.455078,40000.0,40000.0,40000.0,40000.0,40000.0,40000.0,40000.0,12296.427734,11400.46582,9950.601562,11400.46582,11872.168945,12416.96582,14004.455078,14004.455078,14004.455078,14004.455078,14004.455078,14004.455078,14004.455078,14004.455078,14004.455078,5000.0,2163.018032,-56161.315216,85412.163161,0,true,true,1.0,-340.437632,0
4,205,10.25,1192.69105,38159.363468,5534.032165,34381.590877,29522.402976,-57.228714,-832.572918,-3937.00082,-11.280702,-78.963913,-91.722626,0.0,0.0,1.0,0.0,0.0,0.0,1.0,49935.886838,-53744.21969,-13449.485282,67.225448,1.0,69724.797643,19859.653221,75331.499369,39.946715,1.0,66277.705403,-62444.492751,73726.171483,29.681016,13731.537109,13731.537109,40000.0,40000.0,40000.0,40000.0,40000.0,40000.0,40000.0,11975.668945,11128.774414,10329.375977,11128.774414,12144.795898,12144.795898,13731.537109,13731.537109,13731.537109,13731.537109,13731.537109,13731.537109,13731.537109,13731.537109,13731.537109,5000.0,1700.470432,-56159.631929,85412.43976,0,true,true,1.0,-340.427632,0
4,206,10.3,1194.924056,-1554.287524,5567.035584,-2148.62646,29678.877176,-55.84185,-829.710529,-3937.609775,-11.321625,-79.030342,-91.680939,0.0,0.0,1.0,0.0,0.0,0.0,1.0,49318.130233,-53705.069163,-13402.08604,67.749278,1.0,68995.627685,19868.854408,75401.128429,39.956775,1.0,65555.869462,-62499.110401,73793.834473,31.629221,13569.055664,13569.055664,40000.0,40000.0,40000.0,40000.0,40000.0,40000.0,40000.0,11813.583008,10966.879883,10543.962891,10966.879883,11982.671875,11982.671875,13569.055664,13569.055664,13569.055664,13569.055664,13569.055664,13569.055664,13569.055664,13569.055664,13569.055664,5000.0,1446.246472,-56158.765048,85411.494428,0,true,true,1.0,-340.417632,0
4,207,10.35,1198.014237,38156.273288,5613.874402,34334.752058,29901.813148,-54.112252,-828.432559,-3948.922945,-11.367405,-79.103699,-91.634315,0.0,0.0,1.0,0.0,0.0,0.0,1.0,48431.497046,-53651.173857,-13354.360957,68.327203,1.0,67985.982834,19879.280487,75475.664825,39.967874,1.0,64553.205921,-62579.056323,73864.205611,33.778614,13338.670898,13338.670898,13338.670898,40000.0,40000.0,40000.0,40000.0,40000.0,40000.0,11710.663086,10613.894531,10737.138672,10613.894531,11752.679688,11752.679688,13338.670898,13338.670898,13338.670898,13338.670898,13338.670898,13338.670898,13338.670898,13338.670898,13338.670898,5000.0,1114.293396,-56157.677011,85409.099357,0,true,true,1.0,-340.407632,0
4,208,10.4,1200.188373,-1556.461661,5647.703528,-2182.455586,30063.599269,-52.66661,-823.93668,-3944.24989,-11.389905,-79.139389,-91.611404,0.0,0.0,1.0,0.0,0.0,0.0,1.0,47782.766986,-53613.437211,-13335.182592,68.652695,1.0,67279.652517,19883.428357,75522.372125,39.974125,1.0,63846.871352,-62638.871402,73894.786484,34.989166,13172.336914,13172.336914,13172.336914,40000.0,40000.0,40000.0,40000.0,40000.0,40000.0,11589.105469,10399.270508,10571.116211,10399.270508,11586.535156,11586.535156,13172.336914,13172.336914,13172.336914,13172.336914,13172.336914,13172.336914,13172.336914,13172.336914,13172.336914,5000.0,898.337902,-56156.975421,85406.808267,0,true,true,1.0,-340.397632,0
4,209,10.45,1202.704285,38153.757376,5687.831543,34294.624043,30256.501684,-51.062768,-819.639626,-3942.342569,-11.406476,-79.165527,-91.594528,0.0,0.0,1.0,0.0,0.0,0.0,1.0,47004.378155,-53569.607004,-13326.049733,68.962821,1.0,66463.186994,19884.639349,75577.22493,39.980081,1.0,63024.694145,-62711.992873,73912.861465,36.142572,12974.782227,12974.782227,12974.782227,40000.0,40000.0,40000.0,40000.0,40000.0,40000.0,11391.688477,10201.958008,10373.789062,10246.986328,11389.119141,11268.719727,12974.782227,12974.782227,12974.782227,12974.782227,12974.782227,12974.782227,12974.782227,12974.782227,12974.782227,5000.0,664.207271,-56156.206869,85403.792414,0,true,true,1.0,-340.387632,0
4,210,10.5,1205.522641,-1559.280017,5733.954865,-2228.578908,30478.856788,-49.631466,-820.132156,-3959.619822,-11.424756,-79.194206,-91.57592,0.0,0.0,1.0,0.0,0.0,0.0,1.0,46106.789759,-53519.695833,-13317.005389,69.227815,1.0,65528.112738,19883.2025,75660.581931,39.98517,1.0,62078.847595,-62796.177639,73931.772535,37.128126,12747.171875,12747.171875,12747.171875,40000.0,40000.0,40000.0,40000.0,40000.0,40000.0,40000.0,10431.713867,10146.427734,10317.538086,11161.661133,11119.657227,12747.171875,12747.171875,12747.171875,12747.171875,12747.171875,12747.171875,12747.171875,12747.171875,12747.171875,5000.0,396.403763,-56155.391517,85400.205177,0,true,true,1.0,-340.377632,0
4,211,10.55,1208.192016,38151.088001,5778.896205,34249.682703,30696.505991,-48.136479,-818.006479,-3966.529578,-11.437653,-79.214355,-91.56279,0.0,0.0,1.0,0.0,0.0,0.0,1.0,45225.918079,-53471.623825,-13314.452818,69.421105,1.0,64627.309316,19878.665456,75753.117735,39.988882,1.0,61162.780251,-62879.369235,73941.739748,37.847002,12524.753906,12524.753906,12524.753906,40000.0,40000.0,40000.0,40000.0,40000.0,40000.0,40000.0,10731.345703,9924.18457,10586.573242,10939.349609,10941.917969,12524.753906,12524.753906,12524.753906,12524.753906,12524.753906,12524.753906,12524.753906,12524.753906,12524.753906,5000.0,145.574248,-56154.655391,85396.65039,0,true,true,1.0,-340.367632,0
4,212,10.6,1210.11752,-1561.205521,5812.12701,-2261.809713,30858.170964,-46.834768,-812.484846,-3956.731101,-11.472124,-79.224266,-91.527695,0.0,0.0,1.0,0.0,0.0,0.0,1.0,44565.549969,-53440.398362,-13315.452511,69.533288,1.0,63965.806424,19868.72353,75818.990608,39.991037,1.0,60481.441086,-62947.292603,73945.125523,38.264225,12359.775391,12359.775391,12359.775391,40000.0,40000.0,40000.0,40000.0,40000.0,40000.0,40000.0,10774.421875,9635.980469,10774.421875,10774.421875,11083.376953,12359.775391,12359.775391,12359.775391,12359.775391,12359.775391,12359.775391,12359.775391,12359.775391,12359.775391,5000.0,-40.256977,-56154.136979,85394.060739,0,true,true,1.0,-340.357632,0
4,213,10.65,1212.173747,38149.031774,5848.410167,34213.399546,31035.38426,-45.615758,-809.504781,-3956.961323,-11.498075,-79.231712,-91.501282,0.0,0.0,1.0,0.0,0.0,0.0,1.0,43842.339754,-53404.930092,-13319.145278,69.631983,1.0,63245.269405,19859.549893,75887.37484,39.992932,1.0,59741.261778,-63020.167481,73945.182452,38.631288,12179.079102,12179.079102,12179.079102,40000.0,40000.0,40000.0,40000.0,40000.0,40000.0,40000.0,10593.765625,9526.488281,10593.765625,10593.765625,11314.697266,12179.079102,12179.079102,12179.079102,12179.079102,12179.079102,12179.079102,12179.079102,12179.079102,12179.079102,5000.0,-236.765888,-56153.564843,85391.310282,0,true,true,1.0,-340.347632,0
4,214,10.7,1214.942811,-1563.974585,5898.587087,-2311.986633,31281.349112,-44.167533,-808.710495,-3969.033009,-11.525778,-79.239647,-91.473083,0.0,0.0,1.0,0.0,0.0,0.0,1.0,42839.083503,-53355.024794,-13325.836592,69.734798,1.0,62248.423517,19847.982603,75979.626547,39.994907,1.0,58718.685745,-63120.030723,73942.947833,39.013673,11928.391602,11928.391602,11928.391602,40000.0,40000.0,40000.0,40000.0,40000.0,40000.0,40000.0,10343.120117,9539.887695,10343.120117,10343.120117,11928.391602,11928.391602,11928.391602,11928.391602,11928.391602,11928.391602,11928.391602,11928.391602,11928.391602,11928.391602,5000.0,-504.445364,-56152.785849,85387.6199,0,true,true,1.0,-340.337632,0
4,215,10.75,1216.685346,38147.289239,5930.977167,34181.009466,31440.688789,-43.132444,-805.784926,-3967.397951,-11.539227,-79.243492,-91.459396,0.0,0.0,1.0,0.0,0.0,0.0,1.0,42189.457299,-53322.338691,-13330.908335,69.785367,1.0,61604.415457,19841.092673,76038.086433,39.995878,1.0,58058.827862,-63184.081005,73940.361359,39.201748,11766.049805,11766.049805,11766.049805,40000.0,40000.0,40000.0,40000.0,40000.0,40000.0,40000.0,10180.797852,9691.706055,10180.797852,10180.797852,11766.049805,11766.049805,11766.049805,11766.049805,11766.049805,11766.049805,11766.049805,11766.049805,11766.049805,11766.049805,5000.0,-675.116256,-56152.295231,85385.325418,0,true,true,1.0,-340.327632,0
4,216,10.8,1219.148436,-1566.437674,5977.885778,-2358.895243,31672.209602,-41.843685,-804.584478,-3975.873198,-11.553952,-79.247704,-91.444405,0.0,0.0,1.0,0.0,0.0,0.0,1.0,41245.890069,-53274.513024,-13338.905524,69.84203,1.0,60670.578073,19831.690164,76121.77755,39.996966,1.0,57102.837972,-63276.478468,73935.546066,39.412487,11530.227539,11530.227539,11530.227539,40000.0,40000.0,40000.0,40000.0,40000.0,40000.0,40000.0,9944.998047,9909.878906,9944.998047,9944.998047,11530.227539,11530.227539,11530.227539,11530.227539,11530.227539,11530.227539,11530.227539,11530.227539,11530.227539,11530.227539,5000.0,-920.171652,-56151.607277,85382.134972,0,true,true,1.0,-340.317632,0
4,217,10.85,1220.791284,38145.646391,6009.941273,34148.953971,31830.968887,-40.923193,-802.402065,-3976.172628,-11.561116,-79.249748,-91.437111,0.0,0.0,1.0,0.0,0.0,0.0,1.0,40599.084012,-53241.502937,-13344.675061,69.872008,1.0,60031.408014,19825.5951,76178.549801,39.997542,1.0,56448.998994,-63339.493974,73931.698771,39.523978,11368.553711,11368.553711,11368.553711,40000.0,40000.0,40000.0,40000.0,40000.0,40000.0,40000.0,9783.334961,9783.334961,9783.334961,9783.334961,11368.553711,11368.553711,11368.553711,11368.553711,11368.553711,11368.553711,11368.553711,11368.553711,11368.553711,11368.553711,5000.0,-1086.426869,-56151.153922,85380.058677,0,true,true,1.0,-340.307632,0
4,218,10.9,1223.110209,-1568.7566,6056.262612,-2405.216583,32061.063129,-39.721839,-800.82981,-3982.047666,-11.568998,-79.251999,-91.429092,0.0,0.0,1.0,0.0,0.0,0.0,1.0,39661.868345,-53193.572171,-13353.097632,69.90557,1.0,59106.065713,19817.021325,76260.402163,39.998186,1.0,55502.859633,-63430.491479,73925.839383,39.648799,11134.266602,11134.266602,11134.266602,40000.0,40000.0,40000.0,40000.0,40000.0,40000.0,40000.0,9549.05957,9549.05957,9549.05957,9549.05957,11134.266602,11134.266602,11134.266602,11134.266602,11134.266602,11134.266602,11134.266602,11134.266602,11134.266602,11134.266602,5000.0,-1325.857446,-56150.52499,85377.190354,0,true,true,1.0,-340.297632,0
4,219,10.95,1225.46519,38143.29141,6104.656135,34100.560448,32302.385676,-38.381858,-796.271576,-3976.46199,-11.574424,-79.253548,-91.423569,0.0,0.0,1.0,0.0,0.0,0.0,1.0,38679.442122,-53143.252906,-13360.468676,69.931413,1.0,58136.779162,19808.301707,76346.037344,39.998683,1.0,54512.260007,-63525.681063,73919.536079,39.744914,10888.579102,10888.579102,10888.579102,40000.0,40000.0,40000.0,40000.0,40000.0,40000.0,40000.0,9303.379883,9303.379883,9303.379883,9183.015625,10888.579102,10888.579102,10888.579102,10888.579102,10888.579102,10888.579102,10888.579102,10888.579102,10888.579102,10888.579102,5000.0,-1575.231547,-56149.899869,85374.382139,0,true,true,1.0,-340.287632,0
4,220,11.0,1227.154178,-1570.445589,6140.247477,-2440.807924,32480.517882,-37.483528,-794.013565,-3976.081176,-11.610774,-79.236603,-91.386566,0.0,0.0,1.0,0.0,0.209979,0.069993,1.0,37941.9158,-53112.663682,-13374.438992,69.945923,1.0,57446.723567,19792.119984,76393.30814,39.998961,1.0,53791.689977,-63605.145206,73899.918547,39.798879,10707.868164,10707.868164,10707.868164,40000.0,40000.0,40000.0,40000.0,40000.0,40000.0,40000.0,9122.580078,9122.580078,9122.580078,9080.583008,10707.868164,10707.868164,10707.868164,10707.868164,10707.868164,10707.868164,10707.868164,10707.868164,10707.868164,10707.868164,5000.0,-1744.182143,-56149.157404,85372.940291,0,true,true,1.0,-340.277632,0
4,221,11.05,1228.763728,38141.68186,6174.871198,34065.936726,32654.191293,-36.667037,-792.853484,-3978.964541,-11.672331,-79.151627,-91.323914,0.0,0.0,1.0,0.0,0.559944,0.209979,1.0,37190.098251,-53094.869337,-13430.233438,69.957084,1.0,56868.529726,19757.938381,76374.534485,39.999176,1.0,53153.46144,-63699.750188,73820.277023,39.840387,10534.066406,10534.066406,10534.066406,40000.0,40000.0,40000.0,40000.0,40000.0,40000.0,40000.0,8827.924805,8948.329102,8948.329102,8950.898438,10534.066406,10534.066406,10534.066406,10534.066406,10534.066406,10534.066406,10534.066406,10534.066406,10534.066406,10534.066406,5000.0,-1828.868193,-56147.771738,85373.866167,0,true,true,1.0,-340.267632,0
4,222,11.1,1230.368554,-1572.050414,6210.149992,-2476.086718,32831.512809,-35.837179,-792.293387,-3982.535982,-11.846186,-78.910492,-91.146904,0.0,0.0,1.0,0.0,1.049895,0.419958,1.0,36338.871238,-53109.618227,-13577.816509,69.966117,1.0,56491.720062,19671.686183,76213.185212,39.999349,1.0,52631.370657,-63844.135305,73606.772143,39.873985,10361.966797,10361.966797,10361.966797,40000.0,40000.0,40000.0,40000.0,40000.0,40000.0,40000.0,8654.432617,8774.936523,8774.936523,8777.507812,10361.966797,10361.966797,10361.966797,10361.966797,10361.966797,10361.966797,10361.966797,10361.966797,10361.966797,10361.966797,5000.0,-1748.589942,-56144.444402,85380.030987,0,true,true,1.0,-340.257632,0
4,223,11.15,1232.011587,38140.038827,6247.229317,34028.8574,33018.09449,-34.767208,-790.629043,-3977.958242,-12.357684,-78.423286,-90.625648,0.0,0.0,1.0,0.0,1.259874,0.629937,1.0,35283.675606,-53194.452378,-13857.649333,69.973601,1.0,56417.500886,19469.202293,75838.370055,39.999493,1.0,52224.63367,-64099.289183,73193.623931,39.901818,10189.185547,10189.185547,10189.185547,40000.0,40000.0,40000.0,40000.0,40000.0,40000.0,40000.0,8478.738281,8599.447266,8599.447266,8671.385742,10189.185547,10189.185547,10189.185547,10189.185547,10189.185547,10189.185547,10189.185547,10189.185547,10189.185547,10189.185547,5000.0,-1459.126375,-56137.07337,85393.215354,0,true,true,1.0,-340.247632,0
4,224,11.2,1234.288109,-1574.326937,6301.146554,-2530.003955,33288.779392,-32.68041,-793.274808,-3976.517895,-13.411185,-77.200813,-89.549698,0.0,0.0,1.0,0.0,1.820049,0.676018,1.0,33441.295386,-53424.562768,-14519.441796,69.9816,1.0,57001.342246,18983.223655,74829.728807,39.999647,1.0,52008.672699,-64642.517741,72176.582658,39.931568,9958.668945,9958.668945,9958.668945,40000.0,40000.0,40000.0,40000.0,40000.0,40000.0,40000.0,8240.321289,8361.587891,8361.587891,8477.506836,9958.668945,9958.668945,9958.668945,9958.668945,9958.668945,9958.668945,9958.668945,9958.668945,9958.668945,9958.668945,5000.0,-518.255666,-56122.804441,85418.438467,0,true,true,1.0,-340.237632,0
4,225,11.25,1235.790584,38138.536352,6339.582578,33990.421377,33480.434122,-30.637919,-799.521012,-3977.517509,-14.16548,-75.958572,-88.776772,0.0,0.0,1.0,0.0,1.888622,0.629541,1.0,31922.25531,-53640.355831,-15151.378831,69.985768,1.0,57899.711505,18521.090868,73762.539308,39.999727,1.0,52146.414408,-65129.080975,71149.893803,39.947068,9812.765625,9812.765625,9812.765625,40000.0,40000.0,40000.0,40000.0,40000.0,40000.0,40000.0,8207.400391,8207.400391,8207.400391,8214.461914,9812.765625,9812.765625,9812.765625,9812.765625,9812.765625,9812.765625,9812.765625,9812.765625,9812.765625,9812.765625,5000.0,560.729245,-56115.640214,85426.807419,0,true,true,1.0,-340.227632,0
4,226,11.3,1237.19982,-1575.736172,6379.26636,-2569.687737,33676.053759,-27.924609,-809.227029,-3974.293159,-14.786857,-74.354218,-88.137947,0.0,0.0,1.0,0.0,2.101595,0.453285,1.0,30193.606229,-53884.215103,-15920.588774,69.989055,1.0,59228.170303,17966.565134,72334.447483,39.99979,1.0,52566.801439,-65692.840535,69818.041624,39.959296,9682.71582,9682.71582,40000.0,40000.0,40000.0,40000.0,40000.0,40000.0,40000.0,40000.0,8065.392578,8065.392578,8065.392578,8068.013184,9682.71582,9682.71582,9682.71582,9682.71582,9682.71582,9682.71582,9682.71582,9682.71582,9682.71582,9682.71582,5000.0,2068.399371,-56117.436044,85406.641424,0,true,true,1.0,-340.217632,0
4,227,11.35,1238.346937,38137.389235,6415.75883,33953.928906,33852.910022,-25.063264,-825.353975,-3980.33418,-15.114712,-72.426094,-87.801033,0.0,0.0,1.0,0.0,2.257246,0.120924,1.0,28396.228652,-54126.760321,-16794.396103,69.991353,1.0,61001.299536,17370.542023,70530.304948,39.999834,1.0,53376.047721,-66278.143113,68184.884601,39.967839,9594.900391,9594.900391,40000.0,40000.0,40000.0,40000.0,40000.0,40000.0,40000.0,40000.0,7961.257812,7620.844238,7961.257812,7861.968262,9594.900391,9594.900391,9594.900391,9594.900391,9594.900391,9594.900391,9594.900391,9594.900391,9594.900391,9594.900391,5000.0,4048.762752,-56135.173733,85327.8573,0,true,true,1.0,-340.207632,0
4,228,11.4,1239.369994,-1576.75923,6453.784222,-2607.713128,34033.047606,-21.73674,-844.122198,-3972.669394,-14.979379,-70.075455,-87.950356,0.0,0.0,1.0,0.0,3.329011,-0.193547,1.0,26446.339858,-54330.479613,-17795.527039,69.993201,1.0,63223.695405,16790.126902,68204.724766,39.999869,1.0,54659.806663,-66842.80241,66124.912798,39.974715,9537.868164,9537.868164,40000.0,40000.0,40000.0,40000.0,40000.0,40000.0,40000.0,40000.0,7881.3125,6836.680176,7881.3125,7881.3125,9537.868164,9537.868164,9537.868164,9537.868164,9537.868164,9537.868164,9537.868164,9537.868164,9537.868164,9537.868164,5000.0,6709.166681,-56171.012314,85140.091553,0,true,true,1.0,-340.197632,0
4,229,11.45,1240.318069,38136.441161,6496.567237,33911.145892,34229.345047,-18.354899,-871.614789,-3961.397978,-14.258561,-67.188873,-88.730797,0.0,0.0,1.0,0.0,2.884099,-0.423001,1.0,24308.800349,-54453.787042,-18934.740659,69.994782,1.0,65923.093239,16317.089977,65168.078673,39.9999,1.0,56569.447542,-67314.497452,63474.868814,39.980592,9514.830078,9514.830078,40000.0,40000.0,40000.0,40000.0,40000.0,40000.0,40000.0,40000.0,7825.290039,6743.445312,7346.023926,7825.290039,9514.830078,9514.830078,9514.830078,9514.830078,9514.830078,9514.830078,9514.830078,9514.830078,9514.830078,9514.830078,5000.0,10314.25808,-56219.071626,84750.659815,0,true,true,1.0,-340.187632,0
4,230,11.5,1241.100074,-1577.541235,6538.783624,-2649.929515,34415.339507,-16.162136,-907.497919,-3954.263133,-13.413826,-63.991913,-89.664307,0.0,0.0,1.0,0.0,1.969714,-0.098486,1.0,22107.313663,-54534.621298,-20073.374874,69.995936,1.0,68852.048228,15897.328694,61622.893681,40.0,1.0,58812.386548,-67733.962857,60413.93739,39.984887,9551.967773,9551.967773,40000.0,40000.0,40000.0,40000.0,40000.0,40000.0,40000.0,40000.0,7819.084961,6568.938965,6660.499023,7339.816406,9551.967773,9551.967773,9551.967773,9551.967773,9551.967773,9551.967773,9551.967773,9551.967773,9551.967773,9551.967773,5000.0,14455.636556,-56284.533936,84102.134183,0,true,true,1.0,-340.177632,0
4,231,11.55,1242.166372,38135.374862,6604.607009,33845.322506,34688.184065,-15.37297,-973.928029,-3931.409766,-12.300698,-58.853249,-90.939995,0.0,0.0,1.0,0.0,0.909909,0.139986,1.0,18635.597477,-54611.265868,-21607.931599,69.997187,1.0,73233.99473,15278.478996,55617.503903,40.0,1.0,62263.305445,-68348.445263,55272.851435,39.989539,9711.820312,9711.820312,40000.0,40000.0,40000.0,40000.0,40000.0,40000.0,40000.0,40000.0,7739.85498,5935.754395,6716.448242,6307.453613,8070.318359,9711.820312,9711.820312,9711.820312,9711.820312,9711.820312,9711.820312,9711.820312,9711.820312,9711.820312,5000.0,21134.111717,-56426.130185,82581.966574,0,true,true,1.0,-340.167632,0
4,232,11.6,1242.836799,-1578.211661,6647.002921,-2692.325427,34854.625406,-14.789032,-935.217176,-3672.071945,-11.794527,-55.672188,-91.547195,0.0,0.0,0.0,0.0,0.0,0.0,1.0,16443.003111,-54639.467749,-22360.885424,69.99777,1.0,75688.322992,14872.528703,51755.401892,40.0,1.0,64171.314894,-68747.600342,51986.743246,39.991705,9863.322266,40000.0,40000.0,40000.0,40000.0,40000.0,40000.0,40000.0,40000.0,40000.0,7136.098145,5660.234375,6174.434082,5973.447266,7776.442383,9863.322266,9863.322266,9863.322266,9863.322266,9863.322266,9863.322266,9863.322266,9863.322266,9863.322266,5000.0,25182.913215,-56546.798488,81354.438546,0,true,true,1.0,-340.157632,0
4,233,11.65,1243.42015,38134.791511,6683.892415,33808.433013,34999.568436,-12.935235,-817.988212,-3212.914243,-11.359768,-53.154404,-91.961777,0.0,0.0,0.0,1.0,0.0,0.0,1.0,14642.108419,-54598.323647,-22919.813633,69.99823,1.0,77443.372689,14459.700215,48689.805063,40.0,1.0,65505.377879,-69166.067264,49240.88191,39.993418,9997.360352,40000.0,40000.0,40000.0,40000.0,40000.0,40000.0,40000.0,40000.0,40000.0,6744.796387,5486.200195,5825.777832,5693.166016,8051.231934,9997.360352,9997.360352,9997.360352,9997.360352,9997.360352,9997.360352,9997.360352,9997.360352,9997.360352,5000.0,28322.36251,-56799.462632,80136.85344,0,true,true,1.0,-340.147632,0
4,234,11.7,1243.942252,-1578.733763,6716.908696,-2725.341708,35129.436976,-11.233538,-710.377628,-2794.24827,-10.601178,-50.767941,-92.253212,0.0,0.0,0.0,1.0,-0.489951,0.419958,1.0,12925.50337,-54376.260348,-23779.132872,69.998605,1.0,79024.662996,13671.568731,45843.401638,40.0,1.0,66647.227467,-69959.947539,46074.252622,39.994813,10160.931641,40000.0,40000.0,40000.0,40000.0,40000.0,40000.0,40000.0,40000.0,40000.0,6425.986328,5329.924805,5548.652344,5458.108398,8150.324219,10160.931641,10160.931641,10160.931641,10160.931641,9860.035156,10160.931641,10160.931641,10160.931641,10160.931641,5000.0,31211.316329,-57666.442068,78426.503253,0,true,true,1.0,-340.137632,0
4,235,11.75,1244.458608,38134.275156,6749.561584,33775.780124,35258.226924,-9.479429,-599.452704,-2367.400769,-9.574642,-48.597378,-92.309006,0.0,0.0,0.0,1.0,-0.629937,0.419958,1.0,11220.238843,-53952.257635,-24926.617377,69.998945,1.0,80346.705383,12450.911241,43381.283701,40.0,1.0,67395.478032,-71169.541154,42590.121088,39.996077,10321.251953,40000.0,40000.0,40000.0,40000.0,40000.0,40000.0,40000.0,40000.0,40000.0,6180.342285,5180.542969,5349.804199,5263.599121,8244.945312,10321.251953,10321.251953,10321.251953,10321.251953,9411.557617,10321.251953,10321.251953,10321.251953,10321.251953,5000.0,33634.347558,-59180.422895,76267.737666,0,true,true,1.0,-340.127632,0
4,236,11.8,1244.868485,-1579.143641,6775.481086,-2751.26121,35360.53027,-8.200017,-518.546231,-2047.076308,-8.190185,-46.579613,-92.243156,0.0,0.0,0.0,1.0,0.0,0.0,1.0,9633.688437,-53309.038161,-26428.252787,69.999184,1.0,81562.13925,10906.677068,41120.580549,40.0,1.0,67977.662234,-72653.670008,38644.333074,39.996965,10517.902344,40000.0,40000.0,40000.0,40000.0,40000.0,40000.0,40000.0,40000.0,40000.0,5975.87793,5030.04248,5189.796387,5091.849121,8373.702148,10517.902344,10517.902344,10517.902344,10517.902344,9038.311523,10517.902344,10517.902344,10517.902344,10517.902344,5000.0,35766.564688,-61263.075279,73607.322936,0,true,true,1.0,-340.117632,0
4,237,11.85,1245.31832,38133.825321,6803.92742,33747.33379,35472.824642,-6.789194,-429.329731,-1695.522845,-6.531154,-44.276356,-92.07856,0.0,0.0,0.0,0.0,0.0,0.0,1.0,7785.941438,-52449.480881,-28174.086987,69.999412,1.0,82877.335013,9092.453272,38476.626575,40.0,1.0,68478.088703,-74337.34531,33896.453326,39.997813,10782.066406,40000.0,40000.0,40000.0,40000.0,40000.0,40000.0,40000.0,40000.0,40000.0,5769.916016,4900.726074,5034.494629,4897.302246,8551.22168,10782.066406,10782.066406,10782.066406,10782.066406,8656.112305,10782.066406,10782.066406,10782.066406,10782.066406,5000.0,38069.666873,-63750.576738,70264.777428,0,true,true,1.0,-340.107632,0
4,238,11.9,1245.570301,-1579.395621,6819.861967,-2767.195757,35535.835312,-5.984584,-378.448425,-1496.735423,-5.758733,-43.1772,-91.967567,0.0,0.0,0.0,0.0,0.0,0.0,1.0,6853.428083,-52006.624022,-28944.696818,69.999526,1.0,83448.257645,8244.259532,37213.6322,40.0,1.0,68612.735261,-75110.368461,31628.848153,39.998236,10908.422852,40000.0,40000.0,40000.0,40000.0,40000.0,40000.0,40000.0,40000.0,40000.0,5683.638672,4852.166992,4986.128418,4784.670898,8632.380859,10908.422852,10908.422852,10908.422852,10908.422852,8504.180664,10908.422852,10908.422852,10908.422852,10908.422852,5000.0,39107.086816,-64909.298885,68615.441931,0,true,true,1.0,-340.097632,0
4,239,11.95,1246.174853,38133.220768,6849.657042,33717.538715,35631.210129,-11.662193,-536.579113,-1574.752525,-4.791886,-41.758373,-91.827103,0.0,0.0,1.0,0.0,0.979902,-0.349965,1.0,5589.741031,-51423.310403,-29847.738906,69.999657,1.0,84095.153523,7222.2607,35571.234365,40.0,1.0,68686.535995,-76030.526491,28745.277551,39.998726,11064.404297,40000.0,40000.0,40000.0,40000.0,40000.0,40000.0,40000.0,40000.0,40000.0,5589.018555,4781.530762,4975.918457,4695.621094,8725.936523,11064.404297,11064.404297,11064.404297,11064.404297,8358.671875,11064.404297,11064.404297,11064.404297,11064.404297,5000.0,40407.62026,-66318.846759,66475.807282,0,true,true,1.0,-340.087632,0
4,240,12.0,1246.650789,-1579.871557,6870.001087,-2787.539802,35684.591695,-14.298123,-611.178205,-1603.695305,-4.420474,-41.137115,-91.901413,0.0,0.0,1.0,0.0,2.488757,-0.961565,1.0,5073.265874,-51221.147299,-30084.308026,69.999714,1.0,84313.483398,7027.417922,34835.373379,40.0,1.0,68792.179558,-76227.467373,27673.152066,39.998938,11119.953125,40000.0,40000.0,40000.0,40000.0,40000.0,40000.0,40000.0,40000.0,40000.0,5554.150391,4767.37207,4956.248535,4677.265137,8752.595703,11119.953125,11119.953125,11119.953125,11119.953125,8286.597656,11119.953125,11119.953125,11119.953125,11119.953125,5000.0,41082.925011,-66684.528514,65684.720064,0,true,true,1.0,-340.077632,0
4,241,12.05,1247.857792,38132.013765,6917.154645,33670.385157,35791.742242,-20.201894,-767.218079,-1671.889116,-3.482527,-39.533291,-92.400452,0.0,0.0,1.0,0.0,2.15582,-1.07791,1.0,4037.892828,-50837.946661,-30552.807114,78.923867,1.0,84894.373945,7048.152255,32779.784848,40.0,1.0,69465.216802,-76276.960424,25093.223954,39.999254,11324.365234,40000.0,40000.0,40000.0,40000.0,40000.0,40000.0,40000.0,40000.0,40000.0,5458.34668,4737.648438,4885.26709,4658.239258,8877.651367,11324.365234,11324.365234,11324.365234,11324.365234,8066.589355,11052.512695,11324.365234,11324.365234,11324.365234,5000.0,43129.897275,-67178.827058,63822.26834,0,true,true,1.0,-340.067632,0
4,242,12.1,1249.189177,-1581.202942,6963.355949,-2833.741106,35883.174875,-26.632805,-896.917954,-1724.162895,-2.532355,-37.707474,-92.990021,0.0,0.0,1.0,0.0,0.559944,0.0,1.0,3000.365444,-50477.025385,-31007.121536,84.1764,1.0,85557.766475,7253.691876,30326.838761,40.0,1.0,70330.032104,-76152.242939,22231.599962,39.99944,11635.830078,40000.0,40000.0,40000.0,40000.0,40000.0,40000.0,40000.0,40000.0,40000.0,5323.354492,4934.630371,4851.764648,4656.450195,9089.523438,11635.830078,11635.830078,11635.830078,11635.830078,7828.003418,10655.750977,11635.830078,11635.830078,11635.830078,5000.0,45489.64621,-67533.677952,61751.612077,0,true,true,1.0,-340.057632,0
4,243,12.15,1250.706222,38130.49672,7010.047533,33623.693573,35966.602186,-33.730489,-1008.828472,-1761.796437,-1.674587,-35.912941,-93.497032,0.0,0.0,1.0,0.0,0.279972,0.139986,1.0,1969.293631,-50141.325725,-31413.420573,87.718053,1.0,86141.954445,7463.62056,27888.345563,40.0,1.0,71080.39962,-76008.607585,19416.095347,39.999565,11991.022461,40000.0,40000.0,40000.0,40000.0,40000.0,40000.0,40000.0,40000.0,40000.0,5290.325684,5003.350586,5078.108398,4622.316895,9327.900391,40000.0,11991.022461,11991.022461,11991.022461,7622.861328,10297.217773,11991.022461,11991.022461,11991.022461,5000.0,47719.831137,-67843.899586,59665.063387,0,true,true,1.0,-340.047632,0
4,244,12.2,1252.696995,-1583.193715,7064.371637,-2888.065211,36055.354359,-42.223606,-1120.492527,-1791.362192,-0.955455,-34.10524,-93.832809,0.0,0.0,1.0,0.0,0.419958,0.629937,1.0,797.023107,-49828.813327,-31746.927631,90.583888,1.0,86636.469495,7548.542879,25433.377553,40.0,1.0,71570.006373,-75964.682258,16621.968083,39.999667,12385.345703,40000.0,40000.0,40000.0,40000.0,40000.0,40000.0,40000.0,40000.0,40000.0,5667.857422,5035.241211,5153.849121,4592.759766,9311.774414,40000.0,12385.345703,12385.345703,12385.345703,7458.567383,10040.606445,12385.345703,12385.345703,12385.345703,5000.0,49756.617052,-68184.294655,57538.832584,0,true,true,1.0,-340.037632,0
4,245,12.25,1255.454932,38127.738783,7131.485991,33556.57922,36155.766299,-52.248807,-1239.878014,-1814.94481,-0.38572,-32.267727,-93.965111,0.0,0.0,1.0,0.0,0.489951,0.349965,1.0,-586.844689,-49536.110157,-31988.489938,93.016724,1.0,87028.292786,7446.193153,22948.092986,40.0,1.0,71723.020175,-76078.544111,13846.647837,39.999753,12819.889648,40000.0,40000.0,40000.0,40000.0,40000.0,40000.0,40000.0,40000.0,40000.0,5729.910645,5021.977539,5224.85791,4569.289551,40000.0,40000.0,12819.889648,12819.889648,12819.889648,7306.003418,9804.305664,12819.889648,12819.889648,12819.889648,5000.0,51563.747557,-68596.656724,55366.635632,0,true,true,1.0,-340.027632,0
4,246,12.3,1257.193729,-1584.932513,7170.165794,-2926.745015,36206.735247,-59.167114,-1316.181166,-1734.351333,-0.12764,-31.369873,-94.003571,1.0,0.0,1.0,0.0,0.069993,0.069993,1.0,-1299.927042,-49395.936971,-32085.349836,94.042844,1.0,87174.242611,7381.58834,21729.326851,40.0,1.0,71723.354436,-76147.382278,12495.2698,39.999789,13049.898438,40000.0,40000.0,40000.0,40000.0,40000.0,40000.0,40000.0,40000.0,40000.0,5747.70752,5024.076172,5227.463379,4564.026855,40000.0,40000.0,13049.898438,13049.898438,13049.898438,7222.507324,9701.228516,13049.898438,13049.898438,13049.898438,5000.0,52397.684974,-68799.065724,54289.70763,0,true,true,1.0,-340.017632,0
4,247,12.35,1261.137708,38123.794804,7252.302598,33474.442416,36299.908157,-71.696155,-1467.967457,-1584.516076,0.281486,-29.953289,-94.05851,1.0,0.0,1.0,0.0,-0.419958,-0.069993,1.0,-2518.718806,-49169.671448,-32209.057651,95.633777,1.0,87285.105243,7286.892344,19819.621003,40.0,1.0,71588.298662,-76260.755893,10363.550503,39.999845,13419.136719,40000.0,40000.0,40000.0,40000.0,40000.0,40000.0,40000.0,40000.0,40000.0,6028.461914,5056.072266,5246.779785,4577.552246,40000.0,40000.0,13419.136719,13419.136719,13419.136719,7151.276855,9623.185547,13419.136719,13419.136719,13419.136719,5000.0,53659.481718,-69110.809546,52558.174964,0,true,true,1.0,-340.007632,0
4,248,12.4,1265.345848,-1589.140652,7335.443956,-3009.886373,36378.617707,-81.655257,-1598.071397,-1447.336358,0.691192,-28.869484,-94.157982,1.0,0.0,1.0,0.0,-1.877959,-0.417324,1.0,-3483.79144,-48960.037114,-32346.160545,96.717904,1.0,87260.835405,7282.494025,18366.681959,40.0,1.0,71441.521901,-76293.278854,8636.035949,39.999884,13714.089844,40000.0,40000.0,40000.0,40000.0,40000.0,40000.0,40000.0,40000.0,40000.0,6357.231445,5109.527344,5286.964355,4611.347168,40000.0,40000.0,13714.089844,13714.089844,13714.089844,7121.504395,9573.076172,13714.089844,13714.089844,13714.089844,5000.0,54644.120222,-69348.717621,51126.199176,0,true,true,1.0,-339.997632,0
4,249,12.45,1270.458042,38118.68261,7432.632262,33377.254111,36458.004485,-91.278777,-1714.148138,-1385.155552,1.08039,-28.171804,-94.30864,0.0,0.0,1.0,0.0,0.0,0.0,1.0,-4240.428949,-48778.996338,-32472.000149,97.59652,1.0,71226.005501,-76260.799987,7433.86445,40.0,1.0,87044.982846,7367.082543,17484.516776,40.0,13856.724609,40000.0,40000.0,40000.0,40000.0,40000.0,40000.0,40000.0,40000.0,40000.0,6801.410645,5277.812988,5268.162109,4650.304199,40000.0,40000.0,13856.724609,13856.724609,13856.724609,7190.656738,9650.727539,13856.724609,13856.724609,13856.724609,5000.0,55308.580195,-69494.054277,50097.651398,0,true,true,1.0,-339.987632,0
4,250,12.5,1275.362985,-1594.045596,7521.952786,-3099.206897,36528.301758,-100.429161,-1811.238205,-1413.537796,1.355171,-27.673285,-94.412071,0.0,0.0,1.0,0.0,0.0,0.0,1.0,-4875.968785,-48649.847619,-32539.990977,98.159593,1.0,70966.126594,-76250.548257,6591.088182,40.0,1.0,86801.286938,7423.640164,16877.08706,40.0,13934.737305,40000.0,40000.0,40000.0,40000.0,40000.0,40000.0,40000.0,40000.0,40000.0,7346.575195,5417.161133,5204.004883,4689.491699,40000.0,40000.0,13934.737305,13934.737305,13934.737305,7217.499023,9586.926758,13934.737305,13934.737305,13934.737305,5000.0,55751.312679,-69594.015954,49361.939043,0,true,true,1.0,-339.977632,0
4,251,12.55,1280.823303,38113.222292,7617.681733,33281.525165,36601.343707,-109.090869,-1895.667371,-1436.784686,1.552711,-27.31188,-94.484917,0.0,0.0,1.0,0.0,0.0,0.0,1.0,-5485.389385,-48554.857241,-32560.285002,98.599272,1.0,70620.120213,-76268.341902,6003.901165,40.0,1.0,86491.453783,7456.080001,16472.366605,40.0,13945.477539,40000.0,40000.0,40000.0,40000.0,40000.0,40000.0,40000.0,40000.0,40000.0,40000.0,5580.575684,4940.325684,4784.414062,40000.0,40000.0,13945.477539,13945.477539,13945.477539,7171.871094,9607.831055,13945.477539,13945.477539,13945.477539,5000.0,56030.385645,-69665.021988,48832.389857,0,true,true,1.0,-339.967632,0
4,252,12.6,1286.6625,-1599.884793,7716.659253,-3198.184418,36674.691001,-117.912456,-1983.107147,-1459.580085,1.726552,-26.957672,-94.550461,0.0,0.0,1.0,0.0,0.419958,-0.069993,1.0,-6107.117656,-48471.841487,-32562.269441,98.930235,1.0,70251.253925,-76288.754916,5452.385842,40.0,1.0,86165.470024,7486.964806,16075.219715,40.0,13952.923828,40000.0,40000.0,40000.0,40000.0,40000.0,40000.0,40000.0,40000.0,40000.0,40000.0,5748.251953,4955.446777,4883.128906,40000.0,40000.0,13952.923828,13952.923828,13952.923828,7207.057617,9736.30957,13952.923828,13952.923828,13952.923828,5000.0,56290.768377,-69722.537054,48331.882355,0,true,true,1.0,-339.957632,0
4,253,12.65,1293.499792,38106.385001,7828.891981,33169.292437,36755.631117,-126.787777,-2065.245415,-1479.540787,1.915256,-26.554041,-94.666603,0.0,0.0,1.0,0.0,0.769923,-0.559944,1.0,-6775.351405,-48399.04442,-32541.646308,99.203686,1.0,69885.853559,-76257.165335,4860.383804,40.0,1.0,85789.483937,7589.471583,15616.651322,40.0,13968.202148,40000.0,40000.0,40000.0,40000.0,40000.0,40000.0,40000.0,40000.0,40000.0,40000.0,5873.235352,5019.105469,4993.396484,40000.0,40000.0,13968.202148,13968.202148,7138.867676,7307.371582,9746.727539,13968.202148,13968.202148,13968.202148,5000.0,56631.348421,-69725.073282,47793.154444,0,true,true,1.0,-339.947632,0
4,254,12.7,1297.16045,-1603.545451,7887.599006,-3256.891443,36797.104135,-131.473582,-2108.479399,-1489.515143,2.025828,-26.272085,-94.767868,0.0,0.0,1.0,0.0,1.119888,-0.489951,1.0,-7129.304825,-48370.12004,-32517.082681,99.314546,1.0,69752.95343,-76190.615439,4473.565253,40.0,1.0,85605.401288,7704.02071,15271.149226,40.0,14013.588867,40000.0,40000.0,40000.0,40000.0,40000.0,40000.0,40000.0,40000.0,40000.0,40000.0,5908.379395,5073.279785,5046.765137,40000.0,40000.0,14013.588867,14013.588867,7095.000977,7316.537109,9699.212891,14013.588867,14013.588867,14013.588867,5000.0,56913.902347,-69681.676777,47448.24604,0,true,true,1.0,-339.937632,0
4,255,12.75,1303.470753,38100.074698,7988.79914,33068.092303,36868.740179,-111.066601,-1781.206808,-1260.765935,2.266062,-25.492237,-95.029335,0.0,0.0,0.0,0.0,1.189881,-0.419958,1.0,-7825.120676,-48325.751259,-32437.995144,99.488576,1.0,69658.428091,-75976.638507,3441.618669,40.0,1.0,85353.818038,8030.804611,14255.429886,40.0,14245.863281,40000.0,40000.0,40000.0,40000.0,40000.0,40000.0,40000.0,40000.0,40000.0,40000.0,5949.865234,5154.407227,5123.619629,40000.0,40000.0,14245.863281,14245.863281,6939.99707,7287.338867,9646.041992,14245.863281,14245.863281,14245.863281,5000.0,57744.478625,-69523.774932,46544.211334,0,true,true,1.0,-339.927632,0
4,256,12.8,1309.76936,-1609.844058,8094.844231,-3362.936534,36931.110684,-103.094172,-1765.086821,-971.025311,2.557002,-24.515522,-95.458206,1.0,0.0,0.0,0.0,0.349965,-0.349965,1.0,-8487.18776,-48318.662062,-32343.006124,99.630581,1.0,69773.725058,-75570.244878,2166.732214,40.0,1.0,85113.198644,8603.584856,12928.338668,40.0,14625.953125,40000.0,40000.0,40000.0,40000.0,40000.0,40000.0,40000.0,40000.0,40000.0,40000.0,5978.395508,5150.152344,5193.60791,40000.0,40000.0,14625.953125,14625.953125,6853.855469,7206.326172,9558.569336,14625.953125,14625.953125,14625.953125,5000.0,58911.95704,-69178.530023,45446.165235,0,true,true,1.0,-339.917632,0
4,257,12.85,1313.066461,38096.777597,8153.580137,33009.356397,36958.277357,-98.913023,-1762.077081,-815.000154,2.717206,-24.013369,-95.732201,1.0,0.0,0.0,0.0,0.0,-0.139986,1.0,-8787.948454,-48330.38501,-32304.531745,99.693306,1.0,69884.426074,-75303.283554,1503.985772,40.0,1.0,84968.180057,8974.341117,12231.283689,40.0,14846.359375,40000.0,40000.0,40000.0,40000.0,40000.0,40000.0,40000.0,40000.0,40000.0,40000.0,5994.596191,5194.477051,5233.199707,40000.0,40000.0,14846.359375,14846.359375,6812.282715,7187.074707,9507.052734,14846.359375,14846.359375,14846.359375,5000.0,59562.162805,-68936.654642,44882.549317,0,true,true,1.0,-339.907632,0
4,258,12.9,1319.103378,-1615.880975,8268.342585,-3477.698983,36996.48241,-90.412449,-1755.830896,-514.359137,3.086354,-23.230881,-96.429138,1.0,0.0,0.0,0.0,-0.979902,-0.839916,1.0,-9110.935377,-48382.788263,-32303.028558,99.789366,1.0,70292.090717,-74607.331867,415.322424,40.0,1.0,84625.35281,9909.531846,11133.732068,40.0,15220.463867,40000.0,40000.0,40000.0,40000.0,40000.0,40000.0,40000.0,40000.0,40000.0,40000.0,6030.183105,5239.337891,5314.95166,40000.0,40000.0,40000.0,15220.463867,6754.793457,7146.813965,9389.59082,15220.463867,15220.463867,14881.665039,5000.0,60833.856477,-68300.274512,43976.519697,0,true,true,1.0,-339.897632,0
4,259,12.95,1321.932964,38093.948012,8325.812685,32951.886298,37008.886676,-86.121079,-1749.15624,-377.535462,3.298363,-22.951014,-96.860542,1.0,0.0,0.0,0.0,-0.979902,-0.909909,1.0,-9134.424642,-48424.986709,-32340.847065,99.823969,1.0,70592.998666,-74166.259505,-6.455671,40.0,1.0,84417.710588,10483.664404,10736.012958,40.0,15364.036133,40000.0,40000.0,40000.0,40000.0,40000.0,40000.0,40000.0,40000.0,40000.0,40000.0,6090.106934,5256.251465,5423.449707,40000.0,40000.0,40000.0,15364.036133,6738.32959,7125.823242,9323.425781,15364.036133,15364.036133,14825.640625,5000.0,61462.392344,-67896.724628,43639.694137,0,true,true,1.0,-339.887632,0
4,260,13.0,1326.997499,-1620.94551,8436.036156,-3587.922453,37020.680149,-78.156859,-1742.665111,-123.714637,3.717295,-22.513378,-97.734573,1.0,0.0,0.0,0.0,-0.139986,0.0,1.0,-9065.774853,-48515.905448,-32471.454338,99.875226,1.0,71229.67366,-73265.402455,-727.835224,40.0,1.0,83995.026867,11639.944476,10090.714019,40.0,15615.913086,40000.0,40000.0,40000.0,40000.0,40000.0,40000.0,40000.0,40000.0,40000.0,40000.0,6127.385254,5288.923828,5579.47168,40000.0,40000.0,40000.0,15615.913086,6716.86084,7088.743652,9199.43457,15615.913086,15615.913086,14737.104492,5000.0,62628.902476,-67064.844589,43092.361832,0,true,true,1.0,-339.877632,0
4,261,13.05,1331.146796,38089.798714,8535.200534,32852.721919,37018.399141,-70.941289,-1737.248019,93.760122,4.104972,-22.120672,-98.554443,1.0,0.0,0.0,0.0,-0.139986,0.0,1.0,-8949.472643,-48603.479092,-32638.970559,99.908279,1.0,71852.633618,-72405.331923,-1418.410625,40.0,1.0,83607.491486,12724.551008,9481.584128,40.0,15884.916992,40000.0,40000.0,40000.0,40000.0,40000.0,40000.0,40000.0,40000.0,40000.0,40000.0,6159.92627,5315.824707,5719.416992,40000.0,40000.0,40000.0,15884.916992,6702.26123,7055.090332,9087.920898,15884.916992,15884.916992,14664.825195,5000.0,63704.291605,-66265.363616,42588.441899,0,true,true,1.0,-339.867632,0
4,262,13.1,1333.282144,-1623.080858,8583.87848,-3636.6004,37014.770128,-78.602821,-1791.850465,133.58511,4.28722,-21.946609,-98.942825,1.0,0.0,1.0,0.0,-0.209979,0.069993,1.0,-8888.600265,-48645.264127,-32732.360452,99.920738,1.0,72141.109049,-71995.205409,-1740.867737,40.0,1.0,83412.772166,13236.799828,9203.218998,40.0,16014.316406,40000.0,40000.0,40000.0,40000.0,40000.0,40000.0,40000.0,40000.0,40000.0,40000.0,6177.669434,5330.88623,5789.17041,40000.0,40000.0,40000.0,16014.316406,6695.51416,7041.451172,9046.348633,16014.316406,16014.316406,14631.094727,5000.0,64198.661918,-65881.179875,42360.075239,0,true,true,1.0,-339.857632,0
4,263,13.15,1338.150165,38084.930693,8684.584224,32752.016176,37004.491631,-94.415665,-1896.676613,211.018259,4.563535,-21.677513,-99.53614,1.0,0.0,1.0,0.0,0.0,0.0,1.0,-8883.60802,-48712.579566,-32930.506162,99.940657,1.0,72486.65345,-71390.573524,-2293.570285,40.0,1.0,83034.718422,14008.085604,8728.867487,40.0,16231.18457,40000.0,40000.0,40000.0,40000.0,40000.0,40000.0,40000.0,40000.0,40000.0,40000.0,6213.14209,5381.973633,5921.934082,9333.018555,40000.0,40000.0,16231.18457,6691.990234,7036.765137,8986.767578,16231.18457,16231.18457,14549.925781,5000.0,64928.102142,-65287.759997,41994.200079,0,true,true,1.0,-339.847632,0
4,264,13.2,1343.730578,-1628.661271,8788.017834,-3740.03401,36990.629895,-110.001448,-1989.392274,281.178077,4.771487,-21.474707,-99.986351,1.0,0.0,1.0,0.0,-0.069993,0.0,1.0,-8967.121199,-48767.690594,-33142.283448,99.955241,1.0,72653.602492,-70954.558833,-2772.940001,40.0,1.0,82666.464633,14581.627349,8319.633874,40.0,16414.988281,16414.988281,40000.0,40000.0,40000.0,40000.0,40000.0,40000.0,40000.0,40000.0,40000.0,6478.616211,5489.63623,6049.483398,9410.532227,40000.0,40000.0,16414.988281,6694.274902,7049.225586,8967.585938,16414.988281,16414.988281,14457.820312,5000.0,65452.843994,-64833.045671,41703.302219,0,true,true,1.0,-339.837632,0
4,265,13.25,1350.787571,38077.873701,8903.287288,32636.746722,36974.463677,-133.518297,-2079.213343,262.469175,4.926822,-21.323889,-100.32473,0.0,0.0,1.0,0.0,0.0,0.0,1.0,-9157.18087,-48814.181699,-33376.627918,99.966906,1.0,72645.54064,-70662.033885,-3208.684535,40.0,1.0,82278.5953,14996.811626,7949.609392,40.0,16570.074219,16570.074219,40000.0,40000.0,40000.0,40000.0,40000.0,40000.0,40000.0,40000.0,40000.0,6822.691895,5735.848145,6181.176758,9511.542969,40000.0,40000.0,16570.074219,6647.196289,7138.046875,8980.767578,16570.074219,16570.074219,14345.180664,5000.0,65810.359551,-64490.492673,41467.868482,0,true,true,1.0,-339.827632,0
4,266,13.3,1359.395786,-1637.269486,9021.822459,-3858.569181,36963.903278,-163.389921,-2170.012838,168.011506,5.033832,-21.218807,-100.558891,0.0,0.0,1.0,0.0,0.0,0.0,1.0,-9432.178392,-48851.19499,-33591.491853,99.975408,1.0,72493.187303,-70495.33519,-3567.135632,40.0,1.0,81886.806613,15268.921572,7648.509792,40.0,16677.498047,16677.498047,40000.0,40000.0,40000.0,40000.0,40000.0,40000.0,40000.0,40000.0,40000.0,7025.921875,5913.299805,6308.070801,9624.796875,40000.0,40000.0,16677.498047,6534.782227,7158.483887,9089.598633,16677.498047,16677.498047,14221.569336,5000.0,66020.508844,-64254.238155,41290.814384,0,true,true,1.0,-339.817632,0
4,267,13.35,1369.296967,38067.97252,9141.56005,32517.009131,36958.403498,-191.474674,-2251.321264,80.30045,4.979092,-21.138657,-100.740105,0.0,0.0,1.0,-1.0,0.0,-0.069993,1.0,-9751.563883,-48963.839883,-33670.346554,99.981561,1.0,72265.873898,-70399.469913,-3706.233935,40.0,1.0,81489.659545,15487.027253,7356.103935,40.0,16753.072266,16753.072266,40000.0,40000.0,40000.0,40000.0,40000.0,40000.0,40000.0,40000.0,40000.0,7316.007324,6085.425293,6431.697266,9747.112305,40000.0,40000.0,16753.072266,6471.715332,7168.497559,9130.867188,16753.072266,16622.341797,14092.974609,5000.0,66154.166847,-63973.510033,41301.03744,0,true,true,1.0,-339.807632,0
4,268,13.4,1375.374993,-1643.347512,9209.067012,-3926.076143,36957.456936,-206.126299,-2289.388087,32.101085,4.779264,-21.108309,-100.940552,0.0,0.0,1.0,-1.0,-0.279972,-1.679832,1.0,-9844.660675,-49163.060777,-33535.17599,99.984279,1.0,72246.131845,-70243.598267,-3497.228551,40.0,1.0,81233.240938,15763.429103,7175.077052,40.0,16778.685547,16778.685547,40000.0,40000.0,40000.0,40000.0,40000.0,40000.0,40000.0,40000.0,40000.0,7531.150879,6198.767578,6511.495605,9809.40332,40000.0,40000.0,16778.685547,6461.974609,7186.639648,9102.106445,16778.685547,16572.902344,14032.896484,5000.0,66312.185002,-63562.982062,41561.600353,0,true,true,1.0,-339.797632,0
4,269,13.45,1389.396145,38053.951367,9352.757401,32373.318742,36959.757164,-237.499803,-2373.290918,-59.252597,4.225039,-21.037731,-102.114586,0.0,0.0,1.0,-1.0,-0.229962,-4.982505,1.0,-9417.718308,-49935.119113,-32890.646488,99.988717,1.0,73042.275839,-69044.598131,-2500.182463,40.0,1.0,80465.112138,17371.493658,6746.537235,40.0,16826.001953,16826.001953,40000.0,40000.0,40000.0,40000.0,40000.0,40000.0,40000.0,40000.0,40000.0,8452.446289,6488.775391,6695.838867,9727.978516,40000.0,40000.0,16826.001953,6478.799316,7162.700195,9031.390625,16826.001953,16651.511719,13991.398438,5000.0,67364.663534,-61576.379455,42595.599097,0,true,true,1.0,-339.787632,0
4,270,13.5,1404.939663,-1658.89103,9496.52349,-4069.842231,36966.934351,-272.088779,-2452.199382,-140.795262,3.597284,-20.899534,-104.570175,0.0,0.0,1.0,-1.0,0.149943,-4.460798,1.0,-7919.269995,-51170.287298,-31742.941465,99.991807,1.0,75212.662854,-66270.958869,-885.384009,40.0,1.0,79241.92237,20671.33812,6122.048359,40.0,16912.115234,16912.115234,40000.0,40000.0,40000.0,40000.0,40000.0,40000.0,40000.0,40000.0,40000.0,40000.0,7136.317871,7102.42041,8159.696289,40000.0,40000.0,16912.115234,6547.18457,7071.11084,8639.007812,16912.115234,16912.115234,14113.607422,5000.0,69605.606119,-57704.676207,44140.358522,0,true,true,1.0,-339.777632,0
4,271,13.55,1414.5122,38044.378831,9577.581761,32292.260471,36973.052701,-292.994357,-2481.015911,-187.269273,3.228878,-20.768879,-106.207451,0.0,0.0,1.0,-1.0,0.561239,-4.570085,1.0,-6866.254663,-51919.973413,-30975.092407,99.993145,1.0,76655.481354,-64338.695757,49.707607,40.0,1.0,78401.393689,22833.195879,5630.624618,40.0,16996.507812,16996.507812,40000.0,40000.0,40000.0,40000.0,40000.0,40000.0,40000.0,40000.0,40000.0,40000.0,7408.324707,6997.848145,7977.694336,40000.0,40000.0,16996.507812,6635.179688,7017.588867,8506.496094,16996.507812,16996.507812,14227.854492,5000.0,71069.955975,-55090.987874,45004.302727,0,true,true,1.0,-339.767632,0
4,272,13.6,1433.190671,-1677.569501,9722.195024,-4214.455494,36986.602905,-340.219741,-2555.629208,-255.20522,2.675931,-20.439651,-109.805923,0.0,0.0,1.0,0.0,0.405332,-2.258276,1.0,-4393.284771,-53289.79599,-29442.259015,99.994958,1.0,79778.187357,-59885.113767,1653.147455,40.0,1.0,76460.097465,27461.603079,4497.589663,40.0,16155.15332,17219.480469,40000.0,40000.0,40000.0,40000.0,40000.0,40000.0,40000.0,40000.0,40000.0,40000.0,7339.196289,6819.922363,7358.891602,40000.0,40000.0,17219.480469,6884.733887,6796.783691,8102.221191,17219.480469,17219.480469,15012.34668,5000.0,74138.209844,-49378.203733,46427.512099,0,true,true,1.0,-339.757632,0
4,273,13.65,1454.6372,38022.932301,9868.209501,32146.245993,37003.720464,-395.55045,-2607.046175,-321.209189,2.32047,-20.048916,-113.743935,0.0,0.0,1.0,0.0,0.307238,-2.457905,1.0,-1578.387246,-54453.126071,-27952.183889,99.996276,1.0,82951.740849,-54768.103399,2908.570953,40.0,1.0,74061.576104,32321.984041,3190.618931,40.0,12942.612305,17490.927734,40000.0,40000.0,40000.0,40000.0,40000.0,40000.0,40000.0,40000.0,40000.0,40000.0,7940.574707,6587.353516,6959.000977,40000.0,40000.0,40000.0,17490.927734,6646.120117,7729.945801,17490.927734,17490.927734,15393.631836,5000.0,77179.489116,-43103.63996,47476.764142,0,true,true,1.0,-339.747632,0
4,274,13.7,1480.697522,-1703.629823,10022.545021,-4368.791014,37025.213762,-464.809636,-2658.236367,-382.938055,2.158589,-19.584551,-118.034294,0.0,0.0,1.0,0.0,0.397361,-2.213866,1.0,1569.160341,-55370.23291,-26530.019045,99.997284,1.0,86065.841298,-48956.653046,3795.317251,40.0,1.0,71102.130173,37365.090685,1721.411385,40.0,13172.616211,17824.671875,17824.671875,40000.0,40000.0,40000.0,40000.0,40000.0,40000.0,40000.0,40000.0,40000.0,40000.0,7408.022949,7337.941406,10501.495117,40000.0,40000.0,17824.671875,6568.425781,7396.488281,17824.671875,17824.671875,15774.203125,5000.0,80092.631808,-36233.95958,48143.649863,0,true,true,1.0,-339.737632,0
4,275,13.75,1495.826962,38007.802861,10102.878423,32065.912591,37037.644651,-503.705179,-2674.543824,-413.862192,2.146379,-19.334347,-120.315536,0.0,0.0,1.0,0.0,0.160839,-2.533217,1.0,3277.185466,-55721.625464,-25847.899288,99.997692,1.0,87567.423789,-45779.295385,4120.25315,40.0,1.0,69385.204698,39936.391056,948.742783,40.0,13335.506836,18008.798828,18008.798828,40000.0,40000.0,40000.0,40000.0,40000.0,40000.0,40000.0,40000.0,40000.0,40000.0,7928.416016,7675.515625,10070.366211,40000.0,40000.0,18008.798828,6466.141602,7191.330566,8773.137695,18008.798828,16225.96875,5000.0,81454.190779,-32565.204627,48353.671856,0,true,true,1.0,-339.727632,0
4,276,13.8,1528.062847,-1735.865708,10256.749568,-4522.66216,37063.43585,-588.802882,-2715.179803,-465.329091,2.212251,-18.843397,-125.036156,0.0,0.0,1.0,0.0,-0.069993,-0.769923,1.0,6920.994699,-56170.658939,-24534.597088,99.998302,1.0,90348.096036,-39017.774226,4620.692228,40.0,1.0,65559.762805,45015.745977,-598.97433,40.0,14355.652344,15881.360352,18380.445312,40000.0,40000.0,40000.0,40000.0,40000.0,40000.0,40000.0,40000.0,40000.0,40000.0,7771.666016,7321.792969,8087.961914,40000.0,40000.0,18380.445312,6494.429688,6930.126465,8191.784668,18380.445312,18380.445312,5000.0,83824.757194,-24908.748094,48606.763769,0,true,true,1.0,-339.717632,0
4,277,13.85,1565.449548,37970.41616,10411.881601,31910.780558,37092.005827,-681.006567,-2731.987012,-514.299997,2.24408,-18.479511,-128.598785,0.0,0.0,1.0,0.0,0.0,0.0,1.0,9558.140439,-56375.006763,-23567.771421,99.99875,1.0,62223.4325,48526.73359,-1842.896097,47.923759,1.0,91966.987143,-33867.159119,4876.222349,40.0,14770.586914,12386.75293,18639.234375,40000.0,40000.0,40000.0,40000.0,40000.0,40000.0,40000.0,40000.0,40000.0,40000.0,8763.881836,7105.907715,7696.687988,40000.0,40000.0,40000.0,6663.438965,6836.36084,7839.181641,18639.234375,18639.234375,5000.0,85173.084026,-19033.417992,48666.887966,0,true,true,1.0,-339.707632,0
4,278,13.9,1606.589815,-1777.005975,10561.982931,-4672.76349,37121.848046,-775.650211,-2746.091768,-556.64341,2.243564,-18.201464,-131.243729,0.0,0.0,1.0,0.0,0.139986,0.419958,1.0,11390.981257,-56486.348262,-22854.792745,99.999069,1.0,59447.097247,50899.648659,-2834.136183,53.546145,1.0,92853.089271,-30064.773873,4986.575643,40.0,14658.950195,12237.602539,18818.564453,18818.564453,40000.0,40000.0,40000.0,40000.0,40000.0,40000.0,40000.0,40000.0,40000.0,11701.621094,7638.146484,7516.986328,40000.0,40000.0,40000.0,6889.143066,6705.99707,7684.354004,18818.564453,18818.564453,5000.0,85921.996158,-14627.757338,48624.780587,0,true,true,1.0,-339.697632,0
4,279,13.95,1630.185451,37946.820524,10640.558228,31832.205261,37138.361462,-825.512881,-2749.021912,-577.735581,2.224825,-18.062351,-132.464813,0.0,0.0,1.0,0.0,0.069993,0.489951,1.0,12198.98142,-56531.166095,-22515.793131,99.999202,1.0,58082.097356,51922.837781,-3327.510542,55.897648,1.0,93173.988047,-28316.505307,5008.102431,40.0,14626.112305,12260.863281,18905.353516,18905.353516,40000.0,40000.0,40000.0,40000.0,40000.0,40000.0,40000.0,40000.0,40000.0,40000.0,7874.401855,7729.102539,40000.0,40000.0,40000.0,6928.470703,6675.062012,7540.456543,18905.353516,18905.353516,5000.0,86202.35769,-12574.121805,48569.821158,0,true,true,1.0,-339.687632,0
4,280,14.0,1687.617514,-1834.438038,10814.335151,-4846.540412,37177.108427,-935.912594,-2748.080739,-621.775679,2.002676,-17.807251,-134.700714,0.0,0.0,1.0,-1.0,-0.069993,0.419958,1.0,13560.460521,-56688.106562,-21723.475379,99.999435,1.0,55391.467749,53629.888427,-4421.407871,60.011225,1.0,93559.868777,-25153.154784,5091.098277,40.0,14881.12207,12284.009766,19040.519531,19040.519531,40000.0,40000.0,40000.0,40000.0,40000.0,40000.0,40000.0,40000.0,40000.0,40000.0,8553.381836,8088.780273,40000.0,40000.0,40000.0,7057.880859,6629.97168,7397.975098,19040.519531,19040.519531,5000.0,86578.100339,-8660.703309,48455.552575,0,true,true,1.0,-339.677632,0
4,281,14.05,1747.394678,37887.043359,10976.257204,31670.283208,37215.375977,-1042.577812,-2753.138706,-658.056573,1.149193,-17.620375,-136.65976,0.0,0.0,1.0,-1.0,-0.209979,0.69993,1.0,14723.535114,-57030.56882,-20370.721871,99.999589,1.0,52935.515174,54937.371645,-5985.703951,62.737605,1.0,93757.6105,-22335.079945,5432.338475,40.0,15129.108398,12312.055664,16956.144531,19109.53125,40000.0,40000.0,40000.0,40000.0,40000.0,40000.0,40000.0,40000.0,40000.0,40000.0,8696.363281,8455.198242,11073.161133,40000.0,40000.0,7270.456543,6597.171875,7301.324707,19109.53125,19109.53125,5000.0,86750.249215,-4679.20484,48406.357343,0,true,true,1.0,-339.667632,0
4,282,14.1,1780.32422,-1867.36758,11058.905205,-4929.188414,37235.761973,-1092.839262,-2742.855667,-676.554104,0.498058,-17.553886,-137.521194,0.0,0.0,1.0,-1.0,-0.069993,0.839916,1.0,15191.558866,-57273.324627,-19497.856529,99.999651,1.0,51791.40457,55415.597585,-6940.075121,63.831761,1.0,93770.14268,-21092.825898,5674.604368,40.0,15233.327148,12316.410156,15960.543945,19112.029297,40000.0,40000.0,40000.0,40000.0,40000.0,40000.0,40000.0,40000.0,40000.0,40000.0,8740.375,8570.49707,10879.552734,40000.0,40000.0,7309.996582,6590.073242,7273.593262,19112.029297,19112.029297,5000.0,86766.595069,-2702.634025,48376.869419,0,true,true,1.0,-339.657632,0
4,283,14.15,1848.423119,37818.94446,11218.31675,31510.871664,37276.553809,-1194.838828,-2735.308236,-708.925714,-0.6689,-17.46067,-139.007828,0.0,0.0,1.0,0.0,0.0,0.0,1.0,15931.236355,-57687.27855,-17938.281658,99.999745,1.0,49722.197636,56121.746981,-8637.528115,65.496232,1.0,93626.962413,-18903.603051,6049.3293,40.0,15404.936523,12314.524414,14993.212891,19074.90625,40000.0,40000.0,40000.0,40000.0,40000.0,40000.0,40000.0,40000.0,40000.0,40000.0,8833.8125,8598.657227,10776.753906,40000.0,40000.0,19074.90625,6569.170898,7213.426758,19074.90625,19074.90625,5000.0,86709.426423,731.391475,48252.107029,0,true,true,1.0,-339.647632,0
4,284,14.2,1919.437295,-1938.381755,11371.186218,-5082.057882,37317.466619,-1292.911531,-2729.061254,-737.751683,-1.470926,-17.4156,-140.028961,0.0,0.0,1.0,0.0,0.0,0.0,1.0,16256.968655,-58009.558161,-16861.226393,99.999811,1.0,48095.465502,56457.645504,-9810.13974,66.668896,1.0,93308.838299,-17477.908187,6275.595753,40.0,18986.041016,12570.667969,14672.348633,18986.041016,40000.0,40000.0,40000.0,40000.0,40000.0,40000.0,40000.0,40000.0,40000.0,40000.0,8939.957031,8678.176758,10765.072266,40000.0,40000.0,7206.693359,6561.589355,7137.328613,18986.041016,18986.041016,5000.0,86571.900358,3064.661062,48114.15958,0,true,true,1.0,-339.637632,0
4,285,14.25,1995.194402,37743.187353,11522.389351,31359.668531,37359.678029,-1382.943848,-2711.142467,-765.350457,-2.030762,-17.393238,-140.741501,0.0,0.0,1.0,0.0,0.0,0.0,1.0,16288.55195,-58290.581207,-16106.555467,99.99986,1.0,46751.160528,56572.687649,-10630.963049,67.531388,1.0,92874.050374,-16562.466694,6419.427847,40.0,18868.484375,12734.677734,14153.205078,18868.484375,40000.0,40000.0,40000.0,40000.0,40000.0,40000.0,40000.0,40000.0,40000.0,40000.0,9064.5,8805.454102,10864.836914,40000.0,40000.0,7093.221191,6557.219727,7090.794434,18868.484375,18868.484375,5000.0,86401.931615,4669.488828,47992.961166,0,true,true,1.0,-339.627632,0
4,286,14.3,2036.162832,-1979.350186,11599.89844,-5159.56697,37382.009557,-1428.810764,-2703.19901,-778.832044,-2.240826,-17.386787,-141.008835,0.0,0.0,1.0,0.0,0.0,0.0,1.0,16206.830737,-58425.336775,-15822.887617,99.99988,1.0,46148.919016,56568.600941,-10939.696338,67.885302,1.0,92614.074345,-16255.01922,6470.538033,40.0,18800.537109,12675.373047,12465.194336,18800.537109,40000.0,40000.0,40000.0,40000.0,40000.0,40000.0,40000.0,40000.0,40000.0,40000.0,9164.283203,8884.738281,10943.90918,40000.0,40000.0,7038.442871,6555.303711,7079.262207,18800.537109,18800.537109,5000.0,86309.537637,5261.752617,47942.258401,0,true,true,1.0,-339.617632,0
4,287,14.35,2104.561371,37674.788814,11729.303164,31230.263807,37419.388689,-1207.958188,-2285.363087,-661.051009,-2.706656,-17.372854,-141.312408,0.0,0.0,0.0,0.0,0.069993,1.889811,1.0,15933.408375,-58706.206225,-15271.434865,99.999911,1.0,45276.549229,56422.556478,-11523.603976,68.41988,1.0,92140.444495,-15958.105979,6576.458873,40.0,18689.964844,12553.908203,12083.556641,18689.964844,40000.0,40000.0,40000.0,40000.0,40000.0,40000.0,40000.0,40000.0,40000.0,40000.0,9324.915039,9033.995117,11111.498047,40000.0,40000.0,6839.481934,6602.091797,7067.948242,18689.964844,18689.964844,5000.0,86163.518299,6103.656146,47845.310392,0,true,true,1.0,-339.607632,0
4,288,14.4,2166.727149,-2041.515964,11853.93661,-5284.200417,37454.756203,-990.46519,-2108.762045,-582.256617,-3.242795,-17.386053,-141.274124,0.0,1.0,0.0,0.0,-0.279972,0.979902,1.0,15371.759294,-59064.050928,-14734.400699,100.0,1.0,44762.946087,56013.656637,-12036.926866,68.855427,1.0,91603.687988,-16188.568014,6743.903506,40.0,18557.851562,12387.691406,11924.716797,18557.851562,40000.0,40000.0,40000.0,40000.0,40000.0,40000.0,40000.0,40000.0,40000.0,40000.0,9465.214844,9231.148438,11372.391602,40000.0,40000.0,6675.005859,6564.290527,7130.664062,18557.851562,18557.851562,5000.0,86023.607774,6429.353858,47809.594388,0,true,true,1.0,-339.597632,0
4,289,14.45,2195.674645,37645.841319,11925.210068,31158.990349,37473.32289,-868.424822,-2138.203633,-557.000584,-3.509138,-17.418814,-141.217712,0.0,1.0,0.0,0.0,-0.279972,0.069993,1.0,15046.608551,-59278.010964,-14469.377897,100.0,1.0,44526.878517,55747.815763,-12256.509622,69.052287,1.0,91306.025838,-16391.765541,6871.420759,40.0,18462.005859,12289.413086,11875.082031,18462.005859,40000.0,40000.0,40000.0,40000.0,40000.0,40000.0,40000.0,40000.0,40000.0,40000.0,9544.447266,9371.658203,11499.385742,40000.0,40000.0,6606.77002,6577.329102,7102.224609,18462.005859,18462.005859,5000.0,85929.853169,6522.30111,47835.061234,0,true,true,1.0,-339.587632,0
4,290,14.5,2239.518635,-2085.359953,12061.851353,-5420.841702,37505.599533,-619.181816,-2131.313469,-483.658359,-4.013151,-17.597601,-141.120361,0.0,1.0,-1.0,0.0,-0.769923,-0.279972,1.0,14508.59949,-59707.89613,-13932.017468,100.0,1.0,44120.348953,55224.056344,-12580.229883,69.331336,1.0,90763.820762,-16778.142121,7301.656053,40.0,14693.850586,12097.06543,11816.368164,18173.521484,40000.0,40000.0,40000.0,40000.0,40000.0,40000.0,40000.0,40000.0,40000.0,40000.0,9701.962891,9523.335938,11764.606445,40000.0,40000.0,6581.9375,6625.596191,7142.065918,18173.521484,18173.521484,5000.0,85660.827132,6719.24966,48056.389889,0,true,true,1.0,-339.577632,0
4,291,14.55,2265.891424,37619.468529,12171.185347,31049.656355,37528.781522,-420.121251,-1884.21866,-389.242334,-4.459955,-17.909296,-141.124069,0.0,0.0,-1.0,0.0,-0.279972,-0.489951,1.0,14239.418422,-60060.927296,-13388.660772,100.0,1.0,43770.268674,54833.589456,-12777.778312,69.506028,1.0,90362.456137,-16951.663542,7924.311638,40.0,14542.146484,11910.874023,11760.578125,17791.943359,40000.0,40000.0,40000.0,40000.0,40000.0,40000.0,40000.0,40000.0,40000.0,40000.0,9840.724609,9184.167969,11955.119141,40000.0,40000.0,6626.678711,6709.518066,7241.632324,17791.943359,17791.943359,5000.0,85304.043173,7067.418182,48465.847858,0,true,true,1.0,-339.567632,0
4,292,14.6,2274.979659,-2094.448188,12220.601982,-5470.258337,37538.434956,-324.248604,-1763.078974,-344.413691,-4.655883,-18.083319,-141.184952,0.0,0.0,-1.0,0.0,-0.209979,-0.769923,1.0,14203.075462,-60218.468501,-13119.652841,100.0,1.0,43570.243228,54690.204699,-12856.839672,69.575255,1.0,90203.00457,-16940.149951,8254.04697,40.0,14492.951172,11816.831055,11712.996094,17595.265625,40000.0,40000.0,40000.0,40000.0,40000.0,40000.0,40000.0,40000.0,40000.0,40000.0,9908.262695,9223.298828,12023.238281,40000.0,40000.0,6651.640625,6732.779785,7264.532715,17595.265625,17595.265625,5000.0,85112.687004,7323.009736,48690.052849,0,true,true,1.0,-339.557632,0
4,293,14.65,2287.249502,37607.198685,12308.10342,30962.154917,37554.43497,-212.089868,-1512.502467,-277.2423,-5.01561,-18.470053,-141.351028,0.0,0.0,0.0,0.0,-0.139986,-0.069993,1.0,14220.289774,-60485.978383,-12595.362509,100.0,1.0,43184.13862,54461.588231,-12972.004006,69.684725,1.0,89938.646947,-16823.146044,8960.870584,40.0,14431.350586,11703.954102,11614.391602,17188.798828,40000.0,40000.0,40000.0,40000.0,40000.0,40000.0,40000.0,40000.0,40000.0,40000.0,10211.730469,9204.648438,12128.049805,40000.0,40000.0,6703.506348,6732.339844,7310.108398,17188.798828,17188.798828,5000.0,84703.600458,7895.151464,49186.884987,0,true,true,1.0,-339.547632,0
4,294,14.7,2297.478988,-2104.677673,12381.054205,-5543.209122,37567.989348,-178.72515,-1274.56456,-237.265901,-5.268687,-18.726477,-141.530914,0.0,0.0,0.0,0.0,0.139986,-0.139986,1.0,14253.319983,-60687.082226,-12208.901133,100.0,1.0,42811.306769,54296.230856,-13090.070235,69.765236,1.0,67983.863551,-41067.671329,4273.621754,47.440173,14386.764648,11651.046875,11506.875977,16919.480469,40000.0,40000.0,40000.0,40000.0,40000.0,40000.0,40000.0,40000.0,40000.0,40000.0,10418.610352,9274.806641,12068.540039,40000.0,40000.0,6757.251953,6768.450195,7298.447754,16919.480469,16919.480469,5000.0,84414.409967,8396.170852,49497.468255,0,true,true,1.0,-339.537632,0
4,295,14.75,2308.428989,37596.248685,12445.557869,30897.651254,37580.770652,-239.716736,-1200.482982,-249.163551,-5.427143,-18.769011,-141.883087,0.0,0.0,1.0,0.0,1.119888,-0.69993,1.0,14408.730591,-60814.728337,-11918.646565,100.0,1.0,42271.014645,54271.168161,-13341.559868,69.824864,1.0,67998.449077,-40813.06077,4474.171348,53.170118,14390.198242,11802.664062,11293.344727,16842.791016,16842.791016,40000.0,40000.0,40000.0,40000.0,40000.0,40000.0,40000.0,40000.0,40000.0,10621.890625,9333.239258,12002.450195,40000.0,40000.0,6805.164062,6788.272949,7299.053711,16842.791016,16842.791016,5000.0,84303.334422,9081.539014,49473.21602,0,true,true,1.0,-339.527632,0
4,296,14.8,2330.382541,-2126.631226,12520.961205,-5618.612458,37598.890585,-404.590665,-1267.238873,-314.259372,-5.49103,-18.482021,-142.481079,0.0,0.0,1.0,0.0,1.329867,-0.769923,1.0,14641.279817,-60892.338391,-11732.371954,100.0,1.0,41390.910737,54377.750421,-13831.219723,69.873788,1.0,68099.696333,-40320.888143,4240.730257,57.871512,14424.239258,11777.885742,10912.19043,17037.820312,17037.820312,40000.0,40000.0,40000.0,40000.0,40000.0,40000.0,40000.0,40000.0,40000.0,10904.333008,9304.711914,12125.003906,40000.0,40000.0,6827.867676,6786.960449,7276.121582,17037.820312,17037.820312,5000.0,84439.333118,10044.67552,48931.863935,0,true,true,1.0,-339.517632,0
4,297,14.85,2344.216201,37582.415025,12558.329794,30860.282664,37608.772854,-480.315335,-1297.466283,-343.119997,-5.509103,-18.238258,-142.810181,0.0,0.0,1.0,0.0,1.189881,-0.139986,1.0,40912.292861,54456.542278,-14137.674544,69.891963,1.0,68162.793921,-40042.899505,3998.087235,59.618087,1.0,89550.286967,-15200.357197,8682.422118,40.0,17226.0625,11761.878906,10701.168945,17226.0625,17226.0625,40000.0,40000.0,40000.0,40000.0,40000.0,40000.0,40000.0,40000.0,40000.0,11151.87793,9298.791016,12131.65332,40000.0,40000.0,6831.364258,6779.463867,7256.337891,17226.0625,17226.0625,5000.0,84584.3631,10551.015417,48508.749083,0,true,true,1.0,-339.507632,0
4,298,14.9,2381.109437,-2163.524462,12641.130051,-5701.412715,37632.705452,-637.460038,-1359.313237,-400.178804,-5.571108,-17.608885,-143.362137,0.0,0.0,1.0,0.0,0.419958,0.489951,1.0,39950.140096,54510.159428,-14828.464151,69.92275,1.0,68157.821632,-39627.570036,3349.204098,62.576582,1.0,89436.28781,-14621.636996,7695.691991,40.0,17742.083984,11695.125977,10312.570312,17742.083984,17742.083984,40000.0,40000.0,40000.0,40000.0,40000.0,40000.0,40000.0,40000.0,40000.0,11409.283203,9314.708008,12036.577148,40000.0,40000.0,6838.475586,6757.395996,7213.202637,17742.083984,17742.083984,5000.0,84980.30841,11384.793744,47465.021452,0,true,true,1.0,-339.497632,0
4,299,14.95,2423.73302,37539.791442,12721.475922,30779.936793,37657.745007,-777.016137,-1412.829378,-447.426854,-5.652428,-17.013552,-143.772324,0.0,0.0,1.0,0.0,0.0,0.0,1.0,39100.859391,54489.565468,-15447.45526,69.943336,1.0,68040.744317,-39354.648869,2739.317543,64.554833,1.0,89256.451728,-14235.747554,6776.679103,40.0,18258.009766,11699.520508,9990.390625,18258.009766,18258.009766,40000.0,40000.0,40000.0,40000.0,40000.0,40000.0,40000.0,40000.0,40000.0,11705.118164,9404.298828,12035.630859,40000.0,40000.0,6826.994629,6733.360352,7173.189453,18258.009766,18258.009766,5000.0,85344.075126,12005.108722,46489.291831,0,true,true,1.0,-339.487632,0
4,300,15.0,2447.20495,-2186.996392,12761.526584,-5741.463377,37670.793326,-842.640889,-1437.816405,-468.433886,-5.684309,-16.788847,-143.9272,0.0,0.0,1.0,0.0,0.0,0.0,1.0,38727.272558,54461.258237,-15676.333328,69.951228,1.0,67941.864869,-39264.059473,2510.530583,65.313214,1.0,89136.765675,-14105.41757,6432.538516,40.0,18450.029297,11715.088867,9852.766602,18450.029297,18450.029297,40000.0,40000.0,40000.0,40000.0,40000.0,40000.0,40000.0,40000.0,40000.0,11867.766602,9453.328125,12055.6875,40000.0,40000.0,6821.300293,6722.949219,7156.716797,18450.029297,18450.029297,5000.0,85465.579943,12235.617448,46119.829696,0,true,true,1.0,-339.477632,0
4,301,15.05,2500.757561,37486.23883,12845.495239,30695.968137,37699.268009,-971.381722,-1484.854691,-508.883585,-5.72395,-16.362444,-144.304443,0.0,0.0,1.0,0.0,0.069993,-1.189881,1.0,37886.751511,54448.250119,-16109.155308,69.964144,1.0,67753.278952,-39003.491527,2070.89219,66.554383,1.0,88875.37966,-13742.184787,5771.420046,40.0,18816.099609,11636.538086,9541.329102,18816.099609,18816.099609,40000.0,40000.0,40000.0,40000.0,40000.0,40000.0,40000.0,40000.0,40000.0,12111.049805,9555.974609,12092.00293,40000.0,40000.0,6805.28125,6713.745605,7117.858398,18816.099609,18816.099609,5000.0,85666.968321,12790.852319,45404.864035,0,true,true,1.0,-339.467632,0
4,302,15.1,2558.098447,-2244.337277,12920.178106,-5816.146243,37722.335876,-1120.457651,-1387.229048,-412.084792,-5.680998,-15.98678,-144.957367,1.0,-1.0,1.0,0.0,-0.069993,-1.189881,1.0,36810.915705,54643.416798,-16528.995889,69.973002,1.0,67758.326904,-38394.400184,1636.312526,67.405609,1.0,88682.001972,-12931.401074,5127.426589,40.0,19162.548828,11618.663086,9268.311523,19162.548828,19162.548828,40000.0,40000.0,40000.0,40000.0,40000.0,40000.0,40000.0,40000.0,40000.0,14445.782227,9579.586914,12055.318359,40000.0,40000.0,6767.821777,6700.952637,7060.674805,19162.548828,19162.548828,5000.0,85781.236546,13749.998538,44720.039333,0,true,true,1.0,-339.457632,0
4,303,15.15,2618.17105,37426.166227,12985.199695,30630.946548,37739.403636,-1254.132203,-1300.647443,-324.255681,-5.610784,-15.658978,-145.697983,1.0,-1.0,1.0,0.0,-0.139986,-0.069993,1.0,35677.084734,54919.530564,-16928.752139,69.979243,1.0,67834.429452,-37649.474525,1222.886744,68.005327,1.0,88511.257062,-11953.309201,4522.398661,40.0,19490.107422,11633.239258,9231.349609,19490.107422,19490.107422,40000.0,40000.0,40000.0,40000.0,40000.0,40000.0,40000.0,40000.0,40000.0,13281.949219,9590.136719,11286.310547,40000.0,40000.0,6746.580078,6664.16748,6995.316895,19490.107422,19490.107422,5000.0,85831.695522,14845.856326,44088.439662,0,true,true,1.0,-339.447632,0
4,304,15.2,2679.687235,-2305.853462,13042.014469,-5872.961018,37751.629441,-1368.436577,-1217.007941,-247.187577,-5.561196,-15.390494,-146.353989,1.0,-1.0,1.0,0.0,-0.349965,0.559944,1.0,34649.46328,55165.321686,-17289.828626,69.983734,1.0,67871.009008,-36969.273865,869.108142,68.436872,1.0,88324.77609,-11068.24613,4004.079858,40.0,19775.607422,11650.668945,9201.696289,19775.607422,19775.607422,40000.0,40000.0,40000.0,40000.0,40000.0,40000.0,40000.0,40000.0,40000.0,13335.298828,9513.979492,11316.270508,40000.0,40000.0,6714.946289,6629.337891,6931.588379,19775.607422,19775.607422,5000.0,85838.684831,15831.796536,43553.146283,0,true,true,1.0,-339.437632,0
4,305,15.25,2746.290365,37359.563097,13095.08387,30577.877148,37760.413276,-1476.908069,-1135.111344,-173.025643,-5.531584,-15.181417,-146.923508,1.0,-1.0,1.0,0.0,-0.209979,0.069993,1.0,33707.548157,55374.661238,-17616.014914,69.987254,1.0,67844.560933,-36361.789936,574.51229,68.775182,1.0,88103.660919,-10285.534269,3572.08585,40.0,20007.876953,11663.561523,9173.423828,20007.876953,20007.876953,40000.0,40000.0,40000.0,40000.0,40000.0,40000.0,40000.0,40000.0,40000.0,13814.422852,9608.318359,11311.519531,40000.0,40000.0,6686.641602,6591.549316,6867.92627,19787.986328,20007.876953,5000.0,85802.594259,16702.717515,43114.613679,0,true,true,1.0,-339.427632,0
4,306,15.3,2831.443349,-2391.006446,13152.834294,-5930.711442,37766.550312,-1593.687786,-1037.330209,-91.228414,-5.101654,-14.999062,-147.449173,1.0,-1.0,1.0,1.0,0.0,0.0,1.0,32739.434844,55692.37299,-17548.774113,69.99049,1.0,67713.54067,-35781.299068,25.634218,69.086172,1.0,87797.934931,-9570.002369,3088.22274,40.0,20221.732422,11664.802734,9137.887695,20221.732422,20221.732422,40000.0,40000.0,40000.0,40000.0,40000.0,40000.0,40000.0,40000.0,40000.0,13943.982422,9698.692383,11342.977539,40000.0,40000.0,6646.415527,6536.300781,6793.053223,19541.853516,20221.732422,5000.0,85728.592968,17209.760025,42838.612636,0,true,true,1.0,-339.417632,0
4,307,15.35,2905.884505,37285.121941,13196.759267,30533.952175,37768.196995,-1694.134042,-967.678244,-20.78456,-4.235268,-14.820506,-147.948563,1.0,-1.0,1.0,1.0,0.0,0.0,1.0,31866.166901,56150.561833,-17036.120576,69.99249,1.0,67635.756261,-35204.278621,-780.555435,69.278303,1.0,87548.134011,-8888.714462,2553.79308,40.0,20453.367188,11622.925781,9117.320312,20453.367188,20453.367188,40000.0,40000.0,40000.0,40000.0,40000.0,40000.0,40000.0,40000.0,40000.0,14374.695312,9806.4375,11354.085938,40000.0,40000.0,6608.730469,6484.521973,6723.015625,19316.505859,20453.367188,5000.0,85666.168677,17357.4878,42715.487013,0,true,true,1.0,-339.407632,0
4,308,15.4,2992.261869,-2477.383809,13241.192701,-5975.144876,37766.613641,-1789.767097,-889.313194,50.833448,-3.06688,-14.633095,-148.381104,1.0,-1.0,1.0,0.0,0.0,0.489951,1.0,31013.700481,56670.256207,-16220.216586,69.994215,1.0,67472.469074,-34658.812353,-1794.014641,69.444089,1.0,87244.393872,-8287.277041,1962.844948,40.0,20715.757812,11511.958008,9090.786133,20715.757812,20715.757812,40000.0,40000.0,40000.0,40000.0,40000.0,40000.0,40000.0,40000.0,40000.0,14512.450195,10272.239258,11392.568359,40000.0,40000.0,6558.670898,6422.879395,6645.128906,19092.900391,20715.757812,5000.0,85609.945202,17180.939837,42688.54332,0,true,true,1.0,-339.397632,0
4,309,15.45,3096.041215,37181.342595,13287.109703,30488.035172,37760.56977,-1889.960654,-804.768192,130.201123,-2.051678,-14.457763,-148.703842,1.0,-1.0,1.0,0.0,0.0,0.0,1.0,30209.223909,57106.068684,-15536.248454,69.995715,1.0,67180.819025,-34189.030889,-2727.15971,69.588268,1.0,86863.200863,-7798.631481,1405.42304,40.0,20985.738281,11389.480469,9054.048828,14295.603516,20985.738281,40000.0,40000.0,40000.0,40000.0,40000.0,40000.0,40000.0,40000.0,40000.0,14600.738281,10356.704102,11474.466797,40000.0,40000.0,6490.941895,6337.599609,6556.674805,18903.710938,20985.738281,5000.0,85552.782249,16953.175357,42649.597221,0,true,true,1.0,-339.387632,0
4,310,15.5,3196.684968,-2578.027562,13325.725796,-6013.760969,37750.992037,-1979.577297,-733.549058,203.623403,-1.163442,-14.298585,-148.973312,1.0,-1.0,1.0,0.0,0.0,0.069993,1.0,29488.115183,57493.920044,-14949.931762,69.996745,1.0,66887.429055,-33751.910822,-3562.902608,69.68723,1.0,86498.857153,-7355.037681,900.416866,40.0,21253.189453,11276.523438,9022.392578,13573.035156,21253.189453,40000.0,40000.0,40000.0,40000.0,40000.0,40000.0,40000.0,40000.0,40000.0,14673.376953,10438.524414,11533.212891,40000.0,40000.0,6452.491211,6226.03125,6473.975098,18732.654297,21253.189453,5000.0,85500.796215,16742.974524,42606.514424,0,true,true,1.0,-339.377632,0
4,311,15.55,3294.957116,37083.070447,13358.803127,30454.957841,37738.609935,-2066.881134,-673.75519,275.790955,-0.324857,-14.188311,-149.208511,1.0,-1.0,1.0,0.0,-0.489951,0.279972,1.0,28833.138232,57861.420939,-14374.447015,69.99748,1.0,66599.102093,-33329.360839,-4309.192262,69.757872,1.0,86147.892228,-6936.704588,483.605006,40.0,21465.458984,11172.461914,8996.529297,12877.520508,21465.458984,40000.0,40000.0,40000.0,40000.0,40000.0,40000.0,40000.0,40000.0,40000.0,14737.429688,10519.335938,12289.911133,40000.0,40000.0,6399.246094,6151.646973,6433.527344,18576.041016,21465.458984,5000.0,85424.112158,16521.767087,42627.04909,0,true,true,1.0,-339.367632,0
4,312,15.6,3395.865708,-2678.936155,13388.738317,-6043.696158,37723.191243,-2141.558621,-615.617139,341.581666,0.449095,-14.220965,-149.331192,1.0,-1.0,1.0,0.0,-0.839916,0.559944,1.0,28323.157468,58173.205921,-13769.070078,69.998044,1.0,66257.72365,-33010.037975,-4869.80822,69.812043,1.0,85781.248874,-6659.805791,284.699258,40.0,21479.945312,11076.670898,8970.604492,12386.608398,21479.945312,40000.0,40000.0,40000.0,40000.0,40000.0,40000.0,40000.0,40000.0,40000.0,14787.342773,10602.166016,12350.970703,40000.0,40000.0,6336.87207,6077.401855,6352.884277,18463.849609,21479.945312,5000.0,85270.60692,16169.891783,42848.139797,0,true,true,1.0,-339.357632,0
4,313,15.65,3497.16488,36981.771274,13419.392425,30424.303733,37704.49366,-2179.836504,-670.421578,420.145315,1.122222,-14.36898,-149.352234,1.0,0.0,1.0,0.0,0.0,0.0,1.0,27942.736222,58409.856598,-13194.010718,69.998474,1.0,65869.783673,-32808.183696,-5262.88743,69.853353,1.0,85402.773415,-6532.018711,256.744438,40.0,21338.611328,10986.37793,8939.862305,12288.923828,21338.611328,40000.0,40000.0,40000.0,40000.0,40000.0,40000.0,40000.0,40000.0,40000.0,14471.255859,10725.032227,12492.224609,40000.0,40000.0,6205.780273,6006.341309,6278.574707,18395.353516,21338.611328,5000.0,85059.162741,15721.431184,43211.296026,0,true,true,1.0,-339.347632,0
4,314,15.7,3651.470041,-2833.241315,13469.788092,-6094.091825,37670.069165,-2233.089468,-749.904144,530.022311,1.835667,-14.572646,-149.326599,1.0,0.0,1.0,0.0,-0.069993,0.209979,1.0,27415.62815,58657.059266,-12656.078012,69.998946,1.0,65263.181556,-32601.405119,-5736.549288,69.898708,1.0,84819.365107,-6430.641418,188.8541,40.0,21183.527344,10845.422852,8883.082031,12125.626953,21183.527344,40000.0,40000.0,40000.0,40000.0,40000.0,40000.0,40000.0,40000.0,40000.0,14523.743164,10359.53125,12754.22168,40000.0,40000.0,6094.512207,5945.53418,6126.005371,18312.148438,21183.527344,5000.0,84768.644232,15168.525905,43634.151229,0,true,true,1.0,-339.337632,0
4,315,15.75,3757.047071,36876.194244,13506.664485,30387.427339,37642.840165,-2269.340952,-802.587547,601.028552,2.193727,-14.740236,-149.244492,1.0,0.0,1.0,0.0,0.0,0.069993,1.0,27126.258733,58762.500213,-12407.952378,69.999178,1.0,64803.279774,-32544.693348,-5985.672472,69.920997,1.0,84412.660211,-6461.36802,176.417673,40.0,21054.943359,10748.976562,8837.259766,12021.754883,21054.943359,40000.0,40000.0,40000.0,40000.0,40000.0,40000.0,40000.0,40000.0,40000.0,14281.574219,10591.360352,12901.197266,40000.0,40000.0,6066.346191,5874.636719,6048.898438,18281.255859,21054.943359,5000.0,84565.944794,14777.141786,43923.264308,0,true,true,1.0,-339.327632,0
4,316,15.8,3862.541422,-2938.735666,13545.309575,-6132.736914,37612.967125,-2299.492979,-851.880708,664.894564,2.524911,-14.795632,-149.125015,1.0,0.0,1.0,0.0,1.119888,0.139986,1.0,26845.397577,58844.892853,-12243.01925,69.999356,1.0,64314.193429,-32527.452995,-6365.980269,69.938133,1.0,84002.686536,-6542.138723,-14.745246,40.0,21094.841797,10646.000977,8781.946289,11914.90625,21094.841797,40000.0,40000.0,40000.0,40000.0,40000.0,40000.0,40000.0,40000.0,40000.0,15606.015625,10730.067383,13083.876953,40000.0,40000.0,5988.469238,5754.883301,5976.228516,18255.134766,21094.841797,5000.0,84457.891859,14349.126692,44033.68886,0,true,true,1.0,-339.317632,0
4,317,15.85,3970.354555,36768.381111,13586.570189,30346.166726,37579.924719,-2328.637202,-900.511262,726.818371,2.836693,-14.629556,-148.9944,1.0,0.0,1.0,0.0,1.119888,-0.139986,1.0,26514.313356,58920.871859,-12212.004087,69.999497,1.0,63789.263134,-32509.727669,-7000.530949,69.951665,1.0,83581.974307,-6622.200817,-544.943061,40.0,21459.822266,10638.540039,8713.824219,11792.962891,21459.822266,40000.0,40000.0,40000.0,40000.0,40000.0,40000.0,40000.0,40000.0,40000.0,13462.114258,10805.169922,13327.462891,40000.0,6664.431152,5853.794922,5675.131836,5897.023926,18212.396484,21459.822266,5000.0,84517.252006,13932.921087,43805.657994,0,true,true,1.0,-339.307632,0
4,318,15.9,4090.525672,-3058.906783,13634.594176,-6180.760902,37540.355809,-2353.23762,-950.345156,788.791663,3.141668,-14.318045,-148.902679,1.0,0.0,1.0,0.0,0.349965,-0.209979,1.0,26048.703718,59019.395904,-12301.978924,69.999618,1.0,63217.548886,-32429.39315,-7820.405188,69.963253,1.0,83113.348312,-6624.33706,-1318.33833,40.0,22076.634766,10500.341797,8635.363281,9440.740234,22076.634766,40000.0,40000.0,40000.0,40000.0,40000.0,40000.0,40000.0,40000.0,40000.0,13041.430664,11427.69043,13494.644531,40000.0,6456.202637,5757.60791,5607.996582,5863.792969,18083.041016,22076.634766,5000.0,84661.005661,13601.0617,43349.274853,0,true,true,1.0,-339.297632,0
4,319,15.95,4215.425834,36643.480949,13686.613731,30294.147171,37496.324694,-2384.448245,-1002.818094,856.18042,3.436341,-14.014663,-148.837112,1.0,0.0,1.0,0.0,-0.209979,-0.069993,1.0,25535.654877,59125.86781,-12423.102067,69.999712,1.0,62635.8812,-32317.199608,-8637.137917,69.972293,1.0,82623.059007,-6584.363584,-2094.163721,40.0,22726.476562,10356.640625,8555.051758,8932.365234,22726.476562,40000.0,40000.0,40000.0,40000.0,40000.0,40000.0,40000.0,40000.0,40000.0,12814.862305,11357.254883,40000.0,40000.0,6281.633789,5708.029297,5537.872559,5811.84668,18031.958984,22726.476562,5000.0,84783.570351,13323.420782,42894.852396,0,true,true,1.0,-339.287632,0
4,320,16.0,4329.289471,-3172.77042,13735.730836,-6229.878007,37453.691387,-2411.795014,-1048.864607,915.790872,3.725399,-13.824333,-148.80835,1.0,0.0,1.0,0.0,-0.69993,-0.069993,1.0,25057.803862,59235.020243,-12487.228325,69.999776,1.0,62128.775786,-32184.167293,-9298.222673,69.978467,1.0,82177.312356,-6509.712825,-2682.631865,40.0,23211.568359,10227.637695,8580.944336,8412.410156,23211.568359,40000.0,40000.0,40000.0,40000.0,40000.0,40000.0,40000.0,40000.0,40000.0,12580.117188,11264.990234,40000.0,40000.0,6211.915527,5576.171387,5410.668457,5748.647461,18035.441406,23211.568359,5000.0,84821.31163,13100.256141,42609.629816,0,true,true,1.0,-339.277632,0
4,321,16.05,4437.99867,36534.77175,13784.070265,30245.807742,37410.924801,-2435.187216,-1090.631548,969.534888,3.989482,-13.707723,-148.794922,1.0,0.0,1.0,0.0,0.0,0.0,1.0,24603.865536,59338.056987,-12541.320671,69.999823,1.0,61658.055114,-32048.728362,-9854.76613,69.983018,1.0,81752.914351,-6425.047981,-3154.336339,40.0,23585.669922,10122.710938,8730.885742,7908.251953,23585.669922,40000.0,40000.0,40000.0,40000.0,40000.0,40000.0,40000.0,40000.0,40000.0,12533.547852,11240.962891,40000.0,40000.0,6152.978027,5498.4375,5335.575684,5751.081055,17967.486328,23585.669922,5000.0,84805.01725,12913.862254,42428.323706,0,true,true,1.0,-339.267632,0
4,322,16.1,4547.951773,-3282.723523,13834.348737,-6280.156479,37365.766412,-2452.557239,-1129.043978,1017.749678,4.18764,-13.620234,-148.784454,1.0,0.0,1.0,0.0,0.0,0.0,1.0,24148.54496,59425.24384,-12661.238956,69.999861,1.0,61185.797497,-31923.108253,-10351.507337,69.986618,1.0,81323.196581,-6342.451877,-3586.190131,40.0,23926.046875,10058.973633,8982.442383,7589.824219,23926.046875,40000.0,40000.0,40000.0,40000.0,40000.0,40000.0,40000.0,40000.0,40000.0,12402.097656,11149.625,40000.0,40000.0,6014.599121,5421.729004,5261.101562,5865.149902,17931.203125,23926.046875,5000.0,84764.906506,12778.869691,42272.029655,0,true,true,1.0,-339.257632,0
4,323,16.15,4710.235624,36372.4879,13910.941359,30169.215119,37295.831702,-2478.017478,-1183.569288,1086.320096,4.397573,-13.527558,-148.772995,1.0,0.0,1.0,0.0,0.0,0.0,1.0,23482.061596,59531.086793,-12920.731597,69.999902,1.0,60493.324482,-31754.118012,-11010.114949,69.990549,1.0,80688.092329,-6226.781319,-4174.026096,40.0,24385.851562,9941.479492,9152.961914,7502.234375,24385.851562,40000.0,40000.0,40000.0,40000.0,40000.0,40000.0,40000.0,40000.0,40000.0,12297.355469,11098.5,40000.0,40000.0,5925.456543,5357.438477,5199.284668,5821.894043,17838.033203,24385.851562,5000.0,84677.383983,12642.998781,42073.145853,0,true,true,1.0,-339.247632,0
4,324,16.2,4835.134175,-3407.622074,13971.398693,-6340.613812,37245.721065,-2517.117655,-1223.616832,980.913377,4.492252,-13.485766,-148.7677,0.0,0.0,1.0,0.0,0.0,0.0,1.0,22967.513093,59593.639847,-13163.748825,70.0,1.0,59959.881847,-31639.783605,-11432.861117,69.992758,1.0,80194.197137,-6144.933047,-4562.375296,40.0,20738.892578,9850.794922,9077.74707,7434.268555,24674.894531,40000.0,40000.0,40000.0,40000.0,40000.0,40000.0,40000.0,40000.0,40000.0,12459.620117,11284.560547,40000.0,40000.0,5861.516602,5225.95752,5079.393555,5858.793457,17769.023438,24674.894531,5000.0,84586.023215,12589.175557,41952.397418,0,true,true,1.0,-339.237632,0
4,325,16.25,4960.339017,36247.283057,14032.99269,30107.621121,37201.029413,-2558.007922,-1263.226475,885.791514,4.560478,-13.471532,-148.695465,0.0,0.0,1.0,0.0,-0.069993,0.489951,1.0,22519.416635,59623.987678,-13388.357752,70.0,1.0,59385.766344,-31600.948852,-11805.305582,69.994428,1.0,79686.19427,-6160.898288,-4897.628559,40.0,24892.324219,9749.288086,8996.770508,7364.102051,24892.324219,40000.0,40000.0,40000.0,40000.0,40000.0,40000.0,40000.0,40000.0,40000.0,12604.977539,11451.49707,40000.0,40000.0,5701.108398,5141.295898,4991.323242,14511.180664,17711.238281,24892.324219,5000.0,84490.767602,12443.573113,41867.215775,0,true,true,1.0,-339.227632,0
4,326,16.3,5105.699266,-3552.982323,14105.686288,-6413.30741,37155.91163,-2600.868064,-1305.863988,781.440344,4.613902,-13.456515,-148.579742,0.0,0.0,1.0,0.0,0.0,0.069993,1.0,22022.597501,59639.815401,-13642.699162,70.0,1.0,58693.725354,-31594.875745,-12202.493144,69.995886,1.0,79084.074816,-6227.287811,-5260.482721,40.0,25113.470703,9625.293945,8899.082031,7280.621582,25113.470703,40000.0,40000.0,40000.0,40000.0,40000.0,40000.0,40000.0,40000.0,40000.0,12776.942383,11628.62793,40000.0,40000.0,5641.186523,5090.379395,4918.462402,14329.02832,17779.810547,25113.470703,5000.0,84385.167905,12241.430346,41768.96648,0,true,true,1.0,-339.217632,0
4,327,16.35,5231.818178,36121.164145,14169.6375,30043.66991,37121.326065,-2642.833341,-1344.387785,702.299253,4.656823,-13.444632,-148.476639,0.0,0.0,1.0,0.0,0.0,0.069993,1.0,21588.739489,59650.50086,-13848.418562,70.0,1.0,58086.582595,-31594.721298,-12526.959535,69.996813,1.0,78555.205105,-6290.632843,-5556.408673,40.0,25284.011719,9516.501953,8813.307617,7207.290527,25284.011719,40000.0,40000.0,40000.0,40000.0,40000.0,40000.0,40000.0,40000.0,40000.0,12927.248047,11780.536133,40000.0,40000.0,5491.884277,4958.362793,4864.595215,14300.71582,17797.960938,25284.011719,5000.0,84291.651601,12063.613176,41688.498247,0,true,true,1.0,-339.207632,0
4,328,16.4,5365.902403,-3687.066547,14238.512908,-6482.182817,37089.293981,-2679.780354,-1380.837164,619.927232,4.679032,-13.472313,-148.298782,0.0,0.0,1.0,0.0,-0.349965,0.629937,1.0,21202.143608,59632.764713,-14044.003618,70.0,1.0,57404.766735,-31667.477259,-12814.63105,69.997564,1.0,77982.287136,-6455.011705,-5804.88383,40.0,25370.509766,9391.517578,8717.498047,7127.906738,25370.509766,40000.0,40000.0,40000.0,40000.0,40000.0,40000.0,40000.0,40000.0,40000.0,13083.228516,11977.871094,40000.0,40000.0,5387.069336,4868.312012,4735.030273,14699.995117,17818.169922,25370.509766,5000.0,84179.448635,11777.570866,41656.633693,0,true,true,1.0,-339.197632,0
4,329,16.45,5511.447269,35975.619279,14314.261039,29967.921778,37059.593524,-2704.731777,-1412.294054,529.126396,4.646877,-13.692871,-147.903351,0.0,0.0,1.0,0.0,-1.049895,1.189881,1.0,21039.225584,59533.602488,-14183.075974,70.0,1.0,56580.514965,-31957.430723,-12931.707673,69.998177,1.0,77340.589307,-6919.73832,-5821.899288,47.55048,25094.945312,9233.621094,8604.322266,7041.412598,25094.945312,40000.0,40000.0,40000.0,40000.0,40000.0,40000.0,40000.0,40000.0,40000.0,13263.251953,12244.987305,40000.0,6366.055664,5283.39209,4828.947266,4649.05127,14717.364258,17716.4375,25094.945312,5000.0,83970.218537,11162.861335,41879.464678,0,true,true,1.0,-339.187632,0
4,330,16.5,5582.977856,-3758.597135,14351.852817,-6519.774595,37046.706819,-2723.667405,-1431.380671,490.686576,4.575193,-14.058948,-147.494812,0.0,0.0,1.0,0.0,-0.69993,0.69993,1.0,21255.004343,59399.752317,-14161.018082,70.0,1.0,56099.162625,-32321.78658,-12747.185043,69.998417,1.0,77008.679028,-7452.126768,-5504.134864,50.498394,24507.212891,9136.459961,8542.404297,7001.167969,24507.212891,40000.0,40000.0,40000.0,40000.0,40000.0,40000.0,40000.0,40000.0,40000.0,13213.770508,12399.728516,40000.0,6273.068359,5206.419434,4724.992676,4669.241699,14410.323242,17845.498047,24507.212891,5000.0,83730.774614,10530.90246,42340.583327,0,true,true,1.0,-339.177632,0
4,331,16.55,5778.631281,35779.965854,14455.96393,29863.810665,37016.656345,-2775.347837,-1486.266844,390.938828,4.375895,-15.014653,-146.436508,0.0,0.0,1.0,0.0,0.0,0.0,1.0,21758.933838,59055.91322,-14104.929547,70.0,1.0,54792.100401,-33232.327473,-12280.897317,69.998915,1.0,76055.277528,-8800.260487,-4691.337917,56.631436,23095.822266,8884.394531,8379.470703,6893.023926,23095.822266,40000.0,40000.0,40000.0,40000.0,40000.0,40000.0,40000.0,40000.0,40000.0,12371.038086,12922.529297,40000.0,6032.012207,5042.796875,4648.981445,4685.689941,14941.75293,18163.447266,23095.822266,5000.0,83056.373889,8911.951577,43539.552333,0,true,true,1.0,-339.167632,0
4,332,16.6,5898.733271,-3878.699124,14520.868097,-6584.678762,37001.841993,-2797.718129,-1516.511923,328.865092,4.276058,-15.458818,-145.940506,0.0,0.0,1.0,0.0,0.0,0.0,1.0,21863.678345,58903.932263,-14119.969043,70.0,1.0,54044.343507,-33624.457271,-12113.906047,69.999136,1.0,75464.354604,-9402.073823,-4362.540761,59.351628,22503.300781,8747.834961,8286.365234,6826.091309,22503.300781,40000.0,40000.0,40000.0,40000.0,40000.0,40000.0,40000.0,40000.0,40000.0,12539.919922,13696.875,40000.0,5961.159668,4948.547852,4527.266602,4841.384766,14719.40918,18239.259766,22503.300781,5000.0,82694.187137,8166.543259,44083.623369,0,true,true,1.0,-339.157632,0
4,333,16.65,6032.42106,35646.278064,14594.075591,29790.603171,36988.744958,-2813.2419,-1545.727408,258.725312,4.199308,-15.786924,-145.572327,0.0,0.0,1.0,0.0,0.0,0.0,1.0,21742.130065,58805.22881,-14197.804481,70.0,1.0,53284.863425,-33876.788168,-12060.895004,69.999329,1.0,74816.704746,-9816.196581,-4190.310773,61.736472,22095.275391,8613.31543,8188.594727,6749.596191,22095.275391,40000.0,40000.0,40000.0,40000.0,40000.0,40000.0,40000.0,40000.0,40000.0,12319.763672,13963.294922,40000.0,5766.773438,4900.61377,4447.483887,4857.208496,14548.889648,18307.648438,22095.275391,5000.0,82371.070637,7623.546755,44468.067012,0,true,true,1.0,-339.147632,0
4,334,16.7,6157.374293,-4003.652357,14662.709411,-6653.312582,36982.824827,-2771.409541,-1522.163804,90.876471,4.140668,-16.030483,-145.297989,-1.0,0.0,1.0,0.0,0.0,0.0,1.0,21535.379596,58739.988283,-14275.636486,70.0,1.0,52611.617958,-34040.29958,-12040.175212,69.999471,1.0,74210.6067,-10104.763061,-4085.287752,63.48925,21789.617188,8494.591797,8099.650879,6677.419922,21789.617188,40000.0,40000.0,40000.0,40000.0,40000.0,40000.0,40000.0,40000.0,40000.0,12451.730469,14199.636719,40000.0,5709.472656,4758.025391,4414.577637,5011.334473,14890.274414,18369.447266,21789.617188,5000.0,82098.494523,7225.148018,44747.915989,0,true,true,1.0,-339.137632,0
4,335,16.75,6276.504774,35527.147583,14728.138123,29725.174459,36984.050573,-2724.455682,-1496.340827,-67.76871,4.092285,-16.213064,-145.076065,-1.0,0.0,1.0,0.0,0.279972,0.0,1.0,21278.759164,58693.116979,-14345.65403,70.0,1.0,51964.76949,-34155.095306,-12043.025041,69.99958,1.0,73628.248372,-10322.447238,-4022.62482,64.829056,21546.322266,8384.949219,8015.822266,6607.89502,21546.322266,40000.0,40000.0,40000.0,40000.0,40000.0,40000.0,40000.0,40000.0,40000.0,12573.111328,14416.834961,40000.0,5538.088867,4716.523926,4293.151855,12707.969727,14850.731445,18607.449219,21546.322266,5000.0,81865.578064,6908.63773,44952.989063,0,true,true,1.0,-339.127632,0
4,336,16.8,6457.171374,-4184.318957,14827.394004,-6752.568463,36999.113823,-2658.129039,-1460.660827,-299.357968,4.03196,-16.375505,-144.794632,-1.0,0.0,1.0,0.0,0.209979,-0.139986,1.0,20785.369356,58645.151548,-14447.01416,70.0,1.0,50981.985109,-34268.445414,-12100.910873,69.999706,1.0,72732.166316,-10569.59105,-4023.259276,66.383693,21284.921875,8221.492188,7887.944336,6499.761719,21284.921875,40000.0,40000.0,40000.0,40000.0,40000.0,40000.0,40000.0,40000.0,40000.0,12825.981445,14731.078125,40000.0,5373.454102,4541.440918,4225.299805,12677.698242,14737.709961,18505.316406,21284.921875,5000.0,81585.283307,6518.778672,45117.675497,0,true,true,1.0,-339.117632,0
4,337,16.85,6577.30133,35407.017627,14893.438584,29659.12988,37017.952475,-2614.894745,-1437.872463,-448.073877,3.998584,-16.438705,-144.637375,-1.0,0.0,1.0,0.0,0.0,0.0,1.0,20399.443728,58627.5806,-14500.24898,70.0,1.0,50328.450404,-34312.932099,-12144.867748,69.99977,1.0,72128.380616,-10691.446798,-4045.910299,67.163986,21138.767578,8114.995605,7803.196289,6426.90918,21138.767578,40000.0,40000.0,40000.0,40000.0,40000.0,40000.0,40000.0,40000.0,40000.0,12989.563477,14989.652344,40000.0,5265.805176,4459.199707,4187.398438,13086.44043,14574.703125,18510.375,21138.767578,5000.0,81425.283531,6306.580636,45174.297993,0,true,true,1.0,-339.107632,0
4,338,16.9,6698.810353,-4305.82798,14960.298627,-6819.428507,37044.258323,-2571.767591,-1415.449092,-594.236503,3.973823,-16.485292,-144.521255,-1.0,0.0,1.0,0.0,0.0,0.0,1.0,19962.738986,58620.653152,-14533.019162,70.0,1.0,49681.260448,-34320.021116,-12173.470378,69.999821,1.0,71515.628281,-10760.77361,-4059.753205,67.792527,20987.978516,8011.663086,7719.396484,6353.387207,20987.978516,40000.0,40000.0,40000.0,40000.0,40000.0,40000.0,40000.0,40000.0,40000.0,13150.760742,15185.458008,6873.455566,5220.8125,4420.262695,4158.439453,13056.619141,14498.792969,18497.197266,20987.978516,5000.0,81267.585002,6154.69914,45217.50336,0,true,true,1.0,-339.097632,0
4,339,16.95,6831.490563,35274.337417,15033.724423,29585.704084,37079.57877,-2556.205066,-1421.307433,-685.252791,3.955875,-16.518902,-144.437378,0.0,0.0,1.0,0.0,0.0,0.0,1.0,19433.671488,58623.979967,-14551.89623,70.0,1.0,48988.409697,-34292.032674,-12191.261582,69.999864,1.0,70844.6585,-10784.639977,-4068.216306,68.329645,20822.238281,7902.595703,7629.385254,6272.822266,20822.238281,40000.0,40000.0,40000.0,40000.0,40000.0,40000.0,40000.0,40000.0,40000.0,13381.183594,15344.84082,6765.697754,5048.215332,4276.454102,4198.81543,13019.544922,14627.671875,18464.763672,20822.238281,5000.0,81099.820562,6050.993902,45250.051079,0,true,true,1.0,-339.087632,0
4,340,17.0,6956.354146,-4430.691564,15104.027964,-6889.732048,37113.525401,-2593.531761,-1466.16587,-707.99828,3.942879,-16.543154,-144.376801,0.0,0.0,1.0,0.0,0.0,0.0,1.0,18912.325365,58630.759151,-14571.827421,70.0,1.0,48343.098955,-34253.149819,-12211.206925,69.999895,1.0,70213.28867,-10787.402723,-4082.24982,68.708919,20673.34375,7800.27832,7544.116699,6195.772461,6176.938965,40000.0,40000.0,40000.0,40000.0,40000.0,40000.0,40000.0,40000.0,40000.0,13484.804688,15203.750977,6577.151367,5005.5,4216.280273,4292.658203,12983.515625,14563.499023,18463.298828,20673.34375,5000.0,80943.900152,5979.372319,45272.151886,0,true,true,1.0,-339.077632,0
4,341,17.05,7074.066972,35156.624591,15171.297665,29518.434383,37146.108637,-2623.193641,-1504.325602,-728.659944,3.933195,-16.561184,-144.331741,0.0,0.0,1.0,0.0,0.0,0.0,1.0,18404.870181,58638.907273,-14591.749377,70.0,1.0,47738.669534,-34209.030531,-12231.785934,70.0,1.0,69617.628495,-10777.852854,-4099.145103,68.983238,20537.154297,7703.686035,7463.184082,6122.162598,6104.812988,20537.154297,40000.0,40000.0,40000.0,40000.0,40000.0,40000.0,40000.0,40000.0,13634.511719,14671.452148,6488.911621,4849.209961,4161.932617,4274.106445,12576.884766,14502.327148,18424.224609,20537.154297,5000.0,80798.081984,5928.701953,45287.467199,0,true,true,1.0,-339.067632,0
4,342,17.1,7196.153065,-4552.777657,15242.039195,-6960.473577,37180.567926,-2644.743733,-1537.608211,-749.611379,3.92417,-16.610983,-144.290176,0.0,0.0,1.0,0.0,-0.419958,0.069993,1.0,17880.802551,58646.045446,-14601.653424,70.0,1.0,47117.714372,-34163.420365,-12225.600562,70.0,1.0,69000.063923,-10766.953491,-4077.353302,69.204916,20356.771484,7604.097168,7379.629883,6052.590332,6029.870117,20356.771484,40000.0,40000.0,40000.0,40000.0,40000.0,40000.0,40000.0,40000.0,13793.887695,14793.875977,6314.620605,4751.764648,4029.145996,4313.936523,12499.072266,14432.845703,20356.771484,20356.771484,5000.0,80620.971767,5879.872368,45347.799716,0,true,true,1.0,-339.057632,0
4,343,17.15,7368.808919,34983.968737,15343.617644,29416.855934,37230.219525,-2682.774197,-1587.364584,-776.896794,3.913269,-16.690321,-144.240952,0.0,0.0,1.0,0.0,0.0,0.0,1.0,17128.949297,58655.408968,-14613.001483,70.0,1.0,46243.084181,-34095.870969,-12208.031147,70.0,1.0,68125.202062,-10745.059413,-4034.446125,69.435269,20089.855469,7462.713379,7260.647949,6147.162598,5922.335449,20089.855469,40000.0,40000.0,40000.0,40000.0,40000.0,40000.0,40000.0,40000.0,13809.638672,15055.30957,6211.387207,4615.961914,3977.959717,4533.475098,12869.188477,14332.032227,20089.855469,20089.855469,5000.0,80360.829592,5822.631148,45446.486984,0,true,true,1.0,-339.047632,0
4,344,17.2,7485.874738,-4669.843475,15413.45509,-7030.311024,37264.536797,-2702.725828,-1616.649003,-794.701144,3.908117,-16.72761,-144.217819,0.0,0.0,1.0,0.0,0.0,0.0,1.0,16601.136673,58662.661379,-14625.484225,70.0,1.0,45650.77862,-34043.898597,-12207.85831,70.0,1.0,67530.424325,-10719.794412,-4023.431619,69.551217,19927.115234,7365.98877,7178.819336,6198.143555,5847.72998,19927.115234,40000.0,40000.0,40000.0,40000.0,40000.0,40000.0,40000.0,40000.0,13715.407227,15232.743164,6008.702148,4524.856934,3954.505127,5058.203613,12832.946289,14272.427734,19927.115234,19927.115234,5000.0,80195.06886,5799.048922,45491.285239,0,true,true,1.0,-339.037632,0
4,345,17.25,7606.687057,34863.156418,15486.290899,29344.020125,37300.490633,-2719.635492,-1643.823024,-812.372705,3.90422,-16.755732,-144.200348,0.0,0.0,1.0,0.0,0.0,0.0,1.0,16044.604127,58670.122882,-14640.886987,70.0,1.0,45039.521578,-33987.018942,-12214.52427,70.0,1.0,66915.14905,-10687.829771,-4022.897259,69.64551,19769.914062,7265.46875,7093.421387,6250.356445,5769.503906,19769.914062,40000.0,40000.0,40000.0,40000.0,40000.0,40000.0,40000.0,40000.0,13868.307617,15414.652344,5963.980469,4491.967773,3930.579346,5601.931152,12772.254883,14244.073242,19769.914062,19769.914062,5000.0,80030.57798,5784.105916,45523.769358,0,true,true,1.0,-339.027632,0
4,346,17.3,7769.358569,-4832.514987,15585.608304,-7129.628429,37350.204796,-2715.447821,-1663.363259,-836.428182,3.867311,-16.714651,-144.068878,0.0,0.0,1.0,0.0,0.69993,1.259874,1.0,15369.0727,58649.031908,-14682.192833,70.0,1.0,44135.356307,-33988.657064,-12286.467961,70.0,1.0,66057.04173,-10761.089276,-4118.328598,69.746004,19644.255859,7115.04834,6968.61377,6300.705566,5661.789551,19644.255859,40000.0,40000.0,40000.0,40000.0,40000.0,40000.0,40000.0,40000.0,13652.030273,40000.0,5699.38623,4298.341797,4030.273438,15994.338867,12411.125,14207.148438,19644.255859,19644.255859,5000.0,79885.837484,5627.201381,45448.674319,0,true,true,1.0,-339.017632,0
4,347,17.35,7910.192075,34722.322912,15672.573304,29257.055124,37393.655995,-2761.9883,-1710.073774,-853.368642,3.747546,-16.482174,-143.648026,0.0,0.0,1.0,0.0,1.089227,0.859916,1.0,15013.054062,58558.564778,-14772.502238,70.0,1.0,43137.440945,-34202.987386,-12509.289002,70.0,1.0,65242.714883,-11144.830649,-4444.553751,69.806845,19760.337891,6948.187012,6837.420898,6292.132812,5565.679199,19760.337891,40000.0,40000.0,40000.0,40000.0,40000.0,40000.0,40000.0,40000.0,13854.273438,40000.0,5495.286133,4221.616211,4029.13208,14270.018555,12322.115234,14217.339844,19760.337891,19760.337891,5000.0,79955.925539,5100.20305,45083.160231,0,true,true,1.0,-339.007632,0
4,348,17.4,8047.791582,-4970.114495,15758.451195,-7215.50632,37436.576464,-2777.87437,-1738.392105,-868.824519,3.582883,-15.992214,-143.060669,0.0,0.0,1.0,0.0,1.631397,0.815698,1.0,14747.382763,58434.851643,-14925.351608,70.0,1.0,42005.250468,-34516.885963,-12918.142332,70.0,1.0,64386.803066,-11685.196202,-5061.464058,69.851789,20193.421875,6761.896484,6692.520996,6248.636719,5466.416504,20193.421875,40000.0,40000.0,40000.0,40000.0,40000.0,40000.0,40000.0,19228.402344,13957.664062,40000.0,5350.191406,4015.858643,4078.459473,11791.708984,12718.670898,14231.229492,20193.421875,16935.6875,5000.0,80242.362506,4371.017094,44346.023217,0,true,true,1.0,-338.997632,0
4,349,17.45,8204.997355,34565.11714,15857.781293,29157.725027,37486.313038,-2791.329519,-1769.408744,-883.411734,3.834292,-15.214728,-142.411896,0.0,0.0,1.0,1.0,0.559944,-0.349965,1.0,14349.372525,58419.506311,-14705.911798,70.0,1.0,40669.800022,-34734.75779,-13774.785787,70.0,1.0,63377.766845,-12209.599136,-6075.383652,69.890717,21009.544922,6548.252441,6515.478516,6117.779297,5347.308594,21009.544922,40000.0,40000.0,40000.0,40000.0,40000.0,40000.0,40000.0,17043.238281,14705.165039,40000.0,5068.976562,3957.530518,4261.29541,11402.773438,12366.505859,14384.546875,21009.544922,16680.966797,5000.0,80712.53464,3256.502789,43226.93069,0,true,true,1.0,-338.987632,0
4,350,17.5,8348.434082,-5113.551222,15949.539834,-7307.264861,37531.851486,-2807.505419,-1801.529953,-893.067277,4.599973,-14.501078,-141.847702,0.0,0.0,1.0,1.0,-0.209979,-0.069993,1.0,13956.289018,58547.550309,-13959.773805,70.0,1.0,39453.547645,-34759.5767,-14851.181767,70.0,1.0,62443.874974,-12574.167712,-7100.81711,69.916867,21837.808594,6359.810059,6345.551758,5993.019531,5238.821289,21837.808594,40000.0,40000.0,40000.0,40000.0,40000.0,40000.0,40000.0,15628.203125,14861.400391,7668.050781,4812.844238,3935.679688,4688.464844,11342.8125,12653.953125,14316.953125,21837.808594,16453.953125,5000.0,81119.622684,1899.318397,42207.770117,0,true,true,1.0,-338.977632,0
4,351,17.55,8480.644393,34432.906829,16035.114596,29072.150265,37573.864842,-2831.608451,-1838.111713,-899.183462,5.641425,-13.87799,-141.337097,0.0,0.0,1.0,0.0,0.0,0.0,1.0,13594.697516,58738.314323,-12915.363327,70.0,1.0,38335.041806,-34655.973372,-15998.650101,70.0,1.0,61574.101749,-12825.97594,-8072.70729,69.935182,22622.552734,6191.094238,6178.439453,5880.185547,5139.959961,5581.708984,40000.0,40000.0,40000.0,40000.0,40000.0,40000.0,40000.0,15437.395508,15101.030273,7307.024414,4699.907715,4016.487305,5114.469238,11292.494141,12631.206055,14648.586914,22622.552734,16224.420898,5000.0,81450.722573,443.372331,41292.076085,0,true,true,1.0,-338.967632,0
4,352,17.6,8605.531746,-5238.438575,16116.86237,-7389.012635,37613.527817,-2845.406063,-1867.697461,-903.033186,6.425317,-13.416671,-140.946426,0.0,0.0,1.0,0.0,0.0,0.0,1.0,13204.372891,58875.148787,-12117.418312,70.0,1.0,37355.119268,-34539.265097,-16839.960225,70.0,1.0,60778.284844,-12983.617986,-8789.755724,69.948648,23214.457031,6044.09375,6019.256836,5778.194824,5047.992188,5492.656738,40000.0,40000.0,40000.0,40000.0,40000.0,40000.0,40000.0,16465.123047,15281.553711,6960.837402,4480.515137,4005.788818,5539.4375,11250.911133,12610.536133,14733.642578,23214.457031,16044.614258,5000.0,81652.781899,-636.73401,40585.819022,0,true,true,1.0,-338.957632,0
4,353,17.65,8761.568998,34276.869576,16220.360713,28968.651922,37663.348082,-2833.414052,-1885.851073,-906.241917,6.990556,-13.08823,-140.661392,0.0,0.0,1.0,0.0,0.0,0.0,1.0,12597.485984,58979.0755,-11524.490348,70.0,1.0,36305.025463,-34399.811911,-17421.289497,70.0,1.0,59854.69951,-13053.337405,-9287.756715,69.961808,23566.453125,5882.313965,5815.680664,5658.141602,4934.275879,5376.73877,40000.0,40000.0,40000.0,40000.0,40000.0,40000.0,40000.0,15758.479492,15497.226562,6640.408691,4296.386719,4054.502197,40000.0,11612.433594,12159.788086,14386.537109,23566.453125,15836.641602,5000.0,81708.179042,-1401.103883,40071.265874,0,true,true,1.0,-338.947632,0
4,354,17.7,8908.114768,-5384.984344,16318.8285,-7487.480422,37709.963669,-2859.442102,-1927.303954,-907.720229,7.483418,-12.801157,-140.419861,0.0,0.0,1.0,0.0,0.069993,0.139986,1.0,12006.705424,59068.834877,-11002.216045,70.0,1.0,35343.453666,-34254.497232,-17912.963178,70.0,1.0,58991.551937,-13092.838477,-9713.831293,69.97099,23875.433594,5732.760254,5622.643555,5545.414551,4825.518066,5265.775879,40000.0,40000.0,40000.0,40000.0,40000.0,40000.0,40000.0,15340.433594,16166.455078,6369.591797,4231.204102,4200.211914,40000.0,11572.098633,12551.698242,14317.094727,23875.433594,15643.143555,5000.0,81739.20006,-2046.745793,39614.477312,0,true,true,1.0,-338.937632,0
4,355,17.75,9048.051263,34136.933082,16413.980259,28873.500163,37754.304538,-2866.157146,-1954.54824,-908.210256,7.948338,-12.518612,-140.165039,0.0,0.0,1.0,0.0,0.069993,0.0,1.0,11461.458388,59146.48842,-10501.653128,70.0,1.0,34398.54477,-34125.632668,-18382.195166,70.0,1.0,58156.052884,-13145.599752,-10126.754421,69.97764,24200.839844,5588.062012,5438.330566,5436.804688,4853.887695,5159.480469,40000.0,40000.0,40000.0,40000.0,40000.0,40000.0,40000.0,15088.272461,16369.283203,6118.250488,4179.808594,4367.222168,40000.0,11535.395508,12527.994141,14802.598633,24200.839844,15485.366211,5000.0,81771.92837,-2686.953211,39154.276606,0,true,true,1.0,-338.927632,0
4,356,17.8,9199.899221,-5536.832303,16518.502727,-7592.00289,37802.357191,-2872.954381,-1983.652503,-907.689825,8.378434,-12.213584,-139.868149,0.0,0.0,1.0,0.0,0.209979,0.279972,1.0,10888.05504,59210.907306,-10025.654588,70.0,1.0,33357.290499,-34011.645869,-18839.647092,70.0,1.0,57239.473404,-13226.704199,-10553.182261,69.983166,24568.578125,5429.799316,5238.124023,5318.132812,4867.834473,5043.625977,40000.0,40000.0,40000.0,40000.0,40000.0,40000.0,40000.0,15300.00293,16594.570312,5848.830566,4206.867188,4680.231445,40000.0,11109.583008,12192.033203,14559.288086,24568.578125,15286.193359,5000.0,81802.495307,-3353.871653,38648.503863,0,true,true,1.0,-338.917632,0
4,357,17.85,9278.386337,34058.445966,16573.039047,28818.963843,37827.136524,-2872.933988,-1996.241605,-907.020061,8.581671,-12.06074,-139.707962,0.0,0.0,1.0,0.0,0.069993,0.139986,1.0,56773.104979,-13278.382067,-10761.207219,74.08339,1.0,32814.646413,-33959.381764,-19059.188171,70.0,1.0,5267.783873,-24981.231085,-23656.745672,69.904454,24756.642578,5347.722168,5134.518555,5256.611816,4874.320312,4983.552246,40000.0,40000.0,40000.0,40000.0,40000.0,40000.0,40000.0,15396.688477,16764.927734,5718.196777,4273.387207,4800.204102,40000.0,11479.675781,12086.581055,14403.470703,24756.642578,15183.884766,5000.0,81813.284091,-3693.825192,38390.614611,0,true,true,1.0,-338.907632,0
4,358,17.9,9438.933163,-5697.379129,16685.673222,-7704.637066,37877.660639,-2879.797951,-2026.817545,-904.828296,8.961629,-11.821767,-139.349335,0.0,0.0,1.0,0.0,-0.209979,0.279972,1.0,55818.470953,-13422.779673,-11108.234093,80.809902,1.0,31700.399408,-33878.47573,-19444.531679,70.0,1.0,4205.542027,-24706.853411,-23824.180968,69.929253,25003.130859,5179.556641,4924.166016,5131.347168,4886.358398,4861.977051,40000.0,40000.0,40000.0,40000.0,40000.0,40000.0,40000.0,15601.732422,16967.345703,5432.825195,4283.484375,5122.496582,40000.0,11447.894531,12484.577148,14839.708984,25003.130859,14979.637695,5000.0,81782.838507,-4422.515751,37956.631588,0,true,true,1.0,-338.897632,0
4,359,17.95,9601.349853,33896.029276,16801.091319,28703.545747,37928.513837,-2879.087935,-2052.484575,-901.927136,9.247347,-11.654014,-139.066162,0.0,0.0,1.0,0.0,0.0,0.0,1.0,54879.817712,-13519.504394,-11345.602997,85.836707,1.0,30637.579946,-33791.539261,-19712.02476,70.0,1.0,3193.582154,-24467.2329,-23928.851517,69.947785,25106.207031,5015.376953,4707.371094,5005.421875,4903.098145,4734.908691,40000.0,40000.0,40000.0,40000.0,40000.0,40000.0,40000.0,15789.910156,17282.355469,5176.911621,4345.456055,5506.729492,40000.0,11417.426758,12469.383789,14849.529297,25106.207031,14776.188477,5000.0,81696.197674,-4984.691341,37641.832136,0,true,true,1.0,-338.887632,0
4,360,18.0,9766.932232,-5862.961508,16920.269314,-7823.815061,37980.081157,-2892.698399,-2088.54852,-898.44704,9.457289,-11.539876,-138.864502,0.0,0.0,1.0,0.0,-0.139986,-0.069993,1.0,53950.278093,-13562.04485,-11495.140003,89.606636,1.0,29619.364846,-33692.619817,-19884.686482,70.0,1.0,2221.71279,-24257.676464,-23984.101807,69.961683,25093.335938,4853.289062,4481.87207,4877.209961,4924.597168,4600.603027,40000.0,40000.0,40000.0,40000.0,40000.0,40000.0,40000.0,15986.698242,17308.289062,4939.908691,4503.77002,5752.894043,40000.0,11003.422852,12094.213867,14382.435547,25093.335938,14578.827148,5000.0,81565.683518,-5383.070525,37425.584748,0,true,true,1.0,-338.877632,0
4,361,18.05,9929.905904,33733.055604,17039.009921,28584.80514,38030.515933,-2896.442079,-2116.632393,-894.911982,9.619264,-11.506395,-138.490723,0.0,0.0,1.0,0.0,-0.046744,2.196974,1.0,52998.128997,-13772.600504,-11593.288159,92.326523,1.0,28524.56506,-33687.156109,-20021.565291,70.0,1.0,1207.799161,-24058.358281,-24029.780639,69.971711,24912.529297,4685.181152,4266.256348,4750.49707,4866.240723,4474.915527,5392.005859,40000.0,40000.0,40000.0,40000.0,40000.0,40000.0,16213.132812,16802.054688,4822.40332,4683.970215,40000.0,10758.327148,11367.987305,12452.146484,14354.262695,24912.529297,14380.394531,4969.483887,81384.538669,-6026.44116,37280.999693,0,true,true,1.0,-338.867632,0
4,362,18.1,10021.990543,-5955.046147,17106.766354,-7891.571494,38059.001725,-2886.964529,-2124.2459,-893.063935,9.647812,-11.502319,-138.068741,0.0,0.0,1.0,0.0,0.445275,2.631173,1.0,52403.535187,-14081.174982,-11662.063658,93.550316,1.0,27776.183381,-33787.744835,-20095.524554,70.0,1.0,539.881708,-23953.554223,-24045.703426,69.976222,24778.384766,4579.814453,4151.676758,4677.998535,4801.359863,4411.681152,5331.539551,40000.0,40000.0,40000.0,40000.0,40000.0,40000.0,16359.805664,16972.34375,4788.125977,4898.984863,40000.0,10735.963867,11367.474609,12478.773438,14425.361328,24778.384766,14268.964844,4940.998047,81269.80492,-6667.660004,37171.522093,0,true,true,1.0,-338.857632,0
4,363,18.15,10194.57111,33560.475037,17235.056034,28456.51546,38112.077962,-2895.171581,-2159.781231,-889.453143,9.614045,-11.436022,-136.82077,0.0,0.0,1.0,0.0,0.837856,2.09464,1.0,51141.568339,-15027.272959,-11911.404357,95.329509,1.0,26066.290023,-34152.093979,-20295.676223,70.0,1.0,-945.588874,-23731.575574,-24072.612603,69.982782,24652.410156,4362.291504,3950.784424,4540.134277,4686.987305,4376.275879,5254.334961,40000.0,40000.0,40000.0,40000.0,40000.0,40000.0,16667.136719,8792.701172,4871.362305,5175.224121,40000.0,10691.985352,11080.487305,12151.167969,14625.72168,24652.410156,14079.512695,4887.921875,81065.92524,-8478.27216,36773.771373,0,true,true,1.0,-338.847632,0
4,364,18.2,10352.227531,-6112.702568,17353.93202,-8010.44748,38160.252315,-2903.366438,-2197.390727,-885.961595,9.538687,-11.34548,-135.415253,0.0,0.0,1.0,0.0,-0.349965,-0.419958,1.0,49883.020979,-16073.895738,-12200.594562,96.511944,1.0,24318.592569,-34545.970358,-20505.879107,70.0,1.0,-2432.217901,-23477.619126,-24088.664387,69.987141,24601.65625,4157.009277,3773.261963,4414.230469,4587.105469,4371.064453,5204.828613,40000.0,40000.0,40000.0,40000.0,40000.0,40000.0,16079.830078,7572.818848,4849.824707,5515.993164,40000.0,11053.960938,11425.007812,12718.705078,23551.777344,24601.65625,13923.379883,4839.747559,80845.000134,-10483.864535,36302.582434,0,true,true,1.0,-338.837632,0
4,365,18.25,10506.201673,33406.500895,17471.85788,28338.5896,38207.153997,-2896.951711,-2227.748157,-882.576792,9.486919,-11.287273,-134.361008,0.0,0.0,1.0,0.0,0.0,0.0,1.0,48734.106166,-16804.931918,-12394.360593,97.376468,1.0,22814.814469,-34771.771802,-20641.694355,70.0,1.0,-3720.98057,-23221.141408,-24081.178253,69.990328,24487.236328,3974.427979,3587.348145,4291.614258,4481.80957,4372.901855,5124.375488,40000.0,40000.0,40000.0,40000.0,40000.0,40000.0,16337.476562,6802.335449,4948.702637,5849.568359,40000.0,11026.539062,11453.058594,12822.913086,23624.755859,24487.236328,13756.250977,4792.846191,80593.274769,-11980.343691,35963.039833,0,true,true,1.0,-338.827632,0
4,366,18.3,10593.132941,-6199.633836,17539.344896,-8077.934496,38233.698221,-2884.469299,-2239.288932,-880.764786,9.467979,-11.265381,-133.967606,0.0,0.0,1.0,0.0,0.0,0.0,1.0,48145.07581,-17048.776931,-12456.127178,97.771804,1.0,22095.987387,-34819.74385,-20680.173005,70.0,1.0,-4351.192525,-23090.050993,-24064.840011,69.991785,24398.330078,3879.806152,3520.336914,4221.601074,4416.929688,4377.607422,5057.775879,40000.0,40000.0,40000.0,40000.0,40000.0,40000.0,16429.222656,6439.761719,5046.975098,6010.509277,40000.0,10631.96875,11460.133789,12858.492188,23634.201172,24398.330078,24059.039062,4766.301758,80453.913545,-12532.075104,35838.189403,0,true,true,1.0,-338.817632,0
4,367,18.35,10782.826275,33216.807561,17689.237288,28188.697208,38291.729263,-2866.226809,-2276.717447,-876.30881,9.442039,-11.232356,-133.319183,0.0,0.0,1.0,0.0,0.0,0.0,1.0,46917.634904,-17404.129897,-12540.794192,98.504092,1.0,20658.758119,-34836.878203,-20726.339287,70.0,1.0,-5626.987091,-22812.621104,-24018.510128,69.994485,24171.222656,3680.425781,3350.723389,4006.583496,4267.416016,4390.22998,4886.230469,40000.0,40000.0,40000.0,40000.0,40000.0,40000.0,16742.394531,5812.619141,5294.853516,40000.0,40000.0,10986.370117,11132.837891,12517.408203,23700.417969,24171.222656,23753.794922,4708.270508,80152.356842,-13434.75747,35638.955249,0,true,true,1.0,-338.807632,0
4,368,18.4,10872.335243,-6289.142804,17761.040572,-8149.737779,38319.035937,-2865.937808,-2299.029358,-874.317201,9.392797,-11.203519,-132.844345,0.0,0.0,1.0,0.0,0.69993,2.869713,1.0,46277.228601,-17697.838006,-12611.313155,98.737693,1.0,19866.843914,-34898.048241,-20758.738398,70.0,1.0,-6310.289007,-22662.730414,-23990.117324,69.995346,24092.097656,3580.607178,3267.860596,3868.014648,4199.422852,4392.682617,4818.074219,40000.0,40000.0,40000.0,40000.0,40000.0,40000.0,16934.972656,5698.010254,5488.88916,40000.0,40000.0,10975.769531,11102.232422,12963.543945,23698.509766,24092.097656,23596.972656,4680.963867,79991.393613,-14081.732442,35489.631477,0,true,true,1.0,-338.797632,0
4,369,18.45,11061.853651,33027.289153,17911.643442,28038.094338,38375.776832,-2893.239378,-2249.869513,-847.915805,9.191852,-11.026073,-131.387497,0.0,-1.0,1.0,0.0,1.021532,1.862795,1.0,44743.185326,-18615.707965,-12898.370277,99.134457,1.0,17872.277613,-35123.620124,-20873.633975,70.0,1.0,-7983.369393,-22256.893028,-23895.132022,69.996809,24178.226562,3360.490479,3089.894531,3600.159668,4066.573486,4391.771973,4714.446289,40000.0,40000.0,40000.0,40000.0,40000.0,40000.0,17292.138672,5638.834473,5818.154297,40000.0,10745.138672,10955.636719,11540.676758,12733.460938,23873.744141,12938.915039,23221.375,4624.223145,79632.469097,-16018.67352,34919.053669,0,true,true,1.0,-338.787632,0
4,370,18.5,11159.527482,-6386.816635,17984.317654,-8222.411992,38403.205014,-2930.214791,-2180.226253,-822.84542,9.075106,-10.883272,-130.576324,0.0,-1.0,1.0,0.0,0.559944,0.629937,1.0,43931.074103,-19091.453035,-13085.328479,99.285786,1.0,16808.047694,-35214.835657,-20941.655902,70.0,1.0,-8866.480529,-22003.867241,-23830.424754,69.997367,24346.302734,3253.463379,3003.786377,3466.17627,4004.583252,4394.5625,4673.064453,40000.0,40000.0,40000.0,40000.0,40000.0,20870.931641,17498.390625,5689.137695,5942.559082,40000.0,10692.181641,10943.486328,11176.357422,13235.922852,23882.841797,12801.288086,23051.769531,4596.794922,79452.055081,-17076.432874,34545.429475,0,true,true,1.0,-338.777632,0
4,371,18.55,11341.283437,32845.533198,18115.151999,27907.259993,38445.464604,-2960.636994,-2108.479225,-642.213635,8.848336,-10.609896,-128.976791,1.0,-1.0,1.0,0.0,-0.069993,0.69993,1.0,42391.835812,-19979.80344,-13460.636014,99.488654,1.0,14789.16119,-35338.255764,-21084.430676,70.0,1.0,-10514.946384,-21455.374468,-23720.402436,69.998115,24736.626953,3062.604248,2850.197021,3218.071533,3897.029053,4404.333496,4611.547363,40000.0,40000.0,40000.0,40000.0,40000.0,16842.96875,17904.232422,5690.518066,6326.990234,40000.0,10594.731445,10925.265625,11643.240234,12963.966797,24084.697266,12527.073242,22803.496094,4554.535156,79060.943344,-19152.467053,33820.422726,0,true,true,1.0,-338.767632,0
4,372,18.6,11433.333314,-6478.866512,18181.98441,-8289.244402,38465.693747,-2942.300405,-2136.24436,-646.608309,8.709592,-10.523292,-128.035461,0.0,0.0,1.0,0.0,-0.25563,2.454051,1.0,41563.184163,-20505.427284,-13622.114381,99.568641,1.0,13695.284326,-35405.795462,-21141.86461,70.0,1.0,-11385.85582,-21145.681566,-23670.731366,69.99841,24827.117188,2965.842529,2772.958984,3096.088135,3846.746094,4409.660156,4594.064941,40000.0,40000.0,40000.0,40000.0,40000.0,16984.857422,18146.652344,5754.991699,6454.574707,40000.0,10948.485352,10924.670898,11299.09082,13084.214844,24314.392578,12434.019531,22643.853516,4534.306152,78771.762947,-20383.706315,33500.75032,0,true,true,1.0,-338.757632,0
4,373,18.65,11616.420359,32662.446153,18318.947816,27770.296586,38506.619442,-2912.777058,-2201.134106,-653.589259,8.298746,-10.496207,-125.432808,0.0,0.0,1.0,0.0,0.0,4.071519,1.0,39614.586707,-22010.702711,-13895.645218,99.693386,1.0,11074.079006,-35623.689707,-21224.930984,70.0,1.0,-13340.688496,-20290.427018,-23559.59562,69.99887,22943.316406,2763.920166,2616.993652,2888.906982,3767.756348,4418.314453,4640.98584,40000.0,40000.0,40000.0,40000.0,40000.0,17291.167969,7543.874023,6055.692871,40000.0,40000.0,10513.835938,10963.212891,11472.407227,18189.451172,24665.806641,12215.40625,24665.806641,4493.380371,77808.92944,-23810.03415,32932.117789,0,true,true,1.0,-338.747632,0
4,374,18.7,11792.860367,-6655.30652,18456.562437,-8426.859024,38546.945947,-2870.785462,-2263.53294,-660.454455,7.738867,-10.518333,-122.048195,0.0,0.0,1.0,0.0,0.410933,2.951243,1.0,37298.635958,-23918.892524,-14174.617309,99.780057,1.0,7968.954281,-35837.672532,-21290.031015,70.0,1.0,-15493.123453,-19120.617292,-23414.493449,69.999189,21568.728516,2563.615234,2466.61084,2728.070801,3721.002441,4430.269531,4811.82959,40000.0,40000.0,40000.0,40000.0,40000.0,17740.488281,6354.594727,6414.653809,40000.0,10859.038086,10455.299805,11066.06543,12212.749023,22248.697266,24393.59375,12044.34375,24393.59375,4453.054199,76346.750323,-28211.732596,32321.49245,0,true,true,1.0,-338.737632,0
4,375,18.75,11882.400004,32572.906516,18528.84615,27698.012874,38567.841352,-2844.930351,-2296.660287,-663.906799,7.422883,-10.486896,-120.171738,0.0,0.0,1.0,0.0,0.774012,2.43261,1.0,36002.086137,-24916.482108,-14338.153178,99.814669,1.0,6277.910044,-35879.305791,-21314.944911,70.0,1.0,-16627.491967,-18424.481979,-23316.548433,69.999317,21624.521484,2463.402344,2391.068115,2646.892822,3703.925293,4440.032227,4937.739746,40000.0,40000.0,40000.0,40000.0,40000.0,17991.541016,6264.604492,6633.500977,40000.0,10743.081055,10768.489258,10749.34082,12046.523438,22552.164062,24351.097656,11974.59082,24351.097656,4432.158691,75453.928411,-30604.960817,31950.360892,0,true,true,1.0,-338.727632,0
4,376,18.8,12049.738167,-6822.644683,18668.864614,-8566.877488,38607.609132,-2801.904518,-2373.371234,-668.674458,6.787236,-10.336708,-116.388763,0.0,0.0,1.0,0.0,0.209979,0.279972,1.0,33346.433781,-26790.900413,-14679.821932,99.865758,1.0,2923.995778,-35788.588459,-21338.690828,70.0,1.0,-18800.688746,-16915.454573,-23082.859395,69.999505,2479.093018,2279.469238,2251.597168,2491.049561,3686.275391,4467.932617,5274.34082,40000.0,40000.0,40000.0,40000.0,23230.376953,18576.349609,6339.745605,40000.0,40000.0,10957.313477,10765.998047,11340.864258,12433.56543,23040.048828,11684.734375,21986.857422,24479.345703,4392.390625,73468.546933,-35327.158419,31143.112618,0,true,true,1.0,-338.717632,0
4,377,18.85,12196.113824,32426.530858,18797.2731,27569.604387,38643.173598,-2749.594843,-2441.217074,-672.436245,6.23203,-10.161314,-113.024651,0.0,0.0,1.0,0.0,0.0,0.0,1.0,30892.84023,-28283.293151,-14960.40105,99.898953,1.0,-39.396737,-35498.831731,-21325.327349,70.0,1.0,-20637.750347,-15432.364015,-22847.879678,69.999627,2271.404541,2123.79126,2130.519287,2318.478271,3678.009033,4504.304688,5675.836426,40000.0,40000.0,40000.0,40000.0,17925.253906,8158.658203,6636.677246,40000.0,40000.0,10829.667969,10806.651367,11570.589844,17438.015625,23664.210938,11464.663086,21619.226562,24695.738281,4356.826172,71449.789624,-39407.653453,30431.899012,0,true,true,1.0,-338.707632,0
4,378,18.9,12285.737853,-6912.268712,18879.460574,-8649.064961,38665.72578,-2688.720726,-2465.624072,-676.565411,6.034432,-10.089964,-111.806488,0.0,0.0,1.0,0.0,0.0,0.0,1.0,29793.193218,-28692.069687,-15041.220663,99.916427,1.0,-1292.245238,-35247.856435,-21296.609156,70.0,1.0,-21456.982356,-14770.898174,-22740.18788,69.999692,2161.029053,2032.615234,2050.534668,2221.489014,3630.0625,4520.905762,5751.528809,40000.0,40000.0,40000.0,40000.0,18096.75,7165.319824,6852.065918,40000.0,40000.0,10443.553711,10512.776367,11665.411133,21374.693359,23895.9375,11346.603516,24230.607422,24739.816406,4334.274414,70613.070536,-40834.266819,30181.825681,0,true,true,1.0,-338.697632,0
4,379,18.95,12453.341422,32258.92729,19035.340478,27413.724483,38707.634948,-2688.921478,-2471.255695,-662.6157,5.662975,-9.976901,-109.488869,0.0,-1.0,1.0,0.0,-0.349965,0.0,1.0,27704.376375,-29393.323999,-15167.901687,99.941464,1.0,-3628.983058,-34684.324082,-21231.485752,70.0,1.0,-22943.719879,-13451.553561,-22540.3745,69.999784,1959.2146,1863.450439,1900.030518,2082.915039,3539.853516,4457.345215,5932.834473,40000.0,40000.0,40000.0,40000.0,18459.771484,7045.678223,7185.365723,40000.0,10931.983398,10737.783203,10516.244141,11868.416016,21536.548828,24307.876953,11113.311523,24775.394531,21772.470703,4292.365234,68921.775687,-43501.211487,29753.728479,0,true,true,1.0,-338.687632,0
4,380,19.0,12544.006581,-7002.933871,19116.903598,-8730.628081,38729.260389,-2719.954631,-2446.893462,-648.763208,5.488971,-9.950278,-108.392921,0.0,-1.0,1.0,0.0,-0.279972,0.0,1.0,26674.541132,-29652.114914,-15204.224143,99.95124,1.0,-4751.835892,-34339.516045,-21193.257692,70.0,1.0,-23652.762381,-12761.408348,-22450.822165,69.99982,1858.410034,1776.789673,1820.907959,2007.549683,3486.102051,4468.961426,6011.405273,40000.0,40000.0,40000.0,40000.0,18642.728516,6950.76123,7315.399902,40000.0,10853.078125,10343.982422,10924.248047,11550.789062,21544.988281,24556.783203,11035.625977,24715.861328,21266.921875,4270.739746,68055.88072,-44731.698182,29593.25623,0,true,true,1.0,-338.677632,0
4,381,19.05,12710.599213,32092.334658,19263.022711,27267.605369,38767.204896,-2783.484085,-2422.449464,-624.213925,5.157331,-9.921624,-106.295387,0.0,-1.0,1.0,0.0,-0.209979,0.139986,1.0,24759.545765,-30088.374841,-15257.745165,99.964815,1.0,-6810.711143,-33616.762862,-21120.821665,70.0,1.0,-24901.678993,-11398.787707,-22292.787506,69.99987,1681.357788,1623.475098,1680.101807,1873.028931,3396.192627,4519.427246,6239.510742,40000.0,40000.0,40000.0,40000.0,19024.6875,7064.23291,40000.0,40000.0,11126.707031,10685.553711,10616.712891,11762.204102,21734.960938,10920.260742,10857.318359,24566.300781,20416.492188,4232.794922,66330.64487,-47042.41671,29326.128401,0,true,true,1.0,-338.667632,0
4,382,19.1,12883.004355,-7175.339013,19410.000823,-8877.606192,38804.531171,-2823.509817,-2391.940281,-603.349134,4.817952,-9.971786,-104.160858,0.0,-1.0,1.0,0.0,-0.419958,1.819818,1.0,22839.369407,-30424.23626,-15266.830067,99.974776,1.0,-62303.544481,-14319.560446,-28932.249965,78.313301,1.0,-8824.232035,-32765.536377,-21050.985932,70.0,23931.085938,1471.736572,1538.453003,1735.326172,3305.854736,4560.604492,6564.649414,40000.0,40000.0,40000.0,40000.0,19453.824219,7375.644531,40000.0,40000.0,10770.446289,10668.032227,10776.228516,11969.685547,21966.064453,10646.744141,20995.371094,24228.40625,20219.046875,4195.46875,64442.414257,-49325.993459,29165.373182,0,true,true,1.0,-338.657632,0
4,383,19.15,12971.758828,32003.580185,19488.319542,27189.28665,38824.095557,-2758.165993,-2433.860737,-607.98989,4.617814,-10.030126,-102.927994,0.0,0.0,1.0,0.0,-0.129272,2.369993,1.0,21779.097507,-30612.448935,-15258.729167,99.978835,1.0,-62994.277285,-12711.1882,-28855.452073,81.80256,1.0,-26652.5602,-9082.970358,-22113.735027,70.0,23976.583984,1391.937622,1463.539917,1662.323608,2088.356445,4588.928711,6844.512695,40000.0,40000.0,40000.0,40000.0,19706.878906,7479.961914,40000.0,40000.0,10935.832031,10305.220703,11156.394531,12122.376953,22144.597656,10483.476562,20791.087891,23976.583984,20634.599609,4175.904297,63305.184215,-50619.92117,29114.683647,0,true,true,1.0,-338.647632,0
4,384,19.2,13144.823825,-7348.40401,19651.057459,-9040.344109,38864.017348,-2634.559274,-2529.11377,-616.051948,4.123108,-10.171187,-99.957863,0.0,0.0,1.0,0.0,0.12734,2.801486,1.0,19376.354079,-31100.880974,-15241.012289,99.985271,1.0,-64353.425409,-8894.022529,-28701.08268,87.335945,1.0,-27840.189035,-7118.288676,-22005.264188,70.0,23421.414062,1229.011108,1310.331909,1515.194824,1951.28772,4688.894531,40000.0,40000.0,40000.0,40000.0,19199.830078,8097.503906,7818.388672,40000.0,11313.725586,10819.768555,10385.56543,11350.355469,16890.009766,22605.052734,10251.597656,20392.773438,23421.414062,21868.744141,4135.982422,60485.448249,-53658.625685,29017.668567,0,true,true,1.0,-338.637632,0
4,385,19.25,13228.18019,31920.22382,19734.49272,27105.851389,38884.144434,-2569.230229,-2571.661997,-620.361959,3.838507,-10.22236,-98.281822,0.0,0.0,1.0,0.0,0.299153,2.453058,1.0,18064.220357,-31353.226237,-15238.119171,99.98766,1.0,-64988.308987,-6749.781332,-28597.996384,89.390315,1.0,-28419.648916,-6022.495202,-21939.897844,70.0,23191.994141,1145.802368,1232.231567,1438.79834,1882.746582,4765.905273,40000.0,40000.0,40000.0,40000.0,19343.757812,8020.45459,8007.706543,40000.0,11168.917969,10420.397461,10735.759766,11167.393555,20596.496094,22922.035156,10134.287109,20209.328125,23191.994141,23191.994141,4115.855469,58851.527016,-55313.589951,28947.705267,0,true,true,1.0,-338.627632,0
4,386,19.3,13392.138983,-7512.362803,19910.305985,-9216.157374,38926.488528,-2422.009238,-2660.807303,-640.212361,3.838507,-10.22236,-98.281822,0.0,0.0,1.0,0.0,0.0,-0.069993,1.0,17243.763717,-30781.955752,-15175.581147,99.991778,1.0,-65767.516819,-6201.711455,-28529.559829,92.931158,1.0,-29171.307721,-5464.738686,-21865.832242,70.0,22953.392578,1462.593994,1034.443481,1207.87439,1580.588623,4328.90332,40000.0,40000.0,40000.0,40000.0,19589.576172,8117.686035,8252.647461,40000.0,11178.473633,10780.217773,10744.597656,11082.988281,20509.617188,22825.349609,9885.623047,19964.748047,22953.392578,22953.392578,4073.511475,58649.552022,-55177.414854,28963.461455,0,true,true,1.0,-340.617632,0
4,387,19.35,13470.242274,31842.120529,20000.661178,27015.496197,38948.18444,-2343.098622,-2710.65563,-650.877323,3.838507,-10.22236,-98.281822,0.0,0.0,1.0,0.0,0.139986,-0.629937,1.0,16825.007571,-30510.9905,-15144.703663,99.993519,1.0,-66162.628738,-5944.300857,-28495.318414,94.427932,1.0,-29550.433147,-5202.167307,-21828.355217,70.0,22831.140625,2023.468994,932.956787,1089.36499,1425.495483,2287.061035,6983.26416,40000.0,40000.0,40000.0,19711.451172,8201.274414,8375.662109,40000.0,11314.197266,10789.241211,10753.591797,11468.958008,20470.925781,22782.291016,9777.192383,19839.673828,22831.140625,22831.140625,4051.815674,58546.636453,-55113.518649,28971.24337,0,true,true,1.0,-340.607632,0
4,388,19.4,13545.763125,-7587.883653,20092.647714,-9308.143911,38970.229375,-2265.625388,-2759.595955,-661.34802,3.838507,-10.22236,-98.281822,0.0,0.0,1.0,0.0,0.349965,-2.589741,1.0,16401.043276,-30250.757393,-15114.065756,99.994926,1.0,-66562.452863,-5698.091288,-28461.258399,95.637508,1.0,-29933.800384,-4950.946268,-21790.984593,70.0,22706.921875,4772.961914,908.449829,968.825317,1267.745117,2033.994995,6210.620605,40000.0,40000.0,40000.0,19913.896484,8288.038086,8557.34375,40000.0,11559.803711,10801.324219,10393.788086,11459.544922,20435.400391,22706.921875,9670.553711,19719.464844,22706.921875,22706.921875,4029.770508,58442.436313,-55052.414912,28978.961204,0,true,true,1.0,-340.597632,0
4,389,19.45,13615.382163,31772.50149,20185.044918,26923.098993,38992.541475,-2088.571054,-2771.915955,-669.362952,3.838507,-10.22236,-98.281822,0.0,1.0,1.0,0.0,0.344725,-2.527985,1.0,15979.587891,-30015.990056,-15083.594686,99.995897,1.0,-66962.725697,-5475.795806,-28427.795663,96.472214,1.0,-30319.54675,-4724.305625,-21754.604851,70.0,22581.199219,4749.378906,1085.394409,847.91925,1109.567505,1780.159546,5477.01416,40000.0,40000.0,40000.0,20033.445312,8377.791992,8673.933594,40000.0,11554.183594,10817.984375,10413.104492,11453.972656,20479.640625,22581.199219,9569.297852,19603.435547,22581.199219,22581.199219,4007.458496,58338.625443,-54997.220231,28986.62501,0,true,true,1.0,-340.587632,0
4,390,19.5,13738.603836,-7711.105326,20370.737156,-9493.83615,39038.434445,-1774.005908,-2789.549542,-694.281857,3.838507,-10.22236,-98.281822,0.0,1.0,1.0,0.0,0.489951,-1.469853,1.0,15142.280918,-29611.860374,-15020.859542,99.997254,1.0,-67760.034571,-5095.696454,-28359.443707,97.639482,1.0,-31089.242335,-4335.771153,-21680.696205,70.0,22322.601562,4687.239746,1395.917725,884.774231,792.172424,1270.987183,5428.159668,40000.0,40000.0,40000.0,20663.939453,8569.350586,40000.0,40000.0,11552.814453,10478.735352,10824.105469,11120.897461,20436.220703,22322.601562,9381.479492,19859.125,22322.601562,22322.601562,3961.565674,58132.174587,-54902.874171,29002.379953,0,true,true,1.0,-342.577632,0
4,391,19.55,13791.499983,31719.605343,20460.808235,26833.027915,39061.092584,-1644.535191,-2800.299586,-704.438955,3.838507,-10.22236,-98.281822,0.0,1.0,1.0,0.0,0.349965,-1.049895,1.0,14740.403701,-29444.222136,-14989.94436,99.997696,1.0,-68144.381945,-4938.80889,-28326.081554,98.01911,1.0,-31461.394744,-4175.08864,-21644.875351,70.0,22194.927734,4650.986328,1528.831909,969.038574,746.55658,1024.329712,5391.551758,40000.0,40000.0,40000.0,20767.375,8675.455078,40000.0,40000.0,11556.270508,10568.199219,10827.34375,11135.489258,20421.830078,22194.927734,9323.652344,20048.498047,22194.927734,22194.927734,3938.907471,58032.938201,-54863.93532,29010.132263,0,true,true,1.0,-342.567632,0
4,392,19.6,13886.62118,-7806.226523,20646.641922,-9679.669837,39108.781299,-1375.217021,-2813.439811,-725.829439,3.838507,-10.22236,-98.281822,0.0,1.0,1.0,0.0,0.069993,0.0,1.0,13918.471958,-29152.946485,-14924.687042,99.998422,1.0,-68929.057778,-4670.836761,-28255.654274,98.643345,1.0,-32226.388935,-3887.432347,-21569.570165,70.0,21926.210938,4987.597168,1765.406738,1119.735596,862.627991,742.740295,1576.938721,40000.0,40000.0,40000.0,20970.638672,8887.942383,40000.0,40000.0,11372.892578,10872.178711,10841.782227,11212.25,20331.806641,21926.210938,9162.161133,20229.847656,21926.210938,21926.210938,3891.21875,57830.014313,-54797.519372,29026.479499,0,true,true,1.0,-342.557632,0
4,393,19.65,13927.877695,31678.348828,20740.629044,26739.040792,39133.340192,-1237.695398,-2819.613516,-736.766764,3.838507,-10.22236,-98.281822,0.0,1.0,1.0,0.0,0.279972,0.419958,1.0,13506.212457,-29031.952374,-14891.034885,99.998715,1.0,-69321.466256,-4562.512801,-28219.264411,98.894981,1.0,-32604.607183,-3775.867351,-21530.398149,70.0,21787.826172,5276.800293,3597.833008,1184.630859,912.62915,785.79425,793.558655,40000.0,40000.0,40000.0,21068.486328,8992.286133,40000.0,40000.0,11386.713867,10883.322266,10590.958984,11253.162109,20330.244141,9440.454102,9086.918945,20530.986328,21787.826172,21787.826172,3866.659912,57728.276896,-54770.734844,29034.900042,0,true,true,1.0,-342.547632,0
4,394,19.7,13964.571247,-7842.920075,20834.793541,-9773.834333,39158.457352,-1100.80651,-2824.93476,-753.51475,3.838507,-10.22236,-98.281822,0.0,1.0,1.0,0.0,0.69993,2.449755,1.0,13095.31106,-28928.455192,-14856.037041,99.998966,1.0,-69711.595772,-4472.418298,-28181.411577,99.110922,1.0,-32979.626553,-3682.762629,-21489.612385,70.0,21646.296875,5532.205078,3688.301758,1241.980957,956.816895,823.808655,769.31427,40000.0,40000.0,40000.0,21163.158203,9094.704102,40000.0,40000.0,11444.900391,10896.889648,10583.749023,11297.739258,20333.169922,9366.5625,9015.893555,21146.226562,21646.296875,21646.296875,3841.542725,57626.914492,-54748.523561,29043.650067,0,true,true,1.0,-344.537632,0
4,395,19.75,14028.829483,31614.090592,21023.762347,26550.071987,39206.850867,-951.289018,-2839.295345,-683.076912,3.838507,-10.22236,-98.281822,1.0,0.0,1.0,0.0,0.559944,0.979902,1.0,12278.698124,-28759.374573,-14795.145981,99.999307,1.0,-70500.654712,-4340.460335,-28118.031242,99.404285,1.0,-33729.974849,-3533.508913,-21418.075155,70.0,21373.609375,15371.09375,3738.995117,1341.575562,1033.553589,889.883606,830.989319,832.654968,40000.0,40000.0,21346.363281,9295.948242,21373.609375,21373.609375,11634.941406,10756.240234,10761.994141,11394.445312,20348.113281,9227.635742,8882.166992,21373.609375,21373.609375,21373.609375,3793.14917,57425.187351,-54713.093176,29058.852402,0,true,true,1.0,-344.527632,0
4,396,19.8,14059.72512,-7873.815712,21118.512105,-9868.584092,39227.008846,-928.686617,-2848.066611,-605.925222,3.838507,-10.22236,-98.281822,1.0,0.0,1.0,0.0,0.279972,0.209979,1.0,11873.530583,-28679.858089,-14780.922801,99.999422,1.0,-70890.317591,-4274.359601,-28101.905929,99.503377,1.0,-34104.948928,-3463.296685,-21399.019175,70.0,21260.023438,15298.499023,3687.387207,1389.274048,1070.30481,921.973083,860.573853,862.26825,40000.0,40000.0,21260.023438,9396.24707,21260.023438,21260.023438,11658.133789,10756.087891,10922.78125,11443.957031,20356.884766,9159.268555,8816.359375,21260.023438,21260.023438,21260.023438,3772.991211,57324.95697,-54696.366908,29062.388509,0,true,true,1.0,-344.517632,0
4,397,19.85,14115.701685,31558.114027,21296.714592,26371.8695,39258.187484,-891.482871,-2873.373946,-467.132046,3.838507,-10.22236,-98.281822,1.0,0.0,1.0,0.0,0.0,0.0,1.0,11117.927514,-28536.984378,-14780.890872,99.999588,1.0,-71613.944129,-4153.870624,-28097.596569,99.645795,1.0,50811.684791,-28444.382292,-7600.556495,78.588276,21084.337891,15160.731445,3588.804932,2571.394287,1136.790649,978.776855,914.005737,915.840942,984.910217,40000.0,21084.337891,9598.361328,21084.337891,21084.337891,11709.368164,10876.763672,10970.78418,11542.549805,20449.351562,9032.765625,21084.337891,21084.337891,21084.337891,21084.337891,3741.8125,57137.943834,-54666.572717,29062.340169,0,true,true,1.0,-344.507632,0
4,398,19.9,14144.584919,-7902.698946,21392.348311,-9964.217811,39271.602002,-866.496983,-2869.011432,-402.435533,3.838507,-10.22236,-98.281822,1.0,0.0,1.0,0.0,0.069993,0.069993,1.0,10715.470978,-28463.342642,-14794.042427,99.99966,1.0,-71998.652523,-4092.879117,-28108.389149,99.707689,1.0,50401.999129,-28375.962666,-7615.364995,82.329771,21008.75,15086.12793,3535.037842,2615.790527,1170.994629,1008.228516,941.510376,943.370056,1014.517517,40000.0,21008.75,9709.270508,21008.75,21008.75,11740.68457,11016.967773,11000.125977,11594.301758,20460.439453,8938.150391,21008.75,21008.75,21008.75,21008.75,3728.397949,57038.33462,-54651.50922,29059.009344,0,true,true,1.0,-346.497632,0
4,399,19.95,14198.093538,31504.605408,21576.029683,26188.188129,39291.683719,-828.880731,-2879.78597,-287.421988,3.838507,-10.22236,-98.281822,1.0,0.0,1.0,0.0,0.209979,0.629937,1.0,9948.421113,-28329.357345,-14841.880769,99.99976,1.0,-72733.724881,-3982.088332,-28152.004216,99.793461,1.0,49621.358394,-28251.620066,-7666.306684,87.514697,20895.59375,14957.263672,3430.211182,2697.763916,1234.11145,1062.575806,992.295044,994.258423,1069.248901,40000.0,20895.59375,9923.098633,20895.59375,20895.59375,11840.56543,11093.623047,10997.402344,15943.31543,20419.695312,8811.853516,20895.59375,20895.59375,20895.59375,20895.59375,3708.316162,56848.305,-54624.147906,29046.951319,0,true,true,1.0,-346.487632,0
4,400,20.0,14225.288164,-7929.893572,21664.832896,-10053.021025,39299.133443,-877.311049,-2864.832249,-240.331483,3.838507,-10.22236,-98.281822,1.0,-1.0,1.0,0.0,0.279972,1.119888,1.0,9578.611455,-28258.622417,-14873.625392,99.999797,1.0,-73088.185425,-3922.683382,-28181.734875,99.825472,1.0,49244.743916,-28185.626644,-7699.59932,89.449776,20853.617188,14888.205078,3380.570312,2739.610596,1467.904907,1090.336304,1018.220215,1020.206177,1097.154053,1281.103638,20853.617188,10025.929688,20853.617188,20853.617188,11888.832031,11125.063477,10997.930664,15969.543945,20419.732422,8749.500977,20853.617188,20853.617188,20853.617188,20853.617188,3700.866455,56756.645702,-54609.460207,29038.957489,0,true,true,1.0,-346.477632,0
4,401,20.05,14286.549179,31443.344393,21847.582643,26005.438382,39310.169123,-971.680735,-2820.680357,-147.734126,3.838507,-10.22236,-98.281822,1.0,-1.0,1.0,0.0,-0.279972,1.819818,1.0,8817.826563,-28089.976317,-14954.856307,99.999859,1.0,-73816.694309,-3778.297717,-28258.760083,99.878381,1.0,48469.013562,-28027.197542,-7784.216939,92.6481,20791.431641,14749.154297,3282.394531,2834.475586,2183.681885,1153.234741,1076.930054,1079.066406,1160.457642,1355.025391,20791.431641,10235.338867,20791.431641,20791.431641,11974.225586,11190.24707,11150.390625,15947.018555,20435.039062,8643.478516,20791.431641,20791.431641,20791.431641,20791.431641,3689.830811,56568.029799,-54573.712376,29018.505056,0,true,true,1.0,-346.467632,0
4,402,20.1,14320.448288,-7963.792681,21940.59954,-10146.037922,39313.783401,-1016.973225,-2790.506774,-108.428338,3.838507,-10.22236,-98.281822,1.0,-1.0,1.0,1.0,-0.349965,1.539846,1.0,8430.485705,-27991.803125,-15003.552781,99.999884,1.0,-74186.607844,-3693.471992,-28305.202347,99.900389,1.0,48073.23432,-27934.67948,-7834.81797,93.978471,20771.066406,14679.953125,3234.468994,2887.199219,2224.343994,1187.234131,1109.625854,1111.828857,1195.693359,1396.131592,20771.066406,10340.791016,20771.066406,20771.066406,12026.276367,11223.496094,11192.116211,15969.80957,20440.199219,8572.885742,20771.066406,20771.066406,20771.066406,20771.066406,3686.216553,56471.997221,-54552.696883,29006.239305,0,true,true,1.0,-348.457632,0
4,403,20.15,14392.806914,31370.985768,22124.300212,25821.73771,39317.069237,-1107.332821,-2744.278443,-30.307546,3.838507,-10.22236,-98.281822,1.0,-1.0,1.0,1.0,-0.343372,2.550766,1.0,7665.543667,-27774.798427,-15113.860631,100.0,1.0,-74916.890396,-3503.494815,-28411.059365,99.93343,1.0,47290.778313,-27729.18617,-7949.063595,95.975814,20752.550781,14546.418945,3143.990723,2935.980469,2311.497314,1664.42627,1179.704834,1182.051025,1271.216675,1484.32251,20752.550781,10546.791992,20752.550781,20752.550781,12117.619141,11241.907227,11257.623047,16010.140625,20445.158203,8428.189453,20752.550781,20752.550781,20752.550781,20752.550781,3682.930664,56282.257451,-54505.587729,28978.453484,0,true,true,1.0,-348.447632,0
4,404,20.2,14431.135415,-8002.121183,22215.051015,-10236.788725,39316.854064,-1149.854977,-2722.523939,6.455172,3.838507,-10.22236,-98.281822,1.0,-1.0,1.0,1.0,-0.355083,2.796275,1.0,7287.728523,-27656.73953,-15175.101094,100.0,1.0,-75277.714999,-3398.937043,-28470.134871,99.945522,1.0,46903.988662,-27616.906518,-8012.31384,96.706812,20753.763672,14481.946289,3100.212158,2896.035889,2357.859375,1900.304077,1216.036255,1219.374756,1311.358032,1531.196899,20753.763672,10647.482422,20753.763672,20753.763672,12158.713867,11306.438477,11289.996094,16027.831055,20519.0,8354.188477,20753.763672,20753.763672,20753.763672,20753.763672,3683.145996,56188.483455,-54479.639958,28963.026906,0,true,true,1.0,-348.437632,0
4,405,20.25,14470.772277,31331.348906,22305.132455,25731.65627,39315.507743,-1189.105801,-2702.44306,40.389648,3.838507,-10.22236,-98.281822,1.0,-1.0,1.0,1.0,-0.144455,2.889101,1.0,6924.720604,-27543.806202,-15238.617162,100.0,1.0,-75636.47232,-3288.583957,-28533.055821,99.955001,1.0,46520.360275,-27499.156897,-8079.233635,97.279818,20761.349609,14418.870117,3197.938965,2857.544434,2405.905273,2071.480225,1354.829224,1258.086792,1352.992432,1579.814941,20761.349609,10746.766602,20761.349609,20761.349609,12198.262695,11353.881836,11322.138672,16116.018555,20517.421875,8279.181641,20761.349609,20761.349609,20761.349609,20761.349609,3684.492188,56095.376602,-54452.235282,28946.666679,0,true,true,1.0,-348.427632,0
4,406,20.3,14553.411742,-8084.760647,22482.673423,-10414.329693,39310.253129,-1262.83681,-2659.496173,92.930293,3.701956,-10.260213,-96.481621,1.0,-1.0,1.0,1.0,0.209979,2.589741,1.0,5321.247965,-27410.958974,-15471.264976,100.0,1.0,-76438.545252,-600.462382,-28567.163355,99.969814,1.0,44887.828821,-28621.51894,-8372.527539,98.175223,20715.072266,14103.84375,3170.188721,2775.761475,2449.709961,2132.10791,1593.310181,1345.712524,1460.280396,1724.676392,20715.072266,10811.359375,20715.072266,20715.072266,12116.824219,11372.719727,11420.563477,16240.673828,20617.285156,8033.270996,20715.072266,20715.072266,18023.195312,20715.072266,3689.746826,54242.882431,-56187.567276,28659.257808,0,true,true,1.0,-350.417632,0
4,407,20.35,14596.585067,31288.17558,22570.734032,25643.595662,39306.341307,-1295.199696,-2641.818119,117.354637,3.711526,-10.283915,-94.660973,1.0,-1.0,1.0,1.0,0.209979,1.259874,1.0,4081.620621,-27309.928905,-15709.60559,100.0,1.0,-76805.611583,2101.719047,-28508.789078,99.975226,1.0,43591.939212,-29801.854964,-8687.403399,98.502398,20689.753906,13854.035156,3061.176514,2734.943115,2447.538818,2152.833252,1676.612671,1396.706909,1530.072266,1828.60144,20689.753906,10944.568359,20689.753906,13714.998047,12008.882812,11370.837891,11478.995117,19806.201172,8706.720703,7925.972168,17926.589844,20689.753906,17389.732422,20689.753906,3693.658691,52416.122438,-57983.363259,28222.470843,0,true,true,1.0,-350.407632,0
4,408,20.4,14640.926971,-8129.102551,22658.200369,-10501.796031,39301.471126,-1330.257053,-2623.98999,146.105438,3.897911,-10.289298,-92.838882,1.0,-1.0,1.0,1.0,0.279972,0.979902,1.0,2848.177257,-27099.56033,-16031.654781,100.0,1.0,-77086.652641,4917.739684,-28394.949926,99.980655,1.0,42261.774541,-30892.28685,-9118.428564,98.830569,20706.310547,13639.3125,2970.333008,2698.132568,2449.115479,2176.392822,1756.342651,1450.954224,1604.385254,1942.049683,20706.310547,11043.209961,20706.310547,13464.461914,11913.241211,11352.486328,11582.3125,19845.048828,8487.94043,7799.430664,17667.738281,20706.310547,16809.03125,20706.310547,3698.528809,50544.353518,-59800.482173,27576.057888,0,true,true,1.0,-350.397632,0
4,409,20.45,14731.938847,31197.163704,22832.070426,25469.725604,39289.4705,-1375.915256,-2603.462355,191.584575,4.693384,-10.325443,-89.252884,1.0,-1.0,1.0,1.0,-0.069993,1.049895,1.0,456.2828,-26396.248273,-16853.111632,100.0,1.0,-77371.939482,10734.379405,-28031.93046,99.987035,1.0,39562.469446,-32781.452132,-10228.618858,99.216283,20701.5625,13290.841797,2834.714111,2635.320068,2463.542725,2231.93457,1909.186035,1568.446899,1768.647461,2198.583496,20701.5625,11415.061523,20701.5625,13064.707031,11764.474609,11397.399414,15923.369141,19979.925781,8095.717773,20701.5625,17219.193359,20701.5625,16323.623047,20015.494141,3710.529541,46694.156055,-63368.059095,25800.808448,0,true,true,1.0,-350.387632,0
4,410,20.5,14778.268134,-8175.431838,22918.502014,-10588.227618,39282.82854,-1389.878518,-2592.947498,199.258792,4.693384,-10.325443,-89.252884,1.0,-1.0,1.0,1.0,-0.139986,1.119888,1.0,124.275395,-26185.226493,-16923.574839,100.0,1.0,-77690.441354,10929.0232,-28101.269433,99.989429,1.0,39219.088243,-32574.691423,-10301.511052,99.360986,20738.619141,13238.219727,2920.138184,2604.442871,2514.787598,2278.364258,2038.887207,1688.361816,1821.932861,2264.828613,20738.619141,11527.12793,20738.619141,13097.841797,11794.311523,11456.664062,16002.702148,19970.574219,8012.743164,20738.619141,17123.341797,20738.619141,16226.332031,19914.443359,3717.171387,46610.916225,-63318.972556,25782.847931,0,true,true,1.0,-354.377632,0
4,411,20.55,14868.967101,31106.464736,23084.738431,25303.489188,39269.296888,-1413.368184,-2575.258906,212.168724,4.693384,-10.325443,-89.252884,1.0,-1.0,1.0,1.0,0.0,0.069993,1.0,-513.294537,-25774.983692,-17061.646519,100.0,1.0,-78304.54169,11310.155148,-28237.440776,99.992612,1.0,38560.815258,-32171.968566,-10443.984681,99.553378,20814.113281,13137.882812,3087.498047,2546.23877,2615.148926,2369.29541,2289.904297,1896.241577,1926.362915,2394.657959,20814.113281,11683.96582,20814.113281,13160.260742,11850.517578,11514.397461,16017.204102,19965.259766,7851.545898,20814.113281,16937.888672,20814.113281,16036.603516,19719.408203,3730.703125,46450.974719,-63222.915326,25747.695722,0,true,true,1.0,-354.367632,0
4,412,20.6,14916.474091,-8222.938828,23170.283164,-10673.772352,39262.007661,-1425.209619,-2566.341864,218.676783,4.693384,-10.325443,-89.252884,1.0,-1.0,1.0,1.0,0.0,0.0,1.0,-840.880272,-25560.065493,-17133.622081,100.0,1.0,-78619.886205,11509.627475,-28308.446698,99.993896,1.0,38222.060258,-31961.015454,-10518.327541,99.630998,20854.78125,13086.705078,3175.218994,2516.841553,2629.770752,2416.973389,2356.029053,2003.926147,1981.081787,2462.685547,20854.78125,11768.069336,20854.78125,13191.695312,11878.824219,11543.880859,16023.954102,20012.613281,7767.751953,20854.78125,16841.751953,20854.78125,15937.605469,19618.6875,3737.992432,46368.738431,-63172.627784,25729.357121,0,true,true,1.0,-354.357632,0
4,413,20.65,14964.414229,31058.524599,23255.501721,25218.270631,39254.480376,-1438.20405,-2556.556573,225.818528,4.693384,-10.325443,-89.252884,1.0,-1.0,1.0,1.0,0.419958,0.629937,1.0,-1166.803552,-25341.495772,-17205.965121,100.0,1.0,-78931.895749,11710.607596,-28379.690355,99.995102,1.0,37883.438795,-31746.953584,-10593.36193,99.703907,20896.777344,13036.058594,3263.784424,2488.019531,2599.621582,2465.078369,2402.923584,2111.675537,2036.36499,2531.368408,20896.777344,11869.356445,20896.777344,13222.504883,11906.568359,11573.106445,15959.079102,20001.257812,7683.655762,20896.777344,16741.28125,20896.777344,15852.980469,19518.087891,3745.519531,46286.871236,-63121.898524,25710.879464,0,true,true,1.0,-354.347632,0
4,414,20.7,15060.035071,-8318.55967,23422.880585,-10841.151216,39239.678488,-1457.677052,-2539.306423,224.924049,4.693384,-10.325443,-89.252884,1.0,-1.0,1.0,1.0,0.489951,0.839916,1.0,-1805.523455,-24910.681883,-17347.740117,100.0,1.0,-79548.574227,12111.602115,-28519.884255,99.996617,1.0,37221.274915,-31323.520908,-10740.028532,85.111418,20979.359375,12937.380859,3440.543213,2491.776855,2541.544678,2561.117676,2496.546387,2324.557861,2146.625,2668.491699,20979.359375,12068.957031,20979.359375,13281.817383,11959.976562,11629.638672,15970.009766,19977.572266,7532.540527,20979.359375,16610.21875,20979.359375,15639.911133,19319.876953,3760.321533,46126.096694,-63020.803429,25674.693086,0,true,true,1.0,-356.337632,0
4,415,20.75,15105.789882,31012.769789,23501.885824,25139.265391,39232.643788,-1467.652731,-2534.209083,225.648338,4.693384,-10.325443,-89.252884,1.0,-1.0,1.0,1.0,0.209979,0.839916,1.0,-2106.123614,-24705.2837,-17414.525882,100.0,1.0,-79839.871261,12303.365557,-28586.08878,99.997144,1.0,36908.990996,-31121.36716,-10809.216482,87.432213,21018.607422,12891.143555,3525.169922,2553.075195,2514.556885,2607.114014,2541.38501,2425.575928,2197.833984,2734.11792,21018.607422,12163.452148,21018.607422,13297.792969,11984.727539,11621.661133,15974.639648,19903.558594,7409.254395,21018.607422,16731.287109,21018.607422,15545.404297,19226.054688,3767.356201,46050.225351,-62972.463081,25657.617738,0,true,true,1.0,-356.327632,0
4,416,20.8,15198.732728,-8411.502517,23660.334945,-10999.600337,39218.556517,-1483.046198,-2517.817517,224.072099,4.693384,-10.325443,-89.252884,1.0,-1.0,1.0,1.0,0.209979,1.329867,1.0,-2708.917626,-24288.529213,-17547.972493,100.0,1.0,-80439.874887,12686.480757,-28721.787045,99.997971,1.0,36282.643353,-30711.153224,-10947.505728,91.071258,21097.201172,12799.056641,21097.201172,2677.608398,2461.364014,2700.559326,2632.479004,2629.117676,2381.931885,2867.537354,21097.201172,12353.501953,21097.201172,13363.459961,12033.493164,11695.77832,15982.915039,19868.775391,7249.046387,21097.201172,17022.988281,21097.201172,15353.936523,19037.384766,3781.443604,45898.072751,-62874.340787,25623.492234,0,true,true,1.0,-356.317632,0
4,417,20.85,15295.86509,30915.637427,23823.192125,24976.408211,39204.156145,-1494.872782,-2495.96552,219.937415,4.693384,-10.325443,-89.252884,1.0,-1.0,1.0,1.0,0.351998,2.4137,1.0,-3328.301858,-23853.172553,-17684.201927,100.0,1.0,-81039.506075,13092.698061,-28856.797875,99.998588,1.0,35638.427697,-30282.691943,-11088.84051,93.784658,21177.542969,12685.27832,21177.542969,2807.877686,2407.835693,2714.615967,2727.737305,2840.132324,2572.687256,3007.009766,21177.542969,12550.993164,21177.542969,13417.802734,12082.427734,11760.609375,16027.908203,8242.177734,7111.631348,21177.542969,17263.90625,21177.542969,15154.517578,18770.710938,3795.84375,45741.693711,-62771.897051,25588.629587,0,true,true,1.0,-356.307632,0
4,418,20.9,15345.924378,-8461.561805,23906.01398,-11082.422192,39197.119239,-1501.778561,-2484.655528,211.107176,4.693384,-10.325443,-89.252884,1.0,-1.0,1.0,0.0,0.275592,2.811038,1.0,-3642.944051,-23627.052584,-17751.862379,100.0,1.0,-81342.428281,13301.51462,-28923.736472,99.998865,1.0,35308.3003,-30079.844488,-11161.242341,95.006498,21216.802734,12637.952148,21216.802734,2875.046387,2379.76001,2684.490723,2776.838623,2901.434326,2670.179443,3078.925293,21216.802734,12649.56543,21216.802734,13444.894531,12106.823242,11786.667969,15993.108398,8143.26123,7026.392578,21216.802734,17208.082031,21216.802734,15052.017578,18671.460938,3802.880859,45662.123493,-62719.1621,25571.236616,0,true,true,1.0,-358.297632,0
4,419,20.95,15396.191926,30865.369879,23988.494756,24893.927436,39190.348629,-1508.026365,-2474.42314,203.118274,4.693384,-10.325443,-89.252884,1.0,-1.0,1.0,0.0,0.0,2.379762,1.0,-3956.636331,-23401.110361,-17818.277414,100.0,1.0,-81645.083291,13511.161397,-28989.471701,99.999075,1.0,34980.697282,-29859.497469,-11230.659653,95.93096,21254.578125,12591.047852,21254.578125,2942.514893,2436.629395,2654.832764,2826.19043,2952.970215,2767.582275,3151.161865,21254.578125,12773.925781,21254.578125,13471.533203,12130.811523,11812.163086,15995.803711,8044.390625,6941.085449,21254.578125,17258.548828,21254.578125,14949.262695,18572.441406,3809.651367,45582.843744,-62666.250516,25554.182835,0,true,true,1.0,-358.287632,0
4,420,21.0,15494.809097,-8560.178976,24148.510255,-11242.437691,39177.790511,-1521.659287,-2460.744852,191.019538,4.693384,-10.325443,-89.252884,1.0,-1.0,1.0,0.0,0.0,1.539846,1.0,-4565.327546,-22959.936562,-17944.55904,100.0,1.0,-82233.817874,13922.235329,-29114.576366,99.999366,1.0,34345.731905,-29425.32314,-11362.31891,97.20973,21324.640625,12500.650391,13886.59668,3074.889893,2546.255859,2598.170166,2923.020508,3054.149414,2957.405273,3292.982666,21324.640625,13000.197266,21324.640625,13522.313477,12171.722656,11782.336914,16000.095703,7871.929199,6774.478516,21324.640625,17671.314453,21324.640625,14748.118164,18379.875,3822.209473,45428.948971,-62562.554259,25521.756027,0,true,true,1.0,-358.277632,0
4,421,21.05,15542.87251,30817.306466,24225.746075,24816.691616,39171.963419,-1526.690159,-2453.324871,185.092232,4.693384,-10.325443,-89.252884,1.0,-1.0,1.0,0.0,0.0,1.749825,1.0,-4859.177418,-22745.947054,-18004.479034,100.0,1.0,-82518.790026,14122.51287,-29173.999225,99.999466,1.0,34039.580346,-29214.462767,-11424.744582,97.648948,21357.150391,12457.271484,12030.137695,3139.450439,2599.721436,2571.223633,2970.213867,3103.462646,3049.362061,3362.10376,21357.150391,13092.96875,21357.150391,13546.442383,12198.265625,11796.192383,16001.771484,7724.084961,6693.592773,21357.150391,17617.570312,21357.150391,14659.394531,18286.728516,3828.036621,45354.631409,-62512.059839,25506.373176,0,true,true,1.0,-358.267632,0
4,422,21.1,15644.823227,-8662.129693,24387.958362,-11404.649978,39161.122607,-1531.006284,-2428.270031,156.132889,4.693384,-10.325443,-89.252884,1.0,-1.0,1.0,0.0,-0.209979,1.329867,1.0,-5476.295578,-22291.598519,-18124.213704,100.0,1.0,-83116.674433,14546.486038,-29292.711695,99.999637,1.0,33394.510252,-28766.912065,-11550.147029,98.401184,21417.632812,12366.71582,11932.698242,21417.632812,2713.167236,2515.423828,3070.385742,3208.134033,3243.282227,3508.773438,21417.632812,13396.302734,21417.632812,13588.608398,12244.500977,11846.06543,16075.595703,7526.03418,6645.582031,21417.632812,17837.808594,21417.632812,14443.12793,18090.671875,3838.877441,45198.310562,-62405.11961,25475.520651,0,true,true,1.0,-360.257632,0
4,423,21.15,15694.068105,30768.061588,24469.648969,24735.001009,39158.788992,-1477.346276,-2450.718071,70.008453,4.693384,-10.325443,-89.252884,0.0,0.0,1.0,0.0,-0.139986,0.559944,1.0,-5789.285295,-22072.69276,-18172.977171,100.0,1.0,-83420.577025,14750.696149,-29341.020506,99.999699,1.0,33067.632563,-28551.221859,-11601.713245,98.674192,21430.652344,12319.964844,11887.641602,21430.652344,2767.848145,2496.298584,3089.868164,3258.634521,3339.344727,3579.558594,21430.652344,13519.410156,21430.652344,13623.119141,12267.311523,11869.489258,16078.897461,7428.75293,6801.283691,21430.652344,18078.072266,21430.652344,14342.242188,17992.832031,3841.210938,45118.999717,-62353.606011,25462.871619,0,true,true,1.0,-360.247632,0
4,424,21.2,15782.377956,-8750.439543,24634.051501,-11569.05251,39164.424253,-1230.41552,-2456.898894,-145.227522,4.693384,-10.325443,-89.252884,0.0,1.0,1.0,0.0,-0.209979,-0.489951,1.0,-6423.703105,-21670.757071,-18232.962768,100.0,1.0,-84031.811259,15114.16532,-29399.926139,99.999819,1.0,32395.812245,-28157.479304,-11669.208761,99.205387,21399.212891,12234.676758,11791.275391,21399.212891,2865.537109,2596.137695,3004.084717,3349.253418,3524.570557,3705.844238,21399.212891,21399.212891,21399.212891,13685.991211,12323.926758,11924.381836,19612.216797,7278.601562,7194.569824,21399.212891,18295.121094,21399.212891,14156.878906,17800.541016,3835.575684,44957.396136,-62261.522858,25446.637278,0,true,true,1.0,-360.237632,0
4,425,21.25,15782.377956,30768.061588,24634.051501,24735.001009,39164.424253,-1230.41552,-2456.898894,-145.227522,4.693384,-10.325443,-89.252884,0.0,1.0,1.0,0.0,-0.209979,-0.489951,1.0,-6423.703105,-21670.757071,-18232.962768,100.0,1.0,-84031.811259,15114.16532,-29399.926139,99.999819,1.0,32395.812245,-28157.479304,-11669.208761,99.205387,21399.212891,12234.676758,11791.275391,21399.212891,2865.537109,2596.137695,3004.084717,3349.253418,3524.570557,3705.844238,21399.212891,21399.212891,21399.212891,13685.991211,12323.926758,11924.381836,19612.216797,7278.601562,7194.569824,21399.212891,18295.121094,21399.212891,14156.878906,17800.541016,3835.575684,44957.396136,-62261.522858,25446.637278,0,true,true,1.0,-360.227632,0
4,426,21.3,15852.19759,-8820.259178,24796.224456,-11731.225465,39183.304039,-992.352452,-2425.302028,-324.591838,4.693384,-10.325443,-89.252884,0.0,1.0,1.0,0.0,0.0,0.0,1.0,-7079.99231,-21358.523527,-18250.279591,100.0,1.0,-84651.66117,15400.390714,-29412.717003,99.999879,1.0,31727.335493,-27846.956266,-11688.893929,99.466704,21293.880859,12126.587891,11687.103516,21293.880859,2941.959717,2665.379639,2901.690918,3419.265869,3694.226562,3804.710205,21293.880859,21293.880859,21293.880859,13739.09082,12392.581055,11990.947266,19674.380859,7118.217285,7515.926758,21293.880859,18667.880859,21293.880859,14002.333008,17618.240234,3816.696045,44795.374706,-62188.990652,25442.229285,0,true,true,1.0,-364.217632,0
4,427,21.35,15880.370926,30739.888252,24872.211751,24659.013714,39195.796971,-896.146963,-2417.029495,-397.379417,4.693384,-10.325443,-89.252884,0.0,1.0,1.0,0.0,0.0,0.0,1.0,-7381.728857,-21230.364167,-18243.950863,100.0,1.0,-84945.892894,15515.36198,-29406.0991,99.999898,1.0,31411.953829,-27721.416892,-11685.274661,99.550533,21224.179688,12073.458984,11635.900391,21224.179688,2972.559326,2693.072021,2849.036865,3447.508057,3770.331299,3844.204346,21224.179688,21224.179688,21224.179688,13778.548828,12426.946289,12025.397461,19678.041016,7048.389648,7679.272461,21224.179688,18858.107422,21224.179688,13937.351562,17534.761719,3804.203125,44718.746529,-62159.823392,25443.357358,0,true,true,1.0,-364.207632,0
4,428,21.4,15928.645647,-8868.533899,25026.522658,-11885.536372,39228.504191,-700.030099,-2386.50361,-544.836831,4.693384,-10.325443,-89.252884,0.0,1.0,1.0,0.0,0.0,0.0,1.0,-7999.456131,-21007.719389,-18205.164252,100.0,1.0,-85548.485928,15710.766027,-29366.782341,100.0,1.0,30765.342505,-27503.976502,-11652.1954,99.685659,21041.701172,11960.679688,11535.612305,21041.701172,3024.373047,2740.049561,2732.851562,3495.330811,3918.050293,3911.234375,21041.701172,21041.701172,21041.701172,13866.029297,12506.883789,12101.775391,19693.894531,6917.061035,8087.056641,21041.701172,19310.265625,21041.701172,13820.020508,17369.052734,3771.49585,44561.70437,-62110.088461,25452.090295,0,true,true,1.0,-364.197632,0
4,429,21.45,15948.030946,30720.502953,25105.548647,24579.987725,39249.640751,-581.558937,-2370.779552,-634.096786,4.693384,-10.325443,-89.252884,0.0,1.0,1.0,0.0,0.139986,-0.209979,1.0,-8317.599265,-20913.464628,-18169.356332,100.0,1.0,-85857.213336,15787.697648,-29330.67541,100.0,1.0,30428.459732,-27412.867739,-11620.071416,99.751604,20923.777344,11900.004883,11473.849609,20923.777344,3044.745605,2758.508057,2677.896484,3514.134521,3961.857666,3937.589844,20923.777344,20923.777344,20923.777344,13915.219727,12551.178711,12148.276367,19635.115234,6823.080078,8176.06543,20923.777344,19542.117188,20923.777344,13768.667969,17286.46875,3750.359131,44480.424953,-62090.289092,25460.414489,0,true,true,1.0,-364.187632,0
4,430,21.5,15963.986599,-8884.489552,25183.955288,-11963.943013,39273.863266,-478.669574,-2352.199106,-726.675412,4.693384,-10.325443,-89.252884,0.0,1.0,1.0,0.0,0.279972,0.279972,1.0,-8635.879219,-20834.836004,-18122.267086,100.0,1.0,-86166.766055,15850.019101,-29283.329601,100.0,1.0,30092.29458,-27337.082881,-11576.485099,99.800936,20788.636719,11838.013672,11414.104492,20788.636719,40000.0,2773.435303,2703.501953,3529.308838,3978.96582,3957.520996,20788.636719,20788.636719,20788.636719,13966.719727,12597.553711,12193.240234,19651.244141,6766.395996,8331.500977,20788.636719,19783.388672,20788.636719,13723.083008,17205.931641,3726.136719,44399.157682,-62074.172467,25471.58586,0,true,true,1.0,-368.177632,0
4,431,21.55,15986.064019,30698.425534,25331.13424,24432.808774,39327.034642,-311.838249,-2328.628335,-876.515104,5.496251,-10.433761,-85.420044,0.0,1.0,1.0,0.0,0.124935,2.457053,1.0,-10637.485214,-19594.54632,-18492.836861,100.0,1.0,-85611.978961,22348.518672,-28326.780692,100.0,1.0,27568.704984,-28794.890142,-12310.205531,99.862906,20281.570312,11519.209961,11315.577148,20281.570312,2983.499512,2757.637207,2736.116943,3632.865234,4128.019043,4306.435547,14499.273438,20281.570312,16084.0,13597.356445,12511.330078,16346.611328,8014.34375,6400.230957,20281.570312,15417.931641,20281.570312,20281.570312,14927.65625,17310.326172,3672.965332,40151.123377,-65467.341302,23669.937865,0,true,true,1.0,-368.167632,0
4,432,21.6,15993.532855,-8891.958388,25407.806169,-12040.614942,39358.765768,-224.065073,-2300.157743,-951.933706,5.836081,-10.513551,-83.389542,0.0,1.0,1.0,0.0,0.121151,2.988386,1.0,-11658.87719,-18912.471841,-18630.20697,100.0,1.0,-85139.51799,25717.720806,-27776.298371,100.0,1.0,26198.613869,-29513.02664,-12651.379166,99.887251,19955.460938,11382.131836,19955.460938,19515.03125,2946.699463,2750.307373,2754.434082,3692.170166,4168.006348,4515.945801,14193.020508,19149.880859,15691.640625,13438.774414,12474.698242,16392.658203,7627.356934,6402.564941,19955.460938,15144.408203,19955.460938,14680.167969,19955.460938,17403.072266,3641.234131,37810.797989,-67098.980293,22788.471509,0,true,true,1.0,-368.157632,0
4,433,21.65,16000.504419,30691.453969,25547.218693,24293.396249,39422.809426,-77.091235,-2266.586422,-1076.877341,6.419273,-10.715362,-79.209335,0.0,1.0,1.0,0.0,0.209979,1.889811,1.0,-13611.27838,-17449.31904,-18840.362315,100.0,1.0,-83726.805448,32503.012378,-26571.942241,100.0,1.0,23380.262303,-30868.902076,-13306.120769,99.919124,19239.443359,11181.552734,19239.443359,19239.443359,2875.303467,2738.384277,2819.688477,3826.625,4247.185059,5021.631348,14295.884766,19239.443359,14999.213867,13118.347656,12472.001953,16333.291016,7070.972656,7648.237305,19239.443359,15068.189453,19239.443359,13527.735352,19239.443359,19239.443359,3577.190674,32835.323072,-70126.2002,21061.249703,0,true,true,1.0,-368.147632,0
4,434,21.7,16000.152658,-8891.606627,25621.473604,-12114.869852,39461.365293,10.552838,-2227.647195,-1156.67595,6.419273,-10.715362,-79.209335,0.0,1.0,1.0,0.0,-0.139986,0.069993,1.0,-13917.113913,-17394.618426,-18734.495628,100.0,1.0,-84027.792894,32541.199497,-26467.010274,100.0,1.0,23056.180764,-30812.828226,-13203.57405,99.934859,19032.076172,11116.445312,19032.076172,19032.076172,2873.230713,2736.409912,2793.794189,3824.41333,4299.314941,5018.067383,14364.180664,19032.076172,15064.15918,13153.510742,12525.891602,16374.68457,7032.760254,7804.128906,19032.076172,15266.526367,19032.076172,13425.772461,19032.076172,19032.076172,3538.634766,32756.419641,-70115.446487,21086.922188,0,true,true,1.0,-372.137632,0
4,435,21.75,15991.94196,30699.664667,25767.189151,24147.680701,39545.367634,158.96163,-2172.407416,-1292.89586,6.419273,-10.715362,-79.209335,0.0,1.0,1.0,0.0,0.0,0.0,1.0,-14530.31634,-17322.382402,-18499.006716,100.0,1.0,-84632.587575,32584.019001,-26233.229941,100.0,1.0,22410.047668,-30737.739575,-12974.034968,99.955651,18580.279297,10984.706055,18580.279297,18580.279297,40000.0,2724.905029,2782.047607,3811.519531,4289.477051,4996.962402,14494.839844,18580.279297,15198.137695,13270.884766,18580.279297,16533.453125,6931.800781,8159.190918,18580.279297,15718.897461,18580.279297,13164.447266,18580.279297,18580.279297,3454.632324,32598.647614,-70102.571925,21144.359658,0,true,true,1.0,-372.127632,0
4,436,21.8,15984.750424,-8884.415091,25836.295864,-12183.976565,39588.827209,223.846417,-2151.041036,-1352.738744,6.419273,-10.715362,-79.209335,0.0,1.0,1.0,0.0,0.0,0.0,1.0,-14826.378961,-17302.976345,-18375.161105,100.0,1.0,-84937.005239,32594.026997,-26112.032689,100.0,1.0,22098.811486,-30716.839077,-12852.910622,99.962775,18346.539062,10920.479492,18346.539062,18346.539062,40000.0,2716.105713,2773.03125,3722.758545,4332.912598,4980.820801,14555.331055,18346.539062,15264.542969,13329.05957,18346.539062,16577.835938,6904.877441,8224.888672,18346.539062,15723.794922,18346.539062,13068.137695,18346.539062,18346.539062,3411.172852,32522.543198,-70100.069926,21174.658971,0,true,true,1.0,-372.117632,0
4,437,21.85,15967.263724,30717.151367,25957.386812,24026.589753,39670.196978,334.371233,-2118.17318,-1455.022091,6.419273,-10.715362,-79.209335,0.0,1.0,1.0,0.0,0.0,0.0,1.0,-15352.245519,-17290.298583,-18140.526985,100.0,1.0,-85460.976192,32584.687065,-25879.514782,100.0,1.0,21546.018636,-30701.202883,-12623.071053,99.972611,17908.902344,10805.351562,17908.902344,17908.902344,40000.0,2695.686035,2752.182373,3569.653076,4384.062012,4943.362305,14714.928711,17908.902344,15385.143555,13471.663086,17908.902344,16659.976562,6863.875977,8493.566406,17908.902344,15964.512695,17908.902344,12898.365234,17908.902344,17908.902344,3329.802979,32387.321656,-70101.009097,21232.140225,0,true,true,1.0,-372.107632,0
4,438,21.9,15961.762368,-8878.913734,25988.255414,-12214.845167,39692.799695,-250.040161,-892.006958,-411.557526,7.997757,-9.084217,-82.449707,0.0,1.0,1.0,0.0,0.0,0.0,1.0,-14832.151647,-17855.924984,-18063.252719,100.0,1.0,-87890.715175,27907.065864,-23429.691883,100.0,1.0,22882.560857,-29158.391963,-13561.766972,81.695417,20946.751953,10777.950195,10744.214844,40000.0,40000.0,2688.322754,2703.979248,3253.286865,4149.337402,4521.01416,14659.423828,20946.751953,15979.460938,13712.625,12832.520508,16646.546875,7231.394043,7708.197754,20946.751953,14594.257812,20946.751953,13548.817383,20946.751953,16941.138672,3307.200195,36860.372903,-68426.453938,19278.444428,0,true,true,1.0,-376.097632,0
4,439,21.95,15929.749912,30749.163822,26124.792096,23890.053071,39799.327727,507.841624,-2036.980656,-1626.176646,7.997757,-9.084217,-82.449707,0.0,1.0,1.0,0.0,-0.339568,3.093841,1.0,-15431.741728,-17935.895077,-17735.536562,100.0,1.0,-88481.533782,27798.735198,-23104.544153,100.0,1.0,22242.661237,-29242.120436,-13241.08733,87.70579,20272.037109,10641.341797,10608.342773,20272.037109,40000.0,2652.782715,2668.230225,2915.72168,4104.019531,4520.303223,14811.209961,20272.037109,16130.530273,13816.824219,12924.998047,16749.234375,7199.100098,8038.388184,20272.037109,14521.008789,20272.037109,13344.74707,20272.037109,20272.037109,3200.672363,36705.744836,-68451.684292,19358.873744,0,true,true,1.0,-376.087632,0
4,440,22.0,15910.951741,-8860.115563,26191.942899,-12281.995969,39855.444405,563.9451,-2014.523964,-1683.500249,7.997757,-9.084217,-82.449707,0.0,1.0,1.0,0.0,0.070602,4.342003,1.0,-15729.401166,-17988.552492,-17561.445061,100.0,1.0,-88774.783758,27731.115473,-22931.842909,100.0,1.0,21925.946639,-29292.842732,-13069.800626,90.089976,19916.611328,10572.533203,10530.647461,19916.611328,40000.0,2632.177979,2647.535889,2859.003662,4077.786133,4554.00293,14903.902344,19916.611328,16208.040039,13883.428711,12944.447266,16731.367188,7150.068848,8178.998535,19916.611328,14483.029297,19916.611328,13243.713867,19916.611328,19916.611328,3144.555664,36628.712112,-68467.593901,19401.588223,0,true,true,1.0,-376.077632,0
4,441,22.05,15890.32608,30769.789483,26258.362206,23823.633763,39913.428317,618.769805,-1992.57913,-1739.51727,7.997757,-9.084217,-82.449707,0.0,1.0,1.0,0.0,0.32375,4.532501,1.0,-16026.149851,-18049.652799,-17380.754642,100.0,1.0,-89067.049618,27654.803916,-22752.56588,100.0,1.0,21609.912412,-29351.919293,-12891.939752,92.043777,19549.359375,10503.395508,10460.951172,19549.359375,40000.0,2608.787109,2624.922363,2834.616211,4049.159668,4585.831543,14996.419922,19549.359375,16286.53418,13950.879883,13007.336914,16785.632812,7141.031738,8268.786133,19549.359375,14451.419922,19549.359375,13143.335938,19549.359375,19549.359375,3086.571777,36551.86352,-68485.659908,19445.938981,0,true,true,1.0,-376.067632,0
4,442,22.1,15844.52923,-8814.318714,26388.838187,-12412.47195,40034.398472,708.006933,-1946.196221,-1837.722302,7.997757,-9.084217,-82.449707,0.0,1.0,1.0,0.0,0.0,0.069993,1.0,-16616.90507,-18194.873504,-17001.702886,100.0,1.0,-89649.256344,27480.576221,-22376.209376,100.0,1.0,20982.632905,-29493.119903,-12518.220453,94.754236,18783.173828,10364.774414,10323.078125,18783.173828,40000.0,40000.0,2575.185547,2780.902832,3986.109619,4644.45166,15239.779297,18783.173828,16445.484375,14131.805664,13134.685547,16896.734375,7130.255371,8512.53418,18783.173828,14789.148438,18783.173828,12944.995117,18783.173828,18783.173828,2965.601562,36399.099537,-68527.287229,19539.134705,0,true,true,1.0,-380.057632,0
4,443,22.15,15820.90685,30793.411864,26450.319103,23762.152847,40092.855658,740.940935,-1928.413936,-1833.571435,7.997757,-9.084217,-82.449707,1.0,1.0,1.0,0.0,-0.419958,-0.139986,1.0,-16898.209401,-18273.104491,-16818.989698,100.0,1.0,-89926.936106,27390.046247,-22194.638977,100.0,1.0,20685.954612,-29569.576137,-12337.740221,95.590453,18412.923828,10298.371094,10257.032227,18412.923828,40000.0,40000.0,2549.641846,2753.351074,3953.72876,4670.594238,15327.276367,18412.923828,16522.220703,14197.746094,13237.506836,16950.828125,7141.626953,8646.286133,18412.923828,14973.62207,18412.923828,12886.352539,18412.923828,18412.923828,2907.144287,36326.621575,-68549.101569,19584.148502,0,true,true,1.0,-380.047632,0
4,444,22.2,15769.944378,-8763.356242,26572.833033,-12534.985881,40210.754394,804.695946,-1888.500621,-1823.154023,7.997757,-9.084217,-82.449707,1.0,1.0,1.0,0.0,0.0,0.0,1.0,-17460.887799,-18444.172154,-16451.600055,100.0,1.0,-90482.058978,27193.340954,-21829.631514,100.0,1.0,20091.458191,-29736.804595,-11974.948568,96.934403,17666.191406,10163.982422,10123.368164,17666.191406,40000.0,40000.0,2494.787109,2694.110596,3884.190918,4719.747559,15516.220703,17666.191406,16678.636719,14332.157227,13362.826172,17061.9375,7166.041504,8916.054688,17666.191406,15309.545898,17666.191406,12698.37207,17666.191406,17666.191406,2789.245605,36181.466314,-68596.572427,19674.610741,0,true,true,1.0,-380.037632,0
4,445,22.25,15745.017348,30818.338894,26628.900665,23706.085215,40265.211707,832.941777,-1873.511318,-1819.702206,7.997757,-9.084217,-82.449707,1.0,1.0,1.0,0.0,0.0,0.0,1.0,-17719.674816,-18529.155498,-16282.561745,100.0,1.0,-90737.443699,27096.812843,-21661.665913,100.0,1.0,19818.452394,-29819.994186,-11807.954027,97.393116,17321.277344,10109.484375,10061.350586,17321.277344,40000.0,40000.0,2468.056641,2665.175049,3850.265381,4741.086426,15596.96582,17321.277344,16751.664062,14394.910156,13421.335938,17114.154297,7168.337402,17321.277344,17321.277344,15315.082031,17321.277344,12611.993164,17321.277344,17321.277344,2734.78833,36114.749642,-68619.936473,19716.246568,0,true,true,1.0,-380.027632,0
4,446,22.3,15688.531653,-8706.870547,26747.879901,-12653.965116,40382.492271,886.479287,-1824.518276,-1808.219776,7.997757,-9.084217,-82.449707,1.0,1.0,1.0,0.0,0.0,-0.559944,1.0,-18280.232909,-18719.409808,-15920.054189,100.0,1.0,-91279.726454,26876.280255,-21300.46171,100.0,1.0,19235.022238,-30009.04706,-11448.970637,98.229875,16578.458984,9967.402344,9927.848633,16578.458984,16578.458984,40000.0,2407.5896,2599.907471,3037.540771,4676.983887,15770.713867,16578.458984,16578.458984,14530.853516,13548.084961,16578.458984,7177.993652,16578.458984,16578.458984,15653.939453,16578.458984,12365.166992,16578.458984,16578.458984,2617.507812,35972.435451,-68673.265442,19805.712288,0,true,true,1.0,-382.017632,0
4,447,22.35,15658.073527,30848.79702,26808.014501,23645.950615,40442.632362,913.743732,-1804.037916,-1804.202663,7.997757,-9.084217,-82.449707,1.0,1.0,1.0,0.0,0.209979,0.0,1.0,-18559.67358,-18825.159942,-15734.022467,100.0,1.0,-91555.228716,26756.838374,-21115.717788,100.0,1.0,18938.667542,-30112.375738,-11265.32967,98.547029,16197.550781,9898.547852,9859.365234,16197.550781,16197.550781,40000.0,2375.07251,2564.824707,3010.470459,4697.08252,6480.807129,16197.550781,16197.550781,14601.039062,13613.523438,16197.550781,7185.376465,16197.550781,16197.550781,15849.254883,16197.550781,12300.480469,16197.550781,16197.550781,2557.367676,35900.122757,-68702.206332,19851.472505,0,true,true,1.0,-382.007632,0
4,448,22.4,15594.511513,-8643.308533,26926.296272,-12772.246887,40562.522723,966.074718,-1764.728205,-1796.492273,7.997757,-9.084217,-82.449707,1.0,1.0,1.0,0.0,0.489951,-1.539846,1.0,-19111.497815,-19047.867471,-15363.98881,100.0,1.0,-92099.199588,26506.50131,-20748.298086,100.0,1.0,18352.691017,-30329.891768,-10900.0809,99.02693,15438.203125,9761.174805,9722.733398,15438.203125,15438.203125,15438.203125,2480.602783,2491.744873,2924.685791,4623.210449,6296.066406,15438.203125,15438.203125,14741.916016,13744.87207,15438.203125,7204.723633,15438.203125,15438.203125,15438.203125,15438.203125,12087.089844,15438.203125,15438.203125,2437.477295,35757.161121,-68762.926111,19942.464177,0,true,true,1.0,-381.997632,0
4,449,22.45,15561.49907,30881.809463,26984.512134,23587.734753,40622.286464,990.373237,-1746.475773,-1792.912156,7.997757,-9.084217,-82.449707,1.0,1.0,1.0,0.0,0.388906,-2.333434,1.0,-19384.433762,-19164.749131,-15180.010309,100.0,1.0,-92368.340897,26376.116922,-20565.60404,100.0,1.0,18063.06558,-30444.090214,-10718.420123,99.200463,15059.678711,9692.644531,9654.572266,15059.678711,15059.678711,15059.678711,2862.907959,2453.847168,2880.23999,4564.578125,6200.263672,15059.678711,15059.678711,14812.589844,13810.765625,15059.678711,7216.530273,15059.678711,15059.678711,15059.678711,15059.678711,11995.860352,15059.678711,15059.678711,2377.713623,35686.454674,-68794.60691,19987.713907,0,true,true,1.0,-381.987632,0
4,450,22.5,15527.800038,-8609.609501,27041.985775,-12829.720528,40682.007676,1010.970903,-1724.209145,-1791.636266,7.997757,-9.084217,-82.449707,1.0,1.0,1.0,0.0,0.241463,-2.776829,1.0,-19654.052386,-19284.089868,-14996.01566,100.0,1.0,-92633.936027,26242.357448,-20382.985596,100.0,1.0,17775.633324,-30560.465542,-10536.885056,99.35315,14681.423828,9624.400391,9586.696289,14681.423828,14681.423828,14681.423828,3239.986816,2415.241699,2834.843262,4504.796387,6102.671387,14681.423828,14681.423828,14681.423828,13882.983398,14681.423828,7229.69043,14681.423828,14681.423828,14681.423828,14681.423828,11905.740234,14681.423828,14681.423828,2317.992432,35616.392415,-68827.066641,20032.914717,0,true,true,1.0,-385.977632,0
4,451,22.55,15458.498219,30951.111282,27154.875047,23474.845481,40801.332175,1048.61504,-1683.514826,-1789.304459,7.997757,-9.084217,-82.449707,1.0,1.0,1.0,0.0,-0.209979,-0.839916,1.0,-20186.718703,-19532.192668,-14628.771495,100.0,1.0,-93158.91535,25966.470239,-20018.404009,100.0,1.0,17208.65914,-30802.571414,-10174.337734,99.570196,13925.660156,9488.702148,9451.730469,13925.660156,13925.660156,13925.660156,3980.419189,2335.87085,2741.753906,4381.941895,5902.285156,13925.660156,13925.660156,13925.660156,13925.660156,13925.660156,7259.773438,13925.660156,13925.660156,13925.660156,13925.660156,11963.126953,13925.660156,13925.660156,2198.667725,35478.054086,-68894.1459,20123.180687,0,true,true,1.0,-385.967632,0
4,452,22.6,15422.959076,-8574.070357,27210.359479,-12885.20496,40860.939404,1066.174242,-1664.532859,-1788.216782,7.997757,-9.084217,-82.449707,1.0,1.0,1.0,-1.0,-0.209979,0.0,1.0,-20449.800105,-19660.454061,-14445.440951,100.0,1.0,-93418.243384,25824.57682,-19836.382751,100.0,1.0,16928.734782,-30927.749893,-9993.293535,99.648639,13548.126953,9421.223633,9384.615234,13548.126953,13548.126953,13548.126953,4344.035156,2295.276611,2694.102295,4319.080078,5799.665527,13548.126953,13548.126953,13548.126953,13548.126953,13548.126953,7332.741699,13017.709961,13548.126953,13548.126953,13548.126953,11979.967773,13548.126953,13548.126953,2139.060547,35409.718301,-68928.693226,20168.250383,0,true,true,1.0,-385.957632,0
4,453,22.65,15386.904214,30987.166144,27265.286405,23419.918555,40920.514688,1081.645805,-1647.807685,-1787.258421,7.997757,-9.084217,-82.449707,1.0,1.0,1.0,-1.0,0.0,0.0,1.0,-20711.79577,-19791.933617,-14262.517933,100.0,1.0,-93676.829289,25680.680956,-19654.653689,100.0,1.0,16651.395571,-31056.338889,-9812.44179,99.707282,13170.796875,9353.958008,9317.712891,13170.796875,13170.796875,13170.796875,6431.991699,2254.090576,2645.756592,4255.302734,5695.636719,13170.796875,13170.796875,13170.796875,13170.796875,13170.796875,7425.310059,13170.796875,13170.796875,13170.796875,13170.796875,12018.50293,13170.796875,13170.796875,2079.485352,35341.866387,-68963.825631,20213.283332,0,true,true,1.0,-385.947632,0
4,454,22.7,15314.542529,-8501.708673,27371.988428,-12991.906983,41038.382151,1103.677989,-1609.538039,-1789.635222,8.234348,-9.245965,-80.432983,1.0,1.0,1.0,-1.0,0.139986,0.069993,1.0,-21934.500848,-19169.830387,-14045.432593,100.0,1.0,-93277.124247,28838.353625,-18832.672245,100.0,1.0,14991.826044,-31762.71889,-9794.01997,99.798167,12208.753906,9201.985352,9242.669922,12208.753906,12208.753906,12208.753906,4400.159668,2208.141113,2625.889404,4340.520508,6040.312988,12208.753906,12208.753906,12208.753906,12208.753906,9773.663086,7893.253906,12208.753906,12208.753906,12208.753906,12208.753906,12208.753906,12208.753906,12208.753906,1961.617798,32824.869084,-70412.573487,19551.801346,0,true,true,1.0,-389.937632,0
4,455,22.75,15277.346642,31024.362031,27424.958411,23366.948572,41098.085473,1115.876561,-1589.099417,-1791.099545,8.376767,-9.387732,-78.505783,1.0,1.0,1.0,-1.0,0.559944,-0.629937,1.0,-22852.481678,-18441.353881,-13959.105491,100.0,1.0,-92569.490809,31931.5417,-18192.086669,100.0,1.0,13629.058957,-32281.871597,-9900.665911,99.833409,11659.981445,9091.587891,11659.981445,11659.981445,11659.981445,11659.981445,3985.765625,2202.953125,2654.145264,4498.223633,6561.463867,11659.981445,11659.981445,11659.981445,11659.981445,9262.782227,8324.455078,11659.981445,11659.981445,11659.981445,11659.981445,11659.981445,11659.981445,11659.981445,1901.914551,30443.717002,-71649.456626,18959.1462,0,true,true,1.0,-389.927632,0
4,456,22.8,15201.629763,-8425.991794,27528.726477,-13095.675049,41217.657314,1142.646079,-1545.277679,-1794.432441,8.404064,-9.56043,-74.952766,1.0,1.0,1.0,-1.0,0.979902,-1.119888,1.0,-24541.904951,-17087.430704,-13641.492253,100.0,1.0,-91078.494789,37453.197073,-16911.882882,100.0,1.0,11020.067773,-33155.729626,-9960.804662,99.886591,9302.969727,8937.229492,10731.332031,10731.332031,10731.332031,10731.332031,3502.770508,2190.310547,2708.077637,4613.483887,10731.332031,10731.332031,10731.332031,10731.332031,10731.332031,8597.115234,9219.822266,10731.332031,10731.332031,10731.332031,10731.332031,10731.332031,10731.332031,10731.332031,1782.342651,25988.473193,-73631.597147,18105.174073,0,true,true,1.0,-389.917632,0
4,457,22.85,15164.178328,31061.813466,27580.140965,23315.534084,41277.101147,1123.542986,-1542.434572,-1783.314903,8.293593,-9.600693,-73.302887,1.0,0.0,1.0,-1.0,0.559944,-0.559944,1.0,-25324.877913,-16453.039199,-13421.101843,100.0,1.0,-90306.436158,39937.499631,-16308.832742,100.0,1.0,9767.076853,-33522.034705,-9910.720731,99.906564,9164.383789,8872.402344,10330.327148,10330.327148,10330.327148,10330.327148,3356.555664,2183.936768,2735.322998,4786.049316,10330.327148,10330.327148,10330.327148,10330.327148,10330.327148,8273.699219,9635.246094,10330.327148,10330.327148,10330.327148,10330.327148,10330.327148,10330.327148,10330.327148,1722.898804,23894.080756,-74415.179764,17852.585111,0,true,true,1.0,-389.907632,0
4,458,22.9,15091.114202,-8352.927668,27682.233995,-13197.768079,41395.263511,1086.711553,-1527.692988,-1768.786557,8.293593,-9.600693,-73.302887,1.0,0.0,1.0,-1.0,-0.139986,-0.139986,1.0,-25849.420853,-16654.728412,-13055.736504,100.0,1.0,-90828.184463,39709.874952,-15946.770309,100.0,1.0,9212.899591,-33711.805147,-9548.683607,99.936335,9046.345703,8745.420898,9621.837891,9621.837891,9621.837891,9621.837891,3688.041992,2091.950195,2621.522461,4618.57959,9621.837891,9621.837891,9621.837891,9621.837891,9621.837891,8319.436523,9621.837891,9621.837891,9621.837891,9621.837891,9621.837891,9621.837891,9621.837891,9621.837891,1604.73645,23757.256501,-74469.353698,17942.40719,0,true,true,1.0,-393.897632,0
4,459,22.95,15055.516777,31097.41089,27732.906426,23264.861653,41453.976021,1067.922681,-1520.172843,-1761.375191,8.293593,-9.600693,-73.302887,1.0,0.0,1.0,-1.0,-0.559944,-0.419958,1.0,-26108.080996,-16751.770771,-12873.393716,100.0,1.0,-91086.33066,39612.002153,-15764.460721,100.0,1.0,8953.342237,-33812.653075,-9367.048924,99.948295,8957.491211,8694.709961,9269.803711,9269.803711,9269.803711,9269.803711,3852.617676,2180.689697,2566.025391,4536.875977,9269.803711,9269.803711,9269.803711,9269.803711,9269.803711,8360.224609,9269.803711,9269.803711,9269.803711,9269.803711,9269.803711,9269.803711,9269.803711,9269.803711,1546.023926,23689.523926,-74495.623796,17987.175603,0,true,true,1.0,-393.887632,0
4,460,23.0,15020.494607,-8317.905497,27783.348614,-13248.210267,41512.461618,1050.66506,-1513.265573,-1754.567835,8.293593,-9.600693,-73.302887,1.0,0.0,1.0,-1.0,-0.559944,-0.489951,1.0,-26365.612181,-16847.193044,-12691.552056,100.0,1.0,-91342.445629,39503.371756,-15584.302326,100.0,1.0,8682.637294,-33903.232695,-9186.753239,99.957565,8893.276367,8609.137695,8919.129883,8919.129883,8919.129883,8919.129883,4016.475342,2273.407715,2511.452637,4456.533203,8919.129883,8919.129883,8919.129883,8919.129883,8919.129883,8404.439453,8919.129883,8919.129883,8919.129883,8919.129883,8919.129883,8919.129883,8919.129883,8919.129883,1487.53833,23622.209604,-74521.391126,18031.856233,0,true,true,1.0,-393.877632,0
4,461,23.05,14953.585906,31164.319592,27881.278467,23166.9318,41626.063286,1022.02581,-1503.620629,-1743.974341,8.293593,-9.600693,-73.302887,1.0,0.0,1.0,-1.0,-0.139986,-0.069993,1.0,-26865.380951,-17029.134126,-12337.770663,100.0,1.0,-91839.609709,39297.065477,-15233.627409,100.0,1.0,8155.22865,-34073.494649,-8835.994068,99.9705,8237.985352,8237.985352,8237.985352,8237.985352,8237.985352,8237.985352,4334.67627,2453.513184,2407.100342,3543.151123,8237.985352,8237.985352,8237.985352,8237.985352,8237.985352,8237.985352,8237.985352,8237.985352,8237.985352,8237.985352,8237.985352,8237.985352,8237.985352,8237.985352,1373.936768,23491.821538,-74570.404281,18118.856418,0,true,true,1.0,-393.867632,0
4,462,23.1,14920.151713,-8284.471305,27930.967434,-13297.899234,41684.056364,1003.025721,-1490.668943,-1739.792238,8.293593,-9.600693,-73.302887,1.0,0.0,1.0,-1.0,0.069993,0.0,1.0,-27117.999492,-17119.36746,-12156.352037,100.0,1.0,-92090.847964,39193.877531,-15053.861235,100.0,1.0,7887.888121,-34157.435224,-8656.174686,99.97574,7890.265137,7890.265137,7890.265137,7890.265137,7890.265137,7890.265137,5270.570312,2544.946289,2354.908203,3466.312988,7890.265137,7890.265137,7890.265137,7890.265137,7890.265137,7890.265137,7890.265137,7890.265137,7890.265137,7890.265137,7890.265137,7890.265137,7890.265137,7890.265137,1315.943604,23425.750572,-74594.838924,18163.439054,0,true,true,1.0,-397.857632,0
4,463,23.15,14855.215731,31229.255573,28029.177784,23068.72145,41799.728784,963.887064,-1467.020814,-1733.437891,8.293593,-9.600693,-73.302887,1.0,0.0,1.0,-1.0,0.559944,-0.909909,1.0,-27611.751104,-17290.929339,-11791.539656,100.0,1.0,-92581.32048,38991.426273,-14692.991079,100.0,1.0,7359.297597,-34313.740457,-8295.093617,99.984971,7196.705078,7196.705078,7196.705078,7196.705078,7196.705078,7196.705078,5277.267578,2725.653809,2253.531982,3317.065918,7196.705078,7196.705078,7196.705078,7196.705078,7196.705078,7196.705078,7196.705078,7196.705078,7196.705078,7196.705078,7196.705078,7196.705078,7196.705078,7196.705078,1200.27124,23295.311086,-74642.204234,18252.793019,0,true,true,1.0,-397.847632,0
4,464,23.2,14823.649482,-8252.905055,28077.738114,-13346.459564,41857.418592,946.987439,-1456.809821,-1730.694156,8.293593,-9.600693,-73.302887,1.0,0.0,1.0,-1.0,1.049895,-1.959804,1.0,-27856.515441,-17374.638501,-11609.070736,100.0,1.0,-92824.594067,38893.523281,-14512.33637,100.0,1.0,7098.593921,-34390.35084,-8114.314538,99.98792,6850.802734,6850.802734,6850.802734,6850.802734,6850.802734,6850.802734,5385.507324,2814.998779,2204.249268,3244.51123,6850.802734,6850.802734,6850.802734,6850.802734,6850.802734,6850.802734,6850.802734,6850.802734,6850.802734,6850.802734,6850.802734,6850.802734,6850.802734,6850.802734,1142.581421,23230.885775,-74665.18507,18297.558053,0,true,true,1.0,-397.837632,0
4,465,23.25,14792.59657,31260.308486,28125.988278,23020.471286,41915.025058,931.587319,-1447.504852,-1728.193873,8.293593,-9.600693,-73.302887,1.0,0.0,1.0,-1.0,0.955102,-2.268368,1.0,-28100.121328,-17457.197127,-11426.57776,100.0,1.0,-93066.801742,38797.526375,-14331.563285,100.0,1.0,6839.947757,-34466.135779,-7933.405108,99.990169,6505.399902,6505.399902,6505.399902,6505.399902,6505.399902,6505.399902,5542.523438,2903.842529,2154.310791,3173.046143,6505.399902,6505.399902,6505.399902,6505.399902,6505.399902,6505.399902,6505.399902,6505.399902,6505.399902,6505.399902,6505.399902,6505.399902,6505.399902,6505.399902,1084.974976,23166.912714,-74687.766378,18342.373213,0,true,true,1.0,-397.827632,0
4,466,23.3,14762.074525,-8222.383011,28173.8137,-13394.284986,41972.66366,915.661288,-1434.762571,-1729.157991,8.293593,-9.600693,-73.302887,1.0,0.0,1.0,-1.0,0.649876,-2.166253,1.0,-28354.540638,-17532.107674,-11244.686589,100.0,1.0,-93307.545968,38703.285907,-14150.152254,100.0,1.0,6583.719493,-34541.21506,-7751.847752,99.991902,6159.804688,6159.804688,6159.804688,6159.804688,6159.804688,6159.804688,5698.075684,2991.915527,2190.529297,3102.852539,6159.804688,6159.804688,6159.804688,6159.804688,6159.804688,6159.804688,6159.804688,6159.804688,6159.804688,6159.804688,6159.804688,6159.804688,6159.804688,6159.804688,1027.336304,23103.485818,-74709.983305,18387.367787,0,true,true,1.0,-401.817632,0
4,467,23.35,14702.765697,31319.617313,28268.076175,22926.208811,42088.045914,881.502056,-1407.432065,-1731.225898,8.293593,-9.600693,-73.302887,1.0,0.0,1.0,-1.0,-0.69993,-0.629937,1.0,-28828.322099,-17688.527052,-10875.442834,100.0,1.0,-93778.411301,38518.126064,-13784.599522,100.0,1.0,6078.020482,-34682.860145,-7385.906252,99.994818,5467.984375,5467.984375,5467.984375,5467.984375,5467.984375,5467.984375,5467.984375,3165.481934,2317.623291,2966.397217,5467.984375,5467.984375,5467.984375,5467.984375,5467.984375,5467.984375,5467.984375,5467.984375,5467.984375,5467.984375,5467.984375,5467.984375,5467.984375,5467.984375,911.954102,22978.417289,-74753.226094,18477.943391,0,true,true,1.0,-401.807632,0
4,468,23.4,14673.921172,-8193.538486,28314.559428,-13440.768238,42145.786069,865.335708,-1394.497509,-1732.204564,8.293593,-9.600693,-73.302887,1.0,0.0,1.0,-1.0,0.0,0.0,1.0,-29061.768804,-17764.498165,-10689.704925,100.0,1.0,-94010.41512,38427.729974,-13600.717699,100.0,1.0,5828.634327,-34751.335201,-7201.800291,99.995861,5121.780273,5121.780273,5121.780273,5121.780273,5121.780273,5121.780273,5121.780273,3251.060303,2380.287598,2899.935791,5121.780273,5121.780273,5121.780273,5121.780273,5121.780273,5121.780273,5121.780273,5121.780273,5121.780273,5121.780273,5121.780273,5121.780273,5121.780273,5121.780273,854.213928,22916.71625,-74774.291589,18523.504906,0,true,true,1.0,-401.797632,0
4,469,23.45,14645.579383,31347.959102,28360.640446,22880.127793,42203.556658,850.253623,-1382.430463,-1733.117592,8.293593,-9.600693,-73.302887,1.0,0.0,1.0,-1.0,0.0,0.0,1.0,-29293.504147,-17839.345329,-10503.38587,100.0,1.0,-94240.763461,38338.885517,-13416.201939,100.0,1.0,5581.482885,-34818.858022,-7017.048756,99.996671,4775.393555,4775.393555,4775.393555,4775.393555,4775.393555,4775.393555,4775.393555,3335.907959,2442.458984,2834.682373,4775.393555,4775.393555,4775.393555,4775.393555,4775.393555,4775.393555,4775.393555,4775.393555,4775.393555,4775.393555,4775.393555,4775.393555,4775.393555,4775.393555,796.443359,22855.532434,-74795.012011,18569.236328,0,true,true,1.0,-401.787632,0
4,470,23.5,14590.369609,-8138.328711,28451.351878,-13531.479671,42319.495918,820.911808,-1353.55053,-1741.04294,8.293593,-9.600693,-73.302887,1.0,0.0,1.0,-1.0,0.069993,0.069993,1.0,-29752.628444,-17987.163075,-10128.099243,100.0,1.0,-94697.430408,38165.916749,-13044.161524,100.0,1.0,5094.793637,-34953.38183,-6644.536153,99.997741,4080.233643,4080.233643,4080.233643,4080.233643,4080.233643,4080.233643,4080.233643,3503.071289,2564.779785,2707.390625,4080.233643,4080.233643,4080.233643,4080.233643,4080.233643,4080.233643,4080.233643,4080.233643,4080.233643,4080.233643,4080.233643,4080.233643,4080.233643,4080.233643,680.504089,22734.885902,-74835.568604,18661.530272,0,true,true,1.0,-405.777632,0
4,471,23.55,14564.384576,31373.944135,28494.467475,22837.012196,42375.542515,809.275669,-1342.788543,-1745.510547,8.293593,-9.600693,-73.302887,1.0,0.0,1.0,-1.0,0.279972,-0.069993,1.0,-29971.637663,-18057.307694,-9945.987166,100.0,1.0,-94915.339012,38084.348039,-12863.526601,100.0,1.0,4863.324651,-35017.42922,-6463.665124,99.998104,3744.184082,3744.184082,3744.184082,3744.184082,3744.184082,3744.184082,3744.184082,3582.480469,2622.926758,2647.52832,3744.184082,3744.184082,3744.184082,3744.184082,3744.184082,3744.184082,3744.184082,3744.184082,3744.184082,3744.184082,3744.184082,3744.184082,3744.184082,3744.184082,624.457458,22677.457863,-74854.737764,18706.362865,0,true,true,1.0,-405.767632,0
4,472,23.6,14511.823156,-8085.76729,28582.572242,-13619.584438,42492.197106,782.153229,-1315.402066,-1751.511795,8.293593,-9.600693,-73.302887,1.0,0.0,1.0,-1.0,0.909909,-0.769923,1.0,-30418.61458,-18199.081094,-9564.810371,100.0,1.0,-95359.968476,37917.87331,-12485.549252,100.0,1.0,4389.534637,-35145.898245,-6085.132312,99.998706,3044.734863,3044.734863,3044.734863,3044.734863,3044.734863,3044.734863,3044.734863,3044.734863,2741.806396,2526.328613,3044.734863,3044.734863,3044.734863,3044.734863,3044.734863,3044.734863,3044.734863,3044.734863,3044.734863,3044.734863,3044.734863,3044.734863,3044.734863,3044.734863,507.802887,22559.904066,-74893.705398,18800.150256,0,true,true,1.0,-405.757632,0
4,473,23.65,14487.075709,31398.691581,28624.447077,22795.137361,42548.495207,771.763552,-1305.891132,-1755.689089,8.293593,-9.600693,-73.302887,1.0,0.0,1.0,-1.0,0.839916,-0.629937,1.0,-30631.681154,-18266.302052,-9380.225206,100.0,1.0,-95571.97105,37839.300475,-12302.436973,100.0,1.0,4164.204651,-35206.950087,-5901.744151,99.998914,2707.177002,2707.177002,2707.177002,2707.177002,2707.177002,2707.177002,2707.177002,2707.177002,2707.177002,2469.282471,2707.177002,2707.177002,2707.177002,2707.177002,2707.177002,2707.177002,2707.177002,2707.177002,2707.177002,2707.177002,2707.177002,2707.177002,2707.177002,2707.177002,451.504791,22503.956477,-74912.127223,18845.602623,0,true,true,1.0,-405.747632,0
4,474,23.7,14437.221657,-8035.913238,28709.516308,-13704.653669,42665.617198,744.602747,-1274.071783,-1767.096304,8.293593,-9.600693,-73.302887,1.0,0.0,1.0,-1.0,0.069993,-0.069993,1.0,-31065.077421,-18402.435226,-8993.988596,100.0,1.0,-96003.164365,37679.343744,-11919.296556,100.0,1.0,3705.192551,-35330.026492,-5517.98296,99.999249,2004.925537,2004.925537,2004.925537,2004.925537,2004.925537,2004.925537,2004.925537,2004.925537,2004.925537,2004.925537,2004.925537,2004.925537,2004.925537,2004.925537,2004.925537,2004.925537,2004.925537,2004.925537,2004.925537,2004.925537,2004.925537,2004.925537,2004.925537,2004.925537,334.382812,22389.958517,-74949.546923,18940.702532,0,true,true,1.0,-409.737632,0
4,475,23.75,14412.827587,31423.085651,28751.489086,22753.164584,42724.707456,731.822038,-1259.183255,-1772.707638,8.293593,-9.600693,-73.302887,1.0,0.0,1.0,-1.0,0.0,0.0,1.0,-31279.334928,-18469.486949,-8798.135346,100.0,1.0,-96216.218067,37600.6624,-11724.932781,100.0,1.0,3478.162631,-35390.482667,-5323.35156,99.999376,1650.626221,1650.626221,1650.626221,1650.626221,1650.626221,1650.626221,1650.626221,1650.626221,1650.626221,1650.626221,1650.626221,1650.626221,1650.626221,1650.626221,1650.626221,1650.626221,1650.626221,1650.626221,1650.626221,1650.626221,1650.626221,1650.626221,1650.626221,1650.626221,275.292542,22333.552859,-74968.003265,18988.933315,0,true,true,1.0,-409.727632,0
4,476,23.8,14365.992318,-7989.077969,28832.731654,-13785.896238,42841.48339,708.091956,-1231.755047,-1783.750458,8.293593,-9.600693,-73.302887,1.0,0.0,1.0,-1.0,0.0,0.0,1.0,-31694.600477,-18598.908551,-8409.239895,100.0,1.0,-96629.245326,37447.871143,-11339.061319,100.0,1.0,3037.697843,-35506.724172,-4936.84234,99.999569,950.449585,950.449585,950.449585,950.449585,950.449585,950.449585,950.449585,950.449585,950.449585,950.449585,950.449585,950.449585,950.449585,950.449585,950.449585,950.449585,950.449585,950.449585,950.449585,950.449585,950.449585,950.449585,950.449585,950.449585,158.516617,22224.081783,-75003.709476,19084.702131,0,true,true,1.0,-409.717632,0
4,477,23.85,14344.384596,31444.693373,28870.506104,22715.390134,42896.799358,699.514454,-1222.885672,-1790.763452,8.293593,-9.600693,-73.302887,1.0,0.0,1.0,-1.0,0.0,0.0,1.0,-31888.294627,-18659.135937,-8224.35025,100.0,1.0,-96821.977499,37376.811872,-11155.5862,100.0,1.0,2832.519537,-35560.872871,-4753.029677,99.999635,618.78064,618.78064,618.78064,618.78064,618.78064,618.78064,618.78064,618.78064,618.78064,618.78064,618.78064,618.78064,618.78064,618.78064,618.78064,618.78064,618.78064,618.78064,618.78064,618.78064,618.78064,618.78064,618.78064,618.78064,103.200645,22173.059933,-75020.297681,19130.257168,0,true,true,1.0,-409.707632,0
4,478,23.9,14321.624625,-7966.317998,28910.512229,-13825.902362,42956.738683,682.799104,-1200.183669,-1798.17966,8.293593,-9.600693,-73.302887,1.0,0.0,1.0,-1.0,0.0,0.0,1.0,-32091.873324,-18721.885078,-8022.563487,100.0,1.0,-97024.336455,37300.205603,-10955.610892,100.0,1.0,2614.294915,-35615.807127,-4552.607275,99.999707,259.390472,259.390472,259.390472,259.390472,259.390472,259.390472,259.390472,259.390472,259.390472,259.390472,259.390472,259.390472,259.390472,259.390472,259.390472,259.390472,259.390472,259.390472,259.390472,259.390472,259.390472,259.390472,259.390472,259.390472,43.261318,22118.832937,-75037.941698,19179.849007,0,true,true,1.0,-413.697632,0
4,478,23.9,14321.624625,-7966.317998,28910.512229,-13825.902362,42956.738683,682.799104,-1200.183669,-1798.17966,8.293593,-9.600693,-73.302887,1.0,0.0,1.0,-1.0,0.0,0.0,1.0,-32091.873324,-18721.885078,-8022.563487,100.0,1.0,-97024.336455,37300.205603,-10955.610892,100.0,1.0,2614.294915,-35615.807127,-4552.607275,99.999707,259.390472,259.390472,259.390472,259.390472,259.390472,259.390472,259.390472,259.390472,259.390472,259.390472,259.390472,259.390472,259.390472,259.390472,259.390472,259.390472,259.390472,259.390472,259.390472,259.390472,259.390472,259.390472,259.390472,259.390472,43.261318,22118.832937,-75037.941698,19179.849007,0,true,true,1.0,-483.697632,2
