5,664,0.05,500.0,10089.723124,500.0,9319.17752,17453.378117,0.0,0.0,-45.485499,0.0,0.0,-135.0,0.0,0.0,0.0,0.0,0.0,0.0,0,0,0,0,0,0,0,0,0,0,0,0,0,0,0,370.717834,410.452972,457.800201,560.687439,462.298828,414.485229,370.696228,410.478027,457.827454,560.719666,462.341644,414.52417,370.755676,410.509399,457.863159,560.764587,462.318268,414.502686,370.75824,410.495239,457.846741,560.743408,462.282806,414.471313,58.349743,105500.331753,-0.0,193.378117,2,false,false,0.0,-273.36,0,0.0,1.0,0.0
5,665,0.1,500.0,27210.276876,500.0,27980.82248,17456.778038,0.0,0.0,-87.288644,0.0,0.0,-135.0,0.0,0.0,0.0,0.0,0.0,0.0,0,0,0,0,0,0,0,0,0,0,0,0,0,0,0,370.717834,410.452972,457.800201,560.687439,462.298828,414.485229,370.696228,410.478027,457.827454,560.719666,462.341644,414.52417,370.755676,410.509399,457.863159,560.764587,462.318268,414.502686,370.75824,410.495239,457.846741,560.743408,462.282806,414.471313,54.949821,105500.331753,-0.0,196.778038,0,false,false,0.0,-273.35,0,0.0,1.0,0.0
5,666,0.15,500.0,10089.723124,500.0,9319.17752,17462.584644,0.0,0.0,-130.98407,0.0,0.0,-135.0,0.0,0.0,0.0,0.0,0.0,0.0,0,0,0,0,0,0,0,0,0,0,0,0,0,0,0,370.717834,410.452972,457.800201,560.687439,462.298828,414.485229,370.696228,410.478027,457.827454,560.719666,462.341644,414.52417,370.755676,410.509399,457.863159,560.764587,462.318268,414.502686,370.75824,410.495239,457.846741,560.743408,462.282806,414.471313,49.143215,105500.331753,-0.0,202.584644,0,false,false,0.0,-273.34,0,0.0,1.0,0.0
5,667,0.2,500.0,27210.276876,500.0,27980.82248,17470.606508,0.0,0.0,-172.832611,0.0,0.0,-135.0,0.0,0.0,0.0,0.0,0.0,0.0,0,0,0,0,0,0,0,0,0,0,0,0,0,0,0,370.717834,410.452972,457.800201,560.687439,462.298828,414.485229,370.696228,410.478027,457.827454,560.719666,462.341644,414.52417,370.755676,410.509399,457.863159,560.764587,462.318268,414.502686,370.75824,410.495239,457.846741,560.743408,462.282806,414.471313,41.121353,105500.331753,-0.0,210.606508,0,false,false,0.0,-273.33,0,0.0,1.0,0.0
5,668,0.25,499.714684,10090.00844,499.731976,9319.445544,17473.661121,8.110352,7.589221,3.265729,0.003217,0.127641,-135.000031,0.0,0.0,0.0,0.0,0.0,0.0,0,0,0,0,0,0,0,0,0,0,0,0,0,0,0,371.120117,410.859009,458.252991,561.241882,462.286011,414.473663,371.013062,410.466309,457.814331,560.703491,461.891113,414.120178,370.354919,410.105286,457.412354,560.212341,462.333679,414.516449,370.442902,410.50885,457.861847,560.76178,462.735901,414.877472,38.066742,105500.937213,0.046056,-21.369747,0,false,false,0.0,-273.32,0,0.0,1.0,0.0
5,669,0.3,499.510324,27210.481236,499.541605,27981.012851,17473.922372,1.464513,1.32972,0.277614,0.008152,0.221593,-134.999146,0.0,0.0,0.0,0.0,0.0,0.0,0,0,0,0,0,0,0,0,0,0,0,0,0,0,0,371.414215,411.151733,458.581665,561.648071,462.272736,414.463776,371.244049,410.459839,457.809265,560.700928,461.567017,413.831573,370.074158,409.820068,457.096436,559.829102,462.343262,414.527039,370.22525,410.522858,457.879639,560.787292,463.056366,415.166779,37.805489,105501.040448,-1.570727,-194.106286,0,false,false,0.0,-273.31,0,0.0,1.0,0.0
5,670,0.35,499.540851,10089.977913,499.575523,9319.411626,17473.930017,-0.81394,-0.851623,0.253511,0.011602,0.145679,-134.99881,0.0,0.0,0.0,0.0,0.0,0.0,0,0,0,0,0,0,0,0,0,0,0,0,0,0,0,371.370941,411.103455,458.528687,561.584595,462.266418,414.458862,371.203674,410.456268,457.806152,560.698547,461.616089,413.876312,370.117981,409.86615,457.148682,559.89447,462.342468,414.5271,370.266174,410.524261,457.88205,560.791626,463.000183,415.117188,37.797844,105501.159465,-2.218342,-54.314952,0,false,false,0.0,-273.3,0,0.0,1.0,0.0
5,671,0.4,499.592779,27210.429308,499.62977,27980.958604,17473.941788,-0.364318,-0.396833,0.116194,0.014005,0.028941,-134.99884,0.0,0.0,0.0,0.0,0.0,0.0,0,0,0,0,0,0,0,0,0,0,0,0,0,0,0,371.295898,411.024384,458.440399,561.476318,462.263275,414.455963,371.137695,410.453217,457.802673,560.694092,461.701508,413.95282,370.190338,409.942535,457.233765,559.998596,462.343109,414.527557,370.329468,410.524597,457.882355,560.791809,462.912231,415.038239,37.786072,105500.976077,-2.203395,160.651796,0,false,false,0.0,-273.29,0,0.0,1.0,0.0
5,672,0.45,499.587729,10089.982963,499.626881,9319.414516,17473.941563,0.064395,0.029132,0.008981,0.016185,0.034298,-134.999008,0.0,0.0,0.0,0.0,0.0,0.0,0,0,0,0,0,0,0,0,0,0,0,0,0,0,0,371.301941,411.029907,458.446167,561.482727,462.262299,414.454712,371.140015,410.451355,457.800171,560.690369,461.695801,413.947357,370.182587,409.936432,457.226562,559.989075,462.345642,414.52948,370.325439,410.525879,457.883392,560.792419,462.919495,415.044403,37.786297,105500.996256,-1.910237,150.787451,0,false,false,0.0,-273.28,0,0.0,1.0,0.0
5,673,0.5,499.584609,27210.432428,499.626042,27980.959442,17473.941317,0.064564,0.030074,0.008882,0.018471,0.034528,-134.999069,0.0,0.0,0.0,0.0,0.0,0.0,0,0,0,0,0,0,0,0,0,0,0,0,0,0,0,371.305756,411.032684,458.449097,561.486023,462.260712,414.453156,371.140411,410.449554,457.798035,560.6875,461.692871,413.94458,370.178101,409.933411,457.223053,559.984497,462.347809,414.531281,370.324341,410.527435,457.884979,560.794128,462.923004,415.047424,37.786545,105500.999663,-1.800891,150.362659,0,false,false,0.0,-273.27,0,0.0,1.0,0.0
5,674,0.55,499.583551,10089.984021,499.626806,9319.413752,17473.941128,-0.03829,-0.059099,0.016346,0.020156,0.032723,-134.999374,0.0,0.0,0.0,0.0,0.0,0.0,0,0,0,0,0,0,0,0,0,0,0,0,0,0,0,371.305359,411.032318,458.447937,561.483337,462.260651,414.452423,371.137634,410.447632,457.795105,560.682678,461.694031,413.944946,370.17514,409.932617,457.221405,559.981201,462.350708,414.533203,370.323792,410.528198,457.88504,560.792908,462.924683,415.048218,37.786732,105500.995088,-1.247052,153.686917,0,false,false,0.0,-273.26,0,0.0,1.0,0.0
5,675,0.6,499.579889,27210.436089,499.625253,27980.960996,17473.940913,0.010895,-0.014132,0.003715,0.022149,0.035348,-134.999557,0.0,0.0,0.0,0.0,0.0,0.0,0,0,0,0,0,0,0,0,0,0,0,0,0,0,0,371.309265,411.035767,458.451294,561.486694,462.259827,414.451263,371.138214,410.44574,457.792511,560.678711,461.690674,413.941528,370.169159,409.928436,457.216278,559.974121,462.353333,414.535126,370.321167,410.529358,457.885895,560.793152,462.92984,415.052399,37.786949,105501.00571,-0.897518,148.853206,0,false,false,0.0,-273.25,0,0.0,1.0,0.0
5,676,0.65,499.579567,10089.984344,499.626205,9319.412799,17473.940818,-0.016679,-0.024854,0.006806,0.023064,0.032621,-135.000015,0.0,0.0,0.0,0.0,0.0,0.0,0,0,0,0,0,0,0,0,0,0,0,0,0,0,0,371.307129,411.034424,458.4487,561.481628,462.260864,414.451172,371.134491,410.443909,457.789398,560.673035,461.693268,413.942841,370.166412,409.928009,457.214691,559.970337,462.356445,414.536926,370.320007,410.529419,457.884857,560.790039,462.931396,415.052795,37.787045,105500.998065,-0.076664,153.873696,0,false,false,0.0,-273.24,0,0.0,1.0,0.0
5,677,0.7,499.578284,27210.437372,499.625574,27980.961627,17473.940798,0.027701,0.02237,0.003342,0.023248,0.03281,-135.000488,0.0,0.0,0.0,0.0,0.0,0.0,0,0,0,0,0,0,0,0,0,0,0,0,0,0,0,371.306244,411.034912,458.448029,561.478821,462.262604,414.45163,371.132507,410.442505,457.786621,560.667603,461.69397,413.942383,370.162048,409.92569,457.210907,559.963684,462.359253,414.53833,370.316681,410.528961,457.883148,560.78595,462.935242,415.055145,37.787064,105500.99992,0.816168,153.526891,0,false,false,0.0,-273.23,0,0.0,1.0,0.0
5,678,0.75,499.573614,10089.989014,499.622477,9319.415897,17473.940637,-0.032186,-0.056823,0.015546,0.024707,0.037839,-135.000519,0.0,0.0,0.0,0.0,0.0,0.0,0,0,0,0,0,0,0,0,0,0,0,0,0,0,0,371.312531,411.040558,458.454254,561.486328,462.261475,414.450562,371.135864,410.441315,457.785217,560.665771,461.687775,413.936768,370.155487,409.919952,457.204437,559.955688,462.360687,414.539581,370.313049,410.53009,457.884308,560.787231,462.941742,415.060913,37.787224,105501.01848,0.869952,144.267346,0,false,false,0.0,-273.22,0,0.0,1.0,0.0
5,679,0.8,499.574803,27210.436183,499.624343,27980.95976,17473.940626,0.000735,0.002821,0.00037,0.024861,0.032618,-135.001038,0.0,0.0,0.0,0.0,0.0,0.0,0,0,0,0,0,0,0,0,0,0,0,0,0,0,0,371.307922,411.037292,458.449341,561.478149,462.263306,414.45105,371.130737,410.439819,457.782257,560.660034,461.692657,413.939972,370.154419,409.921204,457.204529,559.953674,462.363647,414.541046,370.312531,410.529572,457.882446,560.782837,462.94162,415.059662,37.787235,105501.002723,1.815742,153.881139,0,false,false,0.0,-273.21,0,0.0,1.0,0.0
5,680,0.85,499.573852,10089.989965,499.623636,9319.416604,17473.940663,-0.039212,-0.036306,0.010691,0.024513,0.032478,-135.001526,0.0,0.0,0.0,0.0,0.0,0.0,0,0,0,0,0,0,0,0,0,0,0,0,0,0,0,371.30661,411.037567,458.448456,561.475098,462.26535,414.451813,371.128937,410.43869,457.779846,560.655029,461.693573,413.939697,370.150482,409.919037,457.200958,559.947266,462.366089,414.542175,370.309082,410.528809,457.880402,560.77832,462.945251,415.061829,37.787197,105501.003501,2.709923,154.13808,0,false,false,0.0,-273.2,0,0.0,1.0,0.0
5,681,0.9,499.56996,27210.440076,499.620897,27980.962499,17473.940575,0.026737,0.005995,0.003904,0.025298,0.037467,-135.001907,0.0,0.0,0.0,0.0,0.0,0.0,0,0,0,0,0,0,0,0,0,0,0,0,0,0,0,371.309937,411.041718,458.452148,561.478027,462.266205,414.451721,371.130005,410.437164,457.777191,560.650208,461.689911,413.935608,370.143066,409.913483,457.193817,559.936951,462.368805,414.543762,370.303925,410.528961,457.879639,560.775818,462.952454,415.067413,37.787285,105501.02119,3.404793,144.952921,0,false,false,0.0,-273.19,0,0.0,1.0,0.0
5,682,0.95,499.570599,10089.989325,499.621917,9319.415583,17473.940582,-0.008446,-0.008849,0.002262,0.025257,0.034218,-135.002289,0.0,0.0,0.0,0.0,0.0,0.0,0,0,0,0,0,0,0,0,0,0,0,0,0,0,0,371.306915,411.039764,458.449036,561.472595,462.267639,414.452179,371.126678,410.436127,457.775085,560.646118,461.693024,413.937531,370.141937,409.913971,457.19339,559.934875,462.37088,414.544769,370.303101,410.528503,457.878174,560.772461,462.95285,415.066925,37.787277,105501.011602,4.104855,150.935598,0,false,false,0.0,-273.18,0,0.0,1.0,0.0
5,683,1.0,499.568725,27210.44195,499.620431,27980.963986,17473.940613,0.047376,0.037989,0.005758,0.024956,0.035417,-135.002884,0.0,0.0,0.0,0.0,0.0,0.0,0,0,0,0,0,0,0,0,0,0,0,0,0,0,0,371.306244,411.041077,458.448975,561.470032,462.270172,414.453064,371.125092,410.434692,457.771973,560.639771,461.693115,413.936249,370.136047,409.910339,457.187866,559.925598,462.374023,414.546234,370.298096,410.527618,457.875702,560.766907,462.958435,415.070587,37.787247,105501.017064,5.221196,148.728289,0,false,false,0.0,-273.17,0,0.0,1.0,0.0
5,684,1.05,499.567283,10089.990767,499.61999,9319.416023,17473.94055,-0.065345,-0.075765,0.02178,0.025542,0.035325,-135.003342,0.0,0.0,0.0,0.0,0.0,0.0,0,0,0,0,0,0,0,0,0,0,0,0,0,0,0,371.305695,411.041565,458.448425,561.467529,462.271454,414.453217,371.123047,410.433105,457.769073,560.634338,461.693695,413.93576,370.131683,409.908112,457.184265,559.919312,462.376953,414.547821,370.295258,410.527496,457.87442,560.763489,462.962067,415.072845,37.787312,105501.018111,6.052025,148.89764,0,false,false,0.0,-273.16,0,0.0,1.0,0.0
5,685,1.1,499.567341,27210.441892,499.620383,27980.963594,17473.940562,-0.001371,0.002027,0.000432,0.025444,0.033376,-135.003738,0.0,0.0,0.0,0.0,0.0,0.0,0,0,0,0,0,0,0,0,0,0,0,0,0,0,0,371.303436,411.040497,458.446228,561.463196,462.27298,414.453705,371.120422,410.432098,457.766998,560.630188,461.695862,413.936829,370.129669,409.907654,457.1828,559.915894,462.379059,414.548828,370.29361,410.526978,457.872894,560.76001,462.963531,415.073273,37.7873,105501.012623,6.773601,152.486751,0,false,false,0.0,-273.15,0,0.0,1.0,0.0
5,686,1.15,499.566486,10089.991622,499.619595,9319.416811,17473.940638,-0.030563,-0.027969,0.008202,0.024746,0.032765,-135.004318,0.0,0.0,0.0,0.0,0.0,0.0,0,0,0,0,0,0,0,0,0,0,0,0,0,0,0,371.301514,411.040588,458.444916,561.459167,462.275635,414.454773,371.118195,410.430939,457.764282,560.624451,461.697205,413.936737,370.125336,409.905365,457.178802,559.90863,462.381775,414.549988,370.289551,410.525909,457.87027,560.754395,462.96756,415.075562,37.787224,105501.012078,7.835345,153.612117,0,false,false,0.0,-273.14,0,0.0,1.0,0.0
5,687,1.2,499.563264,27210.445114,499.617168,27980.966021,17473.940578,0.0,0.0,0.0,0.025277,0.037204,-135.004593,0.0,0.0,0.0,0.0,0.0,0.0,0,0,0,0,0,0,0,0,0,0,0,0,0,0,0,371.304504,411.04422,458.448273,561.462158,462.276276,414.454742,371.119507,410.42984,457.76239,560.621033,461.693878,413.933167,370.119415,409.900726,457.172943,559.90033,462.383728,414.551117,370.285309,410.52597,457.86969,560.752563,462.97348,415.080261,37.787285,105501.027616,8.341785,145.439727,0,false,false,0.0,-273.13,0,0.0,1.0,0.0
5,688,1.25,499.563428,10089.991458,499.618018,9319.415962,17473.940557,0.009502,0.006733,0.001141,0.025491,0.034098,-135.005081,0.0,0.0,0.0,0.0,0.0,0.0,0,0,0,0,0,0,0,0,0,0,0,0,0,0,0,371.301453,411.04248,458.445129,561.456238,462.278015,414.4552,371.115692,410.428375,457.759491,560.615417,461.697021,413.934845,370.117004,409.900482,457.171478,559.896423,462.386597,414.552582,370.283661,410.525513,457.86792,560.748352,462.974945,415.080475,37.787304,105501.018785,9.258502,151.157981,0,false,false,0.0,-273.12,0,0.0,1.0,0.0
5,689,1.3,499.563268,27210.445274,499.617866,27980.966172,17473.94063,0.028659,0.033924,0.004357,0.024825,0.03255,-135.005539,0.0,0.0,0.0,0.0,0.0,0.0,0,0,0,0,0,0,0,0,0,0,0,0,0,0,0,371.299225,411.04184,458.443298,561.452087,462.280121,414.456085,371.113403,410.42749,457.757385,560.610962,461.698883,413.935516,370.114288,409.899384,457.169128,559.891724,462.388733,414.553467,370.281036,410.524628,457.865845,560.743896,462.977325,415.081573,37.787231,105501.014806,10.094066,154.008764,0,false,false,0.0,-273.11,0,0.0,1.0,0.0
5,690,1.35,499.559362,10089.995364,499.614828,9319.419,17473.940576,0.01437,-0.005913,0.002507,0.025284,0.037854,-135.00589,0.0,0.0,0.0,0.0,0.0,0.0,0,0,0,0,0,0,0,0,0,0,0,0,0,0,0,371.302734,411.046265,458.447357,561.455627,462.281097,414.456146,371.115021,410.426178,457.755096,560.606689,461.694885,413.931122,370.106995,409.893646,457.161835,559.881348,462.391113,414.55481,370.275635,410.524628,457.864929,560.741333,462.98465,415.087372,37.787285,105501.033457,10.747183,144.242483,0,false,false,0.0,-273.1,0,0.0,1.0,0.0
5,691,1.4,499.559691,27210.444945,499.615885,27980.965116,17473.940553,0.007747,0.006815,0.000862,0.02553,0.034376,-135.006424,0.0,0.0,0.0,0.0,0.0,0.0,0,0,0,0,0,0,0,0,0,0,0,0,0,0,0,371.299255,411.04422,458.443726,561.448975,462.28299,414.456635,371.110748,410.424622,457.751984,560.600647,461.698486,413.933167,370.104614,409.893616,457.160492,559.877441,462.394196,414.556366,370.274048,410.524109,457.863037,560.736816,462.986023,415.087372,37.787308,105501.023419,11.731587,150.648116,0,false,false,0.0,-273.09,0,0.0,1.0,0.0
5,692,1.45,499.559593,10089.995462,499.615956,9319.418929,17473.940599,0.0,0.0,0.0,0.02511,0.032489,-135.006927,0.0,0.0,0.0,0.0,0.0,0.0,0,0,0,0,0,0,0,0,0,0,0,0,0,0,0,371.296692,411.043274,458.441467,561.444153,462.285126,414.457458,371.107971,410.423553,457.749573,560.595703,461.700745,413.934082,370.101807,409.892639,457.158203,559.87262,462.396606,414.557434,370.271454,410.523285,457.860901,560.732117,462.988312,415.088348,37.787262,105501.018314,12.635994,154.12353,0,false,false,0.0,-273.08,0,0.0,1.0,0.0
5,693,1.5,499.554817,27210.449721,499.612124,27980.968947,17473.940537,0.027647,0.002946,0.004201,0.025628,0.039538,-135.007263,0.0,0.0,0.0,0.0,0.0,0.0,0,0,0,0,0,0,0,0,0,0,0,0,0,0,0,371.301483,411.04895,458.44693,561.449402,462.286011,414.457458,371.110565,410.422211,457.747253,560.59137,461.695374,413.928497,370.093323,409.885712,457.149597,559.860657,462.399017,414.558838,370.265167,410.523346,457.860107,560.729736,462.997009,415.095367,37.787323,105501.042485,13.279158,141.144255,0,false,false,0.0,-273.07,0,0.0,1.0,0.0
5,694,1.55,499.556293,10089.993986,499.614138,9319.416915,17473.940541,-0.057074,-0.054106,0.016059,0.02565,0.033774,-135.007797,0.0,0.0,0.0,0.0,0.0,0.0,0,0,0,0,0,0,0,0,0,0,0,0,0,0,0,371.296448,411.045349,458.44162,561.440735,462.287994,414.458069,371.105225,410.420776,457.744354,560.585693,461.700623,413.932037,370.09259,409.887238,457.149994,559.859009,462.401886,414.560211,370.26474,410.522705,457.858093,560.725098,462.996582,415.093811,37.787319,105501.025158,14.241662,151.757633,0,false,false,0.0,-273.06,0,0.0,1.0,0.0
5,695,1.6,499.5552,27210.450814,499.613055,27980.970029,17473.94061,0.073379,0.06669,0.008626,0.025,0.034241,-135.00827,0.0,0.0,0.0,0.0,0.0,0.0,0,0,0,0,0,0,0,0,0,0,0,0,0,0,0,371.29541,411.046021,458.441193,561.438232,462.290192,414.458984,371.103943,410.419861,457.742157,560.580994,461.70108,413.931366,370.08847,409.884735,457.146027,559.852173,462.404114,414.561157,370.260895,410.52179,457.855927,560.720459,463.00058,415.096313,37.787251,105501.027808,15.118677,150.897877,0,false,false,0.0,-273.05,0,0.0,1.0,0.0
5,696,1.65,499.552799,10089.996387,499.61123,9319.41874,17473.940596,-0.033055,-0.042503,0.012036,0.0251,0.036745,-135.008667,0.0,0.0,0.0,0.0,0.0,0.0,0,0,0,0,0,0,0,0,0,0,0,0,0,0,0,371.2966,411.04837,458.442841,561.438599,462.291595,414.459351,371.103882,410.418701,457.739868,560.576599,461.699493,413.929047,370.083008,409.88089,457.140778,559.844055,462.406433,414.562347,370.256653,410.521454,457.854553,560.717163,463.00589,415.100189,37.787266,105501.037182,15.851369,146.287695,0,false,false,0.0,-273.04,0,0.0,1.0,0.0
5,697,1.7,499.553774,27210.449839,499.612413,27980.968847,17473.940636,0.0,0.0,0.0,0.024757,0.032499,-135.009125,0.0,0.0,0.0,0.0,0.0,0.0,0,0,0,0,0,0,0,0,0,0,0,0,0,0,0,371.292664,411.045898,458.438904,561.431885,462.293549,414.460083,371.099915,410.417633,457.737549,560.571838,461.703369,413.931519,370.081879,409.881561,457.140381,559.841675,462.408752,414.563385,370.255554,410.520721,457.85257,560.71283,463.006287,415.099487,37.787224,105501.024395,16.701469,154.105488,0,false,false,0.0,-273.03,0,0.0,0.0,0.0
5,698,1.75,499.552237,10089.997924,499.611074,9319.420079,17473.940643,-0.001047,-0.004398,0.0012,0.024682,0.034638,-135.009369,0.0,0.0,0.0,0.0,0.0,0.0,0,0,0,0,0,0,0,0,0,0,0,0,0,0,0,371.293549,411.047546,458.440186,561.432495,462.294495,414.460388,371.10022,410.417053,457.736328,560.569336,461.702118,413.929871,370.078461,409.879028,457.136963,559.836548,462.410004,414.563995,370.252716,410.520416,457.851685,560.710754,463.009735,415.102051,37.787216,105501.032037,17.133134,150.168021,0,false,false,0.0,-273.02,0,0.0,0.0,0.0
5,699,1.8,499.549865,27210.452211,499.609205,27980.970716,17473.940657,0.128244,0.109197,0.015449,0.024537,0.036816,-135.009918,0.0,0.0,0.0,0.0,0.0,0.0,0,0,0,0,0,0,0,0,0,0,0,0,0,0,0,371.293793,411.049591,458.441071,561.431213,462.296722,414.461121,371.099335,410.415619,457.733307,560.563354,461.701294,413.927856,370.072144,409.874847,457.13092,559.826843,462.413055,414.56546,370.247528,410.519714,457.849487,560.70575,463.015839,415.106262,37.787205,105501.040495,18.171732,146.157688,0,false,false,0.0,-273.01,0,0.0,0.0,0.0
5,700,1.85,499.55036,10089.997429,499.610201,9319.419083,17473.940657,-0.032619,-0.031474,0.009232,0.024567,0.033174,-135.010406,0.0,0.0,0.0,0.0,0.0,0.0,0,0,0,0,0,0,0,0,0,0,0,0,0,0,0,371.290405,411.047546,458.437592,561.424988,462.298523,414.46167,371.095459,410.414307,457.730652,560.558105,461.704742,413.929871,370.070251,409.875,457.129883,559.823547,462.41571,414.566742,370.246124,410.519135,457.847656,560.701477,463.016846,415.10611,37.787205,105501.029781,19.057918,152.863483,0,false,false,0.0,-273.0,0,0.0,0.0,0.0
5,701,1.9,499.547868,27210.454704,499.608291,27980.972626,17473.940645,0.0,0.0,0.0,0.024657,0.035943,-135.010849,0.0,0.0,0.0,0.0,0.0,0.0,0,0,0,0,0,0,0,0,0,0,0,0,0,0,0,371.291473,411.049927,458.439178,561.42511,462.30014,414.462128,371.095276,410.413055,457.72818,560.553223,461.703217,413.927521,370.064423,409.870941,457.124298,559.81488,462.418243,414.568054,370.241547,410.518738,457.84613,560.697815,463.022522,415.110199,37.787216,105501.040007,19.870532,147.765827,0,false,false,0.0,-272.99,0,0.0,0.0,0.0
5,702,1.95,499.54548,10089.999816,499.606475,9319.420898,17473.940629,0.122912,0.101243,0.014976,0.02478,0.038454,-135.011246,0.0,0.0,0.0,0.0,0.0,0.0,0,0,0,0,0,0,0,0,0,0,0,0,0,0,0,371.292664,411.052277,458.440796,561.425415,462.301514,414.462463,371.095245,410.411896,457.725891,560.548828,461.70163,413.925201,370.05899,409.867126,457.119049,559.806824,462.420563,414.569244,370.237335,410.518402,457.844788,560.694519,463.027802,415.114044,37.787231,105501.049213,20.597929,143.142904,0,false,false,0.0,-272.98,0,0.0,0.0,0.0
5,703,2.0,499.545693,27210.454491,499.607191,27980.97191,17473.940631,0.051831,0.042006,0.006293,0.024801,0.035435,-135.011719,0.0,0.0,0.0,0.0,0.0,0.0,0,0,0,0,0,0,0,0,0,0,0,0,0,0,0,371.289734,411.050659,458.437866,561.419922,462.303253,414.463013,371.091766,410.410614,457.723328,560.543701,461.704559,413.926788,370.056793,409.866882,457.117645,559.803162,462.423157,414.570496,370.235687,410.517853,457.843018,560.69043,463.029205,415.114258,37.787231,105501.040696,21.458139,148.702139,0,false,false,0.0,-272.97,0,0.0,0.0,0.0
5,704,2.05,499.545849,10089.99966,499.607562,9319.420527,17473.940666,-0.052239,-0.049894,0.014782,0.02448,0.032958,-135.012192,0.0,0.0,0.0,0.0,0.0,0.0,0,0,0,0,0,0,0,0,0,0,0,0,0,0,0,371.286896,411.049377,458.435242,561.414734,462.305298,414.463745,371.088715,410.409515,457.720947,560.538879,461.707184,413.92807,370.054474,409.866364,457.115875,559.799072,462.425507,414.571564,370.233582,410.51709,457.841003,560.685974,463.030975,415.114777,37.787193,105501.033614,22.327999,153.263993,0,false,false,0.0,-272.96,0,0.0,0.0,0.0
5,705,2.1,499.541485,27210.458855,499.60397,27980.975503,17473.940623,0.168346,0.142354,0.020716,0.024832,0.039454,-135.012558,0.0,0.0,0.0,0.0,0.0,0.0,0,0,0,0,0,0,0,0,0,0,0,0,0,0,0,371.290955,411.054504,458.440002,561.419006,462.306458,414.463959,371.090851,410.408264,457.718597,560.534424,461.702484,413.923035,370.046356,409.859833,457.107666,559.787415,462.427948,414.572906,370.227386,410.516968,457.839905,560.683105,463.039276,415.121368,37.787239,105501.055787,23.03185,141.302261,0,false,false,0.0,-272.95,0,0.0,0.0,0.0
5,706,2.15,499.543071,10089.998074,499.605827,9319.41867,17473.940653,0.0,0.0,0.0,0.024598,0.033801,-135.013062,0.0,0.0,0.0,0.0,0.0,0.0,0,0,0,0,0,0,0,0,0,0,0,0,0,0,0,371.28595,411.050995,458.434875,561.410645,462.308533,414.464691,371.085907,410.407074,457.716064,560.529236,461.707581,413.926483,370.045898,409.861389,457.108154,559.786011,462.43045,414.574036,370.226898,410.516174,457.837799,560.678467,463.038757,415.119812,37.787209,105501.038693,23.9445,151.712401,0,false,false,0.0,-272.94,0,0.0,0.0,0.0
5,707,2.2,499.538577,27210.463349,499.602141,27980.979189,17473.940598,0.178025,0.151023,0.021988,0.025048,0.04048,-135.013443,0.0,0.0,0.0,0.0,0.0,0.0,0,0,0,0,0,0,0,0,0,0,0,0,0,0,0,371.290192,411.056274,458.439819,561.415161,462.309662,414.464874,371.088165,410.405792,457.713684,560.52478,461.702698,413.921265,370.037628,409.854706,457.099762,559.77417,462.432922,414.575409,370.220581,410.516083,457.836761,560.675598,463.047241,415.126556,37.787262,105501.061284,24.643207,139.41432,0,false,false,0.0,-272.93,0,0.0,0.0,0.0
5,708,2.25,499.540518,10089.996134,499.604608,9319.416203,17473.940579,-0.133633,-0.130377,0.038693,0.025279,0.034101,-135.013702,0.0,0.0,0.0,0.0,0.0,0.0,0,0,0,0,0,0,0,0,0,0,0,0,0,0,0,371.285919,411.052521,458.434967,561.408142,462.310425,414.464966,371.08371,410.404877,457.712006,560.521606,461.707489,413.924957,370.038971,409.857391,457.102112,559.77594,462.43454,414.576263,370.222107,410.51593,457.835938,560.673523,463.044861,415.12381,37.787281,105501.041879,25.124977,151.159651,0,false,false,0.0,-272.92,0,0.0,0.0,0.0
5,709,2.3,499.542294,27210.461572,499.605927,27980.97787,17473.940733,0.016992,0.03326,0.004717,0.02389,0.028519,-135.014313,0.0,0.0,0.0,0.0,0.0,0.0,0,0,0,0,0,0,0,0,0,0,0,0,0,0,0,371.280151,411.049072,458.429626,561.399048,462.313599,414.466461,371.078888,410.404022,457.709564,560.516113,461.712799,413.928375,370.038116,409.858459,457.101837,559.773071,462.436981,414.577087,370.220337,410.514404,457.832733,560.667114,463.045135,415.122711,37.787128,105501.024192,26.239409,161.438511,0,false,false,0.0,-272.91,0,0.0,0.0,0.0
5,710,2.35,499.541279,10089.997148,499.604291,9319.417839,17473.940885,-0.001892,0.005688,0.001071,0.022466,0.029756,-135.014725,0.0,0.0,0.0,0.0,0.0,0.0,0,0,0,0,0,0,0,0,0,0,0,0,0,0,0,371.279358,411.050201,458.429871,561.397583,462.316071,414.467743,371.078613,410.403687,457.70813,560.512634,461.712616,413.927277,370.034363,409.855743,457.097748,559.766357,462.438446,414.577454,370.216034,410.513153,457.830292,560.662354,463.049255,415.125458,37.786976,105501.029331,27.020271,159.16042,0,false,false,0.0,-272.9,0,0.0,0.0,0.0
5,711,2.4,499.538002,27210.46485,499.601396,27980.980764,17473.940892,0.0,0.0,0.0,0.022368,0.034503,-135.015106,0.0,0.0,0.0,0.0,0.0,0.0,0,0,0,0,0,0,0,0,0,0,0,0,0,0,0,371.281952,411.054016,458.433197,561.400208,462.317505,414.468201,371.080017,410.40271,457.706146,560.508667,461.70932,413.923492,370.027771,409.850525,457.091034,559.756592,462.440491,414.578461,370.210663,410.512756,457.828918,560.65918,463.05603,415.130707,37.786968,105501.046341,27.703622,150.420566,0,false,false,0.0,-272.89,0,0.0,0.0,0.0
5,712,2.45,499.54069,10089.994461,499.603922,9319.415314,17473.940979,-0.2412,-0.211332,0.063937,0.02159,0.027183,-135.015564,0.0,0.0,0.0,0.0,0.0,0.0,0,0,0,0,0,0,0,0,0,0,0,0,0,0,0,371.275635,411.049286,458.426788,561.390381,462.319794,414.469177,371.074493,410.401917,457.704102,560.504211,461.715698,413.928162,370.029022,409.853424,457.093109,559.757202,462.442505,414.579224,370.21109,410.511719,457.82663,560.654419,463.053925,415.127777,37.78688,105501.022349,28.557549,163.898735,0,false,false,0.0,-272.88,0,0.0,0.0,0.0
5,713,2.5,499.540682,27210.464858,499.603307,27980.981379,17473.94113,-0.003039,0.011015,0.002034,0.020191,0.026383,-135.015961,0.0,0.0,0.0,0.0,0.0,0.0,0,0,0,0,0,0,0,0,0,0,0,0,0,0,0,371.27359,411.049011,458.425476,561.387146,462.322083,414.470367,371.073151,410.401611,457.702789,560.501038,461.71701,413.928467,370.026825,409.852203,457.09079,559.752747,462.443817,414.579529,370.20816,410.510498,457.82431,560.649963,463.056244,415.128998,37.786732,105501.020295,29.280633,165.370849,1,true,false,0.0,-272.87,0,1.0,0.0,0.0
5,714,2.55,499.538118,10089.997025,499.601002,9319.417619,17473.941167,-0.10393,-0.101158,0.029995,0.019832,0.029514,-135.016418,0.0,0.0,0.0,0.0,0.0,0.0,0,0,0,0,0,0,0,0,0,0,0,0,0,0,0,371.274719,411.051697,458.427368,561.387573,462.324005,414.4711,371.073395,410.400543,457.7005,560.496338,461.715179,413.925781,370.020752,409.847778,457.084747,559.743469,462.446167,414.580627,370.203003,410.509827,457.822449,560.645813,463.062378,415.133453,37.786694,105501.032378,30.120714,159.607033,0,true,false,0.0,-272.86,0,1.0,0.0,0.0
5,715,2.6,499.53792,27210.465056,499.600837,27980.981544,17473.941218,0.024761,0.026965,0.003364,0.019364,0.028275,-135.016846,0.0,0.0,0.0,0.0,0.0,0.0,0,0,0,0,0,0,0,0,0,0,0,0,0,0,0,371.272675,411.051147,458.42569,561.383789,462.325989,414.471893,371.071259,410.399689,457.698486,560.492126,461.716858,413.926361,370.018158,409.84671,457.082458,559.738953,462.448181,414.581482,370.2005,410.509033,457.820496,560.641663,463.064667,415.134552,37.786644,105501.028933,30.909735,161.88708,0,true,false,0.0,-272.85,0,1.0,0.0,0.0
5,716,2.65,499.537389,10089.997555,499.600256,9319.4182,17473.941283,-0.039236,-0.03542,0.010496,0.018755,0.027853,-135.017242,0.0,0.0,0.0,0.0,0.0,0.0,0,0,0,0,0,0,0,0,0,0,0,0,0,0,0,371.27124,411.051178,458.424744,561.38092,462.327881,414.472687,371.069794,410.398956,457.696686,560.48822,461.717804,413.926331,370.015228,409.845123,457.079712,559.733887,462.450012,414.582214,370.197632,410.50824,457.818604,560.637634,463.067444,415.136139,37.786579,105501.028303,31.649958,162.664696,0,true,false,0.0,-272.84,0,0.0,0.0,0.0
5,717,2.7,499.531395,27210.47105,499.595283,27980.986517,17473.941202,0.0,0.0,0.0,0.019546,0.036392,-135.017365,0.0,0.0,0.0,0.0,0.0,0.0,0,0,0,0,0,0,0,0,0,0,0,0,0,0,0,371.278961,411.05899,458.433167,561.390747,462.327667,414.472229,371.074921,410.39801,457.695312,560.486023,461.709473,413.918549,370.006226,409.836884,457.070221,559.721802,462.451447,414.583221,370.191193,410.508789,457.818909,560.637512,463.076996,415.14444,37.786659,105501.05906,31.88086,146.941327,0,true,false,0.0,-272.83,0,0.0,0.0,0.0
5,718,2.75,499.529274,10089.999676,499.594537,9319.418947,17473.941051,-0.031435,-0.04668,0.013044,0.020842,0.03575,-135.017365,0.0,0.0,0.0,0.0,0.0,0.0,0,0,0,0,0,0,0,0,0,0,0,0,0,0,0,371.281769,411.061096,458.435455,561.393555,462.326569,414.471222,371.075623,410.397003,457.694153,560.484619,461.707153,413.916473,370.003357,409.834778,457.067871,559.718872,462.452606,414.584259,370.19046,410.509766,457.820007,560.638855,463.079376,415.146545,37.786812,105501.05943,31.883998,148.125311,0,true,false,0.0,-272.82,0,0.0,0.0,0.0
5,719,2.8,499.525938,27210.474386,499.592636,27980.988417,17473.940914,0.033128,0.013355,0.004628,0.022118,0.037707,-135.01738,0.0,0.0,0.0,0.0,0.0,0.0,0,0,0,0,0,0,0,0,0,0,0,0,0,0,0,371.286255,411.064911,458.439697,561.398682,462.32547,414.470215,371.077667,410.395935,457.692932,560.483093,461.702942,413.912659,369.998749,409.830933,457.063538,559.713501,462.453827,414.585327,370.188293,410.510803,457.821136,560.640198,463.08371,415.150421,37.786949,105501.068124,31.902953,144.522268,0,true,false,0.0,-272.81,0,0.0,0.0,0.0
5,720,2.85,499.522407,10090.003207,499.590195,9319.421388,17473.940823,0.148074,0.121669,0.021863,0.023077,0.041557,-135.017441,0.0,0.0,0.0,0.0,0.0,0.0,0,0,0,0,0,0,0,0,0,0,0,0,0,0,0,371.290833,411.069183,458.444336,561.404114,462.32486,414.469543,371.080139,410.39505,457.691803,560.481445,461.698364,413.908417,369.993591,409.826477,457.058411,559.707031,462.455017,414.586243,370.185242,410.511505,457.821777,560.640747,463.088867,415.154907,37.787037,105501.081788,32.008274,137.432957,0,true,false,0.0,-272.8,0,0.0,0.0,0.0
5,721,2.9,499.522269,27210.474524,499.591259,27980.987353,17473.940705,0.0,0.0,0.0,0.024077,0.037412,-135.017563,0.0,0.0,0.0,0.0,0.0,0.0,0,0,0,0,0,0,0,0,0,0,0,0,0,0,0,371.290192,411.068237,458.442963,561.401917,462.324432,414.468872,371.078033,410.39389,457.690216,560.479004,461.699677,413.909332,369.992828,409.826874,457.058563,559.706665,462.456573,414.587372,370.185944,410.512115,457.822144,560.640686,463.088684,415.154449,37.787155,105501.070845,32.234707,145.066068,0,true,false,0.0,-272.79,0,0.0,0.0,0.0
5,722,2.95,499.522622,10090.002855,499.592094,9319.420553,17473.940704,-0.0109,-0.015365,0.004206,0.024123,0.03418,-135.018005,0.0,0.0,0.0,0.0,0.0,0.0,0,0,0,0,0,0,0,0,0,0,0,0,0,0,0,371.287262,411.066528,458.439972,561.396423,462.32608,414.46936,371.074585,410.3927,457.687805,560.474243,461.702667,413.911041,369.990997,409.826904,457.057526,559.703552,462.458984,414.588562,370.184601,410.511627,457.820496,560.636841,463.089752,415.154419,37.787155,105501.061404,33.037599,151.018514,0,true,false,0.0,-272.78,0,0.0,0.0,0.0
5,723,3.0,499.519313,27210.477832,499.589502,27980.989946,17473.940669,0.155662,0.131446,0.018947,0.024411,0.038491,-135.018417,0.0,0.0,0.0,0.0,0.0,0.0,0,0,0,0,0,0,0,0,0,0,0,0,0,0,0,371.289612,411.070068,458.442871,561.398315,462.327454,414.469666,371.075348,410.391388,457.685303,560.469482,461.699799,413.907532,369.984161,409.821808,457.050812,559.693665,462.461548,414.589905,370.179352,410.511383,457.819183,560.633545,463.096527,415.159576,37.787193,105501.076398,33.806858,143.079981,0,true,false,0.0,-272.77,0,0.0,0.0,0.0
5,724,3.05,499.520073,10090.002095,499.590869,9319.419186,17473.940654,-0.034772,-0.03717,0.010778,0.024575,0.034193,-135.018845,0.0,0.0,0.0,0.0,0.0,0.0,0,0,0,0,0,0,0,0,0,0,0,0,0,0,0,371.286133,411.067688,458.439148,561.391968,462.328918,414.470032,371.07132,410.390106,457.682831,560.464661,461.703491,413.909912,369.983002,409.82254,457.050568,559.691589,462.463989,414.591156,370.178741,410.510986,457.817719,560.629944,463.096741,415.158813,37.787205,105501.06361,34.583639,150.995236,0,true,false,0.0,-272.76,0,0.0,0.0,0.0
5,725,3.1,499.519165,27210.478741,499.59047,27980.990344,17473.940655,-0.037955,-0.038289,0.011202,0.024584,0.033633,-135.019333,0.0,0.0,0.0,0.0,0.0,0.0,0,0,0,0,0,0,0,0,0,0,0,0,0,0,0,371.284729,411.067688,458.437988,561.38855,462.33075,414.470612,371.069122,410.388824,457.680206,560.459412,461.704681,413.909882,369.979156,409.820648,457.047272,559.685547,462.466675,414.592468,370.17569,410.510437,457.815887,560.625732,463.100098,415.160736,37.787205,105501.062757,35.475906,152.026478,0,true,false,0.0,-272.75,0,0.0,0.0,0.0
5,726,3.15,499.517009,10090.004251,499.588694,9319.420962,17473.940666,0.0,0.0,0.0,0.024457,0.035968,-135.019791,1.0,0.0,0.0,0.0,0.0,0.0,0,0,0,0,0,0,0,0,0,0,0,0,0,0,0,371.285248,411.069702,458.439087,561.388,462.332581,414.471222,371.068695,410.387665,457.677795,560.45459,461.703613,413.907898,369.973663,409.816895,457.041962,559.677185,462.469116,414.593628,370.171173,410.509827,457.814117,560.621643,463.105438,415.16449,37.787193,105501.071358,36.319265,147.727178,0,true,false,0.0,-272.74,0,0.0,0.0,0.0
5,727,3.2,499.516257,27210.479493,499.58852,27980.990518,17473.940636,0.024884,0.016913,0.003133,0.02474,0.035379,-135.020065,1.0,0.0,0.0,0.0,0.0,0.0,0,0,0,0,0,0,0,0,0,0,0,0,0,0,0,371.284729,411.069855,458.438568,561.386169,462.333435,414.471344,371.067322,410.386719,457.676025,560.451233,461.704163,413.907745,369.971161,409.815674,457.039917,559.673523,462.470886,414.594604,370.169495,410.509735,457.813293,560.619446,463.107513,415.16571,37.787224,105501.07031,36.834854,148.812186,0,true,false,0.0,-272.73,0,0.0,0.0,0.0
5,728,3.25,499.51654,10090.003968,499.589035,9319.420447,17473.940672,-0.030266,-0.02738,0.008039,0.024425,0.032601,-135.020554,1.0,0.0,0.0,0.0,0.0,0.0,0,0,0,0,0,0,0,0,0,0,0,0,0,0,0,371.281616,411.068298,458.435608,561.380554,462.33551,414.472107,371.063995,410.38559,457.673553,560.446167,461.707092,413.909302,369.968903,409.815308,457.038269,559.669495,462.473358,414.595734,370.16745,410.508942,457.811188,560.614868,463.109161,415.166077,37.787189,105501.062087,37.741911,153.926637,0,true,false,0.0,-272.72,0,0.0,0.0,0.0
5,729,3.3,499.51388,27210.482152,499.587025,27980.992529,17473.940647,0.063214,0.051567,0.007677,0.024632,0.035641,-135.021027,1.0,0.0,0.0,0.0,0.0,0.0,0,0,0,0,0,0,0,0,0,0,0,0,0,0,0,371.282776,411.070831,458.437286,561.380676,462.337158,414.472565,371.063782,410.384216,457.670898,560.44104,461.705475,413.906799,369.962708,409.811005,457.032349,559.660278,462.476074,414.597107,370.162628,410.508545,457.80957,560.610962,463.115143,415.17041,37.787212,105501.073097,38.598963,148.329222,0,true,false,0.0,-272.71,0,0.0,0.0,0.0
5,730,3.35,499.510539,10090.007309,499.584948,9319.422524,17473.940534,0.0,0.0,0.0,0.025668,0.038383,-135.021225,1.0,0.0,0.0,0.0,0.0,0.0,0,0,0,0,0,0,0,0,0,0,0,0,0,0,0,371.286255,411.074432,458.440796,561.384094,462.337128,414.472046,371.065002,410.382904,457.668915,560.437744,461.701996,413.903229,369.957031,409.806671,457.026978,559.652893,462.478088,414.59845,370.15921,410.509064,457.809692,560.610229,463.120544,415.174805,37.787327,105501.083765,38.97642,143.282161,0,true,false,0.0,-272.7,0,0.0,0.0,0.0
5,731,3.4,499.51013,27210.482561,499.585386,27980.99209,17473.940485,0.000296,-0.005674,0.001485,0.026141,0.036134,-135.021591,1.0,0.0,0.0,0.0,0.0,0.0,0,0,0,0,0,0,0,0,0,0,0,0,0,0,0,371.284729,411.0737,458.439056,561.380493,462.338104,414.472107,371.062378,410.381592,457.666534,560.43335,461.703735,413.903961,369.954559,409.805969,457.02533,559.649353,462.480469,414.599762,370.157837,410.508972,457.808685,560.607483,463.122223,415.175476,37.787376,105501.077788,39.645719,147.423362,0,true,false,0.0,-272.69,0,0.0,0.0,0.0
5,732,3.45,499.510316,10090.007123,499.586009,9319.421901,17473.9405,-0.044111,-0.038306,0.011432,0.026033,0.033245,-135.022079,1.0,0.0,0.0,0.0,0.0,0.0,0,0,0,0,0,0,0,0,0,0,0,0,0,0,0,371.28183,411.072174,458.436188,561.374939,462.339966,414.472717,371.05899,410.380341,457.66394,560.428223,461.706604,413.905457,369.952271,409.805634,457.023773,559.645447,462.483063,414.601013,370.156036,410.508362,457.806824,560.603271,463.123779,415.175812,37.787361,105501.069313,40.524395,152.744059,0,true,false,0.0,-272.68,0,0.0,0.0,0.0
5,733,3.5,499.50861,27210.484267,499.584869,27980.993231,17473.940472,-0.028636,-0.027929,0.008142,0.026289,0.034654,-135.0224,1.0,0.0,0.0,0.0,0.0,0.0,0,0,0,0,0,0,0,0,0,0,0,0,0,0,0,371.28241,411.073639,458.437012,561.374634,462.341034,414.472931,371.058533,410.379303,457.662018,560.4245,461.70578,413.903992,369.948181,409.802948,457.019958,559.639465,462.485016,414.602051,370.152985,410.508179,457.805786,560.600647,463.127625,415.178528,37.787388,105501.074821,41.121016,150.148898,0,true,false,0.0,-272.67,0,0.0,0.0,0.0
5,734,3.55,499.507381,10090.008353,499.584201,9319.422568,17473.940464,0.0,0.0,0.0,0.026352,0.034608,-135.022888,1.0,0.0,0.0,0.0,0.0,0.0,0,0,0,0,0,0,0,0,0,0,0,0,0,0,0,371.281433,411.074097,458.43631,561.371765,462.342834,414.47345,371.056641,410.37796,457.659302,560.419189,461.706512,413.903564,369.943878,409.800629,457.016174,559.632812,462.487762,414.603394,370.149628,410.50766,457.804016,560.596497,463.131439,415.180847,37.787395,105501.075688,42.013084,150.235121,0,true,false,0.0,-272.66,0,0.0,0.0,0.0
5,735,3.6,499.507268,27210.48438,499.584078,27980.993354,17473.94054,0.009842,0.014584,0.001938,0.025665,0.032942,-135.023376,1.0,0.0,0.0,0.0,0.0,0.0,0,0,0,0,0,0,0,0,0,0,0,0,0,0,0,371.278931,411.073303,458.434235,561.367188,462.345123,414.474426,371.054108,410.377014,457.657043,560.414368,461.708588,413.904327,369.94104,409.7995,457.013702,559.627747,462.490021,414.60434,370.14682,410.506683,457.801727,560.591675,463.133911,415.181976,37.787323,105501.071078,42.919335,153.302449,0,true,false,0.0,-272.65,0,0.0,0.0,0.0
5,736,3.65,499.505706,10090.009914,499.582916,9319.42373,17473.940555,-0.049512,-0.047572,0.014078,0.025512,0.03389,-135.023834,1.0,0.0,0.0,0.0,0.0,0.0,0,0,0,0,0,0,0,0,0,0,0,0,0,0,0,371.278564,411.074432,458.434326,561.365356,462.346954,414.475037,371.052917,410.375854,457.654602,560.409424,461.708527,413.903229,369.936371,409.796631,457.009369,559.620544,462.492523,414.60553,370.142975,410.506104,457.799927,560.587524,463.138306,415.184875,37.787308,105501.075175,43.774531,151.55669,0,true,false,0.0,-272.64,0,0.0,0.0,0.0
5,737,3.7,499.504631,27210.485455,499.582134,27980.994135,17473.940586,0.001172,0.000904,0.000031,0.025224,0.033944,-135.024338,1.0,0.0,0.0,0.0,0.0,0.0,0,0,0,0,0,0,0,0,0,0,0,0,0,0,0,371.277374,411.074829,458.433563,561.362427,462.34903,414.475769,371.051117,410.374695,457.652069,560.404297,461.70932,413.902832,369.93222,409.794342,457.005554,559.613831,462.495056,414.60672,370.139404,410.505371,457.797882,560.583008,463.142151,415.187195,37.787273,105501.076249,44.684937,151.457338,0,true,false,0.0,-272.63,0,0.0,0.0,0.0
5,738,3.75,499.504521,10090.010024,499.582015,9319.42385,17473.940659,-0.0323,-0.027989,0.008259,0.02455,0.032353,-135.024796,1.0,0.0,0.0,0.0,0.0,0.0,0,0,0,0,0,0,0,0,0,0,0,0,0,0,0,371.275055,411.074127,458.431641,561.358154,462.351166,414.476654,371.048767,410.37381,457.649963,560.399841,461.711243,413.903564,369.929565,409.793274,457.003265,559.609131,462.497192,414.607605,370.13678,410.504486,457.795776,560.578491,463.14447,415.188263,37.787201,105501.071803,45.528258,154.387763,0,true,false,0.0,-272.62,0,0.0,0.0,0.0
5,739,3.8,499.503117,27210.486859,499.581027,27980.995123,17473.94067,0.0,0.0,0.0,0.024451,0.03302,-135.025238,1.0,0.0,0.0,0.0,0.0,0.0,0,0,0,0,0,0,0,0,0,0,0,0,0,0,0,371.274536,411.075012,458.431488,561.356079,462.352936,414.477234,371.047455,410.37265,457.647552,560.39502,461.711395,413.902679,369.925171,409.790649,456.999237,559.602356,462.499634,414.608795,370.133209,410.503937,457.794006,560.574463,463.148529,415.190887,37.787189,105501.074921,46.362102,153.159549,0,true,false,0.0,-272.61,0,0.0,0.0,0.0
5,740,3.85,499.501833,10090.011308,499.580209,9319.424668,17473.94067,-0.014634,-0.014987,0.004167,0.02444,0.03333,-135.025726,1.0,0.0,0.0,0.0,0.0,0.0,0,0,0,0,0,0,0,0,0,0,0,0,0,0,0,371.273682,411.075623,458.431,561.353516,462.354797,414.477844,371.045746,410.371368,457.644958,560.389832,461.711945,413.902069,369.920807,409.788208,456.9953,559.59552,462.502258,414.610046,370.129669,410.503326,457.792175,560.570251,463.152496,415.193359,37.787189,105501.076841,47.248294,152.58864,0,true,false,0.0,-272.6,0,0.0,0.0,0.0
5,741,3.9,499.501214,27210.487479,499.579831,27980.995501,17473.940704,-0.011716,-0.009919,0.002724,0.024137,0.032503,-135.026184,1.0,0.0,0.0,0.0,-0.069993,-0.069993,0,0,0,0,0,0,0,0,0,0,0,0,0,0,0,371.272064,411.07547,458.429718,561.350098,462.35672,414.478546,371.043732,410.370331,457.64267,560.385193,461.713226,413.902222,369.917511,409.786621,456.992401,559.590149,462.504578,414.611115,370.126801,410.502655,457.790283,560.566101,463.155426,415.194977,37.787159,105501.074957,48.079741,154.111762,0,true,false,0.0,-272.59,0,0.0,0.0,0.0
5,742,3.95,499.499333,10090.013189,499.578569,9319.42593,17473.940679,-0.025603,-0.027768,0.007991,0.024356,0.033851,-135.026566,1.0,0.0,0.0,0.0,0.0,0.0,0,0,0,0,0,0,0,0,0,0,0,0,0,0,0,371.272583,411.077057,458.430542,561.349487,462.358002,414.478821,371.043091,410.369171,457.640411,560.380859,461.712433,413.900665,369.912872,409.783569,456.988098,559.583252,462.506866,414.612305,370.123322,410.50238,457.789062,560.562988,463.15976,415.198029,37.787182,105501.080451,48.782418,151.630983,0,true,false,0.0,-272.58,0,0.0,0.0,0.0
5,743,4.0,499.498347,27210.488464,499.578051,27980.996019,17473.940663,0.0,0.0,0.0,0.024499,0.033964,-135.026901,1.0,0.0,0.0,0.0,0.0,0.0,0,0,0,0,0,0,0,0,0,0,0,0,0,0,0,371.272095,411.077515,458.430206,561.347717,462.359192,414.479126,371.041809,410.368164,457.638489,560.377075,461.712769,413.900208,369.909729,409.78183,456.985321,559.578491,462.50882,414.613312,370.120941,410.502075,457.787872,560.560181,463.162567,415.199768,37.787197,105501.081526,49.401091,151.422697,0,true,false,0.0,-272.57,0,0.0,0.0,0.0
5,744,4.05,499.497847,10090.013689,499.57799,9319.42599,17473.940669,-0.056595,-0.052863,0.015736,0.02446,0.032625,-135.02739,1.0,0.0,0.0,0.0,0.0,0.0,0,0,0,0,0,0,0,0,0,0,0,0,0,0,0,371.270111,411.076965,458.428406,561.343445,462.361084,414.479767,371.039185,410.366913,457.635864,560.371887,461.714569,413.900757,369.906403,409.780487,456.982605,559.573181,462.511444,414.614563,370.118256,410.501465,457.78598,560.555847,463.165314,415.201111,37.787193,105501.077932,50.297702,153.887629,0,true,false,0.0,-272.56,0,0.0,0.0,0.0
5,745,4.1,499.495444,27210.490867,499.576116,27980.997893,17473.940664,-0.006344,-0.013322,0.003522,0.024484,0.035261,-135.027786,1.0,0.0,0.0,0.0,0.0,0.0,0,0,0,0,0,0,0,0,0,0,0,0,0,0,0,371.27124,411.079346,458.430023,561.34375,462.362579,414.480164,371.039154,410.365753,457.633575,560.367371,461.713013,413.898407,369.900879,409.776581,456.977264,559.564941,462.513794,414.615753,370.113922,410.501068,457.784546,560.552368,463.170715,415.205048,37.787197,105501.087561,51.050394,149.035783,0,true,false,0.0,-272.55,0,0.0,0.0,0.0
5,746,4.15,499.495057,10090.014076,499.576144,9319.425963,17473.940675,0.004576,0.003054,0.000524,0.024395,0.033685,-135.028259,1.0,0.0,0.0,0.0,0.0,-0.069993,0,0,0,0,0,0,0,0,0,0,0,0,0,0,0,371.269165,411.078674,458.428131,561.339539,462.36441,414.480774,371.036499,410.364532,457.631042,560.362366,461.714905,413.899048,369.897827,409.775421,456.974792,559.559937,462.516327,414.616974,370.11142,410.500458,457.782715,560.548157,463.173187,415.206238,37.787186,105501.083252,51.917032,151.937882,0,true,false,0.0,-272.54,0,0.0,0.0,0.0
5,747,4.2,499.493546,27210.492378,499.574985,27980.999052,17473.940691,0.065467,0.055647,0.007856,0.02424,0.034682,-135.028717,1.0,0.0,0.0,0.0,0.0,0.0,0,0,0,0,0,0,0,0,0,0,0,0,0,0,0,371.268799,411.079773,458.428223,561.337769,462.366272,414.481415,371.03537,410.363403,457.628693,560.357544,461.714844,413.89798,369.89328,409.772614,456.97052,559.552856,462.518738,414.618103,370.107635,410.499847,457.780914,560.544067,463.177521,415.209076,37.78717,105501.087353,52.753738,150.102304,0,true,false,0.0,-272.53,0,0.0,0.0,0.0
5,748,4.25,499.490683,10090.016939,499.572822,9319.428126,17473.940664,0.0,0.0,0.0,0.024453,0.037298,-135.028976,1.0,0.0,0.0,0.0,-0.069993,-0.069993,0,0,0,0,0,0,0,0,0,0,0,0,0,0,0,371.271362,411.082947,458.431122,561.34021,462.366913,414.481415,371.036438,410.362427,457.626923,560.354309,461.711975,413.894836,369.887909,409.768433,456.96524,559.545288,462.520538,414.619141,370.10376,410.499878,457.780273,560.542236,463.182861,415.213287,37.787197,105501.097408,53.237961,145.284814,0,true,false,0.0,-272.52,0,0.0,0.0,0.0
5,749,4.3,499.490921,27210.49214,499.573651,27980.998223,17473.940653,0.01838,0.014843,0.002193,0.024594,0.034121,-135.029404,1.0,0.0,0.0,0.0,0.0,0.0,0,0,0,0,0,0,0,0,0,0,0,0,0,0,0,371.268616,411.08136,458.428284,561.334961,462.368408,414.481812,371.033051,410.361145,457.624451,560.349548,461.714813,413.896423,369.885986,409.768372,456.964111,559.542175,462.52301,414.620392,370.102478,410.499481,457.778778,560.538635,463.18396,415.213318,37.787209,105501.088034,54.022851,151.135888,0,true,false,0.0,-272.51,0,0.0,0.0,0.0
5,750,4.35,499.490394,10090.017467,499.573446,9319.42833,17473.94068,-0.062123,-0.060027,0.017762,0.024353,0.033003,-135.029892,1.0,0.0,0.0,0.0,-0.139986,0.0,0,0,0,0,0,0,0,0,0,0,0,0,0,0,0,371.266724,411.080963,458.426666,561.330994,462.370392,414.482483,371.03067,410.359985,457.621979,560.344543,461.716431,413.89682,369.88266,409.766937,456.961304,559.536743,462.525482,414.621552,370.09967,410.49881,457.776825,560.534302,463.186798,415.214783,37.787182,105501.085129,54.903603,153.193528,0,true,false,0.0,-272.5,0,0.0,0.0,0.0
5,751,4.4,499.487477,27210.495056,499.571323,27981.000347,17473.940633,-0.059571,-0.067797,0.019612,0.024757,0.036334,-135.030273,1.0,0.0,1.0,0.0,-0.069993,0.0,0,0,0,0,0,0,0,0,0,0,0,0,0,0,0,371.268677,411.083923,458.429016,561.332275,462.371552,414.482666,371.031006,410.358673,457.619568,560.339966,461.714142,413.89389,369.876556,409.762512,456.955444,559.528015,462.527954,414.622894,370.095154,410.498657,457.775726,560.531311,463.192719,415.219238,37.787228,105501.097047,55.614394,147.061401,0,true,false,0.0,-272.49,0,0.0,0.0,0.0
5,752,4.45,499.48836,10090.016584,499.572485,9319.427168,17473.940663,-0.049715,-0.04445,0.013254,0.024513,0.032196,-135.030762,1.0,0.0,1.0,0.0,0.0,0.0,0,0,0,0,0,0,0,0,0,0,0,0,0,0,0,371.264679,411.081451,458.425049,561.325378,462.373596,414.483398,371.026917,410.357513,457.617035,560.334839,461.718079,413.896332,369.875153,409.763062,456.954834,559.525208,462.530457,414.624054,370.093872,410.497894,457.773651,560.526733,463.193359,415.218689,37.787197,105501.084223,56.521579,154.680249,0,true,false,0.0,-272.48,0,0.0,0.0,0.0
5,753,4.5,499.484788,27210.498628,499.569547,27981.003285,17473.940636,0.0,0.0,0.0,0.02474,0.037201,-135.031219,1.0,0.0,1.0,0.0,0.0,0.0,0,0,0,0,0,0,0,0,0,0,0,0,0,0,0,371.267212,411.085358,458.428284,561.327454,462.375244,414.483856,371.027863,410.356201,457.614441,560.329773,461.714905,413.892456,369.867737,409.757446,456.947449,559.514282,462.533142,414.625427,370.088013,410.497498,457.772095,560.522949,463.200806,415.224365,37.787224,105501.10148,57.363083,145.465439,0,true,false,0.0,-272.47,0,0.0,0.0,0.0
5,754,4.55,499.483741,10090.017631,499.568939,9319.427776,17473.940623,0.105527,0.086812,0.012827,0.024853,0.037507,-135.031555,1.0,0.0,1.0,0.0,0.0,0.0,0,0,0,0,0,0,0,0,0,0,0,0,0,0,0,371.266846,411.085938,458.428101,561.325806,462.376434,414.484192,371.026733,410.355255,457.612549,560.326111,461.715118,413.891907,369.864502,409.755585,456.94455,559.509338,462.535065,414.626404,370.085541,410.497192,457.770935,560.520142,463.203735,415.226227,37.787239,105501.103089,57.975997,144.903378,0,true,false,0.0,-272.46,0,0.0,0.0,0.0
5,755,4.6,499.483796,27210.498573,499.569507,27981.002718,17473.940616,0.037735,0.03129,0.004529,0.024931,0.034844,-135.032013,1.0,0.0,1.0,0.0,-0.069993,-0.069993,0,0,0,0,0,0,0,0,0,0,0,0,0,0,0,371.264221,411.084595,458.425476,561.32074,462.378113,414.48468,371.023529,410.353973,457.610046,560.321167,461.717743,413.893219,369.862152,409.755157,456.942963,559.505554,462.537567,414.627655,370.083801,410.496674,457.769226,560.516174,463.205322,415.226624,37.787243,105501.095338,58.809992,149.806943,0,true,false,0.0,-272.45,0,0.0,0.0,0.0
5,756,4.65,499.483199,10090.018228,499.569161,9319.428121,17473.940655,0.005531,0.003478,0.000657,0.024583,0.033959,-135.032486,1.0,0.0,1.0,0.0,-0.069993,-0.069993,0,0,0,0,0,0,0,0,0,0,0,0,0,0,0,371.262421,411.084381,458.424042,561.317017,462.380157,414.485413,371.021301,410.352875,457.607605,560.316223,461.719177,413.893463,369.858765,409.75354,456.940002,559.499939,462.540009,414.628754,370.080841,410.495941,457.767242,560.51178,463.208344,415.228241,37.787205,105501.093182,59.691964,151.43681,0,true,false,0.0,-272.44,0,0.0,0.0,0.0
5,757,4.7,499.477902,27210.50387,499.564729,27981.00715,17473.940608,0.0,0.0,0.0,0.025065,0.04157,-135.032806,1.0,0.0,1.0,0.0,0.0,0.0,0,0,0,0,0,0,0,0,0,0,0,0,0,0,0,371.268158,411.090942,458.430573,561.323669,462.380951,414.485443,371.02478,410.351685,457.605499,560.312317,461.712738,413.886993,369.849701,409.74588,456.930634,559.487183,462.542236,414.630035,370.074005,410.496002,457.766541,560.509583,463.217773,415.236023,37.787254,105501.118914,60.275702,137.423287,0,true,false,0.01962,-272.43,0,0.0,0.0,0.0
5,758,4.75,499.478066,10090.018065,499.565958,9319.426892,17473.940516,-0.048232,-0.058561,0.016764,0.025847,0.03783,-135.033157,1.0,0.0,1.0,0.0,-0.069993,0.0,0,0,0,0,0,0,0,0,0,0,0,0,0,0,0,371.265869,411.089203,458.427765,561.318848,462.381714,414.485321,371.021271,410.35022,457.602997,560.3078,461.715515,413.888672,369.848114,409.746185,456.930145,559.485107,462.544739,414.63147,370.073669,410.496094,457.765747,560.507202,463.218292,415.235657,37.787346,105501.108366,60.918924,144.309477,0,true,false,0.054094,-272.42,0,0.0,0.0,0.0
5,759,4.8,499.480796,27210.50114,499.568538,27981.00457,17473.940609,-0.042222,-0.028233,0.008943,0.025029,0.030215,-135.03363,1.0,-1.0,1.0,0.0,-0.069993,-0.069993,0,0,0,0,0,0,0,0,0,0,0,0,0,0,0,371.259399,411.084381,458.421204,561.308838,462.384003,414.486328,371.015625,410.349365,457.600891,560.303223,461.722015,413.893433,369.849365,409.749146,456.932251,559.485718,462.546783,414.632263,370.074097,410.495056,457.763397,560.50238,463.216125,415.232666,37.787251,105501.083991,61.791102,158.332424,0,true,false,0.086787,-272.41,0,0.0,0.0,0.0
5,760,4.85,499.482526,10090.016334,499.569569,9319.425861,17473.94076,-0.106509,-0.071686,0.022557,0.023657,0.026045,-135.033936,1.0,-1.0,1.0,0.0,-0.069993,-0.069993,0,0,0,0,0,0,0,0,0,0,0,0,0,0,0,371.255402,411.081757,458.417572,561.303101,462.385956,414.487396,371.012848,410.349304,457.600067,560.301025,461.725647,413.896027,369.850098,409.75058,456.933105,559.485535,462.547607,414.632324,370.073608,410.493958,457.761444,560.498718,463.215271,415.231232,37.787102,105501.069912,62.344125,166.009528,0,true,false,0.111527,-272.4,0,0.0,0.0,0.0
5,761,4.9,499.485369,27210.498296,499.57047,27981.003669,17473.941088,0.0,0.0,0.0,0.020605,0.020673,-135.034271,1.0,-1.0,1.0,0.0,-0.209979,-0.209979,0,0,0,0,0,0,0,0,0,0,0,0,0,0,0,371.249725,411.078369,458.412903,561.296021,462.38913,414.489471,371.010132,410.350037,457.600067,560.299561,461.730286,413.899414,369.85202,409.752655,456.93457,559.485962,462.547577,414.631531,370.072571,410.491852,457.75827,560.493408,463.213776,415.229126,37.786774,105501.050866,62.980057,175.897039,0,true,false,0.145714,-272.39,0,0.0,0.0,0.0
5,762,4.95,499.492191,10090.009513,499.571089,9319.425242,17473.94209,-0.044174,0.097823,0.017884,0.011866,0.012558,-135.034546,1.0,-1.0,1.0,0.0,-0.139986,-0.139986,0,0,0,0,0,0,0,0,0,0,0,0,0,0,0,371.239258,411.072357,458.405518,561.285767,462.395477,414.494537,371.008545,410.354034,457.60379,560.302979,461.737671,413.905396,369.859436,409.757538,456.939331,559.490601,462.543823,414.627533,370.071075,410.486755,457.751862,560.484436,463.209015,415.224213,37.78577,105501.019322,63.527566,190.831427,0,true,false,0.178108,-272.38,0,0.0,0.0,0.0
5,763,5.0,499.492549,27210.497938,499.570342,27981.004417,17473.853372,0.0,0.0,3.475195,0.010566,0.012984,-135.034531,1.0,-1.0,1.0,0.0,-0.069993,-0.069993,0,0,0,0,0,0,0,0,0,0,0,0,0,0,0,371.238983,411.072693,458.405914,561.286377,462.396301,414.4953,371.009674,410.354889,457.604797,560.304321,461.737244,413.90509,369.859924,409.757294,456.939117,559.490417,462.542816,414.626678,370.07016,410.485992,457.751068,560.483521,463.209229,415.224457,37.874489,105501.021015,63.496865,189.956406,0,true,false,0.211457,-272.37,0,0.0,0.0,0.0
5,764,5.05,499.492549,10090.009513,499.570342,9319.425242,17473.374805,0.0,0.0,13.667804,0.010566,0.012984,-135.034531,1.0,-1.0,1.0,0.0,0.0,0.0,0,0,0,0,0,0,0,0,0,0,0,0,0,0,0,371.238983,411.072693,458.405914,561.286377,462.396301,414.4953,371.009674,410.354889,457.604797,560.304321,461.737244,413.90509,369.859924,409.757294,456.939117,559.490417,462.542816,414.626678,370.07016,410.485992,457.751068,560.483521,463.209229,415.224457,38.353058,105501.020906,63.496953,189.477839,0,true,false,0.245188,-272.36,0,0.0,0.0,0.0
5,765,5.1,499.492549,27210.497938,499.570342,27981.004417,17472.377625,0.0,0.0,22.538244,0.010566,0.012984,-135.034531,1.0,-1.0,1.0,0.0,0.0,-0.069993,0,0,0,0,0,0,0,0,0,0,0,0,0,0,0,371.238983,411.072693,458.405914,561.286377,462.396301,414.4953,371.009674,410.354889,457.604797,560.304321,461.737244,413.90509,369.859924,409.757294,456.939117,559.490417,462.542816,414.626678,370.07016,410.485992,457.751068,560.483521,463.209229,415.224457,39.350235,105501.02068,63.497137,188.480659,0,true,false,0.278657,-272.35,0,0.0,0.0,0.0
5,766,5.15,500.126735,10089.375327,499.569946,9319.425638,17471.42105,-21.259117,0.013263,12.664807,0.010566,0.012984,-135.034531,1.0,-1.0,1.0,0.0,-0.069993,-0.209979,0,0,0,0,0,0,0,0,0,0,0,0,0,0,0,370.414703,410.608795,457.888611,560.652954,462.914612,414.95993,371.082306,410.819366,458.122742,560.938477,462.254913,414.36911,370.684174,410.221191,457.456421,560.123779,462.024506,414.162048,369.997528,410.021515,457.233093,559.849304,462.691559,414.760437,40.306812,105500.572036,63.94576,187.524268,0,true,false,0.310014,-272.34,0,0.0,0.0,0.0
5,767,5.2,501.71247,27208.912203,499.568957,27981.005406,17471.318628,-43.34716,0.027042,-2.207808,0.010566,0.012984,-135.034531,1.0,-1.0,1.0,0.0,-0.139986,-0.209979,0,0,0,0,0,0,0,0,0,0,0,0,0,0,0,368.353729,409.448883,456.595123,559.069153,464.210632,416.121704,371.263916,411.980743,459.417847,562.524292,463.549316,415.529419,372.745178,411.381104,458.749878,561.707581,460.728485,413.000305,369.815887,408.860138,455.937988,558.26355,461.397156,413.600128,40.409233,105499.450752,65.067086,187.422308,0,true,false,0.338553,-272.33,0,0.0,0.0,0.0
5,768,5.25,504.662508,10086.425289,499.567116,9319.427478,17471.664632,-71.146194,0.044385,-10.050007,0.010566,0.012984,-135.034531,1.0,-1.0,1.0,0.0,0.0,-0.069993,0,0,0,0,0,0,0,0,0,0,0,0,0,0,0,364.519531,407.290985,454.188782,556.122803,466.621704,418.28299,371.601807,414.141327,461.82724,565.474365,465.957336,417.688019,376.579407,413.538971,461.156219,561.465942,458.317444,410.83902,369.478027,406.699524,453.528625,555.313416,458.989136,411.441528,40.063229,105497.364882,67.153059,187.769169,0,true,false,0.36999,-272.32,0,0.0,0.0,0.0
5,769,5.3,509.501868,27204.072843,499.564097,27981.008425,17472.345791,-104.94532,0.06547,-14.024509,0.010566,0.012984,-135.034531,1.0,-1.0,1.0,0.0,0.0,0.0,0,0,0,0,0,0,0,0,0,0,0,0,0,0,0,358.229797,403.751129,450.241333,551.289368,470.576874,421.82843,372.156097,417.685638,465.779663,570.313843,469.907562,421.229034,381.675537,417.078827,465.103699,556.620605,454.362244,407.293549,368.694672,403.155212,449.576202,550.473999,455.03891,407.900513,39.382069,105493.943164,70.574951,188.451734,0,true,false,0.403934,-272.31,0,0.0,0.0,0.0
5,770,5.35,516.391917,10079.53524,499.559783,9319.431792,17471.540748,-133.836899,0.084015,116.224571,0.010565,0.012245,-135.039856,1.0,-1.0,1.0,0.0,-0.069993,-0.069993,0,0,0,0,0,0,0,0,0,0,0,0,0,0,0,354.133759,398.701385,444.597351,544.357361,476.233673,426.886963,376.672913,422.721405,471.381714,577.150513,475.557251,426.281189,384.88681,422.108215,470.698669,549.773132,448.755127,402.255737,361.010193,398.099091,443.92514,543.533386,449.438904,402.869049,40.187115,105489.061201,85.241747,189.012106,0,true,false,0.43888,-272.3,0,0.0,0.0,0.0
5,771,5.4,523.845944,27196.618816,499.55494,27981.013267,17464.969869,-161.846436,0.109494,131.515472,0.010561,0.008523,-135.058685,1.0,-1.0,1.0,0.0,-0.069993,-0.069993,0,0,0,0,0,0,0,0,0,0,0,0,0,0,0,355.292297,393.214722,438.43454,536.737244,482.41806,432.386505,388.386566,428.143097,477.378967,584.412354,481.733551,431.773529,396.275085,427.522827,476.68811,542.487671,442.746704,396.829498,361.871094,392.605347,437.754486,535.903748,443.438568,397.449982,46.757992,105483.741214,125.194727,189.301836,0,true,false,0.472072,-272.29,0,0.0,0.0,0.0
5,772,5.45,533.456947,10069.924237,499.54757,9319.439163,17458.151517,-209.830597,0.174577,139.720566,0.010557,-0.004666,-135.102478,1.0,-1.0,1.0,0.0,-0.069993,-0.139986,0,0,0,0,0,0,0,0,0,0,0,0,0,0,0,356.934387,386.107697,430.408539,526.741943,490.493195,439.520111,403.66745,435.09375,485.014404,593.568359,489.796265,438.896179,410.779816,434.462738,484.311737,533.267883,435.081177,389.866638,362.831726,385.487579,429.716705,525.894287,435.785431,390.498108,53.576344,105476.765956,212.590136,206.781207,0,true,false,0.504466,-272.28,0,0.0,0.0,0.0
5,773,5.5,543.834402,27186.241361,499.537226,27981.023611,17451.857157,-255.641724,0.276885,153.450958,0.010578,-0.03916,-135.179489,1.0,-1.0,1.0,0.0,-0.152717,-0.305435,0,0,0,0,0,0,0,0,0,0,0,0,0,0,0,358.93808,378.387238,421.627258,515.703369,499.373291,447.290955,420.459839,442.536835,493.106812,603.130615,498.658844,446.651611,426.15036,441.890839,492.387726,523.568176,426.923859,382.397675,363.640045,377.752136,420.919006,514.836121,427.64566,383.044586,59.870705,105468.892004,361.666145,264.009653,0,true,false,0.532416,-272.27,0,0.0,0.0,0.0
5,774,5.55,559.131071,10054.627568,499.515068,9319.46132,17443.241792,-313.737732,0.533445,172.03746,0.010782,-0.116583,-135.350479,1.0,-1.0,1.0,0.0,-0.139986,-0.349965,0,0,0,0,0,0,0,0,0,0,0,0,0,0,0,358.886871,366.92749,408.482056,498.999817,512.797119,458.889099,442.525787,453.386566,504.731903,616.576965,512.044983,458.216675,438.000061,452.708527,503.977844,509.735046,415.116364,371.477112,354.360992,366.260345,407.738831,498.091003,415.875793,372.157104,68.486069,105456.040638,687.167527,397.94967,0,true,false,0.566274,-272.26,0,0.0,0.0,0.0
5,775,5.6,577.624092,27167.74834,499.471721,27981.066959,17433.289418,-378.332581,1.045291,201.448517,0.011428,-0.219494,-135.588776,1.0,-1.0,1.0,0.0,-0.069993,-0.209979,0,0,0,0,0,0,0,0,0,0,0,0,0,0,0,345.854309,353.064362,392.546936,478.702087,529.282349,473.027954,455.651276,466.433716,518.593445,632.411682,528.457031,472.291016,451.063934,465.692932,517.77063,493.167236,400.909302,358.298981,341.266876,352.334503,391.734924,477.711029,401.741943,359.043457,78.438446,105438.244084,1138.685091,577.442985,0,true,false,0.59998,-272.25,0,0.0,0.0,0.0
5,776,5.65,600.653866,10031.597794,499.385471,9319.54757,17421.074041,-451.903717,1.964328,240.516922,0.01264,-0.332323,-135.854553,1.0,-1.0,1.0,0.0,0.0,-0.069993,0,0,0,0,0,0,0,0,0,0,0,0,0,0,0,329.652222,313.749023,372.955383,453.937103,549.789124,490.642822,472.029877,482.744843,535.966797,652.342712,548.819336,489.778015,467.320129,481.878937,535.006226,472.054413,382.979187,306.525635,324.942322,335.065125,372.005646,452.780334,383.956329,342.650665,90.653816,105414.091524,1643.837176,772.861453,0,true,false,0.635056,-272.24,0,0.0,0.0,0.0
5,777,5.7,622.691476,27145.71073,499.266601,27981.185829,17409.33774,-514.881714,3.04381,274.517395,0.013921,-0.421341,-136.057907,1.0,-1.0,1.0,0.0,-0.139986,-0.069993,0,0,0,0,0,0,0,0,0,0,0,0,0,0,0,314.173187,293.172424,354.513672,430.860779,569.255859,507.449615,487.732819,498.464508,552.820435,671.872986,568.087646,506.408905,482.854462,497.425934,551.669434,451.216797,365.509949,298.264587,309.294678,318.628113,353.373505,429.474304,366.685547,326.873474,102.390121,105390.56654,2033.300297,924.870098,0,true,false,0.663853,-272.23,0,0.0,0.0,0.0
5,778,5.75,653.03148,10001.25779,499.047748,9319.766423,17392.830079,-599.517466,4.786108,329.111501,0.016274,-0.593441,-136.33905,1.0,-1.0,1.0,0.0,-0.434713,-0.072452,0,0,0,0,0,0,0,0,0,0,0,0,0,0,0,292.90799,297.788666,329.293915,399.406921,555.555603,530.706116,509.411407,503.359406,575.972839,698.607239,594.73175,526.632507,504.222656,518.759949,574.471924,422.242706,341.306458,294.502228,287.719055,296.013977,327.803802,397.598846,342.848145,305.152008,118.897781,105354.442461,2571.405116,1224.81506,0,true,false,0.698317,-272.22,0,0.0,0.0,0.0
5,779,5.8,689.589088,27109.153122,498.702258,27981.531319,17372.438377,-690.664687,7.099084,387.305331,0.019656,-0.896529,-136.618591,1.0,-1.0,1.0,0.0,-0.638127,0.0,0,0,0,0,0,0,0,0,0,0,0,0,0,0,0,267.345856,274.696869,261.84198,362.352905,502.337219,558.744568,535.618774,516.348938,604.150452,731.333374,626.625244,523.708252,529.939941,544.510864,558.412354,386.45047,269.107544,272.964844,261.66684,268.861145,297.295166,359.880432,313.824432,278.888489,139.28949,105306.68304,3110.529893,1761.42847,0,true,false,0.734217,-272.21,0,0.0,0.0,0.0
5,780,5.85,718.53842,9972.308457,498.375163,9320.093518,17355.866854,-763.147223,8.987434,439.525531,0.023161,-1.229129,-136.819351,1.0,-1.0,1.0,0.0,-0.506971,0.0,0,0,0,0,0,0,0,0,0,0,0,0,0,0,0,10962.936523,307.67099,265.305573,40000.0,645.196655,40000.0,40000.0,553.753784,40000.0,785.793213,40000.0,545.755737,40000.0,40000.0,596.768127,40000.0,266.120178,286.54483,40000.0,40000.0,40000.0,349.301636,24339.6875,24463.197266,155.861008,105262.619308,3499.245684,2355.780453,0,true,false,0.759467,-272.2,0,0.0,0.0,0.0
5,781,5.9,763.253106,27064.438437,497.797733,27982.108749,17329.677932,-865.712602,11.692183,511.490034,0.028999,-1.810567,-137.054642,1.0,-1.0,1.0,0.0,-0.537275,0.161182,0,0,0,0,0,0,0,0,0,0,0,0,0,0,0,10937.178711,10332.181641,270.644379,252.753479,40000.0,650.654907,40000.0,611.396362,40000.0,830.50824,40000.0,593.290466,40000.0,40000.0,697.525513,260.984558,261.518677,40000.0,40000.0,40000.0,40000.0,304.642761,24324.859375,24422.652344,182.049927,105186.559635,3961.702756,3396.757332,0,true,false,0.794354,-272.19,0,0.0,0.0,0.0
5,782,5.95,801.161659,9934.399904,497.262083,9320.629168,17306.982189,-949.659045,13.65952,571.894643,0.033337,-2.35238,-137.180984,1.0,-1.0,1.0,0.0,-0.479179,0.23959,0,0,0,0,0,0,0,0,0,0,0,0,0,0,0,10916.014648,10304.144531,21951.054688,40000.0,40000.0,646.652283,40000.0,660.008545,40000.0,868.590271,40000.0,633.897156,40000.0,663.885742,40000.0,40000.0,40000.0,40000.0,40000.0,40000.0,40000.0,40000.0,24309.025391,24393.314453,204.745667,105114.279028,4219.108969,4367.557076,0,true,false,0.820895,-272.18,0,0.0,0.0,0.0
5,783,6.0,859.436304,27006.163792,496.40697,27982.963863,17271.393373,-1073.036017,15.762428,660.83511,0.035489,-3.244995,-137.231201,1.0,-1.0,1.0,0.0,-0.688581,0.370774,0,0,0,0,0,0,0,0,0,0,0,0,0,0,0,10884.62207,10269.077148,22022.675781,40000.0,40000.0,40000.0,40000.0,40000.0,40000.0,975.304993,40000.0,40000.0,40000.0,40000.0,40000.0,40000.0,40000.0,40000.0,40000.0,40000.0,40000.0,40000.0,24278.001953,24357.708984,240.334488,104989.671574,4350.338074,5966.652508,0,true,false,0.857549,-272.17,0,0.0,0.0,0.0
5,784,6.05,924.732738,9869.10347,495.488814,9321.547324,17230.725213,-1204.541546,16.257665,754.489007,0.028957,-4.355971,-137.131989,1.0,-1.0,1.0,0.0,-0.64789,0.370223,0,0,0,0,0,0,0,0,0,0,0,0,0,0,0,10852.628906,10240.027344,22055.939453,40000.0,40000.0,40000.0,40000.0,40000.0,40000.0,40000.0,40000.0,40000.0,40000.0,40000.0,40000.0,40000.0,40000.0,40000.0,40000.0,40000.0,40000.0,40000.0,24240.226562,24332.275391,281.002655,104817.652508,4213.027414,7957.031001,0,true,false,0.894035,-272.16,0,0.0,0.0,0.0
5,785,6.1,978.333668,26952.562862,494.835636,27983.61704,17196.902514,-1309.277546,14.966205,828.160096,0.014561,-5.320797,-136.956512,1.0,-1.0,1.0,0.0,-0.697103,0.464736,0,0,0,0,0,0,0,0,0,0,0,0,0,0,0,10829.359375,10223.472656,22057.21875,40000.0,40000.0,40000.0,40000.0,40000.0,40000.0,40000.0,40000.0,40000.0,40000.0,40000.0,40000.0,40000.0,40000.0,40000.0,40000.0,40000.0,40000.0,40000.0,24210.099609,24322.822266,314.825348,104645.786947,3929.680075,9683.637723,0,true,false,0.921166,-272.15,0,0.0,0.0,0.0
5,786,6.15,1040.311467,9807.125671,494.264891,9322.118069,17157.518822,-1424.29207,11.405581,905.493672,-0.012122,-6.392968,-136.687775,1.0,-1.0,1.0,0.0,-0.584099,0.371699,0,0,0,0,0,0,0,0,0,0,0,0,0,0,0,10805.301758,10209.523438,22041.277344,40000.0,40000.0,40000.0,40000.0,40000.0,40000.0,40000.0,40000.0,40000.0,40000.0,40000.0,40000.0,40000.0,40000.0,40000.0,40000.0,40000.0,40000.0,40000.0,24176.505859,24320.480469,354.209045,104423.423059,3484.571928,11596.126687,0,true,false,0.949997,-272.14,0,0.0,0.0,0.0
5,787,6.2,1132.170671,26860.703657,493.893091,27983.98884,17098.824211,-1593.66893,2.364162,1018.470689,-0.072607,-7.964681,-136.19194,1.0,-1.0,1.0,0.0,-0.553276,0.414957,0,0,0,0,0,0,0,0,0,0,0,0,0,0,0,10774.035156,10198.896484,21997.701172,40000.0,40000.0,40000.0,40000.0,40000.0,40000.0,40000.0,40000.0,40000.0,40000.0,40000.0,40000.0,40000.0,40000.0,40000.0,40000.0,40000.0,40000.0,40000.0,24134.414062,24335.603516,227.776871,104034.739096,2654.865565,14389.638331,0,true,false,0.988701,-272.13,0,0.0,0.0,0.0
5,788,6.25,1210.308233,9728.98811,494.10923,9321.90193,17049.150799,-1730.166593,-8.538135,1093.078866,-0.14043,-9.238214,-135.72757,1.0,-1.0,1.0,0.0,-0.454117,0.259496,0,0,0,0,0,0,0,0,0,0,0,0,0,0,0,10752.283203,10195.865234,21956.886719,40000.0,40000.0,40000.0,40000.0,40000.0,40000.0,40000.0,40000.0,40000.0,40000.0,40000.0,40000.0,40000.0,40000.0,40000.0,40000.0,40000.0,40000.0,40000.0,24106.697266,24361.341797,844.966125,103659.438568,1880.52502,16641.945975,0,true,true,1.0,-272.12,0,0.0,0.0,0.0
5,789,6.3,1298.854098,26772.157792,494.998029,27983.100041,16994.114097,-1867.500545,-23.542447,1155.02301,-0.261916,-10.689611,-135.011642,1.0,-1.0,1.0,0.0,-0.26219,0.314628,0,0,0,0,0,0,0,0,0,0,0,0,0,0,0,10734.110352,10207.507812,21863.138672,40000.0,40000.0,40000.0,40000.0,40000.0,40000.0,40000.0,40000.0,40000.0,40000.0,40000.0,40000.0,40000.0,40000.0,40000.0,40000.0,40000.0,40000.0,40000.0,24078.888672,24415.392578,1951.220337,103167.13197,677.502541,19200.781813,0,true,true,1.0,-272.11,0,0.0,0.0,0.0
5,790,6.35,1385.460564,9642.381644,496.571912,9320.328047,16941.402992,-1982.035419,-41.751798,1197.1828,-0.446645,-12.22178,-134.061676,1.0,-1.0,1.0,0.0,-0.139986,0.139986,0,0,0,0,0,0,0,0,0,0,0,0,0,0,0,10728.543945,10242.470703,21862.5625,40000.0,40000.0,40000.0,40000.0,40000.0,40000.0,40000.0,40000.0,40000.0,40000.0,40000.0,40000.0,40000.0,40000.0,40000.0,40000.0,40000.0,40000.0,40000.0,24064.753906,24509.806641,2003.931396,102563.423935,-918.350376,21897.6486,0,true,true,1.0,-272.1,0,0.0,0.0,0.0
5,791,6.4,1508.393617,26649.224739,500.170993,27979.50096,16868.664033,-2127.929863,-73.035149,1243.073281,-0.734071,-14.137658,-132.77948,1.0,-1.0,1.0,0.0,0.069993,0.209979,0,0,0,0,0,0,0,0,0,0,0,0,0,0,0,10725.245117,10293.713867,22035.857422,40000.0,40000.0,40000.0,40000.0,40000.0,40000.0,40000.0,40000.0,40000.0,40000.0,40000.0,40000.0,40000.0,40000.0,40000.0,40000.0,40000.0,40000.0,40000.0,23992.384766,25121.886719,2076.67041,101659.411709,-3024.517373,25243.384625,0,true,true,1.0,-272.09,0,0.0,0.0,0.0
5,792,6.45,1609.817755,9540.957506,504.420344,9316.078696,16810.501029,-2238.849813,-102.269357,1274.027928,-0.985282,-15.454336,-131.782425,1.0,-1.0,1.0,0.0,0.209979,0.209979,0,0,0,0,0,0,0,0,0,0,0,0,0,0,0,10720.362305,10331.25,22164.054688,40000.0,40000.0,40000.0,40000.0,40000.0,40000.0,40000.0,40000.0,40000.0,40000.0,40000.0,40000.0,40000.0,40000.0,40000.0,40000.0,40000.0,40000.0,40000.0,23547.96875,40000.0,2134.833252,100929.334332,-4624.333299,27520.800368,0,true,true,1.0,-272.08,0,0.0,0.0,0.0
5,793,6.5,1752.592632,26506.449862,512.398738,27971.522565,16731.289529,-2362.616852,-146.467125,1289.75533,-1.386743,-16.88871,-130.330322,1.0,-1.0,1.0,0.0,1.120806,0.587089,0,0,0,0,0,0,0,0,0,0,0,0,0,0,0,10703.4375,10377.223633,36218.070312,40000.0,40000.0,40000.0,40000.0,40000.0,40000.0,40000.0,40000.0,40000.0,40000.0,40000.0,40000.0,40000.0,40000.0,40000.0,40000.0,40000.0,40000.0,40000.0,22910.373047,13844.268555,2045.313477,99983.945564,-6918.53621,29979.600574,0,true,true,1.0,-272.07,0,0.0,0.0,0.0
5,794,6.55,1862.737889,9430.812248,520.147417,9308.330017,16672.159336,-2467.372096,-183.780353,1314.761439,-1.7407,-17.574306,-129.128952,1.0,-1.0,1.0,0.0,0.657765,0.219255,0,0,0,0,0,0,0,0,0,0,0,0,0,0,0,10674.249023,10401.472656,36108.210938,40000.0,40000.0,40000.0,40000.0,40000.0,40000.0,40000.0,40000.0,40000.0,40000.0,40000.0,40000.0,40000.0,40000.0,40000.0,40000.0,40000.0,40000.0,40000.0,20484.009766,13546.776367,5000.0,99391.420146,-8805.212044,31144.989509,0,true,true,1.0,-272.06,0,0.0,0.0,0.0
5,795,6.6,1971.572886,26397.614866,529.151504,27962.518478,16615.242722,-2545.393355,-221.069095,1319.576098,-2.105178,-18.049376,-127.932686,1.0,-1.0,1.0,0.0,0.557035,0.0,0,0,0,0,0,0,0,0,0,0,0,0,0,0,0,10637.947266,10418.895508,36397.070312,40000.0,40000.0,40000.0,40000.0,40000.0,40000.0,40000.0,40000.0,40000.0,40000.0,40000.0,40000.0,40000.0,40000.0,40000.0,40000.0,40000.0,40000.0,40000.0,20444.105469,13253.850586,5000.0,98864.327168,-10670.968428,31952.609532,0,true,true,1.0,-272.05,0,0.0,0.0,0.0
5,796,6.65,2120.854378,9281.530756,543.686283,9293.795239,16539.45674,-2648.418451,-274.390231,1328.775741,-2.544817,-18.451138,-126.525528,1.0,-1.0,1.0,0.0,0.522886,-0.713026,0,0,0,0,0,0,0,0,0,0,0,0,0,0,0,10561.444336,10416.318359,40000.0,40000.0,40000.0,40000.0,40000.0,40000.0,40000.0,40000.0,40000.0,40000.0,40000.0,40000.0,40000.0,40000.0,40000.0,40000.0,40000.0,40000.0,40000.0,40000.0,20775.703125,10561.90918,5000.0,98263.931094,-12834.901355,32627.962648,0,true,true,1.0,-272.04,0,0.0,0.0,0.0
5,797,6.7,2243.449059,26275.020185,557.474017,27948.730744,16479.042922,-2717.715985,-317.441823,1328.290932,-2.77111,-18.568506,-125.81205,1.0,-1.0,1.0,0.0,0.586551,-1.221982,0,0,0,0,0,0,0,0,0,0,0,0,0,0,0,10482.892578,10369.210938,40000.0,40000.0,40000.0,40000.0,40000.0,40000.0,40000.0,40000.0,40000.0,40000.0,40000.0,40000.0,40000.0,40000.0,40000.0,40000.0,40000.0,40000.0,40000.0,40000.0,20882.349609,10451.881836,5000.0,97962.710379,-13896.176859,32794.492417,0,true,true,1.0,-272.03,0,0.0,0.0,0.0
5,798,6.75,2359.515981,9165.463834,571.934934,9279.334322,16423.075647,-2784.305051,-357.426662,1333.156647,-2.878971,-18.532423,-125.473282,1.0,-1.0,1.0,0.0,0.641265,-1.233202,0,0,0,0,0,0,0,0,0,0,0,0,0,0,0,10395.31543,10288.574219,40000.0,40000.0,40000.0,40000.0,40000.0,40000.0,40000.0,40000.0,40000.0,40000.0,40000.0,40000.0,40000.0,40000.0,40000.0,40000.0,40000.0,40000.0,40000.0,40000.0,22633.179688,10345.828125,5000.0,97837.250749,-14365.330806,32677.524033,0,true,true,1.0,-272.02,0,0.0,0.0,0.0
5,799,6.8,2528.583914,26105.952252,595.231481,27925.434197,16343.557157,-2863.453988,-409.770451,1333.163883,-2.865243,-18.280361,-125.517044,1.0,-1.0,1.0,0.0,0.29806,-0.546444,0,0,0,0,0,0,0,0,0,0,0,0,0,0,0,10246.964844,10115.115234,40000.0,40000.0,40000.0,40000.0,40000.0,40000.0,40000.0,40000.0,40000.0,40000.0,40000.0,40000.0,40000.0,40000.0,40000.0,40000.0,40000.0,40000.0,40000.0,40000.0,20576.537109,10188.875977,5000.0,97901.946809,-14197.686291,32125.462599,0,true,true,1.0,-272.01,0,0.0,0.0,0.0
5,800,6.85,2657.42528,9036.622468,614.490493,9260.07531,16284.244388,-2923.766355,-445.844734,1338.967744,-2.793574,-18.025106,-125.746674,1.0,-1.0,1.0,0.0,0.15766,-0.472981,0,0,0,0,0,0,0,0,0,0,0,0,0,0,0,10115.545898,9963.751953,40000.0,40000.0,40000.0,40000.0,40000.0,40000.0,40000.0,40000.0,40000.0,40000.0,40000.0,40000.0,40000.0,40000.0,40000.0,40000.0,40000.0,40000.0,40000.0,40000.0,20295.357422,10078.251953,5000.0,98032.045845,-13757.451036,31581.962985,0,true,true,1.0,-272.0,0,0.0,0.0,0.0
5,801,6.9,2796.266109,25967.111423,636.467377,27903.457313,16221.413516,-2978.27239,-479.41998,1341.9123,-2.698561,-17.745272,-126.055298,1.0,-1.0,1.0,0.0,0.069993,-0.069993,0,0,0,0,0,0,0,0,0,0,0,0,0,0,0,9972.140625,9796.268555,37397.691406,40000.0,40000.0,40000.0,40000.0,40000.0,40000.0,40000.0,40000.0,40000.0,40000.0,40000.0,40000.0,40000.0,40000.0,40000.0,40000.0,40000.0,40000.0,40000.0,19975.296875,12502.160156,5000.0,98183.035333,-13183.053306,30984.269647,0,true,true,1.0,-271.99,0,0.0,0.0,0.0
5,802,6.95,2980.290857,8852.59772,667.154265,9229.388422,16139.423101,-3045.689214,-517.550344,1349.381346,-2.603028,-17.260782,-126.37101,1.0,-1.0,1.0,0.0,0.051525,0.978981,0,0,0,0,0,0,0,0,0,0,0,0,0,0,0,9778.857422,9576.394531,35793.613281,40000.0,40000.0,40000.0,40000.0,40000.0,40000.0,40000.0,40000.0,40000.0,40000.0,40000.0,40000.0,40000.0,40000.0,40000.0,40000.0,40000.0,40000.0,40000.0,19578.691406,12458.116211,5000.0,98407.980306,-12581.067257,30005.713164,0,true,true,1.0,-271.98,0,0.0,0.0,0.0
5,803,7.0,3117.061248,25830.341031,690.899341,27879.712236,16079.241179,-3093.663396,-542.496511,1358.179305,-2.589896,-16.906311,-126.415619,1.0,-1.0,1.0,0.0,0.0,0.0,0,0,0,0,0,0,0,0,0,0,0,0,0,0,0,9640.59082,9427.526367,35499.265625,40000.0,40000.0,40000.0,40000.0,40000.0,40000.0,40000.0,40000.0,40000.0,40000.0,40000.0,40000.0,40000.0,40000.0,40000.0,40000.0,40000.0,40000.0,40000.0,19352.242188,12384.90625,5000.0,98519.889248,-12443.505445,29302.602586,0,true,true,1.0,-271.97,0,0.0,0.0,0.0
5,804,7.05,3260.068623,8709.590346,716.452288,9203.835476,16016.888308,-3129.879122,-564.20737,1360.603713,-2.580201,-16.638895,-126.449158,1.0,-1.0,1.0,0.0,0.0,0.0,0,0,0,0,0,0,0,0,0,0,0,0,0,0,0,9501.850586,9278.266602,35451.394531,40000.0,40000.0,40000.0,40000.0,40000.0,40000.0,40000.0,40000.0,40000.0,40000.0,40000.0,40000.0,40000.0,40000.0,40000.0,40000.0,40000.0,40000.0,40000.0,19132.287109,12311.885742,5000.0,98577.269007,-12313.362214,28746.067266,0,true,true,1.0,-271.96,0,0.0,0.0,0.0
5,805,7.1,3446.720642,25643.689013,750.750285,27845.414239,15936.14387,-3183.490652,-591.269789,1372.866541,-2.57102,-16.380917,-126.48143,1.0,-1.0,1.0,0.0,0.0,0.0,0,0,0,0,0,0,0,0,0,0,0,0,0,0,0,9325.602539,9088.665039,35403.808594,40000.0,40000.0,40000.0,40000.0,40000.0,40000.0,40000.0,40000.0,40000.0,40000.0,40000.0,40000.0,40000.0,40000.0,40000.0,40000.0,40000.0,40000.0,40000.0,18860.125,12219.147461,5000.0,98600.246499,-12155.788647,28177.724601,0,true,true,1.0,-271.95,0,0.0,0.0,0.0
5,806,7.15,3581.026481,8575.284506,776.003609,9178.582153,15878.39246,-3221.544546,-609.295414,1383.718731,-2.566093,-16.240494,-126.498955,1.0,-1.0,1.0,0.0,0.0,0.0,0,0,0,0,0,0,0,0,0,0,0,0,0,0,0,9200.963867,8953.640625,35376.660156,40000.0,40000.0,40000.0,40000.0,40000.0,40000.0,40000.0,40000.0,40000.0,40000.0,40000.0,40000.0,40000.0,40000.0,40000.0,40000.0,40000.0,40000.0,40000.0,18671.460938,12153.382812,5000.0,98591.499319,-12048.579661,27847.384838,0,true,true,1.0,-271.94,0,0.0,0.0,0.0
5,807,7.2,3769.881344,25454.83415,812.225922,27809.191926,15797.658761,-3260.459282,-630.314221,1391.111699,-2.561333,-16.103485,-126.516037,1.0,-1.0,1.0,0.0,0.0,0.0,0,0,0,0,0,0,0,0,0,0,0,0,0,0,0,9028.518555,8890.804688,21545.521484,40000.0,40000.0,40000.0,40000.0,40000.0,40000.0,40000.0,40000.0,40000.0,40000.0,40000.0,40000.0,40000.0,40000.0,40000.0,40000.0,40000.0,40000.0,40000.0,18415.40625,12062.253906,5000.0,98546.705767,-11906.048662,27488.005287,0,true,true,1.0,-271.93,0,0.0,0.0,0.0
5,808,7.25,3920.755197,8424.410654,841.693805,9149.114269,15733.515691,-3293.033254,-646.293071,1399.934689,-2.558813,-16.03038,-126.525139,1.0,-1.0,1.0,0.0,0.0,0.0,0,0,0,0,0,0,0,0,0,0,0,0,0,0,0,8892.328125,8836.530273,21455.576172,40000.0,40000.0,40000.0,40000.0,40000.0,40000.0,40000.0,40000.0,40000.0,40000.0,40000.0,40000.0,40000.0,40000.0,40000.0,40000.0,40000.0,40000.0,40000.0,18216.197266,40000.0,5000.0,98491.635821,-11797.185792,27264.173648,0,true,true,1.0,-271.92,0,0.0,0.0,0.0
5,809,7.3,4063.648038,25311.941309,869.978849,27780.906882,15672.928994,-3319.802599,-659.836024,1406.671283,-2.556901,-15.974667,-126.532066,1.0,-1.0,1.0,0.0,0.0,0.0,0,0,0,0,0,0,0,0,0,0,0,0,0,0,0,8763.768555,8785.332031,21371.689453,40000.0,40000.0,40000.0,40000.0,40000.0,40000.0,40000.0,40000.0,40000.0,40000.0,40000.0,40000.0,40000.0,40000.0,40000.0,40000.0,40000.0,40000.0,40000.0,18029.712891,40000.0,5000.0,98432.122354,-11696.054238,27075.777711,0,true,true,1.0,-271.91,0,0.0,0.0,0.0
5,810,7.35,4257.759436,8230.299256,908.932822,9110.160296,15590.919622,-3354.816668,-676.929141,1416.53254,-2.55505,-15.920507,-126.538803,1.0,-1.0,1.0,0.0,0.0,0.0,0,0,0,0,0,0,0,0,0,0,0,0,0,0,0,8589.793945,8716.087891,9661.741211,40000.0,40000.0,40000.0,40000.0,40000.0,40000.0,40000.0,40000.0,40000.0,40000.0,40000.0,40000.0,40000.0,40000.0,40000.0,40000.0,40000.0,40000.0,40000.0,17779.617188,40000.0,5000.0,98339.87366,-11561.763862,26857.367546,0,true,true,1.0,-271.9,0,0.0,0.0,0.0
5,811,7.4,4413.49146,25156.209285,940.583444,27749.25626,15525.37967,-3364.59825,-686.159961,1412.76475,-2.543836,-15.829603,-126.579765,1.0,-1.0,1.0,0.0,0.822591,-0.479845,0,0,0,0,0,0,0,0,0,0,0,0,0,0,0,8447.363281,8659.499023,9493.860352,40000.0,40000.0,40000.0,40000.0,40000.0,40000.0,40000.0,40000.0,40000.0,40000.0,40000.0,40000.0,40000.0,40000.0,40000.0,40000.0,40000.0,40000.0,40000.0,17564.582031,40000.0,5000.0,98294.380517,-11399.281256,26598.526403,0,true,true,1.0,-271.89,0,0.0,0.0,0.0
5,812,7.45,4603.656009,8040.134707,979.632058,9071.111682,15445.446392,-3406.238156,-702.086923,1431.111029,-2.517086,-15.47401,-126.678474,1.0,-1.0,1.0,0.0,0.559944,0.069993,0,0,0,0,0,0,0,0,0,0,0,0,0,0,0,8262.544922,8581.773438,9254.384766,40000.0,40000.0,40000.0,40000.0,40000.0,40000.0,40000.0,40000.0,40000.0,40000.0,40000.0,40000.0,40000.0,40000.0,40000.0,40000.0,40000.0,40000.0,40000.0,17266.875,40000.0,5000.0,98356.657456,-11139.249304,25860.029462,0,true,true,1.0,-271.88,0,0.0,0.0,0.0
5,813,7.5,4753.798718,25006.066575,1010.71832,27718.169998,15382.440366,-3418.751869,-709.289181,1433.564034,-2.500193,-14.969164,-126.742569,1.0,-1.0,1.0,0.0,1.476214,-0.139986,0,0,0,0,0,0,0,0,0,0,0,0,0,0,0,8108.922363,8510.97168,9058.555664,40000.0,40000.0,40000.0,40000.0,40000.0,40000.0,40000.0,40000.0,40000.0,40000.0,40000.0,40000.0,40000.0,40000.0,40000.0,40000.0,40000.0,40000.0,40000.0,17114.998047,40000.0,5000.0,98494.794991,-10973.402156,24893.668464,0,true,true,1.0,-271.87,0,0.0,0.0,0.0
5,814,7.55,4916.100973,7877.832451,1044.505281,9037.324721,15314.342654,-3437.204959,-716.495636,1443.007278,-2.447598,-13.931992,-126.95195,1.0,-1.0,1.0,0.0,2.31618,-0.85333,0,0,0,0,0,0,0,0,0,0,0,0,0,0,0,7924.545898,8422.547852,8813.172852,40000.0,40000.0,40000.0,40000.0,40000.0,40000.0,40000.0,40000.0,40000.0,40000.0,40000.0,40000.0,40000.0,40000.0,40000.0,40000.0,40000.0,40000.0,40000.0,16967.863281,40000.0,5000.0,98857.737528,-10596.434562,22992.278454,0,true,true,1.0,-271.86,0,0.0,0.0,0.0
5,815,7.6,5111.479304,24810.688245,1085.248378,27677.426901,15231.965327,-3471.003967,-723.034021,1470.461233,-2.272315,-11.60558,-127.732353,1.0,-1.0,1.0,0.0,1.663405,-0.831702,0,0,0,0,0,0,0,0,0,0,0,0,0,0,0,7668.894531,8190.345215,8433.28418,40000.0,40000.0,40000.0,40000.0,40000.0,40000.0,40000.0,40000.0,40000.0,40000.0,40000.0,40000.0,40000.0,40000.0,40000.0,40000.0,40000.0,40000.0,40000.0,16896.636719,40000.0,5000.0,99703.37008,-9319.625564,18790.209833,0,true,true,1.0,-271.85,0,0.0,0.0,0.0
5,816,7.65,5275.124143,7714.187613,1119.144889,9003.428209,15162.347386,-3472.790738,-716.597559,1484.583138,-2.113524,-9.389576,-128.577362,1.0,-1.0,1.0,0.0,1.000378,-0.375142,0,0,0,0,0,0,0,0,0,0,0,0,0,0,0,7461.103027,7935.656738,8110.687012,40000.0,40000.0,40000.0,40000.0,40000.0,40000.0,40000.0,40000.0,40000.0,40000.0,40000.0,40000.0,40000.0,40000.0,40000.0,40000.0,40000.0,40000.0,40000.0,18718.673828,21253.921875,5000.0,100360.503105,-7915.093145,14771.630743,0,true,true,1.0,-271.84,0,0.0,0.0,0.0
5,817,7.7,5480.950003,24604.862384,1160.983432,27635.588359,15073.253437,-3468.185287,-697.35346,1511.198161,-1.944073,-6.246844,-129.768631,1.0,-1.0,1.0,0.0,0.419958,-0.209979,0,0,0,0,0,0,0,0,0,0,0,0,0,0,0,7215.166016,7631.220703,7769.806641,40000.0,40000.0,40000.0,40000.0,40000.0,40000.0,40000.0,40000.0,40000.0,40000.0,40000.0,40000.0,40000.0,40000.0,40000.0,40000.0,40000.0,40000.0,40000.0,18848.541016,20273.722656,5000.0,101002.633715,-5909.583046,9061.841148,0,true,true,1.0,-271.83,0,0.0,0.0,0.0
5,818,7.75,5629.849708,7565.287908,1190.379168,8974.032473,15007.327374,-3483.469749,-680.751004,1552.326963,-1.860767,-3.912323,-130.647263,1.0,-1.0,1.0,0.0,0.139986,-0.069993,0,0,0,0,0,0,0,0,0,0,0,0,0,0,0,9226.360352,7431.295898,7700.603027,40000.0,40000.0,40000.0,40000.0,40000.0,40000.0,40000.0,40000.0,40000.0,40000.0,40000.0,40000.0,40000.0,40000.0,40000.0,40000.0,40000.0,40000.0,40000.0,18996.552734,19992.996094,5000.0,101248.197743,-4410.717224,4812.10915,0,true,true,1.0,-271.82,0,0.0,0.0,0.0
5,819,7.8,5776.614454,24458.097639,1218.383689,27607.583837,14940.863903,-3487.421253,-656.826486,1591.967415,-1.814367,-1.632624,-131.498276,1.0,-1.0,1.0,0.0,0.139986,-0.069993,0,0,0,0,0,0,0,0,0,0,0,0,0,0,0,9245.80957,7252.256836,7647.809082,40000.0,40000.0,40000.0,40000.0,40000.0,40000.0,40000.0,40000.0,40000.0,40000.0,40000.0,40000.0,40000.0,40000.0,40000.0,40000.0,40000.0,40000.0,40000.0,19075.181641,19757.337891,5000.0,101293.999194,-2948.318095,660.72094,0,true,true,1.0,-271.81,0,0.0,0.0,0.0
5,820,7.85,5987.792057,7354.110304,1256.534835,8935.881327,14842.236834,-3471.425938,-610.060211,1643.627983,-1.804702,1.270824,-132.587875,1.0,-1.0,1.0,0.0,0.069993,-0.069993,0,0,0,0,0,0,0,0,0,0,0,0,0,0,0,9289.791016,7026.097656,7595.225098,8606.128906,40000.0,40000.0,40000.0,40000.0,40000.0,40000.0,40000.0,40000.0,40000.0,40000.0,40000.0,40000.0,40000.0,40000.0,40000.0,40000.0,40000.0,40000.0,18903.111328,19487.132812,5000.0,101057.663727,-1058.144363,-4629.162495,0,true,true,1.0,-271.8,0,0.0,0.0,0.0
5,821,7.9,6139.258357,24306.631339,1282.104091,27582.014582,14769.006044,-3470.124215,-573.343707,1694.167343,-1.830224,3.191649,-133.341324,1.0,-1.0,1.0,0.0,0.139986,-0.069993,0,0,0,0,0,0,0,0,0,0,0,0,0,0,0,9336.306641,6879.168457,7571.157227,8321.107422,40000.0,40000.0,40000.0,40000.0,40000.0,40000.0,40000.0,40000.0,40000.0,40000.0,40000.0,40000.0,40000.0,40000.0,40000.0,40000.0,40000.0,40000.0,18809.654297,19328.017578,5000.0,100721.477068,251.444563,-8123.516981,0,true,true,1.0,-271.79,0,0.0,0.0,0.0
5,822,7.95,6341.266577,7152.102084,1313.516691,8904.468727,14667.802817,-3457.864899,-516.786723,1760.028603,-1.898914,5.549146,-134.299698,1.0,-1.0,1.0,0.0,0.0,-0.069993,0,0,0,0,0,0,0,0,0,0,0,0,0,0,0,9410.152344,6699.020996,7469.947266,7974.65918,40000.0,40000.0,40000.0,40000.0,40000.0,40000.0,40000.0,40000.0,40000.0,40000.0,40000.0,40000.0,40000.0,40000.0,40000.0,40000.0,40000.0,40000.0,18714.085938,18761.880859,5000.0,100107.417759,1913.09378,-12400.524547,0,true,true,1.0,-271.78,0,0.0,0.0,0.0
5,823,8.0,6492.391046,24155.50687,1334.808787,27560.722485,14589.278062,-3437.651027,-469.33165,1804.147637,-1.963077,6.993543,-134.908569,1.0,-1.0,1.0,0.0,0.0,-0.069993,0,0,0,0,0,0,0,0,0,0,0,0,0,0,0,40000.0,6573.476562,7306.001953,7743.219727,40000.0,40000.0,40000.0,40000.0,40000.0,40000.0,40000.0,40000.0,40000.0,40000.0,40000.0,40000.0,40000.0,40000.0,40000.0,40000.0,40000.0,40000.0,18647.916016,18355.378906,5000.0,99604.223756,2973.536979,-15019.882972,0,true,true,1.0,-271.77,0,0.0,0.0,0.0
5,824,8.05,6683.430335,6961.062796,1358.83716,8880.440355,14486.401967,-3422.964136,-408.053373,1870.985913,-2.053313,8.573748,-135.590714,1.0,-1.0,1.0,0.0,0.0,0.0,0,0,0,0,0,0,0,0,0,0,0,0,0,0,0,40000.0,6422.043457,7111.875977,7501.98877,40000.0,40000.0,40000.0,40000.0,40000.0,40000.0,40000.0,40000.0,40000.0,40000.0,40000.0,40000.0,40000.0,40000.0,40000.0,40000.0,40000.0,40000.0,18567.234375,17892.822266,5000.0,98940.197571,4163.140353,-17882.519812,0,true,true,1.0,-271.76,0,0.0,0.0,0.0
5,825,8.1,6835.962094,24002.97511,1375.557205,27544.00244,14401.327916,-3393.29008,-355.650289,1910.389933,-2.118514,9.525846,-136.01207,1.0,-1.0,1.0,0.0,0.0,0.0,0,0,0,0,0,0,0,0,0,0,0,0,0,0,0,40000.0,6304.405762,6966.032715,7479.765137,40000.0,40000.0,40000.0,40000.0,40000.0,40000.0,40000.0,40000.0,40000.0,40000.0,40000.0,40000.0,40000.0,40000.0,40000.0,40000.0,40000.0,40000.0,18536.232422,17570.234375,5000.0,98460.799489,4912.085133,-19615.981398,0,true,true,1.0,-271.75,0,0.0,0.0,0.0
5,826,8.15,7029.001514,6768.023376,1393.562181,8862.435379,14289.867859,-3377.394954,-291.617994,1977.596732,-2.188833,10.446497,-136.421936,1.0,-1.0,1.0,0.0,0.0,0.0,0,0,0,0,0,0,0,0,0,0,0,0,0,0,0,40000.0,6897.553223,6789.506836,7453.017578,40000.0,40000.0,40000.0,40000.0,40000.0,40000.0,40000.0,40000.0,40000.0,40000.0,40000.0,40000.0,40000.0,40000.0,40000.0,40000.0,40000.0,40000.0,18630.199219,15343.000977,5000.0,97923.937326,5661.745007,-21306.539789,0,true,true,1.0,-271.74,0,0.0,0.0,0.0
5,827,8.2,7171.366304,23860.610319,1404.561462,27533.00316,14204.986513,-3357.021687,-244.156276,2018.51123,-2.230581,10.952762,-136.648453,1.0,-1.0,1.0,0.0,0.0,0.0,0,0,0,0,0,0,0,0,0,0,0,0,0,0,0,40000.0,7471.130859,6663.476074,7433.54834,40000.0,40000.0,40000.0,40000.0,40000.0,40000.0,40000.0,40000.0,40000.0,40000.0,40000.0,40000.0,40000.0,40000.0,40000.0,40000.0,40000.0,40000.0,18660.359375,15097.819336,5000.0,97582.839194,6095.469582,-22250.500892,0,true,true,1.0,-271.73,0,0.0,0.0,0.0
5,828,8.25,7359.18253,6580.207151,1416.133142,8850.863699,14089.59623,-3336.865401,-183.548479,2076.017275,-2.274148,11.453739,-136.873871,1.0,-1.0,1.0,0.0,-0.524716,0.262358,0,0,0,0,0,0,0,0,0,0,0,0,0,0,0,40000.0,8128.905762,6501.253906,7408.32666,9136.820312,40000.0,40000.0,40000.0,40000.0,40000.0,40000.0,40000.0,40000.0,40000.0,40000.0,40000.0,40000.0,40000.0,40000.0,40000.0,40000.0,40000.0,18661.023438,14790.161133,5000.0,97194.181658,6554.482407,-23205.858291,0,true,true,1.0,-271.72,0,0.0,0.0,0.0
5,829,8.3,7506.842218,23712.950631,1422.910381,27526.22592,13996.237661,-3313.593502,-137.289732,2111.98993,-2.286188,11.65326,-136.934235,1.0,-1.0,1.0,0.0,-0.682069,0.419734,0,0,0,0,0,0,0,0,0,0,0,0,0,0,0,40000.0,8110.675781,6378.32959,7387.403809,8935.473633,40000.0,40000.0,40000.0,40000.0,40000.0,40000.0,40000.0,40000.0,40000.0,40000.0,40000.0,40000.0,40000.0,40000.0,40000.0,40000.0,40000.0,18594.634766,14572.839844,5000.0,96976.948819,6734.286925,-23620.360616,0,true,true,1.0,-271.71,0,0.0,0.0,0.0
5,830,8.35,7684.826107,6402.223262,1428.540668,8845.233412,13880.705004,-3298.385285,-85.383462,2163.235354,-2.2664,11.650486,-136.836502,1.0,-1.0,1.0,0.0,-0.709699,0.354849,0,0,0,0,0,0,0,0,0,0,0,0,0,0,0,40000.0,8073.356445,6236.417969,7360.318359,8716.066406,40000.0,40000.0,40000.0,40000.0,40000.0,40000.0,40000.0,40000.0,40000.0,40000.0,40000.0,40000.0,40000.0,40000.0,40000.0,40000.0,40000.0,18422.240234,14345.880859,5000.0,96836.500613,6686.760703,-23699.970593,0,true,true,1.0,-271.7,0,0.0,0.0,0.0
5,831,8.4,7827.275022,23570.501716,1431.118252,27523.648336,13786.043153,-3275.015656,-46.871421,2189.995352,-2.227392,11.452036,-136.642334,1.0,-1.0,1.0,0.0,-0.640528,0.366016,0,0,0,0,0,0,0,0,0,0,0,0,0,0,0,40000.0,8032.557617,6126.428223,7336.879883,8563.545898,40000.0,40000.0,40000.0,40000.0,40000.0,40000.0,40000.0,40000.0,40000.0,40000.0,40000.0,40000.0,40000.0,40000.0,40000.0,40000.0,40000.0,18222.273438,14185.616211,5000.0,96819.732938,6471.566463,-23427.551759,0,true,true,1.0,-271.69,0,0.0,0.0,0.0
5,832,8.45,8010.08356,6219.414724,1432.182002,8844.169662,13661.878471,-3264.986203,-3.14601,2237.705249,-2.153206,10.992867,-136.263229,1.0,-1.0,1.0,0.0,-0.411049,0.137016,0,0,0,0,0,0,0,0,0,0,0,0,0,0,0,40000.0,7969.511719,5990.015625,7231.118652,8393.577148,40000.0,40000.0,40000.0,40000.0,40000.0,40000.0,40000.0,40000.0,40000.0,40000.0,40000.0,40000.0,40000.0,40000.0,40000.0,40000.0,40000.0,17898.964844,14004.94043,5000.0,96893.932636,5994.658931,-22728.410806,0,true,true,1.0,-271.68,0,0.0,0.0,0.0
5,833,8.5,8145.718222,23434.867053,1431.516605,27524.313733,13567.9755,-3251.937664,25.050883,2263.154495,-2.09119,10.527897,-135.933487,1.0,-1.0,1.0,0.0,-0.520487,0.115664,0,0,0,0,0,0,0,0,0,0,0,0,0,0,0,40000.0,7919.046387,5890.430176,7127.423828,8276.256836,40000.0,40000.0,40000.0,40000.0,40000.0,40000.0,40000.0,40000.0,40000.0,40000.0,40000.0,40000.0,40000.0,40000.0,40000.0,40000.0,40000.0,17638.341797,13878.056641,5000.0,96997.816627,5567.958181,-21999.403407,0,true,true,1.0,-271.67,0,0.0,0.0,0.0
5,834,8.55,8329.258479,6035.874468,1428.931428,8846.754839,13438.780009,-3241.541272,57.151957,2298.195313,-2.004215,9.738088,-135.443924,1.0,-1.0,1.0,0.0,-0.421802,0.210901,0,0,0,0,0,0,0,0,0,0,0,0,0,0,0,40000.0,7847.972168,5757.165039,6990.418457,8124.844238,40000.0,40000.0,40000.0,40000.0,40000.0,40000.0,40000.0,40000.0,40000.0,40000.0,40000.0,40000.0,40000.0,40000.0,40000.0,40000.0,40000.0,17271.556641,13711.671875,5000.0,97189.925646,4926.156226,-20741.536294,0,true,true,1.0,-271.66,0,0.0,0.0,0.0
5,835,8.6,8463.619933,23300.505599,1426.023723,27527.221438,13342.833657,-3231.631313,75.905491,2316.397591,-1.935759,9.049946,-135.029297,1.0,-1.0,1.0,0.0,-0.327378,0.261903,0,0,0,0,0,0,0,0,0,0,0,0,0,0,0,40000.0,7793.204102,5662.445312,6895.957031,8025.602539,40000.0,40000.0,40000.0,40000.0,40000.0,40000.0,40000.0,40000.0,40000.0,40000.0,40000.0,40000.0,40000.0,40000.0,40000.0,40000.0,40000.0,16985.101562,13602.463867,5000.0,97360.665412,4366.394579,-19632.665382,0,true,true,1.0,-271.65,0,0.0,0.0,0.0
5,836,8.65,8650.230991,5849.26341,1420.890734,8851.887828,13208.013004,-3225.80994,95.375466,2342.48915,-1.828134,8.000443,-134.3125,1.0,-1.0,1.0,0.0,-0.218307,0.363845,0,0,0,0,0,0,0,0,0,0,0,0,0,0,0,40000.0,7711.969727,5539.696289,6781.830566,7920.854004,40000.0,40000.0,40000.0,40000.0,40000.0,40000.0,40000.0,40000.0,40000.0,40000.0,40000.0,40000.0,40000.0,40000.0,40000.0,40000.0,40000.0,16616.085938,13491.035156,5000.0,97611.393147,3352.421964,-17927.039273,0,true,true,1.0,-271.64,0,0.0,0.0,0.0
5,837,8.7,8832.253037,23118.483553,1415.09342,27533.018752,13075.080777,-3217.354418,105.816148,2356.78045,-1.711671,6.90683,-133.42868,1.0,-1.0,1.0,0.0,-0.14227,0.569079,0,0,0,0,0,0,0,0,0,0,0,0,0,0,0,40000.0,7627.446289,5449.495605,6693.909668,7864.511719,40000.0,40000.0,40000.0,40000.0,40000.0,40000.0,40000.0,40000.0,40000.0,40000.0,40000.0,40000.0,40000.0,40000.0,40000.0,40000.0,40000.0,16371.586914,13440.206055,5000.0,97845.880695,2048.02353,-16136.372724,0,true,true,1.0,-271.63,0,0.0,0.0,0.0
5,838,8.75,8969.544975,5711.971472,1410.493367,8856.487881,12974.135967,-3218.636339,108.311516,2370.409504,-1.621135,6.087095,-132.643845,1.0,-1.0,1.0,0.0,-0.164196,0.492587,0,0,0,0,0,0,0,0,0,0,0,0,0,0,0,40000.0,7561.916992,5534.705566,6643.766602,7854.334473,40000.0,40000.0,40000.0,40000.0,40000.0,40000.0,40000.0,40000.0,40000.0,40000.0,40000.0,40000.0,40000.0,40000.0,40000.0,40000.0,40000.0,16191.149414,13443.583984,5000.0,97991.12822,857.899465,-14790.263651,0,true,true,1.0,-271.62,0,0.0,0.0,0.0
5,839,8.8,9107.723486,22980.305042,1405.898461,27537.613657,12872.120886,-3220.016312,105.902343,2380.281195,-1.531247,5.263845,-131.755386,1.0,-1.0,1.0,0.0,-0.20327,0.474296,0,0,0,0,0,0,0,0,0,0,0,0,0,0,0,40000.0,7495.054688,5582.616211,6607.292969,7873.236816,40000.0,40000.0,40000.0,40000.0,40000.0,40000.0,40000.0,40000.0,40000.0,40000.0,40000.0,40000.0,40000.0,40000.0,40000.0,40000.0,40000.0,16014.057617,15519.774414,5000.0,98103.356316,-512.403206,-13435.905874,0,true,true,1.0,-271.61,0,0.0,0.0,0.0
5,840,8.85,9286.905338,5532.789621,1400.339718,8862.046624,12739.41684,-3224.787014,95.351652,2390.661932,-1.422089,4.123971,-130.460739,1.0,-1.0,1.0,0.0,-0.209979,0.209979,0,0,0,0,0,0,0,0,0,0,0,0,0,0,0,40000.0,7407.229004,5622.225098,6580.825195,7944.369629,40000.0,40000.0,40000.0,40000.0,40000.0,40000.0,40000.0,40000.0,40000.0,40000.0,40000.0,40000.0,40000.0,40000.0,40000.0,40000.0,40000.0,15791.492188,15696.049805,5000.0,98201.464275,-2535.775056,-11553.41014,0,true,true,1.0,-271.6,0,0.0,0.0,0.0
5,841,8.9,9473.026418,22794.183961,1395.515587,27542.437789,12601.428502,-3226.883149,75.549964,2392.300061,-1.340961,3.010438,-129.206085,1.0,-1.0,1.0,0.0,-0.069993,0.069993,0,0,0,0,0,0,0,0,0,0,0,0,0,0,0,40000.0,7327.552246,5677.129883,6545.912598,8006.146973,40000.0,40000.0,40000.0,40000.0,40000.0,40000.0,40000.0,40000.0,40000.0,40000.0,40000.0,40000.0,40000.0,40000.0,40000.0,40000.0,40000.0,15579.046875,15872.230469,5000.0,98214.786009,-4492.275044,-9727.705104,0,true,true,1.0,-271.59,0,0.0,0.0,0.0
5,842,8.95,9614.234779,5391.58126,1394.683328,8862.878884,12495.025651,-3157.937561,-28.652726,2415.413065,-1.305459,2.361991,-128.478165,1.0,0.0,1.0,0.0,0.0,0.0,0,0,0,0,0,0,0,0,0,0,0,0,0,0,0,40000.0,7278.402832,5747.827148,6488.728027,7988.240723,40000.0,40000.0,40000.0,40000.0,40000.0,40000.0,40000.0,40000.0,40000.0,40000.0,40000.0,40000.0,40000.0,40000.0,40000.0,40000.0,40000.0,15431.188477,15930.467773,5000.0,98166.158413,-5604.06082,-8692.754319,0,true,true,1.0,-271.58,0,0.0,0.0,0.0
5,843,9.0,9787.447691,22620.971049,1402.402611,27534.718506,12357.716822,-3051.335735,-202.010865,2468.374181,-1.277109,1.681138,-127.70739,1.0,0.0,1.0,0.0,0.0,0.0,0,0,0,0,0,0,0,0,0,0,0,0,0,0,0,40000.0,7217.191406,5839.999512,6391.940918,7972.696289,40000.0,40000.0,40000.0,40000.0,40000.0,40000.0,40000.0,40000.0,40000.0,40000.0,40000.0,40000.0,40000.0,40000.0,40000.0,40000.0,40000.0,15254.685547,15963.944336,5000.0,98066.407168,-6767.899108,-7633.679137,0,true,true,1.0,-271.57,0,0.0,0.0,0.0
5,844,9.05,9916.190243,5262.838709,1414.710848,8850.570647,12250.779233,-2972.695218,-328.272892,2502.092495,-1.264522,1.263479,-127.239586,1.0,0.0,1.0,0.0,0.0,0.069993,0,0,0,0,0,0,0,0,0,0,0,0,0,0,0,40000.0,7170.57666,5914.418945,6296.963867,7975.902832,40000.0,40000.0,40000.0,40000.0,40000.0,40000.0,40000.0,40000.0,40000.0,40000.0,40000.0,40000.0,40000.0,40000.0,40000.0,40000.0,40000.0,15125.413086,15950.637695,5000.0,97973.373407,-7459.48906,-7008.374334,0,true,true,1.0,-271.56,0,0.0,0.0,0.0
5,845,9.1,10081.324264,22455.837027,1438.974664,27510.45469,12107.497722,-2871.439003,-485.557342,2536.428615,-1.253123,0.719566,-126.624283,1.0,0.0,1.0,0.0,-0.139986,0.139986,0,0,0,0,0,0,0,0,0,0,0,0,0,0,0,40000.0,7103.115234,5996.722656,6165.621582,7972.994629,40000.0,40000.0,40000.0,40000.0,40000.0,40000.0,40000.0,40000.0,40000.0,40000.0,40000.0,40000.0,40000.0,40000.0,40000.0,40000.0,40000.0,14937.564453,15948.792969,5000.0,97833.181507,-8375.698412,-6199.951615,0,true,true,1.0,-271.55,0,0.0,0.0,0.0
5,846,9.15,10204.992007,5139.170966,1463.628543,8825.916767,11995.684901,-2803.532331,-601.419323,2565.462729,-1.247814,0.193452,-126.065399,1.0,0.0,1.0,0.0,-0.139986,0.209979,0,0,0,0,0,0,0,0,0,0,0,0,0,0,0,40000.0,7044.118652,6037.047363,6071.682617,7972.463379,40000.0,40000.0,40000.0,40000.0,40000.0,40000.0,40000.0,40000.0,40000.0,40000.0,40000.0,40000.0,40000.0,40000.0,40000.0,40000.0,40000.0,14692.960938,15873.928711,5000.0,97709.53238,-9226.910824,-5394.596926,0,true,true,1.0,-271.54,0,0.0,0.0,0.0
5,847,9.2,10323.040484,22337.78855,1492.45737,27481.625862,11885.378378,-2735.102419,-708.900277,2582.950775,-1.247962,-0.42235,-125.404404,1.0,0.0,1.0,0.0,-0.069993,0.139986,0,0,0,0,0,0,0,0,0,0,0,0,0,0,0,40000.0,6980.202637,6053.050781,5992.649414,7978.145996,40000.0,40000.0,40000.0,40000.0,40000.0,40000.0,40000.0,40000.0,40000.0,40000.0,40000.0,40000.0,40000.0,40000.0,40000.0,40000.0,40000.0,14427.654297,15799.338867,5000.0,97561.37671,-10253.524122,-4433.327345,0,true,true,1.0,-271.53,0,0.0,0.0,0.0
5,848,9.25,10478.955633,4983.255817,1538.80249,8779.571647,11734.409471,-2652.130567,-849.551302,2607.030267,-1.259022,-1.209597,-124.525116,1.0,0.0,1.0,0.0,0.0,0.069993,0,0,0,0,0,0,0,0,0,0,0,0,0,0,0,40000.0,6890.342285,6065.890625,5877.254883,7979.609375,40000.0,40000.0,40000.0,40000.0,40000.0,40000.0,40000.0,40000.0,40000.0,40000.0,40000.0,40000.0,40000.0,40000.0,40000.0,40000.0,40000.0,14079.397461,15702.907227,5000.0,97325.521654,-11621.245359,-3217.265279,0,true,true,1.0,-271.52,0,0.0,0.0,0.0
5,849,9.3,10595.404238,22221.339945,1579.761506,27440.666847,11617.797962,-2585.019055,-950.145308,2611.737109,-1.27526,-1.760797,-123.858299,1.0,0.0,1.0,0.0,0.069993,0.139986,0,0,0,0,0,0,0,0,0,0,0,0,0,0,0,40000.0,6818.660645,6068.668457,5782.59668,7976.162109,40000.0,40000.0,40000.0,40000.0,40000.0,40000.0,40000.0,40000.0,40000.0,40000.0,40000.0,40000.0,40000.0,40000.0,40000.0,40000.0,40000.0,13819.047852,15632.412109,5000.0,97118.245954,-12660.70958,-2378.134214,0,true,true,1.0,-271.51,0,0.0,0.0,0.0
5,850,9.35,10740.514583,4838.145472,1638.564263,8720.768891,11467.934541,-2519.518451,-1078.417179,2635.404651,-1.303321,-2.404659,-123.054901,1.0,0.0,1.0,0.0,-0.069993,0.139986,0,0,0,0,0,0,0,0,0,0,0,0,0,0,0,40000.0,6724.500488,6068.854492,5647.583496,7962.115234,40000.0,40000.0,40000.0,40000.0,40000.0,40000.0,40000.0,40000.0,40000.0,40000.0,40000.0,40000.0,40000.0,40000.0,40000.0,40000.0,40000.0,13502.347656,15542.546875,5000.0,96833.857635,-13909.582304,-1414.730285,0,true,true,1.0,-271.5,0,0.0,0.0,0.0
5,851,9.4,10850.266226,22111.588302,1688.973427,27390.257682,11351.299163,-2463.207346,-1170.015542,2638.744052,-1.331482,-2.929094,-122.428505,1.0,0.0,1.0,0.0,-0.209979,0.139986,0,0,0,0,0,0,0,0,0,0,0,0,0,0,0,40000.0,6648.847656,6062.143555,5537.925293,7947.876465,40000.0,40000.0,40000.0,40000.0,40000.0,40000.0,40000.0,40000.0,40000.0,40000.0,40000.0,40000.0,40000.0,40000.0,40000.0,40000.0,40000.0,13260.068359,15476.897461,5000.0,96593.084677,-14882.908411,-628.401094,0,true,true,1.0,-271.49,0,0.0,0.0,0.0
5,852,9.45,10990.404821,4698.006876,1760.91456,8648.827759,11198.336265,-2399.757857,-1287.479077,2648.497322,-1.378272,-3.692396,-121.593071,1.0,0.0,1.0,0.0,-0.139986,0.069993,0,0,0,0,0,0,0,0,0,0,0,0,0,0,0,40000.0,6546.918457,6044.341309,5389.506836,7926.771973,40000.0,40000.0,40000.0,40000.0,40000.0,40000.0,40000.0,40000.0,40000.0,40000.0,40000.0,40000.0,40000.0,40000.0,40000.0,40000.0,40000.0,12946.1875,15398.413086,5000.0,96246.417026,-16178.867639,526.180697,0,true,true,1.0,-271.48,0,0.0,0.0,0.0
5,853,9.5,11097.971334,22004.02179,1822.103898,27329.068344,11077.953794,-2350.071781,-1374.741196,2649.298888,-1.421201,-4.306402,-120.961136,1.0,0.0,1.0,0.0,-0.209979,0.139986,0,0,0,0,0,0,0,0,0,0,0,0,0,0,0,40000.0,6465.044434,6027.894531,5262.65918,7904.241211,40000.0,40000.0,40000.0,40000.0,40000.0,40000.0,40000.0,40000.0,40000.0,40000.0,40000.0,40000.0,40000.0,40000.0,40000.0,40000.0,40000.0,12695.427734,15338.592773,5000.0,95957.110898,-17153.759535,1452.180397,0,true,true,1.0,-271.47,0,0.0,0.0,0.0
5,854,9.55,11198.48042,4597.49779,1883.99104,8586.940617,10963.198217,-2307.665458,-1456.622859,2651.740902,-1.478981,-5.022467,-120.232063,1.0,0.0,1.0,0.0,-0.209979,0.209979,0,0,0,0,0,0,0,0,0,0,0,0,0,0,0,40000.0,6384.472168,5995.745605,5156.027832,7894.535645,40000.0,40000.0,40000.0,40000.0,40000.0,40000.0,40000.0,40000.0,40000.0,40000.0,40000.0,40000.0,40000.0,40000.0,40000.0,40000.0,14509.045898,10908.511719,15300.265625,5000.0,95617.614609,-18286.106857,2554.98689,0,true,true,1.0,-271.46,0,0.0,0.0,0.0
5,855,9.6,11330.088934,21872.413276,1972.187116,27240.872267,10809.783508,-2249.389302,-1560.696361,2644.103645,-1.59321,-6.174292,-119.0308,1.0,0.0,1.0,0.0,-0.209979,0.279972,0,0,0,0,0,0,0,0,0,0,0,0,0,0,0,40000.0,6274.177734,5927.680664,5040.416992,7905.646973,40000.0,40000.0,40000.0,40000.0,40000.0,40000.0,40000.0,40000.0,40000.0,40000.0,40000.0,40000.0,40000.0,40000.0,40000.0,40000.0,13906.942383,10582.448242,15289.355469,5000.0,95029.540651,-20157.068858,4354.634999,0,true,true,1.0,-271.45,0,0.0,0.0,0.0
5,856,9.65,11431.319678,4496.267047,2045.800436,8513.327297,10689.48799,-2203.978938,-1639.902729,2632.350926,-1.705995,-7.098933,-118.032227,1.0,0.0,1.0,0.0,-0.305844,0.428182,0,0,0,0,0,0,0,0,0,0,0,0,0,0,0,40000.0,6186.958496,5868.239258,4951.077148,7920.287109,40000.0,40000.0,40000.0,40000.0,40000.0,40000.0,40000.0,40000.0,40000.0,40000.0,40000.0,40000.0,40000.0,40000.0,40000.0,40000.0,13692.905273,10326.913086,15784.542969,5000.0,94494.287593,-21703.227691,5795.522077,0,true,true,1.0,-271.44,0,0.0,0.0,0.0
5,857,9.7,11531.436535,21772.296419,2123.725786,27162.946916,10568.651242,-2163.539037,-1721.480317,2624.164978,-1.846369,-8.055731,-116.945366,1.0,0.0,1.0,0.0,-0.221975,0.443951,0,0,0,0,0,0,0,0,0,0,0,0,0,0,0,40000.0,6098.6875,5801.132324,4867.35791,7944.952148,40000.0,40000.0,40000.0,40000.0,40000.0,40000.0,40000.0,40000.0,40000.0,40000.0,40000.0,40000.0,40000.0,40000.0,40000.0,40000.0,13566.866211,10067.138672,40000.0,5000.0,93870.919166,-23376.398919,7284.745422,0,true,true,1.0,-271.43,0,0.0,0.0,0.0
5,858,9.75,11663.248911,4364.45467,2234.443482,8402.609601,10406.870487,-2110.04243,-1829.350733,2608.163103,-2.076714,-9.330346,-115.393929,1.0,0.0,1.0,0.0,-0.069993,0.209979,0,0,0,0,0,0,0,0,0,0,0,0,0,0,0,40000.0,5979.557129,5704.165039,4778.140137,7990.10791,40000.0,40000.0,40000.0,40000.0,40000.0,40000.0,40000.0,40000.0,40000.0,40000.0,40000.0,40000.0,40000.0,40000.0,40000.0,40000.0,13409.0,10337.832031,40000.0,5000.0,92909.811453,-25741.299995,9258.969159,0,true,true,1.0,-271.42,0,0.0,0.0,0.0
5,859,9.8,11781.97772,21653.56761,2342.76846,27054.621938,10258.779481,-2044.1758,-1911.826611,2560.17015,-2.274888,-10.235375,-114.2099,1.0,0.0,1.0,0.0,0.0,0.209979,0,0,0,0,0,0,0,0,0,0,0,0,0,0,0,40000.0,5865.772461,5631.993164,4761.723145,7994.528809,40000.0,40000.0,40000.0,40000.0,40000.0,40000.0,40000.0,40000.0,40000.0,40000.0,40000.0,40000.0,40000.0,40000.0,40000.0,40000.0,13269.835938,10552.777344,40000.0,5000.0,92098.508433,-27513.118314,10615.876818,0,true,true,1.0,-271.41,0,0.0,0.0,0.0
5,860,9.85,11849.418223,4297.014167,2407.866892,8337.51117,10173.577726,-2024.130978,-1974.02242,2561.038042,-2.416434,-10.805822,-113.424072,1.0,0.0,1.0,0.0,0.069993,0.139986,0,0,0,0,0,0,0,0,0,0,0,0,0,0,0,40000.0,5799.924316,5582.612305,4743.958008,8010.774414,40000.0,40000.0,40000.0,40000.0,40000.0,40000.0,40000.0,40000.0,40000.0,40000.0,40000.0,40000.0,40000.0,40000.0,40000.0,40000.0,13194.351562,10721.042969,40000.0,5000.0,91545.610156,-28681.965897,11478.056674,0,true,true,1.0,-271.4,0,0.0,0.0,0.0
5,861,9.9,11945.662289,21557.323544,2505.505922,26956.982909,10050.694811,-1989.485876,-2057.921632,2551.029549,-2.645719,-11.586267,-112.229942,1.0,0.0,1.0,0.0,0.209979,0.279972,0,0,0,0,0,0,0,0,0,0,0,0,0,0,0,40000.0,5702.969238,5506.436035,4714.576172,8040.568359,40000.0,40000.0,40000.0,40000.0,40000.0,40000.0,40000.0,40000.0,40000.0,40000.0,40000.0,40000.0,40000.0,40000.0,40000.0,40000.0,12957.947266,13330.87207,40000.0,5000.0,90683.405064,-30444.4426,12651.521029,0,true,true,1.0,-271.39,0,0.0,0.0,0.0
5,862,9.95,12065.792542,4176.883914,2635.583145,8207.433946,9895.179894,-1937.979224,-2155.953834,2523.855318,-2.988614,-12.463515,-110.571053,1.0,0.0,1.0,0.0,0.247952,0.495904,0,0,0,0,0,0,0,0,0,0,0,0,0,0,0,40000.0,5576.127441,5398.581055,4669.348145,8095.46875,40000.0,40000.0,40000.0,40000.0,40000.0,40000.0,40000.0,40000.0,40000.0,40000.0,40000.0,40000.0,40000.0,40000.0,40000.0,40000.0,12382.259766,13905.044922,40000.0,5000.0,89460.799387,-32869.932065,13963.39981,0,true,true,1.0,-271.38,0,0.0,0.0,0.0
5,863,10.0,12151.495313,21471.620773,2734.29095,26858.275104,9782.723657,-1897.983617,-2223.987057,2500.012421,-3.28796,-12.966323,-109.202774,1.0,0.0,1.0,0.0,0.443628,0.760505,0,0,0,0,0,0,0,0,0,0,0,0,0,0,0,40000.0,5480.773438,5308.041504,4628.525879,8157.282715,40000.0,40000.0,40000.0,40000.0,40000.0,40000.0,40000.0,40000.0,40000.0,40000.0,40000.0,40000.0,40000.0,40000.0,40000.0,40000.0,11948.043945,13978.96875,40000.0,5000.0,88451.165501,-34857.432536,14716.333399,0,true,true,1.0,-271.37,0,0.0,0.0,0.0
5,864,10.05,12239.58601,4088.793217,2841.307013,8100.417883,9665.720644,-1854.035092,-2293.013132,2473.615602,-3.637765,-13.289897,-107.657234,1.0,0.0,1.0,0.0,0.59416,0.92425,0,0,0,0,0,0,0,0,0,0,0,0,0,0,0,40000.0,5376.787109,5204.306641,4578.793945,8237.291992,40000.0,40000.0,40000.0,40000.0,40000.0,40000.0,40000.0,40000.0,40000.0,40000.0,40000.0,40000.0,40000.0,40000.0,40000.0,13422.509766,11461.943359,13980.546875,40000.0,5000.0,87312.565452,-37091.344887,15204.324611,0,true,true,1.0,-271.36,0,0.0,0.0,0.0
5,865,10.1,12349.444601,21361.762182,2983.150341,26716.431776,9517.369404,-1796.973301,-2380.905323,2445.070974,-4.188178,-13.311126,-105.27002,1.0,0.0,1.0,0.0,1.413329,1.541813,0,0,0,0,0,0,0,0,0,0,0,0,0,0,0,6591.05127,5239.575684,5045.602051,4498.793945,40000.0,40000.0,40000.0,40000.0,40000.0,40000.0,40000.0,40000.0,40000.0,40000.0,40000.0,40000.0,40000.0,40000.0,40000.0,40000.0,12770.225586,9260.953125,14012.18457,40000.0,5000.0,85566.873882,-40533.503128,15289.400065,0,true,true,1.0,-271.35,0,0.0,0.0,0.0
5,866,10.15,12429.722371,4008.515447,3093.302945,7990.265279,9406.826237,-1748.887032,-2442.226324,2423.210096,-4.688877,-12.823194,-103.069778,1.0,0.0,1.0,0.0,1.521879,2.183565,0,0,0,0,0,0,0,0,0,0,0,0,0,0,0,6117.555664,5133.381348,4902.869629,4423.749023,40000.0,40000.0,40000.0,40000.0,40000.0,40000.0,40000.0,40000.0,40000.0,40000.0,40000.0,40000.0,40000.0,40000.0,40000.0,40000.0,12549.335938,9112.905273,14519.799805,40000.0,5000.0,83953.639809,-43709.86688,14677.682284,0,true,true,1.0,-271.34,0,0.0,0.0,0.0
5,867,10.2,12508.666239,21282.818314,3207.61668,26602.118041,9295.74982,-1695.828354,-2501.093651,2405.322706,-5.262567,-11.929316,-100.419594,1.0,0.0,1.0,0.0,0.744263,1.556187,0,0,0,0,0,0,0,0,0,0,0,0,0,0,0,5626.937012,5030.55127,4743.443359,4339.51123,40000.0,40000.0,40000.0,40000.0,40000.0,40000.0,40000.0,40000.0,40000.0,40000.0,40000.0,40000.0,40000.0,40000.0,40000.0,40000.0,12322.724609,9616.833984,40000.0,40000.0,5000.0,81901.585554,-47511.934821,13578.124157,0,true,true,1.0,-271.33,0,0.0,0.0,0.0
5,868,10.25,12588.71632,3928.465365,3325.644354,7872.237606,9183.958798,-1738.031914,-2513.462365,2367.383455,-5.841394,-10.843727,-97.523331,1.0,-1.0,1.0,0.0,0.253774,1.015095,0,0,0,0,0,0,0,0,0,0,0,0,0,0,0,5176.208496,4937.093262,4588.899414,4537.126953,40000.0,40000.0,40000.0,40000.0,40000.0,40000.0,40000.0,40000.0,40000.0,40000.0,40000.0,40000.0,40000.0,40000.0,40000.0,40000.0,11514.404297,12584.449219,40000.0,40000.0,5000.0,79443.725319,-51590.870028,12309.256454,0,true,true,1.0,-271.32,0,0.0,0.0,0.0
5,869,10.3,12703.115633,21168.419002,3484.504575,26443.25782,9036.70729,-1839.335424,-2500.505403,2294.356513,-6.554536,-9.33022,-93.506088,1.0,-1.0,1.0,0.0,0.069993,0.698985,0,0,0,0,0,0,0,0,0,0,0,0,0,0,0,4675.460449,4833.858398,4413.405762,6113.47168,40000.0,40000.0,40000.0,40000.0,40000.0,40000.0,40000.0,40000.0,40000.0,40000.0,40000.0,40000.0,40000.0,40000.0,40000.0,12186.128906,8775.770508,12994.905273,40000.0,40000.0,5000.0,75634.351431,-57054.80288,10675.544884,0,true,true,1.0,-271.31,0,0.0,0.0,0.0
5,870,10.35,12797.669738,3833.91126,3610.063283,7746.678898,8923.142286,-1902.7822,-2500.590675,2244.06029,-7.021964,-8.199202,-90.484184,1.0,-1.0,1.0,0.0,0.0,0.209979,0,0,0,0,0,0,0,0,0,0,0,0,0,0,0,4460.483398,4764.889648,4305.386719,7129.190918,40000.0,40000.0,40000.0,40000.0,40000.0,40000.0,40000.0,40000.0,40000.0,40000.0,40000.0,40000.0,40000.0,40000.0,40000.0,11879.792969,8260.405273,13039.822266,40000.0,40000.0,5000.0,72466.721651,-60986.444306,9545.80895,0,true,true,1.0,-271.3,0,0.0,0.0,0.0
5,871,10.4,12889.125746,21076.962994,3728.464032,26324.85707,8818.269562,-1952.245207,-2511.192239,2206.758121,-7.404091,-7.127842,-87.664597,1.0,-1.0,1.0,0.0,0.0,0.0,0,0,0,0,0,0,0,0,0,0,0,0,0,0,0,4348.589355,4668.431152,4221.293457,7368.316895,40000.0,40000.0,40000.0,40000.0,40000.0,40000.0,40000.0,40000.0,40000.0,40000.0,40000.0,40000.0,40000.0,40000.0,40000.0,11629.742188,8693.921875,13963.5625,40000.0,5722.433105,5000.0,69293.165611,-64504.685692,8541.344043,0,true,true,1.0,-271.29,0,0.0,0.0,0.0
5,872,10.45,12979.895633,3743.141373,3844.150094,7630.992837,8717.886354,-1994.66552,-2532.3708,2182.402709,-7.658353,-6.298156,-85.520004,1.0,-1.0,1.0,0.0,0.0,0.0,0,0,0,0,0,0,0,0,0,0,0,0,0,0,0,4241.960938,4553.514648,4163.575195,7537.178711,40000.0,40000.0,40000.0,40000.0,40000.0,40000.0,40000.0,40000.0,40000.0,40000.0,40000.0,40000.0,40000.0,40000.0,40000.0,11094.786133,11162.483398,40000.0,40000.0,5360.092285,5000.0,66723.49423,-67058.026957,7776.088761,0,true,true,1.0,-271.28,0,0.0,0.0,0.0
5,873,10.5,13075.816924,20981.041703,3965.248206,26203.758957,8615.015843,-2022.78419,-2548.030682,2149.130333,-7.839232,-5.643469,-83.800766,1.0,-1.0,1.0,0.0,-0.279972,0.0,0,0,0,0,0,0,0,0,0,0,0,0,0,0,0,4128.716797,4466.272949,4119.689453,7637.825195,40000.0,40000.0,40000.0,40000.0,40000.0,40000.0,40000.0,40000.0,40000.0,40000.0,40000.0,40000.0,40000.0,40000.0,40000.0,10483.763672,11569.832031,40000.0,40000.0,5098.305664,5000.0,64560.861872,-69009.733726,7172.1486,0,true,true,1.0,-271.27,0,0.0,0.0,0.0
5,874,10.55,13169.414271,3649.544025,4082.880594,7513.360449,8517.062703,-2043.359096,-2566.303497,2121.55975,-7.994936,-5.104642,-82.151749,1.0,-1.0,1.0,0.0,-0.489951,-0.069993,0,0,0,0,0,0,0,0,0,0,0,0,0,0,0,4021.710205,4389.823242,4082.640381,7750.006348,40000.0,40000.0,40000.0,40000.0,40000.0,40000.0,40000.0,40000.0,40000.0,40000.0,40000.0,40000.0,40000.0,40000.0,11833.098633,9943.829102,11958.098633,40000.0,40000.0,4872.908691,5000.0,62427.722313,-70802.541984,6711.720003,0,true,true,1.0,-271.26,0,0.0,0.0,0.0
5,875,10.6,13292.220056,20858.235919,4237.239888,26049.399664,8391.332956,-2067.329782,-2601.749455,2099.975894,-8.172473,-4.572431,-80.055252,1.0,-1.0,1.0,0.0,-0.069993,0.0,0,0,0,0,0,0,0,0,0,0,0,0,0,0,0,3884.265381,4301.256836,4041.59375,7911.992188,40000.0,40000.0,40000.0,40000.0,40000.0,40000.0,40000.0,40000.0,40000.0,40000.0,40000.0,40000.0,40000.0,40000.0,11265.322266,7633.410645,11879.928711,40000.0,40000.0,4616.010254,5000.0,59642.758201,-72961.143355,6308.616488,0,true,true,1.0,-271.25,0,0.0,0.0,0.0
5,876,10.65,13382.117784,3559.646296,4350.749957,7399.850379,8300.800186,-2074.777679,-2624.889894,2081.148213,-8.27984,-4.250613,-78.665985,1.0,-1.0,1.0,0.0,0.0,0.0,0,0,0,0,0,0,0,0,0,0,0,0,0,0,0,3782.046631,4245.654297,4016.203613,8000.265625,40000.0,40000.0,40000.0,40000.0,40000.0,40000.0,40000.0,40000.0,40000.0,40000.0,40000.0,40000.0,40000.0,40000.0,11061.579102,7276.881348,11824.288086,40000.0,40000.0,4459.283691,5000.0,57746.800385,-74318.480634,6073.805202,0,true,true,1.0,-271.24,0,0.0,0.0,0.0
5,877,10.7,13473.382744,20766.970959,4466.796324,25933.353296,8209.879616,-2077.842127,-2649.258589,2063.73756,-8.356064,-4.004366,-77.610992,1.0,-1.0,1.0,0.0,0.0,0.0,0,0,0,0,0,0,0,0,0,0,0,0,0,0,0,3670.440186,4196.918945,3994.271484,8010.791504,40000.0,40000.0,40000.0,40000.0,40000.0,40000.0,40000.0,40000.0,40000.0,40000.0,40000.0,40000.0,40000.0,40000.0,10878.946289,7357.068848,11751.416016,40000.0,40000.0,4341.267578,5000.0,56262.384723,-75291.945033,5870.363986,0,true,true,1.0,-271.23,0,0.0,0.0,0.0
5,878,10.75,13592.459283,3440.569758,4619.780081,7246.866622,8092.336708,-2077.665535,-2682.230774,2044.251649,-8.433303,-3.757426,-76.471237,1.0,-1.0,1.0,0.0,-0.209979,-0.069993,0,0,0,0,0,0,0,0,0,0,0,0,0,0,0,3517.871338,4049.424072,3967.674072,4065.48584,40000.0,40000.0,40000.0,40000.0,40000.0,40000.0,40000.0,40000.0,40000.0,40000.0,40000.0,40000.0,40000.0,40000.0,10657.197266,7434.727051,11644.893555,40000.0,40000.0,4214.151855,5000.0,54620.316035,-76284.989345,5648.583182,0,true,true,1.0,-271.22,0,0.0,0.0,0.0
5,879,10.8,13685.610149,20673.820094,4740.927668,25812.205709,8001.071627,-2075.245045,-2709.084229,2031.560463,-8.48308,-3.65549,-75.700111,1.0,-1.0,1.0,0.0,-0.139986,-0.349965,0,0,0,0,0,0,0,0,0,0,0,0,0,0,0,3393.998291,3924.913574,3947.680176,4059.503174,40000.0,40000.0,40000.0,40000.0,40000.0,40000.0,40000.0,40000.0,40000.0,40000.0,40000.0,40000.0,40000.0,40000.0,10492.443359,7483.04248,11555.669922,40000.0,40000.0,4127.737793,5000.0,53492.370562,-76913.314222,5546.393592,0,true,true,1.0,-271.21,0,0.0,0.0,0.0
5,880,10.85,13794.65246,3331.527447,4884.633114,7103.161177,7894.894585,-2068.29075,-2738.443268,2015.675762,-8.517115,-3.634599,-75.162506,1.0,-1.0,1.0,0.0,-0.129381,-0.840979,0,0,0,0,0,0,0,0,0,0,0,0,0,0,0,3288.94458,3756.81665,3924.592773,4045.837158,40000.0,40000.0,40000.0,40000.0,40000.0,40000.0,40000.0,40000.0,40000.0,40000.0,40000.0,40000.0,40000.0,40000.0,10091.763672,7486.766113,11481.617188,40000.0,40000.0,4055.541504,5000.0,52663.869301,-77284.338781,5467.763049,0,true,true,1.0,-271.2,0,0.0,0.0,0.0
5,881,10.9,13913.548332,20554.924222,5043.592215,25653.246609,7779.332389,-2057.154922,-2766.255535,1996.497263,-8.528204,-3.745888,-74.987289,1.0,-1.0,1.0,0.0,-0.24855,-1.739848,0,0,0,0,0,0,0,0,0,0,0,0,0,0,0,3253.302002,3549.492188,3899.072754,4022.842285,40000.0,40000.0,40000.0,40000.0,40000.0,40000.0,40000.0,40000.0,40000.0,40000.0,40000.0,40000.0,40000.0,40000.0,9722.199219,9315.873047,11426.407227,40000.0,40000.0,4006.294678,5000.0,52324.63018,-77291.831291,5447.117596,0,true,true,1.0,-271.19,0,0.0,0.0,0.0
5,882,10.95,14004.747722,3240.328056,5167.144873,6979.608519,7690.990492,-2048.474761,-2785.092432,1981.198964,-8.498399,-3.998349,-75.431091,1.0,-1.0,1.0,0.0,-0.362576,-2.65889,0,0,0,0,0,0,0,0,0,0,0,0,0,0,0,3244.928955,3362.837891,3879.775146,3994.666016,40000.0,40000.0,40000.0,40000.0,40000.0,40000.0,40000.0,40000.0,40000.0,40000.0,40000.0,40000.0,40000.0,40000.0,9574.654297,9166.233398,11137.788086,40000.0,40000.0,4009.44165,5000.0,52855.954801,-76751.173889,5505.031226,0,true,true,1.0,-271.18,0,0.0,0.0,0.0
5,883,11.0,14093.728313,20465.943631,5288.854327,25531.537154,7605.08769,-2049.393185,-2810.747929,1976.248971,-8.415742,-4.435812,-76.566032,1.0,-1.0,1.0,0.0,-0.260831,-2.412686,0,0,0,0,0,0,0,0,0,0,0,0,0,0,0,3261.683105,3154.345459,3863.033691,3956.48999,40000.0,40000.0,40000.0,40000.0,40000.0,40000.0,40000.0,40000.0,40000.0,40000.0,40000.0,40000.0,40000.0,40000.0,9598.586914,7069.880371,10870.611328,40000.0,40000.0,4065.705566,5000.0,54313.540587,-75542.948929,5646.304361,0,true,true,1.0,-271.17,0,0.0,0.0,0.0
5,884,11.05,14218.075204,3115.981166,5460.200732,6808.262114,7485.930204,-2051.249922,-2831.606823,1958.945916,-8.203855,-5.285269,-79.097618,1.0,-1.0,1.0,0.0,-0.397856,-2.254518,0,0,0,0,0,0,0,0,0,0,0,0,0,0,0,3325.674072,2901.729736,3562.072266,3895.183594,4235.925781,40000.0,40000.0,40000.0,40000.0,40000.0,40000.0,40000.0,40000.0,40000.0,40000.0,40000.0,40000.0,40000.0,9839.181641,6660.096191,10538.094727,40000.0,40000.0,40000.0,5000.0,57526.432961,-72849.197435,5962.113152,0,true,true,1.0,-271.16,0,0.0,0.0,0.0
5,885,11.1,14309.128071,20374.890763,5585.862397,25405.875489,7399.622997,-2058.497291,-2838.921909,1943.235931,-7.962992,-6.093657,-81.560608,1.0,-1.0,1.0,0.0,-0.377777,-2.077774,0,0,0,0,0,0,0,0,0,0,0,0,0,0,0,3407.903564,2929.927734,3212.869141,3851.601807,4137.223633,40000.0,40000.0,40000.0,40000.0,40000.0,40000.0,40000.0,40000.0,40000.0,40000.0,40000.0,40000.0,40000.0,9823.676758,6328.394043,10289.605469,40000.0,40000.0,40000.0,5000.0,60548.164933,-70134.815245,6324.54623,0,true,true,1.0,-271.15,0,0.0,0.0,0.0
5,886,11.15,14403.449968,3021.659269,5715.427398,6678.697113,7311.481475,-2075.820233,-2844.036589,1929.710032,-7.647865,-6.989428,-84.363411,1.0,-1.0,1.0,0.0,-0.203517,-1.068464,0,0,0,0,0,0,0,0,0,0,0,0,0,0,0,3520.429443,2973.497559,2877.472656,3814.630859,4041.855957,40000.0,40000.0,40000.0,40000.0,40000.0,40000.0,40000.0,40000.0,40000.0,40000.0,40000.0,40000.0,40000.0,9844.285156,6002.855469,10051.960938,40000.0,40000.0,40000.0,5000.0,63829.34182,-66912.473535,6767.505453,0,true,true,1.0,-271.14,0,0.0,0.0,0.0
5,887,11.2,14528.959858,20249.380873,5885.657938,25235.644949,7196.658592,-2109.439091,-2840.197045,1910.102473,-7.115178,-8.222155,-88.431587,1.0,-1.0,1.0,0.0,0.0,-1.07303,0,0,0,0,0,0,0,0,0,0,0,0,0,0,0,40000.0,3059.223877,2754.941162,3262.204102,3931.449219,4404.588379,40000.0,40000.0,40000.0,40000.0,40000.0,40000.0,40000.0,40000.0,40000.0,40000.0,40000.0,40000.0,9939.654297,5775.333496,9258.101562,40000.0,40000.0,40000.0,5000.0,68275.578522,-61999.356782,7434.515948,0,true,true,1.0,-271.13,0,0.0,0.0,0.0
5,888,11.25,14623.777727,2926.8414,6011.726258,6552.628792,7112.123668,-2142.520487,-2829.13003,1894.792619,-6.631995,-9.116831,-91.667,1.0,-1.0,1.0,0.0,0.0,-0.983199,0,0,0,0,0,0,0,0,0,0,0,0,0,0,0,40000.0,3147.43335,2784.686279,2824.509766,3864.040283,4254.930664,40000.0,40000.0,40000.0,40000.0,40000.0,40000.0,40000.0,40000.0,40000.0,40000.0,40000.0,40000.0,10292.490234,5990.231934,8594.845703,10121.991211,40000.0,40000.0,5000.0,71531.605281,-57911.006214,7942.746896,0,true,true,1.0,-271.12,0,0.0,0.0,0.0
5,889,11.3,14721.176552,20151.982048,6138.259361,25109.111847,7027.498063,-2182.1457,-2810.233068,1878.858826,-6.066992,-9.977384,-95.100037,1.0,-1.0,1.0,0.0,0.069993,-1.325018,0,0,0,0,0,0,0,0,0,0,0,0,0,0,0,40000.0,3262.994873,2830.259033,2658.814453,3542.979492,4122.859375,40000.0,40000.0,40000.0,40000.0,40000.0,40000.0,40000.0,40000.0,40000.0,40000.0,40000.0,40000.0,40000.0,8683.367188,8007.656738,9823.207031,40000.0,40000.0,5000.0,74708.962171,-53415.942823,8446.070829,0,true,true,1.0,-271.11,0,0.0,0.0,0.0
5,890,11.35,14858.314665,2789.703287,6310.336871,6380.551282,6912.36112,-2247.695878,-2773.585952,1859.538638,-5.187863,-10.992897,-99.953903,1.0,-1.0,1.0,0.0,0.273594,-0.683984,0,0,0,0,0,0,0,0,0,0,0,0,0,0,0,40000.0,19083.164062,2920.321045,2677.999512,2725.084473,3975.412598,4541.836426,40000.0,40000.0,40000.0,40000.0,40000.0,40000.0,40000.0,40000.0,40000.0,40000.0,40000.0,40000.0,9277.129883,5725.514648,9459.544922,40000.0,40000.0,5000.0,78706.167394,-46820.529271,9018.275253,0,true,true,1.0,-271.1,0,0.0,0.0,0.0
5,891,11.4,14960.304296,20049.992418,6434.424577,24985.024141,6828.935776,-2250.713542,-2759.304111,1856.767262,-4.462766,-11.579949,-103.669189,1.0,0.0,1.0,0.0,0.532702,-0.577094,0,0,0,0,0,0,0,0,0,0,0,0,0,0,0,40000.0,40000.0,3011.168701,2708.250244,2623.112305,3650.397949,4351.192871,40000.0,40000.0,40000.0,40000.0,40000.0,40000.0,40000.0,40000.0,40000.0,40000.0,40000.0,40000.0,9372.717773,5379.156738,8955.461914,40000.0,40000.0,5000.0,81379.206031,-41612.608179,9293.385541,0,true,true,1.0,-271.09,0,0.0,0.0,0.0
5,892,11.45,15059.860956,2690.146626,6564.069847,6250.906011,6741.950838,-2055.743033,-2796.174553,1870.350185,-3.704504,-11.902868,-107.39006,1.0,1.0,1.0,0.0,1.166278,-0.340164,0,0,0,0,0,0,0,0,0,0,0,0,0,0,0,40000.0,40000.0,17359.15625,2742.720215,2610.36084,2809.655273,4181.943359,5009.392578,40000.0,40000.0,40000.0,40000.0,40000.0,40000.0,40000.0,40000.0,40000.0,40000.0,40000.0,9505.730469,5086.921387,8222.039062,9509.46582,40000.0,5000.0,83725.106611,-36289.483218,9262.899505,0,true,true,1.0,-271.08,0,0.0,0.0,0.0
5,893,11.5,15150.595697,19959.257677,6698.79487,24850.299119,6652.571868,-1825.429649,-2833.679222,1871.359248,-2.956408,-11.743314,-111.008041,1.0,1.0,1.0,0.0,1.981731,0.396346,0,0,0,0,0,0,0,0,0,0,0,0,0,0,0,40000.0,40000.0,18444.361328,2772.745117,2593.299805,2602.190918,4025.644287,4709.719727,40000.0,40000.0,40000.0,40000.0,40000.0,40000.0,40000.0,40000.0,40000.0,40000.0,40000.0,10008.637695,5115.839844,7635.046875,9182.362305,40000.0,5000.0,85718.921571,-31040.712587,8597.332016,0,true,true,1.0,-271.07,0,0.0,0.0,0.0
5,894,11.55,15251.560587,2589.181737,6872.497252,6077.203629,6538.914106,-1581.710181,-2895.51967,1884.099076,-2.095215,-10.709907,-115.350731,1.0,1.0,1.0,0.0,1.060569,0.645564,0,0,0,0,0,0,0,0,0,0,0,0,0,0,0,40000.0,40000.0,32556.363281,14243.095703,2564.274414,2522.196289,2745.276123,4380.644043,40000.0,40000.0,40000.0,40000.0,40000.0,40000.0,40000.0,40000.0,40000.0,40000.0,40000.0,40000.0,5427.540527,5459.896484,8828.130859,40000.0,5000.0,87754.028093,-24648.593756,6591.425747,0,true,true,1.0,-271.06,0,0.0,0.0,0.0
5,895,11.6,15318.612497,19892.205766,7005.539029,24717.257342,6453.013048,-1420.898587,-2935.601121,1889.432614,-1.579855,-9.599574,-118.211899,1.0,1.0,1.0,0.0,0.710355,0.710355,0,0,0,0,0,0,0,0,0,0,0,0,0,0,0,40000.0,40000.0,40000.0,13519.058594,2537.067871,2462.575928,2561.916748,4175.779785,5154.368164,40000.0,40000.0,40000.0,40000.0,40000.0,40000.0,40000.0,40000.0,40000.0,40000.0,40000.0,8664.054688,5206.039062,8610.639648,40000.0,5000.0,88832.105848,-20369.301815,4627.02797,0,true,true,1.0,-271.05,0,0.0,0.0,0.0
5,896,11.65,15377.550294,2530.243939,7136.943546,5945.799112,6368.944588,-1282.688242,-2971.404623,1895.689008,-1.180581,-8.332446,-120.706596,1.0,1.0,1.0,0.0,0.576648,0.96108,0,0,0,0,0,0,0,0,0,0,0,0,0,0,0,40000.0,40000.0,40000.0,16600.658203,2506.153076,2404.320312,2472.348145,3821.973877,4850.041016,40000.0,40000.0,40000.0,40000.0,40000.0,40000.0,40000.0,40000.0,40000.0,40000.0,40000.0,8681.041992,5014.317383,8262.131836,9705.896484,5000.0,89570.506158,-16597.157105,2453.962517,0,true,true,1.0,-271.04,0,0.0,0.0,0.0
5,897,11.7,15449.456181,19820.299879,7320.124353,24534.076536,6252.703993,-1118.871403,-3018.927768,1911.614336,-0.843487,-6.402621,-123.220955,1.0,1.0,1.0,0.0,0.866895,2.192735,0,0,0,0,0,0,0,0,0,0,0,0,0,0,0,40000.0,40000.0,40000.0,17480.208984,16390.261719,2321.875244,2359.936035,2577.853271,4538.075684,40000.0,40000.0,40000.0,40000.0,40000.0,40000.0,40000.0,40000.0,40000.0,40000.0,40000.0,8672.849609,4845.356445,7821.422363,8836.568359,5000.0,90052.874593,-12779.906087,-783.111727,0,true,true,1.0,-271.03,0,0.0,0.0,0.0
5,898,11.75,15495.831578,2483.868543,7454.612131,5811.311333,6167.687509,-1014.580767,-3051.067547,1929.248461,-0.730466,-4.728542,-124.314224,1.0,1.0,1.0,0.0,0.936266,2.132607,0,0,0,0,0,0,0,0,0,0,0,0,0,0,0,40000.0,40000.0,40000.0,17415.841797,15971.770508,2257.667236,2283.139893,2480.154541,4372.724121,40000.0,40000.0,40000.0,40000.0,40000.0,40000.0,40000.0,40000.0,40000.0,40000.0,40000.0,8625.09082,4778.298828,7647.740234,8510.705078,5000.0,90082.866818,-11142.751659,-3537.086515,0,true,true,1.0,-271.02,0,0.0,0.0,0.0
5,899,11.8,15536.327279,19779.804178,7585.480981,24403.207686,6084.967907,-919.891209,-3074.86492,1947.354972,-0.703287,-2.799094,-124.682938,1.0,1.0,1.0,0.0,1.076038,2.011724,0,0,0,0,0,0,0,0,0,0,0,0,0,0,0,40000.0,40000.0,40000.0,17305.375,15646.177734,2191.347656,2212.310547,2398.73999,4258.771484,40000.0,40000.0,40000.0,40000.0,40000.0,40000.0,40000.0,40000.0,40000.0,40000.0,40000.0,8531.543945,4758.861328,7590.486328,8408.47168,5000.0,89850.941954,-10644.526808,-6665.208754,0,true,true,1.0,-271.01,0,0.0,0.0,0.0
5,900,11.85,15580.087743,2440.108078,7745.392328,5651.399986,5983.474983,-802.261492,-3068.398066,1948.616315,-0.711674,-0.577396,-124.376434,1.0,1.0,1.0,0.0,1.896757,3.698676,0,0,0,0,0,0,0,0,0,0,0,0,0,0,0,40000.0,40000.0,40000.0,17129.728516,15477.112305,2107.178467,2130.334717,2313.426025,4168.443359,5560.059082,40000.0,40000.0,40000.0,40000.0,40000.0,40000.0,40000.0,40000.0,40000.0,40000.0,4801.800781,4786.881836,7646.468262,8512.880859,5000.0,89306.534861,-11222.272314,-10238.485304,0,true,true,1.0,-271.0,0,0.0,0.0,0.0
5,901,11.9,15621.019128,19738.872793,7917.983951,24230.616063,5872.53608,-691.632321,-3106.717032,2008.688856,-0.685317,2.863058,-122.625786,1.0,1.0,1.0,0.0,0.979633,3.232791,0,0,0,0,0,0,0,0,0,0,0,0,0,0,0,40000.0,40000.0,40000.0,28321.083984,40000.0,2013.521973,2052.174072,2248.552002,2689.152832,5656.450195,40000.0,40000.0,40000.0,40000.0,40000.0,40000.0,40000.0,40000.0,40000.0,40000.0,4331.359375,5775.694336,7786.587891,9080.538086,5000.0,87969.992725,-14060.609052,-15634.143198,0,true,true,1.0,-270.99,0,0.0,0.0,0.0
5,902,11.95,15653.216586,2407.91062,8079.499524,5489.884413,5766.759107,-575.48536,-3109.394631,2053.533537,-0.453342,6.502929,-119.567741,1.0,1.0,1.0,0.0,0.537721,3.584808,0,0,0,0,0,0,0,0,0,0,0,0,0,0,0,40000.0,40000.0,40000.0,27752.992188,40000.0,1929.400024,1995.482788,2221.911621,2715.069336,40000.0,40000.0,40000.0,40000.0,40000.0,40000.0,40000.0,40000.0,40000.0,40000.0,40000.0,4466.269531,40000.0,40000.0,40000.0,5000.0,85761.323884,-18802.070251,-21195.273256,0,true,true,1.0,-270.98,0,0.0,0.0,0.0
5,903,12.0,15678.902948,19713.186432,8240.096062,24070.019525,5658.91122,-446.390731,-3093.048363,2100.014617,0.157497,10.09806,-115.145126,1.0,1.0,1.0,0.0,0.0,2.993125,0,0,0,0,0,0,0,0,0,0,0,0,0,0,0,40000.0,40000.0,40000.0,40000.0,40000.0,1856.745972,1960.963745,2237.886719,2813.633545,40000.0,40000.0,40000.0,40000.0,40000.0,40000.0,40000.0,40000.0,40000.0,40000.0,40000.0,40000.0,40000.0,40000.0,40000.0,5000.0,82409.903762,-25307.576334,-26529.853607,0,true,true,1.0,-270.97,0,0.0,0.0,0.0
5,904,12.05,15694.18792,2392.625648,8366.686869,5363.293606,5571.480382,-332.977678,-3066.487333,2137.44236,0.929612,12.600621,-111.08831,1.0,1.0,1.0,0.0,-0.33436,2.531586,0,0,0,0,0,0,0,0,0,0,0,0,0,0,0,40000.0,40000.0,40000.0,40000.0,40000.0,1808.23999,1946.892822,2276.633789,4865.868652,40000.0,40000.0,40000.0,40000.0,40000.0,40000.0,40000.0,40000.0,40000.0,40000.0,40000.0,40000.0,40000.0,40000.0,40000.0,5000.0,79074.195905,-30930.913962,-30158.865771,0,true,true,1.0,-270.96,0,0.0,0.0,0.0
5,905,12.1,15706.21947,19701.154882,8519.322556,23917.383838,5462.570945,-182.016755,-3025.092789,2190.048516,2.352016,15.545755,-105.101868,1.0,1.0,1.0,0.0,-0.284174,0.994611,0,0,0,0,0,0,0,0,0,0,0,0,0,0,0,40000.0,40000.0,40000.0,40000.0,40000.0,1765.109375,1959.796875,2385.428467,5564.584961,40000.0,40000.0,40000.0,40000.0,40000.0,40000.0,40000.0,40000.0,40000.0,40000.0,40000.0,40000.0,40000.0,40000.0,40000.0,5000.0,73675.955313,-38618.554598,-34354.737028,0,true,true,1.0,-270.95,0,0.0,0.0,0.0
5,906,12.15,15713.180791,2385.664327,8661.549357,5221.066806,5355.861725,-148.131657,-2958.061862,2278.538802,4.12471,18.051046,-98.856239,1.0,0.0,1.0,0.0,-0.241062,0.57855,0,0,0,0,0,0,0,0,0,0,0,0,0,0,0,40000.0,40000.0,40000.0,40000.0,40000.0,1744.5271,2005.909302,2565.118164,40000.0,40000.0,40000.0,40000.0,40000.0,40000.0,40000.0,40000.0,40000.0,40000.0,40000.0,40000.0,40000.0,40000.0,40000.0,40000.0,5000.0,67419.564155,-45843.737137,-37888.318282,0,true,true,1.0,-270.94,0,0.0,0.0,0.0
5,907,12.2,15721.616939,19692.718734,8804.861837,23774.071357,5240.462447,-216.88087,-2852.904138,2359.968097,6.162314,20.13331,-92.537552,1.0,-1.0,1.0,0.0,-0.236355,0.413621,0,0,0,0,0,0,0,0,0,0,0,0,0,0,0,40000.0,40000.0,40000.0,40000.0,2855.712402,1741.691406,2084.235352,2834.927979,40000.0,40000.0,40000.0,40000.0,40000.0,40000.0,40000.0,40000.0,40000.0,40000.0,40000.0,40000.0,40000.0,40000.0,40000.0,40000.0,5000.0,60514.184209,-52303.525259,-40837.25942,0,true,true,1.0,-270.93,0,0.0,0.0,0.0
5,908,12.25,15740.402584,2366.878683,8970.038079,5055.890564,5096.771184,-375.053315,-2720.73085,2446.616823,8.975528,22.134876,-84.652878,1.0,-1.0,1.0,0.0,-0.21482,0.286427,0,0,0,0,0,0,0,0,0,0,0,0,0,0,0,40000.0,40000.0,40000.0,40000.0,2175.07959,1782.222534,2263.563721,6186.705566,40000.0,40000.0,40000.0,40000.0,40000.0,40000.0,40000.0,40000.0,40000.0,40000.0,40000.0,40000.0,40000.0,40000.0,40000.0,40000.0,5000.0,51282.625301,-59161.712642,-43756.849793,0,true,true,1.0,-270.92,0,0.0,0.0,0.0
5,909,12.3,15761.661083,19671.460235,9098.921703,23645.187733,4976.184273,-473.205815,-2622.814706,2512.148031,11.219356,23.063707,-78.766243,1.0,-1.0,1.0,0.0,-0.344796,0.206877,0,0,0,0,0,0,0,0,0,0,0,0,0,0,0,40000.0,40000.0,40000.0,40000.0,1977.77478,1835.200317,2463.378418,40000.0,40000.0,40000.0,40000.0,40000.0,40000.0,40000.0,40000.0,40000.0,40000.0,40000.0,40000.0,40000.0,40000.0,40000.0,40000.0,40000.0,5000.0,44114.032476,-63449.083943,-45345.76955,0,true,true,1.0,-270.91,0,0.0,0.0,0.0
5,910,12.35,15787.368521,2341.171244,9225.305687,4929.50658,4850.408056,-550.07952,-2543.288593,2589.662802,13.474588,23.541241,-73.029358,1.0,-1.0,1.0,0.0,-0.565075,0.353172,0,0,0,0,0,0,0,0,0,0,0,0,0,0,0,40000.0,40000.0,40000.0,3480.414795,1875.836548,1914.653442,2751.773926,40000.0,40000.0,40000.0,40000.0,40000.0,40000.0,40000.0,40000.0,40000.0,40000.0,40000.0,40000.0,40000.0,40000.0,40000.0,40000.0,40000.0,5000.0,36934.402819,-66963.005575,-46510.937947,0,true,true,1.0,-270.9,0,0.0,0.0,0.0
5,911,12.4,15816.51095,19642.317806,9349.561051,23520.932369,4719.304796,-603.019824,-2466.132776,2657.871418,15.688956,23.543549,-67.45945,1.0,-1.0,1.0,0.0,-0.580481,0.369397,0,0,0,0,0,0,0,0,0,0,0,0,0,0,0,40000.0,40000.0,40000.0,2940.303467,1822.714233,2025.653076,3179.554199,40000.0,40000.0,40000.0,40000.0,40000.0,40000.0,40000.0,40000.0,40000.0,40000.0,40000.0,40000.0,40000.0,40000.0,40000.0,40000.0,40000.0,5000.0,29829.346311,-69766.612013,-47304.875849,0,true,true,1.0,-270.89,0,0.0,0.0,0.0
5,912,12.45,15846.642485,2311.039709,9466.743721,4812.32391,4588.839486,-634.709838,-2407.002849,2732.153032,17.812826,23.086071,-62.074512,1.0,-1.0,1.0,0.0,-0.477416,0.371324,0,0,0,0,0,0,0,0,0,0,0,0,0,0,0,40000.0,40000.0,40000.0,2631.513184,1790.182251,2182.820312,40000.0,40000.0,40000.0,40000.0,40000.0,40000.0,40000.0,40000.0,40000.0,40000.0,40000.0,40000.0,40000.0,40000.0,40000.0,40000.0,40000.0,40000.0,5000.0,22850.715255,-71914.744294,-47805.411627,0,true,true,1.0,-270.88,0,0.0,0.0,0.0
5,913,12.5,15878.909514,19610.050777,9585.623013,23402.053076,4449.719644,-645.309996,-2347.514685,2797.60631,19.793047,22.242769,-56.921383,1.0,-1.0,1.0,0.0,-0.314732,0.157366,0,0,0,0,0,0,0,0,0,0,0,0,0,0,0,40000.0,40000.0,40000.0,2451.193604,1782.966187,2393.061523,40000.0,40000.0,40000.0,40000.0,40000.0,40000.0,40000.0,40000.0,40000.0,40000.0,40000.0,40000.0,40000.0,40000.0,40000.0,40000.0,40000.0,40000.0,5000.0,16044.885111,-73427.076643,-48108.216664,0,true,true,1.0,-270.87,0,0.0,0.0,0.0
5,914,12.55,15910.276595,2279.672628,9698.911498,4699.035425,4310.93056,-637.046569,-2299.380354,2862.831865,21.579233,21.184435,-52.081284,1.0,-1.0,1.0,0.0,-0.139986,0.0,0,0,0,0,0,0,0,0,0,0,0,0,0,0,0,40000.0,40000.0,40000.0,2336.724609,1787.534302,2686.805908,40000.0,40000.0,40000.0,40000.0,40000.0,40000.0,40000.0,40000.0,40000.0,40000.0,40000.0,40000.0,40000.0,40000.0,40000.0,40000.0,40000.0,40000.0,5000.0,9511.300319,-74332.32632,-48297.459183,0,true,true,1.0,-270.86,0,0.0,0.0,0.0
5,915,12.6,15940.221863,19580.105509,9808.179229,23292.785346,4171.442456,-611.942268,-2255.843014,2921.418483,23.165936,20.005108,-47.559277,1.0,-1.0,1.0,0.0,-0.069993,0.0,0,0,0,0,0,0,0,0,0,0,0,0,0,0,0,40000.0,40000.0,3351.467529,2264.952148,1795.039429,3107.496094,40000.0,40000.0,40000.0,40000.0,40000.0,40000.0,40000.0,40000.0,40000.0,40000.0,40000.0,40000.0,40000.0,40000.0,40000.0,40000.0,40000.0,40000.0,5000.0,3285.061283,-74696.223132,-48413.780782,0,true,true,1.0,-270.85,0,0.0,0.0,0.0
5,916,12.65,15969.952509,2249.941983,9921.094595,4586.120059,4021.61272,-570.823067,-2216.388134,2983.50324,24.553185,18.741808,-43.368225,1.0,-1.0,1.0,0.0,-0.209979,-0.139986,0,0,0,0,0,0,0,0,0,0,0,0,0,0,0,40000.0,40000.0,3119.423828,2231.63501,1863.64624,3718.666016,40000.0,40000.0,40000.0,40000.0,40000.0,40000.0,40000.0,40000.0,40000.0,40000.0,40000.0,40000.0,40000.0,40000.0,40000.0,40000.0,40000.0,40000.0,5000.0,-2575.105882,-74583.811501,-48482.275272,0,true,true,1.0,-270.84,0,0.0,0.0,0.0
5,917,12.7,15996.396486,19553.661532,10028.834339,23185.045602,3873.389009,-517.046971,-2178.718252,3035.837361,25.735085,17.407721,-39.553078,1.0,-1.0,1.0,0.0,-0.345082,-0.345082,0,0,0,0,0,0,0,0,0,0,0,0,0,0,0,40000.0,40000.0,2967.503662,2216.26123,1970.121582,40000.0,40000.0,40000.0,40000.0,40000.0,40000.0,40000.0,40000.0,40000.0,40000.0,40000.0,40000.0,40000.0,40000.0,40000.0,40000.0,40000.0,40000.0,40000.0,5000.0,-7949.624468,-74089.881385,-48519.963415,0,true,true,1.0,-270.83,0,0.0,0.0,0.0
5,918,12.75,16019.355561,2226.982907,10132.394462,4482.559935,3726.169496,-453.908265,-2145.392165,3085.657103,26.707127,16.021645,-36.171562,1.0,-1.0,1.0,0.0,-0.362223,-0.413969,0,0,0,0,0,0,0,0,0,0,0,0,0,0,0,40000.0,40000.0,2871.283447,2216.260498,2083.595703,40000.0,40000.0,40000.0,40000.0,40000.0,40000.0,40000.0,40000.0,40000.0,40000.0,40000.0,40000.0,40000.0,40000.0,40000.0,40000.0,40000.0,40000.0,40000.0,5000.0,-12721.048353,-73313.259683,-48557.365746,0,true,true,1.0,-270.82,0,0.0,0.0,0.0
5,919,12.8,16040.728522,19532.288571,10244.860118,23072.579946,3561.1105,-376.114089,-2116.698802,3148.814386,27.467083,14.605939,-33.297176,1.0,-1.0,1.0,0.0,-0.139196,-0.231993,0,0,0,0,0,0,0,0,0,0,0,0,0,0,0,40000.0,40000.0,2834.072998,2241.94458,2164.731201,40000.0,40000.0,40000.0,40000.0,40000.0,40000.0,40000.0,40000.0,40000.0,40000.0,40000.0,40000.0,40000.0,40000.0,40000.0,40000.0,40000.0,40000.0,40000.0,5000.0,-16769.273308,-72351.365849,-48640.699241,0,true,true,1.0,-270.81,0,0.0,0.0,0.0
5,920,12.85,16058.886783,2208.824646,10365.006056,4362.413997,3379.022247,-277.182083,-2056.53694,3150.399096,28.068562,13.206853,-30.800375,1.0,-1.0,1.0,0.0,-0.340574,-0.510861,0,0,0,0,0,0,0,0,0,0,0,0,0,0,0,40000.0,40000.0,2832.233398,2285.710449,2209.655762,40000.0,40000.0,40000.0,40000.0,40000.0,40000.0,40000.0,40000.0,40000.0,40000.0,40000.0,40000.0,40000.0,40000.0,40000.0,40000.0,40000.0,40000.0,40000.0,5000.0,-20273.043155,-71270.558972,-48771.561172,0,true,true,1.0,-270.8,0,0.0,0.0,0.0
5,921,12.9,16069.777311,19521.398044,10463.286975,22974.299028,3225.765462,-195.689521,-2040.00522,3209.865453,28.527987,11.853585,-28.689789,1.0,-1.0,1.0,0.0,-0.217927,-0.381372,0,0,0,0,0,0,0,0,0,0,0,0,0,0,0,40000.0,40000.0,2825.365967,2316.453369,2261.930176,40000.0,40000.0,40000.0,40000.0,40000.0,40000.0,40000.0,40000.0,40000.0,40000.0,40000.0,40000.0,40000.0,40000.0,40000.0,40000.0,40000.0,40000.0,40000.0,5000.0,-23193.465634,-70190.924135,-48935.967564,0,true,true,1.0,-270.79,0,0.0,0.0,0.0
5,922,12.95,16076.719576,2201.88238,10564.073387,4261.627585,3064.761215,-105.152347,-2011.434989,3242.208782,28.875233,10.569467,-26.91268,1.0,-1.0,1.0,0.0,-0.258739,-0.517478,0,0,0,0,0,0,0,0,0,0,0,0,0,0,0,40000.0,40000.0,2837.668945,2356.066406,2258.343262,40000.0,40000.0,40000.0,40000.0,40000.0,40000.0,40000.0,40000.0,40000.0,40000.0,40000.0,40000.0,40000.0,40000.0,40000.0,40000.0,40000.0,40000.0,40000.0,5000.0,-25626.314481,-69122.143074,-49148.342829,0,true,true,1.0,-270.78,0,0.0,0.0,0.0
5,923,13.0,16079.069484,19519.048136,10661.144099,22877.228317,2906.166677,-13.92452,-1981.731452,3262.928478,29.129803,9.33862,-25.451088,1.0,-1.0,1.0,0.0,-0.333509,-0.389093,0,0,0,0,0,0,0,0,0,0,0,0,0,0,0,40000.0,40000.0,2858.80249,2397.360107,2194.030273,40000.0,40000.0,40000.0,40000.0,40000.0,40000.0,40000.0,40000.0,40000.0,40000.0,40000.0,40000.0,40000.0,40000.0,40000.0,40000.0,40000.0,40000.0,40000.0,5000.0,-27590.992613,-68109.126941,-49414.095902,0,true,true,1.0,-270.77,0,0.0,0.0,0.0
5,924,13.05,16076.947577,2204.004287,10756.615081,4166.156602,2746.982607,78.412378,-1957.885387,3288.682309,29.310867,8.142989,-24.272964,1.0,-1.0,1.0,0.0,-0.257053,-0.449842,0,0,0,0,0,0,0,0,0,0,0,0,0,0,0,40000.0,40000.0,2888.092041,2440.823975,2235.792725,40000.0,40000.0,40000.0,40000.0,40000.0,40000.0,40000.0,40000.0,40000.0,40000.0,40000.0,40000.0,40000.0,40000.0,40000.0,40000.0,40000.0,40000.0,40000.0,5000.0,-29134.587302,-67166.79216,-49741.506086,0,true,true,1.0,-270.76,0,0.0,0.0,0.0
5,925,13.1,16070.106336,19525.889376,10852.964705,22780.878693,2583.32439,173.254221,-1931.479223,3302.918569,29.43157,6.986389,-23.371202,1.0,-1.0,1.0,0.0,-0.235645,-0.353468,0,0,0,0,0,0,0,0,0,0,0,0,0,0,0,40000.0,40000.0,2926.553955,2487.742676,2299.647461,40000.0,40000.0,40000.0,40000.0,40000.0,40000.0,40000.0,40000.0,40000.0,40000.0,40000.0,40000.0,40000.0,40000.0,40000.0,40000.0,40000.0,40000.0,40000.0,5000.0,-30272.87352,-66316.002423,-50133.378587,0,true,true,1.0,-270.75,0,0.0,0.0,0.0
5,926,13.15,16059.28588,2214.824744,10943.3686,4075.752707,2427.222468,263.24852,-1909.902723,3316.287628,29.510271,5.879427,-22.685009,1.0,-1.0,1.0,0.0,-0.229389,-0.382316,0,0,0,0,0,0,0,0,0,0,0,0,0,0,0,40000.0,40000.0,2965.633057,2531.938477,2348.537109,40000.0,40000.0,40000.0,40000.0,40000.0,40000.0,40000.0,40000.0,40000.0,40000.0,40000.0,40000.0,40000.0,40000.0,40000.0,40000.0,40000.0,40000.0,40000.0,5000.0,-31093.331329,-65562.243636,-50563.69767,0,true,true,1.0,-270.74,0,0.0,0.0,0.0
5,927,13.2,16044.165353,19541.009903,11033.194533,22691.05276,2269.930733,352.637708,-1888.482309,3322.503443,29.556971,4.820428,-22.201956,1.0,-1.0,1.0,0.0,-0.192327,-0.384653,0,0,0,0,0,0,0,0,0,0,0,0,0,0,0,40000.0,40000.0,40000.0,40000.0,40000.0,40000.0,40000.0,40000.0,40000.0,40000.0,40000.0,40000.0,40000.0,40000.0,40000.0,40000.0,40000.0,40000.0,40000.0,40000.0,40000.0,40000.0,40000.0,40000.0,5000.0,-31620.117474,-64903.853351,-51034.374067,0,true,true,1.0,-270.73,0,0.0,0.0,0.0
5,928,13.25,16023.419264,2235.570834,11127.781803,3981.165437,2102.247319,446.512589,-1870.23796,3330.92798,29.576456,3.819438,-21.962255,1.0,-1.0,1.0,0.0,-0.229054,-0.503919,0,0,0,0,0,0,0,0,0,0,0,0,0,0,0,40000.0,40000.0,40000.0,40000.0,40000.0,40000.0,40000.0,40000.0,40000.0,40000.0,40000.0,40000.0,40000.0,40000.0,40000.0,40000.0,40000.0,40000.0,40000.0,40000.0,40000.0,40000.0,40000.0,40000.0,5000.0,-31805.225071,-64364.184723,-51555.057385,0,true,true,1.0,-270.72,0,0.0,0.0,0.0
5,929,13.3,15998.244057,19566.185109,11220.782134,22598.052429,1935.614601,536.972543,-1853.896579,3334.220991,29.576097,2.889065,-21.987457,1.0,-1.0,1.0,0.0,-0.283428,-0.623542,0,0,0,0,0,0,0,0,0,0,0,0,0,0,0,40000.0,40000.0,40000.0,40000.0,40000.0,40000.0,40000.0,40000.0,40000.0,40000.0,40000.0,40000.0,40000.0,40000.0,40000.0,40000.0,40000.0,40000.0,40000.0,40000.0,40000.0,40000.0,40000.0,40000.0,5000.0,-31619.558415,-63973.868641,-52114.839301,0,true,true,1.0,-270.71,0,0.0,0.0,0.0
5,930,13.35,15968.87448,2264.940411,11312.383312,3889.564259,1770.132329,623.795397,-1841.358352,3336.512693,29.562939,2.028293,-22.307585,1.0,-1.0,1.0,0.0,-0.192556,-0.48139,0,0,0,0,0,0,0,0,0,0,0,0,0,0,0,40000.0,40000.0,40000.0,40000.0,40000.0,40000.0,40000.0,40000.0,40000.0,40000.0,40000.0,40000.0,40000.0,40000.0,40000.0,40000.0,40000.0,40000.0,40000.0,40000.0,40000.0,40000.0,40000.0,40000.0,5000.0,-31022.432631,-63748.76472,-52716.123899,0,true,true,1.0,-270.7,0,0.0,0.0,0.0
5,931,13.4,15934.164655,19600.894933,11406.358327,22504.077414,1599.375946,707.601816,-1827.013746,3325.101558,29.547131,1.231449,-22.866175,1.0,-1.0,1.0,0.0,-0.205687,-0.61706,0,0,0,0,0,0,0,0,0,0,0,0,0,0,0,40000.0,40000.0,40000.0,40000.0,40000.0,40000.0,40000.0,40000.0,40000.0,40000.0,40000.0,40000.0,40000.0,40000.0,40000.0,40000.0,40000.0,40000.0,40000.0,40000.0,40000.0,40000.0,40000.0,40000.0,5000.0,-30095.898814,-63651.001379,-53343.397954,0,true,true,1.0,-270.69,0,0.0,0.0,0.0
5,932,13.45,15896.627556,2302.47751,11496.789355,3799.133232,1434.494698,785.923086,-1821.805804,3323.996782,29.535137,0.517213,-23.625793,1.0,-1.0,1.0,0.0,-0.161242,-0.483727,0,0,0,0,0,0,0,0,0,0,0,0,0,0,0,40000.0,40000.0,40000.0,40000.0,40000.0,40000.0,40000.0,40000.0,40000.0,40000.0,40000.0,40000.0,40000.0,40000.0,40000.0,40000.0,40000.0,40000.0,40000.0,40000.0,40000.0,40000.0,40000.0,40000.0,5000.0,-28893.052608,-63670.11429,-53964.454862,0,true,true,1.0,-270.68,0,0.0,0.0,0.0
5,933,13.5,15844.74051,19652.78198,11609.101811,22391.764957,1229.594461,874.267882,-1815.122399,3308.075363,29.531639,-0.262421,-24.795475,1.0,-1.0,1.0,0.0,-0.15165,-0.556051,0,0,0,0,0,0,0,0,0,0,0,0,0,0,0,40000.0,40000.0,40000.0,40000.0,40000.0,40000.0,40000.0,40000.0,40000.0,40000.0,40000.0,40000.0,40000.0,40000.0,40000.0,40000.0,40000.0,40000.0,40000.0,40000.0,40000.0,40000.0,40000.0,40000.0,5000.0,-27092.009096,-63808.939162,-54714.679547,0,true,true,1.0,-270.67,0,0.0,0.0,0.0
5,934,13.55,15802.608681,2344.609339,11692.871997,3715.363046,1077.048466,938.445502,-1821.36786,3312.977058,29.540567,-0.773534,-25.928152,1.0,-1.0,1.0,0.0,-0.148412,-0.593649,0,0,0,0,0,0,0,0,0,0,0,0,0,0,0,40000.0,40000.0,40000.0,40000.0,40000.0,40000.0,40000.0,40000.0,40000.0,40000.0,40000.0,40000.0,40000.0,40000.0,40000.0,40000.0,40000.0,40000.0,40000.0,40000.0,40000.0,40000.0,40000.0,40000.0,5000.0,-25383.519811,-64020.419126,-55277.439124,0,true,true,1.0,-270.66,0,0.0,0.0,0.0
5,935,13.6,15756.429397,19698.961264,11779.229673,22305.407281,920.451722,995.924542,-1824.518337,3301.830296,29.561672,-1.175787,-27.276102,1.0,-1.0,1.0,0.0,-0.157062,-0.890016,0,0,0,0,0,0,0,0,0,0,0,0,0,0,0,40000.0,40000.0,40000.0,40000.0,40000.0,40000.0,40000.0,40000.0,40000.0,40000.0,40000.0,40000.0,40000.0,40000.0,40000.0,40000.0,40000.0,40000.0,40000.0,40000.0,40000.0,40000.0,40000.0,40000.0,5000.0,-23386.213294,-64309.689405,-55816.745166,0,true,true,1.0,-270.65,0,0.0,0.0,0.0
5,936,13.65,15706.730888,2394.307848,11867.527651,3627.065068,761.348447,1046.835829,-1828.881012,3284.724038,29.595802,-1.436838,-28.875639,1.0,-1.0,1.0,0.0,-0.149001,-1.04301,0,0,0,0,0,0,0,0,0,0,0,0,0,0,0,40000.0,40000.0,40000.0,40000.0,40000.0,40000.0,40000.0,40000.0,40000.0,40000.0,40000.0,40000.0,40000.0,40000.0,40000.0,40000.0,40000.0,40000.0,40000.0,40000.0,40000.0,40000.0,40000.0,40000.0,5000.0,-21052.844661,-64674.478077,-56321.408855,0,true,true,1.0,-270.64,0,0.0,0.0,0.0
5,937,13.7,15655.856191,19749.835961,11954.355754,22218.579178,606.122418,1093.353094,-1842.569391,3282.580893,29.640423,-1.562983,-30.698212,1.0,-1.0,1.0,0.0,-0.138985,-0.625432,0,0,0,0,0,0,0,0,0,0,0,0,0,0,0,40000.0,40000.0,40000.0,40000.0,40000.0,40000.0,40000.0,40000.0,40000.0,40000.0,40000.0,40000.0,40000.0,40000.0,40000.0,40000.0,40000.0,40000.0,40000.0,40000.0,40000.0,40000.0,40000.0,40000.0,5000.0,-18415.990336,-65080.280391,-56777.97692,0,true,true,1.0,-270.63,0,0.0,0.0,0.0
5,938,13.75,15591.981853,2458.182186,12059.923936,3521.496885,419.354019,1138.829379,-1861.553569,3276.779151,29.704279,-1.579658,-33.174957,1.0,-1.0,1.0,0.0,-0.04984,-0.697754,0,0,0,0,0,0,0,0,0,0,0,0,0,0,0,40000.0,40000.0,40000.0,40000.0,40000.0,40000.0,40000.0,40000.0,40000.0,40000.0,40000.0,40000.0,40000.0,40000.0,40000.0,40000.0,40000.0,40000.0,40000.0,40000.0,40000.0,40000.0,40000.0,40000.0,5000.0,-14842.991845,-65563.974317,-57270.530256,0,true,true,1.0,-270.62,0,0.0,0.0,0.0
5,939,13.8,15534.537996,19807.279817,12152.79023,22125.712885,257.217271,1168.881824,-1879.904468,3269.48886,29.75819,-1.467438,-35.348831,1.0,-1.0,1.0,0.0,-0.110864,-0.49889,0,0,0,0,0,0,0,0,0,0,0,0,0,0,0,40000.0,40000.0,40000.0,40000.0,40000.0,40000.0,40000.0,40000.0,40000.0,40000.0,40000.0,40000.0,40000.0,40000.0,40000.0,40000.0,40000.0,40000.0,40000.0,40000.0,40000.0,40000.0,40000.0,40000.0,5000.0,-11726.550477,-65898.097711,-57614.397802,0,true,true,1.0,-270.61,0,0.0,0.0,0.0
5,940,13.85,15464.934691,2527.785492,12264.109807,3410.177308,65.739076,1184.354736,-1890.169884,3229.713716,29.80969,-1.271815,-37.683937,1.0,-1.0,1.0,0.0,-0.24647,-0.862645,0,0,0,0,0,0,0,0,0,0,0,0,0,0,0,40000.0,40000.0,40000.0,40000.0,40000.0,40000.0,40000.0,40000.0,40000.0,40000.0,40000.0,40000.0,40000.0,40000.0,40000.0,40000.0,40000.0,40000.0,40000.0,40000.0,40000.0,40000.0,40000.0,40000.0,5000.0,-8399.184568,-66137.157421,-57928.083228,0,true,true,1.0,-270.6,0,0.0,0.0,0.0
5,940,13.85,15464.934691,2527.785492,12264.109807,3410.177308,65.739076,1184.354736,-1890.169884,3229.713716,29.80969,-1.271815,-37.683937,1.0,-1.0,1.0,0.0,-0.221479,-0.590611,0,0,0,0,0,0,0,0,0,0,0,0,0,0,0,40000.0,40000.0,40000.0,40000.0,40000.0,40000.0,40000.0,40000.0,40000.0,40000.0,40000.0,40000.0,40000.0,40000.0,40000.0,40000.0,40000.0,40000.0,40000.0,40000.0,40000.0,40000.0,40000.0,40000.0,5000.0,-6581.321564,-66238.479915,-58050.235038,0,true,true,1.0,-340.6,3,0.0,0.0,0.0
