2,1,0.05,-1.3301,62501.3301,0.116363,62499.883637,17452.177102,98.271157,-8.59719,-13.084768,0.0,0.0,-135.0,1.0,0.0,1.0,0.0,0.139986,0.0,0,0,0,0,0,0,0,0,0,0,0,0,0,0,0,372.434326,411.341492,458.791199,561.901184,461.117798,413.426361,370.393555,409.419128,456.646423,559.273193,461.350616,413.635651,369.039215,409.62088,456.872162,559.550842,463.499298,415.561584,371.060913,411.554138,459.027771,562.18988,463.273804,415.359833,59.550758,176777.553538,-1.022804,192.177102,2,false,false,0.0,-0.01,0
2,2,0.1,-6.103777,4.773676,0.533985,-0.417622,17454.416408,93.416141,-8.172452,-60.043002,0.0,0.0,-135.0,1.0,0.0,1.0,0.0,0.39937,0.057053,0,0,0,0,0,0,0,0,0,0,0,0,0,0,0,378.594666,414.530304,462.34787,559.56134,456.879089,409.626038,369.307281,405.618805,452.407745,554.081909,457.793915,410.446777,362.878815,406.432037,453.31546,555.194824,467.738007,419.361877,372.147156,415.354431,463.266449,567.381165,466.830505,418.548676,57.311455,176780.633734,-4.693606,194.416408,0,false,false,0.0,-0.01,0
2,3,0.15,-10.564114,62505.790438,0.924195,62499.493427,17458.832074,88.88102,-7.7757,-103.920937,0.0,0.0,-135.0,1.0,0.0,1.0,0.0,0.209979,0.0,0,0,0,0,0,0,0,0,0,0,0,0,0,0,0,380.907288,417.509827,465.671112,554.710754,452.91861,406.075165,367.099792,402.067963,448.447266,549.231384,454.470673,407.467255,357.122772,403.452515,449.992249,551.124756,471.698486,422.91275,373.162109,418.905304,467.226929,572.231689,470.153748,421.528198,52.895786,176783.511749,-8.123461,198.832074,0,false,false,0.0,-0.01,0
2,4,0.2,-14.728911,8.938473,1.288549,-0.781977,17465.192154,84.647766,-7.405355,-144.893143,0.0,0.0,-135.0,1.0,0.0,1.0,0.0,0.0,0.0,0,0,0,0,0,0,0,0,0,0,0,0,0,0,0,382.716553,420.291931,468.774109,550.18158,449.220551,402.759583,361.642273,398.75235,444.749237,544.702209,451.367615,404.68512,355.003845,400.67041,446.889221,547.324341,475.396545,426.228333,374.109833,422.220886,470.924957,576.760864,473.256805,424.310333,46.535706,176786.199068,-11.326055,205.192154,0,false,false,0.0,-0.01,0
2,5,0.25,-18.714107,62509.775633,1.637192,62499.144785,17473.518527,80.596809,-7.05096,-184.09671,0.0,0.0,-135.0,1.0,0.0,1.0,0.0,0.209979,0.069993,0,0,0,0,0,0,0,0,0,0,0,0,0,0,0,388.940063,422.954071,471.743347,545.847656,445.681946,399.586975,359.692505,395.579742,441.210663,540.368408,448.398376,402.02298,356.084564,398.008301,443.920013,543.687805,478.93512,429.40094,379.753754,425.393494,474.463531,581.094666,476.226044,426.972473,38.209335,176788.770499,-14.390541,213.518527,0,false,false,0.0,-0.01,0
2,6,0.3,-21.032423,11.25679,1.638882,-0.783667,17473.655734,33.057808,0.224607,-11.747517,0.810969,0.762472,-135.099426,1.0,0.0,1.0,0.0,0.414585,0.0,0,0,0,0,0,0,0,0,0,0,0,0,0,0,0,391.758362,424.490784,473.203369,544.521606,444.272766,398.109558,359.293579,393.733765,438.916168,537.164673,446.994934,400.549408,357.172333,396.163879,441.625824,540.482056,481.355011,431.338715,384.175537,426.931824,475.923889,582.456421,478.640167,428.906403,38.072128,176777.359436,321.015875,-2134.623776,0,false,false,0.0,-0.01,0
2,7,0.35,-21.786023,62510.529233,1.58366,62499.200007,17473.832112,1.7368,0.860235,0.210451,0.798598,0.880342,-135.108505,1.0,0.0,1.0,0.0,0.322846,-0.21523,0,0,0,0,0,0,0,0,0,0,0,0,0,0,0,392.854218,425.077301,473.834015,543.924377,443.755737,397.62674,359.424011,393.217743,438.319489,536.398621,446.38797,399.98587,357.267181,395.567017,440.938904,539.605347,481.984314,431.881439,385.437866,427.437469,476.464264,583.078857,479.359436,429.529846,37.895748,176773.112305,353.120341,-2497.771812,0,false,false,0.0,-0.01,0
2,8,0.4,-21.738222,11.208989,1.561432,-0.761438,17473.838983,-1.193935,0.287597,0.007553,0.714606,0.851793,-135.108566,1.0,0.0,1.0,0.0,0.326422,-0.163211,0,0,0,0,0,0,0,0,0,0,0,0,0,0,0,392.773834,425.055267,473.809296,543.991028,443.809937,397.675171,359.44873,393.26593,438.373047,536.463928,446.405792,400.001709,357.223907,395.582642,440.956177,539.626221,481.923737,431.827026,385.364227,427.382874,476.403259,583.003967,479.335236,429.508026,37.888878,176774.318848,348.600578,-2410.201849,0,false,false,0.0,-0.01,0
2,9,0.45,-21.644102,62510.435113,1.56912,62499.192319,17473.853108,-1.316589,-0.158765,0.110427,0.615482,0.741517,-135.111786,1.0,0.0,1.0,0.0,0.069993,-0.069993,0,0,0,0,0,0,0,0,0,0,0,0,0,0,0,392.592651,424.963043,473.698273,544.09375,443.883148,397.733856,359.390533,393.312775,438.417664,536.505859,446.491608,400.071655,357.237488,395.640656,441.013184,539.683228,481.855865,431.758698,385.232544,427.301819,476.304626,582.869446,479.254791,429.428467,37.874752,176778.548206,350.761829,-2070.461269,0,false,false,0.0,-0.01,0
2,10,0.5,-21.556354,11.121241,1.586034,-0.778353,17473.866423,-1.260405,-0.206355,0.115635,0.533976,0.628329,-135.113785,1.0,0.0,1.0,0.0,0.0,-0.139986,0,0,0,0,0,0,0,0,0,0,0,0,0,0,0,392.433716,424.872498,473.592224,544.170959,443.939575,397.780121,359.329132,393.351654,438.456268,536.545227,446.575653,400.142639,357.258331,395.704224,441.079285,539.756165,481.796326,431.700684,385.100891,427.235931,476.226044,582.764771,479.167603,429.345703,37.861439,176782.215133,350.78176,-1721.670883,0,false,false,0.0,-0.01,0
2,11,0.55,-21.469555,62510.348314,1.610054,62499.168299,17473.879741,-1.223166,-0.292475,0.13077,0.462071,0.508193,-135.115555,0.0,0.0,0.0,0.0,0.0,0.0,0,0,0,0,0,0,0,0,0,0,0,0,0,0,0,392.280182,424.779083,473.483551,544.239502,443.989624,397.821136,359.259583,393.386169,438.49057,536.580139,446.664978,400.218842,357.289673,395.773804,441.152649,539.838867,481.743652,431.649323,384.969055,427.177612,476.156464,582.671997,479.075653,429.259186,37.848122,176785.354382,351.151073,-1351.389044,0,false,false,0.0,-0.01,0
2,12,0.6,-21.381991,11.033678,1.63583,-0.80413,17473.893271,-1.233054,-0.452248,0.16703,0.39229,0.385247,-135.117615,0.0,0.0,0.0,0.0,0.0,0.0,0,0,0,0,0,0,0,0,0,0,0,0,0,0,0,392.125031,424.684998,473.373444,544.31189,444.041962,397.863617,359.186584,393.421051,438.524597,536.613708,446.75946,400.299042,357.327148,395.846344,441.228607,539.923706,481.695099,431.601044,384.839569,427.121185,476.088318,582.579773,478.984955,429.173157,37.834591,176787.760745,353.288275,-972.41387,0,false,false,0.0,-0.01,0
2,13,0.65,-21.308073,62510.274396,1.652169,62499.151961,17473.905101,-1.029054,-0.142679,0.082905,0.327423,0.288386,-135.11792,0.0,0.0,0.0,0.0,0.0,0.0,0,0,0,0,0,0,0,0,0,0,0,0,0,0,0,392.006592,424.614136,473.293701,544.367065,444.085968,397.902405,359.145477,393.45871,438.565857,536.662964,446.83017,400.361725,357.341217,395.907898,441.296478,540.005554,481.644745,431.555176,384.721161,427.074188,476.035156,582.513428,478.907898,429.103394,37.822762,176789.09038,351.461165,-673.933189,0,false,false,0.0,-0.01,0
2,14,0.7,-21.23764,10.963244,1.667071,-0.819032,17473.91594,-1.022619,-0.173405,0.091189,0.265572,0.197673,-135.118866,0.0,0.0,0.0,0.0,0.0,0.0,0,0,0,0,0,0,0,0,0,0,0,0,0,0,0,391.889313,424.546967,473.2164,544.428162,444.13269,397.9422,359.103394,393.494965,438.603973,536.705872,446.901245,400.42337,357.359528,395.965912,441.358887,540.078064,481.600769,431.51355,384.614777,427.028809,475.982117,582.444458,478.839539,429.039948,37.81192,176789.87276,352.424075,-394.389113,0,false,false,0.0,-0.01,0
2,15,0.75,-21.164548,62510.201304,1.683716,62499.135316,17473.922165,-1.07774,-0.124116,0.174244,0.199645,0.103757,-135.118057,0.0,0.0,0.0,0.0,0.0,0.0,0,0,0,0,0,0,0,0,0,0,0,0,0,0,0,391.783508,424.481079,473.14505,544.474609,444.173248,397.980286,359.072296,393.536072,438.651733,536.767517,446.968994,400.485809,357.367798,396.031372,441.433777,540.172974,481.548553,431.468689,384.490723,426.987274,475.937927,582.39386,478.760162,428.970703,37.805695,176790.225858,348.474947,-105.013063,0,false,false,0.0,-0.01,0
2,16,0.8,-21.100382,10.899078,1.689706,-0.825022,17473.929349,-0.883861,0.087697,0.12302,0.131214,0.028212,-135.116745,0.0,0.0,0.0,0.0,0.0,0.0,0,0,0,0,0,0,0,0,0,0,0,0,0,0,0,391.695129,424.431671,473.093323,544.519592,444.214264,398.019836,359.063538,393.580414,438.704254,536.836914,447.019745,400.534119,357.358093,396.084473,441.496094,540.254456,481.493896,431.42276,384.379181,426.946655,475.895996,582.348145,478.69574,428.916016,37.798512,176790.170443,343.82922,127.666678,0,false,false,0.0,-0.01,0
2,17,0.85,-21.091828,62510.19275,1.663827,62499.161195,17473.933663,-0.127282,0.26897,0.050083,0.090203,0.045423,-135.114456,0.0,0.0,0.0,0.0,0.0,0.0,0,0,0,0,0,0,0,0,0,0,0,0,0,0,0,391.697052,424.448944,473.118378,544.53241,444.232208,398.040863,359.119476,393.609863,438.742493,536.892761,446.995331,400.517181,357.299744,396.07608,441.492188,540.258728,481.454681,431.392975,384.351105,426.926086,475.878937,582.337036,478.698914,428.924164,37.794197,176790.226388,336.968294,74.307042,0,false,false,0.0,-0.01,0
2,18,0.9,-21.102028,10.909277,1.645613,-0.806808,17473.934739,0.041526,0.091271,0.0133,0.079858,0.073188,-135.114273,0.0,0.0,0.0,0.0,0.0,0.0,0,0,0,0,0,0,0,0,0,0,0,0,0,0,0,391.712097,424.470337,473.1427,544.538879,444.238098,398.04657,359.150635,393.616272,438.750092,536.902832,446.971466,400.496216,357.271576,396.055847,441.470093,540.232483,481.447449,431.386932,384.368073,426.920807,475.873535,582.331299,478.721466,428.944794,37.793121,176790.26259,336.515218,-11.42433,0,false,false,0.0,-0.01,0
2,19,0.95,-21.106049,62510.196772,1.642257,62499.164551,17473.934763,-0.080817,-0.085942,0.025182,0.079587,0.07769,-135.115021,0.0,0.0,0.0,0.0,0.0,0.0,0,0,0,0,0,0,0,0,0,0,0,0,0,0,0,391.711792,424.474274,473.145203,544.54541,444.240997,398.047516,359.150787,393.614441,438.746277,536.895203,446.968872,400.492279,357.272552,396.049103,441.460785,540.218079,481.451721,431.389008,384.380859,426.919861,475.870544,582.324402,478.731171,428.951782,37.793098,176790.261893,338.855942,-25.314163,0,false,false,0.0,-0.01,0
2,20,1.0,-21.100149,10.903377,1.646782,-0.811333,17473.935038,-0.019249,0.013319,0.003226,0.077061,0.064642,-135.115479,0.0,0.0,0.0,0.0,0.0,0.0,0,0,0,0,0,0,0,0,0,0,0,0,0,0,0,391.699493,424.465637,473.13443,544.550964,444.244019,398.049286,359.139526,393.614532,438.74527,536.892151,446.979309,400.500671,357.282074,396.055786,441.467163,540.22406,481.452667,431.388794,384.374603,426.917816,475.867126,582.318298,478.724731,428.944946,37.792824,176790.253122,340.199703,14.935976,0,false,false,0.0,-0.01,0
2,21,1.05,-21.10205,62510.198673,1.644656,62499.166677,17473.935194,-0.142092,-0.115531,0.03546,0.075602,0.065957,-135.116196,0.0,0.0,0.0,0.0,0.0,0.0,0,0,0,0,0,0,0,0,0,0,0,0,0,0,0,391.69632,424.467194,473.134277,544.558105,444.247467,398.050812,359.137726,393.613373,438.74231,536.885681,446.979309,400.499084,357.284393,396.051544,441.460693,540.213318,481.455994,431.390106,384.383636,426.91626,475.863525,582.310791,478.731506,428.949341,37.792667,176790.25196,342.430337,10.870642,0,false,false,0.0,-0.01,0
2,22,1.1,-21.091833,10.89316,1.650504,-0.81718,17473.935889,-0.297471,-0.155325,0.058966,0.06917,0.046357,-135.116638,0.0,0.0,0.0,0.0,0.0,0.0,0,0,0,0,0,0,0,0,0,0,0,0,0,0,0,391.677521,424.454407,473.118896,544.566589,444.25293,398.054718,359.12381,393.615631,438.743744,536.885681,446.994324,400.511566,357.295349,396.062317,441.471649,540.224915,481.454468,431.387665,384.370483,426.912018,475.857635,582.301636,478.720398,428.938354,37.791973,176790.223988,343.751817,71.311868,0,false,false,0.0,-0.01,0
2,23,1.15,-21.082759,62510.1896,1.648085,62499.169096,17473.93749,-0.042147,0.108039,0.01954,0.054221,0.037128,-135.116302,0.0,0.0,0.0,0.0,0.0,0.0,0,0,0,0,0,0,0,0,0,0,0,0,0,0,0,391.665924,424.450165,473.115051,544.574768,444.260712,398.062439,359.128876,393.624603,438.754578,536.900269,446.998138,400.515747,357.28772,396.06778,441.478546,540.234741,481.443329,431.37851,384.353882,426.904236,475.849854,582.29364,478.713226,428.932739,37.790371,176790.207625,342.68505,99.69924,0,false,false,0.0,-0.01,0
2,24,1.2,-21.082467,10.892867,1.643724,-0.81282,17473.938155,-0.13404,-0.041164,0.023725,0.047948,0.039777,-135.116302,0.0,0.0,0.0,0.0,0.0,0.0,0,0,0,0,0,0,0,0,0,0,0,0,0,0,0,391.664825,424.453156,473.118347,544.579468,444.264557,398.065857,359.135529,393.628021,438.758362,536.904907,446.994873,400.512787,357.280975,396.064819,441.47522,540.230652,481.439575,431.375122,384.354095,426.900848,475.846039,582.28894,478.716614,428.93573,37.789707,176790.214861,342.726295,91.489436,0,false,false,0.0,-0.01,0
2,25,1.25,-21.085106,62510.192239,1.638868,62499.173952,17473.93851,-0.020438,0.006567,0.002397,0.044568,0.045981,-135.116608,0.0,0.0,0.0,0.0,0.0,0.0,0,0,0,0,0,0,0,0,0,0,0,0,0,0,0,391.665833,424.458069,473.123077,544.584656,444.267761,398.068085,359.141174,393.62912,438.758881,536.904358,446.990143,400.507904,357.276062,396.058807,441.467804,540.220398,481.43927,431.374146,384.361298,426.898651,475.842834,582.283691,478.724243,428.941864,37.789352,176790.227192,343.677798,72.327322,0,false,false,0.0,-0.01,0
2,26,1.3,-21.082531,10.890292,1.639703,-0.813655,17473.938843,0.0,0.0,0.0,0.041495,0.03989,-135.117157,0.0,0.0,0.0,0.0,0.0,0.0,0,0,0,0,0,0,0,0,0,0,0,0,0,0,0,391.65744,424.454437,473.117615,544.591614,444.271637,398.070374,359.135406,393.629364,438.757812,536.900879,446.995392,400.511414,357.281128,396.060242,441.468109,540.218567,481.440491,431.373962,384.361603,426.89624,475.838745,582.276306,478.724091,428.94046,37.789017,176790.212787,345.378807,91.104072,0,false,false,0.0,-0.01,0
2,27,1.35,-21.084077,62510.193785,1.637621,62499.176034,17473.938989,-0.070997,-0.049166,0.015226,0.040107,0.041976,-135.11763,0.0,0.0,0.0,0.0,0.0,0.0,0,0,0,0,0,0,0,0,0,0,0,0,0,0,0,391.655792,424.456207,473.118408,544.596619,444.27417,398.071655,359.135376,393.628906,438.756226,536.897095,446.994537,400.509644,357.281586,396.056763,441.463104,540.210571,481.442352,431.374512,384.368011,426.894958,475.83609,582.271118,478.729309,428.944061,37.788872,176790.215738,346.818096,84.66144,0,false,false,0.0,-0.01,0
2,28,1.4,-21.084223,10.890438,1.637024,-0.813058,17473.939148,-0.041604,-0.023746,0.008438,0.038635,0.040316,-135.118195,0.0,0.0,0.0,0.0,0.0,0.0,0,0,0,0,0,0,0,0,0,0,0,0,0,0,0,391.651367,424.455627,473.116333,544.602417,444.277069,398.073029,359.132141,393.628204,438.75412,536.892273,446.99646,400.510132,357.284851,396.055176,441.459991,540.204529,481.444702,431.375336,384.372833,426.893494,475.833038,582.264954,478.732635,428.94574,37.788712,176790.210327,348.553519,89.777043,0,false,false,0.0,-0.01,0
2,29,1.45,-21.085842,62510.195404,1.63538,62499.177678,17473.93922,0.0,0.0,0.0,0.037942,0.041957,-135.118637,0.0,0.0,0.0,0.0,0.0,0.0,0,0,0,0,0,0,0,0,0,0,0,0,0,0,0,391.650024,424.457153,473.116882,544.606689,444.279114,398.073883,359.131561,393.627411,438.752167,536.888123,446.99585,400.508606,357.285858,396.051971,441.455353,540.197083,481.446869,431.376221,384.379181,426.892609,475.830902,582.260376,478.737488,428.949036,37.788639,176790.2124,349.937421,84.710508,0,false,false,0.0,-0.01,0
2,30,1.5,-21.086411,10.891007,1.634786,-0.812464,17473.939323,-0.037609,-0.025825,0.008051,0.036994,0.040803,-135.119217,0.0,0.0,0.0,0.0,0.0,0.0,0,0,0,0,0,0,0,0,0,0,0,0,0,0,0,391.646057,424.456818,473.115021,544.612366,444.281769,398.075012,359.128174,393.626343,438.749603,536.882629,446.997528,400.50885,357.289398,396.050018,441.451813,540.19043,481.449707,431.377411,384.384857,426.891418,475.828064,582.254395,478.741272,428.95108,37.788536,176790.207883,351.751744,88.266264,0,false,false,0.0,-0.01,0
2,31,1.55,-21.086192,62510.195185,1.6343,62499.178164,17473.939514,0.079494,0.084876,0.010678,0.035222,0.038873,-135.119797,0.0,0.0,0.0,0.0,0.0,0.0,0,0,0,0,0,0,0,0,0,0,0,0,0,0,0,391.640991,424.455872,473.112518,544.61853,444.284912,398.076599,359.124634,393.625793,438.74765,536.877991,446.999908,400.509735,357.292908,396.048767,441.449036,540.184753,481.451935,431.378052,384.389191,426.88974,475.824738,582.247864,478.744263,428.952423,37.788345,176790.201475,353.521203,94.210208,0,false,false,0.0,-0.01,0
2,32,1.6,-21.089028,10.893844,1.631735,-0.809899,17473.939542,0.074923,0.065851,0.008859,0.034927,0.042922,-135.120224,0.0,0.0,0.0,0.0,0.0,0.0,0,0,0,0,0,0,0,0,0,0,0,0,0,0,0,391.641602,424.459015,473.114929,544.622314,444.286621,398.077209,359.125824,393.624847,438.745575,536.873779,446.997437,400.506622,357.29248,396.044067,441.44278,540.175354,481.454254,431.37912,384.397369,426.88913,475.822968,582.243896,478.750763,428.957275,37.788319,176790.208866,354.84132,81.717223,0,false,false,0.0,-0.01,0
2,33,1.65,-21.0871,62510.193256,1.633415,62499.176484,17473.939643,0.0,0.0,0.0,0.034012,0.037352,-135.120682,0.0,0.0,0.0,0.0,0.0,0.0,0,0,0,0,0,0,0,0,0,0,0,0,0,0,0,391.635132,424.455444,473.109772,544.626892,444.288849,398.078217,359.119568,393.624176,438.743744,536.869751,447.002411,400.510071,357.298218,396.045837,441.443665,540.174683,481.456238,431.379852,384.397766,426.888031,475.820557,582.239014,478.75,428.955505,37.788216,176790.194733,356.235887,98.898589,0,false,false,0.0,-0.01,0
2,34,1.7,-21.088028,10.894772,1.632279,-0.808764,17473.93976,-0.026406,-0.016573,0.005503,0.032924,0.037418,-135.121216,0.0,0.0,0.0,0.0,0.0,0.0,0,0,0,0,0,0,0,0,0,0,0,0,0,0,0,391.632019,424.455902,473.108887,544.632263,444.291443,398.079376,359.117401,393.623352,438.741516,536.864868,447.003174,400.509583,357.300598,396.043335,441.439575,540.167542,481.45871,431.380798,384.403717,426.88678,475.81781,582.233276,478.754303,428.95813,37.788101,176790.192926,357.911426,98.688325,0,false,false,0.0,-0.01,0
2,35,1.75,-21.088778,62510.194006,1.631333,62499.17743,17473.939872,-0.000235,0.007463,0.001232,0.03188,0.037119,-135.12175,0.0,0.0,0.0,0.0,0.0,0.0,0,0,0,0,0,0,0,0,0,0,0,0,0,0,0,391.628723,424.456085,473.107758,544.637512,444.294006,398.080536,359.115021,393.622498,438.739349,536.860107,447.004211,400.509369,357.303223,396.041107,441.435852,540.160828,481.461121,431.381744,384.409271,426.88559,475.815094,582.227722,478.75827,428.960449,37.787987,176790.190279,359.553306,99.607302,0,false,false,0.0,-0.01,0
2,36,1.8,-21.089703,10.895697,1.63046,-0.80789,17473.939908,-0.01299,-0.006649,0.002571,0.031542,0.037973,-135.122025,0.0,0.0,0.0,0.0,0.0,0.0,0,0,0,0,0,0,0,0,0,0,0,0,0,0,0,391.627869,424.456879,473.107971,544.640015,444.295166,398.080994,359.114502,393.621979,438.738129,536.857605,447.003937,400.508545,357.303986,396.039307,441.433197,540.156555,481.462463,431.382324,384.412994,426.885101,475.813873,582.225098,478.761047,428.962311,37.787952,176790.191334,360.379242,96.970929,0,false,false,0.0,-0.01,0
2,37,1.85,-21.091586,62510.195888,1.628681,62499.17921,17473.940019,0.0,0.0,0.0,0.030492,0.038726,-135.122833,0.0,0.0,0.0,0.0,0.0,0.0,0,0,0,0,0,0,0,0,0,0,0,0,0,0,0,391.623993,424.457977,473.107117,544.647644,444.298737,398.082428,359.111511,393.620453,438.734497,536.849976,447.004608,400.507385,357.307495,396.035156,441.426636,540.145325,481.466522,431.384033,384.422638,426.883575,475.810089,582.21698,478.767975,428.966614,37.787842,176790.190076,362.877044,94.642311,0,false,false,0.0,-0.01,0
2,38,1.9,-21.092259,10.896371,1.628408,-0.807618,17473.940023,-0.033384,-0.032535,0.00956,0.030461,0.038045,-135.12323,0.0,0.0,0.0,0.0,0.0,0.0,0,0,0,0,0,0,0,0,0,0,0,0,0,0,0,391.621796,424.457886,473.106018,544.651062,444.300171,398.082886,359.10907,393.619415,438.732422,536.845825,447.005646,400.507446,357.31012,396.033722,441.424103,540.140625,481.46875,431.385132,384.42691,426.883087,475.808533,582.213379,478.77066,428.968109,37.787838,176790.187097,364.098139,96.74405,0,false,false,0.0,-0.01,0
2,39,1.95,-21.092665,62510.196294,1.6282,62499.179418,17473.940055,-0.002226,0.00097,0.000366,0.030163,0.037096,-135.123642,0.0,0.0,0.0,0.0,0.0,0.0,0,0,0,0,0,0,0,0,0,0,0,0,0,0,0,391.619019,424.45752,473.104523,544.654785,444.30188,398.083527,359.106354,393.61853,438.730438,536.841797,447.007019,400.507782,357.312958,396.032501,441.421783,540.136108,481.470947,431.386108,384.430908,426.882416,475.806702,582.209412,478.773163,428.969391,37.787807,176790.183262,365.378985,99.671253,0,false,false,0.0,-0.01,0
2,40,2.0,-21.096125,10.899831,1.625423,-0.804841,17473.940059,0.087831,0.071442,0.010664,0.030099,0.041075,-135.124283,0.0,0.0,0.0,0.0,0.0,0.0,0,0,0,0,0,0,0,0,0,0,0,0,0,0,0,391.618744,424.460815,473.106567,544.660339,444.30426,398.084259,359.106293,393.616852,438.72702,536.835083,447.004883,400.504456,357.313965,396.026764,441.413818,540.12384,481.474701,431.38797,384.441895,426.881653,475.804199,582.203552,478.781433,428.975311,37.787804,176790.190006,367.388054,87.391778,0,false,false,0.0,-0.01,0
2,41,2.05,-21.09642,62510.196589,1.625705,62499.179136,17473.940036,-0.006959,-0.011865,0.003167,0.030333,0.039369,-135.124695,0.0,0.0,0.0,0.0,0.0,0.0,0,0,0,0,0,0,0,0,0,0,0,0,0,0,0,391.615936,424.460022,473.104645,544.663635,444.305603,398.084595,359.102905,393.615692,438.724762,536.830688,447.006683,400.505188,357.317474,396.026001,441.412018,540.119995,481.477112,431.389191,384.445557,426.881256,475.802734,582.200012,478.783386,428.976135,37.787827,176790.184744,368.631868,92.65973,0,false,false,0.0,-0.01,0
2,42,2.1,-21.099702,10.903113,1.623437,-0.802573,17473.939973,0.059229,0.041836,0.00745,0.030894,0.043006,-135.125183,0.0,0.0,0.0,0.0,0.0,0.0,0,0,0,0,0,0,0,0,0,0,0,0,0,0,0,391.616791,424.463165,473.106873,544.667236,444.306976,398.084778,359.103241,393.614075,438.721832,536.825195,447.004364,400.502075,357.318024,396.021088,441.405365,540.109924,481.480347,431.390961,384.454865,426.881073,475.80127,582.196106,478.790314,428.981201,37.787888,176790.191054,370.133706,81.440991,0,false,false,0.0,-0.01,0
2,43,2.15,-21.099926,62510.196813,1.623821,62499.178752,17473.939948,0.039058,0.028817,0.004837,0.031137,0.041079,-135.125565,0.0,0.0,0.0,0.0,0.0,0.0,0,0,0,0,0,0,0,0,0,0,0,0,0,0,0,391.614105,424.46228,473.10495,544.670227,444.308167,398.085022,359.099854,393.612915,438.719666,536.821045,447.006195,400.502899,357.321472,396.020477,441.403809,540.106506,481.482666,431.392151,384.458191,426.880737,475.799927,582.192871,478.791992,428.981812,37.787914,176790.185654,371.300032,87.38929,0,false,false,0.0,-0.01,0
2,44,2.2,-21.100243,10.90343,1.623964,-0.802716,17473.939966,0.0,0.0,0.0,0.03099,0.039028,-135.126083,0.0,0.0,0.0,0.0,0.0,0.0,0,0,0,0,0,0,0,0,0,0,0,0,0,0,0,391.610321,424.461365,473.10257,544.674805,444.310181,398.085663,359.095734,393.611603,438.716949,536.815613,447.008453,400.503754,357.325684,396.019379,441.401306,540.101379,481.485626,431.393555,384.462921,426.880035,475.79776,582.187988,478.794708,428.983002,37.787895,176790.179102,372.930991,93.719306,0,false,false,0.0,-0.01,0
2,45,2.25,-21.101626,62510.198196,1.623122,62499.179594,17473.93997,0.026488,0.022749,0.00311,0.030939,0.039171,-135.126633,0.0,0.0,0.0,0.0,0.0,0.0,0,0,0,0,0,0,0,0,0,0,0,0,0,0,0,391.607941,424.461914,473.101807,544.679504,444.312164,398.086304,359.09317,393.610229,438.714111,536.809998,447.009094,400.503143,357.328644,396.016754,441.397095,540.094055,481.488708,431.39505,384.469543,426.879333,475.795624,582.182983,478.799164,428.985748,37.787891,176790.177361,374.609389,93.278387,0,false,false,0.0,-0.01,0
2,46,2.3,-21.102637,10.904441,1.622609,-0.802203,17473.939964,-0.024189,-0.025765,0.007432,0.031001,0.039103,-135.127045,0.0,0.0,0.0,0.0,0.0,0.0,0,0,0,0,0,0,0,0,0,0,0,0,0,0,0,391.60611,424.462219,473.101105,544.682861,444.313599,398.0867,359.091064,393.609131,438.711914,536.805725,447.009674,400.502808,357.331024,396.014893,441.394043,540.088684,481.491119,431.396271,384.474487,426.878906,475.794067,582.179382,478.802399,428.987701,37.787899,176790.175654,375.868993,93.486914,0,false,false,0.0,-0.01,0
2,47,2.35,-21.104301,62510.199861,1.621583,62499.18062,17473.939956,-0.010208,-0.014179,0.003825,0.031073,0.039728,-135.127594,0.0,0.0,0.0,0.0,0.0,0.0,3.0,353654.403517,686.77843,67143.608546,0.002949,0,0,0,0,0,0,0,0,0,0,391.604034,424.463104,473.100647,544.687561,444.315582,398.08728,359.088745,393.607635,438.708954,536.799866,447.01001,400.501892,357.333801,396.011902,441.389404,540.080811,481.494354,431.397858,384.481659,426.878265,475.791931,582.174377,478.807281,428.990784,37.787903,176790.174907,377.58546,91.561002,0,false,false,0.0,-0.01,0
2,48,2.4,-21.105736,10.905875,1.620703,-0.801323,17473.93996,0.0,0.0,0.0,0.03104,0.039958,-135.128128,0.0,0.0,0.0,0.0,0.0,0.0,3.0,353654.321739,690.385237,66639.459389,0.060762,0,0,0,0,0,0,0,0,0,0,391.601807,424.463745,473.100006,544.692078,444.317535,398.087891,359.086334,393.606262,438.706146,536.794312,447.010529,400.501221,357.336609,396.009247,441.385132,540.073486,481.497406,431.399353,384.488312,426.877625,475.789856,582.169556,478.811768,428.993561,37.787903,176790.173381,379.233508,90.85331,0,false,false,0.0,-0.01,0
2,49,2.45,-21.10658,62510.200704,1.620415,62499.180908,17473.939944,-0.025307,-0.027535,0.00792,0.031191,0.03944,-135.12854,0.0,0.0,0.0,0.0,0.0,0.0,3.0,353653.451458,692.919235,66255.285344,0.106211,0,0,0,0,0,0,0,0,0,0,391.599792,424.463776,473.09903,544.695435,444.318909,398.088226,359.083893,393.605103,438.703918,536.789978,447.011444,400.50116,357.339325,396.00766,441.382416,540.068542,481.499847,431.400574,384.49292,426.877228,475.788361,582.166016,478.814667,428.995209,37.787918,176790.170669,380.483162,92.45118,0,false,false,0.0,-0.01,0
2,50,2.5,-21.107522,10.906818,1.619908,-0.800816,17473.939943,-0.001333,-0.00231,0.000695,0.031199,0.039298,-135.128952,0.0,0.0,0.0,0.0,0.0,0.0,3.0,353652.927913,695.777547,65734.717313,0.16584,0,0,0,0,0,0,0,0,0,0,391.597778,424.46402,473.098206,544.698975,444.320435,398.088715,359.081665,393.604034,438.701721,536.785645,447.012146,400.500885,357.341797,396.005829,441.379395,540.063171,481.502258,431.401764,384.497833,426.876709,475.786713,582.16217,478.817871,428.997131,37.787918,176790.168678,381.774839,92.891294,0,false,false,0.0,-0.01,0
2,51,2.55,-21.109217,62510.202399,1.618789,62499.182027,17473.939948,0.0,0.0,0.0,0.031146,0.040055,-135.129501,0.0,0.0,0.0,0.0,0.0,0.0,3.0,353653.51501,699.403941,65326.060691,0.211465,0,0,0,0,0,0,0,0,0,0,391.595856,424.464996,473.097931,544.703613,444.322418,398.089294,359.07962,393.602631,438.698853,536.780029,447.012299,400.499847,357.34433,396.002777,441.374695,540.055237,481.505371,431.40329,384.504974,426.876068,475.784607,582.157288,478.822815,429.000275,37.787914,176790.168258,383.448192,90.555989,0,false,false,0.0,-0.01,0
2,52,2.6,-21.113315,10.910916,1.615714,-0.797741,17473.939887,0.135016,0.109731,0.016455,0.031677,0.045302,-135.129974,0.0,0.0,0.0,0.0,0.0,0.0,3.0,353659.061166,702.105941,64726.255457,0.273477,0,0,0,0,0,0,0,0,0,0,391.59787,424.46933,473.101532,544.707214,444.323761,398.089478,359.08136,393.601013,438.695923,536.774536,447.008667,400.495514,357.343719,395.996674,441.36673,540.04364,481.508575,431.40506,384.515656,426.875885,475.783173,582.153442,478.831055,429.006531,37.787975,176790.177627,384.944919,74.370758,0,false,false,0.0,-0.01,0
2,53,2.65,-21.112616,62510.2017,1.617148,62499.180593,17473.939845,-0.027315,-0.03244,0.009229,0.032099,0.041089,-135.13031,0.0,0.0,0.0,0.0,0.0,0.0,3.0,353653.988251,703.889285,64330.504301,0.323281,0,0,0,0,0,0,0,0,0,0,391.594299,424.467102,473.098206,544.709595,444.324646,398.089539,359.076569,393.599854,438.693848,536.770691,447.011871,400.497681,357.348328,395.997589,441.367004,540.042603,481.510773,431.40625,384.516998,426.875732,475.782166,582.150818,478.830872,429.005615,37.788017,176790.167964,385.956949,87.37327,0,false,false,0.0,-0.01,0
2,54,2.7,-21.113659,10.911959,1.616808,-0.797401,17473.93983,0.010006,0.007528,0.001179,0.032249,0.04022,-135.130859,0.0,0.0,0.0,0.0,0.0,0.0,3.0,353652.606569,707.391232,63762.541614,0.386914,0,0,0,0,0,0,0,0,0,0,391.591461,424.467041,473.096741,544.71405,444.326508,398.090057,359.073181,393.598358,438.690887,536.764954,447.013214,400.497711,357.35199,395.995575,441.363464,540.036133,481.513977,431.407867,384.523041,426.875183,475.780151,582.145996,478.834625,429.007751,37.788033,176790.163934,387.630482,90.05761,1,true,false,0.0,-0.01,0
2,55,2.75,-21.114588,62510.202629,1.616346,62499.181055,17473.939849,0.0,0.0,0.0,0.032081,0.03945,-135.131409,0.0,0.0,0.0,0.0,0.0,0.0,3.0,353651.34924,711.298191,63189.047034,0.450879,0,0,0,0,0,0,0,0,0,0,391.588348,424.466949,473.095276,544.718872,444.328613,398.090729,359.069916,393.596985,438.68808,536.759338,447.014557,400.497711,357.355499,395.993561,441.359894,540.029541,481.517059,431.409302,384.528961,426.87442,475.777893,582.14093,478.83844,429.009857,37.788013,176790.15996,389.329108,92.430636,0,true,false,0.0,-0.01,0
2,56,2.8,-21.116153,10.913524,1.615331,-0.796386,17473.939834,-0.036167,-0.038631,0.011207,0.032212,0.040467,-135.131821,0.0,0.0,0.0,0.0,0.0,0.0,3.0,353652.154035,713.94216,62732.528153,0.500664,0,0,0,0,0,0,0,0,0,0,391.587311,424.468048,473.095428,544.722229,444.329987,398.091125,359.068665,393.595856,438.685822,536.754944,447.014313,400.496613,357.357208,395.990936,441.355957,540.023132,481.519501,431.410553,384.534851,426.874023,475.776398,582.137329,478.84256,429.012604,37.788029,176790.160599,390.596959,89.296125,0,true,false,0.0,-0.01,0
2,57,2.85,-21.115989,62510.202465,1.615666,62499.18072,17473.939872,-0.00165,0.002602,0.000543,0.031867,0.038255,-135.132217,0.0,0.0,0.0,0.0,0.0,0.0,3.0,353649.33487,717.138658,62160.981444,0.564395,0,0,0,0,0,0,0,0,0,0,391.583801,424.466888,473.093079,544.725952,444.331665,398.091736,359.065094,393.594971,438.683899,536.750977,447.016541,400.497742,357.360718,395.99054,441.354584,540.019836,481.521606,431.411499,384.537781,426.873322,475.774597,582.133362,478.844086,429.013031,37.787987,176790.153908,391.844121,96.118609,0,true,false,0.0,-0.01,0
2,58,2.9,-21.117671,10.915206,1.614373,-0.795093,17473.939901,0.0,0.0,0.0,0.031596,0.039206,-135.132767,0.0,0.0,0.0,0.0,0.0,0.0,3.0,353650.053839,721.027621,61695.926836,0.613848,0,0,0,0,0,0,0,0,0,0,391.581848,424.467987,473.092957,544.730713,444.333801,398.092468,359.063293,393.593719,438.681213,536.745544,447.016571,400.496582,357.362976,395.987366,441.349762,540.01178,481.524567,431.412872,384.544922,426.872559,475.772339,582.128296,478.849152,429.016327,37.78796,176790.153871,393.515523,93.182817,0,true,false,0.0,-0.01,0
2,59,2.95,-21.118284,62510.203078,1.614046,62499.181047,17473.939927,-0.006415,-0.004438,0.001409,0.031355,0.038559,-135.133179,0.0,0.0,0.0,0.0,0.0,0.0,3.0,353648.945173,724.169614,61091.846454,0.679141,0,0,0,0,0,0,0,0,0,0,391.579407,424.467865,473.091736,544.734375,444.335419,398.093048,359.060822,393.592743,438.679138,536.741394,447.01767,400.496674,357.365631,395.985931,441.347168,540.006958,481.526825,431.41394,384.549255,426.871948,475.770599,582.12439,478.851929,429.017853,37.787933,176790.15063,394.790809,95.178065,0,true,false,0.0,-0.01,0
2,60,3.0,-21.120156,10.917078,1.612674,-0.793721,17473.939962,0.023434,0.019807,0.002756,0.031022,0.039262,-135.133865,0.0,0.0,0.0,0.0,0.0,0.0,3.0,353649.263629,729.175365,60459.222508,0.745215,0,0,0,0,0,0,0,0,0,0,391.576447,424.468872,473.091095,544.74054,444.338165,398.093994,359.058014,393.591095,438.67569,536.734436,447.018188,400.495605,357.368988,395.982269,441.341431,539.997192,481.53064,431.415741,384.557953,426.870941,475.76767,582.117859,478.857971,429.021637,37.787899,176790.149249,396.947221,93.009189,0,true,false,0.0,-0.01,0
2,61,3.05,-21.121013,62510.203935,1.612175,62499.181546,17473.939973,0.004305,0.002522,0.000503,0.030909,0.039065,-135.134293,0.0,0.0,0.0,0.0,0.0,0.0,3.0,353648.729987,732.161338,59984.677003,0.795488,0,0,0,0,0,0,0,0,0,0,391.57428,424.469025,473.090179,544.744202,444.339783,398.094513,359.055725,393.590057,438.673523,536.730103,447.018982,400.495422,357.37149,395.980499,441.33844,539.991882,481.53302,431.41684,384.562744,426.870361,475.76593,582.113892,478.861145,429.023468,37.787888,176790.146952,398.252449,93.615757,0,true,false,0.0,-0.01,0
2,62,3.1,-21.122674,10.918739,1.611128,-0.792674,17473.939968,0.0,0.0,0.0,0.030959,0.039693,-135.134857,0.0,0.0,0.0,0.0,0.0,0.0,3.0,353648.936205,735.909785,59329.756783,0.863242,0,0,0,0,0,0,0,0,0,0,391.572174,424.46991,473.089752,544.748962,444.341797,398.095123,359.053436,393.588593,438.670563,536.724304,447.019318,400.494507,357.374268,395.977509,441.333771,539.983948,481.536224,431.418427,384.569977,426.86969,475.763794,582.108887,478.866058,429.026611,37.787891,176790.145988,399.977195,91.680442,0,true,false,0.0,-0.01,0
2,63,3.15,-21.123707,62510.204968,1.61072,62499.181954,17473.939962,-0.025947,-0.027092,0.007843,0.031018,0.039006,-135.135406,0.0,0.0,0.0,0.0,0.0,0.0,3.0,353647.772196,739.626571,58673.543953,0.931777,0,0,0,0,0,0,0,0,0,0,391.569214,424.469879,473.088287,544.753601,444.343781,398.095703,359.050079,393.587128,438.667603,536.718506,447.02063,400.494476,357.377899,395.975433,441.330139,539.977295,481.539459,431.420013,384.57608,426.869049,475.761658,582.103882,478.869934,429.028778,37.787899,176790.142017,401.687537,93.800358,0,true,false,0.0,-0.01,0
2,64,3.2,-21.124516,10.919548,1.610264,-0.792217,17473.939977,0.00231,0.001462,0.000181,0.030886,0.038708,-135.135818,0.0,0.0,0.0,0.0,0.0,0.0,3.0,353647.127376,742.562553,58176.55588,0.982441,0,0,0,0,0,0,0,0,0,0,391.567078,424.470001,473.087372,544.757202,444.345337,398.096222,359.047852,393.586121,438.665527,536.714294,447.021454,400.494324,357.380371,395.973724,441.327301,539.972168,481.541748,431.421112,384.580719,426.8685,475.759979,582.100098,478.872955,429.030548,37.787884,176790.13954,402.953547,94.721739,0,true,false,0.0,-0.01,0
2,65,3.25,-21.12519,62510.205642,1.609898,62499.182319,17473.939995,-0.002094,-0.000722,0.000516,0.030723,0.038165,-135.136246,0.0,0.0,0.0,0.0,0.0,0.0,3.0,353646.128436,745.702213,57511.324338,1.050312,0,0,0,0,0,0,0,0,0,0,391.564606,424.46991,473.086212,544.760925,444.346985,398.096771,359.045349,393.585114,438.663391,536.710022,447.022522,400.494385,357.383057,395.972198,441.324554,539.967163,481.544067,431.422211,384.585205,426.867889,475.758209,582.096069,478.875854,429.032166,37.787865,176790.136383,404.261924,96.395056,0,true,false,0.0,-0.01,0
2,66,3.3,-21.128975,10.923334,1.606883,-0.789202,17473.939984,0.0,0.0,0.0,0.030791,0.042634,-135.136917,0.0,0.0,0.0,0.0,0.0,0.0,3.0,353650.097493,750.188668,56777.673687,1.118516,0,0,0,0,0,0,0,0,0,0,391.564606,424.473572,473.088593,544.766602,444.349426,398.097504,359.045532,393.583344,438.659821,536.703003,447.02005,400.490692,357.383942,395.966003,441.316071,539.954041,481.548004,431.424164,384.596954,426.867126,475.755646,582.090088,478.884705,429.038513,37.787876,176790.143385,406.349816,82.60825,0,true,false,0.0,-0.01,0
2,67,3.35,-21.128806,62510.205472,1.607652,62499.18155,17473.93996,-0.021146,-0.025328,0.007182,0.031029,0.039897,-135.137268,0.0,0.0,0.0,0.0,0.0,0.0,3.0,353647.011223,752.422787,56268.650285,1.172813,0,0,0,0,0,0,0,0,0,0,391.561554,424.472198,473.086121,544.769409,444.350525,398.097717,359.041656,393.582245,438.657776,536.699097,447.02243,400.492035,357.387756,395.966034,441.315247,539.95166,481.550232,431.425323,384.599426,426.866852,475.754425,582.087036,478.885651,429.038544,37.787899,176790.136057,407.442604,91.055446,0,true,false,0.0,-0.01,0
2,68,3.4,-21.129349,10.923876,1.607556,-0.789106,17473.939982,0.004529,0.005047,0.000523,0.030841,0.038326,-135.137833,0.0,0.0,0.0,0.0,0.0,0.0,3.0,353644.991973,756.465024,55575.02988,1.24166,0,0,0,0,0,0,0,0,0,0,391.5578,424.471527,473.083954,544.774353,444.352692,398.09845,359.037659,393.580902,438.654907,536.693359,447.024445,400.492645,357.391907,395.964508,441.312195,539.945679,481.553314,431.426788,384.604828,426.866058,475.752075,582.081787,478.888916,429.040131,37.78788,176790.129928,409.18245,95.902202,0,true,false,0.0,-0.01,0
2,69,3.45,-21.131059,62510.207182,1.60639,62499.182716,17473.939968,0.0,0.0,0.0,0.030971,0.039725,-135.13826,0.0,0.0,0.0,0.0,0.0,0.0,3.0,353645.971069,759.225603,55017.908351,1.29459,0,0,0,0,0,0,0,0,0,0,391.556885,424.472809,473.08432,544.777832,444.354126,398.098846,359.036591,393.579742,438.652649,536.688904,447.023987,400.491333,357.393463,395.961639,441.308014,539.938904,481.555817,431.42804,384.611023,426.865631,475.750519,582.078125,478.893311,429.043121,37.787891,176790.131248,410.477432,91.586664,0,true,false,0.0,-0.01,0
2,70,3.5,-21.132447,10.925264,1.605688,-0.788404,17473.939932,-0.001314,-0.005038,0.001375,0.031298,0.040195,-135.138626,0.0,0.0,0.0,0.0,0.0,0.0,3.0,353645.902164,761.549585,54272.887231,1.365703,0,0,0,0,0,0,0,0,0,0,391.55603,424.473633,473.08429,544.780579,444.355194,398.09903,359.035187,393.578583,438.650482,536.684875,447.023926,400.490479,357.395264,395.959473,441.304718,539.933411,481.558167,431.429291,384.61618,426.865417,475.749359,582.075134,478.89679,429.04538,37.78793,176790.130873,411.59387,90.140984,0,true,false,0.0,-0.01,0
2,71,3.55,-21.133348,62510.208084,1.605343,62499.183061,17473.939934,-0.00416,-0.004449,0.001177,0.031282,0.03924,-135.13916,0.0,0.0,0.0,0.0,0.0,0.0,3.0,353644.486576,765.306619,53537.686862,1.435996,0,0,0,0,0,0,0,0,0,0,391.552979,424.47348,473.082733,544.785217,444.357178,398.09964,359.031799,393.577179,438.647644,536.67926,447.02536,400.49057,357.398895,395.95755,441.3013,539.927124,481.561249,431.430786,384.621979,426.864746,475.747223,582.07019,478.900421,429.047394,37.787926,176790.126335,413.262881,93.086589,0,true,false,0.0,-0.01,0
2,72,3.6,-21.134599,10.926515,1.604561,-0.787622,17473.939952,-0.013984,-0.015861,0.004383,0.031124,0.03918,-135.139725,0.0,0.0,0.0,0.0,0.0,0.0,3.0,353644.04082,769.243946,52971.607482,1.488965,0,0,0,0,0,0,0,0,0,0,391.550232,424.473846,473.081726,544.7901,444.359344,398.100342,359.028992,393.575806,438.644775,536.673523,447.026245,400.490173,357.402069,395.955017,441.29715,539.9198,481.564392,431.432281,384.628571,426.863983,475.744934,582.064941,478.904816,429.050018,37.78791,176790.123595,415.004273,93.272363,0,true,false,0.0,-0.01,0
2,73,3.65,-21.137029,62510.210514,1.603234,62499.184388,17473.939879,0.0,0.0,0.0,0.031783,0.040719,-135.140167,0.0,0.0,0.0,0.0,0.0,0.0,3.0,353644.904092,771.769712,52168.277241,1.562031,0,0,0,0,0,0,0,0,0,0,391.550262,424.475769,473.082733,544.793213,444.360413,398.100372,359.028137,393.574219,438.641968,536.668396,447.025177,400.488251,357.403595,395.951477,441.292175,539.911926,481.567413,431.43399,384.636047,426.863953,475.743744,582.061646,478.910004,429.05365,37.787983,176790.125524,416.350994,88.528499,0,true,false,0.0,-0.01,0
2,74,3.7,-21.137881,10.927367,1.60296,-0.787348,17473.939864,-0.006363,-0.009466,0.002498,0.031929,0.04013,-135.140564,0.0,0.0,0.0,0.0,0.0,0.0,3.0,353643.951853,774.461941,51582.124902,1.615684,0,0,0,0,0,0,0,0,0,0,391.548279,424.475769,473.081726,544.796509,444.361755,398.100708,359.025665,393.573059,438.639709,536.664001,447.026093,400.48819,357.406311,395.949921,441.289459,539.907043,481.569885,431.435242,384.640656,426.863556,475.742279,582.058167,478.912903,429.055298,37.787998,176790.122455,417.599402,90.348872,0,true,false,0.0,-0.01,0
2,75,3.75,-21.138796,62510.211429,1.602478,62499.18487,17473.93989,0.01752,0.015833,0.001999,0.031695,0.039352,-135.141113,0.0,0.0,0.0,0.0,0.0,0.0,3.0,353642.709553,778.517444,50803.744247,1.686016,0,0,0,0,0,0,0,0,0,0,391.545135,424.475708,473.080231,544.801331,444.363892,398.10144,359.0224,393.571716,438.636932,536.658386,447.027435,400.48819,357.409821,395.947876,441.285858,539.900452,481.572906,431.436676,384.646576,426.862793,475.73999,582.052979,478.916718,429.057434,37.787971,176790.118162,419.305706,92.749172,0,true,false,0.0,-0.01,0
2,76,3.8,-21.140318,10.928889,1.601383,-0.786253,17473.939914,0.0436,0.037533,0.005161,0.031466,0.039894,-135.141678,0.0,0.0,0.0,0.0,0.0,0.0,3.0,353642.635244,782.599932,50004.369334,1.756152,0,0,0,0,0,0,0,0,0,0,391.542816,424.476532,473.079742,544.806213,444.366058,398.102173,359.020172,393.570404,438.634125,536.652771,447.027832,400.487335,357.412506,395.944946,441.28125,539.892578,481.575989,431.438141,384.653595,426.862,475.737701,582.047791,478.92157,429.060486,37.787945,176790.116789,421.027579,91.076642,0,true,false,0.0,-0.01,0
2,77,3.85,-21.141992,62510.213102,1.60038,62499.185873,17473.939884,-0.003074,-0.009766,0.002629,0.031738,0.040997,-135.142059,0.0,0.0,0.0,0.0,0.0,0.0,3.0,353643.155766,785.100397,49376.766116,1.810801,0,0,0,0,0,0,0,0,0,0,391.542114,424.477722,473.080078,544.809265,444.367249,398.102417,359.019073,393.569183,438.631897,536.648499,447.027405,400.486115,357.414062,395.942291,441.277374,539.886292,481.57843,431.439423,384.659454,426.861725,475.736389,582.044495,478.925659,429.063232,37.787975,176790.117547,422.224522,87.675625,0,true,false,0.0,-0.01,0
2,78,3.9,-21.142427,10.929324,1.600424,-0.786298,17473.939899,0.003208,0.003261,0.0003,0.031618,0.039101,-135.142639,0.0,0.0,0.0,0.0,0.0,0.0,3.0,353640.959497,789.162272,48574.847727,1.881191,0,0,0,0,0,0,0,0,0,0,391.538177,424.476898,473.077698,544.814209,444.369415,398.103119,359.014801,393.56781,438.628998,536.6427,447.029663,400.486908,357.418457,395.940948,441.274536,539.880554,481.581604,431.440918,384.664703,426.860931,475.73407,582.039246,478.928711,429.064667,37.787964,176790.110625,423.979546,93.525626,0,true,false,0.0,-0.01,0
2,79,3.95,-21.146208,62510.216884,1.5974,62499.188898,17473.939853,0.118836,0.096402,0.014482,0.032,0.044568,-135.14296,0.0,0.0,0.0,0.0,0.0,0.0,3.0,353645.099723,791.219167,47887.829923,1.934277,0,0,0,0,0,0,0,0,0,0,391.541016,424.481262,473.081726,544.816589,444.3703,398.10321,359.017609,393.566681,438.626984,536.638977,447.025574,400.482544,357.416687,395.935394,441.267578,539.870789,481.583832,431.442169,384.673615,426.86087,475.733185,582.036743,478.935883,429.070343,37.788006,176790.121137,424.987187,76.658232,0,true,false,0.0,-0.01,0
2,80,4.0,-21.185269,10.968385,1.561099,-0.749996,17473.932912,0.861752,0.799144,0.156864,0.034811,0.122469,-135.142929,0.0,0.0,0.0,0.0,0.0,0.0,3.0,353709.014298,789.304741,46901.384209,1.954043,0,0,0,0,0,0,0,0,0,0,391.597443,424.537292,473.144226,544.814697,444.368805,398.101929,359.079895,393.565491,438.625702,536.637512,446.964722,400.428101,357.366089,395.881104,441.207123,539.796936,481.586914,431.444977,384.739838,426.8638,475.736481,582.040894,478.998352,429.126343,37.794949,176790.115103,425.049136,-163.695495,0,true,false,0.0,-0.01,0
2,81,4.05,-21.185269,62510.216884,1.561099,62499.188898,17473.932912,0.861752,0.799144,0.156864,0.034811,0.122469,-135.142929,0.0,0.0,0.0,0.0,0.0,0.0,3.0,353709.014298,789.304741,46901.384209,1.954043,0,0,0,0,0,0,0,0,0,0,391.597443,424.537292,473.144226,544.814697,444.368805,398.101929,359.079895,393.565491,438.625702,536.637512,446.964722,400.428101,357.366089,395.881104,441.207123,539.796936,481.586914,431.444977,384.739838,426.8638,475.736481,582.040894,478.998352,429.126343,37.794949,176790.115103,425.049136,-163.695495,0,true,false,0.0,-0.01,0
2,82,4.1,-21.185269,10.968385,1.561099,-0.749996,17473.932912,0.861752,0.799144,0.156864,0.034811,0.122469,-135.142929,0.0,0.0,0.0,0.0,0.0,0.0,3.0,353709.014298,789.304741,46901.384209,1.954043,0,0,0,0,0,0,0,0,0,0,391.597443,424.537292,473.144226,544.814697,444.368805,398.101929,359.079895,393.565491,438.625702,536.637512,446.964722,400.428101,357.366089,395.881104,441.207123,539.796936,481.586914,431.444977,384.739838,426.8638,475.736481,582.040894,478.998352,429.126343,37.794949,176790.115103,425.049136,-163.695495,0,true,false,0.0,-0.01,0
2,83,4.15,-21.185269,62510.216884,1.561099,62499.188898,17473.932912,0.861752,0.799144,0.156864,0.034811,0.122469,-135.142929,0.0,0.0,0.0,0.0,0.0,0.0,3.0,353709.014298,789.304741,46901.384209,1.954043,0,0,0,0,0,0,0,0,0,0,391.597443,424.537292,473.144226,544.814697,444.368805,398.101929,359.079895,393.565491,438.625702,536.637512,446.964722,400.428101,357.366089,395.881104,441.207123,539.796936,481.586914,431.444977,384.739838,426.8638,475.736481,582.040894,478.998352,429.126343,37.794949,176790.115103,425.049136,-163.695495,0,true,false,0.0,-0.01,0
2,84,4.2,-21.185269,10.968385,1.561099,-0.749996,17473.932912,0.861752,0.799144,0.156864,0.034811,0.122469,-135.142929,0.0,0.0,0.0,0.0,0.0,0.0,3.0,353709.014298,789.304741,46901.384209,1.954043,0,0,0,0,0,0,0,0,0,0,391.597443,424.537292,473.144226,544.814697,444.368805,398.101929,359.079895,393.565491,438.625702,536.637512,446.964722,400.428101,357.366089,395.881104,441.207123,539.796936,481.586914,431.444977,384.739838,426.8638,475.736481,582.040894,478.998352,429.126343,37.794949,176790.115103,425.049136,-163.695495,0,true,false,0.0,-0.01,0
2,85,4.25,-21.185269,62510.216884,1.561099,62499.188898,17473.932912,0.861752,0.799144,0.156864,0.034811,0.122469,-135.142929,0.0,0.0,0.0,0.0,0.0,0.0,3.0,353709.014298,789.304741,46901.384209,1.954043,0,0,0,0,0,0,0,0,0,0,391.597443,424.537292,473.144226,544.814697,444.368805,398.101929,359.079895,393.565491,438.625702,536.637512,446.964722,400.428101,357.366089,395.881104,441.207123,539.796936,481.586914,431.444977,384.739838,426.8638,475.736481,582.040894,478.998352,429.126343,37.794949,176790.115103,425.049136,-163.695495,0,true,false,0.0,-0.01,0
2,86,4.3,-21.210092,10.993208,1.538991,-0.727889,17473.92855,0.535985,0.473736,0.094678,0.037656,0.167787,-135.142807,0.0,0.0,0.0,0.0,0.0,0.0,3.0,353744.641314,786.741026,46111.852301,1.996328,0,0,0,0,0,0,0,0,0,0,391.634583,424.572723,473.184021,544.81189,444.366943,398.100494,359.119019,393.564514,438.624908,536.637024,446.926697,400.394287,357.33493,395.847778,441.170258,539.752319,481.589508,431.447601,384.781219,426.866882,475.740234,582.046021,479.037079,429.161346,37.799313,176789.964198,424.77432,-303.510413,0,true,false,0.0,-0.01,0
2,87,4.35,-21.210092,62510.216884,1.538991,62499.188898,17473.92855,0.535985,0.473736,0.094678,0.037656,0.167787,-135.142807,0.0,0.0,0.0,0.0,0.0,0.0,3.0,353744.641314,786.741026,46111.852301,1.996328,0,0,0,0,0,0,0,0,0,0,391.634583,424.572723,473.184021,544.81189,444.366943,398.100494,359.119019,393.564514,438.624908,536.637024,446.926697,400.394287,357.33493,395.847778,441.170258,539.752319,481.589508,431.447601,384.781219,426.866882,475.740234,582.046021,479.037079,429.161346,37.799313,176789.964198,424.77432,-303.510413,0,true,false,0.0,-0.01,0
2,88,4.4,-21.210092,10.993208,1.538991,-0.727889,17473.92855,0.535985,0.473736,0.094678,0.037656,0.167787,-135.142807,0.0,0.0,0.0,0.0,0.0,0.0,3.0,353744.641314,786.741026,46111.852301,1.996328,0,0,0,0,0,0,0,0,0,0,391.634583,424.572723,473.184021,544.81189,444.366943,398.100494,359.119019,393.564514,438.624908,536.637024,446.926697,400.394287,357.33493,395.847778,441.170258,539.752319,481.589508,431.447601,384.781219,426.866882,475.740234,582.046021,479.037079,429.161346,37.799313,176789.964198,424.77432,-303.510413,0,true,false,0.0,-0.01,0
2,89,4.45,-21.210092,62510.216884,1.538991,62499.188898,17473.92855,0.535985,0.473736,0.094678,0.037656,0.167787,-135.142807,0.0,0.0,0.0,0.0,0.0,0.0,3.0,353744.641314,786.741026,46111.852301,1.996328,0,0,0,0,0,0,0,0,0,0,391.634583,424.572723,473.184021,544.81189,444.366943,398.100494,359.119019,393.564514,438.624908,536.637024,446.926697,400.394287,357.33493,395.847778,441.170258,539.752319,481.589508,431.447601,384.781219,426.866882,475.740234,582.046021,479.037079,429.161346,37.799313,176789.964198,424.77432,-303.510413,0,true,false,0.0,-0.01,0
2,90,4.5,-21.210092,10.993208,1.538991,-0.727889,17473.92855,0.535985,0.473736,0.094678,0.037656,0.167787,-135.142807,0.0,0.0,0.0,0.0,0.0,0.0,3.0,353744.641314,786.741026,46111.852301,1.996328,0,0,0,0,0,0,0,0,0,0,391.634583,424.572723,473.184021,544.81189,444.366943,398.100494,359.119019,393.564514,438.624908,536.637024,446.926697,400.394287,357.33493,395.847778,441.170258,539.752319,481.589508,431.447601,384.781219,426.866882,475.740234,582.046021,479.037079,429.161346,37.799313,176789.964198,424.77432,-303.510413,0,true,false,0.0,-0.01,0
2,91,4.55,-21.210092,62510.216884,1.538991,62499.188898,17473.92855,0.535985,0.473736,0.094678,0.037656,0.167787,-135.142807,0.0,0.0,0.0,0.0,0.0,0.0,3.0,353744.641314,786.741026,46111.852301,1.996328,0,0,0,0,0,0,0,0,0,0,391.634583,424.572723,473.184021,544.81189,444.366943,398.100494,359.119019,393.564514,438.624908,536.637024,446.926697,400.394287,357.33493,395.847778,441.170258,539.752319,481.589508,431.447601,384.781219,426.866882,475.740234,582.046021,479.037079,429.161346,37.799313,176789.964198,424.77432,-303.510413,0,true,false,0.0,-0.01,0
2,92,4.6,-21.210092,10.993208,1.538991,-0.727889,17473.92855,0.535985,0.473736,0.094678,0.037656,0.167787,-135.142807,0.0,0.0,0.0,0.0,0.0,0.0,3.0,353744.641314,786.741026,46111.852301,1.996328,0,0,0,0,0,0,0,0,0,0,391.634583,424.572723,473.184021,544.81189,444.366943,398.100494,359.119019,393.564514,438.624908,536.637024,446.926697,400.394287,357.33493,395.847778,441.170258,539.752319,481.589508,431.447601,384.781219,426.866882,475.740234,582.046021,479.037079,429.161346,37.799313,176789.964198,424.77432,-303.510413,0,true,false,0.0,-0.01,0
2,93,4.65,-21.226632,62510.233424,1.525164,62499.202725,17473.926024,0.346715,0.284375,0.059106,0.040521,0.194106,-135.142654,0.0,0.0,0.0,0.0,0.0,0.0,3.0,353764.132659,783.902623,45435.422948,2.038574,0,0,0,0,0,0,0,0,0,0,391.660156,424.595856,473.210236,544.808411,444.364624,398.098785,359.144348,393.563385,438.624054,536.636597,446.901794,400.372314,357.314972,395.826447,441.146881,539.724304,481.591644,431.44989,384.808044,426.869812,475.743896,582.051208,479.061829,429.183868,37.801838,176789.828671,424.34308,-384.702172,0,true,false,0.039305,-0.01,0
2,94,4.7,-21.226632,10.993208,1.525164,-0.727889,17473.926024,0.346715,0.284375,0.059106,0.040521,0.194106,-135.142654,0.0,0.0,0.0,0.0,0.0,0.0,3.0,353764.132659,783.902623,45435.422948,2.038574,0,0,0,0,0,0,0,0,0,0,391.660156,424.595856,473.210236,544.808411,444.364624,398.098785,359.144348,393.563385,438.624054,536.636597,446.901794,400.372314,357.314972,395.826447,441.146881,539.724304,481.591644,431.44989,384.808044,426.869812,475.743896,582.051208,479.061829,429.183868,37.801838,176789.828671,424.34308,-384.702172,0,true,false,0.039305,-0.01,0
2,95,4.75,-21.226632,62510.233424,1.525164,62499.202725,17473.926024,0.346715,0.284375,0.059106,0.040521,0.194106,-135.142654,0.0,0.0,0.0,0.0,0.0,0.0,3.0,353764.132659,783.902623,45435.422948,2.038574,0,0,0,0,0,0,0,0,0,0,391.660156,424.595856,473.210236,544.808411,444.364624,398.098785,359.144348,393.563385,438.624054,536.636597,446.901794,400.372314,357.314972,395.826447,441.146881,539.724304,481.591644,431.44989,384.808044,426.869812,475.743896,582.051208,479.061829,429.183868,37.801838,176789.828671,424.34308,-384.702172,0,true,false,0.039305,-0.01,0
2,96,4.8,-21.226632,10.993208,1.525164,-0.727889,17473.926024,0.346715,0.284375,0.059106,0.040521,0.194106,-135.142654,0.0,0.0,0.0,0.0,0.0,0.0,3.0,353764.132659,783.902623,45435.422948,2.038574,0,0,0,0,0,0,0,0,0,0,391.660156,424.595856,473.210236,544.808411,444.364624,398.098785,359.144348,393.563385,438.624054,536.636597,446.901794,400.372314,357.314972,395.826447,441.146881,539.724304,481.591644,431.44989,384.808044,426.869812,475.743896,582.051208,479.061829,429.183868,37.801838,176789.828671,424.34308,-384.702172,0,true,false,0.039305,-0.01,0
2,97,4.85,-21.226632,62510.233424,1.525164,62499.202725,17473.926024,0.346715,0.284375,0.059106,0.040521,0.194106,-135.142654,0.0,0.0,0.0,0.0,0.0,0.0,3.0,353764.132659,783.902623,45435.422948,2.038574,0,0,0,0,0,0,0,0,0,0,391.660156,424.595856,473.210236,544.808411,444.364624,398.098785,359.144348,393.563385,438.624054,536.636597,446.901794,400.372314,357.314972,395.826447,441.146881,539.724304,481.591644,431.44989,384.808044,426.869812,475.743896,582.051208,479.061829,429.183868,37.801838,176789.828671,424.34308,-384.702172,0,true,false,0.039305,-0.01,0
2,98,4.9,-21.226632,10.993208,1.525164,-0.727889,17473.926024,0.346715,0.284375,0.059106,0.040521,0.194106,-135.142654,0.0,0.0,0.0,0.0,0.0,0.0,3.0,353764.132659,783.902623,45435.422948,2.038574,0,0,0,0,0,0,0,0,0,0,391.660156,424.595856,473.210236,544.808411,444.364624,398.098785,359.144348,393.563385,438.624054,536.636597,446.901794,400.372314,357.314972,395.826447,441.146881,539.724304,481.591644,431.44989,384.808044,426.869812,475.743896,582.051208,479.061829,429.183868,37.801838,176789.828671,424.34308,-384.702172,0,true,false,0.039305,-0.01,0
2,99,4.95,-21.226632,62510.233424,1.525164,62499.202725,17473.926024,0.346715,0.284375,0.059106,0.040521,0.194106,-135.142654,0.0,0.0,0.0,0.0,0.0,0.0,3.0,353764.132659,783.902623,45435.422948,2.038574,0,0,0,0,0,0,0,0,0,0,391.660156,424.595856,473.210236,544.808411,444.364624,398.098785,359.144348,393.563385,438.624054,536.636597,446.901794,400.372314,357.314972,395.826447,441.146881,539.724304,481.591644,431.44989,384.808044,426.869812,475.743896,582.051208,479.061829,429.183868,37.801838,176789.828671,424.34308,-384.702172,0,true,false,0.039305,-0.01,0
2,100,5.0,-21.238354,11.00493,1.516154,-0.718879,17473.924558,0.0,0.0,0.0,0.043428,0.209409,-135.142441,0.0,0.0,0.0,0.0,0.0,0.0,3.0,353774.422519,780.794217,44822.832118,2.080762,0,0,0,0,0,0,0,0,0,0,391.679077,424.611816,473.228546,544.80426,444.361908,398.096802,359.161713,393.562164,438.623138,536.636292,446.884338,400.357117,357.301392,395.812012,441.131287,539.706055,481.593323,431.451843,384.826233,426.872589,475.747528,582.056519,479.078247,429.199066,37.803303,176789.735708,423.766648,-431.899386,0,true,false,0.254359,-0.01,0
2,101,5.05,-21.238354,62510.233424,1.516154,62499.202725,17473.924558,0.0,0.0,0.0,0.043428,0.209409,-135.142441,0.0,0.0,0.0,0.0,0.0,0.0,3.0,353774.422519,780.794217,44822.832118,2.080762,0,0,0,0,0,0,0,0,0,0,391.679077,424.611816,473.228546,544.80426,444.361908,398.096802,359.161713,393.562164,438.623138,536.636292,446.884338,400.357117,357.301392,395.812012,441.131287,539.706055,481.593323,431.451843,384.826233,426.872589,475.747528,582.056519,479.078247,429.199066,37.803303,176789.735708,423.766648,-431.899386,0,true,false,0.254359,-0.01,0
2,102,5.1,-21.238354,11.00493,1.516154,-0.718879,17473.924558,0.0,0.0,0.0,0.043428,0.209409,-135.142441,0.0,0.0,0.0,0.0,0.0,0.0,3.0,353774.422519,780.794217,44822.832118,2.080762,0,0,0,0,0,0,0,0,0,0,391.679077,424.611816,473.228546,544.80426,444.361908,398.096802,359.161713,393.562164,438.623138,536.636292,446.884338,400.357117,357.301392,395.812012,441.131287,539.706055,481.593323,431.451843,384.826233,426.872589,475.747528,582.056519,479.078247,429.199066,37.803303,176789.735708,423.766648,-431.899386,0,true,false,0.254359,-0.01,0
2,103,5.15,-21.238354,62510.233424,1.516154,62499.202725,17473.924558,0.0,0.0,0.0,0.043428,0.209409,-135.142441,0.0,0.0,0.0,0.0,0.0,0.0,3.0,353774.422519,780.794217,44822.832118,2.080762,0,0,0,0,0,0,0,0,0,0,391.679077,424.611816,473.228546,544.80426,444.361908,398.096802,359.161713,393.562164,438.623138,536.636292,446.884338,400.357117,357.301392,395.812012,441.131287,539.706055,481.593323,431.451843,384.826233,426.872589,475.747528,582.056519,479.078247,429.199066,37.803303,176789.735708,423.766648,-431.899386,0,true,false,0.254359,-0.01,0
2,104,5.2,-21.238354,11.00493,1.516154,-0.718879,17473.924558,0.0,0.0,0.0,0.043428,0.209409,-135.142441,0.0,0.0,0.0,0.0,0.0,0.0,3.0,353774.422519,780.794217,44822.832118,2.080762,0,0,0,0,0,0,0,0,0,0,391.679077,424.611816,473.228546,544.80426,444.361908,398.096802,359.161713,393.562164,438.623138,536.636292,446.884338,400.357117,357.301392,395.812012,441.131287,539.706055,481.593323,431.451843,384.826233,426.872589,475.747528,582.056519,479.078247,429.199066,37.803303,176789.735708,423.766648,-431.899386,0,true,false,0.254359,-0.01,0
2,105,5.25,-21.238354,62510.233424,1.516154,62499.202725,17473.924558,0.0,0.0,0.0,0.043428,0.209409,-135.142441,0.0,0.0,0.0,0.0,0.0,0.0,3.0,353774.422519,780.794217,44822.832118,2.080762,0,0,0,0,0,0,0,0,0,0,391.679077,424.611816,473.228546,544.80426,444.361908,398.096802,359.161713,393.562164,438.623138,536.636292,446.884338,400.357117,357.301392,395.812012,441.131287,539.706055,481.593323,431.451843,384.826233,426.872589,475.747528,582.056519,479.078247,429.199066,37.803303,176789.735708,423.766648,-431.899386,0,true,false,0.254359,-0.01,0
2,106,5.3,-21.247296,11.013872,1.509949,-0.712674,17473.923711,0.173333,0.110079,0.026819,0.046357,0.218302,-135.142227,0.0,0.0,0.0,0.0,0.0,0.0,3.0,353779.431533,777.605654,44245.633011,2.122832,0,0,0,0,0,0,0,0,0,0,391.694061,424.623596,473.242218,544.799744,444.358948,398.094604,359.174377,393.560791,438.622131,536.635925,446.871216,400.345856,357.291534,395.801575,441.120178,539.693359,481.594757,431.453674,384.839417,426.875275,475.751099,582.061829,479.089844,429.209961,37.80415,176789.678824,423.130587,-459.320844,0,true,false,0.469413,-0.01,0
2,107,5.35,-21.247296,62510.233424,1.509949,62499.202725,17473.923711,0.173333,0.110079,0.026819,0.046357,0.218302,-135.142227,0.0,0.0,0.0,0.0,0.0,0.0,3.0,353779.431533,777.605654,44245.633011,2.122832,0,0,0,0,0,0,0,0,0,0,391.694061,424.623596,473.242218,544.799744,444.358948,398.094604,359.174377,393.560791,438.622131,536.635925,446.871216,400.345856,357.291534,395.801575,441.120178,539.693359,481.594757,431.453674,384.839417,426.875275,475.751099,582.061829,479.089844,429.209961,37.80415,176789.678824,423.130587,-459.320844,0,true,false,0.469413,-0.01,0
2,108,5.4,-21.247296,11.013872,1.509949,-0.712674,17473.923711,0.173333,0.110079,0.026819,0.046357,0.218302,-135.142227,0.0,0.0,0.0,0.0,0.0,0.0,3.0,353779.431533,777.605654,44245.633011,2.122832,0,0,0,0,0,0,0,0,0,0,391.694061,424.623596,473.242218,544.799744,444.358948,398.094604,359.174377,393.560791,438.622131,536.635925,446.871216,400.345856,357.291534,395.801575,441.120178,539.693359,481.594757,431.453674,384.839417,426.875275,475.751099,582.061829,479.089844,429.209961,37.80415,176789.678824,423.130587,-459.320844,0,true,false,0.469413,-0.01,0
2,109,5.45,-21.247296,62510.233424,1.509949,62499.202725,17473.923711,0.173333,0.110079,0.026819,0.046357,0.218302,-135.142227,0.0,0.0,0.0,0.0,0.0,0.0,3.0,353779.431533,777.605654,44245.633011,2.122832,0,0,0,0,0,0,0,0,0,0,391.694061,424.623596,473.242218,544.799744,444.358948,398.094604,359.174377,393.560791,438.622131,536.635925,446.871216,400.345856,357.291534,395.801575,441.120178,539.693359,481.594757,431.453674,384.839417,426.875275,475.751099,582.061829,479.089844,429.209961,37.80415,176789.678824,423.130587,-459.320844,0,true,false,0.469413,-0.01,0
2,110,5.5,-21.247296,11.013872,1.509949,-0.712674,17473.923711,0.173333,0.110079,0.026819,0.046357,0.218302,-135.142227,0.0,0.0,0.0,0.0,0.0,0.0,3.0,353779.431533,777.605654,44245.633011,2.122832,0,0,0,0,0,0,0,0,0,0,391.694061,424.623596,473.242218,544.799744,444.358948,398.094604,359.174377,393.560791,438.622131,536.635925,446.871216,400.345856,357.291534,395.801575,441.120178,539.693359,481.594757,431.453674,384.839417,426.875275,475.751099,582.061829,479.089844,429.209961,37.80415,176789.678824,423.130587,-459.320844,0,true,false,0.469413,-0.01,0
2,111,5.55,-21.247296,62510.233424,1.509949,62499.202725,17473.923711,0.173333,0.110079,0.026819,0.046357,0.218302,-135.142227,0.0,0.0,0.0,0.0,0.0,0.0,3.0,353779.431533,777.605654,44245.633011,2.122832,0,0,0,0,0,0,0,0,0,0,391.694061,424.623596,473.242218,544.799744,444.358948,398.094604,359.174377,393.560791,438.622131,536.635925,446.871216,400.345856,357.291534,395.801575,441.120178,539.693359,481.594757,431.453674,384.839417,426.875275,475.751099,582.061829,479.089844,429.209961,37.80415,176789.678824,423.130587,-459.320844,0,true,false,0.469413,-0.01,0
2,112,5.6,-21.247296,11.013872,1.509949,-0.712674,17473.923711,0.173333,0.110079,0.026819,0.046357,0.218302,-135.142227,0.0,0.0,0.0,0.0,0.0,0.0,3.0,353779.431533,777.605654,44245.633011,2.122832,0,0,0,0,0,0,0,0,0,0,391.694061,424.623596,473.242218,544.799744,444.358948,398.094604,359.174377,393.560791,438.622131,536.635925,446.871216,400.345856,357.291534,395.801575,441.120178,539.693359,481.594757,431.453674,384.839417,426.875275,475.751099,582.061829,479.089844,429.209961,37.80415,176789.678824,423.130587,-459.320844,0,true,false,0.469413,-0.01,0
2,113,5.65,-21.254621,62510.240749,1.505383,62499.207291,17473.923217,0.136469,0.072598,0.019961,0.049321,0.223472,-135.141998,0.0,0.0,0.0,0.0,0.0,0.0,3.0,353781.40543,774.39661,43687.249952,2.164785,0,0,0,0,0,0,0,0,0,0,391.706726,424.632874,473.253143,544.794983,444.355804,398.092285,359.184204,393.559296,438.621033,536.635498,446.860626,400.336853,357.283844,395.793427,441.111633,539.683777,481.596069,431.455383,384.849731,426.877899,475.754578,582.067078,479.098633,429.218353,37.804646,176789.646706,422.469974,-475.250981,0,true,false,0.684467,-0.01,0
2,114,5.7,-21.254621,11.013872,1.505383,-0.712674,17473.923217,0.136469,0.072598,0.019961,0.049321,0.223472,-135.141998,0.0,0.0,0.0,0.0,0.0,0.0,3.0,353781.40543,774.39661,43687.249952,2.164785,0,0,0,0,0,0,0,0,0,0,391.706726,424.632874,473.253143,544.794983,444.355804,398.092285,359.184204,393.559296,438.621033,536.635498,446.860626,400.336853,357.283844,395.793427,441.111633,539.683777,481.596069,431.455383,384.849731,426.877899,475.754578,582.067078,479.098633,429.218353,37.804646,176789.646706,422.469974,-475.250981,0,true,false,0.684467,-0.01,0
2,115,5.75,-21.254621,62510.240749,1.505383,62499.207291,17473.923217,0.136469,0.072598,0.019961,0.049321,0.223472,-135.141998,0.0,0.0,0.0,0.0,0.0,0.0,3.0,353781.40543,774.39661,43687.249952,2.164785,0,0,0,0,0,0,0,0,0,0,391.706726,424.632874,473.253143,544.794983,444.355804,398.092285,359.184204,393.559296,438.621033,536.635498,446.860626,400.336853,357.283844,395.793427,441.111633,539.683777,481.596069,431.455383,384.849731,426.877899,475.754578,582.067078,479.098633,429.218353,37.804646,176789.646706,422.469974,-475.250981,0,true,false,0.684467,-0.01,0
2,116,5.8,-21.254621,11.013872,1.505383,-0.712674,17473.923217,0.136469,0.072598,0.019961,0.049321,0.223472,-135.141998,0.0,0.0,0.0,0.0,0.0,0.0,3.0,353781.40543,774.39661,43687.249952,2.164785,0,0,0,0,0,0,0,0,0,0,391.706726,424.632874,473.253143,544.794983,444.355804,398.092285,359.184204,393.559296,438.621033,536.635498,446.860626,400.336853,357.283844,395.793427,441.111633,539.683777,481.596069,431.455383,384.849731,426.877899,475.754578,582.067078,479.098633,429.218353,37.804646,176789.646706,422.469974,-475.250981,0,true,false,0.684467,-0.01,0
2,117,5.85,-21.254621,62510.240749,1.505383,62499.207291,17473.923217,0.136469,0.072598,0.019961,0.049321,0.223472,-135.141998,0.0,0.0,0.0,0.0,0.0,0.0,3.0,353781.40543,774.39661,43687.249952,2.164785,0,0,0,0,0,0,0,0,0,0,391.706726,424.632874,473.253143,544.794983,444.355804,398.092285,359.184204,393.559296,438.621033,536.635498,446.860626,400.336853,357.283844,395.793427,441.111633,539.683777,481.596069,431.455383,384.849731,426.877899,475.754578,582.067078,479.098633,429.218353,37.804646,176789.646706,422.469974,-475.250981,0,true,false,0.684467,-0.01,0
2,118,5.9,-21.254621,11.013872,1.505383,-0.712674,17473.923217,0.136469,0.072598,0.019961,0.049321,0.223472,-135.141998,0.0,0.0,0.0,0.0,0.0,0.0,3.0,353781.40543,774.39661,43687.249952,2.164785,0,0,0,0,0,0,0,0,0,0,391.706726,424.632874,473.253143,544.794983,444.355804,398.092285,359.184204,393.559296,438.621033,536.635498,446.860626,400.336853,357.283844,395.793427,441.111633,539.683777,481.596069,431.455383,384.849731,426.877899,475.754578,582.067078,479.098633,429.218353,37.804646,176789.646706,422.469974,-475.250981,0,true,false,0.684467,-0.01,0
2,119,5.95,-21.254621,62510.240749,1.505383,62499.207291,17473.923217,0.136469,0.072598,0.019961,0.049321,0.223472,-135.141998,0.0,0.0,0.0,0.0,0.0,0.0,3.0,353781.40543,774.39661,43687.249952,2.164785,0,0,0,0,0,0,0,0,0,0,391.706726,424.632874,473.253143,544.794983,444.355804,398.092285,359.184204,393.559296,438.621033,536.635498,446.860626,400.336853,357.283844,395.793427,441.111633,539.683777,481.596069,431.455383,384.849731,426.877899,475.754578,582.067078,479.098633,429.218353,37.804646,176789.646706,422.469974,-475.250981,0,true,false,0.684467,-0.01,0
2,120,6.0,-21.261014,11.020264,1.501781,-0.709072,17473.92293,0.115193,0.050634,0.015977,0.052316,0.226482,-135.141754,0.0,0.0,0.0,0.0,0.0,0.0,3.0,353781.634215,771.12008,43138.021753,2.206602,0,0,0,0,0,0,0,0,0,0,391.71814,424.640747,473.262543,544.789978,444.352539,398.089874,359.192505,393.5578,438.619904,536.635071,446.85144,400.329163,357.277405,395.786621,441.104614,539.676147,481.59729,431.457001,384.858307,426.880493,475.758118,582.072388,479.105743,429.225281,37.804932,176789.630317,421.757825,-484.5184,0,true,false,0.899521,-0.01,0
2,121,6.05,-21.261014,62510.240749,1.501781,62499.207291,17473.92293,0.115193,0.050634,0.015977,0.052316,0.226482,-135.141754,0.0,0.0,0.0,0.0,0.0,0.0,3.0,353781.634215,771.12008,43138.021753,2.206602,0,0,0,0,0,0,0,0,0,0,391.71814,424.640747,473.262543,544.789978,444.352539,398.089874,359.192505,393.5578,438.619904,536.635071,446.85144,400.329163,357.277405,395.786621,441.104614,539.676147,481.59729,431.457001,384.858307,426.880493,475.758118,582.072388,479.105743,429.225281,37.804932,176789.630317,421.757825,-484.5184,0,true,false,0.899521,-0.01,0
2,122,6.1,-21.261014,11.020264,1.501781,-0.709072,17473.92293,0.115193,0.050634,0.015977,0.052316,0.226482,-135.141754,0.0,0.0,0.0,0.0,0.0,0.0,3.0,353781.634215,771.12008,43138.021753,2.206602,0,0,0,0,0,0,0,0,0,0,391.71814,424.640747,473.262543,544.789978,444.352539,398.089874,359.192505,393.5578,438.619904,536.635071,446.85144,400.329163,357.277405,395.786621,441.104614,539.676147,481.59729,431.457001,384.858307,426.880493,475.758118,582.072388,479.105743,429.225281,37.804932,176789.630317,421.757825,-484.5184,0,true,false,0.899521,-0.01,0
2,123,6.15,-21.261014,62510.240749,1.501781,62499.207291,17473.92293,0.115193,0.050634,0.015977,0.052316,0.226482,-135.141754,0.0,0.0,0.0,0.0,0.0,0.0,3.0,353781.634215,771.12008,43138.021753,2.206602,0,0,0,0,0,0,0,0,0,0,391.71814,424.640747,473.262543,544.789978,444.352539,398.089874,359.192505,393.5578,438.619904,536.635071,446.85144,400.329163,357.277405,395.786621,441.104614,539.676147,481.59729,431.457001,384.858307,426.880493,475.758118,582.072388,479.105743,429.225281,37.804932,176789.630317,421.757825,-484.5184,0,true,false,0.899521,-0.01,0
2,124,6.2,-21.261014,11.020264,1.501781,-0.709072,17473.92293,0.115193,0.050634,0.015977,0.052316,0.226482,-135.141754,0.0,0.0,0.0,0.0,0.0,0.0,3.0,353781.634215,771.12008,43138.021753,2.206602,0,0,0,0,0,0,0,0,0,0,391.71814,424.640747,473.262543,544.789978,444.352539,398.089874,359.192505,393.5578,438.619904,536.635071,446.85144,400.329163,357.277405,395.786621,441.104614,539.676147,481.59729,431.457001,384.858307,426.880493,475.758118,582.072388,479.105743,429.225281,37.804932,176789.630317,421.757825,-484.5184,0,true,false,0.899521,-0.01,0
2,125,6.25,-21.261014,62510.240749,1.501781,62499.207291,17473.92293,0.115193,0.050634,0.015977,0.052316,0.226482,-135.141754,0.0,0.0,0.0,0.0,0.0,0.0,3.0,353781.634215,771.12008,43138.021753,2.206602,0,0,0,0,0,0,0,0,0,0,391.71814,424.640747,473.262543,544.789978,444.352539,398.089874,359.192505,393.5578,438.619904,536.635071,446.85144,400.329163,357.277405,395.786621,441.104614,539.676147,481.59729,431.457001,384.858307,426.880493,475.758118,582.072388,479.105743,429.225281,37.804932,176789.630317,421.757825,-484.5184,0,true,false,0.899521,-0.01,0
2,126,6.3,-21.266872,11.026123,1.498741,-0.706032,17473.922766,0.102342,0.037093,0.014398,0.055348,0.228209,-135.14151,0.0,0.0,0.0,0.0,0.0,0.0,3.0,353780.832919,767.803849,42592.539288,2.248281,0,0,0,0,0,0,0,0,0,0,391.728882,424.647797,473.271057,544.784851,444.349152,398.087402,359.199921,393.556244,438.618744,536.634644,446.843079,400.322205,357.271637,395.78064,441.098541,539.669739,481.598419,431.458618,384.865845,426.883118,475.761658,582.07782,479.111847,429.231354,37.805096,176789.623763,421.010592,-489.826737,0,true,true,1.0,-0.01,0
2,127,6.35,-21.266872,62510.240749,1.498741,62499.207291,17473.922766,0.102342,0.037093,0.014398,0.055348,0.228209,-135.14151,0.0,0.0,0.0,0.0,0.0,0.0,3.0,353780.832919,767.803849,42592.539288,2.248281,0,0,0,0,0,0,0,0,0,0,391.728882,424.647797,473.271057,544.784851,444.349152,398.087402,359.199921,393.556244,438.618744,536.634644,446.843079,400.322205,357.271637,395.78064,441.098541,539.669739,481.598419,431.458618,384.865845,426.883118,475.761658,582.07782,479.111847,429.231354,37.805096,176789.623763,421.010592,-489.826737,0,true,true,1.0,-0.01,0
2,128,6.4,-21.266872,11.026123,1.498741,-0.706032,17473.922766,0.102342,0.037093,0.014398,0.055348,0.228209,-135.14151,0.0,0.0,0.0,0.0,0.0,0.0,3.0,353780.832919,767.803849,42592.539288,2.248281,0,0,0,0,0,0,0,0,0,0,391.728882,424.647797,473.271057,544.784851,444.349152,398.087402,359.199921,393.556244,438.618744,536.634644,446.843079,400.322205,357.271637,395.78064,441.098541,539.669739,481.598419,431.458618,384.865845,426.883118,475.761658,582.07782,479.111847,429.231354,37.805096,176789.623763,421.010592,-489.826737,0,true,true,1.0,-0.01,0
2,129,6.45,-21.266872,62510.240749,1.498741,62499.207291,17473.922766,0.102342,0.037093,0.014398,0.055348,0.228209,-135.14151,0.0,0.0,0.0,0.0,0.0,0.0,3.0,353780.832919,767.803849,42592.539288,2.248281,0,0,0,0,0,0,0,0,0,0,391.728882,424.647797,473.271057,544.784851,444.349152,398.087402,359.199921,393.556244,438.618744,536.634644,446.843079,400.322205,357.271637,395.78064,441.098541,539.669739,481.598419,431.458618,384.865845,426.883118,475.761658,582.07782,479.111847,429.231354,37.805096,176789.623763,421.010592,-489.826737,0,true,true,1.0,-0.01,0
2,130,6.5,-21.266872,11.026123,1.498741,-0.706032,17473.922766,0.102342,0.037093,0.014398,0.055348,0.228209,-135.14151,0.0,0.0,0.0,0.0,0.0,0.0,3.0,353780.832919,767.803849,42592.539288,2.248281,0,0,0,0,0,0,0,0,0,0,391.728882,424.647797,473.271057,544.784851,444.349152,398.087402,359.199921,393.556244,438.618744,536.634644,446.843079,400.322205,357.271637,395.78064,441.098541,539.669739,481.598419,431.458618,384.865845,426.883118,475.761658,582.07782,479.111847,429.231354,37.805096,176789.623763,421.010592,-489.826737,0,true,true,1.0,-0.01,0
2,131,6.55,-21.266872,62510.240749,1.498741,62499.207291,17473.922766,0.102342,0.037093,0.014398,0.055348,0.228209,-135.14151,0.0,0.0,0.0,0.0,0.0,0.0,3.0,353780.832919,767.803849,42592.539288,2.248281,0,0,0,0,0,0,0,0,0,0,391.728882,424.647797,473.271057,544.784851,444.349152,398.087402,359.199921,393.556244,438.618744,536.634644,446.843079,400.322205,357.271637,395.78064,441.098541,539.669739,481.598419,431.458618,384.865845,426.883118,475.761658,582.07782,479.111847,429.231354,37.805096,176789.623763,421.010592,-489.826737,0,true,true,1.0,-0.01,0
2,132,6.6,-21.266872,11.026123,1.498741,-0.706032,17473.922766,0.102342,0.037093,0.014398,0.055348,0.228209,-135.14151,0.0,0.0,0.0,0.0,0.0,0.0,3.0,353780.832919,767.803849,42592.539288,2.248281,0,0,0,0,0,0,0,0,0,0,391.728882,424.647797,473.271057,544.784851,444.349152,398.087402,359.199921,393.556244,438.618744,536.634644,446.843079,400.322205,357.271637,395.78064,441.098541,539.669739,481.598419,431.458618,384.865845,426.883118,475.761658,582.07782,479.111847,429.231354,37.805096,176789.623763,421.010592,-489.826737,0,true,true,1.0,-0.01,0
2,133,6.65,-21.272425,62510.246303,1.496027,62499.210005,17473.922671,0.0,0.0,0.0,0.058429,0.229213,-135.141266,0.0,0.0,0.0,0.0,0.0,0.0,3.0,353779.44917,764.546809,42047.352018,2.289785,0,0,0,0,0,0,0,0,0,0,391.739105,424.654358,473.278992,544.779663,444.345764,398.084869,359.206696,393.554626,438.617554,536.634155,446.835236,400.315704,357.266357,395.775055,441.092896,539.663818,481.599579,431.460236,384.872894,426.885712,475.765167,582.083191,479.117432,429.236938,37.805191,176789.622801,420.280707,-492.900899,0,true,true,1.0,-0.01,0
2,134,6.7,-21.272425,11.026123,1.496027,-0.706032,17473.922671,0.0,0.0,0.0,0.058429,0.229213,-135.141266,0.0,0.0,0.0,0.0,0.0,0.0,3.0,353779.44917,764.546809,42047.352018,2.289785,0,0,0,0,0,0,0,0,0,0,391.739105,424.654358,473.278992,544.779663,444.345764,398.084869,359.206696,393.554626,438.617554,536.634155,446.835236,400.315704,357.266357,395.775055,441.092896,539.663818,481.599579,431.460236,384.872894,426.885712,475.765167,582.083191,479.117432,429.236938,37.805191,176789.622801,420.280707,-492.900899,0,true,true,1.0,-0.01,0
2,135,6.75,-21.272425,62510.246303,1.496027,62499.210005,17473.922671,0.0,0.0,0.0,0.058429,0.229213,-135.141266,0.0,0.0,0.0,0.0,0.0,0.0,3.0,353779.44917,764.546809,42047.352018,2.289785,0,0,0,0,0,0,0,0,0,0,391.739105,424.654358,473.278992,544.779663,444.345764,398.084869,359.206696,393.554626,438.617554,536.634155,446.835236,400.315704,357.266357,395.775055,441.092896,539.663818,481.599579,431.460236,384.872894,426.885712,475.765167,582.083191,479.117432,429.236938,37.805191,176789.622801,420.280707,-492.900899,0,true,true,1.0,-0.01,0
2,136,6.8,-21.272425,11.026123,1.496027,-0.706032,17473.922671,0.0,0.0,0.0,0.058429,0.229213,-135.141266,0.0,0.0,0.0,0.0,0.0,0.0,3.0,353779.44917,764.546809,42047.352018,2.289785,0,0,0,0,0,0,0,0,0,0,391.739105,424.654358,473.278992,544.779663,444.345764,398.084869,359.206696,393.554626,438.617554,536.634155,446.835236,400.315704,357.266357,395.775055,441.092896,539.663818,481.599579,431.460236,384.872894,426.885712,475.765167,582.083191,479.117432,429.236938,37.805191,176789.622801,420.280707,-492.900899,0,true,true,1.0,-0.01,0
2,137,6.85,-21.272425,62510.246303,1.496027,62499.210005,17473.922671,0.0,0.0,0.0,0.058429,0.229213,-135.141266,0.0,0.0,0.0,0.0,0.0,0.0,3.0,353779.44917,764.546809,42047.352018,2.289785,0,0,0,0,0,0,0,0,0,0,391.739105,424.654358,473.278992,544.779663,444.345764,398.084869,359.206696,393.554626,438.617554,536.634155,446.835236,400.315704,357.266357,395.775055,441.092896,539.663818,481.599579,431.460236,384.872894,426.885712,475.765167,582.083191,479.117432,429.236938,37.805191,176789.622801,420.280707,-492.900899,0,true,true,1.0,-0.01,0
2,138,6.9,-21.272425,11.026123,1.496027,-0.706032,17473.922671,0.0,0.0,0.0,0.058429,0.229213,-135.141266,0.0,0.0,0.0,0.0,0.0,0.0,3.0,353779.44917,764.546809,42047.352018,2.289785,0,0,0,0,0,0,0,0,0,0,391.739105,424.654358,473.278992,544.779663,444.345764,398.084869,359.206696,393.554626,438.617554,536.634155,446.835236,400.315704,357.266357,395.775055,441.092896,539.663818,481.599579,431.460236,384.872894,426.885712,475.765167,582.083191,479.117432,429.236938,37.805191,176789.622801,420.280707,-492.900899,0,true,true,1.0,-0.01,0
2,139,6.95,-21.272425,62510.246303,1.496027,62499.210005,17473.922671,0.0,0.0,0.0,0.058429,0.229213,-135.141266,0.0,0.0,0.0,0.0,0.0,0.0,3.0,353779.44917,764.546809,42047.352018,2.289785,0,0,0,0,0,0,0,0,0,0,391.739105,424.654358,473.278992,544.779663,444.345764,398.084869,359.206696,393.554626,438.617554,536.634155,446.835236,400.315704,357.266357,395.775055,441.092896,539.663818,481.599579,431.460236,384.872894,426.885712,475.765167,582.083191,479.117432,429.236938,37.805191,176789.622801,420.280707,-492.900899,0,true,true,1.0,-0.01,0
2,140,7.0,-21.277807,11.031505,1.493521,-0.703526,17473.922615,0.091157,0.024458,0.013277,0.061542,0.22981,-135.141006,0.0,0.0,0.0,0.0,0.0,0.0,3.0,353777.734466,761.271309,41500.499181,2.331113,0,0,0,0,0,0,0,0,0,0,391.749176,424.660645,473.286652,544.774414,444.342285,398.082306,359.213196,393.553009,438.616333,536.633667,446.827667,400.309479,357.261322,395.769775,441.087616,539.658325,481.600708,431.461823,384.879578,426.888336,475.768768,582.088623,479.122681,429.242218,37.805244,176789.625095,419.522317,-494.721373,0,true,true,1.0,-0.01,0
2,141,7.05,-21.277807,62510.246303,1.493521,62499.210005,17473.922615,0.091157,0.024458,0.013277,0.061542,0.22981,-135.141006,0.0,0.0,0.0,0.0,0.0,0.0,3.0,353777.734466,761.271309,41500.499181,2.331113,0,0,0,0,0,0,0,0,0,0,391.749176,424.660645,473.286652,544.774414,444.342285,398.082306,359.213196,393.553009,438.616333,536.633667,446.827667,400.309479,357.261322,395.769775,441.087616,539.658325,481.600708,431.461823,384.879578,426.888336,475.768768,582.088623,479.122681,429.242218,37.805244,176789.625095,419.522317,-494.721373,0,true,true,1.0,-0.01,0
2,142,7.1,-21.277807,11.031505,1.493521,-0.703526,17473.922615,0.091157,0.024458,0.013277,0.061542,0.22981,-135.141006,0.0,0.0,0.0,0.0,0.0,0.0,3.0,353777.734466,761.271309,41500.499181,2.331113,0,0,0,0,0,0,0,0,0,0,391.749176,424.660645,473.286652,544.774414,444.342285,398.082306,359.213196,393.553009,438.616333,536.633667,446.827667,400.309479,357.261322,395.769775,441.087616,539.658325,481.600708,431.461823,384.879578,426.888336,475.768768,582.088623,479.122681,429.242218,37.805244,176789.625095,419.522317,-494.721373,0,true,true,1.0,-0.01,0
2,143,7.15,-21.277807,62510.246303,1.493521,62499.210005,17473.922615,0.091157,0.024458,0.013277,0.061542,0.22981,-135.141006,0.0,0.0,0.0,0.0,0.0,0.0,3.0,353777.734466,761.271309,41500.499181,2.331113,0,0,0,0,0,0,0,0,0,0,391.749176,424.660645,473.286652,544.774414,444.342285,398.082306,359.213196,393.553009,438.616333,536.633667,446.827667,400.309479,357.261322,395.769775,441.087616,539.658325,481.600708,431.461823,384.879578,426.888336,475.768768,582.088623,479.122681,429.242218,37.805244,176789.625095,419.522317,-494.721373,0,true,true,1.0,-0.01,0
2,144,7.2,-21.277807,11.031505,1.493521,-0.703526,17473.922615,0.091157,0.024458,0.013277,0.061542,0.22981,-135.141006,0.0,0.0,0.0,0.0,0.0,0.0,3.0,353777.734466,761.271309,41500.499181,2.331113,0,0,0,0,0,0,0,0,0,0,391.749176,424.660645,473.286652,544.774414,444.342285,398.082306,359.213196,393.553009,438.616333,536.633667,446.827667,400.309479,357.261322,395.769775,441.087616,539.658325,481.600708,431.461823,384.879578,426.888336,475.768768,582.088623,479.122681,429.242218,37.805244,176789.625095,419.522317,-494.721373,0,true,true,1.0,-0.01,0
2,145,7.25,-21.277807,62510.246303,1.493521,62499.210005,17473.922615,0.091157,0.024458,0.013277,0.061542,0.22981,-135.141006,0.0,0.0,0.0,0.0,0.0,0.0,3.0,353777.734466,761.271309,41500.499181,2.331113,0,0,0,0,0,0,0,0,0,0,391.749176,424.660645,473.286652,544.774414,444.342285,398.082306,359.213196,393.553009,438.616333,536.633667,446.827667,400.309479,357.261322,395.769775,441.087616,539.658325,481.600708,431.461823,384.879578,426.888336,475.768768,582.088623,479.122681,429.242218,37.805244,176789.625095,419.522317,-494.721373,0,true,true,1.0,-0.01,0
2,146,7.3,-21.283102,11.0368,1.491133,-0.701138,17473.922585,0.089152,0.021671,0.013079,0.064695,0.230141,-135.140747,0.0,0.0,0.0,0.0,0.0,0.0,3.0,353775.800962,757.987838,40951.116666,2.372266,0,0,0,0,0,0,0,0,0,0,391.759155,424.666809,473.294159,544.768982,444.338745,398.079712,359.219574,393.551361,438.615143,536.63324,446.820221,400.303345,357.256378,395.764648,441.08252,539.653137,481.601837,431.46344,384.886047,426.890961,475.772369,582.094177,479.127716,429.247314,37.805275,176789.629577,418.742687,-495.720636,0,true,true,1.0,-0.01,0
2,147,7.35,-21.283102,62510.246303,1.491133,62499.210005,17473.922585,0.089152,0.021671,0.013079,0.064695,0.230141,-135.140747,0.0,0.0,0.0,0.0,0.0,0.0,3.0,353775.800962,757.987838,40951.116666,2.372266,0,0,0,0,0,0,0,0,0,0,391.759155,424.666809,473.294159,544.768982,444.338745,398.079712,359.219574,393.551361,438.615143,536.63324,446.820221,400.303345,357.256378,395.764648,441.08252,539.653137,481.601837,431.46344,384.886047,426.890961,475.772369,582.094177,479.127716,429.247314,37.805275,176789.629577,418.742687,-495.720636,0,true,true,1.0,-0.01,0
2,148,7.4,-21.283102,11.0368,1.491133,-0.701138,17473.922585,0.089152,0.021671,0.013079,0.064695,0.230141,-135.140747,0.0,0.0,0.0,0.0,0.0,0.0,3.0,353775.800962,757.987838,40951.116666,2.372266,0,0,0,0,0,0,0,0,0,0,391.759155,424.666809,473.294159,544.768982,444.338745,398.079712,359.219574,393.551361,438.615143,536.63324,446.820221,400.303345,357.256378,395.764648,441.08252,539.653137,481.601837,431.46344,384.886047,426.890961,475.772369,582.094177,479.127716,429.247314,37.805275,176789.629577,418.742687,-495.720636,0,true,true,1.0,-0.01,0
2,149,7.45,-21.283102,62510.246303,1.491133,62499.210005,17473.922585,0.089152,0.021671,0.013079,0.064695,0.230141,-135.140747,0.0,0.0,0.0,0.0,0.0,0.0,3.0,353775.800962,757.987838,40951.116666,2.372266,0,0,0,0,0,0,0,0,0,0,391.759155,424.666809,473.294159,544.768982,444.338745,398.079712,359.219574,393.551361,438.615143,536.63324,446.820221,400.303345,357.256378,395.764648,441.08252,539.653137,481.601837,431.46344,384.886047,426.890961,475.772369,582.094177,479.127716,429.247314,37.805275,176789.629577,418.742687,-495.720636,0,true,true,1.0,-0.01,0
2,150,7.5,-21.283102,11.0368,1.491133,-0.701138,17473.922585,0.089152,0.021671,0.013079,0.064695,0.230141,-135.140747,0.0,0.0,0.0,0.0,0.0,0.0,3.0,353775.800962,757.987838,40951.116666,2.372266,0,0,0,0,0,0,0,0,0,0,391.759155,424.666809,473.294159,544.768982,444.338745,398.079712,359.219574,393.551361,438.615143,536.63324,446.820221,400.303345,357.256378,395.764648,441.08252,539.653137,481.601837,431.46344,384.886047,426.890961,475.772369,582.094177,479.127716,429.247314,37.805275,176789.629577,418.742687,-495.720636,0,true,true,1.0,-0.01,0
2,151,7.55,-21.283102,62510.246303,1.491133,62499.210005,17473.922585,0.089152,0.021671,0.013079,0.064695,0.230141,-135.140747,0.0,0.0,0.0,0.0,0.0,0.0,3.0,353775.800962,757.987838,40951.116666,2.372266,0,0,0,0,0,0,0,0,0,0,391.759155,424.666809,473.294159,544.768982,444.338745,398.079712,359.219574,393.551361,438.615143,536.63324,446.820221,400.303345,357.256378,395.764648,441.08252,539.653137,481.601837,431.46344,384.886047,426.890961,475.772369,582.094177,479.127716,429.247314,37.805275,176789.629577,418.742687,-495.720636,0,true,true,1.0,-0.01,0
2,152,7.6,-21.283102,11.0368,1.491133,-0.701138,17473.922585,0.089152,0.021671,0.013079,0.064695,0.230141,-135.140747,0.0,0.0,0.0,0.0,0.0,0.0,3.0,353775.800962,757.987838,40951.116666,2.372266,0,0,0,0,0,0,0,0,0,0,391.759155,424.666809,473.294159,544.768982,444.338745,398.079712,359.219574,393.551361,438.615143,536.63324,446.820221,400.303345,357.256378,395.764648,441.08252,539.653137,481.601837,431.46344,384.886047,426.890961,475.772369,582.094177,479.127716,429.247314,37.805275,176789.629577,418.742687,-495.720636,0,true,true,1.0,-0.01,0
2,153,7.65,-21.28835,62510.25155,1.488823,62499.212315,17473.922568,0.088188,0.019912,0.012999,0.067888,0.230337,-135.140488,0.0,0.0,0.0,0.0,0.0,0.0,3.0,353773.749283,754.7035,40398.392892,2.413223,0,0,0,0,0,0,0,0,0,0,391.769135,424.672852,473.301605,544.763489,444.335144,398.077057,359.22583,393.549713,438.613922,536.632751,446.812836,400.297333,357.251526,395.759613,441.077545,539.648132,481.602936,431.465057,384.892365,426.893646,475.776062,582.099854,479.132599,429.252319,37.805294,176789.63517,417.944893,-496.304914,0,true,true,1.0,-0.01,0
2,154,7.7,-21.28835,11.0368,1.488823,-0.701138,17473.922568,0.088188,0.019912,0.012999,0.067888,0.230337,-135.140488,0.0,0.0,0.0,0.0,0.0,0.0,3.0,353773.749283,754.7035,40398.392892,2.413223,0,0,0,0,0,0,0,0,0,0,391.769135,424.672852,473.301605,544.763489,444.335144,398.077057,359.22583,393.549713,438.613922,536.632751,446.812836,400.297333,357.251526,395.759613,441.077545,539.648132,481.602936,431.465057,384.892365,426.893646,475.776062,582.099854,479.132599,429.252319,37.805294,176789.63517,417.944893,-496.304914,0,true,true,1.0,-0.01,0
2,155,7.75,-21.28835,62510.25155,1.488823,62499.212315,17473.922568,0.088188,0.019912,0.012999,0.067888,0.230337,-135.140488,0.0,0.0,0.0,0.0,0.0,0.0,3.0,353773.749283,754.7035,40398.392892,2.413223,0,0,0,0,0,0,0,0,0,0,391.769135,424.672852,473.301605,544.763489,444.335144,398.077057,359.22583,393.549713,438.613922,536.632751,446.812836,400.297333,357.251526,395.759613,441.077545,539.648132,481.602936,431.465057,384.892365,426.893646,475.776062,582.099854,479.132599,429.252319,37.805294,176789.63517,417.944893,-496.304914,0,true,true,1.0,-0.01,0
2,156,7.8,-21.28835,11.0368,1.488823,-0.701138,17473.922568,0.088188,0.019912,0.012999,0.067888,0.230337,-135.140488,0.0,0.0,0.0,0.0,0.0,0.0,3.0,353773.749283,754.7035,40398.392892,2.413223,0,0,0,0,0,0,0,0,0,0,391.769135,424.672852,473.301605,544.763489,444.335144,398.077057,359.22583,393.549713,438.613922,536.632751,446.812836,400.297333,357.251526,395.759613,441.077545,539.648132,481.602936,431.465057,384.892365,426.893646,475.776062,582.099854,479.132599,429.252319,37.805294,176789.63517,417.944893,-496.304914,0,true,true,1.0,-0.01,0
2,157,7.85,-21.28835,62510.25155,1.488823,62499.212315,17473.922568,0.088188,0.019912,0.012999,0.067888,0.230337,-135.140488,0.0,0.0,0.0,0.0,0.0,0.0,3.0,353773.749283,754.7035,40398.392892,2.413223,0,0,0,0,0,0,0,0,0,0,391.769135,424.672852,473.301605,544.763489,444.335144,398.077057,359.22583,393.549713,438.613922,536.632751,446.812836,400.297333,357.251526,395.759613,441.077545,539.648132,481.602936,431.465057,384.892365,426.893646,475.776062,582.099854,479.132599,429.252319,37.805294,176789.63517,417.944893,-496.304914,0,true,true,1.0,-0.01,0
2,158,7.9,-21.28835,11.0368,1.488823,-0.701138,17473.922568,0.088188,0.019912,0.012999,0.067888,0.230337,-135.140488,0.0,0.0,0.0,0.0,0.0,0.0,3.0,353773.749283,754.7035,40398.392892,2.413223,0,0,0,0,0,0,0,0,0,0,391.769135,424.672852,473.301605,544.763489,444.335144,398.077057,359.22583,393.549713,438.613922,536.632751,446.812836,400.297333,357.251526,395.759613,441.077545,539.648132,481.602936,431.465057,384.892365,426.893646,475.776062,582.099854,479.132599,429.252319,37.805294,176789.63517,417.944893,-496.304914,0,true,true,1.0,-0.01,0
2,159,7.95,-21.28835,62510.25155,1.488823,62499.212315,17473.922568,0.088188,0.019912,0.012999,0.067888,0.230337,-135.140488,0.0,0.0,0.0,0.0,0.0,0.0,3.0,353773.749283,754.7035,40398.392892,2.413223,0,0,0,0,0,0,0,0,0,0,391.769135,424.672852,473.301605,544.763489,444.335144,398.077057,359.22583,393.549713,438.613922,536.632751,446.812836,400.297333,357.251526,395.759613,441.077545,539.648132,481.602936,431.465057,384.892365,426.893646,475.776062,582.099854,479.132599,429.252319,37.805294,176789.63517,417.944893,-496.304914,0,true,true,1.0,-0.01,0
2,160,8.0,-21.293583,11.042032,1.486572,-0.698887,17473.922558,0.087787,0.018723,0.012985,0.071107,0.230455,-135.140213,0.0,0.0,0.0,0.0,0.0,0.0,3.0,353771.62161,751.503641,39841.988633,2.453945,0,0,0,0,0,0,0,0,0,0,391.779022,424.678864,473.308929,544.757996,444.331543,398.074371,359.231964,393.548004,438.61264,536.632263,446.805542,400.291351,357.246796,395.754608,441.072601,539.643127,481.604095,431.466705,384.898712,426.896362,475.779724,582.105469,479.137451,429.257263,37.805302,176789.64135,417.164886,-496.644442,0,true,true,1.0,-0.01,0
2,161,8.05,-21.293583,62510.25155,1.486572,62499.212315,17473.922558,0.087787,0.018723,0.012985,0.071107,0.230455,-135.140213,0.0,0.0,0.0,0.0,0.0,0.0,3.0,353771.62161,751.503641,39841.988633,2.453945,0,0,0,0,0,0,0,0,0,0,391.779022,424.678864,473.308929,544.757996,444.331543,398.074371,359.231964,393.548004,438.61264,536.632263,446.805542,400.291351,357.246796,395.754608,441.072601,539.643127,481.604095,431.466705,384.898712,426.896362,475.779724,582.105469,479.137451,429.257263,37.805302,176789.64135,417.164886,-496.644442,0,true,true,1.0,-0.01,0
2,162,8.1,-21.293583,11.042032,1.486572,-0.698887,17473.922558,0.087787,0.018723,0.012985,0.071107,0.230455,-135.140213,0.0,0.0,0.0,0.0,0.0,0.0,3.0,353771.62161,751.503641,39841.988633,2.453945,0,0,0,0,0,0,0,0,0,0,391.779022,424.678864,473.308929,544.757996,444.331543,398.074371,359.231964,393.548004,438.61264,536.632263,446.805542,400.291351,357.246796,395.754608,441.072601,539.643127,481.604095,431.466705,384.898712,426.896362,475.779724,582.105469,479.137451,429.257263,37.805302,176789.64135,417.164886,-496.644442,0,true,true,1.0,-0.01,0
2,163,8.15,-21.293583,62510.25155,1.486572,62499.212315,17473.922558,0.087787,0.018723,0.012985,0.071107,0.230455,-135.140213,0.0,0.0,0.0,0.0,0.0,0.0,3.0,353771.62161,751.503641,39841.988633,2.453945,0,0,0,0,0,0,0,0,0,0,391.779022,424.678864,473.308929,544.757996,444.331543,398.074371,359.231964,393.548004,438.61264,536.632263,446.805542,400.291351,357.246796,395.754608,441.072601,539.643127,481.604095,431.466705,384.898712,426.896362,475.779724,582.105469,479.137451,429.257263,37.805302,176789.64135,417.164886,-496.644442,0,true,true,1.0,-0.01,0
2,164,8.2,-21.293583,11.042032,1.486572,-0.698887,17473.922558,0.087787,0.018723,0.012985,0.071107,0.230455,-135.140213,0.0,0.0,0.0,0.0,0.0,0.0,3.0,353771.62161,751.503641,39841.988633,2.453945,0,0,0,0,0,0,0,0,0,0,391.779022,424.678864,473.308929,544.757996,444.331543,398.074371,359.231964,393.548004,438.61264,536.632263,446.805542,400.291351,357.246796,395.754608,441.072601,539.643127,481.604095,431.466705,384.898712,426.896362,475.779724,582.105469,479.137451,429.257263,37.805302,176789.64135,417.164886,-496.644442,0,true,true,1.0,-0.01,0
2,165,8.25,-21.293583,62510.25155,1.486572,62499.212315,17473.922558,0.087787,0.018723,0.012985,0.071107,0.230455,-135.140213,0.0,0.0,0.0,0.0,0.0,0.0,3.0,353771.62161,751.503641,39841.988633,2.453945,0,0,0,0,0,0,0,0,0,0,391.779022,424.678864,473.308929,544.757996,444.331543,398.074371,359.231964,393.548004,438.61264,536.632263,446.805542,400.291351,357.246796,395.754608,441.072601,539.643127,481.604095,431.466705,384.898712,426.896362,475.779724,582.105469,479.137451,429.257263,37.805302,176789.64135,417.164886,-496.644442,0,true,true,1.0,-0.01,0
2,166,8.3,-21.298807,11.047257,1.484357,-0.696672,17473.922553,0.0,0.0,0.0,0.074374,0.230525,-135.139938,0.0,0.0,0.0,0.0,0.0,0.0,3.0,353769.442692,748.22723,39281.706825,2.494453,0,0,0,0,0,0,0,0,0,0,391.789062,424.684845,473.316315,544.752319,444.32782,398.071655,359.23819,393.546326,438.61142,536.631836,446.798187,400.28537,357.241974,395.749664,441.06778,539.638306,481.605194,431.468353,384.904877,426.899109,475.783539,582.111267,479.142181,429.262177,37.805309,176789.648035,416.329652,-496.838362,0,true,true,1.0,-0.01,0
2,167,8.35,-21.298807,62510.25155,1.484357,62499.212315,17473.922553,0.0,0.0,0.0,0.074374,0.230525,-135.139938,0.0,0.0,0.0,0.0,0.0,0.0,3.0,353769.442692,748.22723,39281.706825,2.494453,0,0,0,0,0,0,0,0,0,0,391.789062,424.684845,473.316315,544.752319,444.32782,398.071655,359.23819,393.546326,438.61142,536.631836,446.798187,400.28537,357.241974,395.749664,441.06778,539.638306,481.605194,431.468353,384.904877,426.899109,475.783539,582.111267,479.142181,429.262177,37.805309,176789.648035,416.329652,-496.838362,0,true,true,1.0,-0.01,0
2,168,8.4,-21.298807,11.047257,1.484357,-0.696672,17473.922553,0.0,0.0,0.0,0.074374,0.230525,-135.139938,0.0,0.0,0.0,0.0,0.0,0.0,3.0,353769.442692,748.22723,39281.706825,2.494453,0,0,0,0,0,0,0,0,0,0,391.789062,424.684845,473.316315,544.752319,444.32782,398.071655,359.23819,393.546326,438.61142,536.631836,446.798187,400.28537,357.241974,395.749664,441.06778,539.638306,481.605194,431.468353,384.904877,426.899109,475.783539,582.111267,479.142181,429.262177,37.805309,176789.648035,416.329652,-496.838362,0,true,true,1.0,-0.01,0
2,169,8.45,-21.298807,62510.25155,1.484357,62499.212315,17473.922553,0.0,0.0,0.0,0.074374,0.230525,-135.139938,0.0,0.0,0.0,0.0,0.0,0.0,3.0,353769.442692,748.22723,39281.706825,2.494453,0,0,0,0,0,0,0,0,0,0,391.789062,424.684845,473.316315,544.752319,444.32782,398.071655,359.23819,393.546326,438.61142,536.631836,446.798187,400.28537,357.241974,395.749664,441.06778,539.638306,481.605194,431.468353,384.904877,426.899109,475.783539,582.111267,479.142181,429.262177,37.805309,176789.648035,416.329652,-496.838362,0,true,true,1.0,-0.01,0
2,170,8.5,-21.298807,11.047257,1.484357,-0.696672,17473.922553,0.0,0.0,0.0,0.074374,0.230525,-135.139938,0.0,0.0,0.0,0.0,0.0,0.0,3.0,353769.442692,748.22723,39281.706825,2.494453,0,0,0,0,0,0,0,0,0,0,391.789062,424.684845,473.316315,544.752319,444.32782,398.071655,359.23819,393.546326,438.61142,536.631836,446.798187,400.28537,357.241974,395.749664,441.06778,539.638306,481.605194,431.468353,384.904877,426.899109,475.783539,582.111267,479.142181,429.262177,37.805309,176789.648035,416.329652,-496.838362,0,true,true,1.0,-0.01,0
2,171,8.55,-21.298807,62510.25155,1.484357,62499.212315,17473.922553,0.0,0.0,0.0,0.074374,0.230525,-135.139938,0.0,0.0,0.0,0.0,0.0,0.0,3.0,353769.442692,748.22723,39281.706825,2.494453,0,0,0,0,0,0,0,0,0,0,391.789062,424.684845,473.316315,544.752319,444.32782,398.071655,359.23819,393.546326,438.61142,536.631836,446.798187,400.28537,357.241974,395.749664,441.06778,539.638306,481.605194,431.468353,384.904877,426.899109,475.783539,582.111267,479.142181,429.262177,37.805309,176789.648035,416.329652,-496.838362,0,true,true,1.0,-0.01,0
2,172,8.6,-21.298807,11.047257,1.484357,-0.696672,17473.922553,0.0,0.0,0.0,0.074374,0.230525,-135.139938,0.0,0.0,0.0,0.0,0.0,0.0,3.0,353769.442692,748.22723,39281.706825,2.494453,0,0,0,0,0,0,0,0,0,0,391.789062,424.684845,473.316315,544.752319,444.32782,398.071655,359.23819,393.546326,438.61142,536.631836,446.798187,400.28537,357.241974,395.749664,441.06778,539.638306,481.605194,431.468353,384.904877,426.899109,475.783539,582.111267,479.142181,429.262177,37.805309,176789.648035,416.329652,-496.838362,0,true,true,1.0,-0.01,0
2,173,8.65,-21.304041,62510.256784,1.482171,62499.214501,17473.922554,0.087911,0.017204,0.013063,0.077676,0.230574,-135.139664,0.0,0.0,0.0,0.0,0.0,0.0,3.0,353767.23127,745.046594,38717.387463,2.534746,0,0,0,0,0,0,0,0,0,0,391.799072,424.690796,473.323669,544.746704,444.324097,398.068909,359.244293,393.544586,438.610107,536.631348,446.790894,400.279419,357.237244,395.744751,441.062927,539.633423,481.606354,431.470032,384.911133,426.901886,475.787292,582.117065,479.146912,429.267059,37.805305,176789.654825,415.519847,-496.967323,0,true,true,1.0,-0.01,0
2,174,8.7,-21.304041,11.047257,1.482171,-0.696672,17473.922554,0.087911,0.017204,0.013063,0.077676,0.230574,-135.139664,0.0,0.0,0.0,0.0,0.0,0.0,3.0,353767.23127,745.046594,38717.387463,2.534746,0,0,0,0,0,0,0,0,0,0,391.799072,424.690796,473.323669,544.746704,444.324097,398.068909,359.244293,393.544586,438.610107,536.631348,446.790894,400.279419,357.237244,395.744751,441.062927,539.633423,481.606354,431.470032,384.911133,426.901886,475.787292,582.117065,479.146912,429.267059,37.805305,176789.654825,415.519847,-496.967323,0,true,true,1.0,-0.01,0
2,175,8.75,-21.304041,62510.256784,1.482171,62499.214501,17473.922554,0.087911,0.017204,0.013063,0.077676,0.230574,-135.139664,0.0,0.0,0.0,0.0,0.0,0.0,3.0,353767.23127,745.046594,38717.387463,2.534746,0,0,0,0,0,0,0,0,0,0,391.799072,424.690796,473.323669,544.746704,444.324097,398.068909,359.244293,393.544586,438.610107,536.631348,446.790894,400.279419,357.237244,395.744751,441.062927,539.633423,481.606354,431.470032,384.911133,426.901886,475.787292,582.117065,479.146912,429.267059,37.805305,176789.654825,415.519847,-496.967323,0,true,true,1.0,-0.01,0
2,176,8.8,-21.304041,11.047257,1.482171,-0.696672,17473.922554,0.087911,0.017204,0.013063,0.077676,0.230574,-135.139664,0.0,0.0,0.0,0.0,0.0,0.0,3.0,353767.23127,745.046594,38717.387463,2.534746,0,0,0,0,0,0,0,0,0,0,391.799072,424.690796,473.323669,544.746704,444.324097,398.068909,359.244293,393.544586,438.610107,536.631348,446.790894,400.279419,357.237244,395.744751,441.062927,539.633423,481.606354,431.470032,384.911133,426.901886,475.787292,582.117065,479.146912,429.267059,37.805305,176789.654825,415.519847,-496.967323,0,true,true,1.0,-0.01,0
2,177,8.85,-21.304041,62510.256784,1.482171,62499.214501,17473.922554,0.087911,0.017204,0.013063,0.077676,0.230574,-135.139664,0.0,0.0,0.0,0.0,0.0,0.0,3.0,353767.23127,745.046594,38717.387463,2.534746,0,0,0,0,0,0,0,0,0,0,391.799072,424.690796,473.323669,544.746704,444.324097,398.068909,359.244293,393.544586,438.610107,536.631348,446.790894,400.279419,357.237244,395.744751,441.062927,539.633423,481.606354,431.470032,384.911133,426.901886,475.787292,582.117065,479.146912,429.267059,37.805305,176789.654825,415.519847,-496.967323,0,true,true,1.0,-0.01,0
2,178,8.9,-21.304041,11.047257,1.482171,-0.696672,17473.922554,0.087911,0.017204,0.013063,0.077676,0.230574,-135.139664,0.0,0.0,0.0,0.0,0.0,0.0,3.0,353767.23127,745.046594,38717.387463,2.534746,0,0,0,0,0,0,0,0,0,0,391.799072,424.690796,473.323669,544.746704,444.324097,398.068909,359.244293,393.544586,438.610107,536.631348,446.790894,400.279419,357.237244,395.744751,441.062927,539.633423,481.606354,431.470032,384.911133,426.901886,475.787292,582.117065,479.146912,429.267059,37.805305,176789.654825,415.519847,-496.967323,0,true,true,1.0,-0.01,0
2,179,8.95,-21.304041,62510.256784,1.482171,62499.214501,17473.922554,0.087911,0.017204,0.013063,0.077676,0.230574,-135.139664,0.0,0.0,0.0,0.0,0.0,0.0,3.0,353767.23127,745.046594,38717.387463,2.534746,0,0,0,0,0,0,0,0,0,0,391.799072,424.690796,473.323669,544.746704,444.324097,398.068909,359.244293,393.544586,438.610107,536.631348,446.790894,400.279419,357.237244,395.744751,441.062927,539.633423,481.606354,431.470032,384.911133,426.901886,475.787292,582.117065,479.146912,429.267059,37.805305,176789.654825,415.519847,-496.967323,0,true,true,1.0,-0.01,0
2,180,9.0,-21.309282,11.052498,1.480017,-0.694518,17473.922554,0.088046,0.016507,0.01311,0.081012,0.230596,-135.139389,0.0,0.0,0.0,0.0,0.0,0.0,3.0,353764.983784,741.877279,38149.072211,2.574766,0,0,0,0,0,0,0,0,0,0,391.809113,424.696777,473.331024,544.740967,444.320343,398.066132,359.250366,393.542816,438.608826,536.630859,446.7836,400.273499,357.232544,395.739838,441.058105,539.628662,481.607544,431.471741,384.917358,426.904694,475.791138,582.122925,479.151642,429.271912,37.805305,176789.661875,414.69171,-497.011217,0,true,true,1.0,-0.01,0
2,181,9.05,-21.309282,62510.256784,1.480017,62499.214501,17473.922554,0.088046,0.016507,0.01311,0.081012,0.230596,-135.139389,0.0,0.0,0.0,0.0,0.0,0.0,3.0,353764.983784,741.877279,38149.072211,2.574766,0,0,0,0,0,0,0,0,0,0,391.809113,424.696777,473.331024,544.740967,444.320343,398.066132,359.250366,393.542816,438.608826,536.630859,446.7836,400.273499,357.232544,395.739838,441.058105,539.628662,481.607544,431.471741,384.917358,426.904694,475.791138,582.122925,479.151642,429.271912,37.805305,176789.661875,414.69171,-497.011217,0,true,true,1.0,-0.01,0
2,182,9.1,-21.309282,11.052498,1.480017,-0.694518,17473.922554,0.088046,0.016507,0.01311,0.081012,0.230596,-135.139389,0.0,0.0,0.0,0.0,0.0,0.0,3.0,353764.983784,741.877279,38149.072211,2.574766,0,0,0,0,0,0,0,0,0,0,391.809113,424.696777,473.331024,544.740967,444.320343,398.066132,359.250366,393.542816,438.608826,536.630859,446.7836,400.273499,357.232544,395.739838,441.058105,539.628662,481.607544,431.471741,384.917358,426.904694,475.791138,582.122925,479.151642,429.271912,37.805305,176789.661875,414.69171,-497.011217,0,true,true,1.0,-0.01,0
2,183,9.15,-21.309282,62510.256784,1.480017,62499.214501,17473.922554,0.088046,0.016507,0.01311,0.081012,0.230596,-135.139389,0.0,0.0,0.0,0.0,0.0,0.0,3.0,353764.983784,741.877279,38149.072211,2.574766,0,0,0,0,0,0,0,0,0,0,391.809113,424.696777,473.331024,544.740967,444.320343,398.066132,359.250366,393.542816,438.608826,536.630859,446.7836,400.273499,357.232544,395.739838,441.058105,539.628662,481.607544,431.471741,384.917358,426.904694,475.791138,582.122925,479.151642,429.271912,37.805305,176789.661875,414.69171,-497.011217,0,true,true,1.0,-0.01,0
2,184,9.2,-21.309282,11.052498,1.480017,-0.694518,17473.922554,0.088046,0.016507,0.01311,0.081012,0.230596,-135.139389,0.0,0.0,0.0,0.0,0.0,0.0,3.0,353764.983784,741.877279,38149.072211,2.574766,0,0,0,0,0,0,0,0,0,0,391.809113,424.696777,473.331024,544.740967,444.320343,398.066132,359.250366,393.542816,438.608826,536.630859,446.7836,400.273499,357.232544,395.739838,441.058105,539.628662,481.607544,431.471741,384.917358,426.904694,475.791138,582.122925,479.151642,429.271912,37.805305,176789.661875,414.69171,-497.011217,0,true,true,1.0,-0.01,0
2,185,9.25,-21.309282,62510.256784,1.480017,62499.214501,17473.922554,0.088046,0.016507,0.01311,0.081012,0.230596,-135.139389,0.0,0.0,0.0,0.0,0.0,0.0,3.0,353764.983784,741.877279,38149.072211,2.574766,0,0,0,0,0,0,0,0,0,0,391.809113,424.696777,473.331024,544.740967,444.320343,398.066132,359.250366,393.542816,438.608826,536.630859,446.7836,400.273499,357.232544,395.739838,441.058105,539.628662,481.607544,431.471741,384.917358,426.904694,475.791138,582.122925,479.151642,429.271912,37.805305,176789.661875,414.69171,-497.011217,0,true,true,1.0,-0.01,0
2,186,9.3,-21.314535,11.057752,1.477885,-0.692386,17473.922555,0.088374,0.01599,0.013179,0.08439,0.230609,-135.139114,0.0,0.0,0.0,0.0,0.0,0.0,3.0,353762.713482,738.725341,37576.645797,2.614531,0,0,0,0,0,0,0,0,0,0,391.819244,424.702728,473.338379,544.735107,444.316498,398.063324,359.25647,393.541046,438.607513,536.630371,446.776276,400.267548,357.227844,395.734955,441.053345,539.623962,481.608704,431.47345,384.923553,426.907532,475.795044,582.128906,479.156311,429.276733,37.805305,176789.669021,413.850465,-497.028328,0,true,true,1.0,-0.01,0
2,187,9.35,-21.314535,62510.256784,1.477885,62499.214501,17473.922555,0.088374,0.01599,0.013179,0.08439,0.230609,-135.139114,0.0,0.0,0.0,0.0,0.0,0.0,3.0,353762.713482,738.725341,37576.645797,2.614531,0,0,0,0,0,0,0,0,0,0,391.819244,424.702728,473.338379,544.735107,444.316498,398.063324,359.25647,393.541046,438.607513,536.630371,446.776276,400.267548,357.227844,395.734955,441.053345,539.623962,481.608704,431.47345,384.923553,426.907532,475.795044,582.128906,479.156311,429.276733,37.805305,176789.669021,413.850465,-497.028328,0,true,true,1.0,-0.01,0
2,188,9.4,-21.314535,11.057752,1.477885,-0.692386,17473.922555,0.088374,0.01599,0.013179,0.08439,0.230609,-135.139114,0.0,0.0,0.0,0.0,0.0,0.0,3.0,353762.713482,738.725341,37576.645797,2.614531,0,0,0,0,0,0,0,0,0,0,391.819244,424.702728,473.338379,544.735107,444.316498,398.063324,359.25647,393.541046,438.607513,536.630371,446.776276,400.267548,357.227844,395.734955,441.053345,539.623962,481.608704,431.47345,384.923553,426.907532,475.795044,582.128906,479.156311,429.276733,37.805305,176789.669021,413.850465,-497.028328,0,true,true,1.0,-0.01,0
2,189,9.45,-21.314535,62510.256784,1.477885,62499.214501,17473.922555,0.088374,0.01599,0.013179,0.08439,0.230609,-135.139114,0.0,0.0,0.0,0.0,0.0,0.0,3.0,353762.713482,738.725341,37576.645797,2.614531,0,0,0,0,0,0,0,0,0,0,391.819244,424.702728,473.338379,544.735107,444.316498,398.063324,359.25647,393.541046,438.607513,536.630371,446.776276,400.267548,357.227844,395.734955,441.053345,539.623962,481.608704,431.47345,384.923553,426.907532,475.795044,582.128906,479.156311,429.276733,37.805305,176789.669021,413.850465,-497.028328,0,true,true,1.0,-0.01,0
2,190,9.5,-21.314535,11.057752,1.477885,-0.692386,17473.922555,0.088374,0.01599,0.013179,0.08439,0.230609,-135.139114,0.0,0.0,0.0,0.0,0.0,0.0,3.0,353762.713482,738.725341,37576.645797,2.614531,0,0,0,0,0,0,0,0,0,0,391.819244,424.702728,473.338379,544.735107,444.316498,398.063324,359.25647,393.541046,438.607513,536.630371,446.776276,400.267548,357.227844,395.734955,441.053345,539.623962,481.608704,431.47345,384.923553,426.907532,475.795044,582.128906,479.156311,429.276733,37.805305,176789.669021,413.850465,-497.028328,0,true,true,1.0,-0.01,0
2,191,9.55,-21.314535,62510.256784,1.477885,62499.214501,17473.922555,0.088374,0.01599,0.013179,0.08439,0.230609,-135.139114,0.0,0.0,0.0,0.0,0.0,0.0,3.0,353762.713482,738.725341,37576.645797,2.614531,0,0,0,0,0,0,0,0,0,0,391.819244,424.702728,473.338379,544.735107,444.316498,398.063324,359.25647,393.541046,438.607513,536.630371,446.776276,400.267548,357.227844,395.734955,441.053345,539.623962,481.608704,431.47345,384.923553,426.907532,475.795044,582.128906,479.156311,429.276733,37.805305,176789.669021,413.850465,-497.028328,0,true,true,1.0,-0.01,0
2,192,9.6,-21.314535,11.057752,1.477885,-0.692386,17473.922555,0.088374,0.01599,0.013179,0.08439,0.230609,-135.139114,0.0,0.0,0.0,0.0,0.0,0.0,3.0,353762.713482,738.725341,37576.645797,2.614531,0,0,0,0,0,0,0,0,0,0,391.819244,424.702728,473.338379,544.735107,444.316498,398.063324,359.25647,393.541046,438.607513,536.630371,446.776276,400.267548,357.227844,395.734955,441.053345,539.623962,481.608704,431.47345,384.923553,426.907532,475.795044,582.128906,479.156311,429.276733,37.805305,176789.669021,413.850465,-497.028328,0,true,true,1.0,-0.01,0
2,193,9.65,-21.319803,62510.262052,1.475771,62499.216614,17473.922556,0.088744,0.015503,0.013254,0.087813,0.230616,-135.138824,0.0,0.0,0.0,0.0,0.0,0.0,3.0,353760.422709,735.594793,37000.089696,2.654023,0,0,0,0,0,0,0,0,0,0,391.829407,424.708679,473.345734,544.729248,444.312653,398.060455,359.262573,393.539276,438.606201,536.629883,446.768951,400.261597,357.223145,395.730072,441.048584,539.619263,481.609894,431.475159,384.929718,426.9104,475.79895,582.134949,479.16095,429.281586,37.805305,176789.676234,412.997596,-497.028596,0,true,true,1.0,-0.01,0
2,194,9.7,-21.319803,11.057752,1.475771,-0.692386,17473.922556,0.088744,0.015503,0.013254,0.087813,0.230616,-135.138824,0.0,0.0,0.0,0.0,0.0,0.0,3.0,353760.422709,735.594793,37000.089696,2.654023,0,0,0,0,0,0,0,0,0,0,391.829407,424.708679,473.345734,544.729248,444.312653,398.060455,359.262573,393.539276,438.606201,536.629883,446.768951,400.261597,357.223145,395.730072,441.048584,539.619263,481.609894,431.475159,384.929718,426.9104,475.79895,582.134949,479.16095,429.281586,37.805305,176789.676234,412.997596,-497.028596,0,true,true,1.0,-0.01,0
2,195,9.75,-21.319803,62510.262052,1.475771,62499.216614,17473.922556,0.088744,0.015503,0.013254,0.087813,0.230616,-135.138824,0.0,0.0,0.0,0.0,0.0,0.0,3.0,353760.422709,735.594793,37000.089696,2.654023,0,0,0,0,0,0,0,0,0,0,391.829407,424.708679,473.345734,544.729248,444.312653,398.060455,359.262573,393.539276,438.606201,536.629883,446.768951,400.261597,357.223145,395.730072,441.048584,539.619263,481.609894,431.475159,384.929718,426.9104,475.79895,582.134949,479.16095,429.281586,37.805305,176789.676234,412.997596,-497.028596,0,true,true,1.0,-0.01,0
2,196,9.8,-21.319803,11.057752,1.475771,-0.692386,17473.922556,0.088744,0.015503,0.013254,0.087813,0.230616,-135.138824,0.0,0.0,0.0,0.0,0.0,0.0,3.0,353760.422709,735.594793,37000.089696,2.654023,0,0,0,0,0,0,0,0,0,0,391.829407,424.708679,473.345734,544.729248,444.312653,398.060455,359.262573,393.539276,438.606201,536.629883,446.768951,400.261597,357.223145,395.730072,441.048584,539.619263,481.609894,431.475159,384.929718,426.9104,475.79895,582.134949,479.16095,429.281586,37.805305,176789.676234,412.997596,-497.028596,0,true,true,1.0,-0.01,0
2,197,9.85,-21.319803,62510.262052,1.475771,62499.216614,17473.922556,0.088744,0.015503,0.013254,0.087813,0.230616,-135.138824,0.0,0.0,0.0,0.0,0.0,0.0,3.0,353760.422709,735.594793,37000.089696,2.654023,0,0,0,0,0,0,0,0,0,0,391.829407,424.708679,473.345734,544.729248,444.312653,398.060455,359.262573,393.539276,438.606201,536.629883,446.768951,400.261597,357.223145,395.730072,441.048584,539.619263,481.609894,431.475159,384.929718,426.9104,475.79895,582.134949,479.16095,429.281586,37.805305,176789.676234,412.997596,-497.028596,0,true,true,1.0,-0.01,0
2,198,9.9,-21.319803,11.057752,1.475771,-0.692386,17473.922556,0.088744,0.015503,0.013254,0.087813,0.230616,-135.138824,0.0,0.0,0.0,0.0,0.0,0.0,3.0,353760.422709,735.594793,37000.089696,2.654023,0,0,0,0,0,0,0,0,0,0,391.829407,424.708679,473.345734,544.729248,444.312653,398.060455,359.262573,393.539276,438.606201,536.629883,446.768951,400.261597,357.223145,395.730072,441.048584,539.619263,481.609894,431.475159,384.929718,426.9104,475.79895,582.134949,479.16095,429.281586,37.805305,176789.676234,412.997596,-497.028596,0,true,true,1.0,-0.01,0
2,199,9.95,-21.319803,62510.262052,1.475771,62499.216614,17473.922556,0.088744,0.015503,0.013254,0.087813,0.230616,-135.138824,0.0,0.0,0.0,0.0,0.0,0.0,3.0,353760.422709,735.594793,37000.089696,2.654023,0,0,0,0,0,0,0,0,0,0,391.829407,424.708679,473.345734,544.729248,444.312653,398.060455,359.262573,393.539276,438.606201,536.629883,446.768951,400.261597,357.223145,395.730072,441.048584,539.619263,481.609894,431.475159,384.929718,426.9104,475.79895,582.134949,479.16095,429.281586,37.805305,176789.676234,412.997596,-497.028596,0,true,true,1.0,-0.01,0
2,200,10.0,-21.325087,11.063035,1.473677,-0.690291,17473.922558,0.0,0.0,0.0,0.09128,0.230621,-135.138535,0.0,0.0,0.0,0.0,0.0,0.0,3.0,353758.113175,732.489305,36419.390379,2.693223,0,0,0,0,0,0,0,0,0,0,391.83963,424.714661,473.353119,544.723267,444.308746,398.057587,359.268677,393.537476,438.604858,536.629395,446.761597,400.255646,357.218445,395.72522,441.043854,539.614563,481.611115,431.476929,384.935883,426.9133,475.802948,582.141052,479.165588,429.286407,37.805302,176789.683493,412.134129,-497.019498,0,true,true,1.0,-0.01,0
2,201,10.05,-21.325087,62510.262052,1.473677,62499.216614,17473.922558,0.0,0.0,0.0,0.09128,0.230621,-135.138535,0.0,0.0,0.0,0.0,0.0,0.0,3.0,353758.113175,732.489305,36419.390379,2.693223,0,0,0,0,0,0,0,0,0,0,391.83963,424.714661,473.353119,544.723267,444.308746,398.057587,359.268677,393.537476,438.604858,536.629395,446.761597,400.255646,357.218445,395.72522,441.043854,539.614563,481.611115,431.476929,384.935883,426.9133,475.802948,582.141052,479.165588,429.286407,37.805302,176789.683493,412.134129,-497.019498,0,true,true,1.0,-0.01,0
2,202,10.1,-21.325087,11.063035,1.473677,-0.690291,17473.922558,0.0,0.0,0.0,0.09128,0.230621,-135.138535,0.0,0.0,0.0,0.0,0.0,0.0,3.0,353758.113175,732.489305,36419.390379,2.693223,0,0,0,0,0,0,0,0,0,0,391.83963,424.714661,473.353119,544.723267,444.308746,398.057587,359.268677,393.537476,438.604858,536.629395,446.761597,400.255646,357.218445,395.72522,441.043854,539.614563,481.611115,431.476929,384.935883,426.9133,475.802948,582.141052,479.165588,429.286407,37.805302,176789.683493,412.134129,-497.019498,0,true,true,1.0,-0.01,0
2,203,10.15,-21.325087,62510.262052,1.473677,62499.216614,17473.922558,0.0,0.0,0.0,0.09128,0.230621,-135.138535,0.0,0.0,0.0,0.0,0.0,0.0,3.0,353758.113175,732.489305,36419.390379,2.693223,0,0,0,0,0,0,0,0,0,0,391.83963,424.714661,473.353119,544.723267,444.308746,398.057587,359.268677,393.537476,438.604858,536.629395,446.761597,400.255646,357.218445,395.72522,441.043854,539.614563,481.611115,431.476929,384.935883,426.9133,475.802948,582.141052,479.165588,429.286407,37.805302,176789.683493,412.134129,-497.019498,0,true,true,1.0,-0.01,0
2,204,10.2,-21.325087,11.063035,1.473677,-0.690291,17473.922558,0.0,0.0,0.0,0.09128,0.230621,-135.138535,0.0,0.0,0.0,0.0,0.0,0.0,3.0,353758.113175,732.489305,36419.390379,2.693223,0,0,0,0,0,0,0,0,0,0,391.83963,424.714661,473.353119,544.723267,444.308746,398.057587,359.268677,393.537476,438.604858,536.629395,446.761597,400.255646,357.218445,395.72522,441.043854,539.614563,481.611115,431.476929,384.935883,426.9133,475.802948,582.141052,479.165588,429.286407,37.805302,176789.683493,412.134129,-497.019498,0,true,true,1.0,-0.01,0
2,205,10.25,-21.325087,62510.262052,1.473677,62499.216614,17473.922558,0.0,0.0,0.0,0.09128,0.230621,-135.138535,0.0,0.0,0.0,0.0,0.0,0.0,3.0,353758.113175,732.489305,36419.390379,2.693223,0,0,0,0,0,0,0,0,0,0,391.83963,424.714661,473.353119,544.723267,444.308746,398.057587,359.268677,393.537476,438.604858,536.629395,446.761597,400.255646,357.218445,395.72522,441.043854,539.614563,481.611115,431.476929,384.935883,426.9133,475.802948,582.141052,479.165588,429.286407,37.805302,176789.683493,412.134129,-497.019498,0,true,true,1.0,-0.01,0
2,206,10.3,-21.330393,11.068341,1.471606,-0.68822,17473.92256,0.089563,0.014597,0.013415,0.094775,0.230624,-135.13826,0.0,0.0,0.0,0.0,0.0,0.0,3.0,353755.785593,729.490758,35834.541493,2.732109,0,0,0,0,0,0,0,0,0,0,391.849823,424.720612,473.360474,544.717346,444.30484,398.054688,359.274689,393.535614,438.603455,536.628784,446.754303,400.249725,357.213867,395.720337,441.039062,539.609863,481.612366,431.478729,384.942169,426.916229,475.806915,582.147095,479.170258,429.291229,37.805302,176789.690705,411.294723,-497.004909,0,true,true,1.0,-0.01,0
2,207,10.35,-21.330393,62510.262052,1.471606,62499.216614,17473.92256,0.089563,0.014597,0.013415,0.094775,0.230624,-135.13826,0.0,0.0,0.0,0.0,0.0,0.0,3.0,353755.785593,729.490758,35834.541493,2.732109,0,0,0,0,0,0,0,0,0,0,391.849823,424.720612,473.360474,544.717346,444.30484,398.054688,359.274689,393.535614,438.603455,536.628784,446.754303,400.249725,357.213867,395.720337,441.039062,539.609863,481.612366,431.478729,384.942169,426.916229,475.806915,582.147095,479.170258,429.291229,37.805302,176789.690705,411.294723,-497.004909,0,true,true,1.0,-0.01,0
2,208,10.4,-21.330393,11.068341,1.471606,-0.68822,17473.92256,0.089563,0.014597,0.013415,0.094775,0.230624,-135.13826,0.0,0.0,0.0,0.0,0.0,0.0,3.0,353755.785593,729.490758,35834.541493,2.732109,0,0,0,0,0,0,0,0,0,0,391.849823,424.720612,473.360474,544.717346,444.30484,398.054688,359.274689,393.535614,438.603455,536.628784,446.754303,400.249725,357.213867,395.720337,441.039062,539.609863,481.612366,431.478729,384.942169,426.916229,475.806915,582.147095,479.170258,429.291229,37.805302,176789.690705,411.294723,-497.004909,0,true,true,1.0,-0.01,0
2,209,10.45,-21.330393,62510.262052,1.471606,62499.216614,17473.92256,0.089563,0.014597,0.013415,0.094775,0.230624,-135.13826,0.0,0.0,0.0,0.0,0.0,0.0,3.0,353755.785593,729.490758,35834.541493,2.732109,0,0,0,0,0,0,0,0,0,0,391.849823,424.720612,473.360474,544.717346,444.30484,398.054688,359.274689,393.535614,438.603455,536.628784,446.754303,400.249725,357.213867,395.720337,441.039062,539.609863,481.612366,431.478729,384.942169,426.916229,475.806915,582.147095,479.170258,429.291229,37.805302,176789.690705,411.294723,-497.004909,0,true,true,1.0,-0.01,0
2,210,10.5,-21.330393,11.068341,1.471606,-0.68822,17473.92256,0.089563,0.014597,0.013415,0.094775,0.230624,-135.13826,0.0,0.0,0.0,0.0,0.0,0.0,3.0,353755.785593,729.490758,35834.541493,2.732109,0,0,0,0,0,0,0,0,0,0,391.849823,424.720612,473.360474,544.717346,444.30484,398.054688,359.274689,393.535614,438.603455,536.628784,446.754303,400.249725,357.213867,395.720337,441.039062,539.609863,481.612366,431.478729,384.942169,426.916229,475.806915,582.147095,479.170258,429.291229,37.805302,176789.690705,411.294723,-497.004909,0,true,true,1.0,-0.01,0
2,211,10.55,-21.330393,62510.262052,1.471606,62499.216614,17473.92256,0.089563,0.014597,0.013415,0.094775,0.230624,-135.13826,0.0,0.0,0.0,0.0,0.0,0.0,3.0,353755.785593,729.490758,35834.541493,2.732109,0,0,0,0,0,0,0,0,0,0,391.849823,424.720612,473.360474,544.717346,444.30484,398.054688,359.274689,393.535614,438.603455,536.628784,446.754303,400.249725,357.213867,395.720337,441.039062,539.609863,481.612366,431.478729,384.942169,426.916229,475.806915,582.147095,479.170258,429.291229,37.805302,176789.690705,411.294723,-497.004909,0,true,true,1.0,-0.01,0
2,212,10.6,-21.330393,11.068341,1.471606,-0.68822,17473.92256,0.089563,0.014597,0.013415,0.094775,0.230624,-135.13826,0.0,0.0,0.0,0.0,0.0,0.0,3.0,353755.785593,729.490758,35834.541493,2.732109,0,0,0,0,0,0,0,0,0,0,391.849823,424.720612,473.360474,544.717346,444.30484,398.054688,359.274689,393.535614,438.603455,536.628784,446.754303,400.249725,357.213867,395.720337,441.039062,539.609863,481.612366,431.478729,384.942169,426.916229,475.806915,582.147095,479.170258,429.291229,37.805302,176789.690705,411.294723,-497.004909,0,true,true,1.0,-0.01,0
2,213,10.65,-21.335717,62510.267376,1.469548,62499.218672,17473.922565,0.090061,0.014194,0.013504,0.098323,0.230633,-135.137955,0.0,0.0,0.0,0.0,0.0,0.0,3.0,353753.445186,726.438352,35245.496154,2.770703,0,0,0,0,0,0,0,0,0,0,391.860199,424.726593,473.367889,544.711243,444.300812,398.051727,359.280792,393.533752,438.602112,536.628296,446.746918,400.243744,357.209167,395.715485,441.034363,539.605286,481.613586,431.480499,384.948334,426.91922,475.811005,582.153381,479.174835,429.296021,37.805294,176789.69798,410.405557,-497.008928,0,true,true,1.0,-0.01,0
2,214,10.7,-21.335717,11.068341,1.469548,-0.68822,17473.922565,0.090061,0.014194,0.013504,0.098323,0.230633,-135.137955,0.0,0.0,0.0,0.0,0.0,0.0,3.0,353753.445186,726.438352,35245.496154,2.770703,0,0,0,0,0,0,0,0,0,0,391.860199,424.726593,473.367889,544.711243,444.300812,398.051727,359.280792,393.533752,438.602112,536.628296,446.746918,400.243744,357.209167,395.715485,441.034363,539.605286,481.613586,431.480499,384.948334,426.91922,475.811005,582.153381,479.174835,429.296021,37.805294,176789.69798,410.405557,-497.008928,0,true,true,1.0,-0.01,0
2,215,10.75,-21.335717,62510.267376,1.469548,62499.218672,17473.922565,0.090061,0.014194,0.013504,0.098323,0.230633,-135.137955,0.0,0.0,0.0,0.0,0.0,0.0,3.0,353753.445186,726.438352,35245.496154,2.770703,0,0,0,0,0,0,0,0,0,0,391.860199,424.726593,473.367889,544.711243,444.300812,398.051727,359.280792,393.533752,438.602112,536.628296,446.746918,400.243744,357.209167,395.715485,441.034363,539.605286,481.613586,431.480499,384.948334,426.91922,475.811005,582.153381,479.174835,429.296021,37.805294,176789.69798,410.405557,-497.008928,0,true,true,1.0,-0.01,0
2,216,10.8,-21.335717,11.068341,1.469548,-0.68822,17473.922565,0.090061,0.014194,0.013504,0.098323,0.230633,-135.137955,0.0,0.0,0.0,0.0,0.0,0.0,3.0,353753.445186,726.438352,35245.496154,2.770703,0,0,0,0,0,0,0,0,0,0,391.860199,424.726593,473.367889,544.711243,444.300812,398.051727,359.280792,393.533752,438.602112,536.628296,446.746918,400.243744,357.209167,395.715485,441.034363,539.605286,481.613586,431.480499,384.948334,426.91922,475.811005,582.153381,479.174835,429.296021,37.805294,176789.69798,410.405557,-497.008928,0,true,true,1.0,-0.01,0
2,217,10.85,-21.335717,62510.267376,1.469548,62499.218672,17473.922565,0.090061,0.014194,0.013504,0.098323,0.230633,-135.137955,0.0,0.0,0.0,0.0,0.0,0.0,3.0,353753.445186,726.438352,35245.496154,2.770703,0,0,0,0,0,0,0,0,0,0,391.860199,424.726593,473.367889,544.711243,444.300812,398.051727,359.280792,393.533752,438.602112,536.628296,446.746918,400.243744,357.209167,395.715485,441.034363,539.605286,481.613586,431.480499,384.948334,426.91922,475.811005,582.153381,479.174835,429.296021,37.805294,176789.69798,410.405557,-497.008928,0,true,true,1.0,-0.01,0
2,218,10.9,-21.335717,11.068341,1.469548,-0.68822,17473.922565,0.090061,0.014194,0.013504,0.098323,0.230633,-135.137955,0.0,0.0,0.0,0.0,0.0,0.0,3.0,353753.445186,726.438352,35245.496154,2.770703,0,0,0,0,0,0,0,0,0,0,391.860199,424.726593,473.367889,544.711243,444.300812,398.051727,359.280792,393.533752,438.602112,536.628296,446.746918,400.243744,357.209167,395.715485,441.034363,539.605286,481.613586,431.480499,384.948334,426.91922,475.811005,582.153381,479.174835,429.296021,37.805294,176789.69798,410.405557,-497.008928,0,true,true,1.0,-0.01,0
2,219,10.95,-21.335717,62510.267376,1.469548,62499.218672,17473.922565,0.090061,0.014194,0.013504,0.098323,0.230633,-135.137955,0.0,0.0,0.0,0.0,0.0,0.0,3.0,353753.445186,726.438352,35245.496154,2.770703,0,0,0,0,0,0,0,0,0,0,391.860199,424.726593,473.367889,544.711243,444.300812,398.051727,359.280792,393.533752,438.602112,536.628296,446.746918,400.243744,357.209167,395.715485,441.034363,539.605286,481.613586,431.480499,384.948334,426.91922,475.811005,582.153381,479.174835,429.296021,37.805294,176789.69798,410.405557,-497.008928,0,true,true,1.0,-0.01,0
2,220,11.0,-21.341056,11.07368,1.467515,-0.686187,17473.922568,0.090398,0.013649,0.013578,0.101909,0.230631,-135.137665,0.0,0.0,0.0,0.0,0.0,0.0,3.0,353751.080874,723.501634,34652.363046,2.808965,0,0,0,0,0,0,0,0,0,0,391.870483,424.732544,473.375275,544.7052,444.296814,398.048767,359.286804,393.53186,438.600677,536.627686,446.739594,400.237793,357.20459,395.710602,441.029633,539.600647,481.614899,431.48233,384.95459,426.92218,475.815063,582.159607,479.179474,429.300842,37.805294,176789.705273,409.546252,-496.977962,0,true,true,1.0,-0.01,0
2,221,11.05,-21.341056,62510.267376,1.467515,62499.218672,17473.922568,0.090398,0.013649,0.013578,0.101909,0.230631,-135.137665,0.0,0.0,0.0,0.0,0.0,0.0,3.0,353751.080874,723.501634,34652.363046,2.808965,0,0,0,0,0,0,0,0,0,0,391.870483,424.732544,473.375275,544.7052,444.296814,398.048767,359.286804,393.53186,438.600677,536.627686,446.739594,400.237793,357.20459,395.710602,441.029633,539.600647,481.614899,431.48233,384.95459,426.92218,475.815063,582.159607,479.179474,429.300842,37.805294,176789.705273,409.546252,-496.977962,0,true,true,1.0,-0.01,0
2,222,11.1,-21.341056,11.07368,1.467515,-0.686187,17473.922568,0.090398,0.013649,0.013578,0.101909,0.230631,-135.137665,0.0,0.0,0.0,0.0,0.0,0.0,3.0,353751.080874,723.501634,34652.363046,2.808965,0,0,0,0,0,0,0,0,0,0,391.870483,424.732544,473.375275,544.7052,444.296814,398.048767,359.286804,393.53186,438.600677,536.627686,446.739594,400.237793,357.20459,395.710602,441.029633,539.600647,481.614899,431.48233,384.95459,426.92218,475.815063,582.159607,479.179474,429.300842,37.805294,176789.705273,409.546252,-496.977962,0,true,true,1.0,-0.01,0
2,223,11.15,-21.341056,62510.267376,1.467515,62499.218672,17473.922568,0.090398,0.013649,0.013578,0.101909,0.230631,-135.137665,0.0,0.0,0.0,0.0,0.0,0.0,3.0,353751.080874,723.501634,34652.363046,2.808965,0,0,0,0,0,0,0,0,0,0,391.870483,424.732544,473.375275,544.7052,444.296814,398.048767,359.286804,393.53186,438.600677,536.627686,446.739594,400.237793,357.20459,395.710602,441.029633,539.600647,481.614899,431.48233,384.95459,426.92218,475.815063,582.159607,479.179474,429.300842,37.805294,176789.705273,409.546252,-496.977962,0,true,true,1.0,-0.01,0
2,224,11.2,-21.341056,11.07368,1.467515,-0.686187,17473.922568,0.090398,0.013649,0.013578,0.101909,0.230631,-135.137665,0.0,0.0,0.0,0.0,0.0,0.0,3.0,353751.080874,723.501634,34652.363046,2.808965,0,0,0,0,0,0,0,0,0,0,391.870483,424.732544,473.375275,544.7052,444.296814,398.048767,359.286804,393.53186,438.600677,536.627686,446.739594,400.237793,357.20459,395.710602,441.029633,539.600647,481.614899,431.48233,384.95459,426.92218,475.815063,582.159607,479.179474,429.300842,37.805294,176789.705273,409.546252,-496.977962,0,true,true,1.0,-0.01,0
2,225,11.25,-21.341056,62510.267376,1.467515,62499.218672,17473.922568,0.090398,0.013649,0.013578,0.101909,0.230631,-135.137665,0.0,0.0,0.0,0.0,0.0,0.0,3.0,353751.080874,723.501634,34652.363046,2.808965,0,0,0,0,0,0,0,0,0,0,391.870483,424.732544,473.375275,544.7052,444.296814,398.048767,359.286804,393.53186,438.600677,536.627686,446.739594,400.237793,357.20459,395.710602,441.029633,539.600647,481.614899,431.48233,384.95459,426.92218,475.815063,582.159607,479.179474,429.300842,37.805294,176789.705273,409.546252,-496.977962,0,true,true,1.0,-0.01,0
2,226,11.3,-21.346417,11.079041,1.465503,-0.684175,17473.922571,0.090857,0.013204,0.013664,0.105532,0.23063,-135.137375,0.0,0.0,0.0,0.0,0.0,0.0,3.0,353748.700692,720.595937,34055.065936,2.846875,0,0,0,0,0,0,0,0,0,0,391.88089,424.738525,473.38269,544.699036,444.292755,398.045776,359.292816,393.529938,438.599243,536.627075,446.732239,400.231842,357.200012,395.70575,441.024902,539.596008,481.616211,431.484192,384.960846,426.925232,475.819183,582.165894,479.184082,429.305664,37.80529,176789.712584,408.672893,-496.950799,0,true,true,1.0,-0.01,0
2,227,11.35,-21.346417,62510.267376,1.465503,62499.218672,17473.922571,0.090857,0.013204,0.013664,0.105532,0.23063,-135.137375,0.0,0.0,0.0,0.0,0.0,0.0,3.0,353748.700692,720.595937,34055.065936,2.846875,0,0,0,0,0,0,0,0,0,0,391.88089,424.738525,473.38269,544.699036,444.292755,398.045776,359.292816,393.529938,438.599243,536.627075,446.732239,400.231842,357.200012,395.70575,441.024902,539.596008,481.616211,431.484192,384.960846,426.925232,475.819183,582.165894,479.184082,429.305664,37.80529,176789.712584,408.672893,-496.950799,0,true,true,1.0,-0.01,0
2,228,11.4,-21.346417,11.079041,1.465503,-0.684175,17473.922571,0.090857,0.013204,0.013664,0.105532,0.23063,-135.137375,0.0,0.0,0.0,0.0,0.0,0.0,3.0,353748.700692,720.595937,34055.065936,2.846875,0,0,0,0,0,0,0,0,0,0,391.88089,424.738525,473.38269,544.699036,444.292755,398.045776,359.292816,393.529938,438.599243,536.627075,446.732239,400.231842,357.200012,395.70575,441.024902,539.596008,481.616211,431.484192,384.960846,426.925232,475.819183,582.165894,479.184082,429.305664,37.80529,176789.712584,408.672893,-496.950799,0,true,true,1.0,-0.01,0
2,229,11.45,-21.346417,62510.267376,1.465503,62499.218672,17473.922571,0.090857,0.013204,0.013664,0.105532,0.23063,-135.137375,0.0,0.0,0.0,0.0,0.0,0.0,3.0,353748.700692,720.595937,34055.065936,2.846875,0,0,0,0,0,0,0,0,0,0,391.88089,424.738525,473.38269,544.699036,444.292755,398.045776,359.292816,393.529938,438.599243,536.627075,446.732239,400.231842,357.200012,395.70575,441.024902,539.596008,481.616211,431.484192,384.960846,426.925232,475.819183,582.165894,479.184082,429.305664,37.80529,176789.712584,408.672893,-496.950799,0,true,true,1.0,-0.01,0
2,230,11.5,-21.346417,11.079041,1.465503,-0.684175,17473.922571,0.090857,0.013204,0.013664,0.105532,0.23063,-135.137375,0.0,0.0,0.0,0.0,0.0,0.0,3.0,353748.700692,720.595937,34055.065936,2.846875,0,0,0,0,0,0,0,0,0,0,391.88089,424.738525,473.38269,544.699036,444.292755,398.045776,359.292816,393.529938,438.599243,536.627075,446.732239,400.231842,357.200012,395.70575,441.024902,539.596008,481.616211,431.484192,384.960846,426.925232,475.819183,582.165894,479.184082,429.305664,37.80529,176789.712584,408.672893,-496.950799,0,true,true,1.0,-0.01,0
2,231,11.55,-21.346417,62510.267376,1.465503,62499.218672,17473.922571,0.090857,0.013204,0.013664,0.105532,0.23063,-135.137375,0.0,0.0,0.0,0.0,0.0,0.0,3.0,353748.700692,720.595937,34055.065936,2.846875,0,0,0,0,0,0,0,0,0,0,391.88089,424.738525,473.38269,544.699036,444.292755,398.045776,359.292816,393.529938,438.599243,536.627075,446.732239,400.231842,357.200012,395.70575,441.024902,539.596008,481.616211,431.484192,384.960846,426.925232,475.819183,582.165894,479.184082,429.305664,37.80529,176789.712584,408.672893,-496.950799,0,true,true,1.0,-0.01,0
2,232,11.6,-21.346417,11.079041,1.465503,-0.684175,17473.922571,0.090857,0.013204,0.013664,0.105532,0.23063,-135.137375,0.0,0.0,0.0,0.0,0.0,0.0,3.0,353748.700692,720.595937,34055.065936,2.846875,0,0,0,0,0,0,0,0,0,0,391.88089,424.738525,473.38269,544.699036,444.292755,398.045776,359.292816,393.529938,438.599243,536.627075,446.732239,400.231842,357.200012,395.70575,441.024902,539.596008,481.616211,431.484192,384.960846,426.925232,475.819183,582.165894,479.184082,429.305664,37.80529,176789.712584,408.672893,-496.950799,0,true,true,1.0,-0.01,0
2,233,11.65,-21.351797,62510.272755,1.46351,62499.220666,17473.922574,0.0,0.0,0.0,0.109202,0.230629,-135.137085,0.0,0.0,0.0,0.0,0.0,0.0,3.0,353746.303979,717.726872,33453.612723,2.884453,0,0,0,0,0,0,0,0,0,0,391.891327,424.744476,473.390106,544.69281,444.288666,398.042725,359.298828,393.528015,438.597778,536.626404,446.724884,400.225891,357.195435,395.700897,441.020203,539.591431,481.617523,431.486084,384.967102,426.928284,475.823364,582.172241,479.18866,429.310455,37.805286,176789.719911,407.790075,-496.924169,0,true,true,1.0,-0.01,0
2,234,11.7,-21.351797,11.079041,1.46351,-0.684175,17473.922574,0.0,0.0,0.0,0.109202,0.230629,-135.137085,0.0,0.0,0.0,0.0,0.0,0.0,3.0,353746.303979,717.726872,33453.612723,2.884453,0,0,0,0,0,0,0,0,0,0,391.891327,424.744476,473.390106,544.69281,444.288666,398.042725,359.298828,393.528015,438.597778,536.626404,446.724884,400.225891,357.195435,395.700897,441.020203,539.591431,481.617523,431.486084,384.967102,426.928284,475.823364,582.172241,479.18866,429.310455,37.805286,176789.719911,407.790075,-496.924169,0,true,true,1.0,-0.01,0
2,235,11.75,-21.351797,62510.272755,1.46351,62499.220666,17473.922574,0.0,0.0,0.0,0.109202,0.230629,-135.137085,0.0,0.0,0.0,0.0,0.0,0.0,3.0,353746.303979,717.726872,33453.612723,2.884453,0,0,0,0,0,0,0,0,0,0,391.891327,424.744476,473.390106,544.69281,444.288666,398.042725,359.298828,393.528015,438.597778,536.626404,446.724884,400.225891,357.195435,395.700897,441.020203,539.591431,481.617523,431.486084,384.967102,426.928284,475.823364,582.172241,479.18866,429.310455,37.805286,176789.719911,407.790075,-496.924169,0,true,true,1.0,-0.01,0
2,236,11.8,-21.351797,11.079041,1.46351,-0.684175,17473.922574,0.0,0.0,0.0,0.109202,0.230629,-135.137085,0.0,0.0,0.0,0.0,0.0,0.0,3.0,353746.303979,717.726872,33453.612723,2.884453,0,0,0,0,0,0,0,0,0,0,391.891327,424.744476,473.390106,544.69281,444.288666,398.042725,359.298828,393.528015,438.597778,536.626404,446.724884,400.225891,357.195435,395.700897,441.020203,539.591431,481.617523,431.486084,384.967102,426.928284,475.823364,582.172241,479.18866,429.310455,37.805286,176789.719911,407.790075,-496.924169,0,true,true,1.0,-0.01,0
2,237,11.85,-21.351797,62510.272755,1.46351,62499.220666,17473.922574,0.0,0.0,0.0,0.109202,0.230629,-135.137085,0.0,0.0,0.0,0.0,0.0,0.0,3.0,353746.303979,717.726872,33453.612723,2.884453,0,0,0,0,0,0,0,0,0,0,391.891327,424.744476,473.390106,544.69281,444.288666,398.042725,359.298828,393.528015,438.597778,536.626404,446.724884,400.225891,357.195435,395.700897,441.020203,539.591431,481.617523,431.486084,384.967102,426.928284,475.823364,582.172241,479.18866,429.310455,37.805286,176789.719911,407.790075,-496.924169,0,true,true,1.0,-0.01,0
2,238,11.9,-21.351797,11.079041,1.46351,-0.684175,17473.922574,0.0,0.0,0.0,0.109202,0.230629,-135.137085,0.0,0.0,0.0,0.0,0.0,0.0,3.0,353746.303979,717.726872,33453.612723,2.884453,0,0,0,0,0,0,0,0,0,0,391.891327,424.744476,473.390106,544.69281,444.288666,398.042725,359.298828,393.528015,438.597778,536.626404,446.724884,400.225891,357.195435,395.700897,441.020203,539.591431,481.617523,431.486084,384.967102,426.928284,475.823364,582.172241,479.18866,429.310455,37.805286,176789.719911,407.790075,-496.924169,0,true,true,1.0,-0.01,0
2,239,11.95,-21.351797,62510.272755,1.46351,62499.220666,17473.922574,0.0,0.0,0.0,0.109202,0.230629,-135.137085,0.0,0.0,0.0,0.0,0.0,0.0,3.0,353746.303979,717.726872,33453.612723,2.884453,0,0,0,0,0,0,0,0,0,0,391.891327,424.744476,473.390106,544.69281,444.288666,398.042725,359.298828,393.528015,438.597778,536.626404,446.724884,400.225891,357.195435,395.700897,441.020203,539.591431,481.617523,431.486084,384.967102,426.928284,475.823364,582.172241,479.18866,429.310455,37.805286,176789.719911,407.790075,-496.924169,0,true,true,1.0,-0.01,0
2,240,12.0,-21.357198,11.084443,1.461538,-0.682203,17473.922577,0.091774,0.012267,0.013838,0.112911,0.230629,-135.136765,0.0,0.0,0.0,0.0,0.0,0.0,3.0,353743.890997,714.81548,32848.003691,2.92166,0,0,0,0,0,0,0,0,0,0,391.901947,424.750488,473.397583,544.686401,444.284454,398.039642,359.304932,393.526062,438.596344,536.625916,446.717438,400.219879,357.190765,395.696075,441.015564,539.587036,481.618805,431.487946,384.973236,426.931396,475.827667,582.178833,479.193176,429.315216,37.805283,176789.727352,406.854994,-496.898625,0,true,true,1.0,-0.01,0
2,241,12.05,-21.357198,62510.272755,1.461538,62499.220666,17473.922577,0.091774,0.012267,0.013838,0.112911,0.230629,-135.136765,0.0,0.0,0.0,0.0,0.0,0.0,3.0,353743.890997,714.81548,32848.003691,2.92166,0,0,0,0,0,0,0,0,0,0,391.901947,424.750488,473.397583,544.686401,444.284454,398.039642,359.304932,393.526062,438.596344,536.625916,446.717438,400.219879,357.190765,395.696075,441.015564,539.587036,481.618805,431.487946,384.973236,426.931396,475.827667,582.178833,479.193176,429.315216,37.805283,176789.727352,406.854994,-496.898625,0,true,true,1.0,-0.01,0
2,242,12.1,-21.357198,11.084443,1.461538,-0.682203,17473.922577,0.091774,0.012267,0.013838,0.112911,0.230629,-135.136765,0.0,0.0,0.0,0.0,0.0,0.0,3.0,353743.890997,714.81548,32848.003691,2.92166,0,0,0,0,0,0,0,0,0,0,391.901947,424.750488,473.397583,544.686401,444.284454,398.039642,359.304932,393.526062,438.596344,536.625916,446.717438,400.219879,357.190765,395.696075,441.015564,539.587036,481.618805,431.487946,384.973236,426.931396,475.827667,582.178833,479.193176,429.315216,37.805283,176789.727352,406.854994,-496.898625,0,true,true,1.0,-0.01,0
2,243,12.15,-21.357198,62510.272755,1.461538,62499.220666,17473.922577,0.091774,0.012267,0.013838,0.112911,0.230629,-135.136765,0.0,0.0,0.0,0.0,0.0,0.0,3.0,353743.890997,714.81548,32848.003691,2.92166,0,0,0,0,0,0,0,0,0,0,391.901947,424.750488,473.397583,544.686401,444.284454,398.039642,359.304932,393.526062,438.596344,536.625916,446.717438,400.219879,357.190765,395.696075,441.015564,539.587036,481.618805,431.487946,384.973236,426.931396,475.827667,582.178833,479.193176,429.315216,37.805283,176789.727352,406.854994,-496.898625,0,true,true,1.0,-0.01,0
2,244,12.2,-21.357198,11.084443,1.461538,-0.682203,17473.922577,0.091774,0.012267,0.013838,0.112911,0.230629,-135.136765,0.0,0.0,0.0,0.0,0.0,0.0,3.0,353743.890997,714.81548,32848.003691,2.92166,0,0,0,0,0,0,0,0,0,0,391.901947,424.750488,473.397583,544.686401,444.284454,398.039642,359.304932,393.526062,438.596344,536.625916,446.717438,400.219879,357.190765,395.696075,441.015564,539.587036,481.618805,431.487946,384.973236,426.931396,475.827667,582.178833,479.193176,429.315216,37.805283,176789.727352,406.854994,-496.898625,0,true,true,1.0,-0.01,0
2,245,12.25,-21.357198,62510.272755,1.461538,62499.220666,17473.922577,0.091774,0.012267,0.013838,0.112911,0.230629,-135.136765,0.0,0.0,0.0,0.0,0.0,0.0,3.0,353743.890997,714.81548,32848.003691,2.92166,0,0,0,0,0,0,0,0,0,0,391.901947,424.750488,473.397583,544.686401,444.284454,398.039642,359.304932,393.526062,438.596344,536.625916,446.717438,400.219879,357.190765,395.696075,441.015564,539.587036,481.618805,431.487946,384.973236,426.931396,475.827667,582.178833,479.193176,429.315216,37.805283,176789.727352,406.854994,-496.898625,0,true,true,1.0,-0.01,0
2,246,12.3,-21.362618,11.089863,1.459578,-0.680243,17473.922583,0.092321,0.011872,0.013935,0.116676,0.230636,-135.136459,0.0,0.0,0.0,0.0,0.0,0.0,3.0,353741.465683,711.957297,32238.195128,2.958477,0,0,0,0,0,0,0,0,0,0,391.912598,424.7565,473.40509,544.679932,444.280212,398.036499,359.311005,393.524109,438.59491,536.625366,446.709991,400.213898,357.186127,395.691254,441.010925,539.582581,481.620117,431.489838,384.979401,426.93457,475.83197,582.185425,479.197693,429.320007,37.805279,176789.734726,405.919477,-496.896718,0,true,true,1.0,-0.01,0
2,247,12.35,-21.362618,62510.272755,1.459578,62499.220666,17473.922583,0.092321,0.011872,0.013935,0.116676,0.230636,-135.136459,0.0,0.0,0.0,0.0,0.0,0.0,3.0,353741.465683,711.957297,32238.195128,2.958477,0,0,0,0,0,0,0,0,0,0,391.912598,424.7565,473.40509,544.679932,444.280212,398.036499,359.311005,393.524109,438.59491,536.625366,446.709991,400.213898,357.186127,395.691254,441.010925,539.582581,481.620117,431.489838,384.979401,426.93457,475.83197,582.185425,479.197693,429.320007,37.805279,176789.734726,405.919477,-496.896718,0,true,true,1.0,-0.01,0
2,248,12.4,-21.362618,11.089863,1.459578,-0.680243,17473.922583,0.092321,0.011872,0.013935,0.116676,0.230636,-135.136459,0.0,0.0,0.0,0.0,0.0,0.0,3.0,353741.465683,711.957297,32238.195128,2.958477,0,0,0,0,0,0,0,0,0,0,391.912598,424.7565,473.40509,544.679932,444.280212,398.036499,359.311005,393.524109,438.59491,536.625366,446.709991,400.213898,357.186127,395.691254,441.010925,539.582581,481.620117,431.489838,384.979401,426.93457,475.83197,582.185425,479.197693,429.320007,37.805279,176789.734726,405.919477,-496.896718,0,true,true,1.0,-0.01,0
2,249,12.45,-21.362618,62510.272755,1.459578,62499.220666,17473.922583,0.092321,0.011872,0.013935,0.116676,0.230636,-135.136459,0.0,0.0,0.0,0.0,0.0,0.0,3.0,353741.465683,711.957297,32238.195128,2.958477,0,0,0,0,0,0,0,0,0,0,391.912598,424.7565,473.40509,544.679932,444.280212,398.036499,359.311005,393.524109,438.59491,536.625366,446.709991,400.213898,357.186127,395.691254,441.010925,539.582581,481.620117,431.489838,384.979401,426.93457,475.83197,582.185425,479.197693,429.320007,37.805279,176789.734726,405.919477,-496.896718,0,true,true,1.0,-0.01,0
2,250,12.5,-21.362618,11.089863,1.459578,-0.680243,17473.922583,0.092321,0.011872,0.013935,0.116676,0.230636,-135.136459,0.0,0.0,0.0,0.0,0.0,0.0,3.0,353741.465683,711.957297,32238.195128,2.958477,0,0,0,0,0,0,0,0,0,0,391.912598,424.7565,473.40509,544.679932,444.280212,398.036499,359.311005,393.524109,438.59491,536.625366,446.709991,400.213898,357.186127,395.691254,441.010925,539.582581,481.620117,431.489838,384.979401,426.93457,475.83197,582.185425,479.197693,429.320007,37.805279,176789.734726,405.919477,-496.896718,0,true,true,1.0,-0.01,0
2,251,12.55,-21.362618,62510.272755,1.459578,62499.220666,17473.922583,0.092321,0.011872,0.013935,0.116676,0.230636,-135.136459,0.0,0.0,0.0,0.0,0.0,0.0,3.0,353741.465683,711.957297,32238.195128,2.958477,0,0,0,0,0,0,0,0,0,0,391.912598,424.7565,473.40509,544.679932,444.280212,398.036499,359.311005,393.524109,438.59491,536.625366,446.709991,400.213898,357.186127,395.691254,441.010925,539.582581,481.620117,431.489838,384.979401,426.93457,475.83197,582.185425,479.197693,429.320007,37.805279,176789.734726,405.919477,-496.896718,0,true,true,1.0,-0.01,0
2,252,12.6,-21.362618,11.089863,1.459578,-0.680243,17473.922583,0.092321,0.011872,0.013935,0.116676,0.230636,-135.136459,0.0,0.0,0.0,0.0,0.0,0.0,3.0,353741.465683,711.957297,32238.195128,2.958477,0,0,0,0,0,0,0,0,0,0,391.912598,424.7565,473.40509,544.679932,444.280212,398.036499,359.311005,393.524109,438.59491,536.625366,446.709991,400.213898,357.186127,395.691254,441.010925,539.582581,481.620117,431.489838,384.979401,426.93457,475.83197,582.185425,479.197693,429.320007,37.805279,176789.734726,405.919477,-496.896718,0,true,true,1.0,-0.01,0
2,253,12.65,-21.368059,62510.278195,1.457647,62499.222597,17473.922587,0.092691,0.011311,0.014014,0.120475,0.230633,-135.136154,0.0,0.0,0.0,0.0,0.0,0.0,3.0,353739.017471,709.229401,31624.301664,2.994902,0,0,0,0,0,0,0,0,0,0,391.923187,424.762512,473.412537,544.673523,444.27597,398.033356,359.316986,393.522095,438.593384,536.624695,446.702576,400.207916,357.18158,395.686432,441.006256,539.578064,481.62149,431.491791,384.985687,426.937744,475.836273,582.192017,479.20224,429.324768,37.805275,176789.742113,405.014141,-496.861861,0,true,true,1.0,-0.01,0
2,254,12.7,-21.368059,11.089863,1.457647,-0.680243,17473.922587,0.092691,0.011311,0.014014,0.120475,0.230633,-135.136154,0.0,0.0,0.0,0.0,0.0,0.0,3.0,353739.017471,709.229401,31624.301664,2.994902,0,0,0,0,0,0,0,0,0,0,391.923187,424.762512,473.412537,544.673523,444.27597,398.033356,359.316986,393.522095,438.593384,536.624695,446.702576,400.207916,357.18158,395.686432,441.006256,539.578064,481.62149,431.491791,384.985687,426.937744,475.836273,582.192017,479.20224,429.324768,37.805275,176789.742113,405.014141,-496.861861,0,true,true,1.0,-0.01,0
2,255,12.75,-21.368059,62510.278195,1.457647,62499.222597,17473.922587,0.092691,0.011311,0.014014,0.120475,0.230633,-135.136154,0.0,0.0,0.0,0.0,0.0,0.0,3.0,353739.017471,709.229401,31624.301664,2.994902,0,0,0,0,0,0,0,0,0,0,391.923187,424.762512,473.412537,544.673523,444.27597,398.033356,359.316986,393.522095,438.593384,536.624695,446.702576,400.207916,357.18158,395.686432,441.006256,539.578064,481.62149,431.491791,384.985687,426.937744,475.836273,582.192017,479.20224,429.324768,37.805275,176789.742113,405.014141,-496.861861,0,true,true,1.0,-0.01,0
2,256,12.8,-21.368059,11.089863,1.457647,-0.680243,17473.922587,0.092691,0.011311,0.014014,0.120475,0.230633,-135.136154,0.0,0.0,0.0,0.0,0.0,0.0,3.0,353739.017471,709.229401,31624.301664,2.994902,0,0,0,0,0,0,0,0,0,0,391.923187,424.762512,473.412537,544.673523,444.27597,398.033356,359.316986,393.522095,438.593384,536.624695,446.702576,400.207916,357.18158,395.686432,441.006256,539.578064,481.62149,431.491791,384.985687,426.937744,475.836273,582.192017,479.20224,429.324768,37.805275,176789.742113,405.014141,-496.861861,0,true,true,1.0,-0.01,0
2,257,12.85,-21.368059,62510.278195,1.457647,62499.222597,17473.922587,0.092691,0.011311,0.014014,0.120475,0.230633,-135.136154,0.0,0.0,0.0,0.0,0.0,0.0,3.0,353739.017471,709.229401,31624.301664,2.994902,0,0,0,0,0,0,0,0,0,0,391.923187,424.762512,473.412537,544.673523,444.27597,398.033356,359.316986,393.522095,438.593384,536.624695,446.702576,400.207916,357.18158,395.686432,441.006256,539.578064,481.62149,431.491791,384.985687,426.937744,475.836273,582.192017,479.20224,429.324768,37.805275,176789.742113,405.014141,-496.861861,0,true,true,1.0,-0.01,0
2,258,12.9,-21.368059,11.089863,1.457647,-0.680243,17473.922587,0.092691,0.011311,0.014014,0.120475,0.230633,-135.136154,0.0,0.0,0.0,0.0,0.0,0.0,3.0,353739.017471,709.229401,31624.301664,2.994902,0,0,0,0,0,0,0,0,0,0,391.923187,424.762512,473.412537,544.673523,444.27597,398.033356,359.316986,393.522095,438.593384,536.624695,446.702576,400.207916,357.18158,395.686432,441.006256,539.578064,481.62149,431.491791,384.985687,426.937744,475.836273,582.192017,479.20224,429.324768,37.805275,176789.742113,405.014141,-496.861861,0,true,true,1.0,-0.01,0
2,259,12.95,-21.368059,62510.278195,1.457647,62499.222597,17473.922587,0.092691,0.011311,0.014014,0.120475,0.230633,-135.136154,0.0,0.0,0.0,0.0,0.0,0.0,3.0,353739.017471,709.229401,31624.301664,2.994902,0,0,0,0,0,0,0,0,0,0,391.923187,424.762512,473.412537,544.673523,444.27597,398.033356,359.316986,393.522095,438.593384,536.624695,446.702576,400.207916,357.18158,395.686432,441.006256,539.578064,481.62149,431.491791,384.985687,426.937744,475.836273,582.192017,479.20224,429.324768,37.805275,176789.742113,405.014141,-496.861861,0,true,true,1.0,-0.01,0
2,260,13.0,-21.373516,11.095321,1.455732,-0.678329,17473.92259,0.093176,0.01082,0.014105,0.124329,0.230631,-135.135834,0.0,0.0,0.0,0.0,0.0,0.0,3.0,353736.553566,706.471776,31006.250485,3.030918,0,0,0,0,0,0,0,0,0,0,391.93396,424.768524,473.420044,544.666931,444.271667,398.030182,359.323059,393.520081,438.591888,536.624146,446.695129,400.201935,357.177002,395.68161,441.001678,539.573669,481.622833,431.493744,384.991882,426.940948,475.840668,582.19873,479.206726,429.329529,37.805271,176789.749586,404.064368,-496.831114,0,true,true,1.0,-0.01,0
2,261,13.05,-21.373516,62510.278195,1.455732,62499.222597,17473.92259,0.093176,0.01082,0.014105,0.124329,0.230631,-135.135834,0.0,0.0,0.0,0.0,0.0,0.0,3.0,353736.553566,706.471776,31006.250485,3.030918,0,0,0,0,0,0,0,0,0,0,391.93396,424.768524,473.420044,544.666931,444.271667,398.030182,359.323059,393.520081,438.591888,536.624146,446.695129,400.201935,357.177002,395.68161,441.001678,539.573669,481.622833,431.493744,384.991882,426.940948,475.840668,582.19873,479.206726,429.329529,37.805271,176789.749586,404.064368,-496.831114,0,true,true,1.0,-0.01,0
2,262,13.1,-21.373516,11.095321,1.455732,-0.678329,17473.92259,0.093176,0.01082,0.014105,0.124329,0.230631,-135.135834,0.0,0.0,0.0,0.0,0.0,0.0,3.0,353736.553566,706.471776,31006.250485,3.030918,0,0,0,0,0,0,0,0,0,0,391.93396,424.768524,473.420044,544.666931,444.271667,398.030182,359.323059,393.520081,438.591888,536.624146,446.695129,400.201935,357.177002,395.68161,441.001678,539.573669,481.622833,431.493744,384.991882,426.940948,475.840668,582.19873,479.206726,429.329529,37.805271,176789.749586,404.064368,-496.831114,0,true,true,1.0,-0.01,0
2,263,13.15,-21.373516,62510.278195,1.455732,62499.222597,17473.92259,0.093176,0.01082,0.014105,0.124329,0.230631,-135.135834,0.0,0.0,0.0,0.0,0.0,0.0,3.0,353736.553566,706.471776,31006.250485,3.030918,0,0,0,0,0,0,0,0,0,0,391.93396,424.768524,473.420044,544.666931,444.271667,398.030182,359.323059,393.520081,438.591888,536.624146,446.695129,400.201935,357.177002,395.68161,441.001678,539.573669,481.622833,431.493744,384.991882,426.940948,475.840668,582.19873,479.206726,429.329529,37.805271,176789.749586,404.064368,-496.831114,0,true,true,1.0,-0.01,0
2,264,13.2,-21.373516,11.095321,1.455732,-0.678329,17473.92259,0.093176,0.01082,0.014105,0.124329,0.230631,-135.135834,0.0,0.0,0.0,0.0,0.0,0.0,3.0,353736.553566,706.471776,31006.250485,3.030918,0,0,0,0,0,0,0,0,0,0,391.93396,424.768524,473.420044,544.666931,444.271667,398.030182,359.323059,393.520081,438.591888,536.624146,446.695129,400.201935,357.177002,395.68161,441.001678,539.573669,481.622833,431.493744,384.991882,426.940948,475.840668,582.19873,479.206726,429.329529,37.805271,176789.749586,404.064368,-496.831114,0,true,true,1.0,-0.01,0
2,265,13.25,-21.373516,62510.278195,1.455732,62499.222597,17473.92259,0.093176,0.01082,0.014105,0.124329,0.230631,-135.135834,0.0,0.0,0.0,0.0,0.0,0.0,3.0,353736.553566,706.471776,31006.250485,3.030918,0,0,0,0,0,0,0,0,0,0,391.93396,424.768524,473.420044,544.666931,444.271667,398.030182,359.323059,393.520081,438.591888,536.624146,446.695129,400.201935,357.177002,395.68161,441.001678,539.573669,481.622833,431.493744,384.991882,426.940948,475.840668,582.19873,479.206726,429.329529,37.805271,176789.749586,404.064368,-496.831114,0,true,true,1.0,-0.01,0
2,266,13.3,-21.378999,11.100803,1.453843,-0.676439,17473.922594,0.0,0.0,0.0,0.128217,0.23063,-135.135513,0.0,0.0,0.0,0.0,0.0,0.0,3.0,353734.073432,703.769766,30384.046791,3.066523,0,0,0,0,0,0,0,0,0,0,391.944763,424.774536,473.427582,544.660278,444.267273,398.026947,359.329102,393.518036,438.590363,536.623535,446.687622,400.195923,357.172394,395.676788,440.99707,539.569336,481.624207,431.495728,384.998077,426.944214,475.845123,582.205566,479.211212,429.33429,37.805267,176789.757068,403.105573,-496.802583,0,true,true,1.0,-0.01,0
2,267,13.35,-21.378999,62510.278195,1.453843,62499.222597,17473.922594,0.0,0.0,0.0,0.128217,0.23063,-135.135513,0.0,0.0,0.0,0.0,0.0,0.0,3.0,353734.073432,703.769766,30384.046791,3.066523,0,0,0,0,0,0,0,0,0,0,391.944763,424.774536,473.427582,544.660278,444.267273,398.026947,359.329102,393.518036,438.590363,536.623535,446.687622,400.195923,357.172394,395.676788,440.99707,539.569336,481.624207,431.495728,384.998077,426.944214,475.845123,582.205566,479.211212,429.33429,37.805267,176789.757068,403.105573,-496.802583,0,true,true,1.0,-0.01,0
2,268,13.4,-21.378999,11.100803,1.453843,-0.676439,17473.922594,0.0,0.0,0.0,0.128217,0.23063,-135.135513,0.0,0.0,0.0,0.0,0.0,0.0,3.0,353734.073432,703.769766,30384.046791,3.066523,0,0,0,0,0,0,0,0,0,0,391.944763,424.774536,473.427582,544.660278,444.267273,398.026947,359.329102,393.518036,438.590363,536.623535,446.687622,400.195923,357.172394,395.676788,440.99707,539.569336,481.624207,431.495728,384.998077,426.944214,475.845123,582.205566,479.211212,429.33429,37.805267,176789.757068,403.105573,-496.802583,0,true,true,1.0,-0.01,0
2,269,13.45,-21.378999,62510.278195,1.453843,62499.222597,17473.922594,0.0,0.0,0.0,0.128217,0.23063,-135.135513,0.0,0.0,0.0,0.0,0.0,0.0,3.0,353734.073432,703.769766,30384.046791,3.066523,0,0,0,0,0,0,0,0,0,0,391.944763,424.774536,473.427582,544.660278,444.267273,398.026947,359.329102,393.518036,438.590363,536.623535,446.687622,400.195923,357.172394,395.676788,440.99707,539.569336,481.624207,431.495728,384.998077,426.944214,475.845123,582.205566,479.211212,429.33429,37.805267,176789.757068,403.105573,-496.802583,0,true,true,1.0,-0.01,0
2,270,13.5,-21.378999,11.100803,1.453843,-0.676439,17473.922594,0.0,0.0,0.0,0.128217,0.23063,-135.135513,0.0,0.0,0.0,0.0,0.0,0.0,3.0,353734.073432,703.769766,30384.046791,3.066523,0,0,0,0,0,0,0,0,0,0,391.944763,424.774536,473.427582,544.660278,444.267273,398.026947,359.329102,393.518036,438.590363,536.623535,446.687622,400.195923,357.172394,395.676788,440.99707,539.569336,481.624207,431.495728,384.998077,426.944214,475.845123,582.205566,479.211212,429.33429,37.805267,176789.757068,403.105573,-496.802583,0,true,true,1.0,-0.01,0
2,271,13.55,-21.378999,62510.278195,1.453843,62499.222597,17473.922594,0.0,0.0,0.0,0.128217,0.23063,-135.135513,0.0,0.0,0.0,0.0,0.0,0.0,3.0,353734.073432,703.769766,30384.046791,3.066523,0,0,0,0,0,0,0,0,0,0,391.944763,424.774536,473.427582,544.660278,444.267273,398.026947,359.329102,393.518036,438.590363,536.623535,446.687622,400.195923,357.172394,395.676788,440.99707,539.569336,481.624207,431.495728,384.998077,426.944214,475.845123,582.205566,479.211212,429.33429,37.805267,176789.757068,403.105573,-496.802583,0,true,true,1.0,-0.01,0
2,272,13.6,-21.378999,11.100803,1.453843,-0.676439,17473.922594,0.0,0.0,0.0,0.128217,0.23063,-135.135513,0.0,0.0,0.0,0.0,0.0,0.0,3.0,353734.073432,703.769766,30384.046791,3.066523,0,0,0,0,0,0,0,0,0,0,391.944763,424.774536,473.427582,544.660278,444.267273,398.026947,359.329102,393.518036,438.590363,536.623535,446.687622,400.195923,357.172394,395.676788,440.99707,539.569336,481.624207,431.495728,384.998077,426.944214,475.845123,582.205566,479.211212,429.33429,37.805267,176789.757068,403.105573,-496.802583,0,true,true,1.0,-0.01,0
2,273,13.65,-21.384505,62510.283702,1.451969,62499.22447,17473.922601,0.094239,0.009935,0.014299,0.132155,0.230637,-135.135193,0.0,0.0,0.0,0.0,0.0,0.0,3.0,353731.58087,701.130532,29757.646705,3.101699,0,0,0,0,0,0,0,0,0,0,391.955627,424.780579,473.43515,544.653564,444.262848,398.023682,359.335114,393.515961,438.588806,536.622925,446.680145,400.189911,357.167847,395.671997,440.992462,539.565002,481.62561,431.497742,385.004303,426.94751,475.84964,582.212463,479.215668,429.33905,37.80526,176789.764486,402.14436,-496.798909,0,true,true,1.0,-0.01,0
2,274,13.7,-21.384505,11.100803,1.451969,-0.676439,17473.922601,0.094239,0.009935,0.014299,0.132155,0.230637,-135.135193,0.0,0.0,0.0,0.0,0.0,0.0,3.0,353731.58087,701.130532,29757.646705,3.101699,0,0,0,0,0,0,0,0,0,0,391.955627,424.780579,473.43515,544.653564,444.262848,398.023682,359.335114,393.515961,438.588806,536.622925,446.680145,400.189911,357.167847,395.671997,440.992462,539.565002,481.62561,431.497742,385.004303,426.94751,475.84964,582.212463,479.215668,429.33905,37.80526,176789.764486,402.14436,-496.798909,0,true,true,1.0,-0.01,0
2,275,13.75,-21.384505,62510.283702,1.451969,62499.22447,17473.922601,0.094239,0.009935,0.014299,0.132155,0.230637,-135.135193,0.0,0.0,0.0,0.0,0.0,0.0,3.0,353731.58087,701.130532,29757.646705,3.101699,0,0,0,0,0,0,0,0,0,0,391.955627,424.780579,473.43515,544.653564,444.262848,398.023682,359.335114,393.515961,438.588806,536.622925,446.680145,400.189911,357.167847,395.671997,440.992462,539.565002,481.62561,431.497742,385.004303,426.94751,475.84964,582.212463,479.215668,429.33905,37.80526,176789.764486,402.14436,-496.798909,0,true,true,1.0,-0.01,0
2,276,13.8,-21.384505,11.100803,1.451969,-0.676439,17473.922601,0.094239,0.009935,0.014299,0.132155,0.230637,-135.135193,0.0,0.0,0.0,0.0,0.0,0.0,3.0,353731.58087,701.130532,29757.646705,3.101699,0,0,0,0,0,0,0,0,0,0,391.955627,424.780579,473.43515,544.653564,444.262848,398.023682,359.335114,393.515961,438.588806,536.622925,446.680145,400.189911,357.167847,395.671997,440.992462,539.565002,481.62561,431.497742,385.004303,426.94751,475.84964,582.212463,479.215668,429.33905,37.80526,176789.764486,402.14436,-496.798909,0,true,true,1.0,-0.01,0
2,277,13.85,-21.384505,62510.283702,1.451969,62499.22447,17473.922601,0.094239,0.009935,0.014299,0.132155,0.230637,-135.135193,0.0,0.0,0.0,0.0,0.0,0.0,3.0,353731.58087,701.130532,29757.646705,3.101699,0,0,0,0,0,0,0,0,0,0,391.955627,424.780579,473.43515,544.653564,444.262848,398.023682,359.335114,393.515961,438.588806,536.622925,446.680145,400.189911,357.167847,395.671997,440.992462,539.565002,481.62561,431.497742,385.004303,426.94751,475.84964,582.212463,479.215668,429.33905,37.80526,176789.764486,402.14436,-496.798909,0,true,true,1.0,-0.01,0
2,278,13.9,-21.384505,11.100803,1.451969,-0.676439,17473.922601,0.094239,0.009935,0.014299,0.132155,0.230637,-135.135193,0.0,0.0,0.0,0.0,0.0,0.0,3.0,353731.58087,701.130532,29757.646705,3.101699,0,0,0,0,0,0,0,0,0,0,391.955627,424.780579,473.43515,544.653564,444.262848,398.023682,359.335114,393.515961,438.588806,536.622925,446.680145,400.189911,357.167847,395.671997,440.992462,539.565002,481.62561,431.497742,385.004303,426.94751,475.84964,582.212463,479.215668,429.33905,37.80526,176789.764486,402.14436,-496.798909,0,true,true,1.0,-0.01,0
2,279,13.95,-21.384505,62510.283702,1.451969,62499.22447,17473.922601,0.094239,0.009935,0.014299,0.132155,0.230637,-135.135193,0.0,0.0,0.0,0.0,0.0,0.0,3.0,353731.58087,701.130532,29757.646705,3.101699,0,0,0,0,0,0,0,0,0,0,391.955627,424.780579,473.43515,544.653564,444.262848,398.023682,359.335114,393.515961,438.588806,536.622925,446.680145,400.189911,357.167847,395.671997,440.992462,539.565002,481.62561,431.497742,385.004303,426.94751,475.84964,582.212463,479.215668,429.33905,37.80526,176789.764486,402.14436,-496.798909,0,true,true,1.0,-0.01,0
2,280,14.0,-21.390026,11.106325,1.45012,-0.67459,17473.922605,0.094629,0.00933,0.014381,0.136144,0.230634,-135.134872,0.0,0.0,0.0,0.0,0.0,0.0,3.0,353729.066025,698.556242,29127.167528,3.136406,0,0,0,0,0,0,0,0,0,0,391.966553,424.786591,473.442688,544.64679,444.258392,398.020386,359.341125,393.513855,438.58725,536.622253,446.672668,400.183899,357.1633,395.667206,440.987885,539.560669,481.627045,431.499756,385.010529,426.950836,475.854156,582.219421,479.220123,429.343781,37.805256,176789.77199,401.181154,-496.762145,0,true,true,1.0,-0.01,0
2,281,14.05,-21.390026,62510.283702,1.45012,62499.22447,17473.922605,0.094629,0.00933,0.014381,0.136144,0.230634,-135.134872,0.0,0.0,0.0,0.0,0.0,0.0,3.0,353729.066025,698.556242,29127.167528,3.136406,0,0,0,0,0,0,0,0,0,0,391.966553,424.786591,473.442688,544.64679,444.258392,398.020386,359.341125,393.513855,438.58725,536.622253,446.672668,400.183899,357.1633,395.667206,440.987885,539.560669,481.627045,431.499756,385.010529,426.950836,475.854156,582.219421,479.220123,429.343781,37.805256,176789.77199,401.181154,-496.762145,0,true,true,1.0,-0.01,0
2,282,14.1,-21.390026,11.106325,1.45012,-0.67459,17473.922605,0.094629,0.00933,0.014381,0.136144,0.230634,-135.134872,0.0,0.0,0.0,0.0,0.0,0.0,3.0,353729.066025,698.556242,29127.167528,3.136406,0,0,0,0,0,0,0,0,0,0,391.966553,424.786591,473.442688,544.64679,444.258392,398.020386,359.341125,393.513855,438.58725,536.622253,446.672668,400.183899,357.1633,395.667206,440.987885,539.560669,481.627045,431.499756,385.010529,426.950836,475.854156,582.219421,479.220123,429.343781,37.805256,176789.77199,401.181154,-496.762145,0,true,true,1.0,-0.01,0
2,283,14.15,-21.390026,62510.283702,1.45012,62499.22447,17473.922605,0.094629,0.00933,0.014381,0.136144,0.230634,-135.134872,0.0,0.0,0.0,0.0,0.0,0.0,3.0,353729.066025,698.556242,29127.167528,3.136406,0,0,0,0,0,0,0,0,0,0,391.966553,424.786591,473.442688,544.64679,444.258392,398.020386,359.341125,393.513855,438.58725,536.622253,446.672668,400.183899,357.1633,395.667206,440.987885,539.560669,481.627045,431.499756,385.010529,426.950836,475.854156,582.219421,479.220123,429.343781,37.805256,176789.77199,401.181154,-496.762145,0,true,true,1.0,-0.01,0
2,284,14.2,-21.390026,11.106325,1.45012,-0.67459,17473.922605,0.094629,0.00933,0.014381,0.136144,0.230634,-135.134872,0.0,0.0,0.0,0.0,0.0,0.0,3.0,353729.066025,698.556242,29127.167528,3.136406,0,0,0,0,0,0,0,0,0,0,391.966553,424.786591,473.442688,544.64679,444.258392,398.020386,359.341125,393.513855,438.58725,536.622253,446.672668,400.183899,357.1633,395.667206,440.987885,539.560669,481.627045,431.499756,385.010529,426.950836,475.854156,582.219421,479.220123,429.343781,37.805256,176789.77199,401.181154,-496.762145,0,true,true,1.0,-0.01,0
2,285,14.25,-21.390026,62510.283702,1.45012,62499.22447,17473.922605,0.094629,0.00933,0.014381,0.136144,0.230634,-135.134872,0.0,0.0,0.0,0.0,0.0,0.0,3.0,353729.066025,698.556242,29127.167528,3.136406,0,0,0,0,0,0,0,0,0,0,391.966553,424.786591,473.442688,544.64679,444.258392,398.020386,359.341125,393.513855,438.58725,536.622253,446.672668,400.183899,357.1633,395.667206,440.987885,539.560669,481.627045,431.499756,385.010529,426.950836,475.854156,582.219421,479.220123,429.343781,37.805256,176789.77199,401.181154,-496.762145,0,true,true,1.0,-0.01,0
2,286,14.3,-21.395568,11.111867,1.448293,-0.672763,17473.922512,0.09485,0.008737,0.014517,0.140155,0.230617,-135.134537,0.0,0.0,0.0,0.0,0.0,0.0,3.0,353726.52814,695.975931,28492.626139,3.170664,0,0,0,0,0,0,0,0,0,0,391.9776,424.792664,473.450287,544.639832,444.253845,398.017029,359.347229,393.51178,438.585693,536.621704,446.6651,400.177856,357.158691,395.662415,440.983368,539.556458,481.628448,431.501801,385.016663,426.954224,475.858795,582.226501,479.224518,429.348511,37.805347,176789.779706,400.171826,-496.684475,0,true,true,1.0,-0.01,0
2,287,14.35,-21.395568,62510.283702,1.448293,62499.22447,17473.922512,0.09485,0.008737,0.014517,0.140155,0.230617,-135.134537,0.0,0.0,0.0,0.0,0.0,0.0,3.0,353726.52814,695.975931,28492.626139,3.170664,0,0,0,0,0,0,0,0,0,0,391.9776,424.792664,473.450287,544.639832,444.253845,398.017029,359.347229,393.51178,438.585693,536.621704,446.6651,400.177856,357.158691,395.662415,440.983368,539.556458,481.628448,431.501801,385.016663,426.954224,475.858795,582.226501,479.224518,429.348511,37.805347,176789.779706,400.171826,-496.684475,0,true,true,1.0,-0.01,0
2,288,14.4,-21.395568,11.111867,1.448293,-0.672763,17473.922512,0.09485,0.008737,0.014517,0.140155,0.230617,-135.134537,0.0,0.0,0.0,0.0,0.0,0.0,3.0,353726.52814,695.975931,28492.626139,3.170664,0,0,0,0,0,0,0,0,0,0,391.9776,424.792664,473.450287,544.639832,444.253845,398.017029,359.347229,393.51178,438.585693,536.621704,446.6651,400.177856,357.158691,395.662415,440.983368,539.556458,481.628448,431.501801,385.016663,426.954224,475.858795,582.226501,479.224518,429.348511,37.805347,176789.779706,400.171826,-496.684475,0,true,true,1.0,-0.01,0
2,289,14.45,-21.395568,62510.283702,1.448293,62499.22447,17473.922512,0.09485,0.008737,0.014517,0.140155,0.230617,-135.134537,0.0,0.0,0.0,0.0,0.0,0.0,3.0,353726.52814,695.975931,28492.626139,3.170664,0,0,0,0,0,0,0,0,0,0,391.9776,424.792664,473.450287,544.639832,444.253845,398.017029,359.347229,393.51178,438.585693,536.621704,446.6651,400.177856,357.158691,395.662415,440.983368,539.556458,481.628448,431.501801,385.016663,426.954224,475.858795,582.226501,479.224518,429.348511,37.805347,176789.779706,400.171826,-496.684475,0,true,true,1.0,-0.01,0
2,290,14.5,-21.395568,11.111867,1.448293,-0.672763,17473.922512,0.09485,0.008737,0.014517,0.140155,0.230617,-135.134537,0.0,0.0,0.0,0.0,0.0,0.0,3.0,353726.52814,695.975931,28492.626139,3.170664,0,0,0,0,0,0,0,0,0,0,391.9776,424.792664,473.450287,544.639832,444.253845,398.017029,359.347229,393.51178,438.585693,536.621704,446.6651,400.177856,357.158691,395.662415,440.983368,539.556458,481.628448,431.501801,385.016663,426.954224,475.858795,582.226501,479.224518,429.348511,37.805347,176789.779706,400.171826,-496.684475,0,true,true,1.0,-0.01,0
2,291,14.55,-21.395568,62510.283702,1.448293,62499.22447,17473.922512,0.09485,0.008737,0.014517,0.140155,0.230617,-135.134537,0.0,0.0,0.0,0.0,0.0,0.0,3.0,353726.52814,695.975931,28492.626139,3.170664,0,0,0,0,0,0,0,0,0,0,391.9776,424.792664,473.450287,544.639832,444.253845,398.017029,359.347229,393.51178,438.585693,536.621704,446.6651,400.177856,357.158691,395.662415,440.983368,539.556458,481.628448,431.501801,385.016663,426.954224,475.858795,582.226501,479.224518,429.348511,37.805347,176789.779706,400.171826,-496.684475,0,true,true,1.0,-0.01,0
2,292,14.6,-21.395568,11.111867,1.448293,-0.672763,17473.922512,0.09485,0.008737,0.014517,0.140155,0.230617,-135.134537,0.0,0.0,0.0,0.0,0.0,0.0,3.0,353726.52814,695.975931,28492.626139,3.170664,0,0,0,0,0,0,0,0,0,0,391.9776,424.792664,473.450287,544.639832,444.253845,398.017029,359.347229,393.51178,438.585693,536.621704,446.6651,400.177856,357.158691,395.662415,440.983368,539.556458,481.628448,431.501801,385.016663,426.954224,475.858795,582.226501,479.224518,429.348511,37.805347,176789.779706,400.171826,-496.684475,0,true,true,1.0,-0.01,0
2,293,14.65,-21.401124,62510.289257,1.446489,62499.226274,17473.922226,0.094661,0.008003,0.01452,0.144146,0.230565,-135.134201,0.0,0.0,0.0,0.0,0.0,0.0,3.0,353723.957199,693.498734,27854.153416,3.204434,0,0,0,0,0,0,0,0,0,0,391.988678,424.798706,473.457886,544.632812,444.249237,398.013641,359.353271,393.509644,438.584106,536.621094,446.657562,400.171814,357.154114,395.657654,440.978851,539.552307,481.629852,431.503845,385.022827,426.957642,475.863464,582.233704,479.228882,429.35321,37.805634,176789.787714,399.159159,-496.501117,0,true,true,1.0,-0.01,0
2,294,14.7,-21.401124,11.111867,1.446489,-0.672763,17473.922226,0.094661,0.008003,0.01452,0.144146,0.230565,-135.134201,0.0,0.0,0.0,0.0,0.0,0.0,3.0,353723.957199,693.498734,27854.153416,3.204434,0,0,0,0,0,0,0,0,0,0,391.988678,424.798706,473.457886,544.632812,444.249237,398.013641,359.353271,393.509644,438.584106,536.621094,446.657562,400.171814,357.154114,395.657654,440.978851,539.552307,481.629852,431.503845,385.022827,426.957642,475.863464,582.233704,479.228882,429.35321,37.805634,176789.787714,399.159159,-496.501117,0,true,true,1.0,-0.01,0
2,295,14.75,-21.401124,62510.289257,1.446489,62499.226274,17473.922226,0.094661,0.008003,0.01452,0.144146,0.230565,-135.134201,0.0,0.0,0.0,0.0,0.0,0.0,3.0,353723.957199,693.498734,27854.153416,3.204434,0,0,0,0,0,0,0,0,0,0,391.988678,424.798706,473.457886,544.632812,444.249237,398.013641,359.353271,393.509644,438.584106,536.621094,446.657562,400.171814,357.154114,395.657654,440.978851,539.552307,481.629852,431.503845,385.022827,426.957642,475.863464,582.233704,479.228882,429.35321,37.805634,176789.787714,399.159159,-496.501117,0,true,true,1.0,-0.01,0
2,296,14.8,-21.401124,11.111867,1.446489,-0.672763,17473.922226,0.094661,0.008003,0.01452,0.144146,0.230565,-135.134201,0.0,0.0,0.0,0.0,0.0,0.0,3.0,353723.957199,693.498734,27854.153416,3.204434,0,0,0,0,0,0,0,0,0,0,391.988678,424.798706,473.457886,544.632812,444.249237,398.013641,359.353271,393.509644,438.584106,536.621094,446.657562,400.171814,357.154114,395.657654,440.978851,539.552307,481.629852,431.503845,385.022827,426.957642,475.863464,582.233704,479.228882,429.35321,37.805634,176789.787714,399.159159,-496.501117,0,true,true,1.0,-0.01,0
2,297,14.85,-21.401124,62510.289257,1.446489,62499.226274,17473.922226,0.094661,0.008003,0.01452,0.144146,0.230565,-135.134201,0.0,0.0,0.0,0.0,0.0,0.0,3.0,353723.957199,693.498734,27854.153416,3.204434,0,0,0,0,0,0,0,0,0,0,391.988678,424.798706,473.457886,544.632812,444.249237,398.013641,359.353271,393.509644,438.584106,536.621094,446.657562,400.171814,357.154114,395.657654,440.978851,539.552307,481.629852,431.503845,385.022827,426.957642,475.863464,582.233704,479.228882,429.35321,37.805634,176789.787714,399.159159,-496.501117,0,true,true,1.0,-0.01,0
2,298,14.9,-21.401124,11.111867,1.446489,-0.672763,17473.922226,0.094661,0.008003,0.01452,0.144146,0.230565,-135.134201,0.0,0.0,0.0,0.0,0.0,0.0,3.0,353723.957199,693.498734,27854.153416,3.204434,0,0,0,0,0,0,0,0,0,0,391.988678,424.798706,473.457886,544.632812,444.249237,398.013641,359.353271,393.509644,438.584106,536.621094,446.657562,400.171814,357.154114,395.657654,440.978851,539.552307,481.629852,431.503845,385.022827,426.957642,475.863464,582.233704,479.228882,429.35321,37.805634,176789.787714,399.159159,-496.501117,0,true,true,1.0,-0.01,0
2,299,14.95,-21.401124,62510.289257,1.446489,62499.226274,17473.922226,0.094661,0.008003,0.01452,0.144146,0.230565,-135.134201,0.0,0.0,0.0,0.0,0.0,0.0,3.0,353723.957199,693.498734,27854.153416,3.204434,0,0,0,0,0,0,0,0,0,0,391.988678,424.798706,473.457886,544.632812,444.249237,398.013641,359.353271,393.509644,438.584106,536.621094,446.657562,400.171814,357.154114,395.657654,440.978851,539.552307,481.629852,431.503845,385.022827,426.957642,475.863464,582.233704,479.228882,429.35321,37.805634,176789.787714,399.159159,-496.501117,0,true,true,1.0,-0.01,0
2,300,15.0,-21.406667,11.117411,1.444717,-0.670991,17473.92195,0.0,0.0,0.0,0.148104,0.23041,-135.13385,0.0,0.0,0.0,0.0,0.0,0.0,3.0,353721.321102,691.139221,27212.182497,3.237734,0,0,0,0,0,0,0,0,0,0,391.999756,424.804718,473.465454,544.625854,444.244629,398.010223,359.359283,393.507477,438.58252,536.620483,446.650055,400.165833,357.149597,395.652924,440.974396,539.548157,481.631287,431.50592,385.028961,426.96106,475.868164,582.240845,479.233246,429.35788,37.805912,176789.796585,398.147522,-495.996524,0,true,true,1.0,-0.01,0
2,301,15.05,-21.406667,62510.289257,1.444717,62499.226274,17473.92195,0.0,0.0,0.0,0.148104,0.23041,-135.13385,0.0,0.0,0.0,0.0,0.0,0.0,3.0,353721.321102,691.139221,27212.182497,3.237734,0,0,0,0,0,0,0,0,0,0,391.999756,424.804718,473.465454,544.625854,444.244629,398.010223,359.359283,393.507477,438.58252,536.620483,446.650055,400.165833,357.149597,395.652924,440.974396,539.548157,481.631287,431.50592,385.028961,426.96106,475.868164,582.240845,479.233246,429.35788,37.805912,176789.796585,398.147522,-495.996524,0,true,true,1.0,-0.01,0
2,302,15.1,-21.406667,11.117411,1.444717,-0.670991,17473.92195,0.0,0.0,0.0,0.148104,0.23041,-135.13385,0.0,0.0,0.0,0.0,0.0,0.0,3.0,353721.321102,691.139221,27212.182497,3.237734,0,0,0,0,0,0,0,0,0,0,391.999756,424.804718,473.465454,544.625854,444.244629,398.010223,359.359283,393.507477,438.58252,536.620483,446.650055,400.165833,357.149597,395.652924,440.974396,539.548157,481.631287,431.50592,385.028961,426.96106,475.868164,582.240845,479.233246,429.35788,37.805912,176789.796585,398.147522,-495.996524,0,true,true,1.0,-0.01,0
2,303,15.15,-21.406667,62510.289257,1.444717,62499.226274,17473.92195,0.0,0.0,0.0,0.148104,0.23041,-135.13385,0.0,0.0,0.0,0.0,0.0,0.0,3.0,353721.321102,691.139221,27212.182497,3.237734,0,0,0,0,0,0,0,0,0,0,391.999756,424.804718,473.465454,544.625854,444.244629,398.010223,359.359283,393.507477,438.58252,536.620483,446.650055,400.165833,357.149597,395.652924,440.974396,539.548157,481.631287,431.50592,385.028961,426.96106,475.868164,582.240845,479.233246,429.35788,37.805912,176789.796585,398.147522,-495.996524,0,true,true,1.0,-0.01,0
2,304,15.2,-21.406667,11.117411,1.444717,-0.670991,17473.92195,0.0,0.0,0.0,0.148104,0.23041,-135.13385,0.0,0.0,0.0,0.0,0.0,0.0,3.0,353721.321102,691.139221,27212.182497,3.237734,0,0,0,0,0,0,0,0,0,0,391.999756,424.804718,473.465454,544.625854,444.244629,398.010223,359.359283,393.507477,438.58252,536.620483,446.650055,400.165833,357.149597,395.652924,440.974396,539.548157,481.631287,431.50592,385.028961,426.96106,475.868164,582.240845,479.233246,429.35788,37.805912,176789.796585,398.147522,-495.996524,0,true,true,1.0,-0.01,0
2,305,15.25,-21.406667,62510.289257,1.444717,62499.226274,17473.92195,0.0,0.0,0.0,0.148104,0.23041,-135.13385,0.0,0.0,0.0,0.0,0.0,0.0,3.0,353721.321102,691.139221,27212.182497,3.237734,0,0,0,0,0,0,0,0,0,0,391.999756,424.804718,473.465454,544.625854,444.244629,398.010223,359.359283,393.507477,438.58252,536.620483,446.650055,400.165833,357.149597,395.652924,440.974396,539.548157,481.631287,431.50592,385.028961,426.96106,475.868164,582.240845,479.233246,429.35788,37.805912,176789.796585,398.147522,-495.996524,0,true,true,1.0,-0.01,0
2,306,15.3,-21.412189,11.122933,1.442969,-0.669243,17473.921686,0.093073,0.006726,0.014288,0.152003,0.230139,-135.133514,0.0,0.0,0.0,0.0,0.0,0.0,3.0,353718.61812,688.919832,26566.784233,3.270508,0,0,0,0,0,0,0,0,0,0,392.010773,424.810699,473.472961,544.618835,444.240051,398.006836,359.365204,393.505341,438.580902,536.619812,446.642578,400.159851,357.145111,395.648193,440.96994,539.544067,481.632721,431.507996,385.035065,426.964478,475.872833,582.247986,479.237549,429.362518,37.806175,176789.8064,397.141833,-495.135992,0,true,true,1.0,-0.01,0
2,307,15.35,-21.412189,62510.289257,1.442969,62499.226274,17473.921686,0.093073,0.006726,0.014288,0.152003,0.230139,-135.133514,0.0,0.0,0.0,0.0,0.0,0.0,3.0,353718.61812,688.919832,26566.784233,3.270508,0,0,0,0,0,0,0,0,0,0,392.010773,424.810699,473.472961,544.618835,444.240051,398.006836,359.365204,393.505341,438.580902,536.619812,446.642578,400.159851,357.145111,395.648193,440.96994,539.544067,481.632721,431.507996,385.035065,426.964478,475.872833,582.247986,479.237549,429.362518,37.806175,176789.8064,397.141833,-495.135992,0,true,true,1.0,-0.01,0
2,308,15.4,-21.412189,11.122933,1.442969,-0.669243,17473.921686,0.093073,0.006726,0.014288,0.152003,0.230139,-135.133514,0.0,0.0,0.0,0.0,0.0,0.0,3.0,353718.61812,688.919832,26566.784233,3.270508,0,0,0,0,0,0,0,0,0,0,392.010773,424.810699,473.472961,544.618835,444.240051,398.006836,359.365204,393.505341,438.580902,536.619812,446.642578,400.159851,357.145111,395.648193,440.96994,539.544067,481.632721,431.507996,385.035065,426.964478,475.872833,582.247986,479.237549,429.362518,37.806175,176789.8064,397.141833,-495.135992,0,true,true,1.0,-0.01,0
2,309,15.45,-21.412189,62510.289257,1.442969,62499.226274,17473.921686,0.093073,0.006726,0.014288,0.152003,0.230139,-135.133514,0.0,0.0,0.0,0.0,0.0,0.0,3.0,353718.61812,688.919832,26566.784233,3.270508,0,0,0,0,0,0,0,0,0,0,392.010773,424.810699,473.472961,544.618835,444.240051,398.006836,359.365204,393.505341,438.580902,536.619812,446.642578,400.159851,357.145111,395.648193,440.96994,539.544067,481.632721,431.507996,385.035065,426.964478,475.872833,582.247986,479.237549,429.362518,37.806175,176789.8064,397.141833,-495.135992,0,true,true,1.0,-0.01,0
2,310,15.5,-21.412189,11.122933,1.442969,-0.669243,17473.921686,0.093073,0.006726,0.014288,0.152003,0.230139,-135.133514,0.0,0.0,0.0,0.0,0.0,0.0,3.0,353718.61812,688.919832,26566.784233,3.270508,0,0,0,0,0,0,0,0,0,0,392.010773,424.810699,473.472961,544.618835,444.240051,398.006836,359.365204,393.505341,438.580902,536.619812,446.642578,400.159851,357.145111,395.648193,440.96994,539.544067,481.632721,431.507996,385.035065,426.964478,475.872833,582.247986,479.237549,429.362518,37.806175,176789.8064,397.141833,-495.135992,0,true,true,1.0,-0.01,0
2,311,15.55,-21.412189,62510.289257,1.442969,62499.226274,17473.921686,0.093073,0.006726,0.014288,0.152003,0.230139,-135.133514,0.0,0.0,0.0,0.0,0.0,0.0,3.0,353718.61812,688.919832,26566.784233,3.270508,0,0,0,0,0,0,0,0,0,0,392.010773,424.810699,473.472961,544.618835,444.240051,398.006836,359.365204,393.505341,438.580902,536.619812,446.642578,400.159851,357.145111,395.648193,440.96994,539.544067,481.632721,431.507996,385.035065,426.964478,475.872833,582.247986,479.237549,429.362518,37.806175,176789.8064,397.141833,-495.135992,0,true,true,1.0,-0.01,0
2,312,15.6,-21.412189,11.122933,1.442969,-0.669243,17473.921686,0.093073,0.006726,0.014288,0.152003,0.230139,-135.133514,0.0,0.0,0.0,0.0,0.0,0.0,3.0,353718.61812,688.919832,26566.784233,3.270508,0,0,0,0,0,0,0,0,0,0,392.010773,424.810699,473.472961,544.618835,444.240051,398.006836,359.365204,393.505341,438.580902,536.619812,446.642578,400.159851,357.145111,395.648193,440.96994,539.544067,481.632721,431.507996,385.035065,426.964478,475.872833,582.247986,479.237549,429.362518,37.806175,176789.8064,397.141833,-495.135992,0,true,true,1.0,-0.01,0
2,313,15.65,-21.417708,62510.294776,1.441224,62499.22802,17473.921431,0.092583,0.00681,0.014203,0.155844,0.229816,-135.133194,0.0,0.0,0.0,0.0,0.0,0.0,3.0,353715.881196,686.841522,25917.566095,3.302773,0,0,0,0,0,0,0,0,0,0,392.021729,424.81665,473.480469,544.611877,444.235443,398.003448,359.371124,393.503174,438.579285,536.619141,446.635132,400.1539,357.140656,395.643494,440.965485,539.539917,481.634186,431.510071,385.041199,426.967865,475.877472,582.255127,479.241852,429.367157,37.806431,176789.816629,396.143474,-494.116383,0,true,true,1.0,-0.01,0
2,314,15.7,-21.417708,11.122933,1.441224,-0.669243,17473.921431,0.092583,0.00681,0.014203,0.155844,0.229816,-135.133194,0.0,0.0,0.0,0.0,0.0,0.0,3.0,353715.881196,686.841522,25917.566095,3.302773,0,0,0,0,0,0,0,0,0,0,392.021729,424.81665,473.480469,544.611877,444.235443,398.003448,359.371124,393.503174,438.579285,536.619141,446.635132,400.1539,357.140656,395.643494,440.965485,539.539917,481.634186,431.510071,385.041199,426.967865,475.877472,582.255127,479.241852,429.367157,37.806431,176789.816629,396.143474,-494.116383,0,true,true,1.0,-0.01,0
2,315,15.75,-21.417708,62510.294776,1.441224,62499.22802,17473.921431,0.092583,0.00681,0.014203,0.155844,0.229816,-135.133194,0.0,0.0,0.0,0.0,0.0,0.0,3.0,353715.881196,686.841522,25917.566095,3.302773,0,0,0,0,0,0,0,0,0,0,392.021729,424.81665,473.480469,544.611877,444.235443,398.003448,359.371124,393.503174,438.579285,536.619141,446.635132,400.1539,357.140656,395.643494,440.965485,539.539917,481.634186,431.510071,385.041199,426.967865,475.877472,582.255127,479.241852,429.367157,37.806431,176789.816629,396.143474,-494.116383,0,true,true,1.0,-0.01,0
2,316,15.8,-21.417708,11.122933,1.441224,-0.669243,17473.921431,0.092583,0.00681,0.014203,0.155844,0.229816,-135.133194,0.0,0.0,0.0,0.0,0.0,0.0,3.0,353715.881196,686.841522,25917.566095,3.302773,0,0,0,0,0,0,0,0,0,0,392.021729,424.81665,473.480469,544.611877,444.235443,398.003448,359.371124,393.503174,438.579285,536.619141,446.635132,400.1539,357.140656,395.643494,440.965485,539.539917,481.634186,431.510071,385.041199,426.967865,475.877472,582.255127,479.241852,429.367157,37.806431,176789.816629,396.143474,-494.116383,0,true,true,1.0,-0.01,0
2,317,15.85,-21.417708,62510.294776,1.441224,62499.22802,17473.921431,0.092583,0.00681,0.014203,0.155844,0.229816,-135.133194,0.0,0.0,0.0,0.0,0.0,0.0,3.0,353715.881196,686.841522,25917.566095,3.302773,0,0,0,0,0,0,0,0,0,0,392.021729,424.81665,473.480469,544.611877,444.235443,398.003448,359.371124,393.503174,438.579285,536.619141,446.635132,400.1539,357.140656,395.643494,440.965485,539.539917,481.634186,431.510071,385.041199,426.967865,475.877472,582.255127,479.241852,429.367157,37.806431,176789.816629,396.143474,-494.116383,0,true,true,1.0,-0.01,0
2,318,15.9,-21.417708,11.122933,1.441224,-0.669243,17473.921431,0.092583,0.00681,0.014203,0.155844,0.229816,-135.133194,0.0,0.0,0.0,0.0,0.0,0.0,3.0,353715.881196,686.841522,25917.566095,3.302773,0,0,0,0,0,0,0,0,0,0,392.021729,424.81665,473.480469,544.611877,444.235443,398.003448,359.371124,393.503174,438.579285,536.619141,446.635132,400.1539,357.140656,395.643494,440.965485,539.539917,481.634186,431.510071,385.041199,426.967865,475.877472,582.255127,479.241852,429.367157,37.806431,176789.816629,396.143474,-494.116383,0,true,true,1.0,-0.01,0
2,319,15.95,-21.417708,62510.294776,1.441224,62499.22802,17473.921431,0.092583,0.00681,0.014203,0.155844,0.229816,-135.133194,0.0,0.0,0.0,0.0,0.0,0.0,3.0,353715.881196,686.841522,25917.566095,3.302773,0,0,0,0,0,0,0,0,0,0,392.021729,424.81665,473.480469,544.611877,444.235443,398.003448,359.371124,393.503174,438.579285,536.619141,446.635132,400.1539,357.140656,395.643494,440.965485,539.539917,481.634186,431.510071,385.041199,426.967865,475.877472,582.255127,479.241852,429.367157,37.806431,176789.816629,396.143474,-494.116383,0,true,true,1.0,-0.01,0
2,320,16.0,-21.423233,11.128457,1.43948,-0.6675,17473.921183,0.092191,0.00696,0.014132,0.159621,0.22945,-135.132843,0.0,0.0,0.0,0.0,0.0,0.0,3.0,353713.116451,684.81741,25264.472076,3.334512,0,0,0,0,0,0,0,0,0,0,392.032837,424.822632,473.488007,544.604797,444.230804,398.0,359.377106,393.501007,438.577698,536.618591,446.627594,400.147919,357.136139,395.638794,440.96106,539.535889,481.635559,431.512146,385.047241,426.971313,475.882202,582.262329,479.246124,429.371765,37.806679,176789.827295,395.108067,-492.966384,0,true,true,1.0,-0.01,0
2,321,16.05,-21.423233,62510.294776,1.43948,62499.22802,17473.921183,0.092191,0.00696,0.014132,0.159621,0.22945,-135.132843,0.0,0.0,0.0,0.0,0.0,0.0,3.0,353713.116451,684.81741,25264.472076,3.334512,0,0,0,0,0,0,0,0,0,0,392.032837,424.822632,473.488007,544.604797,444.230804,398.0,359.377106,393.501007,438.577698,536.618591,446.627594,400.147919,357.136139,395.638794,440.96106,539.535889,481.635559,431.512146,385.047241,426.971313,475.882202,582.262329,479.246124,429.371765,37.806679,176789.827295,395.108067,-492.966384,0,true,true,1.0,-0.01,0
2,322,16.1,-21.423233,11.128457,1.43948,-0.6675,17473.921183,0.092191,0.00696,0.014132,0.159621,0.22945,-135.132843,0.0,0.0,0.0,0.0,0.0,0.0,3.0,353713.116451,684.81741,25264.472076,3.334512,0,0,0,0,0,0,0,0,0,0,392.032837,424.822632,473.488007,544.604797,444.230804,398.0,359.377106,393.501007,438.577698,536.618591,446.627594,400.147919,357.136139,395.638794,440.96106,539.535889,481.635559,431.512146,385.047241,426.971313,475.882202,582.262329,479.246124,429.371765,37.806679,176789.827295,395.108067,-492.966384,0,true,true,1.0,-0.01,0
2,323,16.15,-21.423233,62510.294776,1.43948,62499.22802,17473.921183,0.092191,0.00696,0.014132,0.159621,0.22945,-135.132843,0.0,0.0,0.0,0.0,0.0,0.0,3.0,353713.116451,684.81741,25264.472076,3.334512,0,0,0,0,0,0,0,0,0,0,392.032837,424.822632,473.488007,544.604797,444.230804,398.0,359.377106,393.501007,438.577698,536.618591,446.627594,400.147919,357.136139,395.638794,440.96106,539.535889,481.635559,431.512146,385.047241,426.971313,475.882202,582.262329,479.246124,429.371765,37.806679,176789.827295,395.108067,-492.966384,0,true,true,1.0,-0.01,0
2,324,16.2,-21.423233,11.128457,1.43948,-0.6675,17473.921183,0.092191,0.00696,0.014132,0.159621,0.22945,-135.132843,0.0,0.0,0.0,0.0,0.0,0.0,3.0,353713.116451,684.81741,25264.472076,3.334512,0,0,0,0,0,0,0,0,0,0,392.032837,424.822632,473.488007,544.604797,444.230804,398.0,359.377106,393.501007,438.577698,536.618591,446.627594,400.147919,357.136139,395.638794,440.96106,539.535889,481.635559,431.512146,385.047241,426.971313,475.882202,582.262329,479.246124,429.371765,37.806679,176789.827295,395.108067,-492.966384,0,true,true,1.0,-0.01,0
2,325,16.25,-21.423233,62510.294776,1.43948,62499.22802,17473.921183,0.092191,0.00696,0.014132,0.159621,0.22945,-135.132843,0.0,0.0,0.0,0.0,0.0,0.0,3.0,353713.116451,684.81741,25264.472076,3.334512,0,0,0,0,0,0,0,0,0,0,392.032837,424.822632,473.488007,544.604797,444.230804,398.0,359.377106,393.501007,438.577698,536.618591,446.627594,400.147919,357.136139,395.638794,440.96106,539.535889,481.635559,431.512146,385.047241,426.971313,475.882202,582.262329,479.246124,429.371765,37.806679,176789.827295,395.108067,-492.966384,0,true,true,1.0,-0.01,0
2,326,16.3,-21.42796,11.133184,1.438436,-0.666456,17473.920852,0.091017,0.006591,0.013926,0.163448,0.231762,-135.132812,0.0,0.0,0.0,0.0,0.0,0.0,3.0,353711.484367,684.883759,24590.721037,3.365684,0,0,0,0,0,0,0,0,0,0,392.040253,424.826965,473.49292,544.600952,444.227753,397.997345,359.379608,393.498444,438.57489,536.615234,446.622833,400.143707,357.13501,395.634674,440.956543,539.530457,481.63855,431.514862,385.054596,426.974121,475.885406,582.266357,479.250793,429.376007,37.807007,176789.811478,395.079793,-500.07394,0,true,true,1.0,-0.01,0
2,327,16.35,-21.42796,62510.294776,1.438436,62499.22802,17473.920852,0.091017,0.006591,0.013926,0.163448,0.231762,-135.132812,0.0,0.0,0.0,0.0,0.0,0.0,3.0,353711.484367,684.883759,24590.721037,3.365684,0,0,0,0,0,0,0,0,0,0,392.040253,424.826965,473.49292,544.600952,444.227753,397.997345,359.379608,393.498444,438.57489,536.615234,446.622833,400.143707,357.13501,395.634674,440.956543,539.530457,481.63855,431.514862,385.054596,426.974121,475.885406,582.266357,479.250793,429.376007,37.807007,176789.811478,395.079793,-500.07394,0,true,true,1.0,-0.01,0
2,328,16.4,-21.42796,11.133184,1.438436,-0.666456,17473.920852,0.091017,0.006591,0.013926,0.163448,0.231762,-135.132812,0.0,0.0,0.0,0.0,0.0,0.0,3.0,353711.484367,684.883759,24590.721037,3.365684,0,0,0,0,0,0,0,0,0,0,392.040253,424.826965,473.49292,544.600952,444.227753,397.997345,359.379608,393.498444,438.57489,536.615234,446.622833,400.143707,357.13501,395.634674,440.956543,539.530457,481.63855,431.514862,385.054596,426.974121,475.885406,582.266357,479.250793,429.376007,37.807007,176789.811478,395.079793,-500.07394,0,true,true,1.0,-0.01,0
2,329,16.45,-21.42796,62510.294776,1.438436,62499.22802,17473.920852,0.091017,0.006591,0.013926,0.163448,0.231762,-135.132812,0.0,0.0,0.0,0.0,0.0,0.0,3.0,353711.484367,684.883759,24590.721037,3.365684,0,0,0,0,0,0,0,0,0,0,392.040253,424.826965,473.49292,544.600952,444.227753,397.997345,359.379608,393.498444,438.57489,536.615234,446.622833,400.143707,357.13501,395.634674,440.956543,539.530457,481.63855,431.514862,385.054596,426.974121,475.885406,582.266357,479.250793,429.376007,37.807007,176789.811478,395.079793,-500.07394,0,true,true,1.0,-0.01,0
2,330,16.5,-21.42796,11.133184,1.438436,-0.666456,17473.920852,0.091017,0.006591,0.013926,0.163448,0.231762,-135.132812,0.0,0.0,0.0,0.0,0.0,0.0,3.0,353711.484367,684.883759,24590.721037,3.365684,0,0,0,0,0,0,0,0,0,0,392.040253,424.826965,473.49292,544.600952,444.227753,397.997345,359.379608,393.498444,438.57489,536.615234,446.622833,400.143707,357.13501,395.634674,440.956543,539.530457,481.63855,431.514862,385.054596,426.974121,475.885406,582.266357,479.250793,429.376007,37.807007,176789.811478,395.079793,-500.07394,0,true,true,1.0,-0.01,0
2,331,16.55,-21.42796,62510.294776,1.438436,62499.22802,17473.920852,0.091017,0.006591,0.013926,0.163448,0.231762,-135.132812,0.0,0.0,0.0,0.0,0.0,0.0,3.0,353711.484367,684.883759,24590.721037,3.365684,0,0,0,0,0,0,0,0,0,0,392.040253,424.826965,473.49292,544.600952,444.227753,397.997345,359.379608,393.498444,438.57489,536.615234,446.622833,400.143707,357.13501,395.634674,440.956543,539.530457,481.63855,431.514862,385.054596,426.974121,475.885406,582.266357,479.250793,429.376007,37.807007,176789.811478,395.079793,-500.07394,0,true,true,1.0,-0.01,0
2,332,16.6,-21.42796,11.133184,1.438436,-0.666456,17473.920852,0.091017,0.006591,0.013926,0.163448,0.231762,-135.132812,0.0,0.0,0.0,0.0,0.0,0.0,3.0,353711.484367,684.883759,24590.721037,3.365684,0,0,0,0,0,0,0,0,0,0,392.040253,424.826965,473.49292,544.600952,444.227753,397.997345,359.379608,393.498444,438.57489,536.615234,446.622833,400.143707,357.13501,395.634674,440.956543,539.530457,481.63855,431.514862,385.054596,426.974121,475.885406,582.266357,479.250793,429.376007,37.807007,176789.811478,395.079793,-500.07394,0,true,true,1.0,-0.01,0
2,333,16.65,-21.432172,62510.298988,1.437881,62499.228574,17473.920497,0.0,0.0,0.0,0.167199,0.232949,-135.132782,0.0,0.0,0.0,0.0,0.0,0.0,3.0,353709.309157,685.005545,23919.782432,3.396309,0,0,0,0,0,0,0,0,0,0,392.047028,424.830566,473.497009,544.596985,444.22464,397.994629,359.381317,393.49585,438.572083,536.611938,446.618835,400.140167,357.134491,395.631287,440.95285,539.526062,481.641388,431.517487,385.060974,426.976898,475.88858,582.270447,479.254547,429.379456,37.807365,176789.804677,395.012569,-503.709669,0,true,true,1.0,-0.01,0
2,334,16.7,-21.432172,11.133184,1.437881,-0.666456,17473.920497,0.0,0.0,0.0,0.167199,0.232949,-135.132782,0.0,0.0,0.0,0.0,0.0,0.0,3.0,353709.309157,685.005545,23919.782432,3.396309,0,0,0,0,0,0,0,0,0,0,392.047028,424.830566,473.497009,544.596985,444.22464,397.994629,359.381317,393.49585,438.572083,536.611938,446.618835,400.140167,357.134491,395.631287,440.95285,539.526062,481.641388,431.517487,385.060974,426.976898,475.88858,582.270447,479.254547,429.379456,37.807365,176789.804677,395.012569,-503.709669,0,true,true,1.0,-0.01,0
2,335,16.75,-21.432172,62510.298988,1.437881,62499.228574,17473.920497,0.0,0.0,0.0,0.167199,0.232949,-135.132782,0.0,0.0,0.0,0.0,0.0,0.0,3.0,353709.309157,685.005545,23919.782432,3.396309,0,0,0,0,0,0,0,0,0,0,392.047028,424.830566,473.497009,544.596985,444.22464,397.994629,359.381317,393.49585,438.572083,536.611938,446.618835,400.140167,357.134491,395.631287,440.95285,539.526062,481.641388,431.517487,385.060974,426.976898,475.88858,582.270447,479.254547,429.379456,37.807365,176789.804677,395.012569,-503.709669,0,true,true,1.0,-0.01,0
2,336,16.8,-21.432172,11.133184,1.437881,-0.666456,17473.920497,0.0,0.0,0.0,0.167199,0.232949,-135.132782,0.0,0.0,0.0,0.0,0.0,0.0,3.0,353709.309157,685.005545,23919.782432,3.396309,0,0,0,0,0,0,0,0,0,0,392.047028,424.830566,473.497009,544.596985,444.22464,397.994629,359.381317,393.49585,438.572083,536.611938,446.618835,400.140167,357.134491,395.631287,440.95285,539.526062,481.641388,431.517487,385.060974,426.976898,475.88858,582.270447,479.254547,429.379456,37.807365,176789.804677,395.012569,-503.709669,0,true,true,1.0,-0.01,0
2,337,16.85,-21.432172,62510.298988,1.437881,62499.228574,17473.920497,0.0,0.0,0.0,0.167199,0.232949,-135.132782,0.0,0.0,0.0,0.0,0.0,0.0,3.0,353709.309157,685.005545,23919.782432,3.396309,0,0,0,0,0,0,0,0,0,0,392.047028,424.830566,473.497009,544.596985,444.22464,397.994629,359.381317,393.49585,438.572083,536.611938,446.618835,400.140167,357.134491,395.631287,440.95285,539.526062,481.641388,431.517487,385.060974,426.976898,475.88858,582.270447,479.254547,429.379456,37.807365,176789.804677,395.012569,-503.709669,0,true,true,1.0,-0.01,0
2,338,16.9,-21.432172,11.133184,1.437881,-0.666456,17473.920497,0.0,0.0,0.0,0.167199,0.232949,-135.132782,0.0,0.0,0.0,0.0,0.0,0.0,3.0,353709.309157,685.005545,23919.782432,3.396309,0,0,0,0,0,0,0,0,0,0,392.047028,424.830566,473.497009,544.596985,444.22464,397.994629,359.381317,393.49585,438.572083,536.611938,446.618835,400.140167,357.134491,395.631287,440.95285,539.526062,481.641388,431.517487,385.060974,426.976898,475.88858,582.270447,479.254547,429.379456,37.807365,176789.804677,395.012569,-503.709669,0,true,true,1.0,-0.01,0
2,339,16.95,-21.432172,62510.298988,1.437881,62499.228574,17473.920497,0.0,0.0,0.0,0.167199,0.232949,-135.132782,0.0,0.0,0.0,0.0,0.0,0.0,3.0,353709.309157,685.005545,23919.782432,3.396309,0,0,0,0,0,0,0,0,0,0,392.047028,424.830566,473.497009,544.596985,444.22464,397.994629,359.381317,393.49585,438.572083,536.611938,446.618835,400.140167,357.134491,395.631287,440.95285,539.526062,481.641388,431.517487,385.060974,426.976898,475.88858,582.270447,479.254547,429.379456,37.807365,176789.804677,395.012569,-503.709669,0,true,true,1.0,-0.01,0
2,340,17.0,-21.436062,11.137074,1.437612,-0.666186,17473.920199,0.071669,-0.009982,0.011631,0.170881,0.233419,-135.132751,0.0,0.0,0.0,0.0,0.0,0.0,3.0,353706.796985,685.257691,23249.133992,3.426348,0,0,0,0,0,0,0,0,0,0,392.053284,424.833679,473.500549,544.593018,444.221527,397.991913,359.382538,393.493286,438.569305,536.608643,446.615295,400.137085,357.134369,395.628326,440.949615,539.522217,481.644226,431.520081,385.066803,426.979645,475.891693,582.274414,479.257812,429.382477,37.807663,176789.8037,394.946431,-505.134948,0,true,true,1.0,-0.01,0
2,341,17.05,-21.436062,62510.298988,1.437612,62499.228574,17473.920199,0.071669,-0.009982,0.011631,0.170881,0.233419,-135.132751,0.0,0.0,0.0,0.0,0.0,0.0,3.0,353706.796985,685.257691,23249.133992,3.426348,0,0,0,0,0,0,0,0,0,0,392.053284,424.833679,473.500549,544.593018,444.221527,397.991913,359.382538,393.493286,438.569305,536.608643,446.615295,400.137085,357.134369,395.628326,440.949615,539.522217,481.644226,431.520081,385.066803,426.979645,475.891693,582.274414,479.257812,429.382477,37.807663,176789.8037,394.946431,-505.134948,0,true,true,1.0,-0.01,0
2,342,17.1,-21.436062,11.137074,1.437612,-0.666186,17473.920199,0.071669,-0.009982,0.011631,0.170881,0.233419,-135.132751,0.0,0.0,0.0,0.0,0.0,0.0,3.0,353706.796985,685.257691,23249.133992,3.426348,0,0,0,0,0,0,0,0,0,0,392.053284,424.833679,473.500549,544.593018,444.221527,397.991913,359.382538,393.493286,438.569305,536.608643,446.615295,400.137085,357.134369,395.628326,440.949615,539.522217,481.644226,431.520081,385.066803,426.979645,475.891693,582.274414,479.257812,429.382477,37.807663,176789.8037,394.946431,-505.134948,0,true,true,1.0,-0.01,0
2,343,17.15,-21.436062,62510.298988,1.437612,62499.228574,17473.920199,0.071669,-0.009982,0.011631,0.170881,0.233419,-135.132751,0.0,0.0,0.0,0.0,0.0,0.0,3.0,353706.796985,685.257691,23249.133992,3.426348,0,0,0,0,0,0,0,0,0,0,392.053284,424.833679,473.500549,544.593018,444.221527,397.991913,359.382538,393.493286,438.569305,536.608643,446.615295,400.137085,357.134369,395.628326,440.949615,539.522217,481.644226,431.520081,385.066803,426.979645,475.891693,582.274414,479.257812,429.382477,37.807663,176789.8037,394.946431,-505.134948,0,true,true,1.0,-0.01,0
2,344,17.2,-21.436062,11.137074,1.437612,-0.666186,17473.920199,0.071669,-0.009982,0.011631,0.170881,0.233419,-135.132751,0.0,0.0,0.0,0.0,0.0,0.0,3.0,353706.796985,685.257691,23249.133992,3.426348,0,0,0,0,0,0,0,0,0,0,392.053284,424.833679,473.500549,544.593018,444.221527,397.991913,359.382538,393.493286,438.569305,536.608643,446.615295,400.137085,357.134369,395.628326,440.949615,539.522217,481.644226,431.520081,385.066803,426.979645,475.891693,582.274414,479.257812,429.382477,37.807663,176789.8037,394.946431,-505.134948,0,true,true,1.0,-0.01,0
2,345,17.25,-21.436062,62510.298988,1.437612,62499.228574,17473.920199,0.071669,-0.009982,0.011631,0.170881,0.233419,-135.132751,0.0,0.0,0.0,0.0,0.0,0.0,3.0,353706.796985,685.257691,23249.133992,3.426348,0,0,0,0,0,0,0,0,0,0,392.053284,424.833679,473.500549,544.593018,444.221527,397.991913,359.382538,393.493286,438.569305,536.608643,446.615295,400.137085,357.134369,395.628326,440.949615,539.522217,481.644226,431.520081,385.066803,426.979645,475.891693,582.274414,479.257812,429.382477,37.807663,176789.8037,394.946431,-505.134948,0,true,true,1.0,-0.01,0
2,346,17.3,-21.439612,11.140623,1.437632,-0.666207,17473.919907,0.065829,-0.014632,0.010909,0.174533,0.233611,-135.132996,0.0,0.0,0.0,0.0,0.0,0.0,3.0,353704.142331,687.282649,22576.071505,3.455801,0,0,0,0,0,0,0,0,0,0,392.056824,424.835815,473.502319,544.591736,444.219696,397.989746,359.381195,393.490234,438.565338,536.602905,446.613495,400.134949,357.136658,395.625305,440.945679,539.516479,481.648315,431.523193,385.074219,426.981781,475.893494,582.275574,479.261871,429.385529,37.807953,176789.802863,395.711147,-505.701964,0,true,true,1.0,-0.01,0
2,347,17.35,-21.439612,62510.298988,1.437632,62499.228574,17473.919907,0.065829,-0.014632,0.010909,0.174533,0.233611,-135.132996,0.0,0.0,0.0,0.0,0.0,0.0,3.0,353704.142331,687.282649,22576.071505,3.455801,0,0,0,0,0,0,0,0,0,0,392.056824,424.835815,473.502319,544.591736,444.219696,397.989746,359.381195,393.490234,438.565338,536.602905,446.613495,400.134949,357.136658,395.625305,440.945679,539.516479,481.648315,431.523193,385.074219,426.981781,475.893494,582.275574,479.261871,429.385529,37.807953,176789.802863,395.711147,-505.701964,0,true,true,1.0,-0.01,0
2,348,17.4,-21.439612,11.140623,1.437632,-0.666207,17473.919907,0.065829,-0.014632,0.010909,0.174533,0.233611,-135.132996,0.0,0.0,0.0,0.0,0.0,0.0,3.0,353704.142331,687.282649,22576.071505,3.455801,0,0,0,0,0,0,0,0,0,0,392.056824,424.835815,473.502319,544.591736,444.219696,397.989746,359.381195,393.490234,438.565338,536.602905,446.613495,400.134949,357.136658,395.625305,440.945679,539.516479,481.648315,431.523193,385.074219,426.981781,475.893494,582.275574,479.261871,429.385529,37.807953,176789.802863,395.711147,-505.701964,0,true,true,1.0,-0.01,0
2,349,17.45,-21.439612,62510.298988,1.437632,62499.228574,17473.919907,0.065829,-0.014632,0.010909,0.174533,0.233611,-135.132996,0.0,0.0,0.0,0.0,0.0,0.0,3.0,353704.142331,687.282649,22576.071505,3.455801,0,0,0,0,0,0,0,0,0,0,392.056824,424.835815,473.502319,544.591736,444.219696,397.989746,359.381195,393.490234,438.565338,536.602905,446.613495,400.134949,357.136658,395.625305,440.945679,539.516479,481.648315,431.523193,385.074219,426.981781,475.893494,582.275574,479.261871,429.385529,37.807953,176789.802863,395.711147,-505.701964,0,true,true,1.0,-0.01,0
2,350,17.5,-21.439612,11.140623,1.437632,-0.666207,17473.919907,0.065829,-0.014632,0.010909,0.174533,0.233611,-135.132996,0.0,0.0,0.0,0.0,0.0,0.0,3.0,353704.142331,687.282649,22576.071505,3.455801,0,0,0,0,0,0,0,0,0,0,392.056824,424.835815,473.502319,544.591736,444.219696,397.989746,359.381195,393.490234,438.565338,536.602905,446.613495,400.134949,357.136658,395.625305,440.945679,539.516479,481.648315,431.523193,385.074219,426.981781,475.893494,582.275574,479.261871,429.385529,37.807953,176789.802863,395.711147,-505.701964,0,true,true,1.0,-0.01,0
2,351,17.55,-21.439612,62510.298988,1.437632,62499.228574,17473.919907,0.065829,-0.014632,0.010909,0.174533,0.233611,-135.132996,0.0,0.0,0.0,0.0,0.0,0.0,3.0,353704.142331,687.282649,22576.071505,3.455801,0,0,0,0,0,0,0,0,0,0,392.056824,424.835815,473.502319,544.591736,444.219696,397.989746,359.381195,393.490234,438.565338,536.602905,446.613495,400.134949,357.136658,395.625305,440.945679,539.516479,481.648315,431.523193,385.074219,426.981781,475.893494,582.275574,479.261871,429.385529,37.807953,176789.802863,395.711147,-505.701964,0,true,true,1.0,-0.01,0
2,352,17.6,-21.439612,11.140623,1.437632,-0.666207,17473.919907,0.065829,-0.014632,0.010909,0.174533,0.233611,-135.132996,0.0,0.0,0.0,0.0,0.0,0.0,3.0,353704.142331,687.282649,22576.071505,3.455801,0,0,0,0,0,0,0,0,0,0,392.056824,424.835815,473.502319,544.591736,444.219696,397.989746,359.381195,393.490234,438.565338,536.602905,446.613495,400.134949,357.136658,395.625305,440.945679,539.516479,481.648315,431.523193,385.074219,426.981781,475.893494,582.275574,479.261871,429.385529,37.807953,176789.802863,395.711147,-505.701964,0,true,true,1.0,-0.01,0
2,353,17.65,-21.443016,62510.302393,1.437755,62499.228452,17473.919654,0.06244,-0.016685,0.010472,0.178113,0.233516,-135.133224,0.0,0.0,0.0,0.0,0.0,0.0,3.0,353701.35546,689.459289,21900.656711,3.484648,0,0,0,0,0,0,0,0,0,0,392.06015,424.837738,473.503845,544.590515,444.217896,397.98761,359.379669,393.487213,438.561401,536.597107,446.611908,400.132996,357.13913,395.622467,440.941925,539.510925,481.652374,431.526276,385.081451,426.983887,475.895203,582.276611,479.265717,429.388428,37.808208,176789.804363,396.487905,-505.380597,0,true,true,1.0,-0.01,0
2,354,17.7,-21.443016,11.140623,1.437755,-0.666207,17473.919654,0.06244,-0.016685,0.010472,0.178113,0.233516,-135.133224,0.0,0.0,0.0,0.0,0.0,0.0,3.0,353701.35546,689.459289,21900.656711,3.484648,0,0,0,0,0,0,0,0,0,0,392.06015,424.837738,473.503845,544.590515,444.217896,397.98761,359.379669,393.487213,438.561401,536.597107,446.611908,400.132996,357.13913,395.622467,440.941925,539.510925,481.652374,431.526276,385.081451,426.983887,475.895203,582.276611,479.265717,429.388428,37.808208,176789.804363,396.487905,-505.380597,0,true,true,1.0,-0.01,0
2,355,17.75,-21.443016,62510.302393,1.437755,62499.228452,17473.919654,0.06244,-0.016685,0.010472,0.178113,0.233516,-135.133224,0.0,0.0,0.0,0.0,0.0,0.0,3.0,353701.35546,689.459289,21900.656711,3.484648,0,0,0,0,0,0,0,0,0,0,392.06015,424.837738,473.503845,544.590515,444.217896,397.98761,359.379669,393.487213,438.561401,536.597107,446.611908,400.132996,357.13913,395.622467,440.941925,539.510925,481.652374,431.526276,385.081451,426.983887,475.895203,582.276611,479.265717,429.388428,37.808208,176789.804363,396.487905,-505.380597,0,true,true,1.0,-0.01,0
2,356,17.8,-21.443016,11.140623,1.437755,-0.666207,17473.919654,0.06244,-0.016685,0.010472,0.178113,0.233516,-135.133224,0.0,0.0,0.0,0.0,0.0,0.0,3.0,353701.35546,689.459289,21900.656711,3.484648,0,0,0,0,0,0,0,0,0,0,392.06015,424.837738,473.503845,544.590515,444.217896,397.98761,359.379669,393.487213,438.561401,536.597107,446.611908,400.132996,357.13913,395.622467,440.941925,539.510925,481.652374,431.526276,385.081451,426.983887,475.895203,582.276611,479.265717,429.388428,37.808208,176789.804363,396.487905,-505.380597,0,true,true,1.0,-0.01,0
2,357,17.85,-21.443016,62510.302393,1.437755,62499.228452,17473.919654,0.06244,-0.016685,0.010472,0.178113,0.233516,-135.133224,0.0,0.0,0.0,0.0,0.0,0.0,3.0,353701.35546,689.459289,21900.656711,3.484648,0,0,0,0,0,0,0,0,0,0,392.06015,424.837738,473.503845,544.590515,444.217896,397.98761,359.379669,393.487213,438.561401,536.597107,446.611908,400.132996,357.13913,395.622467,440.941925,539.510925,481.652374,431.526276,385.081451,426.983887,475.895203,582.276611,479.265717,429.388428,37.808208,176789.804363,396.487905,-505.380597,0,true,true,1.0,-0.01,0
2,358,17.9,-21.443016,11.140623,1.437755,-0.666207,17473.919654,0.06244,-0.016685,0.010472,0.178113,0.233516,-135.133224,0.0,0.0,0.0,0.0,0.0,0.0,3.0,353701.35546,689.459289,21900.656711,3.484648,0,0,0,0,0,0,0,0,0,0,392.06015,424.837738,473.503845,544.590515,444.217896,397.98761,359.379669,393.487213,438.561401,536.597107,446.611908,400.132996,357.13913,395.622467,440.941925,539.510925,481.652374,431.526276,385.081451,426.983887,475.895203,582.276611,479.265717,429.388428,37.808208,176789.804363,396.487905,-505.380597,0,true,true,1.0,-0.01,0
2,359,17.95,-21.443016,62510.302393,1.437755,62499.228452,17473.919654,0.06244,-0.016685,0.010472,0.178113,0.233516,-135.133224,0.0,0.0,0.0,0.0,0.0,0.0,3.0,353701.35546,689.459289,21900.656711,3.484648,0,0,0,0,0,0,0,0,0,0,392.06015,424.837738,473.503845,544.590515,444.217896,397.98761,359.379669,393.487213,438.561401,536.597107,446.611908,400.132996,357.13913,395.622467,440.941925,539.510925,481.652374,431.526276,385.081451,426.983887,475.895203,582.276611,479.265717,429.388428,37.808208,176789.804363,396.487905,-505.380597,0,true,true,1.0,-0.01,0
2,360,18.0,-21.446297,11.143904,1.437965,-0.666417,17473.919424,0.059567,-0.018384,0.010088,0.18163,0.233165,-135.133606,0.0,0.0,0.0,0.0,0.0,0.0,3.0,353698.456929,692.57058,21222.694455,3.512871,0,0,0,0,0,0,0,0,0,0,392.062195,424.839233,473.504547,544.590576,444.216736,397.985748,359.376984,393.483978,438.556885,536.590149,446.611084,400.13147,357.1427,395.619507,440.937744,539.504333,481.657043,431.529572,385.089539,426.985687,475.89624,582.276306,479.27005,429.391418,37.808437,176789.807051,397.670949,-504.269032,0,true,true,1.0,-0.01,0
2,361,18.05,-21.446297,62510.302393,1.437965,62499.228452,17473.919424,0.059567,-0.018384,0.010088,0.18163,0.233165,-135.133606,0.0,0.0,0.0,0.0,0.0,0.0,3.0,353698.456929,692.57058,21222.694455,3.512871,0,0,0,0,0,0,0,0,0,0,392.062195,424.839233,473.504547,544.590576,444.216736,397.985748,359.376984,393.483978,438.556885,536.590149,446.611084,400.13147,357.1427,395.619507,440.937744,539.504333,481.657043,431.529572,385.089539,426.985687,475.89624,582.276306,479.27005,429.391418,37.808437,176789.807051,397.670949,-504.269032,0,true,true,1.0,-0.01,0
2,362,18.1,-21.446297,11.143904,1.437965,-0.666417,17473.919424,0.059567,-0.018384,0.010088,0.18163,0.233165,-135.133606,0.0,0.0,0.0,0.0,0.0,0.0,3.0,353698.456929,692.57058,21222.694455,3.512871,0,0,0,0,0,0,0,0,0,0,392.062195,424.839233,473.504547,544.590576,444.216736,397.985748,359.376984,393.483978,438.556885,536.590149,446.611084,400.13147,357.1427,395.619507,440.937744,539.504333,481.657043,431.529572,385.089539,426.985687,475.89624,582.276306,479.27005,429.391418,37.808437,176789.807051,397.670949,-504.269032,0,true,true,1.0,-0.01,0
2,363,18.15,-21.446297,62510.302393,1.437965,62499.228452,17473.919424,0.059567,-0.018384,0.010088,0.18163,0.233165,-135.133606,0.0,0.0,0.0,0.0,0.0,0.0,3.0,353698.456929,692.57058,21222.694455,3.512871,0,0,0,0,0,0,0,0,0,0,392.062195,424.839233,473.504547,544.590576,444.216736,397.985748,359.376984,393.483978,438.556885,536.590149,446.611084,400.13147,357.1427,395.619507,440.937744,539.504333,481.657043,431.529572,385.089539,426.985687,475.89624,582.276306,479.27005,429.391418,37.808437,176789.807051,397.670949,-504.269032,0,true,true,1.0,-0.01,0
2,364,18.2,-21.446297,11.143904,1.437965,-0.666417,17473.919424,0.059567,-0.018384,0.010088,0.18163,0.233165,-135.133606,0.0,0.0,0.0,0.0,0.0,0.0,3.0,353698.456929,692.57058,21222.694455,3.512871,0,0,0,0,0,0,0,0,0,0,392.062195,424.839233,473.504547,544.590576,444.216736,397.985748,359.376984,393.483978,438.556885,536.590149,446.611084,400.13147,357.1427,395.619507,440.937744,539.504333,481.657043,431.529572,385.089539,426.985687,475.89624,582.276306,479.27005,429.391418,37.808437,176789.807051,397.670949,-504.269032,0,true,true,1.0,-0.01,0
2,365,18.25,-21.446297,62510.302393,1.437965,62499.228452,17473.919424,0.059567,-0.018384,0.010088,0.18163,0.233165,-135.133606,0.0,0.0,0.0,0.0,0.0,0.0,3.0,353698.456929,692.57058,21222.694455,3.512871,0,0,0,0,0,0,0,0,0,0,392.062195,424.839233,473.504547,544.590576,444.216736,397.985748,359.376984,393.483978,438.556885,536.590149,446.611084,400.13147,357.1427,395.619507,440.937744,539.504333,481.657043,431.529572,385.089539,426.985687,475.89624,582.276306,479.27005,429.391418,37.808437,176789.807051,397.670949,-504.269032,0,true,true,1.0,-0.01,0
2,366,18.3,-21.449536,11.147143,1.438175,-0.666627,17473.919208,0.0,0.0,0.0,0.185078,0.232744,-135.133987,0.0,0.0,0.0,0.0,0.0,0.0,3.0,353695.525013,695.823836,20541.030984,3.540449,0,0,0,0,0,0,0,0,0,0,392.064148,424.840698,473.505219,544.590759,444.215607,397.983948,359.374268,393.480743,438.552399,536.58313,446.610291,400.129944,357.146271,395.616608,440.933594,539.497742,481.661682,431.532867,385.097595,426.987457,475.897247,582.275879,479.274323,429.394409,37.808655,176789.810278,398.863721,-502.944619,0,true,true,1.0,-0.01,0
2,367,18.35,-21.449536,62510.302393,1.438175,62499.228452,17473.919208,0.0,0.0,0.0,0.185078,0.232744,-135.133987,0.0,0.0,0.0,0.0,0.0,0.0,3.0,353695.525013,695.823836,20541.030984,3.540449,0,0,0,0,0,0,0,0,0,0,392.064148,424.840698,473.505219,544.590759,444.215607,397.983948,359.374268,393.480743,438.552399,536.58313,446.610291,400.129944,357.146271,395.616608,440.933594,539.497742,481.661682,431.532867,385.097595,426.987457,475.897247,582.275879,479.274323,429.394409,37.808655,176789.810278,398.863721,-502.944619,0,true,true,1.0,-0.01,0
2,368,18.4,-21.449536,11.147143,1.438175,-0.666627,17473.919208,0.0,0.0,0.0,0.185078,0.232744,-135.133987,0.0,0.0,0.0,0.0,0.0,0.0,3.0,353695.525013,695.823836,20541.030984,3.540449,0,0,0,0,0,0,0,0,0,0,392.064148,424.840698,473.505219,544.590759,444.215607,397.983948,359.374268,393.480743,438.552399,536.58313,446.610291,400.129944,357.146271,395.616608,440.933594,539.497742,481.661682,431.532867,385.097595,426.987457,475.897247,582.275879,479.274323,429.394409,37.808655,176789.810278,398.863721,-502.944619,0,true,true,1.0,-0.01,0
2,369,18.45,-21.449536,62510.302393,1.438175,62499.228452,17473.919208,0.0,0.0,0.0,0.185078,0.232744,-135.133987,0.0,0.0,0.0,0.0,0.0,0.0,3.0,353695.525013,695.823836,20541.030984,3.540449,0,0,0,0,0,0,0,0,0,0,392.064148,424.840698,473.505219,544.590759,444.215607,397.983948,359.374268,393.480743,438.552399,536.58313,446.610291,400.129944,357.146271,395.616608,440.933594,539.497742,481.661682,431.532867,385.097595,426.987457,475.897247,582.275879,479.274323,429.394409,37.808655,176789.810278,398.863721,-502.944619,0,true,true,1.0,-0.01,0
2,370,18.5,-21.449536,11.147143,1.438175,-0.666627,17473.919208,0.0,0.0,0.0,0.185078,0.232744,-135.133987,0.0,0.0,0.0,0.0,0.0,0.0,3.0,353695.525013,695.823836,20541.030984,3.540449,0,0,0,0,0,0,0,0,0,0,392.064148,424.840698,473.505219,544.590759,444.215607,397.983948,359.374268,393.480743,438.552399,536.58313,446.610291,400.129944,357.146271,395.616608,440.933594,539.497742,481.661682,431.532867,385.097595,426.987457,475.897247,582.275879,479.274323,429.394409,37.808655,176789.810278,398.863721,-502.944619,0,true,true,1.0,-0.01,0
2,371,18.55,-21.449536,62510.302393,1.438175,62499.228452,17473.919208,0.0,0.0,0.0,0.185078,0.232744,-135.133987,0.0,0.0,0.0,0.0,0.0,0.0,3.0,353695.525013,695.823836,20541.030984,3.540449,0,0,0,0,0,0,0,0,0,0,392.064148,424.840698,473.505219,544.590759,444.215607,397.983948,359.374268,393.480743,438.552399,536.58313,446.610291,400.129944,357.146271,395.616608,440.933594,539.497742,481.661682,431.532867,385.097595,426.987457,475.897247,582.275879,479.274323,429.394409,37.808655,176789.810278,398.863721,-502.944619,0,true,true,1.0,-0.01,0
2,372,18.6,-21.449536,11.147143,1.438175,-0.666627,17473.919208,0.0,0.0,0.0,0.185078,0.232744,-135.133987,0.0,0.0,0.0,0.0,0.0,0.0,3.0,353695.525013,695.823836,20541.030984,3.540449,0,0,0,0,0,0,0,0,0,0,392.064148,424.840698,473.505219,544.590759,444.215607,397.983948,359.374268,393.480743,438.552399,536.58313,446.610291,400.129944,357.146271,395.616608,440.933594,539.497742,481.661682,431.532867,385.097595,426.987457,475.897247,582.275879,479.274323,429.394409,37.808655,176789.810278,398.863721,-502.944619,0,true,true,1.0,-0.01,0
2,373,18.65,-21.452748,62510.305605,1.438373,62499.228254,17473.918999,0.057594,-0.017947,0.009753,0.188453,0.23228,-135.134369,0.0,0.0,0.0,0.0,0.0,0.0,3.0,353692.571161,699.216145,19855.510781,3.567402,0,0,0,0,0,0,0,0,0,0,392.06601,424.842133,473.505829,544.590942,444.214508,397.982147,359.371552,393.477539,438.547943,536.576172,446.609558,400.128448,357.149872,395.613678,440.929443,539.49115,481.666321,431.536133,385.105621,426.989166,475.898193,582.275391,479.278625,429.397369,37.808861,176789.813841,400.064519,-501.485805,0,true,true,1.0,-0.01,0
2,374,18.7,-21.452748,11.147143,1.438373,-0.666627,17473.918999,0.057594,-0.017947,0.009753,0.188453,0.23228,-135.134369,0.0,0.0,0.0,0.0,0.0,0.0,3.0,353692.571161,699.216145,19855.510781,3.567402,0,0,0,0,0,0,0,0,0,0,392.06601,424.842133,473.505829,544.590942,444.214508,397.982147,359.371552,393.477539,438.547943,536.576172,446.609558,400.128448,357.149872,395.613678,440.929443,539.49115,481.666321,431.536133,385.105621,426.989166,475.898193,582.275391,479.278625,429.397369,37.808861,176789.813841,400.064519,-501.485805,0,true,true,1.0,-0.01,0
2,375,18.75,-21.452748,62510.305605,1.438373,62499.228254,17473.918999,0.057594,-0.017947,0.009753,0.188453,0.23228,-135.134369,0.0,0.0,0.0,0.0,0.0,0.0,3.0,353692.571161,699.216145,19855.510781,3.567402,0,0,0,0,0,0,0,0,0,0,392.06601,424.842133,473.505829,544.590942,444.214508,397.982147,359.371552,393.477539,438.547943,536.576172,446.609558,400.128448,357.149872,395.613678,440.929443,539.49115,481.666321,431.536133,385.105621,426.989166,475.898193,582.275391,479.278625,429.397369,37.808861,176789.813841,400.064519,-501.485805,0,true,true,1.0,-0.01,0
2,376,18.8,-21.452748,11.147143,1.438373,-0.666627,17473.918999,0.057594,-0.017947,0.009753,0.188453,0.23228,-135.134369,0.0,0.0,0.0,0.0,0.0,0.0,3.0,353692.571161,699.216145,19855.510781,3.567402,0,0,0,0,0,0,0,0,0,0,392.06601,424.842133,473.505829,544.590942,444.214508,397.982147,359.371552,393.477539,438.547943,536.576172,446.609558,400.128448,357.149872,395.613678,440.929443,539.49115,481.666321,431.536133,385.105621,426.989166,475.898193,582.275391,479.278625,429.397369,37.808861,176789.813841,400.064519,-501.485805,0,true,true,1.0,-0.01,0
2,377,18.85,-21.452748,62510.305605,1.438373,62499.228254,17473.918999,0.057594,-0.017947,0.009753,0.188453,0.23228,-135.134369,0.0,0.0,0.0,0.0,0.0,0.0,3.0,353692.571161,699.216145,19855.510781,3.567402,0,0,0,0,0,0,0,0,0,0,392.06601,424.842133,473.505829,544.590942,444.214508,397.982147,359.371552,393.477539,438.547943,536.576172,446.609558,400.128448,357.149872,395.613678,440.929443,539.49115,481.666321,431.536133,385.105621,426.989166,475.898193,582.275391,479.278625,429.397369,37.808861,176789.813841,400.064519,-501.485805,0,true,true,1.0,-0.01,0
2,378,18.9,-21.452748,11.147143,1.438373,-0.666627,17473.918999,0.057594,-0.017947,0.009753,0.188453,0.23228,-135.134369,0.0,0.0,0.0,0.0,0.0,0.0,3.0,353692.571161,699.216145,19855.510781,3.567402,0,0,0,0,0,0,0,0,0,0,392.06601,424.842133,473.505829,544.590942,444.214508,397.982147,359.371552,393.477539,438.547943,536.576172,446.609558,400.128448,357.149872,395.613678,440.929443,539.49115,481.666321,431.536133,385.105621,426.989166,475.898193,582.275391,479.278625,429.397369,37.808861,176789.813841,400.064519,-501.485805,0,true,true,1.0,-0.01,0
2,379,18.95,-21.452748,62510.305605,1.438373,62499.228254,17473.918999,0.057594,-0.017947,0.009753,0.188453,0.23228,-135.134369,0.0,0.0,0.0,0.0,0.0,0.0,3.0,353692.571161,699.216145,19855.510781,3.567402,0,0,0,0,0,0,0,0,0,0,392.06601,424.842133,473.505829,544.590942,444.214508,397.982147,359.371552,393.477539,438.547943,536.576172,446.609558,400.128448,357.149872,395.613678,440.929443,539.49115,481.666321,431.536133,385.105621,426.989166,475.898193,582.275391,479.278625,429.397369,37.808861,176789.813841,400.064519,-501.485805,0,true,true,1.0,-0.01,0
2,380,19.0,-21.455941,11.150335,1.438547,-0.666801,17473.918796,0.057007,-0.017397,0.009634,0.191765,0.231803,-135.134735,0.0,0.0,0.0,0.0,0.0,0.0,3.0,353689.607531,702.674208,19165.945292,3.593652,0,0,0,0,0,0,0,0,0,0,392.067932,424.843597,473.5065,544.591125,444.21344,397.980377,359.368927,393.474365,438.543518,536.569275,446.608765,400.126923,357.153351,395.610779,440.925323,539.484619,481.670898,431.539337,385.113556,426.990875,475.899139,582.274963,479.282898,429.40033,37.809063,176789.817555,401.239827,-499.987508,0,true,true,1.0,-0.01,0
2,381,19.05,-21.455941,62510.305605,1.438547,62499.228254,17473.918796,0.057007,-0.017397,0.009634,0.191765,0.231803,-135.134735,0.0,0.0,0.0,0.0,0.0,0.0,3.0,353689.607531,702.674208,19165.945292,3.593652,0,0,0,0,0,0,0,0,0,0,392.067932,424.843597,473.5065,544.591125,444.21344,397.980377,359.368927,393.474365,438.543518,536.569275,446.608765,400.126923,357.153351,395.610779,440.925323,539.484619,481.670898,431.539337,385.113556,426.990875,475.899139,582.274963,479.282898,429.40033,37.809063,176789.817555,401.239827,-499.987508,0,true,true,1.0,-0.01,0
2,382,19.1,-21.455941,11.150335,1.438547,-0.666801,17473.918796,0.057007,-0.017397,0.009634,0.191765,0.231803,-135.134735,0.0,0.0,0.0,0.0,0.0,0.0,3.0,353689.607531,702.674208,19165.945292,3.593652,0,0,0,0,0,0,0,0,0,0,392.067932,424.843597,473.5065,544.591125,444.21344,397.980377,359.368927,393.474365,438.543518,536.569275,446.608765,400.126923,357.153351,395.610779,440.925323,539.484619,481.670898,431.539337,385.113556,426.990875,475.899139,582.274963,479.282898,429.40033,37.809063,176789.817555,401.239827,-499.987508,0,true,true,1.0,-0.01,0
2,383,19.15,-21.455941,62510.305605,1.438547,62499.228254,17473.918796,0.057007,-0.017397,0.009634,0.191765,0.231803,-135.134735,0.0,0.0,0.0,0.0,0.0,0.0,3.0,353689.607531,702.674208,19165.945292,3.593652,0,0,0,0,0,0,0,0,0,0,392.067932,424.843597,473.5065,544.591125,444.21344,397.980377,359.368927,393.474365,438.543518,536.569275,446.608765,400.126923,357.153351,395.610779,440.925323,539.484619,481.670898,431.539337,385.113556,426.990875,475.899139,582.274963,479.282898,429.40033,37.809063,176789.817555,401.239827,-499.987508,0,true,true,1.0,-0.01,0
2,384,19.2,-21.455941,11.150335,1.438547,-0.666801,17473.918796,0.057007,-0.017397,0.009634,0.191765,0.231803,-135.134735,0.0,0.0,0.0,0.0,0.0,0.0,3.0,353689.607531,702.674208,19165.945292,3.593652,0,0,0,0,0,0,0,0,0,0,392.067932,424.843597,473.5065,544.591125,444.21344,397.980377,359.368927,393.474365,438.543518,536.569275,446.608765,400.126923,357.153351,395.610779,440.925323,539.484619,481.670898,431.539337,385.113556,426.990875,475.899139,582.274963,479.282898,429.40033,37.809063,176789.817555,401.239827,-499.987508,0,true,true,1.0,-0.01,0
2,385,19.25,-21.455941,62510.305605,1.438547,62499.228254,17473.918796,0.057007,-0.017397,0.009634,0.191765,0.231803,-135.134735,0.0,0.0,0.0,0.0,0.0,0.0,3.0,353689.607531,702.674208,19165.945292,3.593652,0,0,0,0,0,0,0,0,0,0,392.067932,424.843597,473.5065,544.591125,444.21344,397.980377,359.368927,393.474365,438.543518,536.569275,446.608765,400.126923,357.153351,395.610779,440.925323,539.484619,481.670898,431.539337,385.113556,426.990875,475.899139,582.274963,479.282898,429.40033,37.809063,176789.817555,401.239827,-499.987508,0,true,true,1.0,-0.01,0
2,386,19.3,-21.459126,11.15352,1.438689,-0.666944,17473.918597,0.056519,-0.016657,0.009521,0.194998,0.231339,-135.135101,0.0,0.0,0.0,0.0,0.0,0.0,3.0,353686.642823,706.202965,18472.181102,3.619238,0,0,0,0,0,0,0,0,0,0,392.069885,424.845062,473.507233,544.591248,444.212341,397.978607,359.366394,393.471252,438.539185,536.562561,446.60791,400.125366,357.156738,395.607849,440.921204,539.478149,481.675385,431.542511,385.121399,426.992584,475.900085,582.274536,479.28717,429.40329,37.809265,176789.821217,402.389819,-498.52711,0,true,true,1.0,-0.01,0
2,387,19.35,-21.459126,62510.305605,1.438689,62499.228254,17473.918597,0.056519,-0.016657,0.009521,0.194998,0.231339,-135.135101,0.0,0.0,0.0,0.0,0.0,0.0,3.0,353686.642823,706.202965,18472.181102,3.619238,0,0,0,0,0,0,0,0,0,0,392.069885,424.845062,473.507233,544.591248,444.212341,397.978607,359.366394,393.471252,438.539185,536.562561,446.60791,400.125366,357.156738,395.607849,440.921204,539.478149,481.675385,431.542511,385.121399,426.992584,475.900085,582.274536,479.28717,429.40329,37.809265,176789.821217,402.389819,-498.52711,0,true,true,1.0,-0.01,0
2,388,19.4,-21.459126,11.15352,1.438689,-0.666944,17473.918597,0.056519,-0.016657,0.009521,0.194998,0.231339,-135.135101,0.0,0.0,0.0,0.0,0.0,0.0,3.0,353686.642823,706.202965,18472.181102,3.619238,0,0,0,0,0,0,0,0,0,0,392.069885,424.845062,473.507233,544.591248,444.212341,397.978607,359.366394,393.471252,438.539185,536.562561,446.60791,400.125366,357.156738,395.607849,440.921204,539.478149,481.675385,431.542511,385.121399,426.992584,475.900085,582.274536,479.28717,429.40329,37.809265,176789.821217,402.389819,-498.52711,0,true,true,1.0,-0.01,0
2,389,19.45,-21.459126,62510.305605,1.438689,62499.228254,17473.918597,0.056519,-0.016657,0.009521,0.194998,0.231339,-135.135101,0.0,0.0,0.0,0.0,0.0,0.0,3.0,353686.642823,706.202965,18472.181102,3.619238,0,0,0,0,0,0,0,0,0,0,392.069885,424.845062,473.507233,544.591248,444.212341,397.978607,359.366394,393.471252,438.539185,536.562561,446.60791,400.125366,357.156738,395.607849,440.921204,539.478149,481.675385,431.542511,385.121399,426.992584,475.900085,582.274536,479.28717,429.40329,37.809265,176789.821217,402.389819,-498.52711,0,true,true,1.0,-0.01,0
2,390,19.5,-21.459126,11.15352,1.438689,-0.666944,17473.918597,0.056519,-0.016657,0.009521,0.194998,0.231339,-135.135101,0.0,0.0,0.0,0.0,0.0,0.0,3.0,353686.642823,706.202965,18472.181102,3.619238,0,0,0,0,0,0,0,0,0,0,392.069885,424.845062,473.507233,544.591248,444.212341,397.978607,359.366394,393.471252,438.539185,536.562561,446.60791,400.125366,357.156738,395.607849,440.921204,539.478149,481.675385,431.542511,385.121399,426.992584,475.900085,582.274536,479.28717,429.40329,37.809265,176789.821217,402.389819,-498.52711,0,true,true,1.0,-0.01,0
2,391,19.55,-21.459126,62510.305605,1.438689,62499.228254,17473.918597,0.056519,-0.016657,0.009521,0.194998,0.231339,-135.135101,0.0,0.0,0.0,0.0,0.0,0.0,3.0,353686.642823,706.202965,18472.181102,3.619238,0,0,0,0,0,0,0,0,0,0,392.069885,424.845062,473.507233,544.591248,444.212341,397.978607,359.366394,393.471252,438.539185,536.562561,446.60791,400.125366,357.156738,395.607849,440.921204,539.478149,481.675385,431.542511,385.121399,426.992584,475.900085,582.274536,479.28717,429.40329,37.809265,176789.821217,402.389819,-498.52711,0,true,true,1.0,-0.01,0
2,392,19.6,-21.459126,11.15352,1.438689,-0.666944,17473.918597,0.056519,-0.016657,0.009521,0.194998,0.231339,-135.135101,0.0,0.0,0.0,0.0,0.0,0.0,3.0,353686.642823,706.202965,18472.181102,3.619238,0,0,0,0,0,0,0,0,0,0,392.069885,424.845062,473.507233,544.591248,444.212341,397.978607,359.366394,393.471252,438.539185,536.562561,446.60791,400.125366,357.156738,395.607849,440.921204,539.478149,481.675385,431.542511,385.121399,426.992584,475.900085,582.274536,479.28717,429.40329,37.809265,176789.821217,402.389819,-498.52711,0,true,true,1.0,-0.01,0
2,393,19.65,-21.462303,62510.308783,1.438786,62499.228158,17473.9184,0.056169,-0.015455,0.009407,0.198136,0.230949,-135.135468,0.0,0.0,0.0,0.0,0.0,0.0,3.0,353683.696114,709.850766,17773.832166,3.644121,0,0,0,0,0,0,0,0,0,0,392.071838,424.846588,473.507996,544.591431,444.211304,397.976868,359.363953,393.468201,438.534912,536.555847,446.607025,400.123779,357.160034,395.604919,440.917053,539.471619,481.67984,431.545654,385.129272,426.994232,475.901001,582.274109,479.291443,429.406281,37.80946,176789.824241,403.537461,-497.298273,0,true,true,1.0,-0.01,0
2,394,19.7,-21.462303,11.15352,1.438786,-0.666944,17473.9184,0.056169,-0.015455,0.009407,0.198136,0.230949,-135.135468,0.0,0.0,0.0,0.0,0.0,0.0,3.0,353683.696114,709.850766,17773.832166,3.644121,0,0,0,0,0,0,0,0,0,0,392.071838,424.846588,473.507996,544.591431,444.211304,397.976868,359.363953,393.468201,438.534912,536.555847,446.607025,400.123779,357.160034,395.604919,440.917053,539.471619,481.67984,431.545654,385.129272,426.994232,475.901001,582.274109,479.291443,429.406281,37.80946,176789.824241,403.537461,-497.298273,0,true,true,1.0,-0.01,0
2,395,19.75,-21.462303,62510.308783,1.438786,62499.228158,17473.9184,0.056169,-0.015455,0.009407,0.198136,0.230949,-135.135468,0.0,0.0,0.0,0.0,0.0,0.0,3.0,353683.696114,709.850766,17773.832166,3.644121,0,0,0,0,0,0,0,0,0,0,392.071838,424.846588,473.507996,544.591431,444.211304,397.976868,359.363953,393.468201,438.534912,536.555847,446.607025,400.123779,357.160034,395.604919,440.917053,539.471619,481.67984,431.545654,385.129272,426.994232,475.901001,582.274109,479.291443,429.406281,37.80946,176789.824241,403.537461,-497.298273,0,true,true,1.0,-0.01,0
2,396,19.8,-21.462303,11.15352,1.438786,-0.666944,17473.9184,0.056169,-0.015455,0.009407,0.198136,0.230949,-135.135468,0.0,0.0,0.0,0.0,0.0,0.0,3.0,353683.696114,709.850766,17773.832166,3.644121,0,0,0,0,0,0,0,0,0,0,392.071838,424.846588,473.507996,544.591431,444.211304,397.976868,359.363953,393.468201,438.534912,536.555847,446.607025,400.123779,357.160034,395.604919,440.917053,539.471619,481.67984,431.545654,385.129272,426.994232,475.901001,582.274109,479.291443,429.406281,37.80946,176789.824241,403.537461,-497.298273,0,true,true,1.0,-0.01,0
2,397,19.85,-21.462303,62510.308783,1.438786,62499.228158,17473.9184,0.056169,-0.015455,0.009407,0.198136,0.230949,-135.135468,0.0,0.0,0.0,0.0,0.0,0.0,3.0,353683.696114,709.850766,17773.832166,3.644121,0,0,0,0,0,0,0,0,0,0,392.071838,424.846588,473.507996,544.591431,444.211304,397.976868,359.363953,393.468201,438.534912,536.555847,446.607025,400.123779,357.160034,395.604919,440.917053,539.471619,481.67984,431.545654,385.129272,426.994232,475.901001,582.274109,479.291443,429.406281,37.80946,176789.824241,403.537461,-497.298273,0,true,true,1.0,-0.01,0
2,398,19.9,-21.462303,11.15352,1.438786,-0.666944,17473.9184,0.056169,-0.015455,0.009407,0.198136,0.230949,-135.135468,0.0,0.0,0.0,0.0,0.0,0.0,3.0,353683.696114,709.850766,17773.832166,3.644121,0,0,0,0,0,0,0,0,0,0,392.071838,424.846588,473.507996,544.591431,444.211304,397.976868,359.363953,393.468201,438.534912,536.555847,446.607025,400.123779,357.160034,395.604919,440.917053,539.471619,481.67984,431.545654,385.129272,426.994232,475.901001,582.274109,479.291443,429.406281,37.80946,176789.824241,403.537461,-497.298273,0,true,true,1.0,-0.01,0
2,399,19.95,-21.462303,62510.308783,1.438786,62499.228158,17473.9184,0.056169,-0.015455,0.009407,0.198136,0.230949,-135.135468,0.0,0.0,0.0,0.0,0.0,0.0,3.0,353683.696114,709.850766,17773.832166,3.644121,0,0,0,0,0,0,0,0,0,0,392.071838,424.846588,473.507996,544.591431,444.211304,397.976868,359.363953,393.468201,438.534912,536.555847,446.607025,400.123779,357.160034,395.604919,440.917053,539.471619,481.67984,431.545654,385.129272,426.994232,475.901001,582.274109,479.291443,429.406281,37.80946,176789.824241,403.537461,-497.298273,0,true,true,1.0,-0.01,0
2,400,20.0,-21.46547,11.156687,1.438844,-0.667002,17473.918206,0.0,0.0,0.0,0.201183,0.230597,-135.135849,0.0,0.0,0.0,0.0,0.0,0.0,3.0,353680.753565,713.661564,17071.129101,3.668301,0,0,0,0,0,0,0,0,0,0,392.0737,424.848145,473.508759,544.591797,444.210327,397.97522,359.361511,393.465149,438.53064,536.549133,446.606171,400.122223,357.1633,395.601959,440.912872,539.465027,481.684265,431.548767,385.137146,426.99585,475.901855,582.27356,479.295776,429.409302,37.809654,176789.826891,404.706359,-496.186411,0,true,true,1.0,-0.01,0
2,401,20.05,-21.46547,62510.308783,1.438844,62499.228158,17473.918206,0.0,0.0,0.0,0.201183,0.230597,-135.135849,0.0,0.0,0.0,0.0,0.0,0.0,3.0,353680.753565,713.661564,17071.129101,3.668301,0,0,0,0,0,0,0,0,0,0,392.0737,424.848145,473.508759,544.591797,444.210327,397.97522,359.361511,393.465149,438.53064,536.549133,446.606171,400.122223,357.1633,395.601959,440.912872,539.465027,481.684265,431.548767,385.137146,426.99585,475.901855,582.27356,479.295776,429.409302,37.809654,176789.826891,404.706359,-496.186411,0,true,true,1.0,-0.01,0
2,402,20.1,-21.46547,11.156687,1.438844,-0.667002,17473.918206,0.0,0.0,0.0,0.201183,0.230597,-135.135849,0.0,0.0,0.0,0.0,0.0,0.0,3.0,353680.753565,713.661564,17071.129101,3.668301,0,0,0,0,0,0,0,0,0,0,392.0737,424.848145,473.508759,544.591797,444.210327,397.97522,359.361511,393.465149,438.53064,536.549133,446.606171,400.122223,357.1633,395.601959,440.912872,539.465027,481.684265,431.548767,385.137146,426.99585,475.901855,582.27356,479.295776,429.409302,37.809654,176789.826891,404.706359,-496.186411,0,true,true,1.0,-0.01,0
2,403,20.15,-21.46547,62510.308783,1.438844,62499.228158,17473.918206,0.0,0.0,0.0,0.201183,0.230597,-135.135849,0.0,0.0,0.0,0.0,0.0,0.0,3.0,353680.753565,713.661564,17071.129101,3.668301,0,0,0,0,0,0,0,0,0,0,392.0737,424.848145,473.508759,544.591797,444.210327,397.97522,359.361511,393.465149,438.53064,536.549133,446.606171,400.122223,357.1633,395.601959,440.912872,539.465027,481.684265,431.548767,385.137146,426.99585,475.901855,582.27356,479.295776,429.409302,37.809654,176789.826891,404.706359,-496.186411,0,true,true,1.0,-0.01,0
2,404,20.2,-21.46547,11.156687,1.438844,-0.667002,17473.918206,0.0,0.0,0.0,0.201183,0.230597,-135.135849,0.0,0.0,0.0,0.0,0.0,0.0,3.0,353680.753565,713.661564,17071.129101,3.668301,0,0,0,0,0,0,0,0,0,0,392.0737,424.848145,473.508759,544.591797,444.210327,397.97522,359.361511,393.465149,438.53064,536.549133,446.606171,400.122223,357.1633,395.601959,440.912872,539.465027,481.684265,431.548767,385.137146,426.99585,475.901855,582.27356,479.295776,429.409302,37.809654,176789.826891,404.706359,-496.186411,0,true,true,1.0,-0.01,0
2,405,20.25,-21.46547,62510.308783,1.438844,62499.228158,17473.918206,0.0,0.0,0.0,0.201183,0.230597,-135.135849,0.0,0.0,0.0,0.0,0.0,0.0,3.0,353680.753565,713.661564,17071.129101,3.668301,0,0,0,0,0,0,0,0,0,0,392.0737,424.848145,473.508759,544.591797,444.210327,397.97522,359.361511,393.465149,438.53064,536.549133,446.606171,400.122223,357.1633,395.601959,440.912872,539.465027,481.684265,431.548767,385.137146,426.99585,475.901855,582.27356,479.295776,429.409302,37.809654,176789.826891,404.706359,-496.186411,0,true,true,1.0,-0.01,0
2,406,20.3,-21.468621,11.159839,1.438873,-0.667031,17473.918015,0.055272,-0.013398,0.009167,0.204133,0.230285,-135.136215,0.0,0.0,0.0,0.0,0.0,0.0,3.0,353677.814694,717.546491,16364.058349,3.691738,0,0,0,0,0,0,0,0,0,0,392.075592,424.849701,473.509552,544.592041,444.209351,397.973541,359.359161,393.462158,438.526428,536.542542,446.605255,400.120605,357.166504,395.598999,440.908691,539.458496,481.688629,431.551819,385.144989,426.997437,475.902679,582.27301,479.300079,429.412292,37.809845,176789.829239,405.852998,-495.198991,0,true,true,1.0,-0.01,0
2,407,20.35,-21.468621,62510.308783,1.438873,62499.228158,17473.918015,0.055272,-0.013398,0.009167,0.204133,0.230285,-135.136215,0.0,0.0,0.0,0.0,0.0,0.0,3.0,353677.814694,717.546491,16364.058349,3.691738,0,0,0,0,0,0,0,0,0,0,392.075592,424.849701,473.509552,544.592041,444.209351,397.973541,359.359161,393.462158,438.526428,536.542542,446.605255,400.120605,357.166504,395.598999,440.908691,539.458496,481.688629,431.551819,385.144989,426.997437,475.902679,582.27301,479.300079,429.412292,37.809845,176789.829239,405.852998,-495.198991,0,true,true,1.0,-0.01,0
2,408,20.4,-21.468621,11.159839,1.438873,-0.667031,17473.918015,0.055272,-0.013398,0.009167,0.204133,0.230285,-135.136215,0.0,0.0,0.0,0.0,0.0,0.0,3.0,353677.814694,717.546491,16364.058349,3.691738,0,0,0,0,0,0,0,0,0,0,392.075592,424.849701,473.509552,544.592041,444.209351,397.973541,359.359161,393.462158,438.526428,536.542542,446.605255,400.120605,357.166504,395.598999,440.908691,539.458496,481.688629,431.551819,385.144989,426.997437,475.902679,582.27301,479.300079,429.412292,37.809845,176789.829239,405.852998,-495.198991,0,true,true,1.0,-0.01,0
2,409,20.45,-21.468621,62510.308783,1.438873,62499.228158,17473.918015,0.055272,-0.013398,0.009167,0.204133,0.230285,-135.136215,0.0,0.0,0.0,0.0,0.0,0.0,3.0,353677.814694,717.546491,16364.058349,3.691738,0,0,0,0,0,0,0,0,0,0,392.075592,424.849701,473.509552,544.592041,444.209351,397.973541,359.359161,393.462158,438.526428,536.542542,446.605255,400.120605,357.166504,395.598999,440.908691,539.458496,481.688629,431.551819,385.144989,426.997437,475.902679,582.27301,479.300079,429.412292,37.809845,176789.829239,405.852998,-495.198991,0,true,true,1.0,-0.01,0
2,410,20.5,-21.468621,11.159839,1.438873,-0.667031,17473.918015,0.055272,-0.013398,0.009167,0.204133,0.230285,-135.136215,0.0,0.0,0.0,0.0,0.0,0.0,3.0,353677.814694,717.546491,16364.058349,3.691738,0,0,0,0,0,0,0,0,0,0,392.075592,424.849701,473.509552,544.592041,444.209351,397.973541,359.359161,393.462158,438.526428,536.542542,446.605255,400.120605,357.166504,395.598999,440.908691,539.458496,481.688629,431.551819,385.144989,426.997437,475.902679,582.27301,479.300079,429.412292,37.809845,176789.829239,405.852998,-495.198991,0,true,true,1.0,-0.01,0
2,411,20.55,-21.468621,62510.308783,1.438873,62499.228158,17473.918015,0.055272,-0.013398,0.009167,0.204133,0.230285,-135.136215,0.0,0.0,0.0,0.0,0.0,0.0,3.0,353677.814694,717.546491,16364.058349,3.691738,0,0,0,0,0,0,0,0,0,0,392.075592,424.849701,473.509552,544.592041,444.209351,397.973541,359.359161,393.462158,438.526428,536.542542,446.605255,400.120605,357.166504,395.598999,440.908691,539.458496,481.688629,431.551819,385.144989,426.997437,475.902679,582.27301,479.300079,429.412292,37.809845,176789.829239,405.852998,-495.198991,0,true,true,1.0,-0.01,0
2,412,20.6,-21.468621,11.159839,1.438873,-0.667031,17473.918015,0.055272,-0.013398,0.009167,0.204133,0.230285,-135.136215,0.0,0.0,0.0,0.0,0.0,0.0,3.0,353677.814694,717.546491,16364.058349,3.691738,0,0,0,0,0,0,0,0,0,0,392.075592,424.849701,473.509552,544.592041,444.209351,397.973541,359.359161,393.462158,438.526428,536.542542,446.605255,400.120605,357.166504,395.598999,440.908691,539.458496,481.688629,431.551819,385.144989,426.997437,475.902679,582.27301,479.300079,429.412292,37.809845,176789.829239,405.852998,-495.198991,0,true,true,1.0,-0.01,0
2,413,20.65,-21.471746,62510.311908,1.438888,62499.228143,17473.917831,0.054574,-0.012706,0.009024,0.206993,0.229992,-135.136581,0.0,0.0,0.0,0.0,0.0,0.0,3.0,353674.872377,721.549646,15652.746469,3.714434,0,0,0,0,0,0,0,0,0,0,392.077454,424.851227,473.510345,544.592407,444.208435,397.971924,359.356842,393.459167,438.522247,536.536011,446.60437,400.119019,357.169678,395.596039,440.904541,539.451904,481.692993,431.55484,385.152771,426.998993,475.903473,582.272461,479.304413,429.415314,37.810028,176789.831388,407.001552,-494.273437,0,true,true,1.0,-0.01,0
2,414,20.7,-21.471746,11.159839,1.438888,-0.667031,17473.917831,0.054574,-0.012706,0.009024,0.206993,0.229992,-135.136581,0.0,0.0,0.0,0.0,0.0,0.0,3.0,353674.872377,721.549646,15652.746469,3.714434,0,0,0,0,0,0,0,0,0,0,392.077454,424.851227,473.510345,544.592407,444.208435,397.971924,359.356842,393.459167,438.522247,536.536011,446.60437,400.119019,357.169678,395.596039,440.904541,539.451904,481.692993,431.55484,385.152771,426.998993,475.903473,582.272461,479.304413,429.415314,37.810028,176789.831388,407.001552,-494.273437,0,true,true,1.0,-0.01,0
2,415,20.75,-21.471746,62510.311908,1.438888,62499.228143,17473.917831,0.054574,-0.012706,0.009024,0.206993,0.229992,-135.136581,0.0,0.0,0.0,0.0,0.0,0.0,3.0,353674.872377,721.549646,15652.746469,3.714434,0,0,0,0,0,0,0,0,0,0,392.077454,424.851227,473.510345,544.592407,444.208435,397.971924,359.356842,393.459167,438.522247,536.536011,446.60437,400.119019,357.169678,395.596039,440.904541,539.451904,481.692993,431.55484,385.152771,426.998993,475.903473,582.272461,479.304413,429.415314,37.810028,176789.831388,407.001552,-494.273437,0,true,true,1.0,-0.01,0
2,416,20.8,-21.471746,11.159839,1.438888,-0.667031,17473.917831,0.054574,-0.012706,0.009024,0.206993,0.229992,-135.136581,0.0,0.0,0.0,0.0,0.0,0.0,3.0,353674.872377,721.549646,15652.746469,3.714434,0,0,0,0,0,0,0,0,0,0,392.077454,424.851227,473.510345,544.592407,444.208435,397.971924,359.356842,393.459167,438.522247,536.536011,446.60437,400.119019,357.169678,395.596039,440.904541,539.451904,481.692993,431.55484,385.152771,426.998993,475.903473,582.272461,479.304413,429.415314,37.810028,176789.831388,407.001552,-494.273437,0,true,true,1.0,-0.01,0
2,417,20.85,-21.471746,62510.311908,1.438888,62499.228143,17473.917831,0.054574,-0.012706,0.009024,0.206993,0.229992,-135.136581,0.0,0.0,0.0,0.0,0.0,0.0,3.0,353674.872377,721.549646,15652.746469,3.714434,0,0,0,0,0,0,0,0,0,0,392.077454,424.851227,473.510345,544.592407,444.208435,397.971924,359.356842,393.459167,438.522247,536.536011,446.60437,400.119019,357.169678,395.596039,440.904541,539.451904,481.692993,431.55484,385.152771,426.998993,475.903473,582.272461,479.304413,429.415314,37.810028,176789.831388,407.001552,-494.273437,0,true,true,1.0,-0.01,0
2,418,20.9,-21.471746,11.159839,1.438888,-0.667031,17473.917831,0.054574,-0.012706,0.009024,0.206993,0.229992,-135.136581,0.0,0.0,0.0,0.0,0.0,0.0,3.0,353674.872377,721.549646,15652.746469,3.714434,0,0,0,0,0,0,0,0,0,0,392.077454,424.851227,473.510345,544.592407,444.208435,397.971924,359.356842,393.459167,438.522247,536.536011,446.60437,400.119019,357.169678,395.596039,440.904541,539.451904,481.692993,431.55484,385.152771,426.998993,475.903473,582.272461,479.304413,429.415314,37.810028,176789.831388,407.001552,-494.273437,0,true,true,1.0,-0.01,0
2,419,20.95,-21.471746,62510.311908,1.438888,62499.228143,17473.917831,0.054574,-0.012706,0.009024,0.206993,0.229992,-135.136581,0.0,0.0,0.0,0.0,0.0,0.0,3.0,353674.872377,721.549646,15652.746469,3.714434,0,0,0,0,0,0,0,0,0,0,392.077454,424.851227,473.510345,544.592407,444.208435,397.971924,359.356842,393.459167,438.522247,536.536011,446.60437,400.119019,357.169678,395.596039,440.904541,539.451904,481.692993,431.55484,385.152771,426.998993,475.903473,582.272461,479.304413,429.415314,37.810028,176789.831388,407.001552,-494.273437,0,true,true,1.0,-0.01,0
2,420,21.0,-21.474853,11.162946,1.438881,-0.667024,17473.917653,0.053965,-0.011976,0.008893,0.209764,0.22971,-135.136932,0.0,0.0,0.0,0.0,0.0,0.0,3.0,353671.923415,725.616497,14937.258267,3.736367,0,0,0,0,0,0,0,0,0,0,392.079346,424.852783,473.511169,544.592712,444.207489,397.970337,359.354584,393.456238,438.518127,536.529602,446.603424,400.117401,357.17276,395.593109,440.900421,539.445435,481.697266,431.557861,385.160492,427.000549,475.904297,582.271912,479.308685,429.418304,37.810207,176789.833497,408.126462,-493.378034,0,true,true,1.0,-0.01,0
2,421,21.05,-21.474853,62510.311908,1.438881,62499.228143,17473.917653,0.053965,-0.011976,0.008893,0.209764,0.22971,-135.136932,0.0,0.0,0.0,0.0,0.0,0.0,3.0,353671.923415,725.616497,14937.258267,3.736367,0,0,0,0,0,0,0,0,0,0,392.079346,424.852783,473.511169,544.592712,444.207489,397.970337,359.354584,393.456238,438.518127,536.529602,446.603424,400.117401,357.17276,395.593109,440.900421,539.445435,481.697266,431.557861,385.160492,427.000549,475.904297,582.271912,479.308685,429.418304,37.810207,176789.833497,408.126462,-493.378034,0,true,true,1.0,-0.01,0
2,422,21.1,-21.474853,11.162946,1.438881,-0.667024,17473.917653,0.053965,-0.011976,0.008893,0.209764,0.22971,-135.136932,0.0,0.0,0.0,0.0,0.0,0.0,3.0,353671.923415,725.616497,14937.258267,3.736367,0,0,0,0,0,0,0,0,0,0,392.079346,424.852783,473.511169,544.592712,444.207489,397.970337,359.354584,393.456238,438.518127,536.529602,446.603424,400.117401,357.17276,395.593109,440.900421,539.445435,481.697266,431.557861,385.160492,427.000549,475.904297,582.271912,479.308685,429.418304,37.810207,176789.833497,408.126462,-493.378034,0,true,true,1.0,-0.01,0
2,423,21.15,-21.474853,62510.311908,1.438881,62499.228143,17473.917653,0.053965,-0.011976,0.008893,0.209764,0.22971,-135.136932,0.0,0.0,0.0,0.0,0.0,0.0,3.0,353671.923415,725.616497,14937.258267,3.736367,0,0,0,0,0,0,0,0,0,0,392.079346,424.852783,473.511169,544.592712,444.207489,397.970337,359.354584,393.456238,438.518127,536.529602,446.603424,400.117401,357.17276,395.593109,440.900421,539.445435,481.697266,431.557861,385.160492,427.000549,475.904297,582.271912,479.308685,429.418304,37.810207,176789.833497,408.126462,-493.378034,0,true,true,1.0,-0.01,0
2,424,21.2,-21.474853,11.162946,1.438881,-0.667024,17473.917653,0.053965,-0.011976,0.008893,0.209764,0.22971,-135.136932,0.0,0.0,0.0,0.0,0.0,0.0,3.0,353671.923415,725.616497,14937.258267,3.736367,0,0,0,0,0,0,0,0,0,0,392.079346,424.852783,473.511169,544.592712,444.207489,397.970337,359.354584,393.456238,438.518127,536.529602,446.603424,400.117401,357.17276,395.593109,440.900421,539.445435,481.697266,431.557861,385.160492,427.000549,475.904297,582.271912,479.308685,429.418304,37.810207,176789.833497,408.126462,-493.378034,0,true,true,1.0,-0.01,0
2,425,21.25,-21.474853,62510.311908,1.438881,62499.228143,17473.917653,0.053965,-0.011976,0.008893,0.209764,0.22971,-135.136932,0.0,0.0,0.0,0.0,0.0,0.0,3.0,353671.923415,725.616497,14937.258267,3.736367,0,0,0,0,0,0,0,0,0,0,392.079346,424.852783,473.511169,544.592712,444.207489,397.970337,359.354584,393.456238,438.518127,536.529602,446.603424,400.117401,357.17276,395.593109,440.900421,539.445435,481.697266,431.557861,385.160492,427.000549,475.904297,582.271912,479.308685,429.418304,37.810207,176789.833497,408.126462,-493.378034,0,true,true,1.0,-0.01,0
2,426,21.3,-21.477584,11.165677,1.439095,-0.667238,17473.917331,0.052822,-0.010962,0.008646,0.212519,0.230572,-135.137558,0.0,0.0,0.0,0.0,0.0,0.0,3.0,353669.243623,731.438884,14210.595091,3.75752,0,0,0,0,0,0,0,0,0,0,392.078552,424.853424,473.510315,544.595764,444.207916,397.96936,359.350006,393.452972,438.513,536.520874,446.604218,400.11676,357.178131,395.590149,440.89563,539.437134,481.702728,431.56131,385.169739,427.001495,475.903748,582.268555,479.313782,429.421448,37.810528,176789.823376,410.084539,-496.011702,0,true,true,1.0,-0.01,0
2,427,21.35,-21.477584,62510.311908,1.439095,62499.228143,17473.917331,0.052822,-0.010962,0.008646,0.212519,0.230572,-135.137558,0.0,0.0,0.0,0.0,0.0,0.0,3.0,353669.243623,731.438884,14210.595091,3.75752,0,0,0,0,0,0,0,0,0,0,392.078552,424.853424,473.510315,544.595764,444.207916,397.96936,359.350006,393.452972,438.513,536.520874,446.604218,400.11676,357.178131,395.590149,440.89563,539.437134,481.702728,431.56131,385.169739,427.001495,475.903748,582.268555,479.313782,429.421448,37.810528,176789.823376,410.084539,-496.011702,0,true,true,1.0,-0.01,0
2,428,21.4,-21.477584,11.165677,1.439095,-0.667238,17473.917331,0.052822,-0.010962,0.008646,0.212519,0.230572,-135.137558,0.0,0.0,0.0,0.0,0.0,0.0,3.0,353669.243623,731.438884,14210.595091,3.75752,0,0,0,0,0,0,0,0,0,0,392.078552,424.853424,473.510315,544.595764,444.207916,397.96936,359.350006,393.452972,438.513,536.520874,446.604218,400.11676,357.178131,395.590149,440.89563,539.437134,481.702728,431.56131,385.169739,427.001495,475.903748,582.268555,479.313782,429.421448,37.810528,176789.823376,410.084539,-496.011702,0,true,true,1.0,-0.01,0
2,429,21.45,-21.477584,62510.311908,1.439095,62499.228143,17473.917331,0.052822,-0.010962,0.008646,0.212519,0.230572,-135.137558,0.0,0.0,0.0,0.0,0.0,0.0,3.0,353669.243623,731.438884,14210.595091,3.75752,0,0,0,0,0,0,0,0,0,0,392.078552,424.853424,473.510315,544.595764,444.207916,397.96936,359.350006,393.452972,438.513,536.520874,446.604218,400.11676,357.178131,395.590149,440.89563,539.437134,481.702728,431.56131,385.169739,427.001495,475.903748,582.268555,479.313782,429.421448,37.810528,176789.823376,410.084539,-496.011702,0,true,true,1.0,-0.01,0
2,430,21.5,-21.477584,11.165677,1.439095,-0.667238,17473.917331,0.052822,-0.010962,0.008646,0.212519,0.230572,-135.137558,0.0,0.0,0.0,0.0,0.0,0.0,3.0,353669.243623,731.438884,14210.595091,3.75752,0,0,0,0,0,0,0,0,0,0,392.078552,424.853424,473.510315,544.595764,444.207916,397.96936,359.350006,393.452972,438.513,536.520874,446.604218,400.11676,357.178131,395.590149,440.89563,539.437134,481.702728,431.56131,385.169739,427.001495,475.903748,582.268555,479.313782,429.421448,37.810528,176789.823376,410.084539,-496.011702,0,true,true,1.0,-0.01,0
2,431,21.55,-21.477584,62510.311908,1.439095,62499.228143,17473.917331,0.052822,-0.010962,0.008646,0.212519,0.230572,-135.137558,0.0,0.0,0.0,0.0,0.0,0.0,3.0,353669.243623,731.438884,14210.595091,3.75752,0,0,0,0,0,0,0,0,0,0,392.078552,424.853424,473.510315,544.595764,444.207916,397.96936,359.350006,393.452972,438.513,536.520874,446.604218,400.11676,357.178131,395.590149,440.89563,539.437134,481.702728,431.56131,385.169739,427.001495,475.903748,582.268555,479.313782,429.421448,37.810528,176789.823376,410.084539,-496.011702,0,true,true,1.0,-0.01,0
2,432,21.6,-21.477584,11.165677,1.439095,-0.667238,17473.917331,0.052822,-0.010962,0.008646,0.212519,0.230572,-135.137558,0.0,0.0,0.0,0.0,0.0,0.0,3.0,353669.243623,731.438884,14210.595091,3.75752,0,0,0,0,0,0,0,0,0,0,392.078552,424.853424,473.510315,544.595764,444.207916,397.96936,359.350006,393.452972,438.513,536.520874,446.604218,400.11676,357.178131,395.590149,440.89563,539.437134,481.702728,431.56131,385.169739,427.001495,475.903748,582.268555,479.313782,429.421448,37.810528,176789.823376,410.084539,-496.011702,0,true,true,1.0,-0.01,0
2,433,21.65,-21.480084,62510.314408,1.439481,62499.227756,17473.917108,0.0,0.0,0.0,0.215202,0.230989,-135.138184,0.0,0.0,0.0,0.0,0.0,0.0,3.0,353666.419504,737.394005,13482.564553,3.777891,0,0,0,0,0,0,0,0,0,0,392.077362,424.85376,473.509033,544.598877,444.208405,397.968445,359.345062,393.449738,438.507904,536.512085,446.605347,400.116425,357.183807,395.587463,440.891113,539.429138,481.708191,431.564728,385.17868,427.00238,475.903107,582.265076,479.318604,429.424286,37.810753,176789.81674,412.057515,-497.272892,0,true,true,1.0,-0.01,0
2,434,21.7,-21.480084,11.165677,1.439481,-0.667238,17473.917108,0.0,0.0,0.0,0.215202,0.230989,-135.138184,0.0,0.0,0.0,0.0,0.0,0.0,3.0,353666.419504,737.394005,13482.564553,3.777891,0,0,0,0,0,0,0,0,0,0,392.077362,424.85376,473.509033,544.598877,444.208405,397.968445,359.345062,393.449738,438.507904,536.512085,446.605347,400.116425,357.183807,395.587463,440.891113,539.429138,481.708191,431.564728,385.17868,427.00238,475.903107,582.265076,479.318604,429.424286,37.810753,176789.81674,412.057515,-497.272892,0,true,true,1.0,-0.01,0
2,435,21.75,-21.480084,62510.314408,1.439481,62499.227756,17473.917108,0.0,0.0,0.0,0.215202,0.230989,-135.138184,0.0,0.0,0.0,0.0,0.0,0.0,3.0,353666.419504,737.394005,13482.564553,3.777891,0,0,0,0,0,0,0,0,0,0,392.077362,424.85376,473.509033,544.598877,444.208405,397.968445,359.345062,393.449738,438.507904,536.512085,446.605347,400.116425,357.183807,395.587463,440.891113,539.429138,481.708191,431.564728,385.17868,427.00238,475.903107,582.265076,479.318604,429.424286,37.810753,176789.81674,412.057515,-497.272892,0,true,true,1.0,-0.01,0
2,436,21.8,-21.480084,11.165677,1.439481,-0.667238,17473.917108,0.0,0.0,0.0,0.215202,0.230989,-135.138184,0.0,0.0,0.0,0.0,0.0,0.0,3.0,353666.419504,737.394005,13482.564553,3.777891,0,0,0,0,0,0,0,0,0,0,392.077362,424.85376,473.509033,544.598877,444.208405,397.968445,359.345062,393.449738,438.507904,536.512085,446.605347,400.116425,357.183807,395.587463,440.891113,539.429138,481.708191,431.564728,385.17868,427.00238,475.903107,582.265076,479.318604,429.424286,37.810753,176789.81674,412.057515,-497.272892,0,true,true,1.0,-0.01,0
2,437,21.85,-21.480084,62510.314408,1.439481,62499.227756,17473.917108,0.0,0.0,0.0,0.215202,0.230989,-135.138184,0.0,0.0,0.0,0.0,0.0,0.0,3.0,353666.419504,737.394005,13482.564553,3.777891,0,0,0,0,0,0,0,0,0,0,392.077362,424.85376,473.509033,544.598877,444.208405,397.968445,359.345062,393.449738,438.507904,536.512085,446.605347,400.116425,357.183807,395.587463,440.891113,539.429138,481.708191,431.564728,385.17868,427.00238,475.903107,582.265076,479.318604,429.424286,37.810753,176789.81674,412.057515,-497.272892,0,true,true,1.0,-0.01,0
2,438,21.9,-21.480084,11.165677,1.439481,-0.667238,17473.917108,0.0,0.0,0.0,0.215202,0.230989,-135.138184,0.0,0.0,0.0,0.0,0.0,0.0,3.0,353666.419504,737.394005,13482.564553,3.777891,0,0,0,0,0,0,0,0,0,0,392.077362,424.85376,473.509033,544.598877,444.208405,397.968445,359.345062,393.449738,438.507904,536.512085,446.605347,400.116425,357.183807,395.587463,440.891113,539.429138,481.708191,431.564728,385.17868,427.00238,475.903107,582.265076,479.318604,429.424286,37.810753,176789.81674,412.057515,-497.272892,0,true,true,1.0,-0.01,0
2,439,21.95,-21.480084,62510.314408,1.439481,62499.227756,17473.917108,0.0,0.0,0.0,0.215202,0.230989,-135.138184,0.0,0.0,0.0,0.0,0.0,0.0,3.0,353666.419504,737.394005,13482.564553,3.777891,0,0,0,0,0,0,0,0,0,0,392.077362,424.85376,473.509033,544.598877,444.208405,397.968445,359.345062,393.449738,438.507904,536.512085,446.605347,400.116425,357.183807,395.587463,440.891113,539.429138,481.708191,431.564728,385.17868,427.00238,475.903107,582.265076,479.318604,429.424286,37.810753,176789.81674,412.057515,-497.272892,0,true,true,1.0,-0.01,0
2,440,22.0,-21.482446,11.168038,1.439955,-0.667712,17473.916908,0.04458,-0.016094,0.007596,0.217802,0.231168,-135.138809,0.0,0.0,0.0,0.0,0.0,0.0,3.0,353663.514542,743.421634,12751.892327,3.797441,0,0,0,0,0,0,0,0,0,0,392.075989,424.853912,473.507599,544.602051,444.208923,397.96756,359.339996,393.446503,438.502838,536.503418,446.606659,400.116211,357.189545,395.58493,440.88681,539.421387,481.713593,431.568085,385.187347,427.003204,475.902435,582.261536,479.323212,429.426941,37.810951,176789.812021,414.014892,-497.799234,0,true,true,1.0,-0.01,0
2,441,22.05,-21.482446,62510.314408,1.439955,62499.227756,17473.916908,0.04458,-0.016094,0.007596,0.217802,0.231168,-135.138809,0.0,0.0,0.0,0.0,0.0,0.0,3.0,353663.514542,743.421634,12751.892327,3.797441,0,0,0,0,0,0,0,0,0,0,392.075989,424.853912,473.507599,544.602051,444.208923,397.96756,359.339996,393.446503,438.502838,536.503418,446.606659,400.116211,357.189545,395.58493,440.88681,539.421387,481.713593,431.568085,385.187347,427.003204,475.902435,582.261536,479.323212,429.426941,37.810951,176789.812021,414.014892,-497.799234,0,true,true,1.0,-0.01,0
2,442,22.1,-21.482446,11.168038,1.439955,-0.667712,17473.916908,0.04458,-0.016094,0.007596,0.217802,0.231168,-135.138809,0.0,0.0,0.0,0.0,0.0,0.0,3.0,353663.514542,743.421634,12751.892327,3.797441,0,0,0,0,0,0,0,0,0,0,392.075989,424.853912,473.507599,544.602051,444.208923,397.96756,359.339996,393.446503,438.502838,536.503418,446.606659,400.116211,357.189545,395.58493,440.88681,539.421387,481.713593,431.568085,385.187347,427.003204,475.902435,582.261536,479.323212,429.426941,37.810951,176789.812021,414.014892,-497.799234,0,true,true,1.0,-0.01,0
2,443,22.15,-21.482446,62510.314408,1.439955,62499.227756,17473.916908,0.04458,-0.016094,0.007596,0.217802,0.231168,-135.138809,0.0,0.0,0.0,0.0,0.0,0.0,3.0,353663.514542,743.421634,12751.892327,3.797441,0,0,0,0,0,0,0,0,0,0,392.075989,424.853912,473.507599,544.602051,444.208923,397.96756,359.339996,393.446503,438.502838,536.503418,446.606659,400.116211,357.189545,395.58493,440.88681,539.421387,481.713593,431.568085,385.187347,427.003204,475.902435,582.261536,479.323212,429.426941,37.810951,176789.812021,414.014892,-497.799234,0,true,true,1.0,-0.01,0
2,444,22.2,-21.482446,11.168038,1.439955,-0.667712,17473.916908,0.04458,-0.016094,0.007596,0.217802,0.231168,-135.138809,0.0,0.0,0.0,0.0,0.0,0.0,3.0,353663.514542,743.421634,12751.892327,3.797441,0,0,0,0,0,0,0,0,0,0,392.075989,424.853912,473.507599,544.602051,444.208923,397.96756,359.339996,393.446503,438.502838,536.503418,446.606659,400.116211,357.189545,395.58493,440.88681,539.421387,481.713593,431.568085,385.187347,427.003204,475.902435,582.261536,479.323212,429.426941,37.810951,176789.812021,414.014892,-497.799234,0,true,true,1.0,-0.01,0
2,445,22.25,-21.482446,62510.314408,1.439955,62499.227756,17473.916908,0.04458,-0.016094,0.007596,0.217802,0.231168,-135.138809,0.0,0.0,0.0,0.0,0.0,0.0,3.0,353663.514542,743.421634,12751.892327,3.797441,0,0,0,0,0,0,0,0,0,0,392.075989,424.853912,473.507599,544.602051,444.208923,397.96756,359.339996,393.446503,438.502838,536.503418,446.606659,400.116211,357.189545,395.58493,440.88681,539.421387,481.713593,431.568085,385.187347,427.003204,475.902435,582.261536,479.323212,429.426941,37.810951,176789.812021,414.014892,-497.799234,0,true,true,1.0,-0.01,0
2,446,22.3,-21.484718,11.17031,1.440464,-0.668221,17473.916724,0.042435,-0.016724,0.00729,0.220322,0.231198,-135.139435,0.0,0.0,0.0,0.0,0.0,0.0,3.0,353660.5568,749.511254,12018.030163,3.816172,0,0,0,0,0,0,0,0,0,0,392.074524,424.853973,473.506104,544.605225,444.209442,397.966675,359.3349,393.443359,438.497833,536.494873,446.608032,400.116089,357.195282,395.582489,440.882629,539.413757,481.718903,431.571381,385.195801,427.004028,475.901733,582.258057,479.327667,429.429504,37.811138,176789.808531,415.953023,-497.865442,0,true,true,1.0,-0.01,0
2,447,22.35,-21.484718,62510.314408,1.440464,62499.227756,17473.916724,0.042435,-0.016724,0.00729,0.220322,0.231198,-135.139435,0.0,0.0,0.0,0.0,0.0,0.0,3.0,353660.5568,749.511254,12018.030163,3.816172,0,0,0,0,0,0,0,0,0,0,392.074524,424.853973,473.506104,544.605225,444.209442,397.966675,359.3349,393.443359,438.497833,536.494873,446.608032,400.116089,357.195282,395.582489,440.882629,539.413757,481.718903,431.571381,385.195801,427.004028,475.901733,582.258057,479.327667,429.429504,37.811138,176789.808531,415.953023,-497.865442,0,true,true,1.0,-0.01,0
2,448,22.4,-21.484718,11.17031,1.440464,-0.668221,17473.916724,0.042435,-0.016724,0.00729,0.220322,0.231198,-135.139435,0.0,0.0,0.0,0.0,0.0,0.0,3.0,353660.5568,749.511254,12018.030163,3.816172,0,0,0,0,0,0,0,0,0,0,392.074524,424.853973,473.506104,544.605225,444.209442,397.966675,359.3349,393.443359,438.497833,536.494873,446.608032,400.116089,357.195282,395.582489,440.882629,539.413757,481.718903,431.571381,385.195801,427.004028,475.901733,582.258057,479.327667,429.429504,37.811138,176789.808531,415.953023,-497.865442,0,true,true,1.0,-0.01,0
2,449,22.45,-21.484718,62510.314408,1.440464,62499.227756,17473.916724,0.042435,-0.016724,0.00729,0.220322,0.231198,-135.139435,0.0,0.0,0.0,0.0,0.0,0.0,3.0,353660.5568,749.511254,12018.030163,3.816172,0,0,0,0,0,0,0,0,0,0,392.074524,424.853973,473.506104,544.605225,444.209442,397.966675,359.3349,393.443359,438.497833,536.494873,446.608032,400.116089,357.195282,395.582489,440.882629,539.413757,481.718903,431.571381,385.195801,427.004028,475.901733,582.258057,479.327667,429.429504,37.811138,176789.808531,415.953023,-497.865442,0,true,true,1.0,-0.01,0
2,450,22.5,-21.484718,11.17031,1.440464,-0.668221,17473.916724,0.042435,-0.016724,0.00729,0.220322,0.231198,-135.139435,0.0,0.0,0.0,0.0,0.0,0.0,3.0,353660.5568,749.511254,12018.030163,3.816172,0,0,0,0,0,0,0,0,0,0,392.074524,424.853973,473.506104,544.605225,444.209442,397.966675,359.3349,393.443359,438.497833,536.494873,446.608032,400.116089,357.195282,395.582489,440.882629,539.413757,481.718903,431.571381,385.195801,427.004028,475.901733,582.258057,479.327667,429.429504,37.811138,176789.808531,415.953023,-497.865442,0,true,true,1.0,-0.01,0
2,451,22.55,-21.484718,62510.314408,1.440464,62499.227756,17473.916724,0.042435,-0.016724,0.00729,0.220322,0.231198,-135.139435,0.0,0.0,0.0,0.0,0.0,0.0,3.0,353660.5568,749.511254,12018.030163,3.816172,0,0,0,0,0,0,0,0,0,0,392.074524,424.853973,473.506104,544.605225,444.209442,397.966675,359.3349,393.443359,438.497833,536.494873,446.608032,400.116089,357.195282,395.582489,440.882629,539.413757,481.718903,431.571381,385.195801,427.004028,475.901733,582.258057,479.327667,429.429504,37.811138,176789.808531,415.953023,-497.865442,0,true,true,1.0,-0.01,0
2,452,22.6,-21.484718,11.17031,1.440464,-0.668221,17473.916724,0.042435,-0.016724,0.00729,0.220322,0.231198,-135.139435,0.0,0.0,0.0,0.0,0.0,0.0,3.0,353660.5568,749.511254,12018.030163,3.816172,0,0,0,0,0,0,0,0,0,0,392.074524,424.853973,473.506104,544.605225,444.209442,397.966675,359.3349,393.443359,438.497833,536.494873,446.608032,400.116089,357.195282,395.582489,440.882629,539.413757,481.718903,431.571381,385.195801,427.004028,475.901733,582.258057,479.327667,429.429504,37.811138,176789.808531,415.953023,-497.865442,0,true,true,1.0,-0.01,0
2,453,22.65,-21.486893,62510.316583,1.440993,62499.227228,17473.916555,0.040347,-0.016913,0.006973,0.222748,0.231131,-135.14006,0.0,0.0,0.0,0.0,0.0,0.0,3.0,353657.562306,755.736037,11280.652321,3.834063,0,0,0,0,0,0,0,0,0,0,392.072845,424.853943,473.504456,544.608459,444.210052,397.965881,359.329712,393.440216,438.492889,536.486328,446.609528,400.116089,357.201111,395.580139,440.87851,539.40625,481.724152,431.574646,385.204163,427.004761,475.90094,582.254395,479.332062,429.431976,37.811306,176789.805733,417.908534,-497.635029,0,true,true,1.0,-0.01,0
2,454,22.7,-21.486893,11.17031,1.440993,-0.668221,17473.916555,0.040347,-0.016913,0.006973,0.222748,0.231131,-135.14006,0.0,0.0,0.0,0.0,0.0,0.0,3.0,353657.562306,755.736037,11280.652321,3.834063,0,0,0,0,0,0,0,0,0,0,392.072845,424.853943,473.504456,544.608459,444.210052,397.965881,359.329712,393.440216,438.492889,536.486328,446.609528,400.116089,357.201111,395.580139,440.87851,539.40625,481.724152,431.574646,385.204163,427.004761,475.90094,582.254395,479.332062,429.431976,37.811306,176789.805733,417.908534,-497.635029,0,true,true,1.0,-0.01,0
2,455,22.75,-21.486893,62510.316583,1.440993,62499.227228,17473.916555,0.040347,-0.016913,0.006973,0.222748,0.231131,-135.14006,0.0,0.0,0.0,0.0,0.0,0.0,3.0,353657.562306,755.736037,11280.652321,3.834063,0,0,0,0,0,0,0,0,0,0,392.072845,424.853943,473.504456,544.608459,444.210052,397.965881,359.329712,393.440216,438.492889,536.486328,446.609528,400.116089,357.201111,395.580139,440.87851,539.40625,481.724152,431.574646,385.204163,427.004761,475.90094,582.254395,479.332062,429.431976,37.811306,176789.805733,417.908534,-497.635029,0,true,true,1.0,-0.01,0
2,456,22.8,-21.486893,11.17031,1.440993,-0.668221,17473.916555,0.040347,-0.016913,0.006973,0.222748,0.231131,-135.14006,0.0,0.0,0.0,0.0,0.0,0.0,3.0,353657.562306,755.736037,11280.652321,3.834063,0,0,0,0,0,0,0,0,0,0,392.072845,424.853943,473.504456,544.608459,444.210052,397.965881,359.329712,393.440216,438.492889,536.486328,446.609528,400.116089,357.201111,395.580139,440.87851,539.40625,481.724152,431.574646,385.204163,427.004761,475.90094,582.254395,479.332062,429.431976,37.811306,176789.805733,417.908534,-497.635029,0,true,true,1.0,-0.01,0
2,457,22.85,-21.486893,62510.316583,1.440993,62499.227228,17473.916555,0.040347,-0.016913,0.006973,0.222748,0.231131,-135.14006,0.0,0.0,0.0,0.0,0.0,0.0,3.0,353657.562306,755.736037,11280.652321,3.834063,0,0,0,0,0,0,0,0,0,0,392.072845,424.853943,473.504456,544.608459,444.210052,397.965881,359.329712,393.440216,438.492889,536.486328,446.609528,400.116089,357.201111,395.580139,440.87851,539.40625,481.724152,431.574646,385.204163,427.004761,475.90094,582.254395,479.332062,429.431976,37.811306,176789.805733,417.908534,-497.635029,0,true,true,1.0,-0.01,0
2,458,22.9,-21.486893,11.17031,1.440993,-0.668221,17473.916555,0.040347,-0.016913,0.006973,0.222748,0.231131,-135.14006,0.0,0.0,0.0,0.0,0.0,0.0,3.0,353657.562306,755.736037,11280.652321,3.834063,0,0,0,0,0,0,0,0,0,0,392.072845,424.853943,473.504456,544.608459,444.210052,397.965881,359.329712,393.440216,438.492889,536.486328,446.609528,400.116089,357.201111,395.580139,440.87851,539.40625,481.724152,431.574646,385.204163,427.004761,475.90094,582.254395,479.332062,429.431976,37.811306,176789.805733,417.908534,-497.635029,0,true,true,1.0,-0.01,0
2,459,22.95,-21.486893,62510.316583,1.440993,62499.227228,17473.916555,0.040347,-0.016913,0.006973,0.222748,0.231131,-135.14006,0.0,0.0,0.0,0.0,0.0,0.0,3.0,353657.562306,755.736037,11280.652321,3.834063,0,0,0,0,0,0,0,0,0,0,392.072845,424.853943,473.504456,544.608459,444.210052,397.965881,359.329712,393.440216,438.492889,536.486328,446.609528,400.116089,357.201111,395.580139,440.87851,539.40625,481.724152,431.574646,385.204163,427.004761,475.90094,582.254395,479.332062,429.431976,37.811306,176789.805733,417.908534,-497.635029,0,true,true,1.0,-0.01,0
2,460,23.0,-21.48896,11.172378,1.441529,-0.668757,17473.916402,0.037925,-0.016916,0.006596,0.225058,0.230947,-135.140686,0.0,0.0,0.0,0.0,0.0,0.0,3.0,353654.530985,762.041428,10539.891822,3.851113,0,0,0,0,0,0,0,0,0,0,392.071045,424.853821,473.502747,544.611816,444.210754,397.965149,359.324493,393.437164,438.488007,536.477905,446.611084,400.11615,357.206879,395.577881,440.874512,539.398865,481.72934,431.57782,385.212341,427.005432,475.900085,582.250671,479.336334,429.434357,37.811459,176789.803876,419.853178,-497.042189,0,true,true,1.0,-0.01,0
2,461,23.05,-21.48896,62510.316583,1.441529,62499.227228,17473.916402,0.037925,-0.016916,0.006596,0.225058,0.230947,-135.140686,0.0,0.0,0.0,0.0,0.0,0.0,3.0,353654.530985,762.041428,10539.891822,3.851113,0,0,0,0,0,0,0,0,0,0,392.071045,424.853821,473.502747,544.611816,444.210754,397.965149,359.324493,393.437164,438.488007,536.477905,446.611084,400.11615,357.206879,395.577881,440.874512,539.398865,481.72934,431.57782,385.212341,427.005432,475.900085,582.250671,479.336334,429.434357,37.811459,176789.803876,419.853178,-497.042189,0,true,true,1.0,-0.01,0
2,462,23.1,-21.48896,11.172378,1.441529,-0.668757,17473.916402,0.037925,-0.016916,0.006596,0.225058,0.230947,-135.140686,0.0,0.0,0.0,0.0,0.0,0.0,3.0,353654.530985,762.041428,10539.891822,3.851113,0,0,0,0,0,0,0,0,0,0,392.071045,424.853821,473.502747,544.611816,444.210754,397.965149,359.324493,393.437164,438.488007,536.477905,446.611084,400.11615,357.206879,395.577881,440.874512,539.398865,481.72934,431.57782,385.212341,427.005432,475.900085,582.250671,479.336334,429.434357,37.811459,176789.803876,419.853178,-497.042189,0,true,true,1.0,-0.01,0
2,463,23.15,-21.48896,62510.316583,1.441529,62499.227228,17473.916402,0.037925,-0.016916,0.006596,0.225058,0.230947,-135.140686,0.0,0.0,0.0,0.0,0.0,0.0,3.0,353654.530985,762.041428,10539.891822,3.851113,0,0,0,0,0,0,0,0,0,0,392.071045,424.853821,473.502747,544.611816,444.210754,397.965149,359.324493,393.437164,438.488007,536.477905,446.611084,400.11615,357.206879,395.577881,440.874512,539.398865,481.72934,431.57782,385.212341,427.005432,475.900085,582.250671,479.336334,429.434357,37.811459,176789.803876,419.853178,-497.042189,0,true,true,1.0,-0.01,0
2,464,23.2,-21.48896,11.172378,1.441529,-0.668757,17473.916402,0.037925,-0.016916,0.006596,0.225058,0.230947,-135.140686,0.0,0.0,0.0,0.0,0.0,0.0,3.0,353654.530985,762.041428,10539.891822,3.851113,0,0,0,0,0,0,0,0,0,0,392.071045,424.853821,473.502747,544.611816,444.210754,397.965149,359.324493,393.437164,438.488007,536.477905,446.611084,400.11615,357.206879,395.577881,440.874512,539.398865,481.72934,431.57782,385.212341,427.005432,475.900085,582.250671,479.336334,429.434357,37.811459,176789.803876,419.853178,-497.042189,0,true,true,1.0,-0.01,0
2,465,23.25,-21.48896,62510.316583,1.441529,62499.227228,17473.916402,0.037925,-0.016916,0.006596,0.225058,0.230947,-135.140686,0.0,0.0,0.0,0.0,0.0,0.0,3.0,353654.530985,762.041428,10539.891822,3.851113,0,0,0,0,0,0,0,0,0,0,392.071045,424.853821,473.502747,544.611816,444.210754,397.965149,359.324493,393.437164,438.488007,536.477905,446.611084,400.11615,357.206879,395.577881,440.874512,539.398865,481.72934,431.57782,385.212341,427.005432,475.900085,582.250671,479.336334,429.434357,37.811459,176789.803876,419.853178,-497.042189,0,true,true,1.0,-0.01,0
2,466,23.3,-21.490949,11.174366,1.442051,-0.669279,17473.916262,0.0,0.0,0.0,0.22725,0.230695,-135.141312,0.0,0.0,0.0,0.0,0.0,0.0,3.0,353651.47617,768.407931,9795.441361,3.867266,0,0,0,0,0,0,0,0,0,0,392.069153,424.853668,473.500977,544.615234,444.211487,397.964478,359.319336,393.434204,438.483215,536.469604,446.612701,400.116211,357.212585,395.575653,440.870575,539.391602,481.734406,431.580902,385.220337,427.006042,475.89917,582.246887,479.340546,429.436676,37.8116,176789.802578,421.77909,-496.24121,0,true,true,1.0,-0.01,0
2,467,23.35,-21.490949,62510.316583,1.442051,62499.227228,17473.916262,0.0,0.0,0.0,0.22725,0.230695,-135.141312,0.0,0.0,0.0,0.0,0.0,0.0,3.0,353651.47617,768.407931,9795.441361,3.867266,0,0,0,0,0,0,0,0,0,0,392.069153,424.853668,473.500977,544.615234,444.211487,397.964478,359.319336,393.434204,438.483215,536.469604,446.612701,400.116211,357.212585,395.575653,440.870575,539.391602,481.734406,431.580902,385.220337,427.006042,475.89917,582.246887,479.340546,429.436676,37.8116,176789.802578,421.77909,-496.24121,0,true,true,1.0,-0.01,0
2,468,23.4,-21.490949,11.174366,1.442051,-0.669279,17473.916262,0.0,0.0,0.0,0.22725,0.230695,-135.141312,0.0,0.0,0.0,0.0,0.0,0.0,3.0,353651.47617,768.407931,9795.441361,3.867266,0,0,0,0,0,0,0,0,0,0,392.069153,424.853668,473.500977,544.615234,444.211487,397.964478,359.319336,393.434204,438.483215,536.469604,446.612701,400.116211,357.212585,395.575653,440.870575,539.391602,481.734406,431.580902,385.220337,427.006042,475.89917,582.246887,479.340546,429.436676,37.8116,176789.802578,421.77909,-496.24121,0,true,true,1.0,-0.01,0
2,469,23.45,-21.490949,62510.316583,1.442051,62499.227228,17473.916262,0.0,0.0,0.0,0.22725,0.230695,-135.141312,0.0,0.0,0.0,0.0,0.0,0.0,3.0,353651.47617,768.407931,9795.441361,3.867266,0,0,0,0,0,0,0,0,0,0,392.069153,424.853668,473.500977,544.615234,444.211487,397.964478,359.319336,393.434204,438.483215,536.469604,446.612701,400.116211,357.212585,395.575653,440.870575,539.391602,481.734406,431.580902,385.220337,427.006042,475.89917,582.246887,479.340546,429.436676,37.8116,176789.802578,421.77909,-496.24121,0,true,true,1.0,-0.01,0
2,470,23.5,-21.490949,11.174366,1.442051,-0.669279,17473.916262,0.0,0.0,0.0,0.22725,0.230695,-135.141312,0.0,0.0,0.0,0.0,0.0,0.0,3.0,353651.47617,768.407931,9795.441361,3.867266,0,0,0,0,0,0,0,0,0,0,392.069153,424.853668,473.500977,544.615234,444.211487,397.964478,359.319336,393.434204,438.483215,536.469604,446.612701,400.116211,357.212585,395.575653,440.870575,539.391602,481.734406,431.580902,385.220337,427.006042,475.89917,582.246887,479.340546,429.436676,37.8116,176789.802578,421.77909,-496.24121,0,true,true,1.0,-0.01,0
2,471,23.55,-21.490949,62510.316583,1.442051,62499.227228,17473.916262,0.0,0.0,0.0,0.22725,0.230695,-135.141312,0.0,0.0,0.0,0.0,0.0,0.0,3.0,353651.47617,768.407931,9795.441361,3.867266,0,0,0,0,0,0,0,0,0,0,392.069153,424.853668,473.500977,544.615234,444.211487,397.964478,359.319336,393.434204,438.483215,536.469604,446.612701,400.116211,357.212585,395.575653,440.870575,539.391602,481.734406,431.580902,385.220337,427.006042,475.89917,582.246887,479.340546,429.436676,37.8116,176789.802578,421.77909,-496.24121,0,true,true,1.0,-0.01,0
2,472,23.6,-21.490949,11.174366,1.442051,-0.669279,17473.916262,0.0,0.0,0.0,0.22725,0.230695,-135.141312,0.0,0.0,0.0,0.0,0.0,0.0,3.0,353651.47617,768.407931,9795.441361,3.867266,0,0,0,0,0,0,0,0,0,0,392.069153,424.853668,473.500977,544.615234,444.211487,397.964478,359.319336,393.434204,438.483215,536.469604,446.612701,400.116211,357.212585,395.575653,440.870575,539.391602,481.734406,431.580902,385.220337,427.006042,475.89917,582.246887,479.340546,429.436676,37.8116,176789.802578,421.77909,-496.24121,0,true,true,1.0,-0.01,0
2,473,23.65,-21.49287,62510.318504,1.442538,62499.226741,17473.916133,0.034607,-0.015633,0.006017,0.229338,0.23041,-135.141937,0.0,0.0,0.0,0.0,0.0,0.0,3.0,353648.405887,774.926943,9047.089668,3.882539,0,0,0,0,0,0,0,0,0,0,392.067078,424.853485,473.499146,544.618835,444.212341,397.963867,359.314148,393.431274,438.478485,536.461304,446.614349,400.116364,357.218292,395.573456,440.866608,539.384277,481.739441,431.583954,385.228333,427.006531,475.898132,582.24292,479.344757,429.438995,37.811729,176789.801446,423.735402,-495.338368,0,true,true,1.0,-0.01,0
2,474,23.7,-21.49287,11.174366,1.442538,-0.669279,17473.916133,0.034607,-0.015633,0.006017,0.229338,0.23041,-135.141937,0.0,0.0,0.0,0.0,0.0,0.0,3.0,353648.405887,774.926943,9047.089668,3.882539,0,0,0,0,0,0,0,0,0,0,392.067078,424.853485,473.499146,544.618835,444.212341,397.963867,359.314148,393.431274,438.478485,536.461304,446.614349,400.116364,357.218292,395.573456,440.866608,539.384277,481.739441,431.583954,385.228333,427.006531,475.898132,582.24292,479.344757,429.438995,37.811729,176789.801446,423.735402,-495.338368,0,true,true,1.0,-0.01,0
2,475,23.75,-21.49287,62510.318504,1.442538,62499.226741,17473.916133,0.034607,-0.015633,0.006017,0.229338,0.23041,-135.141937,0.0,0.0,0.0,0.0,0.0,0.0,3.0,353648.405887,774.926943,9047.089668,3.882539,0,0,0,0,0,0,0,0,0,0,392.067078,424.853485,473.499146,544.618835,444.212341,397.963867,359.314148,393.431274,438.478485,536.461304,446.614349,400.116364,357.218292,395.573456,440.866608,539.384277,481.739441,431.583954,385.228333,427.006531,475.898132,582.24292,479.344757,429.438995,37.811729,176789.801446,423.735402,-495.338368,0,true,true,1.0,-0.01,0
2,476,23.8,-21.49287,11.174366,1.442538,-0.669279,17473.916133,0.034607,-0.015633,0.006017,0.229338,0.23041,-135.141937,0.0,0.0,0.0,0.0,0.0,0.0,3.0,353648.405887,774.926943,9047.089668,3.882539,0,0,0,0,0,0,0,0,0,0,392.067078,424.853485,473.499146,544.618835,444.212341,397.963867,359.314148,393.431274,438.478485,536.461304,446.614349,400.116364,357.218292,395.573456,440.866608,539.384277,481.739441,431.583954,385.228333,427.006531,475.898132,582.24292,479.344757,429.438995,37.811729,176789.801446,423.735402,-495.338368,0,true,true,1.0,-0.01,0
2,477,23.85,-21.49287,62510.318504,1.442538,62499.226741,17473.916133,0.034607,-0.015633,0.006017,0.229338,0.23041,-135.141937,0.0,0.0,0.0,0.0,0.0,0.0,3.0,353648.405887,774.926943,9047.089668,3.882539,0,0,0,0,0,0,0,0,0,0,392.067078,424.853485,473.499146,544.618835,444.212341,397.963867,359.314148,393.431274,438.478485,536.461304,446.614349,400.116364,357.218292,395.573456,440.866608,539.384277,481.739441,431.583954,385.228333,427.006531,475.898132,582.24292,479.344757,429.438995,37.811729,176789.801446,423.735402,-495.338368,0,true,true,1.0,-0.01,0
2,478,23.9,-21.49287,11.174366,1.442538,-0.669279,17473.916133,0.034607,-0.015633,0.006017,0.229338,0.23041,-135.141937,0.0,0.0,0.0,0.0,0.0,0.0,3.0,353648.405887,774.926943,9047.089668,3.882539,0,0,0,0,0,0,0,0,0,0,392.067078,424.853485,473.499146,544.618835,444.212341,397.963867,359.314148,393.431274,438.478485,536.461304,446.614349,400.116364,357.218292,395.573456,440.866608,539.384277,481.739441,431.583954,385.228333,427.006531,475.898132,582.24292,479.344757,429.438995,37.811729,176789.801446,423.735402,-495.338368,0,true,true,1.0,-0.01,0
2,479,23.95,-21.49287,62510.318504,1.442538,62499.226741,17473.916133,0.034607,-0.015633,0.006017,0.229338,0.23041,-135.141937,0.0,0.0,0.0,0.0,0.0,0.0,3.0,353648.405887,774.926943,9047.089668,3.882539,0,0,0,0,0,0,0,0,0,0,392.067078,424.853485,473.499146,544.618835,444.212341,397.963867,359.314148,393.431274,438.478485,536.461304,446.614349,400.116364,357.218292,395.573456,440.866608,539.384277,481.739441,431.583954,385.228333,427.006531,475.898132,582.24292,479.344757,429.438995,37.811729,176789.801446,423.735402,-495.338368,0,true,true,1.0,-0.01,0
2,480,24.0,-21.494738,11.176234,1.442996,-0.669737,17473.916012,0.033389,-0.014743,0.005781,0.231314,0.230123,-135.142563,0.0,0.0,0.0,0.0,0.0,0.0,3.0,353645.326203,781.536242,8294.644091,3.896895,0,0,0,0,0,0,0,0,0,0,392.064911,424.853241,473.497314,544.622498,444.213257,397.963348,359.309021,393.428436,438.473816,536.453125,446.616058,400.116516,357.223969,395.571259,440.862671,539.376953,481.744415,431.586945,385.236237,427.006989,475.897003,582.238831,479.348969,429.441315,37.811848,176789.800283,425.692062,-494.430649,0,true,true,1.0,-0.01,0
2,481,24.05,-21.494738,62510.318504,1.442996,62499.226741,17473.916012,0.033389,-0.014743,0.005781,0.231314,0.230123,-135.142563,0.0,0.0,0.0,0.0,0.0,0.0,3.0,353645.326203,781.536242,8294.644091,3.896895,0,0,0,0,0,0,0,0,0,0,392.064911,424.853241,473.497314,544.622498,444.213257,397.963348,359.309021,393.428436,438.473816,536.453125,446.616058,400.116516,357.223969,395.571259,440.862671,539.376953,481.744415,431.586945,385.236237,427.006989,475.897003,582.238831,479.348969,429.441315,37.811848,176789.800283,425.692062,-494.430649,0,true,true,1.0,-0.01,0
2,482,24.1,-21.494738,11.176234,1.442996,-0.669737,17473.916012,0.033389,-0.014743,0.005781,0.231314,0.230123,-135.142563,0.0,0.0,0.0,0.0,0.0,0.0,3.0,353645.326203,781.536242,8294.644091,3.896895,0,0,0,0,0,0,0,0,0,0,392.064911,424.853241,473.497314,544.622498,444.213257,397.963348,359.309021,393.428436,438.473816,536.453125,446.616058,400.116516,357.223969,395.571259,440.862671,539.376953,481.744415,431.586945,385.236237,427.006989,475.897003,582.238831,479.348969,429.441315,37.811848,176789.800283,425.692062,-494.430649,0,true,true,1.0,-0.01,0
2,483,24.15,-21.494738,62510.318504,1.442996,62499.226741,17473.916012,0.033389,-0.014743,0.005781,0.231314,0.230123,-135.142563,0.0,0.0,0.0,0.0,0.0,0.0,3.0,353645.326203,781.536242,8294.644091,3.896895,0,0,0,0,0,0,0,0,0,0,392.064911,424.853241,473.497314,544.622498,444.213257,397.963348,359.309021,393.428436,438.473816,536.453125,446.616058,400.116516,357.223969,395.571259,440.862671,539.376953,481.744415,431.586945,385.236237,427.006989,475.897003,582.238831,479.348969,429.441315,37.811848,176789.800283,425.692062,-494.430649,0,true,true,1.0,-0.01,0
2,484,24.2,-21.494738,11.176234,1.442996,-0.669737,17473.916012,0.033389,-0.014743,0.005781,0.231314,0.230123,-135.142563,0.0,0.0,0.0,0.0,0.0,0.0,3.0,353645.326203,781.536242,8294.644091,3.896895,0,0,0,0,0,0,0,0,0,0,392.064911,424.853241,473.497314,544.622498,444.213257,397.963348,359.309021,393.428436,438.473816,536.453125,446.616058,400.116516,357.223969,395.571259,440.862671,539.376953,481.744415,431.586945,385.236237,427.006989,475.897003,582.238831,479.348969,429.441315,37.811848,176789.800283,425.692062,-494.430649,0,true,true,1.0,-0.01,0
2,485,24.25,-21.494738,62510.318504,1.442996,62499.226741,17473.916012,0.033389,-0.014743,0.005781,0.231314,0.230123,-135.142563,0.0,0.0,0.0,0.0,0.0,0.0,3.0,353645.326203,781.536242,8294.644091,3.896895,0,0,0,0,0,0,0,0,0,0,392.064911,424.853241,473.497314,544.622498,444.213257,397.963348,359.309021,393.428436,438.473816,536.453125,446.616058,400.116516,357.223969,395.571259,440.862671,539.376953,481.744415,431.586945,385.236237,427.006989,475.897003,582.238831,479.348969,429.441315,37.811848,176789.800283,425.692062,-494.430649,0,true,true,1.0,-0.01,0
2,486,24.3,-21.496491,11.177987,1.443462,-0.670203,17473.915898,0.031303,-0.01456,0.00539,0.233205,0.229766,-135.143433,0.0,0.0,0.0,0.0,0.0,0.0,3.0,353642.224569,789.685705,7538.535576,3.910352,0,0,0,0,0,0,0,0,0,0,392.060608,424.852478,473.494232,544.62854,444.215332,397.963348,359.302063,393.425201,438.46817,536.44281,446.618927,400.117188,357.231384,395.568726,440.857788,539.367493,481.750458,431.590302,385.24588,427.006866,475.894653,582.2323,479.354218,429.444,37.811962,176789.797855,428.378049,-493.303278,0,true,true,1.0,-0.01,0
2,487,24.35,-21.496491,62510.318504,1.443462,62499.226741,17473.915898,0.031303,-0.01456,0.00539,0.233205,0.229766,-135.143433,0.0,0.0,0.0,0.0,0.0,0.0,3.0,353642.224569,789.685705,7538.535576,3.910352,0,0,0,0,0,0,0,0,0,0,392.060608,424.852478,473.494232,544.62854,444.215332,397.963348,359.302063,393.425201,438.46817,536.44281,446.618927,400.117188,357.231384,395.568726,440.857788,539.367493,481.750458,431.590302,385.24588,427.006866,475.894653,582.2323,479.354218,429.444,37.811962,176789.797855,428.378049,-493.303278,0,true,true,1.0,-0.01,0
2,488,24.4,-21.496491,11.177987,1.443462,-0.670203,17473.915898,0.031303,-0.01456,0.00539,0.233205,0.229766,-135.143433,0.0,0.0,0.0,0.0,0.0,0.0,3.0,353642.224569,789.685705,7538.535576,3.910352,0,0,0,0,0,0,0,0,0,0,392.060608,424.852478,473.494232,544.62854,444.215332,397.963348,359.302063,393.425201,438.46817,536.44281,446.618927,400.117188,357.231384,395.568726,440.857788,539.367493,481.750458,431.590302,385.24588,427.006866,475.894653,582.2323,479.354218,429.444,37.811962,176789.797855,428.378049,-493.303278,0,true,true,1.0,-0.01,0
2,489,24.45,-21.496491,62510.318504,1.443462,62499.226741,17473.915898,0.031303,-0.01456,0.00539,0.233205,0.229766,-135.143433,0.0,0.0,0.0,0.0,0.0,0.0,3.0,353642.224569,789.685705,7538.535576,3.910352,0,0,0,0,0,0,0,0,0,0,392.060608,424.852478,473.494232,544.62854,444.215332,397.963348,359.302063,393.425201,438.46817,536.44281,446.618927,400.117188,357.231384,395.568726,440.857788,539.367493,481.750458,431.590302,385.24588,427.006866,475.894653,582.2323,479.354218,429.444,37.811962,176789.797855,428.378049,-493.303278,0,true,true,1.0,-0.01,0
2,490,24.5,-21.496491,11.177987,1.443462,-0.670203,17473.915898,0.031303,-0.01456,0.00539,0.233205,0.229766,-135.143433,0.0,0.0,0.0,0.0,0.0,0.0,3.0,353642.224569,789.685705,7538.535576,3.910352,0,0,0,0,0,0,0,0,0,0,392.060608,424.852478,473.494232,544.62854,444.215332,397.963348,359.302063,393.425201,438.46817,536.44281,446.618927,400.117188,357.231384,395.568726,440.857788,539.367493,481.750458,431.590302,385.24588,427.006866,475.894653,582.2323,479.354218,429.444,37.811962,176789.797855,428.378049,-493.303278,0,true,true,1.0,-0.01,0
2,491,24.55,-21.496491,62510.318504,1.443462,62499.226741,17473.915898,0.031303,-0.01456,0.00539,0.233205,0.229766,-135.143433,0.0,0.0,0.0,0.0,0.0,0.0,3.0,353642.224569,789.685705,7538.535576,3.910352,0,0,0,0,0,0,0,0,0,0,392.060608,424.852478,473.494232,544.62854,444.215332,397.963348,359.302063,393.425201,438.46817,536.44281,446.618927,400.117188,357.231384,395.568726,440.857788,539.367493,481.750458,431.590302,385.24588,427.006866,475.894653,582.2323,479.354218,429.444,37.811962,176789.797855,428.378049,-493.303278,0,true,true,1.0,-0.01,0
2,492,24.6,-21.496491,11.177987,1.443462,-0.670203,17473.915898,0.031303,-0.01456,0.00539,0.233205,0.229766,-135.143433,0.0,0.0,0.0,0.0,0.0,0.0,3.0,353642.224569,789.685705,7538.535576,3.910352,0,0,0,0,0,0,0,0,0,0,392.060608,424.852478,473.494232,544.62854,444.215332,397.963348,359.302063,393.425201,438.46817,536.44281,446.618927,400.117188,357.231384,395.568726,440.857788,539.367493,481.750458,431.590302,385.24588,427.006866,475.894653,582.2323,479.354218,429.444,37.811962,176789.797855,428.378049,-493.303278,0,true,true,1.0,-0.01,0
2,493,24.65,-21.49821,62510.320223,1.443883,62499.22632,17473.915792,0.030577,-0.013363,0.005221,0.234996,0.229452,-135.144302,0.0,0.0,0.0,0.0,0.0,0.0,3.0,353639.121243,797.857946,6778.053397,3.922852,0,0,0,0,0,0,0,0,0,0,392.056366,424.851746,473.491211,544.634583,444.217438,397.963379,359.295258,393.422089,438.462646,536.432678,446.621735,400.117859,357.238678,395.566193,440.852905,539.358154,481.756378,431.593628,385.255371,427.006744,475.892303,582.225708,479.359436,429.446686,37.812069,176789.795077,431.035092,-492.31224,0,true,true,1.0,-0.01,0
2,494,24.7,-21.49821,11.177987,1.443883,-0.670203,17473.915792,0.030577,-0.013363,0.005221,0.234996,0.229452,-135.144302,0.0,0.0,0.0,0.0,0.0,0.0,3.0,353639.121243,797.857946,6778.053397,3.922852,0,0,0,0,0,0,0,0,0,0,392.056366,424.851746,473.491211,544.634583,444.217438,397.963379,359.295258,393.422089,438.462646,536.432678,446.621735,400.117859,357.238678,395.566193,440.852905,539.358154,481.756378,431.593628,385.255371,427.006744,475.892303,582.225708,479.359436,429.446686,37.812069,176789.795077,431.035092,-492.31224,0,true,true,1.0,-0.01,0
2,495,24.75,-21.49821,62510.320223,1.443883,62499.22632,17473.915792,0.030577,-0.013363,0.005221,0.234996,0.229452,-135.144302,0.0,0.0,0.0,0.0,0.0,0.0,3.0,353639.121243,797.857946,6778.053397,3.922852,0,0,0,0,0,0,0,0,0,0,392.056366,424.851746,473.491211,544.634583,444.217438,397.963379,359.295258,393.422089,438.462646,536.432678,446.621735,400.117859,357.238678,395.566193,440.852905,539.358154,481.756378,431.593628,385.255371,427.006744,475.892303,582.225708,479.359436,429.446686,37.812069,176789.795077,431.035092,-492.31224,0,true,true,1.0,-0.01,0
2,496,24.8,-21.49821,11.177987,1.443883,-0.670203,17473.915792,0.030577,-0.013363,0.005221,0.234996,0.229452,-135.144302,0.0,0.0,0.0,0.0,0.0,0.0,3.0,353639.121243,797.857946,6778.053397,3.922852,0,0,0,0,0,0,0,0,0,0,392.056366,424.851746,473.491211,544.634583,444.217438,397.963379,359.295258,393.422089,438.462646,536.432678,446.621735,400.117859,357.238678,395.566193,440.852905,539.358154,481.756378,431.593628,385.255371,427.006744,475.892303,582.225708,479.359436,429.446686,37.812069,176789.795077,431.035092,-492.31224,0,true,true,1.0,-0.01,0
2,497,24.85,-21.49821,62510.320223,1.443883,62499.22632,17473.915792,0.030577,-0.013363,0.005221,0.234996,0.229452,-135.144302,0.0,0.0,0.0,0.0,0.0,0.0,3.0,353639.121243,797.857946,6778.053397,3.922852,0,0,0,0,0,0,0,0,0,0,392.056366,424.851746,473.491211,544.634583,444.217438,397.963379,359.295258,393.422089,438.462646,536.432678,446.621735,400.117859,357.238678,395.566193,440.852905,539.358154,481.756378,431.593628,385.255371,427.006744,475.892303,582.225708,479.359436,429.446686,37.812069,176789.795077,431.035092,-492.31224,0,true,true,1.0,-0.01,0
2,498,24.9,-21.49821,11.177987,1.443883,-0.670203,17473.915792,0.030577,-0.013363,0.005221,0.234996,0.229452,-135.144302,0.0,0.0,0.0,0.0,0.0,0.0,3.0,353639.121243,797.857946,6778.053397,3.922852,0,0,0,0,0,0,0,0,0,0,392.056366,424.851746,473.491211,544.634583,444.217438,397.963379,359.295258,393.422089,438.462646,536.432678,446.621735,400.117859,357.238678,395.566193,440.852905,539.358154,481.756378,431.593628,385.255371,427.006744,475.892303,582.225708,479.359436,429.446686,37.812069,176789.795077,431.035092,-492.31224,0,true,true,1.0,-0.01,0
2,499,24.95,-21.49821,62510.320223,1.443883,62499.22632,17473.915792,0.030577,-0.013363,0.005221,0.234996,0.229452,-135.144302,0.0,0.0,0.0,0.0,0.0,0.0,3.0,353639.121243,797.857946,6778.053397,3.922852,0,0,0,0,0,0,0,0,0,0,392.056366,424.851746,473.491211,544.634583,444.217438,397.963379,359.295258,393.422089,438.462646,536.432678,446.621735,400.117859,357.238678,395.566193,440.852905,539.358154,481.756378,431.593628,385.255371,427.006744,475.892303,582.225708,479.359436,429.446686,37.812069,176789.795077,431.035092,-492.31224,0,true,true,1.0,-0.01,0
2,500,25.0,-21.499901,11.179678,1.444241,-0.670561,17473.915691,0.0,0.0,0.0,0.236693,0.229158,-135.145142,0.0,0.0,0.0,0.0,0.0,0.0,3.0,353636.011968,806.077384,6013.350587,3.934395,0,0,0,0,0,0,0,0,0,0,392.052094,424.851013,473.488251,544.640686,444.219604,397.96347,359.288605,393.419006,438.457245,536.422668,446.624481,400.118469,357.245819,395.563629,440.848053,539.348816,481.762207,431.596863,385.264832,427.006531,475.889893,582.219116,479.364655,429.449371,37.812168,176789.792146,433.677589,-491.381708,0,true,true,1.0,-0.01,0
2,501,25.05,-21.499901,62510.320223,1.444241,62499.22632,17473.915691,0.0,0.0,0.0,0.236693,0.229158,-135.145142,0.0,0.0,0.0,0.0,0.0,0.0,3.0,353636.011968,806.077384,6013.350587,3.934395,0,0,0,0,0,0,0,0,0,0,392.052094,424.851013,473.488251,544.640686,444.219604,397.96347,359.288605,393.419006,438.457245,536.422668,446.624481,400.118469,357.245819,395.563629,440.848053,539.348816,481.762207,431.596863,385.264832,427.006531,475.889893,582.219116,479.364655,429.449371,37.812168,176789.792146,433.677589,-491.381708,0,true,true,1.0,-0.01,0
2,502,25.1,-21.499901,11.179678,1.444241,-0.670561,17473.915691,0.0,0.0,0.0,0.236693,0.229158,-135.145142,0.0,0.0,0.0,0.0,0.0,0.0,3.0,353636.011968,806.077384,6013.350587,3.934395,0,0,0,0,0,0,0,0,0,0,392.052094,424.851013,473.488251,544.640686,444.219604,397.96347,359.288605,393.419006,438.457245,536.422668,446.624481,400.118469,357.245819,395.563629,440.848053,539.348816,481.762207,431.596863,385.264832,427.006531,475.889893,582.219116,479.364655,429.449371,37.812168,176789.792146,433.677589,-491.381708,0,true,true,1.0,-0.01,0
2,503,25.15,-21.499901,62510.320223,1.444241,62499.22632,17473.915691,0.0,0.0,0.0,0.236693,0.229158,-135.145142,0.0,0.0,0.0,0.0,0.0,0.0,3.0,353636.011968,806.077384,6013.350587,3.934395,0,0,0,0,0,0,0,0,0,0,392.052094,424.851013,473.488251,544.640686,444.219604,397.96347,359.288605,393.419006,438.457245,536.422668,446.624481,400.118469,357.245819,395.563629,440.848053,539.348816,481.762207,431.596863,385.264832,427.006531,475.889893,582.219116,479.364655,429.449371,37.812168,176789.792146,433.677589,-491.381708,0,true,true,1.0,-0.01,0
2,504,25.2,-21.499901,11.179678,1.444241,-0.670561,17473.915691,0.0,0.0,0.0,0.236693,0.229158,-135.145142,0.0,0.0,0.0,0.0,0.0,0.0,3.0,353636.011968,806.077384,6013.350587,3.934395,0,0,0,0,0,0,0,0,0,0,392.052094,424.851013,473.488251,544.640686,444.219604,397.96347,359.288605,393.419006,438.457245,536.422668,446.624481,400.118469,357.245819,395.563629,440.848053,539.348816,481.762207,431.596863,385.264832,427.006531,475.889893,582.219116,479.364655,429.449371,37.812168,176789.792146,433.677589,-491.381708,0,true,true,1.0,-0.01,0
2,505,25.25,-21.499901,62510.320223,1.444241,62499.22632,17473.915691,0.0,0.0,0.0,0.236693,0.229158,-135.145142,0.0,0.0,0.0,0.0,0.0,0.0,3.0,353636.011968,806.077384,6013.350587,3.934395,0,0,0,0,0,0,0,0,0,0,392.052094,424.851013,473.488251,544.640686,444.219604,397.96347,359.288605,393.419006,438.457245,536.422668,446.624481,400.118469,357.245819,395.563629,440.848053,539.348816,481.762207,431.596863,385.264832,427.006531,475.889893,582.219116,479.364655,429.449371,37.812168,176789.792146,433.677589,-491.381708,0,true,true,1.0,-0.01,0
2,506,25.3,-21.501567,11.181344,1.444553,-0.670873,17473.915594,0.02925,-0.010727,0.004889,0.238279,0.228918,-135.146011,0.0,0.0,0.0,0.0,0.0,0.0,3.0,353632.899028,814.400795,5244.215174,3.944961,0,0,0,0,0,0,0,0,0,0,392.047729,424.850311,473.48526,544.646851,444.221832,397.963623,359.281952,393.415985,438.451843,536.41272,446.627258,400.11911,357.25293,395.561066,440.84314,539.339417,481.768005,431.600037,385.274292,427.006287,475.887421,582.212402,479.369934,429.452118,37.812267,176789.788685,436.334837,-490.618338,0,true,true,1.0,-0.01,0
2,507,25.35,-21.501567,62510.320223,1.444553,62499.22632,17473.915594,0.02925,-0.010727,0.004889,0.238279,0.228918,-135.146011,0.0,0.0,0.0,0.0,0.0,0.0,3.0,353632.899028,814.400795,5244.215174,3.944961,0,0,0,0,0,0,0,0,0,0,392.047729,424.850311,473.48526,544.646851,444.221832,397.963623,359.281952,393.415985,438.451843,536.41272,446.627258,400.11911,357.25293,395.561066,440.84314,539.339417,481.768005,431.600037,385.274292,427.006287,475.887421,582.212402,479.369934,429.452118,37.812267,176789.788685,436.334837,-490.618338,0,true,true,1.0,-0.01,0
2,508,25.4,-21.501567,11.181344,1.444553,-0.670873,17473.915594,0.02925,-0.010727,0.004889,0.238279,0.228918,-135.146011,0.0,0.0,0.0,0.0,0.0,0.0,3.0,353632.899028,814.400795,5244.215174,3.944961,0,0,0,0,0,0,0,0,0,0,392.047729,424.850311,473.48526,544.646851,444.221832,397.963623,359.281952,393.415985,438.451843,536.41272,446.627258,400.11911,357.25293,395.561066,440.84314,539.339417,481.768005,431.600037,385.274292,427.006287,475.887421,582.212402,479.369934,429.452118,37.812267,176789.788685,436.334837,-490.618338,0,true,true,1.0,-0.01,0
2,509,25.45,-21.501567,62510.320223,1.444553,62499.22632,17473.915594,0.02925,-0.010727,0.004889,0.238279,0.228918,-135.146011,0.0,0.0,0.0,0.0,0.0,0.0,3.0,353632.899028,814.400795,5244.215174,3.944961,0,0,0,0,0,0,0,0,0,0,392.047729,424.850311,473.48526,544.646851,444.221832,397.963623,359.281952,393.415985,438.451843,536.41272,446.627258,400.11911,357.25293,395.561066,440.84314,539.339417,481.768005,431.600037,385.274292,427.006287,475.887421,582.212402,479.369934,429.452118,37.812267,176789.788685,436.334837,-490.618338,0,true,true,1.0,-0.01,0
2,510,25.5,-21.501567,11.181344,1.444553,-0.670873,17473.915594,0.02925,-0.010727,0.004889,0.238279,0.228918,-135.146011,0.0,0.0,0.0,0.0,0.0,0.0,3.0,353632.899028,814.400795,5244.215174,3.944961,0,0,0,0,0,0,0,0,0,0,392.047729,424.850311,473.48526,544.646851,444.221832,397.963623,359.281952,393.415985,438.451843,536.41272,446.627258,400.11911,357.25293,395.561066,440.84314,539.339417,481.768005,431.600037,385.274292,427.006287,475.887421,582.212402,479.369934,429.452118,37.812267,176789.788685,436.334837,-490.618338,0,true,true,1.0,-0.01,0
2,511,25.55,-21.501567,62510.320223,1.444553,62499.22632,17473.915594,0.02925,-0.010727,0.004889,0.238279,0.228918,-135.146011,0.0,0.0,0.0,0.0,0.0,0.0,3.0,353632.899028,814.400795,5244.215174,3.944961,0,0,0,0,0,0,0,0,0,0,392.047729,424.850311,473.48526,544.646851,444.221832,397.963623,359.281952,393.415985,438.451843,536.41272,446.627258,400.11911,357.25293,395.561066,440.84314,539.339417,481.768005,431.600037,385.274292,427.006287,475.887421,582.212402,479.369934,429.452118,37.812267,176789.788685,436.334837,-490.618338,0,true,true,1.0,-0.01,0
2,512,25.6,-21.501567,11.181344,1.444553,-0.670873,17473.915594,0.02925,-0.010727,0.004889,0.238279,0.228918,-135.146011,0.0,0.0,0.0,0.0,0.0,0.0,3.0,353632.899028,814.400795,5244.215174,3.944961,0,0,0,0,0,0,0,0,0,0,392.047729,424.850311,473.48526,544.646851,444.221832,397.963623,359.281952,393.415985,438.451843,536.41272,446.627258,400.11911,357.25293,395.561066,440.84314,539.339417,481.768005,431.600037,385.274292,427.006287,475.887421,582.212402,479.369934,429.452118,37.812267,176789.788685,436.334837,-490.618338,0,true,true,1.0,-0.01,0
2,513,25.65,-21.503205,62510.321861,1.44481,62499.226064,17473.915502,0.028577,-0.009594,0.004731,0.239786,0.228692,-135.146866,0.0,0.0,0.0,0.0,0.0,0.0,3.0,353629.777237,822.775522,4470.901031,3.954551,0,0,0,0,0,0,0,0,0,0,392.043365,424.84964,473.48233,544.653137,444.224121,397.963837,359.275391,393.413055,438.446533,536.402832,446.630005,400.11972,357.259949,395.558472,440.838226,539.330017,481.773743,431.60318,385.283691,427.005981,475.884857,582.205627,479.375214,429.454834,37.812359,176789.785107,438.983966,-489.895876,0,true,true,1.0,-0.01,0
2,514,25.7,-21.503205,11.181344,1.44481,-0.670873,17473.915502,0.028577,-0.009594,0.004731,0.239786,0.228692,-135.146866,0.0,0.0,0.0,0.0,0.0,0.0,3.0,353629.777237,822.775522,4470.901031,3.954551,0,0,0,0,0,0,0,0,0,0,392.043365,424.84964,473.48233,544.653137,444.224121,397.963837,359.275391,393.413055,438.446533,536.402832,446.630005,400.11972,357.259949,395.558472,440.838226,539.330017,481.773743,431.60318,385.283691,427.005981,475.884857,582.205627,479.375214,429.454834,37.812359,176789.785107,438.983966,-489.895876,0,true,true,1.0,-0.01,0
2,515,25.75,-21.503205,62510.321861,1.44481,62499.226064,17473.915502,0.028577,-0.009594,0.004731,0.239786,0.228692,-135.146866,0.0,0.0,0.0,0.0,0.0,0.0,3.0,353629.777237,822.775522,4470.901031,3.954551,0,0,0,0,0,0,0,0,0,0,392.043365,424.84964,473.48233,544.653137,444.224121,397.963837,359.275391,393.413055,438.446533,536.402832,446.630005,400.11972,357.259949,395.558472,440.838226,539.330017,481.773743,431.60318,385.283691,427.005981,475.884857,582.205627,479.375214,429.454834,37.812359,176789.785107,438.983966,-489.895876,0,true,true,1.0,-0.01,0
2,516,25.8,-21.503205,11.181344,1.44481,-0.670873,17473.915502,0.028577,-0.009594,0.004731,0.239786,0.228692,-135.146866,0.0,0.0,0.0,0.0,0.0,0.0,3.0,353629.777237,822.775522,4470.901031,3.954551,0,0,0,0,0,0,0,0,0,0,392.043365,424.84964,473.48233,544.653137,444.224121,397.963837,359.275391,393.413055,438.446533,536.402832,446.630005,400.11972,357.259949,395.558472,440.838226,539.330017,481.773743,431.60318,385.283691,427.005981,475.884857,582.205627,479.375214,429.454834,37.812359,176789.785107,438.983966,-489.895876,0,true,true,1.0,-0.01,0
2,517,25.85,-21.503205,62510.321861,1.44481,62499.226064,17473.915502,0.028577,-0.009594,0.004731,0.239786,0.228692,-135.146866,0.0,0.0,0.0,0.0,0.0,0.0,3.0,353629.777237,822.775522,4470.901031,3.954551,0,0,0,0,0,0,0,0,0,0,392.043365,424.84964,473.48233,544.653137,444.224121,397.963837,359.275391,393.413055,438.446533,536.402832,446.630005,400.11972,357.259949,395.558472,440.838226,539.330017,481.773743,431.60318,385.283691,427.005981,475.884857,582.205627,479.375214,429.454834,37.812359,176789.785107,438.983966,-489.895876,0,true,true,1.0,-0.01,0
2,518,25.9,-21.503205,11.181344,1.44481,-0.670873,17473.915502,0.028577,-0.009594,0.004731,0.239786,0.228692,-135.146866,0.0,0.0,0.0,0.0,0.0,0.0,3.0,353629.777237,822.775522,4470.901031,3.954551,0,0,0,0,0,0,0,0,0,0,392.043365,424.84964,473.48233,544.653137,444.224121,397.963837,359.275391,393.413055,438.446533,536.402832,446.630005,400.11972,357.259949,395.558472,440.838226,539.330017,481.773743,431.60318,385.283691,427.005981,475.884857,582.205627,479.375214,429.454834,37.812359,176789.785107,438.983966,-489.895876,0,true,true,1.0,-0.01,0
2,519,25.95,-21.503205,62510.321861,1.44481,62499.226064,17473.915502,0.028577,-0.009594,0.004731,0.239786,0.228692,-135.146866,0.0,0.0,0.0,0.0,0.0,0.0,3.0,353629.777237,822.775522,4470.901031,3.954551,0,0,0,0,0,0,0,0,0,0,392.043365,424.84964,473.48233,544.653137,444.224121,397.963837,359.275391,393.413055,438.446533,536.402832,446.630005,400.11972,357.259949,395.558472,440.838226,539.330017,481.773743,431.60318,385.283691,427.005981,475.884857,582.205627,479.375214,429.454834,37.812359,176789.785107,438.983966,-489.895876,0,true,true,1.0,-0.01,0
2,520,26.0,-21.504805,11.182944,1.445027,-0.67109,17473.915414,0.027871,-0.008584,0.004573,0.241213,0.228503,-135.14772,0.0,0.0,0.0,0.0,0.0,0.0,3.0,353626.647572,831.230854,3693.256675,3.963125,0,0,0,0,0,0,0,0,0,0,392.038879,424.848969,473.47937,544.659546,444.226501,397.964142,359.26889,393.410156,438.441284,536.393005,446.632751,400.1203,357.266907,395.555908,440.833313,539.320618,481.779388,431.606232,385.29306,427.005615,475.882263,582.198792,479.380493,429.457611,37.812447,176789.781143,441.641096,-489.290734,0,true,true,1.0,-0.01,0
2,521,26.05,-21.504805,62510.321861,1.445027,62499.226064,17473.915414,0.027871,-0.008584,0.004573,0.241213,0.228503,-135.14772,0.0,0.0,0.0,0.0,0.0,0.0,3.0,353626.647572,831.230854,3693.256675,3.963125,0,0,0,0,0,0,0,0,0,0,392.038879,424.848969,473.47937,544.659546,444.226501,397.964142,359.26889,393.410156,438.441284,536.393005,446.632751,400.1203,357.266907,395.555908,440.833313,539.320618,481.779388,431.606232,385.29306,427.005615,475.882263,582.198792,479.380493,429.457611,37.812447,176789.781143,441.641096,-489.290734,0,true,true,1.0,-0.01,0
2,522,26.1,-21.504805,11.182944,1.445027,-0.67109,17473.915414,0.027871,-0.008584,0.004573,0.241213,0.228503,-135.14772,0.0,0.0,0.0,0.0,0.0,0.0,3.0,353626.647572,831.230854,3693.256675,3.963125,0,0,0,0,0,0,0,0,0,0,392.038879,424.848969,473.47937,544.659546,444.226501,397.964142,359.26889,393.410156,438.441284,536.393005,446.632751,400.1203,357.266907,395.555908,440.833313,539.320618,481.779388,431.606232,385.29306,427.005615,475.882263,582.198792,479.380493,429.457611,37.812447,176789.781143,441.641096,-489.290734,0,true,true,1.0,-0.01,0
2,523,26.15,-21.504805,62510.321861,1.445027,62499.226064,17473.915414,0.027871,-0.008584,0.004573,0.241213,0.228503,-135.14772,0.0,0.0,0.0,0.0,0.0,0.0,3.0,353626.647572,831.230854,3693.256675,3.963125,0,0,0,0,0,0,0,0,0,0,392.038879,424.848969,473.47937,544.659546,444.226501,397.964142,359.26889,393.410156,438.441284,536.393005,446.632751,400.1203,357.266907,395.555908,440.833313,539.320618,481.779388,431.606232,385.29306,427.005615,475.882263,582.198792,479.380493,429.457611,37.812447,176789.781143,441.641096,-489.290734,0,true,true,1.0,-0.01,0
2,524,26.2,-21.504805,11.182944,1.445027,-0.67109,17473.915414,0.027871,-0.008584,0.004573,0.241213,0.228503,-135.14772,0.0,0.0,0.0,0.0,0.0,0.0,3.0,353626.647572,831.230854,3693.256675,3.963125,0,0,0,0,0,0,0,0,0,0,392.038879,424.848969,473.47937,544.659546,444.226501,397.964142,359.26889,393.410156,438.441284,536.393005,446.632751,400.1203,357.266907,395.555908,440.833313,539.320618,481.779388,431.606232,385.29306,427.005615,475.882263,582.198792,479.380493,429.457611,37.812447,176789.781143,441.641096,-489.290734,0,true,true,1.0,-0.01,0
2,525,26.25,-21.504805,62510.321861,1.445027,62499.226064,17473.915414,0.027871,-0.008584,0.004573,0.241213,0.228503,-135.14772,0.0,0.0,0.0,0.0,0.0,0.0,3.0,353626.647572,831.230854,3693.256675,3.963125,0,0,0,0,0,0,0,0,0,0,392.038879,424.848969,473.47937,544.659546,444.226501,397.964142,359.26889,393.410156,438.441284,536.393005,446.632751,400.1203,357.266907,395.555908,440.833313,539.320618,481.779388,431.606232,385.29306,427.005615,475.882263,582.198792,479.380493,429.457611,37.812447,176789.781143,441.641096,-489.290734,0,true,true,1.0,-0.01,0
2,526,26.3,-21.506384,11.184523,1.445201,-0.671264,17473.915332,0.027193,-0.007586,0.00442,0.242548,0.228315,-135.148575,0.0,0.0,0.0,0.0,0.0,0.0,3.0,353623.506805,839.741519,2911.506688,3.970684,0,0,0,0,0,0,0,0,0,0,392.034393,424.848297,473.47644,544.665955,444.228943,397.964447,359.262451,393.407318,438.436066,536.383301,446.635468,400.120911,357.273804,395.553284,440.828369,539.311157,481.785004,431.609283,385.302399,427.005188,475.879578,582.191833,479.385803,429.460358,37.812531,176789.777146,444.294677,-488.691322,0,true,true,1.0,-0.01,0
2,527,26.35,-21.506384,62510.321861,1.445201,62499.226064,17473.915332,0.027193,-0.007586,0.00442,0.242548,0.228315,-135.148575,0.0,0.0,0.0,0.0,0.0,0.0,3.0,353623.506805,839.741519,2911.506688,3.970684,0,0,0,0,0,0,0,0,0,0,392.034393,424.848297,473.47644,544.665955,444.228943,397.964447,359.262451,393.407318,438.436066,536.383301,446.635468,400.120911,357.273804,395.553284,440.828369,539.311157,481.785004,431.609283,385.302399,427.005188,475.879578,582.191833,479.385803,429.460358,37.812531,176789.777146,444.294677,-488.691322,0,true,true,1.0,-0.01,0
2,528,26.4,-21.506384,11.184523,1.445201,-0.671264,17473.915332,0.027193,-0.007586,0.00442,0.242548,0.228315,-135.148575,0.0,0.0,0.0,0.0,0.0,0.0,3.0,353623.506805,839.741519,2911.506688,3.970684,0,0,0,0,0,0,0,0,0,0,392.034393,424.848297,473.47644,544.665955,444.228943,397.964447,359.262451,393.407318,438.436066,536.383301,446.635468,400.120911,357.273804,395.553284,440.828369,539.311157,481.785004,431.609283,385.302399,427.005188,475.879578,582.191833,479.385803,429.460358,37.812531,176789.777146,444.294677,-488.691322,0,true,true,1.0,-0.01,0
2,529,26.45,-21.506384,62510.321861,1.445201,62499.226064,17473.915332,0.027193,-0.007586,0.00442,0.242548,0.228315,-135.148575,0.0,0.0,0.0,0.0,0.0,0.0,3.0,353623.506805,839.741519,2911.506688,3.970684,0,0,0,0,0,0,0,0,0,0,392.034393,424.848297,473.47644,544.665955,444.228943,397.964447,359.262451,393.407318,438.436066,536.383301,446.635468,400.120911,357.273804,395.553284,440.828369,539.311157,481.785004,431.609283,385.302399,427.005188,475.879578,582.191833,479.385803,429.460358,37.812531,176789.777146,444.294677,-488.691322,0,true,true,1.0,-0.01,0
2,530,26.5,-21.506384,11.184523,1.445201,-0.671264,17473.915332,0.027193,-0.007586,0.00442,0.242548,0.228315,-135.148575,0.0,0.0,0.0,0.0,0.0,0.0,3.0,353623.506805,839.741519,2911.506688,3.970684,0,0,0,0,0,0,0,0,0,0,392.034393,424.848297,473.47644,544.665955,444.228943,397.964447,359.262451,393.407318,438.436066,536.383301,446.635468,400.120911,357.273804,395.553284,440.828369,539.311157,481.785004,431.609283,385.302399,427.005188,475.879578,582.191833,479.385803,429.460358,37.812531,176789.777146,444.294677,-488.691322,0,true,true,1.0,-0.01,0
2,531,26.55,-21.506384,62510.321861,1.445201,62499.226064,17473.915332,0.027193,-0.007586,0.00442,0.242548,0.228315,-135.148575,0.0,0.0,0.0,0.0,0.0,0.0,3.0,353623.506805,839.741519,2911.506688,3.970684,0,0,0,0,0,0,0,0,0,0,392.034393,424.848297,473.47644,544.665955,444.228943,397.964447,359.262451,393.407318,438.436066,536.383301,446.635468,400.120911,357.273804,395.553284,440.828369,539.311157,481.785004,431.609283,385.302399,427.005188,475.879578,582.191833,479.385803,429.460358,37.812531,176789.777146,444.294677,-488.691322,0,true,true,1.0,-0.01,0
2,532,26.6,-21.506384,11.184523,1.445201,-0.671264,17473.915332,0.027193,-0.007586,0.00442,0.242548,0.228315,-135.148575,0.0,0.0,0.0,0.0,0.0,0.0,3.0,353623.506805,839.741519,2911.506688,3.970684,0,0,0,0,0,0,0,0,0,0,392.034393,424.848297,473.47644,544.665955,444.228943,397.964447,359.262451,393.407318,438.436066,536.383301,446.635468,400.120911,357.273804,395.553284,440.828369,539.311157,481.785004,431.609283,385.302399,427.005188,475.879578,582.191833,479.385803,429.460358,37.812531,176789.777146,444.294677,-488.691322,0,true,true,1.0,-0.01,0
2,533,26.65,-21.507934,62510.32341,1.445348,62499.225916,17473.915254,0.0,0.0,0.0,0.243799,0.228135,-135.149429,0.0,0.0,0.0,0.0,0.0,0.0,3.0,353620.355235,848.231136,2125.616704,3.977187,0,0,0,0,0,0,0,0,0,0,392.029938,424.847656,473.473572,544.672302,444.231354,397.964783,359.256165,393.40451,438.430969,536.373718,446.638153,400.12146,357.280548,395.55072,440.823486,539.30188,481.790527,431.612244,385.311584,427.004761,475.876953,582.184998,479.391052,429.463104,37.812607,176789.77314,446.908444,-488.115495,0,true,true,1.0,-0.01,0
2,534,26.7,-21.507934,11.184523,1.445348,-0.671264,17473.915254,0.0,0.0,0.0,0.243799,0.228135,-135.149429,0.0,0.0,0.0,0.0,0.0,0.0,3.0,353620.355235,848.231136,2125.616704,3.977187,0,0,0,0,0,0,0,0,0,0,392.029938,424.847656,473.473572,544.672302,444.231354,397.964783,359.256165,393.40451,438.430969,536.373718,446.638153,400.12146,357.280548,395.55072,440.823486,539.30188,481.790527,431.612244,385.311584,427.004761,475.876953,582.184998,479.391052,429.463104,37.812607,176789.77314,446.908444,-488.115495,0,true,true,1.0,-0.01,0
2,535,26.75,-21.507934,62510.32341,1.445348,62499.225916,17473.915254,0.0,0.0,0.0,0.243799,0.228135,-135.149429,0.0,0.0,0.0,0.0,0.0,0.0,3.0,353620.355235,848.231136,2125.616704,3.977187,0,0,0,0,0,0,0,0,0,0,392.029938,424.847656,473.473572,544.672302,444.231354,397.964783,359.256165,393.40451,438.430969,536.373718,446.638153,400.12146,357.280548,395.55072,440.823486,539.30188,481.790527,431.612244,385.311584,427.004761,475.876953,582.184998,479.391052,429.463104,37.812607,176789.77314,446.908444,-488.115495,0,true,true,1.0,-0.01,0
2,536,26.8,-21.507934,11.184523,1.445348,-0.671264,17473.915254,0.0,0.0,0.0,0.243799,0.228135,-135.149429,0.0,0.0,0.0,0.0,0.0,0.0,3.0,353620.355235,848.231136,2125.616704,3.977187,0,0,0,0,0,0,0,0,0,0,392.029938,424.847656,473.473572,544.672302,444.231354,397.964783,359.256165,393.40451,438.430969,536.373718,446.638153,400.12146,357.280548,395.55072,440.823486,539.30188,481.790527,431.612244,385.311584,427.004761,475.876953,582.184998,479.391052,429.463104,37.812607,176789.77314,446.908444,-488.115495,0,true,true,1.0,-0.01,0
2,537,26.85,-21.507934,62510.32341,1.445348,62499.225916,17473.915254,0.0,0.0,0.0,0.243799,0.228135,-135.149429,0.0,0.0,0.0,0.0,0.0,0.0,3.0,353620.355235,848.231136,2125.616704,3.977187,0,0,0,0,0,0,0,0,0,0,392.029938,424.847656,473.473572,544.672302,444.231354,397.964783,359.256165,393.40451,438.430969,536.373718,446.638153,400.12146,357.280548,395.55072,440.823486,539.30188,481.790527,431.612244,385.311584,427.004761,475.876953,582.184998,479.391052,429.463104,37.812607,176789.77314,446.908444,-488.115495,0,true,true,1.0,-0.01,0
2,538,26.9,-21.507934,11.184523,1.445348,-0.671264,17473.915254,0.0,0.0,0.0,0.243799,0.228135,-135.149429,0.0,0.0,0.0,0.0,0.0,0.0,3.0,353620.355235,848.231136,2125.616704,3.977187,0,0,0,0,0,0,0,0,0,0,392.029938,424.847656,473.473572,544.672302,444.231354,397.964783,359.256165,393.40451,438.430969,536.373718,446.638153,400.12146,357.280548,395.55072,440.823486,539.30188,481.790527,431.612244,385.311584,427.004761,475.876953,582.184998,479.391052,429.463104,37.812607,176789.77314,446.908444,-488.115495,0,true,true,1.0,-0.01,0
2,539,26.95,-21.507934,62510.32341,1.445348,62499.225916,17473.915254,0.0,0.0,0.0,0.243799,0.228135,-135.149429,0.0,0.0,0.0,0.0,0.0,0.0,3.0,353620.355235,848.231136,2125.616704,3.977187,0,0,0,0,0,0,0,0,0,0,392.029938,424.847656,473.473572,544.672302,444.231354,397.964783,359.256165,393.40451,438.430969,536.373718,446.638153,400.12146,357.280548,395.55072,440.823486,539.30188,481.790527,431.612244,385.311584,427.004761,475.876953,582.184998,479.391052,429.463104,37.812607,176789.77314,446.908444,-488.115495,0,true,true,1.0,-0.01,0
2,540,27.0,-21.509435,11.186024,1.445474,-0.67139,17473.915186,0.025396,-0.006288,0.004058,0.244982,0.227912,-135.150391,0.0,0.0,0.0,0.0,0.0,0.0,3.0,353617.189362,857.511715,1335.905159,3.982656,0,0,0,0,0,0,0,0,0,0,392.024445,424.846741,473.470123,544.679871,444.234344,397.965424,359.248993,393.401581,438.425415,536.363098,446.641388,400.122284,357.288147,395.547943,440.818115,539.291443,481.79657,431.615387,385.321655,427.004028,475.873657,582.17688,479.396881,429.466064,37.812675,176789.768511,449.890316,-487.404727,0,true,true,1.0,-0.01,0
2,541,27.05,-21.509435,62510.32341,1.445474,62499.225916,17473.915186,0.025396,-0.006288,0.004058,0.244982,0.227912,-135.150391,0.0,0.0,0.0,0.0,0.0,0.0,3.0,353617.189362,857.511715,1335.905159,3.982656,0,0,0,0,0,0,0,0,0,0,392.024445,424.846741,473.470123,544.679871,444.234344,397.965424,359.248993,393.401581,438.425415,536.363098,446.641388,400.122284,357.288147,395.547943,440.818115,539.291443,481.79657,431.615387,385.321655,427.004028,475.873657,582.17688,479.396881,429.466064,37.812675,176789.768511,449.890316,-487.404727,0,true,true,1.0,-0.01,0
2,542,27.1,-21.509435,11.186024,1.445474,-0.67139,17473.915186,0.025396,-0.006288,0.004058,0.244982,0.227912,-135.150391,0.0,0.0,0.0,0.0,0.0,0.0,3.0,353617.189362,857.511715,1335.905159,3.982656,0,0,0,0,0,0,0,0,0,0,392.024445,424.846741,473.470123,544.679871,444.234344,397.965424,359.248993,393.401581,438.425415,536.363098,446.641388,400.122284,357.288147,395.547943,440.818115,539.291443,481.79657,431.615387,385.321655,427.004028,475.873657,582.17688,479.396881,429.466064,37.812675,176789.768511,449.890316,-487.404727,0,true,true,1.0,-0.01,0
2,543,27.15,-21.509435,62510.32341,1.445474,62499.225916,17473.915186,0.025396,-0.006288,0.004058,0.244982,0.227912,-135.150391,0.0,0.0,0.0,0.0,0.0,0.0,3.0,353617.189362,857.511715,1335.905159,3.982656,0,0,0,0,0,0,0,0,0,0,392.024445,424.846741,473.470123,544.679871,444.234344,397.965424,359.248993,393.401581,438.425415,536.363098,446.641388,400.122284,357.288147,395.547943,440.818115,539.291443,481.79657,431.615387,385.321655,427.004028,475.873657,582.17688,479.396881,429.466064,37.812675,176789.768511,449.890316,-487.404727,0,true,true,1.0,-0.01,0
2,544,27.2,-21.509435,11.186024,1.445474,-0.67139,17473.915186,0.025396,-0.006288,0.004058,0.244982,0.227912,-135.150391,0.0,0.0,0.0,0.0,0.0,0.0,3.0,353617.189362,857.511715,1335.905159,3.982656,0,0,0,0,0,0,0,0,0,0,392.024445,424.846741,473.470123,544.679871,444.234344,397.965424,359.248993,393.401581,438.425415,536.363098,446.641388,400.122284,357.288147,395.547943,440.818115,539.291443,481.79657,431.615387,385.321655,427.004028,475.873657,582.17688,479.396881,429.466064,37.812675,176789.768511,449.890316,-487.404727,0,true,true,1.0,-0.01,0
2,545,27.25,-21.509435,62510.32341,1.445474,62499.225916,17473.915186,0.025396,-0.006288,0.004058,0.244982,0.227912,-135.150391,0.0,0.0,0.0,0.0,0.0,0.0,3.0,353617.189362,857.511715,1335.905159,3.982656,0,0,0,0,0,0,0,0,0,0,392.024445,424.846741,473.470123,544.679871,444.234344,397.965424,359.248993,393.401581,438.425415,536.363098,446.641388,400.122284,357.288147,395.547943,440.818115,539.291443,481.79657,431.615387,385.321655,427.004028,475.873657,582.17688,479.396881,429.466064,37.812675,176789.768511,449.890316,-487.404727,0,true,true,1.0,-0.01,0
2,546,27.3,-21.510903,11.187493,1.445561,-0.671477,17473.915121,0.024714,-0.005374,0.003913,0.246089,0.227713,-135.151337,0.0,0.0,0.0,0.0,0.0,0.0,3.0,353614.013762,866.75405,541.949847,3.987031,0,0,0,0,0,0,0,0,0,0,392.019043,424.845886,473.466736,544.687378,444.237335,397.966064,359.242004,393.398682,438.419952,536.352722,446.644562,400.123047,357.295563,395.545197,440.812775,539.281189,481.80246,431.618469,385.331573,427.003296,475.870392,582.168823,479.402618,429.468994,37.81274,176789.763737,452.826903,-486.770772,0,true,true,1.0,-0.01,0
2,547,27.35,-21.510903,62510.32341,1.445561,62499.225916,17473.915121,0.024714,-0.005374,0.003913,0.246089,0.227713,-135.151337,0.0,0.0,0.0,0.0,0.0,0.0,3.0,353614.013762,866.75405,541.949847,3.987031,0,0,0,0,0,0,0,0,0,0,392.019043,424.845886,473.466736,544.687378,444.237335,397.966064,359.242004,393.398682,438.419952,536.352722,446.644562,400.123047,357.295563,395.545197,440.812775,539.281189,481.80246,431.618469,385.331573,427.003296,475.870392,582.168823,479.402618,429.468994,37.81274,176789.763737,452.826903,-486.770772,0,true,true,1.0,-0.01,0
2,548,27.4,-21.510903,11.187493,1.445561,-0.671477,17473.915121,0.024714,-0.005374,0.003913,0.246089,0.227713,-135.151337,0.0,0.0,0.0,0.0,0.0,0.0,3.0,353614.013762,866.75405,541.949847,3.987031,0,0,0,0,0,0,0,0,0,0,392.019043,424.845886,473.466736,544.687378,444.237335,397.966064,359.242004,393.398682,438.419952,536.352722,446.644562,400.123047,357.295563,395.545197,440.812775,539.281189,481.80246,431.618469,385.331573,427.003296,475.870392,582.168823,479.402618,429.468994,37.81274,176789.763737,452.826903,-486.770772,0,true,true,1.0,-0.01,0
2,549,27.45,-21.510903,62510.32341,1.445561,62499.225916,17473.915121,0.024714,-0.005374,0.003913,0.246089,0.227713,-135.151337,0.0,0.0,0.0,0.0,0.0,0.0,3.0,353614.013762,866.75405,541.949847,3.987031,0,0,0,0,0,0,0,0,0,0,392.019043,424.845886,473.466736,544.687378,444.237335,397.966064,359.242004,393.398682,438.419952,536.352722,446.644562,400.123047,357.295563,395.545197,440.812775,539.281189,481.80246,431.618469,385.331573,427.003296,475.870392,582.168823,479.402618,429.468994,37.81274,176789.763737,452.826903,-486.770772,0,true,true,1.0,-0.01,0
2,550,27.5,-21.510903,11.187493,1.445561,-0.671477,17473.915121,0.024714,-0.005374,0.003913,0.246089,0.227713,-135.151337,0.0,0.0,0.0,0.0,0.0,0.0,3.0,353614.013762,866.75405,541.949847,3.987031,0,0,0,0,0,0,0,0,0,0,392.019043,424.845886,473.466736,544.687378,444.237335,397.966064,359.242004,393.398682,438.419952,536.352722,446.644562,400.123047,357.295563,395.545197,440.812775,539.281189,481.80246,431.618469,385.331573,427.003296,475.870392,582.168823,479.402618,429.468994,37.81274,176789.763737,452.826903,-486.770772,0,true,true,1.0,-0.01,0
2,551,27.55,-21.510903,62510.32341,1.445561,62499.225916,17473.915121,0.024714,-0.005374,0.003913,0.246089,0.227713,-135.151337,0.0,0.0,0.0,0.0,0.0,0.0,3.0,353614.013762,866.75405,541.949847,3.987031,0,0,0,0,0,0,0,0,0,0,392.019043,424.845886,473.466736,544.687378,444.237335,397.966064,359.242004,393.398682,438.419952,536.352722,446.644562,400.123047,357.295563,395.545197,440.812775,539.281189,481.80246,431.618469,385.331573,427.003296,475.870392,582.168823,479.402618,429.468994,37.81274,176789.763737,452.826903,-486.770772,0,true,true,1.0,-0.01,0
2,552,27.6,-21.510903,11.187493,1.445561,-0.671477,17473.915121,0.024714,-0.005374,0.003913,0.246089,0.227713,-135.151337,0.0,0.0,0.0,0.0,0.0,0.0,3.0,353614.013762,866.75405,541.949847,3.987031,0,0,0,0,0,0,0,0,0,0,392.019043,424.845886,473.466736,544.687378,444.237335,397.966064,359.242004,393.398682,438.419952,536.352722,446.644562,400.123047,357.295563,395.545197,440.812775,539.281189,481.80246,431.618469,385.331573,427.003296,475.870392,582.168823,479.402618,429.468994,37.81274,176789.763737,452.826903,-486.770772,0,true,true,1.0,-0.01,0
2,553,27.65,-21.512345,62510.324852,1.445614,62499.225863,17473.91506,0.024084,-0.004489,0.00377,0.247118,0.227532,-135.152313,0.0,0.0,0.0,0.0,0.0,0.0,3.0,353610.826993,876.16156,-256.198033,3.990312,0,0,0,0,0,0,0,0,0,0,392.013397,424.845001,473.463257,544.695129,444.240479,397.966766,359.234894,393.395844,438.41449,536.342163,446.647797,400.123871,357.303101,395.542389,440.807373,539.270691,481.808411,431.621521,385.341614,427.002472,475.867004,582.160522,479.408447,429.471954,37.812801,176789.758625,455.821341,-486.188715,0,true,true,1.0,-0.01,0
2,554,27.7,-21.512345,11.187493,1.445614,-0.671477,17473.91506,0.024084,-0.004489,0.00377,0.247118,0.227532,-135.152313,0.0,0.0,0.0,0.0,0.0,0.0,3.0,353610.826993,876.16156,-256.198033,3.990312,0,0,0,0,0,0,0,0,0,0,392.013397,424.845001,473.463257,544.695129,444.240479,397.966766,359.234894,393.395844,438.41449,536.342163,446.647797,400.123871,357.303101,395.542389,440.807373,539.270691,481.808411,431.621521,385.341614,427.002472,475.867004,582.160522,479.408447,429.471954,37.812801,176789.758625,455.821341,-486.188715,0,true,true,1.0,-0.01,0
2,555,27.75,-21.512345,62510.324852,1.445614,62499.225863,17473.91506,0.024084,-0.004489,0.00377,0.247118,0.227532,-135.152313,0.0,0.0,0.0,0.0,0.0,0.0,3.0,353610.826993,876.16156,-256.198033,3.990312,0,0,0,0,0,0,0,0,0,0,392.013397,424.845001,473.463257,544.695129,444.240479,397.966766,359.234894,393.395844,438.41449,536.342163,446.647797,400.123871,357.303101,395.542389,440.807373,539.270691,481.808411,431.621521,385.341614,427.002472,475.867004,582.160522,479.408447,429.471954,37.812801,176789.758625,455.821341,-486.188715,0,true,true,1.0,-0.01,0
2,556,27.8,-21.512345,11.187493,1.445614,-0.671477,17473.91506,0.024084,-0.004489,0.00377,0.247118,0.227532,-135.152313,0.0,0.0,0.0,0.0,0.0,0.0,3.0,353610.826993,876.16156,-256.198033,3.990312,0,0,0,0,0,0,0,0,0,0,392.013397,424.845001,473.463257,544.695129,444.240479,397.966766,359.234894,393.395844,438.41449,536.342163,446.647797,400.123871,357.303101,395.542389,440.807373,539.270691,481.808411,431.621521,385.341614,427.002472,475.867004,582.160522,479.408447,429.471954,37.812801,176789.758625,455.821341,-486.188715,0,true,true,1.0,-0.01,0
2,557,27.85,-21.512345,62510.324852,1.445614,62499.225863,17473.91506,0.024084,-0.004489,0.00377,0.247118,0.227532,-135.152313,0.0,0.0,0.0,0.0,0.0,0.0,3.0,353610.826993,876.16156,-256.198033,3.990312,0,0,0,0,0,0,0,0,0,0,392.013397,424.845001,473.463257,544.695129,444.240479,397.966766,359.234894,393.395844,438.41449,536.342163,446.647797,400.123871,357.303101,395.542389,440.807373,539.270691,481.808411,431.621521,385.341614,427.002472,475.867004,582.160522,479.408447,429.471954,37.812801,176789.758625,455.821341,-486.188715,0,true,true,1.0,-0.01,0
2,558,27.9,-21.512345,11.187493,1.445614,-0.671477,17473.91506,0.024084,-0.004489,0.00377,0.247118,0.227532,-135.152313,0.0,0.0,0.0,0.0,0.0,0.0,3.0,353610.826993,876.16156,-256.198033,3.990312,0,0,0,0,0,0,0,0,0,0,392.013397,424.845001,473.463257,544.695129,444.240479,397.966766,359.234894,393.395844,438.41449,536.342163,446.647797,400.123871,357.303101,395.542389,440.807373,539.270691,481.808411,431.621521,385.341614,427.002472,475.867004,582.160522,479.408447,429.471954,37.812801,176789.758625,455.821341,-486.188715,0,true,true,1.0,-0.01,0
2,559,27.95,-21.512345,62510.324852,1.445614,62499.225863,17473.91506,0.024084,-0.004489,0.00377,0.247118,0.227532,-135.152313,0.0,0.0,0.0,0.0,0.0,0.0,3.0,353610.826993,876.16156,-256.198033,3.990312,0,0,0,0,0,0,0,0,0,0,392.013397,424.845001,473.463257,544.695129,444.240479,397.966766,359.234894,393.395844,438.41449,536.342163,446.647797,400.123871,357.303101,395.542389,440.807373,539.270691,481.808411,431.621521,385.341614,427.002472,475.867004,582.160522,479.408447,429.471954,37.812801,176789.758625,455.821341,-486.188715,0,true,true,1.0,-0.01,0
2,560,28.0,-21.513758,11.188906,1.445632,-0.671495,17473.915003,0.02346,-0.003717,0.003639,0.248085,0.227358,-135.153275,0.0,0.0,0.0,0.0,0.0,0.0,3.0,353607.628957,885.566444,-1058.486616,3.9925,0,0,0,0,0,0,0,0,0,0,392.007782,424.844116,473.459839,544.702881,444.243622,397.967529,359.227905,393.393036,438.409088,536.331787,446.651001,400.124664,357.310486,395.539612,440.801971,539.260315,481.81427,431.624512,385.351532,427.001587,475.863586,582.152222,479.414246,429.474945,37.812859,176789.753456,458.791269,-485.633297,0,true,true,1.0,-0.01,0
2,561,28.05,-21.513758,62510.324852,1.445632,62499.225863,17473.915003,0.02346,-0.003717,0.003639,0.248085,0.227358,-135.153275,0.0,0.0,0.0,0.0,0.0,0.0,3.0,353607.628957,885.566444,-1058.486616,3.9925,0,0,0,0,0,0,0,0,0,0,392.007782,424.844116,473.459839,544.702881,444.243622,397.967529,359.227905,393.393036,438.409088,536.331787,446.651001,400.124664,357.310486,395.539612,440.801971,539.260315,481.81427,431.624512,385.351532,427.001587,475.863586,582.152222,479.414246,429.474945,37.812859,176789.753456,458.791269,-485.633297,0,true,true,1.0,-0.01,0
2,562,28.1,-21.513758,11.188906,1.445632,-0.671495,17473.915003,0.02346,-0.003717,0.003639,0.248085,0.227358,-135.153275,0.0,0.0,0.0,0.0,0.0,0.0,3.0,353607.628957,885.566444,-1058.486616,3.9925,0,0,0,0,0,0,0,0,0,0,392.007782,424.844116,473.459839,544.702881,444.243622,397.967529,359.227905,393.393036,438.409088,536.331787,446.651001,400.124664,357.310486,395.539612,440.801971,539.260315,481.81427,431.624512,385.351532,427.001587,475.863586,582.152222,479.414246,429.474945,37.812859,176789.753456,458.791269,-485.633297,0,true,true,1.0,-0.01,0
2,563,28.15,-21.513758,62510.324852,1.445632,62499.225863,17473.915003,0.02346,-0.003717,0.003639,0.248085,0.227358,-135.153275,0.0,0.0,0.0,0.0,0.0,0.0,3.0,353607.628957,885.566444,-1058.486616,3.9925,0,0,0,0,0,0,0,0,0,0,392.007782,424.844116,473.459839,544.702881,444.243622,397.967529,359.227905,393.393036,438.409088,536.331787,446.651001,400.124664,357.310486,395.539612,440.801971,539.260315,481.81427,431.624512,385.351532,427.001587,475.863586,582.152222,479.414246,429.474945,37.812859,176789.753456,458.791269,-485.633297,0,true,true,1.0,-0.01,0
2,564,28.2,-21.513758,11.188906,1.445632,-0.671495,17473.915003,0.02346,-0.003717,0.003639,0.248085,0.227358,-135.153275,0.0,0.0,0.0,0.0,0.0,0.0,3.0,353607.628957,885.566444,-1058.486616,3.9925,0,0,0,0,0,0,0,0,0,0,392.007782,424.844116,473.459839,544.702881,444.243622,397.967529,359.227905,393.393036,438.409088,536.331787,446.651001,400.124664,357.310486,395.539612,440.801971,539.260315,481.81427,431.624512,385.351532,427.001587,475.863586,582.152222,479.414246,429.474945,37.812859,176789.753456,458.791269,-485.633297,0,true,true,1.0,-0.01,0
2,565,28.25,-21.513758,62510.324852,1.445632,62499.225863,17473.915003,0.02346,-0.003717,0.003639,0.248085,0.227358,-135.153275,0.0,0.0,0.0,0.0,0.0,0.0,3.0,353607.628957,885.566444,-1058.486616,3.9925,0,0,0,0,0,0,0,0,0,0,392.007782,424.844116,473.459839,544.702881,444.243622,397.967529,359.227905,393.393036,438.409088,536.331787,446.651001,400.124664,357.310486,395.539612,440.801971,539.260315,481.81427,431.624512,385.351532,427.001587,475.863586,582.152222,479.414246,429.474945,37.812859,176789.753456,458.791269,-485.633297,0,true,true,1.0,-0.01,0
2,566,28.3,-21.515149,11.190297,1.445616,-0.671479,17473.91495,0.0,0.0,0.0,0.24898,0.2272,-135.154236,0.0,0.0,0.0,0.0,0.0,0.0,3.0,353604.419006,895.022928,-1864.953179,3.993555,0,0,0,0,0,0,0,0,0,0,392.002136,424.843262,473.456421,544.710693,444.246826,397.968323,359.220978,393.390259,438.403748,536.321472,446.654205,400.125427,357.317841,395.536804,440.7966,539.249878,481.820099,431.627502,385.36145,427.000702,475.860107,582.14386,479.420074,429.477905,37.812912,176789.748107,461.765078,-485.123839,0,true,true,1.0,-0.01,0
2,567,28.35,-21.515149,62510.324852,1.445616,62499.225863,17473.91495,0.0,0.0,0.0,0.24898,0.2272,-135.154236,0.0,0.0,0.0,0.0,0.0,0.0,3.0,353604.419006,895.022928,-1864.953179,3.993555,0,0,0,0,0,0,0,0,0,0,392.002136,424.843262,473.456421,544.710693,444.246826,397.968323,359.220978,393.390259,438.403748,536.321472,446.654205,400.125427,357.317841,395.536804,440.7966,539.249878,481.820099,431.627502,385.36145,427.000702,475.860107,582.14386,479.420074,429.477905,37.812912,176789.748107,461.765078,-485.123839,0,true,true,1.0,-0.01,0
2,568,28.4,-21.515149,11.190297,1.445616,-0.671479,17473.91495,0.0,0.0,0.0,0.24898,0.2272,-135.154236,0.0,0.0,0.0,0.0,0.0,0.0,3.0,353604.419006,895.022928,-1864.953179,3.993555,0,0,0,0,0,0,0,0,0,0,392.002136,424.843262,473.456421,544.710693,444.246826,397.968323,359.220978,393.390259,438.403748,536.321472,446.654205,400.125427,357.317841,395.536804,440.7966,539.249878,481.820099,431.627502,385.36145,427.000702,475.860107,582.14386,479.420074,429.477905,37.812912,176789.748107,461.765078,-485.123839,0,true,true,1.0,-0.01,0
2,569,28.45,-21.515149,62510.324852,1.445616,62499.225863,17473.91495,0.0,0.0,0.0,0.24898,0.2272,-135.154236,0.0,0.0,0.0,0.0,0.0,0.0,3.0,353604.419006,895.022928,-1864.953179,3.993555,0,0,0,0,0,0,0,0,0,0,392.002136,424.843262,473.456421,544.710693,444.246826,397.968323,359.220978,393.390259,438.403748,536.321472,446.654205,400.125427,357.317841,395.536804,440.7966,539.249878,481.820099,431.627502,385.36145,427.000702,475.860107,582.14386,479.420074,429.477905,37.812912,176789.748107,461.765078,-485.123839,0,true,true,1.0,-0.01,0
2,570,28.5,-21.515149,11.190297,1.445616,-0.671479,17473.91495,0.0,0.0,0.0,0.24898,0.2272,-135.154236,0.0,0.0,0.0,0.0,0.0,0.0,3.0,353604.419006,895.022928,-1864.953179,3.993555,0,0,0,0,0,0,0,0,0,0,392.002136,424.843262,473.456421,544.710693,444.246826,397.968323,359.220978,393.390259,438.403748,536.321472,446.654205,400.125427,357.317841,395.536804,440.7966,539.249878,481.820099,431.627502,385.36145,427.000702,475.860107,582.14386,479.420074,429.477905,37.812912,176789.748107,461.765078,-485.123839,0,true,true,1.0,-0.01,0
2,571,28.55,-21.515149,62510.324852,1.445616,62499.225863,17473.91495,0.0,0.0,0.0,0.24898,0.2272,-135.154236,0.0,0.0,0.0,0.0,0.0,0.0,3.0,353604.419006,895.022928,-1864.953179,3.993555,0,0,0,0,0,0,0,0,0,0,392.002136,424.843262,473.456421,544.710693,444.246826,397.968323,359.220978,393.390259,438.403748,536.321472,446.654205,400.125427,357.317841,395.536804,440.7966,539.249878,481.820099,431.627502,385.36145,427.000702,475.860107,582.14386,479.420074,429.477905,37.812912,176789.748107,461.765078,-485.123839,0,true,true,1.0,-0.01,0
2,572,28.6,-21.515149,11.190297,1.445616,-0.671479,17473.91495,0.0,0.0,0.0,0.24898,0.2272,-135.154236,0.0,0.0,0.0,0.0,0.0,0.0,3.0,353604.419006,895.022928,-1864.953179,3.993555,0,0,0,0,0,0,0,0,0,0,392.002136,424.843262,473.456421,544.710693,444.246826,397.968323,359.220978,393.390259,438.403748,536.321472,446.654205,400.125427,357.317841,395.536804,440.7966,539.249878,481.820099,431.627502,385.36145,427.000702,475.860107,582.14386,479.420074,429.477905,37.812912,176789.748107,461.765078,-485.123839,0,true,true,1.0,-0.01,0
2,573,28.65,-21.475825,62510.285528,1.470851,62499.200628,17473.918776,-0.661944,-0.2088,0.120439,0.231846,0.157148,-135.156113,0.0,0.0,0.0,0.0,0.0,0.0,3.0,353603.511127,908.396732,-2423.228721,3.992754,0,0,0,0,0,0,0,0,0,0,391.927887,424.790588,473.392914,544.740601,444.265045,397.98056,359.161194,393.395538,438.405151,536.315735,446.713715,400.174652,357.364349,395.578979,440.839081,539.294434,481.815796,431.619232,385.310486,426.984924,475.837677,582.108337,479.374481,429.432678,37.809086,176790.150663,466.571707,-269.086689,0,true,true,1.0,-0.01,0
2,574,28.7,-21.47983,11.194302,1.458187,-0.658815,17473.920748,0.421154,0.379448,0.048765,0.220313,0.175122,-135.157486,0.0,0.0,0.0,0.0,0.279972,0.279972,3.0,353599.0044,921.580682,-3762.302834,3.990723,0,0,0,0,0,0,0,0,0,0,391.92157,424.800446,473.400421,544.762939,444.278717,397.989868,359.171387,393.399719,438.406555,536.312073,446.706726,400.165405,357.355804,395.564606,440.819824,539.265381,481.815887,431.616119,385.329895,426.976257,475.824493,582.086365,479.395233,429.44809,37.807114,176790.057493,470.985949,-324.623431,0,true,true,1.0,-0.01,0
2,575,28.75,-21.492054,62510.297752,1.447889,62499.210925,17473.918975,0.0,0.0,0.0,0.221848,0.198226,-135.158203,0.0,0.0,0.0,0.0,1.581147,2.466589,3.0,353594.6633,929.798201,-4727.539205,3.987363,0,0,0,0,0,0,0,0,0,0,391.933807,424.816101,473.416016,544.768555,444.280914,397.990295,359.184143,393.397522,438.402466,536.30426,446.692108,400.150787,357.34726,395.547363,440.79892,539.237,481.821564,431.619537,385.356537,426.976837,475.823303,582.081848,479.417755,429.466583,37.808887,176789.921579,473.461405,-395.890158,0,true,true,1.0,-0.01,0
2,576,28.8,-21.500021,11.202269,1.442121,-0.653047,17473.91788,0.168642,0.11782,0.020801,0.223709,0.211623,-135.158951,0.0,0.0,0.0,0.0,0.489951,1.259874,3.0,353590.520471,938.151962,-5636.944581,3.982813,0,0,0,0,0,0,0,0,0,0,391.939545,424.825012,473.424042,544.773987,444.282898,397.990448,359.188843,393.394897,438.397705,536.295471,446.684662,400.142487,357.345306,395.536255,440.78476,539.216675,481.827454,431.623047,385.376129,426.977295,475.821899,582.076904,479.433044,429.478546,37.809982,176789.827232,475.96164,-437.204564,0,true,true,1.0,-0.01,0
2,577,28.85,-21.500021,62510.297752,1.442121,62499.210925,17473.91788,0.168642,0.11782,0.020801,0.223709,0.211623,-135.158951,0.0,0.0,0.0,0.0,0.489951,1.259874,3.0,353590.520471,938.151962,-5636.944581,3.982813,0,0,0,0,0,0,0,0,0,0,391.939545,424.825012,473.424042,544.773987,444.282898,397.990448,359.188843,393.394897,438.397705,536.295471,446.684662,400.142487,357.345306,395.536255,440.78476,539.216675,481.827454,431.623047,385.376129,426.977295,475.821899,582.076904,479.433044,429.478546,37.809982,176789.827232,475.96164,-437.204564,0,true,true,1.0,-0.01,0
2,578,28.9,-21.505474,11.207721,1.438976,-0.649902,17473.917184,0.113138,0.061879,0.014679,0.225708,0.219329,-135.15976,0.0,0.0,0.0,0.0,0.0,0.0,3.0,353586.58959,946.731433,-6515.301438,3.97707,0,0,0,0,0,0,0,0,0,0,391.941284,424.829956,473.42749,544.779602,444.284851,397.990448,359.18869,393.391937,438.392548,536.286011,446.681488,400.137909,357.34729,395.528717,440.774445,539.200928,481.833496,431.626587,385.391663,426.977631,475.820221,582.071411,479.444183,429.486694,37.810677,176789.766033,478.533187,-460.957163,0,true,true,1.0,-0.01,0
2,579,28.95,-21.509448,62510.301726,1.437329,62499.212572,17473.916724,0.080384,0.03015,0.011022,0.22771,0.223746,-135.160583,0.0,0.0,0.0,0.0,0.0,0.0,3.0,353582.828034,955.498173,-7377.431868,3.970078,0,0,0,0,0,0,0,0,0,0,391.940582,424.83255,473.428284,544.785339,444.286804,397.990448,359.185699,393.388855,438.387146,536.276123,446.680756,400.135468,357.351593,395.523193,440.766327,539.187683,481.8396,431.630096,385.404846,426.977814,475.818298,582.065552,479.452972,429.492615,37.811138,176789.726886,481.161122,-474.558932,0,true,true,1.0,-0.01,0
2,580,29.0,-21.478528,11.176802,1.456865,-0.669438,17473.92164,0.0,0.0,0.0,0.212778,0.168394,-135.161942,0.0,0.0,0.0,0.0,0.0,0.0,3.0,353587.146783,963.882089,-7880.593479,3.957031,0,0,0,0,0,0,0,0,0,0,391.883118,424.791565,473.37915,544.807983,444.300781,398.000031,359.140045,393.393402,438.389008,536.27301,446.726715,400.173676,357.386749,395.556305,440.799988,539.223511,481.835327,431.623138,385.363831,426.965393,475.800964,582.038513,479.416748,429.457001,37.806221,176790.057562,484.61427,-303.871524,0,true,true,1.0,-0.01,0
2,581,29.05,-21.436024,62510.259222,1.466189,62499.203248,17473.925105,-0.542789,-0.055786,0.086819,0.171482,0.115901,-135.163345,0.0,0.0,0.0,0.0,0.0,0.0,3.0,353591.186997,970.21933,-8973.512318,3.938438,0,0,0,0,0,0,0,0,0,0,391.806488,424.749939,473.329163,544.853455,444.333221,398.026062,359.108673,393.414215,438.408905,536.29187,446.774445,400.213409,357.405151,395.590759,440.835052,539.260803,481.813965,431.600708,385.306885,426.937378,475.766174,581.989929,479.380096,429.420898,37.802757,176790.214817,488.260836,-142.234148,0,true,true,1.0,-0.01,0
2,582,29.1,-21.40314,11.143918,1.474353,-0.677602,17473.928284,-0.578261,-0.134198,0.099253,0.141069,0.073333,-135.165283,0.0,0.0,0.0,0.0,0.0,0.0,3.0,353596.22468,979.502101,-9793.59308,3.922656,0,0,0,0,0,0,0,0,0,0,391.740631,424.715576,473.28595,544.896118,444.361633,398.047333,359.076782,393.428284,438.420013,536.297791,446.816254,400.246643,357.427429,395.61676,440.859406,539.282959,481.802612,431.586029,385.269775,426.914948,475.736206,581.945007,479.355347,429.394226,37.799576,176790.227113,493.858099,-11.13095,0,true,true,1.0,-0.01,0
2,583,29.15,-21.368402,62510.224484,1.476301,62499.201301,17473.932615,-0.261824,0.133419,0.034907,0.100099,0.032915,-135.167511,0.0,0.0,0.0,0.0,0.0,0.0,3.0,353602.096205,988.387746,-10953.865157,3.898633,0,0,0,0,0,0,0,0,0,0,391.668915,424.684082,473.245178,544.949951,444.398224,398.075317,359.052277,393.447968,438.436646,536.309387,446.856079,400.277496,357.442169,395.639252,440.879181,539.298279,481.786407,431.566254,385.233246,426.886292,475.698547,581.889404,479.335876,429.371613,37.795246,176790.146462,500.53995,113.246917,0,true,true,1.0,-0.01,0
2,584,29.2,-21.35884,11.134356,1.46541,-0.66671,17473.935429,0.0,0.0,0.0,0.073604,0.03258,-135.16832,0.0,0.0,0.0,0.0,0.0,0.0,3.0,353601.325809,990.175443,-12402.217326,3.87041,0,0,0,0,0,0,0,0,0,0,391.646179,424.683502,473.242462,544.978149,444.418549,398.091797,359.061859,393.461487,438.449829,536.322327,446.858612,400.278046,357.429932,395.63681,440.874573,539.28949,481.77359,431.552917,385.226288,426.869751,475.67804,581.860901,479.340851,429.374207,37.792431,176790.139695,503.072836,114.055305,0,true,true,1.0,-0.01,0
2,585,29.25,-21.355467,62510.221111,1.460206,62499.206505,17473.936669,-0.068907,0.086741,0.017569,0.061944,0.033172,-135.168549,0.0,0.0,0.0,0.0,0.0,0.0,3.0,353600.575572,990.2564,-13482.41749,3.846367,0,0,0,0,0,0,0,0,0,0,391.638428,424.684387,473.242859,544.988953,444.426605,398.098511,359.067749,393.467346,438.455811,536.328735,446.858154,400.27713,357.423096,395.635071,440.87207,539.285522,481.76767,431.547089,385.223602,426.863007,475.669983,581.850098,479.343475,429.376007,37.791191,176790.140123,503.810583,112.126716,0,true,true,1.0,-0.01,0
2,586,29.3,-21.355038,11.133927,1.454165,-0.66067,17473.93767,0.004467,0.079164,0.012837,0.052513,0.03725,-135.168579,0.0,0.0,0.0,0.0,0.0,0.0,3.0,353598.677753,989.654391,-14972.873388,3.811484,0,0,0,0,0,0,0,0,0,0,391.636658,424.688446,473.247284,544.995789,444.432098,398.103333,359.076752,393.472015,438.460938,536.3349,446.85376,400.273102,357.41394,395.63089,440.86734,539.279602,481.762604,431.54245,385.224091,426.858215,475.664551,581.843262,479.348267,429.380219,37.790192,176790.15124,503.961569,99.4633,0,true,true,1.0,-0.01,0
2,587,29.35,-21.35399,62510.220063,1.452124,62499.208546,17473.938179,0.0,0.0,0.0,0.047742,0.036752,-135.168777,0.0,0.0,0.0,0.0,0.0,0.0,3.0,353598.109651,990.549211,-16057.27982,3.782363,0,0,0,0,0,0,0,0,0,0,391.633148,424.688782,473.247162,545.000793,444.435516,398.105988,359.078278,393.473907,438.462585,536.336121,446.853851,400.272766,357.412109,395.629822,440.865662,539.276733,481.761047,431.540588,385.224335,426.85556,475.661072,581.838196,479.350037,429.381348,37.78968,176790.149316,504.585461,100.957547,0,true,true,1.0,-0.01,0
2,588,29.4,-21.355002,11.134939,1.448823,-0.657368,17473.938607,-0.025772,0.010687,0.003202,0.043714,0.039151,-135.169434,0.0,0.0,0.0,0.0,0.0,0.0,3.0,353596.41269,994.610368,-17572.543741,3.739727,0,0,0,0,0,0,0,0,0,0,391.628998,424.690674,473.247589,545.009399,444.440338,398.108887,359.078674,393.474396,438.461578,536.332336,446.853302,400.270844,357.411987,395.625488,440.859283,539.266357,481.76236,431.540253,385.231628,426.852631,475.656128,581.829285,479.35675,429.385864,37.789253,176790.150657,506.613357,93.520982,0,true,true,1.0,-0.01,0
2,589,29.45,-21.357322,62510.222383,1.445382,62499.211986,17473.938871,0.103867,0.108781,0.013641,0.041211,0.043007,-135.170059,0.0,0.0,0.0,0.0,0.0,0.0,3.0,353594.081115,998.787308,-19133.732959,3.693164,0,0,0,0,0,0,0,0,0,0,391.627106,424.693665,473.24939,545.016418,444.444061,398.110901,359.079742,393.474121,438.459808,536.327698,446.85141,400.267822,357.411591,395.620148,440.851868,539.254822,481.764496,431.54071,385.240692,426.850616,475.652283,581.82196,479.364502,429.391357,37.78899,176790.155113,508.535925,81.604478,0,true,true,1.0,-0.01,0
2,590,29.5,-21.355855,11.133473,1.446146,-0.658132,17473.939046,-0.055322,-0.029214,0.010987,0.039603,0.038861,-135.170517,0.0,0.0,0.0,0.0,0.0,0.0,3.0,353594.693906,1001.890203,-20223.400034,3.653828,0,0,0,0,0,0,0,0,0,0,391.621155,424.691101,473.245331,545.021606,444.446716,398.112274,359.07486,393.473755,438.458313,536.324036,446.855347,400.270294,357.416077,395.620911,440.851593,539.252686,481.766174,431.541138,385.242065,426.849152,475.649445,581.816528,479.364929,429.390656,37.788815,176790.143039,509.972139,94.383118,0,true,true,1.0,-0.01,0
2,591,29.55,-21.357543,62510.224071,1.443722,62499.21441,17473.939248,0.0,0.0,0.0,0.0377,0.04103,-135.171112,0.0,0.0,0.0,0.0,0.0,0.0,3.0,353592.842153,1005.845157,-21755.575937,3.600742,0,0,0,0,0,0,0,0,0,0,391.618683,424.692963,473.245911,545.027954,444.449982,398.113922,359.074493,393.473236,438.45636,536.319336,446.854645,400.268402,357.416931,395.616821,440.845673,539.243103,481.768463,431.541809,385.249756,426.847473,475.646088,581.809875,479.371155,429.394867,37.788612,176790.144152,511.788157,87.676639,0,true,true,1.0,-0.01,0
2,592,29.6,-21.357164,11.133094,1.443812,-0.658222,17473.93936,-0.035113,-0.019635,0.007085,0.036657,0.038818,-135.171555,0.0,0.0,0.0,0.0,0.0,0.0,3.0,353592.905389,1008.906549,-22874.11137,3.556113,0,0,0,0,0,0,0,0,0,0,391.614502,424.691742,473.243408,545.032471,444.452209,398.11496,359.071014,393.472656,438.45462,536.315491,446.857025,400.269592,357.420319,395.616364,440.844086,539.23938,481.770386,431.54248,385.252716,426.846375,475.643707,581.805115,479.372925,429.395416,37.788502,176790.136345,513.156035,94.490675,0,true,true,1.0,-0.01,0
2,593,29.65,-21.359717,62510.226624,1.441358,62499.216864,17473.93944,-0.034956,-0.032225,0.009495,0.035884,0.041867,-135.172134,0.0,0.0,0.0,0.0,0.0,0.0,3.0,353590.544938,1013.190648,-24462.596075,3.492832,0,0,0,0,0,0,0,0,0,0,391.613434,424.694275,473.244751,545.037964,444.454773,398.115997,359.070831,393.471527,438.451996,536.309998,446.855591,400.267029,357.421234,395.611633,440.837463,539.229004,481.773346,431.543762,385.261749,426.845306,475.641052,581.799316,479.379852,429.400269,37.788422,176790.139413,514.961955,85.079215,2,true,false,0.972329,-0.01,0
2,594,29.7,-21.35968,11.133057,1.441445,-0.658309,17473.939504,0.0,0.0,0.0,0.035308,0.039964,-135.172592,0.0,0.0,0.0,0.0,0.0,0.0,3.0,353590.541727,1016.438717,-25608.320597,3.442832,0,0,0,0,0,0,0,0,0,0,391.609711,424.693298,473.242493,545.042236,444.456757,398.116821,359.067322,393.470673,438.449982,536.305725,446.857727,400.267975,357.424713,395.610901,440.835541,539.224854,481.775574,431.544739,385.26532,426.844452,475.638916,581.7948,479.381958,429.401093,37.788357,176790.132347,516.353176,90.946996,0,true,false,0.945348,-0.01,0
2,595,29.75,-21.360732,62510.227676,1.44047,62499.217839,17473.939579,0.020565,0.025213,0.003259,0.034614,0.039801,-135.173157,0.0,0.0,0.0,0.0,0.0,0.0,3.0,353589.527863,1020.555033,-27165.357127,3.372793,0,0,0,0,0,0,0,0,0,0,391.606628,424.693665,473.241486,545.047546,444.459229,398.117828,359.064789,393.469574,438.447418,536.300354,446.858643,400.267578,357.427582,395.608368,440.831421,539.217529,481.778381,431.545929,385.271637,426.843384,475.636292,581.789185,479.386353,429.403717,37.78828,176790.128423,518.096945,91.443004,0,true,false,0.909262,-0.01,0
2,596,29.8,-21.365117,11.137442,1.437095,-0.654934,17473.9395,-0.047781,-0.059026,0.016884,0.035284,0.04609,-135.173462,0.0,0.0,0.0,0.0,0.0,0.0,3.0,353585.530978,1023.592378,-28483.909937,3.311875,0,0,0,0,0,0,0,0,0,0,391.610474,424.698761,473.246368,545.049561,444.459839,398.117706,359.068329,393.468292,438.445282,536.296509,446.853729,400.262512,357.425262,395.602173,440.823761,539.20697,481.780762,431.547333,385.281433,426.843536,475.635681,581.787109,479.394257,429.410065,37.788361,176790.140048,519.062227,72.044593,0,true,false,0.879819,-0.01,0
2,597,29.85,-21.362857,62510.225416,1.439434,62499.2155,17473.939578,-0.025962,-0.016381,0.005422,0.034613,0.038788,-135.174026,0.0,0.0,0.0,0.0,0.0,0.0,3.0,353588.090971,1027.692069,-29981.63142,3.233242,0,0,0,0,0,0,0,0,0,0,391.602631,424.694244,473.239868,545.054871,444.462311,398.118683,359.06012,393.467163,438.442657,536.291077,446.860046,400.266907,357.432831,395.604462,440.824951,539.206177,481.7836,431.548523,385.282166,426.842438,475.632996,581.781372,479.393219,429.407837,37.788284,176790.121031,520.813522,94.571539,0,true,false,0.84455,-0.01,0
2,598,29.9,-21.36365,11.138235,1.438629,-0.654129,17473.939643,-0.013206,-0.00608,0.00255,0.034003,0.038817,-135.174469,0.0,0.0,0.0,0.0,0.0,0.0,3.0,353587.273548,1030.777971,-31160.764763,3.171309,0,0,0,0,0,0,0,0,0,0,391.600189,424.69455,473.239105,545.059082,444.464294,398.119507,359.058228,393.46637,438.440765,536.286987,446.860718,400.266571,357.434967,395.602478,440.821716,539.200439,481.785736,431.549408,385.287048,426.841553,475.63089,581.776917,479.396667,429.409882,37.788216,176790.118219,522.167128,94.475567,0,true,false,0.817765,-0.01,0
2,599,29.95,-21.364062,62510.225827,1.438054,62499.216075,17473.939752,-0.004528,0.00435,0.001035,0.032993,0.03769,-135.175034,0.0,0.0,0.0,0.0,0.0,0.0,3.0,353586.859512,1034.628527,-32704.552905,3.08582,0,0,0,0,0,0,0,0,0,0,391.596161,424.694153,473.237213,545.064697,444.46701,398.120697,359.054932,393.465454,438.438385,536.28186,446.862488,400.266937,357.438385,395.600708,440.81839,539.194153,481.788361,431.550446,385.292358,426.840302,475.628052,581.771057,479.400238,429.411774,37.788109,176790.111835,523.921953,97.947508,0,true,false,0.782748,-0.01,0
2,600,30.0,-21.366308,11.140481,1.436101,-0.652175,17473.939796,0.009619,0.008938,0.001052,0.032566,0.039947,-135.175613,0.0,0.0,0.0,0.0,0.0,0.0,3.0,353584.45405,1038.801258,-34322.421272,2.993867,0,0,0,0,0,0,0,0,0,0,391.594788,424.696136,473.237946,545.069824,444.46933,398.121552,359.054047,393.464233,438.435669,536.276306,446.861633,400.264923,357.439911,395.596619,440.812469,539.184692,481.791382,431.551819,385.30069,426.839417,475.62558,581.765625,479.406433,429.415985,37.788067,176790.113324,525.675171,90.978347,0,true,false,0.746782,-0.01,0
2,601,30.05,-21.366166,62510.225685,1.436316,62499.21586,17473.939849,0.0,0.0,0.0,0.032092,0.037902,-135.176041,0.0,0.0,0.0,0.0,0.0,0.0,3.0,353584.893769,1041.82313,-35483.740348,2.922207,0,0,0,0,0,0,0,0,0,0,391.591095,424.695007,473.235626,545.073914,444.471191,398.122314,359.050507,393.463379,438.433716,536.272217,446.863861,400.265991,357.44342,395.5961,440.810852,539.180969,481.793549,431.552765,385.303894,426.838623,475.623596,581.761353,479.408234,429.416595,37.788013,176790.105769,527.000142,97.285504,0,true,false,0.720616,-0.01,0
2,602,30.1,-21.370589,11.144904,1.433069,-0.648929,17473.939766,-0.058816,-0.068443,0.019762,0.032817,0.043612,-135.176498,0.0,0.0,0.0,0.0,0.0,0.0,3.0,353580.068839,1046.097607,-37227.654635,2.81582,0,0,0,0,0,0,0,0,0,0,391.593811,424.699768,473.239746,545.077148,444.472351,398.122345,359.052734,393.461731,438.430786,536.266846,446.859711,400.261261,357.442444,395.589661,440.802612,539.169128,481.796783,431.554596,385.314941,426.838593,475.622406,581.757935,479.416748,429.423187,37.788094,176790.115758,528.42308,79.675414,0,true,false,0.682769,-0.01,0
2,603,30.15,-21.369639,62510.224735,1.434345,62499.214584,17473.939784,-0.033418,-0.031098,0.009169,0.03269,0.039437,-135.17688,0.0,0.0,0.0,0.0,0.0,0.0,3.0,353581.939097,1049.056861,-38405.600056,2.736699,0,0,0,0,0,0,0,0,0,0,391.589386,424.697357,473.236084,545.080444,444.473785,398.122803,359.04776,393.460754,438.428802,536.262939,446.863251,400.263611,357.447144,395.590576,440.802704,539.167725,481.798889,431.555573,385.316376,426.838074,475.620819,581.754333,479.416779,429.422302,37.788078,176790.104386,529.600664,92.557902,0,true,false,0.656271,-0.01,0
2,604,30.2,-21.377018,11.152283,1.428323,-0.642907,17473.939694,0.11185,0.081441,0.014254,0.033583,0.050306,-135.177185,0.0,0.0,0.0,0.0,0.0,0.0,3.0,353573.110937,1052.61922,-40258.83799,2.621719,0,0,0,0,0,0,0,0,0,0,391.597534,424.706604,473.245636,545.082092,444.474121,398.122437,359.055847,393.45929,438.426422,536.258789,446.853729,400.254425,357.441132,395.580261,440.790497,539.15155,481.801575,431.557281,385.331207,426.838531,475.620544,581.752686,479.429291,429.4328,37.788166,176790.125364,530.558489,59.028089,0,true,false,0.617198,-0.01,0
2,605,30.25,-21.374043,62510.22176,1.43185,62499.211056,17473.939664,-0.038688,-0.039727,0.011612,0.033789,0.041357,-135.177521,0.0,0.0,0.0,0.0,0.0,0.0,3.0,353578.484394,1055.509834,-41431.176807,2.529609,0,0,0,0,0,0,0,0,0,0,391.590668,424.701141,473.238678,545.084656,444.475098,398.12262,359.047485,393.458221,438.424469,536.255066,446.860504,400.259766,357.448639,395.584381,440.794281,539.154846,481.803589,431.558289,385.328735,426.838226,475.619354,581.749817,479.425537,429.42868,37.788197,176790.106351,531.569662,86.643858,0,true,false,0.59051,-0.01,0
2,606,30.3,-21.373718,11.151958,1.432281,-0.643338,17473.939737,-0.022224,-0.01502,0.00474,0.033131,0.038257,-135.178116,0.0,0.0,0.0,0.0,0.0,0.0,3.0,353579.622987,1059.619479,-43043.581903,2.410098,0,0,0,0,0,0,0,0,0,0,391.585419,424.699432,473.23526,545.09021,444.477661,398.123627,359.042358,393.457062,438.421753,536.249451,446.8638,400.261444,357.453705,395.583832,440.792267,539.150085,481.806549,431.55957,385.332916,426.837097,475.616608,581.743958,479.427795,429.429321,37.788124,176790.095387,533.391502,96.2026,0,true,false,0.555247,-0.01,0
2,607,30.35,-21.374477,62510.222518,1.431602,62499.211735,17473.939813,-0.023719,-0.015901,0.005043,0.032424,0.037571,-135.17865,0.0,0.0,0.0,0.0,0.0,0.0,3.0,353579.056529,1063.379178,-44680.709507,2.285508,0,0,0,0,0,0,0,0,0,0,391.582092,424.699402,473.233826,545.095337,444.480072,398.124603,359.03949,393.455994,438.419312,536.244324,446.865082,400.261414,357.456818,395.581787,440.788696,539.143555,481.809265,431.56073,385.338593,426.83609,475.614075,581.738525,479.43161,429.431458,37.788048,176790.090158,535.073751,98.314944,0,true,false,0.520004,-0.01,0
2,608,30.4,-21.37577,11.153252,1.430581,-0.642316,17473.939839,0.0,0.0,0.0,0.032177,0.038382,-135.179047,0.0,0.0,0.0,0.0,0.0,0.0,3.0,353577.581712,1066.35013,-45942.563184,2.187246,0,0,0,0,0,0,0,0,0,0,391.58075,424.700317,473.233856,545.098877,444.481628,398.125153,359.038269,393.455078,438.417328,536.240356,446.86499,400.260468,357.458374,395.579346,440.785065,539.137512,481.811462,431.561768,385.343964,426.83551,475.612396,581.734741,479.435455,429.43396,37.788021,176790.089445,536.302938,95.812044,0,true,false,0.493173,-0.01,0
2,609,30.45,-21.377082,62510.223829,1.429602,62499.212714,17473.939876,-0.04169,-0.038521,0.011427,0.031833,0.038585,-135.179596,0.0,0.0,0.0,0.0,0.0,0.0,3.0,353576.288041,1070.380897,-47617.710011,2.051875,0,0,0,0,0,0,0,0,0,0,391.578217,424.700928,473.233124,545.10376,444.483826,398.125946,359.035919,393.453827,438.414673,536.234924,446.865601,400.259827,357.461121,395.576691,440.780792,539.130127,481.814392,431.56311,385.350525,426.834686,475.610077,581.729553,479.439972,429.436768,37.787987,176790.086272,537.991947,95.182783,0,true,false,0.457645,-0.01,0
2,610,30.5,-21.377709,11.15388,1.429105,-0.641819,17473.939943,0.002726,0.006937,0.00097,0.031221,0.03761,-135.180161,0.0,0.0,0.0,0.0,0.0,0.0,3.0,353576.00666,1074.185192,-49264.381079,1.914453,0,0,0,0,0,0,0,0,0,0,391.574615,424.700653,473.231415,545.108948,444.486237,398.126892,359.032654,393.452728,438.41214,536.229614,446.867188,400.260071,357.4646,395.57486,440.777405,539.123779,481.8172,431.564331,385.356049,426.833679,475.607544,581.724121,479.443604,429.438721,37.787918,176790.080221,539.699167,98.186878,0,true,false,0.422792,-0.01,0
2,611,30.55,-21.380083,62510.226203,1.42726,62499.21456,17473.93993,0.031157,0.023892,0.003793,0.031304,0.040419,-135.180542,0.0,0.0,0.0,0.0,0.0,0.0,3.0,353572.678689,1077.331632,-50581.290042,1.804297,0,0,0,0,0,0,0,0,0,0,391.574951,424.703003,473.233063,545.112061,444.487518,398.127228,359.03299,393.45166,438.410034,536.225586,446.865479,400.25769,357.464905,395.571075,440.772308,539.116028,481.819519,431.565521,385.363068,426.833313,475.606171,581.720825,479.448914,429.442596,37.78793,176790.084191,540.881873,89.519367,0,true,false,0.395542,-0.01,0
2,612,30.6,-21.380206,11.154003,1.427633,-0.642193,17473.93994,0.0,0.0,0.0,0.031232,0.037844,-135.181076,0.0,0.0,0.0,0.0,0.0,0.0,3.0,353573.823165,1081.467014,-52257.835476,1.651934,0,0,0,0,0,0,0,0,0,0,391.570892,424.701782,473.230316,545.116699,444.489502,398.127869,359.028473,393.450317,438.407288,536.220093,446.868103,400.258881,357.469482,395.570282,440.770142,539.111328,481.82251,431.566956,385.367493,426.832611,475.604034,581.715942,479.451294,429.443481,37.787922,176790.074792,542.520598,97.464626,0,true,false,0.360254,-0.01,0
2,613,30.65,-21.382625,62510.228622,1.425589,62499.216604,17473.93995,0.082437,0.069041,0.009897,0.031127,0.040997,-135.181473,0.0,0.0,0.0,0.0,0.0,0.0,3.0,353570.021425,1084.588906,-53578.055992,1.537324,0,0,0,0,0,0,0,0,0,0,391.571075,424.704254,473.232056,545.120178,444.491058,398.128387,359.028961,393.449341,438.405212,536.216003,446.866302,400.256409,357.469666,395.566284,440.76474,539.103088,481.824829,431.568085,385.374847,426.832123,475.602417,581.712219,479.45694,429.447601,37.78791,176790.079186,543.776171,87.736063,0,true,false,0.333284,-0.01,0
2,614,30.7,-21.382873,11.154251,1.426079,-0.642683,17473.939926,-0.041113,-0.038586,0.011404,0.031361,0.038377,-135.181992,0.0,0.0,0.0,0.0,0.0,0.0,3.0,353571.300326,1088.979485,-55294.925962,1.370234,0,0,0,0,0,0,0,0,0,0,391.567261,424.703033,473.22937,545.124451,444.492798,398.128815,359.024353,393.447815,438.402313,536.210388,446.868866,400.257568,357.474396,395.565491,440.762604,539.098389,481.827972,431.569672,385.379364,426.831604,475.600525,581.707642,479.459259,429.448456,37.787933,176790.069851,545.387787,95.824618,0,true,false,0.297553,-0.01,0
2,615,30.75,-21.383433,62510.229182,1.425649,62499.217034,17473.939993,0.013049,0.016312,0.002081,0.030747,0.037301,-135.182587,0.0,0.0,0.0,0.0,0.0,0.0,3.0,353571.228785,1092.920469,-56980.108067,1.207656,0,0,0,0,0,0,0,0,0,0,391.563324,424.702606,473.227386,545.129944,444.495331,398.129822,359.020721,393.446655,438.399597,536.204773,446.870697,400.257935,357.47818,395.56369,440.759216,539.091919,481.830963,431.570984,385.38504,426.830536,475.597809,581.701843,479.462921,429.450378,37.787868,176790.063119,547.201717,99.138562,0,true,false,0.262889,-0.01,0
2,616,30.8,-21.384818,11.155636,1.424677,-0.641711,17473.939994,-0.021475,-0.020457,0.005881,0.030732,0.038121,-135.182983,0.0,0.0,0.0,0.0,0.0,0.0,3.0,353569.540954,1096.029086,-58295.312715,1.076875,0,0,0,0,0,0,0,0,0,0,391.562164,424.703552,473.227448,545.133301,444.496765,398.130249,359.019501,393.445648,438.397552,536.200684,446.870575,400.256958,357.479797,395.561249,440.755554,539.085876,481.833221,431.572083,385.390503,426.830078,475.596283,581.698303,479.466766,429.452911,37.787868,176790.062435,548.412247,96.608884,0,true,false,0.236191,-0.01,0
2,617,30.85,-21.386026,62510.23039,1.423928,62499.217783,17473.94001,-0.029262,-0.027957,0.008162,0.030583,0.037992,-135.183502,0.0,0.0,0.0,0.0,0.0,0.0,3.0,353568.51411,1100.041415,-60034.079437,0.899336,0,0,0,0,0,0,0,0,0,0,391.559662,424.703949,473.226562,545.137878,444.498749,398.13092,359.016907,393.444366,438.394897,536.195374,446.871338,400.256531,357.482727,395.558868,440.751648,539.079041,481.836151,431.573486,385.396698,426.829376,475.594177,581.693481,479.470917,429.455414,37.787849,176790.058574,550.030451,97.005228,0,true,false,0.200935,-0.01,0
2,618,30.9,-21.388867,11.158477,1.421951,-0.639734,17473.939969,-0.005372,-0.013417,0.003575,0.030948,0.040826,-135.184021,0.0,0.0,0.0,0.0,0.0,0.0,3.0,353564.262779,1104.560035,-61856.938629,0.712148,0,0,0,0,0,0,0,0,0,0,391.559662,424.706512,473.228088,545.141907,444.500366,398.131256,359.016571,393.44281,438.391968,536.189758,446.86972,400.253967,357.483856,395.554413,440.745483,539.069519,481.839386,431.575165,385.405518,426.82901,475.592468,581.689209,479.477386,429.459991,37.787891,176790.061636,551.610544,88.267663,0,true,false,0.164574,-0.01,0
2,619,30.95,-21.388479,62510.230002,1.422695,62499.217039,17473.939982,0.0,0.0,0.0,0.030851,0.037926,-135.184402,0.0,0.0,0.0,0.0,0.0,0.0,3.0,353566.517223,1107.595836,-63146.260492,0.569258,0,0,0,0,0,0,0,0,0,0,391.555939,424.704865,473.225281,545.145325,444.501862,398.131714,359.012421,393.441803,438.389923,536.18573,446.872437,400.255524,357.487946,395.554504,440.744659,539.066895,481.841583,431.576233,385.40802,426.828461,475.590851,581.685547,479.478363,429.459961,37.78788,176790.052336,552.829279,97.215294,0,true,false,0.138387,-0.01,0
2,620,31.0,-21.390053,11.160051,1.421495,-0.638534,17473.93999,-0.00101,-0.003068,0.000871,0.030752,0.039223,-135.184799,0.0,0.0,0.0,0.0,0.0,0.0,3.0,353563.87068,1110.890454,-64931.414496,0.375176,0,0,0,0,0,0,0,0,0,0,391.555023,424.706146,473.225647,545.148743,444.503357,398.132202,359.011566,393.440826,438.387878,536.181641,446.871979,400.254272,357.489258,395.551758,440.740662,539.060425,481.843842,431.577332,385.413818,426.827972,475.589264,581.681946,479.482574,429.462799,37.787872,176790.052617,554.054691,93.210735,0,true,false,0.102977,-0.01,0
2,621,31.05,-21.392139,62510.232089,1.42007,62499.218464,17473.939977,0.025838,0.016823,0.003269,0.03087,0.040711,-135.185349,0.0,0.0,0.0,0.0,0.0,0.0,3.0,353561.212206,1115.135053,-66309.219126,0.222891,0,0,0,0,0,0,0,0,0,0,391.553619,424.707642,473.225952,545.15332,444.50528,398.132751,359.009979,393.439362,438.384949,536.175903,446.871582,400.252747,357.491425,395.548218,440.735382,539.051819,481.847076,431.578949,385.421692,426.827393,475.587219,581.677063,479.488098,429.466492,37.787884,176790.052165,555.741324,88.623513,0,true,false,0.075853,-0.01,0
2,622,31.1,-21.393979,11.16189,1.418999,-0.637463,17473.939953,0.07583,0.061342,0.009198,0.031095,0.041505,-135.185867,0.0,0.0,0.0,0.0,0.0,0.0,0,0,0,0,0,0,0,0,0,0,0,0,0,0,0,391.552185,424.708771,473.225891,545.157471,444.506958,398.133179,359.008087,393.437866,438.38208,536.17041,446.871552,400.251587,357.493835,395.545135,440.730774,539.044128,481.85022,431.580536,385.428833,426.826935,475.585419,581.672668,479.492981,429.469666,37.787907,176790.050451,557.32434,86.175283,0,true,false,0.039858,-0.01,0
2,623,31.15,-21.393199,62510.231309,1.420134,62499.217329,17473.939981,0.0,0.0,0.0,0.030858,0.037221,-135.186386,0.0,0.0,0.0,0.0,0.0,0.0,0,0,0,0,0,0,0,0,0,0,0,0,0,0,0,391.546844,424.706329,473.221832,545.162109,444.509033,398.133881,359.002319,393.436646,438.379456,536.165161,446.875458,400.253967,357.49942,395.545563,440.72998,539.041138,481.853058,431.581879,385.431702,426.826141,475.583191,581.667725,479.493958,429.46933,37.78788,176790.037059,558.940166,99.393316,0,true,false,0.00513,-0.01,0
2,624,31.2,-21.393844,11.162535,1.419595,-0.636924,17473.940008,-0.004647,-0.001207,0.000844,0.030604,0.037414,-135.186646,0.0,0.0,0.0,0.0,0.0,0.0,0,0,0,0,0,0,0,0,0,0,0,0,0,0,0,391.545654,424.706665,473.221558,545.164551,444.510132,398.134308,359.001282,393.436096,438.378235,536.162598,446.875702,400.253601,357.50061,395.54422,440.727875,539.037476,481.854401,431.582489,385.434875,426.825714,475.582031,581.665161,479.496185,429.470734,37.787853,176790.035674,559.748226,98.795138,0,true,false,0.0,-0.01,0
2,625,31.25,-21.396817,62510.234281,1.417189,62499.219735,17473.940034,0.080352,0.066751,0.009669,0.030342,0.040459,-135.187332,1.0,0.0,0.0,0.0,0.0,0.0,0,0,0,0,0,0,0,0,0,0,0,0,0,0,0,391.544434,424.70929,473.222748,545.170471,444.512756,398.135162,359.000366,393.434448,438.374817,536.155762,446.87439,400.250946,357.50238,395.539062,440.72049,539.025818,481.858215,431.58429,385.445312,426.824799,475.579254,581.658875,479.503937,429.476044,37.787827,176790.037812,561.849562,89.400144,0,true,false,0.0,-0.01,0
2,626,31.3,-21.397999,11.163718,1.417034,-0.636768,17473.939974,-0.041277,-0.043228,0.012612,0.030904,0.039343,-135.187683,1.0,0.0,0.0,0.0,0.0,0.0,0,0,0,0,0,0,0,0,0,0,0,0,0,0,0,391.543365,424.709564,473.222137,545.172852,444.513489,398.135071,358.998138,393.433044,438.372406,536.151428,446.874908,400.250641,357.504944,395.537445,440.717834,539.021118,481.860779,431.585754,385.450043,426.82486,475.57843,581.656372,479.506744,429.477753,37.787888,176790.033515,562.938951,92.849517,0,true,false,0.0,-0.01,0
2,627,31.35,-21.398652,62510.234935,1.416843,62499.219926,17473.939973,-0.029422,-0.029054,0.008482,0.03092,0.038532,-135.188095,1.0,0.0,0.0,0.0,0.0,0.0,0,0,0,0,0,0,0,0,0,0,0,0,0,0,0,391.541107,424.709381,473.220917,545.176208,444.514923,398.135498,358.995544,393.431976,438.37027,536.147217,446.876038,400.250763,357.507751,395.536072,440.715393,539.016541,481.863129,431.586914,385.454315,426.824402,475.576874,581.652771,479.509369,429.479187,37.787888,176790.028829,564.178802,95.350398,0,true,false,0.0,-0.01,0
2,628,31.4,-21.399476,11.164541,1.416384,-0.636309,17473.939984,-0.008914,-0.006647,0.001976,0.030815,0.038197,-135.188492,1.0,0.0,0.0,0.0,0.0,0.0,0,0,0,0,0,0,0,0,0,0,0,0,0,0,0,391.539001,424.709534,473.220032,545.179749,444.516479,398.135986,358.993347,393.430969,438.368195,536.143066,446.876831,400.25061,357.510193,395.534393,440.712524,539.011475,481.865417,431.588013,385.458954,426.823853,475.575226,581.648987,479.512421,429.480957,37.787876,176790.025164,565.434315,96.384012,0,true,false,0.0,-0.01,0
2,629,31.45,-21.400776,62510.236235,1.415591,62499.220719,17473.940018,-0.013774,-0.012166,0.003354,0.030508,0.037686,-135.189148,1.0,0.0,0.0,0.0,0.0,0.0,0,0,0,0,0,0,0,0,0,0,0,0,0,0,0,391.535614,424.709778,473.218658,545.185486,444.519012,398.136871,358.989899,393.429413,438.364899,536.136475,446.878082,400.250305,357.514038,395.531677,440.707947,539.003235,481.869019,431.589722,385.46637,426.822937,475.57254,581.642883,479.517303,429.483826,37.787842,176790.019315,567.451261,97.960771,0,true,false,0.0,-0.01,0
2,630,31.5,-21.402342,11.166107,1.41455,-0.635269,17473.940007,0.0,0.0,0.0,0.030611,0.038776,-135.189545,1.0,0.0,0.0,0.0,0.0,0.0,0,0,0,0,0,0,0,0,0,0,0,0,0,0,0,391.53476,424.710938,473.218933,545.188721,444.520325,398.137207,358.988831,393.428314,438.362762,536.132324,446.877716,400.249146,357.515533,395.529053,440.704132,538.997009,481.871368,431.590912,385.472076,426.822571,475.571136,581.639526,479.521332,429.486511,37.787853,176790.019144,568.648381,94.597275,0,true,false,0.0,-0.01,0
2,631,31.55,-21.404062,62510.237955,1.413374,62499.221895,17473.94001,0.023126,0.017011,0.002826,0.03057,0.039642,-135.190094,1.0,0.0,0.0,0.0,0.0,0.0,0,0,0,0,0,0,0,0,0,0,0,0,0,0,0,391.532806,424.711975,473.218689,545.19342,444.522369,398.137848,358.986786,393.426941,438.359924,536.126709,446.877838,400.248077,357.518066,395.52594,440.699341,538.989014,481.874512,431.592438,385.47937,426.821869,475.568939,581.634521,479.526398,429.489777,37.787849,176790.017117,570.350462,91.92782,0,true,false,0.0,-0.01,0
2,632,31.6,-21.403641,11.165685,1.413986,-0.63588,17473.940065,-0.012498,-0.007579,0.002589,0.030085,0.036361,-135.190643,1.0,0.0,0.0,0.0,0.0,0.0,0,0,0,0,0,0,0,0,0,0,0,0,0,0,0,391.52771,424.710114,473.21521,545.198547,444.524719,398.138763,358.981659,393.425781,438.3573,536.121277,446.881195,400.249878,357.523132,395.525665,440.697693,538.984802,481.87738,431.593719,385.483124,426.820892,475.566437,581.629089,479.528229,429.490143,37.787796,176790.005292,572.066204,102.045932,0,true,false,0.0,-0.01,0
2,633,31.65,-21.407204,62510.241519,1.411119,62499.224761,17473.940026,0.083168,0.066256,0.010143,0.030412,0.041569,-135.191025,1.0,0.0,0.0,0.0,0.0,0.0,0,0,0,0,0,0,0,0,0,0,0,0,0,0,0,391.529816,424.714111,473.218689,545.201477,444.525879,398.138977,358.983795,393.424591,438.355133,536.117126,446.877686,400.24588,357.521973,395.520294,440.690826,538.974915,481.879822,431.595001,385.492096,426.820709,475.565247,581.626038,479.53537,429.495636,37.787834,176790.01461,573.230665,85.979939,0,true,false,0.0,-0.01,0
2,634,31.7,-21.407154,11.165635,1.411773,-0.636534,17473.940023,0.0,0.0,0.0,0.030451,0.038522,-135.191559,0.0,0.0,0.0,0.0,0.0,0.0,0,0,0,0,0,0,0,0,0,0,0,0,0,0,0,391.525482,424.712524,473.215576,545.205994,444.527802,398.139526,358.97879,393.423157,438.352264,536.111511,446.880676,400.247406,357.527008,395.519806,440.689026,538.970581,481.882904,431.596527,385.496246,426.820068,475.563171,581.621155,479.537384,429.496185,37.787838,176790.003918,574.884654,95.383303,0,true,false,0.0,-0.01,0
2,635,31.75,-21.407933,62510.242299,1.411412,62499.225122,17473.940022,-0.029899,-0.029087,0.00852,0.030467,0.038056,-135.19194,0.0,0.0,0.0,0.0,0.0,0.0,0,0,0,0,0,0,0,0,0,0,0,0,0,0,0,391.52359,424.712616,473.214722,545.209167,444.529144,398.139923,358.976654,393.42218,438.350281,536.107605,446.881439,400.247284,357.529358,395.51828,440.686432,538.965942,481.885101,431.597595,385.500549,426.819641,475.561707,581.617798,479.540131,429.497803,37.787838,176790.000174,576.042326,96.821869,0,true,false,0.0,-0.01,0
2,636,31.8,-21.410374,11.168075,1.409824,-0.634946,17473.939983,0.014663,0.008382,0.001876,0.030815,0.040094,-135.192459,0.0,0.0,0.0,0.0,0.0,0.0,0,0,0,0,0,0,0,0,0,0,0,0,0,0,0,391.522888,424.714539,473.215515,545.213379,444.530823,398.14032,358.975525,393.420593,438.34726,536.101868,446.880554,400.245331,357.531158,395.514404,440.680847,538.957031,481.888367,431.599335,385.50882,426.819214,475.559937,581.613342,479.546021,429.501831,37.787876,176790.001043,577.669618,90.538117,0,true,false,0.0,-0.01,0
2,637,31.85,-21.409875,62510.2418,1.410601,62499.224346,17473.940025,-0.020435,-0.014533,0.004427,0.030455,0.036519,-135.192978,0.0,0.0,0.0,0.0,0.0,0.0,0,0,0,0,0,0,0,0,0,0,0,0,0,0,0,391.518036,424.712585,473.212036,545.218018,444.532898,398.141052,358.970459,393.419464,438.344788,536.096802,446.883911,400.247223,357.536133,395.514374,440.679596,538.95343,481.891113,431.600555,385.512085,426.81839,475.557678,581.608398,479.547455,429.501923,37.787838,176789.988983,579.248736,101.56615,0,true,false,0.0,-0.01,0
2,638,31.9,-21.41105,11.16925,1.409735,-0.63408,17473.940044,-0.034748,-0.030596,0.00905,0.030275,0.037016,-135.193375,0.0,0.0,0.0,0.0,0.0,0.0,0,0,0,0,0,0,0,0,0,0,0,0,0,0,0,391.516479,424.713287,473.211761,545.221619,444.534485,398.141602,358.968933,393.418488,438.342743,536.092712,446.884064,400.246521,357.537994,395.512146,440.676147,538.947632,481.893341,431.601624,385.517303,426.817841,475.556,581.604614,479.551086,429.504242,37.787819,176789.987189,580.502412,100.032824,0,true,false,0.0,-0.01,0
2,639,31.95,-21.411856,62510.242606,1.409042,62499.225038,17473.94011,0.017493,0.020104,0.002532,0.02966,0.036519,-135.193878,0.0,0.0,0.0,0.0,0.0,0.0,0,0,0,0,0,0,0,0,0,0,0,0,0,0,0,391.51355,424.713379,473.210602,545.226318,444.536652,398.142456,358.96637,393.417511,438.340454,536.087952,446.885132,400.246368,357.540802,395.510132,440.672699,538.941406,481.895905,431.602722,385.522705,426.816925,475.553711,581.59967,479.554779,429.506378,37.78775,176789.982266,582.057058,101.559577,0,true,false,0.0,-0.01,0
2,640,32.0,-21.413657,11.171051,1.407767,-0.632806,17473.940115,-0.027555,-0.027892,0.008117,0.029598,0.037656,-135.194427,0.0,0.0,0.0,0.0,0.0,0.0,0,0,0,0,0,0,0,0,0,0,0,0,0,0,0,391.51178,424.714569,473.210541,545.230957,444.538696,398.143097,358.964569,393.416138,438.337646,536.082397,446.885071,400.245148,357.543121,395.506897,440.667816,538.933289,481.898987,431.604218,385.53006,426.816254,475.551575,581.594727,479.559937,429.509735,37.787746,176789.980906,583.729809,98.051683,0,true,false,0.0,-0.01,0
2,641,32.05,-21.416502,62510.245452,1.405661,62499.227144,17473.940073,0.0,0.0,0.0,0.02997,0.041255,-135.194794,0.0,0.0,0.0,0.0,0.0,0.0,0,0,0,0,0,0,0,0,0,0,0,0,0,0,0,391.512939,424.717499,473.212891,545.233765,444.539734,398.14328,358.965515,393.414948,438.335449,536.078247,446.882721,400.242218,357.542969,395.502625,440.662201,538.924988,481.901398,431.60553,385.53775,426.816071,475.550446,581.591797,479.565796,429.51413,37.787788,176789.986469,584.863085,86.95226,0,true,false,0.0,-0.01,0
2,642,32.1,-21.417935,11.172483,1.405282,-0.632426,17473.940007,-0.043619,-0.050761,0.014613,0.030579,0.04079,-135.19519,0.0,0.0,0.0,0.0,0.0,0.0,0,0,0,0,0,0,0,0,0,0,0,0,0,0,0,391.511902,424.718048,473.212494,545.236511,444.54068,398.14325,358.963348,393.413452,438.332855,536.073547,446.883026,400.241638,357.545532,395.50058,440.658966,538.919495,481.904205,431.607117,385.543213,426.816071,475.549438,581.588867,479.569183,429.516235,37.787853,176789.983002,586.081341,88.392655,0,true,false,0.0,-0.01,0
2,643,32.15,-21.417431,62510.244948,1.406084,62499.226342,17473.940045,0.006536,0.009171,0.001166,0.03026,0.037209,-135.195709,0.0,0.0,0.0,0.0,0.0,0.0,0,0,0,0,0,0,0,0,0,0,0,0,0,0,0,391.507019,424.716064,473.208954,545.24115,444.542755,398.143982,358.958191,393.412292,438.330353,536.06842,446.886414,400.243561,357.550568,395.50058,440.657745,538.915955,481.906952,431.608368,385.546478,426.815247,475.54718,581.583923,479.570618,429.516327,37.787815,176789.970936,587.670256,99.438174,0,true,false,0.0,-0.01,0
2,644,32.2,-21.419945,11.174997,1.404293,-0.630636,17473.940003,0.008544,0.002305,0.001178,0.030636,0.040064,-135.196106,0.0,0.0,0.0,0.0,0.0,0.0,0,0,0,0,0,0,0,0,0,0,0,0,0,0,0,391.507477,424.718445,473.210602,545.244202,444.543945,398.144226,358.958374,393.411041,438.328033,536.064026,446.884705,400.24118,357.551117,395.496704,440.652496,538.907959,481.909515,431.609741,385.553864,426.815002,475.545898,581.580688,479.576111,429.520294,37.787857,176789.97462,588.899959,90.635399,0,true,false,0.0,-0.01,0
2,645,32.25,-21.419092,62510.244095,1.405289,62499.225347,17473.940066,0.0,0.0,0.0,0.030081,0.035924,-135.196625,0.0,0.0,0.0,0.0,0.0,0.0,0,0,0,0,0,0,0,0,0,0,0,0,0,0,0,391.501984,424.716034,473.206573,545.249146,444.546204,398.145111,358.952789,393.409973,438.325562,536.05896,446.888611,400.24353,357.556519,395.49707,440.651642,538.904785,481.912201,431.610901,385.556671,426.814056,475.543488,581.575439,479.577148,429.52002,37.787796,176789.960874,590.528398,103.403834,0,true,false,0.0,-0.01,0
2,646,32.3,-21.420641,11.176546,1.403962,-0.629309,17473.940115,0.00852,0.010201,0.00124,0.029612,0.036919,-135.197174,0.0,0.0,0.0,0.0,0.0,0.0,0,0,0,0,0,0,0,0,0,0,0,0,0,0,0,391.499847,424.717102,473.20636,545.254089,444.548462,398.145966,358.951019,393.408813,438.323029,536.053711,446.888702,400.242462,357.558716,395.493988,440.646942,538.896912,481.915009,431.612183,385.563629,426.813171,475.541107,581.570251,479.582123,429.523224,37.787746,176789.959098,592.196665,100.330988,0,true,false,0.0,-0.01,0
2,647,32.35,-21.421852,62510.245306,1.403198,62499.22611,17473.940112,-0.03762,-0.036512,0.01077,0.029633,0.037375,-135.197556,0.0,0.0,0.0,0.0,0.0,0.0,0,0,0,0,0,0,0,0,0,0,0,0,0,0,0,391.498505,424.717773,473.206146,545.257324,444.549835,398.146362,358.949524,393.407806,438.320984,536.049683,446.888824,400.24173,357.560547,395.491852,440.643646,538.891357,481.917267,431.613281,385.568695,426.812744,475.539642,581.566833,479.585602,429.525452,37.78775,176789.957319,593.379925,98.924128,0,true,false,0.0,-0.01,0
2,648,32.4,-21.422697,11.177391,1.402635,-0.628745,17473.940151,-0.00038,0.000744,0.000168,0.029275,0.036788,-135.19809,0.0,0.0,0.0,0.0,0.0,0.0,0,0,0,0,0,0,0,0,0,0,0,0,0,0,0,391.495453,424.717773,473.204803,545.262085,444.552002,398.147156,358.946594,393.406647,438.31842,536.044495,446.890076,400.241699,357.563751,395.489838,440.640167,538.88501,481.920074,431.614563,385.574371,426.81189,475.537354,581.561768,479.589355,429.527557,37.787708,176789.951807,595.012302,100.732141,0,true,false,0.0,-0.01,0
2,649,32.45,-21.424252,62510.246861,1.401782,62499.226964,17473.940134,0.0,0.0,0.0,0.02943,0.037182,-135.198563,0.0,0.0,0.0,0.0,0.0,0.0,0,0,0,0,0,0,0,0,0,0,0,0,0,0,0,391.493835,424.718597,473.204468,545.266052,444.553619,398.147552,358.94455,393.405243,438.315735,536.039307,446.89032,400.240845,357.566254,395.487213,440.636078,538.878113,481.923035,431.616089,385.580811,426.811462,475.535645,581.557617,479.593658,429.530304,37.787727,176789.949175,596.503018,99.518605,0,true,false,0.0,-0.01,0
2,650,32.5,-21.427829,11.180968,1.399161,-0.626125,17473.940056,-0.042679,-0.054814,0.015573,0.030111,0.04198,-135.198883,0.0,0.0,0.0,0.0,0.0,0.0,0,0,0,0,0,0,0,0,0,0,0,0,0,0,0,391.496521,424.722534,473.208099,545.268066,444.55423,398.147461,358.946808,393.404022,438.313629,536.035522,446.886658,400.236908,357.565002,395.482147,440.6297,538.86908,481.925354,431.617432,385.589233,426.811584,475.534973,581.555481,479.600281,429.535492,37.787804,176789.958035,597.460008,84.723484,0,true,false,0.0,-0.01,0
2,651,32.55,-21.430999,62510.250031,1.397324,62499.2288,17473.93995,0.064125,0.043003,0.008183,0.031076,0.044858,-135.199265,0.0,0.0,0.0,0.0,0.0,0.0,0,0,0,0,0,0,0,0,0,0,0,0,0,0,0,391.497986,424.725464,473.210327,545.270508,444.554962,398.147247,358.947144,393.402344,438.310852,536.030579,446.884369,400.234009,357.565552,395.477783,440.623901,538.860413,481.928375,431.619232,385.597626,426.811798,475.53421,581.552856,479.606293,429.539978,37.78791,176789.961472,598.681276,75.853744,0,true,false,0.0,-0.01,0
2,652,32.6,-21.43922,11.189189,1.390791,-0.619591,17473.939327,0.0,0.0,0.0,0.032649,0.057361,-135.199326,0.0,0.0,0.0,0.0,0.0,0.0,0,0,0,0,0,0,0,0,0,0,0,0,0,0,0,391.509399,424.736206,473.222168,545.26947,444.553925,398.146179,358.957977,393.401062,438.309296,536.028442,446.87265,400.223389,357.556976,395.466949,440.611694,538.845276,481.930145,431.620667,385.611847,426.812988,475.5354,581.554077,479.618744,429.550995,37.788536,176789.98358,598.877227,37.290681,0,true,false,0.0,-0.01,0
2,653,32.65,-21.438009,62510.248819,1.393533,62499.226058,17473.939614,-0.081771,-0.098852,0.028523,0.034191,0.048584,-135.199265,0.0,0.0,0.0,0.0,0.0,0.0,0,0,0,0,0,0,0,0,0,0,0,0,0,0,0,391.508362,424.733368,473.219177,545.267273,444.552307,398.144897,358.95401,393.399994,438.308258,536.027405,446.875549,400.226105,357.560577,395.46991,440.615143,538.849731,481.93103,431.621613,385.609039,426.814178,475.536865,581.556091,479.615143,429.547913,37.788246,176789.973703,598.667815,64.386432,0,true,false,0.0,-0.01,0
2,654,32.7,-21.436158,11.187339,1.396088,-0.622146,17473.939604,0.009963,0.00973,0.001064,0.034353,0.041239,-135.199753,0.0,0.0,0.0,0.0,0.0,0.0,0,0,0,0,0,0,0,0,0,0,0,0,0,0,0,391.501862,424.729156,473.213226,545.271179,444.553894,398.145264,358.946167,393.39856,438.305511,536.022095,446.881317,400.230225,357.567932,395.472198,440.616516,538.849487,481.933929,431.623077,385.609711,426.81369,475.535065,581.551819,479.613861,429.545624,37.788258,176789.955817,600.160731,87.054263,0,true,false,0.0,-0.01,0
2,655,32.75,-21.43495,62510.247611,1.396953,62499.225193,17473.939742,-0.004585,0.007507,0.001551,0.033099,0.036837,-135.200317,0.0,0.0,0.0,0.0,0.0,0.0,0,0,0,0,0,0,0,0,0,0,0,0,0,0,0,391.495483,424.726501,473.208832,545.276978,444.556732,398.146545,358.94043,393.397766,438.303284,536.017151,446.885559,400.232819,357.573334,395.472656,440.615692,538.846252,481.936401,431.623962,385.612274,426.812286,475.532074,581.545776,479.614929,429.545258,37.78812,176789.941212,601.906894,100.623152,0,true,false,0.0,-0.01,0
2,656,32.8,-21.436078,11.188467,1.395774,-0.620966,17473.939813,-0.026027,-0.018485,0.005633,0.03242,0.037677,-135.200729,0.0,0.0,0.0,0.0,0.0,0.0,0,0,0,0,0,0,0,0,0,0,0,0,0,0,0,391.493744,424.727386,473.208771,545.280945,444.558624,398.147369,358.939331,393.397064,438.301514,536.013367,446.885559,400.231903,357.574768,395.470215,440.612,538.840088,481.938385,431.624786,385.617554,426.811462,475.53009,581.541565,479.618835,429.547791,37.788048,176789.939956,603.182609,98.025753,0,true,false,0.0,-0.01,0
2,657,32.85,-21.438298,62510.249831,1.393862,62499.227104,17473.939856,0.021725,0.018778,0.00253,0.032003,0.039872,-135.201248,0.0,0.0,0.0,0.0,0.0,0.0,0,0,0,0,0,0,0,0,0,0,0,0,0,0,0,391.492767,424.729431,473.209717,545.285583,444.56073,398.148132,358.938782,393.395905,438.299011,536.008301,446.884521,400.229858,357.575928,395.466278,440.606384,538.831177,481.941193,431.626068,385.625427,426.810669,475.527893,581.536682,479.624725,429.55188,37.788006,176789.941068,604.773965,91.248489,0,true,false,0.0,-0.01,0
2,658,32.9,-21.438596,11.188766,1.393901,-0.621005,17473.939872,-0.044535,-0.040603,0.012103,0.031867,0.03844,-135.20166,0.0,0.0,0.0,0.0,0.0,0.0,0,0,0,0,0,0,0,0,0,0,0,0,0,0,0,391.489899,424.72879,473.207947,545.289185,444.562286,398.148651,358.935699,393.394897,438.296936,536.00415,446.886169,400.230438,357.579132,395.465332,440.60434,538.827087,481.943451,431.627136,385.629211,426.81012,475.526215,581.532837,479.626923,429.552887,37.787987,176789.934572,606.042557,95.66674,0,true,false,0.0,-0.01,0
2,659,32.95,-21.438366,62510.2496,1.394003,62499.227002,17473.939976,0.0,0.0,0.0,0.030916,0.035978,-135.202209,0.0,0.0,0.0,0.0,0.0,0.0,0,0,0,0,0,0,0,0,0,0,0,0,0,0,0,391.485168,424.727478,473.205109,545.294495,444.564819,398.14975,358.931488,393.394012,438.294647,535.999207,446.888885,400.23172,357.583282,395.464569,440.602203,538.822327,481.945984,431.628143,385.633179,426.808929,475.523499,581.527283,479.629272,429.553741,37.787884,176789.924345,607.709453,103.256363,0,true,false,0.0,-0.01,0
2,660,33.0,-21.44217,11.192569,1.391079,-0.618081,17473.939936,-0.080149,-0.08459,0.024801,0.031257,0.040829,-135.202667,0.0,0.0,0.0,0.0,0.0,0.0,0,0,0,0,0,0,0,0,0,0,0,0,0,0,0,391.486847,424.731506,473.208405,545.298157,444.566254,398.150024,358.933044,393.392548,438.291901,535.994019,446.885559,400.227692,357.582825,395.458801,440.594696,538.811279,481.949036,431.629791,385.643341,426.808685,475.522003,581.523438,479.637115,429.559662,37.787926,176789.932176,609.171896,88.292158,0,true,false,0.0,-0.01,0
2,661,33.05,-21.441503,62510.248934,1.391933,62499.226148,17473.939972,-0.021612,-0.017974,0.005173,0.030935,0.037548,-135.203094,0.0,0.0,0.0,0.0,0.0,0.0,0,0,0,0,0,0,0,0,0,0,0,0,0,0,0,391.482483,424.729553,473.205139,545.302002,444.568024,398.150696,358.928467,393.391602,438.289856,535.989868,446.888702,400.229614,357.587219,395.459137,440.594025,538.808777,481.951263,431.630768,385.645599,426.807953,475.520142,581.519287,479.637909,429.559387,37.787888,176789.921251,610.47802,98.412643,0,true,false,0.0,-0.01,0
2,662,33.1,-21.443258,11.194324,1.390555,-0.616703,17473.940005,0.015144,0.012889,0.001749,0.030624,0.038711,-135.203644,0.0,0.0,0.0,0.0,0.0,0.0,0,0,0,0,0,0,0,0,0,0,0,0,0,0,0,391.480621,424.730774,473.205109,545.306824,444.57016,398.151428,358.926819,393.39035,438.287201,535.984436,446.888611,400.228333,357.589386,395.455841,440.589111,538.800598,481.954224,431.632172,385.652893,426.807159,475.517883,581.514221,479.643127,429.562805,37.787857,176789.91964,612.152068,94.822017,0,true,false,0.0,-0.01,0
2,663,33.15,-21.443602,62510.249278,1.390493,62499.22621,17473.940046,0.0,0.0,0.0,0.030248,0.036985,-135.204193,0.0,0.0,0.0,0.0,0.0,0.0,0,0,0,0,0,0,0,0,0,0,0,0,0,0,0,391.476654,424.72998,473.20282,545.31189,444.572418,398.152252,358.922852,393.38913,438.284515,535.979004,446.890778,400.229095,357.593475,395.454529,440.586334,538.794983,481.957184,431.633514,385.657928,426.806274,475.515442,581.508911,479.646149,429.564209,37.787815,176789.911064,613.861888,100.144187,0,true,false,0.0,-0.01,0
2,664,33.2,-21.444849,11.195571,1.389524,-0.615734,17473.940066,-0.010089,-0.008074,0.002289,0.030058,0.037732,-135.20459,0.0,0.0,0.0,0.0,0.0,0.0,0,0,0,0,0,0,0,0,0,0,0,0,0,0,0,391.475311,424.730835,473.202789,545.315369,444.573975,398.152802,358.921631,393.388245,438.282593,535.975098,446.890747,400.22821,357.595062,395.452209,440.582794,538.789185,481.95932,431.634521,385.663147,426.805725,475.513824,581.505249,479.649872,429.56665,37.787796,176789.909724,615.069933,97.837754,0,true,false,0.0,-0.01,0
2,665,33.25,-21.446816,62510.251245,1.388097,62499.227637,17473.940073,0.022875,0.016738,0.002802,0.029993,0.039171,-135.205109,0.0,0.0,0.0,0.0,0.0,0.0,0,0,0,0,0,0,0,0,0,0,0,0,0,0,0,391.473877,424.7323,473.203064,545.319885,444.575928,398.153412,358.920197,393.386902,438.279846,535.969666,446.890381,400.226715,357.597076,395.448761,440.577728,538.780884,481.962341,431.635986,385.670685,426.805084,475.51178,581.500488,479.655243,429.570221,37.787788,176789.90885,616.698953,93.399353,0,true,false,0.0,-0.01,0
2,666,33.3,-21.447992,11.196746,1.387452,-0.615089,17473.940075,0.048764,0.041522,0.005793,0.02997,0.038895,-135.205627,0.0,0.0,0.0,0.0,0.0,0.0,0,0,0,0,0,0,0,0,0,0,0,0,0,0,0,391.471466,424.732605,473.202118,545.32428,444.577789,398.153992,358.917542,393.385559,438.277161,535.964355,446.891235,400.226379,357.600098,395.446503,440.573975,538.774231,481.965302,431.637421,385.676758,426.804443,475.509766,581.49585,479.659241,429.572601,37.787785,176789.904147,618.284457,94.250503,0,true,false,0.0,-0.01,0
2,667,33.35,-21.449149,62510.252403,1.386825,62499.228264,17473.940079,0.0,0.0,0.0,0.02993,0.038604,-135.206146,0.0,0.0,0.0,0.0,0.0,0.0,0,0,0,0,0,0,0,0,0,0,0,0,0,0,0,391.469025,424.73291,473.201141,545.328674,444.579681,398.154572,358.914856,393.384247,438.274475,535.959045,446.89209,400.226044,357.603119,395.444275,440.570251,538.7677,481.968231,431.638885,385.6828,426.803833,475.507751,581.49115,479.663177,429.574951,37.787781,176789.899387,619.866724,95.149797,0,true,false,0.0,-0.01,0
2,668,33.4,-21.450054,11.197651,1.386349,-0.614613,17473.940082,0.008799,0.005986,0.001054,0.029912,0.038448,-135.206558,0.0,0.0,0.0,0.0,0.0,0.0,0,0,0,0,0,0,0,0,0,0,0,0,0,0,0,391.466919,424.733093,473.200256,545.332275,444.581238,398.15506,358.912598,393.383179,438.272278,535.954712,446.892883,400.22583,357.605652,395.442474,440.567261,538.76239,481.970673,431.640045,385.687653,426.803314,475.506104,581.487366,479.666382,429.576813,37.787781,176789.89554,621.166899,95.631013,0,false,false,0.0,-0.01,0
2,669,33.45,-21.451689,62510.254038,1.385604,62499.229009,17473.940032,-0.031234,-0.032815,0.009534,0.030361,0.038682,-135.207062,0.0,0.0,0.0,0.0,0.0,0.0,0,0,0,0,0,0,0,0,0,0,0,0,0,0,0,391.465271,424.733856,473.199829,545.336182,444.582794,398.155365,358.910217,393.381592,438.269348,535.949158,446.893219,400.225037,357.60849,395.439819,440.56311,538.75531,481.973846,431.641724,385.694397,426.802979,475.504425,581.483154,479.670776,429.57959,37.78783,176789.892144,622.720427,94.913414,0,false,false,0.0,-0.01,0
2,670,33.5,-21.454876,11.200837,1.383066,-0.612075,17473.940005,0.0,0.0,0.0,0.030578,0.043047,-135.207397,0.0,0.0,0.0,0.0,0.0,0.0,0,0,0,0,0,0,0,0,0,0,0,0,0,0,0,391.467255,424.737427,473.202972,545.338684,444.58374,398.155518,358.91217,393.380554,438.267426,535.945496,446.890045,400.221497,357.607422,395.435059,440.557037,538.746582,481.976013,431.642914,385.702332,426.802826,475.503418,581.480591,479.677063,429.584473,37.787857,176789.899344,623.731385,81.448857,0,false,false,0.0,-0.01,0
2,671,33.55,-21.454148,62510.253311,1.384491,62499.227584,17473.939989,-0.034152,-0.033629,0.009869,0.030774,0.038418,-135.207901,0.0,0.0,0.0,0.0,0.0,0.0,0,0,0,0,0,0,0,0,0,0,0,0,0,0,0,391.462128,424.734833,473.198761,545.342896,444.58548,398.155945,358.906036,393.379089,438.264557,535.940002,446.894104,400.22403,357.613403,395.435669,440.556488,538.743896,481.979065,431.64444,385.70517,426.802307,475.501526,581.476013,479.677795,429.583923,37.787872,176789.885072,625.314449,95.733881,0,false,false,0.0,-0.01,0
2,672,33.6,-21.457035,11.203724,1.382267,-0.609851,17473.939978,0.074509,0.059049,0.009091,0.030855,0.041629,-135.20842,0.0,0.0,0.0,0.0,0.0,0.0,0,0,0,0,0,0,0,0,0,0,0,0,0,0,0,391.462219,424.737579,473.200562,545.347107,444.58725,398.156433,358.906128,393.377716,438.261841,535.934631,446.892242,400.221252,357.614136,395.43103,440.55011,538.73407,481.982117,431.645996,385.71405,426.801819,475.499664,581.471619,479.684448,429.588715,37.787884,176789.888226,626.880736,85.827694,0,false,false,0.0,-0.01,0
2,673,33.65,-21.458023,62510.254298,1.382131,62499.22772,17473.939919,-0.065931,-0.070511,0.020615,0.031404,0.040862,-135.208649,0.0,0.0,0.0,0.0,0.0,0.0,0,0,0,0,0,0,0,0,0,0,0,0,0,0,0,391.461761,424.737946,473.200317,545.348572,444.587616,398.156281,358.904694,393.376648,438.260071,535.93158,446.892426,400.220886,357.615845,395.429779,440.548157,538.730713,481.983978,431.647095,385.71756,426.801971,475.499237,581.470032,479.686554,429.590027,37.787941,176789.885239,627.617322,88.200731,0,false,false,0.0,-0.01,0
2,674,33.7,-21.458159,11.203861,1.382604,-0.610324,17473.939921,0.0,0.0,0.0,0.031417,0.038097,-135.209106,0.0,0.0,0.0,0.0,0.0,0.0,0,0,0,0,0,0,0,0,0,0,0,0,0,0,0,391.458405,424.736786,473.197906,545.352234,444.589142,398.156647,358.900635,393.375366,438.257599,535.926819,446.894714,400.221954,357.619965,395.429199,440.546448,538.726868,481.986664,431.648438,385.721313,426.801514,475.497589,581.466125,479.688446,429.590668,37.787941,176789.875641,628.99532,96.73306,0,false,false,0.0,-0.01,0
2,675,33.75,-21.459047,62510.255186,1.381944,62499.22838,17473.939953,-0.016192,-0.014263,0.004006,0.031113,0.038106,-135.209518,0.0,0.0,0.0,0.0,0.0,0.0,0,0,0,0,0,0,0,0,0,0,0,0,0,0,0,391.456329,424.737122,473.197205,545.356018,444.59082,398.157257,358.898682,393.374451,438.255585,535.922729,446.895325,400.221619,357.622162,395.427307,440.543335,538.721436,481.988892,431.649475,385.726135,426.800873,475.495789,581.462158,479.691742,429.592651,37.787907,176789.872176,630.279729,96.704679,0,false,false,0.0,-0.01,0
2,676,33.8,-21.459953,11.204767,1.381294,-0.609674,17473.940003,0.007046,0.009292,0.001153,0.030648,0.037623,-135.210083,0.0,0.0,0.0,0.0,0.0,0.0,0,0,0,0,0,0,0,0,0,0,0,0,0,0,0,391.453064,424.737152,473.195801,545.361145,444.59317,398.158142,358.89563,393.37323,438.25293,535.917236,446.896606,400.221558,357.625488,395.42514,440.539581,538.7146,481.991852,431.650787,385.732208,426.799927,475.493317,581.456726,479.69574,429.59494,37.787857,176789.866247,632.019452,98.189388,0,false,false,0.0,-0.01,0
2,677,33.85,-21.463101,62510.258334,1.379142,62499.230531,17473.939946,0.005449,-0.002395,0.001015,0.031158,0.040867,-135.21051,0.0,0.0,0.0,0.0,0.0,0.0,0,0,0,0,0,0,0,0,0,0,0,0,0,0,0,391.454193,424.740204,473.19812,545.364258,444.594299,398.158234,358.89621,393.371765,438.250244,535.912231,446.894257,400.218475,357.625793,395.420502,440.533417,538.705322,481.994781,431.652435,385.740875,426.799835,475.492096,581.45343,479.702209,429.599701,37.787914,176789.870523,633.345,88.186504,0,false,false,0.0,-0.01,0
2,678,33.9,-21.462643,11.204309,1.379901,-0.610432,17473.939968,-0.027339,-0.024539,0.007167,0.03097,0.037881,-135.210922,0.0,0.0,0.0,0.0,0.0,0.0,0,0,0,0,0,0,0,0,0,0,0,0,0,0,0,391.450317,424.738495,473.19519,545.367798,444.595886,398.158783,358.891968,393.370789,438.24823,535.908203,446.897064,400.220123,357.629944,395.420624,440.532593,538.702759,481.997009,431.653473,385.743317,426.799255,475.490417,581.449646,479.703156,429.59964,37.787891,176789.860365,634.589231,97.400181,0,false,false,0.0,-0.01,0
2,679,33.95,-21.46363,62510.259321,1.379345,62499.231087,17473.939994,-0.023885,-0.019841,0.005775,0.030737,0.037307,-135.211456,0.0,0.0,0.0,0.0,0.0,0.0,0,0,0,0,0,0,0,0,0,0,0,0,0,0,0,391.447388,424.738556,473.193878,545.372559,444.597961,398.159485,358.888947,393.369476,438.245483,535.90271,446.898254,400.220032,357.63327,395.418518,440.528961,538.696167,482.0,431.654877,385.749298,426.798492,475.48819,581.44458,479.707062,429.601868,37.787868,176789.854467,636.260412,99.168775,0,false,false,0.0,-0.01,0
2,680,34.0,-21.466671,11.207349,1.377086,-0.608173,17473.939945,-0.062652,-0.068752,0.020025,0.031156,0.041173,-135.211761,0.0,0.0,0.0,0.0,0.0,0.0,0,0,0,0,0,0,0,0,0,0,0,0,0,0,0,391.449249,424.741852,473.196747,545.374817,444.598755,398.159515,358.890564,393.368378,438.2435,535.899048,446.895355,400.216766,357.632538,395.414093,440.523285,538.687988,482.002197,431.656128,385.756897,426.798462,475.487366,581.442261,479.712952,429.606415,37.787914,176789.861015,637.228515,87.243231,0,false,false,0.0,-0.01,0
2,681,34.05,-21.465958,62510.258609,1.378038,62499.230135,17473.939996,0.0,0.0,0.0,0.030718,0.03716,-135.212326,0.0,0.0,0.0,0.0,0.0,0.0,0,0,0,0,0,0,0,0,0,0,0,0,0,0,0,391.443726,424.739502,473.192719,545.379944,444.601074,398.16037,358.884796,393.367157,438.240814,535.893555,446.899261,400.219025,357.638123,395.414246,440.522125,538.684387,482.005127,431.65744,385.760193,426.797516,475.484863,581.436768,479.714294,429.606323,37.787865,176789.847038,638.962278,99.622242,0,false,false,0.0,-0.01,0
2,682,34.1,-21.467338,11.208728,1.377086,-0.607221,17473.940021,-0.014227,-0.011863,0.003278,0.030485,0.037455,-135.212891,0.0,0.0,0.0,0.0,0.0,0.0,0,0,0,0,0,0,0,0,0,0,0,0,0,0,0,391.441223,424.740112,473.191986,545.384888,444.603241,398.161133,358.882324,393.365814,438.238037,535.888,446.899872,400.218384,357.640991,395.41153,440.517792,538.67688,482.008209,431.658875,385.766968,426.796722,475.482574,581.43158,479.718933,429.609161,37.787842,176789.84298,640.680058,98.711667,0,false,false,0.0,-0.01,0
2,683,34.15,-21.468147,62510.259419,1.376452,62499.230769,17473.940076,0.009661,0.012431,0.001575,0.029977,0.036888,-135.21344,0.0,0.0,0.0,0.0,0.0,0.0,0,0,0,0,0,0,0,0,0,0,0,0,0,0,0,391.437958,424.740112,473.190582,545.389893,444.60556,398.162018,358.879364,393.364716,438.235504,535.882751,446.901184,400.218353,357.644196,395.409485,440.514221,538.670349,482.011017,431.660126,385.772705,426.795776,475.480103,581.42627,479.722778,429.611328,37.787785,176789.836912,642.362965,100.455312,0,false,false,0.0,-0.01,0
2,684,34.2,-21.469534,11.210115,1.375495,-0.606264,17473.940074,-0.035379,-0.034704,0.010214,0.029982,0.037762,-135.213837,0.0,0.0,0.0,0.0,0.0,0.0,0,0,0,0,0,0,0,0,0,0,0,0,0,0,0,391.436676,424.741028,473.190552,545.393433,444.607086,398.162476,358.877991,393.363647,438.233368,535.87854,446.901123,400.217407,357.645966,395.407013,440.510498,538.664185,482.013367,431.661285,385.77832,426.795288,475.478516,581.422607,479.726685,429.613892,37.787788,176789.835483,643.627058,97.760037,0,false,false,0.0,-0.01,0
2,685,34.25,-21.469726,62510.259611,1.37551,62499.230755,17473.940127,0.0,0.0,0.0,0.0295,0.035788,-135.214371,0.0,0.0,0.0,0.0,0.0,0.0,0,0,0,0,0,0,0,0,0,0,0,0,0,0,0,391.432678,424.740112,473.188171,545.398315,444.609314,398.16333,358.874054,393.362518,438.230865,535.873352,446.903381,400.218292,357.649994,395.405914,440.507996,538.658997,482.016144,431.662506,385.782898,426.794403,475.476166,581.417419,479.729401,429.615082,37.787735,176789.826165,645.265597,103.846038,0,false,false,0.0,-0.01,0
2,686,34.3,-21.471569,11.211959,1.373984,-0.604738,17473.940145,-0.003254,-0.004131,0.001125,0.029316,0.037807,-135.214783,0.0,0.0,0.0,0.0,0.0,0.0,0,0,0,0,0,0,0,0,0,0,0,0,0,0,0,391.432037,424.741791,473.188995,545.401917,444.61087,398.163879,358.873657,393.361572,438.228821,535.869263,446.902466,400.216614,357.65094,395.40271,440.503479,538.651917,482.018402,431.663574,385.789276,426.793854,475.474487,581.413696,479.734161,429.618408,37.787716,176789.827507,646.522255,97.614938,0,false,false,0.0,-0.01,0
2,687,34.35,-21.472249,62510.26029,1.373605,62499.231133,17473.940182,0.004146,0.004704,0.000485,0.028976,0.036817,-135.215317,0.0,0.0,0.0,0.0,0.0,0.0,0,0,0,0,0,0,0,0,0,0,0,0,0,0,0,391.428741,424.741516,473.187347,545.406677,444.613037,398.164642,358.870392,393.360382,438.226257,535.864075,446.904022,400.216827,357.654419,395.40097,440.500275,538.645874,482.02124,431.664886,385.794678,426.792999,475.472198,581.40863,479.73761,429.620239,37.787678,176789.820543,648.160976,100.668104,0,false,false,0.0,-0.01,0
2,688,34.4,-21.473948,11.213657,1.372524,-0.603658,17473.940175,-0.015642,-0.017822,0.005004,0.029038,0.037619,-135.215851,0.0,0.0,0.0,0.0,0.0,0.0,0,0,0,0,0,0,0,0,0,0,0,0,0,0,0,391.426849,424.742493,473.187073,545.411255,444.61499,398.165222,358.868286,393.358948,438.223389,535.858398,446.904205,400.21582,357.657013,395.39798,440.495636,538.638062,482.024414,431.666443,385.801849,426.792419,475.470154,581.403809,479.742523,429.623383,37.787685,176789.817776,649.82924,98.193403,0,false,false,0.0,-0.01,0
2,689,34.45,-21.474518,62510.260861,1.372332,62499.231326,17473.940203,0.0,0.0,0.0,0.028788,0.036324,-135.216385,0.0,0.0,0.0,0.0,0.0,0.0,0,0,0,0,0,0,0,0,0,0,0,0,0,0,0,391.423431,424.742004,473.185181,545.415955,444.617065,398.165955,358.864746,393.357727,438.220764,535.853149,446.905975,400.216278,357.660767,395.396423,440.492676,538.632385,482.027313,431.667816,385.807037,426.791626,475.467957,581.398804,479.745728,429.625031,37.787659,176789.810052,651.459316,102.188912,0,false,false,0.0,-0.01,0
2,690,34.5,-21.476168,11.215307,1.37114,-0.602465,17473.940217,0.020877,0.017715,0.002437,0.028645,0.037245,-135.216904,0.0,0.0,0.0,0.0,0.0,0.0,0,0,0,0,0,0,0,0,0,0,0,0,0,0,0,391.421539,424.743073,473.184998,545.420532,444.61908,398.166626,358.862885,393.356445,438.218079,535.847778,446.906067,400.215179,357.663086,395.393402,440.488037,538.624634,482.030273,431.66922,385.814056,426.790924,475.46582,581.393982,479.750641,429.628174,37.787643,176789.807663,653.090613,99.345622,0,false,false,0.0,-0.01,0
2,691,34.55,-21.478021,62510.262714,1.369953,62499.232513,17473.940183,0.008838,0.002134,0.001234,0.028958,0.038817,-135.2173,0.0,0.0,0.0,0.0,0.0,0.0,0,0,0,0,0,0,0,0,0,0,0,0,0,0,0,391.421173,424.744537,473.185699,545.423523,444.62027,398.16684,358.862152,393.355255,438.215881,535.843567,446.905304,400.213684,357.664368,395.390503,440.483887,538.618042,482.032684,431.670502,385.82019,426.79068,475.464539,581.390808,479.754974,429.631195,37.787678,176789.808108,654.27026,94.500075,0,false,false,0.0,-0.01,0
2,692,34.6,-21.478551,11.215837,1.370061,-0.602573,17473.940169,-0.012288,-0.012492,0.003422,0.029101,0.037068,-135.217789,0.0,0.0,0.0,0.0,0.0,0.0,0,0,0,0,0,0,0,0,0,0,0,0,0,0,0,391.417999,424.743896,473.183685,545.427612,444.621948,398.167297,358.858398,393.353882,438.213196,535.838379,446.907196,400.214325,357.668274,395.389282,440.481384,538.612976,482.035614,431.671967,385.824982,426.790161,475.462708,581.386475,479.757721,429.632507,37.787693,176789.799822,655.786284,99.897335,0,false,false,0.0,-0.01,0
2,693,34.65,-21.479532,62510.263695,1.369561,62499.233012,17473.94018,0.0,0.0,0.0,0.029001,0.036472,-135.218292,0.0,0.0,0.0,0.0,0.0,0.0,0,0,0,0,0,0,0,0,0,0,0,0,0,0,0,391.415344,424.743958,473.182495,545.432007,444.62384,398.167908,358.85553,393.352631,438.210571,535.83313,446.908295,400.214203,357.671448,395.387268,440.477936,538.60675,482.038513,431.67337,385.830658,426.78952,475.460693,581.381836,479.761414,429.634613,37.787682,176789.793999,657.353744,101.736919,0,false,false,0.0,-0.01,0
2,694,34.7,-21.481591,11.217896,1.368248,-0.60126,17473.940133,-0.038234,-0.040793,0.011865,0.029422,0.03831,-135.218597,0.0,0.0,0.0,0.0,0.0,0.0,0,0,0,0,0,0,0,0,0,0,0,0,0,0,0,391.415955,424.74585,473.183838,545.434143,444.624603,398.167938,358.855652,393.351532,438.208679,535.829651,446.906891,400.21228,357.671906,395.384277,440.473907,538.600647,482.040558,431.67453,385.836456,426.78949,475.4599,581.379578,479.765625,429.637695,37.787727,176789.796145,658.269858,96.069552,0,false,false,0.0,-0.01,0
2,695,34.75,-21.483178,62510.265282,1.367366,62499.233894,17473.940116,-0.007715,-0.012623,0.003361,0.029576,0.03876,-135.219147,0.0,0.0,0.0,0.0,0.0,0.0,0,0,0,0,0,0,0,0,0,0,0,0,0,0,0,391.413757,424.746582,473.183228,545.438782,444.626556,398.168488,358.853088,393.350006,438.205658,535.823792,446.90741,400.211548,357.674957,395.381439,440.469421,538.592957,482.043884,431.676208,385.843597,426.78891,475.457825,581.374634,479.770386,429.640656,37.787743,176789.79219,659.999453,94.683444,0,false,false,0.0,-0.01,0
2,696,34.8,-21.483443,11.218161,1.367436,-0.60133,17473.940146,-0.000049,0.001346,0.000217,0.029312,0.036787,-135.219681,0.0,0.0,0.0,0.0,0.0,0.0,0,0,0,0,0,0,0,0,0,0,0,0,0,0,0,391.409851,424.745667,473.180847,545.443542,444.628693,398.16925,358.84906,393.348785,438.203033,535.818481,446.909668,400.212402,357.679108,395.38031,440.466888,538.587769,482.046783,431.677521,385.848297,426.788086,475.455536,581.369568,479.773132,429.641876,37.787716,176789.782817,661.644232,100.768687,0,false,false,0.0,-0.01,0
2,697,34.85,-21.485063,62510.266902,1.366154,62499.235176,17473.940158,0.040138,0.033417,0.004792,0.02919,0.038288,-135.220078,0.0,0.0,0.0,0.0,0.0,0.0,0,0,0,0,0,0,0,0,0,0,0,0,0,0,0,391.409058,424.74704,473.181396,545.44696,444.630157,398.169739,358.848389,393.347839,438.20108,535.814575,446.909058,400.211029,357.680237,395.377502,440.46286,538.581299,482.04895,431.678589,385.854126,426.787598,475.45401,581.366028,479.777405,429.644806,37.787701,176789.782974,662.838403,96.137188,0,false,false,0.0,-0.01,0
2,698,34.9,-21.485432,11.218531,1.366116,-0.601292,17473.940169,-0.00349,-0.002823,0.000924,0.029101,0.037121,-135.220474,0.0,0.0,0.0,0.0,0.0,0.0,0,0,0,0,0,0,0,0,0,0,0,0,0,0,0,391.406403,424.746552,473.17981,545.450439,444.631683,398.170227,358.84552,393.346893,438.199036,535.810486,446.910553,400.211487,357.683228,395.376465,440.460754,538.577148,482.051178,431.679626,385.857941,426.787048,475.452362,581.362366,479.779694,429.645905,37.787693,176789.776635,664.072675,99.738702,0,false,false,0.0,-0.01,0
2,699,34.95,-21.488135,62510.269605,1.364069,62499.237223,17473.940177,0.0708,0.057272,0.008581,0.029013,0.039563,-135.22113,0.0,0.0,0.0,0.0,0.0,0.0,0,0,0,0,0,0,0,0,0,0,0,0,0,0,0,391.404938,424.748749,473.180573,545.456177,444.634155,398.171021,358.844147,393.345215,438.195618,535.803711,446.909668,400.20929,357.685394,395.371796,440.453979,538.566223,482.054993,431.681488,385.867798,426.786224,475.449768,581.356323,479.786804,429.650757,37.787685,176789.776371,666.122766,92.204375,0,false,false,0.0,-0.01,0
2,700,35.0,-21.489821,11.220217,1.363337,-0.60056,17473.940098,0.0,0.0,0.0,0.029744,0.040283,-135.22139,0.0,0.0,0.0,0.0,0.0,0.0,0,0,0,0,0,0,0,0,0,0,0,0,0,0,0,391.405334,424.75,473.181305,545.457703,444.634583,398.170807,358.843567,393.344055,438.193695,535.800354,446.908905,400.208008,357.686432,395.369568,440.450867,538.561401,482.057037,431.682739,385.87265,426.786407,475.44931,581.354675,479.79007,429.653076,37.787762,176789.776189,666.927038,89.991602,0,false,false,0.0,-0.01,0
2,701,35.05,-21.489474,62510.269258,1.364039,62499.23652,17473.940127,0.004109,0.005558,0.000637,0.02949,0.036984,-135.221924,0.0,0.0,0.0,0.0,0.0,0.0,0,0,0,0,0,0,0,0,0,0,0,0,0,0,0,391.400604,424.748169,473.177948,545.462402,444.636658,398.171539,358.838501,393.342804,438.191071,535.795044,446.91214,400.209778,357.691437,395.369354,440.449371,538.557495,482.059906,431.684052,385.876282,426.785614,475.447052,581.34967,479.791779,429.653381,37.787735,176789.763829,668.554127,100.166615,0,false,false,0.0,-0.01,0
2,702,35.1,-21.49108,11.221822,1.362991,-0.599512,17473.940107,-0.006789,-0.007427,0.001873,0.029673,0.038135,-135.222321,0.0,0.0,0.0,0.0,0.0,0.0,0,0,0,0,0,0,0,0,0,0,0,0,0,0,0,391.399811,424.749359,473.178253,545.465576,444.63797,398.171875,358.837463,393.341705,438.188934,535.790894,446.911743,400.208557,357.692932,395.366699,440.445496,538.55127,482.062286,431.685272,385.88208,426.785278,475.445679,581.346313,479.795837,429.656097,37.787754,176789.763134,669.755359,96.617611,0,false,false,0.0,-0.01,0
2,703,35.15,-21.492058,62510.270236,1.362496,62499.237016,17473.940116,-0.021513,-0.021496,0.006196,0.029589,0.037507,-135.222839,0.0,0.0,0.0,0.0,0.0,0.0,0,0,0,0,0,0,0,0,0,0,0,0,0,0,0,391.397064,424.74942,473.177002,545.470093,444.639893,398.172485,358.834534,393.340393,438.186279,535.785583,446.912872,400.208466,357.696198,395.364685,440.442017,538.544922,482.065216,431.686676,385.887848,426.784607,475.443604,581.341553,479.799591,429.658234,37.787743,176789.757041,671.354115,98.558021,0,false,false,0.0,-0.01,0
2,704,35.2,-21.493901,11.223666,1.361406,-0.598422,17473.940089,0.0,0.0,0.0,0.029846,0.038405,-135.223343,0.0,0.0,0.0,0.0,0.0,0.0,0,0,0,0,0,0,0,0,0,0,0,0,0,0,0,391.39563,424.75058,473.176971,545.474243,444.641602,398.172913,358.832672,393.338928,438.183411,535.78009,446.912811,400.207306,357.698608,395.361603,440.437378,538.537231,482.068359,431.688293,385.89502,426.784149,475.441772,581.337158,479.804504,429.661438,37.787773,176789.754621,672.936549,95.788761,0,false,false,0.0,-0.01,0
2,705,35.25,-21.494296,62510.27063,1.361366,62499.237056,17473.94012,-0.012203,-0.009937,0.00278,0.029564,0.036716,-135.223862,0.0,0.0,0.0,0.0,0.0,0.0,0,0,0,0,0,0,0,0,0,0,0,0,0,0,0,391.392059,424.749878,473.174896,545.478821,444.643646,398.173615,358.828949,393.337738,438.180847,535.774963,446.914795,400.207947,357.702454,395.360352,440.434753,538.531982,482.071167,431.689606,385.899811,426.783386,475.439606,581.332336,479.807343,429.662811,37.787743,176789.745976,674.524638,100.999823,0,false,false,0.0,-0.01,0
2,706,35.3,-21.496138,11.225508,1.359936,-0.596992,17473.940122,0.024958,0.019338,0.003015,0.029531,0.038587,-135.224243,0.0,0.0,0.0,0.0,0.0,0.0,0,0,0,0,0,0,0,0,0,0,0,0,0,0,0,391.391602,424.751526,473.175751,545.482117,444.64505,398.174042,358.828583,393.336731,438.178864,535.770996,446.913879,400.206299,357.703339,395.357269,440.43042,538.525146,482.073395,431.690704,385.905975,426.782959,475.438141,581.328857,479.81192,429.665985,37.787739,176789.746971,675.709251,95.224743,0,false,false,0.0,-0.01,0
2,707,35.35,-21.49644,62510.270932,1.359936,62499.237056,17473.940139,-0.006804,-0.005689,0.001591,0.029379,0.037298,-135.22464,0.0,0.0,0.0,0.0,0.0,0.0,0,0,0,0,0,0,0,0,0,0,0,0,0,0,0,391.388855,424.750977,473.174133,545.485596,444.646576,398.174591,358.825684,393.335815,438.17688,535.767029,446.915405,400.206818,357.70636,395.356323,440.428406,538.521179,482.075562,431.691711,385.909637,426.782379,475.436493,581.325195,479.814087,429.667023,37.787724,176789.74032,676.931729,99.203252,0,false,false,0.0,-0.01,0
2,708,35.4,-21.497409,11.226477,1.359294,-0.596351,17473.940193,0.0,0.0,0.0,0.028883,0.036398,-135.225296,0.0,0.0,0.0,0.0,0.0,0.0,0,0,0,0,0,0,0,0,0,0,0,0,0,0,0,391.384918,424.750854,473.172302,545.491638,444.649323,398.175598,358.821899,393.334351,438.173706,535.760559,446.917114,400.206879,357.710449,395.353912,440.424194,538.513367,482.079071,431.693329,385.916595,426.781311,475.433624,581.318848,479.818634,429.669556,37.787666,176789.732052,678.973621,101.974397,0,false,false,0.0,-0.01,0
2,709,35.45,-21.49955,62510.273073,1.357851,62499.238499,17473.940172,-0.021606,-0.024944,0.007114,0.029056,0.038056,-135.225784,0.0,0.0,0.0,0.0,0.0,0.0,0,0,0,0,0,0,0,0,0,0,0,0,0,0,0,391.384155,424.752533,473.172943,545.495544,444.65094,398.175995,358.820831,393.332977,438.171021,535.755371,446.916382,400.2052,357.712128,395.350433,440.419159,538.50531,482.082031,431.694824,385.924042,426.780884,475.431915,581.314697,479.823914,429.673157,37.787689,176789.731735,680.463396,96.860656,1,true,false,0.0,-0.01,0
2,710,35.5,-21.501163,11.228089,1.35687,-0.59537,17473.940142,-0.005671,-0.012567,0.00334,0.029333,0.039158,-135.226166,0.0,0.0,0.0,0.0,0.0,0.0,0,0,0,0,0,0,0,0,0,0,0,0,0,0,0,391.383484,424.753693,473.173309,545.498535,444.6521,398.176239,358.819794,393.331848,438.168884,535.751282,446.915955,400.20401,357.713623,395.34787,440.415405,538.499268,482.084381,431.696075,385.929718,426.780609,475.430664,581.311584,479.827881,429.675842,37.78772,176789.730943,681.619624,93.463559,0,true,false,0.0,-0.01,0
2,711,35.55,-21.503935,62510.275846,1.355402,62499.239968,17473.940039,0.013845,0.002832,0.002,0.030281,0.041164,-135.226501,0.0,0.0,0.0,0.0,0.0,0.0,0,0,0,0,0,0,0,0,0,0,0,0,0,0,0,391.384857,424.756165,473.175201,545.500427,444.652557,398.175934,358.819977,393.330292,438.166351,535.746887,446.914032,400.201538,357.714233,395.344147,440.410461,538.491882,482.087097,431.697723,385.936951,426.780914,475.430145,581.309509,479.833008,429.679657,37.787823,176789.733102,682.655825,87.286569,0,true,false,0.0,-0.01,0
2,712,35.6,-21.507772,11.231926,1.352887,-0.592855,17473.939907,0.026378,0.00637,0.003852,0.031469,0.045799,-135.226654,0.0,0.0,0.0,0.0,0.0,0.0,0,0,0,0,0,0,0,0,0,0,0,0,0,0,0,391.389191,424.760529,473.179626,545.500671,444.652222,398.175293,358.823212,393.329071,438.164612,535.744141,446.909576,400.197205,357.712067,395.339264,440.404633,538.484131,482.088989,431.699036,385.94458,426.781616,475.430481,581.309265,479.838989,429.684662,37.787952,176789.74215,683.152579,72.999358,0,true,false,0.0,-0.01,0
2,713,35.65,-21.508319,62510.276393,1.353632,62499.239223,17473.939807,-0.00362,-0.014147,0.003736,0.032437,0.042907,-135.227005,0.0,0.0,0.0,0.0,0.0,0.0,0,0,0,0,0,0,0,0,0,0,0,0,0,0,0,391.387238,424.759644,473.177765,545.502747,444.652771,398.175018,358.819489,393.327454,438.161987,535.739502,446.911346,400.198029,357.715973,395.338745,440.403198,538.480957,482.091766,431.700684,385.948212,426.78183,475.42984,581.306946,479.840546,429.685211,37.788055,176789.733875,684.243884,81.934594,0,true,false,0.0,-0.01,0
2,714,35.7,-21.512312,11.235919,1.351057,-0.59028,17473.939674,0.017111,-0.00073,0.002702,0.03365,0.046815,-135.227066,0.0,0.0,0.0,0.0,0.0,0.0,0,0,0,0,0,0,0,0,0,0,0,0,0,0,0,391.392639,424.764374,473.182892,545.501892,444.651886,398.174103,358.823608,393.326355,438.160614,535.73761,446.906219,400.193329,357.712921,395.333862,440.397644,538.473999,482.093231,431.701874,385.955231,426.782776,475.430756,581.3078,479.846222,429.690155,37.788185,176789.743031,684.414208,69.890546,0,true,false,0.0,-0.01,0
2,715,35.75,-21.51277,62510.276852,1.35161,62499.23867,17473.939597,-0.036729,-0.046001,0.013099,0.034387,0.044577,-135.22728,0.0,0.0,0.0,0.0,0.0,0.0,0,0,0,0,0,0,0,0,0,0,0,0,0,0,0,391.391632,424.763855,473.181763,545.50293,444.652008,398.173737,358.821198,393.325195,438.158813,535.734558,446.907288,400.193817,357.715485,395.333496,440.396729,538.471985,482.095123,431.703033,385.957642,426.783081,475.430511,581.306641,479.847198,429.690521,37.788265,176789.737506,685.082735,76.806284,0,true,false,0.0,-0.01,0
2,716,35.8,-21.518944,11.242092,1.346866,-0.585536,17473.939482,0.192344,0.158591,0.02375,0.035565,0.053141,-135.227417,0.0,0.0,0.0,0.0,0.0,0.0,0,0,0,0,0,0,0,0,0,0,0,0,0,0,0,391.399445,424.771637,473.190063,545.50293,444.65152,398.173004,358.828369,393.323944,438.157104,535.731934,446.899048,400.186127,357.709991,395.325317,440.387299,538.4599,482.097015,431.704437,385.969055,426.783905,475.431091,581.306702,479.856873,429.698853,37.78838,176789.753025,685.521764,50.393888,0,true,false,0.0,-0.01,0
2,717,35.85,-21.519283,62510.277191,1.348456,62499.23708,17473.939284,-0.131405,-0.135146,0.039947,0.037313,0.046382,-135.227463,0.0,0.0,0.0,0.0,0.0,0.0,0,0,0,0,0,0,0,0,0,0,0,0,0,0,0,391.399811,424.770599,473.188812,545.501343,444.650116,398.171631,358.825592,393.322418,438.155304,535.729553,446.900208,400.187073,357.71283,395.326111,440.388092,538.460693,482.098755,431.705902,385.969696,426.785187,475.432404,581.308167,479.856018,429.697998,37.788578,176789.744491,685.641918,71.270346,0,true,false,0.0,-0.01,0
2,718,35.9,-21.517702,11.240511,1.350109,-0.587189,17473.939346,-0.04582,-0.037356,0.01122,0.036773,0.041059,-135.227936,0.0,0.0,0.0,0.0,0.209979,0.069993,0,0,0,0,0,0,0,0,0,0,0,0,0,0,0,391.393768,424.767273,473.183899,545.505737,444.65213,398.172455,358.819336,393.321503,438.153168,535.725098,446.904968,400.190308,357.718689,395.327606,440.388611,538.459534,482.101105,431.706879,385.970764,426.784302,475.430206,581.303467,479.855621,429.696533,37.788513,176789.72924,687.079754,87.691576,0,true,false,0.0,-0.01,0
2,719,35.95,-21.519432,62510.278921,1.348472,62499.238717,17473.939427,0.040508,0.038481,0.004613,0.036005,0.042331,-135.228531,0.0,0.0,0.0,0.0,0.209979,0.0,0,0,0,0,0,0,0,0,0,0,0,0,0,0,0,391.391449,424.768585,473.183868,545.511292,444.654724,398.173492,358.817749,393.320374,438.150513,535.719543,446.904907,400.188965,357.720795,395.324066,440.383301,538.450684,482.104065,431.70816,385.978455,426.783203,475.42749,581.297607,479.861267,429.700226,37.788433,176789.72643,688.903744,83.758731,0,true,false,0.0,-0.01,0
2,720,36.0,-21.519757,11.240836,1.348306,-0.587023,17473.939475,0.003662,0.007682,0.001052,0.03556,0.041081,-135.228958,0.0,0.0,0.0,0.0,0.069993,0.0,0,0,0,0,0,0,0,0,0,0,0,0,0,0,0,391.388397,424.768097,473.18219,545.515381,444.656586,398.174194,358.814789,393.319458,438.148468,535.715332,446.906464,400.189453,357.723846,395.322906,440.380951,538.446106,482.106354,431.709167,385.982544,426.782471,475.425537,581.293335,479.8638,429.701477,37.788387,176789.719645,690.253827,87.608781,0,true,false,0.0,-0.01,0
2,721,36.05,-21.519678,62510.278842,1.348245,62499.238778,17473.939585,0.0,0.0,0.0,0.034544,0.038822,-135.229553,0.0,0.0,0.0,0.0,0.069993,0.0,0,0,0,0,0,0,0,0,0,0,0,0,0,0,0,391.383514,424.766937,473.179413,545.521118,444.659332,398.175415,358.810516,393.318481,438.145996,535.710022,446.909149,400.190552,357.728119,395.321838,440.378387,538.440613,482.10907,431.710266,385.987152,426.781189,475.422638,581.287292,479.866608,429.702637,37.788277,176789.709001,692.056104,94.568484,0,true,false,0.0,-0.01,0
2,722,36.1,-21.520138,11.241296,1.347602,-0.58638,17473.939697,0.016515,0.025462,0.003466,0.033513,0.037783,-135.230118,0.0,0.0,0.0,0.0,0.0,0.0,0,0,0,0,0,0,0,0,0,0,0,0,0,0,0,391.379547,424.766632,473.177612,545.526733,444.662048,398.176605,358.807373,393.317596,438.143677,535.704895,446.910797,400.190826,357.731445,395.320007,440.375,538.434265,482.111694,431.711273,385.992523,426.779938,475.419769,581.281433,479.87027,429.70459,37.788162,176789.701185,693.805955,97.762369,0,true,false,0.0,-0.01,0
2,723,36.15,-21.521013,62510.279717,1.346691,62499.239689,17473.939765,-0.024375,-0.017018,0.005249,0.032874,0.038063,-135.230545,0.0,0.0,0.0,0.0,0.0,0.0,0,0,0,0,0,0,0,0,0,0,0,0,0,0,0,391.377319,424.76709,473.177063,545.530884,444.664001,398.17746,358.805725,393.316833,438.141815,535.700989,446.911316,400.190338,357.733368,395.317932,440.371643,538.428467,482.11377,431.712128,385.997498,426.779083,475.417725,581.277039,479.87384,429.706787,37.788097,176789.697714,695.132798,96.894266,0,true,false,0.0,-0.01,0
2,724,36.2,-21.522717,11.243,1.345294,-0.584982,17473.939786,-0.006922,-0.004986,0.001533,0.032665,0.039672,-135.230957,0.0,0.0,0.0,0.0,0.0,0.0,0,0,0,0,0,0,0,0,0,0,0,0,0,0,0,391.376465,424.768555,473.177643,545.534485,444.665619,398.178009,358.805084,393.315887,438.139801,535.696899,446.910614,400.188843,357.734497,395.314911,440.36734,538.42157,482.116058,431.713196,386.003662,426.778503,475.416046,581.273254,479.878387,429.7099,37.788074,176789.697593,696.394701,91.925812,0,true,false,0.0,-0.01,0
2,725,36.25,-21.522288,62510.279288,1.345618,62499.239365,17473.939907,0.0,0.0,0.0,0.031551,0.03615,-135.231659,0.0,0.0,0.0,0.0,0.0,0.0,0,0,0,0,0,0,0,0,0,0,0,0,0,0,0,391.370087,424.766602,473.173645,545.541443,444.668915,398.179413,358.799225,393.314636,438.136749,535.690369,446.914459,400.190735,357.740265,395.314148,440.364807,538.415649,482.119446,431.714569,386.008698,426.777008,475.412537,581.26593,479.881226,429.710785,37.787952,176789.682409,698.593253,102.780416,0,true,false,0.0,-0.01,0
2,726,36.3,-21.527307,11.248019,1.341321,-0.580685,17473.939869,0.110624,0.088659,0.013493,0.031849,0.044338,-135.23201,0.0,0.0,0.0,0.0,0.0,0.0,0,0,0,0,0,0,0,0,0,0,0,0,0,0,0,391.374512,424.772797,473.179657,545.544067,444.669922,398.179565,358.804047,393.313538,438.134705,535.686523,446.908447,400.184601,357.736877,395.306763,440.355743,538.403198,482.121765,431.715851,386.019928,426.776917,475.41156,581.263245,479.890594,429.718353,37.787991,176789.697631,699.667192,77.520547,0,true,false,0.0,-0.01,0
2,727,36.35,-21.52587,62510.27785,1.343224,62499.237461,17473.939887,-0.013865,-0.011344,0.003159,0.031735,0.038421,-135.232559,0.0,0.0,0.0,0.0,0.0,0.0,0,0,0,0,0,0,0,0,0,0,0,0,0,0,0,391.368042,424.769226,473.174286,545.548889,444.671997,398.180267,358.796783,393.312164,438.131866,535.680847,446.913666,400.18808,357.743774,395.308167,440.355988,538.401367,482.124817,431.717316,386.021881,426.776123,475.409271,581.258118,479.890503,429.71701,37.787975,176789.679588,701.366125,95.778296,0,true,false,0.0,-0.01,0
2,728,36.4,-21.527493,11.249642,1.341914,-0.579375,17473.939905,0.0,0.0,0.0,0.031551,0.039887,-135.232986,0.0,0.0,0.0,0.0,0.0,0.0,0,0,0,0,0,0,0,0,0,0,0,0,0,0,0,391.366974,424.770569,473.174713,545.552612,444.673676,398.180817,358.795898,393.311188,438.129761,535.676636,446.913208,400.186737,357.745148,395.305267,440.351746,538.39447,482.127167,431.718414,386.028015,426.775543,475.407532,581.254211,479.894989,429.720032,37.787956,176789.678881,702.669635,91.251681,0,true,false,0.0,-0.01,0
2,729,36.45,-21.527892,62510.278249,1.3419,62499.237476,17473.939915,-0.007517,-0.005302,0.001649,0.031464,0.038638,-135.233414,0.0,0.0,0.0,0.0,0.0,0.0,0,0,0,0,0,0,0,0,0,0,0,0,0,0,0,391.364166,424.77002,473.173035,545.556274,444.675262,398.181335,358.792847,393.31012,438.127594,535.672363,446.914764,400.187225,357.748322,395.304169,440.349548,538.390137,482.129547,431.719543,386.032043,426.774994,475.405823,581.250305,479.897369,429.721191,37.787945,176789.671959,703.972312,95.105928,0,true,false,0.0,-0.01,0
2,730,36.5,-21.529497,11.251248,1.340631,-0.578107,17473.939971,0.027351,0.024159,0.003175,0.030936,0.038953,-135.2341,1.0,0.0,0.0,0.0,0.0,0.0,0,0,0,0,0,0,0,0,0,0,0,0,0,0,0,391.36087,424.770782,473.172089,545.562622,444.678131,398.182404,358.789886,393.308624,438.124268,535.665588,446.915588,400.186432,357.751801,395.300812,440.344147,538.380798,482.13324,431.721222,386.040344,426.773865,475.402802,581.243652,479.903137,429.724731,37.787891,176789.665957,706.11804,94.12816,0,true,false,0.0,-0.01,0
2,731,36.55,-21.530828,62510.27958,1.33971,62499.238397,17473.939975,0.041385,0.034559,0.004931,0.030903,0.039679,-135.234512,1.0,0.0,0.0,0.0,0.0,0.0,0,0,0,0,0,0,0,0,0,0,0,0,0,0,0,391.359467,424.771606,473.171967,545.566162,444.679657,398.182892,358.788422,393.307587,438.122131,535.661316,446.915619,400.185577,357.753632,395.298431,440.340515,538.374695,482.13559,431.722382,386.045898,426.773346,475.401184,581.239929,479.906982,429.727234,37.787884,176789.663626,707.39393,91.891025,0,true,false,0.0,-0.01,0
2,732,36.6,-21.532532,11.252952,1.338684,-0.577081,17473.939963,0.0,0.0,0.0,0.031005,0.040333,-135.235046,1.0,0.0,0.0,0.0,0.0,0.0,0,0,0,0,0,0,0,0,0,0,0,0,0,0,0,391.357635,424.772583,473.171692,545.570618,444.681519,398.183411,358.786285,393.306122,438.119263,535.655701,446.915802,400.184601,357.756287,395.295471,440.335968,538.367065,482.138763,431.723969,386.053009,426.772797,475.3992,581.235229,479.911835,429.730316,37.787899,176789.660012,709.036956,89.872424,0,true,false,0.0,-0.01,0
2,733,36.65,-21.532288,62510.279336,1.339214,62499.237867,17473.939984,-0.007921,-0.004604,0.001628,0.030831,0.0378,-135.235443,1.0,0.0,0.0,0.0,0.0,-0.139986,0,0,0,0,0,0,0,0,0,0,0,0,0,0,0,391.354126,424.77121,473.169159,545.574097,444.683075,398.183929,358.782501,393.305176,438.117279,535.651733,446.918243,400.185913,357.76004,395.295288,440.334839,538.364075,482.14093,431.724976,386.055756,426.772217,475.397552,581.231506,479.913116,429.73053,37.787876,176789.650412,710.259296,97.689119,0,true,false,0.0,-0.01,0
2,734,36.7,-21.536352,11.257016,1.336159,-0.574026,17473.939924,-0.030206,-0.042701,0.011966,0.031349,0.043042,-135.23587,1.0,0.0,0.0,0.0,-0.221736,-0.591295,0,0,0,0,0,0,0,0,0,0,0,0,0,0,0,391.356537,424.775604,473.172974,545.577271,444.684204,398.184052,358.784607,393.303711,438.114624,535.64679,446.914398,400.181519,357.759064,395.289337,440.327179,538.353027,482.14389,431.726624,386.06601,426.772156,475.396362,581.228271,479.921051,429.736664,37.787937,176789.658302,711.586852,81.520876,0,true,false,0.0,-0.01,0
2,735,36.75,-21.537098,62510.280082,1.336426,62499.2376,17473.939865,-0.010537,-0.016527,0.004463,0.031904,0.041049,-135.236298,1.0,0.0,0.0,0.0,-0.339066,-0.720515,0,0,0,0,0,0,0,0,0,0,0,0,0,0,0,391.354279,424.775116,473.171326,545.580322,444.685303,398.184113,358.781128,393.302185,438.111908,535.641785,446.915924,400.181976,357.762787,395.288208,440.32489,538.348572,482.14682,431.728241,386.070587,426.772034,475.395142,581.224915,479.923553,429.737885,37.787994,176789.650381,712.905767,87.678372,0,true,false,0.0,-0.01,0
2,736,36.8,-21.539145,11.259063,1.335251,-0.572852,17473.939807,0.00088,-0.009242,0.002336,0.032443,0.042669,-135.236664,1.0,0.0,0.0,0.0,-0.349965,-0.069993,0,0,0,0,0,0,0,0,0,0,0,0,0,0,0,391.354401,424.776794,473.172272,545.582886,444.686218,398.184143,358.780579,393.300903,438.10965,535.637634,446.914917,400.180298,357.763916,395.285187,440.320709,538.342041,482.149261,431.729614,386.076813,426.772003,475.394165,581.222229,479.927917,429.740967,37.788055,176789.650636,714.002992,82.686353,0,true,false,0.0,-0.01,0
2,737,36.85,-21.541838,62510.282775,1.333693,62499.239159,17473.939736,0.102498,0.082088,0.012476,0.033097,0.044743,-135.237152,1.0,0.0,0.0,0.0,0.0,0.0,0,0,0,0,0,0,0,0,0,0,0,0,0,0,0,391.35437,424.778931,473.173431,545.586487,444.687531,398.184265,358.779694,393.299194,438.106567,535.631958,446.913696,400.178131,357.765594,395.281189,440.315094,538.333191,482.152649,431.731476,386.085236,426.771851,475.392761,581.218384,479.933838,429.745117,37.788124,176789.650334,715.532217,76.295729,0,true,false,0.0,-0.01,0
2,738,36.9,-21.54037,11.257594,1.33539,-0.574549,17473.939744,-0.006825,-0.005394,0.001566,0.033049,0.04014,-135.237427,1.0,0.0,0.0,0.0,0.0,0.0,0,0,0,0,0,0,0,0,0,0,0,0,0,0,0,391.350067,424.776062,473.169495,545.588928,444.688599,398.184601,358.774811,393.298492,438.105164,535.629089,446.917542,400.180969,357.770081,395.28299,440.316406,538.33374,482.154175,431.732178,386.084961,426.771454,475.391602,581.21582,479.932556,429.743347,37.788116,176789.637954,716.381843,90.499301,0,true,false,0.0,-0.01,0
2,739,36.95,-21.540236,62510.282641,1.335536,62499.239013,17473.939851,0.0,0.0,0.0,0.032071,0.037084,-135.238159,1.0,0.0,0.0,0.0,0.0,0.0,0,0,0,0,0,0,0,0,0,0,0,0,0,0,0,391.344025,424.774414,473.165863,545.595825,444.691833,398.185944,358.769196,393.29715,438.101959,535.622375,446.921021,400.182526,357.775696,395.28186,440.313446,538.327271,482.157684,431.733673,386.090546,426.77002,475.388184,581.208557,479.935852,429.744598,37.78801,176789.623665,718.604112,99.917736,0,true,false,0.0,-0.01,0
2,740,37.0,-21.541261,11.258619,1.334377,-0.57339,17473.939957,0.034579,0.037073,0.004637,0.031079,0.037326,-135.238708,1.0,0.0,0.0,0.0,0.0,0.0,0,0,0,0,0,0,0,0,0,0,0,0,0,0,0,391.340942,424.774933,473.164978,545.601318,444.694458,398.187103,358.766968,393.296234,438.099609,535.61731,446.921783,400.182007,357.778259,395.279236,440.309204,538.319885,482.160339,431.734711,386.096863,426.768829,475.385406,581.202759,479.940369,429.747345,37.787903,176789.618575,720.338945,99.160458,0,true,false,0.0,-0.01,0
2,741,37.05,-21.543267,62510.284648,1.332685,62499.240705,17473.939977,0.058617,0.05049,0.006944,0.030883,0.039662,-135.239105,1.0,0.0,0.0,0.0,0.0,0.0,0,0,0,0,0,0,0,0,0,0,0,0,0,0,0,391.340668,424.776886,473.166168,545.604736,444.695984,398.187622,358.766998,393.295319,438.097687,535.613403,446.920532,400.180054,357.778809,395.275848,440.304504,538.312622,482.162506,431.735748,386.103363,426.768311,475.38382,581.199158,479.945312,429.750854,37.787884,176789.620188,721.540551,91.950828,0,true,false,0.0,-0.01,0
2,742,37.1,-21.543819,11.259171,1.332593,-0.573298,17473.939976,-0.004293,-0.003819,0.00112,0.030893,0.038663,-135.239502,1.0,0.0,0.0,0.0,0.0,0.0,0,0,0,0,0,0,0,0,0,0,0,0,0,0,0,391.338257,424.776581,473.164795,545.608154,444.697418,398.188019,358.764252,393.29425,438.095551,535.609253,446.921844,400.180328,357.781738,395.274658,440.302216,538.308228,482.164856,431.736908,386.107483,426.767853,475.382294,581.195618,479.947784,429.752136,37.787884,176789.613965,722.776207,95.032411,0,true,false,0.0,-0.01,0
2,743,37.15,-21.546168,62510.286997,1.33084,62499.242459,17473.939998,0.0,0.0,0.0,0.030679,0.040279,-135.240189,1.0,0.0,0.0,0.0,0.0,0.0,0,0,0,0,0,0,0,0,0,0,0,0,0,0,0,391.33609,424.778229,473.164886,545.614197,444.700073,398.188904,358.762146,393.292572,438.092041,535.602234,446.921631,400.17865,357.784515,395.270386,440.295837,538.297729,482.168732,431.73877,386.116974,426.766937,475.379517,581.18927,479.954529,429.756561,37.787861,176789.610744,724.909287,90.043845,0,true,false,0.0,-0.01,0
2,744,37.2,-21.547534,11.260537,1.330222,-0.57268,17473.939958,-0.001804,-0.009013,0.002408,0.031051,0.040569,-135.240509,1.0,0.0,0.0,0.0,0.0,0.0,0,0,0,0,0,0,0,0,0,0,0,0,0,0,0,391.335541,424.779053,473.165009,545.616516,444.700897,398.188965,358.760956,393.291473,438.090057,535.598572,446.921448,400.177795,357.786133,395.268372,440.292847,538.292786,482.170898,431.73996,386.121765,426.766876,475.378632,581.186829,479.957703,429.758667,37.787903,176789.608578,725.888787,89.155668,0,true,false,0.0,-0.01,0
2,745,37.25,-21.547571,62510.287034,1.330681,62499.242,17473.939971,-0.027298,-0.024396,0.007147,0.030945,0.03784,-135.241028,1.0,0.0,0.0,0.0,-0.209979,-0.069993,0,0,0,0,0,0,0,0,0,0,0,0,0,0,0,391.331512,424.77774,473.162231,545.620911,444.702789,398.189545,358.756439,393.290161,438.087402,535.593323,446.924103,400.179077,357.79071,395.267731,440.290924,538.288391,482.173828,431.741364,386.125916,426.766205,475.376587,581.182129,479.959839,429.759399,37.787888,176789.597341,727.46824,97.575117,0,true,false,0.0,-0.01,0
2,746,37.3,-21.549334,11.2623,1.329478,-0.571477,17473.939957,0.0,0.0,0.0,0.031065,0.039294,-135.241425,1.0,0.0,0.0,0.0,0.139986,-0.069993,0,0,0,0,0,0,0,0,0,0,0,0,0,0,0,391.33078,424.779114,473.16272,545.624268,444.704193,398.189911,358.755524,393.289032,438.085175,535.588989,446.923553,400.177673,357.792114,395.264832,440.286713,538.281677,482.1763,431.742615,386.132111,426.765839,475.375092,581.178589,479.964264,429.762421,37.787903,176789.596675,728.726378,93.09016,0,true,false,0.0,-0.01,0
2,747,37.35,-21.551045,62510.288745,1.328437,62499.24304,17473.939948,0.012115,0.007405,0.001514,0.031147,0.039937,-135.241989,1.0,0.0,0.0,0.0,0.069993,-0.209979,0,0,0,0,0,0,0,0,0,0,0,0,0,0,0,391.328827,424.78006,473.162354,545.628906,444.706146,398.190491,358.753265,393.287537,438.082214,535.583191,446.923828,400.176727,357.794891,395.26181,440.282043,538.273743,482.179565,431.744263,386.139435,426.765228,475.373016,581.173706,479.969238,429.765564,37.787914,176789.592594,730.436961,91.107749,0,true,false,0.0,-0.01,0
2,748,37.4,-21.552518,11.263772,1.327689,-0.570729,17473.939911,-0.044505,-0.048555,0.014111,0.031495,0.040536,-135.242355,1.0,0.0,0.0,0.0,0.0,0.0,0,0,0,0,0,0,0,0,0,0,0,0,0,0,0,391.327972,424.780945,473.162384,545.631775,444.707245,398.190674,358.751831,393.286316,438.079987,535.578979,446.923706,400.175812,357.796753,395.259521,440.278595,538.268066,482.182007,431.745575,386.144867,426.765045,475.371826,581.170654,479.9729,429.767975,37.787949,176789.590314,731.595451,89.265795,0,true,false,0.0,-0.01,0
2,749,37.45,-21.553002,62510.289229,1.327771,62499.242957,17473.939917,-0.054444,-0.052127,0.015478,0.031437,0.038691,-135.24292,1.0,0.0,0.0,0.0,0.0,0.0,0,0,0,0,0,0,0,0,0,0,0,0,0,0,0,391.324127,424.780121,473.160034,545.636658,444.709351,398.191315,358.747589,393.284882,438.077026,535.57312,446.925934,400.176575,357.801208,395.258179,440.275757,538.26239,482.185211,431.747131,386.150177,426.764313,475.369598,581.165466,479.975983,429.769409,37.787945,176789.580411,733.338359,94.958342,0,true,false,0.0,-0.01,0
2,750,37.5,-21.555366,11.266137,1.326449,-0.569407,17473.939851,0.0,0.0,0.0,0.032051,0.040142,-135.243393,1.0,0.0,0.0,0.0,0.0,0.0,0,0,0,0,0,0,0,0,0,0,0,0,0,0,0,391.323883,424.781921,473.160858,545.640015,444.710571,398.191437,358.746521,393.283295,438.074158,535.567871,446.925018,400.174774,357.802917,395.254669,440.270752,538.254395,482.188354,431.74884,386.157776,426.764191,475.368286,581.161926,479.981262,429.773041,37.78801,176789.579454,734.760978,90.491201,0,true,false,0.0,-0.01,0
2,751,37.55,-21.556536,62510.290399,1.32565,62499.243757,17473.939841,-0.003711,-0.007638,0.002056,0.032145,0.041089,-135.243683,1.0,0.0,0.0,0.0,0.0,0.0,0,0,0,0,0,0,0,0,0,0,0,0,0,0,0,391.323181,424.782776,473.161072,545.642578,444.711639,398.191742,358.745728,393.282471,438.072571,535.564697,446.924774,400.173889,357.804077,395.252686,440.267822,538.249695,482.190125,431.749756,386.16214,426.763885,475.367157,581.159302,479.984314,429.775116,37.788021,176789.578477,735.68452,87.5707,0,true,false,0.0,-0.01,0
2,752,37.6,-21.557099,11.266699,1.325589,-0.569346,17473.939873,0.014325,0.014865,0.001773,0.031863,0.038895,-135.24437,1.0,0.0,0.0,0.0,0.0,0.0,0,0,0,0,0,0,0,0,0,0,0,0,0,0,0,391.318542,424.781891,473.158356,545.64856,444.714294,398.192657,358.740814,393.280884,438.069153,535.557861,446.927368,400.174713,357.809174,395.250977,440.264313,538.242676,482.193878,431.751495,386.168549,426.762909,475.364319,581.152893,479.988159,429.776947,37.787987,176789.566675,737.786983,94.336466,0,true,false,0.001911,-0.01,0
2,753,37.65,-21.557684,62510.290985,1.325231,62499.244115,17473.939906,0.0,0.0,0.0,0.031554,0.03825,-135.244797,1.0,0.0,0.0,0.0,0.0,0.0,0,0,0,0,0,0,0,0,0,0,0,0,0,0,0,391.315979,424.781769,473.157135,545.652405,444.716003,398.193268,358.738342,393.279938,438.067139,535.553772,446.928497,400.174835,357.811859,395.249512,440.261688,538.237793,482.196106,431.752533,386.172913,426.762238,475.362518,581.148865,479.990967,429.778503,37.787956,176789.560858,739.082544,96.325712,0,true,false,0.028367,-0.01,0
2,754,37.7,-21.558614,11.267629,1.324615,-0.56873,17473.939945,-0.054957,-0.050145,0.015011,0.031189,0.037689,-135.245361,1.0,0.0,0.0,0.0,0.0,0.0,0,0,0,0,0,0,0,0,0,0,0,0,0,0,0,391.312775,424.781799,473.155701,545.657471,444.718323,398.194122,358.735229,393.278687,438.064423,535.548218,446.92981,400.174774,357.815247,395.247345,440.257935,538.231018,482.199127,431.753906,386.179016,426.761353,475.360077,581.143494,479.994995,429.780792,37.787914,176789.553707,740.825739,98.050253,0,true,false,0.06404,-0.01,0
2,755,37.75,-21.55722,62510.289591,1.32568,62499.24305,17473.940075,-0.044755,-0.027663,0.009268,0.03001,0.03303,-135.245926,1.0,0.0,0.0,0.0,0.0,0.0,0,0,0,0,0,0,0,0,0,0,0,0,0,0,0,391.306183,424.77887,473.151001,545.663269,444.72113,398.195404,358.729187,393.277893,438.062164,535.543213,446.934387,400.177643,357.820984,395.248108,440.257446,538.228149,482.20163,431.754822,386.181274,426.759979,475.357086,581.137451,479.995728,429.780121,37.787785,176789.536089,742.572731,112.414222,0,true,false,0.09939,-0.01,0
2,756,37.8,-21.5554,11.265809,1.326506,-0.569556,17473.940277,-0.042522,-0.015284,0.007741,0.028154,0.028885,-135.246338,1.0,0.0,0.0,0.0,0.0,0.0,0,0,0,0,0,0,0,0,0,0,0,0,0,0,0,391.30011,424.776093,473.146881,545.668213,444.723816,398.196899,358.724579,393.277832,438.061157,535.540344,446.938416,400.180359,357.825104,395.249268,440.257751,538.226868,482.20285,431.754913,386.181671,426.758423,475.354309,581.132263,479.995575,429.779022,37.787582,176789.520266,743.851349,125.178504,0,true,false,0.12642,-0.01,0
2,757,37.85,-21.547347,62510.281538,1.329442,62499.240114,17473.941013,0.0,0.0,0.0,0.021415,0.016185,-135.246887,1.0,0.0,0.0,0.0,0.0,0.0,0,0,0,0,0,0,0,0,0,0,0,0,0,0,0,391.283691,424.766968,473.135315,545.678528,444.730408,398.20166,358.714935,393.280579,438.062927,535.540405,446.949829,400.189392,357.832642,395.256287,440.264282,538.232727,482.201263,431.752258,386.173096,426.753571,475.347534,581.121643,479.989197,429.772034,37.786846,176789.473416,745.529555,164.280206,0,true,false,0.161701,-0.01,0
2,758,37.9,-21.545219,11.263681,1.328895,-0.569009,17473.887783,0.009199,-0.000312,3.009014,0.017863,0.014369,-135.24704,1.0,0.0,0.0,0.0,0.0,0.0,0,0,0,0,0,0,0,0,0,0,0,0,0,0,0,391.279053,424.765503,473.13327,545.682739,444.733307,398.203918,358.714325,393.282227,438.064392,535.541565,446.951843,400.190857,357.832672,395.257141,440.264862,538.232849,482.19986,431.75061,386.171143,426.751312,475.344574,581.117371,479.988678,429.77121,37.840076,176789.464931,746.027687,169.785357,0,true,false,0.196733,-0.01,0
2,759,37.95,-21.545672,62510.281991,1.328917,62499.240092,17473.58439,0.011897,-0.000646,9.993945,0.017863,0.014369,-135.24704,1.0,0.0,0.0,0.0,0.0,0.0,0,0,0,0,0,0,0,0,0,0,0,0,0,0,0,391.279755,424.765808,473.133636,545.682251,444.73291,398.203552,358.714325,393.281891,438.063995,535.541077,446.951477,400.190552,357.832764,395.256836,440.264526,538.232422,482.200256,431.750946,386.171844,426.751648,475.344971,581.117859,479.989014,429.771515,38.143471,176789.465161,746.027447,169.481964,0,true,false,0.223461,-0.01,0
2,760,38.0,-21.546463,11.264471,1.328969,-0.569061,17472.670052,0.016471,-0.001199,21.25392,0.017863,0.014369,-135.24704,1.0,0.0,0.0,0.0,0.0,0.0,0,0,0,0,0,0,0,0,0,0,0,0,0,0,0,391.280975,424.766357,473.134247,545.681396,444.732239,398.202942,358.714355,393.281281,438.063324,535.540283,446.950897,400.190002,357.832977,395.256287,440.263916,538.231689,482.200928,431.751587,386.173065,426.752289,475.345673,581.118713,479.989624,429.772064,39.057808,176789.465456,746.027138,168.567626,0,true,false,0.25826,-0.01,0
2,761,38.05,-21.547546,62510.283075,1.329057,62499.240004,17471.110049,0.022391,-0.001901,34.028625,0.017863,0.014369,-135.24704,1.0,0.0,0.0,0.0,0.0,0.0,0,0,0,0,0,0,0,0,0,0,0,0,0,0,0,391.282654,424.76709,473.13504,545.680237,444.731262,398.202087,358.714386,393.280426,438.062378,535.539124,446.950073,400.18927,357.833252,395.255554,440.263092,538.230652,482.201904,431.752441,386.174744,426.753143,475.346619,581.119873,479.990448,429.772797,40.617813,176789.465773,746.026799,167.007623,0,true,false,0.293099,-0.01,0
2,762,38.1,-21.548618,11.265543,1.329153,-0.569157,17469.430871,0.027878,-0.002546,44.177801,0.017863,0.014369,-135.24704,1.0,0.0,0.0,0.0,0.0,0.0,0,0,0,0,0,0,0,0,0,0,0,0,0,0,0,391.284332,424.767792,473.135834,545.679077,444.730316,398.201233,358.714386,393.279572,438.061432,535.537903,446.94928,400.188568,357.833557,395.254852,440.262299,538.229675,482.20285,431.753296,386.176392,426.753998,475.347565,581.121033,479.991241,429.773499,42.296989,176789.466045,746.0265,165.328445,0,true,false,0.319706,-0.01,0
2,763,38.15,-21.550402,62510.284859,1.329323,62499.239834,17466.467857,0.036485,-0.003548,61.636227,0.017863,0.014369,-135.24704,1.0,0.0,0.0,0.0,0.0,0.0,0,0,0,0,0,0,0,0,0,0,0,0,0,0,0,391.287079,424.768982,473.137146,545.677063,444.728729,398.199799,358.714355,393.278137,438.059814,535.536011,446.947937,400.187378,357.834045,395.253662,440.260986,538.228088,482.204437,431.75473,386.179169,426.755402,475.349152,581.122986,479.992554,429.774689,45.260006,176789.46645,746.026047,162.36543,0,true,false,0.354459,-0.01,0
2,764,38.2,-21.552715,11.267856,1.329554,-0.569388,17462.485693,0.046785,-0.00474,81.179819,0.017863,0.014369,-135.24704,1.0,0.0,0.0,0.0,0.0,0.0,0,0,0,0,0,0,0,0,0,0,0,0,0,0,0,391.29068,424.770508,473.138855,545.674561,444.726624,398.197937,358.714294,393.276276,438.057739,535.533447,446.946259,400.185852,357.834717,395.252136,440.259308,538.226013,482.206543,431.756592,386.182739,426.757263,475.351227,581.125549,479.994263,429.776215,49.242168,176789.466931,746.025496,158.383266,0,true,false,0.389329,-0.01,0
2,765,38.25,-21.554828,62510.286973,1.329772,62499.239617,17458.752853,0.055679,-0.005764,99.511808,0.017863,0.014369,-135.24704,1.0,0.0,0.0,0.0,0.0,0.0,0,0,0,0,0,0,0,0,0,0,0,0,0,0,0,391.293976,424.771881,473.140381,545.67218,444.724731,398.196228,358.714264,393.274567,438.055847,535.531128,446.944702,400.184448,357.835358,395.250763,440.257751,538.224121,482.208435,431.758301,386.186005,426.758972,475.353119,581.127869,479.995819,429.777588,52.975006,176789.467342,746.025017,154.650425,0,true,false,0.415236,-0.01,0
2,766,38.3,-21.558539,11.271566,1.330162,-0.569778,17452.10747,0.070154,-0.007426,127.231201,0.017863,0.014369,-135.24704,1.0,0.0,0.0,0.0,0.0,0.0,0,0,0,0,0,0,0,0,0,0,0,0,0,0,0,391.299744,424.774323,473.143097,545.668091,444.721375,398.193207,358.714142,393.271576,438.052521,535.527039,446.941986,400.182037,357.836456,395.248322,440.255066,538.220825,482.211792,431.761292,386.191711,426.761963,475.356476,581.131897,479.998535,429.780029,59.620392,176789.468036,746.0242,148.005041,0,true,false,0.452349,-0.01,0
2,767,38.35,-21.561865,62510.290298,1.330517,62499.239262,17446.011986,0.082369,-0.008824,152.018097,0.017863,0.014369,-135.24704,1.0,0.0,0.0,0.0,0.0,0.0,0,0,0,0,0,0,0,0,0,0,0,0,0,0,0,391.304932,424.776489,473.145508,545.664368,444.718353,398.190521,358.71405,393.26889,438.04953,535.523376,446.939545,400.17984,357.837463,395.246155,440.252625,538.217896,482.214813,431.764008,386.196838,426.764679,475.359467,581.13562,480.000977,429.782196,65.715874,176789.468619,746.023507,141.909556,0,true,false,0.47979,-0.01,0
2,768,38.4,-21.567201,11.276902,1.331093,-0.570355,17436.034106,0.100822,-0.010931,190.660706,0.017863,0.014369,-135.24704,1.0,0.0,0.0,0.0,0.0,0.0,0,0,0,0,0,0,0,0,0,0,0,0,0,0,0,397.179901,424.779968,473.149384,545.658447,444.713531,398.186188,365.19342,393.264557,438.044708,535.517517,446.935638,400.176361,357.839111,395.242676,440.248749,538.213135,482.219635,431.768341,386.205078,426.768982,475.364288,581.141479,480.004852,429.785706,75.693756,176789.469501,746.022451,131.931675,0,true,false,0.516542,-0.01,0
2,769,38.45,-21.573623,62510.29672,1.331793,62499.238561,17423.751154,0.121478,-0.013286,234.107712,0.017863,0.014369,-135.24704,1.0,0.0,0.0,0.0,0.0,0.0,0,0,0,0,0,0,0,0,0,0,0,0,0,0,0,397.188141,424.784149,473.154053,545.651306,444.707703,398.180969,365.191772,393.259338,438.03891,535.510376,446.930969,400.17215,357.841064,395.238495,440.24411,538.207458,482.225464,431.77356,386.214996,426.7742,475.370087,581.14856,480.009552,429.789886,87.976707,176789.470488,746.021262,119.648722,0,true,false,0.553037,-0.01,0
2,770,38.5,-21.579328,11.282608,1.33242,-0.570981,17412.640912,0.138927,-0.015271,272.373322,0.017863,0.014369,-135.24704,1.0,0.0,0.0,0.0,0.0,0.0,0,0,0,0,0,0,0,0,0,0,0,0,0,0,0,397.195465,424.787872,473.158203,545.644897,444.702515,398.176331,365.190308,393.25473,438.033752,535.504089,446.926819,400.168427,357.842804,395.234772,440.23996,538.202393,482.230652,431.778198,386.223785,426.778839,475.375244,581.154846,480.013702,429.79361,99.086945,176789.471313,746.020264,108.538478,0,true,false,0.580724,-0.01,0
2,771,38.55,-21.586153,62510.303545,1.333172,62499.237809,17399.163926,0.158453,-0.017492,313.659814,0.017863,0.014369,-135.24704,1.0,0.0,0.0,0.0,0.0,0.0,0,0,0,0,0,0,0,0,0,0,0,0,0,0,0,397.204224,424.792297,473.163147,545.637329,444.696289,398.170776,365.188568,393.249176,438.027588,535.496582,446.921844,400.164001,357.84491,395.230347,440.235016,538.19635,482.236847,431.783752,386.234314,426.784363,475.381409,581.162415,480.018677,429.798065,112.563934,176789.47225,746.019126,95.06149,0,true,false,0.609718,-0.01,0
2,772,38.6,-21.596252,11.292706,1.33429,-0.572099,17378.823381,0.186635,-0.020691,379.365996,0.017863,0.014369,-135.24704,1.0,0.0,0.0,0.0,0.0,0.0,0,0,0,0,0,0,0,0,0,0,0,0,0,0,0,397.217194,424.798859,473.170441,545.626038,444.687134,398.162537,365.185974,393.240967,438.018433,535.485413,446.91449,400.15741,357.848053,395.223785,440.227692,538.187378,482.246033,431.791962,386.249908,426.792572,475.390533,581.173584,480.026031,429.804657,132.90448,176789.473533,746.017565,74.720943,0,true,false,0.646758,-0.01,0
2,773,38.65,-21.604726,62510.31202,1.335389,62499.23671,17361.161654,0.201242,-0.031077,430.849774,0.017857,-0.013226,-135.31395,1.0,0.0,0.0,0.0,0.0,0.0,0,0,0,0,0,0,0,0,0,0,0,0,0,0,0,396.842865,29540.048828,40000.0,568.955017,40000.0,40000.0,364.829468,40000.0,40000.0,546.742371,40000.0,40000.0,358.354248,40000.0,40000.0,567.898926,40000.0,40000.0,386.806274,40000.0,40000.0,590.14325,40000.0,40000.0,150.566208,176788.434757,952.435067,142.267871,0,true,false,0.674356,-0.01,0
2,774,38.7,-21.615427,11.303407,1.338964,-0.575673,17334.357576,0.178224,-0.089362,506.532545,0.01789,-0.045364,-135.39003,1.0,0.0,0.0,0.0,0.0,0.0,0,0,0,0,0,0,0,0,0,0,0,0,0,0,0,396.419983,29554.835938,40000.0,568.891113,40000.0,40000.0,364.422546,40000.0,40000.0,546.672485,40000.0,40000.0,358.936066,40000.0,40000.0,567.840393,40000.0,40000.0,387.442902,40000.0,40000.0,590.090698,40000.0,40000.0,177.370285,176786.933041,1187.14966,214.698199,0,true,false,0.710603,-0.01,0
2,775,38.75,-21.623013,62510.319606,1.346832,62499.228842,17304.732123,0.11607,-0.187392,585.972592,0.017941,-0.068193,-135.444077,1.0,0.0,0.0,0.0,0.0,0.0,0,0,0,0,0,0,0,0,0,0,0,0,0,0,0,40000.0,29565.689453,40000.0,40000.0,40000.0,40000.0,40000.0,40000.0,40000.0,40000.0,40000.0,40000.0,40000.0,40000.0,40000.0,40000.0,40000.0,40000.0,40000.0,40000.0,40000.0,40000.0,40000.0,40000.0,206.995743,176785.670222,1353.885274,255.566699,0,true,false,0.745006,-0.01,0
2,776,38.8,-20.239062,9.919456,2.722023,-1.950865,17279.157216,-49.748075,-49.266858,623.452729,0.018101,-0.127639,-135.552704,1.0,0.0,1.0,0.0,-0.589542,-1.389636,0,0,0,0,0,0,0,0,0,0,0,0,0,0,0,40000.0,29563.826172,40000.0,40000.0,40000.0,40000.0,40000.0,40000.0,40000.0,40000.0,40000.0,40000.0,40000.0,40000.0,40000.0,40000.0,40000.0,40000.0,40000.0,40000.0,40000.0,40000.0,40000.0,40000.0,232.570648,176780.531729,1688.980934,413.508069,0,true,false,0.772059,-0.01,0
2,777,38.85,-14.602276,62504.68282,8.267762,62493.683102,17240.215223,-123.29729,-120.902852,683.68193,0.021102,-0.498301,-136.214249,1.0,0.0,1.0,0.0,-1.028487,-1.542731,0,0,0,0,0,0,0,0,0,0,0,0,0,0,0,40000.0,29559.386719,40000.0,40000.0,40000.0,40000.0,40000.0,40000.0,40000.0,40000.0,40000.0,40000.0,40000.0,40000.0,40000.0,40000.0,40000.0,40000.0,40000.0,40000.0,40000.0,40000.0,40000.0,40000.0,271.512634,176735.308387,3729.428888,1518.693914,0,true,false,0.810191,-0.01,0
2,778,38.9,-7.742698,3.059878,14.94665,-8.629752,17209.674571,-179.610645,-174.251459,731.716962,0.031687,-1.015555,-137.115479,1.0,0.0,1.0,0.0,-0.868663,-2.026881,0,0,0,0,0,0,0,0,0,0,0,0,0,0,0,40000.0,29563.003906,40000.0,40000.0,40000.0,40000.0,40000.0,40000.0,40000.0,40000.0,40000.0,40000.0,40000.0,40000.0,40000.0,40000.0,40000.0,40000.0,40000.0,40000.0,40000.0,40000.0,40000.0,40000.0,302.053284,176624.859458,6507.563351,3084.229038,0,true,false,0.837753,-0.01,0
2,779,38.95,5.489548,62491.450575,27.609534,62481.020218,17165.117794,-261.139481,-247.811273,801.397079,0.07337,-1.956765,-138.861328,1.0,0.0,1.0,0.0,-0.669919,-1.004879,0,0,0,0,0,0,0,0,0,0,0,0,0,0,0,40000.0,29731.197266,31057.119141,40000.0,40000.0,40000.0,40000.0,40000.0,40000.0,40000.0,40000.0,40000.0,40000.0,40000.0,40000.0,40000.0,40000.0,40000.0,40000.0,40000.0,40000.0,40000.0,40000.0,40000.0,346.610077,176253.51144,11879.689691,5942.028489,0,true,false,0.874881,-0.01,0
2,780,39.0,19.433183,-10.883757,40.637341,-21.657559,17127.03019,-330.940815,-306.854061,859.713307,0.132297,-2.82006,-140.369995,1.0,0.0,1.0,0.0,-0.665176,-0.562841,0,0,0,0,0,0,0,0,0,0,0,0,0,0,0,40000.0,40000.0,30554.789062,40000.0,40000.0,40000.0,40000.0,40000.0,40000.0,40000.0,40000.0,40000.0,40000.0,40000.0,40000.0,40000.0,40000.0,40000.0,40000.0,40000.0,40000.0,40000.0,40000.0,40000.0,384.697662,175753.403615,16505.376295,8562.461698,0,true,false,0.904173,-0.01,0
2,781,39.05,37.156083,62473.727674,56.771265,62464.886294,17085.215653,-408.16578,-368.278157,923.651643,0.219799,-3.830023,-141.962952,1.0,0.0,1.0,0.0,-0.685314,-0.538461,0,0,0,0,0,0,0,0,0,0,0,0,0,0,0,40000.0,40000.0,30423.162109,40000.0,40000.0,40000.0,40000.0,40000.0,40000.0,40000.0,40000.0,40000.0,40000.0,40000.0,40000.0,40000.0,40000.0,40000.0,40000.0,40000.0,40000.0,40000.0,40000.0,40000.0,426.512207,175028.592716,21363.964442,11624.374003,0,true,false,0.934129,-0.01,0
2,782,39.1,65.013302,-38.740976,81.297246,-46.18354,17027.855126,-515.173272,-447.084453,1008.964396,0.39415,-5.367756,-144.23494,1.0,0.0,1.0,0.0,-0.68625,-0.633462,0,0,0,0,0,0,0,0,0,0,0,0,0,0,0,40000.0,40000.0,29199.767578,40000.0,40000.0,40000.0,40000.0,40000.0,40000.0,40000.0,40000.0,40000.0,40000.0,40000.0,40000.0,40000.0,40000.0,40000.0,40000.0,40000.0,40000.0,40000.0,40000.0,40000.0,483.872742,173642.144266,28230.427934,16276.847467,0,true,false,0.972036,-0.01,0
2,783,39.15,90.481157,62448.259819,102.916686,62443.266854,16981.126649,-603.687853,-506.950718,1075.237071,0.577964,-6.6607,-146.055893,1.0,0.0,1.0,0.0,-0.589379,-0.535799,0,0,0,0,0,0,0,0,0,0,0,0,0,0,0,40000.0,40000.0,26271.208984,40000.0,40000.0,40000.0,40000.0,40000.0,40000.0,40000.0,40000.0,40000.0,40000.0,40000.0,40000.0,40000.0,40000.0,40000.0,40000.0,40000.0,40000.0,40000.0,40000.0,40000.0,530.601196,172225.516888,33663.213421,20171.92314,0,true,true,1.0,-0.01,0
2,784,39.2,120.89258,-69.1524,127.853872,-71.120726,16930.099753,-696.76349,-564.803459,1137.476953,0.816093,-8.074636,-147.975296,1.0,0.0,1.0,0.0,-0.648244,-0.594223,0,0,0,0,0,0,0,0,0,0,0,0,0,0,0,40000.0,40000.0,28578.119141,40000.0,40000.0,40000.0,40000.0,40000.0,40000.0,40000.0,40000.0,40000.0,40000.0,40000.0,40000.0,40000.0,40000.0,40000.0,40000.0,40000.0,40000.0,40000.0,40000.0,40000.0,581.628113,170432.960529,39303.863987,24408.306451,0,true,true,1.0,-0.01,0
2,785,39.25,167.529013,62401.623387,164.522486,62406.59824,16858.729478,-821.403723,-634.482077,1212.588607,1.232514,-10.132929,-150.685165,1.0,0.0,1.0,0.0,-0.615496,-0.492397,0,0,0,0,0,0,0,0,0,0,0,0,0,0,0,27792.132812,40000.0,29793.853516,40000.0,40000.0,40000.0,40000.0,40000.0,40000.0,40000.0,40000.0,40000.0,40000.0,40000.0,40000.0,40000.0,40000.0,40000.0,40000.0,40000.0,40000.0,40000.0,40000.0,40000.0,652.998413,167386.702736,47084.619359,30527.588243,0,true,true,1.0,-0.01,0
2,786,39.3,207.783903,-109.40729,194.835808,-101.434048,16802.062515,-916.42366,-681.526786,1261.573265,1.623832,-11.780904,-152.797379,1.0,0.0,1.0,0.0,-0.59345,-0.395633,0,0,0,0,0,0,0,0,0,0,0,0,0,0,0,28126.773438,40000.0,29936.248047,40000.0,40000.0,40000.0,40000.0,40000.0,40000.0,40000.0,40000.0,40000.0,40000.0,40000.0,40000.0,40000.0,40000.0,40000.0,40000.0,40000.0,40000.0,40000.0,40000.0,40000.0,709.665344,164596.647777,52972.600678,35376.306081,0,true,true,1.0,-0.01,0
2,787,39.35,254.025375,62355.381916,228.299359,62373.134689,16741.334925,-1014.349643,-724.292856,1302.690575,2.080938,-13.497829,-154.93515,1.0,0.0,1.0,0.0,-0.419958,-0.139986,0,0,0,0,0,0,0,0,0,0,0,0,0,0,0,28548.796875,40000.0,40000.0,31134.5,40000.0,40000.0,40000.0,40000.0,40000.0,40000.0,40000.0,40000.0,40000.0,40000.0,40000.0,40000.0,40000.0,40000.0,40000.0,40000.0,40000.0,40000.0,40000.0,40000.0,770.392944,161397.139635,58746.88187,40367.953474,0,true,true,1.0,-0.01,0
2,788,39.4,303.067518,-158.449434,262.233969,-135.368658,16683.346469,-1124.660778,-764.556588,1250.195643,2.592924,-15.198479,-157.042145,0.0,0.0,1.0,0.0,-0.069993,0.0,1.0,81698.492557,10390.494068,-86131.715992,5.699081,0,0,0,0,0,0,0,0,0,0,28958.710938,40000.0,40000.0,31121.996094,40000.0,40000.0,40000.0,40000.0,40000.0,40000.0,40000.0,40000.0,40000.0,40000.0,40000.0,40000.0,40000.0,40000.0,40000.0,40000.0,40000.0,40000.0,40000.0,40000.0,643.254578,157907.803914,64237.551178,45252.958533,0,true,true,1.0,-0.01,0
2,789,39.45,372.226362,62286.223072,307.285458,62328.0832,16616.848535,-1266.08031,-804.664523,1117.320984,3.210196,-16.97682,-159.300308,0.0,0.0,1.0,0.0,0.0,0.0,1.0,83760.368177,13274.085235,-83780.972705,14.479093,0,0,0,0,0,0,0,0,0,0,29558.78125,40000.0,40000.0,27769.472656,40000.0,40000.0,40000.0,40000.0,40000.0,40000.0,40000.0,40000.0,40000.0,40000.0,40000.0,40000.0,40000.0,40000.0,40000.0,40000.0,40000.0,40000.0,40000.0,40000.0,709.752563,153844.467002,69884.759701,50286.867073,0,true,true,1.0,-0.01,0
2,790,39.5,429.916137,-216.139209,342.756536,-170.839736,16571.472381,-1368.675981,-828.173968,1017.084858,3.581808,-17.936977,-160.550339,0.0,0.0,1.0,0.0,0.0,0.0,1.0,84727.03247,14852.752428,-82542.575427,19.608812,1.0,53304.586469,43298.390373,-90953.475763,0.0,0,0,0,0,0,40000.0,40000.0,40000.0,27079.15625,40000.0,40000.0,40000.0,40000.0,40000.0,40000.0,40000.0,40000.0,40000.0,40000.0,40000.0,40000.0,40000.0,40000.0,40000.0,40000.0,40000.0,40000.0,40000.0,40000.0,1373.309448,151455.070158,72898.192466,52960.584121,0,true,true,1.0,-0.01,0
2,791,39.55,514.806843,62201.332366,392.117642,62278.722094,16516.917282,-1500.388373,-852.730533,883.427569,3.96726,-18.863148,-161.779099,0.0,0.0,1.0,0.0,0.0,0.0,1.0,85496.111104,16370.596799,-81415.440283,24.950572,1.0,53749.182631,44269.069868,-90353.257484,0.0,0,0,0,0,0,40000.0,40000.0,40000.0,27446.960938,40000.0,40000.0,40000.0,40000.0,40000.0,40000.0,40000.0,40000.0,40000.0,40000.0,40000.0,40000.0,40000.0,40000.0,40000.0,40000.0,40000.0,40000.0,40000.0,40000.0,1427.864502,149003.106425,75777.418589,55498.621069,0,true,true,1.0,-0.01,0
2,792,39.6,587.251058,-288.583424,432.029806,-210.751899,16479.281611,-1599.939301,-868.414237,781.578204,4.183042,-19.35465,-162.441055,0.0,0.0,1.0,0.0,0.0,0.0,1.0,85772.250525,17155.493321,-80890.252625,28.171386,1.0,53875.934016,44775.696783,-90104.193908,0.0,0,0,0,0,0,40000.0,40000.0,40000.0,29483.855469,40000.0,40000.0,40000.0,40000.0,40000.0,40000.0,40000.0,40000.0,40000.0,40000.0,40000.0,40000.0,40000.0,40000.0,40000.0,40000.0,40000.0,40000.0,40000.0,40000.0,1465.500244,147627.856609,77291.670578,56818.433902,0,true,true,1.0,-0.01,0
2,793,39.65,659.509537,62129.073887,470.194998,62240.556901,16447.965005,-1689.299837,-880.560011,688.531241,4.351585,-19.726408,-162.946533,0.0,0.0,1.0,0.0,0.0,0.0,1.0,85899.592903,17735.656997,-80531.704458,30.563773,1.0,53902.088626,45152.835299,-89951.948654,0.0,0,0,0,0,0,40000.0,40000.0,40000.0,29761.78125,40000.0,40000.0,40000.0,40000.0,40000.0,40000.0,40000.0,40000.0,40000.0,40000.0,40000.0,40000.0,40000.0,40000.0,40000.0,40000.0,40000.0,40000.0,40000.0,40000.0,1496.816772,146548.352594,78430.04398,57803.095559,0,true,true,1.0,-0.01,0
2,794,39.7,769.048557,-398.122444,525.391758,-265.948659,16410.279335,-1804.756505,-891.993616,556.412805,4.517768,-20.083216,-163.435745,0.0,0.0,1.0,0.0,0.0,0.0,1.0,85843.042908,18253.521743,-80286.87269,33.170578,1.0,53772.175197,45496.536133,-89896.464206,0.0,0,0,0,0,0,40000.0,40000.0,40000.0,30026.828125,40000.0,40000.0,40000.0,40000.0,40000.0,40000.0,40000.0,40000.0,40000.0,40000.0,40000.0,40000.0,40000.0,40000.0,40000.0,40000.0,40000.0,40000.0,40000.0,40000.0,1483.837524,145455.590228,79513.572043,58721.738317,0,true,true,1.0,-0.01,0
2,795,39.75,852.383842,62045.738602,565.617713,62200.330946,16387.838445,-1892.451756,-903.096767,473.158504,4.607794,-20.272657,-163.697144,0.0,0.0,1.0,0.0,0.0,0.0,1.0,85701.401718,18505.397369,-80210.902315,34.58522,1.0,53604.672981,45668.260349,-89915.683629,0.0,0,0,0,0,0,40000.0,40000.0,40000.0,30165.248047,40000.0,40000.0,40000.0,40000.0,40000.0,40000.0,40000.0,40000.0,40000.0,40000.0,40000.0,40000.0,40000.0,40000.0,40000.0,40000.0,40000.0,40000.0,40000.0,40000.0,3558.366943,144843.570158,80084.354584,59195.803006,0,true,true,1.0,-0.01,0
2,796,39.8,942.284345,-488.022947,607.555107,-307.886053,16368.696622,-1972.854911,-910.267421,385.381503,4.459867,-20.425449,-163.908646,0.0,0.0,1.0,-1.0,0.0,0.0,1.0,85486.536189,18378.122107,-80265.876648,35.741912,1.0,53380.032919,45449.390584,-90147.250849,0.0,0,0,0,0,0,40000.0,40000.0,40000.0,30273.691406,40000.0,40000.0,40000.0,40000.0,40000.0,40000.0,40000.0,40000.0,40000.0,40000.0,40000.0,40000.0,40000.0,40000.0,40000.0,40000.0,40000.0,40000.0,40000.0,40000.0,3577.508789,144324.131229,80770.616765,59255.752414,0,true,true,1.0,-0.01,0
2,797,39.85,1067.211968,61920.810979,663.709035,62144.177018,16349.29416,-2078.293537,-920.280343,277.185586,3.270762,-20.579519,-164.16156,0.0,0.0,1.0,0.0,0.069993,0.069993,1.0,85109.692444,16791.766277,-80701.686422,36.904548,1.0,52992.404294,43575.888469,-91249.706371,0.0,0,0,0,0,0,40000.0,40000.0,40000.0,30377.742188,40000.0,40000.0,40000.0,40000.0,40000.0,40000.0,40000.0,40000.0,40000.0,40000.0,40000.0,40000.0,40000.0,40000.0,40000.0,40000.0,40000.0,40000.0,40000.0,40000.0,3596.911133,143708.37514,82628.638662,57793.508052,0,true,true,1.0,-0.01,0
2,798,39.9,1165.330991,-586.14197,706.32719,-350.504208,16338.99084,-2151.07113,-925.630483,198.021985,2.337576,-20.659367,-164.318268,0.0,0.0,1.0,0.0,0.0,0.0,1.0,84760.990045,15508.379302,-81062.837996,37.565514,1.0,52642.56282,42077.677385,-92098.856465,0.0,0,0,0,0,0,40000.0,30053.142578,40000.0,30310.945312,40000.0,40000.0,40000.0,40000.0,40000.0,40000.0,40000.0,40000.0,40000.0,40000.0,40000.0,40000.0,40000.0,40000.0,40000.0,40000.0,40000.0,40000.0,40000.0,40000.0,3485.244385,143318.772706,83959.799963,56526.736924,0,true,true,1.0,-0.01,0
2,799,39.95,1263.327882,61822.814088,747.767647,62102.736561,16332.345667,-2219.980081,-930.865032,125.605938,1.635067,-20.721107,-164.435287,0.0,0.0,1.0,0.0,0.0,0.0,1.0,84393.086835,14514.413375,-81356.3667,38.069309,1.0,52284.995307,40927.934232,-92753.495193,0.0,0,0,0,0,0,40000.0,29479.763672,40000.0,30230.667969,40000.0,40000.0,40000.0,40000.0,40000.0,40000.0,40000.0,40000.0,40000.0,40000.0,40000.0,40000.0,40000.0,40000.0,40000.0,40000.0,40000.0,40000.0,40000.0,40000.0,5000.0,143000.221028,84943.35234,55550.026943,0,true,true,1.0,-0.01,0
2,800,40.0,1395.341446,-718.155534,802.036185,-404.772746,16328.37683,-2303.447159,-936.102425,34.936179,0.897489,-20.779787,-164.557037,0.0,0.0,1.0,0.0,0.0,0.0,1.0,83867.032041,13439.984878,-81698.766018,38.572009,1.0,51780.766228,39698.161982,-93464.391977,0.0,0,0,0,0,0,40000.0,28862.472656,40000.0,30119.533203,40000.0,40000.0,40000.0,40000.0,40000.0,40000.0,40000.0,40000.0,40000.0,40000.0,40000.0,40000.0,40000.0,40000.0,40000.0,40000.0,40000.0,40000.0,40000.0,40000.0,5000.0,142642.515266,85957.746191,54483.873412,0,true,true,1.0,-0.01,0
2,801,40.05,1495.875499,61722.280035,842.306316,62062.466429,16328.703555,-2362.834559,-939.824319,-28.483657,0.495054,-20.812443,-164.623123,0.0,0.0,1.0,0.0,0.0,0.0,1.0,83452.663002,12826.272335,-81917.529563,38.856981,1.0,51390.321395,39010.540086,-93879.047539,0.0,0,0,0,0,0,40000.0,28300.898438,40000.0,30033.763672,40000.0,40000.0,40000.0,40000.0,40000.0,40000.0,40000.0,40000.0,40000.0,40000.0,40000.0,40000.0,40000.0,40000.0,40000.0,40000.0,40000.0,40000.0,40000.0,40000.0,5000.0,142417.827927,86501.562877,53887.947552,0,true,true,1.0,-0.01,0
2,802,40.1,1606.572895,-828.852931,885.698951,-448.165381,16332.091762,-2418.332876,-941.255845,-95.780881,0.146005,-20.80899,-164.702103,0.0,0.0,1.0,0.0,0.139986,-0.069993,1.0,82936.832281,12291.604702,-82178.927862,39.100814,1.0,50888.552678,38407.795292,-94292.170042,0.0,0,0,0,0,0,40000.0,27816.048828,40000.0,29932.328125,40000.0,40000.0,40000.0,40000.0,40000.0,40000.0,40000.0,40000.0,40000.0,40000.0,40000.0,40000.0,40000.0,40000.0,40000.0,40000.0,40000.0,40000.0,40000.0,40000.0,5000.0,142197.130302,87025.259682,53270.431785,0,true,true,1.0,-0.01,0
2,803,40.15,1724.292037,61604.560893,930.869072,62017.296309,16338.741318,-2479.352642,-944.750911,-160.099138,-0.140857,-20.717804,-164.851624,0.0,0.0,1.0,0.0,0.209979,-0.139986,1.0,82247.443797,11899.209654,-82554.156399,39.299317,1.0,50166.359176,37919.714858,-94751.987179,0.0,0,0,0,0,0,40000.0,27466.941406,40000.0,29807.738281,40000.0,40000.0,40000.0,40000.0,40000.0,40000.0,40000.0,40000.0,40000.0,40000.0,40000.0,40000.0,40000.0,40000.0,40000.0,40000.0,40000.0,40000.0,40000.0,40000.0,5000.0,141948.457633,87672.973113,52487.93482,0,true,true,1.0,-0.01,0
2,804,40.2,1875.876024,-980.436917,987.706827,-505.003136,16351.188121,-2554.776855,-948.783869,-234.976713,-0.30726,-20.25893,-165.389633,0.0,0.0,1.0,0.0,0.209979,-0.209979,1.0,80791.450669,11965.990815,-83485.492812,39.487032,1.0,48448.53665,37698.038665,-95561.316937,0.0,0,0,0,0,0,40000.0,27143.171875,40000.0,29582.492188,32123.638672,40000.0,40000.0,40000.0,40000.0,40000.0,40000.0,40000.0,40000.0,40000.0,40000.0,40000.0,40000.0,40000.0,40000.0,40000.0,40000.0,40000.0,40000.0,40000.0,5000.0,141433.187636,89218.284399,50756.042654,0,true,true,1.0,-0.01,0
2,805,40.25,1993.594081,61486.842836,1030.847428,61974.155708,16363.525267,-2606.334447,-948.727573,-288.347166,-0.25442,-19.584921,-166.140045,0.0,0.0,1.0,0.0,0.3268,-0.45752,1.0,79114.551807,12543.307837,-84614.381297,39.595078,1.0,46364.776258,37887.173816,-96378.994702,0.0,0,0,0,0,0,40000.0,26967.65625,40000.0,29355.408203,31016.533203,40000.0,40000.0,40000.0,40000.0,40000.0,40000.0,40000.0,40000.0,2873.106689,40000.0,40000.0,40000.0,40000.0,40000.0,40000.0,40000.0,40000.0,40000.0,40000.0,5000.0,140794.8958,91110.864048,48737.440665,0,true,true,1.0,-0.01,0
2,806,40.3,2115.639808,-1102.482644,1074.633277,-548.788986,16378.410109,-2659.006243,-946.903002,-337.589186,-0.141709,-18.802813,-167.053467,0.0,0.0,1.0,0.0,0.28849,-0.528897,1.0,77198.72208,13325.220359,-85857.012703,39.681657,1.0,43960.902659,38190.458292,-97235.443459,0.0,0,0,0,0,0,40000.0,26801.734375,40000.0,29582.083984,30506.955078,40000.0,40000.0,40000.0,40000.0,40000.0,40000.0,40000.0,40000.0,40000.0,40000.0,40000.0,40000.0,40000.0,40000.0,40000.0,40000.0,40000.0,40000.0,40000.0,5000.0,139936.278799,93359.161408,46483.809603,0,true,true,1.0,-0.01,0
2,807,40.35,2280.70642,61321.776223,1132.261679,61916.527307,16401.322533,-2727.605313,-940.567744,-395.41344,0.06622,-17.660162,-168.472473,0.0,0.0,1.0,0.0,0.358061,-0.477415,1.0,74435.13375,14646.014983,-87563.22846,39.76837,3.0,303808.483111,192399.651681,-14340.082059,0.0,1.0,40416.997127,38694.038696,-98365.95813,0.0,40000.0,26594.644531,40000.0,40000.0,29994.5,40000.0,40000.0,40000.0,40000.0,40000.0,40000.0,40000.0,40000.0,40000.0,40000.0,40000.0,40000.0,40000.0,40000.0,40000.0,40000.0,40000.0,40000.0,40000.0,5000.0,138424.611411,96795.166091,43281.655671,0,true,true,1.0,-0.01,0
2,808,40.4,2406.410037,-1228.18626,1174.844987,-591.372293,16420.520857,-2778.30617,-932.60286,-433.008049,0.263987,-16.649527,-169.679306,0.0,0.0,1.0,0.0,0.388173,-0.310539,1.0,72050.718022,15808.446713,-88974.960144,39.81724,3.0,299036.588996,198362.329983,-20260.973164,0.270508,1.0,37369.428839,39134.264869,-99239.190267,0.0,40000.0,26505.287109,40000.0,40000.0,29077.308594,40000.0,40000.0,40000.0,40000.0,40000.0,40000.0,40000.0,40000.0,40000.0,40000.0,40000.0,40000.0,40000.0,40000.0,40000.0,40000.0,40000.0,40000.0,40000.0,5000.0,137048.196866,99672.289124,40568.31961,0,true,true,1.0,-0.01,0
2,809,40.45,2537.267627,61190.918634,1217.892708,61873.479586,16441.7904,-2827.84915,-920.642696,-466.719382,0.459169,-15.558021,-170.910873,0.0,0.0,1.0,0.0,0.209979,-0.069993,1.0,69465.907494,16967.957407,-90425.557218,39.856603,3.0,293864.348761,204379.716524,-26454.547949,0.575176,1.0,34119.401883,39540.968014,-100085.979843,0.0,40000.0,26329.212891,40000.0,40000.0,25650.427734,40000.0,40000.0,40000.0,40000.0,40000.0,40000.0,40000.0,40000.0,40000.0,40000.0,40000.0,40000.0,40000.0,40000.0,40000.0,40000.0,40000.0,40000.0,40000.0,5000.0,135551.216263,102583.421925,37713.5213,0,true,true,1.0,-0.01,0
2,810,40.5,2666.013516,-1356.932149,1258.918968,-632.398553,16463.669708,-2877.196352,-906.838848,-494.187543,0.61823,-14.556142,-172.006409,0.0,0.0,1.0,0.0,0.0,0.0,1.0,67026.031213,17954.460717,-91700.233667,39.886536,3.0,288963.629579,209659.110329,-32008.126371,0.878379,1.0,31103.064133,39843.085209,-100792.460355,0.0,40000.0,26219.238281,40000.0,40000.0,24688.5625,40000.0,40000.0,40000.0,40000.0,40000.0,40000.0,40000.0,40000.0,40000.0,40000.0,40000.0,40000.0,40000.0,40000.0,40000.0,40000.0,40000.0,40000.0,40000.0,5000.0,134112.330957,105153.699803,35137.95141,0,true,true,1.0,-0.01,0
2,811,40.55,2831.870903,61025.061247,1309.77904,61822.619513,16492.862097,-2936.149721,-885.322694,-523.328408,0.75648,-13.546468,-173.097534,0.0,0.0,1.0,0.0,0.0,0.0,1.0,64383.596908,18862.956615,-92938.414093,39.915541,3.0,283700.921846,214817.368916,-37513.715562,1.261562,1.0,27904.99882,40055.69766,-101448.387102,0.0,40000.0,26088.839844,40000.0,40000.0,24938.507812,40000.0,40000.0,40000.0,40000.0,40000.0,40000.0,40000.0,40000.0,3762.782227,40000.0,40000.0,40000.0,40000.0,40000.0,40000.0,40000.0,40000.0,40000.0,40000.0,5000.0,132539.800325,107691.0196,32569.259378,0,true,true,1.0,-0.01,0
2,812,40.6,2965.097242,-1490.158489,1348.983533,-671.603047,16516.993277,-2981.917549,-866.844184,-542.689069,0.822304,-13.000549,-173.683578,0.0,0.0,1.0,0.0,0.0,0.0,1.0,62760.429098,19298.239089,-93591.290092,39.933141,3.0,280599.69277,217522.254082,-40455.492285,1.568437,1.0,25991.590258,40111.591431,-101782.559022,0.0,40000.0,25987.322266,40000.0,40000.0,26634.824219,40000.0,40000.0,40000.0,40000.0,40000.0,40000.0,40000.0,40000.0,3867.419189,40000.0,40000.0,40000.0,40000.0,40000.0,40000.0,40000.0,40000.0,40000.0,40000.0,5000.0,131607.498474,109037.802984,31190.820595,0,true,true,1.0,-0.01,0
2,813,40.65,3136.638068,60853.520421,1397.402778,61774.200269,16548.622635,-3036.842731,-842.065485,-563.823455,0.880747,-12.466387,-174.254578,0.0,0.0,1.0,0.0,0.0,0.0,1.0,60993.183267,19677.712534,-94215.36538,39.95022,3.0,277344.884747,220103.1219,-43306.481357,1.958438,1.0,23947.268828,40117.769315,-102092.187978,0.0,40000.0,25898.625,40000.0,40000.0,26784.689453,40000.0,40000.0,40000.0,40000.0,40000.0,40000.0,40000.0,40000.0,4051.129883,40000.0,40000.0,40000.0,40000.0,40000.0,40000.0,40000.0,40000.0,40000.0,40000.0,5000.0,130627.941691,110336.297571,29850.115029,0,true,true,1.0,-0.01,0
2,814,40.7,3269.287842,-1622.808263,1433.305478,-707.505747,16573.451401,-3079.318936,-823.451518,-577.594906,0.910131,-12.175334,-174.564743,0.0,0.0,1.0,0.0,0.0,0.0,1.0,59864.729926,19850.510855,-94550.063782,39.96024,3.0,275388.767798,221467.316824,-44849.253169,2.262695,1.0,22670.721824,40086.315618,-102254.478039,0.0,40000.0,25736.970703,40000.0,40000.0,26870.025391,40000.0,40000.0,40000.0,40000.0,40000.0,40000.0,40000.0,40000.0,4170.393555,40000.0,40000.0,40000.0,40000.0,40000.0,40000.0,40000.0,40000.0,40000.0,40000.0,5000.0,130043.462175,111032.102785,29122.769848,0,true,true,1.0,-0.01,0
2,815,40.75,3420.184571,60702.623692,1472.574607,61734.93114,16602.085787,-3117.050426,-800.389268,-592.473279,0.930828,-11.959234,-174.794632,0.0,0.0,1.0,0.0,0.0,0.0,1.0,58808.508492,19941.526642,-94797.886012,39.969159,3.0,273710.236588,222439.212518,-45991.611808,2.588105,1.0,21505.857815,40025.294049,-102373.806499,0.0,40000.0,25587.742188,40000.0,40000.0,26935.880859,40000.0,40000.0,40000.0,40000.0,40000.0,40000.0,40000.0,40000.0,4323.200195,40000.0,40000.0,40000.0,40000.0,40000.0,40000.0,40000.0,40000.0,40000.0,40000.0,5000.0,129550.646401,111537.925194,28583.744604,0,true,true,1.0,-0.01,0
2,816,40.8,3606.942484,-1809.566175,1519.089065,-754.020205,16637.76026,-3172.486783,-775.876501,-607.336175,0.94982,-11.751621,-175.015182,0.0,0.0,1.0,0.0,0.0,0.0,1.0,57620.381236,20001.972372,-95032.931608,39.977332,3.0,271918.001286,223342.961084,-47084.101849,3.013887,1.0,20214.408847,39939.366733,-102485.016405,0.0,40000.0,25423.738281,40000.0,40000.0,27002.804688,40000.0,40000.0,40000.0,40000.0,40000.0,40000.0,40000.0,40000.0,3497.956055,40000.0,40000.0,40000.0,40000.0,40000.0,40000.0,40000.0,40000.0,40000.0,40000.0,5000.0,129030.424838,112015.942621,28067.330223,0,true,true,1.0,-0.01,0
2,817,40.85,3752.606222,60556.959954,1553.846101,61700.174104,16665.809174,-3209.368426,-756.486348,-618.100111,0.9599,-11.63308,-175.13652,0.0,0.0,1.0,0.0,0.139986,0.0,1.0,56781.884314,20010.14634,-95166.018531,39.982119,3.0,270747.423461,223814.591743,-47704.30747,3.334707,1.0,19318.884277,39866.75301,-102546.996234,0.0,40000.0,25338.699219,40000.0,40000.0,26982.349609,40000.0,40000.0,40000.0,40000.0,40000.0,40000.0,40000.0,40000.0,3650.967041,40000.0,40000.0,40000.0,40000.0,40000.0,40000.0,40000.0,40000.0,40000.0,40000.0,5000.0,128700.104555,112272.573123,27773.88855,0,true,true,1.0,-0.01,0
2,818,40.9,3900.291531,-1957.251485,1587.915653,-788.089757,16692.337368,-3220.453448,-736.026045,-535.5874,0.966969,-11.473569,-175.238831,1.0,0.0,1.0,0.0,0.279972,0.069993,1.0,55874.415051,20003.050141,-95343.514486,39.985914,3.0,269603.374321,224202.64476,-48518.569723,3.644492,1.0,18355.618634,39790.59939,-102625.879637,0.0,40000.0,40000.0,40000.0,40000.0,26855.572266,40000.0,40000.0,40000.0,40000.0,40000.0,40000.0,40000.0,40000.0,3805.547607,40000.0,40000.0,40000.0,40000.0,40000.0,40000.0,40000.0,40000.0,40000.0,40000.0,5000.0,128421.918575,112488.462818,27389.062734,0,true,true,1.0,-0.01,0
2,819,40.95,4093.919599,60363.331886,1631.181998,61656.907759,16718.236374,-3237.07521,-713.633848,-371.129155,0.9711,-11.155199,-175.346191,1.0,0.0,1.0,0.0,0.209979,0.0,1.0,54516.9032,19973.396569,-95708.843444,39.989684,3.0,268106.377666,224599.25634,-50124.725205,4.074492,1.0,16920.289819,39686.293502,-102789.548837,0.0,40000.0,40000.0,40000.0,40000.0,26682.341797,40000.0,40000.0,40000.0,40000.0,40000.0,40000.0,40000.0,40000.0,4002.260742,40000.0,40000.0,40000.0,40000.0,40000.0,40000.0,40000.0,40000.0,40000.0,40000.0,5000.0,128155.906665,112717.188778,26633.399744,0,true,true,1.0,-0.01,0
2,820,41.0,4242.286583,-2105.618469,1663.30541,-820.213168,16731.609414,-3239.734888,-695.15513,-252.584715,0.971864,-10.858824,-175.4133,1.0,0.0,1.0,0.0,0.139986,0.0,1.0,53397.147722,19940.790167,-96054.816059,39.991871,3.0,266965.199487,224840.372616,-51614.22309,4.378223,1.0,15740.179222,39605.663133,-102945.790349,0.0,40000.0,40000.0,40000.0,40000.0,26547.412109,40000.0,40000.0,40000.0,40000.0,40000.0,40000.0,40000.0,40000.0,4143.246582,40000.0,40000.0,40000.0,40000.0,40000.0,40000.0,40000.0,40000.0,40000.0,40000.0,5000.0,128001.522832,112861.384866,25933.814557,0,true,true,1.0,-0.01,0
2,821,41.05,4387.948496,60217.669972,1694.022088,61626.191081,16739.550286,-3247.603753,-678.93893,-139.665137,0.97004,-10.536655,-175.465515,1.0,0.0,1.0,0.0,0.069993,0.069993,1.0,52251.572177,19898.962174,-96434.696433,39.993563,3.0,265862.254904,225018.921405,-53232.885413,4.683262,1.0,14537.088045,39525.141669,-103118.317997,0.0,40000.0,40000.0,40000.0,40000.0,26414.521484,40000.0,40000.0,40000.0,40000.0,40000.0,40000.0,40000.0,40000.0,4281.151367,40000.0,40000.0,40000.0,40000.0,40000.0,40000.0,40000.0,40000.0,40000.0,40000.0,5000.0,127886.399222,112974.552306,25173.824699,0,true,true,1.0,-0.01,0
2,822,41.1,4580.599622,-2298.269594,1733.4591,-859.65018,16742.524794,-3253.227515,-657.650346,2.301017,0.965051,-10.098795,-175.517548,1.0,0.0,1.0,0.0,0.0,0.0,1.0,50723.710573,19832.941423,-96962.024541,39.995268,3.0,264447.640212,225181.89963,-55440.883079,5.071641,1.0,12939.293988,39418.897987,-103362.665199,0.0,40000.0,40000.0,40000.0,40000.0,26241.320312,29315.417969,40000.0,40000.0,40000.0,40000.0,40000.0,40000.0,40000.0,4461.762695,40000.0,40000.0,40000.0,40000.0,40000.0,40000.0,40000.0,40000.0,40000.0,40000.0,5000.0,127766.346584,113087.752291,24138.36854,0,true,true,1.0,-0.01,0
2,823,41.15,4720.430232,60077.839362,1761.281476,61598.368704,16739.556722,-3261.470079,-643.838381,102.410794,0.961738,-9.842401,-175.546173,1.0,0.0,1.0,0.0,0.0,0.0,1.0,49722.997601,19781.892502,-97300.042549,39.996213,3.0,263513.617494,225258.054296,-56763.198746,5.357637,1.0,11899.260065,39345.487944,-103534.675198,0.0,40000.0,40000.0,40000.0,40000.0,26122.771484,28937.109375,40000.0,40000.0,40000.0,40000.0,40000.0,40000.0,40000.0,4592.675293,40000.0,40000.0,40000.0,40000.0,40000.0,40000.0,40000.0,40000.0,40000.0,40000.0,5000.0,127669.675508,113147.275956,23523.932656,0,true,true,1.0,-0.01,0
2,824,41.2,4871.315463,-2449.154825,1790.571376,-888.94008,16731.719232,-3260.585978,-627.699005,203.487876,0.959089,-9.642751,-175.568192,1.0,0.0,1.0,0.0,0.069993,0.0,1.0,48778.756365,19724.778445,-97608.9354,39.997024,3.0,262619.208187,225298.841063,-57838.54605,5.643711,1.0,10925.016346,39271.152597,-103714.150887,0.0,40000.0,40000.0,40000.0,40000.0,26002.574219,28528.457031,40000.0,40000.0,40000.0,40000.0,40000.0,40000.0,40000.0,4734.029297,40000.0,40000.0,40000.0,40000.0,40000.0,40000.0,40000.0,40000.0,40000.0,40000.0,5000.0,127552.007688,113188.680853,23033.694718,0,true,true,1.0,-0.01,0
2,825,41.25,5055.734357,59893.420468,1825.416552,61563.523528,16715.92621,-3268.540761,-610.725208,324.495,0.956267,-9.432623,-175.590744,1.0,0.0,1.0,0.0,0.0,0.0,1.0,47686.503684,19656.272412,-97975.033435,39.997779,3.0,261578.639129,225330.962854,-59011.023997,6.004922,1.0,9801.88454,39184.935338,-103943.868221,0.0,40000.0,40000.0,40000.0,40000.0,25859.867188,28038.976562,40000.0,40000.0,40000.0,40000.0,40000.0,40000.0,40000.0,4906.268066,40000.0,40000.0,40000.0,40000.0,40000.0,40000.0,40000.0,40000.0,40000.0,40000.0,5000.0,127403.115451,113228.834401,22507.290333,0,true,true,1.0,-0.01,0
2,826,41.3,5197.107912,-2590.528381,1851.44099,-914.964518,16699.393976,-3271.471348,-597.781666,412.214145,0.954651,-9.313496,-175.603287,1.0,0.0,1.0,0.0,0.069993,0.0,1.0,46924.578595,19604.135452,-98233.816612,39.998226,3.0,260845.550591,225334.905028,-59726.8547,6.271758,1.0,9022.760124,39122.923543,-104125.259567,0.0,40000.0,40000.0,40000.0,40000.0,25754.6875,27862.611328,40000.0,40000.0,40000.0,40000.0,40000.0,40000.0,40000.0,5038.109375,40000.0,40000.0,40000.0,40000.0,40000.0,40000.0,40000.0,40000.0,40000.0,40000.0,5000.0,127282.769814,113247.742309,22195.949824,0,true,true,1.0,-0.01,0
2,827,41.35,5386.118136,59704.410245,1885.355138,61529.60938,16671.589708,-3271.191389,-580.619322,522.444117,0.95102,-9.155434,-175.607285,1.0,0.0,1.0,0.0,0.069993,0.069993,1.0,45914.519139,19528.679969,-98596.929897,39.998686,3.0,259917.182615,225286.888449,-60695.246644,6.615566,1.0,7994.356108,39042.675601,-104385.301197,0.0,40000.0,40000.0,40000.0,40000.0,25615.695312,27714.521484,40000.0,40000.0,40000.0,40000.0,40000.0,40000.0,40000.0,5213.075684,40000.0,40000.0,40000.0,40000.0,40000.0,40000.0,40000.0,40000.0,40000.0,40000.0,5000.0,127146.262241,113245.64002,21778.332247,0,true,true,1.0,-0.01,0
2,828,41.4,5527.590816,-2732.001061,1910.113919,-939.723299,16646.699962,-3274.097659,-568.99227,602.631947,0.947746,-9.023484,-175.605042,1.0,0.0,1.0,0.0,0.0,0.0,1.0,45138.18793,19471.364054,-98892.317314,39.99895,3.0,259227.693743,225231.361824,-61494.125592,6.874551,1.0,7204.803915,38985.089826,-104594.327115,0.0,40000.0,40000.0,40000.0,40000.0,25553.291016,27604.398438,40000.0,40000.0,40000.0,40000.0,40000.0,40000.0,40000.0,5343.034668,40000.0,40000.0,40000.0,40000.0,40000.0,40000.0,40000.0,40000.0,40000.0,40000.0,5000.0,127058.866994,113233.599985,21432.426398,0,true,true,1.0,-0.01,0
2,829,41.45,5719.806162,59512.194899,1942.940021,61496.783278,16607.559135,-3275.714931,-553.641974,705.821513,0.944058,-8.861622,-175.602295,1.0,0.0,1.0,0.0,0.0,0.0,1.0,44115.328776,19398.268909,-99296.052857,39.999226,3.0,258309.767857,225160.2339,-62514.617937,7.217148,1.0,6165.997065,38911.698641,-104891.972342,0.0,40000.0,40000.0,40000.0,40000.0,25562.425781,27457.113281,40000.0,40000.0,40000.0,40000.0,40000.0,40000.0,40000.0,5519.123047,40000.0,40000.0,40000.0,40000.0,40000.0,40000.0,40000.0,40000.0,40000.0,40000.0,5000.0,126933.163505,113217.865989,20998.027413,0,true,true,1.0,-0.01,0
2,830,41.5,5863.385981,-2875.580879,1966.88222,-963.665498,16574.496167,-3275.927446,-542.625309,778.94307,0.94197,-8.767558,-175.600708,1.0,0.0,1.0,0.0,0.0,0.0,1.0,43399.199406,19347.231025,-99588.904193,39.999384,3.0,257653.815397,225110.293358,-63165.839647,7.467559,1.0,5440.737491,38860.495951,-105123.133413,0.0,40000.0,40000.0,40000.0,40000.0,25572.144531,27349.732422,40000.0,40000.0,40000.0,40000.0,40000.0,40000.0,40000.0,5705.189941,40000.0,40000.0,40000.0,40000.0,40000.0,40000.0,40000.0,40000.0,40000.0,40000.0,5000.0,126829.250546,113206.534709,20730.954905,0,true,true,1.0,-0.01,0
2,831,41.55,6051.897099,59323.683781,1997.608845,61466.056653,16526.360704,-3276.295772,-528.931992,870.575239,0.939938,-8.675887,-175.599167,1.0,0.0,1.0,0.0,0.0,0.0,1.0,42516.292715,19284.42078,-99965.019758,39.999543,3.0,256828.98797,225048.541905,-63891.303072,7.791621,1.0,4549.0303,38797.526919,-105439.113799,0.0,40000.0,40000.0,40000.0,40000.0,25588.265625,27211.828125,40000.0,40000.0,40000.0,40000.0,40000.0,40000.0,40000.0,5880.136719,40000.0,40000.0,40000.0,40000.0,40000.0,40000.0,40000.0,40000.0,40000.0,40000.0,5000.0,126681.425568,113192.218236,20447.879776,0,true,true,1.0,-0.01,0
2,832,41.6,6193.517762,-3017.201542,2020.188418,-986.245071,16486.828964,-3276.718948,-519.194707,936.317257,0.938831,-8.625873,-175.598328,1.0,0.0,1.0,0.0,0.0,0.0,1.0,41887.447275,19240.098424,-100245.249944,39.999635,3.0,256231.593731,225004.792783,-64362.170913,8.031719,1.0,3915.424004,38753.118693,-105686.529279,0.0,40000.0,40000.0,40000.0,40000.0,25601.279297,27110.064453,40000.0,40000.0,40000.0,40000.0,40000.0,40000.0,40000.0,5962.582031,40000.0,40000.0,40000.0,40000.0,40000.0,40000.0,40000.0,40000.0,40000.0,40000.0,5000.0,126563.860528,113181.891472,20274.632503,0,true,true,1.0,-0.01,0
2,833,41.65,6383.566143,59133.635399,2049.845208,61436.399863,16429.462594,-3277.558108,-506.83327,1020.576155,0.937756,-8.577291,-175.597504,1.0,0.0,1.0,0.0,0.0,0.0,1.0,41078.170809,19184.094289,-100623.290991,39.99973,3.0,255452.708179,224949.342472,-64925.415799,8.349551,1.0,3101.550457,38697.03166,-106032.691494,0.0,40000.0,40000.0,40000.0,40000.0,40000.0,26975.419922,40000.0,40000.0,40000.0,40000.0,40000.0,40000.0,40000.0,6084.736328,40000.0,40000.0,40000.0,40000.0,40000.0,40000.0,40000.0,40000.0,40000.0,40000.0,5000.0,126399.965885,113168.621049,20079.854853,0,true,true,1.0,-0.01,0
2,834,41.7,6529.280755,-3162.916154,2072.106665,-1008.506528,16382.285326,-3278.284539,-497.849674,1082.17461,0.937176,-8.551062,-175.597061,1.0,0.0,1.0,0.0,0.0,0.0,1.0,40478.718144,19143.637778,-100916.981969,39.999785,3.0,254869.598544,224909.183752,-65319.111015,8.589727,1.0,2499.627011,38656.530602,-106309.169131,0.0,40000.0,40000.0,40000.0,40000.0,40000.0,26873.416016,40000.0,40000.0,40000.0,40000.0,40000.0,40000.0,40000.0,6350.870605,40000.0,40000.0,40000.0,40000.0,40000.0,40000.0,40000.0,40000.0,40000.0,40000.0,5000.0,126270.813123,113158.900721,19952.283129,0,true,true,1.0,-0.01,0
2,835,41.75,6695.189797,58967.726357,2096.96378,61411.542748,16325.384049,-3277.482221,-487.830005,1148.351858,0.936753,-8.53192,-175.596741,1.0,0.0,1.0,0.0,0.0,0.0,1.0,39816.862232,19100.09942,-101255.756507,39.999835,3.0,254219.640019,224865.862169,-65730.868289,8.856855,1.0,1835.97302,38612.959829,-106635.381533,0.0,40000.0,40000.0,40000.0,40000.0,40000.0,26758.46875,40000.0,40000.0,40000.0,40000.0,40000.0,40000.0,40000.0,7415.278809,40000.0,40000.0,40000.0,40000.0,40000.0,40000.0,40000.0,40000.0,40000.0,40000.0,5000.0,126120.446883,113148.303215,19828.068335,0,true,true,1.0,-0.01,0
2,836,41.8,6849.97306,-3317.699417,2119.724753,-1031.267501,16269.333726,-3269.931604,-477.962149,1202.510888,0.936436,-8.517578,-175.596512,1.0,0.0,1.0,0.0,0.0,0.0,1.0,39207.309638,19061.50265,-101580.674615,39.999871,3.0,253618.985882,224827.427524,-66110.47337,9.092148,1.0,1225.075914,38574.338822,-106950.886712,0.0,40000.0,40000.0,40000.0,40000.0,40000.0,26490.568359,40000.0,40000.0,40000.0,40000.0,40000.0,40000.0,40000.0,7555.742188,40000.0,40000.0,40000.0,40000.0,40000.0,40000.0,40000.0,40000.0,40000.0,40000.0,5000.0,125979.362479,113138.868965,19717.223159,0,true,true,1.0,-0.01,0
2,837,41.85,6999.186704,58818.512713,2141.2895,61389.978001,16212.723331,-3276.264685,-470.839104,1261.038668,0.9362,-8.506898,-175.596329,1.0,0.0,1.0,0.0,0.0,0.0,1.0,38626.773953,19026.072475,-101901.627604,39.999898,3.0,253045.067597,224792.117911,-66472.150861,9.336816,1.0,643.54056,38538.890628,-107264.830078,0.0,40000.0,40000.0,40000.0,40000.0,40000.0,26132.482422,40000.0,40000.0,40000.0,40000.0,40000.0,40000.0,40000.0,40000.0,40000.0,40000.0,40000.0,40000.0,40000.0,40000.0,40000.0,40000.0,40000.0,40000.0,5000.0,125842.641153,113130.171389,19614.929565,0,true,true,1.0,-0.01,0
2,838,41.9,7191.277113,-3509.789826,2168.532467,-1058.510468,16136.309364,-3278.686644,-461.358714,1329.120835,0.935973,-8.496614,-175.596161,1.0,0.0,1.0,0.0,0.0,0.0,1.0,37887.681679,18982.875413,-102326.110891,40.0,3.0,252312.340205,224749.036805,-66935.849984,9.638535,1.0,-96.513089,38495.676237,-107682.563442,0.0,40000.0,40000.0,40000.0,40000.0,40000.0,22824.230469,40000.0,40000.0,40000.0,40000.0,40000.0,40000.0,40000.0,40000.0,40000.0,40000.0,40000.0,40000.0,40000.0,40000.0,40000.0,40000.0,40000.0,40000.0,5000.0,125665.964899,113119.526088,19487.569599,0,true,true,1.0,-0.01,0
2,839,41.95,7333.540826,58676.249001,2188.350169,61370.160299,16077.279778,-3277.55491,-454.291982,1375.068949,0.93585,-8.491011,-175.596054,1.0,0.0,1.0,0.0,0.0,0.0,1.0,37345.361333,18952.539859,-102648.591651,40.0,3.0,251773.484838,224718.764376,-67279.698205,9.854492,1.0,-639.356735,38465.331252,-108001.366393,0.0,40000.0,40000.0,40000.0,40000.0,40000.0,22483.630859,40000.0,40000.0,40000.0,40000.0,40000.0,40000.0,40000.0,40000.0,40000.0,40000.0,40000.0,40000.0,40000.0,40000.0,40000.0,40000.0,40000.0,40000.0,5000.0,125534.794804,113112.026058,19395.376524,0,true,true,1.0,-0.01,0
2,840,42.0,7525.365027,-3701.614028,2214.612147,-1084.772446,15994.581711,-3279.65249,-445.728501,1436.499336,0.93573,-8.48559,-175.595963,1.0,0.0,1.0,0.0,0.0,0.0,1.0,36619.825953,18913.743061,-103094.099371,40.0,3.0,251051.29955,224680.028608,-67745.87751,10.147051,1.0,-1365.398023,38426.525336,-108443.316087,0.0,40000.0,40000.0,40000.0,40000.0,40000.0,22024.679688,40000.0,40000.0,40000.0,40000.0,40000.0,40000.0,40000.0,40000.0,40000.0,40000.0,40000.0,40000.0,40000.0,40000.0,40000.0,40000.0,40000.0,40000.0,5000.0,125357.676186,113102.407964,19272.803368,0,true,true,1.0,-0.01,0
2,841,42.05,7667.690638,58533.92339,2233.773806,61350.99864,15931.023079,-3280.515203,-439.606552,1479.384905,0.935665,-8.482643,-175.595917,1.0,0.0,1.0,0.0,0.0,0.0,1.0,36084.791238,18886.427062,-103432.542712,40.0,3.0,250518.085405,224652.745775,-68095.5598,10.360176,1.0,-1900.707652,38399.204382,-108779.824965,0.0,40000.0,40000.0,40000.0,40000.0,40000.0,21800.845703,40000.0,40000.0,40000.0,40000.0,40000.0,40000.0,40000.0,40000.0,40000.0,40000.0,40000.0,40000.0,40000.0,40000.0,40000.0,40000.0,40000.0,40000.0,5000.0,125226.235998,113095.623052,19182.105151,0,true,true,1.0,-0.01,0
2,842,42.1,7855.181803,-3889.105193,2258.617417,-1109.616057,15844.582071,-3280.65991,-431.815175,1532.411205,0.935601,-8.479773,-175.595871,1.0,0.0,1.0,0.0,0.0,0.0,1.0,35383.471241,18852.242927,-103888.359295,40.0,3.0,249818.538264,224618.593936,-68562.324296,10.635859,1.0,-2602.295344,38365.015422,-109233.75718,0.0,40000.0,40000.0,40000.0,40000.0,40000.0,21826.181641,40000.0,40000.0,40000.0,40000.0,40000.0,40000.0,40000.0,40000.0,40000.0,40000.0,40000.0,40000.0,40000.0,40000.0,40000.0,40000.0,40000.0,40000.0,5000.0,125053.164133,113087.119958,19062.221193,0,true,true,1.0,-0.01,0
2,843,42.15,7994.540286,58394.564906,2276.803302,61332.812755,15778.428237,-3281.576383,-426.415194,1570.518357,0.935556,-8.474155,-175.595779,1.0,0.0,1.0,0.0,0.139986,0.0,1.0,34857.034922,18828.09156,-104236.730003,40.0,3.0,249295.565719,224594.460678,-68931.832682,10.839297,1.0,-3129.255443,38340.86135,-109578.414335,0.0,40000.0,40000.0,40000.0,40000.0,40000.0,21845.091797,40000.0,40000.0,40000.0,40000.0,40000.0,40000.0,40000.0,40000.0,40000.0,40000.0,40000.0,40000.0,40000.0,40000.0,40000.0,40000.0,40000.0,40000.0,5000.0,124925.970526,113081.106199,18963.675126,0,true,true,1.0,-0.01,0
2,844,42.2,8185.109207,-4079.674113,2301.303692,-1134.116447,15685.484149,-3280.31704,-419.078245,1618.320782,0.935366,-8.412004,-175.594757,1.0,0.0,1.0,0.0,0.069993,0.0,1.0,34039.021422,18796.700951,-104755.135233,40.0,3.0,248515.729933,224563.092332,-69683.043625,11.110605,1.0,-3953.041648,38309.467419,-110055.618279,0.0,40000.0,40000.0,40000.0,40000.0,40000.0,21868.087891,40000.0,40000.0,40000.0,40000.0,40000.0,40000.0,40000.0,40000.0,40000.0,40000.0,40000.0,40000.0,40000.0,40000.0,40000.0,40000.0,40000.0,40000.0,5000.0,124770.244983,113073.288231,18707.895189,0,true,true,1.0,-0.01,0
2,845,42.25,8329.70078,58249.973333,2319.623597,61314.49285,15613.129781,-3280.336348,-413.923252,1653.749445,0.934206,-8.335904,-175.58699,1.0,0.0,1.0,0.0,0.139986,0.0,1.0,33367.578718,18770.319664,-105171.526528,40.0,3.0,247913.867826,224512.627322,-70384.882617,11.315371,1.0,-4629.3088,38287.352331,-110421.479566,0.0,40000.0,40000.0,40000.0,40000.0,40000.0,21882.976562,40000.0,40000.0,40000.0,40000.0,40000.0,40000.0,40000.0,40000.0,40000.0,40000.0,40000.0,40000.0,40000.0,40000.0,40000.0,40000.0,40000.0,40000.0,5000.0,124674.178446,113053.649333,18449.044892,0,true,true,1.0,-0.01,0
2,846,42.3,8476.476834,-4226.450167,2337.99477,-1152.487619,15538.130978,-3275.974992,-408.396102,1684.971491,0.933088,-8.244778,-175.579422,1.0,0.0,1.0,0.0,0.0,0.0,1.0,32660.135969,18744.988693,-105606.591645,40.0,3.0,247283.088984,224464.843345,-71161.746367,11.515254,1.0,-5343.019403,38265.997919,-110796.043696,0.0,40000.0,40000.0,40000.0,40000.0,40000.0,22101.310547,40000.0,40000.0,40000.0,40000.0,40000.0,40000.0,40000.0,40000.0,40000.0,40000.0,40000.0,40000.0,40000.0,40000.0,40000.0,40000.0,40000.0,40000.0,5000.0,124579.762308,113035.152323,18154.915966,0,true,true,1.0,-0.01,0
2,847,42.35,8666.436894,58060.013273,2361.453703,61291.033916,15438.810589,-3280.377361,-402.855736,1731.693149,0.931986,-8.152251,-175.571884,1.0,0.0,1.0,0.0,0.0,0.0,1.0,31790.545313,18714.830067,-106161.490618,40.0,3.0,246490.281152,224412.397118,-72063.803522,11.784551,1.0,-6218.922156,38239.785795,-111289.503739,0.0,40000.0,40000.0,40000.0,40000.0,40000.0,22537.634766,40000.0,40000.0,40000.0,40000.0,40000.0,40000.0,40000.0,40000.0,40000.0,40000.0,40000.0,40000.0,40000.0,40000.0,40000.0,40000.0,40000.0,40000.0,5000.0,124445.507867,113015.533528,17827.855361,0,true,true,1.0,-0.01,0
2,848,42.4,8807.309195,-4367.322468,2378.630886,-1169.664802,15363.583937,-3278.628017,-398.369308,1760.971892,0.93139,-8.101712,-175.56778,1.0,0.0,1.0,0.0,0.0,0.0,1.0,31178.79465,18694.189603,-106567.712345,40.0,3.0,245920.23285,224379.579163,-72659.70198,11.975312,1.0,-6834.078497,38221.301296,-111662.161883,0.0,40000.0,40000.0,40000.0,40000.0,40000.0,22863.730469,40000.0,40000.0,40000.0,40000.0,40000.0,40000.0,40000.0,40000.0,40000.0,40000.0,40000.0,40000.0,40000.0,40000.0,40000.0,40000.0,40000.0,40000.0,5000.0,124337.855628,113003.771712,17623.370575,0,true,true,1.0,-0.01,0
2,849,42.45,9008.285185,57859.037283,2402.827397,61266.837405,15254.095694,-3271.206007,-391.704426,1796.702071,0.930817,-8.052852,-175.563797,1.0,0.0,1.0,0.0,0.0,0.0,1.0,30349.171202,18667.030631,-107141.745153,40.0,3.0,245130.765783,224340.645078,-73417.141746,12.23791,1.0,-7666.966132,38196.226833,-112203.743768,0.0,40000.0,40000.0,40000.0,40000.0,40000.0,23281.431641,40000.0,40000.0,40000.0,40000.0,40000.0,40000.0,40000.0,40000.0,40000.0,40000.0,40000.0,40000.0,40000.0,40000.0,40000.0,40000.0,40000.0,40000.0,5000.0,124174.143256,112990.597128,17380.316324,0,true,true,1.0,-0.01,0
2,850,42.5,9149.748213,-4508.785496,2419.655389,-1186.492795,15175.512558,-3277.829686,-388.654177,1830.402324,0.930512,-8.02669,-175.561661,1.0,0.0,1.0,0.0,0.0,0.0,1.0,29780.840912,18649.15373,-107546.693995,40.0,3.0,244583.87298,224316.462124,-73920.311528,12.435859,1.0,-8237.032826,38179.466184,-112591.315284,0.0,40000.0,40000.0,40000.0,40000.0,40000.0,23312.90625,40000.0,40000.0,40000.0,40000.0,40000.0,40000.0,40000.0,40000.0,40000.0,40000.0,40000.0,40000.0,40000.0,40000.0,40000.0,40000.0,40000.0,40000.0,5000.0,124055.421704,112982.708041,17225.760981,0,true,true,1.0,-0.01,0
2,851,42.55,9294.584088,57714.201409,2436.717204,61249.77559,15093.848607,-3273.739102,-384.410299,1854.593572,0.93028,-8.00677,-175.560043,1.0,0.0,1.0,0.0,0.0,0.0,1.0,29212.116472,18631.857543,-107962.040397,40.0,3.0,244031.440243,224294.364231,-74410.447246,12.622578,1.0,-8807.073969,38163.01992,-112993.430509,0.0,40000.0,40000.0,40000.0,40000.0,40000.0,23333.412109,40000.0,40000.0,40000.0,40000.0,40000.0,40000.0,40000.0,40000.0,40000.0,40000.0,40000.0,40000.0,40000.0,40000.0,40000.0,40000.0,40000.0,40000.0,5000.0,123931.010647,112975.77972,17081.322246,0,true,true,1.0,-0.01,0
2,852,42.6,9484.043849,-4698.245258,2458.793965,-1208.569555,14985.235603,-3275.997964,-380.007038,1891.046822,1.000771,-7.987147,-175.558441,1.0,0.0,1.0,1.0,0.0,0.0,1.0,28480.867878,18744.471779,-108485.579207,40.0,3.0,243316.215316,224360.770602,-74753.857122,12.873613,0,0,0,0,0,40000.0,40000.0,40000.0,40000.0,40000.0,23361.023438,40000.0,40000.0,40000.0,40000.0,40000.0,40000.0,40000.0,40000.0,40000.0,40000.0,40000.0,40000.0,40000.0,40000.0,40000.0,40000.0,40000.0,40000.0,5000.0,123765.690196,112946.937928,17044.08983,0,true,true,1.0,-0.01,0
2,853,42.65,9624.267627,57573.97763,2474.976143,61233.593413,14903.603723,-3275.882085,-377.218111,1915.328649,1.634504,-7.97397,-175.557327,1.0,0.0,1.0,1.0,0.0,0.0,1.0,27942.702471,19933.537447,-108680.205165,40.0,3.0,242788.99201,225161.295643,-72725.274177,13.055117,0,0,0,0,0,40000.0,40000.0,40000.0,40000.0,40000.0,23381.673828,40000.0,40000.0,40000.0,40000.0,40000.0,40000.0,40000.0,40000.0,40000.0,40000.0,40000.0,40000.0,40000.0,40000.0,40000.0,40000.0,40000.0,40000.0,5000.0,123642.990775,112747.458815,18163.564028,0,true,true,1.0,-0.01,0
2,854,42.7,9814.916509,-4888.89414,2496.887644,-1230.481057,14791.017389,-3274.72707,-376.566169,1946.06015,3.430839,-7.957304,-175.555588,1.0,0.0,1.0,1.0,0.0,0.0,1.0,27214.076714,23335.430971,-108562.909524,40.0,3.0,242075.300187,227332.382677,-66254.325671,13.29834,0,0,0,0,0,40000.0,40000.0,40000.0,40000.0,40000.0,23409.865234,40000.0,40000.0,40000.0,40000.0,40000.0,40000.0,40000.0,40000.0,40000.0,40000.0,40000.0,40000.0,40000.0,40000.0,40000.0,40000.0,40000.0,40000.0,5000.0,123476.390278,112122.238276,21515.031924,0,true,true,1.0,-0.01,0
2,855,42.75,9979.258746,57409.635394,2515.905278,61214.575779,14692.624349,-3267.558118,-379.821562,1965.848096,5.145892,-7.94645,-175.554108,1.0,0.0,1.0,0.0,0.0,0.0,1.0,26593.183946,26592.674293,-108302.480759,40.0,3.0,241465.356399,229230.00708,-59947.762356,13.498945,0,0,0,0,0,40000.0,40000.0,40000.0,40000.0,40000.0,23434.236328,40000.0,40000.0,40000.0,40000.0,40000.0,40000.0,40000.0,40000.0,40000.0,40000.0,40000.0,40000.0,40000.0,40000.0,40000.0,40000.0,40000.0,40000.0,5000.0,123331.944681,111431.553668,24717.525456,0,true,true,1.0,-0.01,0
2,856,42.8,10126.218139,-5035.853533,2533.189014,-1247.764793,14603.518939,-3271.20736,-387.270662,1991.397603,6.426829,-7.938376,-175.55278,1.0,0.0,1.0,0.0,0.0,0.0,1.0,26041.49593,29032.715231,-108119.21137,40.0,3.0,240922.622234,230536.774011,-55276.673782,13.689668,0,0,0,0,0,40000.0,40000.0,40000.0,40000.0,40000.0,23455.857422,40000.0,40000.0,40000.0,40000.0,40000.0,40000.0,40000.0,40000.0,40000.0,40000.0,40000.0,40000.0,40000.0,40000.0,40000.0,40000.0,40000.0,40000.0,5000.0,123202.467606,110856.564452,27076.494184,0,true,true,1.0,-0.01,0
2,857,42.85,10314.143106,57221.710427,2555.866524,61191.898269,14488.170551,-3270.009061,-399.476678,2017.354595,7.670894,-7.930565,-175.5513,1.0,0.0,1.0,0.0,0.0,0.0,1.0,25341.256619,31416.568474,-108027.500261,40.0,3.0,240231.707459,231724.139029,-50851.550403,13.92543,0,0,0,0,0,40000.0,40000.0,40000.0,40000.0,40000.0,23483.017578,40000.0,40000.0,40000.0,40000.0,40000.0,40000.0,40000.0,40000.0,40000.0,40000.0,40000.0,40000.0,40000.0,40000.0,40000.0,40000.0,40000.0,40000.0,5000.0,123035.92743,110252.371213,29320.126809,0,true,true,1.0,-0.01,0
2,858,42.9,10453.74474,-5175.455167,2573.225638,-1265.123906,14401.53022,-3268.489507,-410.114952,2035.03013,8.350787,-7.926311,-175.55043,1.0,0.0,1.0,0.0,0.0,0.0,1.0,24824.301121,32731.819389,-108069.016842,40.0,3.0,239720.107683,232345.790627,-48536.061817,14.099219,0,0,0,0,0,40000.0,40000.0,40000.0,40000.0,40000.0,23502.777344,40000.0,40000.0,40000.0,40000.0,40000.0,40000.0,40000.0,40000.0,40000.0,40000.0,40000.0,40000.0,40000.0,40000.0,40000.0,40000.0,40000.0,40000.0,5000.0,122911.475291,109904.974221,30512.233734,0,true,true,1.0,-0.01,0
2,859,42.95,10638.528965,57036.926202,2596.959621,61168.164286,14285.66895,-3264.958122,-425.310052,2055.727959,9.028001,-7.908446,-175.543137,1.0,0.0,1.0,0.0,0.489951,0.139986,1.0,24118.14677,34058.200237,-108242.460639,40.0,3.0,239049.267449,232937.249317,-46421.30628,14.326816,0,0,0,0,0,40000.0,40000.0,40000.0,40000.0,40000.0,23526.232422,40000.0,40000.0,40000.0,40000.0,40000.0,40000.0,40000.0,40000.0,40000.0,40000.0,40000.0,40000.0,40000.0,40000.0,40000.0,40000.0,40000.0,40000.0,5000.0,122761.819286,109539.646166,31630.65981,0,true,true,1.0,-0.01,0
2,860,43.0,10790.08716,-5327.013362,2617.121113,-1285.285399,14189.736952,-3257.807985,-437.9493,2067.945594,9.473141,-7.78515,-175.465775,1.0,0.0,1.0,0.0,0.618955,0.247582,1.0,23345.708439,34939.017206,-108486.354447,40.0,3.0,238616.063955,233112.568416,-45589.330967,14.508125,0,0,0,0,0,40000.0,40000.0,40000.0,40000.0,40000.0,23446.244141,40000.0,40000.0,40000.0,40000.0,40000.0,40000.0,40000.0,40000.0,40000.0,40000.0,40000.0,40000.0,40000.0,40000.0,40000.0,40000.0,40000.0,40000.0,5000.0,122804.725451,109177.128866,32097.565178,0,true,true,1.0,-0.01,0
2,861,43.05,10943.624917,56883.388445,2638.21313,61147.072269,14091.705983,-3256.558662,-452.239579,2085.771142,9.882073,-7.495747,-175.275665,1.0,0.0,1.0,0.0,0.67351,0.280629,1.0,22267.893481,35752.976473,-108814.699496,40.0,3.0,238360.044334,232932.627039,-45612.755948,14.699121,0,0,0,0,0,40000.0,40000.0,40000.0,40000.0,40000.0,23355.554688,40000.0,40000.0,40000.0,40000.0,40000.0,40000.0,40000.0,40000.0,40000.0,40000.0,40000.0,40000.0,40000.0,40000.0,40000.0,40000.0,40000.0,40000.0,5000.0,123102.644992,108650.852507,32125.266,0,true,true,1.0,-0.01,0
2,862,43.1,11092.389398,-5475.777844,2659.323363,-1306.395631,13995.871483,-3256.040324,-467.088261,2104.430228,10.259182,-7.038556,-174.981323,1.0,0.0,1.0,0.0,0.693851,0.231284,1.0,20898.433514,36509.771334,-109197.234862,40.0,3.0,238253.348015,232449.080447,-46469.679415,14.885625,0,0,0,0,0,40000.0,40000.0,40000.0,40000.0,40000.0,23275.546875,40000.0,40000.0,40000.0,40000.0,40000.0,40000.0,40000.0,40000.0,40000.0,40000.0,40000.0,40000.0,40000.0,40000.0,40000.0,40000.0,40000.0,40000.0,5000.0,123637.523796,107984.821193,31715.61996,0,true,true,1.0,-0.01,0
2,863,43.15,11294.049979,56681.727864,2689.094013,61117.301619,13864.578062,-3247.347964,-487.792026,2124.726489,10.724215,-6.224333,-174.478531,1.0,0.0,1.0,0.0,0.279972,0.069993,1.0,18667.865912,37459.369224,-109780.932071,40.0,3.0,238153.11561,231526.430335,-48671.858422,15.130723,0,0,0,0,0,40000.0,40000.0,40000.0,40000.0,40000.0,23176.648438,40000.0,40000.0,40000.0,40000.0,40000.0,40000.0,40000.0,40000.0,40000.0,40000.0,40000.0,40000.0,40000.0,40000.0,40000.0,40000.0,40000.0,40000.0,5000.0,124578.556121,106974.771945,30612.272144,0,true,true,1.0,-0.01,0
2,864,43.2,11450.386626,-5632.11449,2713.166384,-1330.468002,13761.607518,-3236.0136,-504.491412,2138.543458,11.045133,-5.594351,-174.092941,1.0,0.0,1.0,0.0,0.0,0.0,1.0,16924.908088,38128.40191,-110230.260523,40.0,3.0,238008.259624,230824.676456,-50561.044216,15.317031,0,0,0,0,0,40000.0,40000.0,40000.0,40000.0,40000.0,23102.826172,40000.0,40000.0,40000.0,40000.0,40000.0,40000.0,40000.0,40000.0,40000.0,40000.0,40000.0,40000.0,40000.0,40000.0,40000.0,40000.0,40000.0,40000.0,5000.0,125274.964445,106237.434485,29658.285868,0,true,true,1.0,-0.01,0
2,865,43.25,11604.228357,56527.886132,2737.754192,61092.713811,13659.162224,-3235.132201,-523.426308,2163.719728,11.31512,-5.0627,-173.767776,1.0,0.0,1.0,0.0,0.0,0.0,1.0,15360.786396,38704.795405,-110656.941442,40.0,3.0,237765.682171,230261.444234,-52242.640542,15.513906,0,0,0,0,0,40000.0,40000.0,40000.0,40000.0,40000.0,23027.400391,40000.0,40000.0,40000.0,40000.0,40000.0,40000.0,40000.0,40000.0,40000.0,40000.0,40000.0,40000.0,40000.0,40000.0,40000.0,40000.0,40000.0,40000.0,5000.0,125824.408371,105628.697131,28817.015978,0,true,true,1.0,-0.01,0
2,866,43.3,11746.075525,-5773.961658,2761.235614,-1353.949424,13563.626445,-3227.564588,-540.388806,2181.6786,11.521826,-4.660545,-173.519562,1.0,0.0,1.0,0.0,0.0,0.0,1.0,14074.178395,39158.675439,-111043.016202,40.0,3.0,237470.250575,229851.6661,-53593.071271,15.688223,0,0,0,0,0,40000.0,40000.0,40000.0,40000.0,40000.0,22953.888672,40000.0,40000.0,40000.0,40000.0,40000.0,40000.0,40000.0,40000.0,40000.0,40000.0,40000.0,40000.0,40000.0,40000.0,40000.0,40000.0,40000.0,40000.0,5000.0,126209.272437,105171.157147,28154.526466,0,true,true,1.0,-0.01,0
2,867,43.35,11932.831039,56341.130619,2793.386681,61060.562743,13436.273825,-3215.729009,-562.765435,2204.443115,11.724177,-4.270901,-173.277191,1.0,0.0,1.0,0.0,0.0,0.0,1.0,12632.084785,39624.721481,-111554.82804,40.0,3.0,236981.423382,229479.63486,-55051.694833,15.91623,0,0,0,0,0,40000.0,40000.0,40000.0,40000.0,40000.0,22848.419922,40000.0,40000.0,40000.0,40000.0,40000.0,40000.0,40000.0,40000.0,40000.0,40000.0,40000.0,40000.0,40000.0,40000.0,40000.0,40000.0,40000.0,40000.0,5000.0,126529.200813,104733.176296,27469.711358,0,true,true,1.0,-0.01,0
2,868,43.4,12076.08934,-5917.219959,2819.016062,-1379.578804,13337.372189,-3208.117954,-580.164083,2223.547801,11.834002,-4.061078,-173.145889,1.0,0.0,1.0,0.0,0.0,0.0,1.0,11687.677387,39895.23947,-111955.798733,40.0,3.0,236547.437274,229298.327925,-55967.617905,16.093125,0,0,0,0,0,40000.0,40000.0,40000.0,40000.0,40000.0,22761.009766,40000.0,40000.0,40000.0,40000.0,40000.0,40000.0,40000.0,40000.0,40000.0,40000.0,40000.0,40000.0,40000.0,40000.0,40000.0,40000.0,40000.0,40000.0,5000.0,126657.838359,104501.705719,27066.121405,0,true,true,1.0,-0.01,0
2,869,43.45,12224.46819,56192.751769,2846.444956,61033.133848,13233.832861,-3196.898305,-597.342285,2239.841242,11.916716,-3.903814,-173.047104,1.0,0.0,1.0,0.0,0.0,0.0,1.0,10819.243729,40114.867628,-112380.457193,40.0,3.0,236060.219666,229179.074008,-56780.578144,16.272305,0,0,0,0,0,40000.0,40000.0,40000.0,40000.0,40000.0,22665.490234,40000.0,40000.0,40000.0,40000.0,40000.0,40000.0,40000.0,40000.0,40000.0,40000.0,40000.0,40000.0,40000.0,40000.0,40000.0,40000.0,40000.0,40000.0,5000.0,126713.32414,104332.204463,26730.997065,0,true,true,1.0,-0.01,0
2,870,43.5,12417.257906,-6110.009675,2883.395058,-1416.528907,13097.605536,-3185.138769,-619.566701,2263.096978,11.996344,-3.753032,-172.952103,1.0,0.0,1.0,0.0,0.0,0.0,3.0,235393.849688,229083.862178,-57718.452358,16.507969,0,0,0,0,0,0,0,0,0,0,40000.0,40000.0,40000.0,40000.0,40000.0,22536.3125,40000.0,40000.0,40000.0,40000.0,40000.0,40000.0,40000.0,40000.0,40000.0,40000.0,40000.0,40000.0,40000.0,40000.0,40000.0,40000.0,40000.0,40000.0,5000.0,126716.355725,104174.333381,26369.262486,0,true,true,1.0,-0.01,0
2,871,43.55,12555.655292,56054.354383,2910.813034,61005.715873,12998.640636,-3177.628064,-635.177628,2280.060115,12.039352,-3.67184,-172.900818,1.0,0.0,1.0,0.0,0.0,0.0,3.0,234899.070639,229044.823694,-58333.359175,16.677754,0,0,0,0,0,0,0,0,0,0,40000.0,40000.0,40000.0,40000.0,40000.0,22440.699219,40000.0,40000.0,40000.0,40000.0,40000.0,40000.0,40000.0,40000.0,40000.0,40000.0,40000.0,40000.0,40000.0,40000.0,40000.0,40000.0,40000.0,40000.0,5000.0,126683.851931,104092.326626,26146.674972,0,true,true,1.0,-0.01,0
2,872,43.6,12734.755496,-6289.109879,2947.374142,-1453.090014,12869.161622,-3166.946613,-654.47169,2300.078054,12.081495,-3.592451,-172.850601,1.0,0.0,1.0,0.0,0.0,0.0,3.0,234243.683448,229021.130366,-59075.288661,16.895586,0,0,0,0,0,0,0,0,0,0,40000.0,40000.0,40000.0,40000.0,40000.0,22313.994141,40000.0,40000.0,40000.0,40000.0,40000.0,40000.0,40000.0,40000.0,40000.0,40000.0,40000.0,40000.0,40000.0,40000.0,40000.0,40000.0,40000.0,40000.0,5000.0,126609.07185,104015.722989,25893.635519,0,true,true,1.0,-0.01,0
2,873,43.65,12873.06398,55916.045899,2976.4259,60976.664114,12768.140862,-3155.720233,-668.163694,2311.666899,12.104558,-3.549077,-172.823135,1.0,0.0,1.0,0.0,0.0,0.0,3.0,233727.506866,229020.962827,-59611.286321,17.059668,0,0,0,0,0,0,0,0,0,0,40000.0,40000.0,40000.0,40000.0,40000.0,22213.953125,40000.0,40000.0,40000.0,40000.0,40000.0,40000.0,40000.0,40000.0,40000.0,40000.0,40000.0,40000.0,40000.0,40000.0,40000.0,40000.0,40000.0,40000.0,5000.0,126528.64652,103977.050241,25722.633003,0,true,true,1.0,-0.01,0
2,874,43.7,13054.739899,-6470.785797,3015.62769,-1492.291805,12634.095721,-3146.062147,-686.386156,2330.977844,12.126966,-3.50698,-172.796448,1.0,0.0,1.0,0.0,0.0,0.0,3.0,233041.158927,229034.747357,-60286.94119,17.280234,0,0,0,0,0,0,0,0,0,0,40000.0,40000.0,40000.0,40000.0,40000.0,22080.375,40000.0,40000.0,40000.0,40000.0,40000.0,40000.0,40000.0,40000.0,40000.0,40000.0,40000.0,40000.0,40000.0,40000.0,40000.0,40000.0,40000.0,40000.0,5000.0,126404.219034,103942.992086,25517.741748,0,true,true,1.0,-0.01,0
2,875,43.75,13229.279053,55741.506745,3054.408618,60937.883187,12504.114178,-3114.584751,-698.14929,2325.136722,12.138626,-3.485094,-172.782562,1.0,0.0,1.0,0.0,0.0,0.0,3.0,232372.147178,229065.042881,-60899.426171,17.465469,0,0,0,0,0,0,0,0,0,0,40000.0,40000.0,40000.0,40000.0,40000.0,21949.550781,40000.0,40000.0,40000.0,40000.0,40000.0,40000.0,40000.0,40000.0,40000.0,40000.0,40000.0,40000.0,40000.0,40000.0,40000.0,40000.0,40000.0,40000.0,5000.0,126261.47336,103931.063311,25345.891039,0,true,true,1.0,-0.01,0
2,876,43.8,13323.391636,-6564.898381,3075.72383,-1513.607017,12433.395632,-3127.451184,-710.736419,2352.679527,12.144579,-3.473926,-172.775467,1.0,0.0,1.0,0.0,0.0,0.0,3.0,232010.87793,229081.19717,-61230.852922,17.599473,0,0,0,0,0,0,0,0,0,0,40000.0,40000.0,40000.0,40000.0,40000.0,21878.574219,26993.183594,40000.0,40000.0,40000.0,40000.0,40000.0,40000.0,40000.0,40000.0,40000.0,40000.0,40000.0,40000.0,40000.0,40000.0,40000.0,40000.0,40000.0,5000.0,126183.658604,103925.149057,25253.470653,0,true,true,1.0,-0.01,0
2,877,43.85,13507.280525,55557.617856,3118.192257,60895.414759,12294.147502,-3121.939774,-727.760556,2373.329845,12.153549,-3.457103,-172.764801,1.0,0.0,1.0,0.0,0.0,0.0,3.0,231302.266206,229116.021069,-61871.861468,17.824629,0,0,0,0,0,0,0,0,0,0,40000.0,40000.0,40000.0,40000.0,40000.0,21792.769531,26025.671875,40000.0,40000.0,40000.0,40000.0,40000.0,40000.0,40000.0,40000.0,40000.0,40000.0,40000.0,40000.0,40000.0,40000.0,40000.0,40000.0,40000.0,5000.0,126025.335502,103918.86096,25078.803678,0,true,true,1.0,-0.01,0
2,878,43.9,13642.085046,-6699.702902,3149.988614,-1545.403373,12191.19651,-3116.015814,-739.211851,2385.61729,12.158446,-3.447923,-172.758972,1.0,0.0,1.0,0.0,0.0,0.0,3.0,230781.079513,229143.184481,-62338.542652,17.986602,0,0,0,0,0,0,0,0,0,0,40000.0,40000.0,40000.0,40000.0,40000.0,21794.814453,25906.005859,40000.0,40000.0,40000.0,40000.0,40000.0,40000.0,40000.0,40000.0,40000.0,40000.0,40000.0,40000.0,40000.0,40000.0,40000.0,40000.0,40000.0,5000.0,125905.3125,103917.468764,24954.262892,0,true,true,1.0,-0.01,0
2,879,43.95,13816.504263,55383.198639,3191.926937,60853.476436,12056.940277,-3107.876073,-753.173828,2399.939588,12.163249,-3.43892,-172.75325,1.0,0.0,1.0,0.0,0.0,0.0,3.0,230105.153969,229179.266689,-62940.62128,18.194492,0,0,0,0,0,0,0,0,0,0,40000.0,40000.0,40000.0,40000.0,40000.0,21797.0,25749.748047,40000.0,40000.0,40000.0,40000.0,40000.0,40000.0,40000.0,40000.0,40000.0,40000.0,40000.0,40000.0,40000.0,40000.0,40000.0,40000.0,40000.0,5000.0,125746.405153,103918.463771,24796.021791,0,true,true,1.0,-0.01,0
2,880,44.0,13947.801906,-6831.000545,3224.070895,-1577.547331,11955.139183,-3101.863211,-763.179838,2410.077738,12.165893,-3.433966,-172.750107,1.0,0.0,1.0,0.0,0.0,0.0,3.0,229595.349431,229206.788754,-63393.111538,18.350254,0,0,0,0,0,0,0,0,0,0,40000.0,40000.0,40000.0,40000.0,40000.0,21798.248047,25631.109375,40000.0,40000.0,40000.0,40000.0,40000.0,40000.0,40000.0,40000.0,40000.0,40000.0,40000.0,40000.0,40000.0,40000.0,40000.0,40000.0,40000.0,5000.0,125624.49612,103920.928504,24678.649732,0,true,true,1.0,-0.01,0
2,881,44.05,14123.265213,55207.735333,3267.764493,60809.782839,11818.147573,-3094.071195,-775.918738,2422.889552,12.16848,-3.429117,-172.747025,1.0,0.0,1.0,0.0,0.0,0.0,3.0,228913.081545,229243.399757,-63998.174779,18.557578,0,0,0,0,0,0,0,0,0,0,40000.0,40000.0,40000.0,40000.0,40000.0,21799.347656,20550.683594,40000.0,40000.0,40000.0,40000.0,40000.0,40000.0,40000.0,40000.0,40000.0,40000.0,40000.0,40000.0,40000.0,40000.0,40000.0,40000.0,40000.0,5000.0,125459.353657,103925.758729,24523.223464,0,true,true,1.0,-0.01,0
2,882,44.1,14257.244853,-6964.980186,3301.674418,-1611.457257,11712.851795,-3088.771282,-785.296482,2432.64063,12.169894,-3.426467,-172.745331,1.0,0.0,1.0,0.0,0.0,0.0,3.0,228391.526677,229270.931343,-64461.019044,18.715723,0,0,0,0,0,0,0,0,0,0,40000.0,40000.0,40000.0,40000.0,40000.0,40000.0,20341.333984,40000.0,40000.0,40000.0,40000.0,40000.0,40000.0,40000.0,40000.0,40000.0,40000.0,40000.0,40000.0,40000.0,40000.0,40000.0,40000.0,40000.0,5000.0,125331.929437,103930.27918,24405.238233,0,true,true,1.0,-0.01,0
2,883,44.15,14434.576725,55030.403461,3345.734842,60765.722415,11580.081242,-3141.488493,-770.046889,2281.542361,12.17024,-3.425609,-172.725006,0.0,0.0,1.0,0.0,0.069993,0.209979,3.0,227771.508086,229232.136367,-65053.715542,18.923809,0,0,0,0,0,0,0,0,0,0,40000.0,40000.0,40000.0,40000.0,40000.0,40000.0,20342.091797,40000.0,40000.0,40000.0,40000.0,40000.0,40000.0,40000.0,40000.0,40000.0,40000.0,40000.0,40000.0,40000.0,40000.0,40000.0,40000.0,40000.0,5000.0,125196.530991,103896.063866,24252.238524,0,true,true,1.0,-0.01,0
2,884,44.2,14585.632878,-7116.03634,3381.918305,-1647.64072,11476.650838,-3125.491302,-743.851906,2102.27154,12.16673,-3.435273,-172.654236,0.0,0.0,1.0,0.0,0.0,0.489951,3.0,227457.741794,228980.17401,-65526.338207,19.037187,0,0,0,0,0,0,0,0,0,0,40000.0,40000.0,40000.0,40000.0,40000.0,40000.0,20341.902344,40000.0,40000.0,40000.0,40000.0,40000.0,40000.0,40000.0,40000.0,40000.0,40000.0,40000.0,40000.0,40000.0,40000.0,40000.0,40000.0,40000.0,5000.0,125179.699854,103747.823991,24128.181678,0,true,true,1.0,-0.01,0
2,885,44.25,14740.866602,54875.169738,3418.184205,60729.456514,11376.103279,-3221.562151,-745.879657,2040.138104,12.155186,-3.46238,-172.445297,0.0,0.0,1.0,0.0,0.069993,0.349965,3.0,227664.708075,228179.640798,-66034.606258,19.294336,0,0,0,0,0,0,0,0,0,0,40000.0,40000.0,40000.0,40000.0,40000.0,40000.0,20337.115234,40000.0,40000.0,40000.0,40000.0,40000.0,40000.0,40000.0,40000.0,40000.0,40000.0,40000.0,40000.0,40000.0,40000.0,40000.0,40000.0,40000.0,5000.0,125413.413541,103296.737147,23981.127354,0,true,true,1.0,-0.01,0
2,886,44.3,14940.952505,-7316.122243,3463.592493,-1693.049007,11255.945243,-3271.00015,-733.87852,1901.478419,12.13222,-3.508548,-172.046661,0.0,0.0,1.0,0.0,0.0,0.419958,3.0,228415.69822,226635.231393,-66715.815984,19.5475,0,0,0,0,0,0,0,0,0,0,40000.0,40000.0,40000.0,40000.0,40000.0,40000.0,20327.529297,40000.0,40000.0,40000.0,40000.0,40000.0,40000.0,40000.0,40000.0,40000.0,40000.0,40000.0,40000.0,40000.0,40000.0,40000.0,40000.0,40000.0,5000.0,125948.591728,102431.872936,23765.618177,0,true,true,1.0,-0.01,0
2,887,44.35,15089.256241,54726.866001,3496.415579,60696.633428,11173.192941,-3308.427896,-727.493471,1808.011247,12.108463,-3.557261,-171.646729,0.0,0.0,1.0,0.0,0.0,0.419958,3.0,229367.835678,225068.688491,-67226.014052,19.743203,0,0,0,0,0,0,0,0,0,0,40000.0,40000.0,40000.0,40000.0,40000.0,40000.0,20318.205078,40000.0,40000.0,40000.0,40000.0,40000.0,40000.0,40000.0,40000.0,40000.0,40000.0,40000.0,40000.0,40000.0,40000.0,40000.0,40000.0,40000.0,5000.0,126530.42508,101557.178679,23595.186557,0,true,true,1.0,-0.01,0
2,888,44.4,15239.653539,-7466.519541,3529.09804,-1725.731467,11094.344942,-3344.406971,-722.753135,1718.164649,12.077413,-3.615206,-171.13739,0.0,0.0,1.0,0.0,0.069993,0.419958,3.0,230707.000963,223060.876865,-67776.527668,19.945098,0,0,0,0,0,0,0,0,0,0,40000.0,40000.0,40000.0,40000.0,40000.0,40000.0,20306.925781,40000.0,40000.0,40000.0,40000.0,40000.0,40000.0,40000.0,40000.0,40000.0,40000.0,40000.0,40000.0,40000.0,40000.0,40000.0,40000.0,40000.0,5000.0,127300.096463,100437.823426,23397.821407,0,true,true,1.0,-0.01,0
2,889,44.45,15434.579099,54531.940441,3570.750014,60654.981454,10999.072257,-3383.339999,-718.6248,1604.947491,12.025182,-3.698531,-170.303696,0.0,0.0,1.0,0.0,0.069993,0.419958,3.0,233038.291999,219750.857465,-68575.797449,20.205234,0,0,0,0,0,0,0,0,0,0,40000.0,40000.0,40000.0,40000.0,40000.0,40000.0,20290.371094,40000.0,40000.0,40000.0,40000.0,40000.0,40000.0,40000.0,40000.0,40000.0,40000.0,40000.0,40000.0,40000.0,40000.0,40000.0,40000.0,40000.0,5000.0,128588.373807,98594.653649,23086.095797,0,true,true,1.0,-0.01,0
2,890,44.5,15586.841047,-7618.781488,3602.883683,-1757.865137,10929.774053,-3408.937855,-717.433656,1519.655667,11.979372,-3.760242,-169.590042,0.0,0.0,1.0,0.0,0.069993,0.209979,3.0,235033.218542,216899.963241,-69246.178573,20.408496,0,0,0,0,0,0,0,0,0,0,40000.0,40000.0,40000.0,40000.0,40000.0,40000.0,20279.271484,40000.0,40000.0,40000.0,40000.0,40000.0,40000.0,40000.0,40000.0,40000.0,40000.0,40000.0,40000.0,40000.0,40000.0,40000.0,40000.0,40000.0,5000.0,129683.753688,97007.018438,22810.816862,0,true,true,1.0,-0.01,0
2,891,44.55,15745.116954,54373.664534,3636.057797,60621.80734,10862.156699,-3438.565977,-719.560709,1438.937862,11.931536,-3.811302,-168.857315,0.0,0.0,1.0,0.0,0.0,0.069993,3.0,237011.620872,213963.588961,-69970.550567,20.629668,0,0,0,0,0,0,0,0,0,0,40000.0,40000.0,40000.0,40000.0,40000.0,40000.0,20271.148438,40000.0,40000.0,40000.0,40000.0,40000.0,40000.0,40000.0,40000.0,40000.0,40000.0,40000.0,40000.0,40000.0,40000.0,40000.0,40000.0,40000.0,5000.0,130785.591256,95370.174797,22503.937756,0,true,true,1.0,-0.01,0
2,892,44.6,15941.207519,-7814.872053,3677.024417,-1798.831758,10783.970016,-3472.795834,-725.252659,1344.841129,11.879927,-3.863641,-168.07692,0.0,0.0,1.0,0.0,0.0,0.0,3.0,238963.014366,210826.61737,-70781.339082,20.908457,0,0,0,0,0,0,0,0,0,0,40000.0,40000.0,40000.0,40000.0,40000.0,21236.962891,20267.583984,40000.0,40000.0,40000.0,40000.0,40000.0,40000.0,40000.0,40000.0,40000.0,40000.0,40000.0,40000.0,40000.0,40000.0,40000.0,40000.0,40000.0,5000.0,131907.944775,93616.526203,22164.469608,0,true,true,1.0,-0.01,0
2,893,44.65,16090.685907,54224.186146,3708.26129,60590.570468,10728.337204,-3494.33843,-730.607415,1275.179292,11.851377,-3.892018,-167.649323,0.0,0.0,1.0,0.0,0.0,0.0,3.0,239845.71385,209115.828527,-71287.459092,21.120371,0,0,0,0,0,0,0,0,0,0,40000.0,40000.0,40000.0,40000.0,40000.0,21195.712891,20269.224609,40000.0,40000.0,40000.0,40000.0,40000.0,40000.0,40000.0,40000.0,40000.0,40000.0,40000.0,40000.0,40000.0,40000.0,40000.0,40000.0,40000.0,5000.0,132470.578716,92654.093604,21962.511412,0,true,true,1.0,-0.01,0
2,894,44.7,16289.691083,-8013.877229,3749.96562,-1840.536087,10659.186149,-3523.000445,-739.533208,1188.742764,11.820504,-3.923296,-167.190414,0.0,0.0,1.0,0.0,0.0,0.0,3.0,240625.828497,207288.814194,-71873.564186,21.409609,0,0,0,0,0,0,0,0,0,0,40000.0,40000.0,40000.0,40000.0,40000.0,21154.789062,20273.992188,40000.0,40000.0,40000.0,40000.0,40000.0,40000.0,40000.0,40000.0,40000.0,40000.0,40000.0,40000.0,40000.0,40000.0,40000.0,40000.0,40000.0,5000.0,133027.528733,91620.398139,21735.963046,0,true,true,1.0,-0.01,0
2,895,44.75,16481.209126,54032.668104,3790.313527,60550.22256,10598.002885,-3532.434267,-745.581687,1100.565706,11.804148,-3.939676,-166.948608,0.0,0.0,1.0,0.0,0.0,0.0,3.0,240684.18829,206358.021245,-72301.462757,21.669199,0,0,0,0,0,0,0,0,0,0,40000.0,40000.0,40000.0,40000.0,40000.0,40000.0,20280.929688,40000.0,40000.0,40000.0,40000.0,40000.0,40000.0,40000.0,40000.0,40000.0,40000.0,40000.0,40000.0,40000.0,40000.0,40000.0,40000.0,40000.0,5000.0,133230.922959,91082.572445,21586.672682,0,true,true,1.0,-0.01,0
2,896,44.8,16639.793267,-8172.46137,3823.898059,-1874.120619,10550.478034,-3560.223764,-755.278401,1043.939683,11.792121,-3.951637,-166.771393,0.0,0.0,1.0,0.0,0.0,0.0,3.0,240650.701928,205682.024238,-72630.091835,21.917715,0,0,0,0,0,0,0,0,0,0,40000.0,40000.0,40000.0,40000.0,40000.0,40000.0,20286.890625,40000.0,40000.0,40000.0,40000.0,40000.0,40000.0,40000.0,40000.0,40000.0,40000.0,40000.0,40000.0,40000.0,40000.0,40000.0,40000.0,40000.0,5000.0,133360.094259,90689.45121,21473.436343,0,true,true,1.0,-0.01,0
2,897,44.85,16802.423697,53870.037673,3858.527085,60515.593534,10504.775713,-3585.081626,-764.80512,987.203304,11.78218,-3.954758,-166.625214,0.0,0.0,1.0,0.0,0.0,0.0,3.0,240480.039841,205141.341521,-72962.213656,22.171914,0,0,0,0,0,0,0,0,0,0,40000.0,40000.0,40000.0,40000.0,40000.0,40000.0,20293.066406,40000.0,40000.0,40000.0,40000.0,40000.0,40000.0,40000.0,40000.0,40000.0,40000.0,40000.0,40000.0,40000.0,40000.0,40000.0,40000.0,40000.0,5000.0,133433.955687,90370.858875,21356.319179,0,true,true,1.0,-0.01,0
2,898,44.9,17009.937228,-8379.9749,3903.001007,-1918.594541,10450.510347,-3606.17248,-775.030004,914.123419,11.772499,-3.957772,-166.482941,0.0,0.0,1.0,0.0,0.0,0.0,3.0,240114.207832,204631.925502,-73336.081585,22.486641,0,0,0,0,0,0,0,0,0,0,40000.0,40000.0,40000.0,40000.0,40000.0,40000.0,20301.111328,40000.0,40000.0,40000.0,40000.0,40000.0,40000.0,40000.0,40000.0,40000.0,40000.0,40000.0,40000.0,40000.0,40000.0,40000.0,40000.0,40000.0,5000.0,133455.457704,90064.697911,21229.624848,0,true,true,1.0,-0.01,0
2,899,44.95,17169.812946,53710.161954,3937.493637,60481.100904,10411.684282,-3620.192061,-782.545857,860.296122,11.766589,-3.953758,-166.396164,0.0,0.0,1.0,0.0,0.069993,0.069993,3.0,239744.322955,204336.840447,-73618.827437,22.730078,0,0,0,0,0,0,0,0,0,0,40000.0,40000.0,40000.0,40000.0,40000.0,40000.0,20353.001953,40000.0,40000.0,40000.0,40000.0,40000.0,40000.0,40000.0,40000.0,40000.0,40000.0,40000.0,40000.0,40000.0,40000.0,40000.0,40000.0,40000.0,5000.0,133434.80437,89883.256382,21131.311366,0,true,true,1.0,-0.01,0
2,900,45.0,17326.901815,-8537.063769,3971.578988,-1952.679893,10375.86674,-3638.323689,-790.945403,812.479632,11.759854,-3.93603,-166.297256,0.0,0.0,1.0,0.0,0.0,0.069993,3.0,239396.00867,204001.785593,-73955.255664,22.979297,0,0,0,0,0,0,0,0,0,0,40000.0,40000.0,40000.0,40000.0,40000.0,40000.0,20486.048828,40000.0,40000.0,40000.0,40000.0,40000.0,40000.0,40000.0,40000.0,40000.0,40000.0,40000.0,40000.0,40000.0,40000.0,40000.0,40000.0,40000.0,5000.0,133436.437168,89680.091745,20999.153237,0,true,true,1.0,-0.01,0
2,901,45.05,17534.679525,53502.384244,4016.962892,60435.717,10331.838438,-3657.734341,-801.215671,751.113982,11.75176,-3.906884,-166.177765,0.0,0.0,1.0,0.0,0.0,0.0,3.0,238885.279772,203608.096394,-74400.052585,23.306973,0,0,0,0,0,0,0,0,0,0,40000.0,40000.0,40000.0,40000.0,40000.0,40000.0,20665.234375,40000.0,40000.0,40000.0,40000.0,40000.0,40000.0,40000.0,40000.0,40000.0,40000.0,40000.0,40000.0,40000.0,40000.0,40000.0,40000.0,40000.0,5000.0,133419.780696,89439.224655,20820.110648,0,true,true,1.0,-0.01,0
2,902,45.1,17693.322361,-8695.706605,4051.847179,-1987.564179,10300.655263,-3670.251291,-808.603677,706.147781,11.747362,-3.89094,-166.112427,0.0,0.0,1.0,0.0,0.0,0.0,3.0,238423.318143,203406.310889,-74681.924268,23.557168,0,0,0,0,0,0,0,0,0,0,40000.0,40000.0,40000.0,40000.0,40000.0,40000.0,20811.146484,40000.0,40000.0,40000.0,40000.0,40000.0,40000.0,40000.0,40000.0,40000.0,40000.0,40000.0,40000.0,40000.0,40000.0,40000.0,40000.0,40000.0,5000.0,133364.855003,89310.79899,20712.504671,0,true,true,1.0,-0.01,0
2,903,45.15,17901.073945,53294.632659,4097.830308,60389.733872,10262.754466,-3688.099281,-818.563356,651.55421,11.742537,-3.864519,-166.040375,0.0,0.0,1.0,0.0,0.069993,0.0,3.0,237762.370442,203199.776249,-75050.116304,23.891445,0,0,0,0,0,0,0,0,0,0,40000.0,40000.0,40000.0,40000.0,40000.0,40000.0,21006.466797,40000.0,40000.0,40000.0,40000.0,40000.0,40000.0,40000.0,40000.0,40000.0,40000.0,40000.0,40000.0,40000.0,40000.0,40000.0,40000.0,40000.0,5000.0,133271.016993,89175.422813,20568.326116,0,true,true,1.0,-0.01,0
2,904,45.2,18062.18563,-8856.818289,4133.722416,-2023.456288,10235.568553,-3700.583992,-825.927989,611.221696,11.73972,-3.845497,-165.998062,0.0,0.0,1.0,0.0,0.0,0.0,3.0,237208.254804,203091.674596,-75309.160101,24.151797,0,0,0,0,0,0,0,0,0,0,40000.0,40000.0,40000.0,40000.0,40000.0,40000.0,21162.542969,40000.0,40000.0,40000.0,40000.0,40000.0,40000.0,40000.0,40000.0,40000.0,40000.0,40000.0,40000.0,40000.0,40000.0,40000.0,40000.0,40000.0,5000.0,133176.23799,89100.088443,20468.505331,0,true,true,1.0,-0.01,0
2,905,45.25,18272.256406,53084.561883,4180.814958,60342.64133,10202.75959,-3714.842156,-834.94227,561.04716,11.736976,-3.826858,-165.956604,0.0,0.0,1.0,0.0,0.0,0.0,3.0,236453.04372,202998.755965,-75599.630165,24.491914,0,0,0,0,0,0,0,0,0,0,40000.0,40000.0,40000.0,40000.0,40000.0,40000.0,21370.867188,40000.0,40000.0,40000.0,40000.0,40000.0,40000.0,40000.0,40000.0,40000.0,40000.0,40000.0,40000.0,40000.0,40000.0,40000.0,40000.0,40000.0,5000.0,133030.253703,89029.498396,20361.517233,0,true,true,1.0,-0.01,0
2,906,45.3,18432.152235,-9016.714118,4216.876219,-2059.517549,10179.706733,-3725.34773,-841.595534,524.997196,11.735479,-3.816662,-165.933929,0.0,0.0,1.0,0.0,0.0,0.0,3.0,235857.044215,202958.691823,-75789.419154,24.753027,0,0,0,0,0,0,0,0,0,0,40000.0,40000.0,40000.0,40000.0,40000.0,40000.0,21532.535156,40000.0,40000.0,40000.0,40000.0,40000.0,40000.0,40000.0,40000.0,40000.0,40000.0,40000.0,40000.0,40000.0,40000.0,40000.0,40000.0,40000.0,5000.0,132904.656617,88993.563649,20295.260502,0,true,true,1.0,-0.01,0
2,907,45.35,18643.663135,52873.050983,4264.853287,60294.664262,10151.578238,-3737.795357,-849.876475,479.587068,11.733437,-3.799488,-165.902939,0.0,0.0,1.0,0.0,0.069993,0.0,3.0,235063.36959,202902.482015,-76046.619571,25.099512,0,0,0,0,0,0,0,0,0,0,40000.0,40000.0,40000.0,40000.0,40000.0,40000.0,21549.736328,40000.0,40000.0,40000.0,40000.0,40000.0,40000.0,40000.0,40000.0,40000.0,40000.0,40000.0,40000.0,40000.0,40000.0,40000.0,40000.0,40000.0,5000.0,132739.930102,88944.928166,20201.148809,0,true,true,1.0,-0.01,0
2,908,45.4,18856.365844,-9229.416827,4313.404639,-2108.068902,10125.857596,-3751.293334,-858.228448,437.353748,11.731709,-3.780265,-165.876602,0.0,0.0,1.0,0.0,0.0,0.0,3.0,234244.738069,202864.399969,-76298.643268,25.453223,0,0,0,0,0,0,0,0,0,0,40000.0,40000.0,40000.0,40000.0,40000.0,40000.0,21555.380859,40000.0,40000.0,40000.0,40000.0,40000.0,40000.0,40000.0,40000.0,40000.0,40000.0,40000.0,40000.0,40000.0,40000.0,40000.0,40000.0,40000.0,5000.0,132566.355186,88907.218986,20106.945178,0,true,true,1.0,-0.01,0
2,909,45.45,19018.293343,52711.123484,4350.562302,60257.5066,10107.905607,-3761.701944,-864.476723,407.139848,11.730768,-3.769772,-165.862228,0.0,0.0,1.0,0.0,0.0,0.0,3.0,233611.100521,202852.938841,-76462.6141,25.725039,0,0,0,0,0,0,0,0,0,0,40000.0,40000.0,40000.0,40000.0,40000.0,40000.0,21559.615234,40000.0,40000.0,40000.0,40000.0,40000.0,40000.0,40000.0,40000.0,40000.0,40000.0,40000.0,40000.0,40000.0,40000.0,40000.0,40000.0,40000.0,5000.0,132424.902638,88888.96155,20048.917499,0,true,true,1.0,-0.01,0
2,910,45.5,19232.276413,-9443.399897,4399.912483,-2157.419083,10086.181978,-3772.346425,-871.816261,368.462902,11.729852,-3.759507,-165.84816,0.0,0.0,1.0,0.0,0.0,0.0,3.0,232764.49364,202852.25491,-76652.851354,26.082012,0,0,0,0,0,0,0,0,0,0,40000.0,40000.0,40000.0,40000.0,40000.0,40000.0,21565.064453,40000.0,40000.0,40000.0,40000.0,40000.0,40000.0,40000.0,40000.0,40000.0,40000.0,40000.0,40000.0,40000.0,40000.0,40000.0,40000.0,40000.0,5000.0,132229.831657,88873.730064,19984.690425,0,true,true,1.0,-0.01,0
2,911,45.55,19401.309453,52542.090444,4439.087865,60218.331218,10070.595557,-3780.35674,-877.358501,339.5337,11.729355,-3.753927,-165.840515,0.0,0.0,1.0,0.0,0.0,0.0,3.0,232089.181693,202861.581319,-76783.998429,26.365488,0,0,0,0,0,0,0,0,0,0,40000.0,40000.0,40000.0,40000.0,40000.0,40000.0,21569.257812,40000.0,40000.0,40000.0,40000.0,40000.0,40000.0,40000.0,40000.0,40000.0,40000.0,40000.0,40000.0,40000.0,40000.0,40000.0,40000.0,40000.0,5000.0,132070.014961,88867.872545,19942.840661,0,true,true,1.0,-0.01,0
2,912,45.6,19561.505662,-9603.596106,4476.361709,-2194.692926,10056.9571,-3790.157354,-882.985013,314.264459,11.728976,-3.749674,-165.834686,0.0,0.0,1.0,0.0,0.0,0.0,3.0,231446.295754,202873.8371,-76898.571191,26.639395,0,0,0,0,0,0,0,0,0,0,40000.0,40000.0,40000.0,40000.0,40000.0,40000.0,21573.154297,40000.0,40000.0,40000.0,40000.0,40000.0,40000.0,40000.0,40000.0,40000.0,40000.0,40000.0,40000.0,40000.0,40000.0,40000.0,40000.0,40000.0,5000.0,131916.158776,88864.695652,19907.290694,0,true,true,1.0,-0.01,0
2,913,45.65,19777.192401,52326.403705,4526.763493,60167.929433,10040.31483,-3798.271257,-889.173445,280.510835,11.728605,-3.745505,-165.828979,0.0,0.0,1.0,0.0,0.0,0.0,3.0,230576.407888,202895.404885,-77038.229603,27.002148,0,0,0,0,0,0,0,0,0,0,40000.0,40000.0,40000.0,40000.0,40000.0,40000.0,21578.208984,40000.0,40000.0,40000.0,40000.0,40000.0,40000.0,40000.0,40000.0,40000.0,40000.0,40000.0,40000.0,40000.0,40000.0,40000.0,40000.0,40000.0,5000.0,131705.415942,88863.968934,19865.604552,0,true,true,1.0,-0.01,0
2,914,45.7,19939.147802,-9765.551508,4564.764723,-2232.694156,10029.042091,-3807.748126,-894.462397,257.666091,11.728403,-3.743225,-165.825851,0.0,0.0,1.0,0.0,0.0,0.0,3.0,229920.761592,202913.986075,-77134.054739,27.281777,0,0,0,0,0,0,0,0,0,0,40000.0,40000.0,40000.0,40000.0,40000.0,40000.0,21581.863281,40000.0,40000.0,40000.0,40000.0,40000.0,40000.0,40000.0,40000.0,40000.0,40000.0,40000.0,40000.0,40000.0,40000.0,40000.0,40000.0,40000.0,5000.0,131545.18429,88865.26748,19837.944423,0,true,true,1.0,-0.01,0
2,915,45.75,20147.541715,52118.009792,4613.858865,60118.835291,10016.376731,-3769.026141,-889.110046,214.000163,11.728252,-3.741521,-165.823517,0.0,0.0,1.0,0.0,0.0,0.0,3.0,229073.573183,202941.329823,-77244.055665,27.559668,0,0,0,0,0,0,0,0,0,0,40000.0,40000.0,40000.0,40000.0,40000.0,40000.0,21586.398438,40000.0,40000.0,40000.0,40000.0,40000.0,40000.0,40000.0,40000.0,40000.0,40000.0,40000.0,40000.0,40000.0,40000.0,40000.0,40000.0,40000.0,5000.0,131336.13605,88869.603118,19807.677119,0,true,true,1.0,-0.01,0
2,916,45.8,20347.425758,-9965.43555,4661.131937,-2279.967228,10005.558841,-3819.514783,-904.440477,200.781075,11.728148,-3.740349,-165.821915,0.0,0.0,1.0,0.0,0.0,0.0,3.0,228259.376097,202967.921408,-77342.154122,27.972695,0,0,0,0,0,0,0,0,0,0,40000.0,40000.0,40000.0,40000.0,40000.0,40000.0,21439.5625,40000.0,40000.0,40000.0,40000.0,40000.0,40000.0,40000.0,40000.0,40000.0,40000.0,40000.0,40000.0,40000.0,40000.0,40000.0,40000.0,40000.0,5000.0,131134.479061,88874.529686,19781.24752,0,true,true,1.0,-0.01,0
2,917,45.85,20515.450788,51949.984762,4700.999441,60078.967787,9997.342243,-3828.004742,-909.172286,180.544055,11.72807,-3.739471,-165.820709,0.0,0.0,1.0,0.0,0.0,0.0,3.0,227574.3427,202989.591192,-77420.726856,28.265117,0,0,0,0,0,0,0,0,0,0,40000.0,40000.0,40000.0,40000.0,40000.0,40000.0,21271.253906,40000.0,40000.0,40000.0,40000.0,40000.0,40000.0,40000.0,40000.0,40000.0,40000.0,40000.0,40000.0,40000.0,40000.0,40000.0,40000.0,40000.0,5000.0,130964.636768,88878.658922,19760.178683,0,true,true,1.0,-0.01,0
2,918,45.9,20734.820641,-10184.805403,4753.222413,-2332.1902,9987.942802,-3837.444627,-914.784138,155.152416,11.727995,-3.73862,-165.81955,0.0,0.0,1.0,0.0,0.0,0.0,3.0,226678.775396,203017.510175,-77516.762596,28.64584,0,0,0,0,0,0,0,0,0,0,40000.0,40000.0,40000.0,40000.0,40000.0,40000.0,21051.228516,40000.0,40000.0,40000.0,40000.0,40000.0,40000.0,40000.0,40000.0,40000.0,40000.0,40000.0,40000.0,40000.0,40000.0,40000.0,40000.0,40000.0,5000.0,130742.118254,88884.389276,19734.787057,0,true,true,1.0,-0.01,0
2,919,45.95,20894.864602,51789.940801,4791.439368,60040.750831,9981.978956,-3843.95867,-918.669139,137.551869,11.727953,-3.738152,-165.818909,0.0,0.0,1.0,0.0,0.0,0.0,3.0,226024.700472,203037.412473,-77582.657054,28.924082,0,0,0,0,0,0,0,0,0,0,40000.0,40000.0,40000.0,40000.0,40000.0,40000.0,20890.435547,40000.0,40000.0,40000.0,40000.0,40000.0,40000.0,40000.0,40000.0,40000.0,40000.0,40000.0,40000.0,40000.0,40000.0,40000.0,40000.0,40000.0,5000.0,130579.355427,88888.677128,19717.552345,0,true,true,1.0,-0.01,0
2,920,46.0,21116.474712,-10406.415513,4844.513437,-2385.264268,9974.958009,-3847.982991,-922.705937,113.126041,11.727108,-3.719066,-165.805908,0.0,0.0,1.0,0.0,0.139986,0.069993,3.0,225119.355042,203031.65433,-77749.751286,29.302383,0,0,0,0,0,0,0,0,0,0,40000.0,40000.0,40000.0,40000.0,40000.0,40000.0,20671.509766,40000.0,40000.0,40000.0,40000.0,40000.0,40000.0,40000.0,40000.0,40000.0,40000.0,40000.0,40000.0,40000.0,40000.0,40000.0,40000.0,40000.0,5000.0,130373.435338,88875.839611,19648.208718,0,true,true,1.0,-0.01,0
2,921,46.05,21282.840069,51623.575444,4884.470786,60000.793483,9970.556943,-3854.882866,-926.603116,96.930896,11.725616,-3.686867,-165.782822,0.0,0.0,1.0,0.0,0.0,0.0,3.0,224445.143762,202989.550285,-77950.588953,29.593965,0,0,0,0,0,0,0,0,0,0,40000.0,40000.0,40000.0,40000.0,40000.0,40000.0,20511.304688,40000.0,40000.0,40000.0,40000.0,40000.0,40000.0,40000.0,40000.0,40000.0,40000.0,40000.0,40000.0,40000.0,40000.0,40000.0,40000.0,40000.0,5000.0,130240.223338,88844.594136,19551.161609,0,true,true,1.0,-0.01,0
2,922,46.1,21503.646546,-10627.22199,4937.651364,-2438.444846,9965.787207,-3862.029396,-931.250488,76.23275,11.724003,-3.655022,-165.757645,0.0,0.0,1.0,0.0,0.0,0.0,3.0,223554.598583,202945.044308,-78165.830608,29.978809,0,0,0,0,0,0,0,0,0,0,40000.0,40000.0,40000.0,40000.0,40000.0,40000.0,20413.591797,40000.0,40000.0,40000.0,40000.0,40000.0,40000.0,40000.0,40000.0,40000.0,40000.0,40000.0,40000.0,40000.0,40000.0,40000.0,40000.0,40000.0,5000.0,130054.346847,88810.007395,19450.391547,0,true,true,1.0,-0.01,0
2,923,46.15,21666.95487,51460.26712,4977.089596,59961.355251,9962.995631,-3865.328712,-934.160329,61.319778,11.723124,-3.637544,-165.743835,0.0,0.0,1.0,0.0,0.0,0.0,3.0,222892.753032,202924.949841,-78294.574115,30.260898,0,0,0,0,0,0,0,0,0,0,40000.0,40000.0,40000.0,40000.0,40000.0,40000.0,20415.835938,40000.0,40000.0,40000.0,40000.0,40000.0,40000.0,40000.0,40000.0,40000.0,40000.0,40000.0,40000.0,40000.0,40000.0,40000.0,40000.0,40000.0,5000.0,129909.044839,88792.102814,19392.422682,0,true,true,1.0,-0.01,0
2,924,46.2,21886.07877,-10846.34589,5030.144626,-2491.499877,9960.19387,-3872.015825,-938.528663,43.029481,11.722267,-3.620443,-165.730316,0.0,0.0,1.0,0.0,0.0,0.0,3.0,222001.334608,202911.073913,-78434.97907,30.644277,0,0,0,0,0,0,0,0,0,0,40000.0,40000.0,40000.0,40000.0,40000.0,40000.0,20418.884766,40000.0,40000.0,40000.0,40000.0,40000.0,40000.0,40000.0,40000.0,40000.0,40000.0,40000.0,40000.0,40000.0,40000.0,40000.0,40000.0,40000.0,5000.0,129705.903643,88776.027406,19332.088285,0,true,true,1.0,-0.01,0
2,925,46.25,22104.1101,51242.23579,5083.085611,59908.414265,9958.40644,-3876.48711,-942.239577,25.459145,11.721668,-3.608428,-165.72081,0.0,0.0,1.0,0.0,0.0,0.0,3.0,221111.625162,202907.174831,-78548.307027,31.023066,0,0,0,0,0,0,0,0,0,0,40000.0,40000.0,40000.0,40000.0,40000.0,40000.0,20421.865234,21122.134766,40000.0,40000.0,40000.0,40000.0,40000.0,40000.0,40000.0,40000.0,40000.0,40000.0,40000.0,40000.0,40000.0,40000.0,40000.0,40000.0,5000.0,129497.320384,88766.19338,19286.023689,0,true,true,1.0,-0.01,0
2,926,46.3,22273.419387,-11015.655177,5124.296092,-2532.710357,9957.694913,-3877.548052,-944.456135,11.970128,11.721342,-3.601858,-165.715622,0.0,0.0,1.0,0.0,0.0,0.0,3.0,220419.189218,202909.413504,-78621.355271,31.313789,0,0,0,0,0,0,0,0,0,0,40000.0,40000.0,40000.0,40000.0,40000.0,40000.0,40000.0,21125.015625,40000.0,40000.0,40000.0,40000.0,40000.0,40000.0,40000.0,40000.0,40000.0,40000.0,40000.0,40000.0,40000.0,40000.0,40000.0,40000.0,5000.0,129331.778741,88761.908325,19258.064537,0,true,true,1.0,-0.01,0
2,927,46.35,22439.769952,51075.885225,5164.867369,59867.842988,9957.510359,-3884.313093,-947.958057,0.751581,11.721094,-3.596856,-165.71167,0.0,0.0,1.0,0.0,0.0,0.0,3.0,219737.9758,202914.149099,-78684.660079,31.609648,0,0,0,0,0,0,0,0,0,0,40000.0,40000.0,40000.0,40000.0,40000.0,40000.0,40000.0,21127.685547,40000.0,40000.0,40000.0,40000.0,40000.0,40000.0,40000.0,40000.0,40000.0,40000.0,40000.0,40000.0,40000.0,40000.0,40000.0,40000.0,5000.0,129167.236228,88759.403028,19234.854153,0,true,true,1.0,-0.01,0
2,928,46.4,22657.769844,-11233.655069,5218.151724,-2585.994712,9958.002445,-3890.051007,-951.682081,-13.870822,11.720851,-3.591952,-165.707794,0.0,0.0,1.0,0.0,0.0,0.0,3.0,218844.200202,202923.014154,-78757.455355,31.992715,0,0,0,0,0,0,0,0,0,0,40000.0,40000.0,40000.0,40000.0,40000.0,40000.0,40000.0,21130.03125,40000.0,40000.0,40000.0,40000.0,40000.0,40000.0,40000.0,40000.0,40000.0,40000.0,40000.0,40000.0,40000.0,40000.0,40000.0,40000.0,5000.0,128949.438602,88758.002609,19209.416314,0,true,true,1.0,-0.01,0
2,929,46.45,22878.468321,50855.186749,5272.22415,59813.770562,9959.329508,-3892.407098,-954.48928,-28.578067,11.72068,-3.588506,-165.705063,0.0,0.0,1.0,0.0,0.0,0.0,3.0,217938.334406,202934.207519,-78821.261839,32.375332,0,0,0,0,0,0,0,0,0,0,40000.0,40000.0,40000.0,40000.0,40000.0,40000.0,40000.0,21300.494141,40000.0,40000.0,40000.0,40000.0,40000.0,40000.0,40000.0,40000.0,40000.0,40000.0,40000.0,40000.0,40000.0,40000.0,40000.0,40000.0,5000.0,128726.939351,88758.25928,19188.377395,0,true,true,1.0,-0.01,0
2,930,46.5,23046.051214,-11401.237963,5313.365096,-2627.135658,9960.866238,-3896.420456,-957.088378,-38.629577,11.720587,-3.586624,-165.703583,0.0,0.0,1.0,0.0,0.0,0.0,3.0,217249.93682,202943.594044,-78864.457335,32.670078,0,0,0,0,0,0,0,0,0,0,40000.0,40000.0,40000.0,40000.0,40000.0,40000.0,40000.0,21443.248047,40000.0,40000.0,40000.0,40000.0,40000.0,40000.0,40000.0,40000.0,40000.0,40000.0,40000.0,40000.0,40000.0,40000.0,40000.0,40000.0,5000.0,128557.006542,88759.217664,19174.799869,0,true,true,1.0,-0.01,0
2,931,46.55,23266.638988,50634.598974,5367.620764,59759.514894,9963.523822,-3901.098158,-960.261829,-51.275704,11.720496,-3.584783,-165.702133,0.0,0.0,1.0,0.0,0.0,0.0,3.0,216343.257707,202956.455308,-78916.103482,33.057461,0,0,0,0,0,0,0,0,0,0,40000.0,40000.0,40000.0,40000.0,40000.0,40000.0,40000.0,21631.238281,40000.0,40000.0,40000.0,40000.0,40000.0,40000.0,40000.0,40000.0,40000.0,40000.0,40000.0,40000.0,40000.0,40000.0,40000.0,40000.0,5000.0,128332.455764,88761.075103,19159.170473,0,true,true,1.0,-0.01,0
2,932,46.6,23431.135757,-11565.734732,5408.152495,-2667.667388,9965.956594,-3903.224095,-962.221896,-60.509934,11.720447,-3.583771,-165.701324,0.0,0.0,1.0,0.0,0.0,0.0,3.0,215666.782041,202966.201088,-78951.326995,33.344297,0,0,0,0,0,0,0,0,0,0,40000.0,40000.0,40000.0,40000.0,40000.0,40000.0,40000.0,21771.435547,40000.0,40000.0,40000.0,40000.0,40000.0,40000.0,40000.0,40000.0,40000.0,40000.0,40000.0,40000.0,40000.0,40000.0,40000.0,40000.0,5000.0,128164.502219,88762.764715,19148.869772,0,true,true,1.0,-0.01,0
2,933,46.65,23653.260886,50412.473846,5462.976843,59704.690546,9969.835681,-3904.947162,-964.492686,-72.584007,11.720397,-3.582778,-165.700546,0.0,0.0,1.0,0.0,0.0,0.0,3.0,214752.906827,202979.348045,-78995.004425,33.73002,0,0,0,0,0,0,0,0,0,0,40000.0,40000.0,40000.0,40000.0,40000.0,40000.0,40000.0,21960.785156,40000.0,40000.0,40000.0,40000.0,40000.0,40000.0,40000.0,40000.0,40000.0,40000.0,40000.0,40000.0,40000.0,40000.0,40000.0,40000.0,5000.0,127937.175868,88765.319274,19136.484921,0,true,true,1.0,-0.01,0
2,934,46.7,23820.571735,-11733.04558,5504.339333,-2709.029879,9973.18286,-3909.322616,-966.896124,-80.516341,11.72037,-3.582237,-165.700119,0.0,0.0,1.0,0.0,0.0,0.0,3.0,214064.285282,202989.101273,-79025.397292,34.026035,0,0,0,0,0,0,0,0,0,0,40000.0,40000.0,40000.0,40000.0,40000.0,40000.0,40000.0,22103.390625,40000.0,40000.0,40000.0,40000.0,40000.0,40000.0,40000.0,40000.0,40000.0,40000.0,40000.0,40000.0,40000.0,40000.0,40000.0,40000.0,5000.0,127765.643927,88767.35801,19128.086944,0,true,true,1.0,-0.01,0
2,935,46.75,24023.399962,50209.645619,5554.559025,59654.470854,9977.921081,-3875.47382,-960.04731,-98.242936,11.462639,-3.581792,-165.699768,0.0,0.0,1.0,-1.0,0.0,0.0,3.0,213229.139067,202642.894924,-79970.996191,34.318984,0,0,0,0,0,0,0,0,0,0,40000.0,40000.0,40000.0,40000.0,40000.0,40000.0,40000.0,22276.292969,40000.0,40000.0,40000.0,40000.0,40000.0,40000.0,40000.0,40000.0,40000.0,40000.0,40000.0,40000.0,40000.0,40000.0,40000.0,40000.0,5000.0,127557.36894,88854.987949,18719.629917,0,true,true,1.0,-0.01,0
2,936,46.8,24233.356259,-11943.001878,5606.624862,-2761.095716,9983.336845,-3909.519855,-969.986816,-100.94589,10.675418,-3.581404,-165.699463,0.0,0.0,1.0,0.0,0.0,0.0,3.0,212364.385582,201535.771365,-82779.978473,34.739277,0,0,0,0,0,0,0,0,0,0,40000.0,40000.0,40000.0,40000.0,40000.0,40000.0,40000.0,22387.457031,40000.0,40000.0,40000.0,40000.0,40000.0,40000.0,40000.0,40000.0,40000.0,40000.0,40000.0,40000.0,40000.0,40000.0,40000.0,40000.0,5000.0,127341.622957,89106.176068,17488.418839,0,true,true,1.0,-0.01,0
2,937,46.85,24409.877683,50033.124195,5650.457653,59610.638063,9988.111436,-3915.251723,-972.607285,-107.753349,10.088372,-3.581111,-165.699234,0.0,0.0,1.0,0.0,0.0,0.0,3.0,211637.196171,200685.524751,-84866.851564,35.053926,0,0,0,0,0,0,0,0,0,0,40000.0,40000.0,40000.0,40000.0,40000.0,40000.0,40000.0,22389.238281,40000.0,40000.0,40000.0,40000.0,40000.0,40000.0,40000.0,40000.0,40000.0,40000.0,40000.0,40000.0,40000.0,40000.0,40000.0,40000.0,5000.0,127160.154098,89282.573562,16567.546512,0,true,true,1.0,-0.01,0
2,938,46.9,24632.928175,-12166.05237,5705.918243,-2816.556306,9994.56131,-3920.669565,-975.389902,-116.233951,9.517603,-3.580825,-165.699036,0.0,0.0,1.0,0.0,0.0,0.0,3.0,210718.107741,199840.160354,-86893.263939,35.448418,0,0,0,0,0,0,0,0,0,0,40000.0,40000.0,40000.0,40000.0,40000.0,40000.0,40000.0,22391.431641,40000.0,40000.0,40000.0,40000.0,40000.0,40000.0,40000.0,40000.0,40000.0,40000.0,40000.0,40000.0,40000.0,40000.0,40000.0,40000.0,5000.0,126930.700191,89445.46792,15669.054401,0,true,true,1.0,-0.01,0
2,939,46.95,24800.942318,49865.110052,5747.746576,59568.809731,9999.748318,-3921.88255,-976.719846,-122.876619,9.204865,-3.580667,-165.698914,0.0,0.0,1.0,0.0,0.0,0.0,3.0,210025.642468,199370.022189,-88005.001178,35.740723,0,0,0,0,0,0,0,0,0,0,40000.0,40000.0,40000.0,40000.0,40000.0,40000.0,40000.0,22393.013672,40000.0,40000.0,40000.0,40000.0,40000.0,40000.0,40000.0,40000.0,40000.0,40000.0,40000.0,40000.0,40000.0,40000.0,40000.0,40000.0,5000.0,126757.757715,89531.32443,15174.820153,0,true,true,1.0,-0.01,0
2,940,47.0,25024.095609,-12389.205661,5803.367956,-2872.177686,10007.043823,-3924.210349,-978.597226,-131.090349,8.899057,-3.580512,-165.698807,0.0,0.0,1.0,0.0,0.0,0.0,3.0,209105.738963,198906.392036,-89095.675082,36.130137,0,0,0,0,0,0,0,0,0,0,40000.0,40000.0,40000.0,40000.0,40000.0,40000.0,40000.0,22395.035156,40000.0,40000.0,40000.0,40000.0,40000.0,40000.0,40000.0,40000.0,40000.0,40000.0,40000.0,40000.0,40000.0,40000.0,40000.0,40000.0,5000.0,126527.951473,89613.156557,14689.574221,0,true,true,1.0,-0.01,0
2,941,47.05,25191.821768,49697.383893,5845.221082,59526.956604,10012.821721,-3925.440411,-979.830604,-137.047563,8.731473,-3.580427,-165.698746,0.0,0.0,1.0,0.0,0.0,0.0,3.0,208414.193911,198651.296394,-89696.751988,36.421895,0,0,0,0,0,0,0,0,0,0,40000.0,40000.0,40000.0,40000.0,40000.0,40000.0,40000.0,22396.511719,40000.0,40000.0,40000.0,40000.0,40000.0,40000.0,40000.0,40000.0,40000.0,40000.0,40000.0,40000.0,40000.0,40000.0,40000.0,40000.0,5000.0,126355.15802,89657.263035,14422.364602,0,true,true,1.0,-0.01,0
2,942,47.1,25418.525802,-12615.909695,5901.852023,-2928.808627,10021.021693,-3927.865491,-981.626141,-144.5241,8.565112,-3.581266,-165.692566,0.0,0.0,1.0,0.0,0.0,0.209979,3.0,207500.696669,198376.370076,-90296.828692,36.817441,0,0,0,0,0,0,0,0,0,0,40000.0,40000.0,40000.0,40000.0,40000.0,40000.0,40000.0,22399.125,40000.0,40000.0,40000.0,40000.0,40000.0,40000.0,40000.0,40000.0,40000.0,40000.0,40000.0,40000.0,40000.0,40000.0,40000.0,40000.0,5000.0,126131.193158,89687.040366,14156.220003,0,true,true,1.0,-0.01,0
2,943,47.15,25594.465405,49521.44429,5945.84935,59482.959277,10027.695341,-3929.662344,-983.011008,-150.032523,8.451035,-3.581227,-165.647797,0.0,0.0,1.0,0.0,0.0,0.139986,3.0,206917.398034,198047.15155,-90723.773463,37.124199,0,0,0,0,0,0,0,0,0,0,40000.0,40000.0,40000.0,40000.0,40000.0,40000.0,40000.0,22405.216797,40000.0,40000.0,40000.0,40000.0,40000.0,40000.0,40000.0,40000.0,40000.0,40000.0,40000.0,40000.0,40000.0,40000.0,40000.0,40000.0,5000.0,126020.555311,89618.704309,13962.979727,0,true,true,1.0,-0.01,0
2,944,47.2,25767.669397,-12789.113687,5989.20699,-2972.166267,10034.48577,-3931.120632,-984.429181,-155.250203,8.343044,-3.578104,-165.582642,0.0,0.0,1.0,0.0,0.0,0.0,3.0,206403.471171,197658.503374,-91144.717967,37.425605,0,0,0,0,0,0,0,0,0,0,40000.0,40000.0,40000.0,40000.0,40000.0,40000.0,40000.0,22413.310547,40000.0,40000.0,40000.0,40000.0,40000.0,40000.0,40000.0,40000.0,40000.0,40000.0,40000.0,40000.0,40000.0,40000.0,40000.0,40000.0,5000.0,125944.806244,89505.090809,13768.69075,0,true,true,1.0,-0.01,0
2,945,47.25,26000.440384,49288.673303,6047.558367,59424.6079,10043.961631,-3930.136401,-985.875414,-162.436825,8.210951,-3.568425,-165.470352,0.0,0.0,1.0,0.0,0.069993,0.139986,3.0,205779.332749,197074.787778,-91688.917925,37.825645,0,0,0,0,0,0,0,0,0,0,40000.0,40000.0,40000.0,40000.0,40000.0,40000.0,40000.0,22361.060547,40000.0,40000.0,40000.0,40000.0,40000.0,40000.0,40000.0,40000.0,40000.0,40000.0,40000.0,40000.0,40000.0,40000.0,40000.0,40000.0,5000.0,125881.719794,89296.648362,13511.79475,0,true,true,1.0,-0.01,0
2,946,47.3,26176.57038,-12965.243683,6091.78661,-3016.39451,10051.385732,-3929.056099,-987.175298,-167.611119,8.115064,-3.552088,-165.360107,0.0,0.0,1.0,0.0,0.069993,0.069993,3.0,205367.670483,196557.849213,-92123.290155,38.127773,0,0,0,0,0,0,0,0,0,0,40000.0,40000.0,40000.0,40000.0,40000.0,40000.0,40000.0,22178.837891,40000.0,40000.0,40000.0,40000.0,40000.0,40000.0,40000.0,40000.0,40000.0,40000.0,40000.0,40000.0,40000.0,40000.0,40000.0,40000.0,5000.0,125873.382615,89085.388143,13299.727121,0,true,true,1.0,-0.01,0
2,947,47.35,26402.718205,49062.525479,6148.692368,59367.702142,10061.177026,-3935.434029,-991.236959,-172.265627,8.002988,-3.522443,-165.213287,0.0,0.0,1.0,0.0,0.0,0.069993,3.0,204836.514019,195899.286911,-92671.651711,38.528789,0,0,0,0,0,0,0,0,0,0,40000.0,40000.0,40000.0,40000.0,40000.0,40000.0,40000.0,21946.302734,40000.0,40000.0,40000.0,40000.0,40000.0,40000.0,40000.0,40000.0,40000.0,40000.0,40000.0,40000.0,40000.0,40000.0,40000.0,40000.0,5000.0,125870.287095,88802.452616,13025.958374,0,true,true,1.0,-0.01,0
2,948,47.4,26581.264557,-13143.790036,6193.731084,-3061.433226,10069.160516,-3936.530225,-993.768349,-176.390466,7.927066,-3.495311,-165.102432,0.0,0.0,1.0,0.0,0.069993,0.069993,3.0,204392.413081,195419.841866,-93070.318398,38.838789,0,0,0,0,0,0,0,0,0,0,40000.0,40000.0,40000.0,40000.0,40000.0,40000.0,40000.0,21757.716797,40000.0,40000.0,40000.0,40000.0,40000.0,40000.0,40000.0,40000.0,40000.0,40000.0,40000.0,40000.0,40000.0,40000.0,40000.0,40000.0,5000.0,125859.358576,88588.210723,12823.259033,0,true,true,1.0,-0.01,0
2,949,47.45,26758.979087,48884.810949,6238.669975,59322.763251,10077.278539,-3934.180509,-995.711136,-180.85833,7.852429,-3.452436,-164.961472,0.0,0.0,1.0,0.0,0.069993,0.139986,3.0,204012.6521,194847.952845,-93526.153045,39.141523,0,0,0,0,0,0,0,0,0,0,40000.0,40000.0,40000.0,40000.0,40000.0,40000.0,40000.0,21588.701172,40000.0,40000.0,40000.0,40000.0,40000.0,40000.0,40000.0,40000.0,40000.0,40000.0,40000.0,40000.0,40000.0,40000.0,40000.0,40000.0,5000.0,125895.685832,88312.463898,12582.853252,0,true,true,1.0,-0.01,0
2,950,47.5,26991.655343,-13376.466292,6297.700096,-3120.463347,10088.134667,-3938.712976,-1000.788984,-184.674208,7.754683,-3.377282,-164.72435,0.0,0.0,1.0,0.0,0.069993,0.069993,3.0,203638.052492,193930.221134,-94200.679138,39.55082,0,0,0,0,0,0,0,0,0,0,40000.0,40000.0,40000.0,40000.0,40000.0,40000.0,40000.0,21399.619141,40000.0,40000.0,40000.0,40000.0,40000.0,40000.0,40000.0,40000.0,40000.0,40000.0,40000.0,40000.0,40000.0,40000.0,40000.0,40000.0,5000.0,126023.314882,87841.759808,12217.062546,0,true,true,1.0,-0.01,0
2,951,47.55,27164.568593,48711.897699,6341.735019,59278.728328,10096.358348,-3939.684087,-1004.476265,-187.566393,7.687542,-3.322666,-164.54567,0.0,0.0,1.0,0.0,0.0,0.069993,3.0,203367.481099,193249.500376,-94676.579167,39.851055,0,0,0,0,0,0,0,0,0,0,40000.0,40000.0,40000.0,40000.0,40000.0,40000.0,40000.0,21272.828125,40000.0,40000.0,40000.0,40000.0,40000.0,40000.0,40000.0,40000.0,40000.0,40000.0,40000.0,40000.0,40000.0,40000.0,40000.0,40000.0,5000.0,126120.428937,87484.551881,11956.748538,0,true,true,1.0,-0.01,0
2,952,47.6,27335.236611,-13547.13431,6385.357908,-3164.086235,10104.584399,-3937.911752,-1007.83234,-190.622653,7.626053,-3.26761,-164.374374,0.0,0.0,1.0,0.0,0.0,0.0,3.0,203080.146241,192604.510481,-95130.433102,40.142871,0,0,0,0,0,0,0,0,0,0,40000.0,40000.0,40000.0,40000.0,40000.0,40000.0,40000.0,21301.769531,40000.0,40000.0,40000.0,40000.0,40000.0,40000.0,40000.0,40000.0,40000.0,40000.0,40000.0,40000.0,40000.0,40000.0,40000.0,40000.0,5000.0,126207.198521,87142.092631,11706.324462,0,true,true,1.0,-0.01,0
2,953,47.65,27566.953402,48480.180908,6444.869735,59219.216501,10115.938142,-3938.715642,-1013.78209,-193.674362,7.553994,-3.200347,-164.156754,0.0,0.0,1.0,0.0,0.0,0.069993,3.0,202656.29252,191797.007691,-95674.279181,40.544687,0,0,0,0,0,0,0,0,0,0,40000.0,40000.0,40000.0,40000.0,40000.0,40000.0,40000.0,21324.296875,40000.0,40000.0,40000.0,40000.0,40000.0,40000.0,40000.0,40000.0,40000.0,40000.0,40000.0,40000.0,40000.0,40000.0,40000.0,40000.0,5000.0,126300.26693,86704.930217,11404.067301,0,true,true,1.0,-0.01,0
2,954,47.7,27740.16345,-13720.344358,6489.587945,-3208.804446,10124.535568,-3937.365915,-1018.095733,-196.007828,7.509273,-3.158775,-164.013458,0.0,0.0,1.0,0.0,0.0,0.0,3.0,202295.798936,191272.001575,-96012.063081,40.841875,0,0,0,0,0,0,0,0,0,0,40000.0,40000.0,40000.0,40000.0,40000.0,40000.0,40000.0,21339.199219,40000.0,40000.0,40000.0,40000.0,40000.0,40000.0,40000.0,40000.0,40000.0,40000.0,40000.0,40000.0,40000.0,40000.0,40000.0,40000.0,5000.0,126339.13083,86416.106614,11215.567871,0,true,true,1.0,-0.01,0
2,955,47.75,28002.179189,48218.165168,6557.651575,59151.152871,10137.890838,-3901.733726,-1016.331856,-205.465234,7.46118,-3.115594,-163.851059,0.0,0.0,1.0,0.0,0.0,0.0,3.0,201621.846865,190688.26893,-96370.257183,41.235801,0,0,0,0,0,0,0,0,0,0,40000.0,40000.0,40000.0,40000.0,40000.0,40000.0,40000.0,21355.9375,40000.0,40000.0,40000.0,40000.0,40000.0,40000.0,40000.0,40000.0,40000.0,40000.0,40000.0,40000.0,40000.0,40000.0,40000.0,40000.0,5000.0,126314.159407,86088.870256,11015.041211,0,true,true,1.0,-0.01,0
2,956,47.8,28141.947707,-13860.112875,6594.167268,-3245.320139,10145.094365,-3923.224575,-1025.991702,-202.713413,7.444357,-3.100427,-163.794144,0.0,0.0,1.0,0.0,0.0,0.0,3.0,201186.657952,190489.698018,-96495.241038,41.513438,0,0,0,0,0,0,0,0,0,0,40000.0,40000.0,40000.0,40000.0,40000.0,40000.0,40000.0,21361.580078,40000.0,40000.0,40000.0,40000.0,40000.0,40000.0,40000.0,40000.0,40000.0,40000.0,40000.0,40000.0,40000.0,40000.0,40000.0,40000.0,5000.0,126255.513494,85975.578061,10944.893367,0,true,true,1.0,-0.01,0
2,957,47.85,28328.493749,48031.619127,6643.124104,59102.196035,10154.691463,-3931.480299,-1033.568525,-202.732577,7.424899,-3.082843,-163.728256,0.0,0.0,1.0,0.0,0.0,0.0,3.0,200579.998099,190263.043743,-96639.627168,41.849941,0,0,0,0,0,0,0,0,0,0,40000.0,40000.0,40000.0,40000.0,40000.0,40000.0,40000.0,21724.839844,40000.0,40000.0,40000.0,40000.0,40000.0,40000.0,40000.0,40000.0,40000.0,40000.0,40000.0,40000.0,40000.0,40000.0,40000.0,40000.0,5000.0,126161.825233,85845.142408,10863.746178,0,true,true,1.0,-0.01,0
2,958,47.9,28566.626811,-14098.245937,6705.988024,-3308.184058,10167.005351,-3934.999748,-1041.341214,-203.889016,7.406387,-3.066075,-163.665512,0.0,0.0,1.0,0.0,0.0,0.0,3.0,199751.250569,190054.295055,-96776.479762,42.267617,0,0,0,0,0,0,0,0,0,0,40000.0,40000.0,40000.0,40000.0,40000.0,40000.0,40000.0,22496.673828,40000.0,40000.0,40000.0,40000.0,40000.0,40000.0,40000.0,40000.0,40000.0,40000.0,40000.0,40000.0,40000.0,40000.0,40000.0,40000.0,5000.0,126009.760806,85722.624104,10786.621599,0,true,true,1.0,-0.01,0
2,959,47.95,28737.634313,47860.611624,6751.382706,59056.801352,10175.887484,-3937.859075,-1046.921433,-204.540814,7.396358,-3.056974,-163.6315,0.0,0.0,1.0,0.0,0.0,0.0,3.0,199128.052796,189945.730883,-96850.284372,42.567969,0,0,0,0,0,0,0,0,0,0,40000.0,40000.0,40000.0,40000.0,40000.0,40000.0,40000.0,26344.724609,40000.0,40000.0,40000.0,40000.0,40000.0,40000.0,40000.0,40000.0,40000.0,40000.0,40000.0,40000.0,40000.0,40000.0,40000.0,40000.0,5000.0,125883.811089,85657.319575,10744.90105,0,true,true,1.0,-0.01,0
2,960,48.0,28960.398668,-14321.010292,6810.824326,-3367.625679,10187.519575,-3937.484031,-1052.939975,-206.047674,7.386572,-3.048083,-163.598297,0.0,0.0,1.0,0.0,0.0,0.0,3.0,198288.018057,189845.488877,-96921.847224,42.952129,0,0,0,0,0,0,0,0,0,0,40000.0,40000.0,40000.0,40000.0,40000.0,40000.0,40000.0,26519.898438,40000.0,40000.0,40000.0,40000.0,40000.0,40000.0,40000.0,40000.0,40000.0,40000.0,40000.0,40000.0,40000.0,40000.0,40000.0,40000.0,5000.0,125702.917638,85594.981667,10704.291683,0,true,true,1.0,-0.01,0
2,961,48.05,29125.959001,47695.051291,6855.22155,59012.404129,10196.213136,-3938.680233,-1057.668973,-206.811412,7.381193,-3.04319,-163.580032,0.0,0.0,1.0,0.0,0.0,0.0,3.0,197647.368599,189794.528122,-96960.846969,43.239961,0,0,0,0,0,0,0,0,0,0,40000.0,40000.0,40000.0,40000.0,40000.0,40000.0,40000.0,26651.539062,24098.099609,40000.0,40000.0,40000.0,40000.0,40000.0,40000.0,40000.0,40000.0,40000.0,40000.0,40000.0,40000.0,40000.0,40000.0,40000.0,5000.0,125558.758812,85561.729169,10682.044962,0,true,true,1.0,-0.01,0
2,962,48.1,29349.294379,-14544.345669,6915.399361,-3427.80349,10208.019251,-3938.058513,-1063.242032,-208.17733,7.375931,-3.038402,-163.562164,0.0,0.0,1.0,0.0,0.0,0.0,3.0,196765.872388,189750.282508,-96998.460006,43.624199,0,0,0,0,0,0,0,0,0,0,40000.0,40000.0,40000.0,40000.0,40000.0,40000.0,40000.0,26830.638672,24099.818359,40000.0,40000.0,40000.0,40000.0,40000.0,40000.0,40000.0,40000.0,40000.0,40000.0,40000.0,40000.0,40000.0,40000.0,40000.0,5000.0,125354.032975,85530.595536,10660.416055,0,true,true,1.0,-0.01,0
2,963,48.15,29515.465575,47528.880094,6960.380162,58967.423328,10216.846258,-3936.502669,-1066.927697,-209.341291,7.373035,-3.035766,-163.552322,0.0,0.0,1.0,0.0,0.0,0.0,3.0,196101.113688,189729.633165,-97018.817188,43.908027,0,0,0,0,0,0,0,0,0,0,40000.0,40000.0,40000.0,40000.0,40000.0,40000.0,40000.0,26964.613281,24099.984375,40000.0,40000.0,40000.0,40000.0,40000.0,40000.0,40000.0,40000.0,40000.0,40000.0,40000.0,40000.0,40000.0,40000.0,40000.0,5000.0,125196.454607,85514.380852,10648.596242,0,true,true,1.0,-0.01,0
2,964,48.2,29736.211904,-14765.091999,7020.394655,-3487.817982,10228.630008,-3937.528265,-1072.440834,-210.23485,7.370199,-3.033182,-163.542694,0.0,0.0,1.0,0.0,0.0,0.0,3.0,195209.155012,189714.094687,-97038.289227,44.289922,0,0,0,0,0,0,0,0,0,0,40000.0,40000.0,40000.0,40000.0,40000.0,40000.0,40000.0,27143.310547,24099.015625,40000.0,40000.0,40000.0,40000.0,40000.0,40000.0,40000.0,40000.0,40000.0,40000.0,40000.0,40000.0,40000.0,40000.0,40000.0,5000.0,124981.900221,85499.665338,10637.133453,0,true,true,1.0,-0.01,0
2,965,48.25,29901.206855,47363.885144,7065.438519,58922.379463,10237.477655,-3937.271293,-1076.119224,-211.049749,7.368634,-3.031756,-163.537369,0.0,0.0,1.0,0.0,0.0,0.0,3.0,194537.532439,189708.841515,-97048.674539,44.573379,0,0,0,0,0,0,0,0,0,0,40000.0,40000.0,40000.0,40000.0,40000.0,40000.0,40000.0,27277.220703,24169.300781,40000.0,40000.0,40000.0,40000.0,40000.0,40000.0,40000.0,40000.0,40000.0,40000.0,40000.0,40000.0,40000.0,40000.0,40000.0,5000.0,124818.645934,85492.377816,10630.899873,0,true,true,1.0,-0.01,0
2,966,48.3,30122.148094,-14986.033238,7125.994875,-3548.374338,10249.382613,-3937.333027,-1080.938432,-212.008408,7.367099,-3.030357,-163.532166,0.0,0.0,1.0,0.0,0.0,0.0,3.0,193633.149756,189707.972953,-97058.360329,44.953223,0,0,0,0,0,0,0,0,0,0,40000.0,40000.0,40000.0,40000.0,40000.0,40000.0,40000.0,27847.625,24332.775391,40000.0,40000.0,40000.0,40000.0,40000.0,40000.0,40000.0,40000.0,40000.0,40000.0,40000.0,40000.0,40000.0,40000.0,40000.0,5000.0,124597.115577,85486.295652,10624.907918,0,true,true,1.0,-0.01,0
2,967,48.35,30287.938114,47198.095124,7171.607269,58876.767069,10258.354317,-3936.582345,-1084.174778,-212.838855,7.366254,-3.029587,-163.529282,0.0,0.0,1.0,0.0,0.0,0.0,3.0,192951.707555,189710.541957,-97063.307252,45.236602,0,0,0,0,0,0,0,0,0,0,40000.0,40000.0,40000.0,40000.0,40000.0,40000.0,40000.0,28432.261719,24455.466797,40000.0,40000.0,40000.0,40000.0,40000.0,40000.0,40000.0,40000.0,40000.0,40000.0,40000.0,40000.0,40000.0,40000.0,40000.0,5000.0,124429.266555,85483.71081,10621.706707,0,true,true,1.0,-0.01,0
2,968,48.4,30507.376819,-15205.471943,7232.195493,-3608.962562,10270.271005,-3934.515513,-1087.953369,-214.091655,7.365422,-3.028829,-163.526459,0.0,0.0,1.0,0.0,0.0,0.0,3.0,192047.073999,189716.714679,-97067.705939,45.609453,0,0,0,0,0,0,0,0,0,0,40000.0,40000.0,40000.0,40000.0,40000.0,40000.0,40000.0,40000.0,24617.865234,40000.0,40000.0,40000.0,40000.0,40000.0,40000.0,40000.0,40000.0,40000.0,40000.0,40000.0,40000.0,40000.0,40000.0,40000.0,5000.0,124205.581655,85482.07539,10618.67215,0,true,true,1.0,-0.01,0
2,969,48.45,30729.570159,46975.901784,7293.783664,58815.178898,10282.399868,-3933.722864,-1091.906372,-215.064554,7.364838,-3.028296,-163.524475,0.0,0.0,1.0,0.0,0.0,0.0,3.0,191128.610822,189725.266239,-97070.154539,45.988613,0,0,0,0,0,0,0,0,0,0,40000.0,40000.0,40000.0,40000.0,40000.0,40000.0,40000.0,40000.0,24782.236328,40000.0,40000.0,40000.0,40000.0,40000.0,40000.0,40000.0,40000.0,40000.0,40000.0,40000.0,40000.0,40000.0,40000.0,40000.0,5000.0,123977.703167,85481.980496,10616.700899,0,true,true,1.0,-0.01,0
2,970,48.5,30900.038705,-15375.94049,7341.1902,-3656.369098,10291.752991,-3933.048399,-1094.769678,-215.791043,7.364518,-3.028005,-163.523392,0.0,0.0,1.0,0.0,0.0,0.0,3.0,190422.678117,189732.824475,-97070.988731,46.279023,0,0,0,0,0,0,0,0,0,0,40000.0,40000.0,40000.0,40000.0,40000.0,40000.0,40000.0,40000.0,24908.3125,40000.0,40000.0,40000.0,40000.0,40000.0,40000.0,40000.0,40000.0,40000.0,40000.0,40000.0,40000.0,40000.0,40000.0,40000.0,5000.0,123802.169565,85482.649584,10615.749463,0,true,true,1.0,-0.01,0
2,971,48.55,31084.600062,46791.340428,7392.662767,58763.706331,10301.967556,-3929.499473,-1096.944776,-217.075462,7.364279,-3.027787,-163.522583,0.0,0.0,1.0,0.0,0.0,0.0,3.0,189657.294025,189741.730374,-97070.848129,46.588438,0,0,0,0,0,0,0,0,0,0,40000.0,40000.0,40000.0,40000.0,40000.0,40000.0,40000.0,40000.0,25044.771484,40000.0,40000.0,40000.0,40000.0,40000.0,40000.0,40000.0,40000.0,40000.0,40000.0,40000.0,40000.0,40000.0,40000.0,40000.0,5000.0,123611.534166,85483.96267,10615.22865,0,true,true,1.0,-0.01,0
2,972,48.6,31269.78126,-15561.121687,7444.453049,-3708.159379,10312.250835,-3930.272496,-1100.19115,-217.524404,7.364101,-3.027625,-163.521973,0.0,0.0,1.0,0.0,0.0,0.0,3.0,188888.642903,189750.8684,-97070.200663,46.905645,0,0,0,0,0,0,0,0,0,0,40000.0,40000.0,40000.0,40000.0,40000.0,40000.0,40000.0,40000.0,25181.632812,40000.0,40000.0,40000.0,40000.0,40000.0,40000.0,40000.0,40000.0,40000.0,40000.0,40000.0,40000.0,40000.0,40000.0,40000.0,5000.0,123419.900417,85485.567174,10614.976616,0,true,true,1.0,-0.01,0
2,973,48.65,31511.187092,46549.934595,7512.173956,58695.985424,10325.678104,-3928.308249,-1103.381392,-218.621738,7.363932,-3.027471,-163.521393,0.0,0.0,1.0,0.0,0.0,0.0,3.0,187885.843033,189762.767335,-97068.927744,47.313516,0,0,0,0,0,0,0,0,0,0,40000.0,40000.0,40000.0,40000.0,40000.0,40000.0,40000.0,40000.0,25359.986328,40000.0,40000.0,40000.0,40000.0,40000.0,40000.0,40000.0,40000.0,40000.0,40000.0,40000.0,40000.0,40000.0,40000.0,40000.0,5000.0,123169.703341,85487.895489,10614.901389,0,true,true,1.0,-0.01,0
2,974,48.7,31691.22914,-15741.163736,7562.825336,-3758.810759,10335.720412,-3928.471324,-1106.071483,-219.107327,7.363869,-3.027413,-163.521179,0.0,0.0,1.0,0.0,0.0,0.0,3.0,187137.241841,189771.849086,-97067.49317,47.619883,0,0,0,0,0,0,0,0,0,0,40000.0,40000.0,40000.0,40000.0,40000.0,40000.0,40000.0,40000.0,25471.416016,40000.0,40000.0,40000.0,40000.0,40000.0,40000.0,40000.0,40000.0,40000.0,40000.0,40000.0,40000.0,40000.0,40000.0,40000.0,5000.0,122982.740195,85489.925357,10615.113606,0,true,true,1.0,-0.01,0
2,975,48.75,31878.197337,46362.966399,7615.550495,58643.260265,10346.204788,-3929.794484,-1109.06791,-219.372588,7.363869,-3.027413,-163.521179,0.0,0.0,1.0,0.0,0.0,0.0,3.0,186359.133414,189781.563628,-97065.386821,47.939453,0,0,0,0,0,0,0,0,0,0,40000.0,40000.0,40000.0,40000.0,40000.0,40000.0,40000.0,40000.0,25466.34375,40000.0,40000.0,40000.0,40000.0,40000.0,40000.0,40000.0,40000.0,40000.0,40000.0,40000.0,40000.0,40000.0,40000.0,40000.0,5000.0,122788.213088,85492.353992,10615.640193,0,true,true,1.0,-0.01,0
2,976,48.8,32117.732684,-15980.699083,7683.284355,-3826.54462,10359.967327,-3912.079658,-1107.260629,-223.276333,7.363869,-3.027413,-163.521179,0.0,0.0,1.0,0.0,0.0,0.0,3.0,185361.976349,189793.138998,-97061.481096,48.31666,0,0,0,0,0,0,0,0,0,0,40000.0,40000.0,40000.0,40000.0,40000.0,40000.0,40000.0,40000.0,25459.623047,40000.0,40000.0,40000.0,40000.0,40000.0,40000.0,40000.0,40000.0,40000.0,40000.0,40000.0,40000.0,40000.0,40000.0,40000.0,5000.0,122538.923822,85495.247835,10616.616624,0,true,true,1.0,-0.01,0
2,977,48.85,32304.699762,46175.999321,7736.277814,58590.266807,10370.508516,-3925.341871,-1113.36299,-221.283832,7.363869,-3.027413,-163.521179,0.0,0.0,1.0,0.0,0.0,0.0,3.0,184583.556204,189801.804599,-97059.297469,48.65459,0,0,0,0,0,0,0,0,0,0,40000.0,40000.0,40000.0,40000.0,40000.0,40000.0,40000.0,40000.0,25454.279297,40000.0,40000.0,40000.0,40000.0,40000.0,40000.0,40000.0,40000.0,40000.0,40000.0,40000.0,40000.0,40000.0,40000.0,40000.0,5000.0,122344.318786,85497.414235,10617.162531,0,true,true,1.0,-0.01,0
2,978,48.9,32487.871655,-16163.870976,7788.300408,-3878.567215,10380.845448,-3928.868671,-1116.558853,-221.057017,7.363869,-3.027413,-163.521179,0.0,0.0,1.0,0.0,0.0,0.0,3.0,183820.816123,189809.891338,-97057.177448,48.96959,0,0,0,0,0,0,0,0,0,0,40000.0,40000.0,40000.0,40000.0,40000.0,40000.0,40000.0,40000.0,25448.888672,40000.0,40000.0,40000.0,40000.0,40000.0,40000.0,40000.0,40000.0,40000.0,40000.0,40000.0,40000.0,40000.0,40000.0,40000.0,5000.0,122153.633766,85499.435919,10617.692536,0,true,true,1.0,-0.01,0
2,979,48.95,32667.722473,45996.148504,7839.475942,58539.091272,10391.00113,-3927.146046,-1118.125237,-221.778035,7.363869,-3.027413,-163.521179,0.0,0.0,1.0,0.0,0.0,0.0,3.0,183071.794969,189817.463248,-97055.124417,49.269844,0,0,0,0,0,0,0,0,0,0,40000.0,40000.0,40000.0,40000.0,40000.0,40000.0,40000.0,40000.0,25443.486328,40000.0,40000.0,40000.0,40000.0,40000.0,40000.0,40000.0,40000.0,40000.0,40000.0,40000.0,40000.0,40000.0,40000.0,40000.0,5000.0,121966.378477,85501.328897,10618.205794,0,true,true,1.0,-0.01,0
2,980,49.0,32845.295829,-16341.444332,7890.092869,-3929.184142,10401.039655,-3928.853655,-1120.550912,-221.839244,7.363869,-3.027413,-163.521179,0.0,0.0,1.0,0.0,0.0,0.0,3.0,182332.154968,189824.5939,-97053.101328,49.571328,0,0,0,0,0,0,0,0,0,0,40000.0,40000.0,40000.0,40000.0,40000.0,40000.0,40000.0,40000.0,25438.050781,40000.0,40000.0,40000.0,40000.0,40000.0,40000.0,40000.0,40000.0,40000.0,40000.0,40000.0,40000.0,40000.0,40000.0,40000.0,5000.0,121781.468477,85503.11156,10618.711566,0,true,true,1.0,-0.01,0
2,981,49.05,33084.857143,45756.587189,7958.513632,58470.67051,10414.621883,-3926.906081,-1122.475598,-222.68446,7.363869,-3.027413,-163.521179,0.0,0.0,1.0,0.0,0.0,0.0,3.0,181334.158229,189833.683738,-97050.289863,49.970273,0,0,0,0,0,0,0,0,0,0,40000.0,40000.0,40000.0,40000.0,40000.0,40000.0,40000.0,40000.0,25430.587891,40000.0,40000.0,40000.0,40000.0,40000.0,40000.0,40000.0,40000.0,40000.0,40000.0,40000.0,40000.0,40000.0,40000.0,40000.0,5000.0,121531.969292,85505.384019,10619.414432,0,true,true,1.0,-0.01,0
2,982,49.1,33265.327302,-16521.914491,8010.154183,-3980.824693,10424.878055,-3927.070103,-1124.293229,-222.999442,7.363869,-3.027413,-163.521179,0.0,0.0,1.0,0.0,0.0,0.0,3.0,180582.216666,189840.151834,-97048.129353,50.272832,0,0,0,0,0,0,0,0,0,0,40000.0,40000.0,40000.0,40000.0,40000.0,40000.0,40000.0,40000.0,25424.837891,40000.0,40000.0,40000.0,40000.0,40000.0,40000.0,40000.0,40000.0,40000.0,40000.0,40000.0,40000.0,40000.0,40000.0,40000.0,5000.0,121343.983901,85507.001044,10619.95456,0,true,true,1.0,-0.01,0
2,983,49.15,33442.463085,45579.451406,8060.917113,58419.90758,10434.94848,-3927.712931,-1126.13706,-223.204018,7.363869,-3.027413,-163.521179,0.0,0.0,1.0,0.0,0.0,0.0,3.0,179844.08055,189846.208116,-97046.036072,50.56998,0,0,0,0,0,0,0,0,0,0,40000.0,40000.0,40000.0,40000.0,40000.0,40000.0,40000.0,40000.0,25053.023438,40000.0,40000.0,40000.0,40000.0,40000.0,40000.0,40000.0,40000.0,40000.0,40000.0,40000.0,40000.0,40000.0,40000.0,40000.0,5000.0,121159.449872,85508.515114,10620.47788,0,true,true,1.0,-0.01,0
2,984,49.2,33679.567703,-16759.019109,8128.978895,-4048.886476,10448.456922,-3927.460796,-1128.17199,-223.661747,7.363869,-3.027413,-163.521179,0.0,0.0,1.0,0.0,0.0,0.0,3.0,178855.916141,189853.870283,-97043.182791,50.965059,0,0,0,0,0,0,0,0,0,0,40000.0,40000.0,40000.0,40000.0,40000.0,40000.0,40000.0,40000.0,24256.380859,40000.0,40000.0,40000.0,40000.0,40000.0,40000.0,40000.0,40000.0,40000.0,40000.0,40000.0,40000.0,40000.0,40000.0,40000.0,5000.0,120912.40877,85510.430656,10621.1912,0,true,true,1.0,-0.01,0
2,985,49.25,33856.018258,45403.000851,8179.709489,58369.176986,10458.521428,-3927.914164,-1129.78931,-223.867797,7.363869,-3.027413,-163.521179,0.0,0.0,1.0,0.0,0.0,0.0,3.0,178120.442575,189859.263485,-97041.057125,51.259414,0,0,0,0,0,0,0,0,0,0,40000.0,40000.0,40000.0,40000.0,40000.0,40000.0,40000.0,40000.0,23995.78125,40000.0,40000.0,40000.0,40000.0,40000.0,40000.0,40000.0,40000.0,40000.0,40000.0,40000.0,40000.0,40000.0,40000.0,40000.0,5000.0,120728.540379,85511.778956,10621.722617,0,true,true,1.0,-0.01,0
2,986,49.3,34035.743044,-16938.743895,8231.448302,-4100.625288,10468.800158,-3928.155757,-1131.306697,-224.105433,7.363869,-3.027413,-163.521179,0.0,0.0,1.0,0.0,0.0,0.0,3.0,177371.239944,189864.488886,-97038.820047,51.558301,0,0,0,0,0,0,0,0,0,0,40000.0,40000.0,40000.0,39867.679688,40000.0,40000.0,40000.0,40000.0,23989.697266,40000.0,40000.0,40000.0,40000.0,40000.0,40000.0,40000.0,40000.0,40000.0,40000.0,40000.0,40000.0,40000.0,40000.0,40000.0,5000.0,120541.239721,85513.085306,10622.281886,0,true,true,1.0,-0.01,0
2,987,49.35,34214.339853,45224.404042,8282.925953,58317.699335,10479.023499,-3925.450178,-1131.900592,-224.873892,7.363869,-3.027413,-163.521179,0.0,0.0,1.0,0.0,0.0,0.0,3.0,176626.665467,189869.435529,-97036.595898,51.849941,0,0,0,0,0,0,0,0,0,0,40000.0,40000.0,40000.0,39700.925781,40000.0,40000.0,40000.0,40000.0,23983.613281,40000.0,40000.0,40000.0,40000.0,40000.0,40000.0,40000.0,40000.0,40000.0,40000.0,40000.0,40000.0,40000.0,40000.0,40000.0,5000.0,120355.096102,85514.321967,10622.837924,0,true,true,1.0,-0.01,0
2,988,49.4,34451.883641,-17176.287683,8351.487542,-4169.186878,10492.639418,-3927.572433,-1134.245015,-224.819293,7.363869,-3.027413,-163.521179,0.0,0.0,1.0,0.0,0.0,0.0,3.0,175636.229871,189875.650809,-97033.616638,52.246074,0,0,0,0,0,0,0,0,0,0,40000.0,40000.0,40000.0,39479.054688,40000.0,40000.0,40000.0,40000.0,23975.355469,40000.0,40000.0,40000.0,40000.0,40000.0,40000.0,40000.0,40000.0,40000.0,40000.0,40000.0,40000.0,40000.0,40000.0,40000.0,5000.0,120107.487203,85515.875787,10623.582739,0,true,true,1.0,-0.01,0
2,989,49.45,34629.25952,45047.028163,8402.749107,58266.43777,10502.817656,-3927.222433,-1135.3703,-225.123227,7.363869,-3.027413,-163.521179,0.0,0.0,1.0,0.0,0.0,0.0,3.0,174896.586345,189880.035294,-97031.384355,52.538047,0,0,0,0,0,0,0,0,0,0,40000.0,40000.0,40000.0,39313.339844,40000.0,40000.0,40000.0,40000.0,24203.703125,40000.0,40000.0,40000.0,40000.0,40000.0,40000.0,40000.0,40000.0,40000.0,40000.0,40000.0,40000.0,40000.0,40000.0,40000.0,5000.0,119922.576321,85516.971909,10624.140809,0,true,true,1.0,-0.01,0
2,990,49.5,34815.219728,-17362.24789,8456.549697,-4222.987467,10513.537442,-3917.648975,-1133.828301,-227.127054,7.363869,-3.027413,-163.521179,0.0,0.0,1.0,0.0,0.0,0.0,3.0,174121.070603,189884.386123,-97028.88213,52.828809,0,0,0,0,0,0,0,0,0,0,40000.0,40000.0,40000.0,39139.5625,40000.0,40000.0,40000.0,40000.0,24569.417969,40000.0,40000.0,40000.0,40000.0,40000.0,40000.0,40000.0,40000.0,40000.0,40000.0,40000.0,40000.0,40000.0,40000.0,40000.0,5000.0,119728.697386,85518.059616,10624.766366,0,true,true,1.0,-0.01,0
2,991,49.55,35042.316617,44819.931273,8522.326792,58200.660675,10526.567401,-3929.737272,-1138.747982,-225.174702,7.363869,-3.027413,-163.521179,0.0,0.0,1.0,0.0,0.0,0.0,3.0,173173.929022,189889.445411,-97026.110144,53.220781,0,0,0,0,0,0,0,0,0,0,40000.0,40000.0,40000.0,38927.277344,40000.0,40000.0,40000.0,40000.0,25016.042969,40000.0,40000.0,40000.0,40000.0,40000.0,40000.0,40000.0,40000.0,40000.0,40000.0,40000.0,40000.0,40000.0,40000.0,40000.0,5000.0,119491.91199,85519.324438,10625.459362,0,true,true,1.0,-0.01,0
2,992,49.6,35212.220615,-17532.151888,8571.590356,-4272.251031,10536.325149,-3927.95272,-1139.240818,-225.70184,7.363869,-3.027413,-163.521179,0.0,0.0,1.0,0.0,0.0,0.0,3.0,172465.258071,189893.028348,-97024.028077,53.496074,0,0,0,0,0,0,0,0,0,0,40000.0,40000.0,40000.0,38768.421875,40000.0,40000.0,40000.0,40000.0,25350.240234,40000.0,40000.0,40000.0,40000.0,40000.0,40000.0,40000.0,40000.0,40000.0,40000.0,40000.0,40000.0,40000.0,40000.0,40000.0,5000.0,119314.744252,85520.220172,10625.979879,0,true,true,1.0,-0.01,0
2,993,49.65,35438.090852,44594.061036,8637.146664,58135.104366,10549.308665,-3927.517773,-1140.390823,-226.031125,7.363869,-3.027413,-163.521179,0.0,0.0,1.0,0.0,0.0,0.0,3.0,171523.074968,189897.537424,-97021.250355,53.86418,0,0,0,0,0,0,0,0,0,0,40000.0,40000.0,40000.0,38505.371094,40000.0,40000.0,40000.0,40000.0,28050.822266,40000.0,40000.0,40000.0,40000.0,40000.0,40000.0,40000.0,40000.0,40000.0,40000.0,40000.0,40000.0,40000.0,40000.0,40000.0,5000.0,119079.198477,85521.347441,10626.674309,0,true,true,1.0,-0.01,0
2,994,49.7,35606.664893,-17700.725928,8686.119734,-4321.224101,10559.006453,-3929.853295,-1141.974906,-225.775935,7.363869,-3.027413,-163.521179,0.0,0.0,1.0,0.0,0.0,0.0,3.0,170819.840022,189900.722773,-97019.171958,54.142422,0,0,0,0,0,0,0,0,0,0,40000.0,40000.0,40000.0,38163.394531,40000.0,40000.0,40000.0,40000.0,28382.455078,40000.0,40000.0,40000.0,40000.0,40000.0,40000.0,40000.0,40000.0,40000.0,40000.0,40000.0,40000.0,40000.0,40000.0,40000.0,5000.0,118903.38974,85522.143778,10627.193909,0,true,true,1.0,-0.01,0
2,995,49.75,35783.233471,44417.492458,8737.456108,58083.767992,10569.203423,-3921.899899,-1140.570737,-227.420485,7.363869,-3.027413,-163.521179,0.0,0.0,1.0,0.0,0.0,0.0,3.0,170083.200019,189903.88426,-97016.861902,54.416816,0,0,0,0,0,0,0,0,0,0,40000.0,40000.0,40000.0,37805.128906,40000.0,40000.0,40000.0,40000.0,28729.830078,40000.0,40000.0,40000.0,40000.0,40000.0,40000.0,40000.0,40000.0,40000.0,40000.0,40000.0,40000.0,40000.0,40000.0,40000.0,5000.0,118719.22974,85522.93415,10627.771423,0,true,true,1.0,-0.01,0
2,996,49.8,36026.219803,-17943.712261,8808.172014,-4391.940006,10583.668482,-3903.386057,-1136.376154,-231.038198,7.363869,-3.027413,-163.521179,0.0,0.0,1.0,0.0,0.0,0.0,3.0,169069.297243,189907.751927,-97012.007885,54.782148,0,0,0,0,0,0,0,0,0,0,40000.0,40000.0,40000.0,37312.132812,40000.0,40000.0,40000.0,40000.0,29207.861328,40000.0,40000.0,40000.0,40000.0,40000.0,40000.0,40000.0,40000.0,40000.0,40000.0,40000.0,40000.0,40000.0,40000.0,40000.0,5000.0,118465.754045,85523.901067,10628.984927,0,true,true,1.0,-0.01,0
2,997,49.85,36215.136448,44228.575813,8863.19891,58028.741096,10594.670017,-3930.44237,-1145.126322,-226.24806,7.363869,-3.027413,-163.521179,0.0,0.0,1.0,0.0,0.0,0.0,3.0,168281.008326,189910.706577,-97009.229301,55.129883,0,0,0,0,0,0,0,0,0,0,40000.0,40000.0,40000.0,34521.570312,40000.0,40000.0,40000.0,40000.0,29365.5625,40000.0,40000.0,40000.0,40000.0,40000.0,40000.0,40000.0,40000.0,40000.0,40000.0,40000.0,40000.0,40000.0,40000.0,40000.0,5000.0,118268.681816,85524.639729,10629.679573,0,true,true,1.0,-0.01,0
2,998,49.9,36397.969587,-18126.545401,8916.492073,-4445.233169,10605.282205,-3923.750147,-1143.979845,-227.639877,7.363869,-3.027413,-163.521179,0.0,0.0,1.0,0.0,0.0,0.0,3.0,167518.06801,189913.438843,-97006.700218,55.414063,0,0,0,0,0,0,0,0,0,0,40000.0,40000.0,40000.0,34150.640625,40000.0,40000.0,40000.0,40000.0,29499.65625,40000.0,40000.0,40000.0,40000.0,40000.0,40000.0,40000.0,40000.0,40000.0,40000.0,40000.0,40000.0,40000.0,40000.0,40000.0,5000.0,118077.946737,85525.322796,10630.311844,0,true,true,1.0,-0.01,0
2,999,49.95,36580.739003,44045.806398,8969.802939,57975.43023,10615.899876,-3928.467804,-1146.122455,-226.919514,7.363869,-3.027413,-163.521179,0.0,0.0,1.0,0.0,0.0,0.0,3.0,166755.350563,189916.027729,-97004.155634,55.715293,0,0,0,0,0,0,0,0,0,0,40000.0,40000.0,40000.0,33779.777344,40000.0,40000.0,40000.0,40000.0,29633.654297,40000.0,40000.0,40000.0,40000.0,40000.0,40000.0,40000.0,40000.0,40000.0,40000.0,40000.0,40000.0,40000.0,40000.0,40000.0,5000.0,117887.267376,85525.970017,10630.94799,0,true,true,1.0,-0.01,0
2,1000,50.0,36807.993225,-18353.799623,9036.136813,-4511.567044,10629.049847,-3928.545349,-1147.048647,-227.081401,7.363869,-3.027413,-163.521179,0.0,0.0,1.0,0.0,0.0,0.0,3.0,165806.950125,189919.092959,-97001.223768,56.079609,0,0,0,0,0,0,0,0,0,0,40000.0,40000.0,40000.0,33318.757812,40000.0,40000.0,40000.0,40000.0,29800.234375,40000.0,40000.0,40000.0,40000.0,40000.0,40000.0,40000.0,40000.0,40000.0,40000.0,40000.0,40000.0,40000.0,40000.0,40000.0,5000.0,117650.167266,85526.736325,10631.680956,0,true,true,1.0,-0.01,0
2,1001,50.05,36979.980128,43873.819495,9086.372257,57925.194787,10639.014634,-3925.472105,-1146.800634,-227.77492,7.363869,-3.027413,-163.521179,0.0,0.0,1.0,0.0,0.0,0.0,3.0,165089.155989,189921.278217,-96998.97264,56.349688,0,0,0,0,0,0,0,0,0,0,40000.0,40000.0,40000.0,32969.777344,40000.0,40000.0,40000.0,40000.0,29926.292969,40000.0,40000.0,40000.0,40000.0,40000.0,40000.0,40000.0,40000.0,40000.0,40000.0,40000.0,40000.0,40000.0,40000.0,40000.0,5000.0,117470.718732,85527.282639,10632.243738,0,true,true,1.0,-0.01,0
2,1002,50.1,37205.460083,-18579.279578,9152.273991,-4577.468777,10652.07464,-3928.392134,-1148.463053,-227.394243,7.363869,-3.027413,-163.521179,0.0,0.0,1.0,0.0,0.0,0.0,3.0,164148.060257,189923.987452,-96996.060596,56.713516,0,0,0,0,0,0,0,0,0,0,40000.0,40000.0,40000.0,32839.65625,40000.0,40000.0,40000.0,40000.0,30091.558594,40000.0,40000.0,40000.0,40000.0,40000.0,40000.0,40000.0,40000.0,40000.0,40000.0,40000.0,40000.0,40000.0,40000.0,40000.0,5000.0,117235.444799,85527.959948,10632.971749,0,true,true,1.0,-0.01,0
2,1003,50.15,37375.60965,43703.669928,9202.033967,57875.43481,10661.939778,-3928.479913,-1149.069327,-227.491268,7.363869,-3.027413,-163.521179,0.0,0.0,1.0,0.0,0.0,0.0,3.0,163437.863536,189925.913552,-96993.840282,56.983965,0,0,0,0,0,0,0,0,0,0,40000.0,40000.0,40000.0,32786.5625,40000.0,40000.0,40000.0,40000.0,30216.238281,40000.0,40000.0,40000.0,40000.0,40000.0,40000.0,40000.0,40000.0,40000.0,40000.0,40000.0,40000.0,40000.0,40000.0,40000.0,5000.0,117057.895619,85528.441473,10633.526828,0,true,true,1.0,-0.01,0
2,1004,50.2,37547.551214,-18751.221142,9252.342894,-4627.777704,10671.923328,-3929.407364,-1149.902482,-227.429614,7.363869,-3.027413,-163.521179,0.0,0.0,1.0,0.0,0.0,0.0,3.0,162720.15584,189927.758036,-96991.552803,57.257891,0,0,0,0,0,0,0,0,0,0,40000.0,40000.0,40000.0,32732.882812,40000.0,40000.0,40000.0,40000.0,30342.216797,40000.0,40000.0,40000.0,40000.0,40000.0,40000.0,40000.0,40000.0,40000.0,40000.0,40000.0,40000.0,40000.0,40000.0,40000.0,5000.0,116878.468695,85528.902594,10634.098697,0,true,true,1.0,-0.01,0
2,1005,50.25,37775.281369,43475.939772,9319.011683,57808.766021,10685.145071,-3925.556575,-1149.48179,-228.277488,7.365074,-3.035349,-163.544006,0.0,0.0,1.0,0.0,-0.349965,-0.69993,3.0,161716.245627,189990.986871,-96958.090643,57.611758,0,0,0,0,0,0,0,0,0,0,40000.0,40000.0,40000.0,32669.449219,40000.0,40000.0,40000.0,40000.0,30512.042969,29644.289062,40000.0,40000.0,40000.0,40000.0,40000.0,40000.0,40000.0,40000.0,40000.0,40000.0,40000.0,40000.0,40000.0,40000.0,5000.0,116606.582486,85573.410482,10656.812608,0,true,true,1.0,-0.01,0
2,1006,50.3,37961.778963,-18937.718735,9373.633322,-4682.399343,10696.043443,-3923.03369,-1149.035508,-228.944515,7.375983,-3.100614,-163.748825,0.0,0.0,1.0,0.0,-0.317182,-0.792955,3.0,160445.643885,190537.774067,-96700.567585,57.901602,0,0,0,0,0,0,0,0,0,0,40000.0,40000.0,40000.0,33102.449219,40000.0,40000.0,40000.0,40000.0,30959.931641,29523.992188,40000.0,40000.0,40000.0,40000.0,40000.0,40000.0,40000.0,40000.0,40000.0,40000.0,40000.0,40000.0,40000.0,40000.0,5000.0,116103.761927,85968.381724,10841.95224,0,true,true,1.0,-0.01,0
2,1007,50.35,38141.82318,43295.895555,9426.351175,57756.048167,10706.556193,-3926.49261,-1149.371928,-228.808724,7.399322,-3.215742,-164.175995,0.0,0.0,1.0,0.0,-0.228872,-0.610326,3.0,158617.198692,191670.185854,-96230.460601,58.189199,0,0,0,0,0,0,0,0,0,0,40000.0,40000.0,40000.0,34156.234375,40000.0,40000.0,40000.0,40000.0,31702.648438,29469.683594,40000.0,40000.0,40000.0,40000.0,40000.0,40000.0,40000.0,40000.0,40000.0,40000.0,40000.0,40000.0,40000.0,40000.0,5000.0,115268.012122,86791.622263,11182.955565,0,true,true,1.0,-0.01,0
2,1008,50.4,38393.313807,-19189.209362,9499.840709,-4755.888877,10721.344219,-3921.494833,-1144.272291,-231.183738,7.446571,-3.411085,-165.001999,0.0,0.0,1.0,0.0,-0.139986,-0.419958,3.0,155403.693594,193825.351007,-95412.922096,58.573398,2.0,71134.808425,9060.364795,-3748.176196,0.0,0,0,0,0,0,40000.0,40000.0,40000.0,34378.699219,40000.0,40000.0,40000.0,40000.0,40000.0,29648.289062,40000.0,40000.0,40000.0,40000.0,40000.0,40000.0,40000.0,40000.0,40000.0,40000.0,40000.0,40000.0,40000.0,40000.0,5000.0,113734.038856,88371.532526,11781.322223,0,true,true,1.0,-0.01,0
2,1009,50.45,38572.308335,43116.901027,9551.926592,57703.962284,10731.896453,-3930.423897,-1141.902699,-231.196377,7.48823,-3.564903,-165.694366,0.0,0.0,1.0,0.0,-0.069993,-0.139986,2.0,70276.293575,9859.090165,-3454.181851,99.99998,3.0,152798.571314,195593.92146,-94768.591937,58.863555,0,0,0,0,0,40000.0,40000.0,40000.0,34584.085938,40000.0,40000.0,40000.0,40000.0,40000.0,29780.083984,40000.0,40000.0,40000.0,40000.0,40000.0,40000.0,40000.0,40000.0,40000.0,40000.0,40000.0,40000.0,40000.0,40000.0,5000.0,112462.90749,89679.80979,12257.480611,0,true,true,1.0,-0.01,0
2,1010,50.5,38750.907933,-19367.80896,9603.607696,-4807.56998,10742.494089,-3930.120749,-1134.743192,-233.419541,7.532515,-3.721092,-166.398865,0.0,0.0,1.0,0.0,0.0,-0.209979,2.0,69350.853122,10645.233697,-3158.722961,99.99992,3.0,150140.667461,197354.4479,-94126.503825,59.137109,0,0,0,0,0,40000.0,40000.0,40000.0,34502.816406,40000.0,40000.0,40000.0,40000.0,40000.0,29818.095703,40000.0,40000.0,40000.0,40000.0,40000.0,40000.0,40000.0,40000.0,40000.0,40000.0,40000.0,40000.0,40000.0,40000.0,5000.0,111156.160474,90993.46702,12736.093233,0,true,true,1.0,-0.01,0
2,1011,50.55,38928.284582,42939.524377,9654.556283,57653.013697,10753.103779,-3932.510593,-1126.388597,-235.623385,7.579121,-3.873708,-167.109818,0.0,0.0,1.0,0.0,0.0,-0.069993,2.0,68364.355526,11411.099754,-2870.489233,99.999812,3.0,147439.054535,199093.128436,-93504.182448,59.410781,0,0,0,0,0,40000.0,40000.0,40000.0,34254.9375,40000.0,40000.0,40000.0,40000.0,40000.0,29464.181641,40000.0,40000.0,40000.0,40000.0,40000.0,40000.0,40000.0,40000.0,40000.0,40000.0,40000.0,40000.0,40000.0,40000.0,5000.0,109823.391637,92302.349343,13204.174903,0,true,true,1.0,-0.01,0
2,1012,50.6,39157.962541,-19597.486919,9719.830032,-4872.843729,10766.974986,-3938.453827,-1113.704077,-238.575944,7.631399,-4.036594,-167.874008,0.0,0.0,1.0,0.0,-0.069993,0.0,2.0,67022.281606,12181.679749,-2568.688561,99.999588,3.0,144348.138664,200907.65881,-92855.384868,59.766152,0,0,0,0,0,40000.0,40000.0,40000.0,33960.589844,40000.0,40000.0,40000.0,40000.0,40000.0,29097.548828,40000.0,40000.0,40000.0,40000.0,40000.0,40000.0,40000.0,40000.0,40000.0,40000.0,40000.0,40000.0,40000.0,40000.0,5000.0,108331.531862,93686.513237,13698.496219,0,true,true,1.0,-0.01,0
2,1013,50.65,39337.10706,42760.379859,9770.106604,57602.737125,10777.962567,-3938.510483,-1101.051792,-242.043336,7.662294,-4.13301,-168.310349,0.0,0.0,1.0,0.0,0.0,0.0,2.0,65937.492096,12572.991977,-2396.972257,99.99935,3.0,142381.197726,201907.345981,-92487.513924,60.03416,0,0,0,0,0,40000.0,40000.0,40000.0,33960.625,40000.0,40000.0,40000.0,40000.0,40000.0,27278.03125,40000.0,40000.0,40000.0,40000.0,40000.0,40000.0,40000.0,40000.0,40000.0,40000.0,40000.0,40000.0,40000.0,40000.0,5000.0,107421.270522,94462.770187,13983.27774,0,true,true,1.0,-0.01,0
2,1014,50.7,39515.868972,-19776.248831,9819.677494,-4922.41462,10789.052988,-3941.008781,-1088.32539,-245.237006,7.688551,-4.210809,-168.673035,0.0,0.0,1.0,0.0,0.0,0.0,2.0,64813.035881,12861.071586,-2259.871861,99.999032,3.0,140612.700382,202716.893638,-92194.661753,60.303145,0,0,0,0,0,40000.0,40000.0,40000.0,34057.640625,40000.0,40000.0,40000.0,40000.0,40000.0,27121.134766,40000.0,40000.0,40000.0,40000.0,40000.0,40000.0,40000.0,40000.0,40000.0,40000.0,40000.0,40000.0,40000.0,40000.0,5000.0,106629.202191,95100.546168,14213.228488,0,true,true,1.0,-0.01,0
2,1015,50.75,39749.046533,42527.202298,9883.398414,57539.016206,10803.703137,-3945.134081,-1071.175088,-249.398341,7.720585,-4.29711,-169.106583,0.0,0.0,1.0,0.0,0.0,0.0,2.0,63272.311887,13162.824757,-2106.539571,99.99848,3.0,138398.73745,203663.735374,-91868.157397,60.652207,0,0,0,0,0,40000.0,40000.0,40000.0,40000.0,40000.0,40000.0,40000.0,40000.0,40000.0,27492.853516,40000.0,40000.0,40000.0,40000.0,40000.0,40000.0,40000.0,40000.0,40000.0,40000.0,40000.0,40000.0,40000.0,40000.0,5000.0,105657.081573,95855.868709,14473.228544,0,true,true,1.0,-0.01,0
2,1016,50.8,39904.132214,-19931.334512,9925.129385,-4964.145591,10813.818891,-3908.64406,-1048.796737,-259.092611,7.733401,-4.330224,-169.277512,0.0,0.0,1.0,0.0,0.0,0.0,2.0,62216.20471,13219.438111,-2048.19419,99.998224,3.0,137261.149398,204013.091593,-91748.412471,60.826621,0,0,0,0,0,40000.0,40000.0,40000.0,40000.0,40000.0,40000.0,40000.0,40000.0,40000.0,27831.806641,40000.0,40000.0,40000.0,40000.0,40000.0,40000.0,40000.0,40000.0,40000.0,40000.0,40000.0,40000.0,40000.0,40000.0,5000.0,105206.964774,96146.930982,14572.166546,0,true,true,1.0,-0.01,0
2,1017,50.85,40121.021376,42310.313136,9982.687428,57481.458162,10828.005391,-3934.920716,-1038.498767,-259.071162,7.747568,-4.36646,-169.464783,0.0,0.0,1.0,0.0,0.0,0.0,2.0,60687.061598,13225.102336,-1985.198286,99.997286,3.0,135819.908251,204378.244331,-91623.130227,61.178428,0,0,0,0,0,40000.0,40000.0,40000.0,40000.0,40000.0,40000.0,40000.0,40000.0,40000.0,28280.15625,40000.0,40000.0,40000.0,40000.0,40000.0,40000.0,40000.0,40000.0,40000.0,40000.0,40000.0,40000.0,40000.0,40000.0,5000.0,104664.340066,96460.868992,14678.911061,0,true,true,1.0,-0.01,0
2,1018,50.9,40315.274166,-20125.587302,10033.450569,-5014.908732,10840.783193,-3941.425218,-1024.921945,-261.919161,7.75797,-4.392827,-169.601227,0.0,0.0,1.0,0.0,0.0,0.0,2.0,59262.010708,13180.035003,-1939.297368,99.996349,3.0,134620.026992,204631.34857,-91536.225542,61.466738,0,0,0,0,0,40000.0,40000.0,40000.0,40000.0,36608.257812,40000.0,40000.0,40000.0,40000.0,30494.384766,40000.0,40000.0,40000.0,40000.0,40000.0,40000.0,40000.0,40000.0,40000.0,40000.0,40000.0,40000.0,40000.0,40000.0,5000.0,104231.070323,96685.970617,14755.46296,0,true,true,1.0,-0.01,0
2,1019,50.95,40548.170896,42077.416406,10093.350727,57421.558005,10856.204394,-3960.173139,-1011.867389,-263.298815,7.767874,-4.417747,-169.730316,0.0,0.0,1.0,0.0,0.0,0.0,2.0,57484.352668,13070.304476,-1894.968683,99.994802,3.0,133282.206711,204855.263659,-91459.246995,61.82457,0,0,0,0,0,40000.0,40000.0,40000.0,40000.0,35747.179688,40000.0,40000.0,40000.0,40000.0,30944.167969,40000.0,40000.0,40000.0,40000.0,40000.0,40000.0,40000.0,40000.0,40000.0,40000.0,40000.0,40000.0,40000.0,40000.0,5000.0,103770.136479,96894.748828,14826.479999,0,true,true,1.0,-0.01,0
2,1020,51.0,40720.458413,-20297.874819,10136.997191,-5058.555196,10867.740937,-3962.545061,-999.581736,-266.214269,7.773293,-4.43131,-169.800613,0.0,0.0,1.0,0.0,0.0,0.0,2.0,56120.078112,12950.280892,-1869.167534,99.993513,3.0,132366.300594,204964.279781,-91421.436331,62.071035,0,0,0,0,0,40000.0,40000.0,40000.0,40000.0,35574.929688,40000.0,40000.0,40000.0,40000.0,31262.128906,40000.0,40000.0,40000.0,40000.0,40000.0,40000.0,40000.0,40000.0,40000.0,40000.0,40000.0,40000.0,40000.0,40000.0,5000.0,103472.119216,97005.107209,14864.092319,0,true,true,1.0,-0.01,0
2,1021,51.05,40893.89857,41903.976249,10180.379757,57378.175439,10879.473956,-3964.599989,-987.493261,-269.104232,7.777426,-4.441619,-169.85408,0.0,0.0,1.0,0.0,0.0,0.0,2.0,54703.528588,12801.352808,-1847.292237,99.991961,3.0,131495.14502,205035.971698,-91396.177403,62.316982,0,0,0,0,0,40000.0,40000.0,40000.0,40000.0,35394.757812,40000.0,40000.0,40000.0,40000.0,31571.724609,40000.0,40000.0,40000.0,40000.0,40000.0,40000.0,40000.0,40000.0,40000.0,40000.0,40000.0,40000.0,40000.0,40000.0,5000.0,103201.760663,97086.165147,14891.800974,0,true,true,1.0,-0.01,0
2,1022,51.1,41125.133811,-20529.11006,10237.382234,-5115.557673,10895.290876,-3969.907943,-972.633154,-272.346265,7.78143,-4.451579,-169.905746,0.0,0.0,1.0,0.0,0.0,0.0,2.0,52746.794148,12567.311428,-1821.66407,99.989354,3.0,130391.497222,205089.604474,-91376.606003,62.645781,0,0,0,0,0,40000.0,40000.0,40000.0,40000.0,35160.640625,40000.0,40000.0,40000.0,40000.0,31972.3125,40000.0,40000.0,40000.0,40000.0,40000.0,40000.0,40000.0,40000.0,40000.0,40000.0,40000.0,40000.0,40000.0,40000.0,5000.0,102874.980252,97160.54783,14917.35635,0,true,true,1.0,-0.01,0
2,1023,51.15,41298.509956,41730.600104,10279.519538,57336.038136,10907.273582,-3969.66041,-960.943784,-275.369838,7.783617,-4.457009,-169.933929,0.0,0.0,1.0,0.0,0.0,0.0,2.0,51231.638192,12370.507541,-1803.629682,99.987035,3.0,129595.258839,205107.956692,-91369.269197,62.884609,0,0,0,0,0,40000.0,40000.0,40000.0,40000.0,34988.453125,40000.0,40000.0,40000.0,40000.0,32265.955078,40000.0,40000.0,40000.0,40000.0,40000.0,40000.0,40000.0,40000.0,40000.0,40000.0,40000.0,40000.0,40000.0,40000.0,5000.0,102648.152671,97198.371973,14930.453603,0,true,true,1.0,-0.01,0
2,1024,51.2,41531.378033,-20761.978137,10335.338874,-5171.37701,10923.53533,-3975.369256,-947.375367,-278.224641,7.785732,-4.462249,-169.961121,0.0,0.0,1.0,0.0,0.0,0.0,2.0,49188.323993,12094.139844,-1781.201197,99.983168,3.0,128557.447244,205111.436394,-91366.465462,63.211025,0,0,0,0,0,40000.0,40000.0,40000.0,40000.0,34760.699219,40000.0,40000.0,40000.0,40000.0,32601.369141,40000.0,40000.0,40000.0,40000.0,40000.0,40000.0,40000.0,40000.0,40000.0,40000.0,40000.0,40000.0,40000.0,40000.0,5000.0,102361.882773,97231.307256,14942.021047,0,true,true,1.0,-0.01,0
2,1025,51.25,41702.679948,41559.298189,10375.859225,57295.517785,10935.596367,-3978.343585,-937.586996,-280.405206,7.786887,-4.465106,-169.975967,0.0,0.0,1.0,0.0,0.0,0.0,2.0,47687.749378,11886.63784,-1765.428356,99.979879,3.0,127809.499848,205104.37113,-91367.6534,63.447617,0,0,0,0,0,40000.0,40000.0,40000.0,40000.0,34594.960938,40000.0,40000.0,40000.0,40000.0,32729.896484,40000.0,40000.0,40000.0,40000.0,40000.0,40000.0,40000.0,40000.0,40000.0,40000.0,40000.0,40000.0,40000.0,40000.0,5000.0,102160.263321,97247.023859,14947.648862,0,true,true,1.0,-0.01,0
2,1026,51.3,41934.563366,-20993.861555,10430.010604,-5225.528389,10952.079331,-3980.247014,-924.482403,-283.547783,7.788008,-4.467881,-169.990372,0.0,0.0,1.0,0.0,0.0,0.0,2.0,45658.971581,11601.279883,-1744.35725,99.974757,3.0,126814.085158,205084.787785,-91372.521945,63.762627,0,0,0,0,0,40000.0,40000.0,40000.0,40000.0,34372.664062,40000.0,40000.0,40000.0,40000.0,32903.976562,40000.0,40000.0,40000.0,40000.0,40000.0,40000.0,40000.0,40000.0,40000.0,40000.0,40000.0,40000.0,40000.0,40000.0,5000.0,101897.19712,97259.099969,14952.183415,0,true,true,1.0,-0.01,0
2,1027,51.35,42107.572784,41386.288771,10469.914737,57255.613652,10964.476567,-3982.662293,-915.414185,-285.601533,7.788619,-4.469389,-169.998199,0.0,0.0,1.0,0.0,0.0,0.0,2.0,44147.09655,11386.217679,-1728.450645,99.970258,3.0,126080.234788,205065.597421,-91377.661217,63.997178,0,0,0,0,0,40000.0,40000.0,40000.0,40000.0,34207.984375,40000.0,40000.0,40000.0,40000.0,33033.972656,40000.0,40000.0,40000.0,40000.0,40000.0,40000.0,40000.0,40000.0,40000.0,40000.0,40000.0,40000.0,40000.0,40000.0,5000.0,101706.001167,97263.53345,14954.026974,0,true,true,1.0,-0.01,0
2,1028,51.4,42291.204406,-21177.493177,10511.819035,-5267.432686,10977.772171,-3982.290756,-905.536723,-288.16381,7.789076,-4.470521,-170.004074,0.0,0.0,1.0,0.0,0.0,0.0,2.0,42543.072489,11155.925013,-1711.017519,99.96491,3.0,125308.742746,205041.561621,-91384.12107,64.240684,0,0,0,0,0,40000.0,40000.0,40000.0,40000.0,30455.720703,40000.0,40000.0,40000.0,40000.0,33172.046875,40000.0,40000.0,40000.0,40000.0,40000.0,40000.0,40000.0,40000.0,40000.0,40000.0,40000.0,40000.0,40000.0,40000.0,5000.0,101507.330003,97264.443841,14954.756961,0,true,true,1.0,-0.01,0
2,1029,51.45,42525.443108,41152.050069,10564.6443,57202.788386,10994.81686,-3981.03871,-893.41534,-291.392255,7.789521,-4.471619,-170.009781,0.0,0.0,1.0,0.0,0.0,0.0,2.0,40499.794552,10860.932827,-1687.955897,99.956957,3.0,124330.281706,205009.345994,-91392.996969,64.547891,0,0,0,0,0,40000.0,40000.0,40000.0,40000.0,29797.123047,40000.0,40000.0,40000.0,40000.0,33348.394531,40000.0,40000.0,40000.0,40000.0,40000.0,40000.0,40000.0,40000.0,40000.0,40000.0,40000.0,40000.0,40000.0,40000.0,5000.0,101257.085157,97263.106693,14954.81429,0,true,true,1.0,-0.01,0
2,1030,51.5,42701.81955,-21353.869619,10603.974927,-5306.763313,11007.745004,-3987.746021,-886.443603,-292.443521,7.78976,-4.47221,-170.012848,0.0,0.0,1.0,0.0,0.0,0.0,2.0,38962.618988,10637.660766,-1669.748187,99.949381,3.0,123597.376238,204984.11574,-91399.948311,64.787305,0,0,0,0,0,40000.0,40000.0,40000.0,40000.0,29303.056641,40000.0,40000.0,40000.0,40000.0,33481.351562,40000.0,40000.0,40000.0,40000.0,40000.0,40000.0,40000.0,40000.0,40000.0,40000.0,40000.0,40000.0,40000.0,40000.0,5000.0,101070.826065,97260.416947,14954.302534,0,true,true,1.0,-0.01,0
2,1031,51.55,42936.385875,40917.483744,10655.720719,57151.042594,11025.050568,-3989.760072,-876.185298,-294.841546,7.789992,-4.472783,-170.015823,0.0,0.0,1.0,0.0,0.0,0.0,2.0,36920.149758,10339.323429,-1644.270959,99.937949,3.0,122626.271745,204950.283571,-91409.234306,65.094473,0,0,0,0,0,40000.0,40000.0,40000.0,40000.0,29155.521484,40000.0,40000.0,40000.0,40000.0,33658.394531,40000.0,40000.0,40000.0,40000.0,40000.0,40000.0,40000.0,40000.0,40000.0,40000.0,40000.0,40000.0,40000.0,40000.0,5000.0,100825.112847,97255.462256,14953.168324,0,true,true,1.0,-0.01,0
2,1032,51.6,43116.653373,-21534.137117,10695.072419,-5346.115013,11038.452703,-3991.912444,-868.845541,-296.479668,7.790117,-4.473092,-170.017426,0.0,0.0,1.0,0.0,0.0,0.0,2.0,35351.520931,10108.760064,-1623.545637,99.927403,3.0,121882.218881,204924.382478,-91416.217566,65.329541,0,0,0,0,0,40000.0,40000.0,40000.0,40000.0,29117.751953,40000.0,40000.0,40000.0,40000.0,33794.632812,40000.0,40000.0,40000.0,40000.0,40000.0,40000.0,40000.0,40000.0,40000.0,40000.0,40000.0,40000.0,40000.0,40000.0,5000.0,100637.517552,97250.873919,14952.061994,0,true,true,1.0,-0.01,0
2,1033,51.65,43291.407179,40742.729938,10732.895671,57113.219342,11051.490681,-3992.778928,-861.800383,-298.182277,7.790212,-4.473325,-170.018631,0.0,0.0,1.0,0.0,0.0,0.0,2.0,33832.391559,9884.312033,-1602.603809,99.915605,3.0,121162.126259,204899.786039,-91422.862389,65.554414,0,0,0,0,0,40000.0,40000.0,40000.0,40000.0,29081.416016,40000.0,40000.0,40000.0,40000.0,33926.855469,40000.0,40000.0,40000.0,40000.0,40000.0,40000.0,40000.0,40000.0,40000.0,40000.0,40000.0,40000.0,40000.0,40000.0,5000.0,100456.295808,97246.154286,14950.88524,0,true,true,1.0,-0.01,0
2,1034,51.7,43525.11607,-21767.846008,10783.000788,-5396.22013,11069.027918,-3994.436594,-852.971377,-300.253586,7.790304,-4.473552,-170.019821,0.0,0.0,1.0,0.0,0.0,0.0,2.0,31802.46344,9582.211763,-1573.065391,99.896525,3.0,120200.709711,204867.751581,-91431.391358,65.853574,0,0,0,0,0,40000.0,40000.0,40000.0,40000.0,29033.234375,40000.0,40000.0,40000.0,40000.0,34103.894531,40000.0,40000.0,40000.0,40000.0,40000.0,40000.0,40000.0,40000.0,40000.0,40000.0,40000.0,40000.0,40000.0,40000.0,5000.0,100214.780667,97239.530264,14949.222239,0,true,true,1.0,-0.01,0
2,1035,51.75,43699.396929,40568.449079,10820.026606,57076.193523,11082.171769,-3995.463832,-846.688124,-301.744096,7.790353,-4.473675,-170.020447,0.0,0.0,1.0,0.0,0.0,0.0,2.0,30290.100965,9355.297637,-1549.875125,99.879321,3.0,119484.672507,204844.644225,-91437.461817,66.074785,0,0,0,0,0,40000.0,40000.0,40000.0,40000.0,29163.162109,40000.0,40000.0,40000.0,40000.0,34279.058594,40000.0,40000.0,40000.0,40000.0,40000.0,40000.0,40000.0,40000.0,40000.0,40000.0,40000.0,40000.0,40000.0,40000.0,5000.0,100035.140401,97234.505878,14947.959632,0,true,true,1.0,-0.01,0
2,1036,51.8,43902.72178,-21971.170859,10862.864198,-5439.057721,11097.731516,-3968.167334,-833.691627,-307.974251,7.79039,-4.473767,-170.020935,0.0,0.0,1.0,0.0,0.0,0.0,2.0,28524.254313,9087.534018,-1520.751326,99.860496,3.0,118650.265563,204818.409338,-91443.629423,66.296572,0,0,0,0,0,40000.0,40000.0,40000.0,40000.0,29456.095703,40000.0,40000.0,40000.0,40000.0,34600.0,40000.0,40000.0,40000.0,40000.0,40000.0,40000.0,40000.0,40000.0,40000.0,40000.0,40000.0,40000.0,40000.0,40000.0,5000.0,99826.066571,97228.510136,14946.608526,0,true,true,1.0,-0.01,0
2,1037,51.85,44097.988803,40373.182056,10903.671388,57035.386332,11112.688933,-4000.018154,-833.76225,-304.544726,7.790417,-4.473833,-170.021271,0.0,0.0,1.0,0.0,0.0,0.0,2.0,26830.984129,8828.314145,-1491.659624,99.825641,3.0,117849.493769,204794.258558,-91449.383304,66.578525,0,0,0,0,0,40000.0,40000.0,40000.0,40000.0,29737.873047,40000.0,40000.0,40000.0,40000.0,34908.0625,40000.0,40000.0,40000.0,40000.0,40000.0,40000.0,40000.0,40000.0,40000.0,40000.0,40000.0,40000.0,40000.0,40000.0,5000.0,99625.535824,97222.875265,14945.306574,0,true,true,1.0,-0.01,0
2,1038,51.9,44283.417684,-22156.59974,10942.13612,-5477.522453,11126.908118,-3999.174759,-827.609279,-306.205259,7.790417,-4.473833,-170.021271,0.0,0.0,1.0,0.0,0.0,0.0,2.0,25225.375834,8579.763974,-1462.973271,99.792628,3.0,117090.208143,204771.785413,-91454.837472,66.806797,0,0,0,0,0,40000.0,40000.0,40000.0,40000.0,30005.5,40000.0,40000.0,40000.0,40000.0,35200.222656,40000.0,40000.0,40000.0,40000.0,40000.0,40000.0,40000.0,40000.0,40000.0,40000.0,40000.0,40000.0,40000.0,40000.0,5000.0,99435.714418,97217.256979,14943.943032,0,true,true,1.0,-0.01,0
2,1039,51.95,44520.404551,40136.195189,10990.909406,56986.613047,11145.121617,-4002.958112,-821.156768,-307.439069,7.790417,-4.473833,-170.021271,0.0,0.0,1.0,0.0,0.0,0.0,2.0,23176.29755,8258.173591,-1424.541897,99.737252,3.0,116120.059603,204744.547229,-91461.420248,67.102168,0,0,0,0,0,40000.0,40000.0,40000.0,40000.0,30118.3125,40000.0,40000.0,40000.0,40000.0,35573.453125,40000.0,40000.0,40000.0,40000.0,40000.0,40000.0,40000.0,40000.0,40000.0,40000.0,40000.0,40000.0,40000.0,40000.0,5000.0,99193.177283,97210.447433,14942.297338,0,true,true,1.0,-0.01,0
2,1040,52.0,44698.144541,-22334.33973,11027.217383,-5513.83043,11158.837167,-4003.280525,-816.077413,-308.69918,7.790417,-4.473833,-170.021271,0.0,0.0,1.0,0.0,0.0,0.0,2.0,21641.26387,8013.411831,-1394.207831,99.684866,3.0,115392.619483,204725.148122,-91465.978502,67.319082,0,0,0,0,0,40000.0,40000.0,40000.0,40000.0,30083.429688,40000.0,40000.0,40000.0,40000.0,35853.28125,40000.0,40000.0,40000.0,40000.0,40000.0,40000.0,40000.0,40000.0,40000.0,40000.0,40000.0,40000.0,40000.0,40000.0,5000.0,99011.317253,97205.597657,14941.157774,0,true,true,1.0,-0.01,0
2,1041,52.05,44934.928318,39899.411411,11075.24407,56938.58636,11177.178103,-4002.834878,-809.48671,-310.427996,7.790417,-4.473833,-170.021271,0.0,0.0,1.0,0.0,0.0,0.0,2.0,19598.902512,7681.793003,-1351.673335,99.593914,3.0,114423.744725,204700.601729,-91471.576348,67.604922,0,0,0,0,0,40000.0,39903.464844,40000.0,40000.0,30037.349609,40000.0,40000.0,40000.0,40000.0,40000.0,40000.0,40000.0,40000.0,40000.0,40000.0,40000.0,40000.0,40000.0,40000.0,40000.0,40000.0,40000.0,40000.0,40000.0,5000.0,98769.098563,97199.461058,14939.758313,0,true,true,1.0,-0.01,0
2,1042,52.1,45121.124673,-22520.536085,11112.746984,-5551.333345,11191.688653,-4004.708381,-805.016186,-311.36423,7.790417,-4.473833,-170.021271,0.0,0.0,1.0,0.0,0.0,0.0,2.0,17994.509419,7415.646397,-1316.236772,99.496394,3.0,113662.01858,204682.277152,-91475.475761,67.830684,0,0,0,0,0,40000.0,39599.117188,40000.0,40000.0,30001.378906,40000.0,40000.0,40000.0,40000.0,40000.0,40000.0,40000.0,40000.0,40000.0,40000.0,40000.0,40000.0,40000.0,40000.0,40000.0,40000.0,40000.0,40000.0,40000.0,5000.0,98578.667027,97194.879914,14938.783459,0,true,true,1.0,-0.01,0
2,1043,52.15,45306.583833,39713.952251,11149.884593,56901.448751,11206.182117,-4000.820301,-799.633828,-313.157714,7.790417,-4.473833,-170.021271,0.0,0.0,1.0,0.0,0.0,0.0,2.0,16398.767307,7145.387066,-1279.262207,99.373395,3.0,112903.445521,204664.848006,-91479.072856,68.047383,0,0,0,0,0,40000.0,39295.542969,40000.0,40000.0,29965.783203,40000.0,40000.0,40000.0,40000.0,40000.0,35963.359375,40000.0,40000.0,40000.0,40000.0,40000.0,40000.0,40000.0,40000.0,40000.0,40000.0,40000.0,40000.0,40000.0,5000.0,98389.023762,97190.522627,14937.884186,0,true,true,1.0,-0.01,0
2,1044,52.2,45481.628606,-22695.580857,11184.748873,-5586.197624,11219.863446,-4007.869685,-796.89399,-313.091381,7.790417,-4.473833,-170.021271,0.0,0.0,1.0,0.0,0.0,0.0,2.0,14895.585888,6885.170069,-1242.892288,99.206719,3.0,112187.599124,204649.128596,-91482.350692,68.263018,0,0,0,0,0,40000.0,39008.644531,40000.0,40000.0,29932.390625,40000.0,40000.0,40000.0,40000.0,40000.0,35981.101562,40000.0,40000.0,40000.0,40000.0,40000.0,40000.0,40000.0,40000.0,40000.0,40000.0,40000.0,40000.0,40000.0,5000.0,98210.062163,97186.592775,14937.064727,0,true,true,1.0,-0.01,0
2,1045,52.25,45713.674206,39481.906651,11230.696662,56855.500962,11238.049859,-4007.687312,-791.636815,-314.451688,7.790417,-4.473833,-170.021271,0.0,0.0,1.0,0.0,0.0,0.0,2.0,12906.896757,6530.817545,-1191.978201,98.903837,3.0,111238.818257,204629.313472,-91486.340159,68.53582,0,0,0,0,0,40000.0,38627.757812,40000.0,40000.0,29888.402344,40000.0,40000.0,40000.0,40000.0,40000.0,36005.066406,40000.0,40000.0,40000.0,40000.0,40000.0,40000.0,40000.0,40000.0,40000.0,40000.0,40000.0,40000.0,40000.0,5000.0,97972.866946,97181.638994,14936.06736,0,true,true,1.0,-0.01,0
2,1046,52.3,45889.012528,-22870.919179,11265.221297,-5620.722259,11251.836899,-4009.417336,-788.230959,-315.131957,7.790417,-4.473833,-170.021271,0.0,0.0,1.0,0.0,0.0,0.0,2.0,11407.505632,6254.714574,-1151.203755,98.562983,3.0,110522.02067,204615.073926,-91489.062561,68.742637,0,0,0,0,0,40000.0,38339.582031,40000.0,40000.0,29855.382812,40000.0,40000.0,40000.0,40000.0,40000.0,36023.523438,40000.0,40000.0,40000.0,40000.0,40000.0,40000.0,40000.0,40000.0,40000.0,40000.0,40000.0,40000.0,40000.0,5000.0,97793.667549,97178.079107,14935.386759,0,true,true,1.0,-0.01,0
2,1047,52.35,46128.799503,39242.119675,11312.178996,56808.543262,11270.766097,-4004.45145,-782.396365,-317.157908,7.790417,-4.473833,-170.021271,0.0,0.0,1.0,0.0,0.0,0.0,2.0,9362.294266,5863.066232,-1091.724241,97.858315,3.0,109541.906038,204596.561596,-91492.340268,69.015137,0,0,0,0,0,40000.0,37944.9375,40000.0,40000.0,29810.523438,40000.0,40000.0,40000.0,40000.0,40000.0,36048.480469,40000.0,40000.0,40000.0,40000.0,40000.0,40000.0,40000.0,40000.0,40000.0,40000.0,40000.0,40000.0,40000.0,5000.0,97548.638891,97173.451025,14934.567333,0,true,true,1.0,-0.01,0
2,1048,52.4,46303.733425,-23045.8531,11346.259464,-5654.802726,11284.594966,-4011.253263,-780.359731,-316.939261,7.790417,-4.473833,-170.021271,0.0,0.0,1.0,0.0,0.0,0.0,2.0,7875.555995,5565.509683,-1045.447624,96.970978,3.0,108826.990603,204583.735265,-91494.551297,69.224199,0,0,0,0,0,40000.0,37704.738281,40000.0,40000.0,29749.421875,40000.0,40000.0,40000.0,40000.0,40000.0,36185.460938,40000.0,40000.0,40000.0,40000.0,40000.0,40000.0,40000.0,40000.0,40000.0,40000.0,40000.0,40000.0,40000.0,5000.0,97369.910033,97170.244442,14934.014575,0,true,true,1.0,-0.01,0
2,1049,52.45,46535.41612,39010.43698,11391.17768,56763.625046,11302.948064,-4011.55468,-776.185597,-317.970806,7.790417,-4.473833,-170.021271,0.0,0.0,1.0,0.0,0.0,0.0,2.0,5914.962155,5152.174353,-979.603197,94.972027,3.0,107880.294484,204567.576718,-91497.200858,69.489336,0,0,0,0,0,40000.0,37508.253906,40000.0,40000.0,29538.333984,40000.0,40000.0,40000.0,40000.0,40000.0,36365.804688,40000.0,40000.0,40000.0,40000.0,40000.0,40000.0,40000.0,40000.0,40000.0,40000.0,40000.0,40000.0,40000.0,5000.0,97133.236003,97166.204805,14933.352185,0,true,true,1.0,-0.01,0
2,1050,52.5,46714.33851,-23224.77549,11425.704071,-5689.329117,11317.174473,-4012.55889,-773.274395,-318.603874,7.790417,-4.473833,-170.021271,0.0,0.0,1.0,0.0,0.0,0.0,2.0,4408.889145,4814.117741,-924.354112,92.069303,3.0,107149.282218,204555.703416,-91498.942808,69.693496,0,0,0,0,0,40000.0,37347.613281,40000.0,40000.0,29375.453125,40000.0,40000.0,40000.0,40000.0,40000.0,36505.144531,40000.0,40000.0,40000.0,40000.0,40000.0,40000.0,40000.0,40000.0,40000.0,40000.0,40000.0,40000.0,40000.0,5000.0,96950.482936,97163.23648,14932.916698,0,true,true,1.0,-0.01,0
2,1051,52.55,46890.542461,38834.233028,11459.574932,56729.754185,11331.201551,-4013.238192,-770.482341,-319.241901,7.790417,-4.473833,-170.021271,0.0,0.0,1.0,0.0,0.0,0.0,2.0,2935.417938,4461.252862,-865.528076,86.757183,3.0,106429.461755,204544.511601,-91500.514899,69.89293,0,0,0,0,0,40000.0,37189.515625,40000.0,40000.0,29215.152344,40000.0,40000.0,40000.0,40000.0,40000.0,36642.460938,40000.0,40000.0,40000.0,40000.0,40000.0,40000.0,40000.0,40000.0,40000.0,40000.0,40000.0,40000.0,40000.0,5000.0,96770.527821,97160.438526,14932.523675,0,true,true,1.0,-0.01,0
2,1052,52.6,47125.128672,-23459.361701,11504.476007,-5734.230192,11349.914322,-4012.965072,-766.73615,-320.226785,7.790417,-4.473833,-170.021271,0.0,0.0,1.0,0.0,0.0,0.0,2.0,994.585959,3951.144601,-778.439229,71.159534,3.0,105471.261744,204530.340295,-91502.344526,70.155225,0,0,0,0,0,40000.0,36979.210938,40000.0,40000.0,29001.912109,40000.0,40000.0,40000.0,40000.0,40000.0,36825.367188,40000.0,40000.0,40000.0,40000.0,40000.0,40000.0,40000.0,40000.0,40000.0,40000.0,40000.0,40000.0,40000.0,5000.0,96530.977818,97156.8957,14932.066268,0,true,true,1.0,-0.01,0
2,1053,52.65,47299.460928,38659.900773,11537.708895,56696.521297,11363.842791,-4013.54488,-764.240869,-320.799969,7.790417,-4.473833,-170.021271,0.0,0.0,1.0,0.0,0.0,0.0,3.0,104759.263956,204520.323879,-91503.537372,70.34957,2.0,-425.269061,3533.099909,-705.420537,47.632332,0,0,0,0,0,40000.0,36823.003906,40000.0,40000.0,28843.533203,40000.0,40000.0,40000.0,40000.0,40000.0,36961.675781,40000.0,40000.0,40000.0,40000.0,40000.0,40000.0,40000.0,40000.0,40000.0,40000.0,40000.0,40000.0,40000.0,5000.0,96352.978371,97154.391596,14931.768057,0,true,true,1.0,-0.01,0
2,1054,52.7,47535.747324,-23695.648096,11582.576878,-5779.098175,11382.77446,-4015.983887,-761.348264,-321.272195,7.790417,-4.473833,-170.021271,0.0,0.0,1.0,0.0,0.0,0.0,3.0,103794.341064,204507.401559,-91504.840583,70.612842,2.0,-2305.28898,2899.455575,-592.259122,2.75519,0,0,0,0,0,40000.0,36611.453125,40000.0,40000.0,28629.691406,40000.0,40000.0,40000.0,40000.0,40000.0,37145.730469,40000.0,40000.0,40000.0,40000.0,40000.0,40000.0,40000.0,40000.0,40000.0,40000.0,40000.0,40000.0,40000.0,5000.0,96111.747648,97151.161016,14931.442254,0,true,true,1.0,-0.01,0
2,1055,52.75,47708.283482,38487.364614,11615.21924,56663.878935,11396.603891,-4016.048974,-759.034677,-321.855076,7.790417,-4.473833,-170.021271,0.0,0.0,1.0,0.0,0.0,0.0,3.0,103089.836389,204498.430999,-91505.699667,70.801797,2.0,-3631.271465,2390.674674,-499.912286,0.0,0,0,0,0,0,40000.0,36457.042969,40000.0,40000.0,28472.482422,40000.0,40000.0,40000.0,40000.0,40000.0,37280.460938,40000.0,40000.0,40000.0,40000.0,40000.0,40000.0,40000.0,40000.0,40000.0,40000.0,40000.0,40000.0,40000.0,5000.0,95935.621479,97148.918376,14931.227483,0,true,true,1.0,-0.01,0
2,1056,52.8,47926.57965,-23913.944264,11656.372759,-5820.251694,11414.410602,-3970.232012,-747.584095,-329.634673,7.790745,-4.477008,-170.025467,0.0,0.0,1.0,0.0,-0.069993,-0.069993,3.0,102191.16478,204494.106832,-91498.855215,70.991318,2.0,-5230.678204,1705.909107,-373.3609,0.0,0,0,0,0,0,40000.0,36262.949219,40000.0,40000.0,28273.730469,40000.0,40000.0,40000.0,40000.0,40000.0,37450.648438,40000.0,40000.0,40000.0,40000.0,40000.0,40000.0,40000.0,40000.0,40000.0,40000.0,40000.0,40000.0,40000.0,5000.0,95705.520102,97152.384538,14937.485624,0,true,true,1.0,-0.01,0
2,1057,52.85,48101.690644,38312.25362,11689.273635,56630.978058,11428.819859,-3990.808594,-749.272834,-327.078621,7.793904,-4.524839,-170.065826,0.0,0.0,1.0,0.0,-0.279972,-0.139986,3.0,101441.384693,204544.74124,-91404.617102,71.202412,2.0,-6443.75989,1136.225769,-273.110097,0.0,0,0,0,0,0,40000.0,36118.378906,40000.0,40000.0,28176.666016,40000.0,40000.0,40000.0,40000.0,40000.0,37585.082031,40000.0,40000.0,40000.0,40000.0,40000.0,40000.0,40000.0,40000.0,40000.0,40000.0,40000.0,40000.0,40000.0,5000.0,95456.342489,97205.904439,15025.717084,0,true,true,1.0,-0.01,0
2,1058,52.9,48286.699262,-24098.952882,11723.935747,-5854.913805,11443.774049,-4009.340414,-750.352868,-325.039386,7.80127,-4.6334,-170.158447,0.0,0.0,1.0,0.0,-0.139986,-0.069993,3.0,100603.456373,204670.651,-91194.753137,71.420254,2.0,-7657.429481,528.649767,-178.759223,0.0,0,0,0,0,0,40000.0,35980.375,40000.0,40000.0,28165.783203,40000.0,40000.0,40000.0,40000.0,40000.0,37724.238281,40000.0,40000.0,40000.0,40000.0,40000.0,40000.0,40000.0,40000.0,40000.0,40000.0,40000.0,40000.0,40000.0,5000.0,95105.553117,97331.193402,15224.923135,0,true,true,1.0,-0.01,0
2,1059,52.95,48535.147582,38063.8053,11770.297412,56584.616393,11463.942935,-4016.689698,-748.170968,-325.548516,7.813547,-4.821541,-170.308121,0.0,0.0,1.0,0.0,-0.209979,-0.069993,3.0,99480.89934,204870.305284,-90838.926755,71.692217,2.0,-9174.341328,-288.533258,-66.628055,0.0,0,0,0,0,0,40000.0,35803.515625,40000.0,40000.0,28158.283203,40000.0,40000.0,40000.0,40000.0,40000.0,37910.84375,40000.0,40000.0,40000.0,40000.0,40000.0,40000.0,40000.0,40000.0,40000.0,40000.0,40000.0,40000.0,40000.0,5000.0,94588.685464,97530.109463,15565.725533,0,true,true,1.0,-0.01,0
2,1060,53.0,48716.066917,-24279.872217,11803.9104,-5888.526794,11478.67812,-4017.397074,-745.408311,-327.151219,7.824345,-5.000102,-170.434937,0.0,0.0,1.0,0.0,-0.209979,-0.069993,3.0,98688.864756,205033.853065,-90509.290417,71.883799,2.0,-10198.99595,-877.96275,-0.250344,0.0,0,0,0,0,0,40000.0,35681.464844,40000.0,40000.0,40000.0,40000.0,40000.0,40000.0,40000.0,40000.0,38047.457031,40000.0,40000.0,40000.0,40000.0,40000.0,40000.0,40000.0,40000.0,40000.0,40000.0,40000.0,40000.0,40000.0,5000.0,94178.964311,97693.608839,15883.900763,0,true,true,1.0,-0.01,0
2,1061,53.05,48894.963044,37884.909173,11837.011069,56551.515725,11493.327033,-4016.993117,-742.181657,-329.433181,7.836568,-5.217591,-170.573059,0.0,0.0,1.0,0.0,-0.209979,0.0,3.0,97946.206472,205205.230616,-90115.757725,72.070791,2.0,-11147.238173,-1452.353559,49.524954,0.0,0,0,0,0,0,40000.0,35566.449219,40000.0,40000.0,40000.0,40000.0,40000.0,40000.0,40000.0,40000.0,38000.121094,40000.0,40000.0,40000.0,40000.0,40000.0,40000.0,40000.0,40000.0,40000.0,40000.0,40000.0,40000.0,40000.0,5000.0,93748.729949,97865.679747,16265.841254,0,true,true,1.0,-0.01,0
2,1062,53.1,49140.084192,-24524.993365,11882.118441,-5933.634166,11513.611294,-4013.862528,-736.780508,-333.992087,7.855182,-5.571056,-170.772491,0.0,0.0,1.0,0.0,-0.139986,-0.069993,3.0,97005.604224,205440.356826,-89489.832334,72.322373,2.0,-12343.896882,-2219.879151,91.84983,0.0,0,0,0,0,0,40000.0,35415.507812,40000.0,40000.0,40000.0,40000.0,40000.0,40000.0,40000.0,40000.0,37865.488281,40000.0,40000.0,40000.0,40000.0,40000.0,40000.0,40000.0,40000.0,40000.0,40000.0,40000.0,40000.0,40000.0,5000.0,93135.776404,98103.497402,16877.022514,0,true,true,1.0,-0.01,0
2,1063,53.15,49328.475901,37696.517464,11916.572482,56517.061684,11529.412,-4016.069827,-733.090596,-337.679021,7.87045,-5.875595,-170.926666,0.0,0.0,1.0,0.0,-0.069993,0.0,3.0,96343.995694,205612.092503,-88961.374585,72.518799,2.0,-13185.170979,-2790.146908,105.304568,0.0,0,0,0,0,0,40000.0,35302.710938,40000.0,40000.0,40000.0,32041.544922,40000.0,40000.0,40000.0,40000.0,37766.003906,40000.0,40000.0,40000.0,40000.0,40000.0,40000.0,40000.0,40000.0,40000.0,40000.0,40000.0,40000.0,40000.0,5000.0,92658.12571,98278.829825,17396.095122,0,true,true,1.0,-0.01,0
2,1064,53.2,49505.008769,-24701.526233,11948.676417,-5965.738101,11544.364085,-4020.144288,-729.694586,-341.607638,7.886292,-6.196546,-171.078354,0.0,0.0,1.0,0.0,-0.139986,0.0,3.0,95769.798344,205774.606661,-88412.171757,72.703545,2.0,-13913.781407,-3307.757531,99.639127,0.0,0,0,0,0,0,40000.0,35202.082031,40000.0,40000.0,40000.0,31810.330078,40000.0,40000.0,40000.0,40000.0,35606.101562,40000.0,40000.0,40000.0,40000.0,40000.0,40000.0,40000.0,40000.0,40000.0,40000.0,40000.0,40000.0,40000.0,5000.0,92192.780465,98445.405889,17937.593154,0,true,true,1.0,-0.01,0
2,1065,53.25,49743.072837,37458.453396,11991.666808,56474.071293,11564.890821,-4020.944317,-723.830568,-348.814132,7.906353,-6.596903,-171.259491,0.0,0.0,1.0,0.0,-0.069993,0.0,3.0,95003.903733,205959.782163,-87740.418673,72.946094,2.0,-14807.367641,-3972.69762,87.134084,0.0,0,0,0,0,0,40000.0,35060.0625,40000.0,40000.0,40000.0,27147.128906,40000.0,40000.0,40000.0,40000.0,35508.171875,40000.0,40000.0,40000.0,40000.0,40000.0,40000.0,40000.0,40000.0,40000.0,40000.0,40000.0,40000.0,40000.0,5000.0,91603.748194,98638.226752,18605.812679,0,true,true,1.0,-0.01,0
2,1066,53.3,49917.793993,-24876.247389,12022.984961,-5997.056254,11580.238965,-4020.838571,-719.160275,-354.95911,7.919412,-6.849675,-171.371521,0.0,0.0,1.0,0.0,0.0,0.0,3.0,94426.542426,206069.270877,-87325.866513,73.122061,2.0,-15400.457315,-4434.14545,81.069563,1.788508,0,0,0,0,0,40000.0,34948.789062,40000.0,40000.0,40000.0,26291.089844,40000.0,40000.0,40000.0,40000.0,35451.84375,40000.0,40000.0,40000.0,40000.0,40000.0,40000.0,40000.0,40000.0,40000.0,40000.0,40000.0,40000.0,40000.0,5000.0,91208.572456,98754.785266,19023.458387,0,true,true,1.0,-0.01,0
2,1067,53.35,50093.255308,37282.992081,12054.228556,56442.827699,11595.934085,-4020.195667,-714.258491,-361.648508,7.929699,-7.042025,-171.456879,0.0,0.0,1.0,0.0,0.0,0.0,3.0,93812.713154,206148.171924,-87020.069756,73.297119,2.0,-15944.382813,-4872.041713,87.40753,12.705887,0,0,0,0,0,40000.0,34826.375,40000.0,40000.0,40000.0,26279.394531,40000.0,40000.0,40000.0,40000.0,35708.070312,40000.0,40000.0,40000.0,40000.0,40000.0,40000.0,40000.0,40000.0,40000.0,40000.0,40000.0,40000.0,40000.0,5000.0,90863.169033,98842.154821,19338.104196,0,true,true,1.0,-0.01,0
2,1068,53.4,50326.071116,-25109.063197,12095.360824,-6038.188522,11617.210042,-4021.350959,-708.068671,-370.590252,7.939977,-7.228778,-171.53981,0.0,0.0,1.0,0.0,0.0,0.0,3.0,92961.26078,206218.713462,-86736.286452,73.5296,2.0,-16587.964351,-5413.832665,110.722856,26.799388,0,0,0,0,0,40000.0,34651.703125,40000.0,40000.0,40000.0,26258.535156,40000.0,40000.0,40000.0,40000.0,36054.011719,40000.0,40000.0,40000.0,40000.0,40000.0,40000.0,40000.0,40000.0,40000.0,40000.0,40000.0,40000.0,40000.0,5000.0,90463.061985,98925.28088,19639.691955,0,true,true,1.0,-0.01,0
2,1069,53.45,50498.541463,37110.521733,12125.594341,56412.594182,11633.305347,-4021.519579,-703.398627,-377.418938,7.945713,-7.3308,-171.585144,0.0,0.0,1.0,0.0,0.0,0.0,3.0,92311.233502,206253.136095,-86590.068067,73.699834,2.0,-17008.431822,-5786.459026,136.356226,36.440875,0,0,0,0,0,40000.0,34471.640625,40000.0,40000.0,40000.0,26239.509766,40000.0,40000.0,40000.0,40000.0,36300.722656,40000.0,40000.0,40000.0,40000.0,40000.0,40000.0,40000.0,40000.0,40000.0,40000.0,40000.0,40000.0,40000.0,5000.0,90197.89884,98969.586073,19801.983416,0,true,true,1.0,-0.01,0
2,1070,53.5,50730.251525,-25340.773259,12165.898563,-6078.492745,11655.39634,-4021.947955,-697.279832,-386.532817,7.951378,-7.430101,-171.629303,0.0,0.0,1.0,0.0,0.0,0.0,3.0,91418.20456,206281.250236,-86458.903411,73.927012,2.0,-17499.050972,-6248.407662,180.230376,47.877205,0,0,0,0,0,40000.0,34200.292969,40000.0,40000.0,40000.0,26483.056641,40000.0,40000.0,40000.0,40000.0,36621.878906,40000.0,40000.0,40000.0,40000.0,40000.0,40000.0,40000.0,40000.0,40000.0,40000.0,40000.0,40000.0,40000.0,5000.0,89874.473404,99011.309761,19956.982173,0,true,true,1.0,-0.01,0
2,1071,53.55,50906.536021,36934.237237,12196.326256,56382.166489,11672.56356,-4020.803175,-692.496695,-393.564133,7.954493,-7.484107,-171.65332,0.0,0.0,1.0,0.0,0.0,0.0,3.0,90727.624853,206292.550284,-86395.648024,74.097129,2.0,-17816.027527,-6570.194902,219.158968,55.287102,0,0,0,0,0,40000.0,33995.628906,40000.0,40000.0,40000.0,26678.8125,40000.0,40000.0,40000.0,40000.0,36860.277344,40000.0,40000.0,40000.0,40000.0,40000.0,40000.0,40000.0,40000.0,40000.0,40000.0,40000.0,40000.0,40000.0,5000.0,89647.248243,99032.982185,20039.186175,0,true,true,1.0,-0.01,0
2,1072,53.6,51138.358164,-25572.595402,12236.041444,-6118.207932,11695.576277,-4021.895057,-686.855622,-402.219536,7.957544,-7.53661,-171.676682,0.0,0.0,1.0,0.0,0.0,0.0,3.0,89809.935196,206299.074051,-86343.200697,74.321514,2.0,-18160.490312,-6954.507938,274.801247,63.411957,0,0,0,0,0,40000.0,33728.0,40000.0,40000.0,40000.0,26930.722656,40000.0,40000.0,40000.0,40000.0,37168.554688,40000.0,40000.0,40000.0,40000.0,40000.0,40000.0,40000.0,40000.0,40000.0,40000.0,40000.0,40000.0,40000.0,5000.0,89364.696483,99052.920765,20116.789151,0,true,true,1.0,-0.01,0
2,1073,53.65,51311.171723,36761.423678,12265.434006,56352.773926,11713.05032,-4021.599989,-682.61993,-408.622674,7.959222,-7.56531,-171.689453,0.0,0.0,1.0,0.0,0.0,0.0,3.0,89120.466176,206299.420574,-86320.953065,74.486416,2.0,-18364.445527,-7212.235889,318.647988,68.379907,0,0,0,0,0,40000.0,33529.351562,40000.0,40000.0,40000.0,27115.451172,40000.0,40000.0,40000.0,40000.0,37395.375,40000.0,40000.0,40000.0,40000.0,40000.0,40000.0,40000.0,40000.0,40000.0,40000.0,40000.0,40000.0,40000.0,5000.0,89163.257586,99063.008953,20157.583864,0,true,true,1.0,-0.01,0
2,1074,53.7,51542.917498,-25804.341176,12304.574746,-6157.348672,11736.907764,-4023.461661,-677.543977,-416.604788,7.960859,-7.593207,-171.701874,0.0,0.0,1.0,0.0,0.0,0.0,3.0,88190.425078,206295.537292,-86307.567498,74.7079,2.0,-18567.904218,-7519.175531,379.56106,73.833814,0,0,0,0,0,40000.0,33263.722656,40000.0,40000.0,40000.0,27320.771484,40000.0,40000.0,40000.0,40000.0,37964.09375,40000.0,40000.0,40000.0,40000.0,40000.0,40000.0,40000.0,40000.0,40000.0,40000.0,40000.0,40000.0,40000.0,5000.0,88902.468196,99071.756114,20195.164768,0,true,true,1.0,-0.01,0
2,1075,53.75,51715.787243,36588.553933,12333.574837,56323.773834,11755.001287,-4023.393685,-673.680312,-422.516926,7.961756,-7.608451,-171.708664,0.0,0.0,1.0,0.0,0.0,0.0,2.0,-18668.266555,-7719.274982,425.67626,77.138189,3.0,87493.794139,206290.532613,-86305.854821,74.87043,0,0,0,0,0,40000.0,33066.03125,40000.0,40000.0,40000.0,27296.513672,40000.0,40000.0,40000.0,40000.0,38737.648438,40000.0,40000.0,40000.0,40000.0,40000.0,40000.0,40000.0,40000.0,40000.0,40000.0,40000.0,40000.0,40000.0,5000.0,88712.850123,99075.81327,20214.293384,0,true,true,1.0,-0.01,0
2,1076,53.8,52013.655738,-26102.20967,12383.147264,-6206.921099,11787.271197,-3955.163251,-656.002068,-440.85109,7.962611,-7.62295,-171.715118,0.0,0.0,1.0,0.0,0.0,0.0,2.0,-18725.54505,-8004.163885,509.041263,81.369725,3.0,86287.111806,206277.310775,-86317.916973,75.08748,0,0,0,0,0,40000.0,32726.166016,40000.0,40000.0,40000.0,27254.03125,40000.0,40000.0,40000.0,40000.0,39792.414062,40000.0,40000.0,40000.0,40000.0,40000.0,40000.0,40000.0,40000.0,40000.0,40000.0,40000.0,40000.0,40000.0,5000.0,88396.46969,99077.555475,20229.06021,0,true,true,1.0,-0.01,0
2,1077,53.85,52106.78114,36495.428531,12398.548942,56308.372157,11797.559015,-3984.332406,-658.954506,-440.160132,7.962758,-7.625423,-171.716217,0.0,0.0,1.0,0.0,0.0,0.0,2.0,-18715.581067,-8077.63324,535.27638,82.673861,3.0,85908.758183,206272.486167,-86324.226408,75.199902,0,0,0,0,0,40000.0,32620.052734,40000.0,40000.0,40000.0,27240.636719,40000.0,40000.0,40000.0,40000.0,39910.699219,40000.0,40000.0,40000.0,40000.0,40000.0,40000.0,40000.0,40000.0,40000.0,40000.0,40000.0,40000.0,40000.0,5000.0,88299.371927,99077.210113,20230.515348,0,true,true,1.0,-0.01,0
2,1078,53.9,52329.142284,-26324.570815,12435.161334,-6243.533491,11822.152614,-4022.820845,-660.971833,-441.990098,7.963098,-7.631186,-171.718781,0.0,0.0,1.0,0.0,0.0,0.0,2.0,-18648.083117,-8224.365666,595.062974,85.234766,3.0,85005.34997,206261.486205,-86339.436123,75.438896,0,0,0,0,0,40000.0,32366.708984,40000.0,40000.0,40000.0,27208.867188,40000.0,40000.0,40000.0,40000.0,40000.0,40000.0,40000.0,40000.0,40000.0,40000.0,40000.0,40000.0,40000.0,40000.0,40000.0,40000.0,40000.0,40000.0,5000.0,88067.670607,99076.466279,20233.780484,0,true,true,1.0,-0.01,0
2,1079,53.95,52524.989277,36299.581538,12467.221476,56276.312015,11843.967408,-4020.499292,-656.966925,-447.86905,7.963347,-7.635408,-171.720657,0.0,0.0,1.0,0.0,0.0,0.0,2.0,-18538.779507,-8319.572913,644.834158,86.95856,3.0,84209.255996,206252.023034,-86353.591921,75.615234,0,0,0,0,0,40000.0,32143.580078,40000.0,40000.0,40000.0,27180.970703,40000.0,40000.0,40000.0,40000.0,40000.0,40000.0,40000.0,40000.0,40000.0,40000.0,40000.0,40000.0,40000.0,40000.0,40000.0,40000.0,40000.0,40000.0,5000.0,87864.362427,99075.569739,20235.417638,0,true,true,1.0,-0.01,0
2,1080,54.0,52753.447914,-26553.029452,12504.409407,-6280.721422,11869.620728,-4022.972765,-653.366083,-453.736456,7.96359,-7.6395,-171.722488,0.0,0.0,1.0,0.0,0.0,0.0,2.0,-18401.037068,-8387.617896,695.869892,88.75964,3.0,83280.189202,206241.289333,-86370.592999,75.823516,0,0,0,0,0,40000.0,31883.367188,40000.0,40000.0,40000.0,27148.560547,40000.0,40000.0,40000.0,40000.0,40000.0,40000.0,40000.0,40000.0,40000.0,40000.0,40000.0,40000.0,40000.0,40000.0,40000.0,40000.0,40000.0,40000.0,5000.0,87627.942227,99074.310347,20236.184182,0,true,true,1.0,-0.01,0
2,1081,54.05,52929.53442,36123.495032,12532.921131,56247.800291,11889.643969,-4023.052649,-650.438501,-458.265338,7.963722,-7.641733,-171.72348,0.0,0.0,1.0,0.0,0.0,0.0,2.0,-18293.141668,-8409.158698,730.24396,90.024532,3.0,82563.587709,206233.046686,-86384.108101,75.981084,0,0,0,0,0,40000.0,31682.824219,40000.0,40000.0,40000.0,27123.625,40000.0,40000.0,40000.0,40000.0,40000.0,40000.0,40000.0,40000.0,40000.0,40000.0,40000.0,40000.0,40000.0,40000.0,40000.0,40000.0,40000.0,40000.0,5000.0,87446.52479,99073.026853,20235.543345,0,true,true,1.0,-0.01,0
2,1082,54.1,53114.162836,-26737.657868,12562.68055,-6310.480842,11910.880177,-4016.907618,-646.496381,-463.571864,7.963821,-7.643412,-171.724228,0.0,0.0,1.0,0.0,0.0,0.0,2.0,-18179.114889,-8404.487624,761.814777,91.224345,3.0,81811.835459,206224.500464,-86398.303694,76.139668,0,0,0,0,0,40000.0,31472.582031,40000.0,40000.0,40000.0,27097.585938,40000.0,40000.0,40000.0,40000.0,40000.0,40000.0,40000.0,40000.0,40000.0,40000.0,40000.0,40000.0,40000.0,40000.0,40000.0,40000.0,40000.0,40000.0,5000.0,87256.882399,99071.47451,20234.052611,0,true,true,1.0,-0.01,0
2,1083,54.15,53359.115479,35878.542389,12601.961504,56208.519337,11939.362717,-4020.38485,-643.342885,-468.885963,7.963916,-7.645011,-171.72493,0.0,0.0,1.0,0.0,0.0,0.0,2.0,-18028.854282,-8358.440321,796.592037,92.696324,3.0,80814.092698,206213.497463,-86416.805643,76.358096,0,0,0,0,0,40000.0,31193.699219,40000.0,40000.0,40000.0,27001.306641,40000.0,40000.0,40000.0,40000.0,40000.0,40000.0,40000.0,40000.0,40000.0,40000.0,40000.0,40000.0,40000.0,40000.0,40000.0,40000.0,40000.0,40000.0,5000.0,87005.822751,99069.280386,20231.388107,0,true,true,1.0,-0.01,0
2,1084,54.2,53542.32263,-26920.865019,12631.197853,-6339.71719,11960.883717,-4019.599982,-640.5845,-473.048402,7.963967,-7.645867,-171.725311,0.0,0.0,1.0,0.0,0.0,0.0,2.0,-17918.059659,-8296.460433,817.517116,93.671486,3.0,80067.644492,206205.554696,-86430.235963,76.517031,0,0,0,0,0,40000.0,30985.091797,40000.0,40000.0,40000.0,26814.433594,40000.0,40000.0,40000.0,40000.0,40000.0,40000.0,40000.0,40000.0,40000.0,40000.0,40000.0,40000.0,40000.0,40000.0,40000.0,40000.0,40000.0,40000.0,5000.0,86818.341124,99067.592735,20229.080518,0,true,true,1.0,-0.01,0
2,1085,54.25,53721.037017,35699.828002,12659.605587,56180.111603,11982.032095,-4019.002988,-638.035864,-476.911319,7.964005,-7.646515,-171.725601,0.0,0.0,1.0,0.0,0.0,0.0,2.0,-17812.098935,-8215.144282,833.869139,94.53368,3.0,79339.3867,206198.073941,-86442.954343,76.670928,0,0,0,0,0,40000.0,30781.632812,40000.0,40000.0,40000.0,26632.302734,40000.0,40000.0,40000.0,40000.0,40000.0,40000.0,40000.0,40000.0,40000.0,40000.0,40000.0,40000.0,40000.0,40000.0,40000.0,40000.0,40000.0,40000.0,5000.0,86635.619192,99065.947887,20226.694796,0,true,true,1.0,-0.01,0
2,1086,54.3,53910.292911,-27110.120913,12689.572413,-6369.684016,12004.648315,-4013.927948,-634.748046,-481.345196,7.964034,-7.647,-171.725815,0.0,0.0,1.0,0.0,0.0,0.0,2.0,-17701.447336,-8107.833304,847.245819,95.344957,3.0,78568.019074,206190.398936,-86455.793351,76.828926,0,0,0,0,0,40000.0,30566.132812,40000.0,40000.0,40000.0,26439.511719,40000.0,40000.0,40000.0,40000.0,40000.0,40000.0,40000.0,40000.0,40000.0,40000.0,40000.0,40000.0,40000.0,40000.0,40000.0,40000.0,40000.0,40000.0,5000.0,86442.284971,99064.197864,20224.079471,0,true,true,1.0,-0.01,0
2,1087,54.35,54145.988265,35464.132648,12726.736144,56142.947873,12032.995928,-4023.053977,-633.257425,-484.813457,7.964061,-7.647464,-171.726028,0.0,0.0,1.0,0.0,0.0,0.0,2.0,-17568.485193,-7947.069102,858.119421,96.269937,3.0,77607.295118,206181.290116,-86471.189085,77.036455,0,0,0,0,0,40000.0,30297.738281,40000.0,40000.0,40000.0,26199.601562,40000.0,40000.0,40000.0,40000.0,40000.0,40000.0,40000.0,40000.0,40000.0,40000.0,40000.0,40000.0,40000.0,40000.0,40000.0,40000.0,40000.0,40000.0,5000.0,86201.632473,99062.082254,20220.799833,0,true,true,1.0,-0.01,0
2,1088,54.4,54323.39726,-27287.529908,12754.599574,-6397.547446,12054.505897,-4023.358269,-631.207848,-488.020903,7.964061,-7.647464,-171.726028,0.0,0.0,1.0,0.0,0.0,0.0,2.0,-17471.270658,-7807.71779,862.575545,96.864646,3.0,76883.945367,206174.625602,-86482.535313,77.185752,0,0,0,0,0,40000.0,30095.761719,40000.0,40000.0,40000.0,26019.169922,40000.0,40000.0,40000.0,40000.0,40000.0,40000.0,40000.0,40000.0,40000.0,40000.0,40000.0,40000.0,40000.0,40000.0,40000.0,40000.0,40000.0,40000.0,5000.0,86020.795036,99060.416126,20217.963276,0,true,true,1.0,-0.01,0
2,1089,54.45,54557.847682,35229.682226,12791.284937,56106.262509,12083.134545,-4021.250161,-628.246525,-492.331387,7.964061,-7.647464,-171.726028,0.0,0.0,1.0,0.0,0.0,0.0,2.0,-17346.896196,-7602.006719,863.723621,97.542855,3.0,75927.990772,206166.242001,-86496.648415,77.379111,0,0,0,0,0,40000.0,29828.775391,40000.0,40000.0,40000.0,25780.828125,40000.0,40000.0,40000.0,40000.0,40000.0,40000.0,40000.0,40000.0,40000.0,40000.0,40000.0,40000.0,40000.0,40000.0,40000.0,40000.0,40000.0,40000.0,5000.0,85781.806387,99058.320225,20214.435001,0,true,true,1.0,-0.01,0
2,1090,54.5,54742.645293,-27472.327519,12820.095464,-6426.357973,12105.897669,-4018.619603,-625.867299,-495.67476,7.964061,-7.647464,-171.726028,0.0,0.0,1.0,0.0,0.0,0.0,2.0,-17251.370076,-7424.039311,861.231215,98.000784,3.0,75174.44692,206159.937735,-86506.931085,77.529287,0,0,0,0,0,40000.0,29607.941406,40000.0,40000.0,40000.0,25655.796875,40000.0,40000.0,40000.0,40000.0,40000.0,40000.0,40000.0,40000.0,40000.0,40000.0,40000.0,40000.0,40000.0,40000.0,40000.0,40000.0,40000.0,40000.0,5000.0,85593.420424,99056.744159,20211.864333,0,true,true,1.0,-0.01,0
2,1091,54.55,54925.701577,35046.625942,12848.548163,56077.80981,12128.573308,-4014.474509,-623.362286,-499.018024,7.964061,-7.647464,-171.726028,0.0,0.0,1.0,0.0,0.0,0.0,2.0,-17159.504186,-7235.737385,855.913697,98.391894,3.0,74427.985283,206153.960698,-86516.564288,77.675508,0,0,0,0,0,40000.0,29433.382812,40000.0,40000.0,40000.0,25630.894531,40000.0,40000.0,40000.0,40000.0,40000.0,40000.0,40000.0,40000.0,40000.0,40000.0,40000.0,40000.0,40000.0,40000.0,40000.0,40000.0,40000.0,40000.0,5000.0,85406.805015,99055.249899,20209.456033,0,true,true,1.0,-0.01,0
2,1092,54.6,55166.972764,-27713.598706,12885.924439,-6463.734249,12158.642333,-4019.674503,-621.843445,-502.030412,7.964061,-7.647464,-171.726028,0.0,0.0,1.0,0.0,0.0,0.0,2.0,-17042.413168,-6971.477505,844.91528,98.838138,3.0,73444.110852,206146.470912,-86528.46787,77.874639,0,0,0,0,0,40000.0,29220.074219,40000.0,40000.0,40000.0,25598.222656,40000.0,40000.0,40000.0,40000.0,40000.0,40000.0,40000.0,40000.0,40000.0,40000.0,40000.0,40000.0,40000.0,40000.0,40000.0,40000.0,40000.0,40000.0,5000.0,85160.836407,99053.377453,20206.480137,0,true,true,1.0,-0.01,0
2,1093,54.65,55354.032072,34859.566634,12914.809131,56048.925119,12182.122053,-4018.46376,-619.946198,-504.809341,7.964061,-7.647464,-171.726028,0.0,0.0,1.0,0.0,0.0,0.0,2.0,-16953.955163,-6755.468835,833.633064,99.116418,3.0,72681.270241,206140.937488,-86536.982872,78.023311,0,0,0,0,0,40000.0,29054.765625,40000.0,40000.0,40000.0,25572.970703,40000.0,40000.0,40000.0,40000.0,40000.0,40000.0,40000.0,40000.0,40000.0,40000.0,40000.0,40000.0,40000.0,40000.0,40000.0,40000.0,40000.0,40000.0,5000.0,84970.126254,99051.994097,20204.351387,0,true,true,1.0,-0.01,0
2,1094,54.7,55537.664947,-27897.23158,12943.089916,-6492.015035,12205.274516,-4019.135,-618.447849,-507.211496,7.964061,-7.647464,-171.726028,0.0,0.0,1.0,0.0,0.0,0.0,2.0,-16869.439826,-6535.510409,820.327564,99.345069,3.0,71932.390808,206135.741432,-86544.891465,78.169326,0,0,0,0,0,40000.0,28892.578125,40000.0,40000.0,40000.0,40000.0,40000.0,40000.0,40000.0,40000.0,40000.0,40000.0,40000.0,40000.0,40000.0,40000.0,40000.0,40000.0,40000.0,40000.0,40000.0,40000.0,40000.0,40000.0,5000.0,84782.906396,99050.695083,20202.374238,0,true,true,1.0,-0.01,0
2,1095,54.75,55716.69209,34680.53949,12970.593303,56021.421732,12227.935901,-4022.773063,-617.514836,-509.117011,7.964061,-7.647464,-171.726028,0.0,0.0,1.0,0.0,0.0,0.0,2.0,-16789.094706,-6314.648536,805.399431,99.529621,3.0,71202.285301,206130.892653,-86552.20736,78.312627,0,0,0,0,0,40000.0,28734.478516,40000.0,40000.0,40000.0,40000.0,40000.0,40000.0,40000.0,40000.0,40000.0,40000.0,40000.0,40000.0,40000.0,40000.0,40000.0,40000.0,40000.0,40000.0,40000.0,40000.0,40000.0,40000.0,5000.0,84600.380019,99049.482888,20200.545264,0,true,true,1.0,-0.01,0
2,1096,54.8,55955.328376,-28135.867866,13007.154555,-6528.576287,12258.296296,-4014.834102,-614.411415,-512.902741,7.964061,-7.647464,-171.726028,0.0,0.0,1.0,0.0,0.0,0.0,2.0,-16684.307598,-6012.021052,782.871052,99.711348,3.0,70229.057881,206124.734823,-86561.293693,78.491914,0,0,0,0,0,40000.0,28523.849609,40000.0,40000.0,40000.0,40000.0,40000.0,40000.0,40000.0,40000.0,40000.0,40000.0,40000.0,40000.0,40000.0,40000.0,40000.0,40000.0,40000.0,40000.0,40000.0,40000.0,40000.0,40000.0,5000.0,84357.073164,99047.943431,20198.273681,0,true,true,1.0,-0.01,0
2,1097,54.85,56191.681055,34444.186812,13043.244499,55985.331788,12289.425895,-3971.913226,-606.062751,-520.208481,7.964061,-7.647464,-171.726028,0.0,0.0,1.0,0.0,0.0,0.0,2.0,-16566.505036,-5699.434645,760.751714,99.827383,3.0,69264.648843,206118.528604,-86566.056544,78.642627,0,0,0,0,0,40000.0,28315.296875,40000.0,40000.0,40000.0,40000.0,40000.0,40000.0,40000.0,40000.0,40000.0,40000.0,40000.0,40000.0,40000.0,40000.0,40000.0,40000.0,40000.0,40000.0,40000.0,40000.0,40000.0,40000.0,5000.0,84115.970905,99046.391876,20197.082968,0,true,true,1.0,-0.01,0
2,1098,54.9,56354.167305,-28298.354117,13068.002114,-6553.333902,12310.543991,-4010.788667,-610.836962,-517.91036,7.964061,-7.647464,-171.726028,0.0,0.0,1.0,0.0,0.0,0.0,2.0,-16493.314191,-5483.431726,742.985369,99.906089,3.0,68601.823862,206114.625535,-86570.407494,78.795,0,0,0,0,0,40000.0,28171.962891,40000.0,40000.0,40000.0,40000.0,25371.990234,40000.0,40000.0,40000.0,40000.0,40000.0,40000.0,40000.0,40000.0,40000.0,40000.0,40000.0,40000.0,40000.0,40000.0,40000.0,40000.0,40000.0,5000.0,83950.26466,99045.416109,20195.995231,0,true,true,1.0,-0.01,0
2,1099,54.95,56540.968549,34257.385568,13096.412234,55956.921668,12334.661964,-4014.014016,-610.063929,-519.519263,7.964061,-7.647464,-171.726028,0.0,0.0,1.0,0.0,0.0,0.0,2.0,-16414.272446,-5234.331336,720.588067,99.953734,3.0,67839.926679,206110.430954,-86576.006273,78.937861,0,0,0,0,0,40000.0,28007.255859,40000.0,40000.0,40000.0,40000.0,25358.34375,40000.0,40000.0,40000.0,40000.0,40000.0,40000.0,40000.0,40000.0,40000.0,40000.0,40000.0,40000.0,40000.0,40000.0,40000.0,40000.0,40000.0,5000.0,83759.790364,99044.367463,20194.595536,0,true,true,1.0,-0.01,0
2,1100,55.0,56719.686628,-28477.072196,13123.539972,-6580.46164,12357.789609,-4022.923082,-610.261229,-520.350698,7.964061,-7.647464,-171.726028,0.0,0.0,1.0,0.0,0.0,0.0,2.0,-16339.576665,-4994.827437,698.027819,99.977686,3.0,67110.999793,206106.595948,-86581.120435,79.077344,0,0,0,0,0,40000.0,27849.685547,40000.0,40000.0,40000.0,40000.0,25334.748047,40000.0,40000.0,40000.0,40000.0,40000.0,40000.0,40000.0,40000.0,40000.0,40000.0,40000.0,40000.0,40000.0,40000.0,40000.0,40000.0,40000.0,5000.0,83577.558642,99043.408712,20193.316996,0,true,true,1.0,-0.01,0
2,1101,55.05,56949.228113,34027.844084,13158.30982,55922.15182,12387.574802,-4020.344564,-608.460522,-522.806758,7.964061,-7.647464,-171.726028,0.0,0.0,1.0,0.0,0.0,0.0,2.0,-16244.40382,-4686.734561,667.686944,99.980857,3.0,66174.78091,206101.909189,-86587.327434,79.244346,0,0,0,0,0,40000.0,27647.361328,40000.0,40000.0,40000.0,40000.0,25304.537109,40000.0,40000.0,40000.0,40000.0,40000.0,40000.0,40000.0,40000.0,40000.0,40000.0,40000.0,40000.0,40000.0,40000.0,40000.0,40000.0,40000.0,5000.0,83343.503921,99042.237022,20191.765246,0,true,true,1.0,-0.01,0
2,1102,55.1,57130.305198,-28658.149281,13185.683071,-6607.834891,12411.189836,-4019.072835,-607.211038,-524.57651,7.964061,-7.647464,-171.726028,0.0,0.0,1.0,0.0,0.0,0.0,2.0,-16168.589896,-4443.919472,643.024298,99.966465,3.0,65436.199766,206098.363602,-86591.723821,79.375166,0,0,0,0,0,40000.0,27487.830078,40000.0,40000.0,40000.0,40000.0,25286.546875,40000.0,40000.0,40000.0,40000.0,40000.0,40000.0,40000.0,40000.0,40000.0,40000.0,40000.0,40000.0,40000.0,40000.0,40000.0,40000.0,40000.0,5000.0,83158.858635,99041.350626,20190.666149,0,true,true,1.0,-0.01,0
2,1103,55.15,57364.432047,33793.717234,13221.007955,55886.826935,12441.801789,-4018.64473,-605.849961,-526.626244,7.964061,-7.647464,-171.726028,0.0,0.0,1.0,0.0,0.0,0.0,2.0,-16070.515634,-4131.848964,610.182855,99.929889,3.0,64481.235025,206094.001431,-86597.057748,79.543164,0,0,0,0,0,40000.0,27281.574219,40000.0,40000.0,40000.0,40000.0,25485.751953,40000.0,40000.0,40000.0,40000.0,40000.0,40000.0,40000.0,40000.0,40000.0,40000.0,40000.0,40000.0,40000.0,40000.0,40000.0,40000.0,40000.0,5000.0,82920.11745,99040.260083,20189.332668,0,true,true,1.0,-0.01,0
2,1104,55.2,57539.901759,-28833.618993,13247.434705,-6634.261641,12464.819266,-4024.375271,-605.789609,-527.448527,7.964061,-7.647464,-171.726028,0.0,0.0,1.0,0.0,0.0,0.0,2.0,-15996.369454,-3900.031121,585.076358,99.890404,3.0,63765.510562,206090.878608,-86600.731256,79.671768,0,0,0,0,0,40000.0,27127.027344,40000.0,40000.0,40000.0,40000.0,25624.613281,40000.0,40000.0,40000.0,40000.0,40000.0,40000.0,40000.0,40000.0,40000.0,40000.0,40000.0,40000.0,40000.0,40000.0,40000.0,40000.0,40000.0,5000.0,82741.186334,99039.479377,20188.41429,0,true,true,1.0,-0.01,0
2,1105,55.25,57717.823686,33615.795307,13274.190731,55860.07091,12488.227921,-4021.676444,-604.487102,-529.119467,7.964061,-7.647464,-171.726028,0.0,0.0,1.0,0.0,0.0,0.0,2.0,-15920.311182,-3667.389314,559.331019,99.845403,3.0,63039.769592,206087.830513,-86604.158218,79.79498,0,0,0,0,0,40000.0,26970.388672,40000.0,40000.0,40000.0,40000.0,25765.451172,40000.0,40000.0,40000.0,40000.0,40000.0,40000.0,40000.0,40000.0,40000.0,40000.0,40000.0,40000.0,40000.0,40000.0,40000.0,40000.0,40000.0,5000.0,82559.751092,99038.717353,20187.55755,0,true,true,1.0,-0.01,0
2,1106,55.3,57963.298818,-29079.094125,13311.042301,-6671.11321,12520.652281,-4017.450102,-602.679469,-531.375603,7.964061,-7.647464,-171.726028,0.0,0.0,1.0,0.0,0.0,0.0,2.0,-15813.320343,-3351.330541,523.583748,99.775514,3.0,62038.448002,206083.801758,-86608.344608,79.962588,0,0,0,0,0,40000.0,26754.277344,40000.0,40000.0,40000.0,40000.0,25959.841797,40000.0,40000.0,40000.0,40000.0,40000.0,40000.0,40000.0,40000.0,40000.0,40000.0,40000.0,40000.0,40000.0,40000.0,40000.0,40000.0,40000.0,5000.0,82309.420694,99037.710165,20186.510953,0,true,true,1.0,-0.01,0
2,1107,55.35,58138.423944,33440.670181,13337.290618,55833.822592,12543.817551,-4022.209026,-602.599976,-532.104829,7.964061,-7.647464,-171.726028,0.0,0.0,1.0,0.0,0.0,0.0,2.0,-15736.366919,-3130.196685,497.868883,99.719419,3.0,61324.098527,206081.073763,-86611.174175,80.08582,0,0,0,0,0,40000.0,26600.167969,40000.0,40000.0,40000.0,40000.0,26098.542969,40000.0,40000.0,40000.0,40000.0,40000.0,40000.0,40000.0,40000.0,40000.0,40000.0,40000.0,40000.0,40000.0,40000.0,40000.0,40000.0,40000.0,5000.0,82130.833326,99037.028166,20185.803561,0,true,true,1.0,-0.01,0
2,1108,55.4,58370.160316,-29310.830497,13371.972745,-6705.795337,12574.544099,-4021.021488,-601.424754,-533.770758,7.964061,-7.647464,-171.726028,0.0,0.0,1.0,0.0,0.0,0.0,2.0,-15632.889331,-2843.857405,463.853242,99.645888,3.0,60378.817706,206077.624336,-86614.60047,80.241885,0,0,0,0,0,40000.0,26396.236328,40000.0,40000.0,40000.0,40000.0,26282.152344,40000.0,40000.0,40000.0,40000.0,40000.0,40000.0,40000.0,40000.0,40000.0,40000.0,40000.0,40000.0,40000.0,40000.0,40000.0,40000.0,40000.0,5000.0,81894.513121,99036.165809,20184.946987,0,true,true,1.0,-0.01,0
2,1109,55.45,58548.374496,33262.456001,13398.606614,55807.188723,12598.24859,-4020.443453,-600.609463,-534.957674,7.964061,-7.647464,-171.726028,0.0,0.0,1.0,0.0,0.0,0.0,2.0,-15551.526103,-2628.974745,437.881829,99.589255,3.0,59651.842393,206075.079261,-86616.918817,80.360625,0,0,0,0,0,40000.0,26239.433594,40000.0,40000.0,40000.0,40000.0,26309.544922,40000.0,40000.0,40000.0,40000.0,40000.0,40000.0,40000.0,40000.0,40000.0,40000.0,40000.0,40000.0,40000.0,40000.0,40000.0,40000.0,40000.0,5000.0,81712.769292,99035.52954,20184.3674,0,true,true,1.0,-0.01,0
2,1110,55.5,58724.565043,-29487.021044,13424.907284,-6732.096008,12621.724282,-4019.96725,-599.849325,-536.072253,7.964061,-7.647464,-171.726028,0.0,0.0,1.0,0.0,0.0,0.0,2.0,-15469.875129,-2421.569357,412.382097,99.534545,3.0,58933.117997,206072.661208,-86619.03314,80.476768,0,0,0,0,0,40000.0,26084.470703,40000.0,40000.0,40000.0,40000.0,26286.734375,40000.0,40000.0,40000.0,40000.0,40000.0,40000.0,40000.0,40000.0,40000.0,40000.0,40000.0,40000.0,40000.0,40000.0,40000.0,40000.0,40000.0,5000.0,81533.088193,99034.925027,20183.838819,0,true,true,1.0,-0.01,0
2,1111,55.55,58962.428834,33024.59221,13460.367782,55771.728225,12653.500049,-4021.45607,-599.187695,-537.284717,7.964061,-7.647464,-171.726028,0.0,0.0,1.0,0.0,0.0,0.0,2.0,-15357.214073,-2150.035024,378.439599,99.46349,3.0,57962.795766,206069.532662,-86621.533864,80.632871,0,0,0,0,0,40000.0,25875.253906,40000.0,40000.0,40000.0,40000.0,26256.007812,40000.0,40000.0,40000.0,40000.0,40000.0,40000.0,40000.0,40000.0,40000.0,40000.0,40000.0,40000.0,40000.0,40000.0,40000.0,40000.0,40000.0,5000.0,81290.507636,99034.142891,20183.213638,0,true,true,1.0,-0.01,0
2,1112,55.6,59141.009312,-29665.601522,13486.957115,-6758.68534,12677.408341,-4021.113816,-598.507002,-538.293572,7.964061,-7.647464,-171.726028,0.0,0.0,1.0,0.0,0.0,0.0,2.0,-15270.893252,-1953.008373,353.385517,99.414524,3.0,57234.300331,206067.285313,-86623.186123,80.747568,0,0,0,0,0,40000.0,25718.207031,40000.0,40000.0,40000.0,40000.0,26232.958984,40000.0,40000.0,40000.0,40000.0,40000.0,40000.0,40000.0,40000.0,40000.0,40000.0,40000.0,40000.0,40000.0,40000.0,40000.0,40000.0,40000.0,5000.0,81108.383777,99033.581053,20182.800574,0,true,true,1.0,-0.01,0
2,1113,55.65,59381.725733,32783.875789,13522.755221,55735.93012,12709.711566,-4020.944159,-597.676178,-539.556496,7.964061,-7.647464,-171.726028,0.0,0.0,1.0,0.0,0.0,0.0,2.0,-15151.96272,-1697.218079,320.351568,99.354811,3.0,56252.313406,206064.381557,-86625.087392,80.900234,0,0,0,0,0,40000.0,25506.583984,40000.0,40000.0,40000.0,40000.0,26201.951172,40000.0,40000.0,40000.0,40000.0,40000.0,40000.0,40000.0,40000.0,40000.0,40000.0,40000.0,40000.0,40000.0,40000.0,40000.0,40000.0,40000.0,5000.0,80862.887046,99032.855114,20182.325257,0,true,true,1.0,-0.01,0
2,1114,55.7,59562.612663,-29846.488451,13549.625061,-6785.555181,12734.035383,-4021.965189,-597.253611,-540.33971,7.964061,-7.647464,-171.726028,0.0,0.0,1.0,0.0,0.0,0.0,2.0,-15060.746129,-1512.743768,296.144094,99.315104,3.0,55514.388179,206062.292489,-86626.302647,81.014043,0,0,0,0,0,40000.0,25347.556641,40000.0,40000.0,40000.0,40000.0,26178.667969,40000.0,40000.0,40000.0,40000.0,40000.0,40000.0,40000.0,40000.0,40000.0,40000.0,40000.0,40000.0,40000.0,40000.0,40000.0,40000.0,40000.0,5000.0,80678.405739,99032.332847,20182.021443,0,true,true,1.0,-0.01,0
2,1115,55.75,59739.820834,32606.667617,13575.924227,55709.630954,12757.888286,-4020.92565,-596.561688,-541.277224,7.964061,-7.647464,-171.726028,0.0,0.0,1.0,0.0,0.0,0.0,2.0,-14970.152387,-1338.729091,272.946731,99.281914,3.0,54791.471545,206060.327518,-86627.384754,81.12293,0,0,0,0,0,40000.0,25191.816406,40000.0,40000.0,40000.0,40000.0,26155.880859,40000.0,40000.0,40000.0,40000.0,40000.0,40000.0,40000.0,40000.0,40000.0,40000.0,40000.0,40000.0,40000.0,40000.0,40000.0,40000.0,40000.0,5000.0,80497.67658,99031.841605,20181.750916,0,true,true,1.0,-0.01,0
2,1116,55.8,59986.018019,-30092.685636,13612.423697,-6822.054651,12791.127102,-4019.620476,-595.659266,-542.50621,7.964061,-7.647464,-171.726028,0.0,0.0,1.0,0.0,0.0,0.0,2.0,-14841.090703,-1108.187332,241.879859,99.244248,3.0,53787.08456,206057.692286,-86628.47272,81.272148,0,0,0,0,0,40000.0,24975.429688,40000.0,40000.0,40000.0,40000.0,26124.251953,40000.0,40000.0,40000.0,40000.0,40000.0,40000.0,40000.0,40000.0,40000.0,40000.0,40000.0,40000.0,40000.0,40000.0,40000.0,40000.0,40000.0,5000.0,80246.579834,99031.182797,20181.478925,0,true,true,1.0,-0.01,0
2,1117,55.85,60177.845931,32414.839706,13640.831117,55681.223533,12817.489956,-3993.372793,-591.24335,-545.948069,7.964061,-7.647464,-171.726028,0.0,0.0,1.0,0.0,0.0,0.0,2.0,-14730.524165,-937.244051,220.047538,99.226556,3.0,53004.273532,206055.507642,-86627.477449,81.37251,0,0,0,0,0,40000.0,24806.853516,40000.0,40000.0,40000.0,40000.0,26071.277344,40000.0,40000.0,40000.0,40000.0,40000.0,40000.0,40000.0,40000.0,40000.0,40000.0,40000.0,40000.0,40000.0,40000.0,40000.0,40000.0,40000.0,5000.0,80050.877077,99030.636636,20181.727742,0,true,true,1.0,-0.01,0
2,1118,55.9,60382.593252,-30297.432958,13671.126951,-6852.350484,12845.315805,-4013.042665,-593.624498,-544.811309,7.964061,-7.647464,-171.726028,0.0,0.0,1.0,0.0,0.0,0.0,2.0,-14617.614464,-764.462024,196.382332,99.204839,3.0,52168.921501,206053.44447,-86627.626663,81.505205,0,0,0,0,0,40000.0,24626.974609,40000.0,40000.0,40000.0,40000.0,25803.320312,40000.0,40000.0,40000.0,40000.0,40000.0,40000.0,40000.0,40000.0,40000.0,40000.0,40000.0,40000.0,40000.0,40000.0,40000.0,40000.0,40000.0,5000.0,79842.039069,99030.120842,20181.690439,0,true,true,1.0,-0.01,0
2,1119,55.95,60566.912425,32230.520532,13698.378147,55653.972337,12870.313493,-4020.496971,-594.272377,-544.762096,7.964061,-7.647464,-171.726028,0.0,0.0,1.0,0.0,0.0,0.0,2.0,-14516.140341,-617.234125,175.603281,99.194308,3.0,51416.954765,206051.70146,-86627.951082,81.616934,0,0,0,0,0,40000.0,24465.03125,40000.0,40000.0,40000.0,40000.0,25562.085938,40000.0,40000.0,40000.0,40000.0,40000.0,40000.0,40000.0,40000.0,40000.0,40000.0,40000.0,40000.0,40000.0,40000.0,40000.0,40000.0,40000.0,5000.0,79654.047385,99029.68509,20181.609334,0,true,true,1.0,-0.01,0
2,1120,56.0,60747.284505,-30477.805038,13725.026289,-6878.998627,12894.78912,-4020.366328,-593.828177,-545.432226,7.964061,-7.647464,-171.726028,0.0,0.0,1.0,0.0,0.0,0.0,2.0,-14415.855722,-480.770808,156.006585,99.190826,3.0,50681.095043,206050.064673,-86628.204362,81.720576,0,0,0,0,0,40000.0,24306.570312,29633.792969,40000.0,40000.0,40000.0,25326.044922,40000.0,40000.0,40000.0,40000.0,40000.0,40000.0,40000.0,40000.0,40000.0,40000.0,40000.0,40000.0,40000.0,40000.0,40000.0,40000.0,40000.0,5000.0,79470.082455,99029.275893,20181.546014,0,true,true,1.0,-0.01,0
2,1121,56.05,60933.879867,32043.925171,13752.574425,55626.424202,12920.16327,-4017.896491,-593.050617,-546.350792,7.962776,-7.67588,-171.716385,0.0,0.0,1.0,0.0,-0.139986,0.069993,2.0,-14310.506762,-344.171958,129.98227,99.19284,3.0,50008.587211,206036.726854,-86604.852286,81.825068,0,0,0,0,0,40000.0,24142.638672,28767.873047,40000.0,40000.0,40000.0,25088.96875,40000.0,40000.0,40000.0,40000.0,40000.0,40000.0,40000.0,40000.0,40000.0,40000.0,40000.0,40000.0,40000.0,40000.0,40000.0,40000.0,40000.0,5000.0,79293.484042,99010.308969,20218.648203,0,true,true,1.0,-0.01,0
2,1122,56.1,61184.120417,-30728.045588,13789.493027,-6915.917229,12954.253771,-4017.579691,-592.591578,-547.492342,7.953213,-7.812109,-171.645248,0.0,0.0,1.0,0.0,-0.069993,0.069993,2.0,-14167.389115,-156.270175,74.651326,99.203383,3.0,49495.476855,205958.658653,-86497.480321,81.964561,0,0,0,0,0,40000.0,23918.435547,27830.664062,40000.0,40000.0,40000.0,24808.886719,40000.0,40000.0,40000.0,40000.0,40000.0,40000.0,40000.0,40000.0,40000.0,40000.0,40000.0,40000.0,40000.0,40000.0,40000.0,40000.0,40000.0,5000.0,79147.009704,98887.435168,20391.390823,0,true,true,1.0,-0.01,0
2,1123,56.15,61377.837569,31850.208019,13818.065018,55597.852211,12980.732092,-4016.954901,-592.504404,-548.885913,7.936906,-8.007505,-171.526199,0.0,0.0,1.0,0.0,-0.069993,0.069993,2.0,-14054.312349,-2.682896,13.882656,99.21755,3.0,49489.151124,205835.285998,-86346.93052,82.070625,0,0,0,0,0,40000.0,23739.46875,27341.058594,40000.0,40000.0,40000.0,24764.753906,40000.0,40000.0,40000.0,40000.0,40000.0,40000.0,40000.0,40000.0,40000.0,40000.0,40000.0,40000.0,40000.0,40000.0,40000.0,40000.0,40000.0,5000.0,79133.892646,98688.970997,20635.609776,0,true,true,1.0,-0.01,0
2,1124,56.2,61562.23468,-30912.442699,13845.275413,-6943.127624,13005.981489,-4018.13762,-593.117331,-550.647756,7.914527,-8.250859,-171.367081,0.0,0.0,1.0,0.0,-0.069993,0.0,2.0,-13945.341858,147.675376,-54.632335,99.23557,3.0,49747.6907,205674.103657,-86161.682318,82.171152,0,0,0,0,0,40000.0,23565.447266,27058.425781,40000.0,40000.0,40000.0,24765.011719,40000.0,40000.0,40000.0,40000.0,40000.0,40000.0,40000.0,40000.0,40000.0,40000.0,40000.0,40000.0,40000.0,40000.0,40000.0,40000.0,40000.0,5000.0,79192.323172,98427.711853,20937.550722,0,true,true,1.0,-0.01,0
2,1125,56.25,61744.852013,31667.590686,13872.258295,55570.86933,13031.090561,-4019.256542,-594.222518,-553.084807,7.890928,-8.494598,-171.204163,0.0,0.0,1.0,0.0,0.0,0.0,2.0,-13835.549614,289.340006,-120.969017,99.257517,3.0,50025.043601,205511.175985,-85977.856044,82.269473,0,0,0,0,0,40000.0,23393.175781,26906.150391,40000.0,40000.0,40000.0,24766.300781,40000.0,40000.0,40000.0,40000.0,40000.0,40000.0,40000.0,40000.0,40000.0,40000.0,40000.0,40000.0,40000.0,40000.0,40000.0,40000.0,40000.0,5000.0,79256.71877,98161.841375,21239.06368,0,true,true,1.0,-0.01,0
2,1126,56.3,61988.087644,-31155.67833,13908.288431,-6979.157761,13064.755505,-4017.950543,-595.938567,-557.483806,7.866358,-8.747683,-171.039581,0.0,0.0,1.0,0.0,0.0,0.0,2.0,-13687.24403,450.103402,-190.738821,99.292275,3.0,50077.106604,205349.863457,-85791.076656,82.397285,0,0,0,0,0,40000.0,23168.820312,26660.498047,40000.0,40000.0,40000.0,24761.089844,40000.0,40000.0,40000.0,40000.0,40000.0,40000.0,40000.0,40000.0,40000.0,40000.0,40000.0,40000.0,40000.0,40000.0,40000.0,40000.0,40000.0,5000.0,79258.415061,97893.252988,21551.895876,0,true,true,1.0,-0.01,0
2,1127,56.35,62170.304702,31485.373629,13935.368306,55543.789455,13090.170307,-4018.341984,-597.806794,-561.149824,7.84767,-8.929239,-170.917511,0.0,0.0,1.0,0.0,0.0,0.0,2.0,-13574.665576,560.303871,-238.74461,99.322148,3.0,50094.887563,205232.801228,-85659.665939,82.492529,0,0,0,0,0,40000.0,23000.945312,26473.138672,40000.0,40000.0,40000.0,24756.919922,40000.0,40000.0,40000.0,40000.0,40000.0,40000.0,40000.0,40000.0,40000.0,40000.0,40000.0,40000.0,40000.0,40000.0,40000.0,40000.0,40000.0,5000.0,79257.034985,97695.847303,21775.085063,0,true,true,1.0,-0.01,0
2,1128,56.4,62349.410036,-31334.783664,13962.07394,-7005.863395,13115.322609,-4017.562374,-599.740847,-565.20777,7.833295,-9.066169,-170.825348,0.0,0.0,1.0,0.0,0.0,0.0,2.0,-13463.684614,652.913885,-275.135425,99.354046,3.0,49937.754749,205147.842571,-85564.608174,82.58458,0,0,0,0,0,40000.0,22837.980469,26271.892578,40000.0,40000.0,40000.0,24757.726562,40000.0,40000.0,40000.0,40000.0,40000.0,40000.0,40000.0,40000.0,40000.0,40000.0,40000.0,40000.0,40000.0,40000.0,40000.0,40000.0,40000.0,5000.0,79212.718259,97547.792934,21942.405452,0,true,true,1.0,-0.01,0
2,1129,56.45,62591.0643,31243.719365,13998.260839,55507.602556,13149.578871,-4014.753105,-602.346754,-571.151621,7.819263,-9.197666,-170.736755,0.0,0.0,1.0,0.0,0.0,0.0,2.0,-13313.299745,755.908338,-309.975603,99.400245,3.0,49502.042554,205071.719821,-85479.803491,82.706465,0,0,0,0,0,40000.0,22620.556641,25978.310547,40000.0,40000.0,40000.0,30032.363281,40000.0,40000.0,40000.0,40000.0,40000.0,40000.0,40000.0,40000.0,40000.0,40000.0,40000.0,40000.0,40000.0,40000.0,40000.0,40000.0,40000.0,5000.0,79098.438089,97406.976194,22101.470413,0,true,true,1.0,-0.01,0
2,1130,56.5,62777.035271,-31520.754635,14026.237753,-7033.840309,13176.210246,-4013.641169,-604.614345,-575.723238,7.81168,-9.267865,-170.689438,0.0,0.0,1.0,0.0,0.0,0.0,2.0,-13197.040852,820.357127,-328.036156,99.437995,3.0,49036.551855,205035.36055,-85439.514168,82.799678,0,0,0,0,0,40000.0,22454.515625,25739.505859,40000.0,40000.0,40000.0,30165.472656,40000.0,40000.0,40000.0,40000.0,40000.0,40000.0,40000.0,40000.0,40000.0,40000.0,40000.0,40000.0,40000.0,40000.0,40000.0,40000.0,40000.0,5000.0,78979.000198,97332.869879,22185.142652,0,true,true,1.0,-0.01,0
2,1131,56.55,62967.055276,31053.699359,14054.94187,55478.898439,13203.663122,-4010.578164,-606.670428,-580.570742,7.805995,-9.320107,-170.65419,0.0,0.0,1.0,0.0,0.0,0.0,2.0,-13077.877262,874.795306,-340.539933,99.477521,3.0,48479.059165,205011.966444,-85413.744113,82.892979,0,0,0,0,0,40000.0,22285.628906,25487.488281,40000.0,40000.0,40000.0,30304.888672,40000.0,40000.0,40000.0,40000.0,40000.0,40000.0,40000.0,40000.0,40000.0,40000.0,40000.0,40000.0,40000.0,40000.0,40000.0,40000.0,40000.0,5000.0,78837.252001,97278.637639,22246.356542,0,true,true,1.0,-0.01,0
2,1132,56.6,63152.229475,-31705.928834,14083.028065,-7061.926504,13230.614356,-4010.584019,-609.115884,-584.960225,7.801732,-9.359077,-170.627899,0.0,0.0,1.0,0.0,0.0,0.0,2.0,-12962.03245,918.38522,-348.660507,99.517241,3.0,47885.59046,204997.482197,-85397.975235,82.984326,0,0,0,0,0,40000.0,22121.427734,25236.941406,40000.0,40000.0,40000.0,30442.724609,40000.0,40000.0,40000.0,40000.0,40000.0,40000.0,40000.0,40000.0,40000.0,40000.0,40000.0,40000.0,40000.0,40000.0,40000.0,40000.0,40000.0,5000.0,78687.06084,97238.922572,22291.157988,0,true,true,1.0,-0.01,0
2,1133,56.65,63398.287113,30807.641721,14120.521536,55441.404967,13266.749735,-4009.17648,-612.096816,-590.783528,7.797648,-9.396232,-170.602829,0.0,0.0,1.0,0.0,0.0,0.0,2.0,-12808.13791,962.997587,-354.053164,99.570078,3.0,47035.419292,204988.073864,-85387.975831,83.103447,0,0,0,0,0,40000.0,21903.695312,24897.998047,40000.0,40000.0,40000.0,31644.070312,40000.0,40000.0,40000.0,40000.0,40000.0,40000.0,40000.0,40000.0,40000.0,40000.0,40000.0,40000.0,40000.0,40000.0,40000.0,40000.0,40000.0,5000.0,78472.737523,97202.158962,22332.612509,0,true,true,1.0,-0.01,0
2,1134,56.7,63584.740871,-31892.382592,14149.061843,-7090.46681,13294.380195,-4007.489424,-614.212913,-595.093429,7.792064,-9.385627,-170.568634,0.0,0.0,1.0,0.0,0.209979,0.069993,2.0,-12691.329636,991.167655,-347.401191,99.609675,3.0,46365.035111,204973.181873,-85412.942896,83.192227,0,0,0,0,0,40000.0,21732.982422,24645.113281,40000.0,40000.0,40000.0,40000.0,26512.183594,40000.0,40000.0,40000.0,40000.0,40000.0,40000.0,40000.0,40000.0,40000.0,40000.0,40000.0,40000.0,40000.0,40000.0,40000.0,40000.0,5000.0,78342.289947,97161.173968,22308.800142,0,true,true,1.0,-0.01,0
2,1135,56.75,63776.330086,30616.052506,14178.504632,55411.962177,13322.998657,-4000.996132,-615.687925,-599.653291,7.781896,-9.327485,-170.506165,0.0,0.0,1.0,0.0,0.209979,0.139986,2.0,-12570.745056,1017.854903,-328.097505,99.648718,3.0,45673.367286,204941.94688,-85477.604475,83.280195,0,0,0,0,0,40000.0,35353.085938,24394.015625,40000.0,40000.0,40000.0,40000.0,26492.304688,40000.0,40000.0,40000.0,40000.0,40000.0,40000.0,40000.0,40000.0,40000.0,40000.0,40000.0,40000.0,40000.0,40000.0,40000.0,40000.0,5000.0,78262.191952,97091.360135,22215.730257,0,true,true,1.0,-0.01,0
2,1136,56.8,63961.909185,-32077.961691,14207.139549,-7119.101726,13350.874529,-4006.62214,-619.078134,-602.61054,7.766169,-9.215946,-170.408752,0.0,0.0,1.0,0.0,0.279972,0.069993,2.0,-12454.130611,1043.725843,-295.615198,99.687625,3.0,45016.49297,204889.951282,-85584.965004,83.369746,0,0,0,0,0,40000.0,35169.3125,24163.142578,40000.0,40000.0,40000.0,40000.0,26476.169922,40000.0,40000.0,40000.0,40000.0,40000.0,40000.0,40000.0,40000.0,40000.0,40000.0,40000.0,40000.0,40000.0,40000.0,40000.0,40000.0,5000.0,78255.869829,96984.753876,22044.592809,0,true,true,1.0,-0.01,0
2,1137,56.85,64200.69587,30377.265821,14244.177708,55374.924019,13387.266876,-3985.952499,-619.46731,-608.024554,7.739879,-9.014107,-170.243362,0.0,0.0,1.0,0.0,0.419958,0.209979,2.0,-12297.962418,1074.348196,-238.238733,99.730957,3.0,44188.30393,204800.646708,-85765.463824,83.471201,0,0,0,0,0,40000.0,34958.226562,23879.427734,40000.0,40000.0,40000.0,40000.0,26459.195312,40000.0,40000.0,40000.0,40000.0,40000.0,40000.0,40000.0,40000.0,40000.0,40000.0,40000.0,40000.0,40000.0,40000.0,40000.0,40000.0,5000.0,78323.951632,96804.804676,21739.227414,0,true,true,1.0,-0.01,0
2,1138,56.9,64344.04294,-32221.308761,14266.615831,-7141.53985,13408.403398,-3989.280951,-628.436192,-560.602407,7.714943,-8.822868,-170.083298,1.0,0.0,1.0,0.0,0.310405,0.232804,2.0,-12203.661133,1098.930857,-190.443878,99.760615,3.0,43754.229446,204710.244922,-85932.74063,83.543867,0,0,0,0,0,40000.0,34872.671875,23731.34375,40000.0,40000.0,40000.0,40000.0,26456.339844,40000.0,40000.0,40000.0,40000.0,40000.0,40000.0,40000.0,40000.0,40000.0,40000.0,40000.0,40000.0,40000.0,40000.0,40000.0,40000.0,5000.0,78477.903804,96628.186017,21449.34904,0,true,true,1.0,-0.01,0
2,1139,56.95,64542.411556,30178.897205,14298.614689,55342.925161,13431.644807,-3950.973169,-644.780698,-415.376395,7.674022,-8.501544,-169.813065,1.0,0.0,1.0,0.0,0.139986,0.139986,2.0,-12062.689082,1135.709824,-136.013552,99.794704,3.0,43205.498577,204557.904168,-86229.519689,83.628916,0,0,0,0,0,40000.0,20734.814453,23544.447266,40000.0,40000.0,40000.0,40000.0,26458.171875,40000.0,40000.0,40000.0,40000.0,40000.0,40000.0,40000.0,40000.0,40000.0,40000.0,40000.0,40000.0,40000.0,40000.0,40000.0,40000.0,5000.0,78780.211318,96328.050903,20956.095242,0,true,true,1.0,-0.01,0
2,1140,57.0,64780.894025,-32459.791231,14338.558299,-7181.48346,13450.47761,-3906.331494,-664.373041,-247.317563,7.622011,-8.081377,-169.454422,1.0,0.0,1.0,0.0,0.0,0.069993,2.0,-11877.884708,1176.901447,-101.032656,99.829534,3.0,42593.793981,204358.966275,-86640.138218,83.719912,0,0,0,0,0,40000.0,20454.878906,23333.03125,40000.0,40000.0,40000.0,40000.0,26464.566406,40000.0,40000.0,40000.0,40000.0,40000.0,40000.0,40000.0,40000.0,40000.0,40000.0,40000.0,40000.0,40000.0,40000.0,40000.0,40000.0,5000.0,79201.491552,95926.066418,20300.772941,0,true,true,1.0,-0.01,0
2,1141,57.05,64951.359567,30008.431664,14368.115241,55313.368219,13457.92533,-3874.730063,-678.264914,-131.36509,7.591225,-7.825826,-169.233032,1.0,0.0,1.0,0.0,0.069993,0.0,2.0,-11736.172306,1194.360852,-111.516398,99.848487,3.0,42131.061158,204241.643941,-86913.777427,83.777373,0,0,0,0,0,40000.0,20262.90625,23168.927734,40000.0,40000.0,40000.0,40000.0,26505.197266,40000.0,40000.0,40000.0,40000.0,40000.0,40000.0,40000.0,40000.0,40000.0,40000.0,40000.0,40000.0,40000.0,40000.0,40000.0,40000.0,5000.0,79434.978171,95676.738966,19893.586365,0,true,true,1.0,-0.01,0
2,1142,57.1,65128.015581,-32636.447245,14399.649047,-7213.017266,13460.413573,-3840.291043,-692.134277,-15.220868,7.567514,-7.619705,-169.057312,1.0,0.0,1.0,0.0,0.0,0.0,2.0,-11580.563168,1197.957447,-157.296542,99.860476,3.0,41591.508698,204155.780415,-87164.800576,83.829854,0,0,0,0,0,40000.0,20074.1875,22977.728516,40000.0,40000.0,40000.0,40000.0,26575.878906,40000.0,40000.0,40000.0,40000.0,40000.0,40000.0,40000.0,40000.0,40000.0,40000.0,40000.0,40000.0,40000.0,40000.0,40000.0,40000.0,5000.0,79577.679947,95480.105394,19556.874351,0,true,true,1.0,-0.01,0
2,1143,57.15,65351.325953,29785.121292,14440.808565,55272.208701,13456.093525,-3799.803498,-709.650698,126.455265,7.545286,-7.420849,-168.887985,1.0,0.0,1.0,0.0,0.0,0.0,2.0,-11372.844445,1186.617872,-258.715575,99.860543,3.0,40858.962983,204081.82585,-87456.362714,83.887627,0,0,0,0,0,40000.0,19845.314453,22715.099609,40000.0,40000.0,40000.0,40000.0,26677.505859,40000.0,40000.0,40000.0,40000.0,40000.0,40000.0,40000.0,40000.0,40000.0,40000.0,40000.0,40000.0,40000.0,40000.0,40000.0,40000.0,5000.0,79660.804313,95291.996476,19218.753719,0,true,true,1.0,-0.01,0
2,1144,57.2,65519.409456,-32804.530748,14472.747405,-7244.956105,13447.435317,-3769.366507,-722.359199,228.854791,7.533519,-7.31321,-168.796432,1.0,0.0,1.0,0.0,0.0,0.0,2.0,-11207.690351,1167.228312,-365.012416,99.845827,3.0,40273.7496,204048.790347,-87660.861318,83.924307,0,0,0,0,0,40000.0,19679.197266,22117.472656,40000.0,40000.0,40000.0,40000.0,26762.058594,40000.0,40000.0,40000.0,40000.0,40000.0,40000.0,40000.0,40000.0,40000.0,40000.0,40000.0,40000.0,40000.0,40000.0,40000.0,40000.0,5000.0,79657.99467,95191.666374,19023.68012,0,true,true,1.0,-0.01,0
2,1145,57.25,65739.062959,29565.467788,14515.707822,55229.248284,13429.27745,-3730.295778,-738.350454,357.163575,7.522309,-7.209044,-168.70787,1.0,0.0,1.0,0.0,0.0,0.0,2.0,-10980.801975,1131.027557,-536.679176,99.80227,3.0,39480.502782,204024.725081,-87924.044002,83.963789,0,0,0,0,0,40000.0,19467.041016,20855.140625,40000.0,40000.0,40000.0,40000.0,26879.113281,40000.0,40000.0,40000.0,40000.0,40000.0,40000.0,40000.0,40000.0,40000.0,40000.0,40000.0,40000.0,40000.0,40000.0,40000.0,40000.0,5000.0,79598.120734,95096.380484,18818.329009,0,true,true,1.0,-0.01,0
2,1146,57.3,65902.498355,-32967.966143,14548.560271,-7277.808555,13410.841952,-3703.954517,-750.200958,449.41998,7.516308,-7.152615,-168.659927,1.0,0.0,1.0,0.0,0.0,0.0,2.0,-10803.689759,1097.282171,-685.770763,99.747621,3.0,38874.264919,204017.424931,-88121.82558,83.987373,0,0,0,0,0,40000.0,19311.761719,19807.716797,40000.0,40000.0,40000.0,40000.0,26969.832031,40000.0,40000.0,40000.0,40000.0,40000.0,40000.0,40000.0,40000.0,40000.0,40000.0,40000.0,40000.0,40000.0,40000.0,40000.0,40000.0,5000.0,79521.382466,95046.1259,18693.178929,0,true,true,1.0,-0.01,0
2,1147,57.35,66064.760414,29403.20573,14581.912792,55195.895763,13388.475625,-3678.390202,-761.569707,537.763782,7.511793,-7.109838,-168.623596,1.0,0.0,1.0,0.0,0.0,0.0,2.0,-10620.887193,1058.982474,-849.539035,99.671772,3.0,38262.688922,204016.540957,-88323.513816,84.005664,0,0,0,0,0,40000.0,19159.054688,19254.404297,40000.0,40000.0,40000.0,40000.0,27062.023438,40000.0,40000.0,40000.0,40000.0,40000.0,40000.0,40000.0,40000.0,40000.0,40000.0,40000.0,40000.0,40000.0,40000.0,40000.0,40000.0,5000.0,79425.127215,95009.158835,18585.318216,0,true,true,1.0,-0.01,0
2,1148,57.4,66279.196547,-33182.402277,14627.091676,-7322.987439,13352.855788,-3644.177367,-775.679172,648.987128,7.507447,-7.068403,-168.588409,1.0,0.0,1.0,0.0,0.0,0.0,2.0,-10368.804314,1002.228657,-1086.832158,99.535162,3.0,37443.950018,204022.222719,-88602.11169,84.02209,0,0,0,0,0,40000.0,33283.765625,19067.521484,40000.0,40000.0,40000.0,40000.0,27186.09375,40000.0,40000.0,40000.0,40000.0,40000.0,40000.0,40000.0,40000.0,40000.0,40000.0,40000.0,40000.0,40000.0,40000.0,40000.0,40000.0,5000.0,79275.235861,94974.960078,18459.993592,0,true,true,1.0,-0.01,0
2,1149,57.45,66445.516336,29236.885941,14662.984299,55160.003141,13320.593213,-3618.439557,-786.142012,731.504061,7.50513,-7.046196,-168.56955,1.0,0.0,1.0,0.0,0.0,0.0,2.0,-10164.496934,953.958419,-1285.046454,99.396976,3.0,36802.283313,204030.819794,-88829.009519,84.029023,0,0,0,0,0,40000.0,33091.789062,18922.642578,40000.0,40000.0,40000.0,40000.0,27283.703125,40000.0,40000.0,40000.0,40000.0,40000.0,40000.0,40000.0,40000.0,40000.0,40000.0,40000.0,40000.0,40000.0,40000.0,40000.0,40000.0,5000.0,79144.158762,94958.008203,18373.413643,0,true,true,1.0,-0.01,0
2,1150,57.5,66610.312876,-33347.198816,14699.258002,-7359.261143,13284.740453,-3593.749831,-796.110955,810.040582,7.500912,-7.028919,-168.535126,1.0,0.0,1.0,0.0,0.0,0.069993,2.0,-9955.104293,906.763518,-1490.863956,99.230137,3.0,36229.113616,204028.774383,-89067.347564,84.030986,0,0,0,0,0,40000.0,32896.230469,18778.394531,40000.0,40000.0,40000.0,40000.0,27377.408203,40000.0,40000.0,40000.0,40000.0,40000.0,40000.0,40000.0,40000.0,40000.0,40000.0,40000.0,40000.0,40000.0,40000.0,40000.0,40000.0,5000.0,79040.388656,94918.89956,18287.465751,0,true,true,1.0,-0.01,0
2,1151,57.55,66828.776097,29018.422719,14748.410853,55110.85029,13231.415269,-3563.932193,-809.208228,910.245883,7.49042,-7.012621,-168.449326,1.0,0.0,1.0,0.0,0.0,0.139986,2.0,-9666.943354,847.941462,-1775.151799,98.958503,3.0,35617.009683,204000.889855,-89405.259441,84.026133,0,0,0,0,0,40000.0,32669.359375,18585.828125,40000.0,40000.0,40000.0,40000.0,27494.253906,40000.0,40000.0,40000.0,40000.0,40000.0,40000.0,40000.0,40000.0,40000.0,40000.0,40000.0,40000.0,40000.0,40000.0,40000.0,40000.0,5000.0,78969.667975,94811.332321,18169.658726,0,true,true,1.0,-0.01,0
2,1152,57.6,66989.389564,-33507.812283,14785.307142,-7396.157432,13188.118225,-3543.238731,-818.651353,980.767304,7.479396,-7.002714,-168.359009,1.0,0.0,1.0,0.0,0.069993,0.069993,2.0,-9448.129484,807.005094,-1990.193482,98.721827,3.0,35262.258092,203964.269908,-89670.734637,84.017188,0,0,0,0,0,40000.0,32524.105469,18443.255859,40000.0,40000.0,40000.0,40000.0,27521.601562,40000.0,40000.0,40000.0,40000.0,40000.0,40000.0,40000.0,40000.0,40000.0,40000.0,40000.0,40000.0,40000.0,40000.0,40000.0,40000.0,5000.0,78963.065951,94695.019396,18076.979372,0,true,true,1.0,-0.01,0
2,1153,57.65,67152.377415,28855.434868,14823.400564,55072.756867,13140.744906,-3519.197335,-827.191996,1047.467858,7.465613,-6.992565,-168.245941,1.0,0.0,1.0,0.0,0.0,0.069993,2.0,-9220.118936,766.988095,-2211.628573,98.454824,3.0,34973.769771,203915.040292,-89955.421396,84.003906,0,0,0,0,0,40000.0,32393.458984,18297.699219,40000.0,40000.0,40000.0,40000.0,27508.333984,40000.0,40000.0,40000.0,40000.0,40000.0,40000.0,40000.0,40000.0,40000.0,40000.0,40000.0,40000.0,40000.0,40000.0,40000.0,40000.0,5000.0,78992.112212,94547.993733,17975.590501,0,true,true,1.0,-0.01,0
2,1154,57.7,67311.237984,-33666.672852,14861.151157,-7433.908024,13091.325665,-3502.433149,-836.795737,1113.209552,7.451919,-6.98516,-168.133453,1.0,0.0,1.0,0.0,0.0,0.0,2.0,-8993.057087,726.695134,-2430.008344,98.156808,3.0,34705.977287,203866.480597,-90244.346058,83.986113,0,0,0,0,0,40000.0,32249.226562,18155.542969,40000.0,40000.0,40000.0,40000.0,27495.423828,40000.0,40000.0,40000.0,40000.0,40000.0,40000.0,40000.0,40000.0,40000.0,40000.0,40000.0,40000.0,40000.0,40000.0,40000.0,40000.0,5000.0,79023.905259,94401.207818,17876.56268,0,true,true,1.0,-0.01,0
2,1155,57.75,67519.676238,28646.996614,14911.605206,55022.302817,13021.778642,-3476.768512,-848.093215,1192.932084,7.435628,-6.97869,-167.999481,1.0,0.0,1.0,0.0,0.0,0.0,2.0,-8688.417192,669.646329,-2717.990884,97.7309,3.0,34317.468461,203811.989106,-90639.005276,83.956963,0,0,0,0,0,40000.0,32059.283203,17968.945312,40000.0,40000.0,40000.0,40000.0,27474.652344,40000.0,40000.0,40000.0,40000.0,40000.0,40000.0,40000.0,40000.0,40000.0,40000.0,40000.0,40000.0,40000.0,40000.0,40000.0,40000.0,5000.0,79042.592505,94226.599321,17748.841057,0,true,true,1.0,-0.01,0
2,1156,57.8,67671.728111,-33818.724725,14949.061377,-7471.364194,12967.779823,-3461.036179,-856.725468,1249.827075,7.425654,-6.975559,-167.917389,1.0,0.0,1.0,0.0,0.0,0.069993,2.0,-8461.997658,624.582366,-2927.32998,97.390733,3.0,33986.595015,203782.149232,-90937.696994,83.930918,0,0,0,0,0,40000.0,31907.105469,17832.789062,40000.0,40000.0,40000.0,40000.0,27455.308594,40000.0,40000.0,40000.0,40000.0,40000.0,40000.0,40000.0,40000.0,40000.0,40000.0,40000.0,40000.0,40000.0,40000.0,40000.0,40000.0,5000.0,79030.142501,94120.223806,17657.379495,0,true,true,1.0,-0.01,0
2,1157,57.85,67850.883766,28467.84096,14993.913549,54977.450645,12900.788371,-3415.914558,-859.885813,1296.607781,7.417413,-6.973545,-167.849548,1.0,0.0,1.0,0.0,0.0,0.0,2.0,-8187.624112,566.216928,-3170.085315,97.000907,3.0,33505.849228,203764.120771,-91299.8885,83.900937,0,0,0,0,0,40000.0,31724.976562,17672.574219,40000.0,40000.0,40000.0,40000.0,27425.158203,40000.0,40000.0,40000.0,40000.0,40000.0,40000.0,40000.0,40000.0,40000.0,40000.0,40000.0,40000.0,40000.0,40000.0,40000.0,40000.0,5000.0,78967.572678,94033.796215,17553.65783,0,true,true,1.0,-0.01,0
2,1158,57.9,68025.339591,-33993.180551,15038.294486,-7515.745131,12832.091205,-3419.18612,-874.322902,1369.62019,7.410659,-6.972643,-167.793915,1.0,0.0,1.0,0.0,0.0,0.0,2.0,-7917.342034,507.760258,-3401.551316,96.539707,3.0,33006.467182,203752.773682,-91665.046976,83.857979,0,0,0,0,0,40000.0,31546.503906,17516.269531,40000.0,40000.0,40000.0,40000.0,27392.611328,40000.0,40000.0,40000.0,40000.0,40000.0,40000.0,40000.0,40000.0,40000.0,40000.0,40000.0,40000.0,40000.0,40000.0,40000.0,40000.0,5000.0,78889.44005,93963.620822,17452.483923,0,true,true,1.0,-0.01,0
2,1159,57.95,68186.806909,28306.373642,15079.971342,54935.77379,12765.569597,-3402.458814,-882.277424,1421.264558,7.402639,-6.973875,-167.727875,1.0,0.0,1.0,0.0,0.0,0.069993,2.0,-7665.495323,455.897459,-3609.536208,96.131898,3.0,32597.31849,203734.160282,-92014.70138,83.818086,0,0,0,0,0,40000.0,31382.583984,17371.021484,40000.0,40000.0,40000.0,40000.0,27365.328125,40000.0,40000.0,40000.0,40000.0,40000.0,40000.0,40000.0,40000.0,40000.0,40000.0,40000.0,40000.0,40000.0,40000.0,40000.0,40000.0,5000.0,78841.136184,93878.595459,17356.153776,0,true,true,1.0,-0.01,0
2,1160,58.0,68392.587473,-34198.961115,15133.909402,-7569.683191,12676.860688,-3383.164846,-892.424692,1484.60314,7.389717,-6.974917,-167.62149,1.0,0.0,1.0,0.0,0.0,0.139986,2.0,-7342.660864,393.179213,-3862.667188,95.610217,3.0,32149.090786,203698.754732,-92477.984844,83.761348,0,0,0,0,0,40000.0,31175.449219,17185.019531,40000.0,40000.0,40000.0,40000.0,27334.798828,40000.0,40000.0,40000.0,40000.0,40000.0,40000.0,40000.0,40000.0,40000.0,40000.0,40000.0,40000.0,40000.0,40000.0,40000.0,40000.0,5000.0,78816.400781,93740.293418,17224.823374,0,true,true,1.0,-0.01,0
2,1161,58.05,68544.859019,28154.102095,15174.407682,54895.275509,12608.491627,-3371.612497,-900.372257,1530.823957,7.375646,-6.979885,-167.505661,1.0,0.0,1.0,0.0,-0.069993,0.209979,2.0,-7102.716092,351.903719,-4039.852117,95.23167,3.0,31948.921935,203652.535262,-92832.027471,83.714746,0,0,0,0,0,40000.0,31025.775391,17046.560547,40000.0,40000.0,40000.0,40000.0,27320.542969,40000.0,40000.0,40000.0,40000.0,40000.0,40000.0,40000.0,40000.0,40000.0,40000.0,40000.0,40000.0,40000.0,40000.0,40000.0,40000.0,5000.0,78858.821312,93587.019891,17124.141162,0,true,true,1.0,-0.01,0
2,1162,58.1,68706.803529,-34360.905625,15217.385399,-7612.660908,12538.50969,-3398.868865,-899.323482,1433.979534,7.356323,-6.999853,-167.346863,0.0,0.0,1.0,0.0,0.0,0.209979,2.0,-6855.136621,313.265874,-4199.258634,94.888583,3.0,31882.285932,203583.556244,-93192.054087,83.66582,0,0,0,0,0,40000.0,30871.03125,16899.503906,40000.0,40000.0,40000.0,40000.0,27314.896484,40000.0,40000.0,40000.0,40000.0,40000.0,40000.0,40000.0,40000.0,40000.0,40000.0,40000.0,40000.0,40000.0,40000.0,40000.0,40000.0,5000.0,78960.513295,93373.07741,17033.633303,0,true,true,1.0,-0.01,0
2,1163,58.15,68865.38588,27995.519744,15259.123503,54853.537406,12474.73858,-3422.872303,-898.624052,1343.551537,7.331464,-7.039133,-167.143372,0.0,0.0,1.0,0.0,0.0,0.139986,2.0,-6625.4052,282.250442,-4319.548312,94.681373,3.0,32013.665293,203489.083422,-93518.153751,83.622471,0,0,0,0,0,40000.0,30725.65625,16755.921875,40000.0,40000.0,40000.0,40000.0,27322.490234,40000.0,40000.0,40000.0,40000.0,40000.0,40000.0,40000.0,40000.0,40000.0,40000.0,40000.0,40000.0,40000.0,40000.0,40000.0,40000.0,5000.0,79135.87546,93094.788882,16968.414826,0,true,true,1.0,-0.01,0
2,1164,58.2,69025.318364,-34520.838108,15300.921902,-7654.459308,12414.921336,-3450.911653,-899.999146,1260.504823,7.303571,-7.090115,-166.916458,0.0,0.0,1.0,0.0,0.0,0.069993,2.0,-6406.440523,254.328229,-4405.245279,94.614332,3.0,32239.046489,203381.639247,-93824.440627,83.581602,0,0,0,0,0,40000.0,30582.230469,16611.714844,40000.0,40000.0,40000.0,40000.0,27336.771484,40000.0,40000.0,40000.0,40000.0,40000.0,40000.0,40000.0,40000.0,40000.0,40000.0,40000.0,40000.0,40000.0,40000.0,40000.0,40000.0,5000.0,79345.608808,92782.258606,16919.053103,0,true,true,1.0,-0.01,0
2,1165,58.25,69233.350049,27787.488059,15354.940174,54799.519135,12343.315398,-3480.648057,-901.680743,1155.893687,7.261779,-7.176246,-166.57959,0.0,0.0,1.0,0.0,-0.069993,0.139986,2.0,-6140.889882,223.997875,-4466.378725,94.702591,3.0,32707.641135,203217.742778,-94190.156532,83.535234,0,0,0,0,0,40000.0,30401.699219,16425.087891,40000.0,40000.0,40000.0,40000.0,27367.9375,40000.0,40000.0,40000.0,40000.0,40000.0,40000.0,40000.0,40000.0,40000.0,40000.0,40000.0,40000.0,40000.0,40000.0,40000.0,40000.0,5000.0,79681.792974,92314.491245,16881.313727,0,true,true,1.0,-0.01,0
2,1166,58.3,69393.141282,-34680.629341,15396.229369,-7695.748503,12292.817015,-3501.612401,-903.771992,1079.817785,7.226224,-7.255189,-166.296219,0.0,0.0,1.0,0.0,0.0,0.139986,2.0,-5951.117658,204.286254,-4475.829896,94.896932,3.0,33172.821015,203076.889111,-94447.766477,83.503857,0,0,0,0,0,40000.0,30266.939453,16282.541016,40000.0,40000.0,40000.0,40000.0,27399.773438,40000.0,40000.0,40000.0,40000.0,40000.0,40000.0,40000.0,40000.0,40000.0,40000.0,40000.0,40000.0,40000.0,40000.0,40000.0,40000.0,5000.0,79976.170265,91918.336734,16870.49915,0,true,true,1.0,-0.01,0
2,1167,58.35,69553.560345,27627.068996,15437.56313,54758.185373,12245.775027,-3519.210942,-906.119725,1005.875786,7.186785,-7.34661,-165.985489,0.0,0.0,1.0,0.0,-0.069993,0.209979,2.0,-5772.926199,188.072556,-4454.573035,95.177259,3.0,33749.401634,202918.906722,-94686.766193,83.476074,0,0,0,0,0,40000.0,30135.792969,16140.1875,40000.0,40000.0,40000.0,40000.0,27440.117188,40000.0,40000.0,40000.0,40000.0,40000.0,40000.0,40000.0,40000.0,40000.0,40000.0,40000.0,40000.0,40000.0,40000.0,40000.0,40000.0,5000.0,80310.266023,91481.3668,16875.970932,0,true,true,1.0,-0.01,0
2,1168,58.4,69767.189296,-34894.258292,15492.517369,-7750.702742,12188.442045,-3547.293596,-912.292367,916.217721,7.122177,-7.492064,-165.484436,0.0,0.0,1.0,0.0,0.0,0.279972,2.0,-5554.397822,176.378215,-4381.389773,95.705432,3.0,34849.460313,202653.148455,-94976.08209,83.443154,0,0,0,0,0,40000.0,15441.755859,15951.894531,40000.0,40000.0,40000.0,40000.0,27519.628906,40000.0,40000.0,40000.0,40000.0,40000.0,40000.0,40000.0,40000.0,40000.0,40000.0,40000.0,40000.0,40000.0,40000.0,40000.0,40000.0,5000.0,80887.521618,90772.371862,16907.341117,0,true,true,1.0,-0.01,0
2,1169,58.45,69928.971052,27465.28724,15534.143128,54716.559614,12148.821469,-3562.119723,-916.882466,849.246409,7.064506,-7.616933,-165.045105,0.0,0.0,1.0,0.0,0.0,0.209979,2.0,-5402.871808,173.96132,-4293.868316,96.150253,3.0,35906.465498,202410.709546,-95175.112352,83.422549,0,0,0,0,0,30599.339844,15262.902344,15810.469727,40000.0,40000.0,40000.0,40000.0,27598.554688,40000.0,40000.0,40000.0,40000.0,40000.0,40000.0,40000.0,40000.0,40000.0,40000.0,40000.0,40000.0,40000.0,40000.0,40000.0,40000.0,5000.0,81413.087009,90146.843921,16946.149736,0,true,true,1.0,-0.01,0
2,1170,58.5,70101.830438,-35067.117679,15578.70624,-7795.265854,12109.974517,-3579.542109,-923.69901,782.245619,7.001293,-7.749974,-164.571564,0.0,0.0,1.0,0.0,0.0,0.139986,2.0,-5253.793488,172.16818,-4170.486494,96.688586,3.0,37045.514108,202143.631501,-95373.731475,83.403672,0,0,0,0,0,30158.621094,15073.216797,15660.328125,40000.0,40000.0,40000.0,40000.0,27686.5,40000.0,40000.0,40000.0,40000.0,40000.0,40000.0,40000.0,40000.0,40000.0,40000.0,40000.0,40000.0,40000.0,40000.0,40000.0,40000.0,5000.0,81974.889961,89469.400074,16991.032282,0,true,true,1.0,-0.01,0
2,1171,58.55,70266.634214,27300.483465,15621.341961,54673.923893,12075.952874,-3595.750852,-931.586484,721.666932,6.933089,-7.8895,-164.069473,0.0,0.0,1.0,0.0,0.0,0.209979,2.0,-5124.037937,175.737257,-4028.634216,97.226849,3.0,38320.185917,201849.394078,-95546.016575,83.388691,0,0,0,0,0,29720.542969,14891.038086,15518.59668,40000.0,40000.0,40000.0,40000.0,27787.646484,40000.0,40000.0,40000.0,40000.0,40000.0,40000.0,40000.0,40000.0,40000.0,40000.0,40000.0,40000.0,40000.0,40000.0,40000.0,40000.0,5000.0,82581.906388,88746.384207,17047.420239,0,true,true,1.0,-0.01,0
2,1172,58.6,70484.980791,-35285.464255,15678.17303,-7852.096923,12035.232038,-3613.237603,-943.406021,644.3104,6.826828,-8.098385,-163.303986,0.0,0.0,1.0,0.0,-0.069993,0.209979,2.0,-4968.565246,190.048786,-3807.194659,97.92583,3.0,40380.458053,201376.959774,-95746.696347,83.373613,0,0,0,0,0,29156.517578,14646.918945,15333.834961,40000.0,40000.0,40000.0,40000.0,27956.683594,40000.0,40000.0,40000.0,40000.0,40000.0,40000.0,40000.0,40000.0,40000.0,40000.0,40000.0,40000.0,40000.0,40000.0,40000.0,40000.0,5000.0,83526.398129,87634.417191,17146.343956,0,true,true,1.0,-0.01,0
2,1173,58.65,70650.226134,27135.238121,15721.539179,54630.557744,12007.550961,-3624.482082,-953.801699,588.217952,6.737917,-8.270942,-162.678177,0.0,0.0,1.0,0.0,-0.069993,0.209979,2.0,-4862.280438,205.207149,-3616.769112,98.423298,3.0,42115.850203,200971.473325,-95877.478702,83.365674,0,0,0,0,0,28993.720703,14462.467773,15196.417969,40000.0,40000.0,40000.0,40000.0,28104.294922,40000.0,40000.0,40000.0,40000.0,40000.0,40000.0,40000.0,40000.0,40000.0,40000.0,40000.0,40000.0,40000.0,40000.0,40000.0,40000.0,5000.0,84298.799504,86716.585919,17239.903374,0,true,true,1.0,-0.01,0
2,1174,58.7,70818.742026,-35453.980147,15766.167592,-7896.725336,11981.976051,-3636.71656,-966.355298,534.039678,6.642268,-8.448278,-162.018936,0.0,0.0,1.0,0.0,-0.069993,0.279972,2.0,-4763.455191,222.517936,-3403.850265,98.887042,3.0,43951.414529,200527.379635,-95998.678366,83.360615,0,0,0,0,0,28831.464844,14275.697266,15058.09375,40000.0,40000.0,40000.0,40000.0,28266.587891,40000.0,40000.0,40000.0,40000.0,40000.0,40000.0,40000.0,40000.0,40000.0,40000.0,40000.0,40000.0,40000.0,40000.0,40000.0,40000.0,5000.0,85106.042899,85742.743179,17338.969091,0,true,true,1.0,-0.01,0
2,1175,58.75,70983.776266,26970.203881,15810.343184,54586.382151,11959.362797,-3645.985984,-979.695138,482.391027,6.537712,-8.635941,-161.313507,0.0,0.0,1.0,0.0,-0.069993,0.279972,2.0,-4674.723516,244.516212,-3180.450024,99.259349,3.0,45966.216587,200028.616532,-96099.363739,83.358643,0,0,0,0,0,28677.861328,14092.645508,14925.46875,40000.0,40000.0,40000.0,40000.0,28451.015625,40000.0,40000.0,40000.0,40000.0,40000.0,40000.0,40000.0,40000.0,40000.0,40000.0,40000.0,40000.0,40000.0,40000.0,40000.0,40000.0,5000.0,85971.211088,84691.284748,17451.862037,0,true,true,1.0,-0.01,0
2,1176,58.8,71210.480327,-35680.684208,15871.934125,-7958.316276,11932.12324,-3656.774342,-1000.399275,414.377006,6.384412,-8.905709,-160.305939,0.0,0.0,1.0,0.0,0.0,0.209979,2.0,-4563.402731,277.513769,-2852.386461,99.605804,3.0,48871.88479,199278.347106,-96210.744692,83.360859,0,0,0,0,0,28475.384766,13844.130859,14747.286133,40000.0,40000.0,40000.0,40000.0,28729.208984,40000.0,40000.0,40000.0,40000.0,40000.0,40000.0,40000.0,40000.0,40000.0,40000.0,40000.0,40000.0,40000.0,40000.0,40000.0,40000.0,5000.0,87189.942543,83173.387702,17627.675875,0,true,true,1.0,-0.01,0
2,1177,58.85,71390.801488,26789.88272,15921.803518,54536.512758,11913.508157,-3650.173718,-1015.117658,357.607646,6.261013,-9.117778,-159.516312,0.0,0.0,1.0,0.0,0.0,0.279972,2.0,-4481.869636,302.181725,-2576.520742,99.700183,3.0,51129.576128,198662.997592,-96283.329791,83.366104,0,0,0,0,0,28143.675781,13650.532227,14607.5,40000.0,40000.0,40000.0,40000.0,28956.626953,40000.0,40000.0,40000.0,40000.0,40000.0,40000.0,40000.0,40000.0,40000.0,40000.0,40000.0,40000.0,40000.0,40000.0,40000.0,40000.0,5000.0,88120.87071,81971.936996,17773.513392,0,true,true,1.0,-0.01,0
2,1178,58.9,71572.749083,-35862.631803,15973.013658,-8009.526416,11897.286841,-3669.615255,-1039.166832,312.067968,6.127723,-9.343066,-158.683243,0.0,0.0,1.0,0.0,-0.069993,0.209979,2.0,-4404.094038,329.219989,-2289.273835,99.61499,3.0,53537.886311,197982.487611,-96334.998782,83.376562,0,0,0,0,0,27625.564453,13457.12793,14469.691406,40000.0,40000.0,40000.0,40000.0,29087.693359,40000.0,40000.0,40000.0,40000.0,40000.0,40000.0,40000.0,40000.0,40000.0,40000.0,40000.0,40000.0,40000.0,40000.0,40000.0,40000.0,5000.0,89090.463227,80691.965282,17939.054734,0,true,true,1.0,-0.01,0
2,1179,58.95,71752.096997,26610.534806,16024.457692,54485.068724,11883.689332,-3673.649811,-1060.64389,263.997885,5.988096,-9.584226,-157.831802,0.0,0.0,1.0,0.0,0.0,0.139986,2.0,-4330.070494,357.236936,-2001.423164,99.3106,3.0,56036.91758,197252.905886,-96356.054823,83.389834,0,0,0,0,0,27121.671875,13269.163086,14337.482422,40000.0,40000.0,40000.0,40000.0,29132.21875,40000.0,40000.0,40000.0,40000.0,40000.0,40000.0,40000.0,40000.0,40000.0,40000.0,40000.0,40000.0,40000.0,40000.0,40000.0,40000.0,5000.0,90064.107477,79369.514829,18134.204483,0,true,true,1.0,-0.01,0
2,1180,59.0,71914.926247,-36025.461053,16072.061909,-8057.130633,11873.233419,-3677.807292,-1082.11846,222.323134,5.851106,-9.815746,-157.016693,0.0,0.0,1.0,0.0,0.0,0.0,2.0,-4264.789198,384.739364,-1739.180641,98.834629,3.0,58455.335034,196520.935871,-96353.953788,83.405137,0,0,0,0,0,26664.207031,13100.324219,17703.371094,40000.0,40000.0,40000.0,40000.0,29175.982422,40000.0,40000.0,40000.0,40000.0,40000.0,40000.0,40000.0,40000.0,40000.0,40000.0,40000.0,40000.0,40000.0,40000.0,40000.0,40000.0,5000.0,90983.720349,78091.452296,18331.004231,0,true,true,1.0,-0.01,0
2,1181,59.05,72134.086394,26391.374659,16137.641272,54419.48936,11862.062686,-3677.516709,-1111.783194,166.786287,4.941642,-10.095155,-156.00473,0.0,0.0,1.0,-1.0,0.0,0.069993,2.0,-4177.668217,394.819859,-1389.992957,97.896472,3.0,61356.723553,194331.890629,-98856.407553,83.430303,0,0,0,0,0,24551.087891,12878.068359,17844.296875,40000.0,40000.0,40000.0,40000.0,29246.410156,40000.0,40000.0,40000.0,40000.0,40000.0,40000.0,40000.0,40000.0,40000.0,40000.0,40000.0,40000.0,40000.0,40000.0,40000.0,40000.0,5000.0,92080.325034,76726.198038,17585.788944,0,true,true,1.0,-0.01,0
2,1182,59.1,72297.364207,-36188.738866,16187.703299,-8107.192659,11855.819178,-3681.214467,-1136.714319,128.333922,3.622633,-10.28716,-155.279465,0.0,0.0,1.0,0.0,0.0,0.0,2.0,-4111.326448,390.891413,-1137.130442,96.971467,3.0,63382.961525,191542.876871,-102853.211534,83.453574,0,0,0,0,0,24167.146484,12714.780273,40000.0,40000.0,40000.0,40000.0,40000.0,29304.503906,40000.0,40000.0,40000.0,40000.0,40000.0,40000.0,40000.0,40000.0,40000.0,40000.0,40000.0,40000.0,40000.0,40000.0,40000.0,40000.0,5000.0,92841.438335,75929.578409,16188.123849,0,true,true,1.0,-0.01,0
2,1183,59.15,72459.900268,26228.838598,16238.620786,54368.571873,11851.307315,-3679.014906,-1160.850853,89.7643,2.53364,-10.424559,-154.710541,0.0,0.0,1.0,0.0,0.0,0.0,2.0,-4044.054303,387.23496,-886.810054,95.896885,3.0,64798.822908,189207.354487,-106146.091593,83.479297,0,0,0,0,0,23840.507812,12554.754883,40000.0,40000.0,40000.0,40000.0,40000.0,29369.533203,40000.0,40000.0,40000.0,40000.0,40000.0,40000.0,40000.0,40000.0,40000.0,40000.0,40000.0,40000.0,40000.0,40000.0,40000.0,40000.0,5000.0,93394.304238,75302.472391,15026.48437,0,true,true,1.0,-0.01,0
2,1184,59.2,72672.145611,-36400.984209,16306.787619,-8175.359492,11847.865853,-3678.24845,-1193.84465,42.226548,1.475137,-10.54726,-154.155701,0.0,0.0,1.0,0.0,0.0,0.0,2.0,-3951.587779,381.807426,-566.978718,94.308144,3.0,65931.031459,186906.209,-109340.850898,83.51832,0,0,0,0,0,23475.755859,12347.763672,40000.0,40000.0,40000.0,40000.0,40000.0,29461.376953,40000.0,40000.0,40000.0,40000.0,40000.0,40000.0,40000.0,40000.0,40000.0,40000.0,40000.0,40000.0,40000.0,40000.0,40000.0,40000.0,5000.0,93870.869593,74677.717822,13899.937454,0,true,true,1.0,-0.01,0
2,1185,59.25,72831.04102,26069.943189,16359.082083,54316.277409,11847.052794,-3675.493652,-1217.989422,7.658861,0.89675,-10.609794,-153.851807,0.0,0.0,1.0,0.0,0.0,0.0,2.0,-3876.984451,375.267962,-336.513192,93.033018,3.0,66363.506039,185647.725936,-111097.873408,83.55082,0,0,0,0,0,23237.134766,12193.428711,40000.0,40000.0,40000.0,40000.0,40000.0,29533.322266,40000.0,40000.0,40000.0,40000.0,40000.0,40000.0,40000.0,40000.0,40000.0,40000.0,40000.0,40000.0,40000.0,40000.0,40000.0,40000.0,5000.0,94084.781466,74332.975215,13282.018536,0,true,true,1.0,-0.01,0
2,1186,59.3,73046.759021,-36616.70221,16431.806551,-8248.08396,11848.28475,-3670.806046,-1250.104639,-37.353124,0.335874,-10.667385,-153.556671,0.0,0.0,1.0,0.0,0.0,0.0,2.0,-3766.106156,361.150877,-41.165275,91.272486,3.0,66520.850204,184444.287768,-112830.637934,83.599609,0,0,0,0,0,22947.349609,11983.978516,40000.0,40000.0,40000.0,40000.0,40000.0,29633.482422,40000.0,40000.0,40000.0,40000.0,40000.0,40000.0,40000.0,40000.0,40000.0,40000.0,40000.0,40000.0,40000.0,40000.0,40000.0,40000.0,5000.0,94226.735179,74000.825453,12675.912144,0,true,true,1.0,-0.01,0
2,1187,59.35,73204.990678,25911.711531,16486.390925,54261.693035,11850.794388,-3669.173427,-1273.773484,-68.372163,0.030311,-10.697498,-153.395706,0.0,0.0,1.0,0.0,0.0,0.0,2.0,-3677.341673,347.242992,158.876735,90.051424,3.0,66433.848562,183803.005788,-113795.252374,83.639209,0,0,0,0,0,22750.212891,11830.013672,17155.714844,40000.0,40000.0,40000.0,40000.0,29707.697266,40000.0,40000.0,40000.0,40000.0,40000.0,40000.0,40000.0,40000.0,40000.0,40000.0,40000.0,40000.0,40000.0,40000.0,40000.0,40000.0,5000.0,94260.898486,73822.598058,12340.700265,0,true,true,1.0,-0.01,0
2,1188,59.4,73367.274949,-36778.98648,16543.448155,-8305.141189,11854.759528,-3665.33368,-1296.73232,-99.43013,-0.201521,-10.719752,-153.273514,0.0,0.0,1.0,0.0,0.0,0.0,2.0,-3578.919632,329.225247,347.206989,88.877969,3.0,66189.572971,183334.549202,-114550.668388,83.682158,0,0,0,0,0,22559.353516,11671.734375,12999.761719,40000.0,40000.0,40000.0,40000.0,29784.220703,40000.0,40000.0,40000.0,40000.0,40000.0,40000.0,40000.0,40000.0,40000.0,40000.0,40000.0,40000.0,40000.0,40000.0,40000.0,40000.0,5000.0,94242.254631,73691.493658,12080.553113,0,true,true,1.0,-0.01,0
2,1189,59.45,73578.995779,25699.990701,16619.465468,54185.675722,11861.902757,-3662.716428,-1326.490542,-137.478392,-0.426688,-10.740875,-153.154755,0.0,0.0,1.0,0.0,0.0,0.0,2.0,-3440.081151,301.105564,563.319791,87.620174,3.0,65723.0173,182902.502058,-115313.389951,83.7429,0,0,0,0,0,22320.388672,11464.387695,12807.145508,40000.0,40000.0,40000.0,40000.0,29883.964844,40000.0,40000.0,40000.0,40000.0,40000.0,40000.0,40000.0,40000.0,40000.0,40000.0,40000.0,40000.0,40000.0,40000.0,40000.0,40000.0,5000.0,94166.822896,73569.560339,11820.687441,0,true,true,1.0,-0.01,0
2,1190,59.5,73740.112008,-36940.102709,16678.479245,-8364.154967,11868.798614,-3657.77475,-1347.223383,-165.711093,-0.549147,-10.75216,-153.090134,0.0,0.0,1.0,0.0,0.0,0.0,2.0,-3326.429639,276.29666,703.268706,86.824052,3.0,65274.319203,182687.353415,-115752.79654,83.791182,0,0,0,0,0,22144.546875,11305.946289,12649.682617,40000.0,40000.0,40000.0,40000.0,29959.671875,40000.0,40000.0,40000.0,40000.0,40000.0,40000.0,40000.0,40000.0,40000.0,40000.0,40000.0,40000.0,40000.0,40000.0,40000.0,40000.0,5000.0,94077.059837,73508.063972,11673.233119,0,true,true,1.0,-0.01,0
2,1191,59.55,73957.247654,25482.855055,16759.54388,54104.611087,11879.989378,-3653.411465,-1374.773602,-201.447654,-0.667289,-10.762912,-153.027786,0.0,0.0,1.0,0.0,0.0,0.0,2.0,-3163.371825,239.109543,855.501688,86.150769,3.0,64578.882003,182505.563027,-116208.364558,83.860635,0,0,0,0,0,21912.777344,11091.507812,12434.916016,40000.0,40000.0,40000.0,40000.0,30061.150391,40000.0,40000.0,40000.0,40000.0,40000.0,40000.0,40000.0,40000.0,40000.0,40000.0,40000.0,40000.0,40000.0,40000.0,40000.0,40000.0,5000.0,93924.822329,73455.086919,11523.080252,0,true,true,1.0,-0.01,0
2,1192,59.6,74115.91668,-37098.771735,16819.844949,-8424.456035,11889.453322,-3652.316138,-1394.784765,-225.872194,-0.731341,-10.768685,-152.993973,0.0,0.0,1.0,0.0,0.0,0.0,2.0,-3038.40291,210.047888,938.863219,86.003807,3.0,64026.768837,182423.133879,-116475.082785,83.914561,0,0,0,0,0,21745.501953,10934.091797,12276.566406,40000.0,40000.0,40000.0,40000.0,30134.849609,40000.0,40000.0,40000.0,40000.0,40000.0,40000.0,40000.0,40000.0,40000.0,40000.0,40000.0,40000.0,40000.0,40000.0,40000.0,40000.0,5000.0,93798.51659,73430.359716,11436.748291,0,true,true,1.0,-0.01,0
2,1193,59.65,74331.00781,25267.763926,16902.96909,54021.486945,11903.977032,-3644.555214,-1418.293617,-258.611791,-0.793513,-10.774252,-152.961151,0.0,0.0,1.0,0.0,0.0,0.0,2.0,-2862.074183,168.880327,1013.042775,85.987689,3.0,63229.18353,182366.520593,-116762.467893,83.988623,0,0,0,0,0,21520.763672,10719.810547,12060.163086,40000.0,40000.0,40000.0,40000.0,30234.060547,40000.0,40000.0,40000.0,40000.0,40000.0,40000.0,40000.0,40000.0,40000.0,40000.0,40000.0,40000.0,40000.0,40000.0,40000.0,40000.0,5000.0,93610.498881,73412.181991,11345.830853,0,true,true,1.0,-0.01,0
2,1194,59.7,74491.051995,-37258.81592,16965.804908,-8487.291853,11915.972747,-3645.535236,-1437.509904,-280.531407,-0.82711,-10.777245,-152.943405,0.0,0.0,1.0,0.0,0.0,0.0,2.0,-2727.22794,137.751907,1038.725863,86.519407,3.0,62609.75929,182351.783876,-116937.06109,84.048262,0,0,0,0,0,21354.261719,10559.669922,11898.392578,40000.0,40000.0,40000.0,40000.0,30307.341797,40000.0,40000.0,40000.0,40000.0,40000.0,40000.0,40000.0,40000.0,40000.0,40000.0,40000.0,40000.0,40000.0,40000.0,40000.0,40000.0,5000.0,93461.791643,73406.312692,11291.87871,0,true,true,1.0,-0.01,0
2,1195,59.75,74653.71852,25105.0974,17030.497752,53956.794101,11929.175203,-3639.705827,-1453.590392,-303.115122,-0.852603,-10.779509,-152.929947,0.0,0.0,1.0,0.0,0.0,0.0,2.0,-2587.816972,106.292861,1039.064858,87.055489,3.0,61962.02358,182354.965878,-117086.963873,84.108125,0,0,0,0,0,21185.335938,10396.362305,11732.405273,40000.0,40000.0,40000.0,40000.0,30381.335938,40000.0,40000.0,40000.0,40000.0,40000.0,40000.0,40000.0,40000.0,40000.0,40000.0,40000.0,40000.0,40000.0,40000.0,40000.0,40000.0,5000.0,93304.523416,73405.445266,11246.585394,0,true,true,1.0,-0.01,0
2,1196,59.8,74866.46751,-37471.564911,17116.306982,-8573.101083,11947.871547,-3640.798555,-1476.960712,-329.697774,-0.87718,-10.781685,-152.916977,0.0,0.0,1.0,0.0,0.0,0.0,2.0,-2404.160667,66.554588,1000.978165,88.503142,3.0,61095.520559,182376.273049,-117253.631844,84.19208,0,0,0,0,0,20964.345703,10181.919922,11514.647461,40000.0,40000.0,40000.0,40000.0,30297.558594,40000.0,40000.0,40000.0,40000.0,40000.0,40000.0,40000.0,40000.0,40000.0,40000.0,40000.0,40000.0,40000.0,40000.0,40000.0,40000.0,5000.0,93092.395743,73409.164898,11197.38236,0,true,true,1.0,-0.01,0
2,1197,59.85,75025.646393,24945.918517,17181.360437,53891.740646,11962.883037,-3638.894609,-1492.546943,-349.086522,-0.890534,-10.782866,-152.909912,0.0,0.0,1.0,0.0,0.0,0.0,2.0,-2266.721232,38.589812,945.034534,89.74613,3.0,60435.649633,182401.477302,-117360.697575,84.255498,0,0,0,0,0,20798.730469,10020.84668,11350.958984,40000.0,40000.0,40000.0,40000.0,30218.072266,40000.0,40000.0,40000.0,40000.0,40000.0,40000.0,40000.0,40000.0,40000.0,40000.0,40000.0,40000.0,40000.0,40000.0,40000.0,40000.0,5000.0,92929.872047,73414.591073,11166.521516,0,true,true,1.0,-0.01,0
2,1198,59.9,75218.787044,-37664.705561,17261.260246,-8653.000892,11982.432412,-3616.985068,-1502.510175,-374.749403,-0.900292,-10.783727,-152.90477,0.0,0.0,1.0,0.0,0.0,0.0,2.0,-2097.874996,7.332555,847.004359,90.683567,3.0,59620.388202,182444.243171,-117467.849887,84.326514,0,0,0,0,0,20597.576172,9824.75293,11151.420898,40000.0,40000.0,40000.0,40000.0,30118.732422,40000.0,40000.0,40000.0,40000.0,40000.0,40000.0,40000.0,40000.0,40000.0,40000.0,40000.0,40000.0,40000.0,40000.0,40000.0,40000.0,5000.0,92727.842496,73424.642549,11136.741867,0,true,true,1.0,-0.01,0
2,1199,59.95,75391.813934,24772.891627,17333.62556,53819.375333,11999.988993,-3614.677979,-1515.990916,-341.180076,-0.907422,-10.784355,-152.901001,1.0,0.0,1.0,0.0,0.0,0.0,2.0,-1948.838333,-16.911377,730.316339,92.958202,3.0,58885.625343,182483.69013,-117559.468787,84.402119,0,0,0,0,0,20417.175781,9648.485352,10972.067383,40000.0,40000.0,40000.0,40000.0,30028.232422,40000.0,40000.0,40000.0,40000.0,40000.0,40000.0,40000.0,40000.0,40000.0,40000.0,40000.0,40000.0,40000.0,40000.0,40000.0,40000.0,5000.0,92545.456672,73434.036258,11111.651271,0,true,true,1.0,-0.01,0
2,1200,60.0,75555.856637,-37828.748263,17402.738119,-8722.113451,12011.880286,-3595.886172,-1518.372033,-221.987027,-0.912726,-10.784822,-152.898193,1.0,0.0,1.0,0.0,0.0,0.0,2.0,-1800.660661,-36.143994,578.309419,95.347637,3.0,58188.990023,182522.519942,-117661.141735,84.468076,0,0,0,0,0,20244.945312,9481.038086,10801.613281,40000.0,40000.0,40000.0,40000.0,29941.425781,40000.0,40000.0,40000.0,40000.0,40000.0,40000.0,40000.0,40000.0,40000.0,40000.0,40000.0,40000.0,40000.0,40000.0,40000.0,40000.0,5000.0,92372.268663,73443.395289,11084.606812,0,true,true,1.0,-0.01,0
2,1201,60.05,75777.037402,24551.710862,17496.674097,53725.439355,12020.449995,-3568.573612,-1521.677538,-117.407413,-0.917793,-10.785269,-152.895523,0.0,0.0,1.0,0.0,0.0,0.0,2.0,-1588.894342,-55.143681,315.872094,98.200571,3.0,57250.10922,182576.751423,-117822.008359,84.540371,0,0,0,0,0,20012.726562,9254.682617,10571.796875,40000.0,40000.0,40000.0,40000.0,29822.816406,40000.0,40000.0,40000.0,40000.0,40000.0,40000.0,40000.0,40000.0,40000.0,40000.0,40000.0,40000.0,40000.0,40000.0,40000.0,40000.0,5000.0,92138.475764,73456.620187,11042.836868,0,true,true,1.0,-0.01,0
2,1202,60.1,75939.017051,-37990.727913,17566.160633,-8791.599988,12026.679692,-3572.128955,-1536.883626,-146.420541,-0.920488,-10.785506,-152.894104,0.0,0.0,1.0,0.0,0.0,0.0,2.0,-1434.518634,-63.047678,111.464023,99.237477,3.0,56559.451355,182616.433281,-117937.392373,84.592061,0,0,0,0,0,19842.029297,9088.411133,10401.833984,40000.0,40000.0,40000.0,40000.0,29734.746094,40000.0,40000.0,40000.0,40000.0,40000.0,40000.0,40000.0,40000.0,40000.0,40000.0,40000.0,40000.0,40000.0,40000.0,40000.0,40000.0,5000.0,91966.304562,73466.363464,11013.164627,0,true,true,1.0,-0.01,0
2,1203,60.15,76095.464379,24395.263534,17633.84174,53657.758248,12033.902958,-3573.695965,-1550.191851,-173.599696,-0.922533,-10.785686,-152.893021,0.0,0.0,1.0,0.0,0.0,0.0,2.0,-1287.560813,-65.388918,-81.654495,97.977734,3.0,55889.434237,182654.152723,-118042.715164,84.642988,0,0,0,0,0,19676.607422,8927.438477,10237.883789,40000.0,40000.0,40000.0,40000.0,28297.685547,40000.0,40000.0,40000.0,40000.0,40000.0,40000.0,40000.0,40000.0,40000.0,40000.0,40000.0,40000.0,40000.0,40000.0,40000.0,40000.0,5000.0,91799.174526,73475.65886,10986.207062,0,true,true,1.0,-0.01,0
2,1204,60.2,76305.923665,-38201.187199,17725.058363,-8882.816611,12045.416142,-3577.228106,-1521.136828,-206.225726,-0.92451,-10.78586,-152.891968,0.0,-1.0,1.0,0.0,0.0,0.0,2.0,-1089.599558,-57.674696,-318.271848,91.084803,3.0,54985.025678,182706.25603,-118175.250256,84.712959,0,0,0,0,0,19453.988281,8710.728516,10017.175781,40000.0,40000.0,40000.0,40000.0,27926.048828,40000.0,40000.0,40000.0,40000.0,40000.0,40000.0,40000.0,40000.0,40000.0,40000.0,40000.0,40000.0,40000.0,40000.0,40000.0,40000.0,5000.0,91573.434219,73488.554655,10952.467215,0,true,true,1.0,-0.01,0
2,1205,60.25,76466.398467,24234.788732,17789.427243,53593.389368,12055.193033,-3589.003515,-1397.198608,-223.741707,-0.925578,-10.785954,-152.891403,0.0,-1.0,1.0,0.0,0.0,0.0,3.0,54303.139542,182765.580011,-118269.700331,84.75916,2.0,-930.05979,-24.990152,-466.598384,81.736288,0,0,0,0,0,19290.044922,8549.293945,9852.695312,40000.0,40000.0,40000.0,40000.0,27844.871094,40000.0,40000.0,40000.0,40000.0,255.829773,40000.0,40000.0,40000.0,40000.0,40000.0,40000.0,40000.0,40000.0,40000.0,40000.0,40000.0,5000.0,91403.158165,73503.315391,10928.527268,0,true,true,1.0,-0.01,0
2,1206,60.3,76629.062555,-38363.851288,17848.987311,-8942.376679,12065.851399,-3601.541249,-1277.925463,-240.429,-0.926381,-10.786025,-152.890991,0.0,-1.0,1.0,0.0,0.0,0.0,3.0,53621.0584,182846.703737,-118360.114272,84.794404,2.0,-759.567707,33.598096,-576.834559,69.74991,0,0,0,0,0,19130.205078,8389.766602,9690.248047,40000.0,40000.0,40000.0,40000.0,27769.261719,40000.0,40000.0,40000.0,40000.0,40000.0,40000.0,40000.0,40000.0,40000.0,40000.0,40000.0,40000.0,40000.0,40000.0,40000.0,40000.0,5000.0,91232.784913,73523.54347,10905.677501,0,true,true,1.0,-0.01,0
2,1207,60.35,76835.500777,24028.35051,17913.186414,53529.190265,12079.559621,-3501.654396,-996.169559,-231.269451,-0.927159,-10.786093,-152.890579,0.0,-1.0,0.0,0.0,0.0,0.0,3.0,52775.234873,182990.856162,-118470.248051,84.817725,2.0,-505.924947,148.130915,-646.291152,49.340732,0,0,0,0,0,18940.044922,8195.633789,9440.481445,40000.0,40000.0,40000.0,40000.0,27916.462891,40000.0,40000.0,40000.0,40000.0,40000.0,40000.0,40000.0,40000.0,40000.0,40000.0,40000.0,40000.0,40000.0,40000.0,40000.0,40000.0,5000.0,91021.471332,73559.530422,10877.905705,0,true,true,1.0,-0.01,0
2,1208,60.4,76992.100316,-38520.450826,17952.046608,-8981.236873,12089.880535,-3425.603553,-787.596177,-224.994905,-0.927578,-10.78613,-152.89035,0.0,-1.0,0.0,0.0,0.0,0.0,3.0,52150.974573,183135.69131,-118550.837872,84.814453,2.0,-279.135508,260.121726,-634.452609,25.04918,0,0,0,0,0,18806.695312,8055.510254,9086.830078,40000.0,40000.0,40000.0,40000.0,28161.345703,40000.0,40000.0,40000.0,40000.0,40000.0,40000.0,40000.0,40000.0,40000.0,40000.0,40000.0,40000.0,40000.0,40000.0,40000.0,40000.0,5000.0,90865.483004,73595.711618,10857.629699,0,true,true,1.0,-0.01,0
2,1209,60.45,77190.994539,23829.456287,17989.016011,53492.220862,12102.838547,-3337.100858,-531.581404,-216.136562,-0.927799,-10.78615,-152.890244,0.0,-1.0,0.0,0.0,0.0,0.0,3.0,51379.827,183364.530896,-118649.405042,84.783174,2.0,39.633838,414.430973,-529.932163,0.0,0,0,0,0,0,18651.097656,7886.591797,8633.888672,40000.0,40000.0,40000.0,40000.0,28472.009766,40000.0,40000.0,40000.0,40000.0,40000.0,40000.0,40000.0,40000.0,40000.0,40000.0,40000.0,40000.0,40000.0,40000.0,40000.0,40000.0,5000.0,90672.736471,73652.907004,10832.920304,0,true,true,1.0,-0.01,0
2,1210,60.5,77336.545224,-38666.001511,18007.105136,-8999.325998,12112.227182,-3272.731209,-349.249686,-210.147914,-0.927799,-10.78615,-152.890244,0.0,-1.0,0.0,0.0,0.0,0.0,3.0,50831.325678,183564.332307,-118718.914273,84.741172,2.0,273.937816,522.898757,-395.605501,0.0,0,0,0,0,0,18547.226562,7769.513672,8299.77832,40000.0,40000.0,40000.0,40000.0,28699.027344,40000.0,40000.0,40000.0,40000.0,40000.0,40000.0,40000.0,40000.0,40000.0,40000.0,40000.0,40000.0,40000.0,40000.0,40000.0,40000.0,5000.0,90535.611141,73702.857357,10815.542996,0,true,true,1.0,-0.01,0
2,1211,60.55,77478.901462,23687.100049,18017.281527,53482.04447,12121.102481,-3117.555314,-166.103135,-188.590075,-0.927799,-10.78615,-152.890244,0.0,-1.0,-1.0,0.0,0.0,0.0,3.0,50308.550038,183786.527115,-118785.975067,84.684697,2.0,495.599928,617.002904,-228.733625,0.0,0,0,0,0,0,18453.929688,7660.446289,7970.70166,9799.091797,40000.0,40000.0,40000.0,28920.857422,40000.0,40000.0,40000.0,40000.0,40000.0,40000.0,40000.0,40000.0,40000.0,40000.0,40000.0,40000.0,40000.0,40000.0,40000.0,40000.0,5000.0,90404.917231,73758.406059,10798.777798,0,true,true,1.0,-0.01,0
2,1212,60.6,77651.388427,-38838.488476,18018.506814,-9000.551284,12130.648662,-2872.982439,64.266312,-149.76218,-0.927799,-10.78615,-152.890244,0.0,-1.0,-1.0,0.0,0.0,0.0,3.0,49695.913599,184095.270225,-118868.826915,84.588555,2.0,768.742811,706.359108,7.987765,0.0,0,0,0,0,0,18353.234375,40000.0,7677.974609,9660.681641,40000.0,40000.0,40000.0,29189.253906,40000.0,40000.0,40000.0,40000.0,40000.0,40000.0,40000.0,40000.0,40000.0,40000.0,40000.0,40000.0,40000.0,40000.0,40000.0,40000.0,5000.0,90251.758121,73835.591836,10778.064836,0,true,true,1.0,-0.01,0
2,1213,60.65,77771.381372,23567.107104,18010.924764,53489.62652,12136.384924,-2697.398536,228.184861,-122.553319,-0.927799,-10.78615,-152.890244,0.0,-1.0,-1.0,0.0,0.0,0.0,3.0,49285.504349,184340.067891,-118927.627709,84.50374,2.0,956.430835,751.204633,184.613506,0.0,0,0,0,0,0,18292.507812,40000.0,7596.328613,9571.258789,40000.0,40000.0,40000.0,31233.574219,40000.0,40000.0,40000.0,40000.0,40000.0,40000.0,40000.0,40000.0,40000.0,40000.0,40000.0,40000.0,40000.0,40000.0,40000.0,40000.0,5000.0,90149.155808,73896.791253,10763.364637,0,true,true,1.0,-0.01,0
2,1214,60.7,77917.903095,-38985.010199,17993.880806,-8983.507325,12141.790326,-2331.263961,321.436972,-72.046051,-0.927799,-10.78615,-152.890244,0.0,0.0,-1.0,0.0,0.0,0.0,3.0,48799.497119,184666.645588,-119003.504351,84.378691,2.0,1195.982035,762.207867,409.546653,0.0,0,0,0,0,0,18227.023438,40000.0,7502.367676,9468.383789,40000.0,40000.0,40000.0,31460.966797,40000.0,40000.0,40000.0,40000.0,40000.0,40000.0,40000.0,40000.0,40000.0,40000.0,40000.0,40000.0,40000.0,40000.0,40000.0,40000.0,5000.0,90027.654001,73978.435677,10744.395477,0,true,true,1.0,-0.01,0
2,1215,60.75,78011.765561,23473.244638,17978.038454,53505.468872,12143.880347,-2079.775274,386.481943,-36.05099,-0.927799,-10.78615,-152.890244,0.0,0.0,-1.0,0.0,0.0,0.0,3.0,48498.00298,184893.322074,-119056.1088,84.284316,2.0,1359.893051,731.861604,555.587726,0.0,0,0,0,0,0,18190.546875,40000.0,7445.86084,9406.494141,40000.0,40000.0,40000.0,31606.486328,40000.0,40000.0,40000.0,40000.0,40000.0,40000.0,40000.0,40000.0,40000.0,40000.0,40000.0,40000.0,40000.0,40000.0,40000.0,40000.0,5000.0,89952.280466,74035.104799,10731.244364,0,true,true,1.0,-0.01,0
2,1216,60.8,78094.744952,-39067.989591,17959.522792,-8964.991664,12144.481172,-1837.387828,448.181481,-2.660454,-0.927799,-10.78615,-152.890244,0.0,0.0,-1.0,0.0,0.0,0.0,3.0,48240.475421,185109.71826,-119106.234325,84.192061,2.0,1512.54951,673.635783,682.193397,0.0,0,0,0,0,0,18163.263672,40000.0,7399.254883,9355.414062,40000.0,40000.0,40000.0,31734.9375,40000.0,40000.0,40000.0,40000.0,40000.0,40000.0,40000.0,40000.0,40000.0,40000.0,40000.0,40000.0,40000.0,40000.0,40000.0,40000.0,5000.0,89887.898576,74089.203845,10718.712983,0,true,true,1.0,-0.01,0
2,1217,60.85,78189.874494,23378.115097,17930.725263,53534.266401,12143.082808,-1530.308118,526.753298,40.173679,-0.927799,-10.78615,-152.890244,0.0,0.0,-1.0,0.0,0.0,0.0,3.0,47960.358145,185384.661378,-119169.753758,84.067305,2.0,1697.505902,559.226046,818.319275,0.0,0,0,0,0,0,18140.417969,40000.0,7351.403809,9303.041016,40000.0,40000.0,40000.0,31881.990234,40000.0,40000.0,40000.0,40000.0,40000.0,40000.0,40000.0,40000.0,40000.0,40000.0,40000.0,40000.0,40000.0,40000.0,40000.0,40000.0,5000.0,89817.869257,74157.939625,10702.833125,0,true,true,1.0,-0.01,0
2,1218,60.9,78257.24333,-39135.358427,17907.473179,-8941.73958,12140.322507,-1265.478563,437.46571,65.966032,-0.927799,-10.78615,-152.890244,0.0,1.0,-1.0,0.0,0.0,0.0,3.0,47768.427616,185589.44934,-119220.880882,83.966875,2.0,1829.368855,413.507561,903.262064,0.0,0,0,0,0,0,18127.380859,40000.0,7319.668945,9268.283203,40000.0,40000.0,40000.0,31985.998047,40000.0,40000.0,40000.0,40000.0,40000.0,40000.0,40000.0,40000.0,40000.0,40000.0,40000.0,40000.0,40000.0,40000.0,40000.0,40000.0,5000.0,89769.886625,74209.136615,10690.051344,0,true,true,1.0,-0.01,0
2,1219,60.95,78311.477863,23323.880564,17888.654323,53553.085258,12136.330013,-1015.212897,353.075646,89.001678,-0.927799,-10.78615,-152.890244,0.0,1.0,-1.0,0.0,0.0,0.0,3.0,47615.420416,185754.555624,-119268.967211,83.884219,2.0,1928.595699,225.041314,956.951832,0.0,0,0,0,0,0,18116.994141,40000.0,7294.169434,9240.390625,40000.0,40000.0,40000.0,32069.726562,40000.0,40000.0,40000.0,40000.0,40000.0,40000.0,40000.0,40000.0,40000.0,40000.0,40000.0,40000.0,40000.0,40000.0,40000.0,40000.0,5000.0,89731.634825,74250.413186,10678.029762,0,true,true,1.0,-0.01,0
2,1220,61.0,78352.807333,-39176.687897,17878.180109,-8931.265367,12132.363593,-891.655358,178.7589,89.221964,-0.927799,-10.78615,-152.890244,0.0,1.0,0.0,0.0,0.0,0.0,3.0,47492.589125,185866.529078,-119310.337337,83.820088,2.0,1975.50699,19.65878,979.368499,0.0,0,0,0,0,0,18103.675781,40000.0,7271.869141,9215.96582,40000.0,40000.0,40000.0,32133.660156,40000.0,40000.0,40000.0,40000.0,40000.0,40000.0,40000.0,40000.0,40000.0,40000.0,40000.0,40000.0,40000.0,40000.0,40000.0,40000.0,5000.0,89700.927002,74278.40655,10667.68723,0,true,true,1.0,-0.01,0
2,1221,61.05,78399.326859,23277.361039,17875.829379,53555.435988,12127.215334,-733.914376,-41.47893,87.280351,-0.927799,-10.78615,-152.890244,0.0,1.0,0.0,0.0,0.0,0.0,3.0,47337.943845,185958.865389,-119362.264125,83.767676,2.0,1963.788189,-300.695676,971.972228,0.0,0,0,0,0,0,18081.726562,40000.0,7239.79834,9180.805664,40000.0,40000.0,40000.0,32205.992188,40000.0,40000.0,40000.0,40000.0,40000.0,40000.0,40000.0,40000.0,40000.0,40000.0,40000.0,40000.0,40000.0,40000.0,40000.0,40000.0,5000.0,89662.265682,74301.490628,10654.705533,0,true,true,1.0,-0.01,0
2,1222,61.1,78428.615749,-39205.976787,17882.414382,-8937.85037,12123.400351,-620.091351,-200.12207,85.612154,-0.927799,-10.78615,-152.890244,0.0,1.0,0.0,0.0,0.0,0.0,3.0,47226.566816,185988.207566,-119399.496916,83.749238,2.0,1899.911487,-570.920664,938.845967,0.0,0,0,0,0,0,18068.710938,40000.0,7213.635254,9152.150391,40000.0,40000.0,40000.0,32251.773438,40000.0,40000.0,40000.0,40000.0,40000.0,40000.0,40000.0,40000.0,40000.0,40000.0,40000.0,40000.0,40000.0,40000.0,40000.0,40000.0,5000.0,89634.421425,74308.826172,10645.397335,0,true,true,1.0,-0.01,0
2,1223,61.15,78453.348549,23252.628238,17896.166684,53541.683686,12119.601157,-509.42999,-354.380325,84.01132,-0.927799,-10.78615,-152.890244,0.0,1.0,0.0,0.0,0.0,0.0,3.0,47118.279864,185983.740513,-119435.529113,83.748223,2.0,1788.23693,-860.73857,881.857292,0.0,0,0,0,0,0,18034.052734,40000.0,7185.438965,9121.267578,40000.0,40000.0,40000.0,32290.710938,40000.0,40000.0,40000.0,40000.0,40000.0,40000.0,40000.0,40000.0,40000.0,40000.0,40000.0,40000.0,40000.0,40000.0,40000.0,40000.0,5000.0,89607.349687,74307.709408,10636.389286,0,true,true,1.0,-0.01,0
2,1224,61.2,78486.000767,-39238.629005,17925.825092,-8967.508778,12115.89978,-552.003425,-564.664242,48.839899,-0.927799,-10.78615,-152.890244,0.0,1.0,1.0,0.0,0.0,0.0,3.0,46953.739267,185936.912978,-119481.195213,83.772549,2.0,1542.756339,-1247.46561,770.995434,0.0,0,0,0,0,0,17980.853516,40000.0,7139.680664,9071.150391,40000.0,40000.0,40000.0,32342.550781,40000.0,40000.0,40000.0,40000.0,40000.0,40000.0,40000.0,40000.0,40000.0,40000.0,40000.0,40000.0,40000.0,40000.0,40000.0,40000.0,5000.0,89566.214538,74296.002525,10624.972761,0,true,true,1.0,-0.01,0
2,1225,61.25,78511.942156,23226.686849,17955.937338,53511.571439,12114.485016,-581.221571,-712.099725,22.601865,-0.927799,-10.78615,-152.890244,0.0,1.0,1.0,0.0,0.0,0.0,3.0,46810.146361,185876.454328,-119513.337127,83.806104,2.0,1288.586522,-1518.50471,665.795934,0.0,0,0,0,0,0,17925.798828,40000.0,7098.46875,9026.011719,37908.472656,40000.0,40000.0,32383.919922,40000.0,40000.0,40000.0,40000.0,40000.0,40000.0,40000.0,40000.0,40000.0,40000.0,40000.0,40000.0,40000.0,40000.0,40000.0,40000.0,5000.0,89530.316311,74280.887862,10616.937283,0,true,true,1.0,-0.01,0
2,1226,61.3,78539.080211,-39265.76706,17992.403784,-9003.975224,12114.168617,-610.302933,-853.892529,-0.178109,-0.927799,-10.78615,-152.890244,0.0,1.0,1.0,0.0,0.0,0.0,3.0,46650.168029,185795.577112,-119543.797301,83.855098,2.0,982.997065,-1764.874956,544.868152,0.0,0,0,0,0,0,17870.888672,40000.0,7051.672852,8974.757812,37862.71875,40000.0,40000.0,32427.414062,40000.0,40000.0,40000.0,40000.0,40000.0,40000.0,40000.0,40000.0,40000.0,40000.0,40000.0,40000.0,40000.0,40000.0,40000.0,40000.0,5000.0,89490.321728,74260.668558,10609.322239,0,true,true,1.0,-0.01,0
2,1227,61.35,78581.149381,23184.617678,18049.341067,53454.634157,12115.785715,-749.776231,-945.171358,-43.929517,-0.927799,-10.78615,-152.890244,0.0,0.0,1.0,0.0,0.0,0.0,3.0,46399.864019,185668.883718,-119582.851558,83.93582,2.0,492.712949,-2034.459198,360.298403,0.0,0,0,0,0,0,17783.533203,40000.0,6978.828125,8894.972656,37768.859375,40000.0,40000.0,32494.777344,40000.0,40000.0,40000.0,40000.0,40000.0,40000.0,40000.0,40000.0,40000.0,40000.0,40000.0,40000.0,40000.0,40000.0,40000.0,40000.0,5000.0,89427.745726,74228.99521,10599.558675,0,true,true,1.0,-0.01,0
2,1228,61.4,78618.734457,-39303.352135,18093.124628,-9047.758785,12118.726166,-876.594125,-985.958835,-75.399101,-0.927799,-10.78615,-152.890244,0.0,0.0,1.0,0.0,0.0,0.0,3.0,46187.805928,185581.051305,-119609.858652,84.000742,2.0,88.467923,-2161.038648,216.060211,3.215198,0,0,0,0,0,17713.34375,40000.0,6919.003418,8829.449219,37691.902344,40000.0,40000.0,32554.769531,40000.0,40000.0,40000.0,40000.0,40000.0,40000.0,40000.0,40000.0,40000.0,40000.0,40000.0,40000.0,40000.0,40000.0,40000.0,40000.0,5000.0,89374.731203,74207.037106,10592.806901,0,true,true,1.0,-0.01,0
2,1229,61.45,78660.88355,23142.468585,18137.706736,53410.052049,12122.976857,-994.5322,-1023.057171,-105.958347,-0.927799,-10.78615,-152.890244,0.0,0.0,1.0,0.0,0.0,0.0,3.0,45957.373892,185498.723857,-119635.119856,84.063955,2.0,-332.003838,-2225.355618,71.567764,8.315889,0,0,0,0,0,17639.638672,40000.0,6855.266113,8759.673828,37610.039062,40000.0,40000.0,32621.841797,40000.0,40000.0,40000.0,40000.0,40000.0,40000.0,40000.0,40000.0,40000.0,40000.0,40000.0,40000.0,40000.0,40000.0,40000.0,40000.0,5000.0,89317.123194,74186.455245,10586.4916,0,true,true,1.0,-0.01,0
2,1230,61.5,78724.655859,-39367.124444,18199.383256,-9109.435305,12130.645528,-1143.126509,-1069.631489,-144.720885,-0.927799,-10.78615,-152.890244,0.0,0.0,1.0,0.0,0.0,0.0,3.0,45618.144174,185394.838115,-119666.842019,84.149395,2.0,-908.385417,-2220.700587,-118.680332,15.36464,0,0,0,0,0,17534.527344,40000.0,6763.115723,8658.745117,37491.734375,40000.0,40000.0,32723.173828,40000.0,40000.0,40000.0,40000.0,40000.0,40000.0,40000.0,40000.0,40000.0,40000.0,40000.0,40000.0,40000.0,40000.0,40000.0,40000.0,5000.0,89232.315765,74160.483809,10578.56106,0,true,true,1.0,-0.01,0
2,1231,61.55,78778.223293,23088.901151,18247.55276,53361.882545,12137.869592,-1249.198714,-1102.807588,-172.500463,-0.927799,-10.78615,-152.890244,0.0,0.0,1.0,0.0,0.0,0.0,3.0,45339.125632,185320.595905,-119689.382585,84.214795,2.0,-1341.737695,-2153.456195,-256.103379,20.938314,0,0,0,0,0,17450.228516,40000.0,6688.409668,8576.921875,37396.398438,40000.0,40000.0,32808.175781,40000.0,40000.0,40000.0,40000.0,40000.0,40000.0,40000.0,40000.0,40000.0,40000.0,40000.0,40000.0,40000.0,40000.0,40000.0,40000.0,5000.0,89162.561129,74141.923256,10572.925918,0,true,true,1.0,-0.01,0
2,1232,61.6,78836.478301,-39425.379452,18297.263312,-9159.145857,12146.301209,-1350.788599,-1134.543346,-199.165809,-0.927799,-10.78615,-152.890244,0.0,0.0,1.0,0.0,0.0,0.0,3.0,45040.048345,185249.428518,-119710.877101,84.281211,2.0,-1765.344107,-2036.592036,-385.633077,26.68323,0,0,0,0,0,17361.558594,40000.0,6609.182129,8490.111328,37294.324219,40000.0,40000.0,32900.472656,40000.0,40000.0,40000.0,40000.0,40000.0,40000.0,40000.0,40000.0,40000.0,40000.0,40000.0,40000.0,40000.0,40000.0,40000.0,40000.0,5000.0,89087.791807,74124.13141,10567.552289,0,true,true,1.0,-0.01,0
2,1233,61.65,78921.178648,23004.200804,18365.871053,53293.274805,12159.350372,-1479.807757,-1174.928327,-232.946449,-0.937284,-10.774911,-152.839539,0.0,0.0,1.0,0.0,0.069205,0.415228,3.0,44750.888211,185120.107228,-119746.124733,84.371484,2.0,-2303.611609,-1811.461339,-541.688486,34.315096,0,0,0,0,0,17225.226562,40000.0,6497.599121,8370.300781,37176.6875,40000.0,40000.0,32999.574219,40000.0,40000.0,40000.0,40000.0,40000.0,40000.0,40000.0,40000.0,40000.0,40000.0,40000.0,40000.0,40000.0,40000.0,40000.0,40000.0,5000.0,89047.100606,74023.899612,10544.573015,0,true,true,1.0,-0.01,0
2,1234,61.7,78995.771314,-39499.972117,18423.553034,-9216.827838,12171.492356,-1577.635982,-1205.034883,-259.826745,-0.969077,-10.744506,-152.669296,0.0,0.0,1.0,0.0,0.0,0.349965,3.0,44861.341017,184920.035805,-119788.145396,84.444375,2.0,-2711.395696,-1573.506517,-650.934441,40.284741,0,0,0,0,0,17080.652344,40000.0,6403.815918,8275.469727,37142.519531,40000.0,40000.0,33001.101562,40000.0,40000.0,40000.0,40000.0,40000.0,40000.0,40000.0,40000.0,40000.0,40000.0,40000.0,40000.0,40000.0,40000.0,40000.0,40000.0,5000.0,89175.101611,73745.817544,10496.507154,0,true,true,1.0,-0.01,0
2,1235,61.75,79070.506576,22929.465541,18479.431095,53237.396743,12184.029535,-1668.741574,-1235.249835,-282.444703,-1.013791,-10.705338,-152.429138,0.0,0.0,1.0,0.0,0.0,0.139986,3.0,45179.888181,184673.212729,-119834.000622,84.517285,2.0,-3063.913564,-1312.675346,-738.520058,45.346795,0,0,0,0,0,16923.847656,40000.0,6312.682129,8186.654785,37148.085938,40000.0,40000.0,32956.277344,40000.0,40000.0,40000.0,40000.0,40000.0,40000.0,40000.0,40000.0,40000.0,40000.0,40000.0,40000.0,40000.0,40000.0,40000.0,40000.0,5000.0,89392.447338,73361.907183,10437.259008,0,true,true,1.0,-0.01,0
2,1236,61.8,79176.568442,-39606.033983,18556.177439,-9293.574183,12202.388315,-1780.492729,-1272.310778,-312.200806,-1.082275,-10.65435,-152.059769,0.0,0.0,1.0,0.0,0.0,0.139986,3.0,45735.696582,184309.957261,-119891.823452,84.612773,2.0,-3475.298364,-923.429955,-831.230564,51.412964,0,0,0,0,0,16700.726562,40000.0,6185.975098,8064.550293,37176.578125,40000.0,40000.0,32876.3125,40000.0,40000.0,40000.0,40000.0,40000.0,40000.0,40000.0,40000.0,40000.0,40000.0,40000.0,40000.0,40000.0,40000.0,40000.0,40000.0,5000.0,89733.750091,72774.521901,10362.274544,0,true,true,1.0,-0.01,0
2,1237,61.85,79259.938955,22846.095028,18614.866558,53178.707624,12217.18714,-1861.791989,-1301.446405,-332.081027,-1.139929,-10.616888,-151.747528,0.0,0.0,1.0,0.0,0.0,0.139986,3.0,46249.561963,184012.680439,-119932.747387,84.687217,2.0,-3733.602592,-611.543317,-881.993563,55.301531,0,0,0,0,0,16524.875,40000.0,6088.13623,7971.280762,40000.0,40000.0,40000.0,32801.589844,40000.0,40000.0,40000.0,40000.0,40000.0,40000.0,40000.0,40000.0,40000.0,40000.0,40000.0,40000.0,40000.0,40000.0,40000.0,40000.0,5000.0,90026.55513,72279.492628,10308.932065,0,true,true,1.0,-0.01,0
2,1238,61.9,79358.833043,-39704.928071,18682.994521,-9361.702146,12235.209485,-1942.84469,-1329.490835,-355.620369,-1.202966,-10.584321,-151.404968,0.0,0.0,1.0,0.0,0.0,0.069993,3.0,46795.434079,183687.048796,-119969.607009,84.767012,2.0,-3971.652698,-245.938806,-920.472566,59.077433,0,0,0,0,0,16326.237305,40000.0,5972.70752,7859.830078,40000.0,40000.0,40000.0,32733.888672,40000.0,40000.0,40000.0,40000.0,40000.0,40000.0,40000.0,40000.0,40000.0,40000.0,40000.0,40000.0,40000.0,40000.0,40000.0,20623.117188,5000.0,90334.402182,71735.667423,10264.506649,0,true,true,1.0,-0.01,0
2,1239,61.95,79455.663472,22749.264599,18748.499417,53113.202729,12253.094622,-2021.843823,-1360.515248,-374.296399,-1.27039,-10.554171,-151.037521,0.0,0.0,1.0,0.0,0.0,0.069993,3.0,47436.594068,183345.98445,-120002.201754,84.848818,2.0,-4143.771637,104.0318,-939.228982,62.149729,0,0,0,0,0,16129.28125,31344.660156,5861.322266,7753.664062,40000.0,40000.0,40000.0,32649.910156,40000.0,40000.0,40000.0,40000.0,40000.0,40000.0,40000.0,40000.0,40000.0,40000.0,40000.0,40000.0,40000.0,40000.0,40000.0,20312.675781,5000.0,90671.818952,71153.31711,10225.643235,0,true,true,1.0,-0.01,0
2,1240,62.0,79549.981611,-39799.24621,18811.397737,-9424.600466,12270.710553,-2090.708985,-1388.401259,-391.408311,-1.340318,-10.524267,-150.655319,0.0,0.0,1.0,0.0,0.0,0.069993,3.0,48137.686927,182995.836454,-120032.655105,84.925049,2.0,-4259.107556,432.709954,-941.893431,64.627857,0,0,0,0,0,15936.236328,30610.878906,5754.021484,7652.394531,40000.0,40000.0,40000.0,32555.658203,40000.0,40000.0,40000.0,40000.0,40000.0,40000.0,40000.0,40000.0,40000.0,40000.0,40000.0,40000.0,40000.0,40000.0,40000.0,20007.1875,5000.0,91026.64931,70547.552841,10188.637531,0,true,true,1.0,-0.01,0
2,1241,62.05,79650.452032,22648.794177,18877.605088,53046.995379,12289.729108,-2154.566127,-1414.734403,-409.089325,-1.414753,-10.492019,-150.247345,0.0,0.0,1.0,0.0,0.069993,0.209979,3.0,48886.27792,182623.087196,-120063.886879,85.001709,2.0,-4329.485935,764.414655,-929.511951,66.750978,0,0,0,0,0,15750.969727,30351.228516,5640.251465,7544.819336,40000.0,40000.0,40000.0,32457.712891,40000.0,40000.0,40000.0,40000.0,40000.0,40000.0,40000.0,40000.0,40000.0,40000.0,40000.0,40000.0,40000.0,40000.0,40000.0,19688.474609,5000.0,91401.602272,69899.785178,10149.627072,0,true,true,1.0,-0.01,0
2,1242,62.1,79754.791047,-39903.585224,18945.686261,-9492.68164,12309.705462,-2215.694672,-1441.576165,-425.817161,-1.49996,-10.438349,-149.778641,0.0,0.0,1.0,0.0,0.139986,0.279972,3.0,49765.834772,182197.521293,-120111.318239,85.080127,2.0,-4350.585654,1088.786792,-900.931326,68.557149,0,0,0,0,0,15836.646484,30068.597656,5523.280762,7436.037109,40000.0,40000.0,40000.0,32330.759766,40000.0,40000.0,40000.0,40000.0,40000.0,40000.0,40000.0,40000.0,40000.0,40000.0,40000.0,40000.0,40000.0,40000.0,40000.0,19375.322266,5000.0,91843.830661,69153.900429,10079.714126,0,true,true,1.0,-0.01,0
2,1243,62.15,79901.885502,22501.699722,19040.813887,52951.867753,12338.220022,-2296.79661,-1480.771602,-446.26705,-1.63579,-10.32128,-149.025818,0.0,0.0,1.0,0.0,0.103718,0.311153,3.0,51213.333999,181513.583182,-120210.371941,85.191045,2.0,-4297.96649,1507.051729,-836.668343,70.642585,0,0,0,0,0,15999.493164,25836.275391,5360.566406,7288.500488,40000.0,40000.0,40000.0,32102.503906,40000.0,40000.0,40000.0,40000.0,40000.0,40000.0,40000.0,40000.0,40000.0,40000.0,40000.0,40000.0,40000.0,40000.0,40000.0,19187.621094,5000.0,92572.910336,67950.37603,9920.465738,0,true,true,1.0,-0.01,0
2,1244,62.2,80011.689129,-40013.388851,19111.396995,-9563.264748,12359.686092,-2350.542188,-1509.092953,-460.091597,-1.744077,-10.210923,-148.419159,0.0,0.0,1.0,0.0,0.0,0.0,3.0,52387.55653,180957.318136,-120302.85585,85.271748,2.0,-4203.041847,1783.994985,-774.132757,71.836442,0,0,0,0,0,18504.419922,25180.664062,5240.136719,7181.068359,40000.0,40000.0,40000.0,31912.619141,40000.0,40000.0,40000.0,40000.0,40000.0,40000.0,40000.0,40000.0,40000.0,40000.0,40000.0,40000.0,40000.0,40000.0,40000.0,19048.412109,5000.0,93163.008229,66974.607457,9767.972744,0,true,true,1.0,-0.01,0
2,1245,62.25,80122.420601,22390.968249,19182.369559,52880.895189,12381.473417,-2397.586588,-1535.692961,-473.289095,-1.83252,-10.11832,-147.918625,0.0,0.0,1.0,0.0,0.0,0.0,3.0,53254.659557,180492.638123,-120381.172577,85.350283,2.0,-4068.404427,2019.369465,-702.998933,72.700589,0,0,0,0,0,18641.740234,25083.828125,5116.153809,7064.402832,40000.0,40000.0,40000.0,31118.677734,40000.0,40000.0,40000.0,40000.0,40000.0,40000.0,40000.0,40000.0,40000.0,40000.0,40000.0,40000.0,40000.0,40000.0,40000.0,18911.826172,5000.0,93618.291735,66165.304009,9640.335289,0,true,true,1.0,-0.01,0
2,1246,62.3,80233.550452,-40124.518701,19253.496608,-9634.391797,12403.457876,-2446.959983,-1565.774732,-484.230763,-1.913188,-10.022687,-147.457932,0.0,0.0,1.0,0.0,0.0,0.139986,3.0,53986.210114,180062.17397,-120462.702856,85.432627,2.0,-3897.220603,2215.079474,-623.655398,73.55851,0,0,0,0,0,18761.396484,24984.033203,4990.489258,6943.581543,40000.0,40000.0,40000.0,30016.619141,40000.0,40000.0,40000.0,40000.0,40000.0,40000.0,40000.0,40000.0,40000.0,40000.0,40000.0,40000.0,40000.0,40000.0,40000.0,18776.183594,5000.0,94022.200689,65417.084329,9506.568339,0,true,true,1.0,-0.01,0
2,1247,62.35,80347.976947,22276.541754,19326.719872,52807.671924,12426.216411,-2489.081327,-1593.039657,-495.408517,-1.99425,-9.907477,-146.990311,0.0,0.0,1.0,0.0,0.069993,0.069993,3.0,54683.206394,179623.015272,-120561.875022,85.513193,2.0,-3685.88045,2375.357236,-534.33229,74.039077,0,0,0,0,0,18776.617188,24880.830078,4860.469727,6817.64209,40000.0,40000.0,40000.0,29936.34375,40000.0,40000.0,40000.0,40000.0,40000.0,40000.0,40000.0,40000.0,40000.0,40000.0,40000.0,40000.0,40000.0,40000.0,40000.0,18636.990234,5000.0,94427.745444,64654.025813,9341.76621,0,true,true,1.0,-0.01,0
2,1248,62.4,80500.337367,-40276.879121,19424.33407,-9732.005994,12456.646834,-2542.154417,-1630.075451,-508.267473,-2.097348,-9.739753,-146.387238,0.0,0.0,1.0,0.0,0.069993,0.069993,3.0,55518.609394,179053.977688,-120707.149414,85.621162,2.0,-3356.891088,2521.281249,-407.295637,74.42386,0,0,0,0,0,18638.486328,24742.513672,4686.181641,6647.007812,40000.0,40000.0,40000.0,29842.542969,40000.0,40000.0,40000.0,40000.0,40000.0,40000.0,40000.0,40000.0,40000.0,40000.0,40000.0,40000.0,40000.0,40000.0,40000.0,18452.876953,5000.0,94939.536654,63664.84543,9098.639957,0,true,true,1.0,-0.01,0
2,1249,62.45,80616.951802,22159.927319,19499.228264,52732.77773,12480.026078,-2577.384773,-1656.758782,-517.277412,-2.172438,-9.605728,-145.941269,0.0,0.0,1.0,0.0,0.139986,0.139986,3.0,56095.61221,178631.723165,-120823.488438,85.702051,2.0,-3072.92367,2579.389886,-306.172232,74.346429,0,0,0,0,0,18531.962891,24636.033203,4551.88916,6514.038574,40000.0,40000.0,40000.0,29781.119141,40000.0,40000.0,40000.0,40000.0,40000.0,40000.0,40000.0,40000.0,40000.0,40000.0,40000.0,40000.0,40000.0,40000.0,40000.0,18312.994141,5000.0,95308.333995,62929.919033,8902.961114,0,true,true,1.0,-0.01,0
2,1250,62.5,80737.924997,-40397.852316,19577.16076,-9809.93849,12504.355073,-2613.846286,-1685.861025,-525.172551,-2.251047,-9.453065,-145.46756,0.0,0.0,1.0,0.0,0.069993,0.279972,3.0,56700.134573,178181.162472,-120956.349917,85.787617,2.0,-2763.113614,2590.94131,-200.406805,74.272371,0,0,0,0,0,18422.640625,24527.113281,4412.177246,6352.225098,40000.0,40000.0,40000.0,29713.916016,40000.0,40000.0,40000.0,40000.0,40000.0,40000.0,40000.0,40000.0,40000.0,40000.0,40000.0,40000.0,40000.0,40000.0,40000.0,18131.066406,5000.0,95699.042679,62145.781798,8678.566161,0,true,true,1.0,-0.01,0
2,1251,62.55,80862.264558,22035.587758,19657.581451,52652.357039,12529.412161,-2646.119661,-1714.027976,-532.646175,-2.341228,-9.269135,-144.91478,0.0,0.0,1.0,0.0,0.132803,0.398409,3.0,57472.851678,177650.135226,-121116.705969,85.87374,2.0,-2456.206127,2554.872619,-95.133189,74.325194,0,0,0,0,0,18316.460938,24619.384766,4269.400391,4882.814453,40000.0,40000.0,40000.0,29615.898438,40000.0,40000.0,40000.0,40000.0,40000.0,40000.0,40000.0,40000.0,40000.0,40000.0,40000.0,40000.0,40000.0,40000.0,40000.0,17783.898438,5000.0,96167.770326,61225.937703,8407.603698,0,true,true,1.0,-0.01,0
2,1252,62.6,81027.297117,-40562.884875,19764.82047,-9917.177509,12560.630639,-2669.129138,-1735.833211,-448.614668,-2.477188,-8.990579,-144.060776,1.0,0.0,1.0,0.0,0.069993,0.139986,3.0,58804.735126,176816.647786,-121367.487713,85.987139,2.0,-2066.73408,2434.332154,28.029369,74.829699,0,0,0,0,0,18188.416016,24963.033203,4081.713379,4692.648438,40000.0,40000.0,40000.0,29439.025391,40000.0,40000.0,40000.0,40000.0,40000.0,40000.0,40000.0,40000.0,40000.0,40000.0,40000.0,40000.0,40000.0,40000.0,40000.0,17300.927734,5000.0,96905.533026,59795.386784,7997.191407,0,true,true,1.0,-0.01,0
2,1253,62.65,81153.533901,21909.350974,19847.004589,52570.17292,12577.662108,-2672.374848,-1740.922299,-316.368927,-2.582391,-8.771242,-143.381668,1.0,0.0,1.0,0.0,0.0,0.209979,3.0,59892.564239,176144.132115,-121591.923535,86.065381,2.0,-1778.394464,2283.314861,86.779459,75.493022,0,0,0,0,0,18095.326172,25264.205078,3938.176758,4545.906738,40000.0,40000.0,40000.0,29715.853516,40000.0,40000.0,40000.0,40000.0,40000.0,40000.0,40000.0,40000.0,40000.0,40000.0,40000.0,40000.0,40000.0,40000.0,40000.0,16936.025391,5000.0,97483.08934,58650.058354,7668.589786,0,true,true,1.0,-0.01,0
2,1254,62.7,81286.507987,-40695.858961,19933.957947,-10004.130867,12591.360646,-2690.07382,-1764.430696,-281.405723,-2.689183,-8.548792,-142.675003,0.0,0.0,1.0,0.0,0.069993,0.139986,3.0,61026.135386,175436.177425,-121836.900315,86.138682,2.0,-1492.778973,2069.626811,122.061345,76.388675,0,0,0,0,0,17999.033203,25386.916016,3785.948242,4388.87207,40000.0,40000.0,40000.0,30014.261719,40000.0,40000.0,40000.0,40000.0,40000.0,40000.0,40000.0,40000.0,40000.0,40000.0,40000.0,40000.0,40000.0,40000.0,40000.0,16564.804688,5000.0,98066.618879,57451.753386,7333.011985,0,true,true,1.0,-0.01,0
2,1255,62.75,81408.761376,21787.097585,20014.624657,52489.50621,12604.497243,-2715.129668,-1797.045786,-295.926346,-2.796479,-8.319231,-141.946259,0.0,0.0,1.0,0.0,0.069993,0.209979,3.0,62259.4714,174690.777354,-122083.496426,86.207764,2.0,-1256.147407,1831.171662,147.549209,77.929975,0,0,0,0,0,17919.480469,25320.689453,3646.684814,4246.305176,7341.813477,40000.0,40000.0,32302.345703,40000.0,40000.0,40000.0,40000.0,40000.0,40000.0,40000.0,40000.0,40000.0,40000.0,40000.0,40000.0,40000.0,40000.0,40000.0,16212.507812,5000.0,98669.643711,56207.215268,6989.219444,0,true,true,1.0,-0.01,0
2,1256,62.8,81538.212845,-40825.31043,20100.898188,-10090.404399,12619.017548,-2735.590642,-1829.619406,-310.518869,-2.906233,-8.075993,-141.179794,0.0,0.0,1.0,0.0,0.069993,0.209979,3.0,63541.424387,173894.667592,-122343.641716,86.280498,2.0,-1036.798292,1534.122624,166.393946,79.762716,0,0,0,0,0,18268.537109,25253.744141,3497.75,4092.305664,7228.432617,40000.0,40000.0,32705.199219,40000.0,40000.0,40000.0,40000.0,40000.0,40000.0,40000.0,40000.0,40000.0,40000.0,40000.0,40000.0,40000.0,40000.0,40000.0,15850.922852,5000.0,99284.832771,54889.94696,6625.928333,0,true,true,1.0,-0.01,0
2,1257,62.85,81709.745185,21615.565245,20216.701878,52373.702521,12639.031086,-2762.826459,-1876.035474,-326.466812,-3.05436,-7.739167,-140.107971,0.0,0.0,1.0,0.0,0.069993,0.209979,3.0,65372.972631,172755.850489,-122700.035387,86.381533,2.0,-797.529559,1078.713893,176.748423,84.286695,0,0,0,0,0,40000.0,25179.378906,3299.240967,3886.374756,7058.57373,40000.0,40000.0,33312.363281,40000.0,40000.0,40000.0,40000.0,40000.0,40000.0,40000.0,40000.0,40000.0,40000.0,40000.0,40000.0,40000.0,40000.0,40000.0,13852.917969,5000.0,100124.284688,53033.317125,6126.497487,0,true,true,1.0,-0.01,0
2,1258,62.9,81811.122024,-40926.687269,20286.037379,-10159.739899,12651.341227,-2770.379973,-1899.310989,-336.209244,-3.130591,-7.56018,-139.538101,0.0,0.0,1.0,0.0,0.069993,0.279972,2.0,-684.888606,777.393327,173.630774,87.162471,3.0,66290.813972,172144.714957,-122890.413744,86.438896,0,0,0,0,0,40000.0,25129.783203,3178.950684,3758.41748,6943.723145,40000.0,40000.0,33402.257812,40000.0,40000.0,40000.0,40000.0,40000.0,40000.0,40000.0,40000.0,40000.0,40000.0,40000.0,40000.0,40000.0,40000.0,17663.230469,13605.408203,5000.0,100543.048279,52041.017782,5861.808194,0,true,true,1.0,-0.01,0
2,1259,62.95,81948.285057,21478.402212,20380.928274,52278.811626,12668.267191,-2785.436585,-1935.887618,-346.395678,-3.243107,-7.285299,-138.671646,0.0,0.0,1.0,0.0,0.069993,0.069993,2.0,-564.256682,345.190046,155.440081,93.573958,3.0,67753.721984,171193.228568,-123179.858556,86.52208,0,0,0,0,0,40000.0,25080.628906,3016.467285,3586.618408,6799.32959,40000.0,40000.0,33501.519531,40000.0,40000.0,40000.0,40000.0,40000.0,40000.0,40000.0,40000.0,40000.0,40000.0,40000.0,40000.0,40000.0,40000.0,17080.564453,13260.495117,5000.0,101180.327826,50521.788933,5456.596256,0,true,true,1.0,-0.01,0
2,1260,63.0,82118.4277,-41096.829912,20500.505849,-10279.317475,12689.704171,-2805.028641,-1984.789777,-356.057016,-3.355835,-6.994105,-137.768555,0.0,0.0,1.0,0.0,0.0,0.0,3.0,69123.699713,170199.153786,-123490.081627,86.630518,2.0,-450.280596,-202.737615,95.862729,22.86512,0,0,0,0,0,40000.0,24998.300781,2807.459717,3358.367188,6582.05957,40000.0,40000.0,33619.675781,40000.0,40000.0,40000.0,40000.0,40000.0,40000.0,40000.0,40000.0,40000.0,40000.0,40000.0,40000.0,40000.0,40000.0,16509.863281,12874.579102,5000.0,101785.574749,48931.471199,5026.830393,0,true,true,1.0,-0.01,0
2,1261,63.05,82245.159732,21351.67018,20591.001855,52188.31562,12705.979793,-2813.362772,-2018.127063,-362.978806,-3.414521,-6.836565,-137.282684,0.0,0.0,1.0,0.0,0.0,0.0,3.0,69680.001382,169678.848146,-123660.873928,86.710645,2.0,-387.99067,-579.210627,17.849383,0.0,0,0,0,0,0,40000.0,24804.277344,2645.078613,3174.588867,6381.382812,40000.0,40000.0,33694.820312,40000.0,40000.0,40000.0,40000.0,40000.0,40000.0,40000.0,40000.0,40000.0,40000.0,40000.0,40000.0,40000.0,40000.0,16342.256836,12623.65332,5000.0,102056.691281,48077.057375,4794.025354,0,true,true,1.0,-0.01,0
2,1262,63.1,82372.233006,-41223.903187,20682.992845,-10371.308465,12722.537382,-2821.818743,-2052.04693,-368.848937,-3.457721,-6.71777,-136.917496,0.0,0.0,1.0,0.0,0.0,0.0,3.0,69936.444118,169304.770044,-123791.48108,86.793535,2.0,-397.228815,-935.425045,-68.839699,0.0,0,0,0,0,0,40000.0,24612.28125,2477.553711,2981.073242,6153.593262,40000.0,40000.0,33759.8125,40000.0,40000.0,40000.0,40000.0,40000.0,40000.0,40000.0,40000.0,40000.0,40000.0,40000.0,40000.0,40000.0,40000.0,16179.379883,12393.817383,5000.0,102215.728634,47438.064061,4618.221045,0,true,true,1.0,-0.01,0
2,1263,63.15,82539.421975,21184.481211,20805.92454,52065.383925,12744.627246,-2828.894051,-2093.682417,-376.142021,-3.498693,-6.602746,-136.564865,0.0,0.0,1.0,0.0,0.0,0.0,3.0,69958.11819,168968.821619,-123919.792075,86.903389,2.0,-486.42072,-1340.905869,-175.709571,0.0,0,0,0,0,0,40000.0,24384.072266,2423.447021,2715.997803,5824.649902,40000.0,40000.0,33832.945312,40000.0,40000.0,40000.0,40000.0,40000.0,40000.0,40000.0,40000.0,40000.0,40000.0,40000.0,40000.0,40000.0,40000.0,15969.824219,12099.439453,5000.0,102309.2851,46826.517962,4447.700088,0,true,true,1.0,-0.01,0
2,1264,63.2,82666.035309,-41350.516521,20900.442904,-10465.826829,12761.578525,-2834.977643,-2125.353761,-380.766455,-3.520489,-6.540577,-136.374664,0.0,0.0,1.0,0.0,0.0,0.0,3.0,69784.829463,168808.416743,-123990.470384,86.989424,2.0,-595.034254,-1596.985684,-244.792889,0.0,0,0,0,0,0,40000.0,24224.947266,2459.967529,2508.979004,3465.015381,40000.0,40000.0,33880.0625,40000.0,40000.0,40000.0,40000.0,40000.0,40000.0,40000.0,40000.0,40000.0,40000.0,40000.0,40000.0,40000.0,40000.0,15813.543945,11987.115234,5000.0,102312.062503,46501.522882,4355.271037,0,true,true,1.0,-0.01,0
2,1265,63.25,82831.969326,21018.547195,21026.113057,51939.713773,12784.032901,-2840.958504,-2164.495655,-386.453227,-3.541388,-6.480309,-136.190521,0.0,0.0,1.0,0.0,0.0,0.0,3.0,69395.751836,168677.011037,-124060.317575,87.103555,2.0,-780.264734,-1865.403713,-316.728368,0.0,0,0,0,0,0,40000.0,24027.042969,2509.796875,2231.755859,3088.82666,40000.0,40000.0,33934.082031,40000.0,40000.0,40000.0,40000.0,40000.0,40000.0,40000.0,40000.0,40000.0,40000.0,40000.0,40000.0,40000.0,40000.0,15610.450195,11881.426758,5000.0,102258.458693,46192.644766,4265.378504,0,true,true,1.0,-0.01,0
2,1266,63.3,82960.125777,-41478.672973,21124.535465,-10564.249238,12801.576085,-2844.142815,-2192.853442,-390.666107,-3.563916,-6.531424,-135.990814,0.0,0.0,1.0,0.0,-0.197792,0.197792,3.0,69460.087164,168512.640767,-123990.811126,87.192686,2.0,-964.968532,-2035.410452,-342.499632,0.0,0,0,0,0,0,40000.0,23868.847656,2541.592041,2017.613159,2798.954346,40000.0,40000.0,33989.417969,40000.0,40000.0,40000.0,40000.0,40000.0,40000.0,40000.0,40000.0,40000.0,40000.0,40000.0,40000.0,40000.0,40000.0,15455.417969,11820.567383,5000.0,102248.699133,45862.728116,4376.573569,0,true,true,1.0,-0.01,0
2,1267,63.35,83099.116071,20879.556902,21232.61051,51831.638728,12820.850146,-2846.156164,-2222.479146,-395.638388,-3.618253,-6.832535,-135.520187,0.0,0.0,1.0,0.0,-0.246845,0.411408,3.0,70783.287182,168043.457843,-123595.694165,87.290547,2.0,-1186.165747,-2174.988769,-341.759593,1.500404,0,0,0,0,0,40000.0,23669.566406,2554.44873,1789.455444,2498.425537,40000.0,40000.0,34101.398438,40000.0,40000.0,40000.0,40000.0,40000.0,40000.0,40000.0,40000.0,614.645569,40000.0,40000.0,40000.0,40000.0,40000.0,15291.087891,11840.930664,5000.0,102401.0665,45082.667158,4963.461374,0,true,true,1.0,-0.01,0
2,1268,63.4,83233.410641,-41612.967543,21338.348624,-10669.987353,12839.6698,-2848.107742,-2251.818496,-400.981861,-3.68483,-7.175428,-134.969482,0.0,0.0,1.0,0.0,-0.207633,0.332213,3.0,72444.867841,167467.372716,-123135.838285,87.38751,2.0,-1427.321584,-2284.272591,-301.828648,8.363515,0,0,0,0,0,40000.0,23467.308594,2557.536621,1795.933716,2204.562012,40000.0,40000.0,34230.121094,40000.0,40000.0,40000.0,40000.0,40000.0,40000.0,40000.0,40000.0,40000.0,40000.0,40000.0,40000.0,40000.0,40000.0,15133.799805,11875.277344,5000.0,102603.193022,44165.09381,5635.116877,0,true,true,1.0,-0.01,0
2,1269,63.45,83372.215569,20740.751973,21449.059101,51720.928251,12859.435957,-2845.233419,-2279.396197,-408.122361,-3.770128,-7.625254,-134.29953,0.0,0.0,1.0,0.0,-0.209979,0.209979,3.0,74638.460332,166739.063512,-122519.209642,87.487041,2.0,-1719.029569,-2373.718685,-229.213051,15.773061,0,0,0,0,0,26273.408203,23252.160156,2551.837891,1807.483521,1894.561035,40000.0,40000.0,34390.671875,40000.0,40000.0,40000.0,40000.0,40000.0,40000.0,40000.0,40000.0,40000.0,40000.0,40000.0,40000.0,40000.0,40000.0,14975.189453,14275.738281,5000.0,102855.963122,43049.479652,6513.671272,0,true,true,1.0,-0.01,0
2,1270,63.5,83507.818946,-41748.570919,21558.66491,-10779.593162,12879.078056,-2847.324095,-2311.824865,-415.137237,-3.872947,-8.158895,-133.541809,0.0,0.0,1.0,0.0,-0.139986,0.139986,3.0,77254.44134,165881.38985,-121766.49874,87.590967,2.0,-2022.113796,-2448.426237,-140.592908,21.10446,0,0,0,0,0,25528.242188,23037.970703,2537.989502,1814.738892,1582.235474,3157.659424,40000.0,34712.308594,40000.0,40000.0,40000.0,40000.0,40000.0,40000.0,40000.0,40000.0,40000.0,40000.0,40000.0,40000.0,40000.0,40000.0,14626.948242,14469.891602,5000.0,103138.482449,41788.330941,7555.938468,0,true,true,1.0,-0.01,0
2,1271,63.55,83686.470015,20562.100904,21705.402315,51574.190847,12905.613896,-2842.935061,-2351.610488,-427.374414,-4.029877,-8.888393,-132.471527,0.0,0.0,1.0,0.0,-0.069993,0.139986,3.0,80927.016942,164616.513731,-120695.501328,87.728027,2.0,-2447.453529,-2524.353468,-31.085559,27.926358,0,0,0,0,0,25060.632812,22757.623047,2513.764648,1820.566772,1507.5625,2387.113525,34834.894531,40000.0,40000.0,40000.0,40000.0,40000.0,40000.0,40000.0,40000.0,40000.0,40000.0,40000.0,40000.0,40000.0,40000.0,40000.0,14073.979492,14592.076172,5000.0,103510.14611,40004.351726,8991.320496,0,true,true,1.0,-0.01,0
2,1272,63.6,83815.766547,-41877.86745,21813.366506,-10887.557353,12925.366934,-2841.019931,-2383.619028,-437.136003,-4.153969,-9.407268,-131.683289,0.0,0.0,1.0,0.0,0.0,0.0,3.0,83576.695115,163650.115168,-119904.008348,87.832441,2.0,-2762.620982,-2571.075868,20.144082,33.471129,0,0,0,0,0,21175.238281,22609.375,2494.739746,1823.201172,1518.016113,1741.081055,34618.132812,40000.0,40000.0,40000.0,40000.0,40000.0,40000.0,40000.0,40000.0,40000.0,40000.0,40000.0,40000.0,40000.0,40000.0,40000.0,13684.527344,14504.611328,5000.0,103754.916555,38690.147805,10020.040635,0,true,true,1.0,-0.01,0
2,1273,63.65,83944.371348,20433.496102,21922.323247,51465.234106,12945.566611,-2833.309839,-2412.243297,-448.716871,-4.267707,-9.852654,-130.997803,0.0,0.0,1.0,0.0,-0.069993,0.069993,3.0,85762.943723,162800.098174,-119210.663158,87.935547,2.0,-3065.523322,-2645.457841,54.649776,30.322958,0,0,0,0,0,20338.630859,22594.126953,2481.25415,1827.213867,1528.506958,1395.456909,34464.183594,40000.0,40000.0,40000.0,40000.0,40000.0,40000.0,40000.0,40000.0,40000.0,40000.0,40000.0,40000.0,40000.0,40000.0,40000.0,13327.371094,14409.510742,5000.0,103923.639594,37551.643824,10905.851822,0,true,true,1.0,-0.01,0
2,1274,63.7,84074.956512,-42008.452614,22034.636596,-10999.870703,12966.716808,-2824.241209,-2441.462109,-461.327234,-4.379817,-10.26604,-130.35141,0.0,0.0,1.0,0.0,0.0,0.069993,3.0,87742.79404,161988.356369,-118554.98473,88.043076,2.0,-3371.63865,-2769.326178,82.717605,23.59684,0,0,0,0,0,20244.380859,22567.546875,2467.652588,1831.210693,1538.496094,1409.246704,34341.171875,40000.0,40000.0,40000.0,40000.0,40000.0,40000.0,40000.0,40000.0,40000.0,40000.0,40000.0,40000.0,40000.0,40000.0,40000.0,12981.943359,14308.708008,5000.0,104051.250262,36481.289962,11730.742838,0,true,true,1.0,-0.01,0
2,1275,63.75,84244.066526,20264.386088,22182.681114,51317.189588,12995.098036,-2810.68048,-2479.294367,-478.753779,-4.515037,-10.729565,-129.604889,0.0,0.0,1.0,0.0,0.0,0.0,3.0,89880.884217,161044.906959,-117808.960036,88.186631,2.0,-3757.755237,-2990.35435,100.348462,23.310256,0,0,0,0,0,20110.929688,22509.75,3927.215088,1836.415527,1550.47583,1425.630127,1408.231323,40000.0,40000.0,40000.0,40000.0,40000.0,40000.0,40000.0,40000.0,40000.0,40000.0,40000.0,40000.0,40000.0,40000.0,14926.589844,12544.794922,14168.921875,5000.0,104152.821902,35250.146914,12659.123085,0,true,true,1.0,-0.01,0
2,1276,63.8,84369.417411,-42133.8035,22294.37121,-11111.560799,13016.920133,-2799.9481,-2507.341476,-492.122834,-4.59058,-10.978356,-129.202087,0.0,0.0,1.0,0.0,0.0,0.0,3.0,90837.667047,160555.170027,-117414.788231,88.296592,2.0,-4010.605672,-3167.518959,96.743845,26.102871,0,0,0,0,0,19991.275391,22425.134766,3911.261475,1842.146484,1559.392944,1436.754639,1421.855103,40000.0,40000.0,40000.0,40000.0,40000.0,40000.0,40000.0,40000.0,40000.0,40000.0,40000.0,40000.0,40000.0,40000.0,14486.916016,10646.515625,14048.926758,5000.0,104151.182302,34594.237819,13155.382478,0,true,true,1.0,-0.01,0
2,1277,63.85,84532.592924,20101.210575,22442.286384,51169.274414,13046.355087,-2784.746755,-2542.670522,-509.830521,-4.67075,-11.230787,-128.784637,0.0,0.0,1.0,0.0,0.0,0.069993,3.0,91628.539023,160068.300434,-117023.703186,88.443564,2.0,-4290.459724,-3397.017906,74.016063,31.079274,0,0,0,0,0,19818.958984,22283.015625,3897.453613,1849.800781,1570.054443,1449.654907,1437.348999,1528.581787,40000.0,40000.0,40000.0,40000.0,40000.0,40000.0,40000.0,40000.0,40000.0,40000.0,40000.0,40000.0,40000.0,13962.733398,10306.8125,13879.928711,5000.0,104097.283142,33921.795774,13657.154713,0,true,true,1.0,-0.01,0
2,1278,63.9,84638.891734,-42240.10231,22540.269112,-11209.543527,13066.392035,-2767.326553,-2558.659756,-522.541304,-4.71368,-11.345993,-128.564743,0.0,0.0,1.0,0.0,0.0,0.209979,3.0,91896.222899,159823.441075,-116851.559058,88.535752,2.0,-4437.342423,-3545.388265,53.950977,33.699267,0,0,0,0,0,19697.130859,22172.955078,3891.03125,1854.367798,1576.146362,1456.886841,1445.981934,1539.406006,40000.0,40000.0,40000.0,40000.0,40000.0,40000.0,40000.0,40000.0,40000.0,40000.0,40000.0,40000.0,40000.0,13822.624023,10092.277344,13762.511719,5000.0,104042.395061,33569.519301,13887.73796,0,true,true,1.0,-0.01,0
2,1279,63.95,84773.052979,19967.049331,22665.615606,51043.92792,13092.251118,-2761.69221,-2593.456484,-535.853719,-4.785426,-11.503027,-128.20166,0.0,0.0,1.0,0.0,0.0,0.069993,3.0,92494.483026,159379.462975,-116603.212949,88.669902,2.0,-4627.618454,-3731.899605,-7.826615,33.762337,0,0,0,0,0,19552.015625,22054.058594,3873.342041,2017.888062,1581.593262,1464.548218,1456.015503,1552.830322,40000.0,40000.0,40000.0,40000.0,40000.0,40000.0,40000.0,40000.0,40000.0,40000.0,40000.0,40000.0,40000.0,13641.210938,9809.375,13621.202148,5000.0,104012.119654,32975.500487,14212.633794,0,true,true,1.0,-0.01,0
2,1280,64.0,84910.344944,-42377.394275,22795.914011,-11339.841931,13119.587671,-2741.762965,-2615.743653,-551.416797,-4.862197,-11.63898,-127.818085,0.0,0.0,1.0,0.0,0.0,0.139986,3.0,93086.914591,158899.617877,-116384.497099,88.797764,2.0,-4792.111122,-3941.236359,-88.751931,33.416037,0,0,0,0,0,19401.998047,21931.832031,3851.847656,2457.512695,1585.325317,1470.813599,1464.8573,1565.155884,1812.811523,40000.0,40000.0,40000.0,40000.0,40000.0,40000.0,40000.0,40000.0,40000.0,40000.0,40000.0,40000.0,13454.183594,9518.31543,13475.599609,5000.0,103988.292668,32343.458172,14502.908368,0,true,true,1.0,-0.01,0
2,1281,64.05,85082.480979,19794.913296,22962.178995,50877.662936,13155.027278,-2728.246659,-2654.677197,-568.831021,-4.981598,-11.780734,-127.228912,0.0,0.0,1.0,0.0,0.069993,0.311088,3.0,94074.514955,158116.949889,-116137.75611,88.974541,2.0,-4949.899599,-4188.229343,-193.130659,35.954771,0,0,0,0,0,19222.140625,21799.757812,3812.482178,2903.208008,1586.410767,1476.159912,1474.137085,1579.630005,1836.154175,40000.0,40000.0,40000.0,40000.0,40000.0,40000.0,40000.0,40000.0,40000.0,40000.0,40000.0,40000.0,13214.417969,9139.557617,13287.75,5000.0,104013.240506,31356.133104,14832.894438,0,true,true,1.0,-0.01,0
2,1282,64.1,85213.678117,-42508.591413,23091.136674,-11468.799609,13182.981168,-2712.020214,-2679.232198,-582.536792,-5.09163,-11.854692,-126.690887,0.0,0.0,1.0,0.0,0.069993,0.387175,3.0,95008.601886,157367.663609,-115988.499027,89.107979,2.0,-5042.080041,-4365.143344,-275.603252,36.992577,0,0,0,0,0,19171.78125,40000.0,3772.725342,2901.488281,1735.171143,1478.200928,1479.829956,1590.391602,1854.318726,40000.0,40000.0,40000.0,40000.0,40000.0,40000.0,40000.0,40000.0,40000.0,40000.0,40000.0,40000.0,13027.477539,8840.749023,13427.833984,5000.0,104077.589231,30441.58247,15038.46377,0,true,true,1.0,-0.01,0
2,1283,64.15,85342.72315,19665.868263,23219.919323,50748.880286,13211.250794,-2697.937971,-2706.144302,-595.297402,-5.222188,-11.908947,-126.055916,0.0,0.0,1.0,0.0,0.0,0.376482,3.0,96183.626553,156449.895882,-115852.181412,89.245205,2.0,-5122.77051,-4537.234868,-364.745994,36.111279,0,0,0,0,0,19369.609375,40000.0,3723.731934,2880.892822,1924.359253,1478.548706,1484.504395,1600.030396,1873.448242,40000.0,40000.0,40000.0,40000.0,40000.0,40000.0,40000.0,40000.0,40000.0,40000.0,40000.0,40000.0,12840.09375,8747.166016,13629.591797,5000.0,104186.759503,29352.222367,15226.391107,0,true,true,1.0,-0.01,0
2,1284,64.2,85468.988498,-42634.856762,23347.865902,-11596.746188,13239.650115,-2681.157506,-2730.838009,-607.668061,-5.371465,-11.948607,-125.332756,0.0,0.0,1.0,0.0,0.0,0.384873,3.0,97584.118012,155372.980861,-115720.244068,89.380664,2.0,-5176.466748,-4690.598377,-447.114901,38.055534,0,0,0,0,0,19648.654297,40000.0,3667.116699,2855.108887,2096.613281,1517.356201,1488.216187,1609.83374,1893.57312,40000.0,40000.0,40000.0,40000.0,40000.0,40000.0,40000.0,40000.0,40000.0,40000.0,40000.0,40000.0,12654.461914,8801.332031,40000.0,5000.0,104330.534181,28103.788936,15405.750069,0,true,true,1.0,-0.01,0
2,1285,64.25,85598.518056,19536.338706,23481.236001,50615.510187,13269.592779,-2660.365654,-2754.307416,-620.226479,-5.539466,-11.965775,-124.520927,0.0,0.0,1.0,0.0,0.0,0.412348,3.0,99159.172515,154134.243176,-115606.825781,89.520664,2.0,-5202.819089,-4849.673973,-522.884775,36.048858,0,0,0,0,0,20007.486328,40000.0,3603.486328,2825.497314,2261.543457,1652.087402,1490.937012,1619.381958,1914.783325,2547.727051,40000.0,40000.0,40000.0,40000.0,40000.0,40000.0,40000.0,40000.0,40000.0,40000.0,40000.0,12258.367188,8875.37207,40000.0,5000.0,104497.081612,26694.764007,15563.067897,0,true,true,1.0,-0.01,0
2,1286,64.3,85722.80179,-42759.140496,23611.316522,-11726.826709,13299.042933,-2644.733097,-2783.37269,-631.111824,-5.724898,-11.968091,-123.625626,0.0,0.0,1.0,0.0,0.0,0.381934,3.0,100952.167574,152729.49934,-115495.658464,89.664756,2.0,-5207.209021,-4988.765535,-586.641445,37.259409,0,0,0,0,0,20004.001953,40000.0,3534.209717,2792.325439,2405.60376,1774.866089,1491.864746,1628.803955,1937.272827,2609.262451,40000.0,40000.0,40000.0,40000.0,40000.0,40000.0,40000.0,40000.0,40000.0,40000.0,40000.0,11737.310547,11044.357422,40000.0,5000.0,104687.478437,25133.114168,15713.403456,0,true,true,1.0,-0.01,0
2,1287,64.35,85887.076969,19372.063528,23786.690979,50440.13573,13339.110201,-2615.392176,-2816.615429,-645.513534,-5.919822,-11.936131,-122.310852,0.0,0.0,1.0,1.0,0.069993,0.40296,3.0,103589.735491,150759.978285,-115170.73959,89.854141,2.0,-5190.656013,-5164.604645,-648.317562,36.317165,0,0,0,0,0,19929.867188,40000.0,3434.873047,2743.158447,2420.68457,1928.100098,1628.887085,1641.032593,1969.180664,2690.532471,40000.0,40000.0,40000.0,40000.0,40000.0,40000.0,40000.0,40000.0,40000.0,40000.0,40000.0,11046.663086,11287.766602,40000.0,5000.0,104957.232846,22805.837314,15912.294166,0,true,true,1.0,-0.01,0
2,1288,64.4,86012.002941,-42884.066469,23922.91023,-11863.045961,13370.484246,-2592.304023,-2844.514422,-655.676548,-5.436229,-11.887966,-121.225983,0.0,0.0,1.0,1.0,0.031066,0.434923,3.0,105755.347654,150366.417082,-113247.797788,90.00457,2.0,-5193.720124,-5276.763904,-706.982703,33.481426,0,0,0,0,0,19889.234375,40000.0,3355.255127,2702.599854,2399.426758,2038.29895,1734.026001,1649.970947,1994.866089,2759.823486,40000.0,40000.0,40000.0,40000.0,40000.0,40000.0,40000.0,40000.0,40000.0,40000.0,12939.007812,10527.293945,11494.892578,40000.0,5000.0,105159.854365,20695.071628,16275.422085,0,true,true,1.0,-0.01,0
2,1289,64.45,86136.090695,19247.975774,24060.86856,50302.177401,13402.419299,-2566.270451,-2872.223251,-665.305145,-4.296761,-11.832744,-120.052322,0.0,0.0,1.0,1.0,0.027616,0.441861,3.0,108122.315958,151049.483581,-109573.58121,90.157285,2.0,-5200.832774,-5359.536498,-795.023864,35.127021,0,0,0,0,0,19868.763672,40000.0,3271.98999,2659.27417,2376.216553,2141.806641,1835.572144,1707.785034,2022.631714,2838.15332,40000.0,40000.0,40000.0,40000.0,40000.0,40000.0,40000.0,40000.0,40000.0,40000.0,12232.762695,8205.629883,11382.833984,40000.0,5000.0,105353.27654,18220.888824,16813.059326,0,true,true,1.0,-0.01,0
2,1290,64.5,86258.774241,-43006.750015,24200.092949,-12002.27035,13434.765546,-2536.427974,-2898.775433,-674.463769,-2.532332,-11.785059,-118.805511,0.0,0.0,1.0,1.0,0.079983,0.439905,3.0,110668.571237,152637.878873,-104203.928083,90.310791,2.0,-5235.334953,-5408.978264,-918.543247,33.640665,0,0,0,0,0,19870.056641,40000.0,3186.933594,2614.070312,2351.601074,2238.829834,1933.471436,1809.937622,2052.381348,2926.188232,40000.0,40000.0,40000.0,40000.0,40000.0,40000.0,40000.0,40000.0,40000.0,40000.0,11980.402344,7748.587402,11271.181641,22301.478516,5000.0,105519.863909,15407.602597,17444.206952,0,true,true,1.0,-0.01,0
2,1291,64.55,86379.344609,19127.405407,24339.906715,50162.363635,13467.325275,-2507.365879,-2929.180536,-682.686335,-0.16766,-11.755103,-117.489777,0.0,0.0,1.0,1.0,0.066861,0.401166,3.0,113396.128393,154906.492381,-97158.487499,90.470146,2.0,-5287.459039,-5443.361301,-1091.242179,31.187212,0,0,0,0,0,19683.201172,40000.0,3100.885986,2567.445557,2325.856445,2267.017334,2027.403076,1910.083496,2084.382812,3025.538086,40000.0,40000.0,40000.0,40000.0,40000.0,40000.0,40000.0,40000.0,40000.0,40000.0,11735.880859,7307.836426,11169.989258,21585.859375,5000.0,105647.854232,12256.54519,18074.893659,0,true,true,1.0,-0.01,0
2,1292,64.6,86500.446833,-43127.85224,24483.61518,-12145.978815,13500.855167,-2473.116137,-2958.295017,-690.811935,2.527666,-11.75915,-116.106613,0.0,0.0,1.0,0.0,0.090594,0.452967,3.0,116302.945669,157205.584564,-89109.749546,90.632822,2.0,-5367.737983,-5455.870317,-1299.533233,30.257845,0,0,0,0,0,19369.767578,40000.0,3014.099365,2519.460449,2298.882812,2255.119873,2120.273682,2010.852539,2118.632812,3137.976807,40000.0,40000.0,40000.0,40000.0,40000.0,40000.0,40000.0,40000.0,40000.0,40000.0,11496.875,7243.58252,11076.94043,21074.691406,5000.0,105719.066515,8849.196724,18575.819597,0,true,true,1.0,-0.01,0
2,1293,64.65,86623.027955,19004.824285,24632.763849,50013.214965,13535.70343,-2432.994422,-2986.097334,-699.03988,5.059715,-11.803193,-114.631714,0.0,0.0,1.0,0.0,0.110584,0.691149,3.0,119444.593766,158639.67983,-81409.327649,90.80043,2.0,-5464.682542,-5465.455629,-1499.957668,27.699348,0,0,0,0,0,19060.818359,40000.0,2925.415771,2469.461182,2270.325928,2242.308594,2212.899902,2113.492676,2157.307861,3268.598145,40000.0,40000.0,40000.0,40000.0,40000.0,40000.0,40000.0,40000.0,40000.0,40000.0,11078.168945,7387.229492,10993.037109,16628.65625,5000.0,105723.832945,5306.598422,18829.647408,0,true,true,1.0,-0.01,0
2,1294,64.7,86743.719893,-43248.544178,24783.586649,-12296.801615,13570.950464,-2400.726846,-3027.671906,-705.989357,7.419493,-11.886764,-113.024895,0.0,0.0,1.0,0.0,0.140702,0.562808,3.0,122927.497828,159162.655393,-74128.314813,90.987188,2.0,-5594.592396,-5451.523646,-1697.65183,27.576372,0,0,0,0,0,18759.935547,40000.0,2834.328369,2417.335693,2240.428467,2229.230225,2302.149414,2215.462158,2285.145508,3428.703857,40000.0,40000.0,40000.0,40000.0,40000.0,40000.0,40000.0,40000.0,40000.0,40000.0,10281.289062,9445.12207,11405.238281,16573.759766,5000.0,105657.109596,1570.669691,18830.553565,0,true,true,1.0,-0.01,0
2,1295,64.75,86860.877727,18887.666451,24934.161065,49862.640549,13606.123736,-2357.849734,-3059.714696,-713.588761,9.620394,-11.997865,-111.300018,0.0,0.0,1.0,0.0,0.202703,0.579152,3.0,126685.390451,158854.754755,-67317.477455,91.164736,2.0,-5723.337069,-5425.474771,-1889.109792,26.824477,0,0,0,0,0,18867.318359,40000.0,2742.386963,2364.067627,2209.81665,2216.239014,2373.691406,2315.890625,2408.094971,3626.05542,40000.0,40000.0,40000.0,40000.0,40000.0,40000.0,40000.0,40000.0,40000.0,12201.341797,7462.900391,9741.511719,40000.0,16547.619141,5000.0,105504.872975,-2319.105705,18559.609599,0,true,true,1.0,-0.01,0
2,1296,64.8,86971.617199,-43359.28365,25080.681574,-12443.322123,13640.3093,-2313.735915,-3091.882113,-720.873241,11.671689,-12.119382,-109.453285,0.0,0.0,1.0,0.0,0.38024,0.848228,3.0,130696.096312,157756.886551,-61038.12099,91.340596,2.0,-5835.866263,-5370.247133,-2068.234436,28.871122,0,0,0,0,0,19084.730469,40000.0,2650.886963,2310.57373,2179.295898,2204.271973,2394.946777,2412.986084,2531.043213,3876.433105,40000.0,40000.0,40000.0,40000.0,40000.0,40000.0,40000.0,40000.0,40000.0,11371.34375,6853.605469,10086.927734,40000.0,17410.542969,5000.0,105257.997474,-6350.773742,17987.548319,0,true,true,1.0,-0.01,0
2,1297,64.85,87086.041523,18773.242127,25236.986307,49706.335816,13676.810863,-2263.442282,-3126.756181,-728.563658,13.540627,-12.213861,-107.33271,0.0,0.0,1.0,0.0,0.557193,1.202363,3.0,135167.734509,155603.857238,-55500.934565,91.531357,2.0,-5959.2213,-5293.953884,-2236.505933,27.92445,0,0,0,0,0,40000.0,40000.0,2552.783203,2252.368408,2146.10791,2192.045898,2407.680664,2516.197998,2666.226318,4227.189941,40000.0,40000.0,40000.0,40000.0,40000.0,40000.0,40000.0,40000.0,40000.0,11045.391602,6319.30957,9999.080078,40000.0,17934.71875,5000.0,104874.955793,-10747.858368,16990.985282,0,true,true,1.0,-0.01,0
2,1298,64.9,87212.956434,-43486.198561,25417.157469,-12623.493285,13718.998928,-2194.290338,-3158.497675,-737.808838,15.200434,-12.262982,-104.821724,0.0,0.0,1.0,0.0,0.693378,1.271192,3.0,140215.737111,152177.963876,-50901.809171,91.744512,2.0,-6098.063953,-5182.104627,-2400.141777,29.33837,0,0,0,0,0,40000.0,40000.0,2443.070068,2185.7854,2107.448975,2177.847656,2423.996582,2635.134521,2826.570312,4759.937012,40000.0,40000.0,40000.0,40000.0,40000.0,40000.0,40000.0,40000.0,40000.0,10697.405273,6528.16748,9905.614258,40000.0,18059.955078,5000.0,104270.730174,-15660.785368,15475.674696,0,true,true,1.0,-0.01,0
2,1299,64.95,87330.212465,18655.986096,25590.770083,49532.723202,13759.542944,-2125.012721,-3192.378441,-745.974385,16.654251,-12.254391,-101.924187,0.0,0.0,1.0,0.0,0.793095,1.387917,3.0,145856.769291,147445.626102,-47378.618592,91.9575,2.0,-6296.479897,-4988.713555,-2554.006044,27.676105,0,0,0,0,0,40000.0,30042.667969,2330.880859,2118.827148,2070.635986,2169.161621,2452.967285,2754.126221,2997.369873,40000.0,40000.0,40000.0,40000.0,40000.0,40000.0,40000.0,40000.0,40000.0,40000.0,9471.108398,8564.419922,9857.395508,19809.595703,18164.761719,5000.0,103396.849091,-21042.548631,13407.603452,0,true,true,1.0,-0.01,0
2,1300,65.0,87403.233279,-43559.219375,25702.922948,-12735.64615,13785.663234,-2084.194,-3225.372205,-750.247174,17.525249,-12.228115,-99.818825,0.0,0.0,1.0,0.0,0.588467,1.053047,3.0,149816.239042,143653.51803,-45600.347464,92.111084,2.0,-6441.564578,-4841.071902,-2659.211197,26.310792,0,0,0,0,0,40000.0,29006.447266,40000.0,2075.477539,2048.119385,2167.218994,2480.502197,2835.366699,3119.38916,40000.0,40000.0,40000.0,40000.0,40000.0,40000.0,40000.0,40000.0,40000.0,11397.927734,6402.263672,8882.802734,10364.141602,15311.885742,17846.890625,5000.0,102624.635786,-24805.886119,11762.208059,0,true,true,1.0,-0.01,0
2,1301,65.05,87534.804199,18524.415176,25914.342295,49321.303855,13834.712556,-1990.138137,-3274.870364,-758.354926,19.097593,-12.181317,-95.407539,0.0,0.0,1.0,0.0,0.409776,0.693468,3.0,157728.43207,135029.376432,-43135.320499,92.390322,2.0,-6772.822914,-4489.321653,-2861.788368,23.956538,0,0,0,0,0,40000.0,26098.802734,40000.0,1996.672485,2010.696289,2174.110352,2556.134277,3003.470703,3383.590088,40000.0,40000.0,40000.0,40000.0,40000.0,40000.0,40000.0,40000.0,40000.0,10576.772461,5943.401855,9265.587891,40000.0,15817.884766,17696.046875,5000.0,100597.630355,-32380.206752,8061.019238,0,true,true,1.0,-0.01,0
2,1302,65.1,87630.44379,-43654.858966,26077.283729,-12898.587584,13872.405621,-1906.829801,-3307.825389,-764.307574,20.152592,-12.162094,-92.007225,0.0,0.0,1.0,0.0,0.377535,0.551782,3.0,163363.745082,127908.449554,-42130.030182,92.604912,2.0,-7019.733721,-4210.721961,-2999.588665,23.383162,0,0,0,0,0,40000.0,29867.792969,5115.788574,1940.770752,1985.321899,2184.30249,2626.561035,3144.679443,3626.116211,40000.0,40000.0,40000.0,40000.0,40000.0,40000.0,40000.0,40000.0,40000.0,9836.166016,7824.51416,9203.94043,40000.0,16943.429688,40000.0,5000.0,98636.310917,-37937.328221,5029.971941,0,true,true,1.0,-0.01,0
2,1303,65.15,87722.480177,18432.378789,26243.241008,49155.346576,13910.689264,-1816.402987,-3341.825215,-769.852761,21.114042,-12.149148,-88.575218,0.0,0.0,1.0,0.0,0.409379,0.555586,3.0,168601.57986,120394.202456,-41804.030152,92.830762,2.0,-7252.962286,-3914.220587,-3102.161171,25.869237,0,0,0,0,0,40000.0,40000.0,4839.603516,1887.299561,1961.750366,2198.261963,2709.616455,3299.969238,4269.600098,40000.0,40000.0,40000.0,40000.0,40000.0,40000.0,40000.0,40000.0,11719.147461,5819.615234,8253.126953,9166.412109,19297.181641,17226.939453,40000.0,5000.0,96313.819156,-43289.72549,1837.585318,0,true,true,1.0,-0.01,0
2,1304,65.2,87810.010399,-43742.389188,26411.332618,-13066.679194,13949.357444,-1716.535179,-3370.812829,-775.253567,21.974016,-12.118097,-85.053421,0.0,0.0,1.0,0.0,0.735844,1.000749,3.0,173467.642358,112393.528479,-42259.23649,93.060195,2.0,-7484.906248,-3606.129515,-3167.021635,24.995069,0,0,0,0,0,28841.996094,40000.0,4601.138184,1835.816895,1940.401123,2217.886719,2811.548584,3472.958252,5353.490723,40000.0,40000.0,40000.0,40000.0,40000.0,40000.0,40000.0,40000.0,10511.526367,5598.76123,8771.075195,40000.0,14506.222656,17044.603516,40000.0,5000.0,93592.481485,-48495.639028,-1549.652072,0,true,true,1.0,-0.01,0
2,1305,65.25,87892.156028,18350.23316,26580.4551,48986.224095,13988.158579,-1612.983868,-3403.808036,-779.890029,22.70643,-12.041619,-81.300125,0.0,0.0,1.0,0.0,0.755085,1.132627,3.0,178061.678211,103572.648221,-43723.765057,93.305684,2.0,-7718.396245,-3265.045189,-3180.11503,27.565684,0,0,0,0,0,26146.818359,40000.0,4384.169922,1786.807983,1923.497803,2248.772949,2948.272949,3672.440186,40000.0,40000.0,40000.0,40000.0,40000.0,40000.0,40000.0,40000.0,40000.0,10037.297852,6847.459473,8687.114258,40000.0,14761.110352,16669.236328,40000.0,5000.0,90339.677119,-53718.299047,-5214.492738,0,true,true,1.0,-0.01,0
2,1306,65.3,87970.32354,-43820.5567,26754.542696,-13240.76679,14028.020847,-1497.172248,-3429.959168,-784.284816,23.319626,-11.926051,-77.321861,0.0,0.0,1.0,0.0,0.675253,0.900338,3.0,182237.736168,93968.630978,-46167.667492,93.558682,2.0,-7957.189322,-2907.838497,-3148.253669,26.591587,0,0,0,0,0,26272.439453,40000.0,4190.129395,1739.298218,1910.509521,2292.34668,3131.738525,3909.102539,40000.0,40000.0,40000.0,40000.0,40000.0,40000.0,40000.0,40000.0,40000.0,5243.290039,7795.520996,8638.204102,40000.0,16150.650391,40000.0,40000.0,5000.0,86497.418053,-58900.880869,-9093.701773,0,true,true,1.0,-0.01,0
2,1307,65.35,88020.114835,18300.441865,26873.989387,48866.777403,14055.335321,-1412.406788,-3442.676224,-787.033193,23.672943,-11.82335,-74.579399,0.0,0.0,1.0,0.0,0.739947,0.965148,3.0,184677.282506,87248.998202,-48301.650855,93.732012,2.0,-8111.999947,-2663.895468,-3102.002221,26.867647,0,0,0,0,0,40000.0,40000.0,4074.964111,1707.898926,1903.416992,2328.664062,3287.082275,4091.752441,40000.0,40000.0,40000.0,40000.0,40000.0,40000.0,40000.0,40000.0,10577.678711,5372.851074,8144.950684,8930.693359,18668.148438,16373.847656,40000.0,40000.0,5000.0,83618.751308,-62258.933465,-11756.928798,0,true,true,1.0,-0.01,0
2,1308,65.4,88086.792626,-43887.23449,27047.441221,-13414.218624,14094.912153,-1287.344803,-3466.291782,-789.930878,24.125702,-11.620158,-70.33065,0.0,0.0,1.0,0.0,0.766063,0.829902,3.0,187759.610707,76713.24483,-52280.833774,94.003076,2.0,-8330.147431,-2270.436177,-2985.981149,29.605066,0,0,0,0,0,40000.0,40000.0,3918.571533,1664.967773,1901.182983,2404.492676,3604.278076,4410.098145,40000.0,40000.0,40000.0,40000.0,40000.0,40000.0,40000.0,40000.0,9992.726562,6488.94043,8296.256836,40000.0,13837.550781,16321.879883,40000.0,28593.496094,5000.0,78814.141879,-67116.98974,-15841.311791,0,true,true,1.0,-0.01,0
2,1309,65.45,88147.771708,18239.462783,27224.57935,48689.639274,14135.290571,-1149.427133,-3477.218115,-792.245964,24.505842,-11.321863,-65.970833,0.0,0.0,1.0,0.0,0.826102,0.635463,3.0,189925.780374,65898.176114,-57182.412968,94.27627,2.0,-8527.875676,-1872.807597,-2823.00258,31.971414,0,0,0,0,0,40000.0,40000.0,3783.959229,1746.921875,1903.591309,2503.600342,3881.450439,5701.32959,40000.0,40000.0,40000.0,40000.0,40000.0,40000.0,40000.0,40000.0,5147.944824,7471.887207,8220.568359,40000.0,14576.580078,15978.461914,40000.0,25633.984375,5000.0,73463.384696,-71633.458321,-19991.552726,0,true,true,1.0,-0.01,0
2,1310,65.5,88200.458909,-43939.921692,27398.348767,-13587.988041,14174.843942,-1008.891218,-3486.123809,-793.039358,24.840317,-10.909935,-61.57016,0.0,0.0,1.0,0.0,0.659051,0.362478,3.0,191055.379001,55086.799689,-62918.24049,94.559033,2.0,-8711.36675,-1481.36811,-2617.305058,31.47874,0,0,0,0,0,40000.0,4323.803711,3670.299316,1836.905151,1913.904663,2637.218018,4116.031738,40000.0,40000.0,40000.0,40000.0,40000.0,40000.0,40000.0,40000.0,10379.625,5342.316406,7979.850098,8588.664062,18967.240234,15565.762695,40000.0,40000.0,25537.072266,5000.0,67660.603611,-75693.69449,-24131.18458,0,true,true,1.0,-0.01,0
2,1311,65.55,88247.062284,18192.859408,27577.315072,48510.672969,14215.569059,-856.694596,-3485.476472,-792.353778,25.159914,-10.406412,-57.229908,0.0,0.0,1.0,0.0,0.490896,0.089254,3.0,191087.919384,44641.919271,-69197.909731,94.854736,2.0,-8867.026425,-1118.658319,-2383.410147,33.498427,0,0,0,0,0,40000.0,4104.981934,3449.376953,1914.276855,1923.729736,2802.578613,4389.904785,40000.0,40000.0,40000.0,40000.0,40000.0,40000.0,40000.0,40000.0,5118.462891,7019.218262,7938.713867,40000.0,13214.821289,15825.958008,40000.0,40000.0,40000.0,5000.0,61554.242793,-79190.707026,-28127.098036,0,true,true,1.0,-0.01,0
2,1312,65.6,88284.709151,-43977.568559,27750.866643,-13761.539612,14255.001899,-704.12131,-3479.349183,-789.801794,25.485853,-9.827134,-53.015511,0.0,0.0,1.0,0.0,0.209979,0.139986,3.0,190103.125515,34775.470583,-75820.187802,95.153281,2.0,-9005.695422,-785.411546,-2129.482048,32.535475,0,0,0,0,0,40000.0,3925.425537,3206.37207,1972.265747,1937.968872,3020.901367,4705.43457,40000.0,40000.0,40000.0,40000.0,40000.0,40000.0,40000.0,40000.0,5185.479004,7397.950195,7858.32373,40000.0,13423.858398,15306.433594,40000.0,26998.277344,40000.0,5000.0,55291.729829,-82094.99688,-31900.981713,0,true,true,1.0,-0.01,0
2,1313,65.65,88314.140641,18163.427918,27920.665374,48340.874239,14293.52735,-549.882461,-3465.096019,-785.487714,25.833784,-9.287304,-48.991959,0.0,0.0,1.0,0.0,-0.398691,-0.279972,3.0,188348.038852,25567.73554,-82275.042588,95.452959,2.0,-9116.909587,-482.049045,-1878.181211,34.274686,0,0,0,0,0,40000.0,3779.744873,3055.862549,2023.750977,1952.475464,3308.211182,5067.473145,40000.0,40000.0,40000.0,40000.0,40000.0,40000.0,40000.0,10306.217773,6018.387207,7792.804199,8288.606445,40000.0,14793.729492,15597.905273,40000.0,24375.837891,40000.0,5000.0,49019.781905,-84434.411679,-35312.045465,0,true,true,1.0,-0.01,0
2,1314,65.7,88336.846622,-44000.27454,28099.053368,-13939.927607,14334.011964,-383.330207,-3438.154367,-779.533447,26.211893,-8.869856,-45.423756,0.0,0.0,1.0,0.0,0.0,0.0,3.0,186138.906903,17670.524211,-87879.273295,95.770586,2.0,-9210.900742,-269.581003,-1674.600548,32.582307,0,0,0,0,0,40000.0,3667.420898,3002.781738,2095.990479,1934.858765,3616.393311,40000.0,40000.0,40000.0,40000.0,40000.0,40000.0,40000.0,40000.0,5104.232422,6960.650391,7667.035156,40000.0,17120.908203,15039.189453,40000.0,40000.0,25032.697266,40000.0,5000.0,43225.321295,-86118.591438,-38179.857089,0,true,true,1.0,-0.01,0
2,1315,65.75,88350.289931,18149.984609,28262.859351,48177.068256,14371.111443,-229.594673,-3412.774151,-772.768276,26.521023,-8.577214,-42.736187,0.0,0.0,1.0,0.0,0.0,0.0,3.0,184021.023286,11944.299643,-92052.281007,96.081328,2.0,-9271.174279,-164.721118,-1535.571181,34.311994,0,0,0,0,0,40000.0,3588.398193,3012.602539,2175.057129,1875.447388,3864.384521,40000.0,40000.0,40000.0,40000.0,40000.0,40000.0,40000.0,40000.0,5223.900391,7207.694824,7587.904785,40000.0,12625.526367,15049.548828,40000.0,40000.0,40000.0,40000.0,5000.0,38727.109075,-87133.162934,-40219.94836,0,true,true,1.0,-0.01,0
2,1316,65.8,88356.829316,-44006.813925,28478.945388,-14156.013644,14420.06921,-26.906187,-3369.171384,-763.083324,26.825586,-8.317661,-40.215851,0.0,0.0,1.0,0.0,0.0,0.0,3.0,181575.97338,6857.959364,-95853.537619,96.49916,2.0,-9328.555425,-191.011492,-1444.047267,34.704517,0,0,0,0,0,40000.0,3509.309082,3098.540283,2301.102783,1934.997559,3957.746826,40000.0,40000.0,40000.0,40000.0,40000.0,40000.0,40000.0,40000.0,5857.987793,7507.652344,7575.826172,40000.0,12607.970703,14624.458984,40000.0,27188.900391,40000.0,40000.0,5000.0,34388.906054,-87860.205808,-42012.956618,0,true,true,1.0,-0.01,0
2,1317,65.85,88353.325809,18153.488116,28639.959602,48016.054042,14456.590855,122.073927,-3332.371975,-755.546706,26.991104,-8.187239,-38.891285,0.0,0.0,1.0,0.0,0.0,0.0,3.0,180048.078305,4352.915858,-97762.238282,96.819072,2.0,-9361.223823,-304.005196,-1428.325485,36.015107,0,0,0,0,0,40000.0,3457.924316,3192.038086,2403.209717,2038.406128,3795.861328,40000.0,40000.0,40000.0,40000.0,40000.0,40000.0,40000.0,5239.720215,6477.463867,7613.683105,7887.654297,40000.0,13178.72168,14369.638672,40000.0,26482.015625,40000.0,40000.0,5000.0,32048.949361,-88141.00634,-42896.655624,0,true,true,1.0,-0.01,0
2,1318,65.9,88344.914881,-43998.402997,28770.834001,-14286.888044,14486.476153,240.025051,-3275.967277,-750.759137,27.075928,-8.123122,-38.223713,0.0,0.0,1.0,0.0,0.0,0.0,3.0,179106.408154,3221.966347,-98633.362576,97.036338,2.0,-9378.274465,-466.964649,-1455.310082,35.574925,0,0,0,0,0,40000.0,3419.493896,3287.693359,2493.654541,2124.120117,3435.695801,40000.0,40000.0,40000.0,40000.0,40000.0,40000.0,40000.0,5302.520996,6877.631348,7562.721191,40000.0,40000.0,13532.749023,14184.576172,40000.0,26090.527344,40000.0,40000.0,5000.0,30827.389623,-88234.212337,-43309.766919,0,true,true,1.0,-0.01,0
2,1319,65.95,88323.749136,18174.653861,28963.563739,47823.324304,14530.593401,413.640122,-3254.8184,-740.123088,27.166481,-8.056712,-37.519455,0.0,0.0,1.0,0.0,0.0,0.0,3.0,177922.916125,2160.984977,-99457.383505,97.491104,2.0,-9403.435815,-766.709191,-1528.246845,34.053113,0,0,0,0,0,40000.0,3359.802734,3240.990479,2626.615234,2247.312988,2654.865479,40000.0,40000.0,40000.0,40000.0,40000.0,40000.0,40000.0,5415.962891,7022.250977,7505.48877,40000.0,40000.0,13788.661133,14179.446289,40000.0,25629.15625,40000.0,40000.0,5000.0,29491.857004,-88288.312888,-43714.966606,0,true,true,1.0,-0.01,0
2,1320,66.0,88296.750201,-43971.404062,29133.852859,-14457.177163,14569.490561,558.787392,-3207.771763,-732.572961,27.21946,-7.975312,-36.833366,0.0,0.0,1.0,0.0,0.940595,1.135201,3.0,176756.72987,1050.925207,-100344.770656,97.845811,2.0,-9420.237532,-1031.415317,-1588.265322,34.980016,0,0,0,0,0,40000.0,3298.102783,3191.660156,2732.398926,2347.783691,2188.878906,40000.0,40000.0,40000.0,40000.0,40000.0,40000.0,40000.0,5524.842773,7162.502441,7462.420898,40000.0,40000.0,13760.197266,14197.025391,40000.0,25200.771484,40000.0,40000.0,5000.0,28195.715606,-88363.4273,-44063.498406,0,true,true,1.0,-0.01,0
2,1321,66.05,88263.588459,18207.815603,29296.295611,47660.881552,14606.640392,694.102891,-3167.464645,-724.935228,27.220818,-7.797051,-35.820843,0.0,0.0,1.0,0.0,0.721835,0.590593,3.0,175160.918198,-830.882579,-101965.837896,98.20415,2.0,-9444.895875,-1247.654285,-1609.329095,35.806472,0,0,0,0,0,40000.0,3226.703857,3137.324219,2811.563721,2430.746338,2277.479004,40000.0,40000.0,40000.0,40000.0,40000.0,40000.0,40000.0,5703.538574,7321.723633,7420.931641,40000.0,16823.958984,13767.910156,14280.628906,40000.0,23618.916016,40000.0,40000.0,5000.0,26340.626302,-88550.868275,-44505.262809,0,true,true,1.0,-0.01,0
2,1322,66.1,88236.831065,-43944.646668,29406.760269,-14567.641822,14631.965247,784.656126,-3139.624456,-719.463993,27.203449,-7.624701,-35.027473,0.0,0.0,1.0,0.0,0.557831,0.492204,3.0,173871.262586,-2320.664835,-103345.615477,98.454023,2.0,-9461.413885,-1387.035687,-1609.571246,35.550351,0,0,0,0,0,40000.0,3173.075928,3096.5625,2856.941895,2481.726807,2334.23999,40000.0,40000.0,40000.0,40000.0,40000.0,40000.0,40000.0,5990.859863,7441.980957,7395.582031,40000.0,16486.423828,13787.15918,40000.0,40000.0,23242.238281,40000.0,40000.0,5000.0,24892.812695,-88698.738853,-44826.178077,0,true,true,1.0,-0.01,0
2,1323,66.15,88192.600517,18252.046151,29564.963703,47502.678119,14668.258731,912.669234,-3099.293873,-710.976784,27.160751,-7.312742,-33.718983,0.0,0.0,1.0,0.0,0.467573,0.311715,3.0,171702.863313,-4799.148756,-105714.989621,98.821865,2.0,-9494.343031,-1573.296964,-1592.521992,33.828019,0,0,0,0,0,40000.0,3089.624512,3033.458496,2909.749512,2547.065186,2410.866699,40000.0,40000.0,40000.0,40000.0,40000.0,40000.0,40000.0,6451.101074,7632.289062,7413.636719,40000.0,11746.261719,13839.522461,40000.0,40000.0,22666.8125,40000.0,40000.0,5000.0,22510.595405,-88932.031919,-45317.929409,0,true,true,1.0,-0.01,0
2,1324,66.2,88143.261435,-43895.307586,29717.438255,-14720.116374,14703.268609,1034.472896,-3058.548662,-701.893226,27.109072,-6.928729,-32.329613,0.0,0.0,1.0,0.0,0.369101,0.263643,3.0,169266.458131,-7379.519896,-108362.819497,99.18582,2.0,-9528.811139,-1744.223621,-1557.958898,34.86249,0,0,0,0,0,40000.0,2995.640137,2967.452148,2950.060547,2602.964355,2480.181641,40000.0,40000.0,40000.0,40000.0,40000.0,40000.0,5914.816895,6950.336914,7778.676758,7706.877441,40000.0,11725.416992,13903.038086,40000.0,40000.0,22098.064453,40000.0,40000.0,5000.0,19976.404921,-89145.116545,-45801.90027,0,true,true,1.0,-0.01,0
2,1325,66.25,88084.013744,18311.293842,29877.70028,47342.416094,14740.160863,1159.399895,-3008.23209,-691.590892,27.055912,-6.505951,-30.900261,0.0,0.0,1.0,0.0,0.139986,0.209979,3.0,166593.988807,-9964.143038,-111111.197662,99.566582,2.0,-9564.360332,-1937.29887,-1528.159087,35.348883,0,0,0,0,0,40000.0,3017.054932,2892.188721,2987.691162,2657.305664,2549.145508,40000.0,40000.0,40000.0,40000.0,40000.0,40000.0,6026.47998,7366.272461,7713.499023,40000.0,40000.0,11716.19043,13608.168945,40000.0,40000.0,22477.355469,40000.0,40000.0,5000.0,17348.28847,-89318.161411,-46246.021061,0,true,true,1.0,-0.01,0
2,1326,66.3,88021.41298,-43832.706822,30027.209102,-14869.625196,14772.620624,1272.366613,-2908.933361,-591.868832,27.003204,-6.101768,-29.435232,1.0,0.0,1.0,0.0,0.200407,0.400814,3.0,163840.173097,-12647.062199,-113836.896266,99.939062,2.0,-9595.865379,-2104.082063,-1503.729115,33.647746,0,0,0,0,0,40000.0,3006.822754,2816.978027,3013.3479,2701.684326,2609.603516,40000.0,40000.0,40000.0,40000.0,40000.0,40000.0,6139.728516,7530.110352,7660.118164,40000.0,40000.0,12217.855469,13327.415039,40000.0,40000.0,23270.78125,40000.0,40000.0,5000.0,14650.709038,-89462.513583,-46639.568537,0,true,true,1.0,-0.01,0
2,1326,66.3,88021.41298,-43832.706822,30027.209102,-14869.625196,14772.620624,1272.366613,-2908.933361,-591.868832,27.003204,-6.101768,-29.435232,1.0,0.0,1.0,0.0,0.200407,0.400814,3.0,163840.173097,-12647.062199,-113836.896266,99.939062,2.0,-9595.865379,-2104.082063,-1503.729115,33.647746,0,0,0,0,0,40000.0,3006.822754,2816.978027,3013.3479,2701.684326,2609.603516,40000.0,40000.0,40000.0,40000.0,40000.0,40000.0,6139.728516,7530.110352,7660.118164,40000.0,40000.0,12217.855469,13327.415039,40000.0,40000.0,23270.78125,40000.0,40000.0,5000.0,14650.709038,-89462.513583,-46639.568537,0,true,true,1.0,-70.0,2
