2,1,0.05,500.0,37300.0,500.0,37300.0,17452.0,0.0,0.0,0.0,0.0,0.0,-135.0,0.0,0.0,0.0,0.0,0.0,0.0,0,0,0,0,0,0,0,0,0,0,0,0,0,0,0,370.717834,410.452972,457.800201,560.687439,462.298828,414.485229,370.696228,410.478027,457.827454,560.719666,462.341644,414.52417,370.755676,410.509399,457.863159,560.764587,462.318268,414.502686,370.75824,410.495239,457.846741,560.743408,462.282806,414.471313,59.727859,105500.331753,-0.0,192.0,2,false,false,0.0,-207.248523,0,0.0,1.0,0.0
2,2,0.1,503.157901,-3.157901,503.157907,-3.157907,17453.354507,-67.502986,-67.503094,-43.764736,0.0,0.0,-135.0,0.0,0.0,0.0,0.0,0.0,0.0,0,0,0,0,0,0,0,0,0,0,0,0,0,0,0,366.251892,405.829468,452.643372,554.371643,462.298828,414.48526,366.948914,410.478058,457.827484,560.719727,467.498474,419.147644,375.221619,415.132874,463.019989,566.222839,462.318237,414.502686,374.505554,410.495209,457.84668,559.862854,457.125946,409.847809,58.373356,105495.865802,-0.000004,193.354507,0,false,false,0.0,-207.238523,0,0.0,1.0,0.0
2,3,0.15,506.576218,37296.581684,506.576228,37296.581678,17457.206073,-64.039126,-64.039228,-91.145983,0.0,0.0,-135.0,0.0,0.0,0.0,0.0,0.0,0.0,0,0,0,0,0,0,0,0,0,0,0,0,0,0,0,361.417664,400.824707,447.06131,547.535034,462.298859,414.48526,362.892578,410.478088,457.827545,560.719788,473.080566,424.152435,380.055847,420.137634,468.602051,566.222839,462.318207,414.502655,373.110535,410.495148,457.846649,553.026245,451.543854,404.843048,54.52179,105491.031569,-0.000007,197.206073,0,false,false,0.0,-207.228523,0,0.0,1.0,0.0
2,4,0.2,509.722813,-6.304497,509.722829,-6.304507,17463.224883,-60.851604,-60.851704,-134.761108,0.0,0.0,-135.0,0.0,0.0,0.0,0.0,0.0,0.0,0,0,0,0,0,0,0,0,0,0,0,0,0,0,0,356.967712,396.217773,441.922943,541.241882,462.298889,414.485291,367.402802,410.478149,457.827576,560.719849,478.218933,428.759369,384.505829,424.744568,473.740417,566.222839,462.318207,414.502655,376.155884,410.495117,457.846619,546.733032,446.405487,400.236115,48.502979,105486.581607,-0.000011,203.224883,0,false,false,0.0,-207.218523,0,0.0,1.0,0.0
2,5,0.25,512.753036,37293.551461,512.753056,37293.551451,17471.514706,-57.781857,-57.781956,-176.764099,0.0,0.0,-135.0,0.0,0.0,0.0,0.0,0.0,0.0,0,0,0,0,0,0,0,0,0,0,0,0,0,0,0,352.682343,391.78125,436.974609,535.181458,462.298889,414.485291,372.509918,410.47818,457.827637,560.71991,483.167267,433.195923,388.791199,429.181122,478.688751,566.222778,462.318176,414.502625,381.263092,410.495087,457.846558,540.672607,441.457153,395.799561,40.213154,105482.296223,-0.000015,211.514706,0,false,false,0.0,-207.208523,0,0.0,1.0,0.0
2,6,0.3,514.112838,-7.6643,514.230125,-7.781576,17473.510784,-14.4324,-17.21011,7.442961,0.046495,-0.633968,-135.003723,0.0,0.0,0.0,0.0,0.0,0.0,0,0,0,0,0,0,0,0,0,0,0,0,0,0,0,350.748322,389.721588,434.66864,532.342651,462.248779,414.432037,374.869537,410.410339,457.742767,560.600586,485.531464,435.306854,390.730255,431.276764,481.016479,566.411438,462.459564,414.621063,383.730499,410.598907,457.953186,537.903503,439.184174,393.753754,38.217075,105471.470683,5.639142,1380.600754,0,false,false,0.0,-207.198523,0,0.0,1.0,0.0
2,7,0.35,514.602067,37293.062233,514.824867,37292.956709,17473.860877,-2.149383,-2.93564,0.309651,0.068717,-0.780616,-135.010544,0.0,0.0,0.0,0.0,0.0,0.0,0,0,0,0,0,0,0,0,0,0,0,0,0,0,0,350.020508,388.927917,433.767456,531.212158,462.209015,414.381134,375.773743,410.332977,457.639618,560.446045,486.465454,436.128174,391.407379,432.07019,481.883636,566.602417,462.592163,414.72464,384.676117,410.676025,458.022308,536.900391,438.343048,392.985138,37.866985,105466.818872,17.273766,1650.905694,0,false,false,0.0,-207.188523,0,0.0,1.0,0.0
2,8,0.4,514.539154,-7.601387,514.774066,-7.730775,17473.879847,1.705954,1.624016,0.224204,0.080038,-0.646298,-135.013428,0.0,0.0,0.0,0.0,0.0,0.0,0,0,0,0,0,0,0,0,0,0,0,0,0,0,0,350.083099,388.994568,433.835022,531.28363,462.199066,414.365753,375.680908,410.30661,457.603088,560.389343,486.372528,436.038055,391.29184,431.968506,481.762726,566.626526,462.60199,414.72702,384.554565,410.667358,458.005493,537.025513,438.435883,393.062225,37.848015,105470.478305,22.595284,1403.687063,0,false,false,0.0,-207.178523,0,0.0,1.0,0.0
2,9,0.45,514.423409,37293.177978,514.661804,37293.06897,17473.904627,1.819275,1.770213,0.35467,0.083638,-0.400017,-135.013733,0.0,0.0,0.0,0.0,0.0,0.0,0,0,0,0,0,0,0,0,0,0,0,0,0,0,0,350.231049,389.14563,434.002808,531.487915,462.179504,414.347534,375.473877,410.287354,457.580872,560.360901,486.168762,435.854645,391.111481,431.784027,481.556183,566.610779,462.588104,414.713867,384.347412,410.653229,457.988983,537.235352,438.606201,393.214294,37.823235,105475.698335,23.726615,950.34847,0,false,false,0.0,-207.168523,0,0.0,1.0,0.0
2,10,0.5,514.290697,-7.468675,514.532327,-7.601298,17473.9331,2.038698,1.988046,0.384714,0.087078,-0.116649,-135.01387,0.0,0.0,0.0,0.0,0.0,0.0,0,0,0,0,0,0,0,0,0,0,0,0,0,0,0,350.409851,389.328644,434.206604,531.737,462.167175,414.336182,375.243225,410.275604,457.567413,560.343933,485.944427,435.653229,390.914734,431.582214,481.33078,566.602661,462.581055,414.707245,384.119202,410.646179,457.980804,537.486816,438.811096,393.397705,37.794762,105479.293598,24.699098,428.718453,0,false,false,0.0,-207.158523,0,0.0,1.0,0.0
2,11,0.55,514.237416,37293.231259,514.443299,37293.157999,17473.938464,0.224971,0.627014,0.094267,0.045107,0.034533,-135.015549,0.0,0.0,0.0,0.0,0.0,0.0,0,0,0,0,0,0,0,0,0,0,0,0,0,0,0,350.479919,389.429016,434.314575,531.862549,462.203369,414.364838,375.161041,410.297729,457.587952,560.362061,485.835602,435.551697,390.824921,431.473816,481.205475,566.582581,462.558868,414.683563,383.959808,410.615997,457.942963,537.644043,438.93399,393.504272,37.789398,105480.157363,28.372567,150.385684,0,false,false,0.0,-207.148523,0,0.0,1.0,0.0
2,12,0.6,514.242244,-7.473503,514.440193,-7.598192,17473.93952,-0.174285,-0.079661,0.033297,0.035237,0.030706,-135.015411,0.0,0.0,0.0,0.0,0.0,0.0,0,0,0,0,0,0,0,0,0,0,0,0,0,0,0,350.474701,389.427979,434.313782,531.862122,462.209167,414.370361,375.166992,410.303802,457.595062,560.371338,485.836273,435.552643,390.831635,431.475342,481.207581,566.573242,462.551697,414.67749,383.956787,410.610443,457.937103,537.64093,438.931915,393.502747,37.788342,105480.145936,28.136883,157.427462,0,false,false,0.0,-207.138523,0,0.0,1.0,0.0
2,13,0.65,514.242098,37293.231405,514.436469,37293.161723,17473.940054,-0.027116,0.013596,0.003623,0.030208,0.033099,-135.015656,0.0,0.0,0.0,0.0,0.0,0.0,0,0,0,0,0,0,0,0,0,0,0,0,0,0,0,350.474121,389.430389,434.315887,531.863831,462.213196,414.373444,375.168121,410.305969,457.596893,560.37262,485.83429,435.550293,390.829681,431.472046,481.203278,566.572021,462.549896,414.675323,383.949097,410.607391,457.933105,537.647034,438.936157,393.506012,37.787807,105480.155038,28.592432,153.019961,0,false,false,0.0,-207.128523,0,0.0,1.0,0.0
2,14,0.7,514.243381,-7.474786,514.436254,-7.597977,17473.940323,-0.115674,-0.075347,0.02428,0.027714,0.030054,-135.016083,0.0,0.0,0.0,0.0,0.0,0.0,0,0,0,0,0,0,0,0,0,0,0,0,0,0,0,350.470276,389.428833,434.313141,531.858765,462.2164,414.375366,375.173401,410.306244,457.59613,560.369934,485.83725,435.551941,390.828857,431.471954,481.202057,566.574707,462.550659,414.675049,383.945526,410.605438,457.929901,537.649963,438.937134,393.506012,37.787537,105480.145784,29.382187,158.625958,0,false,false,0.0,-207.118523,0,0.0,1.0,0.0
2,15,0.75,514.241977,37293.23281,514.433745,37293.164232,17473.940533,0.047824,0.061232,0.008075,0.02573,0.032463,-135.016434,0.0,0.0,0.0,0.0,0.0,0.0,0,0,0,0,0,0,0,0,0,0,0,0,0,0,0,350.470551,389.431061,434.314789,531.859375,462.218994,414.376892,375.173706,410.306366,457.595398,560.367554,485.835815,435.549805,390.824707,431.468384,481.197113,566.577209,462.551453,414.674957,383.938568,410.603973,457.927368,537.657288,438.941956,393.509552,37.787327,105480.15494,30.055183,154.190025,0,false,false,0.0,-207.108523,0,0.0,1.0,0.0
2,16,0.8,514.240185,-7.472995,514.431902,-7.596133,17473.940601,-0.006776,-0.00974,0.002554,0.02508,0.034433,-135.016876,0.0,0.0,0.0,0.0,0.0,0.0,0,0,0,0,0,0,0,0,0,0,0,0,0,0,0,350.470795,389.432922,434.315796,531.858887,462.22113,414.377777,375.174164,410.305573,457.593384,560.36322,485.835052,435.548065,390.819611,431.464813,481.192017,566.581543,462.553497,414.675781,383.931915,410.603088,457.925262,537.665161,438.946899,393.513031,37.787262,105480.162512,30.879821,150.563125,0,false,false,0.0,-207.098523,0,0.0,1.0,0.0
2,17,0.85,514.240955,37293.23204,514.432391,37293.163742,17473.94071,0.013524,0.024141,0.003369,0.024079,0.031274,-135.017319,0.0,0.0,0.0,0.0,0.0,0.0,0,0,0,0,0,0,0,0,0,0,0,0,0,0,0,350.467468,389.431183,434.312836,531.853455,462.223419,414.378845,375.178864,410.304901,457.591553,560.359192,485.838226,435.549896,390.818115,431.464844,481.190887,566.585632,462.555298,414.676422,383.92923,410.60202,457.922974,537.66803,438.947815,393.512909,37.787151,105480.152917,31.694724,156.379154,0,false,false,0.0,-207.088523,0,0.0,1.0,0.0
2,18,0.9,514.240733,-7.472773,514.431937,-7.59568,17473.940802,-0.072252,-0.061092,0.018441,0.023219,0.030204,-135.017746,0.0,0.0,0.0,0.0,0.0,0.0,0,0,0,0,0,0,0,0,0,0,0,0,0,0,0,350.465607,389.430878,434.311493,531.85022,462.225586,414.379822,375.181793,410.30426,457.589783,560.355225,485.839783,435.550262,390.815338,431.46347,481.188263,566.5896,462.557098,414.677094,383.92511,410.601013,457.920807,537.672668,438.950256,393.514191,37.78706,105480.150218,32.482072,158.348404,0,false,false,0.0,-207.078523,0,0.0,1.0,0.0
2,19,0.95,514.237837,37293.234936,514.429254,37293.166426,17473.940836,0.010835,-0.000124,0.001657,0.022885,0.034349,-135.018127,0.0,0.0,0.0,0.0,0.0,0.0,0,0,0,0,0,0,0,0,0,0,0,0,0,0,0,350.467743,389.434296,434.314423,531.852234,462.227203,414.380432,375.179932,410.303375,457.58786,560.351318,485.837097,435.546967,390.809113,431.458649,481.181885,566.593628,462.559082,414.677979,383.917542,410.600464,457.91925,537.681885,438.956512,393.519012,37.787025,105480.165122,33.187214,150.71839,0,false,false,0.0,-207.068523,0,0.0,1.0,0.0
2,20,1.0,514.238245,-7.473181,514.430207,-7.596633,17473.940832,-0.084587,-0.081982,0.024269,0.022939,0.031003,-135.018631,0.0,0.0,0.0,0.0,0.0,0.0,0,0,0,0,0,0,0,0,0,0,0,0,0,0,0,350.464539,389.432373,434.311096,531.846252,462.229065,414.380981,375.18457,410.302002,457.585114,560.345886,485.840637,435.54895,390.806885,431.458618,481.180542,566.599121,462.561829,414.679352,383.91507,410.599884,457.917389,537.685181,438.957611,393.518921,37.787029,105480.154885,34.103554,156.87857,0,false,false,0.0,-207.058523,0,0.0,1.0,0.0
2,21,1.05,514.237149,37293.236032,514.429265,37293.167368,17473.940879,0.034383,0.035432,0.004362,0.022499,0.031384,-135.019058,0.0,0.0,0.0,0.0,0.0,0.0,0,0,0,0,0,0,0,0,0,0,0,0,0,0,0,350.463837,389.433075,434.310883,531.844299,462.230957,414.381714,375.186127,410.301086,457.583008,560.341492,485.841095,435.54834,390.802887,431.456268,481.176788,566.603516,462.563965,414.680298,383.910004,410.599182,457.915527,537.691284,438.961182,393.52121,37.78698,105480.157107,34.897972,156.177884,0,false,false,0.0,-207.048523,0,0.0,1.0,0.0
2,22,1.1,514.234,-7.470032,514.427075,-7.594443,17473.940807,0.0,0.0,0.0,0.023144,0.035089,-135.019455,0.0,0.0,0.0,0.0,0.0,0.0,0,0,0,0,0,0,0,0,0,0,0,0,0,0,0,350.466156,389.436279,434.313507,531.845947,462.232056,414.381805,375.184052,410.299622,457.580414,560.33667,485.838684,435.545258,390.796265,431.451569,481.170532,566.608459,462.56662,414.681793,383.903046,410.599121,457.91449,537.700378,438.967316,393.525848,37.787052,105480.170514,35.63145,149.35778,0,false,false,0.0,-207.038523,0,0.0,1.0,0.0
2,23,1.15,514.234218,37293.235814,514.427807,37293.166636,17473.94079,-0.003787,-0.00609,0.001633,0.023326,0.032643,-135.019806,0.0,0.0,0.0,0.0,0.0,0.0,0,0,0,0,0,0,0,0,0,0,0,0,0,0,0,350.463989,389.434937,434.311188,531.841736,462.233246,414.382111,375.187225,410.298584,457.578369,560.332703,485.841187,435.546661,390.794617,431.451538,481.169586,566.612427,462.568665,414.682831,383.901398,410.598816,457.913269,537.702698,438.968079,393.525787,37.787071,105480.163151,36.273737,153.860728,0,false,false,0.0,-207.028523,0,0.0,1.0,0.0
2,24,1.2,514.233572,-7.469386,514.427493,-7.594129,17473.940829,-0.012461,-0.010735,0.00296,0.022969,0.031379,-135.020401,0.0,0.0,0.0,0.0,0.0,0.0,0,0,0,0,0,0,0,0,0,0,0,0,0,0,0,350.461884,389.43457,434.309418,531.83728,462.235687,414.382996,375.190735,410.297211,457.575378,560.32666,485.843262,435.54715,390.790405,431.449646,481.165985,566.61853,462.571655,414.684204,383.896149,410.597931,457.910858,537.709106,438.971436,393.527557,37.787033,105480.160036,37.347982,156.187584,0,false,false,0.0,-207.018523,0,0.0,1.0,0.0
2,25,1.25,514.229677,37293.239709,514.424414,37293.169715,17473.940778,0.07173,0.049225,0.00914,0.023396,0.03685,-135.020798,0.0,0.0,0.0,0.0,0.0,0.0,0,0,0,0,0,0,0,0,0,0,0,0,0,0,0,350.46524,389.438965,434.313385,531.840515,462.236938,414.383179,375.187469,410.295868,457.572876,560.32196,485.839569,435.542908,390.782715,431.443756,481.158356,566.623352,462.574249,414.685608,383.887665,410.597778,457.909698,537.71991,438.978943,393.533447,37.787083,105480.179133,38.094356,146.115631,0,false,false,0.0,-207.008523,0,0.0,1.0,0.0
2,26,1.3,514.231703,-7.471411,514.426892,-7.596607,17473.940795,-0.062331,-0.052109,0.015694,0.023305,0.030124,-135.021301,0.0,0.0,0.0,0.0,0.0,0.0,0,0,0,0,0,0,0,0,0,0,0,0,0,0,0,350.459686,389.434723,434.307465,531.831299,462.238892,414.38382,375.194855,410.294525,457.57016,560.316528,485.845673,435.547211,390.782715,431.446014,481.159546,566.628784,462.576935,414.68689,383.887695,410.597107,457.907684,537.720154,438.977478,393.531036,37.787067,105480.157728,39.022063,158.498815,0,false,false,0.0,-206.998523,0,0.0,1.0,0.0
2,27,1.35,514.229602,37293.241809,514.424752,37293.171855,17473.940858,0.0,0.0,0.0,0.022698,0.032858,-135.021713,0.0,0.0,0.0,0.0,0.0,0.0,0,0,0,0,0,0,0,0,0,0,0,0,0,0,0,350.460541,389.437073,434.309113,531.831726,462.240875,414.384674,375.19458,410.293762,457.568298,560.3125,485.844269,435.544952,390.777374,431.442078,481.154083,566.632874,462.578857,414.687683,383.880798,410.596313,457.905762,537.728271,438.982788,393.534943,37.787003,105480.167884,39.788787,153.465279,0,false,false,0.0,-206.988523,0,0.0,1.0,0.0
2,28,1.4,514.227972,-7.469781,514.423375,-7.59523,17473.940884,-0.020324,-0.032602,0.00892,0.022434,0.034219,-135.022079,0.0,0.0,0.0,0.0,0.0,0.0,0,0,0,0,0,0,0,0,0,0,0,0,0,0,0,350.460968,389.438629,434.309998,531.83136,462.24234,414.385193,375.194672,410.292908,457.566437,560.308716,485.843597,435.543488,390.773041,431.439148,481.149902,566.636719,462.58075,414.688568,383.87558,410.595795,457.904297,537.73468,438.986847,393.537811,37.786976,105480.173372,40.454284,150.96106,0,false,false,0.0,-206.978523,0,0.0,1.0,0.0
2,29,1.45,514.227041,37293.24274,514.423205,37293.172025,17473.940847,0.024847,0.015223,0.003195,0.022779,0.033476,-135.022537,0.0,0.0,0.0,0.0,0.0,0.0,0,0,0,0,0,0,0,0,0,0,0,0,0,0,0,350.4599,389.438629,434.308929,531.828308,462.243835,414.385498,375.196716,410.291473,457.563721,560.303589,485.844879,435.54361,390.769226,431.437439,481.14679,566.641907,462.583466,414.690002,383.871582,410.59549,457.902832,537.740051,438.989746,393.539429,37.787014,105480.171864,41.282312,152.328047,0,false,false,0.0,-206.968523,0,0.0,1.0,0.0
2,30,1.5,514.227653,-7.470394,514.424177,-7.596202,17473.940865,-0.073416,-0.065857,0.019773,0.022643,0.029939,-135.02298,0.0,0.0,0.0,0.0,0.0,0.0,0,0,0,0,0,0,0,0,0,0,0,0,0,0,0,350.456696,389.436646,434.305664,531.822571,462.245605,414.386078,375.201263,410.290344,457.561371,560.298828,485.848358,435.545654,390.767578,431.437683,481.145935,566.646667,462.585846,414.691132,383.869598,410.594879,457.901062,537.742615,438.990417,393.539093,37.786995,105480.160813,42.100395,158.841002,0,false,false,0.0,-206.958523,0,0.0,1.0,0.0
2,31,1.55,514.224797,37293.245597,514.421689,37293.174513,17473.940873,-0.041943,-0.048202,0.013886,0.022538,0.03374,-135.023315,0.0,0.0,0.0,0.0,0.0,0.0,0,0,0,0,0,0,0,0,0,0,0,0,0,0,0,350.458984,389.439941,434.308594,531.824829,462.246857,414.386475,375.199127,410.289459,457.55954,560.295227,485.845642,435.54245,390.761688,431.433136,481.139954,566.65033,462.587708,414.692047,383.862701,410.594543,457.899841,537.751099,438.996277,393.54364,37.786987,105480.17465,42.717677,151.843258,0,false,false,0.0,-206.948523,0,0.0,1.0,0.0
2,32,1.6,514.224299,-7.469896,514.421546,-7.596059,17473.940886,0.0,0.0,0.0,0.022425,0.032573,-135.023758,0.0,0.0,0.0,0.0,0.0,0.0,0,0,0,0,0,0,0,0,0,0,0,0,0,0,0,350.457336,389.439606,434.307129,531.821289,462.248657,414.387085,375.201843,410.28833,457.55719,560.290466,485.847321,435.542877,390.758453,431.431732,481.137268,566.655151,462.590088,414.693176,383.858856,410.593933,457.898071,537.755981,438.998779,393.544922,37.786976,105480.171649,43.54317,153.992644,0,false,false,0.0,-206.938523,0,0.0,1.0,0.0
2,33,1.65,514.22289,37293.247007,514.420613,37293.175446,17473.940884,0.052101,0.043163,0.006285,0.022448,0.033219,-135.0242,0.0,0.0,0.0,0.0,0.0,0.0,0,0,0,0,0,0,0,0,0,0,0,0,0,0,0,350.457001,389.440521,434.307098,531.819519,462.250366,414.387604,375.203003,410.28714,457.554749,560.285645,485.847595,435.542084,390.753967,431.429138,481.133179,566.660034,462.59256,414.694397,383.853638,410.593414,457.896393,537.762512,439.002655,393.547455,37.786976,105480.174694,44.364431,152.802558,0,false,false,0.0,-206.928523,0,0.0,1.0,0.0
2,34,1.7,514.221683,-7.468689,514.42,-7.595445,17473.940862,-0.11392,-0.116009,0.034173,0.022647,0.033164,-135.024628,0.0,0.0,0.0,0.0,0.0,0.0,0,0,0,0,0,0,0,0,0,0,0,0,0,0,0,350.456512,389.441071,434.306763,531.817444,462.251801,414.38797,375.204315,410.285889,457.552338,560.281006,485.848145,435.541595,390.749939,431.426971,481.1297,566.664734,462.594971,414.695648,383.849213,410.593048,457.894958,537.76825,439.005981,393.549561,37.786999,105480.17551,45.129526,152.903904,0,false,false,0.0,-206.918523,0,0.0,1.0,0.0
2,35,1.75,514.22101,37293.24768,514.419738,37293.175707,17473.94087,-0.010118,-0.012405,0.003365,0.022578,0.032307,-135.025085,0.0,0.0,0.0,0.0,0.0,0.0,0,0,0,0,0,0,0,0,0,0,0,0,0,0,0,350.455048,389.440918,434.305511,531.814148,462.253632,414.38855,375.206818,410.284698,457.549896,560.276062,485.84964,435.54184,390.746399,431.425354,481.126709,566.669739,462.597473,414.696838,383.845062,410.592468,457.893188,537.773499,439.008789,393.551086,37.786991,105480.173506,45.974775,154.482416,0,false,false,0.0,-206.908523,0,0.0,1.0,0.0
2,36,1.8,514.219778,-7.467458,514.418999,-7.594707,17473.94085,-0.003849,-0.006567,0.00176,0.022756,0.032986,-135.025406,0.0,0.0,0.0,0.0,0.0,0.0,0,0,0,0,0,0,0,0,0,0,0,0,0,0,0,350.455109,389.441803,434.305725,531.81311,462.2547,414.388824,375.207306,410.283752,457.548004,560.272461,485.849579,435.541046,390.742889,431.423279,481.123535,566.673401,462.599365,414.697815,383.841187,410.592224,457.89212,537.778442,439.01181,393.553131,37.78701,105480.176464,46.563452,153.232403,0,false,false,0.0,-206.898523,0,0.0,1.0,0.0
2,37,1.85,514.217716,37293.249742,514.417722,37293.176984,17473.940819,0.0,0.0,0.0,0.023044,0.034107,-135.025848,0.0,0.0,0.0,0.0,0.0,0.0,0,0,0,0,0,0,0,0,0,0,0,0,0,0,0,350.455597,389.44342,434.306488,531.812256,462.256195,414.38913,375.207458,410.282288,457.545288,560.267273,485.849091,435.539551,390.737488,431.419922,481.118622,566.67865,462.602112,414.69928,383.835327,410.591949,457.890686,537.786072,439.016541,393.556396,37.787041,105480.18143,47.395132,151.170093,0,false,false,0.0,-206.888523,0,0.0,1.0,0.0
2,38,1.9,514.218525,-7.468267,514.418801,-7.595786,17473.940848,-0.047994,-0.040156,0.012048,0.022806,0.03021,-135.026291,0.0,0.0,0.0,0.0,0.0,0.0,0,0,0,0,0,0,0,0,0,0,0,0,0,0,0,350.452179,389.441223,434.303009,531.806335,462.257996,414.389771,375.21228,410.28125,457.54303,560.262695,485.852753,435.541809,390.736145,431.42041,481.118042,566.683228,462.60437,414.700317,383.833618,410.591278,457.888855,537.788269,439.016937,393.555817,37.787014,105480.169207,48.198273,158.343634,0,false,false,0.0,-206.878523,0,0.0,1.0,0.0
2,39,1.95,514.216952,37293.251316,514.417371,37293.178415,17473.940893,0.040894,0.03814,0.004734,0.022366,0.031639,-135.026718,0.0,0.0,0.0,0.0,0.0,0.0,0,0,0,0,0,0,0,0,0,0,0,0,0,0,0,350.452179,389.442627,434.303589,531.805298,462.259888,414.390503,375.213043,410.280334,457.540924,560.258362,485.852417,435.540497,390.731476,431.417328,481.113495,566.687683,462.606506,414.701263,383.827728,410.590576,457.886993,537.795349,439.021301,393.558807,37.786968,105480.174879,48.998546,155.7125,0,false,false,0.0,-206.868523,0,0.0,1.0,0.0
2,40,2.0,514.21556,-7.466876,514.41651,-7.594924,17473.940884,-0.171387,-0.168136,0.049878,0.022445,0.032094,-135.027115,0.0,0.0,0.0,0.0,0.0,0.0,0,0,0,0,0,0,0,0,0,0,0,0,0,0,0,350.452087,389.443573,434.303711,531.803955,462.261292,414.390869,375.213806,410.279175,457.538696,560.253967,485.852509,435.539642,390.727325,431.414917,481.109772,566.692078,462.608765,414.702423,383.82309,410.59021,457.88562,537.80127,439.024872,393.561188,37.786976,105480.177367,49.716696,154.876499,0,false,false,0.0,-206.858523,0,0.0,1.0,0.0
2,41,2.05,514.214298,37293.252577,514.415787,37293.179137,17473.940873,-0.033113,-0.034893,0.010132,0.022563,0.032341,-135.027542,0.0,0.0,0.0,0.0,0.0,0.0,0,0,0,0,0,0,0,0,0,0,0,0,0,0,0,350.451599,389.444244,434.303467,531.801941,462.262848,414.391327,375.215088,410.277985,457.536285,560.249268,485.852966,435.539062,390.723145,431.412598,481.106079,566.696838,462.611206,414.703644,383.81839,410.589783,457.884094,537.807251,439.028381,393.563416,37.786987,105480.179064,50.503865,154.421087,0,false,false,0.0,-206.848523,0,0.0,1.0,0.0
2,42,2.1,514.213036,-7.465613,514.41499,-7.594127,17473.940871,0.0,0.0,0.0,0.022566,0.032668,-135.027985,0.0,0.0,0.0,0.0,0.0,0.0,0,0,0,0,0,0,0,0,0,0,0,0,0,0,0,350.45105,389.444946,434.303192,531.799866,462.264526,414.391846,375.216522,410.276794,457.533875,560.244446,485.853485,435.538452,390.718872,431.410187,481.102234,566.701721,462.613678,414.704834,383.813416,410.589264,457.882416,537.813538,439.032043,393.565765,37.786991,105480.181001,51.325119,153.820807,0,false,false,0.0,-206.838523,0,0.0,1.0,0.0
2,43,2.15,514.211108,37293.254505,514.413736,37293.180391,17473.940835,-0.078531,-0.083886,0.024529,0.022889,0.034099,-135.028336,0.0,0.0,0.0,0.0,0.0,0.0,0,0,0,0,0,0,0,0,0,0,0,0,0,0,0,350.451904,389.446655,434.304291,531.799866,462.265625,414.392029,375.216095,410.275635,457.531708,560.240356,485.8526,435.536865,390.714233,431.407166,481.097961,566.705872,462.615845,414.706024,383.808441,410.589111,457.881348,537.820007,439.036194,393.568726,37.787025,105480.186745,51.966891,151.186325,0,false,false,0.0,-206.828523,0,0.0,1.0,0.0
2,44,2.2,514.212246,-7.466751,514.415189,-7.59558,17473.940857,-0.109154,-0.096271,0.029033,0.022723,0.029442,-135.028793,0.0,0.0,0.0,0.0,0.0,0.0,0,0,0,0,0,0,0,0,0,0,0,0,0,0,0,350.447937,389.443909,434.300171,531.79303,462.267456,414.39267,375.221588,410.274506,457.529327,560.235596,485.856934,435.539673,390.713257,431.408112,481.097839,566.710632,462.618195,414.707123,383.80722,410.58844,457.879517,537.821655,439.036072,393.567657,37.787003,105480.171863,52.79994,159.759144,0,false,false,0.0,-206.818523,0,0.0,1.0,0.0
2,45,2.25,514.210103,37293.256648,514.413356,37293.182224,17473.940878,0.00257,0.002024,0.000245,0.022514,0.031876,-135.029221,0.0,0.0,0.0,0.0,0.0,0.0,0,0,0,0,0,0,0,0,0,0,0,0,0,0,0,350.44873,389.446045,434.301544,531.79303,462.269226,414.39328,375.221375,410.273468,457.52713,560.23114,485.855804,435.537628,390.707825,431.404358,481.092529,566.71521,462.620483,414.708191,383.800659,410.58786,457.877777,537.829651,439.041229,393.571381,37.786983,105480.180966,53.592317,155.278791,0,false,false,0.0,-206.808523,0,0.0,1.0,0.0
2,46,2.3,514.206425,-7.463073,514.410552,-7.592776,17473.940821,-0.056503,-0.067857,0.019514,0.022997,0.036059,-135.029465,0.0,0.0,0.0,0.0,0.0,0.0,0,0,0,0,0,0,0,0,0,0,0,0,0,0,0,350.452606,389.450378,434.305786,531.797302,462.269653,414.393127,375.217194,410.272369,457.525299,560.227905,485.851715,435.533386,390.701355,431.399139,481.08609,566.718506,462.622345,414.70932,383.793915,410.588043,457.877411,537.83844,439.047638,393.576599,37.787041,105480.196376,54.040416,147.578763,0,false,false,0.0,-206.798523,0,0.0,1.0,0.0
2,47,2.35,514.206678,37293.256395,514.4113,37293.181476,17473.940822,0.0,0.0,0.0,0.023028,0.032998,-135.029877,0.0,0.0,0.0,0.0,0.0,0.0,0,0,0,0,0,0,0,0,0,0,0,0,0,0,0,350.450073,389.448883,434.303162,531.79248,462.271149,414.393555,375.220856,410.27124,457.52301,560.223389,485.854492,435.534943,390.699432,431.399048,481.08493,566.723022,462.624634,414.710449,383.79184,410.587616,457.875916,537.841248,439.048584,393.576599,37.787041,105480.187246,54.787203,153.214834,0,false,false,0.0,-206.788523,0,0.0,1.0,0.0
2,48,2.4,514.206846,-7.46324,514.411614,-7.59309,17473.940868,0.008759,0.013053,0.001735,0.022606,0.030635,-135.030334,0.0,0.0,0.0,0.0,0.0,0.0,0,0,0,0,0,0,0,0,0,0,0,0,0,0,0,350.447418,389.447693,434.30072,531.787659,462.273193,414.394348,375.224823,410.270203,457.520721,560.218689,485.857178,435.536255,390.697021,431.398438,481.083038,566.727783,462.626923,414.711456,383.788605,410.586823,457.873871,537.845154,439.050262,393.577087,37.786991,105480.180048,55.646654,157.564338,0,false,false,0.0,-206.778523,0,0.0,1.0,0.0
2,49,2.45,514.204263,37293.258977,514.409537,37293.183553,17473.940859,-0.027539,-0.033985,0.009665,0.022674,0.033798,-135.030746,0.0,0.0,0.0,0.0,0.0,0.0,0,0,0,0,0,0,0,0,0,0,0,0,0,0,0,350.448975,389.450378,434.302795,531.788635,462.274658,414.394775,375.223663,410.269104,457.518494,560.214294,485.855347,435.533661,390.691132,431.394257,481.077301,566.7323,462.629211,414.712616,383.78186,410.586426,457.872467,537.853577,439.055847,393.581238,37.787003,105480.191486,56.385247,151.742554,0,false,false,0.0,-206.768523,0,0.0,1.0,0.0
2,50,2.5,514.204272,-7.463249,514.409898,-7.593451,17473.940859,-0.001149,-0.000859,0.000415,0.022692,0.031979,-135.031052,0.0,0.0,0.0,0.0,0.0,0.0,0,0,0,0,0,0,0,0,0,0,0,0,0,0,0,350.447296,389.449524,434.301117,531.785278,462.275848,414.395111,375.226196,410.268219,457.516754,560.210815,485.857208,435.534576,390.689392,431.39386,481.07608,566.735779,462.630981,414.713501,383.779907,410.58609,457.871277,537.856201,439.056946,393.581543,37.787003,105480.186043,56.966321,155.090651,0,false,false,0.0,-206.758523,0,0.0,1.0,0.0
2,51,2.55,514.202795,37293.260454,514.408802,37293.184649,17473.940885,-0.022789,-0.025722,0.007356,0.022432,0.032475,-135.031601,0.0,0.0,0.0,0.0,0.0,0.0,0,0,0,0,0,0,0,0,0,0,0,0,0,0,0,350.446533,389.450409,434.300812,531.782776,462.278107,414.395905,375.228058,410.266876,457.513885,560.205078,485.857788,435.533813,390.684204,431.390869,481.07132,566.741577,462.63385,414.714844,383.773621,410.585297,457.869049,537.863953,439.061493,393.584473,37.786976,105480.188647,57.980303,154.178375,0,false,false,0.0,-206.748523,0,0.0,1.0,0.0
2,52,2.6,514.200234,-7.460688,514.406978,-7.591627,17473.940851,0.0,0.0,0.0,0.022733,0.034509,-135.031891,0.0,0.0,0.0,0.0,0.0,0.0,0,0,0,0,0,0,0,0,0,0,0,0,0,0,0,350.448578,389.453094,434.303131,531.784485,462.27887,414.395935,375.226105,410.265808,457.511963,560.201538,485.855652,435.531219,390.678986,431.387085,481.066345,566.745239,462.635834,414.715942,383.768127,410.585297,457.868317,537.871094,439.066376,393.588226,37.78701,105480.196859,58.51634,150.433279,0,false,false,0.0,-206.738523,0,0.0,1.0,0.0
2,53,2.65,514.200776,37293.259911,514.407883,37293.183744,17473.940868,-0.03865,-0.035339,0.010475,0.022609,0.031096,-135.032333,0.0,0.0,0.0,0.0,0.0,0.0,0,0,0,0,0,0,0,0,0,0,0,0,0,0,0,350.445496,389.451233,434.299988,531.778931,462.280609,414.396515,375.230499,410.264679,457.509613,560.196838,485.858978,435.533142,390.677277,431.387238,481.065369,566.749939,462.638153,414.717072,383.766083,410.584717,457.866577,537.873718,439.067108,393.587952,37.786995,105480.186236,59.324441,156.717253,0,false,false,0.0,-206.728523,0,0.0,1.0,0.0
2,54,2.7,514.199511,-7.459422,514.406885,-7.59063,17473.940895,0.046471,0.042993,0.005406,0.022359,0.031707,-135.032761,0.0,0.0,0.0,0.0,0.0,0.0,0,0,0,0,0,0,0,0,0,0,0,0,0,0,0,350.445099,389.452118,434.299988,531.777283,462.282349,414.397125,375.23172,410.263672,457.507477,560.192444,485.859192,435.532349,390.673096,431.384735,481.061462,566.754395,462.64035,414.718079,383.760986,410.584106,457.864838,537.880005,439.070831,393.590393,37.786964,105480.189059,60.103285,155.593048,0,false,false,0.0,-206.718523,0,0.0,1.0,0.0
2,55,2.75,514.196832,37293.26259,514.404886,37293.185743,17473.940859,0.015483,0.004164,0.002214,0.022666,0.034822,-135.033188,0.0,0.0,0.0,0.0,0.0,0.0,0,0,0,0,0,0,0,0,0,0,0,0,0,0,0,350.446655,389.454773,434.302002,531.778076,462.283783,414.397461,375.230591,410.26239,457.504974,560.187683,485.857452,435.529816,390.666992,431.380493,481.055634,566.759216,462.642883,414.719421,383.754211,410.583801,457.863495,537.888611,439.076538,393.594604,37.787003,105480.200226,60.878218,149.858336,0,false,false,0.0,-206.708523,0,0.0,1.0,0.0
2,56,2.8,514.197584,-7.460175,514.406004,-7.591747,17473.940857,-0.003432,-0.001087,0.000682,0.022709,0.031396,-135.033493,0.0,0.0,0.0,0.0,0.0,0.0,0,0,0,0,0,0,0,0,0,0,0,0,0,0,0,350.443939,389.45282,434.299072,531.773254,462.284912,414.397797,375.234344,410.261505,457.503235,560.184204,485.860504,435.531799,390.66629,431.381226,481.055634,566.762695,462.644623,414.720276,383.75351,410.583435,457.862305,537.889709,439.076385,393.593811,37.787003,105480.18942,61.453097,156.166128,0,false,false,0.0,-206.698523,0,0.0,1.0,0.0
2,57,2.85,514.196148,37293.264027,514.404906,37293.186842,17473.94089,0.0,0.0,0.0,0.0224,0.031864,-135.034073,0.0,0.0,0.0,0.0,0.0,0.0,0,0,0,0,0,0,0,0,0,0,0,0,0,0,0,350.442932,389.453644,434.298584,531.770386,462.287384,414.398682,375.236542,410.260132,457.500275,560.178162,485.861298,435.531158,390.66098,431.378174,481.05072,566.768799,462.647644,414.721649,383.746948,410.582581,457.859894,537.897705,439.081055,393.596741,37.786972,105480.191851,62.530396,155.30472,0,false,false,0.0,-206.688523,0,0.0,1.0,0.0
2,58,2.9,514.195095,-7.459122,514.404341,-7.591182,17473.940884,-0.106317,-0.103522,0.030697,0.022448,0.031678,-135.03447,0.0,0.0,0.0,0.0,0.0,0.0,0,0,0,0,0,0,0,0,0,0,0,0,0,0,0,350.442383,389.454102,434.298248,531.768433,462.288788,414.399078,375.237823,410.259033,457.498108,560.17395,485.861877,435.530731,390.657349,431.376221,481.047546,566.773132,462.649841,414.722778,383.742889,410.582214,457.858521,537.902954,439.084076,393.598633,37.786976,105480.19207,63.236907,155.646668,0,false,false,0.0,-206.678523,0,0.0,1.0,0.0
2,59,2.95,514.1938,37293.265322,514.403655,37293.187528,17473.940863,-0.04829,-0.047662,0.014031,0.022646,0.031892,-135.034866,0.0,0.0,0.0,0.0,0.0,0.0,0,0,0,0,0,0,0,0,0,0,0,0,0,0,0,350.442108,389.454834,434.298096,531.766724,462.290161,414.399414,375.238861,410.257843,457.495758,560.169434,485.862213,435.530121,390.65329,431.373962,481.043976,566.77771,462.652191,414.723999,383.738434,410.581879,457.857178,537.908691,439.087463,393.60083,37.786999,105480.193605,63.975424,155.253313,0,false,false,0.0,-206.668523,0,0.0,1.0,0.0
2,60,3.0,514.192082,-7.457404,514.402445,-7.589972,17473.940857,0.005681,0.000628,0.000798,0.022701,0.033184,-135.035309,0.0,0.0,0.0,0.0,0.0,0.0,0,0,0,0,0,0,0,0,0,0,0,0,0,0,0,350.44223,389.456177,434.298584,531.765564,462.291779,414.399902,375.239471,410.256622,457.493317,560.164612,485.861969,435.52887,390.648407,431.370941,481.03949,566.782593,462.654663,414.72522,383.732849,410.581421,457.85556,537.915771,439.091827,393.60379,37.787003,105480.198655,64.784927,152.875182,0,false,false,0.0,-206.658523,0,0.0,1.0,0.0
2,61,3.05,514.189785,37293.267619,514.400901,37293.189071,17473.940812,0.004714,-0.006962,0.001789,0.023093,0.035346,-135.035721,0.0,0.0,0.0,0.0,0.0,0.0,0,0,0,0,0,0,0,0,0,0,0,0,0,0,0,350.443237,389.458252,434.299866,531.765503,462.293152,414.400177,375.239014,410.25528,457.490784,560.15979,485.860931,435.526917,390.642853,431.36731,481.034302,566.787537,462.657257,414.726593,383.726776,410.581177,457.854248,537.923584,439.096832,393.607391,37.787048,105480.206583,65.560487,148.896462,0,false,false,0.0,-206.648523,0,0.0,1.0,0.0
2,62,3.1,514.191554,-7.459173,514.402885,-7.591956,17473.940853,0.0,0.0,0.0,0.022761,0.029448,-135.036163,0.0,0.0,0.0,0.0,0.0,0.0,0,0,0,0,0,0,0,0,0,0,0,0,0,0,0,350.438416,389.454681,434.294861,531.757629,462.295013,414.400848,375.245453,410.254242,457.488556,560.155212,485.866119,435.530548,390.642822,431.369141,481.035217,566.792053,462.659485,414.7276,383.726562,410.580444,457.852386,537.92395,439.095703,393.605438,37.78701,105480.187538,66.368213,159.754236,0,false,false,0.0,-206.638523,0,0.0,1.0,0.0
2,63,3.15,514.189707,37293.269466,514.401252,37293.190704,17473.940888,0.018373,0.018354,0.002172,0.022421,0.031398,-135.036621,0.0,0.0,0.0,0.0,0.0,0.0,0,0,0,0,0,0,0,0,0,0,0,0,0,0,0,350.43869,389.45639,434.295715,531.756897,462.296967,414.401581,375.245911,410.253235,457.486298,560.150574,485.865509,435.528931,390.637665,431.365662,481.030182,566.796814,462.661774,414.728638,383.720154,410.579742,457.850464,537.931702,439.100555,393.608826,37.786972,105480.194844,67.207673,156.164392,0,false,false,0.0,-206.628523,0,0.0,1.0,0.0
2,64,3.2,514.186499,-7.455965,514.398926,-7.589631,17473.940826,-0.035183,-0.045801,0.012956,0.02296,0.035291,-135.036957,0.0,0.0,0.0,0.0,0.0,0.0,0,0,0,0,0,0,0,0,0,0,0,0,0,0,0,350.441437,389.459869,434.298828,531.759399,462.297791,414.401581,375.243195,410.251984,457.48407,560.146484,485.86264,435.525574,390.631348,431.360992,481.024109,566.800964,462.664062,414.72995,383.713531,410.579773,457.849701,537.940369,439.106537,393.613495,37.787033,105480.208735,67.81323,148.998177,0,false,false,0.0,-206.618523,0,0.0,1.0,0.0
2,65,3.25,514.185997,37293.269968,514.399042,37293.190589,17473.940805,0.044154,0.036012,0.005338,0.023178,0.033743,-135.037369,0.0,0.0,0.0,0.0,0.0,0.0,0,0,0,0,0,0,0,0,0,0,0,0,0,0,0,350.439911,389.459381,434.297272,531.755859,462.299255,414.401947,375.245758,410.250702,457.481598,560.141724,485.86438,435.526154,390.628296,431.359833,481.021729,566.805786,462.666534,414.731201,383.710236,410.579407,457.848236,537.944763,439.108734,393.614563,37.787056,105480.20444,68.593864,151.847657,0,false,false,0.0,-206.608523,0,0.0,1.0,0.0
2,66,3.3,514.186183,-7.456151,514.399536,-7.590125,17473.940829,0.012055,0.01534,0.00197,0.022969,0.031123,-135.037811,0.0,0.0,0.0,0.0,0.0,0.0,0,0,0,0,0,0,0,0,0,0,0,0,0,0,0,350.437317,389.458069,434.294769,531.751038,462.301056,414.402588,375.249573,410.249634,457.479309,560.137085,485.867096,435.527557,390.626038,431.359436,481.020111,566.810425,462.668854,414.7323,383.707489,410.578796,457.846436,537.948181,439.110138,393.614868,37.787033,105480.196372,69.405944,156.671505,0,false,false,0.0,-206.598523,0,0.0,1.0,0.0
2,67,3.35,514.184958,37293.271193,514.398615,37293.19151,17473.940849,0.0,0.0,0.0,0.022775,0.031627,-135.038254,0.0,0.0,0.0,0.0,0.0,0.0,0,0,0,0,0,0,0,0,0,0,0,0,0,0,0,350.436798,389.458832,434.294617,531.749146,462.302856,414.403198,375.250946,410.248566,457.477051,560.132507,485.867493,435.526855,390.621857,431.356995,481.016266,566.815063,462.671112,414.733368,383.702423,410.578156,457.844666,537.954468,439.113831,393.617249,37.78701,105480.198731,70.209287,155.744736,0,false,false,0.0,-206.588523,0,0.0,1.0,0.0
2,68,3.4,514.185555,-7.456748,514.399404,-7.590915,17473.940891,-0.156374,-0.135763,0.0411,0.022414,0.028306,-135.038712,0.0,0.0,0.0,0.0,0.0,0.0,0,0,0,0,0,0,0,0,0,0,0,0,0,0,0,350.433594,389.457001,434.291504,531.74353,462.30481,414.403931,375.255524,410.247528,457.474792,560.127869,485.87085,435.528809,390.620117,431.357086,481.015167,566.819763,462.673401,414.734375,383.700104,410.577423,457.842712,537.957336,439.114685,393.617065,37.786968,105480.187987,71.046778,161.857674,0,false,false,0.0,-206.578523,0,0.0,1.0,0.0
2,69,3.45,514.183181,37293.273567,514.397218,37293.193696,17473.940929,0.03088,0.028487,0.00357,0.022041,0.031466,-135.039154,0.0,0.0,0.0,0.0,0.0,0.0,0,0,0,0,0,0,0,0,0,0,0,0,0,0,0,350.434662,389.459534,434.293304,531.744019,462.306702,414.404663,375.255005,410.246582,457.472626,560.123413,485.869293,435.526367,390.614288,431.352875,481.009338,566.824341,462.675629,414.735382,383.692902,410.576721,457.840851,537.966064,439.120392,393.621216,37.786934,105480.199427,71.859693,156.040296,0,false,false,0.0,-206.568523,0,0.0,1.0,0.0
2,70,3.5,514.18026,-7.453827,514.395008,-7.588704,17473.940888,-0.019031,-0.030623,0.008392,0.022386,0.035055,-135.03952,0.0,0.0,0.0,0.0,0.0,0.0,0,0,0,0,0,0,0,0,0,0,0,0,0,0,0,350.436829,389.462646,434.295868,531.745728,462.307892,414.404877,375.253082,410.245361,457.470337,560.11908,485.866943,435.523376,390.608124,431.348389,481.003357,566.828735,462.677948,414.736633,383.686127,410.576569,457.839752,537.97467,439.126251,393.625671,37.786972,105480.212152,72.544655,149.434563,0,false,false,0.0,-206.558523,0,0.0,1.0,0.0
2,71,3.55,514.18,37293.273827,514.395225,37293.193478,17473.940886,0.043519,0.034992,0.005288,0.022426,0.033234,-135.039932,0.0,0.0,0.0,0.0,0.0,0.0,0,0,0,0,0,0,0,0,0,0,0,0,0,0,0,350.434998,389.461884,434.294067,531.741882,462.309448,414.405334,375.255981,410.244202,457.468018,560.114502,485.868927,435.5242,390.605408,431.347504,481.001312,566.833313,462.680298,414.737793,383.683075,410.576111,457.838196,537.978638,439.128113,393.626465,37.786976,105480.206849,73.312767,152.786574,0,false,false,0.0,-206.548523,0,0.0,1.0,0.0
2,72,3.6,514.180179,-7.454006,514.395627,-7.589106,17473.940918,0.0,0.0,0.0,0.022147,0.030794,-135.04039,0.0,0.0,0.0,0.0,0.0,0.0,0,0,0,0,0,0,0,0,0,0,0,0,0,0,0,350.432404,389.460632,434.291626,531.737183,462.31134,414.406036,375.259796,410.243164,457.465759,560.109924,485.871613,435.525543,390.603119,431.347015,480.999603,566.838013,462.682556,414.738831,383.680145,410.575409,457.836304,537.9823,439.129608,393.626862,37.786942,105480.199259,74.13637,157.279268,0,false,false,0.0,-206.538523,0,0.0,1.0,0.0
2,73,3.65,514.177963,37293.276043,514.39399,37293.195116,17473.940901,-0.054815,-0.059139,0.017214,0.02229,0.033027,-135.040741,0.0,0.0,0.0,0.0,0.0,0.0,0,0,0,0,0,0,0,0,0,0,0,0,0,0,0,350.433624,389.46283,434.293213,531.737671,462.312561,414.406342,375.258972,410.242065,457.463654,560.105835,485.870239,435.523468,390.597992,431.343475,480.99472,566.842163,462.684723,414.73996,383.674438,410.575134,457.835114,537.989563,439.134369,393.630371,37.786961,105480.207564,74.802136,153.168043,0,false,false,0.0,-206.528523,0,0.0,1.0,0.0
2,74,3.7,514.178384,-7.454427,514.394746,-7.589862,17473.94092,-0.068246,-0.060747,0.018255,0.022134,0.029908,-135.041153,0.0,0.0,0.0,0.0,0.0,0.0,0,0,0,0,0,0,0,0,0,0,0,0,0,0,0,350.430878,389.461182,434.290436,531.732666,462.314209,414.40686,375.262939,410.241028,457.461456,560.10144,485.873199,435.525146,390.596252,431.343475,480.993652,566.846558,462.68692,414.740997,383.672363,410.574585,457.833466,537.992249,439.135223,393.630249,37.786942,105480.197697,75.56112,158.909785,0,false,false,0.0,-206.518523,0,0.0,1.0,0.0
2,75,3.75,514.176658,37293.277769,514.393392,37293.19647,17473.940932,0.000851,0.000165,0.000104,0.022015,0.031438,-135.04158,0.0,0.0,0.0,0.0,0.0,0.0,0,0,0,0,0,0,0,0,0,0,0,0,0,0,0,350.431091,389.462677,434.291107,531.731812,462.315887,414.40744,375.263428,410.239929,457.459198,560.096924,485.872772,435.523773,390.591431,431.340393,480.989105,566.851196,462.689209,414.742096,383.666656,410.574036,457.831818,537.999329,439.139648,393.633301,37.78693,105480.203515,76.346134,156.093048,0,false,false,0.0,-206.508523,0,0.0,1.0,0.0
2,76,3.8,514.17341,-7.451179,514.390819,-7.587289,17473.940899,-0.060355,-0.071156,0.020483,0.022282,0.035065,-135.04187,0.0,0.0,0.0,0.0,0.0,0.0,0,0,0,0,0,0,0,0,0,0,0,0,0,0,0,350.434143,389.466431,434.294617,531.734924,462.316711,414.407501,375.260284,410.238892,457.457336,560.093445,485.869476,435.520111,390.585297,431.335571,480.982971,566.854736,462.691132,414.743164,383.659943,410.574005,457.831055,538.007874,439.145691,393.638092,37.786961,105480.216914,76.878624,149.416125,0,false,false,0.0,-206.498523,0,0.0,1.0,0.0
2,77,3.85,514.174112,37293.277067,514.391887,37293.195402,17473.940897,0.0,0.0,0.0,0.022336,0.031755,-135.042206,0.0,0.0,0.0,0.0,0.0,0.0,0,0,0,0,0,0,0,0,0,0,0,0,0,0,0,350.431366,389.464508,434.291687,531.730042,462.317963,414.407898,375.26416,410.237976,457.455475,560.089783,485.872528,435.522095,390.584381,431.336151,480.982758,566.858398,462.692963,414.74408,383.658997,410.573608,457.829803,538.009277,439.145721,393.637421,37.786964,105480.206401,77.494392,155.511485,0,false,false,0.0,-206.488523,0,0.0,1.0,0.0
2,78,3.9,514.172241,-7.449308,514.390387,-7.585789,17473.940925,0.033701,0.025301,0.004161,0.022048,0.033116,-135.04277,0.0,0.0,0.0,0.0,0.0,0.0,0,0,0,0,0,0,0,0,0,0,0,0,0,0,0,350.431091,389.465973,434.291962,531.72821,462.320282,414.408722,375.265442,410.236633,457.452576,560.083923,485.872559,435.520782,390.578583,431.332581,480.977295,566.86438,462.695923,414.745453,383.651947,410.572815,457.827515,538.017944,439.15097,393.64093,37.786934,105480.211681,78.533628,153.005875,0,false,false,0.0,-206.478523,0,0.0,1.0,0.0
2,79,3.95,514.171285,37293.278023,514.389931,37293.195858,17473.940918,-0.08169,-0.084576,0.024817,0.022128,0.032707,-135.043167,0.0,0.0,0.0,0.0,0.0,0.0,0,0,0,0,0,0,0,0,0,0,0,0,0,0,0,350.430359,389.466278,434.291412,531.725952,462.321716,414.409119,375.266968,410.235504,457.450378,560.07959,485.873322,435.520538,390.575043,431.33075,480.974243,566.868774,462.698151,414.746582,383.647949,410.572418,457.826111,538.023071,439.15387,393.6427,37.786942,105480.211043,79.257519,153.758777,0,false,false,0.0,-206.468523,0,0.0,1.0,0.0
2,80,4.0,514.170328,-7.448351,514.389431,-7.585289,17473.940914,0.038273,0.032339,0.004573,0.022167,0.032392,-135.04361,0.0,0.0,0.0,0.0,0.0,0.0,0,0,0,0,0,0,0,0,0,0,0,0,0,0,0,350.429413,389.466553,434.290649,531.723328,462.323395,414.409637,375.26889,410.234344,457.447968,560.074829,485.874298,435.520386,390.571198,431.328796,480.970917,566.873596,462.700592,414.747772,383.643555,410.571899,457.824463,538.028687,439.157013,393.644562,37.786945,105480.210611,80.069419,154.339801,0,false,false,0.0,-206.458523,0,0.0,1.0,0.0
2,81,4.05,514.169627,37293.278724,514.38901,37293.196279,17473.940939,0.033058,0.029006,0.003895,0.021947,0.031791,-135.044052,0.0,0.0,0.0,0.0,0.0,0.0,0,0,0,0,0,0,0,0,0,0,0,0,0,0,0,350.428131,389.466583,434.289673,531.720398,462.325195,414.410278,375.271149,410.233307,457.445709,560.070251,485.875519,435.520447,390.567749,431.327087,480.967865,566.878174,462.70285,414.74881,383.639313,410.571259,457.822662,538.033875,439.159882,393.646179,37.786922,105480.209167,80.872561,155.446071,0,false,false,0.0,-206.448523,0,0.0,1.0,0.0
2,82,4.1,514.166228,-7.444952,514.386433,-7.582712,17473.940889,0.0,0.0,0.0,0.022364,0.035509,-135.044296,0.0,0.0,0.0,0.0,0.0,0.0,0,0,0,0,0,0,0,0,0,0,0,0,0,0,0,350.43158,389.47052,434.293488,531.724121,462.325714,414.410187,375.267487,410.232239,457.443939,560.067017,485.871887,435.516602,390.561646,431.322235,480.961823,566.88147,462.704712,414.749908,383.632904,410.571411,457.822205,538.042236,439.165863,393.651031,37.786972,105480.222906,81.329618,148.601835,0,false,false,0.0,-206.438523,0,0.0,1.0,0.0
2,83,4.15,514.167208,37293.277744,514.387622,37293.19509,17473.940925,0.041914,0.039104,0.004852,0.022075,0.03138,-135.044739,0.0,0.0,0.0,0.0,0.0,0.0,0,0,0,0,0,0,0,0,0,0,0,0,0,0,0,350.427887,389.468109,434.289764,531.717834,462.327576,414.410858,375.272583,410.231232,457.441711,560.0625,485.875793,435.519073,390.560516,431.322906,480.961426,566.886047,462.706909,414.750916,383.631348,410.570709,457.820343,538.044189,439.166016,393.650238,37.786934,105480.209764,82.138917,156.202418,0,false,false,0.0,-206.428523,0,0.0,1.0,0.0
2,84,4.2,514.164172,-7.441916,514.385143,-7.580233,17473.940908,0.092427,0.074465,0.011318,0.022189,0.035373,-135.045105,0.0,0.0,0.0,0.0,0.0,0.0,0,0,0,0,0,0,0,0,0,0,0,0,0,0,0,350.430237,389.471466,434.292664,531.71991,462.328888,414.411194,375.270477,410.230103,457.439545,560.05835,485.873138,435.515808,390.554169,431.318146,480.955139,566.89032,462.709137,414.752075,383.624146,410.570404,457.819092,538.053223,439.172211,393.654999,37.786953,105480.223752,82.828414,148.852897,0,false,false,0.0,-206.418523,0,0.0,1.0,0.0
2,85,4.25,514.162094,37293.279822,514.38398,37293.196253,17473.940843,0.028058,0.012015,0.003877,0.022793,0.036721,-135.045364,0.0,0.0,0.0,0.0,0.0,0.0,0,0,0,0,0,0,0,0,0,0,0,0,0,0,0,350.431763,389.473389,434.294189,531.720825,462.329315,414.411011,375.269073,410.228973,457.437653,560.054993,485.871735,435.513947,390.549927,431.315277,480.951294,566.893738,462.71106,414.753235,383.620056,410.570618,457.818695,538.058838,439.175964,393.657837,37.787018,105480.229152,83.290632,146.371811,0,false,false,0.0,-206.408523,0,0.0,1.0,0.0
2,86,4.3,514.163779,-7.4436,514.385594,-7.581847,17473.940921,0.063874,0.05931,0.00744,0.022111,0.03146,-135.045807,0.0,0.0,0.0,0.0,0.0,0.0,0,0,0,0,0,0,0,0,0,0,0,0,0,0,0,350.427124,389.470154,434.289551,531.713379,462.33139,414.411896,375.27533,410.228149,457.435669,560.05072,485.876556,435.517242,390.549744,431.316772,480.951843,566.89801,462.713043,414.754028,383.619263,410.569702,457.816559,538.059631,439.175201,393.656219,37.786942,105480.212294,84.100412,156.056079,0,false,false,0.0,-206.398523,0,0.0,1.0,0.0
2,87,4.35,514.161979,37293.281621,514.384068,37293.19778,17473.940946,0.0,0.0,0.0,0.021853,0.033249,-135.046234,0.0,0.0,0.0,0.0,0.0,0.0,0,0,0,0,0,0,0,0,0,0,0,0,0,0,0,350.427399,389.471802,434.290375,531.712646,462.333252,414.412567,375.275787,410.227112,457.433411,560.046143,485.876007,435.515717,390.544739,431.313477,480.946991,566.902649,462.715332,414.755096,383.613159,410.569061,457.814789,538.067139,439.179901,393.659485,37.786915,105480.218816,84.912895,152.762703,0,false,false,0.0,-206.388523,0,0.0,1.0,0.0
2,88,4.4,514.160673,-7.442294,514.38347,-7.581249,17473.940911,-0.091026,-0.095384,0.027979,0.02219,0.033339,-135.046616,0.0,0.0,0.0,0.0,0.0,0.0,0,0,0,0,0,0,0,0,0,0,0,0,0,0,0,350.427246,389.472534,434.290283,531.71106,462.334412,414.412781,375.276581,410.225891,457.431122,560.041809,485.876312,435.515076,390.540833,431.31131,480.943634,566.907104,462.717651,414.756317,383.60907,410.568848,457.813629,538.072571,439.183105,393.66156,37.786949,105480.219846,85.600777,152.597084,0,false,false,0.0,-206.378523,0,0.0,1.0,0.0
2,89,4.45,514.158819,37293.283475,514.382204,37293.199045,17473.940895,0.131803,0.112857,0.015842,0.022325,0.034811,-135.047058,0.0,0.0,0.0,0.0,0.0,0.0,0,0,0,0,0,0,0,0,0,0,0,0,0,0,0,350.427551,389.473999,434.290924,531.710144,462.335999,414.413208,375.276978,410.22464,457.428619,560.036926,485.875916,435.513702,390.535767,431.308167,480.938965,566.912048,462.720184,414.757629,383.603363,410.568451,457.812103,538.079834,439.187622,393.664642,37.786964,105480.225274,86.409719,149.889063,0,false,false,0.0,-206.368523,0,0.0,1.0,0.0
2,90,4.5,514.159496,-7.442971,514.383046,-7.582091,17473.940937,0.005943,0.005493,0.000637,0.021966,0.031369,-135.047501,0.0,0.0,0.0,0.0,0.0,0.0,0,0,0,0,0,0,0,0,0,0,0,0,0,0,0,350.424255,389.472076,434.287689,531.704468,462.337921,414.41394,375.281647,410.223633,457.426422,560.032349,485.879333,435.515717,390.53418,431.30835,480.938019,566.916626,462.722412,414.758606,383.601166,410.567719,457.81015,538.08252,439.188354,393.664368,37.786922,105480.214331,87.232733,156.224342,0,false,false,0.0,-206.358523,0,0.0,1.0,0.0
2,91,4.55,514.15604,37293.28693,514.380246,37293.201845,17473.940903,0.06754,0.049383,0.008479,0.02223,0.036171,-135.047867,0.0,0.0,0.0,0.0,0.0,0.0,0,0,0,0,0,0,0,0,0,0,0,0,0,0,0,350.427185,389.476013,434.291229,531.707336,462.339142,414.414215,375.278809,410.222473,457.424194,560.028137,485.876068,435.511902,390.527283,431.30307,480.931152,566.920959,462.724701,414.759827,383.593445,410.567505,457.809021,538.092285,439.195099,393.669647,37.786957,105480.230911,87.914391,147.384144,0,false,false,0.0,-206.348523,0,0.0,1.0,0.0
2,92,4.6,514.15678,-7.44371,514.381322,-7.583168,17473.94092,0.0,0.0,0.0,0.022116,0.032388,-135.048279,0.0,0.0,0.0,0.0,0.0,0.0,0,0,0,0,0,0,0,0,0,0,0,0,0,0,0,350.423981,389.473907,434.287933,531.70166,462.340759,414.414734,375.283295,410.221405,457.422028,560.023743,485.879547,435.514069,390.526001,431.303528,480.930634,566.925354,462.726868,414.760834,383.591919,410.566956,457.807373,538.094299,439.195435,393.669067,37.786942,105480.219031,88.669267,154.350397,0,false,false,0.0,-206.338523,0,0.0,1.0,0.0
2,93,4.65,514.155209,37293.288502,514.380282,37293.202886,17473.94091,0.067749,0.05665,0.008172,0.022202,0.033337,-135.048691,0.0,0.0,0.0,0.0,0.0,0.0,0,0,0,0,0,0,0,0,0,0,0,0,0,0,0,350.424072,389.475098,434.288269,531.7005,462.342224,414.415131,375.283905,410.220245,457.419708,560.019287,485.879395,435.513,390.521515,431.300812,480.926544,566.929932,462.729218,414.762024,383.586884,410.566559,457.805939,538.100708,439.199371,393.671722,37.786953,105480.22279,89.416689,152.602374,0,false,false,0.0,-206.328523,0,0.0,1.0,0.0
2,94,4.7,514.152587,-7.441089,514.378629,-7.581515,17473.940835,-0.046228,-0.057319,0.016414,0.02287,0.035783,-135.048965,0.0,0.0,0.0,0.0,0.0,0.0,0,0,0,0,0,0,0,0,0,0,0,0,0,0,0,350.426239,389.477722,434.290558,531.702209,462.342773,414.415009,375.28183,410.219025,457.417633,560.015564,485.877319,435.510437,390.516327,431.297119,480.921692,566.933716,462.731323,414.763306,383.581726,410.566742,457.80545,538.107666,439.204132,393.675385,37.787025,105480.231787,89.936552,148.100357,0,false,false,0.0,-206.318523,0,0.0,1.0,0.0
2,95,4.75,514.151428,37293.289661,514.378006,37293.203509,17473.940827,0.135877,0.11566,0.016364,0.022968,0.035786,-135.049423,0.0,0.0,0.0,0.0,0.0,0.0,0,0,0,0,0,0,0,0,0,0,0,0,0,0,0,350.425476,389.47818,434.290009,531.699768,462.344452,414.415497,375.283508,410.217743,457.4151,560.01062,485.878082,435.510071,390.512146,431.294922,480.91803,566.938721,462.733887,414.764587,383.576965,410.566254,457.803772,538.11377,439.207611,393.677521,37.787033,105480.232338,90.772802,148.0953,0,false,false,0.0,-206.308523,0,0.0,1.0,0.0
2,96,4.8,514.152345,-7.442006,514.3792,-7.582709,17473.940854,0.000743,0.001657,0.00019,0.022731,0.031643,-135.049866,0.0,0.0,0.0,0.0,0.0,0.0,0,0,0,0,0,0,0,0,0,0,0,0,0,0,0,350.421844,389.47583,434.286346,531.693481,462.346283,414.416138,375.288544,410.216675,457.412811,560.00592,485.881958,435.512512,390.510925,431.295532,480.917603,566.94342,462.736176,414.765625,383.575378,410.565582,457.801941,538.115784,439.207825,393.676788,37.787006,105480.219155,91.589801,155.722639,0,false,false,0.0,-206.298523,0,0.0,1.0,0.0
2,97,4.85,514.150322,37293.291684,514.377656,37293.205052,17473.94085,0.0,0.0,0.0,0.022754,0.033542,-135.050217,0.0,0.0,0.0,0.0,0.0,0.0,0,0,0,0,0,0,0,0,0,0,0,0,0,0,0,350.422852,389.477814,434.28772,531.693848,462.347534,414.416473,375.287964,410.215668,457.410828,560.002075,485.880798,435.51062,390.506104,431.292236,480.912994,566.947388,462.73822,414.766663,383.569916,410.565277,457.80072,538.122681,439.212311,393.680054,37.78701,105480.226215,92.236814,152.227791,0,false,false,0.0,-206.288523,0,0.0,1.0,0.0
2,98,4.9,514.15074,-7.442424,514.378316,-7.583368,17473.940886,-0.048023,-0.042726,0.012727,0.022451,0.030528,-135.050659,0.0,0.0,0.0,0.0,0.0,0.0,0,0,0,0,0,0,0,0,0,0,0,0,0,0,0,350.419983,389.476196,434.284882,531.68866,462.349396,414.417145,375.292145,410.21463,457.408569,559.997498,485.88382,435.512299,390.504211,431.292114,480.911713,566.951965,462.740479,414.7677,383.567474,410.564606,457.798889,538.125732,439.213379,393.680084,37.786976,105480.216587,93.048408,157.775788,0,false,false,0.0,-206.278523,0,0.0,1.0,0.0
2,99,4.95,514.147701,37293.294723,514.375697,37293.207671,17473.940887,0.119217,0.101214,0.014361,0.022404,0.034776,-135.051071,0.0,0.0,0.0,0.0,0.0,0.0,0,0,0,0,0,0,0,0,0,0,0,0,0,0,0,350.422119,389.479614,434.28775,531.690491,462.350983,414.417664,375.290283,410.213562,457.406372,559.993103,485.881226,435.509003,390.49762,431.28717,480.905151,566.956482,462.742737,414.768829,383.559753,410.564148,457.797363,538.135254,439.219818,393.684998,37.786976,105480.231324,93.806676,149.955678,0,false,false,0.0,-206.268523,0,0.0,1.0,0.0
2,100,5.0,514.147578,-7.442302,514.376067,-7.583738,17473.940881,-0.048793,-0.051369,0.014972,0.022465,0.032625,-135.051514,0.0,0.0,0.0,0.0,0.0,0.0,0,0,0,0,0,0,0,0,0,0,0,0,0,0,0,350.420013,389.478638,434.285614,531.686218,462.3526,414.418121,375.293549,410.212372,457.403961,559.988342,485.883575,435.510071,390.495026,431.286469,480.903229,566.961304,462.745178,414.77002,383.556854,410.56366,457.795746,538.139099,439.221558,393.685608,37.78698,105480.224731,94.60571,153.915818,0,false,false,0.0,-206.258523,0,0.0,1.0,0.0
2,101,5.05,514.146267,37293.296034,514.37503,37293.208708,17473.940907,0.107422,0.093611,0.012827,0.022225,0.033349,-135.051941,0.0,0.0,0.0,0.0,0.0,0.0,0,0,0,0,0,0,0,0,0,0,0,0,0,0,0,350.419617,389.479584,434.285645,531.68457,462.354401,414.418762,375.294769,410.211334,457.401733,559.983826,485.883759,435.509247,390.490723,431.283905,480.899231,566.96582,462.747406,414.771057,383.551605,410.563019,457.793976,538.145569,439.225403,393.68811,37.786953,105480.227608,95.403285,152.584102,0,false,false,0.0,-206.248523,0,0.0,1.0,0.0
2,102,5.1,514.146776,-7.44281,514.375581,-7.584289,17473.940967,0.0,0.0,0.0,0.021677,0.030469,-135.052368,0.0,0.0,0.0,0.0,0.0,0.0,0,0,0,0,0,0,0,0,0,0,0,0,0,0,0,350.416656,389.477997,434.282898,531.679504,462.356384,414.419556,375.299011,410.21048,457.399719,559.979553,485.886749,435.510895,390.488983,431.283783,480.89798,566.970154,462.749451,414.771942,383.549072,410.562225,457.791992,538.14856,439.22644,393.688141,37.786892,105480.218333,96.200413,157.885168,0,false,false,0.0,-206.238523,0,0.0,1.0,0.0
2,103,5.15,514.142419,37293.300392,514.372035,37293.212254,17473.940915,-0.021933,-0.036008,0.009945,0.022111,0.036259,-135.052582,0.0,0.0,0.0,0.0,0.0,0.0,0,0,0,0,0,0,0,0,0,0,0,0,0,0,0,350.421692,389.483429,434.288452,531.685486,462.35672,414.419403,375.293427,410.209503,457.398102,559.976746,485.881348,435.505554,390.48175,431.277618,480.890533,566.973083,462.751129,414.772949,383.541351,410.562439,457.791718,538.158447,439.233856,393.694336,37.786945,105480.238984,96.587341,147.226262,0,false,false,0.0,-206.228523,0,0.0,1.0,0.0
2,104,5.2,514.143978,-7.44437,514.374047,-7.586302,17473.940921,-0.055073,-0.050461,0.015057,0.022123,0.030498,-135.052963,0.0,0.0,0.0,0.0,0.0,0.0,0,0,0,0,0,0,0,0,0,0,0,0,0,0,0,350.41745,389.480103,434.283844,531.678345,462.358093,414.4198,375.299072,410.208405,457.395966,559.972534,485.886108,435.508942,390.481812,431.279419,480.891602,566.977295,462.753265,414.774017,383.541626,410.562012,457.790314,538.158447,439.232605,393.692413,37.786942,105480.220481,97.283889,157.832495,0,false,false,0.0,-206.218523,0,0.0,1.0,0.0
2,105,5.25,514.141828,37293.302543,514.372351,37293.213951,17473.94092,0.035864,0.028571,0.004353,0.022106,0.032772,-135.053406,0.0,0.0,0.0,0.0,0.0,0.0,0,0,0,0,0,0,0,0,0,0,0,0,0,0,0,350.418182,389.482117,434.285065,531.678101,462.359802,414.420319,375.298981,410.207245,457.393555,559.967773,485.885132,435.507019,390.476288,431.275726,480.886322,566.982117,462.755707,414.775208,383.535187,410.561523,457.788666,538.166443,439.237701,393.696045,37.786942,105480.228625,98.100508,153.64641,0,false,false,0.0,-206.208523,0,0.0,1.0,0.0
2,106,5.3,514.140147,-7.44269,514.371296,-7.585247,17473.940895,-0.07878,-0.084502,0.024685,0.022326,0.033734,-135.053787,0.0,0.0,0.0,0.0,0.0,0.0,0,0,0,0,0,0,0,0,0,0,0,0,0,0,0,350.418518,389.483429,434.285645,531.677307,462.361084,414.420624,375.299225,410.206055,457.391296,559.96344,485.884796,435.505798,390.471802,431.27298,480.882233,566.986572,462.757996,414.776428,383.530304,410.561249,457.787415,538.172791,439.241638,393.698761,37.786964,105480.232466,98.804481,151.87664,0,false,false,0.0,-206.198523,0,0.0,1.0,0.0
2,107,5.35,514.139335,37293.303355,514.370979,37293.214268,17473.940891,0.0,0.0,0.0,0.022384,0.033072,-135.05423,0.0,0.0,0.0,0.0,0.0,0.0,0,0,0,0,0,0,0,0,0,0,0,0,0,0,0,350.417358,389.483459,434.284607,531.674316,462.362732,414.421112,375.301361,410.204865,457.388855,559.958618,485.886017,435.50589,390.468201,431.27124,480.879181,566.991455,462.760468,414.777618,383.526184,410.56076,457.785797,538.178101,439.244507,393.700409,37.786972,105480.23074,99.616458,153.094547,0,false,false,0.0,-206.188523,0,0.0,1.0,0.0
2,108,5.4,514.138544,-7.441899,514.37056,-7.584828,17473.940903,0.016269,0.011671,0.001995,0.02227,0.032542,-135.054688,0.0,0.0,0.0,0.0,0.0,0.0,0,0,0,0,0,0,0,0,0,0,0,0,0,0,0,350.416077,389.48349,434.2836,531.671265,462.364594,414.421722,375.30368,410.203705,457.386444,559.953735,485.887299,435.50592,390.464478,431.26944,480.875977,566.996338,462.762939,414.778809,383.521759,410.56015,457.783966,538.183655,439.247559,393.702118,37.786957,105480.229369,100.46374,154.071613,0,false,false,0.0,-206.178523,0,0.0,1.0,0.0
2,109,5.45,514.135521,37293.306378,514.368338,37293.21649,17473.940852,0.014871,0.000758,0.002292,0.022706,0.036122,-135.054993,0.0,0.0,0.0,0.0,0.0,0.0,0,0,0,0,0,0,0,0,0,0,0,0,0,0,0,350.418732,389.486816,434.286591,531.673767,462.365356,414.421753,375.301025,410.202545,457.38443,559.950073,485.884491,435.502716,390.458618,431.265015,480.87027,567.000183,462.764984,414.779968,383.515533,410.560181,457.783264,538.191711,439.253174,393.706543,37.78701,105480.241973,101.014613,147.480902,0,false,false,0.0,-206.168523,0,0.0,1.0,0.0
2,110,5.5,514.137168,-7.443546,514.370215,-7.586704,17473.940889,-0.043551,-0.038346,0.011402,0.02241,0.030503,-135.055435,0.0,0.0,0.0,0.0,0.0,0.0,0,0,0,0,0,0,0,0,0,0,0,0,0,0,0,350.414093,389.483398,434.281738,531.666077,462.367218,414.422424,375.307312,410.201508,457.382172,559.945435,485.889526,435.506195,390.458405,431.266663,480.870941,567.004761,462.767242,414.781006,383.515076,410.559479,457.781372,538.192322,439.252258,393.704773,37.786972,105480.223725,101.832453,157.825001,0,false,false,0.0,-206.158523,0,0.0,1.0,0.0
2,111,5.55,514.135978,37293.307567,514.369189,37293.217515,17473.940929,0.01538,0.015433,0.001812,0.02204,0.031125,-135.055878,0.0,0.0,0.0,0.0,0.0,0.0,0,0,0,0,0,0,0,0,0,0,0,0,0,0,0,350.413483,389.484222,434.281616,531.664185,462.369171,414.423157,375.308807,410.200562,457.380005,559.940979,485.889923,435.505463,390.454224,431.26416,480.867004,567.009338,462.76944,414.781982,383.509796,410.558746,457.779449,538.19873,439.256042,393.707214,37.786934,105480.226207,102.650437,156.679306,0,false,false,0.0,-206.148523,0,0.0,1.0,0.0
2,112,5.6,514.13342,-7.440988,514.367354,-7.58487,17473.940888,0.0,0.0,0.0,0.022398,0.033151,-135.056183,0.0,0.0,0.0,0.0,0.0,0.0,0,0,0,0,0,0,0,0,0,0,0,0,0,0,0,350.415497,389.486908,434.283905,531.665833,462.369965,414.423218,375.306915,410.199463,457.378052,559.937378,485.887787,435.502869,390.449005,431.260345,480.862,567.013,462.771423,414.783112,383.504272,410.558716,457.778687,538.205933,439.260956,393.710968,37.786972,105480.234253,103.196527,152.950328,0,false,false,0.0,-206.138523,0,0.0,1.0,0.0
2,113,5.65,514.131861,37293.309127,514.366258,37293.218612,17473.940885,0.081155,0.066993,0.009838,0.022433,0.034141,-135.05658,0.0,0.0,0.0,0.0,0.0,0.0,0,0,0,0,0,0,0,0,0,0,0,0,0,0,0,350.415558,389.488098,434.284302,531.664734,462.37149,414.423676,375.307526,410.198334,457.375793,559.932922,485.887634,435.50177,390.444519,431.257599,480.857849,567.017517,462.773712,414.784241,383.499115,410.558289,457.777191,538.212463,439.264923,393.713684,37.786976,105480.238019,103.948048,151.128085,0,false,false,0.0,-206.128523,0,0.0,1.0,0.0
2,114,5.7,514.130144,-7.439271,514.365206,-7.583818,17473.940854,0.026741,0.013895,0.003562,0.022703,0.035215,-135.057007,0.0,0.0,0.0,0.0,0.0,0.0,0,0,0,0,0,0,0,0,0,0,0,0,0,0,0,350.415741,389.48938,434.284698,531.663574,462.372925,414.424011,375.308044,410.197052,457.373322,559.928101,485.887451,435.50061,390.439758,431.25473,480.853546,567.0224,462.776245,414.785553,383.493866,410.557953,457.775787,538.219238,439.269073,393.716492,37.787006,105480.242017,104.72926,149.152049,0,false,false,0.0,-206.118523,0,0.0,1.0,0.0
2,115,5.75,514.128935,37293.310336,514.364596,37293.219222,17473.940836,0.022984,0.010545,0.00312,0.022877,0.035274,-135.057434,0.0,0.0,0.0,0.0,0.0,0.0,0,0,0,0,0,0,0,0,0,0,0,0,0,0,0,350.415222,389.489929,434.284363,531.661499,462.37439,414.424408,375.309387,410.195801,457.37088,559.923462,485.888031,435.500153,390.43573,431.252563,480.850037,567.027161,462.778717,414.786804,383.489441,410.557587,457.774353,538.224976,439.27243,393.718597,37.787025,105480.242687,105.499983,149.044543,0,false,false,0.0,-206.108523,0,0.0,1.0,0.0
2,116,5.8,514.129669,-7.440005,514.365537,-7.584759,17473.940874,-0.020397,-0.019982,0.005734,0.022542,0.031658,-135.057877,0.0,0.0,0.0,0.0,0.0,0.0,0,0,0,0,0,0,0,0,0,0,0,0,0,0,0,350.411835,389.487885,434.281006,531.655579,462.376343,414.42511,375.314178,410.194763,457.368622,559.918762,485.891602,435.502289,390.434174,431.252838,480.849182,567.03186,462.780975,414.787842,383.487366,410.556854,457.77243,538.2276,439.273071,393.718201,37.786987,105480.231049,106.334991,155.700519,0,false,false,0.0,-206.098523,0,0.0,1.0,0.0
2,117,5.85,514.128213,37293.311791,514.364336,37293.220424,17473.940906,0.0,0.0,0.0,0.022238,0.032689,-135.058319,0.0,0.0,0.0,0.0,0.0,0.0,0,0,0,0,0,0,0,0,0,0,0,0,0,0,0,350.411621,389.489044,434.281281,531.654236,462.378174,414.425781,375.315155,410.193756,457.366425,559.914307,485.891571,435.501221,390.429657,431.250031,480.84494,567.036438,462.783234,414.788879,383.481842,410.556213,457.77063,538.234314,439.277161,393.720947,37.786953,105480.2349,107.137874,153.802386,0,false,false,0.0,-206.088523,0,0.0,1.0,0.0
2,118,5.9,514.125676,-7.437467,514.362459,-7.582882,17473.940875,-0.028571,-0.039958,0.011239,0.0225,0.035432,-135.05864,0.0,0.0,0.0,0.0,0.0,0.0,0,0,0,0,0,0,0,0,0,0,0,0,0,0,0,350.413513,389.491699,434.283478,531.655701,462.37915,414.425934,375.313507,410.192688,457.36441,559.910522,485.889557,435.498657,390.424316,431.246185,480.839783,567.040283,462.785278,414.789978,383.476044,410.556091,457.769714,538.24176,439.282196,393.724792,37.786987,105480.244661,107.729145,148.753427,0,false,false,0.0,-206.078523,0,0.0,1.0,0.0
2,119,5.95,514.12632,37293.311147,514.363512,37293.21937,17473.940887,-0.014989,-0.015315,0.004313,0.022426,0.031713,-135.059067,0.0,0.0,0.0,0.0,0.0,0.0,0,0,0,0,0,0,0,0,0,0,0,0,0,0,0,350.41037,389.489685,434.280243,531.650024,462.380768,414.426453,375.317932,410.191559,457.362122,559.905945,485.893005,435.500763,390.422852,431.246552,480.839111,567.044861,462.787567,414.791107,383.474396,410.555573,457.768066,538.244019,439.282684,393.724304,37.786972,105480.232788,108.502574,155.60133,0,false,false,0.0,-206.068523,0,0.0,1.0,0.0
2,120,6.0,514.124866,-7.436013,514.362662,-7.582032,17473.940863,-0.096756,-0.095695,0.028308,0.022643,0.032227,-135.059464,0.0,0.0,0.0,0.0,0.0,0.0,0,0,0,0,0,0,0,0,0,0,0,0,0,0,0,350.410339,389.490631,434.280396,531.648682,462.382111,414.426788,375.318665,410.190369,457.359802,559.901489,485.893066,435.499878,390.41861,431.24408,480.835327,567.049438,462.789917,414.792328,383.469727,410.555267,457.766754,538.250061,439.286316,393.726746,37.786999,105480.235057,109.233064,154.654233,0,false,false,0.0,-206.058523,0,0.0,1.0,0.0
2,121,6.05,514.12157,37293.314443,514.360361,37293.221671,17473.940787,0.01518,0.002211,0.002272,0.023316,0.036129,-135.059753,0.0,0.0,0.0,0.0,0.0,0.0,0,0,0,0,0,0,0,0,0,0,0,0,0,0,0,350.413361,389.494232,434.283691,531.65155,462.382721,414.426636,375.315582,410.189087,457.357635,559.897644,485.889954,435.496399,390.412384,431.23941,480.829346,567.053406,462.792145,414.79364,383.463379,410.55545,457.766205,538.258484,439.292236,393.731415,37.787075,105480.248731,109.779889,147.472911,0,false,false,0.0,-206.048523,0,0.0,1.0,0.0
2,122,6.1,514.120788,-7.435232,514.360059,-7.581731,17473.940787,0.0,0.0,0.0,0.023328,0.035391,-135.060196,0.0,0.0,0.0,0.0,0.0,0.0,0,0,0,0,0,0,0,0,0,0,0,0,0,0,0,350.41217,389.494202,434.282623,531.64856,462.384369,414.427155,375.31778,410.187897,457.355225,559.892822,485.891235,435.496521,390.408813,431.237701,480.826324,567.058228,462.794586,414.794861,383.45929,410.554932,457.764557,538.263733,439.295074,393.733002,37.787075,105480.246739,110.592115,148.832078,0,false,false,0.0,-206.038523,0,0.0,1.0,0.0
2,123,6.15,514.119583,37293.315648,514.359504,37293.222227,17473.940759,0.039185,0.027223,0.004945,0.023592,0.035321,-135.060623,0.0,0.0,0.0,0.0,0.0,0.0,0,0,0,0,0,0,0,0,0,0,0,0,0,0,0,350.411621,389.49472,434.282227,531.646362,462.385834,414.42749,375.319122,410.186615,457.352753,559.888062,485.891876,435.496094,390.404785,431.235565,480.822845,567.063049,462.797089,414.796143,383.454895,410.554626,457.763153,538.26947,439.29837,393.735077,37.787102,105480.246986,111.367289,148.961372,0,false,false,0.0,-206.028523,0,0.0,1.0,0.0
2,124,6.2,514.117888,-7.433536,514.358454,-7.580681,17473.940731,-0.043098,-0.054091,0.015397,0.023837,0.036255,-135.06102,0.0,0.0,0.0,0.0,0.0,0.0,0,0,0,0,0,0,0,0,0,0,0,0,0,0,0,350.411926,389.496033,434.282745,531.645508,462.387146,414.427795,375.319427,410.185394,457.350403,559.883606,485.891571,435.494873,390.400208,431.232788,480.818695,567.067627,462.799469,414.797394,383.449921,410.554352,457.761871,538.27594,439.302368,393.737823,37.787128,105480.250572,112.092764,147.242805,0,false,false,0.0,-206.018523,0,0.0,1.0,0.0
2,125,6.25,514.118675,37293.314861,514.359482,37293.221199,17473.940766,0.03779,0.035944,0.004329,0.023541,0.032406,-135.061462,0.0,0.0,0.0,0.0,0.0,0.0,0,0,0,0,0,0,0,0,0,0,0,0,0,0,0,350.408447,389.493866,434.279266,531.639404,462.389069,414.428497,375.324341,410.184326,457.348114,559.878906,485.895264,435.497131,390.398743,431.233185,480.817963,567.072388,462.801788,414.798431,383.447968,410.553619,457.759949,538.278381,439.302887,393.737335,37.787094,105480.238265,112.930638,154.328654,0,false,false,0.0,-206.008523,0,0.0,1.0,0.0
2,126,6.3,514.11754,-7.432401,514.358435,-7.579634,17473.940822,0.081738,0.073274,0.009645,0.02303,0.032944,-135.06192,0.0,0.0,0.0,0.0,0.0,0.0,0,0,0,0,0,0,0,0,0,0,0,0,0,0,0,350.407745,389.494629,434.279083,531.637451,462.391083,414.429291,375.325958,410.183411,457.345978,559.874451,485.895691,435.49646,390.394592,431.230682,480.813995,567.076904,462.803955,414.799377,383.442627,410.552826,457.757965,538.28479,439.306671,393.739746,37.787041,105480.240366,113.757206,153.337271,0,false,false,0.0,-205.998523,0,0.0,1.0,0.0
2,127,6.35,514.116582,37293.315819,514.357831,37293.221802,17473.940836,0.0,0.0,0.0,0.022888,0.032725,-135.062317,0.0,0.0,0.0,0.0,0.0,0.0,0,0,0,0,0,0,0,0,0,0,0,0,0,0,0,350.407013,389.495056,434.278625,531.635315,462.39267,414.42981,375.327515,410.182373,457.343842,559.870178,485.896393,435.496124,390.390991,431.228729,480.810791,567.081238,462.806122,414.800415,383.438385,410.552338,457.756409,538.290161,439.309723,393.741638,37.787025,105480.240087,114.494138,153.740008,0,false,false,0.0,-205.988523,0,0.0,1.0,0.0
2,128,6.4,514.115918,-7.431737,514.357317,-7.57912,17473.940865,-0.005159,-0.006804,0.001771,0.022617,0.032624,-135.062653,0.0,0.0,0.0,0.0,0.0,0.0,0,0,0,0,0,0,0,0,0,0,0,0,0,0,0,350.406219,389.4953,434.278107,531.633423,462.394104,414.430359,375.329041,410.181641,457.342194,559.86676,485.897064,435.495941,390.388153,431.227203,480.808228,567.084717,462.8078,414.801178,383.434845,410.551788,457.755005,538.294434,439.312164,393.743103,37.786995,105480.239981,115.108757,153.925451,0,false,false,0.0,-205.978523,0,0.0,1.0,0.0
2,129,6.45,514.114032,37293.317705,514.356017,37293.223103,17473.940862,0.063436,0.052569,0.00767,0.022645,0.03371,-135.063171,0.0,0.0,0.0,0.0,0.0,0.0,0,0,0,0,0,0,0,0,0,0,0,0,0,0,0,350.406128,389.496704,434.278442,531.631714,462.396057,414.430939,375.330017,410.180206,457.339325,559.861084,485.897034,435.49469,390.382599,431.223816,480.803101,567.090454,462.81073,414.802612,383.428406,410.551239,457.753082,538.302551,439.317108,393.746429,37.786999,105480.244074,116.072461,151.92736,0,false,false,0.0,-205.968523,0,0.0,1.0,0.0
2,130,6.5,514.112567,-7.430272,514.355106,-7.578209,17473.940846,-0.046714,-0.05408,0.015578,0.022778,0.034316,-135.063553,0.0,0.0,0.0,0.0,0.0,0.0,0,0,0,0,0,0,0,0,0,0,0,0,0,0,0,350.406189,389.497742,434.278717,531.630554,462.3974,414.431305,375.330627,410.179077,457.337097,559.856812,485.896973,435.493744,390.378387,431.221313,480.799316,567.094849,462.812958,414.803772,383.423737,410.550903,457.75177,538.308533,439.32074,393.748871,37.787014,105480.246577,116.776684,150.812557,0,false,false,0.0,-205.958523,0,0.0,1.0,0.0
2,131,6.55,514.111635,37293.318637,514.354696,37293.223513,17473.940838,0.055259,0.045207,0.006688,0.022868,0.033805,-135.06395,0.0,0.0,0.0,0.0,0.0,0.0,0,0,0,0,0,0,0,0,0,0,0,0,0,0,0,350.405426,389.498016,434.278076,531.628235,462.398834,414.431671,375.332214,410.177917,457.334869,559.852417,485.897797,435.493561,390.374878,431.219543,480.796326,567.099243,462.815247,414.804932,383.419861,410.550537,457.750366,538.313599,439.323578,393.75058,37.787022,105480.245372,117.502417,151.752778,0,false,false,0.0,-205.948523,0,0.0,1.0,0.0
2,132,6.6,514.110623,-7.42926,514.35391,-7.577423,17473.940871,0.0,0.0,0.0,0.022564,0.03394,-135.064392,0.0,0.0,0.0,0.0,0.0,0.0,0,0,0,0,0,0,0,0,0,0,0,0,0,0,0,350.404541,389.498505,434.277588,531.625916,462.400726,414.432373,375.334045,410.17691,457.332611,559.847839,485.898529,435.493164,390.370941,431.217316,480.792694,567.103943,462.817505,414.805969,383.414948,410.549835,457.748505,538.319641,439.327026,393.752716,37.786991,105480.24608,118.326191,151.504094,0,false,false,0.0,-205.938523,0,0.0,1.0,0.0
2,133,6.65,514.108157,37293.321103,514.352311,37293.225112,17473.940811,0.002894,-0.010418,0.002499,0.023089,0.036227,-135.064697,0.0,0.0,0.0,0.0,0.0,0.0,0,0,0,0,0,0,0,0,0,0,0,0,0,0,0,350.406433,389.500977,434.279663,531.627319,462.401398,414.432312,375.332275,410.17572,457.330597,559.844177,485.896637,435.490784,390.365906,431.213776,480.787964,567.107666,462.819611,414.80719,383.409821,410.549927,457.747894,538.326477,439.331665,393.756256,37.787048,105480.254312,118.860886,147.296461,0,false,false,0.0,-205.928523,0,0.0,1.0,0.0
2,134,6.7,514.109207,-7.43031,514.353686,-7.578798,17473.940836,-0.018404,-0.017291,0.004975,0.022909,0.031768,-135.065155,0.0,0.0,0.0,0.0,0.0,0.0,0,0,0,0,0,0,0,0,0,0,0,0,0,0,0,350.402527,389.498352,434.275635,531.620544,462.403259,414.432953,375.337708,410.174591,457.328156,559.839294,485.900879,435.4935,390.364746,431.2146,480.787689,567.11261,462.822021,414.808289,383.408386,410.549255,457.746002,538.328369,439.331726,393.75531,37.787025,105480.239851,119.712804,155.505364,0,false,false,0.0,-205.918523,0,0.0,1.0,0.0
2,135,6.75,514.10638,37293.32393,514.351493,37293.227304,17473.940815,0.137994,0.119026,0.016542,0.023074,0.035211,-135.065567,0.0,0.0,0.0,0.0,0.0,0.0,0,0,0,0,0,0,0,0,0,0,0,0,0,0,0,350.404358,389.501282,434.277954,531.621765,462.404663,414.433319,375.336243,410.17337,457.325775,559.834656,485.898804,435.490662,390.358521,431.210114,480.781647,567.11731,462.824463,414.80957,383.401367,410.54895,457.744629,538.33728,439.337646,393.759766,37.787045,105480.251694,120.468037,149.167048,0,false,false,0.0,-205.908523,0,0.0,1.0,0.0
2,136,6.8,514.105539,-7.429469,514.351256,-7.57856,17473.940799,-0.144669,-0.145799,0.043069,0.023234,0.033691,-135.065903,0.0,0.0,0.0,0.0,0.0,0.0,0,0,0,0,0,0,0,0,0,0,0,0,0,0,0,350.403748,389.501465,434.277344,531.61969,462.405762,414.433533,375.337555,410.172272,457.32373,559.83075,485.899597,435.49057,390.355438,431.208649,480.779114,567.121277,462.826538,414.810669,383.398163,410.548737,457.743561,538.341553,439.340027,393.761169,37.787064,105480.247747,121.091955,151.966379,0,false,false,0.0,-205.898523,0,0.0,1.0,0.0
2,137,6.85,514.105785,37293.323683,514.351625,37293.226935,17473.940849,0.0,0.0,0.0,0.022789,0.031191,-135.06636,0.0,0.0,0.0,0.0,0.0,0.0,0,0,0,0,0,0,0,0,0,0,0,0,0,0,0,350.401001,389.500153,434.274811,531.614807,462.407806,414.434326,375.341583,410.171295,457.321503,559.826111,485.902344,435.491943,390.35318,431.20816,480.777374,567.125977,462.828766,414.811646,383.395111,410.547943,457.741516,538.345276,439.341583,393.761566,37.78701,105480.239605,121.939945,156.568011,0,false,false,0.0,-205.888523,0,0.0,1.0,0.0
2,138,6.9,514.104615,-7.428298,514.350579,-7.577514,17473.940896,-0.011008,-0.012059,0.003289,0.022342,0.031798,-135.066803,0.0,0.0,0.0,0.0,0.0,0.0,0,0,0,0,0,0,0,0,0,0,0,0,0,0,0,350.400391,389.500977,434.274689,531.612915,462.40979,414.435089,375.343109,410.170349,457.319366,559.821655,485.90271,435.491241,390.348999,431.205658,480.773407,567.130493,462.830963,414.812622,383.389771,410.54718,457.739594,538.351685,439.345367,393.764008,37.786964,105480.241877,122.759706,155.448841,0,false,false,0.0,-205.878523,0,0.0,1.0,0.0
2,139,6.95,514.102314,37293.325985,514.348874,37293.22864,17473.940876,-0.032254,-0.040302,0.011463,0.022507,0.034172,-135.067169,0.0,0.0,0.0,0.0,0.0,0.0,0,0,0,0,0,0,0,0,0,0,0,0,0,0,0,350.401764,389.503265,434.276428,531.613647,462.41098,414.435364,375.342102,410.16925,457.31723,559.817627,485.901215,435.489044,390.343811,431.202026,480.768433,567.134644,462.83313,414.813751,383.384033,410.546967,457.738464,538.359009,439.35022,393.767609,37.786983,105480.250293,123.414589,151.079858,0,false,false,0.0,-205.868523,0,0.0,1.0,0.0
2,140,7.0,514.102506,-7.428491,514.349329,-7.577969,17473.940905,0.000933,0.000181,0.000105,0.02225,0.031654,-135.067612,0.0,0.0,0.0,0.0,0.0,0.0,0,0,0,0,0,0,0,0,0,0,0,0,0,0,0,350.39917,389.501984,434.273926,531.608887,462.412811,414.436035,375.345947,410.168182,457.314972,559.812988,485.9039,435.490417,390.341553,431.201569,480.766785,567.139343,462.835419,414.814819,383.381195,410.546295,457.736603,538.362549,439.351654,393.767944,37.786957,105480.242131,124.234522,155.715647,0,false,false,0.0,-205.858523,0,0.0,1.0,0.0
2,141,7.05,514.100654,37293.327837,514.347877,37293.230092,17473.94091,0.07595,0.064082,0.009139,0.022198,0.03337,-135.068039,0.0,0.0,0.0,0.0,0.0,0.0,0,0,0,0,0,0,0,0,0,0,0,0,0,0,0,350.399536,389.503632,434.27475,531.608154,462.41452,414.436584,375.346252,410.167084,457.312653,559.808411,485.903351,435.488892,390.336517,431.198303,480.762024,567.143982,462.837769,414.815948,383.375275,410.545776,457.734955,538.369934,439.356293,393.771179,37.786949,105480.248144,125.031138,152.555827,0,false,false,0.0,-205.848523,0,0.0,1.0,0.0
2,142,7.1,514.09853,-7.426367,514.34651,-7.576602,17473.940862,0.0,0.0,0.0,0.022637,0.034258,-135.068344,0.0,0.0,0.0,0.0,0.0,0.0,0,0,0,0,0,0,0,0,0,0,0,0,0,0,0,350.400909,389.505646,434.276306,531.608887,462.415314,414.436615,375.345093,410.165955,457.310669,559.804749,485.901947,435.486938,390.331909,431.19516,480.757751,567.147705,462.839783,414.817078,383.370483,410.545746,457.734192,538.376282,439.360474,393.774292,37.786999,105480.252313,125.577458,150.92269,0,false,false,0.0,-205.838523,0,0.0,1.0,0.0
2,143,7.15,514.097501,37293.328866,514.34621,37293.230392,17473.940826,-0.01251,-0.018615,0.005088,0.022985,0.03373,-135.068741,0.0,0.0,0.0,0.0,0.0,0.0,0,0,0,0,0,0,0,0,0,0,0,0,0,0,0,350.400238,389.50589,434.275635,531.606567,462.416565,414.436859,375.346588,410.164673,457.308258,559.800171,485.902832,435.486786,390.328278,431.19339,480.75473,567.152405,462.842224,414.81839,383.36673,410.545532,457.732971,538.381348,439.363312,393.776001,37.787037,105480.250982,126.309058,151.895594,0,false,false,0.0,-205.828523,0,0.0,1.0,0.0
2,144,7.2,514.096717,-7.425582,514.345736,-7.576128,17473.940848,0.030172,0.023624,0.003672,0.022775,0.033221,-135.069183,0.0,0.0,0.0,0.0,0.0,0.0,0,0,0,0,0,0,0,0,0,0,0,0,0,0,0,350.399017,389.505981,434.274719,531.603638,462.418396,414.4375,375.348785,410.163574,457.305939,559.795471,485.903992,435.486786,390.324646,431.191559,480.751526,567.157166,462.844574,414.819489,383.362335,410.544891,457.731171,538.38678,439.366333,393.77774,37.787014,105480.249531,127.13254,152.83149,0,false,false,0.0,-205.818523,0,0.0,1.0,0.0
2,145,7.25,514.094064,37293.331518,514.343753,37293.232375,17473.940814,0.025293,0.011187,0.003478,0.023058,0.036142,-135.069519,0.0,0.0,0.0,0.0,0.0,0.0,0,0,0,0,0,0,0,0,0,0,0,0,0,0,0,350.401031,389.50882,434.2771,531.605286,462.419403,414.437653,375.346985,410.162476,457.303894,559.791626,485.901825,435.48407,390.319122,431.187531,480.746185,567.161072,462.84668,414.820618,383.356293,410.544769,457.730225,538.394531,439.371582,393.781769,37.787048,105480.259731,127.736498,147.455936,0,false,false,0.0,-205.808523,0,0.0,1.0,0.0
2,146,7.3,514.095829,-7.427347,514.345475,-7.577851,17473.940889,0.02874,0.031066,0.003875,0.022423,0.030631,-135.069977,0.0,0.0,0.0,0.0,0.0,0.0,0,0,0,0,0,0,0,0,0,0,0,0,0,0,0,350.396179,389.505402,434.272217,531.597473,462.42157,414.438568,375.353546,410.161591,457.301788,559.78717,485.906891,435.487549,390.31897,431.189117,480.746796,567.165588,462.848755,414.821472,383.35553,410.543823,457.728027,538.395386,439.370758,393.780029,37.786972,105480.24157,128.581503,157.59996,0,false,false,0.0,-205.798523,0,0.0,1.0,0.0
2,147,7.35,514.093049,37293.334298,514.343145,37293.234706,17473.940889,0.0,0.0,0.0,0.022386,0.034297,-135.070404,0.0,0.0,0.0,0.0,0.0,0.0,0,0,0,0,0,0,0,0,0,0,0,0,0,0,0,350.397858,389.508362,434.274506,531.598633,462.423218,414.439087,375.352295,410.160461,457.299469,559.782532,485.904846,435.48468,390.312653,431.18454,480.74057,567.170349,462.851166,414.822662,383.348145,410.543365,457.72644,538.404541,439.376862,393.784576,37.786972,105480.254081,129.375791,150.85067,0,false,false,0.0,-205.788523,0,0.0,1.0,0.0
2,148,7.4,514.091393,-7.425692,514.34229,-7.576997,17473.940838,-0.051461,-0.060793,0.017477,0.022852,0.034981,-135.070755,0.0,0.0,0.0,0.0,0.0,0.0,0,0,0,0,0,0,0,0,0,0,0,0,0,0,0,350.398315,389.509583,434.275024,531.5979,462.424225,414.439178,375.352356,410.15921,457.297211,559.77832,485.904541,435.483582,390.30838,431.182007,480.736816,567.174622,462.853455,414.823944,383.343781,410.543274,457.725464,538.4104,439.380463,393.787079,37.787022,105480.256848,130.023734,149.594048,0,false,false,0.0,-205.778523,0,0.0,1.0,0.0
2,149,7.45,514.091311,37293.33438,514.342521,37293.234476,17473.94086,0.068488,0.059905,0.008131,0.022666,0.032945,-135.071228,0.0,0.0,0.0,0.0,0.0,0.0,0,0,0,0,0,0,0,0,0,0,0,0,0,0,0,350.395996,389.508606,434.272858,531.593445,462.426117,414.43985,375.355896,410.158081,457.2948,559.773438,485.906952,435.484619,390.305634,431.181152,480.73468,567.179565,462.855896,414.825073,383.340424,410.542603,457.723572,538.414612,439.382416,393.787811,37.786999,105480.250305,130.878615,153.341511,0,false,false,0.0,-205.768523,0,0.0,1.0,0.0
2,150,7.5,514.09155,-7.425931,514.34282,-7.577296,17473.940917,0.024139,0.026006,0.003223,0.022147,0.030604,-135.071686,0.0,0.0,0.0,0.0,0.0,0.0,0,0,0,0,0,0,0,0,0,0,0,0,0,0,0,350.393219,389.507355,434.270355,531.588501,462.428253,414.440735,375.359985,410.157135,457.292572,559.768799,485.909668,435.485992,390.303284,431.180603,480.732819,567.184265,462.858124,414.826019,383.337158,410.541748,457.721466,538.418518,439.384033,393.7883,37.786942,105480.242491,131.745736,157.651427,0,false,false,0.0,-205.758523,0,0.0,1.0,0.0
2,151,7.55,514.089114,37293.336817,514.340782,37293.236514,17473.940924,0.029609,0.019765,0.003762,0.02206,0.033592,-135.072113,0.0,0.0,0.0,0.0,0.0,0.0,0,0,0,0,0,0,0,0,0,0,0,0,0,0,0,350.394501,389.509888,434.272217,531.589111,462.429901,414.441254,375.359222,410.156067,457.290344,559.764343,485.908081,435.483582,390.297516,431.176514,480.727173,567.188843,462.860413,414.827148,383.330353,410.541229,457.719879,538.426941,439.389557,393.792358,37.786938,105480.252769,132.516917,152.149355,0,false,false,0.0,-205.748523,0,0.0,1.0,0.0
2,152,7.6,514.088171,-7.424988,514.340542,-7.577056,17473.940872,0.0,0.0,0.0,0.02255,0.033218,-135.072327,0.0,0.0,0.0,0.0,0.0,0.0,0,0,0,0,0,0,0,0,0,0,0,0,0,0,0,350.394653,389.510376,434.272247,531.588379,462.430328,414.441162,375.359375,410.155151,457.288788,559.761536,485.908173,435.483124,390.295074,431.175201,480.725189,567.19165,462.862,414.828064,383.328186,410.541351,457.719452,538.430115,439.391479,393.79361,37.786987,105480.252119,132.905222,152.839705,0,false,false,0.0,-205.738523,0,0.0,1.0,0.0
2,153,7.65,514.087307,37293.337681,514.340108,37293.236948,17473.940897,0.027381,0.022969,0.00326,0.022328,0.032313,-135.072876,0.0,0.0,0.0,0.0,0.0,0.0,0,0,0,0,0,0,0,0,0,0,0,0,0,0,0,350.393005,389.510315,434.270905,531.584534,462.432556,414.441925,375.362305,410.153778,457.285919,559.755737,485.909821,435.483307,390.290741,431.173157,480.721436,567.19751,462.864929,414.829437,383.322998,410.540619,457.717285,538.436584,439.394989,393.795593,37.786964,105480.249324,133.921043,154.50639,0,false,false,0.0,-205.728523,0,0.0,1.0,0.0
2,154,7.7,514.085498,-7.423179,514.338874,-7.575821,17473.940883,-0.044446,-0.050479,0.014575,0.022442,0.033637,-135.073242,0.0,0.0,0.0,0.0,0.0,0.0,0,0,0,0,0,0,0,0,0,0,0,0,0,0,0,350.393646,389.511902,434.27179,531.584229,462.433777,414.4422,375.362152,410.152649,457.283783,559.751648,485.909088,435.481842,390.286194,431.170197,480.717224,567.201721,462.867096,414.830566,383.317963,410.540344,457.716095,538.443054,439.399078,393.798492,37.786976,105480.254171,134.58682,152.068856,0,false,false,0.0,-205.718523,0,0.0,1.0,0.0
2,155,7.75,514.084444,37293.338735,514.338204,37293.237617,17473.940896,0.120329,0.104814,0.014371,0.022324,0.033647,-135.073654,0.0,0.0,0.0,0.0,0.0,0.0,0,0,0,0,0,0,0,0,0,0,0,0,0,0,0,350.392944,389.51239,434.271362,531.582031,462.435425,414.442749,375.363739,410.151581,457.281525,559.747131,485.90976,435.481415,390.282349,431.168091,480.713776,567.206299,462.869385,414.831696,383.313446,410.539825,457.714447,538.448792,439.402374,393.800537,37.786964,105480.254421,135.363355,152.051197,0,false,false,0.0,-205.708523,0,0.0,1.0,0.0
2,156,7.8,514.084491,-7.423226,514.338506,-7.576124,17473.940925,-0.018983,-0.019215,0.005532,0.022074,0.031443,-135.074097,0.0,0.0,0.0,0.0,0.0,0.0,0,0,0,0,0,0,0,0,0,0,0,0,0,0,0,350.390594,389.511322,434.269165,531.577637,462.437256,414.44339,375.367249,410.150543,457.279297,559.742615,485.91217,435.482574,390.279938,431.16748,480.711945,567.210876,462.871613,414.832703,383.310425,410.539154,457.712646,538.452515,439.404022,393.801056,37.786934,105480.247215,136.165511,156.108323,0,false,false,0.0,-205.698523,0,0.0,1.0,0.0
2,157,7.85,514.081343,37293.341883,514.336056,37293.240068,17473.940888,0.0,0.0,0.0,0.022372,0.035466,-135.074387,0.0,0.0,0.0,0.0,0.0,0.0,0,0,0,0,0,0,0,0,0,0,0,0,0,0,0,350.393463,389.514893,434.272461,531.580505,462.43811,414.443481,375.36438,410.149475,457.277374,559.739014,485.909088,435.479095,390.273895,431.162781,480.705963,567.214539,462.873596,414.833832,383.303833,410.539124,457.711853,538.460999,439.409943,393.805725,37.786972,105480.261158,136.719562,148.701996,0,false,false,0.0,-205.688523,0,0.0,1.0,0.0
2,158,7.9,514.081857,-7.42374,514.336922,-7.57699,17473.940906,-0.011944,-0.014641,0.004019,0.022244,0.03216,-135.074844,0.0,0.0,0.0,0.0,0.0,0.0,0,0,0,0,0,0,0,0,0,0,0,0,0,0,0,350.390411,389.513062,434.269379,531.575012,462.43985,414.444061,375.368774,410.148376,457.275055,559.734375,485.912384,435.480988,390.272125,431.162903,480.704926,567.219299,462.875946,414.83493,383.301727,410.538513,457.710083,538.463745,439.410767,393.805542,37.786957,105480.25037,137.532417,154.788324,0,false,false,0.0,-205.678523,0,0.0,1.0,0.0
2,159,7.95,514.079418,37293.344321,514.335033,37293.241957,17473.940891,0.098839,0.081628,0.011988,0.02237,0.034906,-135.075272,0.0,0.0,0.0,0.0,0.0,0.0,0,0,0,0,0,0,0,0,0,0,0,0,0,0,0,350.391602,389.515472,434.271057,531.575378,462.441437,414.444519,375.368103,410.147156,457.272644,559.729614,485.91098,435.478729,390.266296,431.158875,480.699341,567.224121,462.878418,414.836182,383.295074,410.538116,457.708588,538.472168,439.416199,393.809509,37.786968,105480.259692,138.323738,149.733988,0,false,false,0.0,-205.668523,0,0.0,1.0,0.0
2,160,8.0,514.078716,-7.423038,514.335026,-7.576983,17473.940859,-0.087598,-0.091662,0.026908,0.022668,0.03367,-135.075623,0.0,0.0,0.0,0.0,0.0,0.0,0,0,0,0,0,0,0,0,0,0,0,0,0,0,0,350.390717,389.51535,434.270081,531.572815,462.442505,414.444672,375.36972,410.145966,457.270447,559.725525,485.912109,435.478912,390.263397,431.157654,480.697052,567.228271,462.880615,414.837372,383.292175,410.537933,457.70755,538.476135,439.418335,393.810669,37.787003,105480.256095,138.964098,152.010119,0,false,false,0.0,-205.658523,0,0.0,1.0,0.0
2,161,8.05,514.077667,37293.345371,514.334395,37293.242589,17473.940866,0.101925,0.08851,0.012169,0.022614,0.033622,-135.076035,0.0,0.0,0.0,0.0,0.0,0.0,0,0,0,0,0,0,0,0,0,0,0,0,0,0,0,350.390015,389.515839,434.269623,531.570618,462.444122,414.44519,375.371307,410.144867,457.268188,559.721008,485.912781,435.478546,390.259552,431.155579,480.693665,567.232849,462.882935,414.838501,383.28772,410.537445,457.705963,538.48175,439.42157,393.812683,37.786995,105480.256135,139.737351,152.098283,0,false,false,0.0,-205.648523,0,0.0,1.0,0.0
2,162,8.1,514.077631,-7.423001,514.334558,-7.577146,17473.940902,0.0,0.0,0.0,0.022287,0.031687,-135.076492,0.0,0.0,0.0,0.0,0.0,0.0,0,0,0,0,0,0,0,0,0,0,0,0,0,0,0,350.387695,389.514893,434.267517,531.566223,462.446075,414.445953,375.374847,410.143829,457.2659,559.716309,485.915131,435.479553,390.256897,431.154755,480.691528,567.23761,462.885223,414.839539,383.284302,410.536713,457.703979,538.485962,439.423492,393.813416,37.786961,105480.249725,140.582738,155.660996,0,false,false,0.0,-205.638523,0,0.0,1.0,0.0
2,163,8.15,514.07561,37293.347392,514.333015,37293.244131,17473.940899,-0.009283,-0.016966,0.004544,0.022293,0.033667,-135.076904,0.0,0.0,0.0,0.0,0.0,0.0,0,0,0,0,0,0,0,0,0,0,0,0,0,0,0,350.388367,389.516754,434.268616,531.565979,462.447632,414.446411,375.374756,410.1427,457.263611,559.711853,485.914276,435.477814,390.25174,431.151306,480.686646,567.242188,462.887573,414.840698,383.278351,410.536285,457.702484,538.493469,439.428253,393.816803,37.786961,105480.256541,141.346085,152.01567,0,false,false,0.0,-205.628523,0,0.0,1.0,0.0
2,164,8.2,514.074456,-7.421848,514.332513,-7.576644,17473.940872,0.023448,0.015808,0.002953,0.022552,0.033468,-135.077286,0.0,0.0,0.0,0.0,0.0,0.0,0,0,0,0,0,0,0,0,0,0,0,0,0,0,0,350.38797,389.517273,434.268311,531.564087,462.448914,414.446686,375.375885,410.14151,457.261322,559.707458,485.914795,435.477386,390.248016,431.149323,480.683441,567.246643,462.889893,414.841919,383.274384,410.536011,457.701263,538.498718,439.431305,393.818726,37.786987,105480.256237,142.049718,152.382641,0,false,false,0.0,-205.618523,0,0.0,1.0,0.0
2,165,8.25,514.073265,37293.348583,514.331738,37293.244906,17473.940876,0.084321,0.07151,0.010132,0.022508,0.033742,-135.077744,0.0,0.0,0.0,0.0,0.0,0.0,0,0,0,0,0,0,0,0,0,0,0,0,0,0,0,350.387299,389.517883,434.267944,531.56189,462.450684,414.447235,375.377472,410.14032,457.258911,559.702637,485.915405,435.476868,390.243805,431.147003,480.679657,567.251587,462.892334,414.843109,383.26944,410.535461,457.699524,538.504944,439.434937,393.821014,37.786983,105480.257231,142.882122,151.87792,0,false,false,0.0,-205.608523,0,0.0,1.0,0.0
2,166,8.3,514.072258,-7.420841,514.331195,-7.5761,17473.940875,-0.044045,-0.049319,0.014272,0.022517,0.03349,-135.07811,0.0,0.0,0.0,0.0,0.0,0.0,0,0,0,0,0,0,0,0,0,0,0,0,0,0,0,350.38681,389.518372,434.267639,531.560059,462.451965,414.447601,375.378662,410.139313,457.256897,559.698669,485.915924,435.476471,390.240387,431.145142,480.676666,567.255615,462.894409,414.844147,383.265594,410.535126,457.698242,538.509888,439.437805,393.822815,37.786987,105480.256758,143.544471,152.342173,0,false,false,0.0,-205.598523,0,0.0,1.0,0.0
2,167,8.35,514.070148,37293.350693,514.329626,37293.246474,17473.940864,0.0,0.0,0.0,0.022595,0.035493,-135.078476,0.0,0.0,0.0,0.0,0.0,0.0,0,0,0,0,0,0,0,0,0,0,0,0,0,0,0,350.387878,389.520416,434.269043,531.560364,462.453247,414.447937,375.378052,410.138214,457.254761,559.69458,485.914703,435.474548,390.235382,431.141724,480.671906,567.259766,462.896576,414.845276,383.259979,410.534821,457.697021,538.517029,439.442444,393.826202,37.786995,105480.2637,144.218848,148.655176,0,false,false,0.0,-205.588523,0,0.0,1.0,0.0
2,168,8.4,514.07086,-7.421553,514.330712,-7.577186,17473.940878,0.002745,0.00307,0.000274,0.022511,0.031679,-135.078918,0.0,0.0,0.0,0.0,0.0,0.0,0,0,0,0,0,0,0,0,0,0,0,0,0,0,0,350.384491,389.51828,434.265594,531.554382,462.455048,414.448517,375.382812,410.137054,457.25238,559.689758,485.918396,435.476746,390.233856,431.14212,480.671173,567.264587,462.898956,414.846405,383.258148,410.53421,457.695221,538.51947,439.442963,393.825684,37.786983,105480.251166,145.04566,155.677145,0,false,false,0.0,-205.578523,0,0.0,1.0,0.0
2,169,8.45,514.067741,37293.353811,514.328323,37293.248864,17473.940838,0.041015,0.026553,0.005265,0.022848,0.035643,-135.079315,0.0,0.0,0.0,0.0,0.0,0.0,0,0,0,0,0,0,0,0,0,0,0,0,0,0,0,350.386841,389.521606,434.268402,531.556274,462.456299,414.448761,375.380737,410.135803,457.25,559.685242,485.915833,435.473541,390.227295,431.137299,480.664795,567.269287,462.901428,414.847717,383.250916,410.534027,457.694031,538.528687,439.449219,393.830475,37.787022,105480.264577,145.770614,148.38049,0,false,false,0.0,-205.568523,0,0.0,1.0,0.0
2,170,8.5,514.068535,-7.422346,514.329441,-7.578305,17473.940857,-0.021459,-0.020851,0.006019,0.022702,0.031749,-135.079788,0.0,0.0,0.0,0.0,0.0,0.0,0,0,0,0,0,0,0,0,0,0,0,0,0,0,0,350.38324,389.519318,434.26474,531.549988,462.458221,414.449432,375.385834,410.134644,457.247528,559.680298,485.919708,435.475891,390.225739,431.137726,480.664032,567.274292,462.90387,414.848877,383.248993,410.533325,457.692108,538.53125,439.449738,393.829926,37.787003,105480.25169,146.640697,155.549996,0,false,false,0.0,-205.558523,0,0.0,1.0,0.0
2,171,8.55,514.067241,37293.355105,514.328398,37293.249907,17473.940885,0.071362,0.063618,0.008422,0.022441,0.03246,-135.080246,0.0,0.0,0.0,0.0,0.0,0.0,0,0,0,0,0,0,0,0,0,0,0,0,0,0,0,350.38269,389.520203,434.264648,531.548096,462.460175,414.450165,375.387268,410.133575,457.245239,559.675598,485.920044,435.475128,390.221344,431.135101,480.659943,567.279053,462.906219,414.849945,383.243561,410.532654,457.690216,538.537903,439.453705,393.832489,37.786976,105480.254089,147.484628,154.240584,0,false,false,0.0,-205.548523,0,0.0,1.0,0.0
2,172,8.6,514.064993,-7.420098,514.326689,-7.576596,17473.940872,0.0,0.0,0.0,0.022537,0.034804,-135.080597,0.0,0.0,0.0,0.0,0.0,0.0,0,0,0,0,0,0,0,0,0,0,0,0,0,0,0,350.383972,389.522461,434.266327,531.548706,462.461426,414.45047,375.386353,410.132507,457.243164,559.67157,485.918579,435.472992,390.216187,431.1315,480.654999,567.283203,462.908356,414.851044,383.237762,410.532379,457.688995,538.545227,439.458527,393.83606,37.786987,105480.262182,148.146027,149.925614,0,false,false,0.0,-205.538523,0,0.0,1.0,0.0
2,173,8.65,514.064349,37293.355749,514.326609,37293.249987,17473.94086,0.07129,0.060155,0.008563,0.022669,0.033626,-135.080994,0.0,0.0,0.0,0.0,0.0,0.0,0,0,0,0,0,0,0,0,0,0,0,0,0,0,0,350.382812,389.522278,434.265228,531.545837,462.462769,414.450806,375.388397,410.131348,457.240906,559.667175,485.919922,435.473236,390.213104,431.130188,480.652496,567.287659,462.910645,414.852234,383.234436,410.532043,457.687653,538.549622,439.460846,393.837311,37.787003,105480.258576,148.864169,152.095984,0,false,false,0.0,-205.528523,0,0.0,1.0,0.0
2,174,8.7,514.062208,-7.417957,514.324916,-7.574903,17473.940861,0.109009,0.089752,0.013262,0.022629,0.035819,-135.081345,0.0,0.0,0.0,0.0,0.0,0.0,0,0,0,0,0,0,0,0,0,0,0,0,0,0,0,350.383972,389.524445,434.266815,531.546387,462.464081,414.451172,375.387634,410.130371,457.238922,559.663269,485.918518,435.471161,390.20813,431.126678,480.647675,567.291626,462.912689,414.853241,383.228729,410.531677,457.686401,538.556824,439.465576,393.84079,37.786999,105480.266106,149.518128,148.058826,0,false,false,0.0,-205.518523,0,0.0,1.0,0.0
2,175,8.75,514.058617,37293.35934,514.322426,37293.252478,17473.940782,0.143421,0.116936,0.017886,0.023445,0.039443,-135.081589,0.0,0.0,0.0,0.0,0.0,0.0,0,0,0,0,0,0,0,0,0,0,0,0,0,0,0,350.387756,389.528503,434.270752,531.550293,462.464294,414.450867,375.383575,410.12912,457.236969,559.659912,485.914734,435.467224,390.201843,431.121796,480.641602,567.295044,462.914703,414.854523,383.222534,410.532074,457.686249,538.565186,439.471588,393.845703,37.787079,105480.278944,149.950113,141.38869,0,false,false,0.0,-205.508523,0,0.0,1.0,0.0
2,176,8.8,514.06245,-7.421789,514.326006,-7.578483,17473.940874,0.020717,0.028036,0.003717,0.022563,0.029624,-135.081985,0.0,0.0,0.0,0.0,0.0,0.0,0,0,0,0,0,0,0,0,0,0,0,0,0,0,0,350.380249,389.522308,434.262909,531.539062,462.466339,414.451782,375.393158,410.12851,457.23526,559.656189,485.922729,435.473419,390.204895,431.126343,480.64563,567.298767,462.916351,414.855103,383.225342,410.531067,457.684143,538.561523,439.467285,393.840973,37.786987,105480.24687,150.692142,159.462634,0,false,false,0.0,-205.498523,0,0.0,1.0,0.0
2,177,8.85,514.060466,37293.361324,514.324112,37293.254371,17473.940927,0.0,0.0,0.0,0.022053,0.032053,-135.082428,0.0,0.0,0.0,0.0,0.0,0.0,0,0,0,0,0,0,0,0,0,0,0,0,0,0,0,350.380798,389.524353,434.26416,531.53894,462.468323,414.452576,375.39325,410.127594,457.233185,559.651855,485.921722,435.471497,390.199615,431.12265,480.640381,567.303223,462.918488,414.856018,383.218658,410.530304,457.68219,538.569519,439.472412,393.844635,37.786934,105480.255119,151.501941,154.989762,0,false,false,0.0,-205.488523,0,0.0,1.0,0.0
2,178,8.9,514.057817,-7.419141,514.322077,-7.576448,17473.940903,0.000155,-0.012099,0.003027,0.022234,0.035136,-135.082748,0.0,0.0,0.0,0.0,0.0,0.0,0,0,0,0,0,0,0,0,0,0,0,0,0,0,0,350.382874,389.527222,434.266632,531.54071,462.46933,414.452759,375.391357,410.126556,457.231232,559.648132,485.919464,435.468719,390.194153,431.118591,480.63504,567.307007,462.920471,414.857117,383.212646,410.530151,457.681244,538.577209,439.477661,393.848663,37.786957,105480.265775,152.086191,149.315153,0,false,false,0.0,-205.478523,0,0.0,1.0,0.0
2,179,8.95,514.058024,37293.361117,514.322728,37293.25372,17473.940908,0.020661,0.016306,0.002483,0.022219,0.032348,-135.083176,0.0,0.0,0.0,0.0,0.0,0.0,0,0,0,0,0,0,0,0,0,0,0,0,0,0,0,350.38031,389.525787,434.264008,531.535828,462.470978,414.453278,375.395142,410.125397,457.228882,559.643494,485.922272,435.470245,390.192017,431.118347,480.633636,567.311707,462.922852,414.858246,383.210236,410.529663,457.679626,538.580444,439.478882,393.848816,37.786953,105480.25663,152.879012,154.449189,0,false,false,0.0,-205.468523,0,0.0,1.0,0.0
2,180,9.0,514.057222,-7.418339,514.322307,-7.576027,17473.940917,-0.016634,-0.018289,0.005162,0.022143,0.031836,-135.083618,0.0,0.0,0.0,0.0,0.0,0.0,0,0,0,0,0,0,0,0,0,0,0,0,0,0,0,350.37912,389.525879,434.263092,531.532959,462.472748,414.453857,375.397308,410.124268,457.226532,559.638794,485.923462,435.470245,390.188385,431.116547,480.630493,567.316528,462.925232,414.859406,383.205963,410.529083,457.677887,538.585815,439.481842,393.850555,37.786945,105480.254925,153.694772,155.391878,0,false,false,0.0,-205.458523,0,0.0,1.0,0.0
2,181,9.05,514.053857,37293.364482,514.319767,37293.25626,17473.940865,0.05477,0.037847,0.006967,0.022589,0.036206,-135.083969,0.0,0.0,0.0,0.0,0.0,0.0,0,0,0,0,0,0,0,0,0,0,0,0,0,0,0,350.381989,389.529572,434.266357,531.535583,462.473755,414.453949,375.394531,410.123016,457.224243,559.634521,485.92041,435.466675,390.181732,431.111542,480.623993,567.320923,462.927612,414.860718,383.198761,410.529022,457.676941,538.595154,439.488281,393.85556,37.786995,105480.269684,154.352339,147.3477,0,false,false,0.0,-205.448523,0,0.0,1.0,0.0
2,182,9.1,514.055631,-7.420113,514.321747,-7.578007,17473.940903,0.0,0.0,0.0,0.022292,0.030356,-135.084427,0.0,0.0,0.0,0.0,0.0,0.0,0,0,0,0,0,0,0,0,0,0,0,0,0,0,0,350.377075,389.52597,434.261292,531.527527,462.475708,414.454681,375.401123,410.121948,457.221954,559.629822,485.92569,435.470337,390.18161,431.113342,480.624817,567.325623,462.929871,414.861755,383.198395,410.528259,457.674988,538.595642,439.487213,393.853638,37.786957,105480.250204,155.191983,158.116485,0,false,false,0.0,-205.438523,0,0.0,1.0,0.0
2,183,9.15,514.054357,37293.365756,514.320685,37293.257322,17473.940938,0.005253,0.005937,0.000661,0.02195,0.031077,-135.084869,0.0,0.0,0.0,0.0,0.0,0.0,0,0,0,0,0,0,0,0,0,0,0,0,0,0,0,350.376617,389.526886,434.261261,531.525818,462.4776,414.455383,375.402466,410.120972,457.219757,559.625305,485.925964,435.469513,390.177338,431.110748,480.620758,567.3302,462.932129,414.862762,383.193085,410.527588,457.673126,538.602173,439.491089,393.85614,37.786922,105480.252637,156.005798,156.788761,0,false,false,0.0,-205.428523,0,0.0,1.0,0.0
2,184,9.2,514.051788,-7.417544,514.318835,-7.576156,17473.940898,-0.059273,-0.066113,0.019179,0.022295,0.033872,-135.085236,0.0,0.0,0.0,0.0,0.0,0.0,0,0,0,0,0,0,0,0,0,0,0,0,0,0,0,350.378296,389.52948,434.263306,531.526855,462.478699,414.455566,375.401062,410.119751,457.217499,559.621094,485.924133,435.467041,390.171722,431.106812,480.615448,567.334534,462.934418,414.864014,383.187012,410.527435,457.672058,538.609985,439.496307,393.860077,37.786961,105480.262296,156.672359,151.644339,0,false,false,0.0,-205.418523,0,0.0,1.0,0.0
2,185,9.25,514.050434,37293.36711,514.318189,37293.257968,17473.940863,0.046519,0.035507,0.005736,0.022634,0.034071,-135.085648,0.0,0.0,0.0,0.0,0.0,0.0,0,0,0,0,0,0,0,0,0,0,0,0,0,0,0,350.378082,389.530212,434.263184,531.525146,462.480011,414.455841,375.402039,410.118469,457.215088,559.616455,485.924469,435.4664,390.167603,431.104553,480.611847,567.339233,462.93689,414.865295,383.182617,410.527191,457.670807,538.615784,439.499756,393.862274,37.786999,105480.263133,157.412709,151.278537,0,false,false,0.0,-205.408523,0,0.0,1.0,0.0
2,186,9.3,514.050751,-7.417861,514.318773,-7.576741,17473.940874,-0.002919,-0.00198,0.00074,0.022549,0.0317,-135.085983,0.0,0.0,0.0,0.0,0.0,0.0,0,0,0,0,0,0,0,0,0,0,0,0,0,0,0,350.375793,389.5289,434.260895,531.520996,462.481415,414.456329,375.405334,410.117615,457.213257,559.612793,485.926941,435.467773,390.166077,431.104492,480.610901,567.343018,462.938721,414.86618,383.180756,410.526703,457.669403,538.618225,439.500549,393.862274,37.786987,105480.255184,158.055824,155.643216,0,false,false,0.0,-205.398523,0,0.0,1.0,0.0
2,187,9.35,514.047172,37293.370688,514.315874,37293.260867,17473.940857,0.0,0.0,0.0,0.022658,0.036199,-135.086426,0.0,0.0,0.0,0.0,0.0,0.0,0,0,0,0,0,0,0,0,0,0,0,0,0,0,0,350.378571,389.532898,434.264313,531.523499,462.48291,414.456696,375.402802,410.116302,457.210724,559.60791,485.923798,435.463928,390.158661,431.098907,480.603546,567.348022,462.941345,414.867554,383.172363,410.526398,457.667969,538.628784,439.507782,393.867828,37.787003,105480.270456,158.855277,147.362967,0,false,false,0.0,-205.388523,0,0.0,1.0,0.0
2,188,9.4,514.048533,-7.419222,514.317415,-7.578282,17473.940895,-0.023542,-0.0221,0.006435,0.022354,0.031272,-135.086868,0.0,0.0,0.0,0.0,0.0,0.0,0,0,0,0,0,0,0,0,0,0,0,0,0,0,0,350.37439,389.529938,434.26001,531.516479,462.484802,414.457397,375.408539,410.115326,457.208557,559.603455,485.928284,435.466949,390.158081,431.100128,480.60376,567.352478,462.943512,414.8685,383.171448,410.525665,457.666077,538.630005,439.507355,393.866486,37.786964,105480.254131,159.659305,156.431527,0,false,false,0.0,-205.378523,0,0.0,1.0,0.0
2,189,9.45,514.047502,37293.37172,514.316513,37293.261769,17473.940942,-0.005668,-0.005824,0.001457,0.021912,0.031595,-135.08728,0.0,0.0,0.0,0.0,0.0,0.0,0,0,0,0,0,0,0,0,0,0,0,0,0,0,0,350.373657,389.530609,434.259766,531.514526,462.486664,414.45813,375.410126,410.11441,457.206512,559.599182,485.928772,435.4664,390.154236,431.09787,480.600159,567.356812,462.945587,414.869415,383.166534,410.524963,457.664246,538.635925,439.510803,393.868683,37.786919,105480.255195,160.439411,155.836964,0,false,false,0.0,-205.368523,0,0.0,1.0,0.0
2,190,9.5,514.045112,-7.416832,514.314749,-7.576518,17473.940916,-0.153678,-0.156395,0.046186,0.022136,0.033421,-135.087585,0.0,0.0,0.0,0.0,0.0,0.0,0,0,0,0,0,0,0,0,0,0,0,0,0,0,0,350.375458,389.533112,434.261871,531.51593,462.487549,414.458252,375.408508,410.113403,457.20462,559.595703,485.926849,435.463959,390.149261,431.094238,480.595337,567.360413,462.94751,414.870483,383.161133,410.524841,457.663422,538.642883,439.515533,393.872284,37.786945,105480.262211,160.986091,152.476344,0,false,false,0.0,-205.358523,0,0.0,1.0,0.0
2,191,9.55,514.044241,37293.372591,514.314504,37293.262013,17473.940894,0.015827,0.01089,0.001957,0.022348,0.032708,-135.088028,0.0,0.0,0.0,0.0,0.0,0.0,0,0,0,0,0,0,0,0,0,0,0,0,0,0,0,350.374359,389.533112,434.260834,531.512939,462.489105,414.458649,375.410583,410.112091,457.202087,559.590759,485.928101,435.46405,390.145569,431.092529,480.592285,567.365417,462.950073,414.871796,383.157135,410.524475,457.661896,538.648193,439.518402,393.873932,37.786968,105480.259853,161.797567,153.788424,0,false,false,0.0,-205.348523,0,0.0,1.0,0.0
2,192,9.6,514.043831,-7.416422,514.314467,-7.576481,17473.940906,-0.007481,-0.005671,0.001675,0.022255,0.031322,-135.088455,0.0,0.0,0.0,0.0,0.0,0.0,0,0,0,0,0,0,0,0,0,0,0,0,0,0,0,350.37265,389.532654,434.259277,531.509338,462.490845,414.459229,375.413361,410.110992,457.199768,559.586121,485.929901,435.4646,390.142517,431.091309,480.589813,567.370178,462.952423,414.872925,383.153534,410.523895,457.660156,538.65271,439.520721,393.875061,37.786957,105480.255179,162.603366,156.340287,0,false,false,0.0,-205.338523,0,0.0,1.0,0.0
2,193,9.65,514.041467,37293.374955,514.31276,37293.263721,17473.940878,-0.033261,-0.039858,0.011397,0.022489,0.033743,-135.088821,0.0,0.0,0.0,0.0,0.0,0.0,0,0,0,0,0,0,0,0,0,0,0,0,0,0,0,350.374084,389.535004,434.261047,531.510132,462.491974,414.459442,375.412262,410.109833,457.197601,559.58197,485.928345,435.462372,390.137238,431.087646,480.584778,567.37439,462.954651,414.874115,383.147736,410.523712,457.659058,538.660217,439.525635,393.878723,37.786983,105480.26355,163.26254,151.884474,0,false,false,0.0,-205.328523,0,0.0,1.0,0.0
2,194,9.7,514.039415,-7.41437,514.31133,-7.575051,17473.940853,0.084435,0.067411,0.010352,0.022708,0.035541,-135.089203,0.0,0.0,0.0,0.0,0.0,0.0,0,0,0,0,0,0,0,0,0,0,0,0,0,0,0,350.374939,389.536865,434.262238,531.510071,462.493286,414.459747,375.411926,410.108643,457.195343,559.577637,485.927399,435.460632,390.132233,431.08432,480.580078,567.378845,462.95697,414.875305,383.142212,410.523438,457.657806,538.667358,439.530212,393.881989,37.787006,105480.269624,163.971099,148.576583,0,false,false,0.0,-205.318523,0,0.0,1.0,0.0
2,195,9.75,514.039467,37293.374903,514.311682,37293.263369,17473.940895,0.073797,0.064157,0.008788,0.022352,0.032857,-135.089752,0.0,0.0,0.0,0.0,0.0,0.0,0,0,0,0,0,0,0,0,0,0,0,0,0,0,0,350.372009,389.535553,434.25946,531.504517,462.495605,414.460602,375.416382,410.107361,457.192535,559.571899,485.93042,435.462036,390.129181,431.083496,480.577728,567.384644,462.959808,414.876617,383.138336,410.522583,457.655518,538.672119,439.532318,393.882721,37.786964,105480.260678,164.98942,153.51556,0,false,false,0.0,-205.308523,0,0.0,1.0,0.0
2,196,9.8,514.037835,-7.412738,514.310664,-7.574032,17473.940853,-0.101882,-0.107062,0.031434,0.022726,0.034154,-135.089996,0.0,0.0,0.0,0.0,0.0,0.0,0,0,0,0,0,0,0,0,0,0,0,0,0,0,0,350.372986,389.537048,434.26059,531.504883,462.496277,414.460632,375.415619,410.106445,457.190918,559.568909,485.929474,435.460602,390.125549,431.081085,480.574402,567.387695,462.961456,414.877533,383.134613,410.522583,457.654907,538.677124,439.535583,393.885101,37.787006,105480.265295,165.438249,151.129258,0,false,false,0.0,-205.298523,0,0.0,1.0,0.0
2,197,9.85,514.039018,37293.37372,514.311917,37293.262115,17473.940928,-0.057568,-0.048205,0.014527,0.022059,0.029355,-135.090591,0.0,0.0,0.0,0.0,0.0,0.0,0,0,0,0,0,0,0,0,0,0,0,0,0,0,0,350.368286,389.53418,434.256012,531.497009,462.498932,414.4617,375.422211,410.105255,457.188141,559.56311,485.934326,435.463562,390.123871,431.081665,480.573517,567.393555,462.964233,414.878723,383.132019,410.521484,457.652222,538.680176,439.536194,393.884399,37.786934,105480.248845,166.518455,159.963816,0,false,false,0.0,-205.288523,0,0.0,1.0,0.0
2,198,9.9,514.036948,-7.410668,514.310331,-7.572446,17473.940922,0.0,0.0,0.0,0.022098,0.031459,-135.091034,0.0,0.0,0.0,0.0,0.0,0.0,0,0,0,0,0,0,0,0,0,0,0,0,0,0,0,350.368927,389.536072,434.25708,531.496582,462.50061,414.462219,375.422241,410.104065,457.18573,559.55835,485.933502,435.461792,390.1185,431.078125,480.56842,567.398438,462.966705,414.879944,383.125793,410.520996,457.650604,538.687988,439.541138,393.887878,37.786938,105480.255951,167.329859,156.089355,0,false,false,0.0,-205.278523,0,0.0,1.0,0.0
2,199,9.95,514.035613,37293.375055,514.309512,37293.262934,17473.940913,-0.031037,-0.032352,0.009403,0.022189,0.031908,-135.091446,0.0,0.0,0.0,0.0,0.0,0.0,0,0,0,0,0,0,0,0,0,0,0,0,0,0,0,350.368591,389.536896,434.257019,531.494873,462.502167,414.462677,375.42334,410.102905,457.18338,559.553772,485.933807,435.46109,390.114258,431.075684,480.564636,567.403137,462.969086,414.881134,383.121002,410.520599,457.649109,538.694153,439.544769,393.890259,37.786949,105480.257461,168.104697,155.263417,0,false,false,0.0,-205.268523,0,0.0,1.0,0.0
2,200,10.0,514.034596,-7.409651,514.308952,-7.571886,17473.940913,-0.02485,-0.025801,0.007478,0.022178,0.031749,-135.091904,0.0,0.0,0.0,0.0,0.0,0.0,0,0,0,0,0,0,0,0,0,0,0,0,0,0,0,350.367615,389.537201,434.256287,531.492188,462.503937,414.463226,375.425293,410.101685,457.180908,559.548828,485.934784,435.460876,390.11026,431.073608,480.561127,567.408142,462.971619,414.882385,383.116364,410.52005,457.647369,538.700073,439.548096,393.892273,37.786949,105480.256789,168.952014,155.55734,0,false,false,0.0,-205.258523,0,0.0,1.0,0.0
2,201,10.05,514.0334,37293.376251,514.308204,37293.263682,17473.940912,0.018288,0.015248,0.002152,0.022197,0.032012,-135.092361,0.0,0.0,0.0,0.0,0.0,0.0,0,0,0,0,0,0,0,0,0,0,0,0,0,0,0,350.366913,389.537811,434.25589,531.489929,462.505707,414.463806,375.42691,410.100494,457.178436,559.543884,485.935455,435.460388,390.106018,431.071289,480.557343,567.413147,462.974121,414.883606,383.11142,410.519501,457.64563,538.706299,439.551727,393.894531,37.786949,105480.257526,169.792332,155.074156,0,false,false,0.0,-205.248523,0,0.0,1.0,0.0
2,202,10.1,514.031354,-7.407605,514.306836,-7.570518,17473.940864,-0.001418,-0.008325,0.002196,0.02262,0.034122,-135.092621,0.0,0.0,0.0,0.0,0.0,0.0,0,0,0,0,0,0,0,0,0,0,0,0,0,0,0,350.368469,389.539856,434.257599,531.491028,462.506317,414.463806,375.425507,410.099518,457.176758,559.540833,485.933899,435.458405,390.101807,431.068298,480.553375,567.416321,462.975861,414.884583,383.107056,410.519531,457.64505,538.712097,439.555634,393.897491,37.786999,105480.264842,170.248248,151.190544,0,false,false,0.0,-205.238523,0,0.0,1.0,0.0
2,203,10.15,514.031269,37293.376337,514.307231,37293.263287,17473.94088,0.0,0.0,0.0,0.022494,0.031498,-135.093155,0.0,0.0,0.0,0.0,0.0,0.0,0,0,0,0,0,0,0,0,0,0,0,0,0,0,0,350.365753,389.538635,434.254944,531.485657,462.508453,414.464478,375.429688,410.098145,457.173859,559.535034,485.936798,435.459747,390.098633,431.067413,480.550995,567.42218,462.97879,414.885986,383.103333,410.518829,457.642914,538.716919,439.55777,393.898285,37.78698,105480.255969,171.249405,156.02048,0,false,false,0.0,-205.228523,0,0.0,1.0,0.0
2,204,10.2,514.031426,-7.407762,514.307499,-7.570787,17473.940927,-0.087311,-0.07655,0.023101,0.02207,0.029259,-135.093613,0.0,0.0,0.0,0.0,0.0,0.0,0,0,0,0,0,0,0,0,0,0,0,0,0,0,0,350.363159,389.537506,434.252625,531.481018,462.510498,414.465302,375.433533,410.097168,457.171661,559.530457,485.939392,435.460968,390.096252,431.066803,480.549133,567.426819,462.981018,414.886963,383.100128,410.518036,457.6409,538.720764,439.559448,393.898804,37.786934,105480.248127,172.088152,160.141921,0,false,false,0.0,-205.218523,0,0.0,1.0,0.0
2,205,10.25,514.026276,37293.381486,514.30351,37293.267277,17473.940828,0.059349,0.042686,0.007469,0.022927,0.036259,-135.093842,0.0,0.0,0.0,0.0,0.0,0.0,0,0,0,0,0,0,0,0,0,0,0,0,0,0,0,350.369202,389.543793,434.259125,531.488159,462.51062,414.464905,375.426758,410.095947,457.169739,559.527222,485.933044,435.454773,390.087891,431.059723,480.540649,567.430176,462.983002,414.888275,383.091522,410.518494,457.640869,538.731995,439.567932,393.905914,37.787033,105480.272698,172.495512,147.258019,0,false,false,0.0,-205.208523,0,0.0,1.0,0.0
2,206,10.3,514.027096,-7.408583,514.304793,-7.57207,17473.940814,-0.086782,-0.085616,0.025334,0.023105,0.032521,-135.094162,0.0,0.0,0.0,0.0,0.0,0.0,0,0,0,0,0,0,0,0,0,0,0,0,0,0,0,350.366364,389.541687,434.256012,531.483093,462.511688,414.465179,375.430664,410.094971,457.167877,559.523621,485.93631,435.45694,390.08728,431.060608,480.540802,567.433777,462.984863,414.889221,383.091095,410.518219,457.639771,538.73291,439.567596,393.904968,37.787048,105480.260424,173.078292,154.13984,0,false,false,0.0,-205.198523,0,0.0,1.0,0.0
2,207,10.35,514.026983,37293.3816,514.304859,37293.267211,17473.940871,-0.025296,-0.019187,0.005648,0.022587,0.030295,-135.094727,0.0,0.0,0.0,0.0,0.0,0.0,0,0,0,0,0,0,0,0,0,0,0,0,0,0,0,350.363525,389.540649,434.25354,531.477783,462.514252,414.466156,375.435028,410.093719,457.16507,559.517822,485.939087,435.458069,390.083862,431.059387,480.537964,567.439697,462.987701,414.890472,383.086578,410.517242,457.637268,538.738403,439.57019,393.906067,37.786991,105480.252642,174.140095,158.237609,0,false,false,0.0,-205.188523,0,0.0,1.0,0.0
2,208,10.4,514.025295,-7.406895,514.303603,-7.570814,17473.940879,0.0,0.0,0.0,0.022509,0.031555,-135.095123,0.0,0.0,0.0,0.0,0.0,0.0,0,0,0,0,0,0,0,0,0,0,0,0,0,0,0,350.363861,389.542114,434.254211,531.477112,462.515747,414.466614,375.435303,410.092682,457.162933,559.51355,485.938629,435.456726,390.079285,431.056458,480.533691,567.444031,462.989899,414.891541,383.081299,410.516815,457.635803,538.745056,439.574371,393.908936,37.786983,105480.256979,174.864669,155.917739,0,false,false,0.0,-205.178523,0,0.0,1.0,0.0
2,209,10.45,514.024768,37293.382127,514.303397,37293.267417,17473.940898,-0.077951,-0.071774,0.021468,0.022331,0.030516,-135.095581,0.0,0.0,0.0,0.0,0.0,0.0,0,0,0,0,0,0,0,0,0,0,0,0,0,0,0,350.362244,389.541809,434.252838,531.473633,462.517609,414.467255,375.438019,410.091553,457.160583,559.508789,485.940247,435.457123,390.075989,431.054993,480.530884,567.448914,462.99231,414.89267,383.077271,410.516174,457.633972,538.750061,439.576996,393.910339,37.786964,105480.25326,175.70267,157.830711,0,false,false,0.0,-205.168523,0,0.0,1.0,0.0
2,210,10.5,514.023222,-7.405348,514.302263,-7.56968,17473.940909,-0.020065,-0.020414,0.005851,0.02223,0.031596,-135.096024,0.0,0.0,0.0,0.0,0.0,0.0,0,0,0,0,0,0,0,0,0,0,0,0,0,0,0,350.362122,389.542969,434.253082,531.472229,462.519348,414.467834,375.438934,410.090424,457.158203,559.504089,485.940247,435.456085,390.07132,431.052155,480.526581,567.453674,462.99472,414.893829,383.071808,410.515625,457.632294,538.756897,439.581146,393.913116,37.786953,105480.256753,176.516484,155.842443,0,false,false,0.0,-205.158523,0,0.0,1.0,0.0
2,211,10.55,514.020498,37293.38485,514.300423,37293.269257,17473.940852,0.036395,0.025036,0.004599,0.022732,0.034456,-135.096329,0.0,0.0,0.0,0.0,0.0,0.0,0,0,0,0,0,0,0,0,0,0,0,0,0,0,0,350.364288,389.545776,434.255463,531.473877,462.520081,414.467804,375.43692,410.089203,457.156067,559.500183,485.938049,435.4534,390.065826,431.048218,480.521362,567.457703,462.996918,414.895111,383.066132,410.515686,457.631592,538.764465,439.586273,393.917053,37.78701,105480.266661,177.092006,150.57848,0,false,false,0.0,-205.148523,0,0.0,1.0,0.0
2,212,10.6,514.021727,-7.406577,514.301657,-7.570914,17473.940917,-0.018116,-0.012736,0.003906,0.022157,0.030054,-135.096786,0.0,0.0,0.0,0.0,0.0,0.0,0,0,0,0,0,0,0,0,0,0,0,0,0,0,0,350.360199,389.543121,434.251434,531.467163,462.522217,414.468658,375.442566,410.088318,457.153961,559.495728,485.942291,435.456116,390.064941,431.049072,480.521149,567.462219,462.999023,414.895996,383.064575,410.514801,457.629486,538.766296,439.586273,393.916077,37.786945,105480.251628,177.932068,158.680756,0,false,false,0.0,-205.138523,0,0.0,1.0,0.0
2,213,10.65,514.019769,37293.386809,514.299935,37293.270979,17473.940949,0.0,0.0,0.0,0.021842,0.032251,-135.097229,0.0,0.0,0.0,0.0,0.0,0.0,0,0,0,0,0,0,0,0,0,0,0,0,0,0,0,350.360687,389.545013,434.252563,531.466797,462.524078,414.46936,375.442719,410.087311,457.151764,559.491211,485.941467,435.454315,390.059692,431.045532,480.516022,567.466797,463.001282,414.897034,383.058167,410.51416,457.627655,538.774109,439.591248,393.919586,37.786911,105480.25887,178.7412,154.636202,0,false,false,0.0,-205.128523,0,0.0,1.0,0.0
2,214,10.7,514.019432,-7.406241,514.300121,-7.571099,17473.940941,-0.073774,-0.068805,0.020525,0.021936,0.030454,-135.097595,0.0,0.0,0.0,0.0,0.0,0.0,0,0,0,0,0,0,0,0,0,0,0,0,0,0,0,350.359222,389.544464,434.251068,531.463562,462.52536,414.469696,375.445099,410.086212,457.149628,559.487122,485.943115,435.454956,390.05719,431.044678,480.51413,567.471008,463.003418,414.898102,383.055481,410.513824,457.626404,538.77771,439.592987,393.92038,37.786919,105480.25293,179.415588,157.944293,0,false,false,0.0,-205.118523,0,0.0,1.0,0.0
2,215,10.75,514.018859,37293.387382,514.299784,37293.271315,17473.940972,-0.021207,-0.015489,0.004624,0.021651,0.029617,-135.098022,0.0,0.0,0.0,0.0,0.0,0.0,0,0,0,0,0,0,0,0,0,0,0,0,0,0,0,350.357819,389.544373,434.249939,531.46051,462.527161,414.470337,375.44751,410.085236,457.147491,559.482727,485.944458,435.45517,390.053986,431.043152,480.511322,567.475464,463.005615,414.899109,383.051483,410.513184,457.624634,538.782654,439.595612,393.921814,37.786888,105480.249919,180.199283,159.484993,0,false,false,0.0,-205.108523,0,0.0,1.0,0.0
2,216,10.8,514.017904,-7.405286,514.299099,-7.570414,17473.941,-0.028602,-0.023601,0.006942,0.021382,0.029628,-135.09848,0.0,0.0,0.0,0.0,0.0,0.0,0,0,0,0,0,0,0,0,0,0,0,0,0,0,0,350.356842,389.544739,434.249329,531.458008,462.529053,414.471008,375.449463,410.084167,457.145203,559.478088,485.945343,435.454895,390.050079,431.041046,480.507812,567.480225,463.007935,414.900208,383.046722,410.512512,457.622772,538.788574,439.598969,393.923859,37.786861,105480.249687,181.03112,159.463583,0,false,false,0.0,-205.098523,0,0.0,1.0,0.0
2,217,10.85,514.013613,37293.391674,514.295852,37293.274561,17473.940916,0.030899,0.015906,0.004154,0.022117,0.035594,-135.098709,0.0,0.0,0.0,0.0,0.0,0.0,0,0,0,0,0,0,0,0,0,0,0,0,0,0,0,350.361633,389.549866,434.254486,531.46344,462.529297,414.470734,375.444183,410.083008,457.143311,559.474854,485.940338,435.44986,390.042877,431.035095,480.50058,567.483582,463.009888,414.901428,383.039337,410.512878,457.62262,538.798279,439.606171,393.92984,37.786945,105480.270319,181.45285,148.484041,0,false,false,0.0,-205.088523,0,0.0,1.0,0.0
2,218,10.9,514.015029,-7.406702,514.297758,-7.57232,17473.940918,0.0,0.0,0.0,0.022148,0.030049,-135.099075,0.0,0.0,0.0,0.0,0.0,0.0,0,0,0,0,0,0,0,0,0,0,0,0,0,0,0,350.357635,389.546753,434.250122,531.456604,462.530609,414.471069,375.449554,410.081909,457.141174,559.470703,485.944885,435.453033,390.042786,431.036743,480.501465,567.487732,463.012024,414.902496,383.03949,410.512512,457.621246,538.798462,439.605103,393.92807,37.786942,105480.251927,182.137588,158.691921,0,false,false,0.0,-205.078523,0,0.0,1.0,0.0
2,219,10.95,514.013154,37293.393548,514.296275,37293.276045,17473.940927,0.037419,0.033255,0.004386,0.022051,0.031818,-135.099518,0.0,0.0,0.0,0.0,0.0,0.0,0,0,0,0,0,0,0,0,0,0,0,0,0,0,0,350.358032,389.548401,434.250977,531.455994,462.532349,414.471649,375.44986,410.08078,457.138885,559.466064,485.944275,435.451477,390.03772,431.033417,480.496643,567.492493,463.014404,414.903656,383.033478,410.511963,457.619598,538.805969,439.609772,393.931335,37.786934,105480.257763,182.939793,155.434627,0,false,false,0.0,-205.068523,0,0.0,1.0,0.0
2,220,11.0,514.012759,-7.406307,514.296391,-7.572436,17473.940919,-0.161409,-0.151272,0.045249,0.022132,0.03021,-135.099884,0.0,0.0,0.0,0.0,0.0,0.0,0,0,0,0,0,0,0,0,0,0,0,0,0,0,0,350.356659,389.547943,434.249603,531.45282,462.53363,414.471985,375.452118,410.079712,457.136749,559.461975,485.945831,435.452026,390.035095,431.032471,480.494629,567.496643,463.01651,414.904724,383.03067,410.511627,457.618317,538.809692,439.611633,393.93222,37.786942,105480.252382,183.614386,158.396522,0,false,false,0.0,-205.058523,0,0.0,1.0,0.0
2,221,11.05,514.01146,37293.394847,514.295287,37293.277149,17473.940958,0.024319,0.023077,0.002768,0.021773,0.03105,-135.100311,0.0,0.0,0.0,0.0,0.0,0.0,0,0,0,0,0,0,0,0,0,0,0,0,0,0,0,350.356262,389.54892,434.249695,531.451233,462.535492,414.472687,375.453339,410.078766,457.134613,559.457581,485.946014,435.451141,390.030853,431.029877,480.490601,567.501099,463.018707,414.905731,383.025391,410.510956,457.616486,538.816162,439.61554,393.934784,37.786903,105480.255004,184.411223,156.848395,0,false,false,0.0,-205.048523,0,0.0,1.0,0.0
2,222,11.1,514.009805,-7.404652,514.294121,-7.57127,17473.940952,-0.022652,-0.026561,0.007562,0.021811,0.032244,-135.100754,0.0,0.0,0.0,0.0,0.0,0.0,0,0,0,0,0,0,0,0,0,0,0,0,0,0,0,350.356323,389.550201,434.250092,531.450073,462.53714,414.473175,375.454041,410.077576,457.132233,559.452881,485.945862,435.449982,390.026093,431.026947,480.486206,567.50592,463.021149,414.906921,383.019897,410.510498,457.614899,538.82312,439.619781,393.937683,37.786907,105480.258838,185.214197,154.650197,0,false,false,0.0,-205.038523,0,0.0,1.0,0.0
2,223,11.15,514.00761,37293.397042,514.292775,37293.278494,17473.940897,0.0,0.0,0.0,0.022316,0.033983,-135.101028,0.0,0.0,0.0,0.0,0.0,0.0,0,0,0,0,0,0,0,0,0,0,0,0,0,0,0,350.357849,389.552277,434.25174,531.450928,462.537781,414.473114,375.452698,410.076416,457.130249,559.449219,485.944366,435.447968,390.021454,431.023773,480.481934,567.509644,463.023193,414.908112,383.015259,410.510559,457.614288,538.829346,439.623962,393.940796,37.786964,105480.265062,185.738975,151.450584,0,false,false,0.0,-205.028523,0,0.0,1.0,0.0
2,224,11.2,514.006977,-7.404019,514.292633,-7.571127,17473.940892,-0.032343,-0.036783,0.010566,0.022364,0.032935,-135.101486,0.0,0.0,0.0,0.0,0.0,0.0,0,0,0,0,0,0,0,0,0,0,0,0,0,0,0,350.356354,389.552032,434.250366,531.44751,462.53952,414.473663,375.455261,410.075165,457.127716,559.444275,485.945984,435.448334,390.018005,431.022278,480.479095,567.514709,463.025726,414.909363,383.011322,410.51004,457.612579,538.834473,439.626617,393.9422,37.786968,105480.261334,186.580702,153.381519,0,false,false,0.0,-205.018523,0,0.0,1.0,0.0
2,225,11.25,514.006699,37293.39732,514.292659,37293.278469,17473.940915,0.006441,0.006518,0.000707,0.022163,0.031376,-135.101944,0.0,0.0,0.0,0.0,0.0,0.0,0,0,0,0,0,0,0,0,0,0,0,0,0,0,0,350.35437,389.551361,434.248566,531.443481,462.541412,414.474335,375.458435,410.074066,457.125366,559.439514,485.948029,435.449097,390.015045,431.021179,480.476685,567.519531,463.028107,414.910492,383.00766,410.509399,457.610718,538.838989,439.628845,393.943237,37.786945,105480.255809,187.422284,156.250826,0,false,false,0.0,-205.008523,0,0.0,1.0,0.0
2,226,11.3,514.005499,-7.402819,514.292041,-7.57051,17473.940895,-0.094311,-0.090885,0.027001,0.02235,0.031387,-135.102325,0.0,0.0,0.0,0.0,0.0,0.0,0,0,0,0,0,0,0,0,0,0,0,0,0,0,0,350.354095,389.552032,434.248444,531.441895,462.542694,414.474609,375.459381,410.072937,457.123199,559.435303,485.948364,435.448517,390.011292,431.019104,480.473389,567.523804,463.030334,414.911621,383.003601,410.509125,457.609467,538.84436,439.631989,393.945251,37.786964,105480.255904,188.10665,156.231892,0,false,false,0.0,-204.998523,0,0.0,1.0,0.0
2,227,11.35,514.003787,37293.399033,514.290744,37293.279766,17473.940902,0.062935,0.054179,0.007502,0.022279,0.032769,-135.102753,0.0,0.0,0.0,0.0,0.0,0.0,0,0,0,0,0,0,0,0,0,0,0,0,0,0,0,350.354279,389.553467,434.249023,531.440918,462.544373,414.475159,375.45993,410.071808,457.12088,559.430725,485.948029,435.447205,390.00647,431.016052,480.468872,567.528503,463.032715,414.912781,382.997955,410.508606,457.607849,538.85144,439.636383,393.948273,37.786961,105480.26035,188.901045,153.687548,0,false,false,0.0,-204.988523,0,0.0,1.0,0.0
2,228,11.4,514.002734,-7.401766,514.290117,-7.569882,17473.940904,0.0,0.0,0.0,0.02226,0.03273,-135.10321,0.0,0.0,0.0,0.0,0.0,0.0,0,0,0,0,0,0,0,0,0,0,0,0,0,0,0,350.353363,389.553864,434.248413,531.438354,462.546143,414.475739,375.461792,410.070648,457.118439,559.425903,485.948883,435.44693,390.002441,431.013916,480.465302,567.533447,463.035187,414.914001,382.993225,410.508057,457.60611,538.857422,439.639771,393.950348,37.786957,105480.259929,189.738945,153.760217,0,false,false,0.0,-204.978523,0,0.0,1.0,0.0
2,229,11.45,514.000942,37293.400824,514.289154,37293.280728,17473.940852,0.007938,0.00128,0.001144,0.022743,0.033695,-135.103561,0.0,0.0,0.0,0.0,0.0,0.0,0,0,0,0,0,0,0,0,0,0,0,0,0,0,0,350.354034,389.555267,434.249146,531.437927,462.547089,414.47583,375.461609,410.069366,457.11618,559.421692,485.948364,435.445618,389.998047,431.0112,480.461395,567.537781,463.037506,414.915283,382.988739,410.507996,457.605194,538.863464,439.643585,393.953003,37.78701,105480.263297,190.37857,151.984792,0,false,false,0.0,-204.968523,0,0.0,1.0,0.0
2,230,11.5,514.000913,-7.401737,514.289383,-7.570111,17473.940882,-0.022069,-0.02182,0.006306,0.022477,0.031665,-135.104019,0.0,0.0,0.0,0.0,0.0,0.0,0,0,0,0,0,0,0,0,0,0,0,0,0,0,0,350.351715,389.55426,434.246979,531.433472,462.549011,414.476501,375.465179,410.068298,457.113861,559.416931,485.950775,435.446686,389.995422,431.010437,480.45932,567.542542,463.039856,414.916351,382.985443,410.507294,457.603271,538.867554,439.645447,393.953705,37.78698,105480.256183,191.220272,155.72124,0,false,false,0.0,-204.958523,0,0.0,1.0,0.0
2,231,11.55,513.999898,37293.401839,514.288615,37293.281497,17473.940914,0.067523,0.061639,0.007904,0.022171,0.031766,-135.104446,0.0,0.0,0.0,0.0,0.0,0.0,0,0,0,0,0,0,0,0,0,0,0,0,0,0,0,350.350861,389.554779,434.246521,531.431213,462.550873,414.477173,375.466919,410.067291,457.111664,559.412476,485.951447,435.446289,389.991516,431.00824,480.45578,567.547119,463.042084,414.917389,382.980652,410.506653,457.601471,538.873474,439.648834,393.955811,37.786945,105480.256258,192.024553,155.534954,0,false,false,0.0,-204.948523,0,0.0,1.0,0.0
2,232,11.6,513.99851,-7.400349,514.287732,-7.569229,17473.940905,-0.020367,-0.023439,0.00668,0.022248,0.032355,-135.104858,0.0,0.0,0.0,0.0,0.0,0.0,0,0,0,0,0,0,0,0,0,0,0,0,0,0,0,350.350708,389.555725,434.246613,531.429749,462.552368,414.4776,375.467834,410.066162,457.109375,559.40802,485.951599,435.445465,389.987305,431.005768,480.451965,567.551697,463.044403,414.918549,382.975861,410.506256,457.600037,538.879578,439.652496,393.958252,37.786957,105480.258091,192.772564,154.4516,0,false,false,0.0,-204.938523,0,0.0,1.0,0.0
2,233,11.65,513.997604,37293.402745,514.287279,37293.281949,17473.940905,0.0,0.0,0.0,0.022259,0.03197,-135.105301,0.0,0.0,0.0,0.0,0.0,0.0,0,0,0,0,0,0,0,0,0,0,0,0,0,0,0,350.34967,389.555908,434.245789,531.427002,462.554077,414.478149,375.469849,410.064972,457.106964,559.403198,485.952667,435.445374,389.983551,431.003876,480.4487,567.55658,463.046875,414.919769,382.971527,410.505737,457.598358,538.885132,439.655609,393.960052,37.786957,105480.256513,193.590236,155.160825,0,false,false,0.0,-204.928523,0,0.0,1.0,0.0
2,234,11.7,513.99626,-7.399005,514.286263,-7.568212,17473.940921,0.010965,0.005554,0.001429,0.022105,0.032717,-135.105743,0.0,0.0,0.0,0.0,0.0,0.0,0,0,0,0,0,0,0,0,0,0,0,0,0,0,0,350.349213,389.556824,434.245758,531.425171,462.555908,414.47879,375.47113,410.063873,457.104645,559.398499,485.952972,435.44458,389.979126,431.001251,480.444611,567.561401,463.049255,414.920868,382.966187,410.505127,457.596558,538.891785,439.659515,393.962616,37.786942,105480.258672,194.419752,153.784246,0,false,false,0.0,-204.918523,0,0.0,1.0,0.0
2,235,11.75,513.994349,37293.404656,514.285155,37293.283057,17473.940876,0.037827,0.029755,0.004607,0.02252,0.033279,-135.106049,0.0,0.0,0.0,0.0,0.0,0.0,0,0,0,0,0,0,0,0,0,0,0,0,0,0,0,350.350311,389.558502,434.246918,531.425476,462.556641,414.47879,375.470337,410.062744,457.102631,559.394836,485.951965,435.442963,389.974854,430.998474,480.440735,567.565125,463.0513,414.922058,382.961884,410.505127,457.595856,538.897583,439.66333,393.965393,37.786983,105480.261303,194.964382,152.751096,0,false,false,0.0,-204.908523,0,0.0,1.0,0.0
2,236,11.8,513.994206,-7.398863,514.285261,-7.568318,17473.940906,-0.022891,-0.022597,0.00656,0.022251,0.031481,-135.106506,0.0,0.0,0.0,0.0,0.0,0.0,0,0,0,0,0,0,0,0,0,0,0,0,0,0,0,350.348175,389.557709,434.244965,531.421326,462.558563,414.479462,375.473694,410.061676,457.100342,559.390198,485.954132,435.443848,389.972076,430.997528,480.438507,567.569885,463.053619,414.923096,382.958405,410.504456,457.593964,538.901917,439.665344,393.966248,37.786957,105480.254941,195.797334,156.061131,0,false,false,0.0,-204.898523,0,0.0,1.0,0.0
2,237,11.85,513.993034,37293.405829,514.284362,37293.283956,17473.940929,0.043178,0.038272,0.005075,0.022041,0.031887,-135.106949,0.0,0.0,0.0,0.0,0.0,0.0,0,0,0,0,0,0,0,0,0,0,0,0,0,0,0,350.347473,389.558411,434.24469,531.419189,462.560455,414.480164,375.475281,410.060638,457.098053,559.385498,485.954681,435.443268,389.967896,430.995117,480.434631,567.574646,463.055969,414.924194,382.953278,410.503784,457.592133,538.908264,439.669067,393.968628,37.786934,105480.255959,196.631536,155.312666,0,false,false,0.0,-204.888523,0,0.0,1.0,0.0
2,238,11.9,513.991067,-7.396895,514.283182,-7.567138,17473.940883,0.0,0.0,0.0,0.022445,0.033296,-135.1073,0.0,0.0,0.0,0.0,0.0,0.0,0,0,0,0,0,0,0,0,0,0,0,0,0,0,0,350.348389,389.560059,434.245728,531.419067,462.561462,414.480286,375.474823,410.059387,457.095795,559.381287,485.953827,435.441711,389.963196,430.992096,480.430389,567.578918,463.058258,414.925476,382.948425,410.503693,457.591156,538.914734,439.673218,393.971588,37.786976,105480.260764,197.276319,152.720822,0,false,false,0.0,-204.878523,0,0.0,1.0,0.0
2,239,11.95,513.989796,37293.4071,514.282401,37293.284737,17473.940878,0.054728,0.044318,0.006644,0.022504,0.033613,-135.107742,0.0,0.0,0.0,0.0,0.0,0.0,0,0,0,0,0,0,0,0,0,0,0,0,0,0,0,350.3479,389.560791,434.245514,531.417175,462.56308,414.480774,375.476135,410.058197,457.093414,559.376587,485.954285,435.441071,389.959015,430.989746,480.426636,567.58374,463.060669,414.926666,382.943604,410.503235,457.589569,538.920898,439.676819,393.973877,37.786983,105480.261566,198.072543,152.137999,0,false,false,0.0,-204.868523,0,0.0,1.0,0.0
2,240,12.0,513.989953,-7.397053,514.282758,-7.567495,17473.940914,-0.013201,-0.012645,0.00351,0.022175,0.031258,-135.108215,0.0,0.0,0.0,0.0,0.0,0.0,0,0,0,0,0,0,0,0,0,0,0,0,0,0,0,350.345245,389.55954,434.243042,531.412231,462.565125,414.481537,375.480133,410.057159,457.091064,559.371826,485.957031,435.442413,389.956543,430.989166,480.424744,567.588623,463.063049,414.927734,382.940399,410.502472,457.587555,538.924805,439.678497,393.974365,37.786945,105480.253221,198.943648,156.473125,0,false,false,0.0,-204.858523,0,0.0,1.0,0.0
2,241,12.05,513.98706,37293.409993,514.280569,37293.286926,17473.940878,0.090449,0.074126,0.01098,0.022486,0.034801,-135.108627,0.0,0.0,0.0,0.0,0.0,0.0,0,0,0,0,0,0,0,0,0,0,0,0,0,0,0,350.347076,389.5625,434.245331,531.413391,462.566559,414.481873,375.478699,410.055847,457.088562,559.367004,485.954987,435.439575,389.950134,430.984619,480.418579,567.593567,463.065643,414.929108,382.933289,410.502197,457.586182,538.93396,439.68454,393.978912,37.786983,105480.26481,199.726028,149.950607,0,false,false,0.0,-204.848523,0,0.0,1.0,0.0
2,242,12.1,513.987531,-7.397525,514.281186,-7.568112,17473.940922,0.039089,0.034902,0.004573,0.022096,0.03183,-135.109116,0.0,0.0,0.0,0.0,0.0,0.0,0,0,0,0,0,0,0,0,0,0,0,0,0,0,0,350.343933,389.560822,434.24234,531.407837,462.568665,414.482666,375.483276,410.05481,457.086243,559.362122,485.958221,435.441345,389.94809,430.984436,480.417145,567.598511,463.067993,414.930115,382.93045,410.501373,457.584076,538.937378,439.685791,393.978973,37.786938,105480.254443,200.610962,155.420478,0,false,false,0.0,-204.838523,0,0.0,1.0,0.0
2,243,12.15,513.985665,37293.41186,514.279753,37293.28836,17473.940925,0.0,0.0,0.0,0.022064,0.033512,-135.109528,0.0,0.0,0.0,0.0,0.0,0.0,0,0,0,0,0,0,0,0,0,0,0,0,0,0,0,350.344452,389.562531,434.243256,531.40741,462.570221,414.483154,375.483368,410.053711,457.084015,559.357788,485.95752,435.439789,389.943176,430.981201,480.412506,567.602966,463.070251,414.931244,382.924774,410.500916,457.582581,538.944519,439.690308,393.982147,37.786934,105480.259865,201.360645,152.323994,0,false,false,0.0,-204.828523,0,0.0,1.0,0.0
2,244,12.2,513.985125,-7.396984,514.279709,-7.568068,17473.940919,-0.00506,-0.008807,0.002356,0.022117,0.03228,-135.10997,0.0,0.0,0.0,0.0,0.0,0.0,0,0,0,0,0,0,0,0,0,0,0,0,0,0,0,350.342804,389.562134,434.24176,531.403748,462.57196,414.483673,375.486084,410.05249,457.081512,559.352844,485.95929,435.440277,389.93988,430.979858,480.409821,567.607971,463.072815,414.932495,382.921021,410.500397,457.580902,538.949402,439.69281,393.983429,37.786942,105480.255374,202.198449,154.593075,0,false,false,0.0,-204.818523,0,0.0,1.0,0.0
2,245,12.25,513.982456,37293.414529,514.277782,37293.290287,17473.940879,0.064692,0.048834,0.008019,0.022466,0.035302,-135.110367,0.0,0.0,0.0,0.0,0.0,0.0,0,0,0,0,0,0,0,0,0,0,0,0,0,0,0,350.344513,389.564789,434.243835,531.404785,462.573181,414.483917,375.484741,410.051208,457.079163,559.348328,485.957458,435.437714,389.93399,430.975739,480.404205,567.61261,463.075256,414.933807,382.914612,410.500214,457.579712,538.957703,439.698303,393.987518,37.786983,105480.265256,202.914383,149.029826,0,false,false,0.0,-204.808523,0,0.0,1.0,0.0
2,246,12.3,513.98311,-7.397639,514.278656,-7.568942,17473.940898,-0.004673,-0.00609,0.001597,0.02232,0.032288,-135.110703,0.0,0.0,0.0,0.0,0.0,0.0,0,0,0,0,0,0,0,0,0,0,0,0,0,0,0,350.341858,389.563049,434.241089,531.400146,462.574554,414.484406,375.488495,410.050415,457.077423,559.344849,485.960327,435.439514,389.933014,430.976166,480.403809,567.61615,463.076965,414.934631,382.913361,410.499725,457.578339,538.959351,439.698517,393.98703,37.786964,105480.255003,203.530464,154.578749,0,false,false,0.0,-204.798523,0,0.0,1.0,0.0
2,247,12.35,513.981363,37293.416276,514.277528,37293.291414,17473.940891,0.038757,0.031266,0.00469,0.022383,0.032974,-135.111191,0.0,0.0,0.0,0.0,0.0,0.0,0,0,0,0,0,0,0,0,0,0,0,0,0,0,0,350.341705,389.56427,434.241302,531.398438,462.576385,414.484924,375.489532,410.049011,457.074646,559.339417,485.960419,435.438446,389.927826,430.973083,480.399109,567.621704,463.079803,414.936035,382.907471,410.499237,457.576599,538.966858,439.703094,393.990051,37.786968,105480.257115,204.44225,153.316375,0,false,false,0.0,-204.788523,0,0.0,1.0,0.0
2,248,12.4,513.978594,-7.39487,514.275868,-7.567282,17473.940797,0.0,0.0,0.0,0.023232,0.035555,-135.111481,0.0,0.0,0.0,0.0,0.0,0.0,0,0,0,0,0,0,0,0,0,0,0,0,0,0,0,350.344086,389.567017,434.243713,531.40033,462.576782,414.48465,375.487183,410.047699,457.072479,559.335632,485.958191,435.43576,389.922455,430.969299,480.394165,567.62561,463.082031,414.937408,382.902344,410.499542,457.576233,538.973938,439.707947,393.993805,37.787064,105480.266055,204.949844,148.568494,0,false,false,0.0,-204.778523,0,0.0,1.0,0.0
2,249,12.45,513.978537,37293.416334,514.276178,37293.291105,17473.940811,0.041094,0.034099,0.004927,0.023127,0.033408,-135.111938,0.0,0.0,0.0,0.0,0.0,0.0,0,0,0,0,0,0,0,0,0,0,0,0,0,0,0,350.341797,389.56601,434.241516,531.395813,462.578613,414.48526,375.490692,410.046539,457.070068,559.330811,485.960632,435.43689,389.91983,430.968567,480.392151,567.630493,463.084473,414.938568,382.89917,410.498932,457.574432,538.978027,439.709778,393.994476,37.787048,105480.258598,205.790982,152.520952,0,false,false,0.0,-204.768523,0,0.0,1.0,0.0
2,250,12.5,513.978272,-7.394605,514.276338,-7.567442,17473.940817,-0.081995,-0.07754,0.023105,0.023083,0.031618,-135.112366,0.0,0.0,0.0,0.0,0.0,0.0,0,0,0,0,0,0,0,0,0,0,0,0,0,0,0,350.339935,389.565308,434.239716,531.391968,462.580261,414.485779,375.493652,410.04541,457.067749,559.326172,485.962646,435.437683,389.917053,430.967621,480.389984,567.635193,463.086792,414.939697,382.895966,410.498413,457.572784,538.982117,439.711761,393.995331,37.787045,105480.252319,206.576639,155.816903,0,false,false,0.0,-204.758523,0,0.0,1.0,0.0
2,251,12.55,513.976223,37293.418382,514.274597,37293.292845,17473.940839,0.10906,0.094956,0.013003,0.022866,0.033851,-135.112778,0.0,0.0,0.0,0.0,0.0,0.0,0,0,0,0,0,0,0,0,0,0,0,0,0,0,0,350.340637,389.567322,434.240997,531.391846,462.58197,414.486389,375.493561,410.044373,457.065582,559.321777,485.961639,435.435791,389.911804,430.96402,480.384888,567.639709,463.08905,414.940765,382.889679,410.497864,457.571136,538.989929,439.716736,393.998901,37.787022,105480.259465,207.354663,151.705431,0,false,false,0.0,-204.748523,0,0.0,1.0,0.0
2,252,12.6,513.976212,-7.394595,514.274824,-7.567669,17473.94087,0.006211,0.005985,0.000658,0.022583,0.031807,-135.113235,0.0,0.0,0.0,0.0,0.0,0.0,0,0,0,0,0,0,0,0,0,0,0,0,0,0,0,350.338287,389.566315,434.238831,531.387451,462.583923,414.487091,375.497131,410.043335,457.063293,559.317139,485.96402,435.436859,389.90921,430.963257,480.382874,567.644409,463.09137,414.941803,382.886414,410.497162,457.569214,538.994019,439.718567,393.999573,37.786991,105480.252188,208.190905,155.467263,0,false,false,0.0,-204.738523,0,0.0,1.0,0.0
2,253,12.65,513.973753,37293.420841,514.273123,37293.294545,17473.940829,0.0,0.0,0.0,0.022948,0.034322,-135.113632,0.0,0.0,0.0,0.0,0.0,0.0,0,0,0,0,0,0,0,0,0,0,0,0,0,0,0,350.339691,389.568665,434.240509,531.388,462.585144,414.487305,375.496155,410.042053,457.060913,559.312561,485.962555,435.434631,389.903625,430.959442,480.377594,567.649109,463.093811,414.943146,382.880371,410.496979,457.568054,539.001892,439.723724,394.003357,37.787033,105480.260428,208.910637,150.837836,0,false,false,0.0,-204.728523,0,0.0,1.0,0.0
2,254,12.7,513.973886,-7.394727,514.273567,-7.568112,17473.94085,-0.036007,-0.035104,0.010338,0.022776,0.031845,-135.114105,0.0,0.0,0.0,0.0,0.0,0.0,0,0,0,0,0,0,0,0,0,0,0,0,0,0,0,350.337036,389.567383,434.237976,531.382996,462.587097,414.488007,375.500153,410.040894,457.058441,559.307617,485.965363,435.436005,389.901123,430.958893,480.375763,567.654114,463.096313,414.944305,382.877258,410.496277,457.566101,539.005798,439.725372,394.003815,37.78701,105480.251664,209.786362,155.397471,0,false,false,0.0,-204.718523,0,0.0,0.0,0.0
2,255,12.75,513.972304,37293.422423,514.272285,37293.295827,17473.940873,0.083239,0.072608,0.009899,0.02255,0.033102,-135.114563,0.0,0.0,0.0,0.0,0.0,0.0,0,0,0,0,0,0,0,0,0,0,0,0,0,0,0,350.336884,389.568665,434.238312,531.381653,462.588989,414.488678,375.501099,410.039825,457.056122,559.302917,485.965271,435.434845,389.896332,430.955902,480.371246,567.658997,463.098694,414.945404,382.87146,410.495636,457.56427,539.012939,439.729736,394.006775,37.786987,105480.255399,210.62596,153.083664,0,false,false,0.0,-204.708523,0,0.0,0.0,0.0
2,256,12.8,513.971027,-7.39345,514.271678,-7.567505,17473.940844,-0.069609,-0.071856,0.021101,0.022821,0.033068,-135.114868,0.0,0.0,0.0,0.0,0.0,0.0,0,0,0,0,0,0,0,0,0,0,0,0,0,0,0,350.337006,389.569458,434.238495,531.380615,462.589905,414.4888,375.501495,410.038727,457.054138,559.299194,485.965271,435.434113,389.892822,430.953888,480.368195,567.662781,463.100708,414.946533,382.867859,410.495514,457.563385,539.017822,439.732666,394.008728,37.787018,105480.255478,211.205355,153.14826,0,false,false,0.0,-204.698523,0,0.0,0.0,0.0
2,257,12.85,513.970346,37293.423104,514.271448,37293.296057,17473.940847,0.024757,0.022505,0.002859,0.022798,0.032151,-135.115311,0.0,0.0,0.0,0.0,0.0,0.0,0,0,0,0,0,0,0,0,0,0,0,0,0,0,0,350.335724,389.569336,434.237335,531.377563,462.591583,414.489319,375.503784,410.037567,457.051788,559.294495,485.966675,435.434357,389.889435,430.952362,480.365356,567.667542,463.103088,414.947693,382.863983,410.495026,457.561737,539.022827,439.735352,394.010193,37.787014,105480.252062,212.000541,154.836695,0,false,false,0.0,-204.688523,0,0.0,0.0,0.0
2,258,12.9,513.967959,-7.391063,514.269545,-7.565602,17473.940845,0.0,0.0,0.0,0.022801,0.034875,-135.115723,0.0,0.0,0.0,0.0,0.0,0.0,0,0,0,0,0,0,0,0,0,0,0,0,0,0,0,350.336945,389.571747,434.239044,531.378052,462.593109,414.489777,375.503082,410.036469,457.0495,559.290039,485.96521,435.432068,389.883789,430.948395,480.359894,567.672119,463.105438,414.948853,382.857452,410.494598,457.560272,539.031006,439.740692,394.01413,37.787018,105480.260809,212.760474,149.821495,1,true,false,0.0,-204.678523,0,1.0,0.0,0.0
2,259,12.95,513.966898,37293.424165,514.269365,37293.296237,17473.940786,-0.025062,-0.030798,0.008745,0.023348,0.034131,-135.116058,0.0,0.0,0.0,0.0,0.0,0.0,0,0,0,0,0,0,0,0,0,0,0,0,0,0,0,350.336578,389.572052,434.238586,531.376099,462.593994,414.489807,375.504059,410.035156,457.047211,559.285828,485.965851,435.431854,389.880463,430.946808,480.357208,567.676392,463.107758,414.950165,382.85434,410.494598,457.559418,539.035461,439.743225,394.015656,37.787075,105480.258466,213.385342,151.193823,0,true,false,0.0,-204.668523,0,1.0,0.0,0.0
2,260,13.0,513.967576,-7.391741,514.270174,-7.566411,17473.940834,-0.02602,-0.020449,0.005999,0.022931,0.030701,-135.116531,0.0,0.0,0.0,0.0,0.0,0.0,0,0,0,0,0,0,0,0,0,0,0,0,0,0,0,350.333191,389.570099,434.235321,531.3703,462.596069,414.490601,375.508881,410.034149,457.044952,559.281128,485.96936,435.433868,389.878754,430.94693,480.356171,567.681152,463.110046,414.951172,382.851929,410.493805,457.557373,539.038391,439.74408,394.015411,37.787025,105480.24643,214.247075,157.506525,0,true,false,0.0,-204.658523,0,1.0,0.0,0.0
2,261,13.05,513.966427,37293.425314,514.269141,37293.29727,17473.940882,0.02384,0.023982,0.002895,0.022476,0.031284,-135.116989,0.0,0.0,0.0,0.0,0.0,0.0,0,0,0,0,0,0,0,0,0,0,0,0,0,0,0,350.332489,389.570862,434.235107,531.368286,462.598114,414.491425,375.510559,410.033203,457.042755,559.276611,485.969818,435.433228,389.874542,430.944427,480.352173,567.685852,463.112274,414.952148,382.846558,410.493011,457.555359,539.044922,439.747894,394.017883,37.78698,105480.24786,215.08833,156.431553,0,true,false,0.0,-204.648523,0,1.0,0.0,0.0
2,262,13.1,513.963913,-7.389227,514.267455,-7.564724,17473.940826,-0.373943,-0.364682,0.108546,0.022977,0.032887,-135.117249,0.0,0.0,0.0,0.0,0.0,0.0,0,0,0,0,0,0,0,0,0,0,0,0,0,0,0,350.334564,389.573456,434.237366,531.369934,462.598694,414.491333,375.508545,410.032104,457.040863,559.273132,485.967743,435.430725,389.869568,430.940826,480.347473,567.689331,463.114227,414.953308,382.841492,410.493103,457.55481,539.051697,439.752533,394.021454,37.787033,105480.254147,215.586241,153.482371,0,true,false,0.0,-204.638523,0,1.0,0.0,0.0
2,263,13.15,513.963437,37293.42579,514.267154,37293.297571,17473.940866,0.0,0.0,0.0,0.022623,0.031937,-135.117691,0.0,0.0,0.0,0.0,0.0,0.0,0,0,0,0,0,0,0,0,0,0,0,0,0,0,0,350.332977,389.573242,434.236084,531.366699,462.600616,414.492065,375.5112,410.031128,457.038696,559.268738,485.969238,435.43103,389.866425,430.939392,480.344727,567.693848,463.116425,414.954285,382.837494,410.492401,457.552948,539.05658,439.755127,394.022827,37.786995,105480.250491,216.391076,155.230237,0,true,false,0.0,-204.628523,0,0.0,0.0,0.0
2,264,13.2,513.962023,-7.387813,514.266296,-7.563866,17473.940851,-0.073484,-0.073527,0.0217,0.022758,0.032456,-135.118088,0.0,0.0,0.0,0.0,0.0,0.0,0,0,0,0,0,0,0,0,0,0,0,0,0,0,0,350.332855,389.574158,434.236176,531.365234,462.602051,414.492462,375.512054,410.029968,457.036407,559.264221,485.96936,435.430206,389.862213,430.93692,480.340912,567.698425,463.118774,414.955475,382.832764,410.492035,457.551544,539.062683,439.758789,394.025238,37.78701,105480.251971,217.133808,154.275544,0,true,false,0.0,-204.618523,0,0.0,0.0,0.0
2,265,13.25,513.961409,37293.426404,514.266314,37293.297552,17473.940827,-0.117836,-0.110145,0.032929,0.022994,0.031073,-135.118454,1.0,0.0,0.0,0.0,0.0,0.0,0,0,0,0,0,0,0,0,0,0,0,0,0,0,0,350.331787,389.573944,434.235107,531.362488,462.60321,414.492676,375.513916,410.028809,457.034241,559.260071,485.970642,435.430511,389.859344,430.93576,480.338684,567.702637,463.120972,414.956635,382.829834,410.491821,457.550385,539.06665,439.760864,394.026367,37.787033,105480.247273,217.794845,156.822843,0,true,false,0.0,-204.608523,0,0.0,0.0,0.0
2,266,13.3,513.961073,-7.387477,514.265713,-7.563265,17473.940931,0.032215,0.033765,0.004184,0.022033,0.030429,-135.118912,1.0,0.0,0.0,0.0,0.0,0.0,0,0,0,0,0,0,0,0,0,0,0,0,0,0,0,350.329987,389.573822,434.233887,531.359253,462.60556,414.493774,375.516876,410.028137,457.032379,559.25592,485.972107,435.430756,389.856262,430.934174,480.335754,567.706909,463.122894,414.957336,382.825256,410.490753,457.548096,539.071899,439.763641,394.027893,37.78693,105480.244436,218.633091,158.006162,0,true,false,0.0,-204.598523,0,0.0,0.0,0.0
2,267,13.35,513.959151,37293.428327,514.264093,37293.299172,17473.940952,0.080577,0.070219,0.009583,0.021807,0.03247,-135.119354,1.0,0.0,0.0,0.0,0.0,0.0,0,0,0,0,0,0,0,0,0,0,0,0,0,0,0,350.330383,389.575592,434.234833,531.358643,462.607422,414.494415,375.517181,410.027069,457.03009,559.251282,485.971436,435.429077,389.851044,430.930695,480.330688,567.71167,463.125244,414.958435,382.81897,410.490112,457.546295,539.079712,439.768555,394.031311,37.786907,105480.250785,219.460521,154.248427,0,true,false,0.0,-204.588523,0,0.0,0.0,0.0
2,268,13.4,513.957925,-7.386252,514.263489,-7.562661,17473.940927,0.0,0.0,0.0,0.022041,0.03253,-135.119766,1.0,0.0,0.0,0.0,0.0,0.0,0,0,0,0,0,0,0,0,0,0,0,0,0,0,0,350.329956,389.576202,434.234558,531.35675,462.608795,414.494751,375.518372,410.025848,457.02771,559.246765,485.971924,435.428558,389.847076,430.928528,480.327271,567.716309,463.127655,414.959686,382.814636,410.489807,457.544952,539.085327,439.771851,394.033417,37.786934,105480.250688,220.204683,154.138326,0,true,false,0.0,-204.578523,0,0.0,0.0,0.0
2,269,13.45,513.956131,37293.430121,514.262277,37293.300384,17473.940908,0.074452,0.06089,0.009031,0.022216,0.033877,-135.120178,1.0,0.0,0.0,0.0,0.0,0.0,0,0,0,0,0,0,0,0,0,0,0,0,0,0,0,350.330292,389.577667,434.235199,531.355835,462.610291,414.495148,375.518707,410.024628,457.02533,559.242126,485.971558,435.427246,389.842224,430.925507,480.322815,567.721069,463.130096,414.960938,382.809204,410.489441,457.543488,539.092346,439.776184,394.036407,37.786953,105480.254795,220.975603,151.659354,0,true,false,0.0,-204.568523,0,0.0,0.0,0.0
2,270,13.5,513.956065,-7.386185,514.262596,-7.56298,17473.940918,-0.045809,-0.046199,0.01356,0.022132,0.031758,-135.120636,1.0,0.0,1.0,0.0,0.0,0.0,0,0,0,0,0,0,0,0,0,0,0,0,0,0,0,350.328033,389.57666,434.233002,531.35144,462.612061,414.495758,375.522186,410.023468,457.022949,559.237305,485.973938,435.428345,389.83963,430.924774,480.320831,567.725952,463.132507,414.962097,382.806122,410.488861,457.541748,539.096313,439.777954,394.037048,37.786942,105480.247199,221.802248,155.561453,0,true,false,0.0,-204.558523,0,0.0,0.0,0.0
2,271,13.55,513.954221,37293.431964,514.26145,37293.301529,17473.940884,0.005268,-0.000052,0.000709,0.02244,0.032985,-135.121017,1.0,0.0,1.0,0.0,0.0,0.0,0,0,0,0,0,0,0,0,0,0,0,0,0,0,0,350.328583,389.578156,434.233765,531.350891,462.613312,414.496002,375.522186,410.022247,457.020599,559.232849,485.973419,435.426941,389.8349,430.921814,480.316528,567.73053,463.134888,414.963348,382.801056,410.488647,457.540527,539.102966,439.782135,394.039948,37.786976,105480.251117,222.514472,153.303988,0,true,false,0.0,-204.548523,0,0.0,0.0,0.0
2,272,13.6,513.954059,-7.386023,514.261624,-7.563154,17473.940904,-0.02063,-0.018962,0.005471,0.022265,0.031121,-135.12146,1.0,0.0,1.0,0.0,0.0,0.0,0,0,0,0,0,0,0,0,0,0,0,0,0,0,0,350.326538,389.577332,434.231842,531.346802,462.615112,414.496613,375.525421,410.021149,457.018311,559.228271,485.975586,435.427856,389.832214,430.920959,480.314423,567.735229,463.137238,414.964447,382.797791,410.488037,457.538788,539.107117,439.784088,394.040741,37.786957,105480.244357,223.323566,156.734825,0,true,false,0.0,-204.538523,0,0.0,0.0,0.0
2,273,13.65,513.952319,37293.433705,514.260196,37293.302958,17473.940924,0.0,0.0,0.0,0.022073,0.032722,-135.121887,1.0,0.0,1.0,0.0,0.0,0.0,0,0,0,0,0,0,0,0,0,0,0,0,0,0,0,350.326721,389.578857,434.232544,531.345947,462.616882,414.497223,375.52594,410.020111,457.016052,559.223694,485.975159,435.426422,389.827301,430.917755,480.309753,567.739868,463.139526,414.965546,382.791901,410.487457,457.537048,539.11438,439.788605,394.043884,37.786938,105480.249235,224.126877,153.785996,0,true,false,0.0,-204.528523,0,0.0,0.0,0.0
2,274,13.7,513.949902,-7.383607,514.258796,-7.561754,17473.940843,-0.035946,-0.044825,0.012754,0.02281,0.034683,-135.122177,1.0,0.0,1.0,0.0,0.0,0.0,0,0,0,0,0,0,0,0,0,0,0,0,0,0,0,350.328583,389.581146,434.234406,531.347107,462.617401,414.49704,375.5242,410.018829,457.013947,559.219971,485.973419,435.424225,389.822418,430.914429,480.305267,567.743713,463.141693,414.966858,382.78717,410.487671,457.536591,539.120911,439.792999,394.047211,37.787018,105480.256025,224.645639,150.179939,0,true,false,0.0,-204.518523,0,0.0,0.0,0.0
2,275,13.75,513.948943,37293.434663,514.258454,37293.303301,17473.940824,0.049818,0.039509,0.006076,0.022999,0.034098,-135.122559,1.0,0.0,1.0,0.0,0.0,0.0,0,0,0,0,0,0,0,0,0,0,0,0,0,0,0,350.327942,389.581421,434.233856,531.344971,462.618652,414.497345,375.525635,410.01767,457.011719,559.215698,485.974213,435.424042,389.819,430.91272,480.302399,567.748047,463.143982,414.968048,382.783539,410.487396,457.53537,539.125732,439.795746,394.048859,37.787037,105480.253932,225.336615,151.257561,0,true,false,0.0,-204.508523,0,0.0,0.0,0.0
2,276,13.8,513.949284,-7.383947,514.259119,-7.562419,17473.940847,-0.109977,-0.103413,0.030883,0.022813,0.031134,-135.123001,1.0,0.0,1.0,0.0,0.0,0.0,0,0,0,0,0,0,0,0,0,0,0,0,0,0,0,350.325165,389.579895,434.231079,531.339844,462.620453,414.497955,375.529724,410.016571,457.009399,559.21106,485.977203,435.425659,389.816986,430.912537,480.301086,567.752808,463.146301,414.969147,382.781097,410.486786,457.533569,539.128906,439.796875,394.04895,37.787014,105480.243513,226.150832,156.713418,0,true,false,0.0,-204.498523,0,0.0,0.0,0.0
2,277,13.85,513.945695,37293.438252,514.256518,37293.305902,17473.940769,-0.076578,-0.085431,0.024846,0.02349,0.035661,-135.123291,1.0,0.0,1.0,0.0,0.0,0.0,0,0,0,0,0,0,0,0,0,0,0,0,0,0,0,350.328644,389.583893,434.234863,531.343323,462.621033,414.497833,375.526093,410.015289,457.007263,559.207214,485.973602,435.421753,389.810364,430.90744,480.294647,567.756714,463.148499,414.970459,382.774261,410.486969,457.533051,539.137939,439.803253,394.054047,37.78709,105480.258776,226.692075,148.382595,0,true,false,0.0,-204.488523,0,0.0,0.0,0.0
2,278,13.9,513.946716,-7.384968,514.257984,-7.563885,17473.940772,0.0,0.0,0.0,0.023508,0.031036,-135.123718,1.0,0.0,1.0,0.0,0.0,0.0,0,0,0,0,0,0,0,0,0,0,0,0,0,0,0,350.324921,389.581268,434.230927,531.336853,462.622681,414.498322,375.531281,410.01413,457.004913,559.202576,485.977753,435.424438,389.809387,430.908386,480.294556,567.761475,463.150879,414.971588,382.773224,410.48645,457.531433,539.139526,439.803131,394.053009,37.78709,105480.242989,227.485282,156.896955,0,true,false,0.0,-204.478523,0,0.0,0.0,0.0
2,279,13.95,513.945904,37293.439064,514.257427,37293.306459,17473.940803,0.030635,0.035359,0.004526,0.023234,0.030619,-135.1241,1.0,0.0,1.0,0.0,0.0,0.0,0,0,0,0,0,0,0,0,0,0,0,0,0,0,0,350.324097,389.581604,434.230408,531.334717,462.624237,414.498871,375.532898,410.013214,457.00296,559.198608,485.978485,435.424225,389.806122,430.906616,480.291595,567.765503,463.152863,414.972534,382.769257,410.485901,457.529877,539.14447,439.805939,394.054718,37.78706,105480.241304,228.183441,157.665109,0,true,false,0.0,-204.468523,0,0.0,0.0,0.0
2,280,14.0,513.944087,-7.383151,514.256101,-7.562559,17473.940796,-0.084828,-0.081444,0.024212,0.023274,0.032083,-135.124527,1.0,0.0,1.0,0.0,0.0,0.0,0,0,0,0,0,0,0,0,0,0,0,0,0,0,0,350.324432,389.58313,434.23111,531.333862,462.625854,414.499359,375.533264,410.012054,457.00061,559.19397,485.978027,435.422821,389.801178,430.903473,480.286987,567.770264,463.155273,414.973724,382.76355,410.485443,457.52832,539.151672,439.810425,394.0578,37.787064,105480.245812,228.971952,154.969485,0,true,false,0.0,-204.458523,0,0.0,0.0,0.0
2,281,14.05,513.942661,37293.440491,514.25516,37293.3074,17473.940794,-0.023283,-0.02458,0.007077,0.02329,0.032729,-135.125,1.0,0.0,1.0,0.0,-0.559944,0.0,0,0,0,0,0,0,0,0,0,0,0,0,0,0,0,350.323975,389.584015,434.230988,531.331909,462.627655,414.499939,375.534607,410.010803,456.998047,559.188904,485.978424,435.422028,389.796539,430.900818,480.282806,567.775391,463.157898,414.975006,382.758179,410.484924,457.526581,539.158447,439.814453,394.060425,37.787067,105480.247342,229.838304,153.780497,0,true,false,0.0,-204.448523,0,0.0,0.0,0.0
2,282,14.1,513.942074,-7.382564,514.254808,-7.562207,17473.940828,-0.025939,-0.02488,0.007262,0.02298,0.031901,-135.125458,1.0,0.0,1.0,0.0,0.0,0.419958,0,0,0,0,0,0,0,0,0,0,0,0,0,0,0,350.322418,389.583862,434.229736,531.328552,462.629639,414.500641,375.537292,410.009766,456.995728,559.184204,485.979919,435.422302,389.793121,430.8992,480.279785,567.780273,463.160248,414.976105,382.753876,410.484192,457.524628,539.163818,439.817291,394.061981,37.787033,105480.243909,230.692475,155.30434,0,true,false,0.0,-204.438523,0,0.0,0.0,0.0
2,283,14.15,513.940404,37293.442161,514.253892,37293.308315,17473.940791,0.0,0.0,0.0,0.023326,0.03264,-135.125839,1.0,0.0,1.0,0.0,0.0,0.0,0,0,0,0,0,0,0,0,0,0,0,0,0,0,0,350.322723,389.585052,434.230194,531.327637,462.630829,414.500854,375.537567,410.008484,456.993378,559.179688,485.979706,435.421204,389.788666,430.896545,480.275848,567.784851,463.162659,414.977386,382.749207,410.484039,457.523499,539.169983,439.821106,394.064575,37.787071,105480.24619,231.395386,153.945062,0,true,false,0.0,-204.428523,0,0.0,0.0,0.0
2,284,14.2,513.940174,-7.382335,514.253784,-7.562099,17473.940841,0.010826,0.013363,0.001696,0.022861,0.031233,-135.126297,1.0,0.0,1.0,0.0,0.0,0.0,0,0,0,0,0,0,0,0,0,0,0,0,0,0,0,350.320709,389.584473,434.228455,531.32373,462.632874,414.501648,375.540771,410.007507,456.99118,559.17511,485.981659,435.421875,389.785736,430.895386,480.273376,567.78949,463.164886,414.978363,382.745392,410.483246,457.521484,539.174683,439.823425,394.065674,37.787022,105480.240766,232.238046,156.534625,0,true,false,0.0,-204.418523,0,0.0,0.0,0.0
2,285,14.25,513.93865,37293.443685,514.25267,37293.309429,17473.940852,0.042762,0.038785,0.004989,0.022755,0.032206,-135.126724,1.0,0.0,1.0,0.0,0.0,0.0,0,0,0,0,0,0,0,0,0,0,0,0,0,0,0,350.320618,389.585632,434.22876,531.322388,462.634521,414.502197,375.541626,410.006409,456.988892,559.170593,485.981628,435.420837,389.781219,430.892609,480.269165,567.794128,463.167236,414.979523,382.740082,410.482727,457.519867,539.181335,439.827484,394.06839,37.78701,105480.243542,233.023894,154.742983,0,true,false,0.0,-204.408523,0,0.0,0.0,0.0
2,286,14.3,513.937271,-7.380956,514.251952,-7.561382,17473.940824,-0.056563,-0.056413,0.016632,0.023002,0.032456,-135.127106,1.0,0.0,1.0,0.0,0.0,0.0,0,0,0,0,0,0,0,0,0,0,0,0,0,0,0,350.320618,389.586517,434.228851,531.321106,462.635712,414.502441,375.542267,410.005219,456.986664,559.166321,485.98172,435.420044,389.777252,430.89032,480.265686,567.798523,463.169525,414.980713,382.73587,410.482513,457.518707,539.186951,439.830841,394.070618,37.787037,105480.244192,233.703675,154.284414,0,true,false,0.0,-204.398523,0,0.0,0.0,0.0
2,287,14.35,513.935894,37293.445063,514.250916,37293.310466,17473.940844,0.045563,0.038097,0.005459,0.022822,0.033183,-135.127518,1.0,0.0,1.0,0.0,0.0,0.0,0,0,0,0,0,0,0,0,0,0,0,0,0,0,0,350.320343,389.587494,434.228973,531.31958,462.637421,414.503021,375.543335,410.004181,456.984436,559.161865,485.981842,435.419159,389.772949,430.887726,480.261658,567.80304,463.171783,414.981812,382.730713,410.481964,457.517059,539.193359,439.834717,394.073181,37.787018,105480.246118,234.484142,152.944931,0,true,false,0.0,-204.388523,0,0.0,0.0,0.0
2,288,14.4,513.935967,-7.38103,514.251458,-7.561924,17473.940842,0.0,0.0,0.0,0.022858,0.030633,-135.127991,1.0,0.0,1.0,0.0,0.0,0.0,0,0,0,0,0,0,0,0,0,0,0,0,0,0,0,350.31781,389.586212,434.22644,531.314636,462.639221,414.503571,375.54715,410.00293,456.981903,559.15686,485.984619,435.420563,389.770447,430.887207,480.259918,567.808167,463.174347,414.983063,382.727844,410.481415,457.515289,539.197144,439.836273,394.073578,37.787018,105480.236861,235.341484,157.640018,0,true,false,0.0,-204.378523,0,0.0,0.0,0.0
2,289,14.45,513.933872,37293.447157,514.250057,37293.311867,17473.940809,-0.049071,-0.048462,0.014296,0.023157,0.032375,-135.128357,1.0,0.0,1.0,0.0,0.0,0.0,0,0,0,0,0,0,0,0,0,0,0,0,0,0,0,350.318848,389.588104,434.227722,531.314819,462.64035,414.503784,375.54657,410.00174,456.979675,559.152649,485.983582,435.418762,389.765503,430.883942,480.25531,567.8125,463.176636,414.984283,382.722534,410.481232,457.514191,539.204102,439.840759,394.076843,37.787052,105480.242583,236.00948,154.434019,0,true,false,0.0,-204.368523,0,0.0,0.0,0.0
2,290,14.5,513.934897,-7.382055,514.251021,-7.562888,17473.940884,-0.07193,-0.056641,0.017283,0.022485,0.028477,-135.128799,1.0,0.0,1.0,0.0,-0.209979,0.139986,0,0,0,0,0,0,0,0,0,0,0,0,0,0,0,350.315094,389.585846,434.224121,531.308655,462.642487,414.504669,375.551788,410.000916,456.977661,559.148376,485.987366,435.421112,389.764404,430.884491,480.254791,567.816833,463.17865,414.985077,382.720612,410.480316,457.512085,539.206299,439.841095,394.076202,37.786976,105480.228586,236.830681,161.609033,0,true,false,0.0,-204.358523,0,0.0,0.0,0.0
2,291,14.55,513.931454,37293.450601,514.248034,37293.314854,17473.940884,0.078496,0.066362,0.009428,0.022437,0.033555,-135.129211,1.0,0.0,1.0,0.0,0.0,0.0,0,0,0,0,0,0,0,0,0,0,0,0,0,0,0,350.317841,389.589813,434.227631,531.31134,462.644043,414.505157,375.549255,409.999847,456.975464,559.143982,485.984131,435.417267,389.757294,430.878998,480.247589,567.82135,463.180969,414.986237,382.712311,410.479889,457.51062,539.216614,439.848206,394.081665,37.786976,105480.24535,237.583455,152.260153,0,true,false,0.0,-204.348523,0,0.0,0.0,0.0
2,292,14.6,513.930985,-7.381586,514.248176,-7.563031,17473.940861,-0.093972,-0.091545,0.027166,0.022662,0.031927,-135.129562,1.0,0.0,1.0,0.0,0.0,0.0,0,0,0,0,0,0,0,0,0,0,0,0,0,0,0,350.316589,389.589417,434.226318,531.30835,462.645233,414.505402,375.551331,409.998688,456.973297,559.139893,485.985626,435.417755,389.754639,430.878021,480.245605,567.825562,463.183136,414.987396,382.709625,410.479675,457.50946,539.220337,439.850067,394.082581,37.786999,105480.239726,238.242295,155.257562,0,true,false,0.0,-204.338523,0,0.0,0.0,0.0
2,293,14.65,513.929205,37293.452381,514.246766,37293.316265,17473.940875,0.0,0.0,0.0,0.02252,0.033491,-135.13002,1.0,0.0,1.0,0.0,0.0,0.0,0,0,0,0,0,0,0,0,0,0,0,0,0,0,0,350.316772,389.590942,434.226959,531.307373,462.647064,414.506042,375.551941,409.997589,456.970947,559.135132,485.98526,435.416351,389.749603,430.874817,480.240814,567.830444,463.185577,414.988556,382.703613,410.479065,457.50769,539.227844,439.854675,394.085754,37.786987,105480.244292,239.076848,152.37852,0,true,false,0.0,-204.328523,0,0.0,0.0,0.0
2,294,14.7,513.929579,-7.381959,514.247317,-7.563582,17473.940899,-0.010156,-0.006914,0.002175,0.022324,0.031108,-135.130356,1.0,0.0,1.0,0.0,0.0,0.0,0,0,0,0,0,0,0,0,0,0,0,0,0,0,0,350.314514,389.589661,434.224762,531.303406,462.648438,414.506531,375.555176,409.996796,456.969269,559.131714,485.98764,435.417694,389.748291,430.874817,480.23999,567.833862,463.187256,414.989319,382.701904,410.478577,457.506317,539.22998,439.855377,394.085693,37.786961,105480.235834,239.682606,156.765725,0,true,false,0.0,-204.318523,0,0.0,0.0,0.0
2,295,14.75,513.927322,37293.454638,514.245754,37293.317828,17473.94088,0.02802,0.021913,0.003402,0.022491,0.032885,-135.130859,1.0,0.0,1.0,0.0,0.0,0.0,0,0,0,0,0,0,0,0,0,0,0,0,0,0,0,350.315033,389.591522,434.225647,531.30249,462.650269,414.50705,375.555481,409.995331,456.96637,559.126099,485.98703,435.415955,389.742279,430.871002,480.234406,567.839661,463.190216,414.990845,382.695129,410.478119,457.504547,539.238647,439.860809,394.089447,37.78698,105480.241201,240.623948,153.495691,0,true,false,0.0,-204.308523,0,0.0,0.0,0.0
2,296,14.8,513.927379,-7.382016,514.246109,-7.563937,17473.940903,-0.03703,-0.032752,0.00973,0.022278,0.030609,-135.131317,1.0,0.0,1.0,0.0,0.0,0.0,0,0,0,0,0,0,0,0,0,0,0,0,0,0,0,350.312592,389.590393,434.223328,531.297913,462.652161,414.50769,375.559174,409.994232,456.96405,559.121338,485.989594,435.417175,389.739807,430.870392,480.232544,567.844482,463.192596,414.991943,382.692078,410.477448,457.502686,539.242554,439.862488,394.089996,37.786957,105480.232822,241.459496,157.684391,0,true,false,0.0,-204.298523,0,0.0,0.0,0.0
2,297,14.85,513.924891,37293.457126,514.244096,37293.319841,17473.940899,0.078706,0.065979,0.009473,0.022296,0.03362,-135.13176,1.0,0.0,1.0,0.0,0.0,0.0,0,0,0,0,0,0,0,0,0,0,0,0,0,0,0,350.313812,389.592926,434.225098,531.29834,462.653839,414.50824,375.558502,409.993073,456.96167,559.116638,485.988098,435.414795,389.733856,430.866241,480.226776,567.849365,463.195068,414.993164,382.68515,410.47699,457.501068,539.251221,439.868134,394.094116,37.786961,105480.242285,242.270881,152.141751,0,true,false,0.0,-204.288523,0,0.0,0.0,0.0
2,298,14.9,513.923781,-7.380907,514.243625,-7.563465,17473.940855,0.0,0.0,0.0,0.022707,0.033745,-135.132004,1.0,0.0,1.0,0.0,0.0,0.0,0,0,0,0,0,0,0,0,0,0,0,0,0,0,0,350.314056,389.593628,434.225311,531.297607,462.65448,414.50824,375.558655,409.992126,456.959991,559.113586,485.988007,435.414154,389.730957,430.864594,480.224304,567.852478,463.196747,414.99411,382.682343,410.47699,457.500458,539.255127,439.870514,394.095734,37.787006,105480.242689,242.724154,151.913746,0,true,false,0.0,-204.278523,0,0.0,0.0,0.0
2,299,14.95,513.9233,37293.457606,514.243617,37293.319849,17473.940872,0.016465,0.014861,0.001883,0.022563,0.031949,-135.132553,1.0,0.0,1.0,0.0,0.0,0.0,0,0,0,0,0,0,0,0,0,0,0,0,0,0,0,350.311829,389.592957,434.223297,531.292969,462.656708,414.508972,375.562256,409.990723,456.957062,559.107666,485.990356,435.414948,389.727173,430.863098,480.221222,567.858459,463.199738,414.995544,382.677826,410.476257,457.49826,539.260925,439.873413,394.097107,37.786987,105480.235857,243.749475,155.219377,0,true,false,0.0,-204.268523,0,0.0,0.0,0.0
2,300,15.0,513.923595,-7.381201,514.244026,-7.563875,17473.94092,-0.08887,-0.078387,0.02364,0.022134,0.029422,-135.133011,1.0,0.0,1.0,0.0,0.0,0.0,0,0,0,0,0,0,0,0,0,0,0,0,0,0,0,350.309082,389.591644,434.220764,531.288086,462.658691,414.509766,375.566284,409.989777,456.954895,559.10321,485.993134,435.416351,389.725037,430.862701,480.219604,567.863037,463.201904,414.99649,382.674957,410.475464,457.496307,539.264404,439.874817,394.097412,37.786942,105480.226507,244.573268,159.869862,0,true,false,0.0,-204.258523,0,0.0,0.0,0.0
2,301,15.05,513.920706,37293.460495,514.241891,37293.321983,17473.940878,0.00405,-0.000855,0.000592,0.0225,0.032902,-135.133438,1.0,0.0,1.0,0.0,0.0,0.0,0,0,0,0,0,0,0,0,0,0,0,0,0,0,0,350.310913,389.594543,434.223022,531.289185,462.660095,414.51004,375.56485,409.988434,456.952362,559.098328,485.991119,435.413574,389.718628,430.858215,480.213501,567.868042,463.204559,414.997894,382.667908,410.47522,457.494995,539.273499,439.880829,394.101898,37.786983,105480.237749,245.357483,153.466159,0,true,false,0.0,-204.248523,0,0.0,0.0,0.0
2,302,15.1,513.919615,-7.380109,514.241253,-7.563236,17473.94088,0.023985,0.018017,0.002937,0.022478,0.032928,-135.133865,1.0,0.0,1.0,0.0,0.0,0.0,0,0,0,0,0,0,0,0,0,0,0,0,0,0,0,350.310211,389.595032,434.222534,531.286987,462.661743,414.510559,375.566467,409.987274,456.950012,559.093689,485.991852,435.413177,389.714691,430.856079,480.209991,567.872803,463.20694,414.999054,382.663361,410.474731,457.493378,539.279297,439.884155,394.103973,37.78698,105480.237195,246.150525,153.418092,0,true,false,0.026673,-204.238523,0,0.0,0.0,0.0
2,303,15.15,513.919726,37293.460384,514.241562,37293.321674,17473.940919,0.0,0.0,0.0,0.022133,0.030657,-135.134323,1.0,0.0,1.0,0.0,0.0,0.0,0,0,0,0,0,0,0,0,0,0,0,0,0,0,0,350.307678,389.593903,434.220184,531.282288,462.663727,414.511322,375.570282,409.986267,456.947723,559.088989,485.994446,435.414429,389.71225,430.855438,480.208099,567.877563,463.209259,415.000092,382.660187,410.473999,457.491425,539.283264,439.885864,394.104523,37.786942,105480.22875,247.000042,157.59713,0,true,false,0.058435,-204.228523,0,0.0,0.0,0.0
2,304,15.2,513.920714,-7.381098,514.242449,-7.564123,17473.940997,-0.088444,-0.068884,0.021117,0.021446,0.026885,-135.134766,1.0,0.0,1.0,0.0,0.0,0.0,0,0,0,0,0,0,0,0,0,0,0,0,0,0,0,350.303986,389.591705,434.216705,531.276245,462.665894,414.512238,375.575439,409.985474,456.94574,559.084778,485.998169,435.416718,389.71109,430.855927,480.207489,567.881897,463.211243,415.000885,382.658142,410.473053,457.489258,539.285583,439.886322,394.103973,37.786865,105480.214901,247.820517,164.53826,0,true,false,0.090452,-204.218523,0,0.0,0.0,0.0
2,305,15.25,513.922739,37293.458359,514.243366,37293.320757,17473.94121,-0.080642,-0.045702,0.016239,0.019446,0.022286,-135.135117,1.0,0.0,1.0,0.0,0.0,0.0,0,0,0,0,0,0,0,0,0,0,0,0,0,0,0,350.2995,389.588928,434.212799,531.270142,462.668396,414.513733,375.58139,409.985596,456.945068,559.08252,486.002258,435.419556,389.711853,430.857361,480.208191,567.884216,463.211945,415.000732,382.657074,410.471588,457.486755,539.285828,439.885437,394.102448,37.786652,105480.197788,248.458286,172.996649,0,true,false,0.1229,-204.208523,0,0.0,0.0,0.0
2,306,15.3,513.929504,-7.387863,514.245617,-7.566374,17473.941859,-0.132037,-0.014552,0.020732,0.013528,0.011967,-135.135452,1.0,0.0,1.0,0.0,0.0,0.0,0,0,0,0,0,0,0,0,0,0,0,0,0,0,0,350.288727,389.581696,434.203949,531.257996,462.673615,414.51767,375.594818,409.988251,456.947174,559.08374,486.01123,435.426819,389.718964,430.863281,480.213928,567.882996,463.209808,414.998077,382.658813,410.467621,457.481537,539.279968,439.879517,394.096436,37.786003,105480.157095,249.091271,191.970492,0,true,false,0.154109,-204.198523,0,0.0,0.0,0.0
2,307,15.35,513.932918,37293.454946,514.245765,37293.320609,17473.903552,0.0,0.0,2.537215,0.009466,0.008049,-135.135681,1.0,0.0,1.0,0.0,0.0,0.0,0,0,0,0,0,0,0,0,0,0,0,0,0,0,0,350.283112,389.578674,434.200073,531.25238,462.677338,414.520477,375.601898,409.990204,456.948822,559.084778,486.015259,435.429901,389.722137,430.865417,480.215729,567.881958,463.208191,414.996124,382.657715,410.464813,457.477844,539.278503,439.877594,394.094238,37.82431,105480.140218,249.520159,199.127123,0,true,false,0.187406,-204.188523,0,0.0,0.0,0.0
2,308,15.4,513.932918,-7.387863,514.245765,-7.566374,17473.548641,0.0,0.0,10.942468,0.009466,0.008049,-135.135681,1.0,0.0,1.0,0.0,0.0,0.0,0,0,0,0,0,0,0,0,0,0,0,0,0,0,0,350.283112,389.578674,434.200073,531.25238,462.677338,414.520477,375.601898,409.990204,456.948822,559.084778,486.015259,435.429901,389.722137,430.865417,480.215729,567.881958,463.208191,414.996124,382.657715,410.464813,457.477844,539.278503,439.877594,394.094238,38.179218,105480.140168,249.520218,198.772212,0,true,false,0.219414,-204.178523,0,0.0,0.0,0.0
2,309,15.45,513.932918,37293.454946,514.245765,37293.320609,17472.708054,0.0,0.0,20.316765,0.009466,0.008049,-135.135681,1.0,0.0,1.0,0.0,0.0,0.0,0,0,0,0,0,0,0,0,0,0,0,0,0,0,0,350.283112,389.578674,434.200073,531.25238,462.677338,414.520477,375.601898,409.990204,456.948822,559.084778,486.015259,435.429901,389.722137,430.865417,480.215729,567.881958,463.208191,414.996124,382.657715,410.464813,457.477844,539.278503,439.877594,394.094238,39.019806,105480.14005,249.520357,197.931625,0,true,false,0.252093,-204.168523,0,0.0,0.0,0.0
2,310,15.5,514.163056,-7.618001,514.474892,-7.795501,17471.583676,-9.003294,-8.963717,16.722441,0.009466,0.008049,-135.135681,1.0,0.0,1.0,0.0,0.0,0.0,0,0,0,0,0,0,0,0,0,0,0,0,0,0,0,349.958435,389.242676,433.825592,530.794189,462.678162,414.52124,375.990753,409.990967,456.949646,559.085815,486.390747,435.766327,390.046844,431.201416,480.59021,567.88092,463.207367,414.995361,383.042938,410.46405,457.47699,538.818115,439.502106,393.757812,40.144184,105479.815142,249.520489,196.807292,0,true,false,0.284794,-204.158523,0,0.0,0.0,0.0
2,311,15.55,515.013608,37292.604393,515.321705,37292.473795,17471.267132,-22.250824,-22.153013,1.070784,0.009466,0.008049,-135.135681,1.0,0.0,1.0,0.0,0.0,0.0,0,0,0,0,0,0,0,0,0,0,0,0,0,0,0,348.758362,388.000916,432.441589,529.10083,462.681244,414.523987,377.427826,409.993713,456.952698,559.089539,487.778564,437.009674,391.246887,432.443207,481.974213,567.877197,463.204285,414.992615,384.466675,410.461304,457.473938,537.11676,438.114319,392.514465,40.460728,105478.614876,249.520343,196.490917,0,true,false,0.316839,-204.148523,0,0.0,0.0,0.0
2,312,15.6,516.565795,-9.170188,516.867069,-9.340864,17471.503316,-37.437267,-37.272701,-7.680334,0.009466,0.008049,-135.135681,1.0,0.0,1.0,0.0,0.0,0.0,0,0,0,0,0,0,0,0,0,0,0,0,0,0,0,346.568359,385.734772,429.915894,526.01062,462.686829,414.528992,380.050354,409.998718,456.958282,559.096375,490.311157,439.278687,393.43689,434.70932,484.499908,567.8703,463.1987,414.98761,387.06485,410.456299,457.468353,534.011841,435.581696,390.245453,40.224545,105476.424605,249.519942,196.727409,0,true,false,0.348546,-204.138523,0,0.0,0.0,0.0
2,313,15.65,519.118091,37290.052097,519.408146,37289.932719,17472.008686,-56.02599,-55.779709,-9.855051,0.009466,0.008049,-135.135681,1.0,0.0,1.0,0.0,0.0,0.0,0,0,0,0,0,0,0,0,0,0,0,0,0,0,0,342.967285,382.008545,425.762848,520.92926,462.696014,414.537201,384.36264,410.006958,456.967468,559.107605,494.475586,443.009644,397.037964,438.435577,488.652954,567.85907,463.189514,414.97937,391.337128,410.448059,457.459167,528.906372,431.417267,386.514465,39.719173,105472.823109,249.519263,197.233284,0,true,false,0.382249,-204.128523,0,0.0,0.0,0.0
2,314,15.7,522.409251,-12.461348,522.684838,-12.617557,17472.342055,-75.696877,-75.364136,-4.207404,0.009466,0.008049,-135.135681,1.0,0.0,1.0,0.0,0.0,0.0,0,0,0,0,0,0,0,0,0,0,0,0,0,0,0,338.323761,377.203583,420.407532,514.376953,462.707855,414.547821,389.923279,410.017578,456.979309,559.122131,499.845581,447.82074,401.681488,443.24054,494.00824,567.844543,463.177673,414.968781,396.70459,410.437439,457.447327,522.322876,426.047272,381.7034,39.385807,105468.178972,249.51844,197.567305,0,true,false,0.413414,-204.118523,0,0.0,0.0,0.0
2,315,15.75,526.934161,37285.527186,527.189858,37285.427698,17472.227689,-98.564613,-98.131348,7.314849,0.009466,0.008049,-135.135681,1.0,0.0,1.0,0.0,0.0,0.0,0,0,0,0,0,0,0,0,0,0,0,0,0,0,0,331.939484,370.597382,413.044708,505.368378,462.724152,414.562439,397.56842,410.032196,456.995605,559.142029,507.228607,454.435303,408.065765,449.84671,501.371094,567.824585,463.161377,414.954163,396.69046,410.422821,457.431061,513.271484,418.664246,375.088806,39.500172,105461.793815,249.517404,197.453836,0,true,false,0.445939,-204.108523,0,0.0,0.0,0.0
2,316,15.8,532.886629,-18.413816,533.11616,-18.543859,17471.234901,-125.04274,-124.49308,27.32786,0.009466,0.008049,-135.135681,1.0,0.0,1.0,0.0,0.0,0.0,0,0,0,0,0,0,0,0,0,0,0,0,0,0,0,323.541077,361.907013,403.358978,493.5177,462.745605,414.581635,400.200562,410.051422,457.017029,559.168274,516.940857,463.136719,416.464172,458.537079,511.056824,567.798279,463.139954,414.934967,396.671875,410.403625,457.409637,501.364471,408.951965,366.38739,40.492958,105453.394096,249.51618,196.462228,0,true,false,0.479355,-204.098523,0,0.0,0.0,0.0
2,317,15.85,540.051847,37278.361969,540.249881,37278.293978,17469.033188,-153.497437,-152.822693,53.930096,0.009466,0.008049,-135.135681,1.0,0.0,1.0,0.0,0.0,0.0,0,0,0,0,0,0,0,0,0,0,0,0,0,0,0,313.431549,351.446106,391.69986,479.252533,462.771393,414.604767,400.22287,410.074554,457.042816,559.199829,528.631897,473.610931,426.5737,468.998016,522.715942,567.766663,463.114136,414.911865,396.649536,410.380493,457.38385,487.031555,397.260925,355.913177,42.694672,105443.282886,249.514873,194.261935,0,true,false,0.511743,-204.088523,0,0.0,0.0,0.0
2,318,15.9,548.457274,-26.819242,548.61836,-26.912337,17465.379867,-184.365311,-183.554871,88.502068,0.009466,0.008049,-135.135681,1.0,0.0,1.0,0.0,0.0,0.0,0,0,0,0,0,0,0,0,0,0,0,0,0,0,0,301.572235,339.1745,378.022736,462.51828,462.801666,414.631866,400.249054,410.101685,457.073059,559.236816,542.346558,485.898132,438.433014,481.269592,536.393066,567.729553,463.083862,411.658875,396.623291,410.353363,457.353607,470.217773,383.546295,343.626007,46.347992,105431.421403,249.513516,190.61028,0,true,false,0.543166,-204.078523,0,0.0,0.0,0.0
2,319,15.95,556.593138,37270.226105,556.71846,37270.193877,17461.00414,-211.572922,-210.642899,120.537361,0.009466,0.008049,-135.135681,1.0,0.0,1.0,0.0,0.0,0.0,0,0,0,0,0,0,0,0,0,0,0,0,0,0,0,290.093231,327.296478,364.78421,446.320709,462.830963,414.658112,400.274384,399.683624,457.102356,559.272644,555.621338,497.79126,449.912018,493.147644,549.631592,567.693665,463.054596,390.704041,396.597931,410.327087,457.324341,453.943207,370.271484,331.732849,50.723721,105419.9402,249.512342,186.236165,0,true,false,0.569133,-204.068523,0,0.0,0.0,0.0
2,320,16.0,568.633235,-38.85934,568.705632,-38.899509,17453.300248,-249.204559,-248.1091,168.778854,0.009466,0.008049,-135.135681,1.0,0.0,1.0,0.0,0.0,0.0,0,0,0,0,0,0,0,0,0,0,0,0,0,0,0,273.105682,309.718414,345.19281,422.35022,462.874329,414.69696,400.31189,384.885742,457.14566,559.325684,575.266418,515.391663,466.899567,510.725708,569.223022,567.640503,463.01123,381.877502,396.560333,410.288208,457.281006,429.858795,350.626373,314.132446,58.427612,105402.949232,249.510807,178.53466,0,true,false,0.6022,-204.058523,0,0.0,0.0,0.0
2,321,16.05,582.552364,37256.306975,582.563576,37256.335933,17442.969584,-289.984222,-288.709503,225.153824,0.009466,0.008049,-135.135681,1.0,0.0,1.0,0.0,0.0,0.0,0,0,0,0,0,0,0,0,0,0,0,0,0,0,0,253.466995,289.397034,322.543884,394.638824,462.924438,414.741882,400.355225,385.26062,457.19577,559.386963,597.977417,535.738831,486.538269,531.047058,591.871948,567.579041,462.961121,395.755829,396.516907,410.243286,457.230927,402.015717,327.915375,293.785248,68.758278,105383.306377,249.509268,168.206755,0,true,false,0.634907,-204.048523,0,0.0,0.0,0.0
2,322,16.1,599.160531,-55.467507,599.098737,-55.43467,17429.102858,-335.431458,-333.95697,291.073761,0.009466,0.008049,-135.135681,1.0,0.0,1.0,0.0,0.0,0.0,0,0,0,0,0,0,0,0,0,0,0,0,0,0,0,230.034286,265.14978,295.519409,361.573853,462.984253,414.795441,400.406952,407.25412,457.255554,559.460083,625.075989,560.016907,509.970947,555.294312,618.896423,567.505737,462.901306,410.712402,396.465088,410.189667,457.171173,368.793579,300.816803,269.507172,82.625,105359.868501,249.507685,154.343321,0,true,false,0.668594,-204.038523,0,0.0,0.0,0.0
2,323,16.15,618.120644,37237.346862,617.975505,37237.459165,17411.65737,-383.824463,-382.137238,363.783569,0.009466,0.008049,-135.135681,1.0,0.0,1.0,0.0,-0.489951,0.0,0,0,0,0,0,0,0,0,0,0,0,0,0,0,0,203.283203,237.468781,264.667877,323.826385,457.167633,414.856628,400.466003,414.329559,457.323792,559.543579,656.012024,587.733093,536.722046,582.975342,649.747925,567.422058,462.833038,410.651123,396.405945,410.128448,457.102966,330.86676,269.880737,241.790985,100.070488,105333.11127,249.506146,136.901591,0,true,false,0.702048,-204.028523,0,0.0,0.0,0.0
2,324,16.2,639.193295,-76.540158,638.955538,-76.414703,17390.664463,-435.351326,-433.438647,444.685822,0.009464,-0.082384,-135.131516,1.0,0.0,1.0,0.0,-0.489951,0.069993,0,0,0,0,0,0,0,0,0,0,0,0,0,0,0,173.562225,206.707748,230.388733,281.893799,397.989594,414.91687,400.531982,414.405853,457.419159,559.677429,690.366577,618.52594,566.488708,613.753052,684.066223,567.288208,436.593048,410.575348,396.340515,410.068756,408.963013,288.693298,235.488037,210.982712,121.0634,105303.07632,241.822881,282.11695,0,true,false,0.73473,-204.018523,0,0.0,0.0,0.0
2,325,16.25,664.063216,37212.476942,663.717622,37212.697081,17364.206758,-492.88758,-490.785744,536.405372,0.009246,-0.352118,-135.068802,1.0,0.0,1.0,0.0,-0.555454,0.308586,0,0,0,0,0,0,0,0,0,0,0,0,0,0,0,138.599808,184.976852,40000.0,40000.0,413.906342,40000.0,40000.0,40000.0,429.417938,40000.0,761.338928,40000.0,602.141846,40000.0,755.598328,40000.0,439.405151,40000.0,40000.0,40000.0,423.897736,40000.0,25783.189453,182.153214,147.521103,105265.851172,126.539662,751.161029,0,true,false,0.768812,-204.008523,0,0.0,0.0,0.0
2,326,16.3,690.73309,-103.210032,690.284094,-102.981175,17334.230014,-552.222308,-550.269878,632.18299,0.007511,-0.828534,-134.88446,1.0,0.0,1.0,0.0,-0.630166,0.401015,0,0,0,0,0,0,0,0,0,0,0,0,0,0,0,101.213654,135.337372,40000.0,40000.0,456.087189,440.534698,40000.0,40000.0,459.670959,40000.0,788.128845,40000.0,641.595886,40000.0,784.462097,40000.0,464.217163,40000.0,40000.0,433.386353,520.530884,40000.0,25558.199219,124.034805,177.497849,105218.622976,-212.107962,1595.8454,0,true,false,0.801313,-203.998523,0,0.0,0.0,0.0
2,327,16.35,714.353606,37188.856425,713.84213,37189.139046,17306.631428,-602.067017,-600.794151,711.595527,0.003434,-1.32965,-134.650421,1.0,0.0,1.0,0.0,-0.67375,0.393021,0,0,0,0,0,0,0,0,0,0,0,0,0,0,0,40000.0,40000.0,40000.0,40000.0,40000.0,40000.0,40000.0,40000.0,40000.0,40000.0,860.586731,40000.0,40000.0,40000.0,860.586731,40000.0,40000.0,40000.0,40000.0,40000.0,40000.0,40000.0,25304.1875,40000.0,205.096436,105166.188233,-641.630143,2487.611306,0,true,false,0.827383,-203.988523,0,0.0,0.0,0.0
2,328,16.4,752.095585,-140.952011,751.590186,-140.729232,17260.997408,-676.500793,-677.669434,826.854473,-0.009479,-2.241466,-134.206909,1.0,0.0,1.0,0.0,-1.194017,0.488461,0,0,0,0,0,0,0,0,0,0,0,0,0,0,0,40000.0,40000.0,40000.0,40000.0,40000.0,40000.0,40000.0,40000.0,40000.0,40000.0,40000.0,40000.0,40000.0,40000.0,40000.0,40000.0,40000.0,40000.0,40000.0,40000.0,40000.0,40000.0,24856.685547,40000.0,250.730453,105053.624319,-1454.328018,4113.135193,0,true,false,0.864921,-203.978523,0,0.0,0.0,0.0
2,329,16.45,783.07559,37157.876421,782.710907,37158.018325,17222.444393,-739.571556,-744.061967,926.684912,-0.028435,-3.19692,-133.781052,1.0,0.0,1.0,0.0,-1.197239,0.260269,0,0,0,0,0,0,0,0,0,0,0,0,0,0,0,40000.0,40000.0,40000.0,40000.0,40000.0,40000.0,40000.0,40000.0,40000.0,40000.0,40000.0,40000.0,40000.0,40000.0,40000.0,40000.0,40000.0,40000.0,40000.0,40000.0,40000.0,40000.0,24460.691406,40000.0,104.156677,104915.052104,-2232.670147,5823.499661,0,true,false,0.892724,-203.968523,0,0.0,0.0,0.0
2,330,16.5,830.182675,-188.059096,830.342345,-188.36067,17162.601596,-829.974262,-841.889399,1062.048862,-0.070195,-4.948782,-133.153732,1.0,0.0,1.0,0.0,-1.805516,0.282112,0,0,0,0,0,0,0,0,0,0,0,0,0,0,0,40000.0,40000.0,40000.0,40000.0,40000.0,40000.0,40000.0,40000.0,40000.0,40000.0,40000.0,40000.0,40000.0,40000.0,40000.0,40000.0,40000.0,40000.0,40000.0,40000.0,40000.0,40000.0,23918.726562,40000.0,163.999481,104595.804216,-3373.071997,8963.114738,0,true,false,0.930948,-203.958523,0,0.0,0.0,0.0
2,331,16.55,873.067145,37114.991951,874.086282,37114.274388,17107.453814,-909.052998,-929.930194,1171.760633,-0.121779,-6.958476,-132.621445,1.0,0.0,1.0,0.0,-3.38934,0.0,0,0,0,0,0,0,0,0,0,0,0,0,0,0,0,40000.0,40000.0,40000.0,40000.0,40000.0,40000.0,40000.0,40000.0,40000.0,40000.0,40000.0,40000.0,40000.0,40000.0,40000.0,40000.0,40000.0,40000.0,40000.0,40000.0,40000.0,40000.0,21842.748047,40000.0,219.147263,104127.490614,-4330.531336,12564.206915,0,true,false,0.962329,-203.948523,0,0.0,0.0,0.0
2,332,16.6,919.524025,-234.515976,921.915367,-236.189755,17047.567445,-997.054225,-1029.775358,1285.191539,-0.186839,-9.912742,-132.14566,1.0,0.0,1.0,0.0,-3.419377,0.0,0,0,0,0,0,0,0,0,0,0,0,0,0,0,0,40000.0,40000.0,40000.0,40000.0,40000.0,40000.0,40000.0,40000.0,40000.0,40000.0,40000.0,40000.0,40000.0,40000.0,40000.0,40000.0,40000.0,40000.0,40000.0,40000.0,40000.0,40000.0,21583.404297,40000.0,897.214355,103247.498895,-5167.509866,17844.528487,0,true,false,0.993349,-203.938523,0,0.0,0.0,0.0
2,333,16.65,969.657324,37064.858652,974.046957,37062.142798,16984.140775,-1084.934655,-1131.962862,1355.500633,-0.295976,-13.774186,-131.58551,1.0,0.0,1.0,0.0,-3.297692,0.558071,0,0,0,0,0,0,0,0,0,0,0,0,0,0,0,40000.0,40000.0,40000.0,40000.0,40000.0,40000.0,40000.0,40000.0,40000.0,40000.0,40000.0,40000.0,40000.0,40000.0,40000.0,40000.0,40000.0,40000.0,40000.0,40000.0,40000.0,40000.0,21408.359375,40000.0,960.641052,101702.960218,-6119.428871,24679.975514,0,true,true,1.0,-203.928523,0,0.0,0.0,0.0
2,334,16.7,1023.689998,-288.54865,1030.829684,-292.972482,16918.565821,-1174.562728,-1238.814516,1403.563361,-0.491328,-18.34066,-130.848297,1.0,0.0,1.0,0.0,-2.42612,0.539138,0,0,0,0,0,0,0,0,0,0,0,0,0,0,0,40000.0,40000.0,40000.0,40000.0,40000.0,40000.0,40000.0,40000.0,40000.0,40000.0,40000.0,40000.0,40000.0,1296.724365,40000.0,40000.0,40000.0,40000.0,40000.0,40000.0,40000.0,40000.0,21311.341797,40000.0,1026.215942,99279.552051,-7309.598955,32615.925248,0,true,true,1.0,-203.918523,0,0.0,0.0,0.0
2,335,16.75,1100.941938,36987.606712,1113.126418,36979.846064,16830.469551,-1288.714491,-1381.252071,1426.135336,-0.937951,-24.995491,-129.600952,1.0,0.0,1.0,0.0,-1.213561,0.386133,0,0,0,0,0,0,0,0,0,0,0,0,0,0,0,40000.0,26334.742188,40000.0,40000.0,40000.0,40000.0,40000.0,40000.0,40000.0,40000.0,40000.0,1408.695801,1390.856323,1294.65332,40000.0,40000.0,40000.0,40000.0,40000.0,40000.0,40000.0,40000.0,22084.763672,40000.0,946.131531,94601.211178,-9138.972901,43785.757626,0,true,true,1.0,-203.908523,0,0.0,0.0,0.0
2,336,16.8,1168.423121,-356.029833,1186.157348,-366.003412,16759.444596,-1375.905769,-1496.287589,1411.614115,-1.451037,-30.123314,-128.46463,1.0,0.0,1.0,0.0,-0.769923,0.279972,0,0,0,0,0,0,0,0,0,0,0,0,0,0,0,40000.0,27173.089844,40000.0,40000.0,40000.0,40000.0,40000.0,40000.0,40000.0,40000.0,1147.295654,1498.982178,1498.982178,1195.85022,40000.0,40000.0,40000.0,40000.0,40000.0,40000.0,40000.0,40000.0,23377.066406,40000.0,1017.156494,90086.132557,-10598.344812,51976.42311,0,true,true,1.0,-203.898523,0,0.0,0.0,0.0
2,337,16.85,1236.806966,36919.222867,1261.30355,36904.699862,16693.958123,-1446.934761,-1599.227311,1304.002161,-2.123128,-35.162762,-127.195137,0.0,0.0,1.0,0.0,-0.279972,0.069993,0,0,0,0,0,0,0,0,0,0,0,0,0,0,0,40000.0,28160.048828,40000.0,40000.0,40000.0,40000.0,40000.0,40000.0,40000.0,40000.0,1240.303711,1419.98291,1419.98291,1306.011353,40000.0,40000.0,40000.0,40000.0,40000.0,40000.0,40000.0,40000.0,25039.330078,40000.0,3252.247314,84915.649227,-12000.01167,59611.886552,0,true,true,1.0,-203.888523,0,0.0,0.0,0.0
2,338,16.9,1302.426444,-421.649312,1334.713047,-439.412909,16643.04972,-1481.37773,-1667.425191,1058.13943,-2.955332,-40.026817,-125.811577,0.0,0.0,1.0,0.0,-0.279972,0.0,0,0,0,0,0,0,0,0,0,0,0,0,0,0,0,40000.0,29448.248047,40000.0,40000.0,40000.0,40000.0,40000.0,40000.0,40000.0,1065.822754,1350.670044,1350.670044,1350.670044,1336.512207,1836.571045,40000.0,40000.0,40000.0,40000.0,40000.0,40000.0,40000.0,27737.345703,40000.0,3303.155762,79268.511046,-13270.946977,66544.46012,0,true,true,1.0,-203.878523,0,0.0,0.0,0.0
2,339,16.95,1366.836652,36854.81266,1408.121312,36831.291596,16604.289262,-1502.50061,-1723.245521,821.497298,-3.973665,-44.733452,-124.284691,0.0,0.0,1.0,0.0,-0.349965,0.0,0,0,0,0,0,0,0,0,0,0,0,0,0,0,0,37504.050781,31471.345703,37504.050781,40000.0,40000.0,40000.0,40000.0,40000.0,1665.66626,1904.623901,1193.259766,1130.025391,1153.984253,1193.259766,1889.778809,40000.0,40000.0,40000.0,40000.0,40000.0,40000.0,37504.050781,30430.816406,37504.050781,3341.916016,73221.005761,-14401.135955,72792.815009,0,true,true,1.0,-203.868523,0,0.0,0.0,0.0
2,340,17.0,1453.464104,-508.276764,1509.147305,-540.438901,16568.642933,-1506.975621,-1775.407304,501.578963,-5.619847,-50.862404,-122.045753,0.0,0.0,1.0,0.0,-0.592094,-0.296047,0,0,0,0,0,0,0,0,0,0,0,0,0,0,0,27342.037109,34077.167969,34077.167969,40000.0,40000.0,40000.0,40000.0,40000.0,40000.0,1708.894531,1457.737671,1394.590332,1442.33728,1567.37207,1920.536499,40000.0,40000.0,40000.0,40000.0,40000.0,34077.167969,34077.167969,34077.167969,27183.890625,3207.960205,64572.471845,-15601.927083,80167.821322,0,true,true,1.0,-203.858523,0,0.0,0.0,0.0
2,341,17.05,1534.806482,36773.470283,1606.600532,36733.838369,16551.637959,-1488.811031,-1802.068519,201.12925,-7.71341,-56.888248,-119.442574,0.0,0.0,1.0,0.0,-0.489951,-0.209979,0,0,0,0,0,0,0,0,0,0,0,0,0,0,0,25339.308594,31576.111328,31576.111328,40000.0,40000.0,40000.0,40000.0,40000.0,40000.0,1462.456177,1663.24353,1663.24353,1663.24353,1610.477173,40000.0,40000.0,40000.0,40000.0,40000.0,40000.0,31576.111328,31576.111328,25339.308594,25339.308594,5000.0,55309.574896,-16477.068511,86504.198613,0,true,true,1.0,-203.848523,0,0.0,0.0,0.0
2,342,17.1,1595.283704,-568.753987,1680.856836,-614.695205,16549.553631,-1459.602755,-1805.235089,-24.496439,-9.734149,-61.300045,-117.080635,0.0,0.0,1.0,0.0,-0.419958,-0.209979,0,0,0,0,0,0,0,0,0,0,0,0,0,0,0,24199.443359,30155.105469,30155.105469,40000.0,40000.0,40000.0,40000.0,40000.0,2593.27417,1542.711792,1519.950073,1398.908081,1532.883301,1634.544922,2593.27417,40000.0,40000.0,40000.0,40000.0,40000.0,30155.105469,30155.105469,24199.443359,24199.443359,5000.0,48084.804343,-16961.806443,90520.535505,0,true,true,1.0,-203.838523,0,0.0,0.0,0.0
2,343,17.15,1667.701146,36701.052841,1771.984628,36642.710577,16559.310322,-1413.172678,-1797.227932,-293.321083,-13.410695,-66.973526,-112.990753,0.0,0.0,1.0,0.0,-0.209979,-0.069993,0,0,0,0,0,0,0,0,0,0,0,0,0,0,0,23053.507812,28729.755859,28729.755859,40000.0,40000.0,40000.0,40000.0,40000.0,2536.941406,2130.117188,1980.144775,1919.138306,2135.817383,2536.941406,3122.708984,40000.0,40000.0,40000.0,40000.0,28729.755859,28729.755859,23053.507812,23053.507812,23053.507812,5000.0,38268.156482,-17429.360783,94876.535041,0,true,true,1.0,-203.828523,0,0.0,0.0,0.0
2,344,17.2,1746.764627,-647.817468,1874.589055,-717.299632,16586.619911,-1337.447966,-1760.299529,-592.058421,-21.01955,-73.554337,-104.912552,0.0,0.0,1.0,0.0,-0.069993,-0.069993,0,0,0,0,0,0,0,0,0,0,0,0,0,0,0,23503.076172,27540.082031,40000.0,40000.0,40000.0,40000.0,40000.0,6053.500977,3649.279297,3273.316895,3163.076172,3303.536865,3430.6875,4517.878418,40000.0,40000.0,40000.0,40000.0,40000.0,27540.082031,22799.189453,22093.257812,22093.257812,21940.796875,5000.0,26022.374423,-17808.215226,98736.087062,0,true,true,1.0,-203.818523,0,0.0,0.0,0.0
2,345,17.25,1806.485622,36641.331846,1954.722117,36562.577515,16621.151145,-1265.116403,-1715.889497,-822.39853,-31.751032,-78.022079,-93.847282,0.0,0.0,1.0,0.0,0.0,-0.069993,0,0,0,0,0,0,0,0,0,0,0,0,0,0,0,26965.960938,26965.960938,40000.0,40000.0,40000.0,40000.0,7281.147949,3225.682617,3274.374756,3399.059814,3225.682617,3274.374756,3531.98291,5781.324707,40000.0,40000.0,40000.0,26965.960938,26965.960938,26965.960938,26965.960938,26880.390625,26965.960938,26965.960938,5000.0,16791.52672,-17980.742819,100584.872483,0,true,true,1.0,-203.808523,0,0.0,0.0,0.0
2,346,17.3,1863.917037,-705.248882,2034.409318,-796.986833,16668.105394,-1175.472939,-1649.27034,-1050.050215,-41.215046,-80.544647,-84.215088,0.0,0.0,1.0,0.0,0.715489,-0.550376,0,0,0,0,0,0,0,0,0,0,0,0,0,0,0,26694.570312,26694.570312,40000.0,40000.0,19878.570312,15834.561523,5734.032715,4280.734863,3955.121582,3924.056885,4224.838379,4869.075684,6247.505859,15838.947266,40000.0,40000.0,26694.570312,26694.570312,26694.570312,26694.570312,26694.570312,26694.570312,26694.570312,26694.570312,5000.0,11313.197777,-17966.328364,101250.56706,0,true,true,1.0,-203.798523,0,0.0,0.0,0.0
2,347,17.35,1918.0997,36587.149182,2112.06747,36484.919364,16725.622113,-1081.70076,-1570.455756,-1264.476519,-55.073837,-83.136314,-70.221146,0.0,0.0,1.0,0.0,1.53128,-1.320069,0,0,0,0,0,0,0,0,0,0,0,0,0,0,0,24895.398438,24895.398438,24811.429688,24895.398438,10796.760742,8050.10498,6706.085938,5932.172852,5858.279785,6204.064453,7107.619629,9616.436523,13823.171875,23769.074219,23768.958984,24895.398438,26464.039062,26464.039062,26464.039062,26464.039062,26464.039062,26464.039062,26464.039062,26464.039062,5000.0,5779.083324,-17869.209525,101638.614381,0,true,true,1.0,-203.788523,0,0.0,0.0,0.0
2,348,17.4,1975.100021,-762.249203,2196.659227,-881.578591,16804.024467,-980.605342,-1476.246457,-1495.554397,-79.872643,-85.541656,-45.313969,0.0,0.0,1.0,0.0,0.836144,-0.470331,0,0,0,0,0,0,0,0,0,0,0,0,0,0,0,22039.267578,19521.466797,18699.4375,13059.727539,8114.648438,8164.94043,8164.94043,8164.94043,8164.94043,8044.552734,9097.835938,18697.677734,22087.158203,23668.939453,24713.357422,24594.746094,26275.482422,26275.482422,26275.482422,26275.482422,26275.482422,24671.974609,24713.357422,23668.939453,5000.0,486.40191,-17789.674516,101713.553179,0,true,true,1.0,-203.778523,0,0.0,0.0,0.0
2,349,17.45,2018.996925,36543.252278,2263.850585,36417.728006,16880.290425,-895.54207,-1383.832959,-1676.450536,-110.292778,-86.530975,-14.829576,0.0,0.0,1.0,0.0,0.856626,-0.160617,0,0,0,0,0,0,0,0,0,0,0,0,0,0,0,18477.916016,12967.706055,8580.566406,8079.519043,8028.539551,7983.046387,8999.474609,11035.954102,10964.03418,11034.046875,16975.048828,17097.451172,19491.880859,19549.650391,24566.066406,26167.658203,26167.658203,26167.658203,24441.097656,24607.400391,24607.400391,23487.095703,22105.339844,22105.408203,5000.0,-2767.734728,-17802.568578,101594.734352,0,true,true,1.0,-203.768523,0,0.0,0.0,0.0
2,350,17.5,2056.635506,-799.887785,2322.737487,-940.465494,16959.010948,-822.529413,-1295.783846,-1835.658515,-143.038132,-86.460617,17.97019,0.0,0.0,1.0,0.0,0.598674,0.0,0,0,0,0,0,0,0,0,0,0,0,0,0,0,0,9143.664062,8802.914062,8621.167969,8778.549805,10407.580078,11004.188477,10885.988281,10838.264648,16897.455078,16967.470703,19522.832031,24530.380859,26090.753906,26090.753906,26090.753906,26090.753906,24532.908203,24530.380859,24530.380859,23409.990234,22028.130859,22028.199219,18400.435547,12950.774414,5000.0,-5375.061788,-17875.64035,101407.710864,0,true,true,1.0,-203.758523,0,0.0,0.0,0.0
2,351,17.55,2101.674604,36498.213181,2394.465208,36346.000286,17073.67613,-730.870703,-1171.058176,-2027.898806,-170.132416,-85.417366,45.125454,0.0,0.0,1.0,0.0,0.279972,0.0,0,0,0,0,0,0,0,0,0,0,0,0,0,0,0,7845.523926,7961.677246,8995.020508,10785.037109,15299.469727,21941.662109,23446.650391,24447.080078,24447.080078,26009.472656,26009.472656,26009.472656,26009.472656,26009.472656,26009.472656,26009.472656,24447.080078,24447.080078,23446.650391,21941.662109,18432.128906,12743.666992,12912.795898,7952.358887,5000.0,-8045.835646,-18028.32675,101119.379844,0,true,true,1.0,-203.748523,0,0.0,0.0,0.0
2,352,17.6,2133.258669,-831.47185,2445.276094,-991.27638,17170.382021,-668.667519,-1077.379011,-2170.097562,177.667618,-84.311859,57.371113,0.0,0.0,1.0,0.0,0.139986,0.069993,0,0,0,0,0,0,0,0,0,0,0,0,0,0,0,7643.858398,7761.956055,9284.594727,12786.697266,21444.033203,23390.160156,24392.326172,24350.863281,25957.429688,25957.429688,25957.429688,25957.429688,25957.429688,25957.429688,25957.429688,25957.429688,24392.326172,23390.160156,23390.160156,18313.912109,18366.933594,12786.697266,7643.858398,7691.726562,5000.0,-9874.907883,-18186.105492,100869.291853,0,true,true,1.0,-203.738523,0,0.0,0.0,0.0
2,353,17.65,2162.099353,36469.372497,2491.704673,36299.571707,17273.304105,-608.51188,-977.976022,-2297.473491,170.012817,-83.130745,65.069267,0.0,0.0,1.0,0.0,0.069993,0.0,0,0,0,0,0,0,0,0,0,0,0,0,0,0,0,7726.41748,7675.915039,12712.066406,18251.767578,23339.607422,24344.048828,24224.939453,25912.705078,25912.705078,25912.705078,25912.705078,25912.705078,25912.705078,25912.705078,25912.705078,25912.705078,24266.931641,24224.939453,24344.048828,23118.246094,12817.539062,10498.757812,7726.41748,7726.41748,5000.0,-11565.467185,-18366.476778,100602.259307,0,true,true,1.0,-203.728523,0,0.0,0.0,0.0
2,354,17.7,2195.71354,-865.086037,2545.25342,-1044.825128,17415.294953,-539.363173,-852.119863,-2453.077307,164.269547,-81.760681,70.860161,0.0,0.0,1.0,0.0,0.069993,0.069993,0,0,0,0,0,0,0,0,0,0,0,0,0,0,0,7607.487305,7438.083008,20519.164062,24277.900391,24280.451172,24228.912109,25851.541016,25851.541016,25851.541016,25851.541016,25851.541016,25851.541016,25851.541016,25851.541016,25851.541016,25851.541016,40000.0,40000.0,40000.0,17996.324219,10430.600586,9138.237305,7607.487305,7607.487305,5000.0,-13402.162251,-18597.915018,100268.389615,0,true,true,1.0,-203.718523,0,0.0,0.0,0.0
2,355,17.75,2218.97537,36446.110667,2581.472502,36263.352626,17530.689524,-491.465333,-757.234152,-2565.107919,161.272385,-80.762894,73.891083,0.0,0.0,1.0,0.0,0.209979,0.139986,0,0,0,0,0,0,0,0,0,0,0,0,0,0,0,7510.967285,11123.579102,20405.617188,40000.0,40000.0,25803.921875,25803.921875,25803.921875,25803.921875,25803.921875,25803.921875,25803.921875,25803.921875,25803.921875,25803.921875,25803.921875,40000.0,40000.0,40000.0,15539.00293,9922.210938,8295.088867,7510.967285,7510.967285,5000.0,-14696.84664,-18782.615154,100009.349169,0,true,true,1.0,-203.708523,0,0.0,0.0,0.0
2,356,17.8,2239.331154,-885.441821,2612.170025,-1075.522651,17645.931438,-447.657322,-664.993376,-2659.830122,158.979843,-79.925903,76.215668,0.0,0.0,1.0,0.0,0.582384,0.194128,0,0,0,0,0,0,0,0,0,0,0,0,0,0,0,7290.709473,10929.62207,21048.78125,40000.0,40000.0,25751.089844,25751.089844,25751.089844,25751.089844,25751.089844,25751.089844,25751.089844,25751.089844,25751.089844,25751.089844,40000.0,40000.0,40000.0,19224.498047,15031.702148,9950.978516,7742.643555,7310.39209,7412.612305,5000.0,-15731.19393,-18961.308736,99781.309928,0,true,true,1.0,-203.698523,0,0.0,0.0,0.0
2,357,17.85,2264.060726,36421.381094,2647.439301,36228.08335,17808.671179,-394.345676,-544.242034,-2777.893104,156.33844,-79.263184,78.901077,0.0,0.0,1.0,0.0,0.931255,0.155209,0,0,0,0,0,0,0,0,0,0,0,0,0,0,0,7211.700684,11148.542969,40000.0,40000.0,40000.0,25640.205078,25640.205078,25640.205078,25640.205078,25640.205078,25640.205078,25640.205078,25640.205078,25640.205078,25640.205078,40000.0,40000.0,40000.0,18916.615234,13030.202148,8073.516113,7427.106445,7106.611328,7262.733887,5000.0,-16396.486743,-19168.278759,99591.570696,0,true,true,1.0,-203.688523,0,0.0,0.0,0.0
2,358,17.9,2281.173896,-902.554991,2669.954946,-1098.038296,17939.017956,-358.805775,-456.729128,-2864.460922,154.005524,-79.119873,81.276436,0.0,0.0,1.0,0.0,1.055453,0.251298,0,0,0,0,0,0,0,0,0,0,0,0,0,0,0,9156.455078,15611.09082,40000.0,40000.0,40000.0,25519.71875,25519.71875,25519.71875,25519.71875,25290.541016,25376.574219,25519.71875,25519.71875,25519.71875,25519.71875,40000.0,40000.0,40000.0,18721.753906,9508.506836,7959.229004,7082.412598,7133.470215,7133.470215,5000.0,-16264.824946,-19310.033647,99557.681758,0,true,true,1.0,-203.678523,0,0.0,0.0,0.0
2,359,17.95,2297.20573,36405.349261,2689.061471,36208.976825,18077.181906,-326.8721,-372.253261,-2947.117137,151.247925,-79.364456,84.083931,0.0,0.0,1.0,0.0,1.036146,0.259036,0,0,0,0,0,0,0,0,0,0,0,0,0,0,0,9589.045898,16931.419922,40000.0,40000.0,40000.0,25358.449219,25358.449219,25358.449219,25358.449219,25358.449219,25358.449219,25358.449219,25358.449219,25358.449219,25358.449219,40000.0,40000.0,40000.0,18688.472656,9462.544922,8182.425293,6864.986816,6987.10791,6987.10791,5000.0,-15481.138243,-19418.194273,99636.974806,0,true,true,1.0,-203.668523,0,0.0,0.0,0.0
2,360,18.0,2311.74318,-917.092441,2704.255332,-1113.232157,18217.706432,-300.625349,-296.164786,-3025.813587,147.869766,-79.962372,87.518402,0.0,0.0,1.0,0.0,0.940486,0.293902,0,0,0,0,0,0,0,0,0,0,0,0,0,0,0,11202.96582,19708.732422,40000.0,40000.0,25167.519531,25167.519531,25167.519531,25167.519531,25167.519531,25167.519531,25167.519531,25167.519531,25167.519531,25167.519531,25167.519531,40000.0,40000.0,40000.0,18510.226562,9737.338867,8611.805664,6831.112793,6831.112793,6729.107422,5000.0,-14098.732006,-19487.573507,99808.073887,0,true,true,1.0,-203.658523,0,0.0,0.0,0.0
2,361,18.05,2328.557478,36388.534963,2718.709496,36194.522661,18399.970707,-274.23934,-211.637817,-3113.858798,142.272186,-81.073074,93.193832,0.0,0.0,1.0,0.0,0.762459,0.254153,0,0,0,0,0,0,0,0,0,0,0,0,0,0,0,13933.078125,23325.167969,40000.0,24901.662109,24901.662109,24901.662109,24901.662109,24901.662109,24901.662109,24901.662109,24901.662109,24901.662109,24901.662109,24901.662109,24901.662109,40000.0,40000.0,22085.375,16459.363281,10496.666992,6608.531738,6573.775879,6959.928711,7788.044434,5000.0,-11711.315905,-19529.672506,100087.314713,0,true,true,1.0,-203.648523,0,0.0,0.0,0.0
2,362,18.1,2340.659014,-929.193978,2726.781781,-1121.304442,18544.147669,-260.126115,-157.076006,-3182.118345,136.113663,-82.106735,99.41909,0.0,0.0,1.0,0.0,0.419958,0.139986,0,0,0,0,0,0,0,0,0,0,0,0,0,0,0,17064.40625,22110.708984,22058.966797,23117.478516,24689.773438,24689.773438,24689.773438,24689.773438,24689.773438,24689.773438,24689.773438,24689.773438,24689.773438,24689.773438,24689.773438,40000.0,23075.826172,21572.830078,13128.566406,11369.638672,7448.556641,7514.554688,8201.714844,11510.094727,5000.0,-9441.638127,-19540.877738,100311.828904,0,true,true,1.0,-203.638523,0,0.0,0.0,0.0
2,363,18.15,2352.354904,36376.839074,2732.656894,36188.647548,18692.810854,-249.937917,-110.710964,-3241.549882,128.262207,-83.073051,107.336113,0.0,0.0,1.0,0.0,0.0,0.0,0,0,0,0,0,0,0,0,0,0,0,0,0,0,0,18537.533203,21326.556641,22917.070312,24485.917969,24485.917969,24485.917969,24485.917969,24485.917969,24485.917969,24485.917969,24485.917969,24485.917969,24485.917969,22917.070312,22917.070312,21918.929688,21912.505859,16877.259766,11213.273438,8838.712891,8551.37793,9189.59375,9317.410156,12699.878906,5000.0,-7139.313096,-19544.306729,100490.573912,0,true,true,1.0,-203.628523,0,0.0,0.0,0.0
2,364,18.2,2366.409562,-943.248635,2737.37388,-1126.021428,18880.818636,-243.613186,-65.241602,-3314.675147,117.889595,-83.893776,117.775436,0.0,0.0,1.0,0.0,0.0,0.0,0,0,0,0,0,0,0,0,0,0,0,0,0,0,0,20009.308594,22690.521484,22690.521484,24256.804688,24256.804688,24256.804688,24256.804688,24256.804688,24256.804688,24256.804688,24256.804688,24256.804688,22649.027344,22690.521484,21687.599609,20178.861328,16660.585938,11223.754883,11005.859375,9113.095703,9113.095703,9113.095703,9113.095703,17750.134766,5000.0,-4816.684521,-19548.851107,100617.065454,0,true,true,1.0,-203.618523,0,0.0,0.0,0.0
2,365,18.25,2378.024182,36365.224453,2739.558823,36186.462605,19041.550242,-241.327063,-34.720016,-3366.566141,110.733101,-84.254501,124.970207,0.0,0.0,1.0,0.0,0.0,0.0,0,0,0,0,0,0,0,0,0,0,0,0,0,0,0,21511.888672,22514.154297,24079.416016,24079.416016,24079.416016,24079.416016,24079.416016,24079.416016,24079.416016,24079.416016,24079.416016,24079.416016,22514.154297,21460.376953,19882.566406,18360.947266,16488.160156,11614.151367,8827.02832,8945.599609,8945.599609,8945.599609,9098.669922,20004.136719,5000.0,-3536.052029,-19553.88021,100661.98508,0,true,true,1.0,-203.608523,0,0.0,0.0,0.0
2,366,18.3,2391.566174,-956.790627,2740.458833,-1126.921438,19232.627999,-240.826433,-5.6545,-3417.163112,104.933723,-84.456459,130.79776,0.0,0.0,1.0,0.0,0.0,0.0,0,0,0,0,0,0,0,0,0,0,0,0,0,0,0,21142.859375,22314.335938,23879.052734,23879.052734,23879.052734,23879.052734,23879.052734,23879.052734,23879.052734,23879.052734,23879.052734,22147.558594,22314.335938,21312.419922,19805.193359,16852.716797,16290.44043,11659.995117,8750.507812,8750.507812,8750.507812,8702.19043,13153.123047,19761.136719,5000.0,-2665.760317,-19560.160713,100680.706411,0,true,true,1.0,-203.598523,0,0.0,0.0,0.0
2,367,18.35,2402.617786,36354.172841,2740.145152,36186.776286,19389.920821,-243.589138,14.019756,-3473.886919,100.528229,-84.564369,135.223526,0.0,0.0,1.0,0.0,0.0,0.0,0,0,0,0,0,0,0,0,0,0,0,0,0,0,0,22152.294922,22152.294922,23716.726562,23716.726562,23716.726562,23716.726562,23716.726562,23716.726562,23716.726562,23716.726562,23716.726562,22152.294922,22152.294922,21150.558594,19643.605469,15961.924805,13002.794922,8472.413086,8590.920898,8590.920898,8472.413086,9424.901367,13367.147461,21150.558594,5000.0,-2059.830093,-19565.039108,100689.427855,0,true,true,1.0,-203.588523,0,0.0,0.0,0.0
2,368,18.4,2414.081899,-968.25474,2738.975704,-1125.751989,19553.637164,-245.963741,31.235671,-3514.667213,97.110764,-84.623634,138.656235,0.0,0.0,1.0,0.0,0.0,0.0,0,0,0,0,0,0,0,0,0,0,0,0,0,0,0,21985.6875,21830.953125,23549.966797,23549.966797,23549.966797,23549.966797,23549.966797,23549.966797,23549.966797,23549.966797,23549.966797,21985.6875,21985.6875,20972.601562,19477.242188,15917.733398,12845.362305,8425.639648,8425.639648,8259.300781,8377.335938,9712.509766,19477.242188,20984.048828,5000.0,-1649.236217,-19569.87753,100692.210286,0,true,true,1.0,-203.578523,0,0.0,0.0,0.0
2,369,18.45,2425.434825,36342.819915,2737.121372,36188.630618,19715.683847,-249.399254,45.820724,-3557.211499,94.511002,-84.655205,141.26741,0.0,0.0,1.0,0.0,0.0,0.0,0,0,0,0,0,0,0,0,0,0,0,0,0,0,0,21821.796875,21824.330078,23385.994141,23385.994141,23385.994141,23385.994141,23385.994141,23385.994141,23385.994141,23385.994141,23385.994141,21821.796875,20775.990234,19262.183594,19313.480469,15754.15625,8096.119629,8262.450195,8262.450195,8096.119629,8559.336914,12663.610352,19192.109375,20698.660156,5000.0,-1381.699707,-19574.364328,100692.32432,0,true,true,1.0,-203.568523,0,0.0,0.0,0.0
2,370,18.5,2439.567858,-982.387773,2734.024716,-1122.655333,19916.707932,-253.895786,61.164806,-3603.713321,92.115601,-84.674286,143.673233,0.0,0.0,1.0,0.0,0.0,0.0,0,0,0,0,0,0,0,0,0,0,0,0,0,0,0,21619.222656,23183.371094,23183.371094,23183.371094,23183.371094,23183.371094,23183.371094,23183.371094,23183.371094,23183.371094,21621.755859,21619.222656,20496.121094,18941.664062,18847.011719,12461.321289,7893.972168,7941.811035,7941.811035,8011.997559,8978.635742,12531.507812,19110.916016,20573.449219,5000.0,-1190.776366,-19579.5077,100690.892363,0,true,true,1.0,-203.558523,0,0.0,0.0,0.0
2,371,18.55,2451.743215,36330.644558,2730.77921,36191.876124,20088.97923,-257.70701,72.398795,-3638.101734,90.723557,-84.681038,145.071304,0.0,0.0,1.0,0.0,0.0,0.0,0,0,0,0,0,0,0,0,0,0,0,0,0,0,0,21445.96875,23010.101562,23010.101562,23010.101562,23010.101562,23010.101562,23010.101562,23010.101562,23010.101562,23010.101562,21404.53125,21445.96875,20444.177734,18768.439453,18423.738281,12304.116211,7720.869141,7768.70752,7720.869141,7838.893555,9260.854492,12395.671875,19385.361328,20453.107422,5000.0,-1136.487162,-19583.564813,100688.970802,0,true,true,1.0,-203.548523,0,0.0,0.0,0.0
2,372,18.6,2466.120677,-996.765235,2726.396146,-1118.272269,20291.049941,-262.448644,83.906668,-3677.649225,89.453995,-84.684441,146.346344,0.0,0.0,1.0,0.0,0.0,0.0,0,0,0,0,0,0,0,0,0,0,0,0,0,0,0,21242.90625,22807.029297,22807.029297,22807.029297,22807.029297,22807.029297,22807.029297,22807.029297,22807.029297,22807.029297,21124.142578,21242.90625,20241.367188,18613.34375,18080.220703,12206.105469,7517.883301,7635.906738,7517.883301,7998.440918,9547.536133,12933.947266,20241.367188,21242.90625,5000.0,-1132.468952,-19587.931659,100686.824716,0,true,true,1.0,-203.538523,0,0.0,0.0,0.0
2,373,18.65,2478.284583,36318.480651,2722.295915,36195.976355,20460.845392,-266.095699,92.3208,-3705.486872,88.713722,-84.685211,147.089813,0.0,0.0,1.0,0.0,0.0,0.0,0,0,0,0,0,0,0,0,0,0,0,0,0,0,0,21072.351562,22636.472656,22636.472656,22636.472656,22636.472656,22636.472656,22636.472656,22636.472656,22636.472656,22636.472656,20953.587891,21072.351562,20070.814453,18442.792969,17913.390625,12035.561523,7516.474609,7465.368164,7347.345215,8121.16748,9600.211914,13304.032227,20070.814453,21072.351562,5000.0,-1182.337036,-19591.307863,100685.022448,0,true,true,1.0,-203.528523,0,0.0,0.0,0.0
2,374,18.7,2490.716306,-1009.196957,2717.794633,-1113.770988,20633.264897,-269.673115,99.963132,-3731.519784,88.157562,-84.685211,147.648376,0.0,0.0,1.0,0.0,0.0,0.0,0,0,0,0,0,0,0,0,0,0,0,0,0,0,0,20899.1875,22463.308594,22463.308594,22463.308594,22463.308594,22463.308594,22463.308594,22463.308594,22463.308594,22463.308594,20780.423828,20899.1875,19897.650391,18390.925781,11693.611328,11862.398438,7553.261719,7343.310547,7174.181152,8230.594727,9567.327148,13247.925781,19897.650391,20899.1875,5000.0,-1264.808133,-19594.485156,100683.300801,0,true,true,1.0,-203.518523,0,0.0,0.0,0.0
2,375,18.75,2506.315578,36302.881379,2711.77103,36201.999957,20848.062114,-274.087751,108.495172,-3762.941435,87.652878,-84.684776,148.155243,0.0,0.0,1.0,0.0,0.0,0.0,0,0,0,0,0,0,0,0,0,0,0,0,0,0,0,20683.476562,22247.599609,22247.599609,22247.599609,22247.599609,22247.599609,22247.599609,22247.599609,22247.599609,22247.599609,20683.476562,20683.476562,19681.939453,18053.916016,11477.894531,11646.681641,7608.486816,7285.800293,7113.384766,8351.464844,9520.65625,13032.209961,19681.939453,20683.476562,5000.0,-1398.16279,-19598.121159,100681.337341,0,true,true,1.0,-203.508523,0,0.0,0.0,0.0
2,376,18.8,2518.348174,-1021.229553,2706.881182,-1108.881139,21012.61282,-277.813198,114.576083,-3790.416794,87.358467,-84.684326,148.450928,0.0,0.0,1.0,0.0,0.0,0.0,0,0,0,0,0,0,0,0,0,0,0,0,0,0,0,20518.230469,22082.355469,22082.355469,22082.355469,22082.355469,22082.355469,22082.355469,22082.355469,22082.355469,22082.355469,20518.230469,20518.230469,19516.691406,17888.667969,11312.641602,11481.428711,7652.955566,7338.61377,7412.626953,8436.011719,11360.479492,12866.958008,19516.691406,20518.230469,5000.0,-1515.32646,-19600.685609,100679.982352,0,true,true,1.0,-203.498523,0,0.0,0.0,0.0
2,377,18.85,2534.603849,36286.625704,2699.983532,36208.897607,21233.508995,-281.550841,121.568015,-3814.624653,87.091393,-84.6838,148.719147,0.0,0.0,1.0,0.0,0.0,0.0,0,0,0,0,0,0,0,0,0,0,0,0,0,0,0,20296.398438,21860.523438,21860.523438,21860.523438,21860.523438,21860.523438,21860.523438,21860.523438,21860.523438,21860.523438,20296.398438,20296.398438,19294.857422,17666.833984,11090.800781,11259.587891,7716.055176,7408.476562,7891.473145,8538.160156,11138.638672,12645.118164,19294.857422,20296.398438,5000.0,-1693.461195,-19603.860655,100678.243496,0,true,true,1.0,-203.488523,0,0.0,0.0,0.0
2,378,18.9,2547.489212,-1034.114916,2694.311179,-1103.208787,21407.501866,-284.643484,126.686933,-3835.559146,86.936005,-84.683441,148.875214,0.0,0.0,1.0,0.0,0.0,0.0,0,0,0,0,0,0,0,0,0,0,0,0,0,0,0,20121.664062,21685.791016,21685.791016,21685.791016,21685.791016,21685.791016,21685.791016,21685.791016,21685.791016,21685.791016,20121.664062,20121.664062,19120.125,17492.099609,11028.782227,11084.849609,7766.728516,7462.60791,7769.084473,8613.236328,11034.085938,12470.380859,19120.125,20121.664062,5000.0,-1842.727784,-19606.161828,100676.98416,0,true,true,1.0,-203.478523,0,0.0,0.0,1.0
2,379,18.95,2561.403971,36272.710945,2688.005428,36215.203358,21594.43327,-286.616112,131.210977,-3844.859037,86.819695,-84.683151,148.99202,0.0,0.0,1.0,0.0,0.0,0.0,0,0,0,0,0,0,0,0,0,0,0,0,0,0,0,19933.935547,21498.0625,21498.0625,21498.0625,21498.0625,21498.0625,21498.0625,21498.0625,21498.0625,21498.0625,19933.935547,19933.935547,18932.394531,17304.369141,10897.458008,9136.710938,7822.145996,7519.983887,7832.423828,8688.853516,10846.352539,12282.648438,18932.394531,19933.935547,5000.0,-2011.342952,-19608.459081,100675.692277,0,true,true,1.0,-203.468523,0,0.0,0.0,1.0
2,380,19.0,2574.571166,-1047.282111,2681.888321,-1097.091679,21770.405463,-290.224102,135.966324,-3871.764357,86.733025,-84.682915,149.079056,0.0,0.0,1.0,0.0,0.0,0.0,0,0,0,0,0,0,0,0,0,0,0,0,0,0,0,19757.210938,21321.337891,21321.337891,21321.337891,21321.337891,21321.337891,21321.337891,21321.337891,21321.337891,21321.337891,19757.210938,19757.210938,18755.669922,17127.642578,10885.207031,8932.873047,7874.345215,7573.263672,7890.51709,8757.357422,10669.624023,12105.919922,18755.669922,19757.210938,5000.0,-2173.798194,-19610.46467,100674.568591,0,true,true,1.0,-203.458523,0,0.0,0.0,1.0
2,381,19.05,2591.163242,36256.118869,2673.994271,36223.097408,21991.031064,-293.233061,140.874752,-3890.9102,86.65406,-84.682686,149.158371,0.0,0.0,1.0,0.0,0.0,0.0,0,0,0,0,0,0,0,0,0,0,0,0,0,0,0,19535.638672,21099.767578,21099.767578,21099.767578,21099.767578,21099.767578,21099.767578,21099.767578,21099.767578,21099.767578,19535.638672,19535.638672,18534.097656,16858.117188,10964.490234,8685.868164,7939.901855,7639.15918,7961.380859,8839.743164,10760.186523,11884.345703,18534.097656,19535.638672,5000.0,-2382.32256,-19612.785801,100673.251369,0,true,true,1.0,-203.448523,0,0.0,0.0,1.0
2,382,19.1,2605.406752,-1061.525621,2667.069152,-1090.16656,22179.553417,-295.633659,144.717808,-3906.151393,86.60865,-84.682556,149.203979,0.0,0.0,1.0,0.0,0.0,0.0,0,0,0,0,0,0,0,0,0,0,0,0,0,0,0,19346.304688,20910.433594,20910.433594,20910.433594,20910.433594,20910.433594,20910.433594,20910.433594,20910.433594,20910.433594,19346.304688,19346.304688,18344.763672,16668.783203,11035.329102,8537.120117,7995.943359,7694.725586,8020.383789,8907.423828,10846.138672,11695.010742,18344.763672,19346.304688,5000.0,-2564.108367,-19614.615757,100672.189429,0,true,true,1.0,-203.438523,0,0.0,0.0,1.0
2,383,19.15,2618.84535,36242.680271,2660.424864,36229.741696,22356.689174,-297.61006,147.987615,-3918.192771,86.574684,-84.682457,149.238083,0.0,0.0,1.0,0.0,0.0,0.0,0,0,0,0,0,0,0,0,0,0,0,0,0,0,0,19168.40625,20732.535156,20732.535156,20732.535156,20732.535156,20732.535156,20732.535156,20732.535156,20732.535156,20732.535156,19168.40625,19168.40625,18166.865234,16490.884766,11102.676758,8698.345703,8048.310547,7736.380859,8074.92334,8969.628906,10924.573242,11517.111328,18166.865234,19168.40625,5000.0,-2736.341492,-19616.213025,100671.260485,0,true,true,1.0,-203.428523,0,0.0,0.0,1.0
2,384,19.2,2636.502821,-1079.183092,2651.546464,-1081.28816,22588.517016,-299.534051,151.673168,-3928.055313,86.543701,-84.682358,149.269211,0.0,0.0,1.0,0.0,0.0,0.0,0,0,0,0,0,0,0,0,0,0,0,0,0,0,0,18935.580078,20499.708984,20499.708984,20499.708984,20499.708984,20499.708984,20499.708984,20499.708984,20499.708984,20499.708984,18935.580078,18935.580078,17933.791016,11354.46875,11192.25,8909.751953,8116.523438,7628.597168,8145.008789,9048.983398,11023.703125,11284.283203,17934.039062,18935.580078,5000.0,-2963.957534,-19618.144898,100670.121105,0,true,true,1.0,-203.418523,0,0.0,0.0,1.0
2,385,19.25,2648.931545,36230.251547,2645.204228,36236.083932,22751.182495,-300.479621,153.896614,-3931.404896,86.530182,-84.68232,149.282776,0.0,0.0,1.0,0.0,0.0,0.0,0,0,0,0,0,0,0,0,0,0,0,0,0,0,0,18772.212891,20336.341797,20336.341797,20336.341797,20336.341797,20336.341797,20336.341797,20336.341797,20336.341797,20336.341797,18772.212891,18772.212891,17770.423828,11120.915039,11243.621094,9058.275391,8164.159668,7552.456543,8193.355469,9078.797852,11091.030273,11120.915039,17770.671875,18772.212891,5000.0,-3125.014297,-19619.405984,100669.364904,0,true,true,1.0,-203.408523,0,0.0,0.0,1.0
2,386,19.3,2664.512176,-1094.763722,2637.161618,-1073.24555,22954.314942,-303.85239,157.627838,-3957.838311,86.513184,-84.682266,149.29985,0.0,0.0,1.0,0.0,0.0,0.0,0,0,0,0,0,0,0,0,0,0,0,0,0,0,0,18568.203125,20132.333984,20132.333984,20132.333984,20132.333984,20132.333984,20132.333984,20132.333984,20132.333984,20132.333984,18568.203125,18568.203125,17445.117188,10916.90625,11039.611328,9206.652344,8223.134766,7588.655273,8253.24707,9005.12793,11039.611328,10916.90625,17566.662109,18568.203125,5000.0,-3326.129069,-19620.862513,100668.498971,0,true,true,1.0,-203.398523,0,0.0,0.0,1.0
2,387,19.35,2681.513269,36213.250453,2628.271049,36244.974502,23175.423751,-306.128459,160.80692,-3973.29497,86.503822,-84.682236,149.309265,0.0,0.0,1.0,0.0,0.0,0.0,0,0,0,0,0,0,0,0,0,0,0,0,0,0,0,18346.140625,19910.269531,19910.269531,19910.269531,19910.269531,19910.269531,19910.269531,19910.269531,19910.269531,19910.269531,18346.140625,18346.140625,17223.052734,10817.547852,10817.547852,9277.663086,8286.985352,7883.17334,8317.408203,8923.818359,10817.547852,10694.841797,17344.597656,18346.140625,5000.0,-3546.537725,-19622.338489,100667.605803,0,true,true,1.0,-203.388523,0,0.0,0.0,1.0
2,388,19.4,2696.223293,-1109.473746,2620.496534,-1065.471036,23366.078779,-307.514221,163.101608,-3981.406147,86.496887,-84.682213,149.316223,0.0,0.0,1.0,0.0,0.0,0.0,0,0,0,0,0,0,0,0,0,0,0,0,0,0,0,18154.662109,19718.791016,19718.791016,19718.791016,19718.791016,19718.791016,19718.791016,19718.791016,19718.791016,19718.791016,18154.662109,18154.662109,17031.574219,10626.068359,10626.068359,9562.836914,8341.628906,8138.019531,8372.242188,8852.613281,10626.068359,10503.363281,17152.873047,18154.662109,5000.0,-3736.78462,-19623.508902,100666.895458,0,true,true,1.0,-203.378523,0,0.0,0.0,1.0
2,389,19.45,2710.540663,36198.933084,2612.861678,36252.609358,23551.175228,-308.557048,165.054822,-3986.681315,86.491707,-84.682198,149.321426,0.0,0.0,1.0,0.0,0.0,0.0,0,0,0,0,0,0,0,0,0,0,0,0,0,0,0,17968.765625,19532.894531,19532.894531,19532.894531,19532.894531,19532.894531,19532.894531,19532.894531,19532.894531,19532.894531,17968.765625,17968.765625,16845.677734,10440.172852,10440.172852,9305.672852,8394.344727,8385.96875,8425.03125,9332.668945,10440.172852,10317.466797,16966.976562,17968.765625,5000.0,-3921.743343,-19624.566822,100666.251729,0,true,true,1.0,-203.368523,0,0.0,0.0,1.0
2,390,19.5,2727.91567,-1126.848754,2603.514357,-1056.123714,23775.228954,-310.763099,167.791979,-4002.7806,86.489616,-84.68219,149.323532,0.0,0.0,1.0,0.0,0.0,0.0,0,0,0,0,0,0,0,0,0,0,0,0,0,0,0,17743.744141,19307.873047,19307.873047,19307.873047,19307.873047,19307.873047,19307.873047,19307.873047,19307.873047,19307.873047,17743.744141,17743.744141,16572.705078,10215.150391,10215.150391,9005.370117,8457.861328,8225.020508,8488.311523,9433.130859,10215.150391,10092.444336,16620.65625,17743.744141,5000.0,-4146.31998,-19625.75253,100665.510963,0,true,true,1.0,-203.358523,0,0.0,0.0,1.0
2,391,19.55,2743.256709,36183.592045,2595.191979,36260.931735,23972.643615,-311.72842,169.571247,-4007.74643,86.489616,-84.68219,149.323532,0.0,0.0,1.0,0.0,0.0,0.0,0,0,0,0,0,0,0,0,0,0,0,0,0,0,0,17545.476562,19109.605469,19109.605469,19109.605469,19109.605469,19109.605469,19109.605469,19109.605469,19109.605469,19109.605469,17545.476562,17545.476562,16374.436523,10016.882812,10016.882812,9067.62207,8509.105469,8278.573242,8509.105469,9494.549805,10016.882812,9894.176758,16422.388672,17545.476562,5000.0,-4344.501318,-19626.722988,100664.900154,0,true,true,1.0,-203.348523,0,0.0,0.0,1.0
2,392,19.6,2758.037055,-1141.6291,2587.118532,-1048.050267,24162.448045,-313.112453,171.441606,-4017.296877,86.489616,-84.68219,149.323532,0.0,0.0,1.0,0.0,0.0,0.0,0,0,0,0,0,0,0,0,0,0,0,0,0,0,0,17354.851562,18918.980469,18918.980469,18918.980469,18918.980469,18918.980469,18918.980469,18918.980469,18918.980469,18918.980469,17354.851562,17354.851562,16183.811523,9826.257812,9826.257812,9127.108398,8318.480469,8318.480469,8318.480469,9553.240234,9826.257812,9655.713867,16231.763672,17354.851562,5000.0,-4535.048717,-19627.590518,100664.355132,0,true,true,1.0,-203.338523,0,0.0,0.0,1.0
2,393,19.65,2772.783181,36168.845919,2579.013872,36269.036395,24351.474709,-313.711574,172.798714,-4019.474881,86.489616,-84.68219,149.323532,0.0,0.0,1.0,0.0,0.0,0.0,0,0,0,0,0,0,0,0,0,0,0,0,0,0,0,17165.007812,18729.136719,18729.136719,18729.136719,18729.136719,18729.136719,18729.136719,18729.136719,18729.136719,18729.136719,17165.007812,17165.007812,12094.700195,9636.414062,9636.414062,9186.014648,8205.62207,8128.637207,8153.900879,9611.358398,9636.414062,9465.870117,16041.919922,17165.007812,5000.0,-4724.820445,-19628.396811,100663.85074,0,true,true,1.0,-203.328523,0,0.0,0.0,1.0
2,394,19.7,2787.720731,-1156.56665,2570.756963,-1039.793358,24542.649823,-315.388294,174.688832,-4032.386976,86.489616,-84.68219,149.323532,0.0,0.0,1.0,0.0,0.0,0.0,0,0,0,0,0,0,0,0,0,0,0,0,0,0,0,16973.005859,18537.134766,18537.134766,18537.134766,18537.134766,18537.134766,18537.134766,18537.134766,18537.134766,18537.134766,16973.005859,16973.005859,11902.699219,9321.706055,9444.412109,9245.267578,8258.550781,7952.068359,8206.495117,9444.412109,9444.412109,9273.868164,15849.917969,16973.005859,5000.0,-4916.753834,-19629.158994,100663.376985,0,true,true,1.0,-203.318523,0,0.0,0.0,1.0
2,395,19.75,2805.733051,36150.833599,2560.743223,36279.050135,24772.759443,-316.029303,176.11121,-4034.825084,86.489616,-84.68219,149.323532,0.0,0.0,1.0,0.0,0.0,0.0,0,0,0,0,0,0,0,0,0,0,0,0,0,0,0,16741.900391,18306.03125,18306.03125,18306.03125,18306.03125,18306.03125,18306.03125,18306.03125,18306.03125,18306.03125,16741.900391,11553.571289,11601.40918,9090.602539,9213.307617,9213.307617,8321.922852,8013.085938,8269.463867,9213.307617,9213.307617,9042.764648,15618.814453,16741.900391,5000.0,-5147.782315,-19630.00744,100662.85068,0,true,true,1.0,-203.308523,0,0.0,0.0,1.0
2,396,19.8,2821.247267,-1172.080866,2552.071599,-1031.121734,24970.689005,-316.016276,176.945788,-4031.682236,86.489616,-84.68219,149.323532,0.0,0.0,1.0,0.0,0.0,0.0,0,0,0,0,0,0,0,0,0,0,0,0,0,0,0,16543.115234,18107.246094,18107.246094,18107.246094,18107.246094,18107.246094,18107.246094,18107.246094,18107.246094,18107.246094,16543.115234,11354.786133,11523.514648,8843.979492,9014.522461,9014.522461,8376.134766,8065.284668,8323.333008,9014.522461,9014.522461,8843.979492,15497.356445,16543.115234,5000.0,-5346.506656,-19630.687442,100662.434473,0,true,true,1.0,-203.298523,0,0.0,0.0,1.0
2,397,19.85,2836.22477,36135.856096,2543.662898,36287.458836,25161.495139,-317.547201,178.555566,-4043.894858,86.489616,-84.68219,149.323532,0.0,0.0,1.0,0.0,0.0,0.0,0,0,0,0,0,0,0,0,0,0,0,0,0,0,0,16351.485352,17915.615234,17915.615234,17915.615234,17915.615234,17915.615234,17915.615234,17915.615234,17915.615234,17915.615234,16351.485352,11210.993164,11331.883789,8652.347656,8822.891602,8822.891602,8428.177734,8115.394531,8375.045898,8822.891602,8822.891602,8652.347656,15305.725586,16351.485352,5000.0,-5538.083015,-19631.297632,100662.061768,0,true,true,1.0,-203.288523,0,0.0,0.0,1.0
2,397,19.85,2836.22477,36135.856096,2543.662898,36287.458836,25161.495139,-317.547201,178.555566,-4043.894858,86.489616,-84.68219,149.323532,0.0,0.0,1.0,0.0,0.0,0.0,0,0,0,0,0,0,0,0,0,0,0,0,0,0,0,16351.485352,17915.615234,17915.615234,17915.615234,17915.615234,17915.615234,17915.615234,17915.615234,17915.615234,17915.615234,16351.485352,11210.993164,11331.883789,8652.347656,8822.891602,8822.891602,8428.177734,8115.394531,8375.045898,8822.891602,8822.891602,8652.347656,15305.725586,16351.485352,5000.0,-5629.725604,-19631.574508,100661.89274,0,true,true,1.0,-273.288523,3,0.0,0.0,1.0
