16,8474,0.05,500.0,-74031.015114,500.0,-80116.172191,17452.833529,0.0,0.0,-34.500144,0.0,0.0,-135.0,0.0,0.0,0.0,0.0,0.0,0.0,0,0,0,0,0,0,0,0,0,0,0,0,0,0,0,370.717834,410.452972,457.800201,560.687439,462.298828,414.485229,370.696228,410.478027,457.827454,560.719666,462.341644,414.52417,370.755676,410.509399,457.863159,560.764587,462.318268,414.502686,370.75824,410.495239,457.846741,560.743408,462.282806,414.471313,58.894333,105500.331753,-0.0,192.833529,2,false,false,0.0,-39.0586,0,0.0,1.0,1.0
16,8475,0.1,500.0,111331.015114,500.0,117416.172191,17456.074876,0.0,0.0,-79.76841,0.0,0.0,-135.0,0.0,0.0,0.0,0.0,0.0,0.0,0,0,0,0,0,0,0,0,0,0,0,0,0,0,0,370.717834,410.452972,457.800201,560.687439,462.298828,414.485229,370.696228,410.478027,457.827454,560.719666,462.341644,414.52417,370.755676,410.509399,457.863159,560.764587,462.318268,414.502686,370.75824,410.495239,457.846741,560.743408,462.282806,414.471313,55.652985,105500.331753,-0.0,196.074876,0,false,false,0.0,-39.0486,0,0.0,1.0,1.0
16,8476,0.15,500.0,-74031.015114,500.0,-80116.172191,17461.631873,0.0,0.0,-124.533542,0.0,0.0,-135.0,0.0,0.0,0.0,0.0,0.0,0.0,0,0,0,0,0,0,0,0,0,0,0,0,0,0,0,370.717834,410.452972,457.800201,560.687439,462.298828,414.485229,370.696228,410.478027,457.827454,560.719666,462.341644,414.52417,370.755676,410.509399,457.863159,560.764587,462.318268,414.502686,370.75824,410.495239,457.846741,560.743408,462.282806,414.471313,50.095989,105500.331753,-0.0,201.631873,0,false,false,0.0,-39.0386,0,0.0,1.0,1.0
16,8477,0.2,500.0,111331.015114,500.0,117416.172191,17468.82709,0.0,0.0,-164.386459,0.0,0.0,-135.0,0.0,0.0,0.0,0.0,0.0,0.0,0,0,0,0,0,0,0,0,0,0,0,0,0,0,0,370.717834,410.452972,457.800201,560.687439,462.298828,414.485229,370.696228,410.478027,457.827454,560.719666,462.341644,414.52417,370.755676,410.509399,457.863159,560.764587,462.318268,414.502686,370.75824,410.495239,457.846741,560.743408,462.282806,414.471313,42.900772,105500.331753,-0.0,208.82709,0,false,false,0.0,-39.0286,0,0.0,1.0,1.0
16,8478,0.25,499.853671,-74030.868786,499.863127,-80116.035318,17473.712219,6.99124,6.513982,18.563036,0.004204,0.131277,-134.999954,0.0,0.0,0.0,0.0,0.0,0.0,0,0,0,0,0,0,0,0,0,0,0,0,0,0,0,370.924896,410.661438,458.032806,560.972534,462.292114,414.479309,370.858765,410.47226,457.821136,560.712097,462.11142,414.317841,370.551025,410.303223,457.633301,560.483276,462.326996,414.51062,370.598083,410.503326,457.855835,560.754761,462.515045,414.679626,38.01564,105500.744746,-0.080775,-28.012747,0,false,false,0.0,-39.0186,0,0.0,1.0,1.0
16,8479,0.3,499.579535,111331.289251,499.608742,117416.426576,17473.924522,2.528284,2.26461,4.553801,0.008652,0.201477,-134.998932,0.0,0.0,0.0,0.0,0.0,0.0,0,0,0,0,0,0,0,0,0,0,0,0,0,0,0,371.31723,411.051758,458.470703,561.513,462.272888,414.464355,371.165253,410.461212,457.81134,560.704285,461.676788,413.93045,370.172424,409.919739,457.208099,559.966736,462.340027,414.524567,370.305328,410.52121,457.878296,560.786499,462.943481,415.06604,37.803341,105501.005683,-1.950769,-157.064549,0,false,false,0.0,-39.0086,0,0.0,1.0,1.0
16,8480,0.35,499.60296,-74030.892211,499.637155,-80116.063731,17473.930824,-0.874254,-0.91344,0.272154,0.013573,0.137599,-134.998352,0.0,0.0,0.0,0.0,0.0,0.0,0,0,0,0,0,0,0,0,0,0,0,0,0,0,0,371.285461,411.01358,458.429535,561.465027,462.264587,414.458221,371.132874,410.457306,457.808411,560.703186,461.714874,413.965912,370.208038,409.957428,457.251587,560.0224,462.339874,414.525726,370.341553,410.524597,457.883545,560.795288,462.896912,415.025604,37.797035,105501.078558,-3.038309,-39.436557,0,false,false,0.0,-38.9986,0,0.0,1.0,1.0
16,8481,0.4,499.652021,111331.24019,499.688151,117416.37558,17473.941623,-0.500383,-0.524695,0.154444,0.015554,0.028112,-134.998413,0.0,0.0,0.0,0.0,0.0,0.0,0,0,0,0,0,0,0,0,0,0,0,0,0,0,0,371.214539,410.939087,458.346344,561.362915,462.261963,414.45575,371.070831,410.454681,457.805328,560.699158,461.795532,414.038116,370.276337,410.029449,457.331787,560.120361,462.340393,414.526093,370.40097,410.52478,457.883636,560.795166,462.814178,414.951294,37.786236,105500.890551,-2.99719,162.177085,0,false,false,0.0,-38.9886,0,0.0,1.0,1.0
16,8482,0.45,499.65243,-74030.89262,499.688455,-80116.064035,17473.941699,0.050769,0.049046,0.005927,0.014858,0.02605,-134.998703,0.0,0.0,0.0,0.0,0.0,0.0,0,0,0,0,0,0,0,0,0,0,0,0,0,0,0,371.212402,410.938019,458.344421,561.359375,462.263397,414.45639,371.068939,410.454193,457.804108,560.696472,461.797455,414.039185,370.27536,410.029419,457.331055,560.118286,462.341644,414.526581,370.39975,410.52417,457.882202,560.792236,462.814941,414.951324,37.786163,105500.884156,-2.468144,165.97456,0,false,false,0.0,-38.9786,0,0.0,1.0,1.0
16,8483,0.5,499.64809,111331.244529,499.685265,117416.37877,17473.941602,0.151722,0.124107,0.018935,0.015821,0.031766,-134.998871,0.0,0.0,0.0,0.0,0.0,0.0,0,0,0,0,0,0,0,0,0,0,0,0,0,0,0,371.217499,410.943207,458.349792,561.365234,462.263275,414.455902,371.071655,410.453033,457.802368,560.693604,461.792145,414.034027,370.268402,410.02359,457.324127,560.10907,462.343414,414.527771,370.395172,410.524689,457.882355,560.791748,462.82193,414.957184,37.786259,105500.905522,-2.147964,155.448293,0,false,false,0.0,-38.9686,0,0.0,1.0,1.0
16,8484,0.55,499.649126,-74030.893655,499.687476,-80116.066246,17473.941511,-0.028619,-0.029496,0.008573,0.016637,0.026176,-134.999329,0.0,0.0,0.0,0.0,0.0,0.0,0,0,0,0,0,0,0,0,0,0,0,0,0,0,0,371.213379,410.939941,458.345001,561.357483,462.264435,414.455902,371.066406,410.451263,457.799286,560.687927,461.796906,414.037262,370.267517,410.025085,457.324646,560.107849,462.346497,414.52951,370.395447,410.524658,457.881195,560.788391,462.821381,414.955688,37.78635,105500.887571,-1.311672,165.741551,0,false,false,0.0,-38.9586,0,0.0,1.0,1.0
16,8485,0.6,499.647681,111331.245974,499.686583,117416.379663,17473.94149,0.023215,0.019642,0.002762,0.016832,0.027113,-134.99971,0.0,0.0,0.0,0.0,0.0,0.0,0,0,0,0,0,0,0,0,0,0,0,0,0,0,0,371.213318,410.940948,458.345184,561.35614,462.265717,414.456238,371.065369,410.450165,457.797119,560.683716,461.796722,414.036285,370.263519,410.022644,457.321014,560.101807,462.348694,414.53064,370.392395,410.524323,457.879913,560.785278,462.825043,414.95813,37.786369,105500.891927,-0.622264,164.01632,0,false,false,0.0,-38.9486,0,0.0,1.0,1.0
16,8486,0.65,499.643897,-74030.889871,499.683616,-80116.06328,17473.941427,-0.031873,-0.051774,0.014278,0.017363,0.031935,-134.999939,0.0,0.0,0.0,0.0,0.0,0.0,0,0,0,0,0,0,0,0,0,0,0,0,0,0,0,371.217285,410.945435,458.349609,561.360535,462.266205,414.456116,371.067474,410.449097,457.795349,560.680542,461.792358,414.03183,370.256958,410.017273,457.314392,560.092712,462.350494,414.531738,370.387665,410.524475,457.879486,560.783752,462.831696,414.963562,37.786434,105500.91013,-0.174601,155.13807,0,false,false,0.0,-38.9386,0,0.0,1.0,1.0
16,8487,0.7,499.645774,111331.244097,499.685997,117416.377283,17473.941425,-0.050556,-0.043726,0.013089,0.017454,0.025741,-135.000366,0.0,0.0,0.0,0.0,0.0,0.0,0,0,0,0,0,0,0,0,0,0,0,0,0,0,0,371.21225,410.941467,458.344116,561.352051,462.267761,414.456543,371.062256,410.447906,457.792938,560.675842,461.797791,414.035736,370.257324,410.019531,457.315887,560.092773,462.352875,414.532898,370.388214,410.524017,457.877899,560.780029,462.8302,414.961243,37.786438,105500.88973,0.606919,166.543524,0,false,false,0.0,-38.9286,0,0.0,1.0,1.0
16,8488,0.75,499.644575,-74030.888672,499.685359,-80116.062642,17473.941418,-0.091106,-0.083896,0.025067,0.017503,0.025713,-135.00087,0.0,0.0,0.0,0.0,0.0,0.0,0,0,0,0,0,0,0,0,0,0,0,0,0,0,0,371.211151,410.941864,458.343323,561.348999,462.269623,414.457123,371.060242,410.446533,457.790161,560.67041,461.798645,414.03537,370.252991,410.017242,457.312073,560.08606,462.355682,414.534271,370.384827,410.523468,457.876038,560.775696,462.834015,414.963562,37.786442,105500.890936,1.527537,166.596283,0,false,false,0.0,-38.9186,0,0.0,1.0,1.0
16,8489,0.8,499.641364,111331.247308,499.682977,117416.379665,17473.94136,-0.025748,-0.039527,0.010915,0.018024,0.02989,-135.001129,0.0,0.0,0.0,0.0,0.0,0.0,0,0,0,0,0,0,0,0,0,0,0,0,0,0,0,371.214233,410.945465,458.346741,561.352112,462.270142,414.457001,371.061615,410.445435,457.78833,560.667114,461.795258,414.031769,370.247192,410.012665,457.306366,560.078003,462.357544,414.5354,370.380737,410.52359,457.87558,560.774109,462.839783,414.96817,37.786499,105500.906748,1.992911,158.904968,0,false,false,0.0,-38.9086,0,0.0,1.0,1.0
16,8490,0.85,499.629253,-74030.876561,499.67328,-80116.052945,17473.940217,0.000331,-0.039889,0.009895,0.020643,0.048322,-135.001114,0.0,0.0,0.0,0.0,0.0,0.0,0,0,0,0,0,0,0,0,0,0,0,0,0,0,0,371.231262,410.961548,458.364716,561.374207,462.268219,414.455292,371.072998,410.443787,457.78656,560.664978,461.777466,414.015869,370.230499,409.996826,457.288727,560.056458,462.359528,414.537231,370.369659,410.525482,457.877716,560.776794,462.857605,414.984192,37.787643,105500.96783,1.967394,124.96348,0,false,false,0.0,-38.8986,0,0.0,1.0,1.0
16,8491,0.9,499.610879,111331.265681,499.65876,117416.394185,17473.937404,0.311781,0.254549,0.053028,0.024785,0.07696,-135.001144,0.0,0.0,0.0,0.0,0.0,0.0,0,0,0,0,0,0,0,0,0,0,0,0,0,0,0,371.256866,410.985809,458.391693,561.407166,462.265442,414.452759,371.089844,410.441162,457.783539,560.661194,461.751007,413.992065,370.205017,409.972931,457.261993,560.023621,462.363068,414.540314,370.352936,410.528473,457.880981,560.78064,462.884857,415.008545,37.790455,105501.040365,2.028167,72.229014,0,false,false,0.0,-38.8886,0,0.0,1.0,1.0
16,8492,0.95,499.599061,-74030.864742,499.650245,-80116.04443,17473.935912,-0.000848,-0.058205,0.014549,0.028329,0.092298,-135.001114,0.0,0.0,0.0,0.0,0.0,0.0,0,0,0,0,0,0,0,0,0,0,0,0,0,0,0,371.273499,411.000916,458.4086,561.427979,462.262787,414.450439,371.099884,410.438965,457.781158,560.658386,461.734436,413.977295,370.188965,409.958252,457.245697,560.003784,462.365814,414.542847,370.343506,410.531128,457.884003,560.784485,462.90152,415.023529,37.79195,105501.070297,1.981405,43.985368,0,false,false,0.0,-38.8786,0,0.0,1.0,1.0
16,8493,1.0,499.599243,111331.265499,499.654784,117416.389646,17473.937031,0.088217,0.027509,0.012798,0.033041,0.080956,-135.001144,0.0,0.0,0.0,0.0,0.0,0.0,0,0,0,0,0,0,0,0,0,0,0,0,0,0,0,371.272461,410.997284,458.40448,561.422852,462.259216,414.447205,371.09375,410.435577,457.777313,560.653564,461.738312,413.980682,370.189453,409.961517,457.249298,560.008057,462.369354,414.545959,370.349121,410.534119,457.887299,560.788391,462.897644,415.02002,37.790829,105501.056186,2.016612,64.870214,0,false,false,0.0,-38.8686,0,0.0,1.0,1.0
16,8494,1.05,499.605544,-74030.871043,499.663747,-80116.053393,17473.939245,0.144761,0.111959,0.024192,0.035853,0.058234,-135.001068,0.0,0.0,0.0,0.0,0.0,0.0,0,0,0,0,0,0,0,0,0,0,0,0,0,0,0,371.263428,410.986023,458.39209,561.407898,462.256531,414.444916,371.082977,410.433563,457.775208,560.651245,461.750244,413.991547,370.198822,409.972626,457.261841,560.023682,462.371033,414.547607,370.360229,410.536011,457.889526,560.791382,462.884674,415.008514,37.788616,105501.011375,1.868568,106.711375,0,false,false,0.0,-38.8586,0,0.0,1.0,1.0
16,8495,1.1,499.62049,111331.250554,499.677174,117416.376219,17473.939715,0.0,0.0,0.0,0.03353,0.025224,-135.001434,0.0,0.0,0.0,0.0,0.0,0.0,0,0,0,0,0,0,0,0,0,0,0,0,0,0,0,371.240326,410.964386,458.367035,561.375732,462.259277,414.446564,371.065063,410.433807,457.774567,560.648987,461.774902,414.012848,370.217651,409.992523,457.283112,560.048279,462.371277,414.547028,370.37384,410.534027,457.886414,560.786072,462.863007,414.988281,37.788147,105500.912309,2.510658,167.495467,0,false,false,0.0,-38.8486,0,0.0,1.0,1.0
16,8496,1.15,499.625649,-74030.876203,499.675727,-80116.051946,17473.94064,0.0,0.0,0.0,0.024803,0.019691,-135.001816,0.0,0.0,0.0,0.0,0.0,0.0,0,0,0,0,0,0,0,0,0,0,0,0,0,0,0,371.231689,410.960907,458.362244,561.368225,462.266449,414.452118,371.06543,410.437897,457.778198,560.651794,461.779724,414.016296,370.222107,409.994476,457.284363,560.048218,462.367676,414.542908,370.369293,410.528412,457.879242,560.775696,462.861755,414.986298,37.78722,105500.892998,3.243028,177.683979,0,false,false,0.0,-38.8386,0,0.0,1.0,1.0
16,8497,1.2,499.624435,111331.251768,499.672315,117416.379631,17473.940993,-0.038213,0.019648,0.005086,0.021471,0.023227,-135.002167,0.0,0.0,0.0,0.0,0.0,0.0,0,0,0,0,0,0,0,0,0,0,0,0,0,0,0,371.231781,410.963654,458.364441,561.369507,462.269836,414.454407,371.067871,410.438843,457.778412,560.650635,461.777527,414.01358,370.218292,409.990448,457.279022,560.040222,462.367462,414.541962,370.363129,410.526154,457.875885,560.770142,462.867126,414.990356,37.786869,105500.907012,3.887986,171.17321,0,false,false,0.0,-38.8286,0,0.0,1.0,1.0
16,8498,1.25,499.624208,-74030.875976,499.670421,-80116.050052,17473.941278,-0.077427,-0.038203,0.015048,0.018808,0.023659,-135.002518,0.0,0.0,0.0,0.0,0.0,0.0,0,0,0,0,0,0,0,0,0,0,0,0,0,0,0,371.230377,410.964539,458.364532,561.368164,462.272858,414.456329,371.06842,410.439392,457.778137,560.648865,461.777435,414.012695,370.215881,409.98822,457.275665,560.034668,462.367767,414.541443,370.358795,410.524261,457.872894,560.765015,462.870514,414.992584,37.786583,105500.909774,4.545106,170.377915,0,false,false,0.0,-38.8186,0,0.0,1.0,1.0
16,8499,1.3,499.621349,111331.254627,499.667622,117416.38243,17473.941324,0.003605,0.004265,0.000453,0.018361,0.028131,-135.002869,0.0,0.0,0.0,0.0,0.0,0.0,0,0,0,0,0,0,0,0,0,0,0,0,0,0,0,371.232513,410.968018,458.367523,561.370361,462.274475,414.45697,371.069794,410.43866,457.776459,560.645325,461.774506,414.009277,370.20993,409.983429,457.269409,560.025574,462.369476,414.542175,370.353546,410.523651,457.871307,560.761597,462.876801,414.997437,37.786537,105500.92672,5.206846,162.144902,0,false,false,0.0,-38.8086,0,0.0,1.0,1.0
16,8500,1.35,499.619139,-74030.873766,499.665606,-80116.048036,17473.94135,0.109856,0.09318,0.013259,0.018112,0.031054,-135.00325,0.0,0.0,0.0,0.0,0.0,0.0,0,0,0,0,0,0,0,0,0,0,0,0,0,0,0,371.233612,410.970398,458.369293,561.370972,462.276062,414.457581,371.07016,410.437836,457.774597,560.641541,461.772797,414.006897,370.204803,409.979614,457.264282,560.0177,462.371368,414.54306,370.349182,410.523102,457.869781,560.758179,462.881989,415.001282,37.78651,105500.937808,5.891535,156.761758,0,false,false,0.0,-38.7986,0,0.0,1.0,1.0
16,8501,1.4,499.620102,111331.253663,499.667215,117416.380821,17473.941327,0.002895,0.013395,0.002033,0.018363,0.02579,-135.003525,0.0,0.0,0.0,0.0,0.0,0.0,0,0,0,0,0,0,0,0,0,0,0,0,0,0,0,371.230591,410.967957,458.365845,561.365601,462.276825,414.457642,371.06662,410.436798,457.772766,560.638123,461.776184,414.009308,370.204712,409.980957,457.265045,560.017517,462.373199,414.544067,370.349609,410.52301,457.868988,560.756042,462.881195,414.999908,37.786533,105500.92111,6.408463,166.455008,0,false,false,0.0,-38.7886,0,0.0,1.0,1.0
16,8502,1.45,499.605297,-74030.858961,499.654411,-80116.035232,17473.939989,0.0,0.0,0.0,0.02038,0.050259,-135.00351,0.0,0.0,0.0,0.0,0.0,0.0,0,0,0,0,0,0,0,0,0,0,0,0,0,0,0,371.251495,410.988312,458.38858,561.393494,462.275269,414.456268,371.081757,410.435486,457.771301,560.636353,461.753723,413.989197,370.184174,409.960876,457.242676,559.990173,462.374908,414.545624,370.334808,410.524597,457.870789,560.758362,462.903809,415.020233,37.787872,105501.002097,6.395118,121.398856,0,false,false,0.0,-38.7786,0,0.0,1.0,1.0
16,8503,1.5,499.613031,111331.24593,499.6631,117416.372132,17473.94104,0.007206,0.003946,0.000912,0.021047,0.029815,-135.003662,0.0,0.0,0.0,0.0,0.0,0.0,0,0,0,0,0,0,0,0,0,0,0,0,0,0,0,371.239594,410.975891,458.37439,561.375549,462.275024,414.455719,371.070465,410.434387,457.769775,560.633911,461.76767,414.001404,370.194336,409.972534,457.255341,560.005066,462.376251,414.546478,370.344391,410.524933,457.870819,560.757751,462.890961,415.008362,37.786819,105500.940438,6.639393,159.043724,0,false,false,0.0,-38.7686,0,0.0,1.0,1.0
16,8504,1.55,499.609789,-74030.855719,499.660456,-80116.032588,17473.941015,-0.10359,-0.11133,0.032538,0.021211,0.033488,-135.004028,0.0,0.0,0.0,0.0,0.0,0.0,0,0,0,0,0,0,0,0,0,0,0,0,0,0,0,371.242096,410.979523,458.377502,561.377808,462.276306,414.456024,371.071533,410.433258,457.767578,560.6297,461.764618,413.997803,370.187836,409.967529,457.24884,559.995605,462.378479,414.547668,370.339325,410.524658,457.869598,560.754761,462.897522,415.013428,37.786846,105500.954533,7.323669,152.280931,0,false,false,0.0,-38.7586,0,0.0,0.0,1.0
16,8505,1.6,499.610693,111331.245025,499.66189,117416.370698,17473.941009,-0.101234,-0.09166,0.027504,0.021313,0.029032,-135.00441,0.0,0.0,0.0,0.0,0.0,0.0,0,0,0,0,0,0,0,0,0,0,0,0,0,0,0,371.238708,410.977081,458.37384,561.371765,462.277588,414.456329,371.067719,410.432129,457.765411,560.625488,461.76825,414.000244,370.187134,409.968506,457.248993,559.994202,462.380646,414.548767,370.33902,410.524323,457.868286,560.751587,462.897339,415.012421,37.786854,105500.940666,8.010156,160.486636,0,false,false,0.0,-38.7486,0,0.0,0.0,1.0
16,8506,1.65,499.610628,-74030.855654,499.661609,-80116.032306,17473.941105,-0.055192,-0.044884,0.013558,0.020426,0.027804,-135.004837,0.0,0.0,0.0,0.0,0.0,0.0,0,0,0,0,0,0,0,0,0,0,0,0,0,0,0,371.236481,410.976501,458.372131,561.36792,462.279755,414.457336,371.065735,410.431458,457.76358,560.62146,461.769958,414.000824,370.184662,409.967407,457.246735,559.989685,462.382446,414.549438,370.336334,410.523346,457.866119,560.747131,462.899628,415.013489,37.786755,105500.937383,8.804945,162.748389,0,false,false,0.0,-38.7386,0,0.0,0.0,1.0
16,8507,1.7,499.60854,111331.247114,499.659772,117416.372535,17473.941143,0.053643,0.049482,0.00626,0.020055,0.029889,-135.005341,0.0,0.0,0.0,0.0,0.0,0.0,0,0,0,0,0,0,0,0,0,0,0,0,0,0,0,371.236603,410.978394,458.372986,561.366821,462.281952,414.45816,371.065125,410.430298,457.761017,560.616211,461.769135,413.998932,370.178986,409.963562,457.24118,559.980713,462.385071,414.550629,370.33139,410.522552,457.863953,560.742432,462.905212,415.017365,37.786716,105500.94593,9.75154,158.908079,0,false,false,0.0,-38.7286,0,0.0,0.0,1.0
16,8508,1.75,499.608933,-74030.856047,499.660401,-80116.032936,17473.941172,0.0,0.0,0.0,0.0198,0.027052,-135.005753,0.0,0.0,0.0,0.0,0.0,0.0,0,0,0,0,0,0,0,0,0,0,0,0,0,0,0,371.233826,410.976837,458.37027,561.361816,462.28363,414.45874,371.062134,410.429352,457.758972,560.612,461.771851,414.000458,370.177368,409.963531,457.240143,559.977844,462.387115,414.551575,370.329987,410.521942,457.862274,560.738708,462.90625,415.017395,37.78669,105500.937137,10.492324,164.133031,0,false,false,0.0,-38.7186,0,0.0,0.0,1.0
16,8509,1.8,499.607641,111331.248406,499.658991,117416.373945,17473.941248,0.057488,0.055935,0.006803,0.019077,0.028368,-135.006149,0.0,0.0,0.0,0.0,0.0,0.0,0,0,0,0,0,0,0,0,0,0,0,0,0,0,0,371.23349,410.978058,458.370636,561.360596,462.285614,414.459625,371.061646,410.42865,457.757202,560.608154,461.771545,413.999268,370.17334,409.960785,457.236084,559.97113,462.388916,414.552277,370.326111,410.521057,457.860321,560.734619,462.91037,415.020172,37.786613,105500.942712,11.241202,161.710263,0,false,false,0.0,-38.7086,0,0.0,0.0,1.0
16,8510,1.85,499.605038,-74030.853443,499.656415,-80116.03036,17473.94131,0.171106,0.149604,0.020614,0.018429,0.031925,-135.006607,0.0,0.0,0.0,0.0,0.0,0.0,0,0,0,0,0,0,0,0,0,0,0,0,0,0,0,371.234711,410.980988,458.372772,561.361328,462.28772,414.46051,371.062225,410.427795,457.755096,560.60376,461.76944,413.996368,370.167206,409.956146,457.229767,559.961548,462.391052,414.553192,370.320618,410.520233,457.858276,560.730225,462.916718,415.024841,37.786552,105500.956116,12.079247,155.161126,0,false,false,0.0,-38.6986,0,0.0,0.0,1.0
16,8511,1.9,499.60616,111331.247284,499.657711,117416.372649,17473.941352,0.015535,0.016435,0.001989,0.018117,0.027728,-135.006989,0.0,0.0,0.0,0.0,0.0,0.0,0,0,0,0,0,0,0,0,0,0,0,0,0,0,0,371.230988,410.978455,458.369019,561.355164,462.289368,414.46109,371.058594,410.42691,457.753174,560.599792,461.773163,413.998871,370.166718,409.957153,457.22995,559.960205,462.392975,414.554047,370.320068,410.519623,457.856628,560.726624,462.916504,415.023804,37.78651,105500.942675,12.783859,162.889351,0,false,false,0.0,-38.6886,0,0.0,0.0,1.0
16,8512,1.95,499.605605,-74030.852889,499.657267,-80116.029916,17473.941394,-0.026706,-0.024194,0.007083,0.017721,0.027248,-135.007401,0.0,0.0,0.0,0.0,0.0,0.0,0,0,0,0,0,0,0,0,0,0,0,0,0,0,0,371.229553,410.978424,458.36795,561.352173,462.291138,414.461792,371.056885,410.426056,457.751221,560.595703,461.774231,413.998901,370.163757,409.955627,457.227264,559.955261,462.394958,414.554901,370.317352,410.518921,457.854858,560.722778,462.91922,415.02533,37.786465,105500.94192,13.531035,163.772857,0,false,false,0.0,-38.6786,0,0.0,0.0,1.0
16,8513,2.0,499.602298,111331.250591,499.654409,117416.375508,17473.941386,0.164219,0.141403,0.020122,0.017749,0.032203,-135.007736,0.0,0.0,0.0,0.0,0.0,0.0,0,0,0,0,0,0,0,0,0,0,0,0,0,0,0,371.23233,410.9823,458.371429,561.35498,462.292419,414.462158,371.05838,410.425079,457.749268,560.591919,461.770844,413.995087,370.157288,409.9505,457.220673,559.94574,462.396942,414.555908,370.312164,410.518585,457.853638,560.719849,462.925873,415.030518,37.786476,105500.959964,14.168534,154.649586,0,false,false,0.0,-38.6686,0,0.0,0.0,1.0
16,8514,2.05,499.604113,-74030.854704,499.656487,-80116.031995,17473.941423,-0.055028,-0.047235,0.014165,0.017455,0.026002,-135.008224,0.0,0.0,0.0,0.0,0.0,0.0,0,0,0,0,0,0,0,0,0,0,0,0,0,0,0,371.227051,410.978485,458.365967,561.346252,462.294434,414.462891,371.053192,410.42392,457.746796,560.586853,461.776245,413.998871,370.157196,409.952393,457.221588,559.944824,462.399414,414.557037,370.311981,410.517822,457.851593,560.715332,462.924957,415.028595,37.786438,105500.939731,15.065291,166.06779,0,false,false,0.0,-38.6586,0,0.0,0.0,1.0
16,8515,2.1,499.60238,111331.252324,499.654949,117416.377046,17473.941449,0.0,0.0,0.0,0.017197,0.027931,-135.008606,0.0,0.0,0.0,0.0,0.0,0.0,0,0,0,0,0,0,0,0,0,0,0,0,0,0,0,371.227417,410.980133,458.366882,561.345825,462.296082,414.463501,371.052948,410.423065,457.744873,560.582947,461.77536,413.997223,370.15271,409.949249,457.217163,559.937866,462.401367,414.557922,370.308136,410.517242,457.850006,560.711792,462.929413,415.031738,37.786411,105500.947473,15.767048,162.515887,0,false,false,0.0,-38.6486,0,0.0,0.0,1.0
16,8516,2.15,499.60106,-74030.853384,499.654015,-80116.031061,17473.941447,-0.09106,-0.093674,0.02754,0.017201,0.028673,-135.008926,0.0,0.0,0.0,0.0,0.0,0.0,0,0,0,0,0,0,0,0,0,0,0,0,0,0,0,371.227539,410.981201,458.367249,561.344971,462.297241,414.463837,371.052307,410.42218,457.743103,560.579468,461.774994,413.996185,370.14917,409.947021,457.213867,559.932495,462.403137,414.558807,370.305359,410.516937,457.848846,560.709106,462.932739,415.034027,37.786415,105500.951074,16.350578,161.149525,0,false,false,0.0,-38.6386,0,0.0,0.0,1.0
16,8517,2.2,499.600715,111331.252669,499.653912,117416.377148,17473.941485,0.039749,0.036775,0.004626,0.016879,0.027223,-135.009415,0.0,0.0,0.0,0.0,0.0,0.0,0,0,0,0,0,0,0,0,0,0,0,0,0,0,0,371.225372,410.980591,458.365387,561.340698,462.299286,414.464569,371.049774,410.421051,457.740662,560.574524,461.776886,413.996765,370.146118,409.94574,457.211273,559.927368,462.405579,414.559937,370.302643,410.516174,457.846832,560.70459,462.935333,415.035278,37.786377,105500.947138,17.238073,163.819158,0,false,false,0.0,-38.6286,0,0.0,0.0,1.0
16,8518,2.25,499.59993,-74030.852599,499.653376,-80116.030525,17473.941505,-0.034224,-0.03426,0.010044,0.01669,0.027096,-135.009766,0.0,0.0,0.0,0.0,0.0,0.0,0,0,0,0,0,0,0,0,0,0,0,0,0,0,0,371.224487,410.980865,458.364777,561.33844,462.300751,414.465118,371.048401,410.420197,457.7388,560.570679,461.777496,413.996521,370.143066,409.944092,457.208527,559.922485,462.407501,414.560822,370.300049,410.515656,457.845337,560.701294,462.93811,415.036957,37.786358,105500.947597,17.908074,164.053066,1,true,false,0.0,-38.6186,0,1.0,0.0,1.0
16,8519,2.3,499.59809,111331.25451,499.652215,117416.378309,17473.941459,-0.014453,-0.019368,0.00539,0.017106,0.02858,-135.010071,0.0,0.0,0.0,0.0,0.0,0.0,0,0,0,0,0,0,0,0,0,0,0,0,0,0,0,371.225403,410.982483,458.365906,561.338623,462.301575,414.465179,371.048126,410.419128,457.736908,560.567139,461.776398,413.994904,370.138947,409.941345,457.204742,559.916626,462.409424,414.56189,370.29718,410.515594,457.844543,560.699097,462.941925,415.039703,37.786404,105500.953838,18.44596,161.321699,0,true,false,0.0,-38.6086,0,1.0,0.0,1.0
16,8520,2.35,499.597644,-74030.852153,499.652222,-80116.030531,17473.941463,-0.018132,-0.016957,0.004859,0.017075,0.026992,-135.010513,0.0,0.0,0.0,0.0,0.0,0.0,0,0,0,0,0,0,0,0,0,0,0,0,0,0,0,371.223541,410.981964,458.364197,561.334656,462.303284,414.465698,371.045624,410.417938,457.734467,560.562317,461.778107,413.995422,370.135956,409.940155,457.202301,559.911804,462.411865,414.56308,370.2948,410.515076,457.842865,560.69519,462.944366,415.040894,37.786396,105500.94949,19.268334,164.246046,0,true,false,0.0,-38.5986,0,1.0,0.0,1.0
16,8521,2.4,499.596507,111331.255646,499.651379,117416.379152,17473.941474,0.038429,0.034728,0.004506,0.016972,0.02751,-135.010895,0.0,0.0,0.0,0.0,0.0,0.0,0,0,0,0,0,0,0,0,0,0,0,0,0,0,0,371.223083,410.982666,458.364044,561.332947,462.30481,414.466217,371.044525,410.416992,457.732483,560.55835,461.778259,413.99472,370.132324,409.937988,457.198944,559.906128,462.413879,414.564026,370.291779,410.514557,457.84137,560.691772,462.947754,415.043091,37.786388,105500.95224,19.965524,163.292541,0,true,false,0.0,-38.5886,0,1.0,0.0,1.0
16,8522,2.45,499.594401,-74030.850047,499.649984,-80116.029135,17473.941429,0.0,0.0,0.0,0.017379,0.029538,-135.0112,0.0,0.0,0.0,0.0,0.0,0.0,0,0,0,0,0,0,0,0,0,0,0,0,0,0,0,371.224274,410.98465,458.365479,561.333374,462.305695,414.466339,371.044403,410.415894,457.730469,560.554565,461.776886,413.992767,370.127747,409.934814,457.194641,559.899597,462.415924,414.565155,370.288513,410.514496,457.840515,560.689453,462.952087,415.046265,37.78643,105500.96032,20.541224,159.557618,0,true,false,0.0,-38.5786,0,1.0,0.0,1.0
16,8523,2.5,499.594258,111331.255789,499.650101,117416.379034,17473.941464,0.0,0.0,0.0,0.017073,0.027588,-135.011688,0.0,0.0,0.0,0.0,0.0,0.0,0,0,0,0,0,0,0,0,0,0,0,0,0,0,0,371.221832,410.983734,458.363281,561.328674,462.307709,414.467041,371.041656,410.414764,457.728027,560.549622,461.779083,413.993652,370.124969,409.933868,457.192413,559.894897,462.418335,414.566284,370.286102,410.513763,457.838501,560.684998,462.954346,415.047211,37.786396,105500.95467,21.421008,163.149387,0,true,false,0.0,-38.5686,0,1.0,0.0,1.0
16,8524,2.55,499.591195,-74030.846984,499.647832,-80116.026867,17473.941404,0.073714,0.056981,0.00914,0.017581,0.03153,-135.011963,0.0,0.0,0.0,0.0,0.0,0.0,0,0,0,0,0,0,0,0,0,0,0,0,0,0,0,371.224579,410.987122,458.366364,561.331299,462.30838,414.467041,371.042725,410.413666,457.726105,560.546143,461.776031,413.990326,370.119232,409.929443,457.186798,559.886841,462.420319,414.567413,370.281982,410.513824,457.837891,560.683105,462.960022,415.051666,37.786457,105500.969308,21.936326,155.891439,0,true,false,0.0,-38.5586,0,1.0,0.0,1.0
16,8525,2.6,499.591551,111331.255434,499.648588,117416.378278,17473.941406,0.051522,0.044645,0.006143,0.017597,0.02862,-135.012299,0.0,0.0,0.0,0.0,0.0,0.0,0,0,0,0,0,0,0,0,0,0,0,0,0,0,0,371.222168,410.985626,458.363861,561.326843,462.309631,414.467377,371.039917,410.41272,457.724182,560.542358,461.778534,413.991791,370.117889,409.929596,457.186127,559.884583,462.422241,414.568359,370.281067,410.513428,457.836609,560.680115,462.960693,415.051514,37.786453,105500.960337,22.566079,161.24857,0,true,false,0.0,-38.5486,0,1.0,0.0,1.0
16,8526,2.65,499.591688,-74030.847122,499.648761,-80116.02704,17473.941456,-0.021161,-0.018572,0.005402,0.017142,0.026741,-135.01268,0.0,0.0,0.0,0.0,0.0,0.0,0,0,0,0,0,0,0,0,0,0,0,0,0,0,0,371.21994,410.98468,458.361877,561.322876,462.31134,414.468079,371.037689,410.411957,457.722443,560.538635,461.780518,413.992737,370.116089,409.929108,457.184662,559.881287,462.423981,414.569092,370.279266,410.512726,457.83493,560.676514,462.962158,415.052002,37.786404,105500.954624,23.250425,164.708769,0,true,false,0.0,-38.5386,0,1.0,0.0,1.0
16,8527,2.7,499.588445,111331.258677,499.646182,117416.380857,17473.941432,0.008695,-0.003689,0.001536,0.017342,0.030896,-135.013031,1.0,0.0,0.0,0.0,0.0,0.0,0,0,0,0,0,0,0,0,0,0,0,0,0,0,0,371.222534,410.988281,458.365021,561.325256,462.312469,414.468292,371.038757,410.410797,457.720306,560.534546,461.777405,413.989166,370.10968,409.924194,457.178284,559.872009,462.426178,414.570282,370.274384,410.512573,457.833832,560.673767,462.968597,415.056976,37.78643,105500.970262,23.903081,157.058144,0,true,false,0.0,-38.5286,0,0.0,0.0,1.0
16,8528,2.75,499.588923,-74030.8476,499.647093,-80116.02795,17473.941428,-0.057409,-0.057185,0.016824,0.017397,0.027764,-135.013428,1.0,0.0,0.0,0.0,0.0,0.0,0,0,0,0,0,0,0,0,0,0,0,0,0,0,0,371.219635,410.986481,458.36203,561.319946,462.313965,414.46875,371.035461,410.409729,457.718079,560.530212,461.780396,413.990936,370.108215,409.924438,457.177551,559.869446,462.428406,414.571381,370.273315,410.512085,457.832336,560.670227,462.969299,415.056702,37.786434,105500.960366,24.638957,162.826075,0,true,false,0.0,-38.5186,0,0.0,0.0,1.0
16,8529,2.8,499.58834,111331.25926,499.646796,117416.381155,17473.941444,0.0,0.0,0.0,0.017247,0.027137,-135.013824,1.0,0.0,0.0,0.0,0.0,0.0,0,0,0,0,0,0,0,0,0,0,0,0,0,0,0,371.218262,410.986359,458.360901,561.316895,462.315582,414.469299,371.0336,410.408752,457.716003,560.526001,461.781525,413.991058,370.105255,409.923004,457.175018,559.864685,462.430481,414.572357,370.270844,410.511536,457.83075,560.666626,462.971863,415.058136,37.786415,105500.959028,25.368929,163.980338,0,true,false,0.0,-38.5086,0,0.0,0.0,1.0
16,8530,2.85,499.586768,-74030.846028,499.6458,-80116.026955,17473.94143,0.0,0.0,0.0,0.017386,0.027788,-135.014252,1.0,0.0,0.0,0.0,0.0,0.0,0,0,0,0,0,0,0,0,0,0,0,0,0,0,0,371.218109,410.987427,458.361053,561.315369,462.317078,414.469696,371.03244,410.407501,457.713593,560.521301,461.781403,413.990021,370.10083,409.920319,457.17099,559.858032,462.432922,414.573608,370.267426,410.511169,457.829254,560.663086,462.975952,415.060822,37.78643,105500.962508,26.147406,162.783084,0,true,false,0.0,-38.4986,0,0.0,0.0,1.0
16,8531,2.9,499.585726,111331.260302,499.645033,117416.381921,17473.941445,0.040236,0.034836,0.004785,0.017241,0.028141,-135.014648,1.0,0.0,0.0,0.0,0.0,0.0,0,0,0,0,0,0,0,0,0,0,0,0,0,0,0,371.217407,410.988007,458.360687,561.313293,462.318695,414.470276,371.031158,410.406555,457.711548,560.517151,461.781769,413.989471,370.097229,409.918243,457.167664,559.852356,462.434998,414.574554,370.264404,410.51059,457.827667,560.659485,462.979279,415.062927,37.786415,105500.964605,26.877843,162.132527,0,true,false,0.0,-38.4886,0,0.0,0.0,1.0
16,8532,2.95,499.58445,-74030.844752,499.644079,-80116.026,17473.941451,0.028169,0.020366,0.003513,0.017181,0.028962,-135.01503,1.0,0.0,0.0,0.0,0.0,0.0,0,0,0,0,0,0,0,0,0,0,0,0,0,0,0,371.217102,410.988892,458.360748,561.311768,462.320221,414.470795,371.030182,410.405579,457.709503,560.513123,461.781738,413.988586,370.093384,409.915894,457.164093,559.846375,462.437042,414.575562,370.26123,410.510101,457.826172,560.656067,462.98291,415.065308,37.786411,105500.968311,27.584817,160.621064,0,true,false,0.0,-38.4786,0,0.0,0.0,1.0
16,8533,3.0,499.583134,111331.261619,499.643511,117416.38249,17473.941415,0.010183,0.007462,0.001229,0.017534,0.028176,-135.015244,1.0,0.0,0.0,0.0,0.0,0.0,0,0,0,0,0,0,0,0,0,0,0,0,0,0,0,371.217682,410.989868,458.361267,561.311462,462.320648,414.470673,371.029572,410.404602,457.707886,560.510193,461.781219,413.98761,370.090424,409.914093,457.16153,559.842346,462.43869,414.576508,370.25946,410.510223,457.825745,560.654663,462.985443,415.067108,37.786446,105500.967324,27.986137,162.06906,0,true,false,0.0,-38.4686,0,0.0,0.0,1.0
16,8534,3.05,499.582906,-74030.844525,499.643576,-80116.026066,17473.941429,-0.083197,-0.078119,0.023262,0.017409,0.026803,-135.015717,1.0,0.0,0.0,0.0,0.0,0.0,0,0,0,0,0,0,0,0,0,0,0,0,0,0,0,371.215393,410.989075,458.359222,561.307007,462.322601,414.471375,371.026886,410.403473,457.705475,560.505249,461.783295,413.988403,370.087555,409.913055,457.15921,559.837524,462.441132,414.577637,370.256989,410.509521,457.823792,560.65033,462.987793,415.068146,37.78643,105500.963291,28.859914,164.596238,0,true,false,0.0,-38.4586,0,0.0,0.0,1.0
16,8535,3.1,499.580697,111331.263828,499.642017,117416.384049,17473.941391,0.002938,-0.00279,0.000852,0.017738,0.029163,-135.016068,1.0,0.0,0.0,0.0,0.0,0.0,0,0,0,0,0,0,0,0,0,0,0,0,0,0,0,371.216553,410.99115,458.360687,561.307373,462.3237,414.471558,371.026764,410.402344,457.703339,560.501221,461.78186,413.986328,370.082642,409.909637,457.154541,559.830383,462.443298,414.578827,370.253326,410.509338,457.822723,560.647583,462.992523,415.071594,37.786469,105500.972466,29.502105,160.252348,0,true,false,0.0,-38.4486,0,0.0,0.0,1.0
16,8536,3.15,499.579513,-74030.843341,499.641568,-80116.025618,17473.941343,0.0,0.0,0.0,0.018187,0.028454,-135.016296,1.0,0.0,0.0,0.0,0.0,0.0,0,0,0,0,0,0,0,0,0,0,0,0,0,0,0,371.216888,410.991913,458.360962,561.306763,462.324188,414.471466,371.02597,410.401367,457.70166,560.49823,461.781586,413.985596,370.079803,409.90799,457.152161,559.826477,462.444977,414.579803,370.251648,410.50943,457.822266,560.646057,462.994904,415.073242,37.786518,105500.97151,29.922336,161.557764,0,true,false,0.0,-38.4386,0,0.0,0.0,1.0
16,8537,3.2,499.579137,111331.264205,499.641443,117416.384175,17473.941364,-0.013969,-0.011387,0.003188,0.017991,0.027363,-135.016708,1.0,0.0,0.0,0.0,0.0,0.0,0,0,0,0,0,0,0,0,0,0,0,0,0,0,0,371.215149,410.991486,458.359467,561.303223,462.325897,414.472076,371.023865,410.400391,457.699554,560.493958,461.783081,413.986023,370.077057,409.90683,457.149841,559.82196,462.447083,414.58078,370.249298,410.50882,457.820587,560.642273,462.997253,415.074402,37.786495,105500.968552,30.678754,163.566646,0,true,false,0.0,-38.4286,0,0.0,0.0,1.0
16,8538,3.25,499.575815,-74030.840019,499.63872,-80116.022895,17473.941349,0.100347,0.082665,0.012224,0.018097,0.031707,-135.017166,1.0,0.0,0.0,0.0,0.0,0.0,0,0,0,0,0,0,0,0,0,0,0,0,0,0,0,371.217316,410.995056,458.362305,561.30481,462.327545,414.472565,371.024536,410.399078,457.696991,560.488892,461.780304,413.982483,370.069977,409.90155,457.142822,559.811462,462.449738,414.582123,370.243652,410.508423,457.81897,560.638428,463.004333,415.079712,37.78651,105500.984675,31.523518,155.568467,0,true,false,0.0,-38.4186,0,0.0,0.0,1.0
16,8539,3.3,499.57617,111331.263849,499.63951,117416.383384,17473.941348,0.030408,0.026343,0.003602,0.018143,0.028718,-135.017517,1.0,0.0,0.0,0.0,0.0,0.0,0,0,0,0,0,0,0,0,0,0,0,0,0,0,0,371.214874,410.99353,458.359772,561.300293,462.328766,414.47287,371.021698,410.398102,457.695038,560.485107,461.782806,413.983978,370.068665,409.901733,457.142181,559.809265,462.45166,414.583099,370.242798,410.508057,457.817749,560.635498,463.004974,415.079529,37.786514,105500.975416,32.15085,161.072603,0,true,false,0.0,-38.4086,0,0.0,0.0,1.0
16,8540,3.35,499.576234,-74030.840083,499.639619,-80116.023003,17473.9414,-0.025211,-0.021825,0.006373,0.01766,0.026992,-135.017914,1.0,0.0,0.0,0.0,0.0,0.0,0,0,0,0,0,0,0,0,0,0,0,0,0,0,0,371.212616,410.992645,458.357788,561.296204,462.330597,414.473633,371.019379,410.397308,457.693146,560.48114,461.784821,413.984863,370.066589,409.901093,457.140472,559.805542,462.453552,414.583893,370.240753,410.507324,457.815918,560.631592,463.006714,415.08017,37.786461,105500.970168,32.888345,164.249582,0,true,false,0.0,-38.3986,0,0.0,0.0,1.0
16,8541,3.4,499.572981,111331.267102,499.636988,117416.386016,17473.941381,-0.002767,-0.014342,0.003703,0.01781,0.03121,-135.018311,1.0,0.0,0.0,0.0,0.0,0.0,0,0,0,0,0,0,0,0,0,0,0,0,0,0,0,371.214996,410.996216,458.360779,561.298218,462.33194,414.473938,371.020294,410.396088,457.690826,560.476685,461.78186,413.981354,370.059906,409.896027,457.13385,559.795776,462.455933,414.585114,370.235565,410.507019,457.814636,560.628357,463.013367,415.085266,37.78648,105500.985903,33.618991,156.48368,0,true,false,0.0,-38.3886,0,0.0,0.0,1.0
16,8542,3.45,499.573726,-74030.840828,499.638105,-80116.02412,17473.941386,-0.041307,-0.039604,0.011685,0.017792,0.027586,-135.018692,1.0,0.0,0.0,0.0,0.0,0.0,0,0,0,0,0,0,0,0,0,0,0,0,0,0,0,371.211792,410.99408,458.357452,561.292542,462.333435,414.474426,371.016785,410.395081,457.688721,560.472473,461.785187,413.983459,370.058899,409.896637,457.133575,559.793823,462.458038,414.586151,370.234802,410.506531,457.81311,560.624939,463.013641,415.084656,37.786476,105500.974246,34.333961,163.157372,0,true,false,0.0,-38.3786,0,0.0,0.0,1.0
16,8543,3.5,499.571333,111331.269495,499.636216,117416.387905,17473.941369,0.0,0.0,0.0,0.017931,0.030546,-135.019073,1.0,0.0,0.0,0.0,-0.279972,-0.069993,0,0,0,0,0,0,0,0,0,0,0,0,0,0,0,371.213043,410.99649,458.359192,561.293091,462.334808,414.474792,371.016937,410.393982,457.686584,560.468262,461.783478,413.981079,370.053528,409.892792,457.128326,559.785889,462.460236,414.58725,370.230591,410.506195,457.811798,560.621704,463.018951,415.088531,37.786491,105500.985333,35.034132,157.706299,0,true,false,0.0,-38.3686,0,0.0,0.0,1.0
16,8544,3.55,499.570768,-74030.840263,499.636041,-80116.023946,17473.941372,-0.066653,-0.071454,0.020848,0.017908,0.029629,-135.019409,1.0,0.0,0.0,0.0,-0.425604,0.0,0,0,0,0,0,0,0,0,0,0,0,0,0,0,0,371.212036,410.996399,458.358307,561.290649,462.336029,414.475159,371.01532,410.393066,457.684753,560.464722,461.784363,413.98114,370.050995,409.891602,457.126221,559.781921,462.462067,414.588165,370.228638,410.505859,457.810608,560.618958,463.021057,415.089722,37.786488,105500.983116,35.633648,159.395928,0,true,false,0.0,-38.3586,0,0.0,0.0,1.0
16,8545,3.6,499.570061,111331.270203,499.63574,117416.388206,17473.941383,0.063919,0.056673,0.00758,0.017824,0.028669,-135.019897,1.0,0.0,0.0,0.0,0.0,0.0,0,0,0,0,0,0,0,0,0,0,0,0,0,0,0,371.210327,410.996216,458.356873,561.286865,462.337952,414.4758,371.01297,410.391846,457.682159,560.459534,461.785828,413.981354,370.047394,409.889923,457.123138,559.776184,462.464661,414.589417,370.225677,410.505219,457.808685,560.614563,463.02417,415.0914,37.78648,105500.980836,36.53174,161.164051,0,true,false,0.0,-38.3486,0,0.0,0.0,1.0
16,8546,3.65,499.568118,-74030.838321,499.634283,-80116.022489,17473.941367,-0.023007,-0.032676,0.009097,0.01795,0.030621,-135.020233,1.0,0.0,0.0,0.0,0.0,0.0,0,0,0,0,0,0,0,0,0,0,0,0,0,0,0,371.211212,410.998047,458.358093,561.286987,462.339142,414.476105,371.012848,410.390839,457.680237,560.45575,461.784607,413.979523,370.042908,409.88681,457.118835,559.76947,462.466644,414.590424,370.222198,410.504944,457.807526,560.611755,463.028503,415.094543,37.786495,105500.988455,37.149467,157.568932,0,true,false,0.0,-38.3386,0,0.0,0.0,1.0
16,8547,3.7,499.566615,111331.271705,499.633721,117416.388768,17473.941294,-0.091202,-0.095404,0.027989,0.018624,0.03029,-135.020416,1.0,0.0,0.0,0.0,0.0,0.0,0,0,0,0,0,0,0,0,0,0,0,0,0,0,0,371.212158,410.999207,458.358887,561.28717,462.339264,414.475769,371.012329,410.389771,457.678558,560.452942,461.783844,413.978394,370.039825,409.884918,457.116272,559.765564,462.468323,414.591492,370.220581,410.505249,457.807404,560.61084,463.031097,415.096436,37.786568,105500.988876,37.504112,158.178837,0,true,false,0.0,-38.3286,0,0.0,0.0,1.0
16,8548,3.75,499.567087,-74030.838792,499.634269,-80116.023037,17473.941344,-0.02568,-0.023093,0.006752,0.018196,0.02761,-135.020813,1.0,0.0,0.0,0.0,0.0,0.0,0,0,0,0,0,0,0,0,0,0,0,0,0,0,0,371.209351,410.997681,458.356232,561.282288,462.341034,414.476471,371.009521,410.388947,457.676697,560.448975,461.786469,413.979889,370.038361,409.884918,457.115265,559.762695,462.470184,414.592316,370.219116,410.504547,457.805664,560.607056,463.032104,415.096436,37.786518,105500.980382,38.228244,163.113592,0,true,false,0.0,-38.3186,0,0.0,0.0,1.0
16,8549,3.8,499.56594,111331.272851,499.633357,117416.389679,17473.941382,0.024827,0.023623,0.002836,0.017826,0.027824,-135.021286,1.0,0.0,0.0,0.0,0.0,0.0,0,0,0,0,0,0,0,0,0,0,0,0,0,0,0,371.208374,410.998291,458.355743,561.279724,462.343018,414.477234,371.008026,410.387878,457.674316,560.444153,461.786987,413.979279,370.03421,409.882507,457.11142,559.756042,462.472595,414.593384,370.215515,410.503815,457.80368,560.602661,463.03598,415.098846,37.78648,105500.982127,39.095519,162.719667,0,true,false,0.0,-38.3086,0,0.0,0.0,1.0
16,8550,3.85,499.565291,-74030.838143,499.633162,-80116.022841,17473.941375,0.0,0.0,0.0,0.017908,0.027025,-135.021622,1.0,0.0,0.0,0.0,0.0,0.0,0,0,0,0,0,0,0,0,0,0,0,0,0,0,0,371.207397,410.99823,458.354858,561.277222,462.344269,414.477539,371.006348,410.386902,457.672363,560.440369,461.787903,413.97934,370.031494,409.881226,457.109161,559.751831,462.474548,414.594391,370.21347,410.503479,457.80246,560.599792,463.038269,415.100159,37.786488,105500.980209,39.726262,164.191618,0,true,false,0.0,-38.2986,0,0.0,0.0,1.0
16,8551,3.9,499.563472,111331.27467,499.631722,117416.39112,17473.941377,0.051974,0.045019,0.006191,0.017862,0.028865,-135.022003,1.0,0.0,0.0,0.0,0.139986,-0.139986,0,0,0,0,0,0,0,0,0,0,0,0,0,0,0,371.207855,410.999908,458.355743,561.276733,462.345734,414.478027,371.005951,410.385895,457.670319,560.436218,461.787018,413.977692,370.026917,409.878113,457.104736,559.744873,462.476654,414.595398,370.209747,410.503021,457.801025,560.596436,463.042694,415.103271,37.786484,105500.987463,40.429212,160.804383,0,true,false,0.0,-38.2886,0,0.0,0.0,1.0
16,8552,3.95,499.559874,-74030.834545,499.628721,-80116.019841,17473.941359,0.132976,0.109318,0.016567,0.018081,0.033635,-135.022278,1.0,0.0,0.0,0.0,0.139986,-0.139986,0,0,0,0,0,0,0,0,0,0,0,0,0,0,0,371.211456,411.004242,458.359955,561.280823,462.346497,414.478119,371.008057,410.384979,457.66864,560.433105,461.782867,413.973389,370.020477,409.872803,457.098175,559.735779,462.478363,414.596375,370.204865,410.502991,457.800323,560.594482,463.049347,415.108643,37.786503,105501.004965,40.911203,152.020912,0,true,false,0.0,-38.2786,0,0.0,0.0,1.0
16,8553,4.0,499.559146,111331.275398,499.628958,117416.390883,17473.94127,0.050874,0.038089,0.006324,0.018856,0.031427,-135.022461,1.0,0.0,0.0,0.0,0.0,-0.069993,0,0,0,0,0,0,0,0,0,0,0,0,0,0,0,371.211304,411.004242,458.359436,561.279358,462.346588,414.477783,371.006592,410.383881,457.666931,560.430237,461.783356,413.973389,370.018494,409.87207,457.096863,559.733337,462.480072,414.597443,370.204163,410.503296,457.800201,560.593506,463.050629,415.109375,37.786591,105500.999237,41.267734,156.086499,0,true,false,0.0,-38.2686,0,0.0,0.0,1.0
16,8554,4.05,499.557145,-74030.832543,499.627801,-80116.018684,17473.941203,-0.002888,-0.015031,0.003881,0.019447,0.032819,-135.02272,1.0,0.0,0.0,0.0,0.0,-0.069993,0,0,0,0,0,0,0,0,0,0,0,0,0,0,0,371.212708,411.006073,458.36087,561.28009,462.347076,414.477631,371.0065,410.382782,457.6651,560.426941,461.781952,413.971588,370.014404,409.869293,457.09314,559.727783,462.481934,414.598572,370.201538,410.503448,457.799744,560.591919,463.054413,415.112183,37.786659,105501.00505,41.727727,153.523746,0,true,false,0.0,-38.2586,0,0.0,0.0,1.0
16,8555,4.1,499.556006,111331.276537,499.626852,117416.391832,17473.941252,0.172946,0.150125,0.021142,0.018994,0.03296,-135.023163,1.0,0.0,0.0,0.0,0.0,0.0,0,0,0,0,0,0,0,0,0,0,0,0,0,0,0,371.211884,411.006744,458.360535,561.277832,462.348969,414.478363,371.005219,410.381805,457.662933,560.422485,461.782318,413.970917,370.010437,409.866913,457.089417,559.721375,462.484131,414.599548,370.198059,410.502747,457.797882,560.58783,463.058167,415.114563,37.78661,105501.006577,42.539457,153.265602,0,true,false,0.0,-38.2486,0,0.0,0.0,1.0
16,8556,4.15,499.557369,-74030.833906,499.628512,-80116.020344,17473.94127,0.0,0.0,0.0,0.01888,0.028004,-135.02356,1.0,0.0,0.0,0.0,0.139986,-0.069993,0,0,0,0,0,0,0,0,0,0,0,0,0,0,0,371.207703,411.003754,458.356201,561.270874,462.350616,414.478912,371.001007,410.380798,457.660797,560.418213,461.786652,413.973877,370.010193,409.868317,457.089996,559.720398,462.486237,414.600555,370.197845,410.502167,457.796234,560.584167,463.057556,415.113098,37.786591,105500.990487,43.281663,162.390478,0,true,false,0.0,-38.2386,0,0.0,0.0,1.0
16,8557,4.2,499.556008,111331.277898,499.627276,117416.393068,17473.941308,0.076125,0.068288,0.008996,0.018507,0.029182,-135.023941,1.0,0.0,0.0,0.0,0.139986,-0.069993,0,0,0,0,0,0,0,0,0,0,0,0,0,0,0,371.20752,411.004913,458.356537,561.269653,462.352295,414.479584,371.000366,410.379974,457.658905,560.414307,461.786316,413.972748,370.006195,409.865692,457.086121,559.71405,462.488159,414.601379,370.194305,410.501526,457.794556,560.580505,463.061493,415.115753,37.786552,105500.995345,43.995164,160.221419,0,true,false,0.0,-38.2286,0,0.0,0.0,1.0
16,8558,4.25,499.553688,-74030.831586,499.625274,-80116.018343,17473.941317,0.134495,0.114406,0.016241,0.018408,0.032128,-135.024292,1.0,0.0,0.0,0.0,0.209979,-0.139986,0,0,0,0,0,0,0,0,0,0,0,0,0,0,0,371.208954,411.007416,458.358521,561.270691,462.353638,414.480011,371.000885,410.379089,457.657104,560.410706,461.784393,413.970245,370.001129,409.861908,457.081024,559.706482,462.48999,414.602295,370.190155,410.501129,457.793274,560.577515,463.06662,415.119598,37.786545,105501.006238,44.619077,154.796262,0,true,false,0.0,-38.2186,0,0.0,0.0,1.0
16,8559,4.3,499.554791,111331.276795,499.626715,117416.391627,17473.941341,-0.026913,-0.023042,0.006765,0.018223,0.027334,-135.024765,1.0,0.0,0.0,0.0,0.0,-0.069993,0,0,0,0,0,0,0,0,0,0,0,0,0,0,0,371.204712,411.004639,458.354187,561.263428,462.355591,414.480682,370.99649,410.37793,457.654602,560.40564,461.788666,413.973022,370.000122,409.862823,457.080872,559.704285,462.492493,414.603455,370.18927,410.500427,457.79129,560.57312,463.066772,415.118652,37.786518,105500.99074,45.502511,163.624701,0,true,false,0.0,-38.2086,0,0.0,0.0,1.0
16,8560,4.35,499.552059,-74030.828854,499.624242,-80116.015869,17473.941357,0.122958,0.104771,0.014834,0.018034,0.031284,-135.025101,1.0,0.0,0.0,0.0,0.069993,-0.209979,0,0,0,0,0,0,0,0,0,0,0,0,0,0,0,371.206726,411.007812,458.356873,561.26532,462.356995,414.481171,370.997559,410.377075,457.652832,560.402039,461.786041,413.969879,369.994446,409.858368,457.075073,559.69574,462.494324,414.604309,370.18454,410.499969,457.789948,560.570068,463.072632,415.123138,37.786503,105501.005176,46.13265,156.35164,0,true,false,0.0,-38.1986,0,0.0,0.0,1.0
16,8561,4.4,499.549835,111331.279019,499.622841,117416.393028,17473.941295,0.00044,-0.014705,0.003661,0.018591,0.033289,-135.025406,1.0,0.0,0.0,0.0,0.262843,-0.525686,0,0,0,0,0,0,0,0,0,0,0,0,0,0,0,371.20813,411.009888,458.358459,561.26593,462.357727,414.481171,370.997498,410.375916,457.650757,560.398254,461.784515,413.967834,369.989746,409.855133,457.07074,559.689209,462.496429,414.60553,370.181335,410.5,457.789246,560.567932,463.077026,415.126404,37.786564,105501.0129,46.693077,152.659243,0,true,false,0.0,-38.1886,0,0.0,0.0,1.0
16,8562,4.45,499.548757,-74030.827776,499.622712,-80116.01574,17473.941223,0.0,0.0,0.0,0.01928,0.032032,-135.025635,1.0,0.0,0.0,0.0,0.294818,-1.12031,0,0,0,0,0,0,0,0,0,0,0,0,0,0,0,371.208344,411.010345,458.358429,561.265015,462.357971,414.480896,370.996338,410.374786,457.648987,560.395142,461.784515,413.967377,369.987152,409.853851,457.068726,559.685852,462.49823,414.606628,370.180084,410.500275,457.789001,560.566711,463.07901,415.127716,37.786636,105501.010199,47.092678,154.975232,0,true,false,0.02954,-38.1786,0,0.0,0.0,1.0
16,8563,4.5,499.549551,111331.278225,499.62379,117416.39195,17473.941245,0.012077,0.014026,0.001743,0.019108,0.028314,-135.026047,1.0,0.0,0.0,0.0,0.309384,-0.979716,0,0,0,0,0,0,0,0,0,0,0,0,0,0,0,371.204895,411.008148,458.35495,561.259033,462.35968,414.481476,370.992737,410.373779,457.64682,560.390808,461.787994,413.969543,369.986023,409.854401,457.068329,559.683594,462.500366,414.607635,370.179138,410.499664,457.787292,560.562927,463.079407,415.127136,37.786617,105500.998251,47.859181,161.821867,0,true,false,0.060258,-38.1686,0,0.0,0.0,1.0
16,8564,4.55,499.549225,-74030.82745,499.623621,-80116.015572,17473.94128,-0.135324,-0.125833,0.037632,0.01879,0.027203,-135.026489,1.0,0.0,0.0,0.0,0.219966,-0.571912,0,0,0,0,0,0,0,0,0,0,0,0,0,0,0,371.202972,411.00766,458.353333,561.255249,462.361572,414.482208,370.99057,410.372803,457.644653,560.386353,461.789612,413.970001,369.983215,409.85318,457.065918,559.678833,462.502533,414.608612,370.176575,410.498962,457.7854,560.558777,463.081848,415.128326,37.786583,105500.995076,48.663526,163.866856,0,true,false,0.092803,-38.1586,0,0.0,0.0,1.0
16,8565,4.6,499.554324,111331.273126,499.626892,117416.38868,17473.941583,-0.100997,-0.047366,0.019364,0.016009,0.017007,-135.026825,1.0,0.0,0.0,0.0,0.066972,-0.40183,0,0,0,0,0,0,0,0,0,0,0,0,0,0,0,371.194092,411.000854,458.344879,561.243469,462.364655,414.484192,370.984985,410.373474,457.644531,560.384766,461.798004,413.976776,369.988342,409.858643,457.071136,559.683838,462.502625,414.60791,370.178375,410.496918,457.782288,560.553589,463.076599,415.122864,37.786278,105500.958034,49.299727,182.639985,0,true,false,0.12464,-38.1486,0,0.0,0.0,1.0
16,8566,4.65,499.558111,-74030.831237,499.626411,-80116.015091,17473.904188,0.0,0.0,2.555016,0.010655,0.013434,-135.027008,1.0,0.0,0.0,0.0,0.0,-0.279972,0,0,0,0,0,0,0,0,0,0,0,0,0,0,0,371.188232,410.998077,458.34137,561.238403,462.368958,414.48764,370.985077,410.376251,457.647186,560.387329,461.801544,413.979523,369.992249,409.860718,457.072998,559.685364,462.499969,414.605103,370.176331,410.493439,457.777985,560.547546,463.074707,415.120758,37.823673,105500.943939,49.646616,189.176392,0,true,false,0.162266,-38.1386,0,0.0,0.0,1.0
16,8567,4.7,499.558111,111331.273126,499.626411,117416.38868,17473.570324,0.0,0.0,10.48635,0.010655,0.013434,-135.027008,1.0,0.0,0.0,0.0,0.0,-0.139986,0,0,0,0,0,0,0,0,0,0,0,0,0,0,0,371.188232,410.998077,458.34137,561.238403,462.368958,414.48764,370.985077,410.376251,457.647186,560.387329,461.801544,413.979523,369.992249,409.860718,457.072998,559.685364,462.499969,414.605103,370.176331,410.493439,457.777985,560.547546,463.074707,415.120758,38.157536,105500.943861,49.646678,188.842527,0,true,false,0.193516,-38.1286,0,0.0,0.0,1.0
16,8568,4.75,499.558111,-74030.831237,499.626411,-80116.015091,17472.764777,0.0,0.0,22.068314,0.010655,0.013434,-135.027008,1.0,0.0,0.0,0.0,0.069993,-0.139986,0,0,0,0,0,0,0,0,0,0,0,0,0,0,0,371.188232,410.998077,458.34137,561.238403,462.368958,414.48764,370.985077,410.376251,457.647186,560.387329,461.801544,413.979523,369.992249,409.860718,457.072998,559.685364,462.499969,414.605103,370.176331,410.493439,457.777985,560.547546,463.074707,415.120758,38.963085,105500.943672,49.646828,188.036981,0,true,false,0.222898,-38.1186,0,0.0,0.0,1.0
16,8569,4.8,499.558067,111331.273171,499.626406,117416.388685,17471.450927,0.00261,0.0003,27.590992,0.010655,0.013434,-135.027008,1.0,0.0,0.0,0.0,0.069993,-0.139986,0,0,0,0,0,0,0,0,0,0,0,0,0,0,0,371.188293,410.998108,458.3414,561.238464,462.368927,414.48761,370.985077,410.376221,457.647156,560.387268,461.801483,413.979492,369.992188,409.860657,457.072968,559.685303,462.5,414.605133,370.176331,410.493469,457.778015,560.547607,463.074768,415.120819,40.276936,105500.943399,49.647044,186.72313,0,true,false,0.252884,-38.1086,0,0.0,0.0,1.0
16,8570,4.85,499.557637,-74030.830808,499.626357,-80116.015042,17470.472142,0.010469,0.001203,10.696893,0.010655,0.013434,-135.027008,1.0,0.0,0.0,0.0,0.069993,-0.209979,0,0,0,0,0,0,0,0,0,0,0,0,0,0,0,371.188873,410.998474,458.341797,561.238953,462.368622,414.487335,370.985107,410.375946,457.646851,560.386902,461.801117,413.979156,369.991608,409.860321,457.072571,559.684875,462.500305,414.605408,370.176331,410.493744,457.77832,560.547974,463.075165,415.121155,41.255718,105500.943508,49.646958,185.744345,0,true,false,0.291368,-38.0986,0,0.0,0.0,1.0
16,8571,4.9,499.556935,111331.273873,499.626276,117416.388766,17470.168472,0.017828,0.002048,4.80247,0.010655,0.013434,-135.027008,1.0,0.0,0.0,0.0,0.069993,-0.139986,0,0,0,0,0,0,0,0,0,0,0,0,0,0,0,371.189789,410.999054,458.342438,561.239746,462.368103,414.486877,370.985107,410.375488,457.646362,560.38623,461.800476,413.978577,369.990692,409.859741,457.07193,559.684082,462.500793,414.605865,370.1763,410.494202,457.778839,560.548584,463.075806,415.121735,41.559387,105500.943991,49.646575,185.440676,0,true,false,0.32161,-38.0886,0,0.0,0.0,1.0
16,8572,4.95,499.555871,-74030.829744,499.626154,-80116.01492,17469.924314,0.026241,0.003015,6.482724,0.010655,0.013434,-135.027008,1.0,0.0,0.0,0.0,0.0,-0.139986,0,0,0,0,0,0,0,0,0,0,0,0,0,0,0,371.191193,410.999908,458.343384,561.240906,462.36734,414.486206,370.985168,410.374786,457.645569,560.385315,461.7995,413.977722,369.989288,409.858887,457.070953,559.682861,462.501587,414.606567,370.17627,410.494904,457.779602,560.549561,463.076752,415.122589,41.803547,105500.944773,49.645955,185.196517,0,true,false,0.351452,-38.0786,0,0.0,0.0,1.0
16,8573,5.0,499.554282,111331.275462,499.625971,117416.388948,17469.378797,0.036396,0.004182,15.21324,0.010655,0.013434,-135.027008,1.0,0.0,0.0,0.0,0.069993,-0.209979,0,0,0,0,0,0,0,0,0,0,0,0,0,0,0,371.193268,411.001221,458.344849,561.242676,462.36618,414.485168,370.985229,410.373749,457.64444,560.383911,461.798065,413.97641,369.987213,409.857574,457.069519,559.681091,462.502716,414.607605,370.176208,410.495941,457.780762,560.550964,463.078217,415.123901,42.349064,105500.945898,49.645062,184.651,0,true,false,0.383011,-38.0686,0,0.0,0.0,1.0
16,8574,5.05,499.552038,-74030.8275,499.625714,-80116.014662,17468.063945,0.048563,0.005579,33.426278,0.010655,0.013434,-135.027008,1.0,0.0,0.0,0.0,0.069993,-0.279972,0,0,0,0,0,0,0,0,0,0,0,0,0,0,0,371.196228,411.003052,458.346893,561.245178,462.364563,414.483704,370.985291,410.372314,457.642822,560.381958,461.796021,413.974579,369.984253,409.855743,457.067474,559.678589,462.504333,414.609039,370.176117,410.497375,457.782379,560.552917,463.080261,415.125732,43.663918,105500.947359,49.643903,183.336147,0,true,false,0.416012,-38.0586,0,0.0,0.0,1.0
16,8575,5.1,499.54935,111331.27815,499.625405,117416.389257,17465.74548,0.061337,0.007047,58.602189,0.010655,0.013434,-135.027008,1.0,0.0,0.0,0.0,0.069993,-0.209979,0,0,0,0,0,0,0,0,0,0,0,0,0,0,0,371.199738,411.005249,458.349335,561.248169,462.36261,414.481964,370.985382,410.370575,457.640869,560.379578,461.793549,413.972382,369.980743,409.853546,457.065033,559.675598,462.506287,414.610779,370.176025,410.499115,457.784302,560.555298,463.082703,415.12793,45.98238,105500.948935,49.642653,181.017681,0,true,false,0.446726,-38.0486,0,0.0,0.0,1.0
16,8576,5.15,499.545734,-74030.823885,499.624989,-80116.014247,17461.663734,0.076689,0.008811,94.364311,0.010655,0.013434,-135.027008,1.0,0.0,0.0,0.0,0.139986,-0.209979,0,0,0,0,0,0,0,0,0,0,0,0,0,0,0,371.204498,411.008179,458.352631,561.252197,462.360016,414.479614,370.985535,410.368225,457.638245,560.376343,461.790283,413.969421,369.975983,409.850616,457.061737,559.67157,462.508911,414.613129,370.175903,410.501465,457.786926,560.558533,463.085999,415.130859,50.064129,105500.95083,49.641151,176.935934,0,true,false,0.479685,-38.0386,0,0.0,0.0,1.0
16,8577,5.2,499.541453,111331.282431,499.624498,117416.389749,17455.711946,0.09317,0.010704,137.817169,0.010655,0.013434,-135.027008,1.0,0.0,0.0,0.0,0.0,-0.209979,0,0,0,0,0,0,0,0,0,0,0,0,0,0,0,371.210114,411.011688,458.356506,561.257019,462.356903,414.476837,370.985687,410.365448,457.635162,560.372559,461.786377,413.965942,369.970367,409.847107,457.057831,559.666809,462.511993,414.615906,370.175751,410.504242,457.790009,560.562317,463.089874,415.134369,56.015915,105500.952811,49.63958,170.984145,0,true,false,0.511486,-38.0286,0,0.0,0.0,1.0
16,8578,5.25,499.534975,-74030.817407,499.623753,-80116.013502,17445.005801,0.115704,0.013293,202.635284,0.010655,0.013434,-135.027008,1.0,0.0,0.0,0.0,-0.069993,-0.349965,0,0,0,0,0,0,0,0,0,0,0,0,0,0,0,371.218628,411.016968,458.362427,561.264221,462.352234,414.472656,370.985901,410.361267,457.630493,560.366821,461.780487,413.960663,369.961853,409.841827,457.051941,559.659607,462.516693,414.620117,370.175507,410.508453,457.794708,560.568054,463.095795,415.139648,66.722061,105500.955409,49.637519,160.278,0,true,false,0.55071,-38.0186,0,0.0,0.0,1.0
16,8579,5.3,499.528843,111331.288564,499.623046,117416.390457,17433.457702,0.13583,0.01587,264.650543,0.010646,0.016092,-135.063278,1.0,0.0,0.0,0.0,0.051991,-0.41593,0,0,0,0,0,0,0,0,0,0,0,0,0,0,0,371.029877,410.952484,458.200806,560.916443,462.51712,414.539215,370.789459,410.287903,457.459167,560.007385,461.944,414.026093,369.75766,409.767548,456.879669,559.299194,462.690491,414.694641,369.979034,410.443024,457.632172,560.219299,463.270966,415.215302,78.270157,105500.911751,116.420102,143.848336,0,true,false,0.58159,-38.0086,0,0.0,0.0,1.0
16,8580,5.35,499.521392,-74030.809956,499.621953,-80116.01241,17418.596242,0.16888,0.029646,335.848389,0.010587,0.034695,-135.209229,1.0,0.0,0.0,0.0,0.043764,-0.525169,0,0,0,0,0,0,0,0,0,0,0,0,0,0,0,370.251312,410.681061,457.538177,559.504822,463.196442,414.820343,370.002228,410.006042,456.785461,558.583252,462.620667,414.305267,368.96225,409.484436,456.205017,557.874634,463.380493,414.985199,369.192383,410.170349,456.968567,558.807251,463.963593,415.507812,93.131622,105500.31105,385.163323,94.782513,0,true,false,0.612702,-37.9986,0,0.0,0.0,1.0
16,8581,5.4,500.16253,111330.647426,498.9595,117417.052909,17399.289463,-32.639969,33.3587,397.319672,0.010376,0.057182,-135.484116,1.0,-1.0,0.0,0.0,0.0,-0.693694,0,0,0,0,0,0,0,0,0,0,0,0,0,0,0,368.028931,410.181885,456.307617,556.88031,465.569122,416.323547,369.461792,410.444336,456.598877,557.23468,463.904602,414.835663,368.251129,408.955597,454.943451,555.215515,463.61441,414.575623,366.799408,408.704071,454.663025,554.872253,465.286285,416.071075,112.4384,105497.265823,892.262636,34.163077,0,true,false,0.645587,-37.9886,0,0.0,0.0,1.0
16,8582,5.45,505.242666,-74035.890093,497.303143,-80114.356052,17377.822189,-140.7058,32.22842,437.480476,0.009894,0.085441,-135.895416,1.0,-1.0,1.0,0.0,0.068508,-0.479554,0,0,0,0,0,0,0,0,0,0,0,0,0,0,0,362.623901,406.935516,451.701813,549.620361,473.108398,422.116974,369.993805,414.605225,460.214569,559.977356,468.70694,418.19046,372.428894,410.703888,455.884766,554.710144,460.043091,410.459869,361.953064,403.045135,447.382874,544.364197,464.451904,414.393921,133.90567,105485.619299,1654.287441,-39.195894,0,true,false,0.678375,-37.9786,0,0.0,0.0,1.0
16,8583,5.5,516.426075,111319.464018,495.614407,117418.741645,17353.298097,-255.58892,32.206432,484.243121,0.009001,0.122513,-136.402588,1.0,-1.0,1.0,0.0,-0.139986,-0.279972,0,0,0,0,0,0,0,0,0,0,0,0,0,0,0,370.890625,451.601196,21594.0,570.563538,40000.0,40000.0,387.293213,40000.0,40000.0,584.452454,40000.0,40000.0,383.849884,40000.0,40000.0,564.729919,40000.0,40000.0,355.982178,40000.0,40000.0,550.872681,24488.449219,24655.994141,158.429764,105459.808967,2596.897506,-131.794023,0,true,false,0.712321,-37.9686,0,0.0,0.0,1.0
16,8584,5.55,528.599387,-74048.063404,494.340794,-80113.08244,17333.421204,-342.992669,33.234872,526.618818,0.008116,0.104032,-136.822113,1.0,-1.0,1.0,0.0,-0.380255,-0.271611,0,0,0,0,0,0,0,0,0,0,0,0,0,0,0,378.103455,427.123535,21642.0,570.524109,40000.0,40000.0,410.329102,40000.0,40000.0,596.455688,40000.0,40000.0,396.915192,40000.0,40000.0,564.276672,40000.0,40000.0,350.959167,40000.0,40000.0,538.376831,24512.435547,24632.632812,178.306656,105429.9633,3378.252639,-117.530269,0,true,false,0.737349,-37.9586,0,0.0,0.0,1.0
16,8585,5.6,552.417659,111295.645745,492.377078,117420.705362,17301.559861,-472.634834,36.195147,592.480298,0.00756,-0.064668,-137.430969,1.0,-1.0,1.0,0.0,-0.42903,-0.18387,0,0,0,0,0,0,0,0,0,0,0,0,0,0,0,11086.705078,10466.889648,21877.544922,40000.0,40000.0,40000.0,40000.0,40000.0,40000.0,40000.0,40000.0,40000.0,40000.0,40000.0,40000.0,40000.0,40000.0,40000.0,40000.0,40000.0,40000.0,40000.0,24543.048828,24595.570312,210.167999,105371.825439,4515.92882,161.085838,0,true,false,0.773618,-37.9486,0,0.0,0.0,1.0
16,8586,5.65,580.762339,-74076.408084,491.427808,-80112.13317,17267.758239,-568.940029,-13.645747,680.672691,0.009442,-0.362271,-138.074158,1.0,0.0,1.0,0.0,-0.482358,-0.180884,0,0,0,0,0,0,0,0,0,0,0,0,0,0,0,11075.391602,10423.743164,22135.384766,40000.0,40000.0,40000.0,40000.0,40000.0,40000.0,40000.0,40000.0,40000.0,40000.0,40000.0,40000.0,40000.0,40000.0,40000.0,40000.0,40000.0,40000.0,40000.0,24932.496094,24556.615234,243.96962,105291.99906,5718.035907,674.452128,0,true,false,0.807486,-37.9386,0,0.0,0.0,1.0
16,8587,5.7,605.799272,111270.608812,494.197373,117417.935797,17237.393318,-624.001684,-93.560457,761.665443,0.013576,-0.698005,-138.583206,1.0,0.0,1.0,0.0,-0.764087,-0.224731,0,0,0,0,0,0,0,0,0,0,0,0,0,0,0,11063.501953,10386.65625,22343.474609,40000.0,40000.0,40000.0,40000.0,40000.0,40000.0,40000.0,40000.0,40000.0,40000.0,40000.0,40000.0,40000.0,40000.0,40000.0,40000.0,40000.0,40000.0,40000.0,40000.0,24525.087891,274.334534,105211.054432,6667.588037,1260.767242,0,true,false,0.834172,-37.9286,0,0.0,0.0,1.0
16,8588,5.75,643.115345,-74113.724157,503.090296,-80121.026093,17191.152479,-706.491627,-201.222204,883.679327,0.024884,-1.373675,-139.280518,1.0,0.0,1.0,0.0,-0.739651,-0.046228,0,0,0,0,0,0,0,0,0,0,0,0,0,0,0,11044.347656,10332.955078,22636.080078,40000.0,40000.0,40000.0,40000.0,40000.0,40000.0,40000.0,40000.0,40000.0,40000.0,40000.0,40000.0,40000.0,40000.0,40000.0,40000.0,40000.0,40000.0,40000.0,40000.0,24223.050781,320.575378,105067.007746,7964.468647,2454.072593,0,true,false,0.869875,-37.9186,0,0.0,0.0,1.0
16,8589,5.8,687.818354,111225.905803,519.604363,117401.42173,17140.935406,-839.908833,-349.312452,854.129149,0.045038,-2.352415,-139.956818,0.0,0.0,1.0,0.0,-0.982031,0.0,0,0,0,0,0,0,0,0,0,0,0,0,0,0,0,11019.448242,10274.345703,22716.580078,40000.0,40000.0,40000.0,40000.0,40000.0,40000.0,40000.0,40000.0,40000.0,40000.0,40000.0,40000.0,40000.0,40000.0,40000.0,40000.0,40000.0,40000.0,40000.0,40000.0,23890.097656,370.79245,104865.815008,9218.276912,4196.019626,0,true,false,0.906639,-37.9086,0,0.0,0.0,1.0
16,8590,5.85,725.365549,-74151.271352,537.08751,-80138.50924,17107.049093,-952.814563,-464.329716,810.66247,0.067206,-3.307074,-140.435211,0.0,0.0,1.0,0.0,-0.792464,0.0,0,0,0,0,0,0,0,0,0,0,0,0,0,0,0,10999.121094,10229.898438,22711.466797,40000.0,40000.0,40000.0,40000.0,40000.0,40000.0,40000.0,40000.0,40000.0,40000.0,40000.0,40000.0,40000.0,40000.0,40000.0,40000.0,40000.0,40000.0,40000.0,40000.0,23666.609375,404.678772,104662.890867,10101.032332,5906.435816,0,true,false,0.933099,-37.8986,0,0.0,0.0,1.0
16,8591,5.9,780.00171,111171.269642,566.302502,117372.206738,17067.206768,-1090.620743,-604.454716,737.29745,0.096764,-4.4368,-140.897934,0.0,0.0,1.0,0.0,-1.001304,0.0,0,0,0,0,0,0,0,0,0,0,0,0,0,0,0,10964.142578,10170.264648,22702.648438,40000.0,40000.0,40000.0,40000.0,40000.0,40000.0,40000.0,40000.0,40000.0,40000.0,40000.0,40000.0,40000.0,40000.0,40000.0,40000.0,40000.0,40000.0,40000.0,40000.0,23450.046875,444.521088,104383.970521,10952.649858,7924.489711,0,true,false,0.966749,-37.8886,0,0.0,0.0,1.0
16,8592,5.95,845.666447,-74216.936088,604.845741,-80177.05248,17028.040337,-1260.637163,-760.961026,691.67927,0.148552,-6.117043,-141.48555,0.0,0.0,1.0,0.0,-0.139986,0.069993,0,0,0,0,0,0,0,0,0,0,0,0,0,0,0,10933.194336,10203.606445,22716.279297,40000.0,40000.0,40000.0,40000.0,40000.0,40000.0,40000.0,40000.0,40000.0,40000.0,40000.0,40000.0,40000.0,40000.0,40000.0,40000.0,40000.0,40000.0,40000.0,40000.0,23211.072266,483.687531,103919.197637,12021.450671,10934.941748,0,true,true,1.0,-37.8786,0,0.0,0.0,1.0
16,8593,6.0,899.284838,111117.651251,638.172529,117338.87995,17002.110706,-1376.056983,-866.118654,624.051323,0.196065,-7.370339,-141.903076,0.0,0.0,1.0,0.0,-0.139986,0.0,0,0,0,0,0,0,0,0,0,0,0,0,0,0,0,10909.592773,10226.424805,22734.447266,40000.0,40000.0,40000.0,40000.0,40000.0,40000.0,40000.0,40000.0,40000.0,40000.0,40000.0,40000.0,40000.0,40000.0,40000.0,40000.0,40000.0,40000.0,40000.0,40000.0,23054.605469,509.617157,103507.100933,12772.703792,13172.489593,0,true,true,1.0,-37.8686,0,0.0,0.0,1.0
16,8594,6.05,980.612804,-74298.264055,690.730055,-80229.610005,16970.964684,-1525.890644,-999.02956,528.79644,0.268981,-8.97846,-142.42865,0.0,0.0,1.0,0.0,0.0,0.0,0,0,0,0,0,0,0,0,0,0,0,0,0,0,0,10871.089844,10249.607422,22761.876953,40000.0,40000.0,40000.0,40000.0,40000.0,40000.0,40000.0,40000.0,40000.0,40000.0,40000.0,40000.0,40000.0,40000.0,40000.0,40000.0,40000.0,40000.0,40000.0,40000.0,21193.476562,473.152222,102886.962032,13707.090623,16027.95258,0,true,true,1.0,-37.8586,0,0.0,0.0,1.0
16,8595,6.1,1071.176627,111027.087427,751.068112,117278.541893,16944.899908,-1662.355518,-1117.285981,427.076855,0.343934,-10.375374,-142.882614,0.0,0.0,1.0,0.0,-0.069993,0.0,0,0,0,0,0,0,0,0,0,0,0,0,0,0,0,10819.737305,10256.578125,22781.279297,40000.0,40000.0,40000.0,40000.0,40000.0,40000.0,40000.0,40000.0,40000.0,40000.0,40000.0,40000.0,40000.0,40000.0,40000.0,40000.0,40000.0,40000.0,40000.0,40000.0,21052.3125,999.881897,102254.443215,14502.47738,18488.824829,0,true,true,1.0,-37.8486,0,0.0,0.0,1.0
16,8596,6.15,1140.794952,-74367.882379,798.287164,-80276.829057,16929.579983,-1755.022266,-1195.167825,355.533662,0.405916,-11.383526,-143.215958,0.0,0.0,1.0,0.0,-0.209979,-0.069993,0,0,0,0,0,0,0,0,0,0,0,0,0,0,0,10781.071289,10261.330078,22750.068359,38753.910156,40000.0,40000.0,40000.0,40000.0,40000.0,40000.0,40000.0,40000.0,40000.0,40000.0,40000.0,40000.0,40000.0,40000.0,40000.0,40000.0,40000.0,40000.0,40000.0,20943.925781,1015.201843,101750.420972,15078.166807,20256.318446,0,true,true,1.0,-37.8386,0,0.0,0.0,1.0
16,8597,6.2,1242.506967,110925.375412,868.134631,117208.694425,16913.251154,-1873.565883,-1292.055823,256.92262,0.49767,-12.696366,-143.661591,0.0,0.0,1.0,0.0,0.0,0.0,0,0,0,0,0,0,0,0,0,0,0,0,0,0,0,10721.791992,10262.165039,10384.449219,36319.675781,40000.0,40000.0,40000.0,40000.0,40000.0,40000.0,40000.0,40000.0,40000.0,40000.0,40000.0,40000.0,40000.0,40000.0,40000.0,40000.0,40000.0,40000.0,40000.0,20801.222656,1031.53064,101026.801005,15836.373484,22543.60445,0,true,true,1.0,-37.8286,0,0.0,0.0,1.0
16,8598,6.25,1326.715581,-74452.090993,926.474449,-80335.168875,16904.331408,-1961.256646,-1361.45498,180.917979,0.562428,-13.524291,-143.950012,0.0,0.0,1.0,0.0,0.0,0.0,0,0,0,0,0,0,0,0,0,0,0,0,0,0,0,10662.133789,10246.208008,10301.576172,35557.925781,40000.0,40000.0,40000.0,40000.0,40000.0,40000.0,40000.0,40000.0,40000.0,40000.0,40000.0,40000.0,40000.0,40000.0,40000.0,40000.0,40000.0,40000.0,40000.0,20697.259766,919.901794,100515.283575,16320.147627,23972.201317,0,true,true,1.0,-37.8186,0,0.0,0.0,1.0
16,8599,6.3,1436.257712,110815.833281,1002.789923,117132.378951,16897.697091,-2059.913526,-1437.70212,87.393519,0.630969,-14.341243,-144.236679,0.0,0.0,1.0,0.0,0.0,0.0,0,0,0,0,0,0,0,0,0,0,0,0,0,0,0,10571.801758,10206.015625,10175.099609,34963.175781,40000.0,40000.0,40000.0,40000.0,40000.0,40000.0,40000.0,40000.0,40000.0,40000.0,40000.0,40000.0,40000.0,40000.0,40000.0,40000.0,40000.0,40000.0,40000.0,20574.640625,3048.508301,99956.38533,16795.051248,25367.735764,0,true,true,1.0,-37.8086,0,0.0,0.0,1.0
16,8600,6.35,1553.027605,-74568.860886,1084.475884,-80416.854835,16896.012624,-2154.718664,-1509.068338,-3.045436,0.682364,-14.92006,-144.441116,0.0,0.0,1.0,0.0,0.0,0.0,0,0,0,0,0,0,0,0,0,0,0,0,0,0,0,10459.246094,10139.085938,10034.807617,35028.011719,40000.0,40000.0,40000.0,40000.0,40000.0,40000.0,40000.0,1794.865112,1672.375732,1672.375732,40000.0,40000.0,40000.0,40000.0,40000.0,40000.0,40000.0,40000.0,40000.0,20453.701172,3050.192871,99500.140612,17130.042819,26341.433079,0,true,true,1.0,-37.7986,0,0.0,0.0,1.0
16,8601,6.4,1651.137816,110717.72307,1153.274778,117063.580057,16898.31969,-2217.075414,-1555.555104,-76.713325,0.711559,-15.237463,-144.553726,0.0,0.0,1.0,0.0,0.0,0.0,0,0,0,0,0,0,0,0,0,0,0,0,0,0,0,10354.555664,10068.237305,9913.03418,35045.316406,40000.0,40000.0,40000.0,40000.0,40000.0,40000.0,40000.0,1866.951904,1788.548462,1777.976807,40000.0,40000.0,40000.0,40000.0,40000.0,40000.0,40000.0,40000.0,40000.0,20356.210938,3047.885742,99204.346162,17313.227275,26865.111274,0,true,true,1.0,-37.7886,0,0.0,0.0,1.0
16,8602,6.45,1774.34384,-74692.06691,1239.800863,-80503.38092,16905.0631,-2305.206971,-1619.667941,-154.338206,0.748108,-15.610464,-144.691528,0.0,0.0,1.0,0.0,-0.361234,-0.144494,0,0,0,0,0,0,0,0,0,0,0,0,0,0,0,10221.530273,9977.295898,9759.321289,35063.503906,40000.0,40000.0,40000.0,40000.0,40000.0,40000.0,40000.0,1924.988159,1917.84082,40000.0,40000.0,40000.0,40000.0,40000.0,40000.0,40000.0,40000.0,40000.0,40000.0,20233.623047,5000.0,98840.789184,17535.84046,27479.0746,0,true,true,1.0,-37.7786,0,0.0,0.0,1.0
16,8603,6.5,1870.338691,110621.728218,1307.274387,116996.106533,16913.01421,-2360.903255,-1659.673365,-212.981493,0.787433,-15.979817,-144.836517,0.0,0.0,1.0,0.0,-0.317186,-0.190312,0,0,0,0,0,0,0,0,0,0,0,0,0,0,0,10122.964844,9914.356445,9641.210938,35100.328125,40000.0,40000.0,40000.0,40000.0,40000.0,40000.0,40000.0,1967.897827,2044.207764,1585.885986,40000.0,40000.0,40000.0,40000.0,40000.0,40000.0,40000.0,40000.0,40000.0,20135.4375,5000.0,98504.249319,17768.235318,28093.998072,0,true,true,1.0,-37.7686,0,0.0,0.0,1.0
16,8604,6.55,2010.323997,-74832.052215,1405.681174,-80601.787707,16928.397459,-2432.904334,-1710.054783,-293.420242,0.857109,-16.560539,-145.086166,0.0,0.0,1.0,0.0,-0.209979,-0.139986,0,0,0,0,0,0,0,0,0,0,0,0,0,0,0,9982.720703,9828.861328,9469.262695,35172.875,40000.0,40000.0,40000.0,40000.0,40000.0,40000.0,40000.0,1953.229736,2046.57019,40000.0,40000.0,40000.0,40000.0,40000.0,40000.0,40000.0,40000.0,40000.0,40000.0,19987.341797,5000.0,97971.805364,18165.216848,29062.236258,0,true,true,1.0,-37.7586,0,0.0,0.0,1.0
16,8605,6.6,2116.445537,110515.606678,1480.236215,116921.551492,16942.683962,-2480.945669,-1742.428619,-350.979936,0.924735,-17.052729,-145.321091,0.0,0.0,1.0,0.0,-0.440856,-0.251918,0,0,0,0,0,0,0,0,0,0,0,0,0,0,0,9880.751953,9719.896484,9339.50293,35250.496094,40000.0,40000.0,40000.0,40000.0,40000.0,40000.0,40000.0,1608.924316,1474.143433,40000.0,40000.0,40000.0,40000.0,40000.0,40000.0,40000.0,40000.0,40000.0,40000.0,19869.125,5000.0,97518.998409,18535.652642,29883.842821,0,true,true,1.0,-37.7486,0,0.0,0.0,1.0
16,8606,6.65,2251.328405,-74966.935083,1574.859264,-80696.410756,16963.729466,-2544.089975,-1783.252561,-418.971086,1.036505,-17.838381,-145.695984,0.0,0.0,1.0,0.0,-0.349965,-0.069993,0,0,0,0,0,0,0,0,0,0,0,0,0,0,0,9762.788086,9587.272461,9179.632812,21215.109375,40000.0,40000.0,40000.0,40000.0,40000.0,40000.0,40000.0,1737.406982,1601.321289,40000.0,40000.0,40000.0,40000.0,40000.0,40000.0,40000.0,40000.0,40000.0,40000.0,19717.916016,5000.0,96820.435305,19118.550571,31196.913006,0,true,true,1.0,-37.7386,0,0.0,0.0,1.0
16,8607,6.7,2399.027996,110367.907087,1678.180867,116818.229889,16990.407425,-2596.409137,-1813.866891,-492.912285,1.159002,-18.774717,-146.088577,0.0,0.0,1.0,0.0,-0.419958,0.0,0,0,0,0,0,0,0,0,0,0,0,0,0,0,0,9638.522461,9448.045898,9011.571289,21155.173828,40000.0,40000.0,40000.0,40000.0,40000.0,40000.0,40000.0,1961.387329,1803.16748,2723.339844,40000.0,40000.0,40000.0,40000.0,40000.0,40000.0,40000.0,40000.0,40000.0,19572.699219,5000.0,95994.296977,19713.739695,32752.571661,0,true,true,1.0,-37.7286,0,0.0,0.0,1.0
16,8608,6.75,2511.676033,-75079.58312,1756.712254,-80774.942143,17013.120678,-2640.407126,-1838.721484,-546.473605,1.256285,-19.578112,-146.386749,0.0,0.0,1.0,0.0,-0.503557,0.0,0,0,0,0,0,0,0,0,0,0,0,0,0,0,0,9549.94043,9348.34082,8889.938477,21125.761719,40000.0,40000.0,40000.0,40000.0,40000.0,40000.0,40000.0,2136.203857,1960.216919,2780.317139,40000.0,40000.0,40000.0,40000.0,40000.0,40000.0,40000.0,40000.0,40000.0,19477.869141,5000.0,95293.16617,20153.70669,34079.380437,0,true,true,1.0,-37.7186,0,0.0,0.0,1.0
16,8609,6.8,2659.338956,110220.244164,1859.234666,116715.707478,17045.807772,-2684.929386,-1860.692995,-617.175256,1.349745,-20.797104,-146.660858,0.0,0.0,1.0,0.0,0.0,0.0,0,0,0,0,0,0,0,0,0,0,0,0,0,0,0,9441.643555,9230.602539,8748.039062,21123.025391,40000.0,40000.0,40000.0,40000.0,40000.0,40000.0,40000.0,2303.182617,2170.765381,2192.37915,40000.0,40000.0,40000.0,40000.0,40000.0,40000.0,40000.0,40000.0,40000.0,19412.943359,5000.0,94282.036092,20530.721018,36073.426816,0,true,true,1.0,-37.7086,0,0.0,0.0,1.0
16,8610,6.85,2766.274154,-75186.518318,1933.165321,-80848.872799,17071.507205,-2716.700198,-1875.980067,-667.722619,1.389254,-21.54686,-146.770752,0.0,0.0,1.0,0.0,0.0,0.0,0,0,0,0,0,0,0,0,0,0,0,0,0,0,0,9353.146484,9139.456055,8643.344727,21165.345703,40000.0,40000.0,40000.0,40000.0,40000.0,40000.0,40000.0,2071.44165,2323.117188,2278.909668,40000.0,40000.0,40000.0,40000.0,40000.0,40000.0,40000.0,40000.0,40000.0,19379.181641,5000.0,93639.76225,20666.913435,37283.545111,0,true,true,1.0,-37.6986,0,0.0,0.0,1.0
16,8611,6.9,2950.878777,110035.639541,2060.062034,116588.810765,17129.159252,-2581.407583,-1769.37614,-941.807967,1.429223,-22.272495,-146.87822,-1.0,0.0,1.0,0.0,0.0,0.0,0,0,0,0,0,0,0,0,0,0,0,0,0,0,0,9161.537109,8947.757812,8433.56543,21260.619141,40000.0,40000.0,40000.0,40000.0,40000.0,40000.0,40000.0,2275.287598,2083.268066,2527.659668,40000.0,40000.0,40000.0,40000.0,40000.0,40000.0,40000.0,40000.0,40000.0,19272.626953,5000.0,92899.880152,20795.75345,38438.187481,0,true,true,1.0,-37.6886,0,0.0,0.0,1.0
16,8612,6.95,3052.245197,-75287.884738,2129.3379,-80918.148665,17170.757539,-2542.316606,-1734.876929,-1108.227854,1.450637,-22.648813,-146.934402,-1.0,0.0,1.0,0.0,0.0,0.0,0,0,0,0,0,0,0,0,0,0,0,0,0,0,0,9053.602539,8841.201172,8317.321289,21311.097656,40000.0,40000.0,40000.0,40000.0,40000.0,40000.0,40000.0,2429.262451,2221.935547,2665.330566,40000.0,40000.0,40000.0,40000.0,40000.0,40000.0,40000.0,40000.0,40000.0,19212.054688,5000.0,92499.880464,20861.97148,39040.424227,0,true,true,1.0,-37.6786,0,0.0,0.0,1.0
16,8613,7.0,3149.88233,109938.002408,2195.767997,116522.380668,17218.186157,-2475.073661,-1681.460393,-1264.211794,1.467629,-22.941658,-146.978317,-1.0,0.0,1.0,0.0,0.0,0.0,0,0,0,0,0,0,0,0,0,0,0,0,0,0,0,8945.819336,8734.21582,8201.612305,21347.193359,40000.0,40000.0,40000.0,40000.0,40000.0,40000.0,40000.0,2576.796387,2355.856689,2797.106201,40000.0,40000.0,40000.0,40000.0,40000.0,40000.0,40000.0,40000.0,40000.0,19147.035156,5000.0,92159.230746,20912.81944,39511.750108,0,true,true,1.0,-37.6686,0,0.0,0.0,1.0
16,8614,7.05,3275.846715,-75413.849123,2281.02218,-81003.402847,17290.374401,-2389.643196,-1613.639045,-1458.833162,1.485005,-23.236111,-147.02269,-1.0,0.0,1.0,0.0,0.0,0.0,0,0,0,0,0,0,0,0,0,0,0,0,0,0,0,8800.783203,8590.861328,8047.909668,21378.408203,40000.0,40000.0,40000.0,40000.0,40000.0,40000.0,40000.0,2738.131348,2527.595459,2965.885254,40000.0,40000.0,40000.0,40000.0,40000.0,40000.0,40000.0,40000.0,40000.0,19054.861328,5000.0,91773.936466,20963.07068,39992.595585,0,true,true,1.0,-37.6586,0,0.0,0.0,1.0
16,8615,7.1,3402.434373,109811.414751,2366.163755,116437.239092,17375.913617,-2301.31,-1544.105725,-1645.364238,1.497649,-23.447309,-147.054626,-1.0,0.0,1.0,0.0,0.0,0.0,0,0,0,0,0,0,0,0,0,0,0,0,0,0,0,8649.0,8441.432617,7888.934082,21393.619141,40000.0,40000.0,40000.0,40000.0,40000.0,40000.0,40000.0,2970.288818,2698.790283,3117.534424,40000.0,40000.0,40000.0,40000.0,40000.0,40000.0,40000.0,40000.0,40000.0,18953.400391,5000.0,91442.709562,20998.131059,40349.407031,0,true,true,1.0,-37.6486,0,0.0,0.0,1.0
16,8616,7.15,3521.74655,-75533.161301,2445.906997,-81083.146089,17468.67069,-2227.750454,-1485.418652,-1815.416049,1.506767,-23.598032,-147.077484,-1.0,0.0,1.0,0.0,0.0,0.0,0,0,0,0,0,0,0,0,0,0,0,0,0,0,0,8502.589844,8297.673828,7756.87793,21398.888672,40000.0,40000.0,40000.0,40000.0,40000.0,40000.0,40000.0,3682.362305,2859.187256,3244.927979,40000.0,40000.0,40000.0,40000.0,40000.0,40000.0,40000.0,40000.0,40000.0,18852.474609,5000.0,91161.03808,21022.436254,40618.092651,0,true,true,1.0,-37.6386,0,0.0,0.0,1.0
16,8617,7.2,3635.516138,109697.645163,2521.475102,116361.670987,17568.369731,-2155.405339,-1428.331874,-1968.573173,1.516057,-23.708477,-147.100647,-1.0,0.0,1.0,0.0,0.0,-0.209979,0,0,0,0,0,0,0,0,0,0,0,0,0,0,0,8360.984375,8158.656738,7663.322754,21399.583984,40000.0,40000.0,40000.0,40000.0,40000.0,40000.0,40000.0,3313.600098,3011.395508,3004.93335,40000.0,40000.0,40000.0,40000.0,40000.0,40000.0,40000.0,40000.0,40000.0,18750.84375,5000.0,90910.355267,21048.90897,40830.877512,0,true,true,1.0,-37.6286,0,0.0,0.0,1.0
16,8618,7.25,3722.167938,-75619.813101,2578.708965,-81140.379952,17651.916959,-2104.942934,-1387.977271,-2081.874118,1.597023,-23.828892,-147.301712,-1.0,0.0,1.0,0.0,-0.630942,-0.582408,0,0,0,0,0,0,0,0,0,0,0,0,0,0,0,11152.910156,8054.194824,7601.705078,8424.208984,40000.0,40000.0,40000.0,40000.0,40000.0,40000.0,40000.0,3432.609619,3130.309326,3054.602783,40000.0,40000.0,40000.0,40000.0,40000.0,40000.0,40000.0,40000.0,40000.0,18631.091797,5000.0,90625.231053,21333.062423,41064.024478,0,true,true,1.0,-37.6186,0,0.0,0.0,1.0
16,8619,7.3,3830.711403,109589.101698,2649.962972,116290.41698,17765.82104,-2041.486999,-1336.261921,-2216.588599,1.826349,-24.249151,-147.865891,-1.0,0.0,1.0,0.0,-0.460734,-0.737174,0,0,0,0,0,0,0,0,0,0,0,0,0,0,0,11178.157227,7939.19873,7556.194824,8237.700195,40000.0,40000.0,40000.0,40000.0,40000.0,40000.0,40000.0,3619.349365,3290.508057,3201.466553,40000.0,40000.0,40000.0,40000.0,40000.0,40000.0,40000.0,40000.0,40000.0,18442.476562,5000.0,89954.816044,22121.76551,41801.121739,0,true,true,1.0,-37.6086,0,0.0,0.0,1.0
16,8620,7.35,3933.780157,-75722.881854,2717.052928,-81207.469908,17883.70681,-1984.872461,-1287.288361,-2340.096309,2.138201,-24.78606,-148.619324,-1.0,0.0,1.0,0.0,-0.069993,0.0,0,0,0,0,0,0,0,0,0,0,0,0,0,0,0,11270.683594,7839.14209,7533.504395,8054.287598,40000.0,40000.0,40000.0,40000.0,40000.0,40000.0,40000.0,3811.593506,3451.207275,3332.858154,40000.0,40000.0,40000.0,40000.0,40000.0,40000.0,40000.0,40000.0,40000.0,18579.958984,5000.0,89117.316792,23159.212944,42732.488664,0,true,true,1.0,-37.5986,0,0.0,0.0,1.0
16,8621,7.4,4040.018151,109482.863704,2785.445734,116222.024175,18015.493783,-1927.401061,-1234.904717,-2461.558421,2.435627,-25.28499,-149.323853,-1.0,0.0,1.0,0.0,-0.209979,-0.139986,0,0,0,0,0,0,0,0,0,0,0,0,0,0,0,11349.319336,7734.464355,7504.993164,7872.122559,40000.0,40000.0,40000.0,40000.0,40000.0,40000.0,40000.0,3993.639404,3616.838379,3470.258301,40000.0,40000.0,40000.0,40000.0,40000.0,40000.0,40000.0,40000.0,40000.0,18776.802734,5000.0,88297.392165,24110.001113,43609.229909,0,true,true,1.0,-37.5886,0,0.0,0.0,1.0
16,8622,7.45,4141.279205,-75824.142909,2849.761532,-81271.785707,18150.831313,-1871.18838,-1181.842301,-2569.364614,2.778471,-25.848314,-150.120346,-1.0,0.0,1.0,0.0,-0.345585,-0.403183,0,0,0,0,0,0,0,0,0,0,0,0,0,0,0,22845.742188,7642.07666,7492.192383,7698.657715,40000.0,40000.0,40000.0,40000.0,40000.0,40000.0,40000.0,4789.405273,3764.130127,3609.483398,40000.0,40000.0,40000.0,40000.0,40000.0,40000.0,40000.0,40000.0,40000.0,21330.021484,5000.0,87374.922292,25164.095666,44591.723892,0,true,true,1.0,-37.5786,0,0.0,0.0,1.0
16,8623,7.5,4210.700459,109413.44245,2893.273298,116178.512409,18249.111879,-1840.284877,-1148.797491,-2646.213973,3.081575,-26.322006,-150.811646,-1.0,0.0,1.0,0.0,-0.244712,-0.30589,0,0,0,0,0,0,0,0,0,0,0,0,0,0,0,22655.341797,7586.200195,7498.933105,7577.797852,40000.0,40000.0,40000.0,40000.0,40000.0,40000.0,40000.0,4929.658691,3827.321289,3734.432373,40000.0,40000.0,40000.0,40000.0,40000.0,40000.0,40000.0,40000.0,40000.0,21658.847656,5000.0,86595.32663,26063.121964,45409.75217,0,true,true,1.0,-37.5686,0,0.0,0.0,1.0
16,8624,7.55,4308.1543,-75921.59675,2953.381252,-81331.893661,18395.025134,-1788.573572,-1094.662423,-2742.322775,3.537537,-27.000799,-151.830826,-1.0,0.0,1.0,0.0,-0.207831,-0.346384,0,0,0,0,0,0,0,0,0,0,0,0,0,0,0,22632.105469,7511.609375,7515.894531,7411.057617,40000.0,40000.0,40000.0,40000.0,40000.0,40000.0,40000.0,40000.0,3549.063965,3904.385742,40000.0,40000.0,40000.0,40000.0,40000.0,40000.0,40000.0,40000.0,40000.0,22180.351562,5000.0,85435.751726,27360.016294,46584.011547,0,true,true,1.0,-37.5586,0,0.0,0.0,1.0
16,8625,7.6,4399.429143,109322.167607,3008.481065,116123.412596,18540.027984,-1748.647887,-1046.325389,-2836.204088,4.058002,-27.738489,-152.966537,-1.0,0.0,1.0,0.0,-0.209979,-0.139986,0,0,0,0,0,0,0,0,0,0,0,0,0,0,0,22638.0625,7453.265625,7554.734863,7256.066895,40000.0,40000.0,40000.0,40000.0,40000.0,40000.0,40000.0,40000.0,3694.48999,4050.859619,40000.0,40000.0,40000.0,40000.0,40000.0,40000.0,40000.0,40000.0,40000.0,22533.363281,5000.0,84143.919588,28766.640336,47850.574643,0,true,true,1.0,-37.5486,0,0.0,0.0,1.0
16,8626,7.65,4486.510861,-76008.678468,3059.76308,-81383.175676,18686.089724,-1705.659768,-994.267605,-2917.027666,4.592711,-28.4604,-154.10524,-1.0,0.0,1.0,0.0,0.0,0.0,0,0,0,0,0,0,0,0,0,0,0,0,0,0,0,22659.789062,7403.467285,7494.185059,7112.970703,36113.632812,40000.0,40000.0,40000.0,40000.0,40000.0,40000.0,40000.0,3877.162842,4194.789062,40000.0,40000.0,40000.0,40000.0,40000.0,40000.0,40000.0,40000.0,40000.0,22671.269531,5000.0,82826.242009,30134.993457,49089.613156,0,true,true,1.0,-37.5386,0,0.0,0.0,1.0
16,8627,7.7,4575.424358,109233.25411,3110.602421,116072.573255,18843.307768,-1659.354148,-937.293407,-2992.643756,5.016868,-29.006672,-154.989548,-1.0,0.0,1.0,0.0,0.0,0.0,0,0,0,0,0,0,0,0,0,0,0,0,0,0,0,22655.199219,7339.721191,7399.507324,6976.166504,20948.244141,40000.0,40000.0,40000.0,40000.0,40000.0,40000.0,40000.0,4039.137207,4335.376465,40000.0,40000.0,40000.0,40000.0,40000.0,40000.0,40000.0,40000.0,40000.0,22756.970703,5000.0,81745.06573,31164.763701,50051.950303,0,true,true,1.0,-37.5286,0,0.0,0.0,1.0
16,8628,7.75,4656.495298,-76089.749409,3155.492265,-81428.06552,18993.731858,-1624.749292,-888.508721,-3066.590773,5.332612,-29.39982,-155.637726,-1.0,0.0,1.0,0.0,0.0,0.0,0,0,0,0,0,0,0,0,0,0,0,0,0,0,0,22550.496094,7274.330566,7311.750977,6892.459473,8040.625977,40000.0,40000.0,40000.0,40000.0,40000.0,40000.0,40000.0,4180.919434,4459.349121,40000.0,40000.0,40000.0,40000.0,40000.0,40000.0,40000.0,40000.0,40000.0,22802.361328,5000.0,80911.027037,31900.058087,50765.11964,0,true,true,1.0,-37.5186,0,0.0,0.0,1.0
16,8629,7.8,4735.830287,109153.919122,3197.954216,116030.111303,19147.650531,-1587.255793,-838.278639,-3130.146172,5.568552,-29.686455,-156.116791,-1.0,0.0,1.0,0.0,0.0,0.0,0,0,0,0,0,0,0,0,0,0,0,0,0,0,0,22332.044922,7154.820801,7154.820801,6864.685059,7884.712891,40000.0,40000.0,40000.0,40000.0,40000.0,40000.0,40000.0,4312.45459,4575.563965,40000.0,40000.0,40000.0,40000.0,40000.0,40000.0,40000.0,40000.0,40000.0,22811.960938,5000.0,80249.969001,32430.703915,51310.580885,0,true,true,1.0,-37.5086,0,0.0,0.0,1.0
16,8630,7.85,4817.367167,-76171.286289,3239.996799,-81470.108102,19312.887023,-1549.398777,-787.156833,-3191.450859,5.742899,-29.894474,-156.468002,-1.0,0.0,1.0,0.0,0.0,0.0,0,0,0,0,0,0,0,0,0,0,0,0,0,0,0,22145.859375,6778.057617,6778.057617,6828.049805,7736.390137,40000.0,40000.0,40000.0,40000.0,40000.0,40000.0,40000.0,4440.073242,4689.625488,40000.0,40000.0,40000.0,40000.0,40000.0,40000.0,40000.0,40000.0,40000.0,22788.884766,5000.0,79714.22587,32810.305915,51738.273095,0,true,true,1.0,-37.4986,0,0.0,0.0,1.0
16,8631,7.9,4878.977916,109092.308373,3270.658822,115999.44928,19442.485446,-1521.715556,-749.436272,-3235.444267,5.841313,-30.010508,-156.665237,-1.0,0.0,1.0,0.0,0.0,0.0,0,0,0,0,0,0,0,0,0,0,0,0,0,0,0,22022.726562,6416.336914,6418.958984,6796.802734,7630.212402,40000.0,40000.0,40000.0,40000.0,40000.0,40000.0,40000.0,4532.38623,4772.823242,40000.0,40000.0,40000.0,40000.0,40000.0,40000.0,40000.0,40000.0,40000.0,22755.238281,5000.0,79378.913251,33018.665951,51999.666049,0,true,true,1.0,-37.4886,0,0.0,0.0,1.0
16,8632,7.95,4953.605552,-76245.913925,3306.447746,-81505.897026,19605.313378,-1495.08105,-707.709993,-3295.571656,5.913533,-30.095028,-156.809509,-1.0,0.0,1.0,0.0,0.0,0.0,0,0,0,0,0,0,0,0,0,0,0,0,0,0,0,21896.474609,6333.333008,6331.72168,6753.686035,7508.824707,40000.0,40000.0,40000.0,40000.0,40000.0,40000.0,40000.0,4638.010742,4869.202148,40000.0,40000.0,40000.0,40000.0,40000.0,40000.0,40000.0,40000.0,40000.0,22691.685547,5000.0,79070.936695,33164.916607,52232.236892,0,true,true,1.0,-37.4786,0,0.0,0.0,1.0
16,8633,8.0,5032.616157,109013.297768,3342.851289,115963.045737,19783.662204,-1462.759818,-662.906369,-3346.686436,5.985332,-30.178537,-156.95256,-1.0,0.0,1.0,0.0,0.0,0.0,0,0,0,0,0,0,0,0,0,0,0,0,0,0,0,21764.898438,6246.015137,6240.322266,6677.683594,7382.741699,40000.0,40000.0,40000.0,40000.0,40000.0,40000.0,40000.0,4748.379883,4969.897461,40000.0,40000.0,40000.0,40000.0,40000.0,40000.0,40000.0,40000.0,40000.0,22622.533203,5000.0,78752.217537,33308.587671,52474.010339,0,true,true,1.0,-37.4686,0,0.0,0.0,1.0
16,8634,8.05,5108.826742,-76322.12451,3376.464037,-81539.509774,19961.818123,-1435.476303,-622.712051,-3396.888239,6.039157,-30.244448,-157.05957,-1.0,0.0,1.0,0.0,0.0,0.0,0,0,0,0,0,0,0,0,0,0,0,0,0,0,0,21645.695312,6161.521973,6152.880371,6594.068359,7264.965332,40000.0,40000.0,40000.0,40000.0,40000.0,40000.0,40000.0,4852.14209,4929.874023,40000.0,40000.0,40000.0,40000.0,40000.0,40000.0,40000.0,40000.0,40000.0,22549.605469,5000.0,78472.032105,33412.396203,52688.535029,0,true,true,1.0,-37.4586,0,0.0,0.0,1.0
16,8635,8.1,5184.528613,108937.595897,3408.399215,115931.11056,20144.679936,-1406.437415,-583.274163,-3438.139233,6.081381,-30.307175,-157.143341,-1.0,0.0,1.0,0.0,0.0,0.0,0,0,0,0,0,0,0,0,0,0,0,0,0,0,0,21534.310547,6079.237305,6068.372559,6499.707031,7151.589844,40000.0,40000.0,40000.0,40000.0,40000.0,40000.0,40000.0,4907.17627,4632.643066,40000.0,40000.0,40000.0,40000.0,40000.0,40000.0,40000.0,40000.0,40000.0,22474.523438,5000.0,78206.234153,33489.458217,52900.10651,0,true,true,1.0,-37.4486,0,0.0,0.0,1.0
16,8636,8.15,5240.426701,-76378.022597,3431.061808,-81562.172367,20283.405323,-1386.924476,-555.884084,-3468.526485,6.105197,-30.34569,-157.190521,-1.0,0.0,1.0,0.0,0.0,0.0,0,0,0,0,0,0,0,0,0,0,0,0,0,0,0,21455.226562,6017.700195,6005.640137,6431.020996,7069.769043,40000.0,40000.0,40000.0,40000.0,40000.0,40000.0,40000.0,4985.56543,4699.825195,40000.0,40000.0,40000.0,40000.0,40000.0,40000.0,40000.0,40000.0,40000.0,22416.011719,5000.0,78023.432497,33530.413954,53047.082713,0,true,true,1.0,-37.4386,0,0.0,0.0,1.0
16,8637,8.2,5313.554626,108864.467972,3459.548714,115902.623653,20469.576115,-1365.776911,-523.032825,-3512.292341,6.10323,-30.437302,-157.18663,-1.0,0.0,1.0,0.0,0.0,0.069993,0,0,0,0,0,0,0,0,0,0,0,0,0,0,0,21383.462891,5939.643066,5927.876465,6347.827148,6972.874023,40000.0,40000.0,40000.0,40000.0,40000.0,40000.0,40000.0,5074.808594,4788.191895,40000.0,40000.0,40000.0,40000.0,40000.0,40000.0,40000.0,40000.0,40000.0,22341.794922,5000.0,77785.027142,33501.854025,53290.889716,0,true,true,1.0,-37.4286,0,0.0,0.0,1.0
16,8638,8.25,5379.808215,-76444.276187,3484.270044,-81586.893697,20642.605585,-1346.214648,-494.464827,-3547.51412,6.099005,-30.508226,-157.178284,-1.0,0.0,1.0,0.0,0.0,0.0,0,0,0,0,0,0,0,0,0,0,0,0,0,0,0,21316.802734,5868.891113,5857.48584,6272.777832,6885.736816,40000.0,40000.0,40000.0,40000.0,40000.0,40000.0,40000.0,5158.836426,4866.848633,40000.0,40000.0,40000.0,40000.0,40000.0,40000.0,40000.0,40000.0,40000.0,22271.671875,5000.0,77579.954322,33472.794427,53498.43606,0,true,true,1.0,-37.4186,0,0.0,0.0,1.0
16,8639,8.3,5447.713933,108796.562253,3508.548224,115878.345473,20824.335745,-1324.927814,-466.016403,-3577.557882,6.09591,-30.560017,-157.172195,-1.0,0.0,1.0,0.0,0.0,0.0,0,0,0,0,0,0,0,0,0,0,0,0,0,0,0,21242.300781,5796.028809,5784.886719,6195.174316,6795.659668,40000.0,40000.0,40000.0,40000.0,40000.0,40000.0,40000.0,5243.106445,4945.674805,40000.0,40000.0,40000.0,40000.0,40000.0,40000.0,40000.0,40000.0,40000.0,22195.802734,5000.0,77384.218139,33449.496393,53687.013187,0,true,true,1.0,-37.4086,0,0.0,0.0,1.0
16,8640,8.35,5515.735953,-76512.298206,3531.828138,-81610.173611,21010.719209,-1305.196467,-439.381317,-3606.858353,6.092478,-30.598661,-157.165451,-1.0,0.0,1.0,0.0,0.0,0.069993,0,0,0,0,0,0,0,0,0,0,0,0,0,0,0,21164.384766,5722.980957,5712.152832,6117.518066,6705.548828,40000.0,40000.0,40000.0,40000.0,40000.0,40000.0,40000.0,5325.934082,5021.30127,40000.0,40000.0,40000.0,40000.0,40000.0,40000.0,40000.0,40000.0,40000.0,22117.132812,5000.0,77197.92751,33427.918569,53861.815505,0,true,true,1.0,-37.3986,0,0.0,0.0,1.0
16,8641,8.4,5583.933348,108728.364858,3554.935422,115855.238189,21190.57545,-1409.445193,-485.197521,-3532.766294,6.076439,-30.659527,-157.133957,0.0,0.0,1.0,0.0,0.0,0.0,0,0,0,0,0,0,0,0,0,0,0,0,0,0,0,21099.484375,5650.87793,5641.03418,6042.282715,6619.081055,40000.0,40000.0,40000.0,40000.0,40000.0,40000.0,40000.0,5409.116699,5070.978027,40000.0,40000.0,40000.0,40000.0,40000.0,40000.0,40000.0,40000.0,40000.0,22040.556641,5000.0,77009.669026,33375.614137,54057.455259,0,true,true,1.0,-37.3886,0,0.0,0.0,1.0
16,8642,8.45,5658.110576,-76586.475434,3581.046387,-81636.284576,21362.731239,-1545.709963,-550.518398,-3433.554921,6.042037,-30.759754,-157.066574,0.0,0.0,1.0,0.0,0.0,0.0,0,0,0,0,0,0,0,0,0,0,0,0,0,0,0,21048.3125,5573.073242,5565.083984,5962.862305,6528.884277,40000.0,40000.0,40000.0,40000.0,40000.0,40000.0,40000.0,5501.200684,5152.653809,40000.0,40000.0,40000.0,40000.0,40000.0,40000.0,40000.0,40000.0,40000.0,21960.791016,5000.0,76805.477937,33277.458042,54290.869227,0,true,true,1.0,-37.3786,0,0.0,0.0,1.0
16,8643,8.5,5743.740296,108642.735138,3612.103544,115824.181032,21540.008017,-1674.241362,-613.160857,-3328.74236,6.004029,-30.868433,-156.99234,0.0,0.0,1.0,0.0,0.0,0.0,0,0,0,0,0,0,0,0,0,0,0,0,0,0,0,20986.759766,5481.955566,5475.959473,5869.815918,6422.708008,40000.0,40000.0,40000.0,40000.0,40000.0,40000.0,40000.0,5608.210938,5296.307617,40000.0,40000.0,40000.0,40000.0,40000.0,40000.0,40000.0,40000.0,40000.0,21867.011719,5000.0,76583.636807,33171.02367,54532.17702,0,true,true,1.0,-37.3686,0,0.0,0.0,1.0
16,8644,8.55,5832.385255,-76675.120393,3645.020054,-81669.201087,21705.971497,-1792.962026,-670.786009,-3242.714295,5.976545,-30.946619,-156.938828,0.0,0.0,1.0,0.0,0.0,0.0,0,0,0,0,0,0,0,0,0,0,0,0,0,0,0,20907.605469,5385.226562,5380.654297,5768.938965,6307.257812,40000.0,40000.0,40000.0,40000.0,40000.0,40000.0,40000.0,5718.727539,5441.610352,40000.0,40000.0,40000.0,40000.0,40000.0,40000.0,40000.0,40000.0,40000.0,21764.298828,5000.0,76378.906271,33093.730552,54723.404034,0,true,true,1.0,-37.3586,0,0.0,0.0,1.0
16,8645,8.6,5905.965251,108569.155141,3672.811295,115796.389791,21833.247511,-1875.58708,-711.549081,-3174.355704,5.960968,-30.990782,-156.908539,0.0,0.0,1.0,0.0,0.0,0.0,0,0,0,0,0,0,0,0,0,0,0,0,0,0,0,20832.523438,5303.472656,5299.739258,5682.949707,6208.196289,40000.0,40000.0,40000.0,40000.0,40000.0,40000.0,40000.0,5810.281738,6022.141113,40000.0,40000.0,40000.0,40000.0,40000.0,40000.0,40000.0,40000.0,40000.0,21675.648438,5000.0,76224.168376,33049.336497,54846.967432,0,true,true,1.0,-37.3486,0,0.0,0.0,1.0
16,8646,8.65,6009.881019,-76779.03616,3707.454597,-81703.844389,21998.029317,-1997.974234,-581.726158,-3037.180681,5.942259,-31.07863,-156.872238,0.0,-1.0,1.0,0.0,-0.069993,0.0,0,0,0,0,0,0,0,0,0,0,0,0,0,0,0,20726.886719,5193.300781,5190.46875,5566.804688,6073.891602,40000.0,40000.0,40000.0,40000.0,40000.0,40000.0,40000.0,5496.138672,6131.370605,40000.0,40000.0,40000.0,40000.0,40000.0,40000.0,40000.0,40000.0,40000.0,21559.144531,5000.0,75988.053335,32996.198318,55044.124561,0,true,true,1.0,-37.3386,0,0.0,0.0,1.0
16,8647,8.7,6119.439066,108459.597095,3732.5506,115771.293789,22153.846097,-2118.437744,-412.807571,-2900.679921,5.921332,-31.179304,-156.831741,0.0,-1.0,1.0,0.0,0.0,0.209979,0,0,0,0,0,0,0,0,0,0,0,0,0,0,0,20611.232422,5086.942383,5085.14502,5454.963867,5943.291992,40000.0,40000.0,40000.0,40000.0,40000.0,40000.0,40000.0,5541.78125,6249.445312,40000.0,40000.0,40000.0,40000.0,40000.0,40000.0,40000.0,40000.0,40000.0,21443.550781,5000.0,75745.718722,32948.779509,55249.835969,0,true,true,1.0,-37.3286,0,0.0,0.0,1.0
16,8648,8.75,6230.634272,-76890.231367,3748.722186,-81720.015975,22297.409089,-2233.118239,-263.793992,-2785.906085,5.714186,-31.301369,-156.432358,0.0,-1.0,1.0,0.0,0.0,1.830653,0,0,0,0,0,0,0,0,0,0,0,0,0,0,0,20616.787109,4983.731934,4991.118652,5364.624023,5916.23291,39847.960938,40000.0,40000.0,40000.0,40000.0,40000.0,40000.0,5601.598145,6358.528809,40000.0,40000.0,40000.0,40000.0,40000.0,40000.0,40000.0,40000.0,40000.0,21297.154297,5000.0,75695.756484,32505.846928,55433.674221,0,true,true,1.0,-37.3186,0,0.0,0.0,1.0
16,8649,8.8,6352.160628,108338.070739,3757.89609,115762.119884,22440.925163,-2327.422181,-121.155292,-2663.128403,5.050042,-31.470524,-155.157181,0.0,-1.0,1.0,0.0,0.194707,1.557659,0,0,0,0,0,0,0,0,0,0,0,0,0,0,0,20931.701172,4872.299805,4908.205078,5309.103516,5901.586426,39380.683594,40000.0,40000.0,40000.0,40000.0,40000.0,40000.0,5734.254883,6435.560059,40000.0,40000.0,40000.0,40000.0,40000.0,40000.0,40000.0,40000.0,39380.683594,21068.755859,5000.0,76069.192275,31084.805232,55587.912936,0,true,true,1.0,-37.3086,0,0.0,0.0,1.0
16,8650,8.85,6470.885264,-77008.956003,3760.23262,-81722.352505,22570.312148,-2426.05225,-4.402239,-2571.364451,4.121745,-31.59462,-153.382477,0.0,-1.0,1.0,0.0,0.104748,0.52374,0,0,0,0,0,0,0,0,0,0,0,0,0,0,0,20934.304688,4766.061523,4840.541016,5283.191406,5898.484863,40000.0,40000.0,40000.0,40000.0,40000.0,40000.0,40000.0,5785.936523,7087.967773,40000.0,40000.0,40000.0,40000.0,40000.0,40000.0,40000.0,40000.0,38994.953125,20807.730469,5000.0,76704.069208,29106.34975,55649.109476,0,true,true,1.0,-37.2986,0,0.0,0.0,1.0
16,8651,8.9,6601.85211,108207.103893,3756.849004,115765.503501,22702.857558,-2511.336226,102.842403,-2475.477164,3.141758,-31.67281,-151.514282,0.0,-1.0,1.0,0.0,0.0,0.069993,0,0,0,0,0,0,0,0,0,0,0,0,0,0,0,20851.255859,4656.71875,4770.57959,5257.380859,5894.158691,40000.0,40000.0,40000.0,40000.0,40000.0,40000.0,8420.677734,6215.386719,7189.763184,40000.0,40000.0,40000.0,40000.0,40000.0,40000.0,40000.0,40000.0,38656.230469,19763.660156,5000.0,77339.143645,27025.826616,55675.198362,0,true,true,1.0,-37.2886,0,0.0,0.0,1.0
16,8652,8.95,6717.971126,-77125.075018,3749.656517,-81715.160017,22812.867587,-2592.138389,183.581937,-2408.18548,2.39454,-31.751575,-150.092621,0.0,-1.0,1.0,0.0,-0.068723,0.412337,0,0,0,0,0,0,0,0,0,0,0,0,0,0,0,20791.482422,4568.312012,4711.027832,5230.853027,5915.095215,40000.0,40000.0,40000.0,40000.0,40000.0,40000.0,7237.668457,6448.281738,40000.0,40000.0,40000.0,40000.0,40000.0,40000.0,40000.0,40000.0,40000.0,38361.273438,16604.505859,5000.0,77733.264446,25446.618375,55747.797611,0,true,true,1.0,-37.2786,0,0.0,0.0,1.0
16,8653,9.0,6856.719793,108068.355226,3737.366458,115777.793559,22936.866937,-2672.907204,262.3443,-2335.198902,1.327296,-31.821598,-148.066864,0.0,-1.0,1.0,0.0,0.163062,0.489185,0,0,0,0,0,0,0,0,0,0,0,0,0,0,0,20999.457031,4468.664062,4652.134277,5222.481934,5985.912109,40000.0,40000.0,40000.0,40000.0,40000.0,40000.0,6569.766113,6510.971191,40000.0,40000.0,40000.0,40000.0,40000.0,40000.0,40000.0,40000.0,40000.0,31308.888672,16100.607422,5000.0,78289.75023,23180.506253,55815.559806,0,true,true,1.0,-37.2686,0,0.0,0.0,1.0
16,8654,9.05,6968.157706,-77236.512931,3725.162455,-81702.956014,23031.417536,-2728.868896,313.097348,-2282.761091,0.478236,-31.812452,-146.456818,0.0,-1.0,1.0,0.0,0.156594,0.391486,0,0,0,0,0,0,0,0,0,0,0,0,0,0,0,21588.533203,4391.276367,4606.491211,5218.065918,6047.520996,40000.0,40000.0,40000.0,40000.0,40000.0,40000.0,6567.123535,7088.547363,40000.0,40000.0,40000.0,40000.0,40000.0,40000.0,40000.0,40000.0,40000.0,31669.148438,16296.609375,5000.0,78727.621951,21376.390702,55808.924841,0,true,true,1.0,-37.2586,0,0.0,0.0,1.0
16,8655,9.1,7108.758996,107927.753936,3707.619017,115795.336996,23145.314735,-2804.445148,364.787844,-2230.581796,-0.642617,-31.722355,-144.328888,0.0,-1.0,1.0,0.0,0.139986,0.069993,0,0,0,0,0,0,0,0,0,0,0,0,0,0,0,5075.572266,4297.07373,4553.766113,5221.572266,6147.820801,40000.0,40000.0,40000.0,40000.0,40000.0,40000.0,6568.044434,7161.721191,40000.0,40000.0,40000.0,40000.0,40000.0,40000.0,40000.0,40000.0,40000.0,31557.476562,16585.421875,5000.0,79300.046559,18975.961562,55729.106792,0,true,true,1.0,-37.2486,0,0.0,0.0,1.0
16,8656,9.15,7259.501489,-77387.255424,3686.923654,-81682.26065,23261.744877,-2875.686241,405.432014,-2181.705688,-1.630457,-31.533407,-142.446976,0.0,-1.0,1.0,0.0,0.069993,-0.069993,0,0,0,0,0,0,0,0,0,0,0,0,0,0,0,4897.304688,4196.07373,4487.590332,5203.801758,6216.698242,40000.0,40000.0,40000.0,40000.0,40000.0,40000.0,6578.987305,7729.601562,40000.0,40000.0,40000.0,40000.0,40000.0,40000.0,40000.0,40000.0,40000.0,20343.119141,18736.169922,5000.0,79801.170707,16854.48895,55550.706649,0,true,true,1.0,-37.2386,0,0.0,0.0,1.0
16,8657,9.2,7408.482108,107778.773316,3672.241946,115810.018704,23374.986448,-2864.483711,210.42604,-2178.74747,-2.351235,-31.257507,-141.064682,0.0,0.0,1.0,0.0,0.069993,-0.209979,0,0,0,0,0,0,0,0,0,0,0,0,0,0,0,4761.662109,4086.581055,4400.461914,5146.429199,6214.005371,40000.0,40000.0,40000.0,40000.0,40000.0,9580.274414,6944.880859,8376.629883,40000.0,40000.0,40000.0,40000.0,40000.0,40000.0,40000.0,40000.0,37821.488281,19985.283203,18882.423828,5000.0,80210.630292,15300.192506,55259.552765,0,true,true,1.0,-37.2286,0,0.0,0.0,1.0
16,8658,9.25,7558.425594,-77537.19891,3667.380312,-81677.399016,23489.240052,-2855.047877,23.417615,-2176.489385,-2.981084,-30.965805,-139.84697,0.0,0.0,1.0,0.0,0.069993,-0.279972,0,0,0,0,0,0,0,0,0,0,0,0,0,0,0,4630.987793,3967.918945,4298.716797,5066.370605,6174.841797,40000.0,40000.0,40000.0,40000.0,40000.0,8274.206055,7228.621094,8663.489258,40000.0,40000.0,40000.0,40000.0,40000.0,40000.0,40000.0,40000.0,37919.84375,19650.447266,18994.138672,5000.0,80557.890551,13921.576446,54953.642642,0,true,true,1.0,-37.2186,0,0.0,0.0,1.0
16,8659,9.3,7676.580766,107660.618145,3670.334713,115807.064303,23579.51088,-2839.926634,-117.634639,-2171.191707,-3.360349,-30.731865,-139.10817,0.0,0.0,1.0,0.0,0.075263,-0.526841,0,0,0,0,0,0,0,0,0,0,0,0,0,0,0,4537.269531,3867.098877,4205.182617,4979.891602,6101.086426,40000.0,40000.0,40000.0,40000.0,40000.0,8301.612305,7283.640625,8484.244141,40000.0,40000.0,40000.0,40000.0,40000.0,40000.0,40000.0,40000.0,38003.304688,19410.220703,19018.880859,5000.0,80775.111787,13088.220672,54700.370725,0,true,true,1.0,-37.2086,0,0.0,0.0,1.0
16,8660,9.35,7826.139443,-77686.757588,3682.205916,-81689.270218,23694.006463,-2829.287492,-287.935564,-2167.500142,-3.716366,-30.427607,-138.409271,0.0,0.0,1.0,0.0,0.0,-0.618493,0,0,0,0,0,0,0,0,0,0,0,0,0,0,0,7608.963867,3729.385986,4070.991211,4843.243652,6027.866211,40000.0,40000.0,40000.0,40000.0,40000.0,8366.988281,7342.139648,40000.0,40000.0,40000.0,40000.0,40000.0,40000.0,40000.0,40000.0,40000.0,38120.289062,19126.726562,18976.099609,5000.0,81004.221074,12306.09487,54355.738082,0,true,true,1.0,-37.1986,0,0.0,0.0,1.0
16,8661,9.4,7973.485862,107513.271725,3701.715992,115787.554226,23806.754825,-2836.652382,-390.719251,-2153.538984,-3.904907,-30.152853,-138.035965,0.0,-1.0,1.0,0.0,0.0,-0.349965,0,0,0,0,0,0,0,0,0,0,0,0,0,0,0,7487.175293,3639.4021,3921.98584,4677.584473,5978.569336,40000.0,40000.0,40000.0,40000.0,40000.0,8470.818359,7477.461426,40000.0,40000.0,40000.0,40000.0,40000.0,40000.0,40000.0,40000.0,40000.0,38210.066406,18877.044922,18832.943359,5000.0,81152.109795,11911.15741,54027.800836,0,true,true,1.0,-37.1886,0,0.0,0.0,1.0
16,8662,9.45,8127.844272,-77841.115998,3720.196885,-81707.751111,23920.8316,-2905.715322,-318.287322,-2113.112568,-4.017587,-29.899023,-137.81105,0.0,-1.0,1.0,0.0,0.0,-0.069993,0,0,0,0,0,0,0,0,0,0,0,0,0,0,0,7385.883789,3575.439453,3763.740723,4495.621094,5925.845215,40000.0,40000.0,40000.0,40000.0,40000.0,8547.813477,7596.952637,40000.0,40000.0,40000.0,40000.0,40000.0,40000.0,40000.0,40000.0,40000.0,38275.234375,18637.773438,18629.046875,5000.0,81254.201181,11703.026713,53716.91139,0,true,true,1.0,-37.1786,0,0.0,0.0,1.0
16,8663,9.5,8283.042456,107358.073542,3734.823787,115772.927324,24030.938823,-2967.544287,-253.859209,-2075.669237,-4.100204,-29.689337,-137.644928,0.0,-1.0,1.0,0.0,0.0,0.0,0,0,0,0,0,0,0,0,0,0,0,0,0,0,0,38298.359375,3520.109375,3608.376953,4314.863281,5847.510254,40000.0,40000.0,40000.0,40000.0,40000.0,7717.266602,7719.082031,40000.0,40000.0,40000.0,40000.0,40000.0,40000.0,40000.0,40000.0,40000.0,38298.359375,18413.738281,18408.845703,5000.0,81309.602158,11573.750147,53461.544201,0,true,true,1.0,-37.1686,0,0.0,0.0,1.0
16,8664,9.55,8398.667395,-77956.740937,3743.498544,-81716.425868,24110.330424,-3014.251841,-210.869007,-2051.505527,-4.146627,-29.56712,-137.551086,0.0,-1.0,1.0,0.0,0.0,0.0,0,0,0,0,0,0,0,0,0,0,0,0,0,0,0,38281.375,3484.058838,3495.137939,4182.096191,5687.599609,40000.0,40000.0,40000.0,40000.0,40000.0,7668.140137,7811.705566,40000.0,40000.0,40000.0,40000.0,40000.0,40000.0,40000.0,40000.0,40000.0,38281.375,18257.066406,18239.103516,5000.0,81317.340065,11518.936729,53315.564328,0,true,true,1.0,-37.1586,0,0.0,0.0,1.0
16,8665,9.6,8570.298426,107186.44251,3762.245847,115754.180021,24227.959095,-2976.133728,-393.908411,-2047.933385,-4.192058,-29.446695,-137.458893,0.0,0.0,1.0,0.0,0.0,0.0,0,0,0,0,0,0,0,0,0,0,0,0,0,0,0,38184.542969,3426.778809,3322.453613,3977.939209,5415.485352,40000.0,40000.0,40000.0,40000.0,40000.0,7764.65625,7949.276855,40000.0,40000.0,40000.0,40000.0,40000.0,40000.0,40000.0,40000.0,40000.0,38184.542969,18036.693359,17984.933594,5000.0,81262.276278,11497.305458,53179.725783,0,true,true,1.0,-37.1486,0,0.0,0.0,1.0
16,8666,9.65,8725.568857,-78112.011368,3788.021169,-81742.20119,24335.249231,-2957.244451,-549.600269,-2049.253867,-4.221114,-29.352776,-137.399734,0.0,0.0,1.0,0.0,0.0,-0.069993,0,0,0,0,0,0,0,0,0,0,0,0,0,0,0,38076.910156,3365.27417,3158.000244,3782.636963,5152.944336,8033.773438,40000.0,40000.0,40000.0,40000.0,7926.354492,8082.305176,40000.0,40000.0,40000.0,40000.0,40000.0,40000.0,40000.0,40000.0,40000.0,38076.910156,17837.978516,17754.404297,5000.0,81189.840369,11502.622067,53074.6841,0,true,true,1.0,-37.1386,0,0.0,0.0,1.0
16,8667,9.7,8843.748675,107068.262693,3813.070458,115729.130732,24417.485659,-2938.598059,-660.515033,-2048.009547,-4.226951,-29.28754,-137.387817,0.0,0.0,1.0,0.0,0.0,-0.069993,0,0,0,0,0,0,0,0,0,0,0,0,0,0,0,37986.074219,3312.827637,3043.615967,3626.325439,4940.628418,7663.73877,40000.0,40000.0,40000.0,40000.0,8057.755371,8235.490234,40000.0,40000.0,40000.0,40000.0,40000.0,40000.0,40000.0,40000.0,40000.0,37986.074219,17687.626953,17571.919922,5000.0,81121.509023,11544.080909,52999.827679,0,true,true,1.0,-37.1286,0,0.0,0.0,1.0
16,8668,9.75,9005.925727,-78274.18842,3853.917571,-81783.048303,24530.799312,-2935.735552,-746.692903,-2038.09177,-4.223338,-29.211868,-137.395218,0.0,-1.0,1.0,0.0,0.0,-0.069993,0,0,0,0,0,0,0,0,0,0,0,0,0,0,0,37843.585938,3233.958496,2971.005127,3404.104004,4637.50293,7130.956055,40000.0,40000.0,40000.0,40000.0,8247.250977,8443.608398,40000.0,40000.0,40000.0,40000.0,40000.0,40000.0,40000.0,40000.0,40000.0,37843.585938,17482.416016,17320.0625,5000.0,81007.888936,11626.809974,52913.463864,0,true,true,1.0,-37.1186,0,0.0,0.0,1.0
16,8669,9.8,9168.488933,106905.699487,3891.296482,115691.751821,24640.984809,-3003.024001,-649.008581,-2005.385647,-4.198933,-29.144894,-137.445282,0.0,-1.0,1.0,0.0,-0.069993,-0.139986,0,0,0,0,0,0,0,0,0,0,0,0,0,0,0,37696.644531,3154.40918,2903.130371,3183.864746,4335.012695,6594.101562,40000.0,40000.0,40000.0,40000.0,8438.260742,8873.477539,40000.0,40000.0,40000.0,40000.0,40000.0,40000.0,40000.0,40000.0,40000.0,37696.644531,17282.929688,17053.113281,5000.0,80884.281855,11765.56102,52833.957525,0,true,true,1.0,-37.1086,0,0.0,0.0,1.0
16,8670,9.85,9287.528083,-78393.22757,3917.457482,-81809.209303,24720.017137,-3001.419128,-696.36974,-1997.552892,-4.15804,-29.123064,-137.529266,0.0,0.0,1.0,0.0,-0.139986,-0.139986,0,0,0,0,0,0,0,0,0,0,0,0,0,0,0,37560.03125,3593.460449,2856.071777,3022.871094,4112.019531,6269.01123,40000.0,40000.0,40000.0,40000.0,8583.748047,9080.014648,40000.0,40000.0,40000.0,40000.0,40000.0,40000.0,40000.0,40000.0,40000.0,37560.03125,17145.085938,16846.425781,5000.0,80763.915499,11928.818773,52808.909388,0,true,true,1.0,-37.0986,0,0.0,0.0,1.0
16,8671,9.9,9447.637275,106745.590295,3959.393244,115649.816059,24827.261443,-2971.219542,-830.464981,-1997.809105,-4.077142,-29.121237,-137.695496,0.0,0.0,1.0,0.0,-0.069993,-0.279972,0,0,0,0,0,0,0,0,0,0,0,0,0,0,0,37341.816406,4132.293457,2786.199951,2798.13501,3799.439453,6171.452637,40000.0,40000.0,40000.0,40000.0,8793.875977,9311.941406,40000.0,40000.0,40000.0,40000.0,40000.0,40000.0,40000.0,40000.0,40000.0,37341.816406,16964.306641,16561.060547,5000.0,80564.525482,12210.912177,52808.455425,0,true,true,1.0,-37.0886,0,0.0,0.0,1.0
16,8672,9.95,9598.575619,-78544.165913,4005.982442,-81855.798501,24929.574993,-2953.087798,-951.001215,-2000.881629,-3.919752,-29.128614,-138.018829,0.0,0.0,1.0,0.0,0.046162,-0.461619,0,0,0,0,0,0,0,0,0,0,0,0,0,0,0,37123.0,4694.061035,2713.882324,2670.950195,3481.873779,6015.790039,40000.0,40000.0,40000.0,40000.0,9017.314453,9423.967773,40000.0,40000.0,40000.0,40000.0,40000.0,40000.0,40000.0,40000.0,40000.0,37123.0,16802.59375,16247.476562,5000.0,80339.718666,12675.21263,52806.125579,0,true,true,1.0,-37.0786,0,0.0,0.0,1.0
16,8673,10.0,9759.419017,106584.746896,4060.985022,115594.813479,25038.836549,-2947.930851,-1000.489519,-1990.63827,-3.589512,-29.144251,-138.697037,0.0,-1.0,1.0,0.0,0.0,-0.546,0,0,0,0,0,0,0,0,0,0,0,0,0,0,0,36880.476562,5472.631836,2633.79248,2584.02002,3115.047363,5292.819824,40000.0,40000.0,40000.0,40000.0,9261.206055,9300.96582,40000.0,40000.0,40000.0,40000.0,40000.0,40000.0,40000.0,40000.0,40000.0,36880.476562,16651.1875,15822.891602,5000.0,80035.346422,13570.811348,52788.444501,0,true,true,1.0,-37.0686,0,0.0,0.0,1.0
16,8674,10.05,9881.077137,-78665.824033,4099.246492,-81894.059971,25119.399879,-2998.030866,-906.68869,-1966.835424,-3.294333,-29.159477,-139.302948,0.0,-1.0,1.0,0.0,0.0,-0.069993,0,0,0,0,0,0,0,0,0,0,0,0,0,0,0,36697.5625,5485.363281,2577.167969,2522.292969,2844.437744,4764.912109,40000.0,40000.0,40000.0,40000.0,10115.71875,9400.380859,40000.0,40000.0,40000.0,40000.0,40000.0,40000.0,40000.0,40000.0,40000.0,36697.5625,16546.298828,15482.524414,5000.0,79780.287711,14360.377371,52775.660291,0,true,true,1.0,-37.0586,0,0.0,0.0,1.0
16,8675,10.1,10046.628389,106419.195644,4144.542894,115549.517077,25225.572819,-3051.779767,-784.370306,-1933.283001,-2.954343,-29.174065,-140.000519,0.0,-1.0,1.0,0.0,0.0,0.0,0,0,0,0,0,0,0,0,0,0,0,0,0,0,0,36463.019531,5436.567383,2852.668213,2446.546631,2557.447998,4133.593262,40000.0,40000.0,40000.0,40000.0,11025.947266,9661.411133,40000.0,40000.0,40000.0,40000.0,40000.0,40000.0,40000.0,40000.0,40000.0,36463.019531,16398.582031,15063.082031,5000.0,79452.392859,15280.098237,52762.71665,0,true,true,1.0,-37.0486,0,0.0,0.0,1.0
16,8676,10.15,10210.305376,-78829.50102,4187.711387,-81937.228463,25328.811114,-3054.275054,-852.690621,-1934.36634,-2.706742,-29.182449,-140.508362,0.0,0.0,1.0,0.0,0.0,0.0,0,0,0,0,0,0,0,0,0,0,0,0,0,0,0,36241.734375,5538.394531,3157.950928,2373.948975,2475.613037,3580.979248,40000.0,40000.0,40000.0,40000.0,11939.604492,9872.71582,40000.0,40000.0,40000.0,40000.0,40000.0,40000.0,40000.0,40000.0,40000.0,36241.734375,16240.014648,14705.514648,5000.0,79159.662933,15965.774613,52755.783217,0,true,true,1.0,-37.0386,0,0.0,0.0,1.0
16,8677,10.2,10335.473551,106294.02747,4225.180203,115512.04826,25408.554597,-3039.500915,-939.643238,-1940.120635,-2.568571,-29.186239,-140.791702,0.0,0.0,1.0,0.0,0.0,0.069993,0,0,0,0,0,0,0,0,0,0,0,0,0,0,0,17697.691406,6216.981934,3376.749756,2313.546143,2409.402344,3179.939209,7486.962402,40000.0,40000.0,40000.0,12811.310547,10032.400391,40000.0,40000.0,40000.0,40000.0,40000.0,40000.0,40000.0,40000.0,40000.0,36073.914062,16108.524414,12518.828125,5000.0,78952.773859,16357.81143,52753.80948,0,true,true,1.0,-37.0286,0,0.0,0.0,1.0
16,8678,10.25,10498.340965,-78992.368435,4279.274311,-81991.322571,25513.211731,-3017.897525,-1042.871388,-1945.627935,-2.411659,-29.171888,-141.113495,0.0,0.0,1.0,0.0,0.0,0.0,0,0,0,0,0,0,0,0,0,0,0,0,0,0,0,17224.753906,7098.273926,3650.54541,2322.946777,2317.398193,2666.094971,6594.423828,40000.0,40000.0,40000.0,13091.037109,10240.9375,40000.0,40000.0,40000.0,40000.0,40000.0,40000.0,40000.0,40000.0,40000.0,35875.390625,15928.208984,12250.931641,5000.0,78704.945596,16804.211948,52727.744506,0,true,true,1.0,-37.0186,0,0.0,0.0,1.0
16,8679,10.3,10666.409637,106125.958798,4341.056698,115450.265873,25622.243743,-2997.38938,-1140.04753,-1950.500748,-2.291413,-29.145689,-141.360245,0.0,0.0,1.0,0.0,0.0,0.0,0,0,0,0,0,0,0,0,0,0,0,0,0,0,0,16791.583984,24613.216797,3914.119629,2479.196533,2216.475342,2481.521973,6429.260254,40000.0,40000.0,40000.0,13360.155273,10455.291992,40000.0,40000.0,40000.0,40000.0,40000.0,40000.0,40000.0,40000.0,40000.0,35680.933594,15730.865234,11979.591797,5000.0,78472.324521,17155.564692,52689.881658,0,true,true,1.0,-37.0086,0,0.0,0.0,1.0
16,8680,10.35,10788.096374,-79114.055172,4389.256841,-82039.522714,25701.727289,-2987.925833,-1206.570557,-1955.000392,-2.224501,-29.130899,-141.497665,0.0,0.0,1.0,0.0,0.0,0.0,0,0,0,0,0,0,0,0,0,0,0,0,0,0,0,16505.408203,24461.341797,4094.378906,2586.577148,2140.077148,2394.148438,5318.561035,40000.0,40000.0,40000.0,13552.972656,10611.438477,40000.0,40000.0,40000.0,40000.0,40000.0,40000.0,40000.0,40000.0,40000.0,35534.183594,15583.682617,11795.365234,5000.0,78306.266901,17357.324902,52670.15039,0,true,true,1.0,-36.9986,0,0.0,0.0,1.0
16,8681,10.4,10952.828691,105961.226481,4458.864035,115380.658679,25810.03552,-2969.553262,-1287.288001,-1958.294843,-2.132584,-29.13212,-141.686508,0.0,0.0,1.0,0.0,-0.239014,-0.517865,0,0,0,0,0,0,0,0,0,0,0,0,0,0,0,16127.359375,24237.927734,4333.958008,2727.996826,2094.607666,2271.070068,3725.536377,40000.0,40000.0,40000.0,13822.899414,10829.56543,40000.0,40000.0,40000.0,40000.0,40000.0,40000.0,40000.0,40000.0,40000.0,35310.347656,15385.591797,11551.793945,5000.0,78057.310601,17630.495046,52672.143406,0,true,true,1.0,-36.9886,0,0.0,0.0,1.0
16,8682,10.45,11118.148581,-79279.375062,4523.967061,-82104.62574,25916.376337,-3036.210638,-1126.568714,-1924.779592,-1.839342,-29.26757,-142.287933,0.0,-1.0,1.0,0.0,-0.454662,-1.818647,0,0,0,0,0,0,0,0,0,0,0,0,0,0,0,15624.236328,23577.972656,4378.280273,2908.697754,2220.686768,2148.150879,2626.405518,40000.0,40000.0,40000.0,40000.0,11091.798828,40000.0,40000.0,40000.0,40000.0,40000.0,40000.0,40000.0,40000.0,40000.0,34943.78125,15241.110352,11244.032227,5000.0,77582.384235,18400.508316,52839.204554,0,true,true,1.0,-36.9786,0,0.0,0.0,1.0
16,8683,10.5,11242.91991,105836.455152,4566.70032,115337.92542,25994.081996,-3077.085202,-1011.121561,-1899.58887,-1.395451,-29.457619,-143.193939,0.0,-1.0,1.0,0.0,-0.08666,-0.823273,0,0,0,0,0,0,0,0,0,0,0,0,0,0,0,15451.630859,23701.580078,4336.958984,3093.207764,2340.906494,2057.431152,2499.026123,40000.0,40000.0,40000.0,40000.0,10972.234375,40000.0,40000.0,40000.0,40000.0,40000.0,40000.0,40000.0,40000.0,40000.0,34580.363281,15185.849609,10942.379883,5000.0,77017.267283,19514.657292,53070.480691,0,true,true,1.0,-36.9686,0,0.0,0.0,1.0
16,8684,10.55,11413.360932,-79449.816083,4617.893202,-82155.818622,26097.385561,-3111.284933,-923.669235,-1878.799485,-0.79927,-29.680912,-144.402985,0.0,0.0,1.0,0.0,0.0,0.0,0,0,0,0,0,0,0,0,0,0,0,0,0,0,0,15210.421875,24135.072266,4395.392578,3367.241943,2517.385742,2125.711914,2343.067871,40000.0,40000.0,40000.0,40000.0,11095.019531,40000.0,40000.0,40000.0,40000.0,40000.0,40000.0,40000.0,40000.0,40000.0,40000.0,15110.671875,10544.712891,5000.0,76258.612715,20986.655571,53347.905609,0,true,true,1.0,-36.9586,0,0.0,0.0,1.0
16,8685,10.6,11588.131099,105661.684984,4673.289986,115282.528636,26203.79566,-3097.440993,-1017.488686,-1893.700434,-0.375488,-29.831512,-145.257309,0.0,0.0,1.0,0.0,0.0,0.0,0,0,0,0,0,0,0,0,0,0,0,0,0,0,0,14976.536133,24264.380859,4898.556641,3624.868164,2685.713623,2255.121094,2196.874756,2967.905518,40000.0,40000.0,40000.0,11396.078125,40000.0,40000.0,40000.0,40000.0,40000.0,40000.0,40000.0,40000.0,40000.0,40000.0,15131.081055,10207.43457,5000.0,75641.71864,22027.474191,53542.424652,0,true,true,1.0,-36.9486,0,0.0,0.0,1.0
16,8686,10.65,11716.249015,-79577.933999,4717.177229,-82199.705865,26282.60173,-3082.511884,-1076.994983,-1902.267759,-0.135723,-29.910301,-145.738892,0.0,0.0,1.0,0.0,0.139986,0.139986,0,0,0,0,0,0,0,0,0,0,0,0,0,0,0,14807.935547,24315.363281,5247.387695,3801.36377,2801.869873,2345.084717,2141.872803,2831.999512,40000.0,40000.0,40000.0,11606.664062,13355.787109,40000.0,40000.0,40000.0,40000.0,40000.0,40000.0,40000.0,40000.0,40000.0,15180.404297,9984.885742,5000.0,75254.576785,22614.336319,53646.895883,0,true,true,1.0,-36.9386,0,0.0,0.0,1.0
16,8687,10.7,11880.241413,105497.692586,4776.994966,115222.710899,26384.366808,-3075.556489,-1149.160426,-1915.807039,0.144047,-29.968058,-146.299545,0.0,0.0,1.0,0.0,0.069993,0.069993,0,0,0,0,0,0,0,0,0,0,0,0,0,0,0,14588.303711,33263.390625,5692.168945,3866.601562,2945.831299,2456.186523,2236.825195,2629.69873,40000.0,40000.0,40000.0,11762.147461,13386.023438,40000.0,40000.0,40000.0,40000.0,40000.0,40000.0,40000.0,40000.0,40000.0,15198.172852,9883.424805,5000.0,74808.191117,23292.656446,53726.191751,0,true,true,1.0,-36.9286,0,0.0,0.0,1.0
16,8688,10.75,12049.690527,-79747.383113,4842.715056,-82265.425956,26490.542765,-3060.939397,-1212.289445,-1926.047469,0.371686,-30.004751,-146.755081,0.0,0.0,1.0,0.0,0.0,0.0,0,0,0,0,0,0,0,0,0,0,0,0,0,0,0,14362.964844,33014.171875,24646.158203,3770.753906,3086.49585,2565.480713,2330.835938,2425.881104,40000.0,40000.0,40000.0,11665.709961,13216.34375,40000.0,40000.0,40000.0,40000.0,40000.0,40000.0,40000.0,40000.0,40000.0,15130.493164,9761.222656,5000.0,74402.98069,23844.847794,53779.645129,0,true,true,1.0,-36.9186,0,0.0,0.0,1.0
16,8689,10.8,12178.103872,105369.27924,4894.908002,115170.517953,26571.629225,-3052.803682,-1256.109901,-1933.824399,0.49441,-30.040146,-147.000443,0.0,0.0,1.0,0.0,-0.069993,0.069993,0,0,0,0,0,0,0,0,0,0,0,0,0,0,0,14196.772461,32816.921875,23911.070312,3695.128418,3187.227783,2644.633545,2399.71167,2342.405518,40000.0,40000.0,40000.0,11752.331055,13288.882812,40000.0,40000.0,40000.0,40000.0,40000.0,40000.0,40000.0,40000.0,40000.0,15012.706055,9642.799805,5000.0,74120.994695,24146.329636,53829.910868,0,true,true,1.0,-36.9086,0,0.0,0.0,1.0
16,8690,10.85,12345.010049,-79914.28929,4965.514173,-82336.032126,26677.710804,-3054.111308,-1312.484015,-1947.041335,0.612014,-30.181534,-147.235077,0.0,0.0,1.0,0.0,-0.539279,-0.069993,0,0,0,0,0,0,0,0,0,0,0,0,0,0,0,13996.489258,32466.572266,23028.205078,3755.98999,3315.009521,2746.256348,2488.828125,2426.720215,3480.041748,40000.0,40000.0,11987.374023,13428.200195,40000.0,40000.0,40000.0,40000.0,40000.0,40000.0,40000.0,40000.0,40000.0,14812.588867,9473.792969,5000.0,73692.989206,24437.761388,54017.287074,0,true,true,1.0,-36.8986,0,0.0,0.0,1.0
16,8691,10.9,12478.048799,105236.240491,5023.876264,115112.155862,26762.87648,-3045.833189,-1349.353808,-1954.472897,0.784974,-30.444141,-147.578156,0.0,0.0,1.0,0.0,-1.015965,-1.818044,0,0,0,0,0,0,0,0,0,0,0,0,0,0,0,13851.705078,32044.964844,21559.271484,3922.982178,3429.660156,2834.36377,2564.048096,2496.088867,3187.785645,40000.0,40000.0,12201.023438,13304.870117,40000.0,40000.0,40000.0,40000.0,40000.0,40000.0,40000.0,40000.0,40000.0,14760.328125,9380.667969,5000.0,73148.368063,24835.842677,54359.669975,0,true,true,1.0,-36.8886,0,0.0,0.0,1.0
16,8692,10.95,12670.739854,-80106.980345,5109.043899,-82421.199762,26886.536105,-3044.122324,-1293.325772,-1941.290577,1.587164,-31.087992,-149.148376,0.0,-1.0,1.0,0.0,-0.65865,-4.205228,0,0,0,0,0,0,0,0,0,0,0,0,0,0,0,13278.615234,31206.244141,21717.441406,4317.445312,3435.229492,3003.089111,2694.040771,2603.526367,2683.549805,40000.0,40000.0,12760.40625,13685.674805,40000.0,40000.0,40000.0,40000.0,40000.0,40000.0,40000.0,40000.0,40000.0,24708.523438,9499.946289,5000.0,71664.554056,26553.412292,55208.012492,0,true,true,1.0,-36.8786,0,0.0,0.0,1.0
16,8693,11.0,12791.655003,105115.325341,5156.216364,115064.983398,26962.00188,-3100.373041,-1156.629623,-1919.270622,2.777375,-31.641584,-151.440948,0.0,-1.0,1.0,0.0,-0.088608,-1.905083,0,0,0,0,0,0,0,0,0,0,0,0,0,0,0,12553.582031,30571.630859,22088.957031,4803.890137,3366.337402,3169.007812,2807.317383,2683.914795,2750.456543,40000.0,40000.0,13313.683594,13512.455078,40000.0,40000.0,40000.0,40000.0,40000.0,40000.0,40000.0,40000.0,40000.0,24266.755859,12423.46582,5000.0,69968.899452,28967.437328,55980.641745,0,true,true,1.0,-36.8686,0,0.0,0.0,1.0
16,8694,11.05,12954.03143,-80269.356772,5210.017553,-82475.000951,27060.415482,-3144.537594,-964.665671,-1881.754472,4.609035,-32.269901,-154.910233,0.0,-1.0,1.0,0.0,0.0,-0.209979,0,0,0,0,0,0,0,0,0,0,0,0,0,0,0,9583.207031,13901.085938,22734.039062,29854.539062,3706.797119,3436.699707,2985.445801,2807.198486,2831.103027,3828.85083,40000.0,16770.994141,14051.050781,40000.0,40000.0,40000.0,40000.0,40000.0,40000.0,40000.0,40000.0,40000.0,29854.539062,13158.795898,5000.0,67414.912398,32471.772631,56952.548389,0,true,true,1.0,-36.8586,0,0.0,0.0,1.0
16,8695,11.1,13127.178505,104942.178267,5255.780847,115019.220104,27161.988741,-3171.957317,-758.784129,-1837.826242,6.453365,-32.778091,-158.348862,0.0,-1.0,1.0,0.0,-0.069993,0.0,0,0,0,0,0,0,0,0,0,0,0,0,0,0,0,8859.554688,13556.87793,23470.419922,26798.326172,4216.680176,3320.368164,3197.487793,2956.036377,2934.45752,3124.564209,40000.0,40000.0,13727.772461,40000.0,40000.0,40000.0,40000.0,40000.0,40000.0,40000.0,40000.0,40000.0,29254.523438,13242.337891,5000.0,64734.331756,35776.278185,57848.242372,0,true,true,1.0,-36.8486,0,0.0,0.0,1.0
16,8696,11.15,13248.037396,-80390.215663,5281.018657,-82500.238761,27230.960388,-3194.609865,-619.074972,-1809.079479,7.811137,-33.087803,-160.852295,0.0,-1.0,1.0,0.0,-0.069993,-0.069993,0,0,0,0,0,0,0,0,0,0,0,0,0,0,0,8396.71875,13342.847656,28885.064453,22161.322266,4657.249512,3428.408447,3367.843994,3074.175049,3016.736084,3173.698486,40000.0,40000.0,12801.374023,40000.0,40000.0,40000.0,40000.0,40000.0,40000.0,40000.0,40000.0,40000.0,28885.064453,13336.441406,5000.0,62698.587104,38075.086099,58471.79216,0,true,true,1.0,-36.8386,0,0.0,0.0,1.0
16,8697,11.2,13412.031206,104778.184457,5307.361223,114992.877539,27322.482491,-3206.89654,-486.58377,-1786.555059,9.468645,-33.392941,-163.882278,0.0,0.0,1.0,0.0,0.0,0.0,0,0,0,0,0,0,0,0,0,0,0,0,0,0,0,8788.970703,12492.90332,28485.007812,21852.904297,28485.007812,3781.877686,3421.242432,3245.796143,3140.707764,3257.121582,40000.0,40000.0,13315.56543,14849.628906,40000.0,40000.0,40000.0,40000.0,40000.0,40000.0,40000.0,40000.0,40000.0,14182.501953,5000.0,60118.33288,40741.714681,59190.963938,0,true,true,1.0,-36.8286,0,0.0,0.0,1.0
16,8698,11.25,13582.125796,-80560.310253,5334.242114,-82527.119653,27418.399735,-3208.993224,-517.394884,-1823.087832,10.727046,-33.572556,-166.16684,0.0,0.0,1.0,0.0,0.0,0.0,0,0,0,0,0,0,0,0,0,0,0,0,0,0,0,11661.537109,11648.386719,14241.457031,22143.695312,28176.875,4129.307617,3307.640625,3418.695312,3272.647705,3358.082764,3940.108398,40000.0,13849.675781,15190.457031,40000.0,40000.0,40000.0,40000.0,40000.0,40000.0,40000.0,40000.0,40000.0,23841.111328,5000.0,58049.819772,42666.259489,59705.206061,0,true,true,1.0,-36.8186,0,0.0,0.0,1.0
16,8699,11.3,13740.374076,104619.936177,5360.33121,114966.788443,27509.07974,-3225.527313,-537.546262,-1858.57711,11.645133,-33.676388,-167.82666,0.0,0.0,1.0,0.0,0.0,0.0,0,0,0,0,0,0,0,0,0,0,0,0,0,0,0,12017.141602,11036.053711,13167.867188,22359.667969,27936.658203,4440.98291,3526.808105,3575.292969,3395.72876,3457.677002,3784.592773,40000.0,14358.837891,14956.051758,40000.0,40000.0,40000.0,40000.0,40000.0,40000.0,40000.0,40000.0,40000.0,23709.388672,5000.0,56469.180634,44014.859884,60063.237342,0,true,true,1.0,-36.8086,0,0.0,0.0,1.0
16,8700,11.35,13895.732279,-80715.668457,5386.531235,-82553.319678,27599.365542,-3237.876865,-549.088696,-1890.234264,12.337936,-33.739357,-169.076111,0.0,0.0,1.0,0.0,0.0,-0.069993,0,0,0,0,0,0,0,0,0,0,0,0,0,0,0,12181.272461,8460.329102,12897.708008,22492.335938,27728.119141,4731.346191,3718.292725,3566.633301,3515.852051,3559.429443,3871.223877,40000.0,14764.290039,15166.318359,40000.0,40000.0,40000.0,40000.0,40000.0,40000.0,40000.0,40000.0,40000.0,27728.119141,5000.0,55216.854832,45001.561917,60322.391877,0,true,true,1.0,-36.7986,0,0.0,0.0,1.0
16,8701,11.4,14061.754064,104453.914392,5414.835955,114938.483723,27697.184125,-3236.640172,-552.876491,-1917.604953,12.926251,-33.758537,-170.135605,0.0,0.0,1.0,0.0,0.279972,-0.069993,0,0,0,0,0,0,0,0,0,0,0,0,0,0,0,12037.699219,8051.972168,12628.77832,22630.083984,27538.199219,27538.199219,3915.471436,3457.007324,3642.641602,3669.857666,3970.026611,40000.0,16481.328125,14871.354492,40000.0,40000.0,40000.0,40000.0,40000.0,40000.0,40000.0,40000.0,40000.0,27538.199219,5000.0,54121.581524,45822.833705,60512.368091,0,true,true,1.0,-36.7886,0,0.0,0.0,1.0
16,8702,11.45,14217.873969,-80871.788361,5441.492014,-82579.975736,27790.202475,-3253.770805,-554.865473,-1946.427903,13.482669,-33.668118,-171.138199,0.0,0.0,1.0,0.0,0.209979,-0.139986,0,0,0,0,0,0,0,0,0,0,0,0,0,0,0,11890.436523,7673.533691,12429.705078,22737.162109,25868.986328,27435.619141,4102.12793,3535.915283,3758.799072,3769.398193,4057.41748,40000.0,18170.707031,14581.341797,40000.0,40000.0,40000.0,40000.0,40000.0,40000.0,40000.0,40000.0,40000.0,27435.619141,5000.0,53158.337834,46603.918872,60597.789016,0,true,true,1.0,-36.7786,0,0.0,0.0,1.0
16,8703,11.5,14381.567082,104290.221279,5469.258446,114910.71729,27888.760968,-3262.773369,-551.145627,-1971.207615,14.034397,-33.428333,-172.136124,0.0,0.0,1.0,0.0,0.139986,-0.209979,0,0,0,0,0,0,0,0,0,0,0,0,0,0,0,11716.126953,7287.672363,12207.204102,27430.417969,22775.960938,27430.417969,4294.16748,3678.738037,3875.201416,3868.391357,4144.073242,40000.0,18594.652344,14848.788086,40000.0,40000.0,40000.0,40000.0,40000.0,40000.0,40000.0,40000.0,40000.0,27430.417969,5000.0,52293.168259,47398.278052,60555.483784,0,true,true,1.0,-36.7686,0,0.0,0.0,1.0
16,8704,11.55,14556.840798,-81047.062078,5498.545456,-82609.262746,27995.281497,-3266.934413,-541.766043,-1992.344295,14.61263,-33.096783,-173.189865,0.0,0.0,1.0,0.0,0.139986,-0.279972,0,0,0,0,0,0,0,0,0,0,0,0,0,0,0,11522.606445,6888.001465,11899.496094,27478.40625,20696.097656,27478.40625,4501.996094,3831.389648,3800.78418,3971.758545,4232.32959,40000.0,40000.0,15094.408203,40000.0,40000.0,40000.0,40000.0,40000.0,40000.0,40000.0,40000.0,40000.0,27478.40625,5000.0,51414.29684,48240.481788,60452.533999,0,true,true,1.0,-36.7586,0,0.0,0.0,1.0
16,8705,11.6,14722.141193,104124.920885,5518.910148,114890.352598,28093.775517,-3261.32447,-319.794563,-1918.057827,15.237265,-32.683056,-174.339447,0.0,-1.0,1.0,0.0,0.102342,-0.614052,0,0,0,0,0,0,0,0,0,0,0,0,0,0,0,11345.045898,6717.529785,11360.006836,27604.556641,20630.988281,27604.556641,22317.082031,3985.252197,3652.875488,4069.845947,4312.808594,5860.042969,40000.0,15270.652344,40000.0,40000.0,40000.0,40000.0,40000.0,40000.0,40000.0,40000.0,40000.0,27604.556641,5000.0,50496.788994,49164.192852,60310.37252,0,true,true,1.0,-36.7486,0,0.0,0.0,1.0
16,8706,11.65,14887.866423,-81212.787308,5528.41359,-82618.766187,28189.050359,-3255.102767,-108.540209,-1845.3925,15.924852,-32.163673,-175.620483,0.0,-1.0,1.0,0.0,0.139986,-0.139986,0,0,0,0,0,0,0,0,0,0,0,0,0,0,0,11173.99707,6731.381836,10618.232422,27822.367188,20593.25,27822.367188,23507.484375,4153.03125,3795.471436,4172.375977,4394.364258,5001.224609,40000.0,15361.727539,40000.0,40000.0,40000.0,40000.0,40000.0,40000.0,40000.0,40000.0,40000.0,27822.367188,5000.0,49501.97187,50201.313493,60120.992273,0,true,true,1.0,-36.7386,0,0.0,0.0,1.0
16,8707,11.7,15060.904349,103951.882959,5531.847222,114886.918965,28286.747972,-3256.815575,-69.188564,-1846.536939,16.563911,-31.551357,-176.829422,0.0,0.0,1.0,0.0,0.069993,-0.069993,0,0,0,0,0,0,0,0,0,0,0,0,0,0,0,10988.130859,6740.431641,9921.798828,12333.948242,20499.603516,28118.294922,28118.294922,4331.008301,3933.344971,4282.923828,4484.891602,5069.40918,40000.0,15027.866211,40000.0,40000.0,40000.0,40000.0,40000.0,40000.0,40000.0,40000.0,40000.0,28118.294922,5000.0,48594.329101,51200.874899,59858.764163,0,true,true,1.0,-36.7286,0,0.0,0.0,1.0
16,8708,11.75,15221.970881,-81373.85384,5535.497832,-82622.416797,28378.324313,-3283.246006,-76.539631,-1870.597248,17.104925,-30.94022,-177.870911,0.0,0.0,1.0,0.0,0.069993,0.0,0,0,0,0,0,0,0,0,0,0,0,0,0,0,0,10809.780273,9010.175781,9332.161133,11523.444336,20443.160156,28438.902344,28438.902344,4494.855957,4059.904785,4337.989746,4568.483398,5134.115723,40000.0,14764.998047,40000.0,40000.0,40000.0,40000.0,40000.0,40000.0,40000.0,40000.0,40000.0,28438.902344,5000.0,47822.409246,52071.270575,59580.327484,0,true,true,1.0,-36.7186,0,0.0,0.0,1.0
16,8709,11.8,15387.205008,103786.648832,5539.431733,114882.985065,28472.729163,-3300.395978,-79.015474,-1888.131687,17.534489,-30.421814,-178.711716,0.0,0.0,1.0,0.0,0.0,0.0,0,0,0,0,0,0,0,0,0,0,0,0,0,0,0,10797.008789,9016.339844,6573.284668,11202.560547,20391.357422,28689.490234,28689.490234,4661.316406,4191.456543,4182.228027,4664.150391,5217.49707,40000.0,14993.742188,40000.0,40000.0,40000.0,40000.0,40000.0,40000.0,40000.0,40000.0,40000.0,40000.0,5000.0,47149.475121,52772.655647,59346.353304,0,true,true,1.0,-36.7086,0,0.0,0.0,1.0
16,8710,11.85,15562.769096,-81549.417928,5543.592937,-82626.578002,28573.356558,-3314.099267,-77.635267,-1901.659509,17.88188,-29.985641,-179.401505,0.0,0.0,1.0,0.0,0.0,0.0,0,0,0,0,0,0,0,0,0,0,0,0,0,0,0,10871.62207,8994.678711,6145.258789,10899.738281,20326.255859,28865.816406,28865.816406,17288.669922,4333.15332,4182.632324,4775.109375,5321.708496,40000.0,15196.046875,17987.183594,40000.0,40000.0,40000.0,40000.0,40000.0,40000.0,40000.0,40000.0,40000.0,5000.0,46540.477937,53344.269253,59153.533411,0,true,true,1.0,-36.6986,0,0.0,0.0,1.0
16,8711,11.9,15735.579796,103613.838132,5547.504985,114879.073017,28672.49515,-3334.819881,-73.632319,-1914.052374,17.954596,-29.638697,-179.936829,0.0,0.0,1.0,-1.0,0.0,0.0,0,0,0,0,0,0,0,0,0,0,0,0,0,0,0,10890.953125,8952.261719,5762.397461,10627.460938,20281.117188,28972.021484,28972.021484,17804.564453,4473.937988,4307.679688,4890.727051,5434.928711,40000.0,15390.139648,17870.296875,40000.0,40000.0,40000.0,40000.0,40000.0,40000.0,40000.0,40000.0,40000.0,5000.0,46020.058598,53983.803992,58820.337535,0,true,true,1.0,-36.6886,0,0.0,0.0,1.0
16,8712,11.95,15868.198132,-81682.036264,5550.30738,-82629.380396,28748.5805,-3345.723212,-69.005018,-1920.500564,17.379282,-29.394907,179.685928,0.0,0.0,1.0,-1.0,0.0,0.0,0,0,0,0,0,0,0,0,0,0,0,0,0,0,0,20163.355469,8915.448242,5481.417969,10426.503906,20265.78125,29035.564453,29035.564453,18199.111328,4582.662598,4404.559082,4980.884766,5524.041016,40000.0,15511.75293,17604.087891,40000.0,40000.0,40000.0,40000.0,40000.0,40000.0,40000.0,40000.0,40000.0,5000.0,45634.318952,55065.882384,57989.750035,0,true,true,1.0,-36.6786,0,0.0,0.0,1.0
16,8713,12.0,16059.604376,103422.431888,5553.955827,114875.42457,28858.366088,-3371.989097,-60.942199,-1930.933443,15.687675,-29.078539,179.209152,0.0,0.0,1.0,0.0,0.069993,0.0,0,0,0,0,0,0,0,0,0,0,0,0,0,0,0,19885.050781,8851.819336,5094.729004,10148.755859,20220.246094,29097.529297,29097.529297,20373.464844,4740.209961,4545.813477,5113.770508,5657.068848,40000.0,15609.288086,17591.037109,40000.0,40000.0,40000.0,40000.0,40000.0,40000.0,40000.0,40000.0,40000.0,5000.0,45117.878263,57360.981578,55955.674645,0,true,true,1.0,-36.6686,0,0.0,0.0,1.0
16,8714,12.05,16198.349432,-81820.78132,5556.265427,-82631.689997,28937.773166,-3383.087339,-53.824129,-1934.816654,14.466478,-28.871246,178.897568,0.0,0.0,1.0,0.0,0.0,0.0,0,0,0,0,0,0,0,0,0,0,0,0,0,0,0,19672.914062,8800.874023,4824.942383,9954.401367,20188.828125,23944.351562,29123.808594,20781.876953,4855.102051,4649.124512,5211.645508,5755.844727,40000.0,15371.913086,17622.082031,40000.0,40000.0,40000.0,40000.0,40000.0,40000.0,40000.0,40000.0,40000.0,5000.0,44760.798197,58926.921753,54462.782537,0,true,true,1.0,-36.6586,0,0.0,0.0,1.0
16,8715,12.1,16370.195303,103250.586016,5558.688178,114873.001819,29035.864183,-3401.048113,-44.163379,-1939.60942,13.208568,-28.661985,178.572189,0.0,0.0,1.0,0.0,0.0,0.0,0,0,0,0,0,0,0,0,0,0,0,0,0,0,0,19497.072266,8727.148438,4686.493652,9724.449219,29113.699219,20558.773438,29113.699219,21271.599609,4998.610352,4779.195801,5336.267578,5883.469238,40000.0,15490.618164,17730.533203,40000.0,40000.0,40000.0,40000.0,40000.0,40000.0,40000.0,40000.0,40000.0,5000.0,44348.662039,60499.547855,52885.308655,0,true,true,1.0,-36.6486,0,0.0,0.0,1.0
16,8716,12.15,16548.745813,-81999.33183,5560.651359,-82633.653178,29137.511906,-3417.668212,-33.47292,-1943.005201,12.295883,-28.514154,178.332916,0.0,0.0,1.0,0.0,0.0,0.0,0,0,0,0,0,0,0,0,0,0,0,0,0,0,0,19285.759766,8537.887695,4599.124512,9363.696289,29038.9375,18853.994141,29038.9375,21553.826172,20419.5625,4917.367676,5436.129883,6024.737305,40000.0,15679.236328,17953.953125,40000.0,40000.0,40000.0,40000.0,40000.0,40000.0,40000.0,40000.0,40000.0,5000.0,43979.490202,61612.84274,51717.576475,0,true,true,1.0,-36.6386,0,0.0,0.0,1.0
16,8717,12.2,16738.202861,103061.128969,5562.102738,114871.550439,29245.058385,-3430.456091,-21.909966,-1944.562805,11.609854,-28.403517,178.143799,0.0,0.0,1.0,0.0,0.0,0.0,0,0,0,0,0,0,0,0,0,0,0,0,0,0,0,19052.5,8333.734375,4504.556641,8836.113281,28916.484375,18798.544922,28916.484375,21520.248047,20489.78125,5066.223633,5324.686523,6180.604004,40000.0,15875.555664,18260.865234,40000.0,40000.0,40000.0,40000.0,40000.0,40000.0,40000.0,40000.0,40000.0,5000.0,43626.939758,62441.243676,50823.629946,0,true,true,1.0,-36.6286,0,0.0,0.0,1.0
16,8718,12.25,16910.150147,-82171.279116,5562.872948,-82634.423387,29342.286925,-3448.407975,-11.530462,-1947.449589,11.105131,-28.322945,178.001678,0.0,0.0,1.0,0.0,0.0,0.0,0,0,0,0,0,0,0,0,0,0,0,0,0,0,0,18844.507812,8149.678223,4418.107422,8373.972656,28786.970703,18754.283203,28786.970703,21604.478516,20357.251953,5202.436523,5317.673828,6324.652344,40000.0,16051.640625,18569.191406,40000.0,40000.0,40000.0,40000.0,40000.0,40000.0,40000.0,40000.0,40000.0,5000.0,43325.811399,63043.411682,50158.295745,0,true,true,1.0,-36.6186,0,0.0,0.0,1.0
16,8719,12.3,17084.895126,102886.383991,5563.127148,114871.296239,29440.800318,-3461.280905,-1.174163,-1948.638765,10.738458,-28.26512,177.897934,0.0,0.0,1.0,0.0,0.0,0.0,0,0,0,0,0,0,0,0,0,0,0,0,0,0,0,18637.179688,7963.666016,4328.966797,4879.205078,10947.969727,18717.681641,28632.962891,21691.994141,20214.015625,5342.131836,5457.814941,6474.852051,40000.0,16226.972656,19097.796875,40000.0,40000.0,40000.0,40000.0,40000.0,40000.0,40000.0,40000.0,40000.0,5000.0,43048.617752,63474.41722,49672.083148,0,true,true,1.0,-36.6086,0,0.0,0.0,1.0
16,8720,12.35,17262.041705,-82348.425695,5560.968719,-82632.264958,29540.01935,-3441.463613,111.799472,-1912.067698,10.471148,-28.223339,177.822052,0.0,-1.0,1.0,0.0,0.0,0.0,0,0,0,0,0,0,0,0,0,0,0,0,0,0,0,18429.769531,7776.771973,4240.705566,4441.151367,9926.644531,18680.173828,28462.050781,21789.888672,20087.298828,5486.314941,5603.161133,6631.574707,40000.0,16400.037109,19392.734375,40000.0,40000.0,40000.0,40000.0,40000.0,40000.0,40000.0,40000.0,40000.0,5000.0,42788.98216,63786.288089,49316.504581,0,true,true,1.0,-36.5986,0,0.0,0.0,1.0
16,8721,12.4,17436.082402,102712.343293,5548.383113,114883.881845,29635.376689,-3378.489339,324.072387,-1836.451852,10.276112,-28.193058,177.766556,0.0,-1.0,1.0,0.0,0.0,0.0,0,0,0,0,0,0,0,0,0,0,0,0,0,0,0,18227.818359,7598.495117,4926.333008,4007.077637,9638.120117,18656.21875,28288.271484,22189.226562,19988.664062,5636.59082,5755.20459,6796.374023,40000.0,16558.529297,21636.882812,40000.0,40000.0,40000.0,40000.0,40000.0,40000.0,40000.0,40000.0,40000.0,5000.0,42548.493961,64021.625213,49056.721449,0,true,true,1.0,-36.5886,0,0.0,0.0,1.0
16,8722,12.45,17598.297966,-82510.64126,5527.583077,-82611.464922,29722.415391,-3354.767156,462.38601,-1792.563272,10.13339,-28.171007,177.725861,0.0,0.0,1.0,0.0,0.0,0.0,0,0,0,0,0,0,0,0,0,0,0,0,0,0,0,18040.654297,7436.797363,5924.038574,3597.805908,9442.5,18644.753906,28124.234375,22558.837891,19916.210938,5784.132812,5904.711914,6958.893066,40000.0,16696.695312,40000.0,40000.0,40000.0,40000.0,40000.0,40000.0,40000.0,40000.0,40000.0,40000.0,5000.0,42333.042295,64203.259349,48866.489025,0,true,true,1.0,-36.5786,0,0.0,0.0,1.0
16,8723,12.5,17730.079933,102580.561327,5509.958767,114901.506155,29792.912607,-3366.480955,443.52273,-1800.93937,10.052146,-28.158495,177.702682,0.0,0.0,1.0,0.0,0.0,0.0,0,0,0,0,0,0,0,0,0,0,0,0,0,0,0,17889.421875,7305.945801,5879.936035,3401.043213,9285.713867,18636.804688,27986.322266,22854.947266,18586.427734,5904.787109,6027.241699,7092.374023,40000.0,16807.328125,40000.0,40000.0,40000.0,40000.0,40000.0,40000.0,40000.0,40000.0,40000.0,40000.0,5000.0,42165.474165,64310.478906,48758.492153,0,true,true,1.0,-36.5686,0,0.0,0.0,1.0
16,8724,12.55,17932.296926,-82712.858253,5484.359879,-82585.866034,29901.089645,-3394.224724,418.471941,-1815.497412,9.952259,-28.143152,177.674149,0.0,0.0,1.0,0.0,0.0,0.0,0,0,0,0,0,0,0,0,0,0,0,0,0,0,0,17657.9375,7104.508301,5809.790527,3341.291748,9045.59082,18602.71875,27770.984375,23304.960938,18517.21875,6087.813965,6214.292969,7296.52832,40000.0,16977.822266,40000.0,40000.0,40000.0,40000.0,40000.0,40000.0,40000.0,40000.0,40000.0,40000.0,5000.0,41913.66855,64444.173872,48625.853353,0,true,true,1.0,-36.5586,0,0.0,0.0,1.0
16,8725,12.6,18095.427795,102417.430458,5464.286856,114921.579177,29988.306146,-3392.908498,448.689176,-1807.240693,9.892164,-28.128912,177.658112,0.0,-1.0,1.0,0.0,0.069993,0.0,0,0,0,0,0,0,0,0,0,0,0,0,0,0,0,17470.826172,6941.44873,5751.591309,3292.104736,8852.287109,18590.638672,27598.900391,23662.912109,18454.449219,27598.900391,6364.772949,7460.924805,40000.0,17114.339844,40000.0,40000.0,40000.0,40000.0,40000.0,40000.0,40000.0,40000.0,40000.0,40000.0,5000.0,41719.477283,64526.770332,48543.225072,0,true,true,1.0,-36.5486,0,0.0,0.0,1.0
16,8726,12.65,18259.80377,-82877.234228,5436.751229,-82558.330406,30074.821586,-3344.437347,629.967112,-1746.049431,9.813641,-28.083567,177.690292,0.0,-1.0,1.0,0.0,0.069993,0.139986,0,0,0,0,0,0,0,0,0,0,0,0,0,0,0,17276.695312,6777.553223,5697.438477,3248.943604,4320.198242,18579.349609,27456.050781,23988.898438,18413.626953,27456.050781,6521.462891,7634.039062,40000.0,17223.128906,40000.0,40000.0,40000.0,40000.0,40000.0,40000.0,40000.0,40000.0,40000.0,40000.0,5000.0,41597.560931,64586.500876,48437.822188,0,true,true,1.0,-36.5386,0,0.0,0.0,1.0
16,8727,12.7,18426.559426,102250.674802,5401.710745,114956.61966,30161.250491,-3325.939063,695.605024,-1723.357088,9.706856,-28.023701,177.789154,0.0,0.0,1.0,0.0,0.069993,0.139986,0,0,0,0,0,0,0,0,0,0,0,0,0,0,0,17076.876953,6612.404297,5646.163086,3211.376709,3402.159668,18570.849609,27325.978516,27325.978516,18403.320312,27325.978516,6686.895508,7819.526367,40000.0,17536.986328,40000.0,40000.0,40000.0,40000.0,40000.0,40000.0,40000.0,40000.0,40000.0,40000.0,5000.0,41556.44086,64610.875766,48318.418968,0,true,true,1.0,-36.5286,0,0.0,0.0,1.0
16,8728,12.75,18585.645078,-83036.31988,5369.736775,-82526.356436,30243.781904,-3351.035924,657.526622,-1739.601922,9.578952,-27.956984,177.939301,0.0,0.0,1.0,0.0,0.069993,0.069993,0,0,0,0,0,0,0,0,0,0,0,0,0,0,0,16884.296875,6452.650879,5590.095703,3177.218262,2898.336426,18557.330078,27209.867188,27209.867188,18408.660156,27209.867188,6844.378906,7998.589844,40000.0,17887.541016,40000.0,40000.0,40000.0,40000.0,40000.0,40000.0,40000.0,40000.0,40000.0,40000.0,5000.0,41585.158181,64598.56103,48191.918888,0,true,true,1.0,-36.5186,0,0.0,0.0,1.0
16,8729,12.8,18750.125128,102086.194752,5334.498521,114991.857915,30328.61836,-3317.468547,777.105939,-1698.506094,9.435685,-27.878408,178.128448,0.0,-1.0,1.0,0.0,0.069993,0.0,0,0,0,0,0,0,0,0,0,0,0,0,0,0,0,16683.761719,6287.620117,5532.162598,3498.213623,2865.44751,18543.037109,27098.953125,27098.953125,18427.794922,27098.953125,7009.229492,8187.846191,40000.0,18254.515625,40000.0,40000.0,40000.0,40000.0,40000.0,40000.0,40000.0,40000.0,40000.0,40000.0,5000.0,41658.571492,64563.780521,48056.259183,0,true,true,1.0,-36.5086,0,0.0,0.0,1.0
16,8730,12.85,18904.195196,-83190.389948,5293.707014,-82485.564929,30406.614011,-3278.532002,927.107984,-1648.068575,9.291008,-27.781637,178.328217,0.0,-1.0,1.0,0.0,0.0,0.0,0,0,0,0,0,0,0,0,0,0,0,0,0,0,0,16492.732422,6135.429199,5486.227051,3809.640625,2842.319336,18571.529297,27018.455078,27018.455078,18462.283203,27018.455078,7169.163086,8372.477539,40000.0,18575.863281,40000.0,40000.0,40000.0,40000.0,40000.0,40000.0,40000.0,40000.0,40000.0,40000.0,5000.0,41767.526984,64527.49356,47910.298919,0,true,true,1.0,-36.4986,0,0.0,0.0,1.0
16,8731,12.9,19101.160516,101889.229432,5231.61807,115053.946859,30504.464922,-3243.170513,1052.663525,-1603.9698,9.11407,-27.631012,178.583435,0.0,0.0,1.0,0.0,0.069993,0.069993,0,0,0,0,0,0,0,0,0,0,0,0,0,0,0,16245.537109,5944.96582,5440.626465,4227.722656,2822.900391,18566.642578,26943.060547,26943.060547,18518.244141,26943.060547,7379.922852,8615.8125,40000.0,18720.160156,40000.0,40000.0,40000.0,40000.0,40000.0,40000.0,40000.0,40000.0,40000.0,40000.0,5000.0,41924.463181,64487.752425,47713.16215,0,true,true,1.0,-36.4886,0,0.0,0.0,1.0
16,8732,12.95,19272.608805,-83361.838237,5178.765394,-82432.712253,30589.619674,-3265.714258,975.950406,-1626.256648,8.962285,-27.48842,178.81633,0.0,0.0,1.0,0.0,0.139986,0.209979,0,0,0,0,0,0,0,0,0,0,0,0,0,0,0,16029.556641,5778.584961,5398.26709,4533.401367,2804.423096,2765.631836,26887.359375,26887.359375,18567.855469,26887.359375,7562.039551,8827.238281,40000.0,18760.193359,40000.0,40000.0,40000.0,40000.0,40000.0,40000.0,40000.0,40000.0,40000.0,40000.0,5000.0,42080.272442,64440.32591,47539.988274,0,true,true,1.0,-36.4786,0,0.0,0.0,1.0
16,8733,13.0,19411.910193,101749.928044,5138.976403,115093.73585,30659.18203,-3296.236786,921.425081,-1645.259318,8.817957,-27.372068,179.061417,0.0,0.0,1.0,0.0,0.069993,0.279972,0,0,0,0,0,0,0,0,0,0,0,0,0,0,0,15854.295898,5641.513672,5355.432129,4518.13916,2860.300537,2750.197266,26841.464844,26841.464844,18623.779297,26841.464844,7709.25,9001.306641,40000.0,18784.607422,40000.0,40000.0,40000.0,40000.0,40000.0,40000.0,40000.0,40000.0,40000.0,40000.0,5000.0,42268.402628,64358.577799,47398.331733,0,true,true,1.0,-36.4686,0,0.0,0.0,1.0
16,8734,13.05,19567.362903,-83517.290947,5095.431065,-82389.166915,30736.575764,-3290.984461,966.011906,-1629.231612,8.593669,-27.205517,179.46283,0.0,-1.0,1.0,0.0,0.069993,0.209979,0,0,0,0,0,0,0,0,0,0,0,0,0,0,0,15653.78125,5484.879883,5295.355469,4479.158203,3030.360596,2731.842529,26823.851562,26823.851562,18726.460938,26823.851562,7874.689453,9203.797852,40000.0,18781.757812,40000.0,40000.0,40000.0,40000.0,40000.0,40000.0,40000.0,40000.0,40000.0,40000.0,5000.0,42642.048548,64190.67267,47194.753806,0,true,true,1.0,-36.4586,0,0.0,0.0,1.0
16,8735,13.1,19725.611256,101591.679692,5044.46127,115144.705645,30814.050039,-3254.666615,1102.882432,-1581.757997,8.352045,-27.029537,179.908722,0.0,-1.0,1.0,0.0,0.0,0.069993,0,0,0,0,0,0,0,0,0,0,0,0,0,0,0,15450.316406,5328.834961,5241.199707,4446.16748,3208.131592,2720.381592,26814.734375,26814.734375,18857.429688,26814.734375,8049.947266,9420.400391,40000.0,18823.203125,40000.0,40000.0,40000.0,40000.0,40000.0,40000.0,40000.0,40000.0,40000.0,40000.0,5000.0,43066.868186,63998.036633,46982.016558,0,true,true,1.0,-36.4486,0,0.0,0.0,1.0
16,8736,13.15,19915.067248,-83706.74694,4974.394361,-82319.100006,30904.945813,-3214.708505,1253.475696,-1528.740891,8.11013,-26.853781,-179.640854,0.0,-1.0,1.0,0.0,0.0,0.0,0,0,0,0,0,0,0,0,0,0,0,0,0,0,0,15213.823242,5150.675293,5115.54834,4422.038086,3438.963379,2716.892334,2881.332764,26775.84375,19007.6875,26775.84375,8267.475586,9685.458984,40000.0,18782.660156,40000.0,40000.0,40000.0,40000.0,40000.0,40000.0,40000.0,40000.0,40000.0,40000.0,5000.0,43461.477814,63818.377512,46770.466678,0,true,true,1.0,-36.4386,0,0.0,0.0,1.0
16,8737,13.2,20068.228646,101438.518294,4915.007324,115204.092682,30977.631887,-3230.353467,1213.366673,-1536.450884,7.949089,-26.734716,-179.338226,0.0,0.0,1.0,0.0,0.0,0.069993,0,0,0,0,0,0,0,0,0,0,0,0,0,0,0,15026.974609,5010.709961,4983.495117,4409.009766,3632.3479,2755.78418,2899.107666,26724.673828,19116.609375,26724.673828,8445.426758,9899.855469,40000.0,19211.787109,40000.0,40000.0,40000.0,40000.0,40000.0,40000.0,40000.0,40000.0,40000.0,40000.0,5000.0,43698.486208,63708.349088,46629.293791,0,true,true,1.0,-36.4286,0,0.0,0.0,1.0
16,8738,13.25,20228.402352,-83866.920646,4858.039647,-82262.132329,31054.083403,-3264.083988,1123.113216,-1560.071266,7.811176,-26.626139,-179.077286,0.0,0.0,1.0,0.0,0.0,0.0,0,0,0,0,0,0,0,0,0,0,0,0,0,0,0,14834.402344,4864.067871,4843.414551,4392.199707,3827.96167,2911.540771,2897.707031,26655.058594,19203.398438,26655.058594,8626.789062,10116.37207,40000.0,19629.173828,40000.0,40000.0,40000.0,40000.0,40000.0,40000.0,40000.0,40000.0,40000.0,40000.0,5000.0,43875.249122,63619.133701,46504.519148,0,true,true,1.0,-36.4186,0,0.0,0.0,1.0
16,8739,13.3,20384.575667,101282.344979,4807.077319,115255.05501,31128.942406,-3290.789407,1039.789051,-1580.111781,7.699743,-26.540804,-178.864853,0.0,0.0,1.0,0.0,0.0,0.0,0,0,0,0,0,0,0,0,0,0,0,0,0,0,0,14649.777344,4720.829102,4705.403809,4372.896973,4012.948486,3058.511963,2890.960449,26566.980469,19369.097656,26566.980469,8800.029297,10321.810547,22816.9375,20075.185547,40000.0,40000.0,40000.0,40000.0,40000.0,40000.0,40000.0,40000.0,40000.0,40000.0,5000.0,43988.387806,63550.512654,46406.618946,0,true,true,1.0,-36.4086,0,0.0,0.0,1.0
16,8740,13.35,20542.260437,-84024.605416,4759.846779,-82214.90179,31204.81309,-3317.418893,961.874775,-1598.721205,7.262164,-26.470968,-178.692383,0.0,0.0,1.0,-1.0,0.0,0.0,0,0,0,0,0,0,0,0,0,0,0,0,0,0,0,14465.720703,4575.839844,4564.498047,4350.771484,4043.462646,3202.72998,2878.946533,26461.779297,19548.119141,26461.779297,8971.179688,10523.098633,22288.226562,20510.414062,40000.0,40000.0,40000.0,40000.0,40000.0,40000.0,40000.0,40000.0,40000.0,40000.0,5000.0,44046.284666,63780.959169,45941.875975,0,true,true,1.0,-36.3986,0,0.0,0.0,1.0
16,8741,13.4,20709.517471,101115.087944,4714.030262,115300.871528,31285.589048,-3343.018274,884.746843,-1616.478897,5.948619,-26.398771,-178.531509,0.0,0.0,1.0,0.0,0.0,0.0,0,0,0,0,0,0,0,0,0,0,0,0,0,0,0,14273.042969,4419.687012,4413.038574,4323.353027,4021.183105,3350.25,2860.50293,26347.257812,19741.691406,26347.257812,9148.647461,10731.103516,22347.0,20221.978516,40000.0,40000.0,40000.0,40000.0,40000.0,40000.0,40000.0,40000.0,40000.0,40000.0,5000.0,44082.411101,64707.083223,44485.513216,0,true,true,1.0,-36.3886,0,0.0,0.0,1.0
16,8742,13.45,20870.824543,-84185.912487,4673.615858,-82174.487386,31363.676349,-3370.790548,816.8452,-1632.909723,4.79527,-26.338993,-178.408234,0.0,0.0,1.0,0.0,0.0,0.0,0,0,0,0,0,0,0,0,0,0,0,0,0,0,0,14122.979492,4341.858398,4265.365234,4294.134766,3996.407715,3488.753174,2991.135742,3300.87793,19936.501953,26226.767578,9316.177734,10926.149414,22421.234375,20417.371094,40000.0,40000.0,40000.0,40000.0,40000.0,40000.0,40000.0,40000.0,40000.0,40000.0,5000.0,44076.27953,65511.948607,43186.327851,0,true,true,1.0,-36.3786,0,0.0,0.0,1.0
16,8743,13.5,21079.95926,100905.953227,4626.282406,115348.204979,31465.201724,-3389.238609,732.283722,-1649.06516,3.761535,-26.283434,-178.29892,0.0,0.0,1.0,0.0,0.0,0.0,0,0,0,0,0,0,0,0,0,0,0,0,0,0,0,13921.427734,4274.756348,4072.043701,4253.039062,3960.297119,3664.122314,3143.625732,3262.776855,20204.068359,26048.976562,9528.890625,11171.144531,22531.912109,20795.830078,40000.0,40000.0,40000.0,40000.0,40000.0,40000.0,40000.0,40000.0,40000.0,40000.0,5000.0,43999.301144,66225.829275,42008.314233,0,true,true,1.0,-36.3686,0,0.0,0.0,1.0
16,8744,13.55,21237.655745,-84343.608972,4593.998727,-82142.203706,31541.876181,-3420.891033,677.706345,-1663.873687,3.175313,-26.251101,-178.237457,0.0,0.0,1.0,0.0,0.0,0.0,0,0,0,0,0,0,0,0,0,0,0,0,0,0,0,13764.003906,4220.958496,3924.908936,4197.056641,3930.051514,3792.936035,3255.383789,3228.872314,20411.351562,25905.427734,9686.328125,11351.509766,22384.339844,21019.376953,40000.0,40000.0,40000.0,40000.0,40000.0,40000.0,40000.0,40000.0,40000.0,40000.0,5000.0,43912.319363,66628.697798,41334.551762,0,true,true,1.0,-36.3586,0,0.0,0.0,1.0
16,8745,13.6,21406.103918,100737.505054,4562.505789,115379.697917,31623.94232,-3437.172512,620.306865,-1675.288029,2.728394,-26.229389,-178.191025,0.0,0.0,1.0,0.0,0.0,0.0,0,0,0,0,0,0,0,0,0,0,0,0,0,0,0,13588.904297,4160.844238,3766.654785,4042.080811,3895.22998,3894.562012,3372.099609,3188.217773,20638.84375,25739.664062,9852.203125,11540.520508,22215.869141,21128.804688,40000.0,40000.0,40000.0,40000.0,40000.0,40000.0,40000.0,40000.0,40000.0,40000.0,5000.0,43790.156757,66940.118532,40820.804831,0,true,true,1.0,-36.3486,0,0.0,0.0,1.0
16,8746,13.65,21584.285069,-84521.790122,4532.274219,-82111.972136,31710.911051,-3454.63824,564.453791,-1686.650285,2.379292,-26.218834,-178.155212,0.0,0.0,1.0,0.0,0.0,0.0,0,0,0,0,0,0,0,0,0,0,0,0,0,0,0,13397.137695,4093.703613,3598.131836,3861.225586,3855.708008,3855.679443,3492.824951,3254.718262,20883.896484,25552.443359,10025.663086,11737.438477,22027.330078,21252.080078,40000.0,40000.0,40000.0,40000.0,40000.0,40000.0,40000.0,40000.0,40000.0,40000.0,5000.0,43638.341986,67188.149675,40422.916133,0,true,true,1.0,-36.3386,0,0.0,0.0,1.0
16,8747,13.7,21753.179642,100568.61048,4506.260156,115405.711981,31793.418495,-3475.631664,516.453406,-1697.752478,2.111953,-26.215458,-178.128036,0.0,0.0,1.0,0.0,-0.069993,0.0,0,0,0,0,0,0,0,0,0,0,0,0,0,0,0,13211.96582,4026.612305,3437.281494,3689.135254,3815.794189,3816.206055,3604.626465,3359.355225,21117.898438,25368.726562,10188.137695,11921.62793,21749.792969,21332.472656,40000.0,40000.0,40000.0,40000.0,40000.0,40000.0,40000.0,40000.0,40000.0,40000.0,5000.0,43482.698925,67380.662788,40120.827224,0,true,true,1.0,-36.3286,0,0.0,0.0,1.0
16,8748,13.75,21920.445996,-84689.056476,4482.833222,-82088.545203,31875.219388,-3491.898256,471.856864,-1707.296187,1.905346,-26.216955,-178.107208,0.0,0.0,1.0,0.0,0.0,0.0,0,0,0,0,0,0,0,0,0,0,0,0,0,0,0,13026.098633,13446.262695,3277.01416,3517.477539,3773.956787,3774.7229,3713.014893,3460.764404,3965.048828,25182.214844,10347.338867,12101.700195,21783.841797,21521.107422,40000.0,40000.0,40000.0,40000.0,40000.0,40000.0,40000.0,40000.0,40000.0,40000.0,5000.0,43318.730947,67533.209821,39889.935648,0,true,true,1.0,-36.3186,0,0.0,0.0,1.0
16,8749,13.8,22096.502922,100392.553554,4460.492494,115428.052709,31961.436875,-3493.768016,426.610005,-1713.570277,1.747018,-26.221352,-178.091354,0.0,0.0,1.0,0.0,0.0,0.0,0,0,0,0,0,0,0,0,0,0,0,0,0,0,0,12828.936523,13243.481445,3107.259033,3335.517334,3727.662842,3728.688965,3824.818848,3565.221924,3891.140869,24983.158203,10513.038086,12288.774414,21944.9375,21839.607422,40000.0,40000.0,40000.0,40000.0,40000.0,40000.0,40000.0,40000.0,40000.0,40000.0,5000.0,43137.645318,67655.658128,39715.216846,0,true,true,1.0,-36.3086,0,0.0,0.0,1.0
16,8750,13.85,22260.250022,-84852.803576,4441.647593,-82069.700302,32041.657039,-3518.303289,390.481858,-1723.980681,1.611932,-26.245499,-178.071045,0.0,0.0,1.0,0.0,-0.209979,0.139986,0,0,0,0,0,0,0,0,0,0,0,0,0,0,0,12636.56543,13057.444336,2948.969238,3165.945068,3673.324463,3684.518555,3927.188232,3661.015625,3820.124023,24780.396484,10667.694336,12463.922852,22098.597656,22164.558594,40000.0,40000.0,40000.0,40000.0,40000.0,40000.0,40000.0,40000.0,40000.0,40000.0,5000.0,42961.979428,67753.01777,39584.545394,0,true,true,1.0,-36.2986,0,0.0,0.0,1.0
16,8751,13.9,22427.253558,100225.550018,4424.226069,115445.474233,32123.569234,-3527.935697,354.114054,-1731.555818,1.338731,-26.599247,-177.699036,0.0,0.0,1.0,0.0,-0.261618,0.457832,0,0,0,0,0,0,0,0,0,0,0,0,0,0,0,12381.736328,12928.053711,2857.588135,3008.241699,3513.804688,3651.019775,3926.779297,3764.729248,3783.961426,24291.447266,10874.665039,12724.793945,22194.207031,22820.917969,40000.0,40000.0,40000.0,40000.0,40000.0,40000.0,40000.0,40000.0,40000.0,40000.0,5000.0,42941.983114,67594.609166,39716.039918,0,true,true,1.0,-36.2886,0,0.0,0.0,1.0
16,8752,13.95,22604.248643,-85029.798661,4407.576831,-82053.051063,32211.426249,-3488.143961,319.314623,-1780.668009,0.971928,-27.074858,-177.109406,-1.0,0.0,1.0,0.0,-0.206894,0.455168,0,0,0,0,0,0,0,0,0,0,0,0,0,0,0,12239.795898,12815.519531,2782.254395,2845.125732,3334.866943,3618.669434,3903.400635,3875.57373,3894.194336,23703.117188,11117.172852,13043.850586,22275.572266,40000.0,40000.0,40000.0,40000.0,40000.0,40000.0,40000.0,40000.0,40000.0,40000.0,40000.0,5000.0,43052.475787,67287.267696,39945.909497,0,true,true,1.0,-36.2786,0,0.0,0.0,1.0
16,8753,14.0,22795.872195,100033.926465,4390.450379,115462.600685,32319.231598,-3304.262777,290.640656,-1958.950666,0.476603,-27.666149,-176.237717,-1.0,0.0,1.0,0.0,-0.206999,0.413998,0,0,0,0,0,0,0,0,0,0,0,0,0,0,0,12098.145508,12719.756836,2694.741455,2672.080078,3149.435791,3587.780518,3887.040283,3997.437744,4032.784424,23003.089844,11407.863281,13442.765625,22270.378906,40000.0,40000.0,40000.0,40000.0,40000.0,40000.0,40000.0,40000.0,40000.0,40000.0,23003.089844,5000.0,43341.255671,66792.357982,40282.243253,0,true,true,1.0,-36.2686,0,0.0,0.0,1.0
16,8754,14.05,22948.148179,-85182.074644,4377.417686,-82040.018371,32416.141309,-3164.150562,265.839058,-2098.149262,-0.094729,-28.375603,-175.194809,-1.0,0.0,1.0,0.0,0.0,0.069993,0,0,0,0,0,0,0,0,0,0,0,0,0,0,0,12018.717773,12641.585938,2620.877197,2544.759521,3019.756104,3575.047607,3893.769531,4102.459961,4158.662109,22270.105469,11695.675781,13857.994141,22259.609375,40000.0,40000.0,40000.0,40000.0,40000.0,40000.0,40000.0,40000.0,40000.0,40000.0,22270.105469,5000.0,43734.134276,66172.793695,40739.351867,0,true,true,1.0,-36.2586,0,0.0,0.0,1.0
16,8755,14.1,23104.874106,99877.200538,4364.762843,115475.255528,32527.827535,-3003.95389,236.136637,-2232.911421,-0.665806,-29.075367,-174.152008,-1.0,0.0,1.0,0.0,-0.069993,0.069993,0,0,0,0,0,0,0,0,0,0,0,0,0,0,0,11938.144531,12619.228516,2546.652832,2408.768066,2878.236084,3561.098633,3899.258789,4212.052734,4290.314941,21549.46875,11998.231445,14296.597656,21549.46875,40000.0,40000.0,40000.0,40000.0,40000.0,40000.0,40000.0,40000.0,40000.0,40000.0,21549.46875,5000.0,44085.667605,65552.79379,41223.27726,0,true,true,1.0,-36.2486,0,0.0,0.0,1.0
16,8756,14.15,23243.906014,-85321.106553,4354.346443,-82029.601971,32637.603337,-2880.422133,208.969252,-2357.405821,-1.218901,-29.743208,-173.145554,-1.0,0.0,1.0,0.0,-0.139986,0.069993,0,0,0,0,0,0,0,0,0,0,0,0,0,0,0,11821.166016,12542.419922,2480.75415,2287.570557,2752.241699,3551.629883,3909.272705,4194.49707,4292.364258,20887.146484,12289.267578,20887.146484,20887.146484,40000.0,40000.0,40000.0,40000.0,40000.0,40000.0,40000.0,40000.0,40000.0,40000.0,20887.146484,5000.0,44404.577259,64953.087515,41710.941081,0,true,true,1.0,-36.2386,0,0.0,0.0,1.0
16,8757,14.2,23378.249427,99742.857125,4345.18995,115484.412021,32754.203826,-2748.92663,179.619579,-2470.072308,-1.796681,-30.442669,-172.09494,-1.0,0.0,1.0,0.0,-0.069993,0.139986,0,0,0,0,0,0,0,0,0,0,0,0,0,0,0,11774.499023,12556.460938,2417.12207,2168.537109,2629.804199,3545.743164,3800.597168,4295.564941,4417.276367,20221.595703,12595.378906,20221.595703,20221.595703,40000.0,40000.0,40000.0,40000.0,40000.0,40000.0,40000.0,40000.0,40000.0,40000.0,20221.595703,5000.0,44706.438421,64325.32049,42249.739493,0,true,true,1.0,-36.2286,0,0.0,0.0,1.0
16,8758,14.25,23510.675434,-85453.532559,4337.237997,-82021.650018,32880.212575,-2618.758035,148.387461,-2578.856234,-2.417789,-31.137676,-170.972046,-1.0,0.0,1.0,0.0,0.0,0.279972,0,0,0,0,0,0,0,0,0,0,0,0,0,0,0,11665.977539,13160.451172,2353.140625,2106.12915,2506.878418,3482.499268,3801.483154,4397.647461,4545.976074,19570.412109,12919.007812,15842.500977,19570.412109,40000.0,40000.0,40000.0,40000.0,40000.0,40000.0,40000.0,40000.0,40000.0,40000.0,19570.412109,5000.0,45036.608757,63653.603203,42810.519821,0,true,true,1.0,-36.2186,0,0.0,0.0,1.0
16,8759,14.3,23662.01115,99591.521409,4329.743169,115491.906849,33038.812966,-2477.177154,109.922434,-2705.391457,-3.275548,-31.886925,-169.436325,-1.0,0.0,1.0,0.0,0.200875,0.45197,0,0,0,0,0,0,0,0,0,0,0,0,0,0,0,11630.772461,13231.349609,2274.045166,2052.133789,2367.370117,3142.484863,3829.144043,4515.53418,4702.175293,18857.150391,13327.166992,15748.777344,18857.150391,40000.0,40000.0,40000.0,40000.0,40000.0,40000.0,40000.0,40000.0,40000.0,40000.0,18857.150391,5000.0,45616.57626,62725.888612,43449.485102,0,true,true,1.0,-36.2086,0,0.0,0.0,1.0
16,8760,14.35,23775.005136,-85566.526545,4325.516188,-82017.423037,33168.418343,-2367.741799,78.009399,-2795.905438,-4.08304,-32.315403,-167.995544,-1.0,0.0,1.0,0.0,0.221589,0.609369,0,0,0,0,0,0,0,0,0,0,0,0,0,0,0,12151.051758,12886.456055,2206.453369,2006.341675,2265.574707,3049.123779,3857.445801,4600.351074,4822.605957,17915.867188,14157.143555,18391.242188,18391.242188,40000.0,40000.0,40000.0,40000.0,40000.0,40000.0,40000.0,40000.0,40000.0,40000.0,18391.242188,5000.0,46363.1348,61831.618881,43859.674745,0,true,true,1.0,-36.1986,0,0.0,0.0,1.0
16,8761,14.4,23888.232899,99478.293647,4322.760959,115494.662078,33308.949961,-2255.824666,42.388277,-2883.136892,-5.026607,-32.586884,-166.311478,-1.0,0.0,1.0,0.0,0.154799,0.567597,0,0,0,0,0,0,0,0,0,0,0,0,0,0,0,12128.521484,13399.176758,2131.727539,1955.242676,2163.38623,2964.531006,3891.41626,4681.10498,4813.359375,16072.568359,14414.555664,17993.775391,17993.775391,40000.0,40000.0,40000.0,40000.0,40000.0,40000.0,40000.0,40000.0,40000.0,17993.775391,17993.775391,5000.0,47392.852561,60753.328317,44188.030905,0,true,true,1.0,-36.1886,0,0.0,0.0,1.0
16,8762,14.45,23992.190778,-85670.484424,4321.827074,-82016.489152,33448.026296,-2156.154821,5.761156,-2963.614463,-6.074174,-32.739422,-164.440872,-1.0,0.0,1.0,0.0,0.123917,0.43371,0,0,0,0,0,0,0,0,0,0,0,0,0,0,0,11668.579102,13525.87207,2057.007812,1904.599121,2074.920898,2909.888428,3936.391846,4628.592773,4935.835449,14438.50293,14404.952148,17662.046875,17662.046875,40000.0,40000.0,40000.0,40000.0,40000.0,40000.0,40000.0,40000.0,40000.0,17662.046875,11240.649414,5000.0,48627.649095,59514.687412,44463.061605,0,true,true,1.0,-36.1786,0,0.0,0.0,1.0
16,8763,14.5,24090.914596,99379.569828,4322.69915,115493.790003,33589.831564,-2058.593905,-33.394859,-3035.3431,-7.157247,-32.815243,-162.50708,-1.0,0.0,1.0,0.0,0.0,0.069993,0,0,0,0,0,0,0,0,0,0,0,0,0,0,0,12127.503906,13166.186523,1984.046143,1854.699829,1989.899414,2866.998535,3988.026367,4700.270996,5060.131348,13149.141602,14808.132812,17364.119141,40000.0,40000.0,40000.0,40000.0,40000.0,40000.0,40000.0,40000.0,40000.0,40000.0,17364.119141,11139.285156,5000.0,49916.819371,58196.207611,44716.094104,0,true,true,1.0,-36.1686,0,0.0,0.0,1.0
16,8764,14.55,24190.683044,-85770.252872,4325.740663,-82019.530665,33743.760089,-1961.729978,-77.62119,-3107.751794,-8.212969,-32.83363,-160.623291,-1.0,0.0,1.0,0.0,0.069993,0.069993,0,0,0,0,0,0,0,0,0,0,0,0,0,0,0,11763.697266,13599.583008,1911.484375,1803.343872,1824.426147,2804.442871,3941.781494,4772.388672,5260.119629,13378.75293,15226.166992,17071.585938,40000.0,40000.0,40000.0,40000.0,40000.0,40000.0,40000.0,40000.0,40000.0,40000.0,17071.585938,11041.492188,5000.0,51146.141698,56880.496668,44957.201565,0,true,true,1.0,-36.1586,0,0.0,0.0,1.0
16,8765,14.6,24303.200593,99267.052279,4332.312043,115487.218622,33931.101775,-1849.592705,-133.025878,-3183.032811,-9.50586,-32.748253,-158.312378,-1.0,0.0,1.0,0.0,0.157764,0.315528,0,0,0,0,0,0,0,0,0,0,0,0,0,0,0,12159.069336,13454.743164,1825.266357,1742.223267,1781.489868,2741.93335,3934.093262,4855.162109,5736.76416,13658.045898,15755.49707,16764.798828,40000.0,40000.0,40000.0,40000.0,40000.0,40000.0,40000.0,40000.0,40000.0,40000.0,16764.798828,11402.350586,5000.0,52675.680887,55209.992264,45204.375014,0,true,true,1.0,-36.1486,0,0.0,0.0,1.0
16,8766,14.65,24388.228267,-85855.280546,4339.972943,-82027.191564,34083.346453,-1767.702242,-179.663098,-3241.107212,-10.55431,-32.557106,-156.427673,-1.0,0.0,1.0,0.0,0.275933,0.49668,0,0,0,0,0,0,0,0,0,0,0,0,0,0,0,12186.938477,13639.563477,1769.978516,1692.703247,1746.105591,2701.14917,3987.692871,4916.921875,6225.644043,13881.683594,16198.224609,16569.396484,40000.0,40000.0,40000.0,40000.0,40000.0,40000.0,40000.0,40000.0,40000.0,40000.0,16569.396484,11323.087891,5000.0,53973.366347,53789.480637,45334.950153,0,true,true,1.0,-36.1386,0,0.0,0.0,1.0
16,8767,14.7,24475.131494,99180.149052,4350.72827,115476.463294,34249.501843,-1680.91316,-231.674739,-3294.272953,-11.654019,-32.20903,-154.431244,-1.0,0.0,1.0,0.0,0.315552,0.841473,0,0,0,0,0,0,0,0,0,0,0,0,0,0,0,11761.395508,13842.932617,16417.148438,1638.260376,1705.815308,2656.658936,4044.798828,4976.718262,16417.148438,14114.029297,16417.148438,16417.148438,40000.0,40000.0,40000.0,40000.0,40000.0,40000.0,40000.0,40000.0,40000.0,40000.0,16417.148438,10804.575195,5000.0,55419.669657,52214.376071,45379.50067,0,true,true,1.0,-36.1286,0,0.0,0.0,1.0
16,8768,14.75,24554.124049,-85934.273101,4363.509596,-82039.972891,34410.362553,-1605.538697,-284.249425,-3344.581369,-12.847464,-31.707195,-152.231598,-1.0,0.0,1.0,0.0,0.047744,0.716165,0,0,0,0,0,0,0,0,0,0,0,0,0,0,0,12277.676758,14080.75293,16343.206055,1584.987061,1667.628662,2682.809326,4123.349121,5035.184082,16343.206055,14364.429688,16343.206055,16343.206055,40000.0,40000.0,40000.0,40000.0,40000.0,40000.0,40000.0,40000.0,40000.0,16343.206055,16343.206055,11167.03418,5000.0,57072.831332,50386.24826,45349.636118,0,true,true,1.0,-36.1186,0,0.0,0.0,1.0
16,8769,14.8,24631.062801,99103.2103,4379.285,115460.687891,34576.93769,-1527.428766,-340.444381,-3384.11503,-14.129057,-31.100582,-149.825516,-1.0,0.0,1.0,0.0,0.0,0.717304,0,0,0,0,0,0,0,0,0,0,0,0,0,0,0,12365.219727,14316.445312,16306.634766,1530.992676,1629.540161,2524.600586,4226.743652,4958.988281,16306.634766,14656.481445,16306.634766,16306.634766,40000.0,40000.0,40000.0,40000.0,40000.0,40000.0,40000.0,40000.0,40000.0,16306.634766,10295.603516,10744.084961,5000.0,58851.349056,48291.522196,45308.465892,0,true,true,1.0,-36.1086,0,0.0,0.0,1.0
16,8770,14.85,24705.132564,-86008.342864,4398.197538,-82058.885429,34747.373019,-1455.249569,-401.522395,-3425.00423,-15.448317,-30.407738,-147.297714,-1.0,0.0,1.0,0.0,0.0,0.464859,0,0,0,0,0,0,0,0,0,0,0,0,0,0,0,12143.15625,14819.913086,16304.699219,1476.99939,1591.71875,2237.481934,4356.04834,5029.260254,14540.213867,14991.992188,16304.699219,16304.699219,40000.0,40000.0,40000.0,40000.0,40000.0,40000.0,40000.0,40000.0,40000.0,16304.699219,10142.882812,11084.774414,5000.0,60666.230426,45986.733717,45266.152458,0,true,true,1.0,-36.0986,0,0.0,0.0,1.0
16,8771,14.9,24777.764595,99030.578269,4421.010513,115437.874916,34925.0675,-1380.341839,-467.169697,-3456.886703,-16.765564,-29.636744,-144.715744,-1.0,0.0,1.0,0.0,0.0,0.513799,0,0,0,0,0,0,0,0,0,0,0,0,0,0,0,12489.358398,15343.499023,16329.510742,1421.80542,1552.315918,2023.211792,4359.828613,5106.308594,13436.691406,15372.462891,16329.510742,40000.0,40000.0,40000.0,40000.0,40000.0,40000.0,40000.0,40000.0,40000.0,40000.0,16329.510742,10008.145508,10668.625977,5000.0,62454.1355,43522.292902,45223.804797,0,true,true,1.0,-36.0886,0,0.0,0.0,1.0
16,8772,14.95,24847.829239,-86078.407508,4447.844681,-82085.719596,35107.515007,-1305.580028,-536.898417,-3482.429165,-18.063387,-28.782383,-142.106232,-1.0,0.0,1.0,0.0,0.106715,0.533576,0,0,0,0,0,0,0,0,0,0,0,0,0,0,0,12329.364258,16391.992188,16391.992188,1365.544556,1511.259155,2235.493896,4459.060059,5189.824707,13597.030273,15799.863281,16391.992188,40000.0,40000.0,40000.0,40000.0,40000.0,40000.0,40000.0,40000.0,40000.0,40000.0,16391.992188,10341.639648,11093.34082,5000.0,64197.195237,40912.852123,45170.788839,0,true,true,1.0,-36.0786,0,0.0,0.0,1.0
16,8773,15.0,24908.847115,98969.560393,4475.974653,115409.744944,35276.736637,-1242.94117,-604.794962,-3510.356798,-19.05023,-28.040672,-140.068878,-1.0,0.0,1.0,0.0,0.117479,0.587395,0,0,0,0,0,0,0,0,0,0,0,0,0,0,0,12683.242188,16429.041016,7016.9375,1312.299683,1468.338501,1788.537598,4593.989746,5258.01709,13739.086914,16169.571289,16429.041016,40000.0,40000.0,40000.0,40000.0,40000.0,40000.0,40000.0,40000.0,40000.0,40000.0,16429.041016,9876.842773,10699.696289,5000.0,65509.833752,38789.403656,45114.869268,0,true,true,1.0,-36.0686,0,0.0,0.0,1.0
16,8774,15.05,24958.960509,-86128.520902,4502.723133,-82112.468077,35423.003005,-1189.370027,-664.286715,-3529.018273,-20.030418,-27.233631,-137.992142,-1.0,0.0,1.0,0.0,0.050761,0.609132,0,0,0,0,0,0,0,0,0,0,0,0,0,0,0,12828.431641,16557.402344,1881.778076,1266.434204,1433.408569,1773.525757,4711.123535,5646.595703,13894.626953,16557.402344,16557.402344,40000.0,40000.0,40000.0,40000.0,40000.0,40000.0,40000.0,40000.0,40000.0,40000.0,16557.402344,10188.850586,11158.18457,5000.0,66824.309426,36535.087225,45029.913298,0,true,true,1.0,-36.0586,0,0.0,0.0,1.0
16,8775,15.1,25022.203455,98906.317447,4542.225164,115370.242913,35618.647091,-1117.246808,-745.258188,-3545.167621,-21.332159,-26.044233,-135.13765,-1.0,0.0,1.0,0.0,0.194626,0.681192,0,0,0,0,0,0,0,0,0,0,0,0,0,0,0,13100.604492,16811.529297,1423.832275,1204.690674,1386.184448,3328.046387,4731.637207,16811.529297,14137.635742,16811.529297,16811.529297,40000.0,40000.0,40000.0,40000.0,40000.0,40000.0,40000.0,40000.0,40000.0,16811.529297,9375.329102,9765.501953,10781.974609,5000.0,68548.129531,33299.366101,44894.669781,0,true,true,1.0,-36.0486,0,0.0,0.0,1.0
16,8776,15.15,25082.260539,-86188.577986,4586.961796,-82157.204708,35817.659479,-1043.594811,-829.746089,-3552.945627,-22.585527,-24.690613,-132.262573,-1.0,0.0,1.0,0.0,0.241047,0.482094,0,0,0,0,0,0,0,0,0,0,0,0,0,0,0,13543.530273,17194.222656,1232.00293,1139.990601,1334.934814,3370.856934,4755.373047,15274.723633,14415.871094,17194.222656,40000.0,40000.0,40000.0,40000.0,40000.0,40000.0,40000.0,40000.0,40000.0,40000.0,17194.222656,9211.009766,10087.519531,11154.375977,5000.0,70224.912078,29851.667537,44672.01822,0,true,true,1.0,-36.0386,0,0.0,0.0,1.0
16,8777,15.2,25127.788747,98860.789239,4625.524095,115331.680614,35969.34636,-1086.669821,-936.443317,-3479.511363,-23.459627,-23.56909,-130.162704,0.0,0.0,1.0,0.0,0.139986,0.209979,0,0,0,0,0,0,0,0,0,0,0,0,0,0,0,13871.967773,17583.025391,1152.605103,1086.005371,1288.99585,3416.84082,4773.29541,13727.111328,14642.344727,17583.025391,40000.0,40000.0,40000.0,40000.0,40000.0,40000.0,40000.0,40000.0,40000.0,40000.0,17583.025391,9526.735352,9681.077148,11506.972656,5000.0,71425.232784,27193.904114,44416.674726,0,true,true,1.0,-36.0286,0,0.0,0.0,1.0
16,8778,15.25,25189.963998,-86250.753237,4681.365864,-82213.046477,36152.173971,-1190.868895,-1095.105397,-3338.087953,-24.520838,-22.010204,-127.475616,0.0,0.0,1.0,0.0,0.139986,0.209979,0,0,0,0,0,0,0,0,0,0,0,0,0,0,0,14419.791016,18271.992188,1092.193726,1008.67804,1219.282471,1663.969971,4801.4375,12916.007812,14974.762695,18271.992188,40000.0,40000.0,40000.0,40000.0,40000.0,40000.0,40000.0,40000.0,40000.0,40000.0,18271.992188,9394.580078,10059.150391,11183.96875,5000.0,72885.034508,23628.132983,44002.193594,0,true,true,1.0,-36.0186,0,0.0,0.0,1.0
16,8779,15.3,25242.243063,98808.510174,4731.08441,115281.962067,36290.09705,-1258.339527,-1216.303743,-3223.87603,-25.240919,-20.810547,-125.542931,0.0,0.0,1.0,0.0,0.069993,0.139986,0,0,0,0,0,0,0,0,0,0,0,0,0,0,0,18886.291016,18886.291016,1076.258911,939.091858,1151.045776,1630.180298,4823.231934,12996.083984,15249.114258,18886.291016,40000.0,40000.0,40000.0,40000.0,40000.0,40000.0,40000.0,40000.0,40000.0,40000.0,18886.291016,8900.59375,9659.459961,11823.141602,5000.0,73853.428568,20956.782505,43660.155262,0,true,true,1.0,-36.0086,0,0.0,0.0,1.0
16,8780,15.35,25316.401058,-86324.911232,4805.795372,-82287.757439,36467.690092,-1335.959445,-1378.373713,-3077.390076,-26.096714,-19.204817,-123.09626,0.0,0.0,1.0,0.0,0.069993,0.069993,0,0,0,0,0,0,0,0,0,0,0,0,0,0,0,19858.302734,7249.305176,1071.582764,833.349792,1040.80542,1524.056274,4852.919434,13123.237305,15645.143555,19858.302734,40000.0,40000.0,40000.0,40000.0,40000.0,40000.0,40000.0,40000.0,40000.0,40000.0,8603.137695,9200.853516,10070.795898,12027.681641,5000.0,74965.083062,17450.030392,43178.120007,0,true,true,1.0,-35.9986,0,0.0,0.0,1.0
16,8781,15.4,25376.368328,98748.542903,4869.764272,115217.993167,36599.270996,-1380.256171,-1496.306673,-2959.049314,-26.637484,-18.063211,-121.443314,0.0,0.0,1.0,0.0,0.139986,0.069993,0,0,0,0,0,0,0,0,0,0,0,0,0,0,0,20247.287109,5915.159668,1083.175171,740.616638,937.520752,1407.782715,4870.283203,13226.261719,20643.115234,20643.115234,40000.0,40000.0,40000.0,40000.0,40000.0,40000.0,40000.0,40000.0,40000.0,40000.0,8380.625,8643.330078,9694.744141,11739.5,5000.0,75628.103047,15006.707289,42824.312317,0,true,true,1.0,-35.9886,0,0.0,0.0,1.0
16,8782,15.45,25455.141093,-86403.683996,4958.51123,-82376.504397,36759.360204,-1433.008458,-1651.024864,-2824.73154,-27.257017,-16.565571,-119.415222,0.0,0.0,1.0,0.0,0.139986,0.069993,0,0,0,0,0,0,0,0,0,0,0,0,0,0,0,20723.248047,5632.027344,1098.07251,653.62854,785.657104,1220.696777,4890.466797,13370.432617,21888.345703,40000.0,40000.0,40000.0,40000.0,40000.0,40000.0,40000.0,40000.0,40000.0,40000.0,40000.0,8225.014648,9052.179688,10102.223633,12382.410156,5000.0,76373.924993,11902.402595,42308.650472,0,true,true,1.0,-35.9786,0,0.0,0.0,1.0
16,8783,15.5,25517.917183,98685.766813,5033.116272,115143.388125,36878.320316,-1461.16297,-1763.02731,-2716.682262,-27.450327,-15.441693,-117.982666,0.0,0.0,1.0,1.0,0.139986,0.069993,0,0,0,0,0,0,0,0,0,0,0,0,0,0,0,20971.861328,5436.973633,1113.391113,702.237244,649.323242,1036.268433,4900.177246,13939.666016,22991.566406,40000.0,40000.0,40000.0,40000.0,40000.0,40000.0,40000.0,40000.0,40000.0,40000.0,22991.566406,8455.054688,8817.807617,9840.910156,11979.703125,5000.0,76842.567808,9485.726792,41926.964876,0,true,true,1.0,-35.9686,0,0.0,0.0,1.0
16,8784,15.55,25601.217412,-86486.984225,5137.414952,-82480.803077,37026.381298,-1492.280731,-1909.390472,-2584.171538,-26.67054,-13.951908,-116.177673,0.0,0.0,1.0,1.0,0.139986,0.069993,0,0,0,0,0,0,0,0,0,0,0,0,0,0,0,21578.111328,5199.066406,1131.161133,737.129272,575.815979,742.169861,4909.718262,14105.94043,24385.570312,40000.0,40000.0,40000.0,40000.0,40000.0,40000.0,40000.0,40000.0,40000.0,40000.0,24775.759766,8189.166992,8442.558594,10150.09082,12287.625,5000.0,77360.903242,5653.975004,41459.930416,0,true,true,1.0,-35.9586,0,0.0,0.0,1.0
16,8785,15.6,25666.092811,98620.891414,5222.92396,115057.879117,37135.005456,-1507.787486,-2016.493024,-2482.562229,-25.346207,-12.873617,-114.886253,0.0,0.0,1.0,1.0,0.0,0.069993,0,0,0,0,0,0,0,0,0,0,0,0,0,0,0,26323.884766,5143.573242,1145.352173,762.471313,602.223572,515.487122,4912.179199,14239.220703,23314.111328,40000.0,40000.0,40000.0,40000.0,40000.0,40000.0,40000.0,40000.0,40000.0,40000.0,26323.884766,7936.325684,8632.227539,10177.610352,12312.116211,5000.0,77646.907621,2372.322218,41071.432917,0,true,true,1.0,-35.9486,0,0.0,0.0,1.0
16,8786,15.65,25753.181842,-86574.073255,5343.718826,-82601.597943,37272.863234,-1520.889293,-2155.007131,-2351.165764,-23.282518,-11.682196,-113.378677,0.0,0.0,1.0,0.0,0.0,0.0,0,0,0,0,0,0,0,0,0,0,0,0,0,0,0,28284.53125,4961.270508,1168.212769,795.848022,636.377502,562.014893,524.820923,14412.132812,22946.962891,40000.0,40000.0,40000.0,40000.0,40000.0,40000.0,40000.0,40000.0,40000.0,40000.0,7839.126465,7829.650879,8346.571289,9639.960938,12509.081055,5000.0,77826.392483,-1743.050773,40516.371104,0,true,true,1.0,-35.9386,0,0.0,0.0,1.0
16,8787,15.7,25821.91273,98552.160525,5444.035485,114957.562458,37375.942681,-1522.567858,-2254.46487,-2248.427165,-22.154051,-11.059971,-112.545052,0.0,0.0,1.0,0.0,0.0,0.0,0,0,0,0,0,0,0,0,0,0,0,0,0,0,0,29316.953125,4711.99707,1196.385254,824.795898,663.837097,589.044617,563.934204,14508.793945,22754.298828,40000.0,40000.0,40000.0,40000.0,40000.0,40000.0,40000.0,40000.0,40000.0,40000.0,8073.356445,7815.26416,8299.944336,9634.554688,12597.943359,5000.0,77821.699548,-3951.569254,40163.448648,0,true,true,1.0,-35.9286,0,0.0,0.0,1.0
16,8788,15.75,25911.106556,-86663.267081,5580.70723,-82738.269688,37503.028963,-1523.673412,-2381.685439,-2124.763742,-21.051239,-10.471906,-111.724464,0.0,0.0,1.0,0.0,0.0,0.0,0,0,0,0,0,0,0,0,0,0,0,0,0,0,0,30244.121094,4547.774414,1237.119019,862.554077,698.663513,622.7323,598.498169,616.520447,22667.613281,40000.0,40000.0,40000.0,40000.0,40000.0,40000.0,40000.0,40000.0,40000.0,40000.0,7608.213379,7725.743652,8233.130859,10186.961914,20380.810547,5000.0,77730.452298,-6075.568494,39791.001246,0,true,true,1.0,-35.9186,0,0.0,0.0,1.0
16,8789,15.8,25975.802713,98487.464368,5684.383136,114853.886552,37590.899336,-1519.957912,-2465.501475,-2038.159417,-20.446268,-10.157711,-111.271957,0.0,0.0,1.0,0.0,0.0,0.0,0,0,0,0,0,0,0,0,0,0,0,0,0,0,0,30671.089844,4441.838867,1268.168701,889.548035,722.959839,646.020142,622.201294,642.291992,714.010681,40000.0,40000.0,40000.0,40000.0,40000.0,40000.0,40000.0,40000.0,40000.0,40000.0,7526.223145,7594.372559,8440.509766,9677.138672,20045.892578,5000.0,77629.52254,-7222.326427,39579.733737,0,true,true,1.0,-35.9086,0,0.0,0.0,1.0
16,8790,15.85,26063.542581,-86751.006949,5831.018367,-82884.904918,37704.774673,-1516.326554,-2578.349519,-1929.489064,-19.854258,-9.856006,-110.827576,0.0,0.0,1.0,0.0,0.0,0.0,0,0,0,0,0,0,0,0,0,0,0,0,0,0,0,30934.998047,4303.668457,1309.925415,925.508789,754.722412,676.001343,652.435913,674.902649,752.057495,40000.0,40000.0,40000.0,40000.0,40000.0,40000.0,40000.0,40000.0,40000.0,40000.0,7421.730957,7504.748535,8274.899414,9616.322266,19666.537109,5000.0,77465.379003,-8324.202693,39377.372813,0,true,true,1.0,-35.8986,0,0.0,0.0,1.0
16,8791,15.9,26127.677247,98423.329702,5942.456549,114742.448369,37784.428882,-1509.973066,-2651.470037,-1852.968653,-19.530415,-9.693377,-110.583847,0.0,0.0,1.0,0.0,0.0,0.0,0,0,0,0,0,0,0,0,0,0,0,0,0,0,0,30975.84375,4202.641602,2942.51123,950.766541,776.681213,696.621033,673.104736,697.078369,777.755432,937.439819,40000.0,40000.0,40000.0,40000.0,40000.0,40000.0,40000.0,40000.0,40000.0,7359.812988,7678.962402,8040.492188,9573.099609,19421.634766,5000.0,77334.056723,-8915.810895,39271.597622,0,true,true,1.0,-35.8886,0,0.0,0.0,1.0
16,8792,15.95,26211.052055,-86834.381756,6092.52997,-83034.978339,37883.783283,-1506.254651,-2750.218052,-1762.251349,-19.211189,-9.534731,-110.34317,0.0,0.0,1.0,0.0,0.0,0.0,0,0,0,0,0,0,0,0,0,0,0,0,0,0,0,30886.554688,4071.092529,2930.181885,982.189758,803.771606,721.822693,698.241577,723.926941,808.767395,992.805298,40000.0,40000.0,40000.0,40000.0,40000.0,40000.0,40000.0,40000.0,40000.0,7602.132324,7673.104004,7957.74707,9956.290039,19130.476562,5000.0,77154.267924,-9487.33543,39175.374863,0,true,true,1.0,-35.8786,0,0.0,0.0,1.0
16,8793,16.0,26294.092196,98340.289561,6247.912054,114587.066285,37978.410679,-1480.831298,-2803.29526,-1666.638564,-19.04174,-9.451194,-110.21524,0.0,0.0,1.0,0.0,0.0,0.0,0,0,0,0,0,0,0,0,0,0,0,0,0,0,0,30580.773438,3939.87207,2964.2146,1842.726562,829.247681,745.21521,721.301636,748.284729,836.563538,1027.909546,40000.0,40000.0,40000.0,40000.0,40000.0,40000.0,40000.0,40000.0,40000.0,7597.070801,7593.194336,7870.000977,9861.539062,18878.78125,5000.0,76967.571564,-9770.863578,39145.910956,0,true,true,1.0,-35.8686,0,0.0,0.0,1.0
16,8794,16.05,26357.55037,-86897.839931,6370.106571,-83157.172856,38047.878462,-1490.1291,-2893.250239,-1612.411125,-18.91865,-9.390805,-110.122231,0.0,0.0,1.0,0.0,0.0,0.0,0,0,0,0,0,0,0,0,0,0,0,0,0,0,0,30349.900391,3836.406494,2988.034424,2111.555908,847.305725,761.824646,737.698853,765.629822,856.389771,1053.004395,40000.0,40000.0,40000.0,40000.0,40000.0,40000.0,40000.0,40000.0,40000.0,7590.464844,7202.461914,8305.649414,9788.375,18684.238281,4952.121582,76821.746517,-9976.633329,39123.478719,0,true,true,1.0,-35.8586,0,0.0,0.0,1.0
16,8795,16.1,26420.807123,98277.032808,6494.898621,114462.274235,38114.882483,-1483.04793,-2948.456734,-1553.822607,-18.614979,-9.339532,-110.046547,0.0,0.0,1.0,1.0,0.069993,0.0,0,0,0,0,0,0,0,0,0,0,0,0,0,0,0,30102.148438,3731.027588,3011.141113,2145.487305,874.403992,777.34137,752.990662,781.778687,874.815063,1076.227905,40000.0,40000.0,40000.0,40000.0,40000.0,40000.0,40000.0,40000.0,40000.0,7072.39502,7136.92041,8237.81543,9713.15332,18493.130859,4885.117676,76675.088153,-10279.390699,39070.639376,0,true,true,1.0,-35.8486,0,0.0,0.0,1.0
16,8796,16.15,26505.413947,-86982.446755,6666.263831,-83328.538065,38201.206965,-1474.474929,-3018.813583,-1480.797449,-17.252193,-9.25669,-109.947578,0.0,0.0,1.0,1.0,0.069993,0.069993,0,0,0,0,0,0,0,0,0,0,0,0,0,0,0,29832.515625,3585.690674,3038.763672,2167.871094,1091.570557,796.396057,771.773987,801.653137,897.540894,1105.055664,1577.162354,40000.0,40000.0,40000.0,40000.0,40000.0,40000.0,40000.0,40000.0,7063.289551,7513.273438,8146.504395,9255.749023,18232.083984,4798.792969,76484.45051,-11337.898965,38790.785841,0,true,true,1.0,-35.8386,0,0.0,0.0,1.0
16,8797,16.2,26569.688288,98212.758467,6799.708251,114328.829815,38264.416805,-1466.565027,-3065.633695,-1428.341771,-15.544903,-9.187169,-109.866234,0.0,0.0,1.0,1.0,0.0,0.0,0,0,0,0,0,0,0,0,0,0,0,0,0,0,0,29660.400391,3471.776367,3056.813477,2182.938965,1508.785278,808.65332,784.892151,815.591064,913.55304,1125.46106,1608.022339,40000.0,40000.0,40000.0,40000.0,40000.0,40000.0,40000.0,7408.069336,7053.371094,7446.410645,7790.253906,9094.332031,18027.427734,4735.583008,76338.336007,-12600.49315,38405.631895,0,true,true,1.0,-35.8286,0,0.0,0.0,1.0
16,8798,16.25,26653.786318,-87066.544785,6978.343307,-83507.173122,38344.214625,-1460.25604,-3130.825193,-1365.326353,-12.934468,-9.165721,-109.773109,0.0,0.0,1.0,0.0,-0.656031,-0.562312,0,0,0,0,0,0,0,0,0,0,0,0,0,0,0,29228.253906,3319.938477,2990.638672,2201.453613,1809.070312,1096.310669,799.836426,832.439209,932.901245,1150.107666,1645.280518,40000.0,40000.0,40000.0,40000.0,40000.0,40000.0,40000.0,7310.449219,7284.352539,7360.063477,7578.373047,8942.368164,17762.759766,4655.785156,76108.066385,-14443.284101,37829.797945,0,true,true,1.0,-35.8186,0,0.0,0.0,1.0
16,8799,16.3,26716.340972,98150.203813,7114.050609,114193.122513,38401.57121,-1456.726107,-3178.316096,-1322.135293,-11.131408,-9.31617,-109.811333,0.0,0.0,1.0,0.0,0.0,0.0,0,0,0,0,0,0,0,0,0,0,0,0,0,0,0,28405.998047,3209.037109,2890.141846,2218.89917,1822.869751,1321.271729,944.172302,843.883972,945.530457,1165.341797,1666.227661,40000.0,40000.0,40000.0,40000.0,40000.0,40000.0,40000.0,7246.570801,7223.098633,7296.889648,7512.478516,8898.850586,17605.738281,4598.428711,75878.105629,-15515.800639,37574.017957,0,true,true,1.0,-35.8086,0,0.0,0.0,1.0
16,8800,16.35,26799.379454,-87149.583266,7297.673918,-83690.796431,38475.284487,-1449.55017,-3230.247795,-1268.898975,-9.323332,-9.471302,-109.860504,0.0,0.0,1.0,0.0,0.0,0.0,0,0,0,0,0,0,0,0,0,0,0,0,0,0,0,27496.912109,3056.393311,2752.922363,2240.081543,1839.584351,1623.440308,1159.428223,952.160767,960.773743,1183.645996,1691.234253,40000.0,40000.0,40000.0,40000.0,40000.0,40000.0,40000.0,7160.68457,7140.79834,6848.700195,7823.419922,9235.611328,17389.119141,4524.715332,75594.810636,-16569.830712,37296.903065,0,true,true,1.0,-35.7986,0,0.0,0.0,1.0
16,8801,16.4,26862.380091,98087.203175,7439.460384,114051.336048,38529.505772,-1443.734537,-3264.716176,-1231.72582,-8.336395,-9.555246,-109.889519,0.0,0.0,1.0,0.0,0.0,0.0,0,0,0,0,0,0,0,0,0,0,0,0,0,0,0,26930.925781,3072.260498,2645.99707,2254.399902,1850.955933,1666.335327,1324.251465,1087.265259,977.709229,1196.285889,1708.703491,40000.0,40000.0,40000.0,40000.0,40000.0,40000.0,40000.0,7094.36377,6701.390625,6771.066895,7751.92041,9149.492188,17216.513672,4470.494141,75394.297641,-17138.371989,37137.37417,0,true,true,1.0,-35.7886,0,0.0,0.0,1.0
16,8802,16.45,26941.383004,-87228.586179,7620.021554,-83871.357601,38595.543822,-1442.476839,-3317.064179,-1189.827921,-7.365667,-9.637272,-109.91954,0.0,0.0,1.0,0.0,0.0,0.0,0,0,0,0,0,0,0,0,0,0,0,0,0,0,0,26309.378906,3116.992188,2508.922852,2270.598633,1863.887817,1677.709473,1532.661133,1258.12207,1132.453979,1210.858643,1728.769409,40000.0,40000.0,40000.0,40000.0,40000.0,40000.0,40000.0,7013.973145,6709.475098,7065.540039,7662.120117,9041.751953,16992.546875,4404.456055,75151.749876,-17692.617233,36975.547302,0,true,true,1.0,-35.7786,0,0.0,0.0,1.0
16,8803,16.5,27001.742243,98026.843936,7759.924539,113911.433062,38644.656365,-1434.999167,-3338.944989,-1159.180585,-6.826851,-9.682561,-109.936844,0.0,0.0,1.0,0.0,0.0,0.0,0,0,0,0,0,0,0,0,0,0,0,0,0,0,0,25895.476562,3147.480957,2402.059326,2281.690918,1872.759888,1685.539673,1633.546021,1389.55188,1250.614868,1219.665161,1742.88623,40000.0,40000.0,40000.0,40000.0,40000.0,40000.0,40000.0,7367.830078,6936.017578,7002.830566,7593.454102,8959.723633,16815.742188,4355.34375,74972.968731,-17996.733657,36886.355574,0,true,true,1.0,-35.7686,0,0.0,0.0,1.0
16,8804,16.55,27084.612769,-87311.456705,7954.574173,-84066.007235,38710.348097,-1432.18753,-3382.256988,-1121.294366,-6.301188,-9.726574,-109.954147,0.0,0.0,1.0,0.0,0.0,0.0,0,0,0,0,0,0,0,0,0,0,0,0,0,0,0,25390.587891,3184.690186,2252.631836,2183.003174,1883.661743,1695.195312,1642.771729,1571.164673,1413.98291,1370.24231,1760.668579,40000.0,40000.0,40000.0,40000.0,40000.0,40000.0,40000.0,7278.143066,6851.013184,6916.457031,7121.092773,8528.848633,16566.134766,4289.651855,74733.771492,-18289.420701,36803.037144,0,true,true,1.0,-35.7586,0,0.0,0.0,1.0
16,8805,16.6,27145.892225,97965.56448,8100.2763,113765.730935,38757.688673,-1428.821914,-3408.468038,-1095.244532,-6.015542,-9.750419,-109.963737,0.0,0.0,1.0,0.0,0.0,0.0,0,0,0,0,0,0,0,0,0,0,0,0,0,0,0,25049.5625,3209.144531,2140.356689,2074.070312,1890.903076,1701.625122,1648.929932,1705.218506,1535.516113,1487.957397,1772.61731,40000.0,40000.0,40000.0,40000.0,40000.0,40000.0,40000.0,7211.442871,6787.912598,6619.228027,7012.986816,8349.27832,16377.445312,4242.311523,74559.432755,-18446.226556,36760.546238,0,true,true,1.0,-35.7486,0,0.0,0.0,1.0
16,8806,16.65,27225.905668,-87391.470148,8292.616898,-84258.347834,38818.039838,-1425.277888,-3441.412127,-1063.824626,-5.734587,-9.773821,-109.973282,0.0,0.0,1.0,0.0,0.0,0.0,0,0,0,0,0,0,0,0,0,0,0,0,0,0,0,24634.654297,3237.757324,1991.605469,1929.862671,1899.391846,1709.145142,1656.174805,1720.055664,1695.046509,1642.483276,1786.718628,40000.0,40000.0,40000.0,40000.0,40000.0,40000.0,40000.0,6733.549316,6324.997559,6384.148926,7338.312988,8172.0,16126.623047,4181.959961,74333.601353,-18598.131871,36722.331454,0,true,true,1.0,-35.7386,0,0.0,0.0,1.0
16,8807,16.7,27307.782325,97883.687823,8491.729386,113566.618447,38878.235947,-1417.671968,-3461.889454,-1034.098392,-5.536824,-9.790264,-109.98008,0.0,0.0,1.0,0.0,0.0,0.0,0,0,0,0,0,0,0,0,0,0,0,0,0,0,0,24239.675781,3263.238281,1837.134155,1780.116333,1848.72876,1715.997314,1662.730591,1726.810181,1859.284058,1801.579956,1871.020996,3561.982422,40000.0,40000.0,40000.0,40000.0,40000.0,40000.0,6725.993652,6620.565918,6683.012207,7245.086914,8546.296875,15865.262695,4121.76416,74104.028467,-18702.263377,36700.466202,0,true,true,1.0,-35.7286,0,0.0,0.0,1.0
16,8808,16.75,27366.316673,-87450.004496,8635.383178,-84402.001626,38920.340068,-1418.865814,-3490.648162,-1014.799167,-5.428503,-9.799259,-109.983826,0.0,0.0,1.0,0.0,0.0,0.0,0,0,0,0,0,0,0,0,0,0,0,0,0,0,0,23970.255859,3279.517334,1729.513672,1671.839966,1736.242432,1720.377197,1666.945801,1731.157349,1937.886841,1915.868774,1989.653687,3578.0271,40000.0,40000.0,40000.0,40000.0,40000.0,7531.524902,6969.870605,6559.892578,6621.652344,7178.431152,8467.46582,15675.896484,4079.659912,73940.090367,-18758.033092,36690.862297,0,true,true,1.0,-35.7186,0,0.0,0.0,1.0
16,8809,16.8,27447.874811,97802.129685,8837.249484,113364.752142,38977.862902,-1413.640168,-3511.24533,-989.499326,-5.322699,-9.808039,-109.987503,0.0,0.0,1.0,0.0,0.0,0.0,0,0,0,0,0,0,0,0,0,0,0,0,0,0,0,23611.332031,23611.332031,1746.842041,1519.356079,1577.848633,1725.80481,1672.176514,1736.592163,1943.895874,2075.801025,2155.71875,3598.187256,40000.0,40000.0,40000.0,40000.0,40000.0,7427.986328,6880.052246,6475.242188,6536.094727,7085.549316,8367.479492,15409.026367,4022.137207,73711.961335,-18810.215802,36686.036141,0,true,true,1.0,-35.7086,0,0.0,0.0,1.0
16,8810,16.85,27508.701373,-87510.831058,8989.002523,-84553.754664,39019.9319,-1412.602037,-3531.845519,-972.108324,-5.264775,-9.812841,-109.989525,0.0,0.0,1.0,0.0,0.0,0.0,0,0,0,0,0,0,0,0,0,0,0,0,0,0,0,23353.046875,23353.046875,1753.726685,1404.518799,1458.56897,1632.681519,1675.647461,1740.180664,1947.891602,2195.552246,2280.066162,3611.672607,40000.0,40000.0,40000.0,40000.0,40000.0,7350.912598,6444.041016,6063.998535,6472.253418,6646.436523,8275.883789,15207.930664,3980.068115,73541.630879,-18837.444968,36686.094415,0,true,true,1.0,-35.6986,0,0.0,0.0,1.0
16,8811,16.9,27589.502861,97721.328197,9192.061223,113161.693441,39074.79669,-1411.384765,-3557.457082,-950.650272,-5.211201,-9.798933,-109.958611,0.0,0.0,1.0,0.0,0.264159,0.475487,0,0,0,0,0,0,0,0,0,0,0,0,0,0,0,23063.498047,23063.498047,1760.034424,1254.153442,1298.828003,1454.141602,1679.661255,1744.569702,1953.170776,2355.152588,2386.747559,3635.533203,40000.0,40000.0,40000.0,40000.0,40000.0,7245.03418,6393.383301,6003.061523,6003.415039,6517.156738,7785.585938,14928.310547,3925.203369,73313.707348,-18907.527293,36668.717096,0,true,true,1.0,-35.6886,0,0.0,0.0,1.0
16,8812,16.95,27656.535604,-87577.863801,9361.753676,-84723.447117,39119.569145,-1400.894953,-3553.874421,-933.94307,-5.188571,-9.66799,-109.849991,0.0,0.0,1.0,0.0,0.561597,0.249599,0,0,0,0,0,0,0,0,0,0,0,0,0,0,0,23106.240234,23106.240234,1759.437256,1256.684204,1165.192383,1305.255981,1608.214111,1747.848145,1958.002319,2256.997803,2472.462402,3673.245117,40000.0,40000.0,40000.0,40000.0,40000.0,7272.779785,6640.587891,6254.029785,6316.800781,6852.566895,7612.941406,14666.974609,3880.430908,73164.196914,-19078.713192,36513.601572,0,true,true,1.0,-35.6786,0,0.0,0.0,1.0
16,8813,17.0,27728.781312,97649.08249,9545.840546,112977.606571,39166.940381,-1404.63499,-3587.932095,-916.01546,-5.147435,-9.299714,-109.792557,0.0,0.0,1.0,0.0,0.3853,-0.57795,0,0,0,0,0,0,0,0,0,0,0,0,0,0,0,23719.589844,23719.589844,1759.873047,1257.883423,1020.882629,1141.838989,1407.460571,1749.282715,1943.450928,2260.838379,2619.812012,3695.123047,40000.0,40000.0,40000.0,40000.0,40000.0,7527.321777,6551.299805,6171.653809,6235.24707,6766.056641,7506.021973,14391.665039,3833.05957,73160.491937,-19218.368458,36048.452838,0,true,true,1.0,-35.6686,0,0.0,0.0,1.0
16,8814,17.05,27781.18838,-87630.27087,9680.184795,-84857.791366,39200.913474,-1393.755636,-3576.881709,-902.806146,-5.104217,-9.055303,-109.914375,0.0,0.0,1.0,0.0,0.41071,-1.095228,0,0,0,0,0,0,0,0,0,0,0,0,0,0,0,24138.392578,24138.392578,1768.229858,1261.964722,1035.934692,1020.861145,1257.169678,1748.772827,1832.517212,2256.756592,2724.920654,3668.482178,40000.0,40000.0,40000.0,40000.0,40000.0,7466.989258,6494.117188,6114.180664,6173.719727,6695.177734,7388.303711,14235.769531,3799.086426,73204.7197,-19103.575038,35726.016752,0,true,true,1.0,-35.6586,0,0.0,0.0,1.0
16,8815,17.1,27861.866944,97568.403926,9887.973544,112769.817822,39252.036203,-1403.476658,-3620.943446,-881.10306,-4.962882,-8.537681,-110.540184,0.0,0.0,1.0,0.0,0.038806,-1.008946,0,0,0,0,0,0,0,0,0,0,0,0,0,0,0,25245.646484,25245.646484,1803.318359,1277.01001,1043.513916,936.148438,1018.014282,1441.734375,1820.821533,2231.89917,2879.64917,3521.269531,40000.0,40000.0,40000.0,40000.0,40000.0,7412.290527,6030.063477,5653.791992,6069.713867,6561.73291,7205.12793,14105.052734,3747.963867,73515.119966,-18395.790202,34997.447118,0,true,true,1.0,-35.6486,0,0.0,0.0,1.0
16,8816,17.15,27941.125407,-87709.529333,10092.678899,-85062.496721,39300.935073,-1407.555317,-3635.519383,-858.887381,-4.757447,-8.059647,-111.66098,0.0,0.0,1.0,0.0,0.083181,-1.206128,0,0,0,0,0,0,0,0,0,0,0,0,0,0,0,26383.460938,26383.460938,1868.468628,1303.843872,1056.634399,942.161255,905.75177,1091.271362,1650.051758,2189.439453,3024.580078,3342.736572,40000.0,40000.0,40000.0,40000.0,40000.0,7408.95459,6064.565918,5585.962891,5660.828613,6409.708008,6981.991699,14116.705078,3699.064941,73964.851683,-17050.35787,34266.602992,0,true,true,1.0,-35.6386,0,0.0,0.0,1.0
16,8817,17.2,28000.638741,97508.890592,10246.140525,112616.356196,39336.645078,-1415.724479,-3646.16583,-841.64826,-4.572608,-7.713335,-112.776344,0.0,0.0,1.0,0.0,0.129436,-0.690325,0,0,0,0,0,0,0,0,0,0,0,0,0,0,0,27106.722656,27294.306641,14554.557617,1332.170898,1070.273804,948.486694,907.050354,929.826233,1149.103882,2149.794922,2962.744873,3451.459717,40000.0,40000.0,40000.0,40000.0,40000.0,6990.111816,6146.913574,5569.34082,5540.361328,6287.358398,6813.17627,14210.730469,3663.35498,74361.484481,-15682.182135,33707.417091,0,true,true,1.0,-35.6286,0,0.0,0.0,1.0
16,8818,17.25,28081.791293,-87790.681885,10453.995493,-85270.351689,39383.746749,-1432.450332,-3653.911046,-817.675133,-4.316785,-7.231575,-114.42984,0.0,0.0,1.0,0.0,0.069993,-0.349965,0,0,0,0,0,0,0,0,0,0,0,0,0,0,0,27456.638672,28727.794922,26633.722656,1378.189087,1092.483765,959.121277,910.037476,925.748413,1012.246643,2095.772705,2835.325684,3576.616943,40000.0,40000.0,40000.0,40000.0,40000.0,7019.069824,6339.628418,5618.755371,5408.32373,6122.561035,6547.900391,14399.994141,3616.253174,74896.065806,-13632.826772,32924.206596,0,true,true,1.0,-35.6186,0,0.0,0.0,1.0
16,8819,17.3,28144.613079,97446.068805,10613.033285,112457.318405,39418.80616,-1448.198762,-3650.947263,-798.968922,-4.127918,-6.831478,-115.731865,0.0,0.0,1.0,0.0,0.289287,-0.405001,0,0,0,0,0,0,0,0,0,0,0,0,0,0,0,15429.896484,30106.847656,30106.847656,1418.059937,1111.983765,968.888306,913.572632,923.815308,1003.419189,1186.543213,2745.228027,3671.266846,40000.0,40000.0,40000.0,40000.0,40000.0,7061.633789,6331.378418,5790.882812,5318.931152,6000.175293,6384.239258,14575.389648,3581.193848,75285.370472,-12008.607147,32284.613592,0,true,true,1.0,-35.6086,0,0.0,0.0,1.0
16,8820,17.35,28228.209464,-87874.27827,10821.148433,-85478.466838,39463.37084,-1479.041899,-3651.740606,-772.70614,-3.880271,-6.033988,-117.623924,0.0,0.0,1.0,0.0,0.139986,-0.279972,0,0,0,0,0,0,0,0,0,0,0,0,0,0,0,14583.800781,31516.642578,33644.246094,10472.310547,1143.309937,984.969238,920.223755,922.447815,992.521851,1159.614136,2627.262451,3789.021729,40000.0,40000.0,40000.0,40000.0,40000.0,7650.155762,6332.182129,5734.980469,5212.688965,5837.736816,6200.882324,14896.019531,3536.62915,75914.647932,-9644.136546,31075.425068,0,true,true,1.0,-35.5986,0,0.0,0.0,1.0
16,8821,17.4,28293.515695,97380.762574,10980.281735,112298.185103,39496.414299,-1505.003314,-3642.229365,-751.038359,-3.71814,-5.3657,-119.024017,0.0,0.0,1.0,0.0,0.069993,-0.139986,0,0,0,0,0,0,0,0,0,0,0,0,0,0,0,14003.794922,31206.105469,37466.578125,10196.944336,1170.103394,999.362122,927.236084,923.547058,986.843872,1143.105469,1477.823486,3881.98584,6225.733398,40000.0,40000.0,40000.0,40000.0,7728.62793,6333.472168,5693.672363,5139.979004,5720.248047,6086.029785,15156.84375,3503.585693,76352.157971,-7884.944299,30080.209286,0,true,true,1.0,-35.5886,0,0.0,0.0,1.0
16,8822,17.45,28360.231428,-87940.994002,11139.330274,-85637.515377,39528.473473,-1539.5615,-3641.878011,-727.160334,-3.580909,-4.723675,-120.345512,0.0,0.0,1.0,0.0,0.069993,-0.139986,0,0,0,0,0,0,0,0,0,0,0,0,0,0,0,13484.681641,26718.181641,40000.0,10770.685547,11629.619141,1015.680115,936.192444,926.786865,983.960205,1130.795532,1444.878174,3801.369141,5480.771484,40000.0,40000.0,40000.0,40000.0,7804.222168,6333.092285,5652.746582,5081.657227,5609.364746,5992.268555,15417.672852,3471.526611,76709.756526,-6215.241384,29128.030779,0,true,true,1.0,-35.5786,0,0.0,0.0,1.0
16,8823,17.5,28450.793461,97290.200541,11349.184552,112088.330824,39569.219805,-1588.547635,-3634.58911,-693.683365,-3.436853,-3.917017,-121.940231,0.0,0.0,1.0,0.0,0.0,-0.069993,0,0,0,0,0,0,0,0,0,0,0,0,0,0,0,12884.041992,26203.96875,40000.0,11586.067383,11074.40332,31674.099609,950.974915,934.559082,984.633911,1121.12085,1413.347778,3606.213379,4764.33252,40000.0,40000.0,40000.0,40000.0,7892.25293,6326.109863,5596.877441,5062.604004,5471.624023,6024.965332,15742.755859,3430.780273,77069.998935,-4192.743446,27940.157403,0,true,true,1.0,-35.5686,0,0.0,0.0,1.0
16,8824,17.55,28520.105362,-88010.305903,11504.984533,-85793.315357,39598.279449,-1628.499082,-3628.077081,-667.276884,-3.349287,-3.343974,-123.061417,0.0,0.0,1.0,0.0,0.0,0.0,0,0,0,0,0,0,0,0,0,0,0,0,0,0,0,12479.519531,25891.40625,40000.0,12243.425781,10693.633789,31072.195312,963.529175,942.889343,988.121826,1117.951416,1396.625854,3488.810303,4774.227539,40000.0,40000.0,40000.0,40000.0,7953.592285,6318.02832,5554.357422,5276.186035,5075.634766,5882.34375,15985.758789,3401.720459,77272.187061,-2766.002157,27099.255419,0,true,true,1.0,-35.5586,0,0.0,0.0,1.0
16,8825,17.6,28616.531155,97193.774748,11714.843462,111878.471896,39635.758866,-1680.800556,-3607.05958,-631.137069,-3.265702,-2.699223,-124.311218,0.0,0.0,1.0,0.0,0.0,-0.069993,0,0,0,0,0,0,0,0,0,0,0,0,0,0,0,12017.5,25541.351562,40000.0,13097.495117,10219.358398,30396.884766,20143.253906,956.953491,997.91272,1121.199707,1387.08728,1996.676758,4911.259277,40000.0,40000.0,40000.0,40000.0,7420.435547,6288.780762,5488.850098,5182.806152,4884.010742,5708.454102,16221.541992,3364.241211,77416.640661,-1177.015628,26159.967756,0,true,true,1.0,-35.5486,0,0.0,0.0,1.0
16,8826,17.65,28689.165597,-88082.940345,11867.847108,-85946.319004,39661.838439,-1721.904291,-3593.641898,-603.84483,-3.21421,-2.232285,-125.225746,0.0,0.0,1.0,0.0,0.069993,-0.209979,0,0,0,0,0,0,0,0,0,0,0,0,0,0,0,11693.65332,25258.453125,40000.0,13836.548828,9898.724609,30249.757812,20249.326172,40000.0,1007.574463,1126.40332,1383.9198,1967.953735,5012.905273,40000.0,40000.0,40000.0,40000.0,7458.828125,5815.199219,5081.485352,5114.25293,4778.029297,5346.473633,40000.0,3338.161621,77491.106827,-11.443136,25480.21402,0,true,true,1.0,-35.5386,0,0.0,0.0,1.0
16,8827,17.7,28789.754047,97093.186298,12072.841548,111673.477455,39695.114137,-1777.036593,-3570.178144,-566.882316,-3.156903,-1.638602,-126.466293,0.0,0.0,1.0,0.0,0.0,-0.069993,0,0,0,0,0,0,0,0,0,0,0,0,0,0,0,11275.24707,24955.921875,40000.0,24805.982422,9503.011719,11992.304688,20179.986328,40000.0,1680.099609,1137.151978,1384.463135,1938.030273,5151.226074,40000.0,40000.0,40000.0,40000.0,7533.241211,5790.649414,4976.696289,5021.649902,4679.281738,5118.793945,40000.0,3304.885742,77537.827697,1575.011537,24613.015738,0,true,true,1.0,-35.5286,0,0.0,0.0,1.0
16,8828,17.75,28866.826652,-88160.01295,12224.746826,-86098.224281,39718.515453,-1818.745559,-3550.490689,-539.144602,-3.122943,-1.216208,-127.386963,0.0,0.0,1.0,0.0,0.0,-0.069993,0,0,0,0,0,0,0,0,0,0,0,0,0,0,0,11278.526367,24682.117188,40000.0,24780.570312,9207.788086,11518.786133,19951.605469,23049.328125,2532.116943,1226.940796,1388.559937,1922.385986,5255.987793,40000.0,40000.0,40000.0,40000.0,7599.450684,5824.474121,4977.102051,4952.122559,4943.833496,4955.033203,40000.0,3281.484619,77535.997169,2754.161525,23995.258556,0,true,true,1.0,-35.5186,0,0.0,0.0,1.0
16,8829,17.8,28973.645408,96986.367542,12428.255335,111469.968946,39748.171416,-1878.354987,-3526.814693,-501.056463,-3.089205,-0.682041,-128.583954,0.0,0.0,1.0,0.0,0.0,-0.139986,0,0,0,0,0,0,0,0,0,0,0,0,0,0,0,11281.664062,24382.59375,40000.0,36447.222656,9313.000977,10948.941406,20132.701172,19004.146484,5095.780273,1777.933716,1399.844604,1911.475342,5401.447266,40000.0,40000.0,40000.0,40000.0,7702.014648,5976.05957,5252.70166,4526.499023,4822.143066,4753.10498,40000.0,3251.828613,77484.195305,4286.460575,23214.903717,0,true,true,1.0,-35.5086,0,0.0,0.0,1.0
16,8830,17.85,29052.870015,-88239.237556,12574.234543,-86244.20349,39768.217366,-1923.031068,-3510.267913,-473.288214,-3.071036,-0.320896,-129.532928,0.0,0.0,1.0,0.0,-0.167848,-0.559495,0,0,0,0,0,0,0,0,0,0,0,0,0,0,0,11310.966797,24891.539062,29487.585938,37369.792969,9684.335938,10536.171875,20285.628906,19060.826172,5310.904785,2211.364502,1480.407227,1904.633911,5329.873535,40000.0,40000.0,40000.0,40000.0,7780.708984,6156.712891,5203.508789,4410.08252,4733.496582,4619.580566,40000.0,3231.782715,77406.267722,5507.681558,22679.606171,0,true,true,1.0,-35.4986,0,0.0,0.0,1.0
16,8831,17.9,29162.821733,96876.415823,12770.146935,111274.056555,39793.526156,-1979.952685,-3476.959115,-437.197776,-3.055641,0.085126,-130.948349,0.0,0.0,1.0,0.0,-0.060338,-0.543038,0,0,0,0,0,0,0,0,0,0,0,0,0,0,0,11396.276367,12897.021484,29198.353516,38247.714844,10260.333008,9983.686523,40000.0,19155.890625,40000.0,2860.842773,1871.654541,1896.012207,3158.317627,40000.0,40000.0,40000.0,40000.0,7882.657227,6140.125,5141.117188,4340.751953,4612.879883,4449.0625,25422.439453,3206.473877,77217.41,7339.555486,22058.949418,0,true,true,1.0,-35.4886,0,0.0,0.0,1.0
16,8832,17.95,29249.458295,-88325.874118,12919.248499,-86393.305054,39811.573426,-2027.398858,-3454.089758,-409.341068,-3.050916,0.333332,-132.106644,0.0,0.0,1.0,0.0,-0.149132,-0.447396,0,0,0,0,0,0,0,0,0,0,0,0,0,0,0,11493.547852,12389.088867,29058.269531,39250.394531,10773.325195,9563.572266,40000.0,19507.808594,40000.0,5076.080566,2191.700195,1891.74353,3073.148682,40000.0,40000.0,40000.0,40000.0,7956.976074,6133.686523,5095.293945,4349.154297,4520.118652,4323.663574,24237.740234,3188.426514,77005.045767,8842.127519,21664.05325,0,true,true,1.0,-35.4786,0,0.0,0.0,1.0
16,8833,18.0,29367.391389,96758.482729,13114.877053,111078.428001,39833.792083,-2097.445032,-3430.572613,-371.968059,-3.052406,0.51666,-133.786667,0.0,0.0,1.0,0.0,-0.069993,-0.139986,0,0,0,0,0,0,0,0,0,0,0,0,0,0,0,11686.336914,11722.882812,24469.603516,40000.0,11590.099609,9015.551758,30862.933594,20059.060547,40000.0,5348.815918,2651.002441,2022.00354,2966.259277,8236.331055,40000.0,40000.0,40000.0,8052.348145,6139.502441,5039.874023,4536.518555,4397.004883,4163.187012,21813.119141,3166.208008,76594.658097,11028.122265,21327.02315,0,true,true,1.0,-35.4686,0,0.0,0.0,1.0
16,8834,18.05,29477.392212,-88435.874941,13290.197796,-86568.625796,39852.259669,-2133.160206,-3357.198899,-348.110967,-3.057052,0.615539,-135.044373,0.0,0.0,1.0,0.0,-0.069993,-0.139986,0,0,0,0,0,0,0,0,0,0,0,0,0,0,0,11805.045898,11218.905273,24096.199219,40000.0,12312.882812,8626.586914,11528.689453,20191.525391,40000.0,5590.266602,3080.070068,2320.48584,2921.550781,7393.37793,40000.0,40000.0,40000.0,8148.342285,5600.993164,4543.049805,4447.47168,4285.428223,4041.695801,20840.730469,3147.740234,76195.624802,12649.786657,21130.400978,0,true,true,1.0,-35.4586,0,0.0,0.0,1.0
16,8835,18.1,29568.912857,96666.962084,13431.262785,110937.363012,39866.036866,-2194.695981,-3347.592032,-321.152444,-3.063726,0.693464,-136.273804,0.0,0.0,1.0,0.0,-0.069993,-0.069993,0,0,0,0,0,0,0,0,0,0,0,0,0,0,0,11984.762695,10786.576172,23833.833984,40000.0,23322.675781,8439.705078,10907.431641,20216.5625,40000.0,5899.930664,4641.168457,2579.139404,2873.171631,6986.001953,40000.0,40000.0,40000.0,8225.149414,5574.708008,4514.67334,4378.429199,4194.575195,3906.506104,20430.623047,3133.963135,75797.388922,14233.862595,20959.459371,0,true,true,1.0,-35.4486,0,0.0,0.0,1.0
16,8836,18.15,29694.738463,-88561.700547,13618.1339,-86755.496911,39883.027789,-2262.397167,-3306.498263,-291.199493,-3.074876,0.767315,-137.87294,0.0,0.0,1.0,0.0,-0.069993,-0.069993,0,0,0,0,0,0,0,0,0,0,0,0,0,0,0,12242.803711,10249.704102,23388.517578,40000.0,23353.111328,8883.512695,10181.191406,19838.576172,40000.0,7129.273438,5245.547363,2939.578125,2829.549316,7085.834961,40000.0,40000.0,40000.0,8336.952148,5592.024414,4518.577148,4283.107422,3721.352539,3752.500244,20479.072266,3116.972168,75212.089777,16279.585455,20774.399376,0,true,true,1.0,-35.4386,0,0.0,0.0,1.0
16,8837,18.2,29823.51146,96538.189087,13801.335728,110754.161184,39898.351544,-2327.055162,-3257.591309,-264.408477,-3.086592,0.819211,-139.300568,0.0,0.0,1.0,0.0,-0.069993,0.0,0,0,0,0,0,0,0,0,0,0,0,0,0,0,0,12477.144531,9774.920898,23033.667969,40000.0,23985.322266,9348.538086,9545.001953,20035.939453,19301.5625,40000.0,5780.870605,3308.29126,2816.258057,7202.037109,40000.0,40000.0,40000.0,8448.275391,5642.92627,4790.871094,4181.723145,3575.155029,3602.110596,20510.875,3101.648438,74614.329571,18085.689713,20629.863474,0,true,true,1.0,-35.4286,0,0.0,0.0,1.0
16,8838,18.25,29917.78854,-88655.977627,13930.621636,-86884.782819,39908.388766,-2376.958059,-3226.218107,-245.384857,-3.095956,0.844714,-140.338242,0.0,0.0,1.0,0.0,-0.069993,-0.139986,0,0,0,0,0,0,0,0,0,0,0,0,0,0,0,12674.667969,9447.661133,22789.958984,40000.0,34322.574219,9713.229492,9086.495117,20190.880859,19356.123047,40000.0,5951.29248,3583.967773,2933.05835,7285.901855,40000.0,40000.0,40000.0,8531.852539,5703.828125,4735.124512,3717.071533,3514.669434,3494.417969,20545.9375,3091.611328,74149.911291,19389.667595,20540.351548,0,true,true,1.0,-35.4186,0,0.0,0.0,1.0
16,8839,18.3,30051.84359,96404.134037,14107.737189,110577.045631,39921.196886,-2440.878247,-3173.391879,-222.181451,-3.10894,0.840277,-141.703415,0.0,0.0,1.0,0.0,-0.069993,-0.139986,0,0,0,0,0,0,0,0,0,0,0,0,0,0,0,12951.989258,9023.064453,22516.875,40000.0,35023.003906,10243.631836,8562.226562,40000.0,19444.736328,40000.0,6193.47998,3978.494629,3222.966553,7410.841309,40000.0,40000.0,40000.0,8645.695312,6041.03125,4658.080566,3621.611084,3733.447266,3345.17334,20588.753906,3078.803223,73477.727257,21091.086619,20472.225708,0,true,true,1.0,-35.4086,0,0.0,0.0,1.0
16,8840,18.35,30187.263527,-88791.397563,14279.194272,-87056.239903,39932.576052,-2505.276456,-3122.117974,-200.71387,-3.120344,0.818462,-142.91571,0.0,0.0,1.0,0.0,0.0,0.0,0,0,0,0,0,0,0,0,0,0,0,0,0,0,0,13203.272461,8706.176758,22235.966797,27625.511719,36066.527344,10778.288086,8080.683594,40000.0,20014.125,40000.0,6436.020508,5352.536621,3511.47998,5128.853027,40000.0,40000.0,40000.0,8746.729492,5984.335449,4551.473145,3886.780273,3605.902344,3198.432373,20945.664062,3067.423828,72819.865681,22583.708948,20435.588176,0,true,true,1.0,-35.3986,0,0.0,0.0,1.0
16,8841,18.4,30290.584826,96300.812738,14405.289977,110450.949926,39940.344218,-2552.081049,-3082.353873,-186.067623,-3.12798,0.796152,-143.751465,0.0,0.0,1.0,0.0,0.0,-0.069993,0,0,0,0,0,0,0,0,0,0,0,0,0,0,0,39058.113281,8698.920898,22876.199219,27493.150391,36561.039062,11187.25293,8041.541016,11163.976562,20289.832031,40000.0,6904.168457,5670.193848,3728.81543,5067.404297,40000.0,40000.0,40000.0,8817.120117,5924.092773,3995.440674,3797.394043,3508.294922,3088.446289,20957.152344,3059.655762,72333.295548,23601.927772,20419.913992,0,true,true,1.0,-35.3886,0,0.0,0.0,1.0
16,8842,18.45,30434.774688,-88935.587426,14574.872027,-87225.821953,39950.058609,-2616.426089,-3029.151867,-167.161219,-3.136971,0.758665,-144.781769,0.0,0.0,1.0,0.0,0.0,0.0,0,0,0,0,0,0,0,0,0,0,0,0,0,0,0,38618.042969,8675.759766,10541.148438,27233.626953,37206.054688,11775.907227,8340.397461,10430.322266,20407.636719,40000.0,7639.240234,6107.306641,4026.785645,5033.003906,40000.0,40000.0,40000.0,8910.786133,5223.516602,4007.406006,3667.953125,3371.133789,2937.198975,20951.773438,3049.941406,71688.316363,24842.945388,20413.85778,0,true,true,1.0,-35.3786,0,0.0,0.0,1.0
16,8843,18.5,30545.710339,96189.877086,14700.649247,110325.172706,39956.730591,-2660.798454,-2985.644833,-154.916162,-3.142331,0.732775,-145.43129,0.0,0.0,1.0,0.0,-0.069993,0.0,0,0,0,0,0,0,0,0,0,0,0,0,0,0,0,37970.640625,8638.628906,10162.037109,26981.332031,40000.0,24353.244141,8566.157227,9942.796875,20498.5,40000.0,8190.605469,6431.817383,4249.160156,5049.678223,40000.0,40000.0,40000.0,8986.299805,5268.601562,4241.133789,3563.386475,2888.898682,2822.333008,20918.472656,3043.269287,71242.771616,25613.315717,20414.049783,0,true,true,1.0,-35.3686,0,0.0,0.0,1.0
16,8844,18.55,30704.450589,-89094.327676,14874.052913,-87399.225619,39965.265948,-2722.629216,-2927.222277,-138.717381,-3.148765,0.692105,-146.254883,0.0,0.0,1.0,0.0,-0.069993,-0.069993,0,0,0,0,0,0,0,0,0,0,0,0,0,0,0,37938.714844,8575.027344,9665.794922,22528.625,40000.0,22805.640625,8874.489258,9320.253906,20497.976562,40000.0,40000.0,6887.275391,4560.859375,5104.439941,40000.0,40000.0,40000.0,9122.192383,5551.074707,4080.367432,2995.793701,2711.595215,2659.24292,20852.175781,3034.734131,70640.253663,26579.217423,20424.455326,0,true,true,1.0,-35.3586,0,0.0,0.0,1.0
16,8845,18.6,30831.303753,96063.023922,15007.496977,110191.728642,39971.34249,-2761.964403,-2874.318929,-129.384905,-3.153264,0.648079,-146.869263,0.0,0.0,1.0,0.0,-0.069993,-0.139986,0,0,0,0,0,0,0,0,0,0,0,0,0,0,0,37261.414062,8523.297852,9293.99707,22272.777344,40000.0,22137.720703,9122.799805,8829.503906,20252.431641,40000.0,40000.0,7074.499512,4806.622559,5160.999023,40000.0,40000.0,40000.0,8443.754883,4716.175293,3443.191162,2984.330322,2586.775146,2529.634521,20794.267578,3028.657471,70167.791455,27294.027491,20448.681383,0,true,true,1.0,-35.3486,0,0.0,0.0,1.0
16,8846,18.65,30956.35565,-89219.379572,15134.975459,-87526.704102,39976.73452,-2807.078811,-2832.502455,-118.80832,-3.157387,0.592727,-147.484528,0.0,0.0,1.0,0.0,-0.069993,-0.139986,0,0,0,0,0,0,0,0,0,0,0,0,0,0,0,37368.691406,8480.591797,8937.583984,21961.386719,40000.0,22120.044922,9376.970703,8429.374023,20179.457031,40000.0,40000.0,7250.834961,5049.113281,5216.088379,40000.0,40000.0,40000.0,8487.699219,4701.67334,3420.191162,3159.746582,2463.572998,2402.469482,20745.623047,3023.265381,69688.089276,28007.706343,20485.461439,0,true,true,1.0,-35.3386,0,0.0,0.0,1.0
16,8847,18.7,31122.061186,95897.318386,15298.124214,110028.579888,39983.083117,-2870.287111,-2784.996181,-104.549583,-3.162111,0.498302,-148.312286,0.0,0.0,1.0,0.0,-0.069993,-0.209979,0,0,0,0,0,0,0,0,0,0,0,0,0,0,0,22568.916016,8436.091797,8480.579102,21621.847656,40000.0,22077.617188,9728.608398,7914.54248,20332.265625,20138.505859,40000.0,7484.243652,5371.479004,5288.086426,40000.0,40000.0,40000.0,8594.443359,5063.436035,3634.617432,2993.81543,2299.981689,2234.344238,20693.429688,3016.916992,69030.172889,28963.752666,20557.19384,0,true,true,1.0,-35.3286,0,0.0,0.0,1.0
16,8848,18.75,31240.420127,-89337.738514,15410.91116,-87639.491048,39987.123085,-2912.248678,-2750.343996,-95.893841,-3.16492,0.417372,-148.945374,0.0,0.0,1.0,0.0,-0.069993,-0.139986,0,0,0,0,0,0,0,0,0,0,0,0,0,0,0,21946.742188,8419.804688,8158.998047,21382.583984,40000.0,22034.109375,9997.375977,7918.712891,20448.396484,20194.558594,40000.0,7651.721191,5605.583496,5331.488281,40000.0,40000.0,40000.0,7949.029785,4215.131836,3506.66748,2427.86792,2183.16626,40000.0,20674.671875,3012.876953,68528.104331,29692.771246,20620.631644,0,true,true,1.0,-35.3186,0,0.0,0.0,1.0
16,8849,18.8,31415.28526,95722.453254,15572.081187,109867.40986,39992.566374,-2961.386901,-2690.158888,-87.730734,-3.167701,0.304818,-149.839417,0.0,0.0,1.0,0.0,0.0,-0.349965,0,0,0,0,0,0,0,0,0,0,0,0,0,0,0,21108.134766,8397.277344,7708.359863,21050.121094,40000.0,22009.230469,10402.092773,8177.980957,20624.289062,20284.53125,40000.0,7897.777344,5949.123047,5406.255371,40000.0,40000.0,40000.0,7984.19043,4128.874023,2809.974854,2245.181396,2009.502197,40000.0,20644.216797,3007.433594,67799.01483,30711.919388,20706.728124,0,true,true,1.0,-35.3086,0,0.0,0.0,1.0
16,8850,18.85,31541.235014,-89463.688268,15684.430835,-87751.840695,39996.083533,-2999.113648,-2651.022651,-81.738314,-3.169008,0.217426,-150.567505,0.0,0.0,1.0,0.0,-0.069993,-0.349965,0,0,0,0,0,0,0,0,0,0,0,0,0,0,0,20474.972656,8407.757812,7383.880371,20850.103516,40000.0,33027.121094,10724.572266,8385.183594,11077.148438,20351.828125,40000.0,8283.949219,7072.414551,5443.792969,40000.0,40000.0,40000.0,8052.649902,4230.443359,2828.38501,2114.055176,1884.82019,40000.0,20655.837891,3003.916504,67219.338509,31538.824302,20769.411471,0,true,true,1.0,-35.2986,0,0.0,0.0,1.0
16,8851,18.9,31708.382425,95555.305842,15828.91283,109722.927865,40000.341649,-3048.272103,-2599.718206,-74.837097,-3.169291,0.086171,-151.618393,0.0,0.0,1.0,0.0,-0.069993,-0.279972,0,0,0,0,0,0,0,0,0,0,0,0,0,0,0,18814.869141,8453.484375,6959.271484,20532.414062,40000.0,32780.753906,11213.712891,8673.426758,10103.374023,20650.195312,40000.0,8854.357422,7440.905762,5499.973145,40000.0,40000.0,40000.0,7440.771973,3548.01001,2986.225098,1939.277832,1718.994141,40000.0,20710.195312,2999.658447,66384.152342,32724.419241,20863.223419,0,true,true,1.0,-35.2886,0,0.0,0.0,1.0
16,8852,18.95,31879.329631,-89634.635474,15971.425392,-87894.353257,40004.325575,-3095.940207,-2545.869686,-69.494271,-3.167243,-0.057018,-152.735519,0.0,0.0,1.0,0.0,0.0,-0.209979,0,0,0,0,0,0,0,0,0,0,0,0,0,0,0,18010.927734,8527.170898,6540.586426,20218.90625,40000.0,33316.175781,37946.257812,8979.453125,9134.851562,21214.917969,40000.0,9475.731445,7831.430664,5783.460449,11982.705078,40000.0,40000.0,7476.098145,3530.9646,2223.670898,1757.914062,1870.757446,40000.0,20795.767578,2995.674316,65482.960431,33970.351244,20964.640651,0,true,true,1.0,-35.2786,0,0.0,0.0,1.0
16,8853,19.0,32015.953731,95418.681743,16081.575608,109612.777649,40007.367585,-3146.696216,-2513.66305,-62.186552,-3.163848,-0.174697,-153.608231,0.0,0.0,1.0,0.0,0.0,-0.069993,0,0,0,0,0,0,0,0,0,0,0,0,0,0,0,17419.935547,8594.236328,6222.80127,8743.290039,25780.373047,34110.160156,37395.429688,9234.041016,8515.398438,21305.886719,40000.0,21079.302734,8148.277344,6000.821289,11585.021484,40000.0,40000.0,7534.447754,3655.098633,2035.679199,1609.971191,2121.565918,9737.399414,32677.146484,2992.632324,64758.050495,34931.106283,21049.10693,0,true,true,1.0,-35.2686,0,0.0,0.0,1.0
16,8854,19.05,32199.892019,-89818.573762,16224.953208,-88037.730857,40011.172635,-3169.47473,-2434.36489,-66.199187,-3.156571,-0.335009,-154.780685,0.0,0.0,1.0,0.0,0.0,-0.209979,0,0,0,0,0,0,0,0,0,0,0,0,0,0,0,16714.931641,8703.222656,6017.061035,8052.685059,25410.787109,34744.917969,36692.179688,9591.004883,8120.494629,21437.880859,40000.0,21667.283203,8585.716797,6295.928223,11138.87793,40000.0,40000.0,6909.345215,2882.052246,1795.790161,1447.981079,3085.981201,9118.40625,32168.394531,2988.827393,63762.631162,36204.481858,21162.906617,0,true,true,1.0,-35.2586,0,0.0,0.0,1.0
16,8855,19.1,32323.565827,95295.007935,16318.046617,109519.68424,40013.828608,-3206.76163,-2398.971152,-63.048169,-3.151707,-0.413092,-155.377243,0.0,0.0,1.0,0.0,0.0,-0.139986,0,0,0,0,0,0,0,0,0,0,0,0,0,0,0,16661.324219,8734.333008,5987.99707,7657.12207,25236.251953,35095.105469,21430.0,9813.012695,8276.407227,21530.595703,40000.0,22020.109375,8857.869141,6483.598633,11023.246094,40000.0,40000.0,6907.830078,2917.638184,1621.531982,1583.723633,2956.251221,9094.615234,31970.148438,2986.171387,63212.133012,36836.717759,21216.987184,0,true,true,1.0,-35.2486,0,0.0,0.0,1.0
16,8856,19.15,32476.068376,-89971.076311,16429.720741,-88149.404981,40016.805043,-3242.458438,-2349.039408,-62.261912,-3.142852,-0.528207,-156.284897,0.0,0.0,1.0,0.0,0.0,-0.209979,0,0,0,0,0,0,0,0,0,0,0,0,0,0,0,16615.316406,8834.679688,5976.717773,7156.239258,25087.033203,35636.769531,21433.830078,10120.914062,8485.137695,21216.507812,40000.0,22514.361328,9118.237305,6727.686523,11073.499023,40000.0,40000.0,6241.452148,2205.730225,1406.323975,1734.434937,2890.475342,8816.274414,31894.119141,2983.195068,62408.721753,37797.320071,21292.896371,0,true,true,1.0,-35.2386,0,0.0,0.0,1.0
16,8857,19.2,32671.660018,95099.416293,16567.821656,109381.583325,40020.485957,-3289.724113,-2286.883515,-61.359079,-3.127889,-0.683255,-157.536285,0.0,0.0,1.0,0.0,0.0,-0.209979,0,0,0,0,0,0,0,0,0,0,0,0,0,0,0,16583.017578,9016.677734,5982.259277,6538.083496,20416.025391,40000.0,21373.113281,10548.274414,8774.46875,21155.8125,40000.0,40000.0,9358.162109,7051.120605,11208.558594,40000.0,40000.0,6277.864258,1799.00354,1470.814209,1907.213135,3514.083984,8425.775391,40000.0,2979.51416,61298.206552,39104.520794,21391.259508,0,true,true,1.0,-35.2286,0,0.0,0.0,1.0
16,8858,19.25,32819.257158,-90118.673451,16668.298266,-88249.881591,40023.229101,-3322.846771,-2238.248641,-61.773775,-3.114224,-0.800225,-158.496552,0.0,0.0,1.0,0.0,0.0,-0.209979,0,0,0,0,0,0,0,0,0,0,0,0,0,0,0,16570.291016,9182.717773,5996.307617,6098.109375,20110.011719,40000.0,21362.267578,10907.18457,8997.790039,11592.141602,21560.138672,40000.0,9541.007812,7300.498047,11308.626953,40000.0,40000.0,5561.278809,1463.965454,1575.078247,2025.286621,3389.797119,8176.842773,40000.0,2976.770996,60432.53254,40091.5184,21463.195129,0,true,true,1.0,-35.2186,0,0.0,0.0,1.0
16,8859,19.3,33026.30641,94892.367041,16803.922339,109245.959251,40027.1304,-3357.780856,-2162.522689,-65.867558,-3.092734,-0.952584,-159.799408,0.0,0.0,1.0,0.0,0.0,-0.279972,0,0,0,0,0,0,0,0,0,0,0,0,0,0,0,16556.113281,9438.152344,6022.493652,5525.033203,19681.958984,40000.0,21327.261719,11391.548828,9319.339844,9834.15625,21632.859375,40000.0,9799.891602,7653.106445,11453.375,40000.0,40000.0,4098.063965,1495.860718,1712.840088,2781.246094,3336.156982,7961.472168,40000.0,2972.869629,59229.071023,41404.991796,21552.595891,0,true,true,1.0,-35.2086,0,0.0,0.0,1.0
16,8860,19.35,33166.658204,-90259.025245,16892.485298,-88338.444549,40029.732779,-3403.236121,-2125.398421,-63.132369,-3.074297,-1.063787,-160.784424,0.0,0.0,1.0,0.0,0.0,-0.139986,0,0,0,0,0,0,0,0,0,0,0,0,0,0,0,16576.683594,34958.777344,6062.465332,5146.842285,19404.339844,40000.0,34432.328125,40000.0,9555.620117,8865.400391,21684.005859,40000.0,10087.546875,7906.703613,11542.020508,40000.0,40000.0,3307.940674,1578.953003,1798.084473,2539.623291,4040.369873,7811.966797,40000.0,2970.267334,58321.703413,42383.559873,21614.657441,0,true,true,1.0,-35.1986,0,0.0,0.0,1.0
16,8861,19.4,33315.918333,94743.106912,16983.659138,109154.785412,40032.582386,-3433.583209,-2074.091521,-65.162204,-3.053991,-1.172247,-161.770889,0.0,0.0,1.0,0.0,0.0,-0.209979,0,0,0,0,0,0,0,0,0,0,0,0,0,0,0,16917.525391,34598.753906,6105.174805,4771.76123,7425.196777,40000.0,32436.089844,39590.828125,9809.564453,8712.119141,21748.957031,40000.0,10521.673828,8175.976562,11544.504883,40000.0,40000.0,1587.390747,1664.515747,1884.916992,2441.964111,3834.520264,7671.648438,40000.0,2967.417725,57388.888687,43345.116139,21673.1499,0,true,true,1.0,-35.1886,0,0.0,0.0,1.0
16,8862,19.45,33509.346959,-90452.45387,17097.338569,-88452.12398,40036.344917,-3472.287881,-2006.866827,-68.192678,-3.023213,-1.314886,-163.127045,0.0,0.0,1.0,0.0,0.0,-0.279972,0,0,0,0,0,0,0,0,0,0,0,0,0,0,0,17001.951172,34141.628906,6185.963379,4629.955566,6544.598145,40000.0,32099.185547,38716.394531,10161.146484,8956.225586,22265.96875,40000.0,11130.202148,8541.295898,9486.900391,40000.0,40000.0,1698.241821,1769.390747,2445.803711,3027.082031,3699.36084,7492.341309,40000.0,2963.655029,56097.939265,44642.997813,21745.735163,0,true,true,1.0,-35.1786,0,0.0,0.0,1.0
16,8863,19.5,33664.554311,94587.899559,17184.90223,109067.22175,40039.499135,-3498.499901,-1949.749642,-72.002029,-2.99717,-1.42052,-164.178345,0.0,0.0,1.0,0.0,0.0,-0.209979,0,0,0,0,0,0,0,0,0,0,0,0,0,0,0,17053.841797,19371.777344,6257.838379,4632.269531,5912.005371,40000.0,32568.605469,37916.574219,10451.560547,9162.450195,22483.494141,40000.0,11635.079102,9688.744141,9399.722656,40000.0,40000.0,1783.84375,1849.744751,2519.216064,3093.262939,3649.024414,7356.983887,40000.0,2960.500977,55074.046163,45625.939483,21796.4074,0,true,true,1.0,-35.1686,0,0.0,0.0,1.0
16,8864,19.55,33861.086831,-90648.98639,17291.262727,-88558.484477,40043.593795,-3542.863466,-1883.28028,-74.107963,-2.959109,-1.558097,-165.596527,0.0,0.0,1.0,0.0,0.0,-0.139986,0,0,0,0,0,0,0,0,0,0,0,0,0,0,0,17158.316406,18174.152344,6381.22168,4650.060059,5165.446777,24323.173828,33573.53125,21266.873047,10847.722656,9431.302734,22599.820312,40000.0,22906.171875,9967.744141,9244.431641,40000.0,40000.0,1889.011475,1945.870239,2603.827637,2970.075439,4415.362305,7188.939941,40000.0,2956.40625,53682.953159,46924.576052,21858.977861,0,true,true,1.0,-35.1586,0,0.0,0.0,1.0
16,8865,19.6,34059.814167,94389.172224,17393.694987,108964.78949,40047.925898,-3572.630485,-1807.048555,-80.104122,-2.917981,-1.690876,-167.007187,0.0,0.0,1.0,0.0,0.0,-0.069993,0,0,0,0,0,0,0,0,0,0,0,0,0,0,0,17278.896484,17096.175781,6525.566406,4676.931641,4487.835449,24014.427734,33948.460938,21257.865234,11283.548828,9713.617188,22453.695312,40000.0,23515.744141,10402.551758,9120.53418,40000.0,2086.310303,1991.491455,2437.898682,2303.439697,2782.833252,4157.989746,7026.339355,40000.0,2952.074219,52268.058386,48180.069799,21916.546373,0,true,true,1.0,-35.1486,0,0.0,0.0,1.0
16,8866,19.65,34213.537261,-90802.709485,17469.427422,-88634.216912,40051.435652,-3598.30841,-1749.181238,-84.07682,-2.8856,-1.78669,-168.047592,0.0,0.0,1.0,0.0,0.0,-0.139986,0,0,0,0,0,0,0,0,0,0,0,0,0,0,0,17372.511719,15582.545898,6645.01416,4701.300781,4013.290039,19417.871094,34513.382812,21206.15625,11606.598633,9936.860352,11951.644531,40000.0,23993.314453,10743.292969,9054.578125,40000.0,2177.321045,2068.117188,2504.634766,2327.371826,2777.016113,4000.531738,6903.310547,40000.0,2948.564453,51199.436579,49081.153714,21956.623466,0,true,true,1.0,-35.1386,0,0.0,0.0,1.0
16,8867,19.7,34417.348966,94185.360519,17565.225211,108868.991701,40056.282562,-3637.146703,-1674.693797,-88.087958,-2.84041,-1.903786,-169.41774,0.0,0.0,1.0,0.0,0.0,-0.139986,0,0,0,0,0,0,0,0,0,0,0,0,0,0,0,17513.322266,14713.912109,6826.322266,4743.12793,3834.290039,6349.030273,35303.105469,21166.205078,40000.0,10243.473633,9466.799805,40000.0,24650.291016,11210.774414,8984.44043,40000.0,2295.494629,2166.389404,2589.036133,2814.773682,3332.422119,3873.353271,6742.265137,40000.0,2943.717529,49771.588761,50236.949285,22000.83595,0,true,true,1.0,-35.1286,0,0.0,0.0,1.0
16,8868,19.75,34570.105423,-90955.465942,17633.625717,-88702.617418,40060.071116,-3663.251332,-1617.239558,-91.708871,-2.804756,-1.987669,-170.445587,0.0,0.0,1.0,0.0,0.0,-0.349965,0,0,0,0,0,0,0,0,0,0,0,0,0,0,0,17634.4375,14109.46582,6983.031738,4782.719727,3835.515869,5435.297852,40000.0,34492.539062,40000.0,10482.260742,9627.092773,23197.576172,25795.515625,11422.296875,8941.241211,40000.0,2382.889648,2237.705811,2649.342041,2865.459473,3370.023926,3826.347656,6622.839355,40000.0,2939.928955,48685.595851,51081.096026,22030.30086,0,true,true,1.0,-35.1186,0,0.0,0.0,1.0
16,8869,19.8,34776.308625,93979.157317,17721.395435,108781.221983,40065.413456,-3690.848634,-1536.079413,-98.200918,-2.752485,-2.099654,-171.88446,0.0,0.0,1.0,0.0,0.0,-0.279972,0,0,0,0,0,0,0,0,0,0,0,0,0,0,0,29378.916016,13928.842773,7239.382324,4852.896484,3846.887939,4349.927246,40000.0,34468.597656,40000.0,10822.375977,9866.59375,23240.566406,25557.65625,11649.918945,9138.147461,40000.0,2500.029053,2724.93335,2412.907227,2928.035156,3196.013428,4453.219727,6464.434082,40000.0,2934.586426,47152.215298,52231.425427,22066.672181,0,true,true,1.0,-35.1086,0,0.0,0.0,1.0
16,8870,19.85,34932.124346,-91111.281663,17784.276507,-88765.49849,40069.626016,-3720.560842,-1478.110746,-100.903734,-2.710993,-2.181847,-172.977081,0.0,0.0,1.0,0.0,0.0,-0.069993,0,0,0,0,0,0,0,0,0,0,0,0,0,0,0,29232.634766,13937.388672,7463.77832,4916.500488,3861.700684,3633.199219,40000.0,32902.816406,40000.0,11090.953125,10059.386719,23283.154297,40000.0,11825.604492,9382.008789,40000.0,2587.568115,2794.607178,2406.434326,2660.448975,3051.234863,4444.80127,6345.993164,40000.0,2930.374023,45971.922114,53078.828646,22091.848266,0,true,true,1.0,-35.0986,0,0.0,0.0,1.0
16,8871,19.9,35145.521147,93765.760515,17865.628472,108699.870019,40075.660994,-3748.483695,-1393.132971,-107.298408,-2.65387,-2.287565,-174.419891,0.0,0.0,1.0,0.0,0.0,-0.069993,0,0,0,0,0,0,0,0,0,0,0,0,0,0,0,40000.0,13953.273438,32531.261719,5013.028809,3888.099121,3362.643555,40000.0,31751.521484,39629.757812,11469.325195,10327.28125,23423.519531,40000.0,12259.145508,9719.952148,15231.602539,2704.968018,2887.03418,2855.37793,2630.294678,3019.615723,4434.016113,6182.734863,40000.0,2924.339111,44383.653879,54160.504918,22122.816878,0,true,true,1.0,-35.0886,0,0.0,0.0,1.0
16,8872,19.95,35298.846157,-91264.606672,17920.749013,-88820.619032,40080.147241,-3770.68815,-1332.737172,-111.200371,-2.610522,-2.363205,-175.473068,0.0,0.0,1.0,0.0,0.0,-0.069993,0,0,0,0,0,0,0,0,0,0,0,0,0,0,0,40000.0,13977.041016,32152.560547,5095.475586,3914.166992,3363.591553,40000.0,32184.525391,38898.328125,11770.040039,10520.814453,23944.443359,40000.0,12688.470703,9971.911133,14819.178711,2788.782227,2951.852539,2905.351318,3065.995605,3497.757324,4065.597168,6066.57959,29428.324219,2919.852783,43211.468634,54925.04522,22144.211362,0,true,true,1.0,-35.0786,0,0.0,0.0,1.0
16,8873,20.0,35515.749197,93548.857475,17993.949842,108626.66919,40086.798297,-3794.026025,-1244.31028,-118.213757,-2.552117,-2.459493,-176.842484,0.0,0.0,1.0,0.0,0.0,-0.069993,0,0,0,0,0,0,0,0,0,0,0,0,0,0,0,40000.0,14001.9375,31681.365234,5215.01123,3953.918457,3368.885254,4082.991211,32792.839844,21490.136719,12167.833008,10803.592773,23984.869141,40000.0,13294.402344,10323.951172,14392.975586,2903.04126,3039.763428,2973.00708,3116.972656,3528.267822,3919.828125,5899.710449,29235.802734,2913.20166,41650.744197,55881.65386,22170.54051,0,true,true,1.0,-35.0686,0,0.0,0.0,1.0
16,8874,20.05,35708.144921,-91457.002396,18054.167559,-88880.836749,40093.110484,-3790.565964,-1158.768304,-129.290936,-2.507333,-2.524304,-177.859009,0.0,0.0,1.0,0.0,0.0,-0.209979,0,0,0,0,0,0,0,0,0,0,0,0,0,0,0,40000.0,14336.490234,31319.847656,5312.095703,3986.877686,3374.902344,3109.501953,33292.394531,21477.515625,30831.21875,11051.483398,24102.435547,40000.0,13799.916992,10617.994141,14288.477539,2997.157471,3112.510986,3029.843506,3161.31958,3558.205078,3867.811523,5752.231934,29070.117188,2906.889404,40449.600905,56559.086864,22185.483082,0,true,true,1.0,-35.0586,0,0.0,0.0,1.0
16,8875,20.1,35865.807958,93391.194438,18100.497453,108580.339296,40098.30448,-3835.512296,-1104.444951,-127.704266,-2.461849,-2.584742,-178.867096,0.0,0.0,1.0,0.0,0.0,-0.069993,0,0,0,0,0,0,0,0,0,0,0,0,0,0,0,40000.0,14393.920898,16484.695312,5426.131348,4030.031738,3388.979248,3106.551514,33789.457031,21451.482422,31808.171875,11271.579102,11179.513672,40000.0,24478.941406,10890.050781,14361.894531,3078.17334,2792.682617,2803.54126,3192.184082,3289.852051,4397.526855,5636.753418,28944.568359,2901.695557,39282.507046,57218.922172,22197.586647,0,true,true,1.0,-35.0486,0,0.0,0.0,1.0
16,8876,20.15,36075.658076,-91666.852514,18157.853726,-88938.193022,40105.455339,-3857.867067,-1020.707606,-133.279505,-2.400897,-2.656194,179.815918,0.0,0.0,1.0,0.0,0.0,-0.069993,0,0,0,0,0,0,0,0,0,0,0,0,0,0,0,40000.0,14460.102539,15384.951172,5594.148438,4095.588135,3413.732178,3108.101074,34478.765625,21413.167969,40000.0,11573.061523,10909.751953,40000.0,25029.882812,11260.073242,14465.521484,3303.679932,2886.001953,2755.629395,2868.30542,3175.715332,4375.669922,5486.953613,28789.160156,2894.544678,37740.741076,58048.539292,22208.684419,0,true,true,1.0,-35.0386,0,0.0,0.0,1.0
16,8877,20.2,36301.091979,93165.760535,18214.002209,108524.190813,40113.497693,-3873.774953,-929.036193,-140.443494,-2.339843,-2.722276,178.529327,0.0,0.0,1.0,0.0,0.0,-0.139986,0,0,0,0,0,0,0,0,0,0,0,0,0,0,0,40000.0,14519.198242,13560.262695,5780.931152,4170.088867,3444.875977,3115.422852,3032.04834,35092.347656,40000.0,11900.051758,11148.283203,40000.0,25612.820312,12209.99707,14591.647461,3611.456543,3328.691162,3185.957031,2917.260742,3607.951904,4357.357422,5337.528809,28631.390625,2886.502197,36198.589196,58819.154145,22217.641885,0,true,true,1.0,-35.0286,0,0.0,0.0,1.0
16,8878,20.25,36458.66042,-91824.420955,18250.001302,-88974.192115,40119.257482,-3893.850635,-867.598877,-143.170397,-2.295644,-2.733433,177.612152,0.0,0.0,1.0,0.0,0.0,-0.069993,0,0,0,0,0,0,0,0,0,0,0,0,0,0,0,40000.0,14573.920898,12922.396484,5930.800293,4230.94043,3472.327881,3124.955811,3028.39209,34937.464844,40000.0,12137.421875,11324.830078,40000.0,26039.664062,12681.428711,4216.215332,3812.786621,3381.950439,3222.895508,3292.424316,3616.940186,4077.742676,5240.63623,28528.826172,2880.742432,35107.830328,59347.52903,22202.075957,0,true,true,1.0,-35.0186,0,0.0,0.0,1.0
16,8879,20.3,36672.150077,92952.270878,18294.528103,108479.664012,40127.294557,-3909.566295,-782.198192,-148.55701,-2.239104,-2.712692,176.439758,0.0,0.0,1.0,0.0,0.0,-0.069993,0,0,0,0,0,0,0,0,0,0,0,0,0,0,0,40000.0,14643.686523,12142.398438,32137.955078,4318.677734,3513.907227,3142.465332,3028.716553,34860.390625,40000.0,12462.894531,11561.259766,25248.871094,26616.525391,13079.611328,4379.906738,3935.977295,3450.327637,3269.716309,3322.215088,3627.679443,3896.22583,5138.70459,28394.783203,2872.705322,33704.902357,59993.835931,22162.889136,0,true,true,1.0,-35.0086,0,0.0,0.0,1.0
16,8880,20.35,36838.445986,-91990.716864,18325.857463,-89005.521475,40133.744066,-3921.366814,-716.185991,-152.182945,-2.198255,-2.689505,175.584473,0.0,0.0,1.0,0.0,0.0,-0.069993,0,0,0,0,0,0,0,0,0,0,0,0,0,0,0,40000.0,14693.141602,11637.110352,31757.824219,4390.930176,3549.663818,3159.605957,3033.036621,3120.799805,40000.0,12733.020508,11748.349609,25301.738281,27062.486328,13386.813477,4503.483887,4012.980957,3500.387939,3303.549561,3343.38623,3634.931885,3822.025879,5071.268066,28296.140625,2866.255859,32666.477208,60444.736554,22131.268237,0,true,true,1.0,-34.9986,0,0.0,0.0,1.0
16,8881,20.4,37058.416195,92732.300669,18362.911654,108442.609821,40142.45087,-3932.870597,-629.259718,-156.969234,-2.145463,-2.660379,174.467987,0.0,0.0,1.0,0.0,0.0,-0.069993,0,0,0,0,0,0,0,0,0,0,0,0,0,0,0,40000.0,14767.330078,11605.292969,31249.703125,4496.673828,3603.70874,3187.878662,3044.053711,3115.834229,40000.0,13080.706055,12001.508789,25382.701172,27667.302734,13802.300781,4666.956543,4112.536133,3563.598877,3032.660645,3103.697754,3293.955566,4280.04834,4994.192871,28165.855469,2857.549072,31297.821106,61009.967751,22092.896579,0,true,true,1.0,-34.9886,0,0.0,0.0,1.0
16,8882,20.45,37270.356132,-92202.656801,18393.982216,-89036.592037,40150.992434,-3947.763456,-547.227638,-159.962964,-2.096451,-2.633812,173.420181,0.0,0.0,1.0,0.0,0.0,-0.069993,0,0,0,0,0,0,0,0,0,0,0,0,0,0,0,40000.0,14844.93457,11566.676758,30786.591797,4608.891113,3662.635742,3220.846924,3060.262695,3117.279785,22268.259766,29505.302734,12251.099609,25473.285156,28262.054688,14194.90625,4823.240723,4205.302734,3219.185547,3009.04248,3010.690674,3238.945068,4255.410156,4920.981934,28044.007812,2849.007568,29997.942582,61515.456378,22059.555982,0,true,true,1.0,-34.9786,0,0.0,0.0,1.0
16,8883,20.5,37439.767674,92562.889127,18415.565557,108421.02648,40157.973075,-3947.207739,-480.98008,-164.323334,-2.065847,-2.617165,172.760147,0.0,0.0,1.0,0.0,0.0,0.0,0,0,0,0,0,0,0,0,0,0,0,0,0,0,0,40000.0,14865.355469,11517.829102,30466.082031,4691.089844,3707.706299,3248.14209,3076.461182,3124.261475,22262.574219,30101.722656,12447.183594,25568.445312,40000.0,14372.665039,4929.169434,4267.954102,3318.510986,3165.049072,3156.976318,3648.544678,4243.125,4880.291016,27939.421875,2842.026855,29139.323173,61813.244667,22039.918482,0,true,true,1.0,-34.9686,0,0.0,0.0,1.0
16,8884,20.55,37651.073084,-92413.962211,18438.626381,-89059.652861,40166.752317,-3965.432197,-402.8803,-165.396497,-2.033128,-2.599295,172.049469,0.0,0.0,1.0,0.0,0.0,0.0,0,0,0,0,0,0,0,0,0,0,0,0,0,0,0,40000.0,26410.140625,11446.816406,30099.138672,4792.307617,3765.072021,3284.793945,3100.554932,3138.43457,3412.674316,30806.21875,12690.477539,25913.607422,40000.0,14580.907227,5046.413574,3865.049316,3702.627686,3434.463135,3419.837646,3653.242188,3967.536377,4837.848145,27811.703125,2833.247803,28182.741157,62116.9086,22019.887741,0,true,true,1.0,-34.9586,0,0.0,0.0,1.0
16,8885,20.6,37866.686498,92347.275713,18457.841572,108401.811289,40175.852345,-3970.848263,-324.592833,-168.522357,-2.006085,-2.576941,171.457489,0.0,0.0,1.0,0.0,0.0,0.0,0,0,0,0,0,0,0,0,0,0,0,0,0,0,0,40000.0,26212.154297,11361.067383,29748.642578,4892.540039,3824.062988,3324.66748,3129.25293,3158.854492,3424.616211,31468.695312,12935.708008,26308.314453,40000.0,14792.316406,5147.54541,4009.748535,3738.495605,3457.500488,3433.418945,3657.177002,3783.227295,4803.508301,40000.0,2824.147705,27347.394504,62352.881626,22000.640926,0,true,true,1.0,-34.9486,0,0.0,0.0,1.0
16,8886,20.65,38028.681071,-92575.956784,18469.528737,-89071.340026,40182.767377,-3980.89777,-268.458605,-169.33088,-1.990872,-2.564234,171.122055,0.0,0.0,1.0,0.0,0.0,0.0,0,0,0,0,0,0,0,0,0,0,0,0,0,0,0,40000.0,26152.28125,11284.483398,29528.097656,22100.267578,3867.229736,3355.515869,3153.154785,3178.066895,3439.657227,31910.841797,13116.051758,26432.904297,40000.0,14949.588867,5207.184082,4226.689453,3759.655518,3471.224121,3441.732666,3343.43042,3768.913818,4785.397461,40000.0,2817.232666,26833.919592,62474.883731,21990.359002,0,true,true,1.0,-34.9386,0,0.0,0.0,1.0
16,8887,20.7,38249.244928,92126.711857,18481.823395,108389.516631,40192.289899,-3982.03335,-194.69004,-172.496918,-1.975907,-2.551581,170.790344,0.0,0.0,1.0,0.0,0.0,0.0,0,0,0,0,0,0,0,0,0,0,0,0,0,0,0,40000.0,26073.763672,11166.354492,29240.126953,22283.320312,3924.978271,3398.864014,3188.740234,3209.025146,3467.411377,32444.298828,13356.525391,26614.533203,40000.0,15161.1875,5267.708008,4464.351562,3370.89917,3110.414307,3075.862305,3271.625732,4210.086914,4768.567871,40000.0,2807.710205,26266.12031,62581.297466,21980.858101,0,true,true,1.0,-34.9286,0,0.0,0.0,1.0
16,8888,20.75,38459.898762,-92786.610619,18489.915367,-89079.431999,40201.438249,-3990.593175,-128.757204,-173.675828,-1.965234,-2.542462,170.552673,0.0,0.0,1.0,0.0,0.0,0.0,0,0,0,0,0,0,0,0,0,0,0,0,0,0,0,40000.0,25905.630859,11045.885742,14305.145508,22472.267578,3981.080078,3442.536865,3225.973389,3242.967041,3499.901855,32909.414062,13583.161133,26795.783203,40000.0,15360.999023,5309.778809,4494.557617,3472.152588,3494.100098,3455.348877,3664.432373,4026.003174,15823.441406,40000.0,2798.561768,25807.017862,62646.834141,21974.537332,0,true,true,1.0,-34.9186,0,0.0,0.0,1.0
16,8889,20.8,38623.952735,91962.657883,18493.86258,108385.569419,40208.637786,-3989.549706,-79.936948,-175.889694,-1.959303,-2.53736,170.420212,0.0,0.0,1.0,0.0,0.0,0.0,0,0,0,0,0,0,0,0,0,0,0,0,0,0,0,40000.0,25789.267578,10946.958984,13834.283203,22526.699219,4025.195068,3477.910156,3257.016602,3272.18042,3529.092041,33240.082031,13757.339844,13328.915039,40000.0,15514.935547,5331.819824,4011.441406,3802.233643,3498.12793,3457.222412,3664.076416,3795.270752,15621.080078,40000.0,2791.362305,25504.95189,62674.967919,21971.404585,0,true,true,1.0,-34.9086,0,0.0,0.0,1.0
16,8890,20.85,38846.943324,-93009.601207,18496.133724,-89081.703143,40218.507462,-3999.676646,-17.733798,-176.39737,-1.953479,-2.532326,170.289871,0.0,0.0,1.0,0.0,0.0,0.0,0,0,0,0,0,0,0,0,0,0,0,0,0,0,0,40000.0,25684.119141,10849.44043,13229.124023,22639.769531,4086.571533,3528.168457,3301.988037,3315.374512,3573.376953,4184.080078,13991.973633,13547.918945,40000.0,15722.155273,5433.834473,4140.12207,3806.726318,3499.948486,3456.946289,3442.598877,3755.259521,15327.666992,40000.0,2781.492432,25146.726635,62692.81787,21968.78667,0,true,true,1.0,-34.8986,0,0.0,0.0,1.0
16,8891,20.9,39062.906362,91746.694845,18495.18254,108386.520603,40228.108946,-4000.654854,38.299109,-178.365006,-1.94935,-2.528743,170.197281,0.0,0.0,1.0,0.0,0.0,0.0,0,0,0,0,0,0,0,0,0,0,0,0,0,0,0,40000.0,25636.109375,10949.442383,12664.71875,22807.919922,4148.306152,3579.435059,3348.459717,3360.604004,3620.450684,4236.759766,14217.948242,13758.838867,40000.0,15920.987305,5690.713867,4511.819336,3422.181396,3118.060059,3079.989258,3258.988037,3712.583252,15034.583008,40000.0,2771.891113,24835.065584,62697.438975,21967.297729,0,true,true,1.0,-34.8886,0,0.0,0.0,1.0
16,8892,20.95,39223.930161,-93170.625006,18492.585124,-89079.105726,40235.304408,-4004.351337,77.472888,-179.121253,-1.947048,-2.52674,170.145615,0.0,0.0,1.0,0.0,0.0,0.0,0,0,0,0,0,0,0,0,0,0,0,0,0,0,0,40000.0,40000.0,10910.133789,11194.661133,22808.373047,4195.947754,3619.290527,3384.868652,3396.338379,3658.002686,4279.335449,14385.791016,13909.711914,40000.0,16068.186523,5883.09668,4510.086426,3412.727539,3201.357422,3176.537842,3651.544922,3705.459473,14812.077148,40000.0,2764.695557,24620.864964,62694.757523,21966.720425,0,true,true,1.0,-34.8786,0,0.0,0.0,1.0
16,8893,21.0,39442.007706,91528.617301,18486.661946,108392.44378,40245.112677,-4008.005829,127.148292,-180.247061,-1.944759,-2.524745,170.094193,0.0,0.0,1.0,0.0,0.0,0.0,0,0,0,0,0,0,0,0,0,0,0,0,0,0,0,40000.0,40000.0,10772.30957,10650.036133,22966.222656,22077.589844,3675.345215,3436.436035,3447.265625,3711.897217,4341.03418,14612.448242,14125.551758,40000.0,16266.216797,6038.445312,4013.864502,3796.863525,3490.515137,3442.395508,3659.405029,3693.760986,14503.145508,40000.0,2754.887207,24350.10526,62685.10879,21966.505746,0,true,true,1.0,-34.8686,0,0.0,0.0,1.0
16,8894,21.05,39641.607963,-93370.225264,18478.902435,-89071.346215,40254.317567,-3978.011493,168.220956,-187.504715,-1.943517,-2.52366,170.066254,0.0,0.0,1.0,0.0,0.0,0.0,0,0,0,0,0,0,0,0,0,0,0,0,0,0,0,40000.0,40000.0,10645.881836,10158.982422,22973.515625,21890.005859,3728.658691,3485.806885,3496.351318,3764.256836,4401.459473,14819.132812,14323.550781,40000.0,16446.101562,5367.957031,4092.342529,3787.290771,3478.127686,3451.926758,3357.877686,3681.050049,14175.749023,26024.570312,2745.682373,24122.245278,62670.177298,21967.04477,0,true,true,1.0,-34.8586,0,0.0,0.0,1.0
16,8895,21.1,39853.089866,91317.135397,18468.585275,108402.76094,40263.900921,-4011.332269,210.921528,-182.633244,-1.942323,-2.522617,170.039413,0.0,0.0,1.0,0.0,0.0,0.0,0,0,0,0,0,0,0,0,0,0,0,0,0,0,0,40000.0,40000.0,10513.610352,9638.060547,40000.0,21571.457031,3787.298096,3540.171143,3550.450195,3821.991943,4468.209961,15038.375,14533.710938,40000.0,16635.820312,5480.187988,4478.72998,3774.735352,3093.095947,3060.415283,3224.029297,3665.376465,13863.026367,25811.722656,2736.099121,23883.415084,62655.043536,21967.459315,0,true,true,1.0,-34.8486,0,0.0,0.0,1.0
16,8896,21.15,40070.902699,-93588.038096,18455.785417,-89058.546357,40273.835133,-4011.350548,250.223141,-184.029169,-1.941469,-2.52187,170.020203,0.0,0.0,1.0,0.0,0.0,0.0,0,0,0,0,0,0,0,0,0,0,0,0,0,0,0,40000.0,40000.0,10378.408203,9102.969727,40000.0,21308.544922,3849.817627,3598.251465,3608.38916,3883.991699,4540.140137,15264.044922,14750.558594,40000.0,16770.052734,5753.55127,4460.773438,3388.226318,3205.574707,3404.833496,3187.327881,40000.0,13498.416016,25580.757812,2726.164795,23646.036689,62637.909436,21968.126032,0,true,true,1.0,-34.8386,0,0.0,0.0,1.0
16,8897,21.2,40231.268712,91156.769384,18445.058387,108413.487969,40281.165666,-4017.399853,277.587062,-183.823963,-1.940996,-2.521456,170.009537,0.0,0.0,1.0,0.0,0.0,0.0,0,0,0,0,0,0,0,0,0,0,0,0,0,0,0,40000.0,40000.0,10279.676758,8708.930664,40000.0,21135.119141,3897.268799,3642.300781,3652.364746,3931.118652,4594.94873,15430.212891,14910.449219,40000.0,16845.128906,5966.299316,3956.10498,3746.098633,3439.306152,3392.665039,3174.29834,40000.0,13258.917969,25417.667969,2718.834229,23474.756051,62625.05424,21968.689291,0,true,true,1.0,-34.8286,0,0.0,0.0,1.0
16,8898,21.25,40437.916585,-93794.68597,18429.726471,-89043.214441,40290.618136,-4022.580831,310.427603,-183.972986,-1.94052,-2.521039,169.998825,0.0,0.0,1.0,0.0,0.0,0.0,0,0,0,0,0,0,0,0,0,0,0,0,0,0,0,40000.0,40000.0,10153.609375,8509.283203,30553.589844,20871.794922,40000.0,3700.499268,3710.548096,3993.531738,4667.581055,15644.419922,15116.75293,40000.0,16938.777344,5289.483398,4033.98291,3727.515381,3422.05835,3375.484375,3155.967529,40000.0,12949.741211,25206.863281,2709.381836,23256.983524,62608.666568,21969.453524,0,true,true,1.0,-34.8186,0,0.0,0.0,1.0
16,8899,21.3,40648.535538,90946.150432,18412.460527,108430.753914,40300.297944,-4019.487951,340.79063,-185.636494,-1.940175,-2.520736,169.991058,0.0,0.0,1.0,0.0,0.0,0.0,0,0,0,0,0,0,0,0,0,0,0,0,0,0,0,40000.0,40000.0,10026.362305,8398.523438,30310.648438,20683.144531,40000.0,3761.411621,3771.491455,4058.975098,4743.83252,15862.834961,15327.314453,40000.0,17030.771484,5424.831543,4399.352539,3706.656982,3038.871094,2975.226074,3135.60791,40000.0,12675.078125,24991.324219,2699.702148,23038.101029,62592.230709,21970.307696,0,true,true,1.0,-34.8086,0,0.0,0.0,1.0
16,8900,21.35,40858.47296,-94004.623392,18393.73114,-89024.485053,40309.974726,-4027.563473,369.708099,-185.076067,-1.939927,-2.52052,169.985489,0.0,0.0,1.0,0.0,0.0,0.0,0,0,0,0,0,0,0,0,0,0,0,0,0,0,0,40000.0,40000.0,9900.748047,8289.339844,30073.986328,20378.439453,40000.0,3823.605469,3833.759277,4125.883301,4821.85498,16080.675781,15537.46582,40000.0,17119.558594,5869.981445,4372.754395,3308.00293,3081.813721,2944.137207,3113.927246,40000.0,12360.194336,24775.935547,2690.025391,22821.969702,62576.424444,21971.191131,0,true,true,1.0,-34.7986,0,0.0,0.0,1.0
16,8901,21.4,41069.274856,90735.348536,18373.51418,108450.970874,40319.723656,-4026.317062,395.774089,-186.224803,-1.939749,-2.520363,169.981461,0.0,0.0,1.0,0.0,0.0,0.0,0,0,0,0,0,0,0,0,0,0,0,0,0,0,0,40000.0,40000.0,9775.885742,8180.864258,29837.40625,20192.404297,40000.0,3887.459473,3897.692383,4194.612305,4902.047363,16299.563477,15748.732422,40000.0,17206.154297,5831.772949,3862.579834,3659.880859,3359.669678,2922.050293,40000.0,40000.0,12043.925781,24559.203125,2680.276367,22606.372232,62561.282416,21972.100021,0,true,true,1.0,-34.7886,0,0.0,0.0,1.0
16,8902,21.45,41273.447001,-94208.795537,18352.695147,-89003.66602,40329.166639,-4029.616102,419.542181,-186.407817,-1.939619,-2.520249,169.978531,0.0,0.0,1.0,0.0,0.0,0.0,0,0,0,0,0,0,0,0,0,0,0,0,0,0,0,40000.0,40000.0,9656.089844,8076.809082,29609.039062,19896.681641,40000.0,3950.636475,3960.872803,4262.524414,4981.355469,16525.115234,15953.573242,40000.0,17120.044922,5218.66748,4017.575439,3634.988525,3336.769531,2899.419434,40000.0,40000.0,11766.198242,24348.929688,2670.833252,22398.366969,62547.429687,21972.959337,0,true,true,1.0,-34.7786,0,0.0,0.0,1.0
16,8903,21.5,41434.840506,90573.955031,18335.424803,108468.241218,40336.677999,-4029.323393,436.827198,-187.063177,-1.939546,-2.520185,169.976898,0.0,0.0,1.0,0.0,0.0,0.0,0,0,0,0,0,0,0,0,0,0,0,0,0,0,0,40000.0,40000.0,9562.107422,7995.271973,29429.041016,19769.556641,40000.0,17590.539062,4011.606445,4317.093262,5045.074707,16692.925781,16115.640625,40000.0,8604.227539,5365.771484,4290.240234,3614.388672,2920.802734,2880.716309,40000.0,40000.0,11707.428711,24182.478516,2663.322021,22234.51819,62537.004811,21973.671944,0,true,true,1.0,-34.7686,0,0.0,0.0,1.0
16,8904,21.55,41642.991401,-94416.946432,18312.179655,-88980.420872,40346.358727,-4032.805544,458.029388,-187.119206,-1.939473,-2.520121,169.975235,0.0,0.0,1.0,0.0,0.0,0.0,0,0,0,0,0,0,0,0,0,0,0,0,0,0,0,40000.0,40000.0,9441.869141,7890.937988,29226.455078,19477.267578,40000.0,17756.960938,4078.003174,4388.518066,5128.491211,6719.569824,16324.831055,40000.0,8529.12793,5715.845703,4257.45459,3210.705566,2895.35791,2855.794189,40000.0,40000.0,11630.472656,23967.556641,2653.641357,22023.525551,62524.323559,21974.55822,0,true,true,1.0,-34.7586,0,0.0,0.0,1.0
16,8905,21.6,41852.228008,90364.718424,18287.782699,108492.638173,40356.112093,-4028.549335,476.824887,-188.565217,-1.941259,-2.490975,170.016037,0.0,0.0,1.0,0.0,0.139986,0.279972,0,0,0,0,0,0,0,0,0,0,0,0,0,0,0,40000.0,40000.0,9316.84668,7784.595215,29007.476562,19242.382812,40000.0,18124.277344,4146.100098,4462.714355,5216.533691,6837.374512,16534.958984,40000.0,8433.582031,5011.857422,3755.937744,3556.46582,2868.297119,40000.0,40000.0,40000.0,11558.75,23746.464844,2643.887939,21869.167725,62496.045599,21964.893772,0,true,true,1.0,-34.7486,0,0.0,0.0,1.0
16,8906,21.65,42065.725408,-94630.443832,18261.915999,-88954.554172,40366.088334,-4031.778184,494.958652,-188.262357,-1.947027,-2.391723,170.150772,0.0,0.0,1.0,0.0,0.139986,0.279972,0,0,0,0,0,0,0,0,0,0,0,0,0,0,0,40000.0,40000.0,9179.148438,7671.891113,28813.677734,19047.615234,40000.0,33115.988281,4217.356934,4542.432617,5314.199219,6974.39502,16748.800781,40000.0,8295.277344,5144.302246,4175.349121,3521.616943,2838.715332,40000.0,40000.0,40000.0,11555.743164,23515.515625,2633.911621,21840.756551,62432.205249,21929.968305,0,true,true,1.0,-34.7386,0,0.0,0.0,1.0
16,8907,21.7,42274.042842,90156.40099,18235.845299,108518.708873,40375.786031,-4032.816945,510.160545,-187.739476,-1.95585,-2.245729,170.367188,0.0,0.0,1.0,0.0,0.139986,0.209979,0,0,0,0,0,0,0,0,0,0,0,0,0,0,0,40000.0,40000.0,9036.321289,7558.464355,28651.917969,18930.269531,40000.0,33380.859375,4288.57373,4624.097656,5417.097168,7124.306641,16957.34375,40000.0,8388.194336,5515.751465,4125.209961,3063.508789,2808.216064,40000.0,40000.0,40000.0,11510.938477,23276.341797,2624.213867,21924.509438,62338.284962,21878.510709,0,true,true,1.0,-34.7286,0,0.0,0.0,1.0
16,8908,21.75,42476.476912,-94832.877902,18209.842895,-88928.551768,40385.133041,-4038.428978,523.13744,-185.53117,-1.966569,-2.034945,170.650589,0.0,0.0,1.0,0.0,0.069993,0.069993,0,0,0,0,0,0,0,0,0,0,0,0,0,0,0,40000.0,40000.0,8890.692383,7445.474609,28518.080078,18910.212891,40000.0,33436.722656,4359.366211,4706.936523,5524.015137,7285.004395,17159.972656,40000.0,8617.744141,4791.333984,3585.486816,3015.207275,2777.442871,40000.0,40000.0,40000.0,11446.68457,23036.835938,2614.866943,22112.45605,62219.122793,21803.120387,0,true,true,1.0,-34.7186,0,0.0,0.0,1.0
16,8909,21.8,42644.613346,89988.264556,18187.824571,108540.727196,40392.872213,-4035.866662,531.192717,-184.329346,-1.974179,-1.863557,170.87114,0.0,0.0,1.0,0.0,0.0,0.0,0,0,0,0,0,0,0,0,0,0,0,0,0,0,0,40000.0,40000.0,8772.899414,7353.262695,28449.587891,18867.650391,40000.0,33493.183594,4942.785645,4776.075195,5612.974609,7418.396484,17328.775391,40000.0,7866.122559,4890.20459,3667.481689,2983.78418,3547.190918,40000.0,40000.0,40000.0,11416.760742,22840.359375,2607.127686,22250.446838,62126.407146,21741.774591,0,true,true,1.0,-34.7086,0,0.0,0.0,1.0
16,8910,21.85,42855.322752,-95043.587308,18159.807575,-88900.534771,40402.384781,-4036.362398,539.701686,-181.29026,-1.981366,-1.684671,171.100449,0.0,0.0,1.0,0.0,0.0,0.0,0,0,0,0,0,0,0,0,0,0,0,0,0,0,0,40000.0,40000.0,8631.907227,7240.969238,28236.902344,18890.986328,40000.0,33676.539062,6075.516602,4861.910645,5722.214844,7579.996582,17540.964844,40000.0,8006.304688,5276.038086,3975.491943,2945.351562,5349.691895,40000.0,40000.0,40000.0,11370.833008,22599.917969,2597.615234,22357.366973,62029.631686,21678.275591,0,true,true,1.0,-34.6986,0,0.0,0.0,1.0
16,8911,21.9,43065.54892,89778.038388,18131.475406,108569.059365,40411.678309,-4034.316161,546.081374,-178.144598,-1.986102,-1.555232,171.266327,0.0,0.0,1.0,0.0,0.0,0.0,0,0,0,0,0,0,0,0,0,0,0,0,0,0,0,40000.0,40000.0,8499.306641,7132.711426,7178.148438,18982.652344,40000.0,33994.144531,7198.071289,4946.026855,5827.406738,7732.151855,17769.554688,40000.0,7519.522949,4566.126953,3421.965576,2908.501465,6966.313965,40000.0,40000.0,40000.0,11313.789062,22366.943359,2588.321777,22375.972598,61959.104785,21633.405729,0,true,true,1.0,-34.6886,0,0.0,0.0,1.0
16,8912,21.95,43284.036601,-95262.074989,18101.708977,-88870.768342,40421.137314,-4043.45639,552.837345,-172.355062,-1.989881,-1.451944,171.409256,0.0,0.0,1.0,0.0,0.0,0.0,0,0,0,0,0,0,0,0,0,0,0,0,0,0,0,40000.0,40000.0,8365.580078,7022.236816,6640.127441,18975.919922,40000.0,34363.949219,19566.361328,5032.977051,5935.305664,7886.649414,17983.880859,34204.695312,7611.564453,4688.108887,3375.597412,3018.487061,7913.743652,40000.0,40000.0,12575.219727,11281.288086,22128.205078,2578.862793,22350.616396,61898.630498,21598.807316,0,true,true,1.0,-34.6786,0,0.0,0.0,1.0
16,8913,22.0,43495.970814,89566.104175,18072.591407,108598.176936,40430.047669,-4042.758973,556.898152,-168.382173,-1.993342,-1.356461,171.549347,0.0,0.0,1.0,0.0,0.0,0.0,0,0,0,0,0,0,0,0,0,0,0,0,0,0,0,40000.0,40000.0,8236.470703,7036.945312,6543.597656,19042.349609,35476.792969,34716.726562,19563.347656,5117.870117,6040.88623,8038.336426,18198.298828,34287.277344,7840.85791,5061.09668,3329.0625,3556.313477,9480.46875,40000.0,40000.0,12059.160156,11218.270508,21896.970703,2569.952393,22325.380791,61840.304695,21567.224864,0,true,true,1.0,-34.6686,0,0.0,0.0,1.0
16,8914,22.05,43703.105901,-95469.210076,18043.948503,-88842.125438,40438.730374,-4029.448479,558.164653,-166.812021,-1.995517,-1.296801,171.642609,0.0,0.0,1.0,0.0,0.0,0.0,0,0,0,0,0,0,0,0,0,0,0,0,0,0,0,40000.0,40000.0,8115.313477,7091.528809,6449.984375,19098.154297,35252.582031,35123.246094,19396.181641,5199.525391,6140.957031,8179.233887,18407.859375,34400.914062,7228.680664,4365.443848,3285.608643,4726.801758,11079.212891,40000.0,40000.0,11519.079102,11091.121094,21675.199219,2561.269531,22240.133688,61801.460683,21549.186164,0,true,true,1.0,-34.6586,0,0.0,0.0,1.0
16,8915,22.1,43874.846355,89394.363721,18020.100079,108622.02536,40445.621481,-4041.379478,561.833334,-161.085862,-1.997067,-1.252474,171.711899,0.0,0.0,1.0,0.0,0.0,0.0,0,0,0,0,0,0,0,0,0,0,0,0,0,0,0,40000.0,40000.0,8015.937988,7020.680664,6372.515625,19122.449219,35073.492188,35470.144531,19388.472656,5267.108887,6223.55957,8295.101562,18723.720703,34498.886719,7360.902832,4436.625488,3250.143799,4699.145508,12587.612305,40000.0,40000.0,11183.178711,11031.873047,21492.173828,2554.378418,22158.708645,61772.887354,21536.022328,0,true,true,1.0,-34.6486,0,0.0,0.0,1.0
16,8916,22.15,44096.953321,-95691.317041,17989.151421,-88811.176781,40454.275971,-4046.814407,564.590709,-155.677903,-1.99854,-1.208791,171.780167,0.0,0.0,1.0,0.0,0.0,0.0,0,0,0,0,0,0,0,0,0,0,0,0,0,0,0,40000.0,40000.0,7889.861328,6912.977539,6272.720215,19241.001953,34832.246094,35948.40625,19200.123047,5353.85498,6328.84668,8441.314453,32470.015625,34635.914062,7646.650879,4883.552246,3267.758789,5525.452148,13509.045898,40000.0,40000.0,10684.84668,10951.348633,21257.453125,2545.724121,22025.009045,61744.875947,21523.978197,0,true,true,1.0,-34.6386,0,0.0,0.0,1.0
16,8917,22.2,44263.217948,89228.099093,17965.922618,108645.254163,40460.58593,-4046.146448,565.651721,-152.647887,-1.999394,-1.18391,171.820984,0.0,0.0,1.0,0.0,0.0,0.069993,0,0,0,0,0,0,0,0,0,0,0,0,0,0,0,40000.0,40000.0,7796.669434,6832.928223,6198.168945,19239.050781,34636.503906,36320.535156,19183.523438,5479.659668,6406.934082,8549.039062,32641.814453,34743.429688,6949.257812,4177.986816,3536.074707,5586.960449,40000.0,40000.0,40000.0,10259.667969,10889.390625,21082.703125,2539.414062,21910.715943,61728.286183,21517.81413,0,true,true,1.0,-34.6286,0,0.0,0.0,1.0
16,8918,22.25,44475.066073,-95903.165166,17936.271644,-88781.525807,40468.394457,-4053.222176,567.576211,-147.342174,-2.003309,-1.135102,172.01358,0.0,0.0,1.0,0.0,0.190362,0.713859,0,0,0,0,0,0,0,0,0,0,0,0,0,0,0,40000.0,40000.0,7665.391113,6725.327637,6102.164062,19273.902344,34501.984375,36637.8125,19055.841797,5914.180176,6520.027832,8717.198242,32875.847656,34811.300781,7128.634766,4107.104492,3891.19043,6364.629883,40000.0,40000.0,40000.0,9756.986328,40000.0,20849.302734,2531.605469,21921.522666,61653.720006,21505.200402,0,true,true,1.0,-34.6186,0,0.0,0.0,1.0
16,8919,22.3,44696.714108,89006.451058,17905.252945,108676.272862,40476.35542,-4052.863055,566.60403,-143.213841,-2.013529,-0.979234,172.558395,0.0,0.0,1.0,0.0,0.110113,0.715735,0,0,0,0,0,0,0,0,0,0,0,0,0,0,0,40000.0,40000.0,7498.680664,6599.600098,5999.441406,19260.322266,34646.464844,36329.859375,19152.001953,6282.852539,6672.933105,8972.510742,33173.882812,34715.078125,6559.89209,4000.508545,4298.594727,7188.027832,40000.0,40000.0,40000.0,9166.375,40000.0,20580.222656,2523.644531,22339.500191,61442.525816,21456.020025,0,true,true,1.0,-34.6086,0,0.0,0.0,1.0
16,8920,22.35,44911.809603,-96118.260661,17875.314377,-88751.587239,40483.795425,-4055.624887,562.490977,-138.006835,-2.025784,-0.77619,173.33902,0.0,0.0,1.0,0.0,0.081533,0.407665,0,0,0,0,0,0,0,0,0,0,0,0,0,0,0,40000.0,40000.0,7318.662598,6469.704102,5898.980469,19151.640625,35004.171875,35739.980469,19366.486328,6568.806641,6850.462402,9288.648438,33090.289062,34857.632812,6812.713379,3878.375977,5377.493652,8003.470215,40000.0,40000.0,40000.0,8983.436523,40000.0,20305.154297,2516.20459,23029.925602,61134.409215,21390.247655,0,true,true,1.0,-34.5986,0,0.0,0.0,1.0
16,8921,22.4,45076.283436,88841.977225,17852.666459,108698.92078,40489.298273,-4048.72801,555.229653,-135.363422,-2.03391,-0.608838,173.988739,0.0,0.0,1.0,0.0,0.069993,0.209979,0,0,0,0,0,0,0,0,0,0,0,0,0,0,0,40000.0,19464.164062,7179.713867,6369.96582,5822.676758,19079.068359,35346.613281,35432.011719,19644.880859,6765.749512,6995.508789,9553.645508,33260.707031,34681.921875,6114.152344,3860.641357,5159.693848,8835.869141,40000.0,40000.0,40000.0,9004.280273,40000.0,20095.28125,2510.70166,23615.281289,60872.284753,21334.584381,0,true,true,1.0,-34.5886,0,0.0,0.0,1.0
16,8922,22.45,45301.071558,-96343.048783,17822.25262,-88721.1734,40496.519649,-4062.50252,544.668742,-126.429701,-2.042057,-0.388036,174.885361,0.0,0.0,1.0,0.0,0.0,0.279972,0,0,0,0,0,0,0,0,0,0,0,0,0,0,0,40000.0,19147.853516,6993.381348,6235.46875,5719.309082,5881.791992,40000.0,34611.945312,19852.322266,7020.893066,7200.489746,9934.742188,33610.644531,22859.943359,5671.522949,4199.893066,6245.944824,9623.974609,40000.0,40000.0,40000.0,9010.871094,40000.0,19813.871094,2503.480469,24416.107073,60502.206274,21260.034759,0,true,true,1.0,-34.5786,0,0.0,0.0,1.0
16,8923,22.5,45512.261848,88630.786935,17794.43453,108726.73887,40502.89363,-4064.134569,529.056265,-119.722562,-2.047364,-0.189643,175.881073,0.0,0.0,1.0,0.0,0.0,0.349965,0,0,0,0,0,0,0,0,0,0,0,0,0,0,0,40000.0,18765.169922,6811.844238,6106.597168,5622.930664,5820.693359,40000.0,34017.097656,20292.214844,7214.122559,7418.371094,10357.397461,33973.1875,22301.384766,5746.265625,4538.32666,6123.616211,10460.984375,40000.0,40000.0,40000.0,9021.998047,40000.0,19548.273438,2497.106445,25318.169674,60078.266584,21194.01698,0,true,true,1.0,-34.5686,0,0.0,0.0,1.0
16,8924,22.55,45674.150431,-96504.937366,17773.754646,-88700.493516,40507.532677,-4068.059476,514.440692,-113.707712,-2.04932,-0.047731,176.700012,0.0,0.0,1.0,0.0,0.0,0.279972,0,0,0,0,0,0,0,0,0,0,0,0,0,0,0,40000.0,18558.839844,6672.345215,6007.893066,5549.825195,5767.100098,40000.0,33454.390625,20553.044922,7343.483398,7598.418945,10717.411133,34269.46875,11674.081055,5142.147461,4809.662598,6802.950195,11312.012695,40000.0,40000.0,40000.0,9044.423828,40000.0,19347.496094,2492.467285,26057.761213,59719.468612,21147.220956,0,true,true,1.0,-34.5586,0,0.0,0.0,1.0
16,8925,22.6,45903.470646,88401.46672,17745.649074,108754.844442,40513.7476,-4051.875272,486.581628,-109.281861,-2.048742,0.137138,177.863602,0.0,0.0,1.0,0.0,0.0,0.419958,0,0,0,0,0,0,0,0,0,0,0,0,0,0,0,40000.0,18393.552734,6479.538574,5870.364746,5447.187988,5691.579102,40000.0,32744.876953,21056.775391,7518.323242,7864.028809,20761.939453,40000.0,10813.269531,4874.237305,5736.213867,7860.970215,12805.082031,40000.0,40000.0,9940.682617,9089.347656,40000.0,19068.947266,2486.252441,27093.722533,59194.557134,21086.258058,0,true,true,1.0,-34.5486,0,0.0,0.0,1.0
16,8926,22.65,46116.818763,-96718.285482,17720.948494,-88675.792936,40519.028549,-4068.654925,459.980258,-98.215845,-2.044261,0.318365,179.083893,0.0,0.0,1.0,0.0,0.069993,0.139986,0,0,0,0,0,0,0,0,0,0,0,0,0,0,0,40000.0,18354.222656,6297.289551,5741.639648,5353.179199,5625.786621,40000.0,31872.775391,21652.263672,7644.662598,8143.374023,20928.294922,40000.0,9493.02832,4627.885742,5746.930176,8542.744141,40000.0,40000.0,40000.0,8705.165039,9115.068359,40000.0,18814.154297,2480.971436,28190.879544,58622.415,21024.973853,0,true,true,1.0,-34.5386,0,0.0,0.0,1.0
16,8927,22.7,46283.535925,88234.749557,17702.784008,108773.008928,40522.862657,-4074.868324,435.352175,-90.727077,-2.038125,0.47253,-179.975067,0.0,0.0,1.0,0.0,0.139187,0.41756,0,0,0,0,0,0,0,0,0,0,0,0,0,0,0,40000.0,18377.908203,6159.223145,5642.984863,5280.253418,5574.180664,40000.0,31262.095703,22145.574219,7743.022461,8369.727539,21064.75,40000.0,8830.40332,4858.719238,6478.054199,8445.730469,40000.0,40000.0,40000.0,7980.225098,9162.618164,19624.902344,18634.375,2477.137451,29032.316343,58167.208977,20968.790904,0,true,true,1.0,-34.5286,0,0.0,0.0,1.0
16,8928,22.75,46500.515455,-96935.265012,17680.812996,-88653.821924,40527.40972,-4076.242487,398.51139,-81.892613,-2.024502,0.701532,-178.596176,0.0,0.0,1.0,0.0,0.0,0.501341,0,0,0,0,0,0,0,0,0,0,0,0,0,0,0,40000.0,18327.394531,5976.461914,5513.960449,5208.551758,5512.48291,40000.0,30459.861328,38744.855469,7836.830078,8705.469727,21246.841797,40000.0,8177.166992,5179.953125,6587.822266,9250.604492,40000.0,40000.0,40000.0,7990.647949,40000.0,19250.226562,40000.0,2472.590332,30280.23368,57474.835849,20881.010509,0,true,true,1.0,-34.5186,0,0.0,0.0,1.0
16,8929,22.8,46735.700905,87999.564108,17659.433953,108794.387971,40531.820992,-4078.373934,353.326765,-71.51372,-2.003631,0.927935,-177.089828,0.0,0.0,1.0,0.0,0.069993,0.443333,0,0,0,0,0,0,0,0,0,0,0,0,0,0,0,40000.0,18343.173828,5784.058105,5376.757324,5166.78125,5446.343262,40000.0,29666.177734,38625.179688,7935.043945,9095.953125,21457.201172,40000.0,7593.944824,5543.444336,7493.458984,10145.931641,40000.0,40000.0,40000.0,8038.095215,40000.0,18856.78125,40000.0,2468.178955,31616.770324,56688.087796,20793.515324,0,true,true,1.0,-34.5086,0,0.0,0.0,1.0
16,8930,22.85,46895.625733,-97095.18984,17646.4627,-88640.850671,40534.416812,-4084.130483,319.658832,-63.131087,-1.98292,1.083421,-175.89357,0.0,0.0,1.0,0.0,-0.559944,0.103868,0,0,0,0,0,0,0,0,0,0,0,0,0,0,0,40000.0,18397.394531,5649.747559,5282.973633,5130.848145,5408.275879,40000.0,20236.869141,38526.570312,7969.793457,9413.767578,21607.472656,40000.0,6961.487793,6280.134277,7412.874023,10930.688477,40000.0,40000.0,40000.0,8061.36084,40000.0,18585.824219,40000.0,2465.583252,32680.493306,56037.324109,20733.977381,0,true,true,1.0,-34.4986,0,0.0,0.0,1.0
16,8931,22.9,47106.2656,87788.92424,17631.549211,108809.301461,40537.380758,-4080.574773,270.131776,-54.44407,-1.956623,1.092339,-174.522781,0.0,0.0,1.0,0.0,0.0,0.0,0,0,0,0,0,0,0,0,0,0,0,0,0,0,0,40000.0,18438.230469,5484.96582,5163.235352,5094.819336,5349.63623,40000.0,19729.619141,38171.199219,8054.13623,9813.982422,21812.912109,40000.0,6193.709473,6640.567871,8462.540039,12450.637695,40000.0,40000.0,40000.0,8095.150879,40000.0,18260.259766,40000.0,2462.619141,33788.980393,55275.168539,20762.20132,0,true,true,1.0,-34.4886,0,0.0,0.0,1.0
16,8932,22.95,47325.813072,-97314.737312,17618.830482,-88628.131942,40539.986616,-4084.040503,216.178377,-44.449694,-1.93781,1.084984,-173.537262,0.0,0.0,1.0,0.0,0.0,0.0,0,0,0,0,0,0,0,0,0,0,0,0,0,0,0,40000.0,18448.089844,5331.496582,5042.672363,5077.60791,5268.062988,40000.0,19738.685547,38189.835938,8218.479492,10149.216797,22037.746094,38172.640625,5874.832031,6594.814453,8989.527344,13154.869141,40000.0,40000.0,8417.399414,8114.471191,40000.0,17966.056641,40000.0,2460.013428,34502.310705,54724.085698,20792.140006,0,true,true,1.0,-34.4786,0,0.0,0.0,1.0
16,8933,23.0,47541.277789,87573.459523,17609.201988,108818.929955,40542.071688,-4087.940983,162.582337,-35.139304,-1.924441,1.079521,-172.831879,0.0,0.0,1.0,0.0,0.0,0.0,0,0,0,0,0,0,0,0,0,0,0,0,0,0,0,40000.0,18294.154297,5189.658203,4925.130859,5011.226074,5173.828125,40000.0,19805.662109,38256.089844,8421.584961,10423.170898,36177.125,37525.328125,5902.519531,7335.981934,9083.155273,13859.960938,40000.0,40000.0,7353.523926,8084.939453,40000.0,17701.589844,40000.0,2457.928223,34949.615111,54332.291062,20814.812988,0,true,true,1.0,-34.4686,0,0.0,0.0,1.0
16,8934,23.05,47717.67217,-97491.131694,17603.444038,-88622.373992,40543.507825,-4074.412558,118.590258,-31.711701,-1.917054,1.076417,-172.440201,0.0,0.0,1.0,0.0,0.0,0.0,0,0,0,0,0,0,0,0,0,0,0,0,0,0,0,40000.0,18171.001953,5078.611816,4828.758789,4922.05957,5086.125488,40000.0,19889.664062,38339.914062,8617.504883,10601.688477,36386.765625,37474.011719,6109.078125,7591.075684,9239.90625,40000.0,40000.0,40000.0,7327.748535,8073.203125,40000.0,17499.640625,40000.0,2456.492188,35139.902597,54121.41588,20828.517716,0,true,true,1.0,-34.4586,0,0.0,0.0,1.0
16,8935,23.1,47960.742826,87330.388868,17598.561316,108823.812676,40545.112074,-4082.369045,60.851248,-21.583606,-1.910086,1.073432,-172.069427,0.0,0.0,1.0,0.0,0.0,0.0,0,0,0,0,0,0,0,0,0,0,0,0,0,0,0,40000.0,17962.197266,4928.818359,4694.606445,4793.51709,4954.326172,40000.0,20030.013672,38479.816406,8914.180664,10801.563477,36499.09375,25805.023438,6387.962891,7626.216309,10014.322266,40000.0,40000.0,40000.0,7290.858398,8048.373535,40000.0,17233.839844,40000.0,2454.887939,35243.449506,53931.692626,20842.815845,0,true,true,1.0,-34.4486,0,0.0,0.0,1.0
16,8936,23.15,48166.173999,-97696.562867,17596.974909,-88620.787585,40545.977081,-4084.713387,14.217872,-14.555657,-1.90506,1.071245,-171.801208,0.0,0.0,1.0,0.0,0.0,0.0,0,0,0,0,0,0,0,0,0,0,0,0,0,0,0,40000.0,17775.025391,4801.841797,4579.519531,4681.806152,4838.121582,5808.597168,20213.494141,38603.613281,9170.741211,10956.425781,36606.433594,25732.548828,6623.14209,7751.933105,10119.362305,40000.0,40000.0,40000.0,7286.718262,40000.0,40000.0,17013.273438,40000.0,2454.022949,35288.196975,53797.286149,20853.315409,0,true,true,1.0,-34.4386,0,0.0,0.0,1.0
16,8937,23.2,48327.125537,87169.43733,17597.342538,108823.445047,40546.464812,-4081.83026,-20.852302,-10.442337,-1.902237,1.070004,-171.650269,0.0,0.0,1.0,0.0,0.0,0.0,0,0,0,0,0,0,0,0,0,0,0,0,0,0,0,40000.0,17614.507812,4702.864258,4488.333008,4591.785156,4742.685059,5703.783691,20332.367188,38708.109375,9381.456055,11059.334961,36716.003906,25727.998047,6805.189941,8437.430664,11034.427734,40000.0,40000.0,40000.0,7263.283203,40000.0,40000.0,16844.505859,40000.0,2453.535156,35268.111965,53727.346944,20859.873788,0,true,true,1.0,-34.4286,0,0.0,0.0,1.0
16,8938,23.25,48546.526128,-97915.963458,17600.004229,-88623.449276,40546.864842,-4073.091373,-66.208556,-6.375211,-1.899403,1.068749,-171.498566,0.0,0.0,1.0,0.0,0.0,0.0,0,0,0,0,0,0,0,0,0,0,0,0,0,0,0,40000.0,17383.103516,4567.723145,4362.485352,4466.166504,4689.118164,5547.543457,20630.669922,38856.773438,9677.722656,11181.201172,36888.722656,14863.074219,7051.26709,8733.439453,10976.522461,40000.0,40000.0,40000.0,7225.505371,40000.0,40000.0,16618.162109,40000.0,2453.135254,35190.469967,53663.811438,20867.216582,0,true,true,1.0,-34.4186,0,0.0,0.0,1.0
16,8939,23.3,48759.34364,86956.619818,17604.825153,108818.624123,40546.944566,-4079.394198,-107.726445,0.564197,-1.897379,1.067846,-171.39003,0.0,0.0,1.0,0.0,0.0,0.0,0,0,0,0,0,0,0,0,0,0,0,0,0,0,0,40000.0,17149.759766,4424.981934,4238.728027,4341.675781,4694.442871,5390.08252,21087.107422,39004.8125,9971.707031,11284.841797,37073.074219,14687.519531,7288.458496,9017.049805,11223.563477,40000.0,40000.0,40000.0,7196.161133,40000.0,40000.0,16401.347656,40000.0,2453.05542,35079.231338,53624.32619,20873.099071,0,true,true,1.0,-34.4086,0,0.0,0.0,1.0
16,8940,23.35,48967.477404,-98124.097222,17611.54281,-88630.166933,40546.7572,-4080.623694,-145.762712,5.826359,-1.895276,1.082821,-171.277359,0.0,0.0,1.0,0.0,0.279178,0.465296,0,0,0,0,0,0,0,0,0,0,0,0,0,0,0,40000.0,16943.529297,4428.200684,4116.071289,4218.23584,4650.595215,5232.538086,29278.578125,39147.664062,10257.421875,11385.272461,37251.652344,14724.574219,7521.25,8888.297852,12200.883789,40000.0,40000.0,40000.0,7169.730957,40000.0,40000.0,16189.65918,40000.0,2453.24292,34982.370698,53580.027554,20869.089485,0,true,true,1.0,-34.3986,0,0.0,0.0,1.0
16,8941,23.4,49193.690863,86730.406359,17620.991193,108809.17574,40546.347385,-4065.831235,-184.360887,7.611552,-1.889177,1.154832,-170.963654,0.0,0.0,1.0,0.0,0.0,0.589549,0,0,0,0,0,0,0,0,0,0,0,0,0,0,0,40000.0,16732.179688,4399.573242,3980.63916,4085.375732,4511.531738,5074.904297,29409.207031,39276.941406,10528.382812,11550.830078,37355.3125,14965.730469,7786.187988,9626.282227,12058.000977,40000.0,40000.0,6914.010254,7155.71875,40000.0,40000.0,15951.328125,40000.0,2453.652588,35074.779984,53412.633149,20834.531679,0,true,true,1.0,-34.3886,0,0.0,0.0,1.0
16,8942,23.45,49350.328017,-98280.734376,17628.774381,-88637.950121,40545.859582,-4076.802444,-211.414635,13.908638,-1.88215,1.210325,-170.621399,0.0,0.0,1.0,0.0,-0.069993,0.279972,0,0,0,0,0,0,0,0,0,0,0,0,0,0,0,40000.0,16606.923828,4364.933105,3885.716553,3994.293945,4418.910156,4973.734863,29431.488281,39350.261719,10689.124023,11704.993164,37548.933594,14169.464844,8405.123047,9874.091797,13042.326172,40000.0,40000.0,6894.387207,7131.763672,40000.0,17089.585938,15781.397461,40000.0,2454.140381,35254.94545,53219.086608,20809.523774,0,true,true,1.0,-34.3786,0,0.0,0.0,1.0
16,8943,23.5,49563.782033,86516.952343,17641.028228,108796.921893,40544.994127,-4070.618167,-247.274822,17.568703,-1.869553,1.25913,-170.037231,0.0,0.0,1.0,0.0,-0.142417,0.522196,0,0,0,0,0,0,0,0,0,0,0,0,0,0,0,40000.0,16479.578125,4304.300781,3755.08374,3870.507812,4295.284668,4841.97998,29392.458984,39436.480469,10881.835938,11956.581055,37845.011719,13559.981445,8678.569336,9933.15625,12962.818359,40000.0,40000.0,6869.73584,7115.031738,40000.0,16785.894531,15541.371094,40000.0,2455.005859,35595.204375,52881.079624,20794.12561,0,true,true,1.0,-34.3686,0,0.0,0.0,1.0
16,8944,23.55,49772.445612,-98489.397955,17654.858764,-88651.780657,40543.899321,-4076.437208,-283.87323,23.911175,-1.85243,1.260213,-169.261978,0.0,0.0,1.0,0.0,-0.045015,0.450151,0,0,0,0,0,0,0,0,0,0,0,0,0,0,0,40000.0,16460.421875,4224.277832,3626.112793,3751.13916,4180.134277,4725.512207,29237.328125,39499.628906,11026.487305,12279.978516,38173.238281,12178.876953,8964.080078,10186.175781,13738.851562,40000.0,40000.0,6873.338867,7118.891113,40000.0,16473.865234,15306.291992,40000.0,2456.100586,36090.625207,52420.398318,20811.963936,0,true,true,1.0,-34.3586,0,0.0,0.0,1.0
16,8945,23.6,49989.746682,86299.651273,17671.30471,108780.475947,40542.558789,-4067.760474,-322.838882,26.749425,-1.831399,1.236206,-168.302612,0.0,0.0,1.0,0.0,-0.041941,0.503289,0,0,0,0,0,0,0,0,0,0,0,0,0,0,0,40000.0,16361.017578,4127.530273,3490.940918,3627.564209,4063.517334,4683.225098,21537.972656,40000.0,11145.548828,12688.392578,38551.941406,11550.574219,8894.610352,11066.788086,14477.697266,40000.0,40000.0,6848.69043,40000.0,40000.0,16133.018555,15271.512695,40000.0,2457.441162,36725.884,51837.893525,20849.451969,0,true,true,1.0,-34.3486,0,0.0,0.0,1.0
16,8946,23.65,50202.123364,-98701.774637,17689.498982,-88669.974929,40541.025794,-4064.234021,-363.936984,30.43412,-1.807396,1.177636,-167.178391,0.0,0.0,1.0,0.0,-0.227974,0.501543,0,0,0,0,0,0,0,0,0,0,0,0,0,0,0,14458.574219,16389.783203,4018.753662,3358.271973,3508.221191,3954.259521,4691.195801,21172.611328,40000.0,11225.942383,13186.704102,40000.0,10204.236328,9610.548828,11549.897461,15097.517578,40000.0,40000.0,6835.63623,40000.0,40000.0,15789.143555,18907.066406,40000.0,2458.974121,37488.052641,51138.79133,20912.818573,0,true,true,1.0,-34.3386,0,0.0,0.0,1.0
16,8947,23.7,50360.35855,86141.416087,17704.518688,108765.45624,40539.768894,-4062.004623,-396.695343,32.989383,-1.788616,1.091621,-166.246536,0.0,0.0,1.0,0.0,-0.069993,0.349965,0,0,0,0,0,0,0,0,0,0,0,0,0,0,0,14211.212891,16467.914062,3932.0979,3259.145996,3419.728516,3874.735107,4698.219727,21086.388672,40000.0,11269.475586,13623.265625,40000.0,9424.183594,9872.897461,11722.413086,40000.0,40000.0,40000.0,6835.945312,40000.0,40000.0,15530.991211,40000.0,40000.0,2460.231201,38112.435821,50547.884911,20990.291582,0,true,true,1.0,-34.3286,0,0.0,0.0,1.0
16,8948,23.75,50582.426818,-98923.842905,17727.886107,-88693.342347,40537.917373,-4054.54065,-445.496292,34.983049,-1.764904,0.961855,-164.949661,0.0,0.0,1.0,0.0,0.0,0.209979,0,0,0,0,0,0,0,0,0,0,0,0,0,0,0,13845.775391,16465.833984,19434.457031,3119.299072,3293.304443,3759.23291,4707.767578,6485.665039,40000.0,11335.874023,14278.904297,40000.0,8810.280273,9830.00293,12517.186523,40000.0,40000.0,6880.80127,6807.656738,40000.0,40000.0,15182.126953,40000.0,40000.0,2462.08252,38959.570787,49711.342833,21106.077855,0,true,true,1.0,-34.3186,0,0.0,0.0,1.0
16,8949,23.8,50793.276712,85930.566193,17752.685875,108740.656472,40536.033256,-4048.833357,-495.475925,36.678339,-1.743647,0.839145,-163.625565,0.0,0.0,1.0,0.0,0.0,0.279972,0,0,0,0,0,0,0,0,0,0,0,0,0,0,0,13588.711914,40000.0,18705.658203,2971.541504,3172.623047,3649.626221,4669.958496,6497.089844,40000.0,11386.6875,15009.916992,40000.0,9084.768555,10636.998047,12578.598633,40000.0,40000.0,6868.378906,6811.785156,40000.0,40000.0,14856.026367,40000.0,40000.0,2463.966797,39824.468461,48837.164499,21219.048848,0,true,true,1.0,-34.3086,0,0.0,0.0,1.0
16,8950,23.85,51002.36726,-99132.933453,17779.997747,-88720.65422,40534.112321,-4040.940919,-548.297743,37.441966,-1.724189,0.734406,-162.233658,0.0,0.0,1.0,0.0,0.160978,0.402445,0,0,0,0,0,0,0,0,0,0,0,0,0,0,0,13490.850586,40000.0,18208.404297,2920.57373,3051.854248,3540.14209,4586.491211,6508.482422,40000.0,11428.996094,15858.944336,40000.0,9369.775391,10635.308594,13301.288086,40000.0,40000.0,6830.10791,40000.0,40000.0,40000.0,14539.992188,40000.0,40000.0,2465.887695,40733.772026,47896.529136,21322.410266,0,true,true,1.0,-34.2986,0,0.0,0.0,1.0
16,8951,23.9,51219.339612,85713.593841,17811.432014,108709.222205,40532.13029,-4030.734543,-606.663881,37.624865,-1.705336,0.663252,-160.715332,0.0,0.0,1.0,0.0,0.0,0.349965,0,0,0,0,0,0,0,0,0,0,0,0,0,0,0,13474.491211,40000.0,18253.099609,2854.519043,2924.816895,3424.756104,4500.760742,6540.38623,40000.0,11467.59668,25831.771484,40000.0,9680.386719,11501.612305,14093.359375,40000.0,40000.0,6803.644531,40000.0,40000.0,40000.0,14221.705078,40000.0,40000.0,2467.869629,41727.535544,46844.981827,21406.038065,0,true,true,1.0,-34.2886,0,0.0,0.0,1.0
16,8952,23.95,51374.1416,-99287.73544,17835.890035,-88745.11224,40530.692712,-4023.580607,-651.037219,37.864443,-1.691483,0.61548,-159.500443,0.0,0.0,1.0,0.0,-0.069993,0.462468,0,0,0,0,0,0,0,0,0,0,0,0,0,0,0,13541.710938,40000.0,18321.632812,2804.085938,2834.80957,3345.074707,4449.219727,6604.62207,40000.0,11480.073242,25980.011719,40000.0,10333.197266,11431.81543,15110.829102,40000.0,40000.0,6794.810059,40000.0,40000.0,15461.075195,13996.189453,40000.0,40000.0,2469.307373,42524.846594,45982.75723,21467.25986,0,true,true,1.0,-34.2786,0,0.0,0.0,1.0
16,8953,24.0,51581.889342,85505.846098,17871.595429,108673.516812,40528.785239,-4004.249275,-713.011741,35.965903,-1.673742,0.538244,-157.786087,0.0,0.0,1.0,0.0,-0.069993,0.448101,0,0,0,0,0,0,0,0,0,0,0,0,0,0,0,13591.030273,40000.0,18928.111328,2734.960693,2712.494873,3237.064941,4383.508789,6729.961914,33685.0625,11493.385742,26193.447266,40000.0,10675.638672,12374.092773,15574.050781,40000.0,7083.258301,6756.723145,40000.0,40000.0,15008.489258,13698.146484,40000.0,40000.0,2471.214844,43625.332462,44738.340815,21562.453799,0,true,true,1.0,-34.2686,0,0.0,0.0,1.0
16,8954,24.05,51808.860508,-99514.706606,17914.728781,-88788.245592,40526.828313,-3973.83111,-784.197006,31.874441,-1.657202,0.456394,-155.943161,0.0,0.0,1.0,0.0,-0.069993,0.626325,0,0,0,0,0,0,0,0,0,0,0,0,0,0,0,13656.952148,24672.505859,18625.587891,2660.567627,2572.911377,3109.563232,4299.289062,6878.880371,32238.390625,12020.226562,40000.0,15944.112305,10661.21875,12975.773438,16428.304688,40000.0,7044.65918,6753.8125,40000.0,40000.0,14542.666016,16243.182617,40000.0,40000.0,2473.171631,44763.186772,43368.484862,21665.856867,0,true,true,1.0,-34.2586,0,0.0,0.0,1.0
16,8955,24.1,51987.448888,85327.257719,17951.896313,108636.349279,40525.382787,-3969.440168,-847.16224,33.700027,-1.645551,0.385962,-154.428268,0.0,0.0,1.0,0.0,-0.042982,0.601749,0,0,0,0,0,0,0,0,0,0,0,0,0,0,0,13731.37207,23346.671875,5611.837402,2600.701904,2460.098633,3005.658936,4232.817383,7044.61377,32841.203125,12538.759766,40000.0,14372.079102,11398.463867,13008.788086,40000.0,40000.0,6994.4375,40000.0,40000.0,40000.0,14190.050781,40000.0,40000.0,40000.0,2474.617188,45671.716581,42216.005857,21754.929652,0,true,true,1.0,-34.2486,0,0.0,0.0,1.0
16,8956,24.15,52192.148684,-99719.406402,17998.096136,-88834.445415,40523.654171,-3951.188112,-921.696292,32.901348,-1.632387,0.290512,-152.312424,0.0,0.0,1.0,0.0,0.0,0.483622,0,0,0,0,0,0,0,0,0,0,0,0,0,0,0,13864.382812,21654.359375,5426.582031,2525.780029,2377.739014,2898.228027,4197.535645,40000.0,14055.334961,13351.59082,40000.0,11547.048828,11443.604492,13723.318359,40000.0,40000.0,6944.506836,40000.0,40000.0,40000.0,13772.814453,40000.0,40000.0,40000.0,2476.345947,46934.525326,40559.020344,21879.462592,0,true,true,1.0,-34.2386,0,0.0,0.0,1.0
16,8957,24.2,52405.820138,85113.586265,18050.928256,108583.517159,40521.979454,-3917.426304,-1002.43007,29.012752,-1.622092,0.209537,-150.094238,0.0,0.0,1.0,0.0,0.0,0.550362,0,0,0,0,0,0,0,0,0,0,0,0,0,0,0,14085.924805,20022.623047,5235.847656,2448.359375,2329.558105,2775.811035,4154.441895,40000.0,13850.658203,14338.845703,40000.0,10688.852539,11995.532227,14518.625977,40000.0,7484.018066,6888.566406,40000.0,40000.0,40000.0,13369.74707,40000.0,40000.0,12133.980469,2478.020508,48200.355061,38776.260657,21997.032891,0,true,true,1.0,-34.2286,0,0.0,0.0,1.0
16,8958,24.25,52605.642191,-99919.228456,18104.90114,-88888.418299,40520.474617,-3895.010925,-1086.223727,28.451354,-1.614491,0.135481,-147.811081,0.0,0.0,1.0,0.0,-0.069993,0.349965,0,0,0,0,0,0,0,0,0,0,0,0,0,0,0,14417.760742,19373.671875,5056.535156,2373.817383,2283.116699,2660.989746,4138.199219,40000.0,13649.94043,15540.499023,40000.0,11016.957031,12862.025391,15957.708984,40000.0,7400.995605,6865.315918,40000.0,40000.0,14626.859375,13007.042969,40000.0,40000.0,11746.854492,2479.525391,49453.762597,36889.373138,22113.04188,0,true,true,1.0,-34.2186,0,0.0,0.0,1.0
16,8959,24.3,52755.176354,84964.052102,18148.43439,108539.983909,40519.42435,-3869.566268,-1150.667678,26.423605,-1.610759,0.074509,-146.079697,0.0,0.0,1.0,0.0,0.0,0.279972,0,0,0,0,0,0,0,0,0,0,0,0,0,0,0,40000.0,17718.119141,4928.38623,2318.10376,2247.691162,2567.266357,4125.833496,40000.0,13518.629883,16610.015625,40000.0,11280.915039,13292.420898,16720.203125,40000.0,7323.799316,40000.0,40000.0,40000.0,14213.175781,12748.769531,40000.0,40000.0,11751.643555,2480.575684,50353.473021,35428.170046,22206.875335,0,true,true,1.0,-34.2086,0,0.0,0.0,1.0
16,8960,24.35,52948.12892,-100112.181022,18208.867525,-88948.851433,40518.154835,-3837.379203,-1239.269228,24.772734,-1.608618,-0.002812,-143.773041,0.0,0.0,1.0,0.0,0.0,0.209979,0,0,0,0,0,0,0,0,0,0,0,0,0,0,0,40000.0,16659.679688,4767.931152,2302.836426,2200.811768,2436.449951,4116.941406,40000.0,13364.75,27468.40625,40000.0,12067.87793,13447.208984,17219.550781,40000.0,7246.327637,40000.0,40000.0,40000.0,13703.244141,15171.702148,40000.0,40000.0,11904.733398,2481.845215,51490.202781,33441.69002,22330.70754,0,true,true,1.0,-34.1986,0,0.0,0.0,1.0
16,8961,24.4,53156.88572,84755.295302,18280.155737,108468.695696,40516.990738,-3787.670879,-1336.517749,20.268844,-1.609488,-0.072885,-141.471558,0.0,0.0,1.0,0.0,0.0,0.279972,0,0,0,0,0,0,0,0,0,0,0,0,0,0,0,40000.0,16726.675781,4610.654297,2410.873291,2147.286865,2281.101318,4052.426514,35573.96875,13262.570312,27705.451172,19392.832031,12491.881836,14123.856445,40000.0,40000.0,7171.425781,40000.0,40000.0,40000.0,13221.844727,40000.0,40000.0,40000.0,11987.214844,2483.009277,52529.703124,31424.635349,22450.059408,0,true,true,1.0,-34.1886,0,0.0,0.0,1.0
16,8962,24.45,53348.971452,-100304.266754,18351.462576,-89020.158272,40516.013861,-3741.597234,-1431.209109,17.152247,-1.613051,-0.130159,-139.16629,0.0,0.0,1.0,0.0,0.069993,0.279972,0,0,0,0,0,0,0,0,0,0,0,0,0,0,0,23012.566406,17502.058594,4465.287109,2479.224121,2095.925537,2251.75,4013.292236,33638.699219,13166.931641,40000.0,15812.918945,12572.817383,14846.47168,40000.0,7913.847656,7132.161621,40000.0,40000.0,40000.0,12796.707031,40000.0,40000.0,40000.0,12133.125977,2483.986084,53510.018524,29360.970369,22560.081115,0,true,true,1.0,-34.1786,0,0.0,0.0,1.0
16,8963,24.5,53545.360249,84558.906505,18430.555084,108389.603188,40515.192508,-3692.769958,-1532.888132,14.84692,-1.618373,-0.145181,-136.832428,0.0,0.0,1.0,0.0,0.0,0.349965,0,0,0,0,0,0,0,0,0,0,0,0,0,0,0,21139.273438,17837.652344,4322.936035,2538.825195,2039.931274,2217.325195,3936.570557,34025.714844,13255.698242,40000.0,13568.912109,13421.306641,16168.261719,40000.0,7815.69873,8999.569336,40000.0,40000.0,14269.644531,12400.957031,40000.0,40000.0,11008.147461,12392.878906,2484.807373,54431.423883,27235.991157,22633.014388,0,true,true,1.0,-34.1686,0,0.0,0.0,1.0
16,8964,24.55,53697.98174,-100456.888245,18496.647776,-89086.250965,40514.684129,-3647.869216,-1612.871773,12.34755,-1.622579,-0.139903,-135.050156,0.0,0.0,1.0,0.0,0.0,0.349965,0,0,0,0,0,0,0,0,0,0,0,0,0,0,0,20263.699219,17613.958984,4216.00293,2580.306152,1993.24231,2186.46167,3828.933105,34757.488281,13986.645508,40000.0,12029.235352,13826.650391,16354.419922,40000.0,7741.917969,40000.0,40000.0,40000.0,13806.935547,12113.698242,40000.0,40000.0,10673.686523,12569.757812,2485.315918,55079.371042,25591.652685,22673.69403,0,true,true,1.0,-34.1586,0,0.0,0.0,1.0
16,8965,24.6,53884.884659,84372.003587,18583.38136,108302.869605,40514.126042,-3586.842476,-1712.922965,9.224886,-1.627901,-0.129765,-132.665833,0.0,0.0,1.0,0.0,0.0,0.209979,0,0,0,0,0,0,0,0,0,0,0,0,0,0,0,18588.972656,18057.871094,4083.344238,2611.387207,1983.448364,2147.85791,3697.448486,40000.0,15135.62793,40000.0,12366.180664,13953.189453,17877.287109,40000.0,7666.111816,40000.0,40000.0,40000.0,13248.924805,12487.199219,40000.0,40000.0,10416.708008,12802.59375,2485.874023,55882.863582,23357.684003,22726.368723,0,true,true,1.0,-34.1486,0,0.0,0.0,1.0
16,8966,24.65,54070.113561,-100642.117148,18676.193956,-89179.063561,40513.699479,-3526.429211,-1817.933211,7.981317,-1.632668,-0.113466,-130.321213,0.0,0.0,1.0,0.0,0.0,0.069993,0,0,0,0,0,0,0,0,0,0,0,0,0,0,0,17826.667969,19116.773438,3955.080811,2638.009033,2047.987671,2102.990234,3414.835205,15134.166016,16498.908203,40000.0,13142.124023,14588.592773,18397.332031,8706.923828,7581.282715,40000.0,40000.0,40000.0,12749.139648,15081.207031,40000.0,40000.0,10463.023438,13313.96875,2486.300537,56580.823993,21133.90241,22772.90225,0,true,true,1.0,-34.1386,0,0.0,0.0,1.0
16,8967,24.7,54259.918773,84182.198375,18778.992603,108200.070958,40513.411293,-3451.781069,-1924.640531,5.174102,-1.636482,-0.085321,-128.038681,0.0,0.0,1.0,0.0,0.0,0.139986,0,0,0,0,0,0,0,0,0,0,0,0,0,0,0,16060.955078,19689.175781,3826.764404,2666.859131,2111.456787,2046.278687,2566.241699,14953.438477,18116.226562,40000.0,13542.567383,15288.875,40000.0,8585.294922,8410.161133,40000.0,40000.0,40000.0,12296.369141,40000.0,40000.0,40000.0,10555.277344,40000.0,2486.588623,57164.96777,18950.133945,22806.684982,0,true,true,1.0,-34.1286,0,0.0,0.0,1.0
16,8968,24.75,54437.691481,-100819.889856,18882.794535,-89282.865493,40513.200654,-3380.43243,-2028.579938,4.002977,-1.639012,-0.051103,-125.829399,0.0,0.0,1.0,0.0,0.0,0.069993,0,0,0,0,0,0,0,0,0,0,0,0,0,0,0,15164.280273,20076.109375,3705.54541,2685.54248,2164.219971,1985.890869,2554.467041,14803.935547,28890.064453,31830.230469,13956.663086,16005.314453,40000.0,8460.398438,10367.634766,40000.0,40000.0,14036.102539,11900.75293,40000.0,40000.0,40000.0,10674.711914,40000.0,2486.799316,57653.271429,16815.789114,22833.003619,0,true,true,1.0,-34.1186,0,0.0,0.0,1.0
16,8969,24.8,54573.518563,84046.371293,18967.439926,108115.425568,40513.116245,-3314.913423,-2104.699904,1.285824,-1.639952,-0.019312,-124.219543,0.0,0.0,1.0,0.0,0.0,0.069993,0,0,0,0,0,0,0,0,0,0,0,0,0,0,0,15244.803711,20676.871094,3612.895264,2700.88208,2203.274902,1974.089478,2520.321045,14722.600586,29077.3125,19540.921875,13962.015625,16937.0,40000.0,8393.594727,40000.0,40000.0,40000.0,13581.026367,11621.992188,40000.0,40000.0,10016.811523,10771.383789,22474.230469,2486.883789,57950.928671,15253.949045,22845.460392,0,true,true,1.0,-34.1086,0,0.0,0.0,1.0
16,8970,24.85,54753.039267,-100999.41056,19086.919948,-89402.345515,40513.082081,-3236.839214,-2214.858573,1.890877,-1.639785,0.02459,-122.132332,0.0,0.0,1.0,0.0,0.0,0.139986,0,0,0,0,0,0,0,0,0,0,0,0,0,0,0,15447.443359,21046.210938,3488.417236,2718.99707,2251.620605,2039.975708,2458.651367,14644.207031,40000.0,16546.394531,14750.958008,17733.230469,40000.0,8308.666992,40000.0,40000.0,40000.0,13025.401367,11761.09082,40000.0,40000.0,9579.756836,10915.244141,21490.488281,2486.917969,58265.148975,13221.334773,22859.100945,0,true,true,1.0,-34.0986,0,0.0,0.0,1.0
16,8971,24.9,54924.274415,83875.136145,19209.489671,107992.855845,40513.076294,-3148.005676,-2314.496089,0.124334,-1.638087,0.06407,-120.090118,0.0,0.0,1.0,0.0,0.0,0.209979,0,0,0,0,0,0,0,0,0,0,0,0,0,0,0,15792.621094,5175.169434,3365.961426,2729.898438,2292.381592,2099.014648,2384.383301,14585.438477,40000.0,15094.927734,15235.963867,18267.150391,40000.0,8266.432617,40000.0,40000.0,40000.0,12532.291016,14038.875,40000.0,40000.0,9214.760742,11149.087891,19638.652344,2486.923584,58499.886843,11223.07326,22876.198785,0,true,true,1.0,-34.0886,0,0.0,0.0,1.0
16,8972,24.95,55051.58615,-101126.722295,19306.533754,-89499.389598,40513.106411,-3080.091273,-2390.259647,-0.473607,-1.63597,0.090843,-118.577568,0.0,0.0,1.0,0.0,0.0,0.139986,0,0,0,0,0,0,0,0,0,0,0,0,0,0,0,16427.429688,4954.007324,3272.126221,2735.669434,2320.07251,2140.740723,2314.151611,14556.979492,40000.0,13566.232422,15621.147461,18945.251953,9663.536133,8753.030273,40000.0,40000.0,40000.0,12193.0625,15056.896484,40000.0,40000.0,9172.230469,11296.683594,18914.632812,2486.893555,58623.080354,9740.280793,22891.441878,0,true,true,1.0,-34.0786,0,0.0,0.0,1.0
16,8973,25.0,55219.535769,83707.186526,19442.922727,107856.466871,40513.188802,-2976.201581,-2483.036481,-3.960189,-1.632122,0.126476,-116.5952,0.0,0.0,1.0,0.0,0.0,0.209979,0,0,0,0,0,0,0,0,0,0,0,0,0,0,0,16730.578125,4700.947754,3143.686035,2740.357422,2353.224609,2192.875977,2181.923096,14539.318359,40000.0,13849.015625,16163.200195,19664.533203,9573.033203,10032.754883,40000.0,40000.0,40000.0,11778.62207,40000.0,40000.0,40000.0,9210.137695,11494.908203,17057.347656,2486.811279,58719.454899,7795.556648,22910.88848,0,true,true,1.0,-34.0686,0,0.0,0.0,1.0
16,8974,25.05,55385.543308,-101292.729835,19587.892057,-89644.358928,40513.297144,-2880.252145,-2584.720695,-3.332225,-1.627145,0.162027,-114.651138,0.0,0.0,1.0,0.0,0.0,0.139986,0,0,0,0,0,0,0,0,0,0,0,0,0,0,0,16501.898438,4483.265137,3010.173584,2741.423584,2381.962402,2240.850342,2260.981445,15297.267578,40000.0,14188.664062,16739.833984,40000.0,9475.410156,40000.0,40000.0,40000.0,13806.387695,11396.948242,40000.0,40000.0,40000.0,9261.533203,40000.0,16147.80957,2486.702881,58741.23679,5889.353676,22929.290714,0,true,true,1.0,-34.0586,0,0.0,0.0,1.0
16,8975,25.1,55523.91444,83568.815395,19717.425446,107726.933482,40513.547268,-2796.100419,-2669.754551,-2.633627,-1.622621,0.192659,-113.198944,0.0,0.0,1.0,0.0,0.0,0.279972,0,0,0,0,0,0,0,0,0,0,0,0,0,0,0,16885.541016,4343.905273,2881.273438,2744.195068,2404.712891,2278.14209,2314.037109,16065.674805,40000.0,14893.045898,16881.617188,40000.0,9439.996094,40000.0,40000.0,40000.0,13338.771484,11133.648438,40000.0,40000.0,40000.0,9297.558594,40000.0,15277.493164,2486.452637,58693.851927,4474.698766,22938.8092,0,true,true,1.0,-34.0486,0,0.0,0.0,1.0
16,8976,25.15,55634.360988,-101403.176383,19826.474981,-89753.408463,40513.586808,-2730.61172,-2741.571947,-0.392572,-1.617294,0.229191,-111.752342,0.0,0.0,1.0,0.0,0.0,0.209979,0,0,0,0,0,0,0,0,0,0,0,0,0,0,0,17638.154297,4196.503906,2861.725098,2734.963623,2416.467773,2305.125244,2357.148926,16999.291016,40000.0,15166.904297,17691.701172,40000.0,9401.49707,40000.0,40000.0,40000.0,12932.242188,11846.733398,40000.0,40000.0,8617.651367,9379.0625,40000.0,14551.980469,2486.413086,58644.165991,3053.26132,22942.152475,0,true,true,1.0,-34.0386,0,0.0,0.0,1.0
16,8977,25.2,55784.046448,83419.129935,19983.530244,107569.878219,40513.661489,-2625.27399,-2828.207194,-0.930011,-1.608723,0.29474,-109.842735,0.0,0.0,1.0,0.0,0.139986,0.209979,0,0,0,0,0,0,0,0,0,0,0,0,0,0,0,18107.101562,4018.020264,2813.741455,2721.034424,2429.746094,2338.772217,2412.830322,18445.832031,33844.917969,15153.158203,18367.246094,40000.0,9337.31543,40000.0,40000.0,40000.0,12432.330078,13712.998047,40000.0,40000.0,8222.8125,9474.1875,40000.0,13759.166992,2486.338623,58519.533979,1183.756197,22928.736048,0,true,true,1.0,-34.0286,0,0.0,0.0,1.0
16,8978,25.25,55887.358199,-101506.488134,20098.627115,-89868.505334,40513.662963,-2553.986896,-2893.539429,0.861049,-1.600531,0.378301,-108.40921,0.0,0.0,1.0,0.0,0.069993,0.139986,0,0,0,0,0,0,0,0,0,0,0,0,0,0,0,18518.177734,3888.625977,2773.529053,2706.08252,2435.180908,2359.773926,2450.906006,19779.289062,32762.427734,15859.131836,18420.71875,40000.0,9376.542969,40000.0,40000.0,40000.0,12093.672852,14381.902344,40000.0,40000.0,8085.041504,9619.989258,20111.996094,13359.693359,2486.337158,58406.33804,-220.847944,22883.626643,0,true,true,1.0,-34.0186,0,0.0,0.0,1.0
16,8979,25.3,56026.56798,83279.920154,20263.483637,107405.021697,40513.639555,-2443.076743,-2971.414984,0.496715,-1.586177,0.524204,-106.528191,0.0,0.0,1.0,0.0,0.069993,0.069993,0,0,0,0,0,0,0,0,0,0,0,0,0,0,0,19109.349609,3729.241699,2719.851318,2620.776367,2439.710205,2384.912109,2499.092285,3785.445801,21236.261719,15882.863281,19181.837891,40000.0,10304.129883,40000.0,40000.0,40000.0,11678.482422,40000.0,40000.0,40000.0,8126.275391,9725.231445,18779.392578,13502.878906,2486.360352,58207.129079,-2055.046086,22787.67207,0,true,true,1.0,-34.0086,0,0.0,0.0,1.0
16,8980,25.35,56157.702958,-101637.623112,20430.154561,-90035.176258,40513.502385,-2339.934575,-3053.867207,3.948596,-1.567503,0.692066,-104.719704,0.0,0.0,1.0,0.0,0.0,0.069993,0,0,0,0,0,0,0,0,0,0,0,0,0,0,0,19427.998047,3582.300049,2664.929688,2482.908691,2439.554443,2404.764893,2541.738525,3112.106934,19059.509766,16726.361328,19964.083984,11012.125,11389.047852,40000.0,40000.0,14228.612305,11307.913086,40000.0,40000.0,40000.0,8184.514648,9891.46875,18016.46875,14203.191406,2486.497559,57965.323806,-3810.881491,22667.739389,0,true,true,1.0,-33.9986,0,0.0,0.0,1.0
16,8981,25.4,56251.696736,83185.926376,20557.239529,107277.936729,40513.3,-2258.123263,-3107.687854,5.385133,-1.551423,0.819357,-103.473755,0.0,0.0,1.0,0.0,0.069993,0.069993,0,0,0,0,0,0,0,0,0,0,0,0,0,0,0,20243.121094,3484.152588,2625.322021,2373.104248,2436.980713,2416.049316,2569.034912,2957.949951,18334.763672,16644.669922,20650.371094,10991.37207,12315.751953,40000.0,40000.0,13799.267578,11137.553711,40000.0,40000.0,40000.0,8225.242188,10027.932617,17141.501953,14009.260742,2486.699951,57759.869588,-5011.75196,22573.591299,0,true,true,1.0,-33.9886,0,0.0,0.0,1.0
16,8982,25.45,56371.42255,-101757.348926,20729.459564,-90207.396294,40512.869255,-2151.954359,-3179.090859,8.93955,-1.531476,0.956563,-102.167717,0.0,0.0,1.0,0.0,0.0,0.0,0,0,0,0,0,0,0,0,0,0,0,0,0,0,0,20477.570312,3382.063721,2581.169189,2204.902344,2431.185059,2424.821045,2594.8396,3011.224365,17709.460938,17438.701172,21169.1875,10978.945312,40000.0,40000.0,40000.0,13350.662109,11932.131836,40000.0,40000.0,7803.956543,8196.503906,10806.269531,16240.665039,14430.300781,2487.130859,57476.829512,-6249.592521,22471.490197,0,true,true,1.0,-33.9786,0,0.0,0.0,1.0
16,8983,25.5,56489.650432,83067.698494,20912.305293,107095.091001,40512.237289,-2039.195369,-3241.474505,10.884396,-1.514872,1.056208,-101.213623,0.0,0.0,1.0,0.0,0.0,0.0,0,0,0,0,0,0,0,0,0,0,0,0,0,0,0,20222.095703,3301.779053,2542.592041,2188.544189,2421.227051,2425.500488,2607.798828,3044.080322,17113.5625,17402.117188,21742.716797,11042.374023,40000.0,40000.0,40000.0,13013.501953,13281.170898,40000.0,40000.0,7414.775391,8196.848633,40000.0,15138.859375,14444.385742,2487.762695,57191.272213,-7127.678102,22398.046681,0,true,true,1.0,-33.9686,0,0.0,0.0,1.0
16,8984,25.55,56574.32818,-101842.026674,21051.864797,-90346.955798,40511.604584,-1964.640745,-3296.990778,16.0119,-1.503584,1.123639,-100.615456,0.0,0.0,1.0,0.0,0.0,0.069993,0,0,0,0,0,0,0,0,0,0,0,0,0,0,0,20344.103516,29081.914062,2512.760986,2170.709473,2330.551758,2420.994385,2610.695801,3058.881348,17219.666016,17551.537109,40000.0,11110.888672,40000.0,40000.0,40000.0,12801.96875,13726.423828,40000.0,40000.0,7283.973633,8199.396484,40000.0,15088.486328,13985.643555,2488.395508,56980.964427,-7668.31446,22347.375626,0,true,true,1.0,-33.9586,0,0.0,0.0,1.0
16,8985,25.6,56681.415185,82960.611489,21239.69594,106907.259858,40510.547538,-1864.234486,-3357.681716,20.309226,-1.490379,1.200948,-99.959671,0.0,0.0,1.0,0.0,0.0,0.069993,0,0,0,0,0,0,0,0,0,0,0,0,0,0,0,20459.349609,28790.150391,2471.357666,2143.393311,2092.757812,2408.514404,2605.79541,3065.814941,17396.154297,18271.712891,40000.0,11225.094727,40000.0,40000.0,40000.0,12566.629883,13930.660156,40000.0,40000.0,7190.721191,8182.959961,40000.0,14047.102539,13816.564453,2489.452393,56709.155909,-8248.678948,22288.910081,0,true,true,1.0,-33.9486,0,0.0,0.0,1.0
16,8986,25.65,56757.986592,-101918.598081,21382.481738,-90489.741596,40509.59384,-1792.187462,-3400.437552,23.638271,-1.48158,1.253836,-99.546295,0.0,0.0,1.0,0.0,0.069993,0.069993,0,0,0,0,0,0,0,0,0,0,0,0,0,0,0,20500.652344,28605.818359,2438.224854,2119.855469,1995.274292,2394.549316,2596.072754,3062.481934,17527.289062,18458.744141,40000.0,11353.47168,40000.0,40000.0,40000.0,12416.089844,14461.375977,40000.0,40000.0,7212.566895,8224.805664,40000.0,14191.904297,14325.019531,2490.40625,56510.886633,-8606.89354,22248.278884,0,true,true,1.0,-33.9386,0,0.0,0.0,1.0
16,8987,25.7,56857.452331,82861.145751,21579.596123,106710.145473,40508.086883,-1698.535012,-3454.794164,28.173268,-1.472015,1.312728,-99.117188,0.0,0.0,1.0,0.0,0.0,0.0,0,0,0,0,0,0,0,0,0,0,0,0,0,0,0,20470.105469,28380.861328,2391.04541,2084.0979,1965.689697,2369.107178,2574.05835,3044.956055,17681.132812,18680.990234,40000.0,11509.787109,40000.0,40000.0,40000.0,12248.93457,40000.0,40000.0,40000.0,7130.714844,8154.193359,40000.0,13108.282227,14217.039062,2491.913086,56252.826538,-8964.136952,22202.735766,0,true,true,1.0,-33.9286,0,0.0,0.0,1.0
16,8988,25.75,56925.642172,-101986.787923,21722.875657,-90633.02113,40506.821296,-1635.855982,-3493.400924,32.016977,-1.466565,1.345056,-98.881409,0.0,0.0,1.0,0.0,0.0,0.0,0,0,0,0,0,0,0,0,0,0,0,0,0,0,0,20399.806641,28232.136719,2355.173828,2055.66626,1941.077393,2114.866211,2552.683105,3024.315918,17785.136719,18821.595703,40000.0,11633.945312,40000.0,40000.0,40000.0,12149.582031,40000.0,40000.0,40000.0,7154.044434,8137.736816,40000.0,12843.938477,14121.867188,2493.178711,56073.448578,-9150.946153,22178.09584,0,true,true,1.0,-33.9186,0,0.0,0.0,1.0
16,8989,25.8,57010.627927,82776.159996,21911.52661,106521.494521,40504.962775,-1556.915449,-3536.897613,35.880379,-1.461005,1.377201,-98.64679,0.0,0.0,1.0,0.0,0.0,0.0,0,0,0,0,0,0,0,0,0,0,0,0,0,0,0,40000.0,28050.046875,2305.570068,2015.123413,1904.9729,1930.979736,2518.463135,2988.404541,4009.861328,18984.283203,40000.0,11775.392578,40000.0,40000.0,40000.0,12034.25,40000.0,40000.0,40000.0,7076.363281,8140.145996,40000.0,12639.544922,13723.638672,2495.037109,55846.238008,-9325.448678,22154.030905,0,true,true,1.0,-33.9086,0,0.0,0.0,1.0
16,8990,25.85,57092.129362,-102068.289358,22103.819452,-90825.313973,40502.884598,-1483.908169,-3580.925572,40.593764,-1.456936,1.400233,-98.478577,0.0,0.0,1.0,0.0,0.0,0.0,0,0,0,0,0,0,0,0,0,0,0,0,0,0,0,40000.0,27876.470703,2252.090576,1970.302856,1864.106445,1891.049561,2477.326416,2942.807129,3955.655029,19127.753906,40000.0,11943.855469,40000.0,40000.0,40000.0,11944.848633,40000.0,40000.0,7163.001953,7095.30127,8089.393555,40000.0,12523.645508,13465.716797,2497.115479,55623.585383,-9437.526034,22137.300954,0,true,true,1.0,-33.8986,0,0.0,0.0,1.0
16,8991,25.9,57149.780423,82718.508935,22247.021945,106378.292027,40501.209186,-1431.82636,-3607.87926,42.970683,-1.454646,1.413015,-98.385185,0.0,0.0,1.0,0.0,0.0,0.0,0,0,0,0,0,0,0,0,0,0,0,0,0,0,0,40000.0,27752.111328,14420.177734,1934.705811,1831.247192,1858.513672,2250.668945,2904.001709,3907.339355,18775.958984,40000.0,12088.082031,40000.0,40000.0,40000.0,11888.633789,40000.0,40000.0,7021.218262,7050.611816,8125.981934,40000.0,12529.870117,13295.704102,2498.790771,55462.029494,-9492.246505,22128.308053,0,true,true,1.0,-33.8886,0,0.0,0.0,1.0
16,8992,25.95,57224.419689,-102142.928624,22441.878073,-91020.1701,40498.783586,-1367.269423,-3645.562013,47.081304,-1.451988,1.434709,-98.278023,0.0,0.0,1.0,0.0,0.0,0.0,0,0,0,0,0,0,0,0,0,0,0,0,0,0,0,40000.0,27585.150391,14242.237305,1883.223267,1783.431885,1810.87854,1975.956177,2846.043945,3833.700928,18887.541016,40000.0,12287.481445,40000.0,40000.0,40000.0,11917.851562,40000.0,40000.0,6729.513184,7004.361328,8049.158203,40000.0,11527.923828,13075.921875,2501.216309,55247.85272,-9550.57258,22111.457937,0,true,true,1.0,-33.8786,0,0.0,0.0,1.0
16,8993,26.0,57298.203504,82644.72512,22645.695199,106174.474902,40496.101045,-1300.83217,-3669.935227,47.941885,-1.449636,1.458007,-98.184654,0.0,0.0,1.0,0.0,0.0,0.0,0,0,0,0,0,0,0,0,0,0,0,0,0,0,0,40000.0,27412.207031,14091.424805,1825.931519,1730.265015,1757.293091,1918.398438,2779.737305,3748.097168,19062.439453,40000.0,12499.117188,40000.0,40000.0,16036.956055,12243.083984,40000.0,40000.0,6587.01709,7033.87793,8084.090332,40000.0,11201.762695,12856.236328,2503.898926,55027.95355,-9597.03987,22092.885648,0,true,true,1.0,-33.8686,0,0.0,0.0,1.0
16,8994,26.05,57349.602199,-102194.327319,22794.584591,-91169.059493,40494.015413,-1261.555681,-3702.701356,53.053942,-1.448024,1.477404,-98.121567,0.0,0.0,1.0,0.0,0.0,0.0,0,0,0,0,0,0,0,0,0,0,0,0,0,0,0,19282.615234,27285.767578,13962.0,1780.984741,1688.77771,1716.031982,1873.922607,2728.213623,3681.095215,19227.410156,40000.0,12654.71875,40000.0,40000.0,15970.827148,12492.02832,40000.0,40000.0,6560.331543,6970.07666,8037.199707,40000.0,10962.674805,12701.679688,2505.984619,54869.47718,-9628.170461,22076.942337,0,true,true,1.0,-33.8586,0,0.0,0.0,1.0
16,8995,26.1,57411.881934,82582.445384,22983.477941,105985.581552,40491.451752,-1210.671296,-3730.157683,56.105307,-1.446459,1.497337,-98.061134,0.0,0.0,1.0,0.0,0.069993,0.0,0,0,0,0,0,0,0,0,0,0,0,0,0,0,0,19054.626953,27127.619141,13739.488281,31874.757812,1634.223267,1661.026611,1814.447632,2161.373779,3589.642578,19637.855469,40000.0,12855.253906,40000.0,40000.0,15900.8125,12819.676758,40000.0,40000.0,6589.691406,7003.319824,8003.36084,17751.863281,10664.107422,12512.404297,2508.54834,54670.539748,-9651.256829,22060.985201,0,true,true,1.0,-33.8486,0,0.0,0.0,1.0
16,8996,26.15,57481.239447,-102263.684832,23204.520145,-91390.101697,40488.12172,-1154.893597,-3755.336088,58.405086,-1.444451,1.523888,-97.984833,0.0,0.0,1.0,0.0,0.0,0.0,0,0,0,0,0,0,0,0,0,0,0,0,0,0,0,18798.664062,26940.003906,13532.265625,31833.746094,1567.421875,1593.686646,1741.564575,2075.60498,3477.522217,19746.105469,40000.0,13089.511719,40000.0,40000.0,15832.417969,13635.824219,40000.0,40000.0,6530.085938,6942.540527,8133.543945,17136.771484,10312.723633,12305.483398,2511.878174,54438.465906,-9686.610817,22039.287471,0,true,true,1.0,-33.8386,0,0.0,0.0,1.0
16,8997,26.2,57530.197473,82533.487359,23367.8163,105822.285397,40485.54031,-1116.341683,-3770.808517,59.627288,-1.443283,1.538715,-97.941055,0.0,0.0,1.0,0.0,0.0,0.0,0,0,0,0,0,0,0,0,0,0,0,0,0,0,0,18604.896484,26806.150391,13378.045898,31748.474609,21872.007812,1541.961426,1685.414673,2009.2677,3389.925049,19820.119141,40000.0,13264.646484,40000.0,40000.0,15784.584961,13902.833008,40000.0,40000.0,6566.241699,6934.685547,8507.703125,16693.757812,10055.946289,12166.705078,2514.459717,54267.764445,-9702.559147,22027.541897,0,true,true,1.0,-33.8286,0,0.0,0.0,1.0
16,8998,26.25,57589.554295,-102323.041654,23574.179275,-91596.464671,40482.110279,-1074.833497,-3801.414439,64.501596,-1.44212,1.553328,-97.897919,0.0,0.0,1.0,0.0,0.0,0.0,0,0,0,0,0,0,0,0,0,0,0,0,0,0,0,18356.322266,26639.679688,13227.802734,31732.146484,21900.789062,1474.337158,1611.85144,1922.116699,2586.592773,19907.476562,40000.0,13488.070312,40000.0,40000.0,15733.844727,14236.759766,40000.0,40000.0,6512.536133,6939.853516,40000.0,16309.786133,9733.882812,12582.504883,2517.889648,54053.006291,-9713.254222,22016.301217,0,true,true,1.0,-33.8186,0,0.0,0.0,1.0
16,8999,26.3,57633.784942,82489.256712,23734.223749,105662.240922,40479.375288,-1042.607497,-3815.447806,65.919868,-1.441475,1.561378,-97.874146,0.0,0.0,1.0,0.0,0.0,0.0,0,0,0,0,0,0,0,0,0,0,0,0,0,0,0,18160.376953,26509.806641,13064.104492,31721.349609,22104.666016,1752.420166,1552.972412,1852.233765,2505.833984,5459.73877,40000.0,13663.036133,40000.0,40000.0,15701.804688,14492.686523,40000.0,7200.415527,6507.373535,6922.108887,40000.0,16218.240234,9486.240234,12450.225586,2520.624756,53887.194351,-9713.927241,22010.47318,0,true,true,1.0,-33.8086,0,0.0,0.0,1.0
16,9000,26.35,57691.281795,-102380.538508,23950.535239,-91812.776161,40475.571522,-1001.524258,-3830.076437,66.972381,-1.440836,1.569305,-97.850739,0.0,0.0,1.0,0.0,0.0,0.0,0,0,0,0,0,0,0,0,0,0,0,0,0,0,0,17894.253906,26332.482422,12821.581055,31707.625,22977.603516,2832.242432,1471.154907,1754.918335,2374.762207,5270.963379,40000.0,13924.084961,40000.0,40000.0,15666.234375,14835.93457,40000.0,6809.444824,6523.080566,6965.538086,40000.0,15209.81543,9152.381836,12272.391602,2524.428467,53663.84966,-9708.65201,22005.165116,0,true,true,1.0,-33.7986,0,0.0,0.0,1.0
16,9001,26.4,57743.853371,82436.685136,24156.655236,105456.120925,40471.789509,-968.770259,-3854.874094,71.129671,-1.44038,1.574935,-97.834114,0.0,0.0,1.0,0.0,0.0,0.0,0,0,0,0,0,0,0,0,0,0,0,0,0,0,0,17641.082031,26161.443359,12623.12207,31782.445312,24251.009766,5261.867188,1700.819458,1659.496704,2246.078613,5051.244141,40000.0,14180.460938,40000.0,40000.0,15638.668945,15160.950195,40000.0,6608.186523,6499.992188,6915.600586,40000.0,14950.118164,8973.640625,12104.647461,2528.210449,53451.623072,-9700.316475,22001.709592,0,true,true,1.0,-33.7886,0,0.0,0.0,1.0
16,9002,26.45,57782.005389,-102418.690525,24311.382688,-91967.503613,40468.878601,-945.427203,-3870.517808,73.61634,-1.44011,1.583572,-97.824326,0.0,0.0,1.0,0.0,0.0,0.0,0,0,0,0,0,0,0,0,0,0,0,0,0,0,0,17452.410156,26032.9375,12529.855469,31771.982422,24879.833984,6022.495605,2038.186157,1586.378052,2147.330078,4881.98291,40000.0,14352.396484,40000.0,40000.0,15621.475586,15288.387695,40000.0,6551.816406,6544.29834,6963.070801,40000.0,14863.420898,8875.415039,11979.970703,2531.121338,53294.649234,-9692.880069,21994.932841,0,true,true,1.0,-33.7786,0,0.0,0.0,1.0
16,9003,26.5,57832.514056,82386.176469,24523.035666,105244.467948,40464.820864,-914.309942,-3884.576092,75.282276,-1.439842,1.592144,-97.814613,0.0,0.0,1.0,0.0,0.0,0.0,0,0,0,0,0,0,0,0,0,0,0,0,0,0,0,17195.529297,25856.927734,12314.847656,31668.871094,25997.384766,6999.153809,2497.416016,1676.088135,2009.422974,4644.969238,25558.951172,14588.451172,40000.0,40000.0,15602.456055,15436.8125,40000.0,6578.493164,6500.084473,6916.354004,40000.0,13893.700195,8742.21582,11810.935547,2535.179199,53079.580782,-9680.806225,21988.615196,0,true,true,1.0,-33.7686,0,0.0,0.0,1.0
16,9004,26.55,57882.87493,-102469.051398,24741.933123,-92186.401071,40460.543938,-884.773035,-3897.839804,76.890348,-1.439487,1.598641,-97.801888,0.0,0.0,1.0,0.0,0.0,0.0,0,0,0,0,0,0,0,0,0,0,0,0,0,0,0,16935.732422,25673.478516,12057.043945,31650.134766,27322.845703,35769.792969,2969.370117,1993.237183,1864.043701,3225.466309,25650.494141,14832.454102,40000.0,40000.0,15585.016602,15624.672852,40000.0,6554.498535,6547.632812,6959.546875,40000.0,13748.176758,8607.287109,11639.549805,2539.456055,52856.032924,-9672.5171,21984.351952,0,true,true,1.0,-33.7586,0,0.0,0.0,1.0
16,9005,26.6,57917.284392,82351.767006,24896.000191,105090.40088,40457.438891,-866.419709,-3910.616432,79.051418,-1.439253,1.602368,-97.793488,0.0,0.0,1.0,0.0,0.0,0.0,0,0,0,0,0,0,0,0,0,0,0,0,0,0,0,16754.759766,25543.943359,11907.613281,31635.921875,27311.992188,35902.703125,3298.01123,2215.533203,1758.446289,3046.239746,25712.658203,15004.450195,40000.0,40000.0,15574.818359,15865.282227,40000.0,6557.106934,6505.530762,6957.600586,40000.0,12848.448242,8513.452148,11255.633789,2542.561035,52698.613239,-9667.116008,21982.072569,0,true,true,1.0,-33.7486,0,0.0,0.0,1.0
16,9006,26.65,57965.179292,-102516.946298,25116.716074,-92407.116955,40452.963469,-840.281688,-3920.099683,79.963701,-1.439134,1.606001,-97.789223,0.0,0.0,1.0,0.0,0.0,-0.139986,0,0,0,0,0,0,0,0,0,0,0,0,0,0,0,16493.603516,25358.982422,11736.463867,13085.574219,27296.46875,40000.0,4393.477051,2533.024414,2009.627075,2784.480469,25795.470703,15252.394531,40000.0,40000.0,15565.889648,16219.613281,40000.0,6607.659668,6524.134277,6928.686035,40000.0,12659.902344,8379.820312,10986.356445,2547.036621,52474.02345,-9653.538696,21980.226585,0,true,true,1.0,-33.7386,0,0.0,0.0,1.0
16,9007,26.7,58011.147225,82305.799074,25335.35764,104871.759315,40448.443086,-817.679922,-3933.384124,82.024508,-1.441343,1.591392,-97.868309,0.0,0.0,1.0,0.0,-0.043595,-0.566732,0,0,0,0,0,0,0,0,0,0,0,0,0,0,0,16186.228516,25188.822266,11521.956055,12633.678711,27219.4375,36342.6875,4873.875977,2850.918457,2260.348633,2510.430908,25827.324219,15512.621094,40000.0,40000.0,15593.873047,16530.708984,40000.0,6570.519531,6519.751465,7035.303223,40000.0,11745.198242,8240.52832,10750.848633,2551.556885,52259.59302,-9565.175649,21993.061709,0,true,true,1.0,-33.7286,0,0.0,0.0,1.0
16,9008,26.75,58044.162323,-102549.961397,25496.396997,-92568.156312,40445.048584,-802.952125,-3943.046003,83.507199,-1.448552,1.552266,-98.130394,0.0,0.0,1.0,0.0,-0.046219,-1.201704,0,0,0,0,0,0,0,0,0,0,0,0,0,0,0,15839.452148,25107.908203,11307.477539,12444.931641,27257.236328,40000.0,5266.491211,3097.583984,2450.614014,2284.058594,25733.71875,15711.933594,40000.0,40000.0,15700.973633,16692.205078,40000.0,6625.198242,6519.298828,7103.541016,40000.0,11589.807617,8118.480469,10598.051758,2554.951416,52126.322114,-9315.38535,22023.524836,0,true,true,1.0,-33.7186,0,0.0,0.0,1.0
16,9009,26.8,58087.667275,82262.294122,25713.21503,104654.941281,40440.437935,-786.146904,-3949.179272,83.59371,-1.472035,1.481598,-99.015793,0.0,0.0,1.0,0.0,0.0,-1.876967,0,0,0,0,0,0,0,0,0,0,0,0,0,0,0,15184.743164,39680.253906,11105.416992,12103.175781,27416.798828,40000.0,5920.830078,3469.4021,2725.437012,2376.960938,25932.083984,16121.024414,40000.0,40000.0,16082.74707,16736.634766,40000.0,6653.129395,6535.496582,7320.327148,40000.0,11438.880859,7905.790039,10620.797852,2559.562012,52024.719337,-8498.801622,22068.204418,0,true,true,1.0,-33.7086,0,0.0,0.0,1.0
16,9010,26.85,58120.663074,-102582.957196,25880.248039,-92735.18932,40436.881342,-778.218301,-3951.693068,83.046781,-1.50227,1.41629,-100.207855,0.0,0.0,1.0,0.0,0.0,-2.418722,0,0,0,0,0,0,0,0,0,0,0,0,0,0,0,14371.53125,40000.0,10853.921875,11805.758789,27731.871094,21083.666016,6584.916016,4247.504395,2960.308594,2563.644043,24781.103516,16576.353516,40000.0,40000.0,16635.355469,16605.082031,40000.0,6683.133301,6561.263672,7295.393066,40000.0,12085.647461,7701.445312,10252.185547,2563.118652,52006.872264,-7411.027521,22100.03626,0,true,true,1.0,-33.6986,0,0.0,0.0,1.0
16,9011,26.9,58163.327159,82219.630037,26097.277188,104437.912132,40432.232646,-779.595614,-3961.258184,84.076567,-1.557201,1.317035,-102.505341,0.0,0.0,1.0,0.0,0.0,-1.125231,0,0,0,0,0,0,0,0,0,0,0,0,0,0,0,13430.074219,40000.0,11671.413086,11390.09082,28250.003906,20709.244141,40000.0,4814.936035,3311.842773,2827.893311,3464.15625,40000.0,40000.0,40000.0,17838.667969,16536.636719,40000.0,6757.871582,6525.963379,7023.466309,40000.0,12714.978516,7390.330566,9491.745117,2567.767334,52026.478443,-5324.720696,22135.107545,0,true,true,1.0,-33.6886,0,0.0,0.0,1.0
16,9012,26.95,58205.888171,-102625.518208,26311.544238,-92949.45637,40427.653263,-794.722199,-3970.163642,85.250642,-1.613441,1.208711,-105.045494,0.0,0.0,1.0,0.0,0.0,-0.139986,0,0,0,0,0,0,0,0,0,0,0,0,0,0,0,12633.337891,40000.0,23363.089844,10985.390625,28824.353516,20720.126953,40000.0,5485.318848,3760.163574,3109.92041,2848.230469,40000.0,18498.492188,40000.0,19438.941406,16302.24707,40000.0,6838.725098,6525.228027,6831.416992,40000.0,14287.857422,7090.463379,8603.231445,2572.34668,51978.710356,-3027.16203,22170.127371,0,true,true,1.0,-33.6786,0,0.0,0.0,1.0
16,9013,27.0,58238.492187,82187.026021,26472.001488,104277.454882,40424.254966,-813.268511,-3969.076251,84.359437,-1.64992,1.129141,-106.826164,0.0,0.0,1.0,0.0,0.0,-0.069993,0,0,0,0,0,0,0,0,0,0,0,0,0,0,0,11892.454102,40000.0,23414.46875,10720.71582,29336.150391,22053.482422,34725.175781,6035.579102,4386.963379,3329.897217,3021.747314,40000.0,17477.697266,40000.0,40000.0,16089.662109,40000.0,6874.69043,6539.389648,6785.992676,40000.0,40000.0,6890.460938,8465.638672,2575.745117,51873.478272,-1424.822202,22196.565653,0,true,true,1.0,-33.6686,0,0.0,0.0,1.0
16,9014,27.05,58280.611228,-102667.637249,26696.188726,-93173.643608,40419.502827,-660.868278,-3951.342655,87.02918,-1.68487,1.046069,-108.661003,0.0,1.0,1.0,0.0,0.0,0.0,0,0,0,0,0,0,0,0,0,0,0,0,0,0,0,10686.300781,40000.0,23442.210938,10388.12207,11659.941406,26452.646484,34860.859375,6774.74707,4816.680176,3629.188477,3261.50415,40000.0,16607.193359,40000.0,40000.0,15593.709961,40000.0,6963.901855,6566.218262,6755.759766,40000.0,40000.0,6826.674805,8384.493164,2580.49707,51655.077024,206.033024,22223.724345,0,true,true,1.0,-33.6586,0,0.0,0.0,1.0
16,9015,27.1,58304.505165,82163.132084,26865.515839,104108.127769,40415.769318,-503.762211,-3923.492547,86.37229,-1.70301,0.999719,-109.674393,0.0,1.0,1.0,0.0,0.0,0.0,0,0,0,0,0,0,0,0,0,0,0,0,0,0,0,10775.368164,40000.0,23406.382812,10118.818359,11330.870117,26510.294922,35573.308594,40000.0,5122.305664,3844.95752,3436.515625,40000.0,16621.005859,40000.0,40000.0,15585.257812,40000.0,7033.418945,6594.120605,6766.654297,40000.0,40000.0,6713.834473,8172.807617,2584.230713,51469.45843,1085.710465,22238.70148,0,true,true,1.0,-33.6486,0,0.0,0.0,1.0
16,9016,27.15,58327.821576,-102690.953661,27109.935575,-93418.063344,40410.305438,-301.742971,-3913.816671,91.980302,-1.719137,0.956306,-110.617371,0.0,1.0,1.0,0.0,0.0,0.0,0,0,0,0,0,0,0,0,0,0,0,0,0,0,0,10387.949219,40000.0,23332.310547,9828.092773,10949.207031,26692.677734,40000.0,40000.0,5523.624023,4306.48291,3677.57373,3516.121826,17054.386719,40000.0,40000.0,15699.729492,40000.0,7159.40332,6686.564453,6997.281738,40000.0,40000.0,6393.101074,7950.694824,2589.69458,51201.644549,1868.979656,22252.806677,0,true,true,1.0,-33.6386,0,0.0,0.0,1.0
16,9017,27.2,58337.161682,82153.791979,27277.838178,103940.225166,40406.344343,-176.059445,-3898.707153,92.667105,-1.727715,0.932268,-111.137085,0.0,1.0,1.0,0.0,0.0,0.0,0,0,0,0,0,0,0,0,0,0,0,0,0,0,0,10172.71582,40000.0,23252.951172,9635.714844,10759.811523,26668.158203,20829.833984,40000.0,5788.89209,4653.941895,3838.535645,3672.342041,17387.882812,40000.0,40000.0,15802.431641,40000.0,7229.720703,6716.006348,7098.437012,40000.0,40000.0,6307.526855,7823.913574,2593.655762,51019.288168,2281.84512,22260.516254,0,true,true,1.0,-33.6286,0,0.0,0.0,1.0
16,9018,27.25,58341.778229,-102695.570208,27486.87011,-93627.095276,40401.243472,-33.718276,-3892.037249,95.971225,-1.735984,0.908407,-111.651314,0.0,1.0,1.0,0.0,0.0,0.0,0,0,0,0,0,0,0,0,0,0,0,0,0,0,0,9364.311523,40000.0,23143.923828,9458.989258,10417.542969,26702.642578,20595.179688,40000.0,6105.751953,4888.855469,4033.530029,3849.520264,17695.128906,40000.0,40000.0,15954.061523,40000.0,7246.025879,6733.025879,7246.531738,40000.0,40000.0,6215.556152,7691.034668,2598.756592,50797.46085,2667.151726,22268.128729,0,true,true,1.0,-33.6186,0,0.0,0.0,1.0
16,9019,27.3,58340.36561,82155.204598,27647.636899,103779.458377,40397.254828,66.969281,-3884.026186,97.251334,-1.740461,0.895189,-111.935493,0.0,1.0,1.0,0.0,0.0,0.0,0,0,0,0,0,0,0,0,0,0,0,0,0,0,0,9819.121094,14340.105469,36778.839844,9420.344727,10220.638672,26780.365234,20388.710938,40000.0,6336.286621,5061.939941,4178.939941,3982.927979,17935.960938,40000.0,40000.0,16090.399414,40000.0,7304.039551,6777.36084,7592.694336,40000.0,40000.0,6155.093262,7607.267578,2602.745117,50633.165747,2857.88149,22272.397932,0,true,true,1.0,-33.6086,0,0.0,0.0,1.0
16,9020,27.35,58332.172362,-102687.37696,27865.03941,-93844.497787,40391.766073,191.80021,-3869.924232,97.543515,-1.744828,0.882079,-112.216873,0.0,1.0,1.0,0.0,0.0,0.0,0,0,0,0,0,0,0,0,0,0,0,0,0,0,0,9672.4375,14046.005859,36728.382812,9558.06543,9987.657227,26684.982422,20232.882812,40000.0,6633.744141,5287.578125,4370.221191,4159.646484,18245.402344,40000.0,40000.0,16292.181641,40000.0,7432.830566,6887.206543,40000.0,40000.0,40000.0,6085.052246,7339.611328,2608.233887,50418.514404,3016.884312,22276.713439,0,true,true,1.0,-33.5986,0,0.0,0.0,1.0
16,9021,27.4,58320.611001,82166.765958,28074.823444,103569.674343,40386.3967,174.593251,-3867.983878,97.547135,-1.747878,0.872791,-112.415955,0.0,0.0,1.0,0.0,0.0,0.0,0,0,0,0,0,0,0,0,0,0,0,0,0,0,0,9553.231445,13816.3125,36638.125,9474.449219,9682.052734,26648.535156,19996.392578,40000.0,6911.083984,5499.780273,4551.386719,4327.987305,18532.158203,40000.0,40000.0,16499.105469,40000.0,7461.439941,6906.84668,40000.0,40000.0,40000.0,6024.524902,7041.937012,2613.603271,50216.882945,3101.48377,22279.829785,0,true,true,1.0,-33.5886,0,0.0,0.0,1.0
16,9022,27.45,58316.346469,-102683.112427,28232.860465,-94002.534808,40382.47677,69.885499,-3866.074516,95.272531,-1.749245,0.881118,-112.505905,0.0,0.0,1.0,0.0,0.321965,0.608157,0,0,0,0,0,0,0,0,0,0,0,0,0,0,0,9469.65332,13667.296875,36542.515625,9479.722656,9510.483398,26614.146484,19913.818359,40000.0,18860.220703,5659.399414,4753.398926,4457.125488,18764.476562,40000.0,40000.0,16667.234375,40000.0,7511.770508,6950.30957,40000.0,40000.0,13588.930664,5976.93457,6921.304199,2617.523193,50071.859982,3115.589428,22270.398884,0,true,true,1.0,-33.5786,0,0.0,0.0,1.0
16,9023,27.5,58317.067404,82166.045023,28445.418358,103357.11645,40377.378443,-61.242543,-3859.222786,91.484081,-1.74238,1.007762,-112.089798,0.0,0.0,1.0,0.0,0.039693,2.699129,0,0,0,0,0,0,0,0,0,0,0,0,0,0,0,9037.788086,40000.0,36139.011719,9314.912109,9346.94043,26483.007812,19814.576172,40000.0,19496.669922,5843.172363,5075.628418,4632.146484,18926.357422,40000.0,40000.0,17001.642578,40000.0,7590.515137,6992.570801,40000.0,40000.0,11488.168945,5927.943848,7337.116211,2622.621582,49940.230301,2669.269863,22171.567304,0,true,true,1.0,-33.5686,0,0.0,0.0,1.0
16,9024,27.55,58322.505815,-102688.550839,28613.805715,-94170.922165,40373.478716,-154.833467,-3853.195183,88.706476,-1.720456,1.131596,-110.906731,0.0,0.0,1.0,0.0,-0.117365,3.09062,0,0,0,0,0,0,0,0,0,0,0,0,0,0,0,9622.347656,40000.0,21968.078125,8969.001953,9213.386719,26229.591797,19809.5625,40000.0,18913.085938,5935.060059,5216.169922,4770.940918,18854.251953,40000.0,40000.0,17614.537109,8740.587891,7513.517578,7062.47168,40000.0,40000.0,8178.068359,6342.17627,7384.76416,2626.52124,49859.499896,1579.677512,22095.663775,0,true,true,1.0,-33.5586,0,0.0,0.0,1.0
16,9025,27.6,58334.742309,82153.80853,28828.371236,103142.550929,40368.558268,-256.000173,-3853.329856,87.25655,-1.670564,1.283831,-108.527412,0.0,0.0,1.0,0.0,-0.042274,1.014566,0,0,0,0,0,0,0,0,0,0,0,0,0,0,0,9411.987305,40000.0,21471.412109,8331.758789,9249.689453,25809.800781,20017.626953,40000.0,18322.931641,6003.17334,5282.594727,4953.675781,18669.246094,40000.0,40000.0,18660.039062,8551.452148,7471.019531,7412.92627,40000.0,40000.0,5478.383789,6098.358398,7539.604492,2631.44165,49706.152279,-551.266723,22025.836869,0,true,true,1.0,-33.5486,0,0.0,0.0,1.0
16,9026,27.65,58351.504886,-102705.313416,29039.365745,-94381.916674,40363.754287,-334.398671,-3863.516202,88.272157,-1.609917,1.426832,-105.947632,0.0,0.0,1.0,0.0,0.0,0.069993,0,0,0,0,0,0,0,0,0,0,0,0,0,0,0,10612.473633,40000.0,21044.396484,8065.765625,9223.337891,25425.615234,34775.503906,40000.0,7528.351074,6067.064453,5323.69873,5145.665527,19299.097656,40000.0,20984.695312,19236.447266,8379.535156,7405.037109,9066.243164,40000.0,40000.0,5449.010742,6435.420898,7268.525879,2636.245605,49449.835542,-2832.293266,21967.463632,0,true,true,1.0,-33.5386,0,0.0,0.0,1.0
16,9027,27.7,58368.183611,82137.129805,29214.304464,102967.61221,40359.838664,-384.184784,-3865.455027,87.246859,-1.569542,1.512756,-104.366058,0.0,0.0,1.0,0.0,0.0,0.0,0,0,0,0,0,0,0,0,0,0,0,0,0,0,0,10322.548828,40000.0,20758.455078,7966.735352,9195.448242,25286.605469,34110.277344,40000.0,7392.130859,6156.537109,5418.870605,5310.466797,20588.796875,40000.0,19873.621094,40000.0,8256.136719,7355.916504,40000.0,40000.0,40000.0,5416.65918,6246.560059,7851.185547,2640.161377,49195.181522,-4224.485697,21932.649553,0,true,true,1.0,-33.5286,0,0.0,0.0,1.0
16,9028,27.75,58390.572263,-102727.702068,29423.562609,-94591.174819,40355.052289,-431.131914,-3880.233693,89.392669,-1.527426,1.596252,-102.808403,0.0,0.0,1.0,0.0,0.0,0.0,0,0,0,0,0,0,0,0,0,0,0,0,0,0,0,10832.481445,40000.0,20465.285156,7836.855469,9185.511719,25095.240234,33533.960938,40000.0,7442.77832,6284.04834,5551.588379,5511.637207,40000.0,40000.0,18908.623047,40000.0,8159.172363,7299.394531,40000.0,40000.0,40000.0,5776.739746,6089.804199,7486.658203,2644.947754,48868.822526,-5585.823838,21898.860821,0,true,true,1.0,-33.5186,0,0.0,0.0,1.0
16,9029,27.8,58410.06338,82117.638687,29591.496817,102799.678002,40351.219493,-459.533849,-3882.500163,88.601485,-1.503266,1.641699,-101.951248,0.0,0.0,1.0,0.0,0.0,0.0,0,0,0,0,0,0,0,0,0,0,0,0,0,0,0,10718.664062,40000.0,20267.882812,7726.272461,9086.432617,23424.519531,33940.917969,40000.0,7671.356934,6406.689941,5715.791016,5672.712402,40000.0,40000.0,18430.384766,40000.0,8064.976562,7413.133301,40000.0,40000.0,5109.45459,5732.155273,6443.734375,7977.753906,2648.780518,48620.058955,-6332.453894,21880.862847,0,true,true,1.0,-33.5086,0,0.0,0.0,1.0
16,9030,27.85,58436.958169,-102754.596856,29809.991999,-94809.670001,40346.163479,-489.222314,-3892.788102,89.66721,-1.478814,1.686064,-101.107712,0.0,0.0,1.0,0.0,0.0,0.0,0,0,0,0,0,0,0,0,0,0,0,0,0,0,0,11083.866211,40000.0,20042.753906,7526.838379,8922.418945,22991.21875,34350.648438,40000.0,8068.108398,6579.538086,5935.901855,5881.965332,40000.0,40000.0,18003.447266,9663.860352,8030.756836,7660.592773,40000.0,40000.0,5023.37207,5665.461426,6193.300781,7974.131836,2653.836426,48310.417212,-7063.69429,21863.680929,0,true,true,1.0,-33.4986,0,0.0,0.0,1.0
16,9031,27.9,58458.061322,82096.535535,29974.064295,102635.605706,40342.323699,-507.590368,-3904.751486,91.69574,-1.465165,1.710162,-100.646591,0.0,0.0,1.0,0.0,0.0,0.0,0,0,0,0,0,0,0,0,0,0,0,0,0,0,0,10919.405273,40000.0,19868.382812,7380.27002,8717.865234,22867.123047,34500.363281,40000.0,8426.830078,6717.345703,6115.393555,6038.26416,40000.0,40000.0,18124.548828,9677.811523,8067.99707,7787.912598,40000.0,40000.0,4957.972656,5228.272949,5940.331543,7600.037109,2657.67627,48091.455362,-7462.042839,21854.695181,0,true,true,1.0,-33.4886,0,0.0,0.0,1.0
16,9032,27.95,58486.610312,-102783.145847,30188.885544,-95024.49125,40337.223157,-527.059955,-3918.813862,94.043284,-1.451492,1.733852,-100.191177,0.0,0.0,1.0,0.0,0.0,0.0,0,0,0,0,0,0,0,0,0,0,0,0,0,0,0,10782.685547,40000.0,19666.964844,7178.784668,8505.019531,22863.394531,34574.109375,40000.0,18935.474609,6904.544922,6362.177246,6242.016113,40000.0,40000.0,18463.457031,9579.969727,8011.070312,8152.34082,40000.0,40000.0,4871.12793,5530.497559,6278.621582,7364.352539,2662.776855,47818.665676,-7854.150352,21846.250992,0,true,true,1.0,-33.4786,0,0.0,0.0,1.0
16,9033,28.0,58516.454643,82066.691204,30407.048769,102417.442481,40331.985603,-542.248237,-3927.30412,95.007796,-1.44172,1.750517,-99.869553,0.0,0.0,1.0,0.0,0.0,0.0,0,0,0,0,0,0,0,0,0,0,0,0,0,0,0,10703.40332,40000.0,19471.154297,6996.875488,8327.998047,23019.013672,34527.273438,40000.0,19025.732422,7101.009766,6624.53125,6447.728516,40000.0,40000.0,18798.941406,9621.739258,8063.438477,9174.086914,40000.0,40000.0,4781.592285,5444.87207,6192.753418,7240.95752,2668.014404,47556.949053,-8130.554288,21840.812022,0,true,true,1.0,-33.4686,0,0.0,0.0,1.0
16,9034,28.05,58539.857689,-102806.548893,30574.697283,-95192.139764,40327.928282,-552.062556,-3934.480252,96.004119,-1.436311,1.759648,-99.692863,0.0,0.0,1.0,0.0,0.0,0.0,0,0,0,0,0,0,0,0,0,0,0,0,0,0,0,10611.332031,40000.0,19324.746094,6856.843262,8078.083496,23175.519531,34428.511719,40000.0,19092.521484,7255.189453,6813.04834,6605.105469,40000.0,40000.0,19031.060547,9558.539062,8019.952637,9789.530273,40000.0,40000.0,5103.195312,5376.242676,6120.883789,7715.280762,2672.071777,47364.185908,-8282.37306,21838.186747,0,true,true,1.0,-33.4586,0,0.0,0.0,1.0
16,9035,28.1,58572.001125,82034.547768,30801.187926,102190.951838,40322.397422,-562.009398,-3935.182878,95.060218,-1.43097,1.768601,-99.51931,0.0,0.0,1.0,0.0,0.0,0.0,0,0,0,0,0,0,0,0,0,0,0,0,0,0,0,10459.793945,40000.0,19130.556641,6767.49707,7832.929199,23472.535156,34248.410156,40000.0,19180.357422,7466.473633,7028.620605,6817.083496,40000.0,40000.0,19335.335938,9621.647461,8082.244141,40000.0,40000.0,4695.260742,5008.420898,4942.790527,5767.604492,7596.705566,2677.602539,47111.874852,-8431.597875,21836.049963,0,true,true,1.0,-33.4486,0,0.0,0.0,1.0
16,9036,28.15,58600.386511,-102834.934279,30998.188233,-95389.140071,40317.695066,-571.279147,-3949.372997,97.927647,-1.428202,1.773217,-99.429703,0.0,0.0,1.0,0.0,0.0,0.0,0,0,0,0,0,0,0,0,0,0,0,0,0,0,0,10302.949219,40000.0,18964.779297,6763.225098,7583.432129,24599.919922,34056.304688,40000.0,19254.205078,7653.193359,7207.525879,7000.610352,40000.0,40000.0,19789.201172,9574.199219,8047.177734,40000.0,40000.0,4608.397949,4925.205078,4802.254395,5519.819336,7483.097656,2682.304932,46900.492282,-8509.540085,21835.656605,0,true,true,1.0,-33.4386,0,0.0,0.0,1.0
16,9037,28.2,58625.357948,82009.576331,31169.722172,102019.417899,40313.425304,-576.715934,-3949.610113,97.269933,-1.426088,1.776791,-99.361465,0.0,0.0,1.0,0.0,0.0,-0.069993,0,0,0,0,0,0,0,0,0,0,0,0,0,0,0,10161.455078,40000.0,18826.144531,6853.437988,7359.347656,24572.59375,33774.875,40000.0,19318.316406,7816.263184,7363.507324,7160.440918,40000.0,40000.0,20160.146484,9634.268555,8076.772461,40000.0,40000.0,4532.976074,4852.436035,5120.197754,5389.79248,7092.900879,2686.574707,46717.672991,-8568.655205,21835.309417,0,true,true,1.0,-33.4286,0,0.0,0.0,1.0
16,9038,28.25,58657.575759,-102867.15209,31388.919494,-95608.337392,40307.881027,-585.4427,-3968.35672,101.397749,-1.424051,1.780368,-99.295807,0.0,0.0,1.0,0.0,0.0,0.0,0,0,0,0,0,0,0,0,0,0,0,0,0,0,0,9971.249023,40000.0,18643.644531,6807.601074,7146.204102,24539.699219,33494.53125,40000.0,19399.480469,8025.732422,7563.254883,7364.516602,40000.0,40000.0,20435.478516,9602.637695,8184.637695,40000.0,40000.0,4436.675293,4388.739746,5023.199707,5732.021484,6828.239746,2692.118896,46486.969932,-8625.794309,21835.154978,0,true,true,1.0,-33.4186,0,0.0,0.0,1.0
16,9039,28.3,58682.129258,81985.022832,31554.596602,101853.740791,40303.659669,-589.517365,-3969.161633,101.017433,-1.422923,1.782343,-99.259537,0.0,0.0,1.0,0.0,0.0,0.0,0,0,0,0,0,0,0,0,0,0,0,0,0,0,0,9821.725586,40000.0,18506.40625,6902.114258,6879.192383,24515.910156,20049.939453,40000.0,19460.351562,8184.739746,7714.459961,7518.609375,40000.0,40000.0,20640.898438,9617.240234,8257.757812,40000.0,40000.0,4363.915527,4366.881836,4949.230957,5648.79834,6657.645996,2696.340332,46314.387026,-8657.636024,21835.333308,0,true,true,1.0,-33.4086,0,0.0,0.0,1.0
16,9040,28.35,58715.098124,-102900.120956,31775.462838,-95829.203628,40297.986161,-595.866342,-3980.46707,103.288372,-1.421856,1.784266,-99.22525,0.0,0.0,1.0,0.0,0.0,-0.069993,0,0,0,0,0,0,0,0,0,0,0,0,0,0,0,9616.390625,40000.0,18324.181641,6862.15918,6660.029297,8933.186523,19839.550781,40000.0,19541.007812,8397.530273,7916.34668,7723.890625,40000.0,40000.0,20911.847656,9697.34375,8477.299805,40000.0,40000.0,4402.928223,4593.30957,4571.705566,5536.546387,6455.828125,2702.013916,46086.239182,-8688.203692,21835.819446,0,true,true,1.0,-33.3986,0,0.0,0.0,1.0
16,9041,28.4,58740.847544,81959.273412,31946.843522,101682.360106,40293.575665,-599.544371,-3983.412527,103.546124,-1.421355,1.785284,-99.20916,0.0,0.0,1.0,0.0,0.0,0.0,0,0,0,0,0,0,0,0,0,0,0,0,0,0,0,9452.754883,40000.0,18183.3125,6889.000977,6383.278809,8633.18457,19778.861328,40000.0,19603.125,8563.262695,8073.21875,7883.082031,40000.0,40000.0,21119.841797,9656.128906,8590.5625,40000.0,4574.09082,4589.092285,4519.500488,4385.202148,5448.508789,6323.492676,2706.424316,45910.685234,-8703.140728,21836.362192,0,true,true,1.0,-33.3886,0,0.0,0.0,1.0
16,9042,28.45,58774.36281,-102933.636222,32168.636963,-96050.99707,40287.800152,-604.340136,-3990.199487,104.721966,-1.42086,1.786288,-99.193268,0.0,0.0,1.0,0.0,0.0,0.0,0,0,0,0,0,0,0,0,0,0,0,0,0,0,0,9238.635742,40000.0,18001.310547,6946.530762,6148.818848,8333.797852,19575.789062,40000.0,19683.554688,8778.077148,8276.355469,8089.070312,40000.0,40000.0,21387.90625,9738.421875,8736.897461,40000.0,4466.996582,4491.550781,4423.762695,4671.638184,4984.691895,6751.333008,2712.199951,45684.130554,-8718.201473,21837.150003,0,true,true,1.0,-33.3786,0,0.0,0.0,1.0
16,9043,28.5,58808.770052,81924.86617,32394.996735,101456.000334,40281.876774,-608.039602,-3991.899997,104.591156,-1.420512,1.786995,-99.182091,0.0,0.0,1.0,0.0,0.0,0.0,0,0,0,0,0,0,0,0,0,0,0,0,0,0,0,9017.765625,40000.0,17815.871094,6962.353516,5813.219238,7931.331055,19476.300781,40000.0,19765.572266,8997.710938,8483.874023,8299.306641,40000.0,40000.0,21660.550781,9703.844727,8997.723633,40000.0,4358.030273,4391.888184,3955.094971,4568.460938,4773.447754,6603.27002,2718.123291,45453.568511,-8729.242182,21838.079763,0,true,true,1.0,-33.3686,0,0.0,0.0,1.0
16,9044,28.55,58834.792271,-102959.65844,32565.392468,-96221.392803,40277.401951,-611.378225,-3998.331783,105.89048,-1.42032,1.787383,-99.175957,0.0,0.0,1.0,0.0,0.0,0.0,0,0,0,0,0,0,0,0,0,0,0,0,0,0,0,8850.388672,40000.0,17676.429688,30652.5,5618.648438,7571.176758,19306.585938,40000.0,19827.431641,9163.178711,8640.188477,8457.616211,40000.0,40000.0,21865.3125,9729.279297,9238.53125,40000.0,4275.970215,3936.431152,4251.991211,4490.597656,4692.456055,6491.291504,2722.598145,45280.301781,-8735.574861,21838.832739,0,true,true,1.0,-33.3586,0,0.0,0.0,1.0
16,9045,28.6,58869.965423,81889.693017,32794.73217,101226.660633,40271.34348,-614.336324,-3998.738003,105.496448,-1.420134,1.78776,-99.169983,0.0,0.0,1.0,0.0,0.0,0.0,0,0,0,0,0,0,0,0,0,0,0,0,0,0,0,8623.952148,40000.0,17488.919922,34152.078125,5506.036621,7175.861328,19204.089844,40000.0,20519.527344,9532.845703,8850.674805,8670.679688,40000.0,40000.0,22140.431641,9785.818359,9711.78125,40000.0,4165.45752,4215.610352,4152.432129,4385.577637,5008.068848,6340.019531,2728.656494,45047.387806,-8742.092125,21839.878994,0,true,true,1.0,-33.3486,0,0.0,0.0,1.0
16,9046,28.65,58890.212002,-102979.905019,32958.186037,-96384.84667,40266.889192,-432.681655,-3963.875573,109.647483,-1.420032,1.787968,-99.166695,0.0,1.0,1.0,0.0,0.0,0.0,0,0,0,0,0,0,0,0,0,0,0,0,0,0,0,8472.839844,40000.0,17353.025391,30647.65625,5453.825684,6954.168457,19034.318359,40000.0,20597.8125,9831.958008,8997.964844,8819.764648,40000.0,40000.0,22335.1875,9771.482422,10138.085938,40000.0,4395.686035,4148.209961,4086.10376,3949.571777,4928.245605,6025.047363,2733.11084,44882.283322,-8750.710793,21840.61276,0,true,true,1.0,-33.3386,0,0.0,0.0,1.0
16,9047,28.7,58906.754964,81873.150055,33193.297474,100991.549196,40260.29878,-185.279443,-3897.620338,110.119911,-1.419932,1.788169,-99.163513,0.0,1.0,1.0,0.0,0.0,0.0,0,0,0,0,0,0,0,0,0,0,0,0,0,0,0,8282.692383,40000.0,17151.634766,30518.507812,5516.958984,6480.589355,18922.068359,40000.0,20723.765625,10263.823242,9202.791016,9027.037109,40000.0,40000.0,22597.681641,9881.420898,10525.056641,4756.308105,4432.972656,4063.561279,3647.04126,3881.676758,4827.915039,5709.078125,2739.701172,44647.005922,-8774.295382,21841.777587,0,true,true,1.0,-33.3286,0,0.0,0.0,1.0
16,9048,28.75,58910.063251,-102983.213306,33353.975746,-96545.524942,40255.577576,-28.16265,-3870.664706,114.592508,-1.419878,1.78828,-99.161766,0.0,1.0,1.0,0.0,0.0,0.0,0,0,0,0,0,0,0,0,0,0,0,0,0,0,0,8170.221191,40000.0,17010.216797,30466.257812,5471.699707,6196.630371,18870.109375,40000.0,21321.371094,10556.908203,9338.282227,9164.103516,40000.0,40000.0,22732.755859,9867.735352,10888.176758,4690.919922,4378.346191,3639.609619,3598.825195,4175.685059,4472.228027,5546.835449,2744.422363,44487.539405,-8797.958401,21842.526105,0,true,true,1.0,-33.3186,0,0.0,0.0,1.0
16,9049,28.8,58905.500721,81877.712585,33571.508739,100774.016203,40249.015699,104.298973,-3839.352326,115.926239,-1.419353,1.786618,-99.144958,0.0,0.0,1.0,0.0,-0.069993,0.489951,0,0,0,0,0,0,0,0,0,0,0,0,0,0,0,8042.058594,40000.0,16813.904297,30378.292969,5437.519531,5891.477539,18833.570312,40000.0,21375.373047,30995.345703,9516.390625,9344.957031,40000.0,40000.0,22919.431641,9938.34082,11393.799805,4613.364258,3900.343262,3718.893066,3895.616211,4114.835449,4261.133789,5382.359375,2750.984375,44270.030119,-8850.027514,21845.221042,0,true,true,1.0,-33.3086,0,0.0,0.0,1.0
16,9050,28.85,58902.450684,-102980.16327,33731.476419,-96705.492622,40244.166756,58.365594,-3856.90537,117.040832,-1.41473,1.759725,-98.996094,0.0,0.0,1.0,0.0,-0.169703,0.678814,0,0,0,0,0,0,0,0,0,0,0,0,0,0,0,7986.406738,40000.0,16664.453125,30256.494141,5469.987305,5548.121094,18869.355469,40000.0,21414.408203,31165.160156,9645.383789,9481.984375,40000.0,40000.0,23043.695312,10028.146484,40000.0,4546.589355,3925.131348,3908.854248,3853.364014,4073.115234,4243.666992,5902.855957,2755.833252,44077.751337,-8992.426857,21869.50765,0,true,true,1.0,-33.2986,0,0.0,0.0,1.0
16,9051,28.9,58901.198222,81878.965048,33952.113542,100553.37908,40237.55402,1.19505,-3873.257909,116.342583,-1.398659,1.620984,-98.458359,0.0,0.0,1.0,0.0,-0.411126,1.181987,0,0,0,0,0,0,0,0,0,0,0,0,0,0,0,8000.01709,40000.0,16447.921875,29956.056641,5384.129883,5318.843262,18840.173828,40000.0,21490.998047,31165.636719,9819.964844,9682.867188,40000.0,40000.0,23314.767578,9959.189453,40000.0,4444.700195,4173.019043,3839.011963,3506.261475,3625.73584,4610.416504,5871.857422,2762.446045,43715.755436,-9436.288068,21986.51682,0,true,true,1.0,-33.2886,0,0.0,0.0,1.0
16,9052,28.95,58902.179995,-102981.145043,34114.923429,-96868.302508,40232.716091,-35.087595,-3881.446606,114.221796,-1.378868,1.413454,-97.72963,0.0,0.0,1.0,0.0,-0.457813,1.236095,0,0,0,0,0,0,0,0,0,0,0,0,0,0,0,40000.0,40000.0,16279.639648,29750.533203,5306.69043,5032.239258,18780.919922,40000.0,21572.199219,30902.082031,9945.993164,9844.048828,40000.0,40000.0,13135.154297,9978.109375,40000.0,4758.620117,4096.132812,3403.593506,3383.25415,3988.471924,4593.201172,5506.428223,2767.283936,43344.907573,-10007.920296,22157.438433,0,true,true,1.0,-33.2786,0,0.0,0.0,1.0
16,9053,29.0,58905.444795,81875.700248,34327.322241,100340.980268,40226.52458,-73.349052,-3898.918736,111.848604,-1.348885,0.993928,-96.367531,0.0,0.0,1.0,0.0,-0.335578,1.006734,0,0,0,0,0,0,0,0,0,0,0,0,0,0,0,40000.0,31450.683594,16055.738281,29119.820312,5212.456055,4823.324707,18700.945312,40000.0,21324.482422,30326.292969,10110.15918,10074.834961,40000.0,40000.0,12847.469727,10113.113281,40000.0,4652.912598,3670.855469,3703.436279,3695.282227,3956.178711,4141.84082,5353.391602,2773.475342,42709.238546,-11046.237958,22495.281528,0,true,true,1.0,-33.2686,0,0.0,0.0,1.0
16,9054,29.05,58909.308083,-102985.008332,34497.302766,-97038.283034,40221.804858,-95.381906,-3898.130737,104.293031,-1.329479,0.604137,-95.084641,0.0,0.0,1.0,0.0,-0.199539,0.997694,0,0,0,0,0,0,0,0,0,0,0,0,0,0,0,40000.0,30529.628906,15881.688477,28557.222656,5131.833496,4712.807129,18778.035156,40000.0,21220.402344,29758.283203,10245.749023,10274.966797,40000.0,26267.675781,12467.603516,10270.155273,5202.620605,4098.061035,3890.554932,3639.757568,3653.219482,3621.056885,4606.538086,6049.307129,2778.195068,42117.638029,-12002.620321,22803.589235,0,true,true,1.0,-33.2586,0,0.0,0.0,1.0
16,9055,29.1,58915.532638,81869.475694,34722.987553,100115.295481,40215.892663,-113.774549,-3924.159033,99.403979,-1.315829,0.067268,-93.152023,0.0,0.0,1.0,0.0,0.0,0.279972,0,0,0,0,0,0,0,0,0,0,0,0,0,0,0,40000.0,29819.628906,15658.629883,27824.566406,5021.834961,4612.342773,19077.917969,40000.0,20805.714844,11303.393555,10435.452148,10565.555664,40000.0,24269.587891,12107.515625,10748.430664,4882.911133,4314.312988,3370.130371,3184.748291,3228.557373,3918.205566,4439.34375,5586.020996,2784.107422,41232.762144,-13410.119836,23221.566223,0,true,true,1.0,-33.2486,0,0.0,0.0,1.0
16,9056,29.15,58921.834561,-102991.310254,34931.796374,-97247.091854,40211.128238,-120.319357,-3943.499196,91.787844,-1.316922,-0.288636,-91.806488,0.0,0.0,1.0,0.0,0.0,0.069993,0,0,0,0,0,0,0,0,0,0,0,0,0,0,0,40000.0,29162.345703,15473.738281,27474.423828,4951.043457,4512.810547,19302.810547,36477.652344,20994.255859,11308.350586,10619.091797,10824.782227,40000.0,23079.863281,11783.27832,11495.926758,5070.748535,3747.328369,3666.366943,3484.753418,3550.848389,3889.697998,4159.8125,6055.455078,2788.871826,40542.103536,-14367.752717,23492.071634,0,true,true,1.0,-33.2386,0,0.0,0.0,1.0
16,9057,29.2,58927.218018,81864.092236,35109.162424,99937.92943,40207.344996,-118.943282,-3948.399022,81.446362,-1.323927,-0.568503,-90.744499,0.0,0.0,1.0,0.0,0.0,0.0,0,0,0,0,0,0,0,0,0,0,0,0,0,0,0,40000.0,15791.045898,15323.370117,27017.789062,4949.075195,4443.087891,19408.09375,35995.488281,21156.886719,11335.650391,10779.307617,11047.785156,40000.0,22959.576172,11599.637695,12054.697266,5052.595215,4051.935303,3586.092773,3425.703857,3507.870361,3583.859863,4653.203613,5798.172852,2792.655029,39967.94002,-15108.229493,23700.459521,0,true,true,1.0,-33.2286,0,0.0,0.0,1.0
16,9058,29.25,58932.722052,-102996.814288,35298.317018,-97436.246449,40203.836459,-112.652829,-3953.868657,70.048876,-1.332746,-0.77802,-89.948982,0.0,0.0,1.0,0.0,0.0,0.0,0,0,0,0,0,0,0,0,0,0,0,0,0,0,0,40000.0,15560.398438,15175.374023,26838.576172,4909.941406,4417.126465,19487.892578,34666.265625,21298.751953,11442.080078,10949.757812,11269.544922,40000.0,23323.945312,11486.654297,40000.0,4417.213379,3947.493164,3127.67334,3005.283203,3101.96875,3400.757324,4632.382324,5679.805664,2796.163574,39472.058023,-15652.169444,23852.477922,0,true,true,1.0,-33.2186,0,0.0,0.0,1.0
16,9059,29.3,58938.549541,81858.264747,35516.007295,99720.239154,40200.263186,-101.8217,-3974.368973,60.582038,-1.344359,-0.983945,-89.168694,0.0,0.0,1.0,0.0,0.0,-0.069993,0,0,0,0,0,0,0,0,0,0,0,0,0,0,0,40000.0,15329.09375,40000.0,26494.572266,4821.95752,4420.935059,19542.115234,34206.484375,21450.912109,11592.897461,11146.460938,11520.047852,40000.0,23738.982422,11455.333984,5953.041992,4726.015625,3453.047119,3425.05249,3296.268311,3400.134766,3776.493408,4209.200684,5678.249512,2799.736816,38945.61004,-16175.467136,23998.632377,0,true,true,1.0,-33.2086,0,0.0,0.0,1.0
16,9060,29.35,58942.46633,-103000.731077,35680.235752,-97600.474906,40198.005887,-91.375053,-3985.888581,52.48205,-1.353224,-1.117674,-88.674156,0.0,0.0,1.0,0.0,0.069993,-0.139986,0,0,0,0,0,0,0,0,0,0,0,0,0,0,0,40000.0,15146.266602,40000.0,26327.222656,4797.827637,4435.384766,8019.912598,33960.214844,21556.298828,11725.678711,11294.501953,11704.610352,40000.0,24367.257812,11342.080078,5760.133789,4095.741943,3758.333496,3364.41333,3245.42627,3355.423584,3736.722168,4060.301025,5661.632812,2801.994141,38580.500966,-16500.970968,24091.465793,0,true,true,1.0,-33.1986,0,0.0,0.0,1.0
16,9061,29.4,58947.072002,81853.659075,35906.906065,99493.568842,40195.531954,-74.563523,-3984.890341,37.388947,-1.361699,-1.210216,-88.253441,0.0,0.0,1.0,0.0,0.458133,-1.23696,0,0,0,0,0,0,0,0,0,0,0,0,0,0,0,40000.0,14922.226562,40000.0,26162.318359,4835.588867,4378.227051,6910.004883,33963.921875,21668.060547,11963.101562,11494.375977,11941.068359,40000.0,24715.349609,11430.666992,5549.402344,4141.199707,3662.668213,3286.241455,3176.264893,3290.384033,3444.006348,4502.510742,5595.027832,2804.468018,38189.525075,-16770.744238,24152.776929,0,true,true,1.0,-33.1886,0,0.0,0.0,1.0
16,9062,29.45,58950.610661,-103004.269736,36125.480061,-97819.048903,40193.750101,-59.047946,-4002.088932,28.489312,-1.355819,-1.068733,-88.54451,0.0,0.0,1.0,0.0,0.779676,-2.027158,0,0,0,0,0,0,0,0,0,0,0,0,0,0,0,40000.0,14745.564453,14466.699219,26350.822266,5249.103516,4421.579102,5055.324707,34787.582031,21679.193359,12344.44043,11671.860352,12113.044922,40000.0,24890.851562,11611.785156,5683.064941,4410.567871,3170.140137,2847.94458,2738.908203,2877.578125,3185.051514,4386.55127,5414.600098,2806.25,38117.282307,-16569.786735,24047.615917,0,true,true,1.0,-33.1786,0,0.0,0.0,1.0
16,9063,29.5,58947.809046,81856.46069,36291.725911,99327.322992,40192.60419,127.753027,-3928.586713,26.583914,-1.342612,-0.770779,-89.323204,0.0,1.0,1.0,0.0,0.587417,-1.468541,0,0,0,0,0,0,0,0,0,0,0,0,0,0,0,40000.0,14642.178711,14301.902344,26302.800781,23805.246094,4377.308594,4346.50293,36742.0,21608.554688,29172.191406,11793.121094,12196.353516,40000.0,24896.990234,11758.785156,5822.336426,4407.22998,3226.263428,2962.015625,2725.422119,2774.858887,3079.7771,4265.670898,5203.641602,2807.395752,38302.787645,-16055.455846,23832.719979,0,true,true,1.0,-33.1686,0,0.0,0.0,1.0
16,9064,29.55,58933.471233,-102989.931924,36500.700016,-98028.023008,40191.142206,346.362223,-3852.383486,27.629423,-1.32854,-0.240679,-90.726662,0.0,1.0,1.0,0.0,0.197345,-0.493363,0,0,0,0,0,0,0,0,0,0,0,0,0,0,0,40000.0,27765.142578,14103.387695,29781.800781,23879.652344,4422.472656,4263.184082,40000.0,22120.175781,30744.746094,11936.942383,12266.417969,40000.0,24475.710938,12066.633789,5976.097656,3927.575195,3573.028809,3162.5625,3021.374512,2786.155762,3029.561768,4105.212891,4914.374512,2808.85791,38704.556106,-15136.04888,23451.167464,0,true,true,1.0,-33.1586,0,0.0,0.0,1.0
16,9065,29.6,58914.037499,81875.894424,36664.275027,99163.747981,40189.979613,504.18164,-3795.449038,28.763028,-1.326397,0.172413,-91.903786,0.0,1.0,1.0,0.0,0.0,-0.501638,0,0,0,0,0,0,0,0,0,0,0,0,0,0,0,40000.0,27777.916016,13947.094727,27005.328125,24024.626953,4371.689453,4249.100098,40000.0,22649.667969,31162.732422,12049.617188,12316.177734,40000.0,24419.291016,12495.923828,6094.976074,3952.666992,3587.115723,3153.959717,2996.340576,3051.803467,3341.357666,3992.191406,4709.917969,2810.020508,39021.050267,-14368.089391,23151.456642,0,true,true,1.0,-33.1486,0,0.0,0.0,1.0
16,9066,29.65,58877.556624,-102953.451048,36882.914149,-98246.662131,40188.249204,696.024583,-3728.883337,32.0167,-1.337632,0.694932,-93.637398,0.0,1.0,1.0,0.0,0.069993,-0.616214,0,0,0,0,0,0,0,0,0,0,0,0,0,0,0,40000.0,27934.248047,13744.556641,27237.839844,24077.373047,4483.093262,4234.058594,40000.0,40000.0,32594.117188,12202.638672,12374.958984,40000.0,25956.716797,13077.802734,6249.800781,4075.253418,3628.680908,3158.567871,2975.835938,3006.794434,3263.114502,3854.348877,4458.723633,2811.750732,39444.487675,-13237.339418,22766.711857,0,true,true,1.0,-33.1386,0,0.0,0.0,1.0
16,9067,29.7,58843.3445,81910.106549,37044.776814,99001.885317,40186.766233,822.325006,-3681.524303,34.197172,-1.358288,1.068854,-95.084709,0.0,1.0,1.0,0.0,0.069993,-0.732928,0,0,0,0,0,0,0,0,0,0,0,0,0,0,0,40000.0,28528.21875,13601.890625,27609.507812,27091.927734,4801.099609,4151.770996,4259.961426,36590.507812,40000.0,12320.179688,12463.892578,40000.0,27826.121094,13602.518555,6470.952637,4191.262207,3679.371826,3175.099121,2970.424072,2981.414795,3212.204102,3759.410889,4284.053223,2813.233887,39767.096678,-12290.332773,22486.467305,0,true,true,1.0,-33.1286,0,0.0,0.0,1.0
16,9068,29.75,58790.270632,-102900.377181,37256.330674,-98458.215991,40184.46636,972.511408,-3646.844301,43.270042,-1.403186,1.555297,-97.146561,0.0,1.0,1.0,0.0,0.069993,-0.349965,0,0,0,0,0,0,0,0,0,0,0,0,0,0,0,40000.0,40000.0,13428.350586,28195.695312,24408.013672,22874.150391,4139.45166,4199.603027,35611.976562,22808.994141,12596.660156,12742.405273,40000.0,40000.0,14357.324219,7040.511719,4366.355957,3771.656982,2806.478027,2657.084473,2958.64502,3155.487793,3646.608643,4074.71582,2815.533691,40186.354938,-10936.674481,22116.23309,0,true,true,1.0,-33.1186,0,0.0,0.0,1.0
16,9069,29.8,58746.092726,81954.284455,37411.003404,98847.212587,40182.469178,1066.544807,-3619.419016,48.582348,-1.449855,1.918252,-98.74691,0.0,1.0,1.0,0.0,0.069329,-0.485304,0,0,0,0,0,0,0,0,0,0,0,0,0,0,0,40000.0,40000.0,13293.342773,28779.464844,24690.820312,22874.496094,4059.688721,4083.781738,34875.878906,22503.798828,13119.9375,12779.952148,40000.0,40000.0,15112.802734,7585.42041,4518.863281,3857.967041,2849.025635,2610.231445,2949.456055,3121.401367,3305.506592,3937.06665,2817.530762,40482.630303,-9882.994614,21836.515335,0,true,true,1.0,-33.1086,0,0.0,0.0,1.0
16,9070,29.85,58680.266206,-102834.550662,37619.591394,-98666.803981,40179.294406,1178.814368,-3601.634127,60.087414,-1.531205,2.378494,-100.979942,0.0,1.0,1.0,0.0,0.0,-0.279972,0,0,0,0,0,0,0,0,0,0,0,0,0,0,0,26087.125,40000.0,13166.52832,13073.889648,24870.673828,22903.638672,4165.871094,3988.078125,4318.66748,22114.015625,29309.439453,12840.356445,13522.28125,40000.0,16191.24707,13155.441406,5493.315918,3505.910889,2962.952881,2659.726807,2581.749512,2809.647461,3135.406006,3773.438232,2820.705566,40838.451315,-8409.589612,21475.15867,0,true,true,1.0,-33.0986,0,0.0,0.0,1.0
16,9071,29.9,58628.65027,82005.900391,37771.073396,98695.730585,40176.572005,1244.450448,-3585.502211,66.818481,-1.603453,2.700768,-102.649414,0.0,1.0,1.0,0.0,-0.069993,-0.139986,0,0,0,0,0,0,0,0,0,0,0,0,0,0,0,26021.650391,40000.0,13076.322266,12880.597656,25174.611328,23019.945312,4436.447266,3954.582764,4152.236328,22517.150391,30394.240234,12893.068359,13468.887695,40000.0,26891.751953,13160.162109,5773.573242,3605.496826,3078.621338,2764.410889,2580.458984,2709.508057,3040.571777,3668.773193,2823.427979,41065.226091,-7306.24356,21217.66733,0,true,true,1.0,-33.0886,0,0.0,0.0,1.0
16,9072,29.95,58556.342184,-102762.242575,37971.468982,-98867.199567,40172.389165,1319.789477,-3582.847596,80.172707,-1.708699,3.087417,-104.773552,0.0,1.0,1.0,0.0,0.0,0.0,0,0,0,0,0,0,0,0,0,0,0,0,0,0,0,25963.257812,40000.0,26265.044922,12652.422852,25500.011719,23097.875,22408.654297,3829.231934,4016.204834,23960.927734,31806.511719,12978.432617,13422.246094,40000.0,26313.458984,13386.509766,5715.042969,3758.915039,3472.075439,3089.531006,2701.656494,2665.161865,2952.683105,3554.49707,2827.61084,41295.547527,-5908.306243,20903.771874,0,true,true,1.0,-33.0786,0,0.0,0.0,1.0
16,9073,30.0,58500.044752,82062.197823,38120.838679,98546.360888,40168.81036,1363.605787,-3580.427231,89.418268,-1.787327,3.339326,-106.197815,0.0,1.0,1.0,0.0,0.0,0.0,0,0,0,0,0,0,0,0,0,0,0,0,0,0,0,25929.947266,40000.0,26043.871094,12489.387695,25768.583984,23084.068359,22247.285156,3818.602051,3967.73877,40000.0,32932.753906,13053.688477,13410.611328,40000.0,26088.482422,13557.321289,5847.637695,3876.005127,3540.911621,3125.84375,2979.628906,2720.984863,2939.58374,3489.375732,2831.189697,41408.143606,-4982.391062,20697.147165,0,true,true,1.0,-33.0686,0,0.0,0.0,1.0
16,9074,30.05,58422.568068,-102684.765892,38319.938443,-99066.299331,40163.403523,1410.795556,-3584.645872,103.204735,-1.892257,3.632646,-107.944847,0.0,1.0,1.0,0.0,0.0,-0.069993,0,0,0,0,0,0,0,0,0,0,0,0,0,0,0,13768.514648,40000.0,26329.732422,12282.041992,26279.212891,23195.798828,22211.482422,3937.768799,3800.104248,4229.106445,23594.591797,13251.458984,13690.203125,40000.0,27077.134766,14048.459961,6105.583496,4038.9646,3635.817383,3177.646484,3003.824951,3044.77002,3315.941162,3420.944336,2836.596436,41499.693394,-3860.877911,20453.474688,0,true,true,1.0,-33.0586,0,0.0,0.0,1.0
16,9075,30.1,58358.346389,82126.419503,38481.032368,98385.266963,40158.522117,1435.346824,-3579.793333,111.362617,-1.969639,3.822726,-109.147301,0.0,1.0,1.0,0.0,0.0,-0.069993,0,0,0,0,0,0,0,0,0,0,0,0,0,0,0,13554.80957,40000.0,26351.652344,12119.37207,26523.578125,23196.675781,22062.880859,4104.940918,3742.231445,4150.830078,23286.777344,13669.80957,13727.820312,40000.0,28778.083984,14565.208008,7068.145996,4167.47998,3709.885254,3219.511963,3025.769287,3050.08252,3301.607422,3382.320068,2841.477783,41521.830287,-3108.868309,20294.004502,0,true,true,1.0,-33.0486,0,0.0,0.0,1.0
16,9076,30.15,58288.533473,-102614.952975,38653.395689,-99238.662652,40152.826306,1462.06554,-3594.918663,125.592111,-2.040619,3.98503,-110.19873,0.0,1.0,1.0,0.0,0.0,0.0,0,0,0,0,0,0,0,0,0,0,0,0,0,0,0,13247.539062,40000.0,26742.363281,11946.924805,26530.798828,23273.769531,22051.427734,5822.032227,3613.493652,3973.815186,23024.001953,16722.472656,13772.776367,40000.0,30436.978516,15078.021484,7159.52832,4303.358398,3782.996582,3262.263672,3050.265137,3059.947021,3294.946777,3356.045654,2847.173584,41504.004121,-2477.171903,20157.954513,0,true,true,1.0,-33.0386,0,0.0,0.0,1.0
16,9077,30.2,58206.467158,82208.485817,38853.829862,98184.832791,40145.363455,1479.174304,-3600.835967,137.948353,-2.116732,4.149551,-111.278473,0.0,1.0,1.0,0.0,0.0,0.0,0,0,0,0,0,0,0,0,0,0,0,0,0,0,0,13010.723633,40000.0,26893.628906,11747.9375,26724.091797,23218.140625,21887.40625,22154.226562,3628.555664,3839.902588,22761.572266,29149.648438,13837.443359,40000.0,31842.369141,15661.350586,7351.477539,4469.881836,3865.692627,2907.778809,2706.592285,2808.622803,2944.068604,3335.10376,2854.636475,41457.241324,-1849.905093,20019.769105,0,true,true,1.0,-33.0286,0,0.0,0.0,1.0
16,9078,30.25,58124.558889,-102533.044706,39052.559344,-99437.392134,40137.227464,1492.388593,-3615.679927,152.254201,-2.184992,4.284445,-112.211121,0.0,1.0,1.0,0.0,-0.069993,-0.139986,0,0,0,0,0,0,0,0,0,0,0,0,0,0,0,12811.230469,40000.0,27513.46875,11550.888672,26881.632812,23225.007812,21866.017578,21966.730469,3764.02832,3742.790771,4393.22998,29770.171875,13912.197266,14954.647461,40000.0,16221.822266,7576.131836,4645.365723,3466.777588,3053.80127,2789.232666,2714.445068,2875.150635,3322.670898,2862.772461,41387.60312,-1331.177035,19905.913465,0,true,true,1.0,-33.0186,0,0.0,0.0,1.0
16,9079,30.3,58062.170046,82270.87466,39206.034083,98031.358051,40130.485148,1428.611593,-3624.82729,161.725944,-2.235411,4.368623,-112.882065,0.0,0.0,1.0,0.0,-0.069993,-0.279972,0,0,0,0,0,0,0,0,0,0,0,0,0,0,0,12673.417969,40000.0,28114.060547,11380.335938,27073.300781,26225.847656,21725.326172,21758.203125,3793.937012,3609.466797,4305.985352,30244.316406,13974.700195,14972.025391,40000.0,16692.722656,7773.788086,4787.222168,3566.133057,3394.846436,3132.229736,3103.647705,2880.689209,3314.649658,2869.514893,41321.068763,-967.357925,19833.230313,0,true,true,1.0,-33.0086,0,0.0,0.0,1.0
16,9080,30.35,57992.415118,-102463.289778,39404.530918,-99635.888969,40121.216134,1188.321138,-3640.447674,174.262011,-2.314034,4.439313,-113.907845,0.0,0.0,1.0,0.0,-0.071624,-0.572994,0,0,0,0,0,0,0,0,0,0,0,0,0,0,0,12511.141602,40000.0,40000.0,11194.595703,11232.584961,23271.550781,21657.46875,21659.251953,4083.537842,3554.940674,4098.776367,30945.248047,14056.456055,14983.793945,40000.0,17293.197266,8878.012695,4968.473145,3740.380615,3444.572754,3152.735107,3109.245117,2872.994141,14836.793945,2878.783936,41216.706296,-375.949902,19761.400769,0,true,true,1.0,-32.9986,0,0.0,0.0,1.0
16,9081,30.4,57934.848776,82328.441002,39605.786458,97830.102511,40111.254227,955.99491,-3644.005468,183.632013,-2.410676,4.463551,-115.154793,0.0,0.0,1.0,0.0,-0.04923,-0.541535,0,0,0,0,0,0,0,0,0,0,0,0,0,0,0,12203.053711,40000.0,40000.0,11020.370117,10994.84082,23383.921875,21619.644531,21427.892578,5434.547363,3553.652832,3945.967285,31783.457031,14141.910156,14983.432617,40000.0,18039.318359,9033.599609,5143.32959,4152.865723,3469.195312,3163.950195,3102.401855,2849.302002,15063.172852,2888.74585,41083.171606,379.696139,19715.229464,0,true,true,1.0,-32.9886,0,0.0,0.0,1.0
16,9082,30.45,57899.603121,-102428.044123,39757.998309,-99788.10082,40103.360825,790.572677,-3652.681649,192.836478,-2.492441,4.455314,-116.20742,0.0,0.0,1.0,0.0,-0.053961,-0.431691,0,0,0,0,0,0,0,0,0,0,0,0,0,0,0,11996.339844,40000.0,40000.0,10912.499023,10820.779297,23509.902344,21657.5625,21317.421875,6795.081543,3709.07251,3880.740234,40000.0,14211.009766,14980.261719,40000.0,18773.767578,9144.375,5269.064453,4209.490234,3491.150635,3166.584473,3089.893799,2822.376221,15388.369141,2896.63916,40960.697341,1033.04498,19694.769903,0,true,true,1.0,-32.9786,0,0.0,0.0,1.0
16,9083,30.5,57863.732521,82364.311602,39956.798068,97631.302752,40092.59663,581.192968,-3650.786222,200.987671,-2.610497,4.406239,-117.735306,0.0,0.0,1.0,0.0,-0.056854,-0.511687,0,0,0,0,0,0,0,0,0,0,0,0,0,0,0,11762.013672,26164.273438,40000.0,10767.413086,10607.109375,23713.119141,21635.707031,21189.568359,19451.285156,3817.209229,3712.463867,4722.956055,14434.819336,15029.161133,40000.0,29196.148438,9909.226562,5427.138184,4285.914062,3088.618408,2778.697021,2690.001221,2776.702637,15838.345703,2907.40332,40765.568147,1998.074284,19688.503759,0,true,true,1.0,-32.9686,0,0.0,0.0,1.0
16,9084,30.55,57839.480477,-102403.792079,40149.552856,-99980.855608,40081.703339,387.219736,-3650.625104,209.674919,-2.736981,4.323836,-119.396301,0.0,0.0,1.0,0.0,-0.069993,-0.478834,0,0,0,0,0,0,0,0,0,0,0,0,0,0,0,11415.229492,23860.458984,40000.0,10654.930664,10406.09082,23992.574219,21730.183594,21159.035156,20173.351562,4173.279785,3714.156494,4518.473145,14924.076172,15258.482422,40000.0,28856.425781,15657.006836,5581.689453,4366.297852,3123.575439,2792.626709,2660.174561,2722.241211,40000.0,2918.296631,40532.5327,3061.310284,19698.517847,0,true,true,1.0,-32.9586,0,0.0,0.0,1.0
16,9085,30.6,57827.287968,82376.504111,40305.556303,97475.299305,40072.641738,234.158339,-3640.043326,213.578137,-2.837217,4.247752,-120.736763,0.0,0.0,1.0,0.0,-0.069993,-0.527622,0,0,0,0,0,0,0,0,0,0,0,0,0,0,0,11247.270508,23788.412109,40000.0,23997.117188,10253.637695,27456.410156,21876.359375,21026.708984,20690.509766,4981.884277,3771.518555,4441.760254,17826.591797,15263.609375,40000.0,28433.082031,15732.019531,5712.290039,4426.819824,3191.264648,2882.428955,2610.413818,2673.102295,40000.0,2927.358154,40317.983229,3917.405233,19711.181617,0,true,true,1.0,-32.9486,0,0.0,0.0,1.0
16,9086,30.65,57820.961086,-102397.465197,40500.134528,-100175.433833,40060.975364,49.47485,-3634.8509,221.303516,-2.976775,4.122641,-122.646622,0.0,0.0,1.0,0.0,0.0,-0.465642,0,0,0,0,0,0,0,0,0,0,0,0,0,0,0,11048.508789,23733.878906,40000.0,23935.492188,10075.878906,24661.929688,21866.742188,20976.373047,21593.847656,5939.728516,3934.714844,4277.715332,29860.720703,15267.251953,40000.0,29358.302734,15949.672852,5927.789062,4518.757324,3331.034424,3123.976074,2565.19043,2603.884521,40000.0,2939.024658,39994.539039,5147.818134,19736.696012,0,true,true,1.0,-32.9386,0,0.0,0.0,1.0
16,9087,30.7,57824.306052,82373.159145,40693.014248,97282.419585,40049.095087,-129.425562,-3614.629059,224.512302,-3.120154,3.968011,-124.675072,0.0,0.0,1.0,0.0,-0.101542,-0.507712,0,0,0,0,0,0,0,0,0,0,0,0,0,0,0,11021.958984,23716.773438,40000.0,24163.257812,9915.977539,10137.902344,22062.835938,20961.410156,21305.277344,7304.715332,4157.131348,4063.765625,30816.113281,15283.085938,40000.0,31710.917969,16390.841797,6774.652344,4621.05957,3585.464355,3101.725098,2514.250977,2528.463867,40000.0,2950.905029,39610.139577,6453.382527,19774.322274,0,true,true,1.0,-32.9286,0,0.0,0.0,1.0
16,9088,30.75,57833.178177,-102406.337322,40839.331373,-100321.750958,40039.91123,-262.637534,-3595.994478,226.172159,-3.228373,3.825292,-126.26313,0.0,0.0,1.0,0.0,-0.076742,-0.460453,0,0,0,0,0,0,0,0,0,0,0,0,0,0,0,10928.126953,23727.728516,40000.0,24799.761719,9787.016602,9942.171875,22246.556641,21045.810547,21164.232422,18534.509766,4479.266113,4103.001953,5360.710449,15307.805664,16566.429688,40000.0,17094.105469,6837.882812,4704.071777,3596.842529,3081.515869,2471.568115,2467.469482,40000.0,2960.088867,39273.365917,7470.387175,19815.573454,0,true,true,1.0,-32.9186,0,0.0,0.0,1.0
16,9089,30.8,57852.238596,82354.098726,41025.220385,97096.530573,40028.03159,-429.92553,-3575.532658,229.667518,-3.368734,3.592579,-128.423126,0.0,0.0,1.0,0.0,-0.069993,-0.139986,0,0,0,0,0,0,0,0,0,0,0,0,0,0,0,11014.922852,37108.144531,40000.0,40000.0,9663.568359,9724.991211,22546.683594,21100.386719,21009.322266,19195.132812,5235.099609,4194.695801,5094.834473,15352.0625,16433.255859,40000.0,18035.841797,7027.93457,4828.111328,3613.754639,3053.776367,2412.978516,40000.0,40000.0,2971.968506,38767.649798,8847.865592,19893.30906,0,true,true,1.0,-32.9086,0,0.0,0.0,1.0
16,9090,30.85,57879.537926,-102433.636652,41207.924763,-100504.455335,40016.1975,-592.68743,-3550.696086,231.904566,-3.490638,3.355304,-130.425797,0.0,0.0,1.0,0.0,0.0,0.0,0,0,0,0,0,0,0,0,0,0,0,0,0,0,0,11615.177734,11227.84668,40000.0,40000.0,9569.960938,9528.769531,22875.556641,21113.353516,20899.4375,19953.986328,6082.380859,4350.838379,4893.027832,15512.710938,16349.620117,40000.0,18995.130859,7880.524414,4939.742676,3618.736816,2623.102783,2348.579834,40000.0,40000.0,2983.80249,38235.546391,10103.689913,19975.486098,0,true,true,1.0,-32.8986,0,0.0,0.0,1.0
16,9091,30.9,57916.408399,82317.228253,41395.098163,96909.357172,40003.995201,-753.353725,-3504.215879,227.389738,-3.581478,3.155566,-132.019058,0.0,0.0,1.0,0.0,0.0,0.0,0,0,0,0,0,0,0,0,0,0,0,0,0,0,0,11960.503906,10869.957031,40000.0,40000.0,9471.896484,9352.270508,23142.296875,23984.357422,20834.458984,20611.492188,6803.930176,4574.568848,4770.052734,15967.957031,16442.603516,40000.0,19880.0625,8034.36377,4277.259766,3589.58667,2544.696289,2271.479004,40000.0,40000.0,2996.004883,37739.019678,11069.067814,20045.639858,0,true,true,1.0,-32.8886,0,0.0,0.0,1.0
16,9092,30.95,57950.936093,-102468.164346,41539.222395,-100648.579567,39994.572908,-875.662025,-3477.296644,226.89342,-3.630661,3.03858,-132.926224,0.0,0.0,1.0,0.0,-0.069993,0.0,0,0,0,0,0,0,0,0,0,0,0,0,0,0,0,12059.522461,10639.609375,26120.677734,40000.0,22809.546875,9228.611328,23318.726562,21244.40625,20878.230469,40000.0,7531.662109,4771.498535,4737.516113,16278.842773,16661.513672,40000.0,20407.001953,8152.274414,4307.01123,3021.611816,2451.504639,2203.409912,40000.0,40000.0,3005.427002,37407.877913,11594.955956,20086.927542,0,true,true,1.0,-32.8786,0,0.0,0.0,1.0
16,9093,31.0,58001.651524,82266.512822,41720.072683,96728.506884,39982.687842,-1024.541277,-3444.103048,226.342996,-3.68145,2.894099,-133.902664,0.0,0.0,1.0,0.0,-0.069993,0.069993,0,0,0,0,0,0,0,0,0,0,0,0,0,0,0,12213.732422,10419.90918,22563.013672,40000.0,22562.580078,9081.975586,23525.097656,21371.175781,20790.601562,21781.236328,8206.819336,5234.833008,4820.618652,19091.742188,16766.667969,40000.0,30813.675781,8280.639648,4389.089355,3050.91626,2358.867432,2109.171143,40000.0,40000.0,3017.312256,37008.937883,12145.535307,20142.445233,0,true,true,1.0,-32.8686,0,0.0,0.0,1.0
16,9094,31.05,58057.615483,-102524.128306,41892.624374,-100821.131258,39971.322313,-1160.739126,-3410.487406,224.780237,-3.718338,2.720303,-134.649765,0.0,0.0,1.0,0.0,0.0,0.069993,0,0,0,0,0,0,0,0,0,0,0,0,0,0,0,12369.967773,10185.025391,22057.228516,40000.0,22256.257812,8949.235352,9356.974609,21367.625,20811.033203,21701.837891,18420.935547,5547.385742,4916.733887,19444.642578,16870.572266,40000.0,30807.089844,8377.96582,4558.894043,3354.62085,2256.397217,2056.77832,40000.0,40000.0,3028.677734,36638.923748,12550.990451,20224.705994,0,true,true,1.0,-32.8586,0,0.0,0.0,1.0
16,9095,31.1,58146.833254,82177.295051,42122.094785,96499.036473,39956.809957,-1364.294476,-3184.474869,190.946926,-3.744237,2.515013,-135.210358,0.0,-1.0,1.0,0.0,-0.069993,0.139986,0,0,0,0,0,0,0,0,0,0,0,0,0,0,0,12153.214844,9853.157227,21845.542969,40000.0,22206.150391,8765.277344,9160.107422,21442.121094,20824.980469,21589.957031,18602.080078,6023.552734,5131.937012,31753.158203,17064.484375,40000.0,30923.494141,8511.272461,3854.935303,2615.6521,2091.611328,2661.109619,40000.0,40000.0,3043.189941,36226.752424,12815.974966,20333.97334,0,true,true,1.0,-32.8486,0,0.0,0.0,1.0
16,9096,31.15,58201.641382,-102578.936433,42237.089935,-100936.126408,39949.465461,-1534.635476,-3059.770195,193.806677,-3.758217,2.350042,-135.53569,0.0,-1.0,1.0,0.0,-0.069993,0.069993,0,0,0,0,0,0,0,0,0,0,0,0,0,0,0,12059.788086,9699.707031,21740.810547,40000.0,22239.595703,8687.245117,9064.777344,21499.59375,20823.882812,21576.164062,18828.898438,6275.539551,5279.697266,31557.195312,17162.583984,40000.0,30971.867188,7812.129395,3883.342529,2487.127197,1998.0354,3586.92041,40000.0,40000.0,3050.534424,35980.317578,12983.814166,20424.851078,0,true,true,1.0,-32.8386,0,0.0,0.0,1.0
16,9097,31.2,58289.251593,82089.684839,42390.594459,96345.531948,39940.000265,-1731.99271,-2819.880425,171.510011,-3.768804,2.142468,-135.801987,0.0,-1.0,1.0,0.0,0.069993,0.422412,0,0,0,0,0,0,0,0,0,0,0,0,0,0,0,11909.74707,9498.232422,21589.927734,40000.0,22256.201172,8591.010742,8958.536133,38957.207031,20863.671875,21663.304688,19030.332031,6613.038086,5457.250488,7205.379883,17319.328125,40000.0,31084.439453,7866.06543,4218.856934,2310.263916,1852.087769,3501.719971,40000.0,40000.0,3059.999756,35678.767372,13109.76741,20543.817613,0,true,true,1.0,-32.8286,0,0.0,0.0,1.0
16,9098,31.25,58362.574276,-102652.259116,42499.215032,-101044.746981,39933.558969,-1874.023118,-2652.514502,156.562567,-3.77121,2.021776,-135.867065,0.0,-1.0,1.0,0.0,0.077016,0.462095,0,0,0,0,0,0,0,0,0,0,0,0,0,0,0,11740.756836,9356.600586,21474.714844,40000.0,22203.945312,8528.905273,8891.194336,21631.228516,20934.941406,21697.726562,19186.830078,6804.004883,5583.549316,7334.622559,17449.582031,40000.0,31199.099609,7128.422852,3246.289551,2162.974609,1992.691528,4218.51416,40000.0,40000.0,3066.440918,35491.944813,13128.125844,20615.941451,0,true,true,1.0,-32.8186,0,0.0,0.0,1.0
16,9099,31.3,58466.049103,81986.210013,42630.93024,96213.816741,39926.072904,-2042.210909,-2443.799826,135.559956,-3.768019,1.904184,-135.773468,0.0,-1.0,1.0,0.0,0.100931,0.45419,0,0,0,0,0,0,0,0,0,0,0,0,0,0,0,11551.383789,9186.257812,21323.019531,40000.0,22037.757812,8461.136719,8824.584961,21664.179688,21036.134766,21771.839844,19357.257812,7032.585449,5748.598145,31853.839844,17633.861328,40000.0,31386.634766,6393.08252,3277.655762,1956.790894,2177.653809,4114.26709,40000.0,40000.0,3073.927002,35300.827824,13052.829253,20691.903679,0,true,true,1.0,-32.8086,0,0.0,0.0,1.0
16,9100,31.35,58575.37901,-102761.589023,42749.847244,-101163.663985,39919.699146,-2198.507309,-2261.30877,118.55115,-3.758587,1.834419,-135.484879,0.0,-1.0,1.0,0.0,0.0422,0.464204,0,0,0,0,0,0,0,0,0,0,0,0,0,0,0,11082.52832,9034.704102,21172.560547,40000.0,21915.076172,8422.303711,8781.578125,21709.847656,21108.53125,21803.931641,19486.666016,7205.646973,5910.868164,32328.554688,17831.519531,40000.0,21387.791016,5636.981934,2534.260742,1742.389282,2350.743652,4781.990234,40000.0,40000.0,3080.300781,35171.449151,12870.029277,20745.817857,0,true,true,1.0,-32.7986,0,0.0,0.0,1.0
16,9101,31.4,58697.616116,81863.972907,42864.453484,96099.210502,39914.029622,-2346.199135,-2083.41503,100.279956,-3.743137,1.809908,-134.999496,0.0,-1.0,1.0,0.0,0.087767,0.570485,0,0,0,0,0,0,0,0,0,0,0,0,0,0,0,10774.313477,8889.836914,21015.134766,40000.0,21890.058594,8380.732422,8758.287109,21751.382812,21196.394531,22017.376953,19587.691406,7337.518066,6081.689453,21009.605469,18055.994141,40000.0,20768.349609,4864.050293,2178.949707,1822.264282,3270.666016,4718.695312,40000.0,40000.0,3085.970459,35090.64735,12578.835599,20779.631324,0,true,true,1.0,-32.7886,0,0.0,0.0,1.0
16,9102,31.45,58821.920655,-102885.893562,42966.086836,-101265.297338,39909.40278,-2478.79509,-1930.646161,85.022603,-3.720623,1.860901,-134.29361,0.0,-1.0,1.0,0.0,0.213329,0.639988,0,0,0,0,0,0,0,0,0,0,0,0,0,0,0,10194.258789,8769.855469,20861.794922,40000.0,21880.078125,8353.910156,8759.492188,21780.447266,21246.847656,22192.367188,19692.755859,7408.23291,6203.303223,20581.271484,18211.050781,40000.0,20112.705078,4082.94873,1826.094116,1929.691772,3055.848145,5333.22998,40000.0,40000.0,3090.597168,35085.443507,12162.695481,20775.951993,0,true,true,1.0,-32.7786,0,0.0,0.0,1.0
16,9103,31.5,58952.512555,81733.381007,43060.277291,96005.020047,39905.529958,-2599.515397,-1792.25636,70.59807,-3.689169,2.017455,-133.35585,0.0,-1.0,1.0,0.0,0.215216,0.699453,0,0,0,0,0,0,0,0,0,0,0,0,0,0,0,9646.744141,8721.808594,20709.6875,40000.0,21709.867188,8340.412109,8784.458984,21877.048828,21337.435547,22336.291016,19660.380859,7501.240723,6373.543945,18061.650391,18279.046875,40000.0,19338.283203,3295.694092,1662.466919,2036.167969,2946.47998,5987.249512,40000.0,40000.0,3094.469971,35157.801278,11612.308611,20716.865283,0,true,true,1.0,-32.7686,0,0.0,0.0,1.0
16,9104,31.55,59061.150952,-102994.531959,43130.743683,-101335.76373,39902.950446,-2685.845819,-1690.611887,59.079852,-3.65918,2.192721,-132.530533,0.0,-1.0,1.0,0.0,0.217952,0.599369,0,0,0,0,0,0,0,0,0,0,0,0,0,0,0,9246.654297,8648.191406,20594.646484,40000.0,21567.632812,8338.639648,8817.364258,21830.191406,21440.378906,22532.179688,19728.419922,7427.115723,6567.462891,17982.728516,18511.589844,40000.0,18789.537109,2237.621826,1718.959961,2118.809814,3831.986328,6676.123535,40000.0,40000.0,3097.049561,35241.835658,11131.449207,20641.828678,0,true,true,1.0,-32.7586,0,0.0,0.0,1.0
16,9105,31.6,59202.397995,81592.133965,43213.908949,95921.854781,39900.181851,-2795.247567,-1582.78422,49.960136,-3.609437,2.511797,-131.300171,0.0,-1.0,1.0,0.0,0.209979,0.419958,0,0,0,0,0,0,0,0,0,0,0,0,0,0,0,8851.069336,8524.075195,22404.142578,40000.0,21369.003906,8349.302734,8883.152344,21864.857422,21660.380859,22897.730469,19987.736328,7450.29834,6814.65625,17851.677734,18839.455078,40000.0,12410.448242,1585.611816,1788.551758,2799.155518,3432.498047,7333.49707,40000.0,40000.0,3099.818115,35406.404714,10412.525062,20493.906737,0,true,true,1.0,-32.7486,0,0.0,0.0,1.0
16,9106,31.65,59343.335025,-103135.46899,43289.172795,-101411.027576,39897.929986,-2892.070018,-1492.587278,43.066258,-3.548635,2.894198,-129.99144,0.0,-1.0,1.0,0.0,0.069993,0.139986,0,0,0,0,0,0,0,0,0,0,0,0,0,0,0,8302.070312,8461.946289,40000.0,40000.0,21537.791016,8372.842773,8963.243164,21888.636719,21756.371094,23220.287109,20312.921875,7336.888184,7268.810059,18017.166016,19188.089844,40000.0,5829.885742,1631.334229,1853.764404,2919.321533,4328.521973,7931.435547,40000.0,40000.0,3102.070068,35596.975735,9647.68007,20308.980289,0,true,true,1.0,-32.7386,0,0.0,0.0,1.0
16,9107,31.7,59496.391724,81439.077266,43363.893645,95847.133931,39895.945259,-2974.489207,-1406.121017,34.232456,-3.480925,3.273644,-128.716965,0.0,-1.0,1.0,0.0,0.0,0.0,0,0,0,0,0,0,0,0,0,0,0,0,0,0,0,8033.912598,8389.611328,40000.0,40000.0,21464.367188,8413.864258,9056.338867,21967.976562,21946.365234,40000.0,10642.47168,7361.789062,7668.710938,18242.919922,40000.0,35335.949219,1581.660278,1673.795654,1916.40918,2515.292725,3909.525635,8792.173828,40000.0,40000.0,3104.054688,35757.880215,8913.734604,20123.57805,0,true,true,1.0,-32.7286,0,0.0,0.0,1.0
16,9108,31.75,59643.813289,-103282.890555,43430.416618,-101477.55055,39894.260047,-3063.048638,-1345.460834,33.956134,-3.417617,3.590677,-127.649315,0.0,-1.0,1.0,0.0,0.069993,0.0,0,0,0,0,0,0,0,0,0,0,0,0,0,0,0,7854.227539,8363.439453,40000.0,40000.0,21342.701172,8444.5625,9145.618164,22029.841797,22204.365234,22648.412109,10454.90918,7274.650391,8124.60498,18455.457031,40000.0,32565.958984,1606.625488,1709.016235,2450.729492,3143.245361,4841.205566,40000.0,40000.0,40000.0,3105.73999,35865.680226,8312.129912,19968.160289,0,true,true,1.0,-32.7186,0,0.0,0.0,1.0
16,9109,31.8,59797.069111,81285.821445,43494.956209,95782.594341,39892.690778,-3132.788863,-1287.494275,30.746753,-3.360442,3.856099,-126.762444,0.0,-1.0,1.0,0.0,0.0,0.0,0,0,0,0,0,0,0,0,0,0,0,0,0,0,0,7647.787109,8256.40625,40000.0,40000.0,21586.878906,8485.020508,9230.611328,22128.763672,22373.183594,22599.150391,10427.720703,7355.892578,8622.124023,18664.314453,40000.0,30774.707031,1627.705444,1739.258545,2501.894531,3234.40918,4385.183594,40000.0,40000.0,40000.0,3107.309326,35922.348992,7832.330713,19837.757364,0,true,true,1.0,-32.7086,0,0.0,0.0,1.0
16,9110,31.85,59959.485418,-103445.306862,43559.148291,-101541.742632,39891.159123,-3198.726231,-1236.068673,28.695509,-3.312078,4.064323,-126.058372,0.0,-1.0,1.0,0.0,0.0,0.0,0,0,0,0,0,0,0,0,0,0,0,0,0,0,0,7501.177246,8059.864258,40000.0,40000.0,21664.552734,8526.806641,9309.342773,22247.128906,22515.044922,22649.558594,10284.734375,7466.399414,9123.522461,18869.097656,40000.0,1647.393188,1645.808472,1764.689209,2249.51709,2803.070801,4290.458008,40000.0,40000.0,40000.0,3108.84082,35927.506196,7478.121033,19736.30857,0,true,true,1.0,-32.6986,0,0.0,0.0,1.0
16,9111,31.9,60122.196102,81123.11076,43619.909216,95721.833416,39889.65448,-3264.761347,-1195.226319,29.745657,-3.2721,4.226462,-125.503105,0.0,-1.0,1.0,0.0,0.0,0.0,0,0,0,0,0,0,0,0,0,0,0,0,0,0,0,7391.601074,7903.209473,40000.0,40000.0,21693.904297,8568.424805,9381.427734,22429.019531,22700.699219,22662.898438,10360.498047,7616.747559,40000.0,19062.3125,40000.0,1657.19519,1660.130371,2209.604736,2112.966064,2757.013184,4857.250488,40000.0,40000.0,40000.0,3110.345459,35900.186257,7222.601501,19658.144408,0,true,true,1.0,-32.6886,0,0.0,0.0,1.0
16,9112,31.95,60280.314541,-103603.425301,43676.125558,-101597.958974,39888.169474,-3323.871349,-1161.830049,31.629511,-3.239163,4.359722,-125.061707,0.0,-1.0,1.0,0.0,0.0,0.0,0,0,0,0,0,0,0,0,0,0,0,0,0,0,0,7302.733398,7739.803711,40000.0,40000.0,21712.957031,8609.053711,9447.374023,25286.837891,22876.667969,22736.572266,10286.655273,7776.145508,40000.0,19241.541016,1779.512817,1664.692017,1671.026978,2226.727051,2606.436523,3423.525879,4692.420898,40000.0,40000.0,40000.0,3111.830566,35855.886238,7039.661439,19593.764435,0,true,true,1.0,-32.6786,0,0.0,0.0,1.0
16,9113,32.0,60451.915407,80951.509894,43734.43719,95663.521784,39886.575494,-3367.308682,-1125.694551,29.694654,-3.214265,4.457538,-124.737053,0.0,-1.0,1.0,0.0,0.0,0.0,0,0,0,0,0,0,0,0,0,0,0,0,0,0,0,7180.116699,7572.03125,40000.0,40000.0,21712.386719,8650.780273,9509.125,25429.898438,23057.091797,22906.630859,10348.131836,7983.584961,40000.0,19421.296875,1782.805054,1670.717163,2075.453857,2239.973389,2627.303223,3098.894287,4607.564941,40000.0,40000.0,40000.0,3113.424561,35777.429383,6941.967588,19547.671573,0,true,true,1.0,-32.6686,0,0.0,0.0,1.0
16,9114,32.05,60614.714516,-103766.22441,43787.578913,-101651.100697,39884.973086,-3425.177328,-1102.650254,34.39382,-3.19566,4.5291,-124.499191,0.0,-1.0,1.0,0.0,0.0,0.0,0,0,0,0,0,0,0,0,0,0,0,0,0,0,0,7136.178223,7410.394531,40000.0,40000.0,21643.150391,8700.396484,9564.176758,25568.269531,23223.681641,23032.716797,10492.264648,8105.565918,40000.0,19584.238281,1784.818604,1674.544678,2081.432129,1857.269653,2386.988037,2930.802002,5154.668457,40000.0,40000.0,40000.0,3115.026855,35690.413187,6895.951707,19514.632296,0,true,true,1.0,-32.6586,0,0.0,0.0,1.0
16,9115,32.1,60792.146007,80774.078403,43843.378574,95607.722123,39883.214683,-3460.533885,-1073.594932,32.979982,-3.181744,4.581819,-124.323769,0.0,-1.0,1.0,0.0,0.0,0.0,0,0,0,0,0,0,0,0,0,0,0,0,0,0,0,7086.503906,7131.915527,40000.0,40000.0,21450.21875,9037.521484,9619.079102,23044.4375,23398.927734,23135.751953,10499.563477,8267.746094,40000.0,2060.327393,1785.799316,1850.885498,2085.376465,2255.356689,2197.023193,2879.858887,4962.29541,40000.0,40000.0,40000.0,3116.7854,35580.409566,6900.757552,19491.406101,0,true,true,1.0,-32.6486,0,0.0,0.0,1.0
16,9116,32.15,60996.967646,-103971.046049,43905.377003,-101713.099126,39881.230987,-3514.50313,-1049.221143,36.582298,-3.172078,4.61804,-124.20314,0.0,-1.0,1.0,0.0,0.0,0.0,0,0,0,0,0,0,0,0,0,0,0,0,0,0,0,7222.914551,6907.168945,40000.0,40000.0,21559.023438,9936.369141,9677.614258,23125.814453,23594.78125,23333.902344,10624.050781,8463.37207,40000.0,2057.992188,1785.374634,2070.960693,1789.299072,2258.533936,2658.073242,3520.843018,4797.340332,40000.0,40000.0,40000.0,3118.769043,35439.02998,6959.907684,19477.036633,0,true,true,1.0,-32.6386,0,0.0,0.0,1.0
16,9117,32.2,61170.326456,80600.719593,43956.187246,95556.91188,39879.330327,-3555.723629,-1031.013604,39.46896,-3.163992,4.646474,-124.102959,0.0,-1.0,1.0,0.0,0.0,0.069993,0,0,0,0,0,0,0,0,0,0,0,0,0,0,0,7173.567383,6707.408203,40000.0,40000.0,21645.279297,10522.834961,9728.763672,23269.802734,23761.007812,23500.382812,10726.249023,8682.734375,40000.0,2054.407715,1783.328491,2069.795654,1711.498291,2259.439697,2660.843506,3165.544922,5428.727539,40000.0,40000.0,40000.0,3120.669678,35320.08146,7012.650662,19465.907599,0,true,true,1.0,-32.6286,0,0.0,0.0,1.0
16,9118,32.25,61343.67365,-104144.393243,44005.616633,-101762.528513,39877.357229,-3591.717121,-1014.222631,41.736967,-3.154521,4.673997,-123.986328,0.0,-1.0,1.0,0.0,0.0,0.069993,0,0,0,0,0,0,0,0,0,0,0,0,0,0,0,7304.234375,6428.454102,40000.0,40000.0,21730.033203,11211.837891,9782.889648,23422.205078,23929.208984,23661.181641,10870.366211,8848.047852,22980.308594,2048.786377,2183.669189,2067.246338,2085.405273,1892.515869,2662.54126,2982.641357,5205.126953,40000.0,40000.0,40000.0,3122.642822,35203.968387,7056.583017,19455.777691,0,true,true,1.0,-32.6186,0,0.0,0.0,1.0
16,9119,32.3,61524.015978,80420.377265,44055.746187,95506.782325,39875.253558,-3616.487191,-996.130412,41.406735,-3.142989,4.701828,-123.845169,0.0,-1.0,1.0,0.0,0.0,0.139986,0,0,0,0,0,0,0,0,0,0,0,0,0,0,0,7253.436523,6267.811523,40000.0,40000.0,21736.404297,11906.029297,9842.47168,23580.71875,24106.554688,23821.957031,10992.851562,9081.762695,2611.667969,2040.930908,2192.196533,1689.765503,2082.76001,1869.442749,2231.728516,2894.262939,5021.834961,40000.0,40000.0,40000.0,3124.746338,35086.388064,7091.510564,19446.29993,0,true,true,1.0,-32.6086,0,0.0,0.0,1.0
16,9120,32.35,61701.521158,-104321.898423,44103.967543,-101810.749868,39873.096257,-3653.579922,-984.657732,45.287914,-3.12574,4.688599,-123.634583,0.0,-1.0,1.0,0.0,-0.069993,0.139986,0,0,0,0,0,0,0,0,0,0,0,0,0,0,0,7277.96875,6105.688965,40000.0,40000.0,21532.613281,12505.240234,9908.520508,23734.236328,24286.818359,23970.871094,10972.629883,9315.932617,2592.941406,2030.003052,2184.311035,1803.066162,2079.398438,2256.699707,2195.109619,3551.137451,4885.64209,40000.0,40000.0,40000.0,3126.903809,34965.441692,7084.981962,19463.974507,0,true,true,1.0,-32.5986,0,0.0,0.0,1.0
16,9121,32.4,61878.577576,80243.320847,44151.115674,95459.634194,39870.873893,-3678.771713,-972.92054,46.47464,-3.10193,4.658556,-123.342773,0.0,-1.0,1.0,0.0,-0.069993,0.279972,0,0,0,0,0,0,0,0,0,0,0,0,0,0,0,7348.003906,5954.708008,40000.0,40000.0,21514.628906,13004.865234,9983.240234,23885.720703,24474.537109,24125.677734,11027.524414,9668.669922,2568.147461,2311.343262,2174.341309,2051.471436,1698.583496,2255.917236,2669.768066,3253.948975,5372.85791,40000.0,40000.0,40000.0,3129.126221,34848.703118,7030.990919,19494.207544,0,true,true,1.0,-32.5886,0,0.0,0.0,1.0
16,9122,32.45,62064.161403,-104507.48225,44199.681452,-101859.315646,39868.512856,-3695.932279,-961.48158,45.725434,-3.072854,4.608489,-122.983543,0.0,-1.0,1.0,0.0,0.0,0.209979,0,0,0,0,0,0,0,0,0,0,0,0,0,0,0,7284.277344,5854.73584,40000.0,40000.0,21581.960938,13453.716797,10068.047852,24043.783203,24677.189453,24177.748047,11110.318359,9930.136719,2538.91333,2474.699707,1794.263916,2043.68811,2071.181885,1932.789307,2675.181396,3035.188965,5176.120117,40000.0,40000.0,40000.0,3131.487061,34726.480113,6944.621381,19538.46055,0,true,true,1.0,-32.5786,0,0.0,0.0,1.0
16,9123,32.5,62248.841136,80058.641114,44247.322945,95411.992701,39866.099407,-3721.519714,-955.599701,47.719606,-3.040167,4.530981,-122.5746,0.0,-1.0,1.0,0.0,0.0,0.139986,0,0,0,0,0,0,0,0,0,0,0,0,0,0,0,7273.0,5798.432129,7410.881836,40000.0,21633.716797,13827.983398,10141.746094,24200.472656,24957.324219,24294.052734,11032.609375,10250.491211,2506.627686,2453.703125,2149.113525,1675.610107,2066.42749,1841.023926,2265.294922,2945.346191,5037.810059,40000.0,40000.0,40000.0,3133.900635,34601.269568,6830.571794,19600.283908,0,true,true,1.0,-32.5686,0,0.0,0.0,1.0
16,9124,32.55,62419.453704,-104678.094818,44290.877081,-101902.869782,39863.787844,-3750.171078,-954.340387,51.174479,-3.00729,4.426466,-122.155273,0.0,-1.0,1.0,0.0,0.0,0.069993,0,0,0,0,0,0,0,0,0,0,0,0,0,0,0,7332.339355,5709.736328,7078.178223,40000.0,21676.087891,14119.491211,10226.173828,24387.970703,25154.402344,24339.277344,11102.974609,10603.131836,2504.834961,1991.740234,2135.943604,1707.071289,2061.877441,2254.596924,2192.495117,3638.555176,5070.151367,40000.0,40000.0,40000.0,3136.212158,34478.680922,6703.220045,19677.828568,0,true,true,1.0,-32.5586,0,0.0,0.0,1.0
16,9125,32.6,62607.27542,79870.819398,44338.46096,95364.408822,39861.276037,-3758.718136,-950.072866,48.926538,-2.975376,4.271349,-121.736671,0.0,-1.0,1.0,0.0,0.0,0.069993,0,0,0,0,0,0,0,0,0,0,0,0,0,0,0,7245.126465,5565.331055,6890.894531,40000.0,21728.615234,14457.231445,10321.171875,27281.822266,25367.796875,24427.953125,11024.823242,10909.144531,2780.336914,2044.626587,2121.712158,2017.293701,1687.151245,2253.24707,2695.18335,3271.546387,5154.81543,40000.0,40000.0,40000.0,3138.723877,34325.710593,6592.180639,19785.016471,0,true,true,1.0,-32.5486,0,0.0,0.0,1.0
16,9126,32.65,62837.883186,-104908.702584,44396.570593,-101960.979415,39858.180458,-3784.22178,-952.092198,50.244073,-2.944336,4.111068,-121.313766,0.0,-1.0,1.0,0.0,0.0,0.007777,0,0,0,0,0,0,0,0,0,0,0,0,0,0,0,7336.317383,5444.178711,6466.783203,40000.0,21807.183594,14933.299805,10430.658203,24767.128906,25550.658203,24611.740234,11130.104492,3542.312012,2989.385742,2386.495117,1769.82373,2005.775635,2048.487061,1903.282104,2698.669189,3047.5896,5237.812012,40000.0,40000.0,40000.0,3141.81958,34140.078852,6511.86906,19894.431971,0,true,true,1.0,-32.5386,0,0.0,0.0,1.0
16,9127,32.7,62996.144063,79712.558521,44437.206603,95323.772812,39856.063881,-3754.443937,-1005.336829,53.793139,-2.930048,4.033644,-121.113281,0.0,0.0,1.0,0.0,0.0,0.0,0,0,0,0,0,0,0,0,0,0,0,0,0,0,0,7305.636719,5415.596191,6180.571777,40000.0,21873.34375,40000.0,10496.544922,24905.685547,25717.744141,24674.457031,11097.230469,3503.477051,2968.17334,2373.367676,2096.165771,1646.142822,2043.364868,1825.073364,2277.213135,3025.272705,5274.416016,40000.0,40000.0,40000.0,3143.936035,34015.252532,6509.884235,19946.837662,0,true,true,1.0,-32.5286,0,0.0,0.0,1.0
16,9128,32.75,63198.03391,-105110.592431,44499.454017,-102023.226828,39852.496654,-3617.466234,-1203.989042,69.737606,-2.915972,3.954993,-120.911766,0.0,0.0,1.0,0.0,0.0,0.0,0,0,0,0,0,0,0,0,0,0,0,0,0,0,0,7296.503906,5362.209961,5912.720215,40000.0,21957.857422,40000.0,10564.710938,39919.066406,25923.03125,24841.609375,11191.963867,3483.624268,2430.966309,1925.751465,2095.649902,1708.022461,2046.724731,2252.473389,2213.681641,3716.949707,40000.0,40000.0,40000.0,40000.0,3147.503418,33849.459964,6534.497978,19999.637813,0,true,true,1.0,-32.5186,0,0.0,0.0,1.0
16,9129,32.8,63393.21065,79517.381781,44572.262836,95250.963993,39848.018604,-3500.071057,-1390.527992,86.706866,-2.905427,3.895336,-120.758049,0.0,0.0,1.0,0.0,0.0,0.0,0,0,0,0,0,0,0,0,0,0,0,0,0,0,0,7370.611816,5351.46582,5441.484375,40000.0,22036.214844,40000.0,10613.578125,40000.0,26114.125,25023.095703,11383.236328,3495.706787,2612.216797,2058.959473,1761.98291,2013.982422,1683.65271,2271.268555,2735.002197,3249.873535,40000.0,40000.0,40000.0,40000.0,3151.981445,33680.614245,6576.459428,20039.377315,0,true,true,1.0,-32.5086,0,0.0,0.0,1.0
16,9130,32.85,63525.690916,-105243.072697,44628.816569,-102079.780562,39844.375174,-3426.132367,-1513.379663,98.4258,-2.899454,3.8609,-120.669884,0.0,0.0,1.0,0.0,-0.007777,0.0,0,0,0,0,0,0,0,0,0,0,0,0,0,0,0,7301.681641,5414.765137,5282.703125,40000.0,22086.498047,40000.0,10654.101562,25344.509766,26240.291016,25155.710938,11480.259766,3520.488037,2990.209717,2399.410645,1739.422241,2030.140381,1759.337402,2021.1521,2761.031006,3145.901855,40000.0,40000.0,40000.0,40000.0,3155.624756,33560.664115,6611.045643,20062.092417,0,true,true,1.0,-32.4986,0,0.0,0.0,1.0
16,9131,32.9,63702.710614,79340.362083,44713.660552,95166.12001,39838.797297,-3320.684535,-1666.737845,110.127783,-2.893243,3.824286,-120.577316,0.0,0.0,1.0,0.0,0.0,0.0,0,0,0,0,0,0,0,0,0,0,0,0,0,0,0,7287.488281,5349.629395,5080.378906,40000.0,22150.458984,40000.0,10674.21875,25442.076172,26403.669922,25346.248047,11632.269531,3658.460205,3030.125977,2433.210938,2155.492188,1773.697021,2111.7771,1904.840942,2367.646973,3865.481201,40000.0,40000.0,40000.0,40000.0,3161.202637,33393.50066,6667.469982,20086.036828,0,true,true,1.0,-32.4886,0,0.0,0.0,1.0
16,9132,32.95,63882.978715,-105423.340798,44811.150316,-102177.270326,39832.30013,-3221.97924,-1817.322834,122.476541,-2.888591,3.79692,-120.507385,0.0,0.0,1.0,0.0,0.0,0.0,0,0,0,0,0,0,0,0,0,0,0,0,0,0,0,7308.753906,5333.388672,4932.906738,40000.0,22100.328125,40000.0,10680.65332,25588.818359,26600.117188,25554.832031,11735.907227,3888.164795,3087.727295,2480.825439,2198.530273,1742.96106,2155.353271,2377.041992,2867.363037,3464.418457,40000.0,40000.0,40000.0,40000.0,3167.699951,33215.054118,6733.605758,20103.816759,0,true,true,1.0,-32.4786,0,0.0,0.0,1.0
16,9133,33.0,64047.192624,79176.148174,44909.61088,95067.659447,39825.597328,-3136.337192,-1947.339767,132.934778,-2.885016,3.77531,-120.453293,0.0,0.0,1.0,0.0,0.0,0.0,0,0,0,0,0,0,0,0,0,0,0,0,0,0,0,7220.628418,5361.961914,4835.124023,40000.0,22067.853516,40000.0,10675.487305,13175.564453,26780.109375,25754.583984,11918.630859,4100.445801,2618.476074,2096.932617,2247.528809,2149.976074,1854.265747,2431.939453,2934.69165,3345.043701,40000.0,40000.0,40000.0,40000.0,3174.402588,33044.534712,6794.747101,20117.665531,0,true,true,1.0,-32.4686,0,0.0,0.0,1.0
16,9134,33.05,64169.403539,-105545.551713,44988.952145,-102256.611592,39820.157044,-3077.77782,-2041.565749,141.192504,-2.882985,3.762864,-120.422409,0.0,0.0,1.0,0.0,0.0,0.0,0,0,0,0,0,0,0,0,0,0,0,0,0,0,0,7183.494629,5282.327148,4674.972656,40000.0,22101.654297,40000.0,10676.086914,13164.172852,26883.570312,25910.25,12067.349609,4260.177734,2732.990967,2203.147461,1953.938843,2191.106934,1871.269653,2227.259277,2758.553711,3391.314697,40000.0,40000.0,40000.0,40000.0,3179.843018,32912.818016,6842.642984,20125.567695,0,true,true,1.0,-32.4586,0,0.0,0.0,1.0
16,9135,33.1,64354.099999,78991.451714,45118.940471,94937.671121,39811.339867,-2965.039163,-2157.660356,142.780075,-2.880993,3.750613,-120.392021,0.0,0.0,1.0,0.0,0.0,0.0,0,0,0,0,0,0,0,0,0,0,0,0,0,0,0,7189.625977,5233.081543,4501.561035,6370.128906,22147.710938,40000.0,10938.50293,13131.244141,27035.263672,26157.402344,12313.645508,4504.371094,2971.474121,2666.961914,2001.286499,2262.989258,2321.064453,2138.914307,2588.687988,3529.82251,40000.0,40000.0,40000.0,40000.0,3188.660156,32705.820086,6919.267674,20133.412392,0,true,true,1.0,-32.4486,0,0.0,0.0,1.0
16,9136,33.15,64474.492282,-105665.943995,45209.954233,-102347.625354,39805.074788,-2932.606141,-2256.147074,157.351266,-2.879916,3.743978,-120.375565,0.0,0.0,1.0,0.0,0.0,0.0,0,0,0,0,0,0,0,0,0,0,0,0,0,0,0,7062.822266,5253.675293,4424.462891,5829.59668,22173.695312,40000.0,11219.258789,13100.910156,27132.009766,26386.523438,12561.759766,4665.518066,3392.891846,2728.841309,2420.100098,1964.910156,2375.501465,2621.643799,3165.330811,3631.287598,40000.0,40000.0,40000.0,40000.0,3194.925293,32565.630327,6968.00783,20137.607498,0,true,true,1.0,-32.4386,0,0.0,0.0,1.0
16,9137,33.2,64625.495404,78840.448592,45331.007146,94816.618208,39796.626352,-2866.23423,-2353.038228,164.418298,-2.878851,3.737395,-120.35923,0.0,0.0,1.0,0.0,0.0,0.0,0,0,0,0,0,0,0,0,0,0,0,0,0,0,0,6980.283691,5136.466797,4325.973633,5029.121582,22201.941406,40000.0,11560.246094,13052.198242,27177.796875,26590.742188,12790.279297,4869.757812,3498.814941,2814.368408,2496.176758,2047.905884,2450.550293,2704.700195,3048.518066,3771.085449,40000.0,40000.0,40000.0,40000.0,3203.373535,32384.029568,7028.142076,20141.687052,0,true,true,1.0,-32.4286,0,0.0,0.0,1.0
16,9138,33.25,64781.353017,-105821.801609,45464.107295,-102480.725503,39787.344866,-2805.183565,-2450.621744,172.734537,-2.878093,3.732705,-120.347603,0.0,0.0,1.0,0.0,0.0,0.0,0,0,0,0,0,0,0,0,0,0,0,0,0,0,0,6967.79834,5068.013184,4237.809082,4569.213867,22418.466797,40000.0,11904.615234,12990.982422,27297.646484,26790.785156,13035.644531,5083.038574,3619.881348,2912.014893,2582.949951,2472.070801,2152.077637,2472.647217,2876.268555,40000.0,40000.0,40000.0,40000.0,40000.0,3212.655029,32189.768397,7089.059261,20144.625289,0,true,true,1.0,-32.4186,0,0.0,0.0,1.0
16,9139,33.3,64909.59917,78712.202439,45579.821619,94700.903884,39779.331062,-2749.526629,-2519.608112,175.953316,-2.877682,3.73016,-120.341286,0.0,0.0,1.0,0.0,0.0,0.0,0,0,0,0,0,0,0,0,0,0,0,0,0,0,0,6881.041504,5064.433594,4242.22168,4335.166992,22434.248047,40000.0,12223.711914,12931.878906,27394.144531,26965.109375,13211.165039,5260.426758,3728.405518,2559.180908,2660.610352,2546.472656,2612.435303,2459.879883,2947.642822,40000.0,40000.0,40000.0,40000.0,40000.0,3220.668945,32024.704634,7137.894601,20146.320409,0,true,true,1.0,-32.4086,0,0.0,0.0,1.0
16,9140,33.35,65051.938631,-105964.14107,45714.391093,-102615.294976,39769.852911,-2700.632491,-2599.92086,183.053605,-2.877276,3.727644,-120.335052,0.0,0.0,1.0,0.0,0.0,0.0,0,0,0,0,0,0,0,0,0,0,0,0,0,0,0,6720.611328,4937.47998,4147.356934,4188.271973,22447.490234,40000.0,12583.5625,12858.201172,27499.435547,27186.574219,13436.012695,5459.288086,3857.51709,2693.99585,2361.427734,2634.950439,2703.282471,2984.020508,3068.966064,40000.0,40000.0,40000.0,40000.0,40000.0,3230.146973,31836.2171,7189.445642,20147.907543,0,true,true,1.0,-32.3986,0,0.0,0.0,1.0
16,9141,33.4,65159.455138,78604.685932,45820.365835,94594.929141,39762.388104,-2663.13895,-2655.170736,187.114974,-2.877051,3.726243,-120.331573,0.0,0.0,1.0,0.0,0.0,0.0,0,0,0,0,0,0,0,0,0,0,0,0,0,0,0,6606.524902,4862.912109,4066.746582,3996.474854,22454.582031,40000.0,12859.65918,12796.693359,27577.605469,27379.355469,13634.478516,5610.855957,3415.059814,2849.579102,2473.1604,2358.979492,2776.1604,3064.522217,3166.248779,40000.0,40000.0,40000.0,40000.0,40000.0,3237.611816,31690.147673,7226.894545,20148.831606,0,true,true,1.0,-32.3886,0,0.0,0.0,1.0
16,9142,33.45,65294.08039,-106098.766322,45958.135393,-102753.064534,39752.637649,-2622.59402,-2724.681833,193.623396,-2.876824,3.724838,-120.328094,0.0,0.0,1.0,0.0,0.0,0.0,0,0,0,0,0,0,0,0,0,0,0,0,0,0,0,6489.499512,4776.955078,3994.956787,3788.927246,22459.951172,40000.0,13210.205078,12712.947266,27719.376953,27626.681641,13891.806641,5802.256348,3558.091064,3297.331787,2925.040771,2446.581299,2522.609131,2773.47876,3294.699707,40000.0,40000.0,40000.0,40000.0,40000.0,3247.362305,31502.88859,7271.709701,20149.772434,0,true,true,1.0,-32.3786,0,0.0,0.0,1.0
16,9143,33.5,65424.654733,78474.11159,46097.031008,94456.033526,39742.780411,-2582.906338,-2785.465815,198.41135,-2.876659,3.723812,-120.325546,0.0,0.0,1.0,0.0,0.0,0.0,0,0,0,0,0,0,0,0,0,0,0,0,0,0,0,6369.525391,4747.218262,3970.155029,3655.355957,22453.207031,40000.0,13555.22168,12624.749023,27838.908203,27791.763672,14226.554688,5989.575195,3726.709961,3410.324707,3025.318115,2895.747803,2617.495361,2836.726074,3426.432373,40000.0,40000.0,40000.0,40000.0,40000.0,3257.219482,31316.731517,7312.978936,20150.498693,0,true,true,1.0,-32.3686,0,0.0,0.0,1.0
16,9144,33.55,65552.402347,-106226.513937,46237.803442,-102893.836968,39732.773373,-2546.763933,-2841.88365,202.999169,-2.876538,3.723061,-120.323685,0.0,0.0,1.0,0.0,0.0,0.0,0,0,0,0,0,0,0,0,0,0,0,0,0,0,0,6339.970215,4609.935547,3841.909912,3529.967773,22880.271484,40000.0,13897.382812,12532.035156,27927.332031,28007.033203,14470.603516,6174.398926,3908.89917,3526.41626,3128.335449,2994.378662,3072.191162,2948.486572,40000.0,40000.0,40000.0,40000.0,40000.0,40000.0,3267.226562,31130.399077,7351.23702,20151.082396,0,true,true,1.0,-32.3586,0,0.0,0.0,1.0
16,9145,33.6,65683.813519,78342.700418,46387.526478,94306.31049,39722.150243,-2506.173469,-2890.011535,204.836875,-2.87645,3.722516,-120.322334,0.0,0.0,1.0,0.0,0.0,0.0,0,0,0,0,0,0,0,0,0,0,0,0,0,0,0,40000.0,4491.766113,3756.599609,3429.051514,3917.61084,40000.0,14253.986328,12411.149414,27943.695312,28255.625,14689.694336,6366.092285,4110.668457,3651.415283,3239.247559,3100.560547,3181.151611,3068.787842,40000.0,40000.0,40000.0,40000.0,40000.0,40000.0,3277.849854,30934.490571,7388.421955,20151.610637,0,true,true,1.0,-32.3486,0,0.0,0.0,1.0
16,9146,33.65,65807.030887,-106349.731305,46532.219267,-103038.529757,39711.837731,-2477.668897,-2940.492128,209.743362,-2.876368,3.717486,-120.32106,0.0,0.0,1.0,0.0,0.0,0.0,0,0,0,0,0,0,0,0,0,0,0,0,0,0,0,40000.0,4390.890137,3722.354736,3397.814453,3708.124268,40000.0,14592.141602,12310.079102,28026.279297,28497.904297,14957.134766,6530.916016,4312.175293,3773.469238,2963.090088,2871.994873,2917.727051,3186.259766,40000.0,40000.0,40000.0,40000.0,40000.0,40000.0,3288.162354,30745.450699,7421.241316,20154.523738,0,true,true,1.0,-32.3386,0,0.0,0.0,1.0
16,9147,33.7,65928.695796,78221.035509,46677.841715,94160.688041,39701.458906,-2484.024221,-2933.689311,207.910786,-2.875829,3.710719,-120.312744,0.0,-1.0,1.0,0.0,-0.069993,0.139986,0,0,0,0,0,0,0,0,0,0,0,0,0,0,0,40000.0,4347.388672,3586.001465,3282.04248,3421.512451,40000.0,14925.467773,12208.304688,28107.947266,28659.019531,15299.223633,6711.066895,4524.145996,3457.945801,3087.884277,2943.290771,2996.026855,3305.659912,40000.0,40000.0,40000.0,40000.0,40000.0,40000.0,3298.541016,30556.556354,7448.55713,20158.542623,0,true,true,1.0,-32.3286,0,0.0,0.0,1.0
16,9148,33.75,66056.52347,-106477.558979,46820.380834,-103181.068875,39691.442888,-2595.265868,-2798.617723,195.930597,-2.868332,3.687411,-120.196701,0.0,-1.0,1.0,0.0,-0.151196,0.453588,0,0,0,0,0,0,0,0,0,0,0,0,0,0,0,40000.0,4224.82666,3502.55249,3199.226074,3259.725342,40000.0,15219.419922,12139.236328,28210.775391,28843.972656,15520.911133,6903.759766,4978.591309,3591.513184,3559.636719,3409.25293,3098.457764,40000.0,40000.0,40000.0,40000.0,40000.0,40000.0,40000.0,3308.557129,30373.397239,7426.332163,20174.173806,0,true,true,1.0,-32.3186,0,0.0,0.0,1.0
16,9149,33.8,66184.541551,78093.017428,46951.527513,94029.541363,39682.356587,-2691.66901,-2675.813518,183.878301,-2.847417,3.611994,-119.869186,0.0,-1.0,1.0,0.0,-0.185738,0.696516,0,0,0,0,0,0,0,0,0,0,0,0,0,0,0,40000.0,4082.073975,3465.018311,3178.728516,3135.897217,40000.0,15410.963867,12150.87793,28345.080078,28964.769531,15567.871094,6374.864258,5077.763672,3792.28125,3646.332764,3497.684814,3194.19458,40000.0,40000.0,40000.0,40000.0,40000.0,40000.0,40000.0,3317.643311,30204.739336,7300.972622,20222.598696,0,true,true,1.0,-32.3086,0,0.0,0.0,1.0
16,9150,33.85,66321.646505,-106614.663933,47081.275134,-103310.816497,39673.560753,-2787.427622,-2563.411388,173.57842,-2.810779,3.497281,-119.280937,0.0,-1.0,1.0,0.0,-0.047203,0.424824,0,0,0,0,0,0,0,0,0,0,0,0,0,0,0,40000.0,3972.112061,3394.794434,3103.918945,3026.964844,40000.0,15499.450195,12211.326172,28527.009766,29015.390625,15593.53418,6431.539551,5145.633301,4173.472656,3723.710205,3299.639404,3289.810547,40000.0,40000.0,40000.0,40000.0,40000.0,40000.0,40000.0,3326.439209,30045.999412,7050.821302,20297.782567,0,true,true,1.0,-32.2986,0,0.0,0.0,1.0
16,9151,33.9,66467.846192,77946.81774,47209.599947,93901.21655,39665.083969,-2872.124905,-2453.779178,160.985185,-2.764043,3.363805,-118.504501,0.0,-1.0,1.0,0.0,-0.077785,0.388923,0,0,0,0,0,0,0,0,0,0,0,0,0,0,0,40000.0,3860.761719,3267.91626,3010.770996,2990.599609,3741.912598,15521.989258,12327.927734,28825.027344,29079.955078,15553.253906,6441.605957,4659.083496,4233.703125,3425.241699,3281.841064,3385.206055,40000.0,40000.0,40000.0,40000.0,40000.0,40000.0,40000.0,3334.916016,29894.329219,6715.223913,20386.542877,0,true,true,1.0,-32.2886,0,0.0,0.0,1.0
16,9152,33.95,66609.299241,-106756.116981,47325.732473,-103426.949022,39657.584361,-2950.991275,-2367.584406,152.129682,-2.713367,3.227697,-117.628654,0.0,-1.0,1.0,0.0,0.0,0.139986,0,0,0,0,0,0,0,0,0,0,0,0,0,0,0,40000.0,3829.129883,3199.470215,2960.711914,2986.681885,3582.994141,15487.248047,12488.600586,29051.601562,29061.824219,15534.852539,6662.37793,4786.054688,3872.471191,3526.617188,3342.278076,40000.0,40000.0,40000.0,40000.0,40000.0,40000.0,40000.0,40000.0,3342.415527,29760.483044,6334.013693,20477.979412,0,true,true,1.0,-32.2786,0,0.0,0.0,1.0
16,9153,34.0,66801.615054,77754.501927,47473.215334,93753.733688,39648.455079,-3029.011348,-2257.055103,135.086685,-2.651083,3.067997,-116.501625,0.0,-1.0,1.0,0.0,0.0,0.139986,0,0,0,0,0,0,0,0,0,0,0,0,0,0,0,40000.0,3697.082764,3180.180664,2949.293945,2900.421143,3230.865479,15466.537109,12710.766602,29340.380859,29056.181641,15436.461914,6417.202637,5230.87793,4024.737305,3920.790283,3429.793701,40000.0,40000.0,40000.0,40000.0,40000.0,40000.0,40000.0,40000.0,3351.544922,29584.25174,5859.753191,20585.934179,0,true,true,1.0,-32.2686,0,0.0,0.0,1.0
16,9154,34.05,66911.349976,-106865.851903,47558.070921,-103511.80461,39643.299774,-2972.633039,-2340.868747,142.144505,-2.615014,2.976388,-115.822037,0.0,0.0,1.0,0.0,-0.069993,0.279972,0,0,0,0,0,0,0,0,0,0,0,0,0,0,0,40000.0,3604.449463,3123.837891,2871.622803,2876.936523,3155.857666,15444.875977,12844.773438,29624.662109,29003.214844,15468.097656,6492.012207,5241.106934,4358.365234,3961.138184,3481.140869,40000.0,40000.0,40000.0,40000.0,40000.0,40000.0,40000.0,40000.0,3356.700195,29482.678332,5573.470948,20647.80994,0,true,true,1.0,-32.2586,0,0.0,0.0,1.0
16,9155,34.1,67057.173303,77608.6786,47678.220541,93633.584068,39636.089921,-2883.387558,-2439.809459,145.76313,-2.563861,2.844973,-114.821915,0.0,0.0,1.0,0.0,-0.04244,0.424396,0,0,0,0,0,0,0,0,0,0,0,0,0,0,0,40000.0,3472.773193,3007.65918,2822.01709,2885.561279,3069.281006,15391.5,13068.176758,29854.216797,28997.058594,15586.695312,6613.503418,4759.813477,4401.495605,3628.583496,3557.841064,40000.0,40000.0,40000.0,40000.0,40000.0,40000.0,40000.0,40000.0,3363.910156,29340.617408,5144.579193,20736.246652,0,true,true,1.0,-32.2486,0,0.0,0.0,1.0
16,9156,34.15,67223.85285,-107032.531451,47826.730285,-103660.314353,39627.510804,-2782.575141,-2553.051812,149.935194,-2.504068,2.706589,-113.597198,0.0,0.0,1.0,0.0,-0.045159,0.541913,0,0,0,0,0,0,0,0,0,0,0,0,0,0,0,40000.0,3347.395752,2920.178711,2801.147705,2789.742432,3033.328369,15320.025391,13350.291992,30233.037109,29028.388672,15776.898438,6854.830566,4989.119629,4046.865967,3703.783936,40000.0,40000.0,40000.0,40000.0,40000.0,40000.0,40000.0,40000.0,40000.0,3372.489258,29170.422307,4614.595427,20831.76531,0,true,true,1.0,-32.2386,0,0.0,0.0,1.0
16,9157,34.2,67365.917324,77466.614127,47962.819759,93497.494594,39619.688717,-2690.429547,-2643.2893,150.803649,-2.439516,2.568231,-112.206505,0.0,0.0,1.0,0.0,0.0,0.279972,0,0,0,0,0,0,0,0,0,0,0,0,0,0,0,27065.804688,3221.33374,2832.891357,2733.927002,2741.992676,3063.856689,15162.549805,13710.044922,30725.71875,29366.552734,16062.599609,6371.989258,5294.396484,4509.10498,3779.291016,40000.0,40000.0,40000.0,40000.0,40000.0,40000.0,40000.0,40000.0,40000.0,3380.311279,29021.163043,3990.435355,20929.567294,0,true,true,1.0,-32.2286,0,0.0,0.0,1.0
16,9158,34.25,67499.990004,-107166.604131,48089.929212,-103787.423806,39612.609953,-2771.888239,-2574.909119,141.142736,-2.378783,2.440176,-110.829117,0.0,-1.0,1.0,0.0,0.0,0.0,0,0,0,0,0,0,0,0,0,0,0,0,0,0,0,25784.794922,3106.967529,2800.444824,2633.618652,2750.556396,3028.469482,15009.661133,14129.922852,31083.796875,30391.583984,16559.056641,6576.751465,4843.351562,4552.990723,3850.218994,40000.0,40000.0,40000.0,40000.0,40000.0,40000.0,40000.0,40000.0,40000.0,3387.390137,28873.604749,3376.35759,21020.4283,0,true,true,1.0,-32.2186,0,0.0,0.0,1.0
16,9159,34.3,67641.588667,77325.015464,48217.343016,93370.08079,39605.906695,-2840.83889,-2510.352753,129.281146,-2.324481,2.324549,-109.533813,0.0,-1.0,1.0,0.0,0.0,0.279972,0,0,0,0,0,0,0,0,0,0,0,0,0,0,0,25854.919922,3056.027588,2723.733643,2580.271729,2706.634277,2955.331787,14907.037109,14538.760742,31531.550781,40000.0,9438.000977,6837.630371,4954.102539,4180.932129,3921.867676,40000.0,40000.0,40000.0,40000.0,40000.0,40000.0,40000.0,40000.0,40000.0,3394.093262,28712.672613,2817.613934,21101.852412,0,true,true,1.0,-32.2086,0,0.0,0.0,1.0
16,9160,34.35,67753.601956,-107278.61742,48314.924348,-103885.005138,39601.052033,-2851.145687,-2507.466001,124.822884,-2.284303,2.239997,-108.533974,0.0,0.0,1.0,0.0,0.0,0.279972,0,0,0,0,0,0,0,0,0,0,0,0,0,0,0,25921.820312,2981.105957,2629.265381,2589.110352,2633.949951,2940.814453,14839.369141,14883.650391,31898.900391,19874.126953,9264.641602,6227.722656,5320.870605,4218.575684,5789.663086,40000.0,40000.0,40000.0,40000.0,40000.0,40000.0,40000.0,40000.0,40000.0,3398.947998,28583.071881,2394.068371,21161.49537,0,true,true,1.0,-32.1986,0,0.0,0.0,1.0
16,9161,34.4,67924.375313,77154.242107,48474.459149,93210.545989,39593.309073,-2705.739808,-2630.241216,125.352756,-2.216697,2.094229,-106.762505,0.0,0.0,1.0,0.0,0.0,0.48566,0,0,0,0,0,0,0,0,0,0,0,0,0,0,0,25085.962891,2827.460205,2539.653809,2509.600098,2586.704102,2969.001709,14735.572266,15555.185547,40000.0,19286.884766,9329.945312,6705.989746,5334.150879,4282.549805,10702.630859,40000.0,40000.0,40000.0,40000.0,40000.0,40000.0,40000.0,40000.0,40000.0,3406.690918,28361.384719,1631.913681,21263.923062,0,true,true,1.0,-32.1886,0,0.0,0.0,1.0
16,9162,34.45,68052.728872,-107406.970979,48605.372828,-104015.918816,39587.148196,-2598.288963,-2727.174727,127.390239,-2.16143,1.987276,-105.22522,0.0,0.0,1.0,0.0,0.0,0.279972,0,0,0,0,0,0,0,0,0,0,0,0,0,0,0,25175.138672,2696.771729,2476.500488,2417.922119,2592.070801,2894.146729,3812.512451,16206.527344,31851.220703,18892.208984,8667.350586,6130.285156,4970.336426,4338.736328,40000.0,40000.0,40000.0,40000.0,40000.0,40000.0,40000.0,40000.0,40000.0,40000.0,3412.851807,28173.165733,963.535915,21341.864423,0,true,true,1.0,-32.1786,0,0.0,0.0,1.0
16,9163,34.5,68156.36807,77050.602909,48711.572866,93104.34595,39582.428326,-2652.45595,-2687.569345,118.191381,-2.121281,1.910422,-104.056854,0.0,-1.0,1.0,0.0,-0.069993,0.139986,0,0,0,0,0,0,0,0,0,0,0,0,0,0,0,24851.005859,2615.431152,2448.353271,2371.795654,2532.206299,2874.192139,3736.969971,16747.644531,31727.511719,18502.445312,8716.384766,6150.534668,5365.473633,4387.961426,40000.0,40000.0,40000.0,40000.0,40000.0,40000.0,40000.0,40000.0,40000.0,40000.0,3417.571777,28013.728557,465.994863,21397.845182,0,true,true,1.0,-32.1686,0,0.0,0.0,1.0
16,9164,34.55,68291.90087,-107542.503779,48845.583404,-104149.929354,39576.826816,-2715.512449,-2648.633753,107.899219,-2.070878,1.80832,-102.519493,0.0,-1.0,1.0,0.0,0.0,0.139986,0,0,0,0,0,0,0,0,0,0,0,0,0,0,0,23902.730469,2517.612305,2359.264893,2372.146484,2470.894287,2871.391113,3676.705322,30330.746094,31481.347656,18146.105469,9048.55957,6554.492188,5385.711914,4701.589355,40000.0,40000.0,40000.0,40000.0,40000.0,40000.0,40000.0,40000.0,40000.0,40000.0,3423.173096,27796.67923,-179.252377,21470.860626,0,true,true,1.0,-32.1586,0,0.0,0.0,1.0
16,9165,34.6,68429.019879,76913.4839,48976.727257,92973.202097,39571.767578,-2767.155791,-2617.857743,97.513563,-2.02439,1.711182,-101.021523,0.0,-1.0,1.0,0.0,0.0,0.069993,0,0,0,0,0,0,0,0,0,0,0,0,0,0,0,24061.556641,2443.771484,2264.905762,2312.138428,2447.657227,2895.97168,3707.501709,30630.296875,31296.599609,17777.369141,8500.829102,6011.532227,4967.08252,6325.882812,40000.0,40000.0,40000.0,40000.0,40000.0,40000.0,40000.0,40000.0,40000.0,40000.0,3428.232422,27571.038569,-793.364058,21539.51561,0,true,true,1.0,-32.1486,0,0.0,0.0,1.0
16,9166,34.65,68571.439602,-107684.923502,49115.530014,-104288.732111,39566.794814,-2663.232369,-2694.01876,95.815887,-1.984801,1.624978,-99.674797,0.0,0.0,1.0,0.0,0.0,0.069993,0,0,0,0,0,0,0,0,0,0,0,0,0,0,0,24210.78125,2387.581543,2196.862549,2212.56543,2441.691162,2813.570801,3722.860107,31079.427734,31242.591797,17708.138672,8797.301758,6151.150879,5010.805176,8057.827148,40000.0,40000.0,40000.0,40000.0,40000.0,40000.0,40000.0,40000.0,40000.0,40000.0,3433.205078,27333.888645,-1321.588686,21599.069681,0,true,true,1.0,-32.1386,0,0.0,0.0,1.0
16,9167,34.7,68704.621304,76780.302198,49258.621139,92830.110971,39561.824606,-2511.575408,-2797.355667,96.332837,-1.948082,1.54356,-98.359627,0.0,0.0,1.0,0.0,0.0,0.069993,0,0,0,0,0,0,0,0,0,0,0,0,0,0,0,24428.5625,2258.5354,2167.365967,2156.754883,2341.265381,2776.559814,3800.953613,31383.96875,31113.427734,17869.595703,8193.152344,6500.470215,5065.02002,9705.388672,40000.0,40000.0,40000.0,40000.0,40000.0,40000.0,40000.0,40000.0,40000.0,40000.0,3438.175293,27087.741136,-1835.381752,21654.901635,0,true,true,1.0,-32.1286,0,0.0,0.0,1.0
16,9168,34.75,68825.219296,-107805.521495,49400.76214,-104430.873111,39557.020493,-2370.210633,-2889.92311,96.317225,-1.917473,1.473147,-97.207153,0.0,0.0,1.0,0.0,0.0,0.069993,0,0,0,0,0,0,0,0,0,0,0,0,0,0,0,25709.148438,2152.433105,2052.980225,2128.98291,2291.524658,2786.103516,3700.294189,31811.0625,31072.558594,17983.222656,8610.887695,6524.362305,5130.09375,11453.010742,40000.0,40000.0,40000.0,40000.0,40000.0,40000.0,40000.0,40000.0,40000.0,40000.0,3442.979492,26847.939476,-2276.169287,21702.258445,0,true,true,1.0,-32.1186,0,0.0,0.0,1.0
16,9169,34.8,68945.922594,76659.598901,49556.916448,92673.956663,39551.965433,-2224.093199,-2980.806737,95.534509,-1.892763,1.414612,-96.234108,0.0,0.0,1.0,0.0,0.0,0.069993,0,0,0,0,0,0,0,0,0,0,0,0,0,0,0,40000.0,2049.71582,1956.619873,2002.127075,2253.943359,2650.882812,3645.069092,32056.943359,31293.470703,18280.634766,7992.834473,6149.171875,5217.673828,14037.161133,40000.0,40000.0,40000.0,40000.0,40000.0,40000.0,40000.0,40000.0,40000.0,27339.195312,3448.034668,26602.694669,-2627.302255,21740.456024,0,true,true,1.0,-32.1086,0,0.0,0.0,1.0
16,9170,34.85,69054.717536,-107914.316437,49709.880326,-104583.836989,39547.161485,-2143.48273,-3039.746112,93.993775,-1.873318,1.367407,-95.438271,0.0,-1.0,1.0,0.0,0.0,0.0,0,0,0,0,0,0,0,0,0,0,0,0,0,0,0,40000.0,2005.101807,1895.9646,1917.317505,2118.665283,2621.93042,3634.133789,32334.068359,31602.3125,18587.349609,8098.146484,6412.044434,5662.964844,40000.0,40000.0,40000.0,40000.0,40000.0,40000.0,40000.0,40000.0,40000.0,40000.0,25197.044922,3452.838623,26373.255442,-2901.646444,21770.462317,0,true,true,1.0,-32.0986,0,0.0,0.0,1.0
16,9171,34.9,69166.646827,76547.669609,49864.149246,92519.687743,39542.72359,-2219.409829,-3009.849747,84.215356,-1.858482,1.33068,-94.811417,0.0,-1.0,1.0,0.0,0.0,0.0,0,0,0,0,0,0,0,0,0,0,0,0,0,0,0,40000.0,1985.964966,1821.885498,1876.612549,2080.93335,2466.494629,3441.234375,32576.771484,31941.964844,18978.587891,8303.137695,6747.699707,6234.952637,40000.0,40000.0,40000.0,40000.0,40000.0,40000.0,40000.0,40000.0,40000.0,40000.0,24451.935547,3457.276367,26155.140255,-3090.614833,21792.87388,0,true,true,1.0,-32.0886,0,0.0,0.0,1.0
16,9172,34.95,69258.368512,-108006.038121,49985.926259,-104705.614002,39539.573771,-2273.86495,-2988.595682,76.640705,-1.849361,1.313136,-94.417526,0.0,-1.0,1.0,0.0,0.0,0.0,0,0,0,0,0,0,0,0,0,0,0,0,0,0,0,40000.0,2021.316406,1708.355957,1762.904541,1958.954224,2395.86377,3434.158447,32748.144531,32249.464844,19156.085938,8518.677734,6825.651367,7375.854004,40000.0,40000.0,40000.0,40000.0,40000.0,40000.0,40000.0,40000.0,40000.0,40000.0,24050.898438,3460.42627,25993.288126,-3187.903058,21803.83022,0,true,true,1.0,-32.0786,0,0.0,0.0,1.0
16,9173,35.0,69375.417822,76430.620299,50137.521127,92368.092875,39535.957256,-2285.149699,-2991.816296,70.211298,-1.838943,1.293683,-93.960968,0.0,0.0,1.0,0.0,0.0,0.069993,0,0,0,0,0,0,0,0,0,0,0,0,0,0,0,40000.0,2210.144287,1624.095581,1697.688843,1870.881714,2287.368164,3225.11377,32958.609375,32870.515625,19452.740234,8867.62793,6457.256836,7484.416992,40000.0,40000.0,40000.0,40000.0,40000.0,40000.0,40000.0,40000.0,40000.0,40000.0,23637.599609,3464.042725,25794.766579,-3288.197889,21815.871196,0,true,true,1.0,-32.0686,0,0.0,0.0,1.0
16,9174,35.05,69487.456692,-108118.076991,50293.224782,-104861.317657,39532.375507,-2133.14762,-3072.203905,70.078673,-1.82959,1.279207,-93.545235,0.0,0.0,1.0,0.0,0.069993,0.069993,0,0,0,0,0,0,0,0,0,0,0,0,0,0,0,40000.0,13437.431641,1588.747559,1625.434692,1826.274048,2183.758301,3084.776611,33232.585938,33473.214844,12516.756836,8973.167969,6567.655273,8437.030273,40000.0,40000.0,40000.0,40000.0,40000.0,40000.0,40000.0,40000.0,40000.0,40000.0,23287.550781,3467.624512,25597.325783,-3372.745144,21825.144965,0,true,true,1.0,-32.0586,0,0.0,0.0,1.0
16,9175,35.1,69593.527469,76324.549523,50454.245595,92207.072062,39526.409534,-1991.922847,-3101.252204,185.722012,-1.819871,1.276368,-93.109726,1.0,0.0,1.0,0.0,0.0,0.069993,0,0,0,0,0,0,0,0,0,0,0,0,0,0,0,40000.0,13318.727539,1601.00708,1491.630493,1669.253296,2053.777832,3003.060791,33429.6875,34100.492188,12605.316406,9084.220703,6670.691406,8604.400391,40000.0,40000.0,40000.0,40000.0,40000.0,40000.0,40000.0,40000.0,40000.0,40000.0,22847.736328,3473.590576,25397.983394,-3469.947165,21827.261616,0,true,true,1.0,-32.0486,0,0.0,0.0,1.0
16,9176,35.15,69683.995848,-108208.545371,50600.607262,-105007.679324,39511.566436,-1870.670479,-3084.020097,379.70601,-1.812261,1.284005,-92.768944,1.0,0.0,1.0,0.0,0.0,0.069993,0,0,0,0,0,0,0,0,0,0,0,0,0,0,0,40000.0,13181.167969,1759.301025,1456.177124,1620.953125,1941.253418,2771.15625,33588.386719,34647.460938,12749.621094,8626.101562,6782.081543,9448.970703,40000.0,40000.0,40000.0,40000.0,40000.0,40000.0,40000.0,40000.0,40000.0,40000.0,22718.328125,3488.433594,25224.835474,-3538.046326,21814.569852,0,true,true,1.0,-32.0386,0,0.0,0.0,1.0
16,9177,35.2,69775.381047,76233.164323,50757.174109,92050.505215,39486.073905,-1745.461827,-3061.246386,569.488479,-1.801791,1.308548,-92.305428,1.0,0.0,1.0,0.0,0.0,0.069993,0,0,0,0,0,0,0,0,0,0,0,0,0,0,0,40000.0,13042.349609,1765.567993,1436.962158,1459.403687,1806.583374,2696.746826,33707.042969,40000.0,12778.380859,8611.982422,6894.382812,9553.571289,40000.0,40000.0,40000.0,40000.0,40000.0,40000.0,40000.0,40000.0,40000.0,40000.0,22616.207031,3513.926025,25038.479524,-3657.905462,21785.714845,0,true,true,1.0,-32.0286,0,0.0,0.0,1.0
16,9178,35.25,69863.655115,-108296.819438,50918.369387,-105168.874602,39449.832218,-1624.761487,-3040.839989,751.639007,-1.791982,1.333619,-91.879478,1.0,0.0,1.0,0.0,0.0,0.069993,0,0,0,0,0,0,0,0,0,0,0,0,0,0,0,40000.0,12896.091797,1924.47522,1431.519409,1384.078491,1679.641602,2444.095703,5086.449707,40000.0,12877.321289,8764.626953,6993.493652,10042.661133,40000.0,40000.0,40000.0,40000.0,40000.0,40000.0,40000.0,40000.0,40000.0,40000.0,22505.597656,3550.167725,24850.210909,-3762.272317,21745.6098,0,true,true,1.0,-32.0186,0,0.0,0.0,1.0
16,9179,35.3,69943.369397,76153.450041,51073.567092,91895.30751,39405.957306,-1519.055958,-3029.518106,918.498215,-1.784225,1.352914,-91.548309,1.0,0.0,1.0,0.0,0.0,0.0,0,0,0,0,0,0,0,0,0,0,0,0,0,0,0,40000.0,12749.526367,40000.0,1540.192871,1349.206909,1524.169556,2219.679443,4745.038574,40000.0,13009.111328,8972.040039,7060.107422,10648.604492,40000.0,40000.0,40000.0,40000.0,40000.0,40000.0,40000.0,40000.0,40000.0,40000.0,22347.794922,3594.042725,24673.137161,-3831.798454,21699.248045,0,true,true,1.0,-32.0086,0,0.0,0.0,1.0
16,9180,35.35,70017.12168,-108370.571721,51226.578948,-105321.886458,39354.582361,-1420.106884,-3017.735995,1071.096186,-1.778525,1.366886,-91.308014,1.0,0.0,1.0,0.0,0.0,0.0,0,0,0,0,0,0,0,0,0,0,0,0,0,0,0,40000.0,12598.481445,13686.09082,1533.689087,1334.770264,1396.044434,2108.19165,4390.708496,40000.0,13178.210938,9160.191406,7148.677246,11116.597656,40000.0,40000.0,40000.0,40000.0,40000.0,40000.0,40000.0,40000.0,40000.0,40000.0,22238.345703,3645.417725,24503.45618,-3866.626554,21646.623035,0,true,true,1.0,-31.9986,0,0.0,0.0,1.0
16,9181,35.4,70087.598526,76082.973195,51382.557566,91739.328892,39294.415348,-1321.751835,-2998.491698,1210.253913,-1.774333,1.377055,-91.132858,1.0,0.0,1.0,0.0,0.0,0.0,0,0,0,0,0,0,0,0,0,0,0,0,0,0,0,40000.0,12439.342773,13516.316406,1596.28772,1407.766113,1351.454346,1827.088013,3829.053711,40000.0,13382.462891,9337.165039,7288.421387,11757.853516,40000.0,40000.0,40000.0,40000.0,40000.0,40000.0,40000.0,40000.0,40000.0,40000.0,22067.837891,3705.584717,24334.555853,-3875.995256,21586.170482,0,true,true,1.0,-31.9886,0,0.0,0.0,1.0
16,9182,35.45,70151.132605,-108434.105799,51532.477112,-105471.806004,39229.634342,-1238.820784,-2993.800499,1343.648158,-1.770813,1.396003,-90.987053,1.0,0.0,1.0,0.0,0.139986,0.0,0,0,0,0,0,0,0,0,0,0,0,0,0,0,0,40000.0,12298.28418,13349.619141,40000.0,1437.161011,1330.062988,1564.086426,3373.251953,40000.0,13589.601562,9499.436523,7447.536621,12027.069336,40000.0,40000.0,40000.0,40000.0,40000.0,40000.0,40000.0,40000.0,40000.0,40000.0,21926.439453,3770.365723,24177.491789,-3879.087148,21517.105529,0,true,true,1.0,-31.9786,0,0.0,0.0,1.0
16,9183,35.5,70209.626044,76024.479755,51679.427545,91592.378459,39159.93119,-1158.115588,-2978.808339,1457.518509,-1.766457,1.488608,-90.811768,1.0,0.0,1.0,0.0,0.279972,0.139986,0,0,0,0,0,0,0,0,0,0,0,0,0,0,0,40000.0,12341.032227,13191.960938,40000.0,1439.385376,1359.177979,1461.059814,2915.798584,40000.0,13887.220703,9587.47168,7613.894531,12670.949219,40000.0,40000.0,40000.0,40000.0,40000.0,40000.0,40000.0,40000.0,40000.0,40000.0,21798.242188,3840.068848,24048.500396,-3899.861813,21412.76872,0,true,true,1.0,-31.9686,0,0.0,0.0,1.0
16,9184,35.55,70264.559561,-108489.039316,51826.345677,-105618.724137,39084.453423,-1083.321397,-2966.834234,1565.857081,-1.761012,1.679123,-90.611153,1.0,0.0,1.0,0.0,0.209979,0.069993,0,0,0,0,0,0,0,0,0,0,0,0,0,0,0,40000.0,12336.823242,13039.067383,40000.0,1523.19519,1429.671997,1415.8302,2504.22998,40000.0,14021.041992,9725.22168,7779.977539,13134.950195,40000.0,40000.0,40000.0,40000.0,40000.0,40000.0,40000.0,40000.0,40000.0,40000.0,21679.214844,3915.546631,23953.39286,-3935.36412,21262.622527,0,true,true,1.0,-31.9586,0,0.0,0.0,1.0
16,9185,35.6,70314.253909,75974.785407,51967.68081,91451.043326,39006.66676,-1017.149166,-2959.828954,1667.630417,-1.754703,1.951295,-90.407394,1.0,0.0,1.0,0.0,0.209979,0.0,0,0,0,0,0,0,0,0,0,0,0,0,0,0,0,40000.0,12318.916016,12894.322266,40000.0,2104.726318,1406.446045,1426.796997,2116.537598,40000.0,14149.294922,9867.428711,7932.616699,13590.387695,40000.0,40000.0,40000.0,40000.0,40000.0,40000.0,40000.0,40000.0,40000.0,40000.0,21570.693359,3993.333252,23892.80207,-3977.624569,21076.94437,0,true,true,1.0,-31.9486,0,0.0,0.0,1.0
16,9186,35.65,70358.157222,-108532.942629,52104.468661,-105755.511987,38926.885997,-871.709795,-2934.176251,1743.683116,-1.750633,2.34064,-90.29113,1.0,1.0,1.0,0.0,0.29712,-0.29712,0,0,0,0,0,0,0,0,0,0,0,0,0,0,0,40000.0,12306.555664,12742.53418,40000.0,4533.287598,1423.578369,1477.66394,1720.478271,40000.0,22091.550781,10022.141602,8064.331543,14131.556641,40000.0,40000.0,40000.0,40000.0,40000.0,40000.0,40000.0,40000.0,40000.0,40000.0,21453.894531,4073.114014,23885.009928,-3990.1374,20840.3116,0,true,true,1.0,-31.9386,0,0.0,0.0,1.0
16,9187,35.7,70393.801941,75939.140688,52246.500612,91309.011375,38839.929141,-644.063636,-2880.242338,1793.888231,-1.756784,2.901973,-90.426689,1.0,1.0,1.0,0.0,0.254711,-0.407537,0,0,0,0,0,0,0,0,0,0,0,0,0,0,0,40000.0,12222.792969,12547.250977,40000.0,21767.376953,1487.236816,1497.624756,1589.10022,40000.0,22153.126953,10308.570312,8228.600586,14284.204102,40000.0,40000.0,40000.0,40000.0,40000.0,40000.0,40000.0,40000.0,40000.0,40000.0,21290.005859,4160.070801,23951.096285,-3908.543294,20522.971331,0,true,true,1.0,-31.9286,0,0.0,0.0,1.0
16,9188,35.75,70422.786656,-108561.927344,52413.928256,-105922.939632,38732.057098,-396.819292,-2834.186787,1866.059438,-1.777778,3.664912,-90.798347,1.0,1.0,1.0,0.0,0.119176,-0.29794,0,0,0,0,0,0,0,0,0,0,0,0,0,0,0,40000.0,12020.865234,12289.901367,40000.0,21659.380859,1760.220581,1448.634644,1575.959839,35963.300781,22014.898438,10614.349609,8509.326172,14252.432617,40000.0,40000.0,40000.0,40000.0,40000.0,40000.0,40000.0,40000.0,40000.0,40000.0,21069.162109,4267.942871,24075.034822,-3738.91155,20099.667922,0,true,true,1.0,-31.9186,0,0.0,0.0,1.0
16,9189,35.8,70436.346535,75925.580809,52551.738709,91171.200922,38638.900596,-205.507987,-2787.366308,1913.84683,-1.807168,4.299341,-91.228706,1.0,1.0,1.0,0.0,0.139986,-0.279972,0,0,0,0,0,0,0,0,0,0,0,0,0,0,0,40000.0,11849.170898,12064.673828,40000.0,21147.789062,2379.162598,1490.20166,1606.606445,35070.042969,21837.158203,10901.868164,8709.916992,40000.0,40000.0,40000.0,40000.0,40000.0,40000.0,40000.0,40000.0,40000.0,40000.0,40000.0,20901.703125,4361.099609,24182.081042,-3558.219727,19743.281653,0,true,true,1.0,-31.9086,0,0.0,0.0,1.0
16,9190,35.85,70440.980267,-108566.561076,52687.270385,-106058.471307,38543.424721,-30.238901,-2751.932042,1968.995556,-1.850667,4.944479,-91.776825,1.0,1.0,1.0,0.0,0.069993,-0.139986,0,0,0,0,0,0,0,0,0,0,0,0,0,0,0,40000.0,12128.03125,11831.079102,40000.0,21036.607422,2817.768066,1560.225342,1528.325073,1870.364502,21639.394531,31916.009766,8926.938477,40000.0,40000.0,40000.0,40000.0,40000.0,40000.0,40000.0,40000.0,40000.0,40000.0,40000.0,20715.304688,4456.575195,24296.936913,-3337.749624,19378.838087,0,true,true,1.0,-31.8986,0,0.0,0.0,1.0
16,9191,35.9,70437.278468,75929.282608,52823.771607,91034.6997,38443.397356,134.457604,-2713.225678,2018.407351,-1.908953,5.61162,-92.420097,1.0,1.0,1.0,0.0,0.0,-0.139986,0,0,0,0,0,0,0,0,0,0,0,0,0,0,0,40000.0,12481.922852,11590.208008,40000.0,20917.818359,3235.052002,1720.488403,1489.738281,1746.887451,21577.300781,32049.384766,40000.0,40000.0,40000.0,40000.0,40000.0,40000.0,40000.0,40000.0,40000.0,40000.0,40000.0,40000.0,20522.203125,4556.602539,24417.056122,-3086.732949,18999.660446,0,true,true,1.0,-31.8886,0,0.0,0.0,1.0
16,9192,35.95,70426.303565,-108555.586173,52953.96774,-106188.66744,38344.381198,280.013355,-2676.599145,2062.982505,-1.981557,6.307167,-93.129433,1.0,1.0,1.0,0.0,0.069993,-0.139986,0,0,0,0,0,0,0,0,0,0,0,0,0,0,0,40000.0,12468.049805,11356.18457,40000.0,20614.058594,3785.139893,1965.789551,1504.473755,1743.600098,21668.652344,32183.140625,40000.0,40000.0,40000.0,40000.0,40000.0,40000.0,40000.0,40000.0,40000.0,40000.0,40000.0,40000.0,21352.478516,4655.618652,24549.064459,-2815.998848,18607.925688,0,true,true,1.0,-31.8786,0,0.0,0.0,1.0
16,9193,36.0,70407.559825,75948.026348,53088.997205,90899.670235,38237.982465,419.936343,-2642.988398,2111.442597,-2.074686,7.01178,-93.941826,1.0,1.0,1.0,0.0,0.062138,-0.434969,0,0,0,0,0,0,0,0,0,0,0,0,0,0,0,40000.0,12759.665039,11111.745117,40000.0,20489.216797,4439.551758,2299.434082,1572.609375,1614.902588,21784.820312,32326.984375,40000.0,40000.0,40000.0,40000.0,40000.0,40000.0,40000.0,40000.0,40000.0,40000.0,40000.0,40000.0,22708.941406,4762.017578,24675.720156,-2510.846854,18203.941056,0,true,true,1.0,-31.8686,0,0.0,0.0,1.0
16,9194,36.05,70384.340232,-108532.366581,53212.314105,-106311.98434,38137.514566,537.296261,-2613.474007,2154.284709,-2.184814,7.673071,-94.813362,1.0,1.0,1.0,0.0,0.0,-0.069993,0,0,0,0,0,0,0,0,0,0,0,0,0,0,0,40000.0,13957.321289,10881.478516,40000.0,20545.130859,33805.921875,2582.148193,1722.097046,1575.187256,1984.960327,32467.453125,40000.0,29794.308594,40000.0,40000.0,40000.0,40000.0,40000.0,40000.0,40000.0,40000.0,40000.0,40000.0,23317.529297,4862.485352,24794.928655,-2184.595351,17821.838049,0,true,true,1.0,-31.8586,0,0.0,0.0,1.0
16,9195,36.1,70358.403547,75973.963034,53336.97061,90775.013731,38032.418452,517.146724,-2596.06592,2220.718529,-2.285114,8.225779,-95.545105,1.0,0.0,1.0,0.0,0.0,0.0,0,0,0,0,0,0,0,0,0,0,0,0,0,0,0,40000.0,40000.0,10670.263672,40000.0,20445.689453,33166.386719,2747.055176,1902.463623,1575.4104,1937.832764,32608.6875,40000.0,27362.767578,40000.0,40000.0,40000.0,40000.0,40000.0,40000.0,40000.0,40000.0,40000.0,40000.0,40000.0,4967.581543,24863.798239,-1920.844373,17484.49163,0,true,true,1.0,-31.8486,0,0.0,0.0,1.0
16,9196,36.15,70335.098987,-108509.062021,53464.108399,-106439.122129,37920.98522,453.367592,-2581.621908,2294.120399,-2.343245,8.528779,-95.946564,1.0,0.0,1.0,0.0,0.0,0.0,0,0,0,0,0,0,0,0,0,0,0,0,0,0,0,40000.0,40000.0,10489.429688,40000.0,20338.972656,33318.335938,3013.888428,2039.018799,1630.440308,1789.682617,32772.578125,40000.0,27442.546875,40000.0,40000.0,40000.0,40000.0,40000.0,40000.0,40000.0,40000.0,40000.0,40000.0,40000.0,5000.0,24833.835058,-1793.753579,17255.592767,0,true,true,1.0,-31.8386,0,0.0,0.0,1.0
16,9197,36.2,70310.193589,75998.868432,53620.838593,90618.283536,37777.876936,380.017313,-2566.6784,2382.789002,-2.416364,8.893537,-96.431412,1.0,0.0,1.0,0.0,0.0,0.0,0,0,0,0,0,0,0,0,0,0,0,0,0,0,0,20485.689453,40000.0,10269.722656,40000.0,20212.365234,33533.210938,3372.097656,2240.791504,1783.118286,1735.941162,33239.65625,40000.0,27652.830078,40000.0,40000.0,40000.0,40000.0,40000.0,40000.0,40000.0,40000.0,40000.0,40000.0,40000.0,5000.0,24789.489207,-1639.571901,16972.711126,0,true,true,1.0,-31.8286,0,0.0,0.0,1.0
16,9198,36.25,70295.710989,-108494.579421,53727.327747,-106545.611283,37677.17678,332.732595,-2557.386447,2441.348544,-2.448973,9.050891,-96.641129,1.0,0.0,1.0,0.0,0.0,0.0,0,0,0,0,0,0,0,0,0,0,0,0,0,0,0,20351.056641,40000.0,10131.255859,40000.0,20220.355469,33620.882812,3519.015381,2372.645508,1940.848511,1718.12085,33496.082031,40000.0,27717.914062,40000.0,40000.0,40000.0,40000.0,40000.0,40000.0,40000.0,40000.0,40000.0,40000.0,40000.0,5000.0,24725.495772,-1583.076649,16818.952018,0,true,true,1.0,-31.8186,0,0.0,0.0,1.0
16,9199,36.3,70281.182603,76013.396818,53850.896167,90494.715116,37556.925669,280.918153,-2549.008395,2508.931644,-2.482825,9.211043,-96.854927,1.0,0.0,1.0,0.0,0.0,0.0,0,0,0,0,0,0,0,0,0,0,0,0,0,0,0,20201.072266,40000.0,9973.441406,40000.0,20441.183594,33714.265625,3764.67749,2585.3125,2008.227295,1800.401611,2345.964111,40000.0,27846.128906,40000.0,40000.0,40000.0,40000.0,40000.0,40000.0,40000.0,40000.0,40000.0,40000.0,40000.0,5000.0,24641.86191,-1528.415616,16647.918602,0,true,true,1.0,-31.8086,0,0.0,0.0,1.0
16,9200,36.35,70268.34819,-108481.745009,53982.763549,-106677.478665,37424.76316,227.217822,-2525.928054,2557.528216,-2.507777,9.327106,-97.010086,1.0,0.0,1.0,0.0,0.0,0.0,0,0,0,0,0,0,0,0,0,0,0,0,0,0,0,20056.708984,40000.0,9810.935547,40000.0,20341.708984,33815.925781,4103.996094,2697.504639,2138.461182,1877.331055,2353.150635,40000.0,27981.400391,40000.0,40000.0,40000.0,40000.0,40000.0,40000.0,40000.0,40000.0,40000.0,40000.0,40000.0,5000.0,24532.273187,-1498.343603,16487.047842,0,true,true,1.0,-31.7986,0,0.0,0.0,1.0
16,9201,36.4,70257.292297,76024.452712,54103.299555,90374.17911,37300.836918,268.526314,-2515.775607,2602.637551,-2.52643,9.41281,-97.124786,1.0,1.0,1.0,0.0,0.0,0.0,0,0,0,0,0,0,0,0,0,0,0,0,0,0,0,19930.972656,40000.0,9664.729492,40000.0,20251.21875,33872.722656,4259.367676,2919.413574,2312.185059,1980.61731,2159.378662,40000.0,28159.912109,40000.0,40000.0,40000.0,40000.0,40000.0,40000.0,40000.0,40000.0,40000.0,40000.0,40000.0,5000.0,24424.214118,-1481.957143,16346.558035,0,true,true,1.0,-31.7886,0,0.0,0.0,1.0
16,9202,36.45,70236.721682,-108461.174394,54247.356631,-106821.535741,37150.186695,414.240556,-2492.430205,2624.765981,-2.543414,9.490088,-97.228302,1.0,1.0,1.0,0.0,0.0,0.0,0,0,0,0,0,0,0,0,0,0,0,0,0,0,0,19860.876953,40000.0,9493.875,40000.0,20129.308594,33867.476562,40000.0,3025.891846,2394.462891,2147.354492,2140.644043,40000.0,28294.455078,40000.0,40000.0,40000.0,40000.0,40000.0,40000.0,40000.0,40000.0,40000.0,40000.0,40000.0,5000.0,24286.775288,-1483.972829,16188.085402,0,true,true,1.0,-31.7786,0,0.0,0.0,1.0
16,9203,36.5,70217.724431,76043.449963,54346.050098,90275.485643,37045.547292,507.307554,-2473.642484,2633.789386,-2.551674,9.524881,-97.278336,1.0,1.0,1.0,0.0,0.0,0.0,0,0,0,0,0,0,0,0,0,0,0,0,0,0,0,22019.333984,40000.0,9378.924805,40000.0,20224.044922,33883.78125,40000.0,3210.028076,2484.418457,2198.353027,2119.122314,40000.0,28380.636719,40000.0,40000.0,40000.0,40000.0,40000.0,40000.0,40000.0,40000.0,40000.0,40000.0,40000.0,5000.0,24186.948712,-1498.935809,16086.50479,0,true,true,1.0,-31.7686,0,0.0,0.0,1.0
16,9204,36.55,70184.501315,-108427.951277,54486.382235,-106961.867878,36894.722318,631.248171,-2452.471506,2651.343595,-2.564471,9.571636,-97.355515,1.0,1.0,1.0,0.0,0.0,-0.069993,0,0,0,0,0,0,0,0,0,0,0,0,0,0,0,21902.455078,40000.0,9215.825195,11197.933594,20341.208984,33901.667969,40000.0,3383.818115,2663.300293,2285.458496,2182.496826,40000.0,28483.455078,40000.0,40000.0,40000.0,40000.0,40000.0,40000.0,40000.0,40000.0,40000.0,40000.0,40000.0,5000.0,24044.796469,-1524.227613,15941.460979,0,true,true,1.0,-31.7586,0,0.0,0.0,1.0
16,9205,36.6,70146.962826,76080.988451,54617.352094,90144.515783,36752.048703,738.662897,-2433.716157,2666.158569,-2.583794,9.605767,-97.47155,1.0,1.0,1.0,0.0,0.139986,-0.480105,0,0,0,0,0,0,0,0,0,0,0,0,0,0,0,21786.046875,40000.0,9097.111328,10999.93457,20220.919922,40000.0,40000.0,3515.705078,2788.003418,2441.052979,2255.901367,40000.0,28608.667969,40000.0,40000.0,40000.0,40000.0,40000.0,40000.0,40000.0,40000.0,40000.0,40000.0,40000.0,5000.0,23911.628632,-1536.487513,15807.739478,0,true,true,1.0,-31.7486,0,0.0,0.0,1.0
16,9206,36.65,70108.032053,-108389.020504,54735.989794,-107080.505578,36621.203158,827.901611,-2416.56758,2676.333126,-2.643192,9.671534,-97.826614,1.0,1.0,1.0,0.0,0.090331,-0.587149,0,0,0,0,0,0,0,0,0,0,0,0,0,0,0,21615.726562,40000.0,9109.655273,10778.489258,20102.794922,40000.0,40000.0,3678.656006,2884.80542,2530.769531,2391.808105,40000.0,28765.353516,40000.0,40000.0,40000.0,40000.0,40000.0,40000.0,40000.0,40000.0,40000.0,40000.0,40000.0,5000.0,23810.375077,-1451.465256,15666.146006,0,true,true,1.0,-31.7386,0,0.0,0.0,1.0
16,9207,36.7,70063.973702,76125.046801,54856.415662,90024.089916,36486.980759,911.004964,-2401.165824,2686.486494,-2.735504,9.790442,-98.374176,1.0,1.0,1.0,0.0,0.416938,-0.052117,0,0,0,0,0,0,0,0,0,0,0,0,0,0,0,19693.539062,40000.0,9153.510742,10527.00293,20591.0625,21109.732422,40000.0,3828.296143,3011.900391,2623.232178,2463.041016,3120.173828,28890.544922,40000.0,40000.0,40000.0,40000.0,40000.0,40000.0,40000.0,40000.0,40000.0,40000.0,40000.0,5000.0,23728.275414,-1296.032495,15496.138308,0,true,true,1.0,-31.7286,0,0.0,0.0,1.0
16,9208,36.75,70025.62056,-108350.667361,54957.677887,-107181.767803,36372.807397,875.340306,-2387.677821,2706.852067,-2.806427,10.034095,-98.788513,1.0,0.0,1.0,0.0,0.851231,0.069993,0,0,0,0,0,0,0,0,0,0,0,0,0,0,0,19547.320312,40000.0,9179.201172,10332.003906,40000.0,20530.777344,40000.0,3895.105713,3041.590332,2684.185547,2541.164551,2684.179199,29082.021484,40000.0,40000.0,40000.0,40000.0,40000.0,40000.0,40000.0,40000.0,40000.0,40000.0,40000.0,5000.0,23694.905421,-1189.921005,15293.705191,0,true,true,1.0,-31.7186,0,0.0,0.0,1.0
16,9209,36.8,69983.280198,76167.387163,55082.522402,89899.245401,36229.296417,767.929059,-2374.169576,2746.996264,-2.891445,10.611901,-99.267654,1.0,0.0,1.0,0.0,0.70659,0.282636,0,0,0,0,0,0,0,0,0,0,0,0,0,0,0,19391.640625,40000.0,9108.320312,10109.146484,40000.0,20394.869141,40000.0,4162.449219,3224.069336,2790.527588,2575.736572,2649.369629,40000.0,40000.0,40000.0,40000.0,40000.0,40000.0,40000.0,40000.0,40000.0,40000.0,40000.0,40000.0,5000.0,23721.535642,-1074.519393,14928.114158,0,true,true,1.0,-31.7086,0,0.0,0.0,1.0
16,9210,36.85,69950.475265,-108317.862428,55191.554247,-107290.799648,36101.400975,687.987361,-2387.429449,2823.751938,-2.963691,11.41149,-99.649727,1.0,0.0,1.0,0.0,0.313906,0.062781,0,0,0,0,0,0,0,0,0,0,0,0,0,0,0,19290.246094,40000.0,9019.724609,9933.364258,40000.0,19862.648438,40000.0,40000.0,3284.865479,2839.307617,2687.53125,2672.971191,40000.0,40000.0,40000.0,40000.0,40000.0,40000.0,40000.0,40000.0,40000.0,40000.0,40000.0,40000.0,5000.0,23812.735835,-991.899465,14485.577499,0,true,true,1.0,-31.6986,0,0.0,0.0,1.0
16,9211,36.9,69916.27398,76201.588449,55321.595785,89769.203864,35945.627083,585.739325,-2355.351548,2845.060036,-3.031819,12.371564,-99.983566,1.0,0.0,1.0,0.0,0.279972,0.069993,0,0,0,0,0,0,0,0,0,0,0,0,0,0,0,19173.355469,40000.0,8882.094727,9746.300781,40000.0,19782.185547,40000.0,40000.0,3482.939941,2959.098877,2809.911377,2773.262451,40000.0,40000.0,40000.0,40000.0,40000.0,40000.0,40000.0,40000.0,40000.0,40000.0,40000.0,40000.0,5000.0,23907.803286,-939.561449,13955.039039,0,true,true,1.0,-31.6886,0,0.0,0.0,1.0
16,9212,36.95,69889.061879,-108290.650328,55441.280783,-107410.484647,35798.845306,504.430424,-2347.369896,2904.585128,-3.098585,13.412326,-100.285645,1.0,0.0,1.0,0.0,0.374012,0.074802,0,0,0,0,0,0,0,0,0,0,0,0,0,0,0,19116.189453,40000.0,8763.396484,9583.990234,40000.0,19722.537109,40000.0,40000.0,3573.144043,3117.891602,2865.390381,2871.172607,40000.0,40000.0,40000.0,40000.0,40000.0,40000.0,40000.0,40000.0,40000.0,40000.0,40000.0,40000.0,5000.0,24020.528054,-894.07837,13398.61032,0,true,true,1.0,-31.6786,0,0.0,0.0,1.0
16,9213,37.0,69866.00387,76224.646458,55559.403179,89651.081468,35650.521925,426.949757,-2324.740817,2945.746057,-3.164459,14.561693,-100.560516,1.0,0.0,1.0,0.0,0.209979,0.0,0,0,0,0,0,0,0,0,0,0,0,0,0,0,0,19064.316406,40000.0,8655.233398,9435.543945,40000.0,19686.900391,40000.0,40000.0,3706.424805,3185.990967,2971.269043,3020.097168,40000.0,40000.0,40000.0,40000.0,40000.0,40000.0,40000.0,40000.0,40000.0,40000.0,40000.0,40000.0,5000.0,24144.783587,-859.015252,12795.798318,0,true,true,1.0,-31.6686,0,0.0,0.0,1.0
16,9214,37.05,69846.250879,-108270.897337,55679.173145,-107530.254612,35496.283579,353.55568,-2297.168761,2986.760919,-3.213627,15.579906,-100.750992,1.0,0.0,1.0,0.0,0.0,0.0,0,0,0,0,0,0,0,0,0,0,0,0,0,0,0,19023.478516,40000.0,8548.432617,9294.193359,40000.0,19657.332031,40000.0,40000.0,3909.186768,3306.115967,3110.832275,3126.816406,40000.0,40000.0,40000.0,40000.0,40000.0,40000.0,40000.0,40000.0,40000.0,40000.0,40000.0,40000.0,5000.0,24220.846758,-853.616694,12245.585132,0,true,true,1.0,-31.6586,0,0.0,0.0,1.0
16,9215,37.1,69829.130399,76241.766938,55805.925231,89524.329381,35328.516568,280.118918,-2256.008097,3013.697392,-3.249164,16.31226,-100.880836,1.0,0.0,1.0,0.0,0.0,0.0,0,0,0,0,0,0,0,0,0,0,0,0,0,0,0,18966.152344,40000.0,8445.154297,9140.40625,40000.0,40000.0,40000.0,40000.0,3998.717285,3480.926758,3241.201904,3191.918213,40000.0,40000.0,40000.0,40000.0,40000.0,40000.0,40000.0,40000.0,40000.0,40000.0,40000.0,40000.0,5000.0,24214.344316,-866.15841,11808.047148,0,true,true,1.0,-31.6486,0,0.0,0.0,1.0
16,9216,37.15,69819.049656,-108260.816595,55897.500308,-107621.82969,35204.272755,233.126921,-2249.187317,3074.224646,-3.269526,16.715025,-100.95266,1.0,0.0,1.0,0.0,0.0,0.0,0,0,0,0,0,0,0,0,0,0,0,0,0,0,0,18916.990234,40000.0,8436.321289,9026.591797,40000.0,40000.0,40000.0,40000.0,4104.787598,3552.509521,3296.265625,3272.878906,40000.0,40000.0,40000.0,40000.0,40000.0,40000.0,40000.0,40000.0,40000.0,40000.0,40000.0,40000.0,5000.0,24178.091443,-879.352936,11544.17551,0,true,true,1.0,-31.6386,0,0.0,0.0,1.0
16,9217,37.2,69809.193716,76251.622879,56008.61334,89413.21635,35050.026861,177.337049,-2220.194758,3110.192112,-3.290524,17.118746,-101.024963,1.0,0.0,1.0,0.0,0.0,0.0,0,0,0,0,0,0,0,0,0,0,0,0,0,0,0,18851.095703,40000.0,8442.65918,8886.333984,40000.0,40000.0,40000.0,40000.0,4305.980957,3628.683594,3376.378662,3371.716309,40000.0,40000.0,40000.0,40000.0,40000.0,40000.0,40000.0,40000.0,40000.0,40000.0,40000.0,40000.0,5000.0,24112.353943,-897.454416,11258.227851,0,true,true,1.0,-31.6286,0,0.0,0.0,1.0
16,9218,37.25,69801.736157,-108253.359036,56123.154074,-107736.370423,34887.017536,123.720164,-2193.516351,3151.54348,-3.306087,17.410822,-101.077477,1.0,0.0,1.0,0.0,0.0,0.0,0,0,0,0,0,0,0,0,0,0,0,0,0,0,0,18773.708984,40000.0,8423.467773,8738.453125,40000.0,40000.0,40000.0,40000.0,40000.0,3740.169678,3479.19873,3473.555908,40000.0,40000.0,40000.0,40000.0,40000.0,40000.0,40000.0,40000.0,40000.0,40000.0,40000.0,40000.0,5000.0,24015.749499,-919.779107,11013.710123,0,true,true,1.0,-31.6186,0,0.0,0.0,1.0
16,9219,37.3,69796.835329,76256.523707,56239.920145,89296.450278,34716.674764,72.225816,-2156.385887,3172.072375,-3.317582,17.622889,-101.115707,1.0,0.0,1.0,0.0,0.0,0.0,0,0,0,0,0,0,0,0,0,0,0,0,0,0,0,18687.251953,40000.0,8401.816406,8585.151367,40000.0,40000.0,40000.0,40000.0,40000.0,3904.684814,3589.315674,3590.153564,40000.0,40000.0,40000.0,40000.0,40000.0,40000.0,40000.0,40000.0,40000.0,40000.0,40000.0,40000.0,5000.0,23897.199737,-944.330458,10797.858409,0,true,true,1.0,-31.6086,0,0.0,0.0,1.0
16,9220,37.35,69794.68625,-108251.209957,56337.965688,-107834.415966,34570.40104,32.407813,-2143.528737,3221.342533,-3.326175,17.779438,-101.14399,1.0,0.0,1.0,0.0,0.0,0.0,0,0,0,0,0,0,0,0,0,0,0,0,0,0,0,18611.609375,40000.0,8386.250977,8455.546875,40000.0,40000.0,40000.0,40000.0,40000.0,4001.078857,3720.687012,3724.099365,40000.0,40000.0,40000.0,40000.0,40000.0,40000.0,40000.0,40000.0,40000.0,40000.0,40000.0,40000.0,5000.0,23791.277152,-964.299655,10623.348218,0,true,true,1.0,-31.5986,0,0.0,0.0,1.0
16,9221,37.4,69794.385182,76256.824775,56446.691684,89187.724283,34404.839312,-9.496832,-2117.589666,3250.337102,-3.332474,17.89315,-101.164558,1.0,0.0,1.0,0.0,0.0,0.0,0,0,0,0,0,0,0,0,0,0,0,0,0,0,0,18522.023438,40000.0,8367.889648,8309.962891,40000.0,40000.0,40000.0,40000.0,40000.0,4056.840576,3819.575684,3811.85498,40000.0,40000.0,40000.0,40000.0,40000.0,40000.0,40000.0,40000.0,40000.0,40000.0,40000.0,40000.0,5000.0,23660.384604,-987.487464,10452.370241,0,true,true,1.0,-31.5886,0,0.0,0.0,1.0
16,9222,37.45,69796.06269,-108252.887466,56551.638422,-107939.362705,34241.755993,-47.551225,-2103.855634,3297.378438,-3.340454,18.012245,-101.19046,1.0,0.0,1.0,0.0,0.53615,-0.178717,0,0,0,0,0,0,0,0,0,0,0,0,0,0,0,18433.472656,40000.0,8288.264648,8168.793945,40000.0,40000.0,40000.0,40000.0,40000.0,4161.658203,3874.765137,3908.199463,40000.0,40000.0,40000.0,40000.0,40000.0,40000.0,40000.0,40000.0,40000.0,40000.0,40000.0,40000.0,5000.0,23533.942616,-1006.055141,10280.802634,0,true,true,1.0,-31.5786,0,0.0,0.0,1.0
16,9223,37.5,69799.438652,76253.448813,56653.080805,89086.2819,34081.112474,-81.678428,-2073.092453,3305.382243,-3.387945,18.3787,-101.342834,1.0,0.0,1.0,0.0,0.523405,-0.190329,0,0,0,0,0,0,0,0,0,0,0,0,0,0,0,18345.662109,40000.0,8227.342773,8028.687012,40000.0,40000.0,40000.0,40000.0,40000.0,4278.594727,3971.024658,3975.886963,4417.205078,40000.0,40000.0,40000.0,40000.0,40000.0,40000.0,40000.0,40000.0,40000.0,40000.0,40000.0,5000.0,23457.042376,-979.232097,10007.140986,0,true,true,1.0,-31.5686,0,0.0,0.0,1.0
16,9224,37.55,69804.638718,-108258.087531,56757.149667,-108043.431567,33913.197044,-115.43638,-2058.812979,3350.145484,-3.466908,19.009043,-101.590202,1.0,0.0,1.0,0.0,0.839078,-0.079912,0,0,0,0,0,0,0,0,0,0,0,0,0,0,0,18263.570312,40000.0,8135.149902,7886.763672,40000.0,40000.0,40000.0,40000.0,40000.0,4453.475586,4084.436523,4068.214111,4409.436523,40000.0,40000.0,40000.0,40000.0,40000.0,40000.0,40000.0,40000.0,40000.0,40000.0,40000.0,5000.0,23419.053269,-922.116788,9619.128124,0,true,true,1.0,-31.5586,0,0.0,0.0,1.0
16,9225,37.6,69811.311409,76246.776122,56858.337174,88985.094393,33746.689023,-145.377854,-2024.438566,3356.063057,-3.564119,20.006723,-101.883156,1.0,0.0,1.0,0.0,1.025437,0.139986,0,0,0,0,0,0,0,0,0,0,0,0,0,0,0,18737.994141,40000.0,8048.030762,7762.669922,40000.0,40000.0,40000.0,40000.0,40000.0,4541.679688,4216.999023,4185.56543,4528.693359,40000.0,40000.0,40000.0,40000.0,40000.0,40000.0,40000.0,40000.0,40000.0,40000.0,40000.0,5000.0,23437.394231,-856.116357,9082.676977,0,true,true,1.0,-31.5486,0,0.0,0.0,1.0
16,9226,37.65,69819.313882,-108266.090004,56956.91995,-108142.014342,33581.01516,-173.273067,-1997.558611,3384.853057,-3.660609,21.269148,-102.158562,1.0,0.0,1.0,0.0,0.472487,0.078748,0,0,0,0,0,0,0,0,0,0,0,0,0,0,0,18791.246094,40000.0,7984.723145,7659.96582,40000.0,40000.0,40000.0,40000.0,40000.0,4691.216797,4389.036133,4311.969238,4657.800781,40000.0,40000.0,40000.0,40000.0,40000.0,40000.0,40000.0,40000.0,40000.0,40000.0,40000.0,5000.0,23484.929078,-803.710565,8440.657024,0,true,true,1.0,-31.5386,0,0.0,0.0,1.0
16,9227,37.7,69828.915798,76237.174206,57056.903752,88885.11059,33408.978973,-199.542355,-1965.283381,3414.342199,-3.753886,22.516397,-102.409843,1.0,0.0,1.0,0.0,0.0,0.0,0,0,0,0,0,0,0,0,0,0,0,0,0,0,0,18803.46875,40000.0,8035.282715,40000.0,40000.0,40000.0,40000.0,40000.0,40000.0,4911.443359,4528.185059,4444.599121,4793.152832,40000.0,40000.0,40000.0,40000.0,40000.0,40000.0,40000.0,40000.0,40000.0,40000.0,40000.0,5000.0,23508.874122,-761.201489,7802.601012,0,true,true,1.0,-31.5286,0,0.0,0.0,1.0
16,9228,37.75,69838.982586,-108276.156792,57148.472503,-108233.583093,33247.39054,-221.888878,-1932.21205,3442.201539,-3.828574,23.4545,-102.601707,1.0,0.0,1.0,0.0,0.0,0.0,0,0,0,0,0,0,0,0,0,0,0,0,0,0,0,18801.392578,40000.0,8000.479004,40000.0,40000.0,40000.0,40000.0,40000.0,40000.0,5052.543945,4664.5625,4624.476562,4917.300781,40000.0,40000.0,40000.0,40000.0,40000.0,40000.0,40000.0,40000.0,40000.0,40000.0,40000.0,5000.0,23487.875586,-731.835334,7301.809191,0,true,true,1.0,-31.5186,0,0.0,0.0,1.0
16,9229,37.8,69850.381148,76225.775644,57241.027287,88792.555805,33079.744595,-242.742291,-1894.553795,3466.182711,-3.8869,24.153811,-102.746536,1.0,0.0,1.0,0.0,0.0,0.0,0,0,0,0,0,0,0,0,0,0,0,0,0,0,0,18777.425781,40000.0,40000.0,40000.0,40000.0,40000.0,40000.0,40000.0,40000.0,40000.0,4784.699219,4740.420898,40000.0,40000.0,40000.0,40000.0,40000.0,40000.0,40000.0,40000.0,40000.0,40000.0,40000.0,40000.0,5000.0,23423.939841,-713.950307,6897.46626,0,true,true,1.0,-31.5086,0,0.0,0.0,1.0
16,9230,37.85,69862.973893,-108288.749537,57333.323643,-108325.879448,32907.94427,-263.451752,-1864.870843,3511.13937,-3.933446,24.696844,-102.859299,1.0,0.0,1.0,0.0,0.0,0.0,0,0,0,0,0,0,0,0,0,0,0,0,0,0,0,18738.662109,40000.0,40000.0,40000.0,40000.0,40000.0,40000.0,40000.0,40000.0,40000.0,40000.0,39688.03125,40000.0,40000.0,40000.0,40000.0,40000.0,40000.0,40000.0,40000.0,40000.0,40000.0,40000.0,40000.0,5000.0,23333.648539,-703.479697,6556.321629,0,true,true,1.0,-31.4986,0,0.0,0.0,1.0
16,9231,37.9,69879.184195,76209.565343,57441.059527,88684.819921,32701.256458,-283.903185,-1814.462626,3527.329464,-3.980517,25.235538,-102.970963,1.0,0.0,1.0,0.0,0.0,0.0,0,0,0,0,0,0,0,0,0,0,0,0,0,0,0,19212.453125,40000.0,40000.0,40000.0,40000.0,40000.0,40000.0,40000.0,40000.0,40000.0,40000.0,39963.015625,40000.0,40000.0,40000.0,40000.0,40000.0,40000.0,40000.0,40000.0,40000.0,40000.0,40000.0,40000.0,5000.0,23209.280273,-695.591046,6194.591155,0,true,true,1.0,-31.4886,0,0.0,0.0,1.0
16,9232,37.95,69894.725909,-108304.291252,57535.345645,-108420.165566,32514.686811,-299.710871,-1766.144172,3529.784856,-4.008225,25.54603,-103.035637,1.0,0.0,1.0,0.0,0.0,0.0,0,0,0,0,0,0,0,0,0,0,0,0,0,0,0,19146.896484,40000.0,40000.0,40000.0,40000.0,40000.0,40000.0,40000.0,40000.0,40000.0,40000.0,40000.0,40000.0,40000.0,40000.0,40000.0,40000.0,40000.0,40000.0,40000.0,40000.0,40000.0,40000.0,40000.0,5000.0,23076.805083,-695.735527,5940.913223,0,true,true,1.0,-31.4786,0,0.0,0.0,1.0
16,9233,38.0,69908.215783,76196.075469,57611.852308,88608.313258,32359.291095,-314.228968,-1743.002822,3570.161619,-4.029224,25.777899,-103.08416,1.0,0.0,1.0,0.0,0.0,0.0,0,0,0,0,0,0,0,0,0,0,0,0,0,0,0,19090.78125,40000.0,40000.0,40000.0,40000.0,40000.0,40000.0,40000.0,40000.0,40000.0,40000.0,40000.0,40000.0,40000.0,40000.0,40000.0,40000.0,40000.0,40000.0,40000.0,40000.0,40000.0,40000.0,40000.0,5000.0,22963.808961,-696.335648,5740.829146,0,true,true,1.0,-31.4686,0,0.0,0.0,1.0
16,9234,38.05,69923.391396,-108319.466865,57692.871625,-108501.184883,32190.753357,-327.454216,-1710.736239,3591.070799,-4.045755,25.954521,-103.12207,1.0,0.0,1.0,0.0,0.0,0.0,0,0,0,0,0,0,0,0,0,0,0,0,0,0,0,19022.376953,40000.0,40000.0,40000.0,40000.0,40000.0,40000.0,40000.0,40000.0,40000.0,40000.0,40000.0,40000.0,40000.0,40000.0,40000.0,40000.0,40000.0,40000.0,40000.0,40000.0,40000.0,40000.0,40000.0,5000.0,22834.046513,-699.432726,5554.269027,0,true,true,1.0,-31.4586,0,0.0,0.0,1.0
16,9235,38.1,69940.107443,76179.359422,57777.052143,88524.132741,32011.271705,-339.649235,-1674.393543,3601.762783,-4.060409,26.091154,-103.155479,1.0,0.0,1.0,0.0,0.0,0.0,0,0,0,0,0,0,0,0,0,0,0,0,0,0,0,18944.123047,40000.0,40000.0,40000.0,40000.0,40000.0,40000.0,40000.0,40000.0,40000.0,40000.0,40000.0,40000.0,40000.0,40000.0,40000.0,40000.0,40000.0,40000.0,40000.0,40000.0,40000.0,40000.0,40000.0,5000.0,22691.673049,-702.962066,5376.137013,0,true,true,1.0,-31.4486,0,0.0,0.0,1.0
16,9236,38.15,69959.078838,-108338.43826,57867.14306,-108591.275801,31814.238138,-353.814831,-1645.919879,3637.425154,-4.072535,26.191132,-103.183014,1.0,0.0,1.0,0.0,0.0,0.0,0,0,0,0,0,0,0,0,0,0,0,0,0,0,0,18853.558594,40000.0,40000.0,40000.0,40000.0,40000.0,40000.0,40000.0,40000.0,40000.0,40000.0,40000.0,40000.0,40000.0,40000.0,40000.0,40000.0,40000.0,40000.0,40000.0,40000.0,40000.0,40000.0,40000.0,5000.0,22531.816675,-707.745756,5200.250934,0,true,true,1.0,-31.4386,0,0.0,0.0,1.0
16,9237,38.2,69975.919207,76162.519053,57943.237215,88448.038586,31643.836021,-363.739106,-1616.800073,3648.924728,-4.081448,26.264273,-103.203186,1.0,0.0,1.0,0.0,0.0,0.0,0,0,0,0,0,0,0,0,0,0,0,0,0,0,0,18775.082031,40000.0,40000.0,40000.0,40000.0,40000.0,40000.0,40000.0,40000.0,40000.0,40000.0,40000.0,40000.0,40000.0,40000.0,40000.0,40000.0,40000.0,40000.0,40000.0,40000.0,40000.0,40000.0,40000.0,5000.0,22393.405395,-712.096169,5053.094671,0,true,true,1.0,-31.4286,0,0.0,0.0,1.0
16,9238,38.25,69994.051598,-108356.57065,58021.622344,-108669.66093,31464.556014,-372.93928,-1586.312198,3654.877442,-4.091188,26.313055,-103.225174,1.0,0.0,1.0,0.0,-0.209979,-0.069993,0,0,0,0,0,0,0,0,0,0,0,0,0,0,0,18688.953125,40000.0,40000.0,40000.0,40000.0,40000.0,40000.0,40000.0,40000.0,40000.0,40000.0,40000.0,40000.0,40000.0,40000.0,40000.0,40000.0,40000.0,40000.0,40000.0,40000.0,40000.0,40000.0,40000.0,5000.0,22246.423668,-714.969176,4908.824406,0,true,true,1.0,-31.4186,0,0.0,0.0,1.0
16,9239,38.3,70016.035438,76140.535212,58112.447397,88357.213534,31252.133345,-384.793225,-1560.514165,3683.023343,-4.113441,26.267439,-103.275398,1.0,0.0,1.0,0.0,-0.209979,-0.069993,0,0,0,0,0,0,0,0,0,0,0,0,0,0,0,18566.896484,40000.0,40000.0,40000.0,40000.0,40000.0,40000.0,40000.0,40000.0,40000.0,40000.0,40000.0,40000.0,40000.0,40000.0,40000.0,40000.0,40000.0,40000.0,40000.0,40000.0,40000.0,40000.0,40000.0,5000.0,22065.58177,-706.424428,4776.452694,0,true,true,1.0,-31.4086,0,0.0,0.0,1.0
16,9240,38.35,70033.973308,-108374.50852,58183.599477,-108740.813011,31082.33054,-393.518308,-1540.807741,3700.710582,-4.134688,26.117062,-103.323479,1.0,0.0,1.0,0.0,-0.425166,-0.060738,0,0,0,0,0,0,0,0,0,0,0,0,0,0,0,18450.894531,40000.0,40000.0,40000.0,40000.0,40000.0,40000.0,40000.0,40000.0,40000.0,40000.0,40000.0,40000.0,40000.0,40000.0,40000.0,40000.0,40000.0,40000.0,40000.0,40000.0,40000.0,40000.0,40000.0,5000.0,21913.290752,-693.297737,4713.075567,0,true,true,1.0,-31.3986,0,0.0,0.0,1.0
16,9241,38.4,70052.839289,76121.669231,58255.889288,88284.923722,30906.964231,-403.142359,-1525.907387,3727.10567,-4.161035,25.77684,-103.383537,1.0,0.0,1.0,0.0,-0.352019,-0.039113,0,0,0,0,0,0,0,0,0,0,0,0,0,0,0,18301.726562,40000.0,40000.0,40000.0,40000.0,40000.0,40000.0,40000.0,40000.0,40000.0,40000.0,40000.0,40000.0,40000.0,40000.0,40000.0,40000.0,40000.0,40000.0,40000.0,40000.0,40000.0,40000.0,40000.0,5000.0,21742.730678,-670.78459,4716.061953,0,true,true,1.0,-31.3886,0,0.0,0.0,1.0
16,9242,38.45,70071.759849,-108393.42908,58326.114188,-108811.03791,30734.108853,-410.076596,-1504.65736,3721.470636,-4.192577,25.263109,-103.456459,1.0,0.0,1.0,0.0,-0.441179,-0.063026,0,0,0,0,0,0,0,0,0,0,0,0,0,0,0,18127.513672,40000.0,40000.0,40000.0,40000.0,40000.0,40000.0,40000.0,40000.0,40000.0,40000.0,40000.0,40000.0,40000.0,40000.0,40000.0,40000.0,40000.0,40000.0,40000.0,40000.0,40000.0,40000.0,40000.0,5000.0,21561.753354,-638.810463,4783.384484,0,true,true,1.0,-31.3786,0,0.0,0.0,1.0
16,9243,38.5,70096.42402,76097.005061,58414.61886,88196.419051,30513.402256,-420.711208,-1488.148469,3728.575447,-4.234743,24.46006,-103.556229,1.0,0.0,1.0,0.0,-0.349965,0.0,0,0,0,0,0,0,0,0,0,0,0,0,0,0,0,17887.919922,40000.0,40000.0,40000.0,40000.0,40000.0,40000.0,40000.0,40000.0,40000.0,40000.0,40000.0,40000.0,40000.0,40000.0,40000.0,40000.0,40000.0,40000.0,40000.0,40000.0,40000.0,40000.0,40000.0,5000.0,21320.003655,-591.503564,4919.141737,0,true,true,1.0,-31.3686,0,0.0,0.0,1.0
16,9244,38.55,70116.586833,-108413.591894,58484.73376,-108881.15281,30336.871838,-430.521718,-1482.396477,3742.051421,-4.273562,23.67975,-103.650833,1.0,0.0,1.0,0.0,-0.418886,-0.083777,0,0,0,0,0,0,0,0,0,0,0,0,0,0,0,17679.904297,40000.0,40000.0,40000.0,40000.0,40000.0,40000.0,40000.0,40000.0,40000.0,40000.0,40000.0,40000.0,40000.0,40000.0,40000.0,40000.0,40000.0,40000.0,40000.0,40000.0,40000.0,40000.0,40000.0,5000.0,21115.577832,-544.802146,5073.619964,0,true,true,1.0,-31.3586,0,0.0,0.0,1.0
16,9245,38.6,70136.793513,76076.798381,58553.232444,88127.920366,30163.535697,-440.108307,-1478.690901,3746.98073,-4.31728,22.81761,-103.760826,1.0,0.0,1.0,0.0,-0.069993,-0.069993,0,0,0,0,0,0,0,0,0,0,0,0,0,0,0,17465.908203,40000.0,40000.0,40000.0,40000.0,40000.0,40000.0,40000.0,40000.0,40000.0,40000.0,40000.0,40000.0,40000.0,40000.0,40000.0,40000.0,40000.0,40000.0,40000.0,40000.0,40000.0,40000.0,40000.0,5000.0,20906.294549,-490.566152,5255.127187,0,true,true,1.0,-31.3486,0,0.0,0.0,1.0
16,9246,38.65,70161.893423,-108438.691804,58636.160075,-108964.080441,29953.314305,-452.957172,-1480.806847,3754.849475,-4.363494,21.882881,-103.881577,1.0,0.0,1.0,0.0,0.0,0.0,0,0,0,0,0,0,0,0,0,0,0,0,0,0,0,17230.880859,40000.0,40000.0,40000.0,40000.0,40000.0,40000.0,40000.0,40000.0,40000.0,40000.0,40000.0,40000.0,40000.0,40000.0,40000.0,40000.0,40000.0,40000.0,40000.0,40000.0,40000.0,40000.0,40000.0,5000.0,20661.679388,-432.158788,5428.75615,0,true,true,1.0,-31.3386,0,0.0,0.0,1.0
16,9247,38.7,70183.981002,76054.710802,58707.394551,88056.685891,29773.013086,-463.127215,-1482.012133,3747.567974,-4.389867,21.318056,-103.95285,1.0,0.0,1.0,0.0,0.0,0.0,0,0,0,0,0,0,0,0,0,0,0,0,0,0,0,17086.445312,40000.0,40000.0,40000.0,40000.0,40000.0,40000.0,40000.0,40000.0,40000.0,40000.0,40000.0,40000.0,40000.0,40000.0,40000.0,40000.0,40000.0,40000.0,40000.0,40000.0,40000.0,40000.0,40000.0,5000.0,20473.692896,-399.362138,5488.958169,0,true,true,1.0,-31.3286,0,0.0,0.0,1.0
16,9248,38.75,70207.339468,-108462.05027,58781.193958,-109037.879849,29586.890725,-473.465186,-1484.887494,3737.120746,-4.411847,20.831083,-104.013718,1.0,0.0,1.0,0.0,0.0,-0.069993,0,0,0,0,0,0,0,0,0,0,0,0,0,0,0,16953.697266,40000.0,40000.0,40000.0,40000.0,40000.0,40000.0,40000.0,40000.0,40000.0,40000.0,39997.941406,40000.0,40000.0,40000.0,40000.0,40000.0,40000.0,40000.0,40000.0,40000.0,40000.0,40000.0,40000.0,5000.0,20289.105004,-372.29303,5514.291314,0,true,true,1.0,-31.3186,0,0.0,0.0,1.0
16,9249,38.8,70228.277424,76033.772846,58846.188351,87991.691498,29423.688687,-485.964607,-1499.726312,3761.363341,-4.432583,20.379696,-104.07238,1.0,0.0,1.0,0.0,0.0,0.0,0,0,0,0,0,0,0,0,0,0,0,0,0,0,0,16836.404297,40000.0,40000.0,40000.0,40000.0,40000.0,40000.0,40000.0,40000.0,40000.0,40000.0,39946.203125,40000.0,40000.0,40000.0,40000.0,40000.0,40000.0,40000.0,40000.0,40000.0,40000.0,40000.0,40000.0,5000.0,20125.439011,-346.103233,5542.771297,0,true,true,1.0,-31.3086,0,0.0,0.0,1.0
16,9250,38.85,70256.663056,-108490.435901,58932.758018,-109124.449516,29207.730793,-497.930919,-1507.182738,3748.039589,-4.460942,19.818521,-104.154602,1.0,0.0,1.0,0.0,-0.139986,-0.069993,0,0,0,0,0,0,0,0,0,0,0,0,0,0,0,16609.576172,40000.0,40000.0,40000.0,40000.0,40000.0,40000.0,40000.0,40000.0,40000.0,40000.0,39891.800781,40000.0,40000.0,40000.0,40000.0,40000.0,40000.0,40000.0,40000.0,40000.0,40000.0,40000.0,40000.0,5000.0,19912.920383,-310.895039,5564.606297,0,true,true,1.0,-31.2986,0,0.0,0.0,1.0
16,9251,38.9,70279.755245,76010.680656,59002.038673,87922.410843,29036.255322,-508.314459,-1517.205912,3744.795348,-4.489768,19.338392,-104.240288,1.0,0.0,1.0,0.0,-0.069993,0.0,0,0,0,0,0,0,0,0,0,0,0,0,0,0,0,16460.074219,40000.0,40000.0,40000.0,40000.0,40000.0,40000.0,40000.0,40000.0,40000.0,40000.0,39842.773438,40000.0,40000.0,40000.0,40000.0,40000.0,40000.0,40000.0,40000.0,40000.0,40000.0,40000.0,40000.0,5000.0,19741.458987,-275.392735,5590.909022,0,true,true,1.0,-31.2886,0,0.0,0.0,1.0
16,9252,38.95,70303.405716,-108514.086373,59072.046491,-109194.457334,28864.403457,-518.155715,-1526.575459,3735.040791,-4.515875,18.919085,-104.319672,1.0,0.0,1.0,0.0,0.0,0.0,0,0,0,0,0,0,0,0,0,0,0,0,0,0,0,16323.435547,40000.0,40000.0,40000.0,40000.0,40000.0,40000.0,40000.0,40000.0,40000.0,40000.0,39812.6875,40000.0,40000.0,40000.0,40000.0,40000.0,40000.0,40000.0,40000.0,40000.0,40000.0,40000.0,40000.0,5000.0,19575.794453,-243.65292,5594.076761,0,true,true,1.0,-31.2786,0,0.0,0.0,1.0
16,9253,39.0,70333.050748,75981.035624,59158.602894,87835.85444,28654.017599,-531.940524,-1544.465943,3739.002132,-4.539488,18.534346,-104.393005,1.0,0.0,1.0,0.0,0.0,0.0,0,0,0,0,0,0,0,0,0,0,0,0,0,0,0,16173.287109,40000.0,40000.0,40000.0,40000.0,40000.0,40000.0,40000.0,40000.0,40000.0,40000.0,39811.375,40000.0,40000.0,40000.0,40000.0,40000.0,40000.0,40000.0,40000.0,40000.0,40000.0,40000.0,40000.0,5000.0,19385.497312,-215.961195,5552.606471,0,true,true,1.0,-31.2686,0,0.0,0.0,1.0
16,9254,39.05,70356.828716,-108537.86434,59227.185307,-109263.039747,28488.943548,-541.69405,-1556.39111,3733.995827,-4.556159,18.276577,-104.445686,1.0,0.0,1.0,0.0,0.0,0.0,0,0,0,0,0,0,0,0,0,0,0,0,0,0,0,16063.818359,40000.0,40000.0,40000.0,40000.0,40000.0,40000.0,40000.0,40000.0,40000.0,40000.0,39822.910156,40000.0,40000.0,40000.0,40000.0,40000.0,40000.0,40000.0,40000.0,40000.0,40000.0,40000.0,40000.0,5000.0,19240.576495,-196.950033,5504.045797,0,true,true,1.0,-31.2586,0,0.0,0.0,1.0
16,9255,39.1,70389.189969,75948.674371,59319.443471,87743.596276,28269.284327,-553.7816,-1570.913803,3722.284189,-4.575764,17.987741,-104.508537,1.0,0.0,1.0,0.0,0.0,0.0,0,0,0,0,0,0,0,0,0,0,0,0,0,0,0,15916.083008,40000.0,40000.0,40000.0,40000.0,40000.0,40000.0,40000.0,40000.0,40000.0,40000.0,39853.433594,40000.0,40000.0,40000.0,40000.0,40000.0,40000.0,40000.0,40000.0,40000.0,40000.0,40000.0,40000.0,5000.0,19052.908367,-175.325502,5420.14581,0,true,true,1.0,-31.2486,0,0.0,0.0,1.0
16,9256,39.15,70413.10651,-108561.780881,59386.89183,-109330.488106,28110.576844,-559.437692,-1573.508967,3690.381894,-4.58562,17.840328,-104.540527,1.0,0.0,1.0,0.0,-0.069993,0.0,0,0,0,0,0,0,0,0,0,0,0,0,0,0,0,15818.893555,40000.0,40000.0,40000.0,40000.0,40000.0,40000.0,40000.0,40000.0,40000.0,40000.0,39891.5,40000.0,40000.0,40000.0,40000.0,40000.0,40000.0,40000.0,40000.0,40000.0,40000.0,40000.0,40000.0,5000.0,18922.813762,-165.460359,5338.866826,0,true,true,1.0,-31.2386,0,0.0,0.0,1.0
16,9257,39.2,70446.144936,75915.635945,59479.225075,87651.263031,27895.211375,-574.150457,-1598.02424,3709.692182,-4.602993,17.554348,-104.597542,1.0,0.0,1.0,0.0,-0.139986,-0.069993,0,0,0,0,0,0,0,0,0,0,0,0,0,0,0,15676.6875,40000.0,40000.0,40000.0,40000.0,40000.0,40000.0,40000.0,40000.0,40000.0,40000.0,39924.824219,40000.0,40000.0,40000.0,40000.0,40000.0,40000.0,40000.0,40000.0,40000.0,40000.0,40000.0,40000.0,5000.0,18738.548365,-145.468099,5255.505821,0,true,true,1.0,-31.2286,0,0.0,0.0,1.0
16,9258,39.25,70473.045311,-108588.681256,59553.732879,-109404.99591,27723.250299,-583.836929,-1612.546763,3709.487834,-4.618639,17.298332,-104.649658,1.0,0.0,1.0,0.0,0.0,0.0,0,0,0,0,0,0,0,0,0,0,0,0,0,0,0,15559.342773,40000.0,40000.0,40000.0,40000.0,40000.0,40000.0,40000.0,40000.0,40000.0,40000.0,39946.710938,40000.0,40000.0,40000.0,40000.0,40000.0,40000.0,40000.0,40000.0,40000.0,40000.0,40000.0,40000.0,5000.0,18589.039094,-126.710209,5196.759375,0,true,true,1.0,-31.2186,0,0.0,0.0,1.0
16,9259,39.3,70499.624737,75889.056518,59626.823107,87578.172803,27556.09851,-591.98567,-1623.722811,3700.17647,-4.63468,17.072481,-104.703842,1.0,0.0,1.0,0.0,-0.069993,-0.069993,0,0,0,0,0,0,0,0,0,0,0,0,0,0,0,15446.407227,40000.0,40000.0,40000.0,40000.0,40000.0,40000.0,40000.0,40000.0,40000.0,40000.0,39974.246094,40000.0,40000.0,40000.0,40000.0,40000.0,40000.0,40000.0,40000.0,40000.0,40000.0,40000.0,40000.0,5000.0,18445.899093,-108.009061,5131.222167,0,true,true,1.0,-31.2086,0,0.0,0.0,1.0
16,9260,39.35,70532.767261,-108621.82378,59717.290389,-109495.463192,27351.298349,-602.646951,-1639.892496,3695.761467,-4.654853,16.832355,-104.772926,1.0,0.0,1.0,0.0,0.0,0.0,0,0,0,0,0,0,0,0,0,0,0,0,0,0,0,15310.15332,40000.0,40000.0,40000.0,40000.0,40000.0,40000.0,40000.0,40000.0,40000.0,40000.0,40000.0,40000.0,40000.0,40000.0,40000.0,40000.0,40000.0,40000.0,40000.0,40000.0,40000.0,40000.0,40000.0,5000.0,18273.808367,-85.262061,5038.087968,0,true,true,1.0,-31.1986,0,0.0,0.0,1.0
16,9261,39.4,70561.335268,75860.488512,59794.718826,87500.744365,27177.854621,-610.965441,-1652.056556,3688.030726,-4.670995,16.672516,-104.82885,1.0,0.0,1.0,0.0,0.0,0.0,0,0,0,0,0,0,0,0,0,0,0,0,0,0,0,15198.117188,40000.0,40000.0,40000.0,40000.0,40000.0,40000.0,40000.0,40000.0,40000.0,40000.0,40000.0,40000.0,40000.0,40000.0,40000.0,40000.0,40000.0,40000.0,40000.0,40000.0,40000.0,40000.0,40000.0,5000.0,18131.734099,-67.937571,4944.750014,0,true,true,1.0,-31.1886,0,0.0,0.0,1.0
16,9262,39.45,70595.805525,-108656.294037,59887.529739,-109588.274104,26971.991408,-621.083812,-1667.643999,3683.185423,-4.687551,16.506886,-104.88678,1.0,0.0,1.0,0.0,0.0,0.0,0,0,0,0,0,0,0,0,0,0,0,0,0,0,0,15067.608398,40000.0,40000.0,40000.0,40000.0,40000.0,40000.0,40000.0,40000.0,40000.0,40000.0,40000.0,40000.0,40000.0,40000.0,40000.0,40000.0,40000.0,40000.0,40000.0,40000.0,40000.0,40000.0,40000.0,5000.0,17964.894039,-50.5626,4825.952964,0,true,true,1.0,-31.1786,0,0.0,0.0,1.0
16,9263,39.5,70624.965173,75831.328865,59965.552796,87422.721308,26800.638711,-627.680231,-1676.065035,3667.568017,-4.705798,16.363073,-104.951202,1.0,0.0,1.0,0.0,-0.139986,-0.139986,0,0,0,0,0,0,0,0,0,0,0,0,0,0,0,14963.47168,40000.0,40000.0,40000.0,40000.0,40000.0,40000.0,40000.0,40000.0,40000.0,40000.0,40000.0,40000.0,40000.0,40000.0,40000.0,40000.0,40000.0,40000.0,40000.0,40000.0,40000.0,40000.0,40000.0,5000.0,17825.424713,-31.123143,4728.052563,0,true,true,1.0,-31.1686,0,0.0,0.0,1.0
16,9264,39.55,70652.990048,-108684.318913,60040.146571,-109662.867878,26638.146593,-636.834487,-1691.811503,3674.760593,-4.736991,16.186789,-105.062386,1.0,0.0,1.0,0.0,0.0,-0.139986,0,0,0,0,0,0,0,0,0,0,0,0,0,0,0,14877.379883,40000.0,40000.0,40000.0,40000.0,40000.0,40000.0,40000.0,40000.0,40000.0,40000.0,40000.0,40000.0,40000.0,40000.0,40000.0,40000.0,40000.0,40000.0,40000.0,40000.0,40000.0,40000.0,40000.0,5000.0,17690.134743,3.061069,4645.841124,0,true,true,1.0,-31.1586,0,0.0,0.0,1.0
16,9265,39.6,70689.968268,75794.350645,60137.980278,87324.887601,26427.021996,-645.449121,-1702.947828,3658.968509,-4.788726,15.953485,-105.249046,1.0,0.0,1.0,0.0,0.0,-0.069993,0,0,0,0,0,0,0,0,0,0,0,0,0,0,0,14674.171875,40000.0,40000.0,40000.0,40000.0,40000.0,40000.0,40000.0,40000.0,40000.0,40000.0,40000.0,40000.0,40000.0,40000.0,40000.0,40000.0,40000.0,40000.0,40000.0,40000.0,40000.0,40000.0,40000.0,5000.0,17514.112291,59.558005,4538.395071,0,true,true,1.0,-31.1486,0,0.0,0.0,1.0
16,9266,39.65,70720.317427,-108714.668072,60217.761274,-109742.648874,26256.459645,-654.667834,-1717.176482,3660.832894,-4.834653,15.766488,-105.41687,1.0,0.0,1.0,0.0,0.0,-0.069993,0,0,0,0,0,0,0,0,0,0,0,0,0,0,0,14591.305664,40000.0,40000.0,40000.0,40000.0,40000.0,40000.0,40000.0,40000.0,40000.0,40000.0,40000.0,40000.0,40000.0,40000.0,40000.0,40000.0,40000.0,40000.0,40000.0,40000.0,40000.0,40000.0,40000.0,5000.0,17371.952984,109.640258,4449.962203,0,true,true,1.0,-31.1386,0,0.0,0.0,1.0
16,9267,39.7,70751.211947,75763.456125,60298.486513,87244.162361,26085.28613,-662.098775,-1726.029174,3648.64443,-4.874835,15.608918,-105.5653,1.0,0.0,1.0,0.0,0.0,-0.069993,0,0,0,0,0,0,0,0,0,0,0,0,0,0,0,14501.417969,40000.0,40000.0,40000.0,40000.0,40000.0,40000.0,40000.0,40000.0,40000.0,40000.0,40000.0,40000.0,40000.0,40000.0,40000.0,40000.0,40000.0,40000.0,40000.0,40000.0,40000.0,40000.0,40000.0,5000.0,17231.341761,152.8705,4352.002528,0,true,true,1.0,-31.1286,0,0.0,0.0,1.0
16,9268,39.75,70789.492751,-108752.948876,60397.821932,-109841.984293,25876.481262,-673.146061,-1741.411679,3647.206564,-4.914943,15.451995,-105.714935,1.0,0.0,1.0,0.0,0.0,0.0,0,0,0,0,0,0,0,0,0,0,0,0,0,0,0,14523.472656,40000.0,40000.0,40000.0,40000.0,40000.0,40000.0,40000.0,40000.0,40000.0,40000.0,40000.0,40000.0,40000.0,40000.0,40000.0,40000.0,40000.0,40000.0,40000.0,40000.0,40000.0,40000.0,40000.0,5000.0,17062.070421,195.171439,4222.075688,0,true,true,1.0,-31.1186,0,0.0,0.0,1.0
16,9269,39.8,70823.479194,75729.469682,60485.374726,87156.609566,25694.119449,-681.043925,-1750.041017,3634.43307,-4.948265,15.309887,-105.840401,1.0,0.0,1.0,0.0,-0.209979,-0.139986,0,0,0,0,0,0,0,0,0,0,0,0,0,0,0,14489.896484,40000.0,40000.0,40000.0,40000.0,40000.0,40000.0,40000.0,40000.0,40000.0,40000.0,40000.0,40000.0,40000.0,40000.0,40000.0,40000.0,40000.0,40000.0,40000.0,40000.0,40000.0,40000.0,40000.0,5000.0,16913.523723,230.41485,4109.732017,0,true,true,1.0,-31.1086,0,0.0,0.0,1.0
16,9270,39.85,70856.005117,-108785.474799,60568.620722,-109925.230288,25522.023358,-690.008511,-1761.729822,3632.151039,-4.991667,15.075322,-106.005653,1.0,0.0,1.0,0.0,-0.209979,-0.069993,0,0,0,0,0,0,0,0,0,0,0,0,0,0,0,14472.4375,40000.0,40000.0,40000.0,40000.0,40000.0,40000.0,40000.0,40000.0,40000.0,40000.0,40000.0,40000.0,40000.0,40000.0,40000.0,40000.0,40000.0,40000.0,40000.0,40000.0,40000.0,40000.0,40000.0,5000.0,16766.140138,279.129054,4031.394062,0,true,true,1.0,-31.0986,0,0.0,0.0,1.0
16,9271,39.9,70888.131379,75697.343421,60650.315726,87074.914562,25354.374254,-698.214626,-1771.200456,3624.19275,-5.038335,14.776981,-106.186325,1.0,0.0,1.0,0.0,-0.139986,-0.069993,0,0,0,0,0,0,0,0,0,0,0,0,0,0,0,14444.59375,40000.0,40000.0,40000.0,40000.0,40000.0,40000.0,40000.0,40000.0,40000.0,40000.0,40000.0,40000.0,40000.0,40000.0,40000.0,40000.0,40000.0,40000.0,40000.0,40000.0,40000.0,40000.0,40000.0,5000.0,16617.742146,333.392632,3973.864967,0,true,true,1.0,-31.0886,0,0.0,0.0,1.0
16,9272,39.95,70928.769655,-108826.113076,60752.893386,-110027.807948,25145.665505,-709.668512,-1785.360454,3618.453822,-5.094424,14.340299,-106.408615,1.0,0.0,1.0,0.0,-0.139986,0.0,0,0,0,0,0,0,0,0,0,0,0,0,0,0,0,14266.396484,40000.0,40000.0,40000.0,40000.0,40000.0,40000.0,40000.0,40000.0,40000.0,40000.0,40000.0,40000.0,40000.0,40000.0,40000.0,40000.0,40000.0,40000.0,40000.0,40000.0,40000.0,40000.0,40000.0,5000.0,16428.671343,401.111013,3919.211539,0,true,true,1.0,-31.0786,0,0.0,0.0,1.0
16,9273,40.0,70961.069413,75665.043663,60833.816445,86993.991503,24982.463987,-718.471429,-1795.583733,3609.649029,-5.134738,13.948606,-106.572884,1.0,0.0,1.0,0.0,-0.139986,0.0,0,0,0,0,0,0,0,0,0,0,0,0,0,0,0,14125.875,40000.0,40000.0,40000.0,40000.0,40000.0,40000.0,40000.0,40000.0,40000.0,40000.0,40000.0,40000.0,40000.0,40000.0,40000.0,40000.0,40000.0,40000.0,40000.0,40000.0,40000.0,40000.0,40000.0,5000.0,16277.59854,452.12023,3889.288205,0,true,true,1.0,-31.0686,0,0.0,0.0,1.0
16,9274,40.05,70993.651712,-108858.695375,60914.909781,-110108.901284,24820.26811,-728.532744,-1808.767651,3606.346186,-5.17126,13.53716,-106.725906,1.0,0.0,1.0,0.0,-0.139986,0.0,0,0,0,0,0,0,0,0,0,0,0,0,0,0,0,13986.90332,40000.0,40000.0,40000.0,40000.0,40000.0,40000.0,40000.0,40000.0,40000.0,40000.0,40000.0,40000.0,40000.0,40000.0,40000.0,40000.0,40000.0,40000.0,40000.0,40000.0,40000.0,40000.0,40000.0,5000.0,16126.166832,500.100131,3864.347013,0,true,true,1.0,-31.0586,0,0.0,0.0,1.0
16,9275,40.1,71036.405299,75622.290076,61020.522158,86888.379126,24611.184159,-741.130489,-1824.765724,3596.0889,-5.205274,12.954847,-106.873215,1.0,0.0,1.0,0.0,-0.279972,0.0,0,0,0,0,0,0,0,0,0,0,0,0,0,0,0,13812.193359,40000.0,40000.0,40000.0,40000.0,40000.0,40000.0,40000.0,40000.0,40000.0,40000.0,40000.0,40000.0,40000.0,40000.0,40000.0,40000.0,40000.0,40000.0,40000.0,40000.0,40000.0,40000.0,40000.0,5000.0,15927.879279,549.098982,3845.199438,0,true,true,1.0,-31.0486,0,0.0,0.0,1.0
16,9276,40.15,71068.425653,-108890.715729,61099.046342,-110187.425468,24457.592894,-746.533906,-1827.453091,3562.942728,-5.212423,12.488136,-106.90509,1.0,0.0,1.0,0.0,-0.617646,0.168449,0,0,0,0,0,0,0,0,0,0,0,0,0,0,0,13691.964844,40000.0,40000.0,40000.0,40000.0,40000.0,40000.0,40000.0,40000.0,40000.0,40000.0,40000.0,40000.0,40000.0,40000.0,40000.0,40000.0,40000.0,40000.0,40000.0,40000.0,40000.0,40000.0,40000.0,5000.0,15779.986743,565.281856,3841.628995,0,true,true,1.0,-31.0386,0,0.0,0.0,1.0
16,9277,40.2,71113.186897,75577.528832,61208.158917,86779.266551,24246.366011,-761.916286,-1852.512108,3563.764257,-5.20788,11.559579,-106.882401,1.0,0.0,1.0,0.0,-0.209979,0.069993,0,0,0,0,0,0,0,0,0,0,0,0,0,0,0,13521.750977,40000.0,40000.0,40000.0,40000.0,40000.0,40000.0,40000.0,40000.0,40000.0,40000.0,40000.0,40000.0,40000.0,40000.0,40000.0,40000.0,40000.0,40000.0,40000.0,40000.0,40000.0,40000.0,40000.0,5000.0,15557.810594,576.846241,3912.673684,0,true,true,1.0,-31.0286,0,0.0,0.0,1.0
16,9278,40.25,71148.178145,-108925.706977,61293.011913,-110272.278464,24084.279381,-774.285598,-1874.909294,3565.13152,-5.199126,10.76037,-106.836853,1.0,0.0,1.0,0.0,-0.209979,0.0,0,0,0,0,0,0,0,0,0,0,0,0,0,0,0,13392.484375,40000.0,40000.0,40000.0,40000.0,40000.0,40000.0,40000.0,40000.0,40000.0,40000.0,40000.0,40000.0,40000.0,40000.0,40000.0,40000.0,40000.0,40000.0,40000.0,40000.0,40000.0,40000.0,40000.0,5000.0,15381.377056,580.426616,3987.097928,0,true,true,1.0,-31.0186,0,0.0,0.0,1.0
16,9279,40.3,71184.503456,75541.203521,61384.909314,86687.36915,23911.775138,-695.718253,-1902.971631,3533.163841,-5.189815,9.938417,-106.784775,1.0,1.0,1.0,0.0,-0.069993,0.0,0,0,0,0,0,0,0,0,0,0,0,0,0,0,0,13259.491211,40000.0,40000.0,40000.0,40000.0,40000.0,40000.0,40000.0,40000.0,40000.0,40000.0,40000.0,40000.0,40000.0,40000.0,40000.0,40000.0,40000.0,40000.0,40000.0,40000.0,40000.0,40000.0,40000.0,5000.0,15195.500343,581.072874,4054.634612,0,true,true,1.0,-31.0086,0,0.0,0.0,1.0
16,9280,40.35,71213.318936,-108954.522457,61477.834076,-110365.203226,23742.726145,-539.200389,-1937.6083,3481.46213,-5.181493,9.151528,-106.734367,1.0,1.0,1.0,0.0,-0.069993,0.0,0,0,0,0,0,0,0,0,0,0,0,0,0,0,0,13136.160156,40000.0,40000.0,40000.0,40000.0,40000.0,40000.0,40000.0,40000.0,40000.0,40000.0,40000.0,40000.0,40000.0,40000.0,40000.0,40000.0,40000.0,40000.0,40000.0,40000.0,40000.0,40000.0,40000.0,5000.0,15015.133973,573.9573,4112.390696,0,true,true,1.0,-30.9986,0,0.0,0.0,1.0
16,9281,40.4,71234.560649,75519.961808,61571.016461,86594.186765,23579.325448,-390.539652,-1997.34129,3407.461544,-5.175,8.490262,-106.691856,0.0,1.0,1.0,0.0,-0.069993,0.0,0,0,0,0,0,0,0,0,0,0,0,0,0,0,0,13024.97168,40000.0,40000.0,40000.0,40000.0,40000.0,40000.0,40000.0,40000.0,40000.0,40000.0,40000.0,40000.0,40000.0,40000.0,40000.0,40000.0,40000.0,40000.0,40000.0,40000.0,40000.0,40000.0,40000.0,5000.0,14847.974722,558.929894,4139.339938,0,true,true,1.0,-30.9886,0,0.0,0.0,1.0
16,9282,40.45,71250.225618,-108970.187426,61691.123896,-110485.310661,23390.282569,-193.851734,-2130.976284,3183.460972,-5.168475,7.674197,-106.645317,0.0,1.0,1.0,0.0,-0.069993,-0.069993,0,0,0,0,0,0,0,0,0,0,0,0,0,0,0,12894.267578,40000.0,40000.0,40000.0,40000.0,40000.0,40000.0,40000.0,40000.0,40000.0,40000.0,40000.0,40000.0,40000.0,40000.0,40000.0,40000.0,40000.0,40000.0,40000.0,40000.0,40000.0,40000.0,40000.0,5000.0,14643.443625,531.332322,4181.665971,0,true,true,1.0,-30.9786,0,0.0,0.0,1.0
16,9283,40.5,71254.941218,75515.246209,61794.697998,86490.612664,23245.268538,-44.825579,-2228.1259,3003.211358,-5.165105,7.02851,-106.618706,0.0,1.0,1.0,0.0,0.0,0.0,0,0,0,0,0,0,0,0,0,0,0,0,0,0,0,12791.071289,40000.0,40000.0,40000.0,40000.0,40000.0,40000.0,40000.0,40000.0,40000.0,40000.0,40000.0,40000.0,40000.0,40000.0,40000.0,40000.0,40000.0,40000.0,40000.0,40000.0,40000.0,40000.0,40000.0,5000.0,14477.526245,502.613489,4217.533805,0,true,true,1.0,-30.9686,0,0.0,0.0,1.0
16,9284,40.55,71253.280046,-108968.526255,61896.176057,-110586.78872,23116.140023,85.638017,-2317.13068,2849.548868,-5.162827,6.447302,-106.598984,0.0,1.0,1.0,0.0,-0.069993,-0.069993,0,0,0,0,0,0,0,0,0,0,0,0,0,0,0,12697.37793,40000.0,40000.0,40000.0,40000.0,40000.0,40000.0,40000.0,40000.0,40000.0,40000.0,40000.0,40000.0,40000.0,40000.0,40000.0,40000.0,40000.0,40000.0,40000.0,40000.0,40000.0,40000.0,40000.0,5000.0,14323.092408,469.866753,4249.805431,0,true,true,1.0,-30.9586,0,0.0,0.0,1.0
16,9285,40.6,71243.004204,75525.522051,62032.096395,86354.692326,22960.017426,240.761386,-2418.691621,2655.855829,-5.161177,5.768332,-106.583054,0.0,1.0,1.0,0.0,-0.069993,0.0,0,0,0,0,0,0,0,0,0,0,0,0,0,0,0,12581.664062,40000.0,40000.0,40000.0,40000.0,40000.0,40000.0,40000.0,40000.0,40000.0,40000.0,40000.0,40000.0,40000.0,40000.0,40000.0,40000.0,40000.0,40000.0,40000.0,40000.0,40000.0,40000.0,40000.0,5000.0,14129.072177,419.9118,4281.321453,0,true,true,1.0,-30.9486,0,0.0,0.0,1.0
16,9286,40.65,71228.643239,-108954.16529,62145.183053,-110699.875379,22842.3901,356.312155,-2499.896753,2518.533402,-5.160439,5.319076,-106.575089,0.0,1.0,1.0,0.0,0.0,0.0,0,0,0,0,0,0,0,0,0,0,0,0,0,0,0,12493.31543,40000.0,40000.0,40000.0,40000.0,40000.0,40000.0,40000.0,40000.0,40000.0,40000.0,40000.0,40000.0,40000.0,40000.0,40000.0,40000.0,40000.0,40000.0,40000.0,40000.0,40000.0,40000.0,40000.0,5000.0,13980.166747,372.420868,4288.82326,0,true,true,1.0,-30.9386,0,0.0,0.0,1.0
16,9287,40.7,71203.810766,75550.354524,62290.439878,86209.435501,22704.916728,487.968744,-2585.734706,2347.94201,-5.159814,4.90904,-106.567833,0.0,1.0,1.0,0.0,0.0,0.0,0,0,0,0,0,0,0,0,0,0,0,0,0,0,0,12231.185547,40000.0,40000.0,40000.0,40000.0,40000.0,40000.0,40000.0,40000.0,40000.0,40000.0,40000.0,40000.0,40000.0,40000.0,40000.0,40000.0,40000.0,40000.0,40000.0,40000.0,40000.0,40000.0,40000.0,5000.0,13805.574286,303.398024,4269.227977,0,true,true,1.0,-30.9286,0,0.0,0.0,1.0
16,9288,40.75,71179.225373,-108929.579896,62408.161257,-110817.596758,22603.084881,584.907532,-2654.414873,2230.311327,-5.159953,4.61724,-106.569321,0.0,1.0,1.0,0.0,-0.069993,-0.069993,0,0,0,0,0,0,0,0,0,0,0,0,0,0,0,12014.537109,40000.0,40000.0,40000.0,40000.0,40000.0,40000.0,40000.0,40000.0,40000.0,40000.0,40000.0,40000.0,40000.0,40000.0,40000.0,40000.0,40000.0,40000.0,40000.0,40000.0,40000.0,40000.0,40000.0,5000.0,13669.928131,244.806459,4251.697906,0,true,true,1.0,-30.9186,0,0.0,0.0,1.0
16,9289,40.8,71149.004177,75580.57572,62534.540841,86083.055917,22502.090349,678.590061,-2716.588532,2107.848125,-5.160653,4.322051,-106.578041,0.0,1.0,1.0,0.0,0.0,0.0,0,0,0,0,0,0,0,0,0,0,0,0,0,0,0,11739.189453,40000.0,40000.0,40000.0,40000.0,40000.0,40000.0,40000.0,40000.0,40000.0,40000.0,40000.0,40000.0,40000.0,40000.0,40000.0,40000.0,40000.0,40000.0,40000.0,40000.0,40000.0,40000.0,40000.0,5000.0,13528.043423,180.144725,4235.591116,0,true,true,1.0,-30.9086,0,0.0,0.0,1.0
16,9290,40.85,71116.089652,-108896.665371,62690.148802,-110973.204719,22388.951545,528.385359,-2816.498506,1960.995264,-5.161954,4.008953,-106.595612,0.0,0.0,1.0,0.0,0.0,0.0,0,0,0,0,0,0,0,0,0,0,0,0,0,0,0,11579.557617,40000.0,40000.0,40000.0,40000.0,40000.0,40000.0,40000.0,40000.0,40000.0,40000.0,40000.0,40000.0,40000.0,40000.0,40000.0,40000.0,40000.0,40000.0,40000.0,40000.0,40000.0,40000.0,40000.0,5000.0,13357.469003,105.954311,4212.942901,0,true,true,1.0,-30.8986,0,0.0,0.0,1.0
16,9291,40.9,71094.556321,75602.109051,62826.107195,85947.097524,22299.443346,409.220543,-2886.402889,1836.186084,-5.163112,3.805178,-106.612373,0.0,0.0,1.0,0.0,0.0,0.0,0,0,0,0,0,0,0,0,0,0,0,0,0,0,0,11509.484375,40000.0,40000.0,40000.0,40000.0,40000.0,40000.0,40000.0,40000.0,40000.0,40000.0,40000.0,40000.0,40000.0,40000.0,40000.0,40000.0,40000.0,40000.0,40000.0,40000.0,40000.0,40000.0,40000.0,5000.0,13212.713431,47.550252,4184.489891,0,true,true,1.0,-30.8886,0,0.0,0.0,1.0
16,9292,40.95,71079.214948,-108881.323998,62956.549092,-111103.646615,22220.419342,307.344009,-2962.298507,1740.943261,-5.164842,3.635609,-106.638893,0.0,0.0,1.0,0.0,0.0,-0.139986,0,0,0,0,0,0,0,0,0,0,0,0,0,0,0,11411.716797,40000.0,40000.0,40000.0,40000.0,40000.0,40000.0,40000.0,40000.0,40000.0,40000.0,40000.0,40000.0,40000.0,40000.0,40000.0,40000.0,40000.0,40000.0,40000.0,40000.0,40000.0,40000.0,40000.0,5000.0,13075.104125,-1.105961,4156.624033,0,true,true,1.0,-30.8786,0,0.0,0.0,1.0
16,9293,41.0,71065.534414,75615.789585,63136.365326,85767.281289,22121.242233,178.653189,-3046.738768,1612.04895,-5.178402,3.57936,-106.855286,0.0,0.0,1.0,0.0,0.139986,-0.139986,0,0,0,0,0,0,0,0,0,0,0,0,0,0,0,11254.385742,40000.0,40000.0,40000.0,40000.0,40000.0,40000.0,40000.0,40000.0,40000.0,40000.0,40000.0,40000.0,40000.0,40000.0,40000.0,40000.0,40000.0,40000.0,40000.0,40000.0,40000.0,40000.0,40000.0,5000.0,12898.369001,-23.827313,4082.726122,0,true,true,1.0,-30.8686,0,0.0,0.0,1.0
16,9294,41.05,71059.903687,-108875.693272,63284.268937,-111251.550226,22046.935403,82.04345,-3110.21358,1517.700739,-5.204942,3.759792,-107.275246,0.0,0.0,1.0,0.0,0.272731,-0.136365,0,0,0,0,0,0,0,0,0,0,0,0,0,0,0,11099.098633,40000.0,40000.0,40000.0,40000.0,40000.0,40000.0,40000.0,40000.0,40000.0,40000.0,40000.0,40000.0,40000.0,40000.0,40000.0,40000.0,40000.0,40000.0,40000.0,40000.0,40000.0,40000.0,40000.0,5000.0,12769.501639,11.496003,3973.452537,0,true,true,1.0,-30.8586,0,0.0,0.0,1.0
16,9295,41.1,71058.69452,75616.998751,63429.204089,85622.346137,21979.470973,-6.760746,-3163.876866,1432.718801,-5.243806,4.116554,-107.848824,0.0,0.0,1.0,0.0,0.349965,-0.139986,0,0,0,0,0,0,0,0,0,0,0,0,0,0,0,10931.783203,40000.0,40000.0,40000.0,40000.0,40000.0,40000.0,40000.0,40000.0,40000.0,40000.0,40000.0,40000.0,40000.0,40000.0,40000.0,40000.0,40000.0,40000.0,40000.0,40000.0,40000.0,40000.0,40000.0,5000.0,12654.684189,80.71958,3829.554263,0,true,true,1.0,-30.8486,0,0.0,0.0,1.0
16,9296,41.15,71062.395077,-108879.393828,63599.283661,-111421.629798,21906.515373,-104.719088,-3202.513691,1331.051668,-5.289523,4.564166,-108.461723,0.0,0.0,1.0,0.0,0.209979,-0.069993,0,0,0,0,0,0,0,0,0,0,0,0,0,0,0,10742.756836,40000.0,40000.0,40000.0,40000.0,40000.0,40000.0,40000.0,40000.0,40000.0,40000.0,40000.0,40000.0,40000.0,40000.0,40000.0,40000.0,40000.0,40000.0,40000.0,40000.0,40000.0,40000.0,40000.0,5000.0,12518.52992,150.523466,3663.684794,0,true,true,1.0,-30.8386,0,0.0,0.0,1.0
16,9297,41.2,71069.821822,75609.572006,63752.355106,85469.274692,21845.308631,-188.646091,-3266.371827,1274.035926,-5.340915,5.052279,-109.083183,0.0,0.0,1.0,0.0,0.139986,-0.069993,0,0,0,0,0,0,0,0,0,0,0,0,0,0,0,10734.950195,40000.0,40000.0,40000.0,40000.0,40000.0,40000.0,40000.0,40000.0,40000.0,40000.0,40000.0,40000.0,40000.0,40000.0,40000.0,40000.0,40000.0,40000.0,40000.0,40000.0,40000.0,40000.0,40000.0,5000.0,12398.681657,228.176066,3501.009121,0,true,true,1.0,-30.8286,0,0.0,0.0,1.0
16,9298,41.25,71081.551406,-108891.123412,63932.675158,-111601.94985,21777.844615,-180.005984,-3311.438031,1209.418054,-5.412062,5.70625,-109.852264,0.0,1.0,1.0,0.0,0.139986,0.0,0,0,0,0,0,0,0,0,0,0,0,0,0,0,0,10770.868164,40000.0,40000.0,40000.0,40000.0,40000.0,40000.0,40000.0,40000.0,40000.0,40000.0,40000.0,40000.0,40000.0,40000.0,40000.0,40000.0,40000.0,40000.0,40000.0,40000.0,40000.0,40000.0,40000.0,5000.0,12258.706297,325.387027,3299.429707,0,true,true,1.0,-30.8186,0,0.0,0.0,1.0
16,9299,41.3,71086.054668,75605.068744,64082.215941,85319.733909,21724.724995,-53.668063,-3332.23798,1164.272474,-5.473089,6.241555,-110.44529,0.0,1.0,1.0,0.0,0.0,0.0,0,0,0,0,0,0,0,0,0,0,0,0,0,0,0,10695.921875,40000.0,40000.0,40000.0,40000.0,40000.0,40000.0,40000.0,40000.0,40000.0,40000.0,40000.0,40000.0,40000.0,40000.0,40000.0,40000.0,40000.0,40000.0,40000.0,40000.0,40000.0,40000.0,40000.0,5000.0,12141.75416,388.884009,3140.647568,0,true,true,1.0,-30.8086,0,0.0,0.0,1.0
16,9300,41.35,71085.079883,-108890.148626,64236.482059,-111756.215968,21672.19015,64.733219,-3361.139233,1128.224009,-5.525337,6.665064,-110.914001,0.0,1.0,1.0,0.0,0.0,0.0,0,0,0,0,0,0,0,0,0,0,0,0,0,0,0,10545.824219,40000.0,40000.0,40000.0,40000.0,40000.0,40000.0,40000.0,40000.0,40000.0,40000.0,40000.0,40000.0,40000.0,40000.0,40000.0,40000.0,40000.0,40000.0,40000.0,40000.0,40000.0,40000.0,40000.0,5000.0,12014.823347,419.449677,3011.828255,0,true,true,1.0,-30.7986,0,0.0,0.0,1.0
16,9301,41.4,71077.014126,75613.1345,64425.333768,85130.8822,21610.569963,195.327559,-3386.306968,1084.630178,-5.576326,7.052042,-111.343422,0.0,1.0,1.0,0.0,0.0,0.0,0,0,0,0,0,0,0,0,0,0,0,0,0,0,0,10378.820312,40000.0,40000.0,40000.0,40000.0,40000.0,40000.0,40000.0,40000.0,40000.0,40000.0,40000.0,40000.0,40000.0,40000.0,40000.0,40000.0,40000.0,40000.0,40000.0,40000.0,40000.0,40000.0,40000.0,5000.0,11854.577674,420.869285,2890.022615,0,true,true,1.0,-30.7886,0,0.0,0.0,1.0
16,9302,41.45,71065.284897,-108878.419397,64580.62268,-111911.504879,21561.896534,292.843176,-3410.072263,1055.459899,-5.610121,7.288655,-111.615219,0.0,1.0,1.0,0.0,0.0,-0.139986,0,0,0,0,0,0,0,0,0,0,0,0,0,0,0,10251.297852,40000.0,40000.0,40000.0,40000.0,40000.0,40000.0,40000.0,40000.0,40000.0,40000.0,40000.0,40000.0,40000.0,40000.0,40000.0,40000.0,40000.0,40000.0,40000.0,40000.0,40000.0,40000.0,40000.0,5000.0,11720.655426,400.880607,2812.129102,0,true,true,1.0,-30.7786,0,0.0,0.0,1.0
16,9303,41.5,71046.005415,75632.413981,64780.408679,84931.0962,21501.697426,299.584224,-3438.065842,1016.21812,-5.659377,7.524553,-111.99823,0.0,0.0,1.0,0.0,0.0,-0.069993,0,0,0,0,0,0,0,0,0,0,0,0,0,0,0,10087.583984,40000.0,40000.0,40000.0,40000.0,40000.0,40000.0,40000.0,40000.0,40000.0,40000.0,40000.0,40000.0,40000.0,40000.0,40000.0,40000.0,40000.0,40000.0,40000.0,40000.0,40000.0,40000.0,40000.0,5000.0,11546.799166,377.645317,2729.404185,0,true,true,1.0,-30.7686,0,0.0,0.0,1.0
16,9304,41.55,71035.975198,-108868.389179,64935.159978,-112066.256178,21457.036994,179.282276,-3462.928971,985.793433,-5.699471,7.679607,-112.302139,0.0,0.0,1.0,0.0,0.0,0.0,0,0,0,0,0,0,0,0,0,0,0,0,0,0,0,9956.770508,40000.0,40000.0,40000.0,40000.0,40000.0,40000.0,40000.0,40000.0,40000.0,40000.0,40000.0,40000.0,40000.0,40000.0,40000.0,40000.0,40000.0,40000.0,40000.0,40000.0,40000.0,40000.0,40000.0,5000.0,11409.405914,364.758958,2673.536494,0,true,true,1.0,-30.7586,0,0.0,0.0,1.0
16,9305,41.6,71031.050463,75637.338716,65103.307542,84762.948636,21410.391801,56.326107,-3472.56614,947.691816,-5.733191,7.80125,-112.553032,0.0,0.0,1.0,0.0,-0.069993,0.0,0,0,0,0,0,0,0,0,0,0,0,0,0,0,0,9756.870117,40000.0,40000.0,40000.0,40000.0,40000.0,40000.0,40000.0,40000.0,40000.0,40000.0,40000.0,40000.0,40000.0,40000.0,40000.0,40000.0,40000.0,40000.0,40000.0,40000.0,40000.0,40000.0,40000.0,5000.0,11256.266976,340.38172,2626.129581,0,true,true,1.0,-30.7486,0,0.0,0.0,1.0
16,9306,41.65,71032.498969,-108869.837685,65303.218393,-112266.167029,21357.056946,-78.532999,-3505.423372,919.604608,-5.773852,7.922604,-112.850769,0.0,0.0,1.0,0.0,0.0,-0.069993,0,0,0,0,0,0,0,0,0,0,0,0,0,0,0,9508.376953,40000.0,40000.0,40000.0,40000.0,40000.0,40000.0,40000.0,40000.0,40000.0,40000.0,40000.0,40000.0,40000.0,40000.0,40000.0,40000.0,40000.0,40000.0,40000.0,40000.0,40000.0,40000.0,40000.0,5000.0,11070.938985,316.99034,2577.052045,0,true,true,1.0,-30.7386,0,0.0,0.0,1.0
16,9307,41.7,71037.154973,75632.682712,65462.077911,84604.089118,21316.10481,-74.489313,-3522.821103,900.363192,-5.802521,7.996295,-113.058098,0.0,1.0,1.0,0.0,0.0,0.0,0,0,0,0,0,0,0,0,0,0,0,0,0,0,0,9300.77832,40000.0,40000.0,40000.0,40000.0,40000.0,40000.0,40000.0,40000.0,40000.0,40000.0,40000.0,40000.0,40000.0,40000.0,40000.0,40000.0,40000.0,40000.0,40000.0,40000.0,40000.0,40000.0,40000.0,5000.0,10921.749191,295.374302,2544.874609,0,true,true,1.0,-30.7286,0,0.0,0.0,1.0
16,9308,41.75,71037.319269,-108870.00198,65629.051018,-112433.140136,21274.02556,37.657126,-3539.689546,886.153592,-5.825762,8.053507,-113.224754,0.0,1.0,1.0,0.0,0.0,0.0,0,0,0,0,0,0,0,0,0,0,0,0,0,0,0,9048.654297,40000.0,40000.0,40000.0,40000.0,40000.0,40000.0,40000.0,40000.0,40000.0,40000.0,40000.0,40000.0,40000.0,40000.0,40000.0,40000.0,40000.0,40000.0,40000.0,40000.0,40000.0,40000.0,40000.0,5000.0,10766.264046,258.16663,2517.450899,0,true,true,1.0,-30.7186,0,0.0,0.0,1.0
16,9309,41.8,71030.824989,75639.176991,65832.430331,84400.709804,21223.854051,162.028613,-3552.989164,867.53976,-5.849967,8.103014,-113.397125,0.0,1.0,1.0,0.0,0.0,0.0,0,0,0,0,0,0,0,0,0,0,0,0,0,0,0,8720.905273,40000.0,40000.0,40000.0,40000.0,40000.0,40000.0,40000.0,40000.0,40000.0,40000.0,40000.0,40000.0,40000.0,40000.0,40000.0,40000.0,40000.0,40000.0,40000.0,40000.0,40000.0,40000.0,40000.0,5000.0,10579.085074,200.435843,2490.171931,0,true,true,1.0,-30.7086,0,0.0,0.0,1.0
16,9310,41.85,71026.860466,-108866.037457,65992.32739,-112593.037194,21185.400996,45.155904,-3570.526149,850.682169,-5.864686,8.132162,-113.501434,0.0,0.0,1.0,0.0,0.0,0.0,0,0,0,0,0,0,0,0,0,0,0,0,0,0,0,8557.52832,40000.0,40000.0,40000.0,40000.0,40000.0,40000.0,40000.0,40000.0,40000.0,40000.0,40000.0,40000.0,40000.0,40000.0,40000.0,40000.0,40000.0,40000.0,40000.0,40000.0,40000.0,40000.0,40000.0,5000.0,10431.402261,150.015746,2472.302804,0,true,true,1.0,-30.6986,0,0.0,0.0,1.0
16,9311,41.9,71028.146423,75637.891034,66160.400765,84232.63643,21146.045512,-69.767006,-3578.606389,829.812214,-5.876479,8.151298,-113.584724,0.0,0.0,1.0,0.0,0.0,0.0,0,0,0,0,0,0,0,0,0,0,0,0,0,0,0,8455.746094,40000.0,40000.0,40000.0,40000.0,40000.0,40000.0,40000.0,40000.0,40000.0,40000.0,40000.0,40000.0,40000.0,40000.0,40000.0,40000.0,40000.0,40000.0,40000.0,40000.0,40000.0,40000.0,40000.0,5000.0,10273.79917,97.125957,2457.110686,0,true,true,1.0,-30.6886,0,0.0,0.0,1.0
16,9312,41.95,71036.150107,-108874.041142,66357.745657,-112790.382087,21101.019864,-194.691302,-3594.419129,810.965309,-5.88801,8.165861,-113.666,0.0,0.0,1.0,0.0,0.0,0.0,0,0,0,0,0,0,0,0,0,0,0,0,0,0,0,8307.285156,40000.0,40000.0,40000.0,40000.0,40000.0,40000.0,40000.0,40000.0,40000.0,40000.0,40000.0,40000.0,40000.0,40000.0,40000.0,40000.0,40000.0,40000.0,40000.0,40000.0,40000.0,40000.0,40000.0,5000.0,10086.139094,37.812318,2442.066532,0,true,true,1.0,-30.6786,0,0.0,0.0,1.0
16,9313,42.0,71047.495786,75626.545356,66518.461662,84071.920425,21065.26147,-288.895835,-3602.285834,794.886476,-5.89477,8.174377,-113.713577,0.0,0.0,1.0,0.0,0.0,0.0,0,0,0,0,0,0,0,0,0,0,0,0,0,0,0,8172.85791,40000.0,40000.0,40000.0,40000.0,40000.0,40000.0,40000.0,40000.0,40000.0,40000.0,40000.0,40000.0,40000.0,40000.0,40000.0,40000.0,40000.0,40000.0,40000.0,40000.0,40000.0,40000.0,40000.0,5000.0,9931.420232,-9.474284,2431.544347,0,true,true,1.0,-30.6686,0,0.0,0.0,1.0
16,9314,42.05,71068.056179,-108894.601535,66726.316285,-112998.23671,21019.615022,-396.191201,-3589.924423,820.997758,-5.902554,8.186487,-113.768295,1.0,0.0,1.0,0.0,0.069993,-0.139986,0,0,0,0,0,0,0,0,0,0,0,0,0,0,0,8049.203613,40000.0,40000.0,40000.0,40000.0,40000.0,40000.0,40000.0,40000.0,40000.0,40000.0,40000.0,40000.0,40000.0,40000.0,40000.0,40000.0,40000.0,40000.0,40000.0,40000.0,40000.0,40000.0,40000.0,5000.0,9729.183072,-66.70355,2418.347044,0,true,true,1.0,-30.6586,0,0.0,0.0,1.0
16,9315,42.1,71087.768333,75606.833201,66886.971284,83911.265426,20977.574007,-454.407705,-3491.37668,983.682771,-5.947324,8.416187,-114.079651,1.0,0.0,1.0,0.0,0.239819,-0.179864,0,0,0,0,0,0,0,0,0,0,0,0,0,0,0,8313.082031,40000.0,40000.0,40000.0,40000.0,40000.0,40000.0,40000.0,40000.0,40000.0,40000.0,40000.0,40000.0,40000.0,40000.0,40000.0,40000.0,40000.0,40000.0,40000.0,40000.0,40000.0,40000.0,40000.0,5000.0,9581.074623,-67.931545,2360.210695,0,true,true,1.0,-30.6486,0,0.0,0.0,1.0
16,9316,42.15,71111.632332,-108918.465533,67053.28356,-113164.548986,20924.87497,-514.707203,-3403.079985,1153.345613,-6.021042,8.801036,-114.574936,1.0,0.0,1.0,0.0,0.069993,-0.069993,0,0,0,0,0,0,0,0,0,0,0,0,0,0,0,8154.665527,40000.0,40000.0,40000.0,40000.0,40000.0,40000.0,40000.0,40000.0,40000.0,40000.0,40000.0,40000.0,40000.0,40000.0,40000.0,40000.0,40000.0,40000.0,40000.0,40000.0,40000.0,40000.0,40000.0,5000.0,9431.570514,-43.222168,2265.312377,0,true,true,1.0,-30.6386,0,0.0,0.0,1.0
16,9317,42.2,71142.40889,75576.056643,67237.964317,83726.584668,20855.09636,-576.183531,-3283.229339,1320.162911,-6.117236,9.276276,-115.191292,1.0,0.0,1.0,0.0,0.0,-0.069993,0,0,0,0,0,0,0,0,0,0,0,0,0,0,0,7969.242676,40000.0,40000.0,40000.0,40000.0,40000.0,40000.0,40000.0,40000.0,40000.0,40000.0,40000.0,40000.0,40000.0,40000.0,40000.0,40000.0,40000.0,40000.0,40000.0,40000.0,40000.0,40000.0,40000.0,5000.0,9263.253522,-6.490833,2142.648448,0,true,true,1.0,-30.6286,0,0.0,0.0,1.0
16,9318,42.25,71170.439357,-108946.496,67387.044525,-113313.629193,20790.217938,-626.54368,-3203.294492,1458.417744,-6.213273,9.718993,-115.776787,1.0,0.0,1.0,0.0,0.069993,0.0,0,0,0,0,0,0,0,0,0,0,0,0,0,0,0,7816.139648,40000.0,40000.0,40000.0,40000.0,40000.0,40000.0,40000.0,40000.0,40000.0,40000.0,40000.0,40000.0,40000.0,40000.0,40000.0,40000.0,40000.0,40000.0,40000.0,40000.0,40000.0,40000.0,40000.0,5000.0,9126.05884,35.106713,2026.668512,0,true,true,1.0,-30.6186,0,0.0,0.0,1.0
16,9319,42.3,71202.025881,75544.47012,67538.351016,83575.278177,20716.211105,-672.881797,-3105.37389,1580.330516,-6.310922,10.139922,-116.346146,1.0,0.0,1.0,0.0,0.0,-0.069993,0,0,0,0,0,0,0,0,0,0,0,0,0,0,0,7660.896973,40000.0,40000.0,40000.0,40000.0,40000.0,40000.0,40000.0,40000.0,40000.0,40000.0,40000.0,40000.0,40000.0,40000.0,40000.0,40000.0,40000.0,40000.0,40000.0,40000.0,40000.0,40000.0,40000.0,5000.0,8981.7252,72.923396,1908.252449,0,true,true,1.0,-30.6086,0,0.0,0.0,1.0
16,9320,42.35,71241.113421,-108985.58354,67707.414309,-113482.692486,20623.636511,-728.877726,-3024.582078,1732.559265,-6.428751,10.619163,-117.003204,1.0,0.0,1.0,0.0,0.0,-0.069993,0,0,0,0,0,0,0,0,0,0,0,0,0,0,0,7486.102051,40000.0,40000.0,40000.0,40000.0,40000.0,40000.0,40000.0,40000.0,40000.0,40000.0,40000.0,40000.0,40000.0,40000.0,40000.0,40000.0,40000.0,40000.0,40000.0,40000.0,40000.0,40000.0,40000.0,5000.0,8815.78449,116.962189,1767.38312,0,true,true,1.0,-30.5986,0,0.0,0.0,1.0
16,9321,42.4,71275.972012,75509.611528,67844.819197,83437.873289,20540.487845,-769.711475,-2944.847078,1838.924319,-6.510715,10.93932,-117.443153,1.0,0.0,1.0,0.0,0.0,0.0,0,0,0,0,0,0,0,0,0,0,0,0,0,0,0,7345.519043,40000.0,40000.0,40000.0,40000.0,40000.0,40000.0,40000.0,40000.0,40000.0,40000.0,40000.0,40000.0,40000.0,40000.0,40000.0,40000.0,40000.0,40000.0,40000.0,40000.0,40000.0,40000.0,40000.0,5000.0,8674.628938,139.043572,1659.493511,0,true,true,1.0,-30.5886,0,0.0,0.0,1.0
16,9322,42.45,71312.538648,-109022.150176,67978.259099,-113616.132388,20452.821742,-810.861846,-2879.073917,1948.014207,-6.57875,11.192339,-117.798668,1.0,0.0,1.0,0.0,0.0,0.0,0,0,0,0,0,0,0,0,0,0,0,0,0,0,0,7209.320801,40000.0,40000.0,40000.0,40000.0,40000.0,40000.0,40000.0,40000.0,40000.0,40000.0,40000.0,40000.0,40000.0,40000.0,40000.0,40000.0,40000.0,40000.0,40000.0,40000.0,40000.0,40000.0,40000.0,5000.0,8532.504415,150.635954,1559.437354,0,true,true,1.0,-30.5786,0,0.0,0.0,1.0
16,9323,42.5,71360.542294,75461.607882,68140.142088,83275.9903,20337.180008,-855.473087,-2792.295892,2065.311738,-5.805352,11.466308,-118.181808,1.0,0.0,1.0,1.0,0.0,0.0,0,0,0,0,0,0,0,0,0,0,0,0,0,0,0,7043.282227,40000.0,40000.0,40000.0,40000.0,40000.0,40000.0,40000.0,40000.0,40000.0,40000.0,40000.0,40000.0,40000.0,40000.0,40000.0,40000.0,40000.0,40000.0,40000.0,40000.0,40000.0,40000.0,40000.0,5000.0,8354.859085,137.003194,1438.666985,0,true,true,1.0,-30.5686,0,0.0,0.0,1.0
16,9324,42.55,71400.129035,-109061.736917,68264.710433,-113740.700732,20241.917095,-896.745916,-2761.526789,2113.754331,-4.449317,11.670865,-118.457214,0.0,0.0,1.0,0.0,0.0,0.0,0,0,0,0,0,0,0,0,0,0,0,0,0,0,0,6914.643555,40000.0,40000.0,40000.0,40000.0,40000.0,40000.0,40000.0,40000.0,40000.0,40000.0,40000.0,40000.0,40000.0,40000.0,40000.0,40000.0,40000.0,40000.0,40000.0,40000.0,40000.0,40000.0,40000.0,5000.0,8214.922472,108.7649,1343.606031,0,true,true,1.0,-30.5586,0,0.0,0.0,1.0
16,9325,42.6,71444.437192,75417.299725,68396.278653,83144.42208,20145.110057,-966.959374,-2813.291729,2022.997846,-3.372859,11.831015,-118.663284,0.0,0.0,1.0,0.0,0.0,0.0,0,0,0,0,0,0,0,0,0,0,0,0,0,0,0,6778.91748,40000.0,40000.0,40000.0,40000.0,40000.0,40000.0,40000.0,40000.0,40000.0,40000.0,40000.0,40000.0,40000.0,40000.0,40000.0,40000.0,40000.0,40000.0,40000.0,40000.0,40000.0,40000.0,40000.0,5000.0,8064.952256,81.94657,1255.670839,0,true,true,1.0,-30.5486,0,0.0,0.0,1.0
16,9326,42.65,71501.53714,-109118.836865,68556.559499,-113900.981579,20034.578338,-1046.786209,-2873.797846,1928.126315,-2.393864,11.980046,-118.848007,0.0,0.0,1.0,0.0,0.0,0.0,0,0,0,0,0,0,0,0,0,0,0,0,0,0,0,6612.676758,40000.0,40000.0,40000.0,40000.0,40000.0,40000.0,40000.0,40000.0,40000.0,40000.0,40000.0,40000.0,40000.0,40000.0,40000.0,40000.0,40000.0,40000.0,40000.0,40000.0,40000.0,40000.0,40000.0,5000.0,7880.908248,53.843653,1162.849754,0,true,true,1.0,-30.5386,0,0.0,0.0,1.0
16,9327,42.7,71551.028826,75367.80804,68688.94895,83012.032629,19948.687884,-1105.751543,-2914.537623,1853.13382,-1.822441,12.068501,-118.954605,0.0,0.0,1.0,0.0,0.0,0.0,0,0,0,0,0,0,0,0,0,0,0,0,0,0,0,6474.453125,40000.0,40000.0,40000.0,40000.0,40000.0,40000.0,40000.0,40000.0,40000.0,40000.0,40000.0,40000.0,40000.0,40000.0,40000.0,40000.0,40000.0,40000.0,40000.0,40000.0,40000.0,40000.0,40000.0,5000.0,7728.004635,33.226287,1096.656227,0,true,true,1.0,-30.5286,0,0.0,0.0,1.0
16,9328,42.75,71617.212718,-109185.020757,68858.664529,-114070.697158,19844.802376,-1176.962174,-2966.743651,1771.026127,-1.244577,12.124781,-119.06057,0.0,0.0,1.0,0.0,-0.209979,0.0,0,0,0,0,0,0,0,0,0,0,0,0,0,0,0,6294.951172,40000.0,40000.0,40000.0,40000.0,40000.0,40000.0,40000.0,40000.0,40000.0,40000.0,40000.0,40000.0,40000.0,40000.0,40000.0,40000.0,40000.0,40000.0,40000.0,40000.0,40000.0,40000.0,40000.0,5000.0,7530.778276,9.586989,1025.946233,0,true,true,1.0,-30.5186,0,0.0,0.0,1.0
16,9329,42.8,71671.875369,75313.145388,68993.789112,82876.908047,19766.474902,-1228.909082,-3004.085228,1711.102236,-0.804949,12.06037,-119.138603,0.0,0.0,1.0,0.0,-0.209979,0.0,0,0,0,0,0,0,0,0,0,0,0,0,0,0,0,6148.333496,40000.0,40000.0,40000.0,40000.0,40000.0,40000.0,40000.0,40000.0,40000.0,40000.0,40000.0,40000.0,40000.0,40000.0,40000.0,40000.0,40000.0,40000.0,40000.0,40000.0,40000.0,40000.0,40000.0,5000.0,7371.816877,-7.133151,988.196019,0,true,true,1.0,-30.5086,0,0.0,0.0,1.0
16,9330,42.85,71730.352289,-109243.497677,69134.195618,-114211.103664,19688.812059,-1276.679499,-3034.023893,1648.193535,-0.384579,11.933929,-119.212845,0.0,0.0,1.0,0.0,-0.069993,0.0,0,0,0,0,0,0,0,0,0,0,0,0,0,0,0,5993.821289,40000.0,40000.0,40000.0,40000.0,40000.0,40000.0,40000.0,40000.0,40000.0,40000.0,40000.0,40000.0,40000.0,40000.0,40000.0,40000.0,40000.0,40000.0,40000.0,40000.0,40000.0,40000.0,40000.0,5000.0,7205.757057,-22.98764,959.693932,0,true,true,1.0,-30.4986,0,0.0,0.0,1.0
16,9331,42.9,71805.029155,75238.468523,69308.358889,82702.744775,19597.17761,-1334.213177,-3074.928317,1582.23227,0.076886,11.766854,-119.295288,0.0,0.0,1.0,0.0,-0.069993,0.0,0,0,0,0,0,0,0,0,0,0,0,0,0,0,0,5801.021973,40000.0,40000.0,40000.0,40000.0,40000.0,40000.0,40000.0,40000.0,40000.0,40000.0,40000.0,40000.0,40000.0,40000.0,40000.0,40000.0,40000.0,40000.0,40000.0,40000.0,40000.0,40000.0,40000.0,5000.0,6999.8061,-40.91022,929.182287,0,true,true,1.0,-30.4886,0,0.0,0.0,1.0
16,9332,42.95,71866.333197,-109304.80172,69447.715265,-114350.46004,19527.256153,-1377.885702,-3107.461627,1535.265445,0.388139,11.639581,-119.351707,0.0,0.0,1.0,0.0,-0.069993,0.0,0,0,0,0,0,0,0,0,0,0,0,0,0,0,0,5646.307617,40000.0,40000.0,40000.0,40000.0,40000.0,40000.0,40000.0,40000.0,40000.0,40000.0,40000.0,40000.0,40000.0,40000.0,40000.0,40000.0,40000.0,40000.0,40000.0,40000.0,40000.0,40000.0,40000.0,5000.0,6835.252374,-54.118488,906.515496,0,true,true,1.0,-30.4786,0,0.0,0.0,1.0
16,9333,43.0,71932.775694,75172.026026,69595.606899,82554.853141,19456.114247,-1418.320113,-3133.218781,1483.599326,0.636189,11.532849,-119.397209,0.0,0.0,1.0,0.0,0.0,0.0,0,0,0,0,0,0,0,0,0,0,0,0,0,0,0,5482.299805,40000.0,40000.0,40000.0,40000.0,40000.0,40000.0,40000.0,40000.0,40000.0,40000.0,40000.0,40000.0,40000.0,40000.0,40000.0,40000.0,40000.0,40000.0,40000.0,40000.0,40000.0,40000.0,40000.0,5000.0,6661.160217,-67.303035,881.468011,0,true,true,1.0,-30.4686,0,0.0,0.0,1.0
16,9334,43.05,72013.555533,-109385.581559,69771.691902,-114526.545043,19375.035374,-1465.640313,-3167.802674,1431.750635,0.864102,11.433364,-119.439461,0.0,0.0,1.0,0.0,-0.069993,0.0,0,0,0,0,0,0,0,0,0,0,0,0,0,0,0,5286.881348,40000.0,40000.0,40000.0,40000.0,40000.0,40000.0,40000.0,40000.0,40000.0,40000.0,40000.0,40000.0,40000.0,40000.0,40000.0,40000.0,40000.0,40000.0,40000.0,40000.0,40000.0,40000.0,40000.0,5000.0,6454.36543,-81.874789,851.378109,0,true,true,1.0,-30.4586,0,0.0,0.0,1.0
16,9335,43.1,72080.883696,75104.697864,69915.749343,82410.7957,19311.428386,-1498.605732,-3187.764156,1387.820742,1.01511,11.34846,-119.468002,0.0,0.0,1.0,0.0,-0.069993,0.0,0,0,0,0,0,0,0,0,0,0,0,0,0,0,0,5126.339355,40000.0,40000.0,40000.0,40000.0,40000.0,40000.0,40000.0,40000.0,40000.0,40000.0,40000.0,40000.0,40000.0,40000.0,40000.0,40000.0,40000.0,40000.0,40000.0,40000.0,40000.0,40000.0,40000.0,5000.0,6285.169387,-92.916129,829.390698,0,true,true,1.0,-30.4486,0,0.0,0.0,1.0
16,9336,43.15,72160.737877,-109465.435741,70083.800508,-114694.596208,19240.217928,-1527.719985,-3195.476336,1330.131665,1.153595,11.245198,-119.501396,0.0,0.0,1.0,0.0,-0.069993,0.0,0,0,0,0,0,0,0,0,0,0,0,0,0,0,0,4938.193848,40000.0,40000.0,40000.0,40000.0,40000.0,40000.0,40000.0,40000.0,40000.0,40000.0,40000.0,40000.0,40000.0,40000.0,40000.0,40000.0,40000.0,40000.0,40000.0,40000.0,40000.0,40000.0,40000.0,5000.0,6087.795662,-104.22802,806.636668,0,true,true,1.0,-30.4386,0,0.0,0.0,1.0
16,9337,43.2,72241.695909,75023.739832,70251.516839,82243.079369,19171.919463,-1569.839733,-3234.548476,1299.705897,1.263393,11.152517,-119.528282,0.0,0.0,1.0,0.0,0.0,0.0,0,0,0,0,0,0,0,0,0,0,0,0,0,0,0,4750.008301,40000.0,40000.0,40000.0,40000.0,40000.0,40000.0,40000.0,40000.0,40000.0,40000.0,40000.0,40000.0,40000.0,40000.0,40000.0,40000.0,40000.0,40000.0,40000.0,40000.0,40000.0,40000.0,40000.0,5000.0,5890.986058,-114.792023,785.005307,0,true,true,1.0,-30.4286,0,0.0,0.0,1.0
16,9338,43.25,72316.877319,-109540.617151,70406.021606,-114849.100975,19104.204143,-1535.08011,-3149.890379,1449.544151,1.352,11.072389,-119.557213,1.0,0.0,1.0,0.0,-0.069993,0.0,0,0,0,0,0,0,0,0,0,0,0,0,0,0,0,4576.348633,40000.0,40000.0,40000.0,40000.0,40000.0,40000.0,40000.0,40000.0,40000.0,40000.0,40000.0,40000.0,40000.0,40000.0,40000.0,40000.0,40000.0,40000.0,40000.0,40000.0,40000.0,40000.0,40000.0,5000.0,5708.629761,-123.38379,759.352769,0,true,true,1.0,-30.4186,0,0.0,0.0,1.0
16,9339,43.3,72391.365761,74949.25139,70558.49023,82090.610746,19028.556567,-1501.507824,-3068.910006,1589.003645,1.420622,11.00591,-119.579819,1.0,0.0,1.0,0.0,0.0,0.0,0,0,0,0,0,0,0,0,0,0,0,0,0,0,0,4405.219727,40000.0,40000.0,40000.0,40000.0,40000.0,40000.0,40000.0,40000.0,40000.0,40000.0,40000.0,40000.0,40000.0,40000.0,40000.0,40000.0,40000.0,40000.0,40000.0,40000.0,40000.0,40000.0,40000.0,5000.0,5527.087968,-131.746781,723.701694,0,true,true,1.0,-30.4086,0,0.0,0.0,1.0
16,9340,43.35,72461.019642,-109610.271033,70700.53895,-114991.149696,18950.223233,-1471.090392,-2996.119905,1711.226791,1.471815,10.956341,-119.596725,1.0,0.0,1.0,0.0,0.0,0.0,0,0,0,0,0,0,0,0,0,0,0,0,0,0,0,4245.965332,40000.0,40000.0,40000.0,40000.0,40000.0,40000.0,40000.0,40000.0,40000.0,40000.0,40000.0,40000.0,40000.0,40000.0,40000.0,40000.0,40000.0,40000.0,40000.0,40000.0,40000.0,40000.0,40000.0,5000.0,5356.564083,-139.339783,681.2746,0,true,true,1.0,-30.3986,0,0.0,0.0,1.0
16,9341,43.4,72546.472537,74863.798495,70874.138835,81917.010861,18844.209281,-1438.866734,-2918.232563,1857.943917,1.519784,10.895741,-119.626114,1.0,0.0,1.0,0.0,0.0,0.0,0,0,0,0,0,0,0,0,0,0,0,0,0,0,0,4051.035889,40000.0,40000.0,40000.0,40000.0,40000.0,40000.0,40000.0,40000.0,40000.0,40000.0,40000.0,40000.0,40000.0,40000.0,40000.0,40000.0,40000.0,40000.0,40000.0,40000.0,40000.0,40000.0,40000.0,5000.0,5146.192818,-147.169239,619.003101,0,true,true,1.0,-30.3886,0,0.0,0.0,1.0
16,9342,43.45,72613.808835,-109677.60733,71010.431446,-115127.442307,18753.11362,-1414.523576,-2859.653301,1966.002889,1.549644,10.847449,-119.650963,1.0,0.0,1.0,0.0,0.0,0.0,0,0,0,0,0,0,0,0,0,0,0,0,0,0,0,3897.86792,40000.0,40000.0,40000.0,40000.0,40000.0,40000.0,40000.0,40000.0,40000.0,40000.0,40000.0,40000.0,40000.0,40000.0,40000.0,40000.0,40000.0,40000.0,40000.0,40000.0,40000.0,40000.0,40000.0,5000.0,4979.531214,-152.725303,562.182907,0,true,true,1.0,-30.3786,0,0.0,0.0,1.0
16,9343,43.5,72678.618639,74798.988691,71141.204833,81786.237474,18659.295559,-1390.381556,-2802.346973,2060.123447,1.573247,10.803836,-119.674034,1.0,0.0,1.0,0.0,0.0,0.0,0,0,0,0,0,0,0,0,0,0,0,0,0,0,0,3750.88501,40000.0,40000.0,40000.0,40000.0,40000.0,40000.0,40000.0,40000.0,40000.0,40000.0,40000.0,40000.0,40000.0,40000.0,40000.0,40000.0,40000.0,40000.0,40000.0,40000.0,40000.0,40000.0,40000.0,5000.0,4818.44134,-157.782788,500.901763,0,true,true,1.0,-30.3686,0,0.0,0.0,1.0
16,9344,43.55,72758.719452,-109757.708143,71302.295135,-115288.532608,18535.222066,-1362.362475,-2735.861554,2168.951507,1.595082,10.76196,-119.695419,1.0,0.0,1.0,0.0,0.0,0.0,0,0,0,0,0,0,0,0,0,0,0,0,0,0,0,3626.767578,40000.0,40000.0,40000.0,40000.0,40000.0,40000.0,40000.0,40000.0,40000.0,40000.0,40000.0,40000.0,40000.0,40000.0,40000.0,40000.0,40000.0,40000.0,40000.0,40000.0,40000.0,40000.0,40000.0,5000.0,4618.498887,-164.098179,415.798005,0,true,true,1.0,-30.3586,0,0.0,0.0,1.0
16,9345,43.6,72820.755884,74736.952259,71426.660216,81661.872392,18433.130588,-1344.960955,-2693.494214,2254.754096,1.607623,10.737925,-119.70771,1.0,0.0,1.0,0.0,0.0,0.0,0,0,0,0,0,0,0,0,0,0,0,0,0,0,0,3480.318115,40000.0,40000.0,40000.0,40000.0,40000.0,40000.0,40000.0,40000.0,40000.0,40000.0,40000.0,40000.0,40000.0,40000.0,40000.0,40000.0,40000.0,40000.0,40000.0,40000.0,40000.0,40000.0,40000.0,5000.0,4462.999756,-168.945539,343.081423,0,true,true,1.0,-30.3486,0,0.0,0.0,1.0
16,9346,43.65,72881.972325,-109818.924584,71549.052378,-115410.924771,18327.414143,-1327.542614,-2651.580545,2332.053445,1.616673,10.705081,-119.724602,1.0,0.0,1.0,0.0,-0.209979,-0.069993,0,0,0,0,0,0,0,0,0,0,0,0,0,0,0,3761.080078,40000.0,40000.0,40000.0,40000.0,40000.0,40000.0,40000.0,40000.0,40000.0,40000.0,40000.0,40000.0,40000.0,40000.0,40000.0,40000.0,40000.0,40000.0,40000.0,40000.0,40000.0,40000.0,40000.0,5000.0,4308.945805,-173.105371,266.963129,0,true,true,1.0,-30.3386,0,0.0,0.0,1.0
16,9347,43.7,72945.497603,74673.42698,71675.718404,81535.206366,18212.648391,-1306.614434,-2602.637259,2397.424975,1.616414,10.594354,-119.788887,1.0,0.0,1.0,0.0,-0.381352,-0.305081,0,0,0,0,0,0,0,0,0,0,0,0,0,0,0,3623.811523,40000.0,40000.0,40000.0,40000.0,40000.0,40000.0,40000.0,40000.0,40000.0,40000.0,40000.0,40000.0,40000.0,40000.0,40000.0,40000.0,40000.0,40000.0,40000.0,40000.0,40000.0,40000.0,40000.0,5000.0,4148.415906,-173.991894,188.40455,0,true,true,1.0,-30.3286,0,0.0,0.0,1.0
16,9348,43.75,73020.894007,-109894.320988,71824.844022,-115560.050389,18078.544583,-1354.538527,-2662.70602,2312.403978,1.590838,10.285773,-120.005501,0.0,0.0,1.0,0.0,-0.412984,-0.235991,0,0,0,0,0,0,0,0,0,0,0,0,0,0,0,3435.658447,40000.0,40000.0,40000.0,40000.0,40000.0,40000.0,40000.0,40000.0,40000.0,40000.0,40000.0,40000.0,40000.0,40000.0,40000.0,40000.0,40000.0,40000.0,40000.0,40000.0,40000.0,40000.0,40000.0,5000.0,3959.805903,-165.691432,108.75294,0,true,true,1.0,-30.3186,0,0.0,0.0,1.0
16,9349,43.8,73087.900415,74606.420572,71955.51592,81404.534468,17970.146454,-1399.661394,-2716.800034,2192.654193,1.55487,9.80333,-120.26963,0.0,0.0,1.0,0.0,-1.131323,0.0,0,0,0,0,0,0,0,0,0,0,0,0,0,0,0,3270.810303,40000.0,40000.0,40000.0,40000.0,40000.0,40000.0,40000.0,40000.0,40000.0,40000.0,40000.0,40000.0,40000.0,40000.0,40000.0,40000.0,40000.0,40000.0,40000.0,40000.0,40000.0,40000.0,40000.0,5000.0,3796.461658,-154.434754,60.511443,0,true,true,1.0,-30.3086,0,0.0,0.0,1.0
16,9350,43.85,73157.466539,-109963.887111,72089.50179,-115694.036258,17866.710861,-1449.088378,-2778.542695,2090.807153,1.529149,8.825185,-120.485443,0.0,0.0,1.0,0.0,-1.321718,0.227882,0,0,0,0,0,0,0,0,0,0,0,0,0,0,0,3103.237549,40000.0,40000.0,40000.0,40000.0,40000.0,40000.0,40000.0,40000.0,40000.0,40000.0,40000.0,40000.0,40000.0,40000.0,40000.0,40000.0,40000.0,40000.0,40000.0,40000.0,40000.0,40000.0,40000.0,5000.0,3630.506659,-148.000126,46.380491,0,true,true,1.0,-30.2986,0,0.0,0.0,1.0
16,9351,43.9,73226.692734,74537.194377,72221.308866,81272.727392,17771.715546,-1489.944014,-2825.260644,1983.713731,1.516542,7.349268,-120.639389,0.0,0.0,1.0,0.0,-1.234977,0.0,0,0,0,0,0,0,0,0,0,0,0,0,0,0,0,2941.087891,40000.0,40000.0,40000.0,40000.0,40000.0,40000.0,40000.0,40000.0,40000.0,40000.0,40000.0,40000.0,40000.0,40000.0,40000.0,40000.0,40000.0,40000.0,40000.0,40000.0,40000.0,40000.0,40000.0,5000.0,3468.768647,-146.466308,64.708979,0,true,true,1.0,-30.2886,0,0.0,0.0,1.0
16,9352,43.95,73298.930713,-110036.12509,72357.370997,-115830.098388,17680.320672,-1531.880203,-2874.068435,1878.909801,1.509716,5.501502,-120.777588,0.0,0.0,1.0,0.0,-0.849701,-0.069993,0,0,0,0,0,0,0,0,0,0,0,0,0,0,0,2776.570801,40000.0,40000.0,40000.0,40000.0,40000.0,40000.0,40000.0,40000.0,40000.0,40000.0,40000.0,40000.0,40000.0,40000.0,40000.0,40000.0,40000.0,40000.0,40000.0,40000.0,40000.0,40000.0,40000.0,5000.0,3303.174467,-146.677903,100.289214,0,true,true,1.0,-30.2786,0,0.0,0.0,1.0
16,9353,44.0,73376.798373,74459.326717,72502.496524,81127.601864,17589.976052,-1572.935933,-2920.146957,1764.504524,1.502005,3.365486,-120.983253,0.0,0.0,1.0,0.0,-0.822833,-0.257135,0,0,0,0,0,0,0,0,0,0,0,0,0,0,0,2601.033203,40000.0,40000.0,40000.0,40000.0,40000.0,40000.0,40000.0,40000.0,40000.0,40000.0,40000.0,40000.0,40000.0,40000.0,40000.0,40000.0,40000.0,40000.0,40000.0,40000.0,40000.0,40000.0,40000.0,5000.0,3127.969473,-143.963659,142.876823,0,true,true,1.0,-30.2686,0,0.0,0.0,1.0
16,9354,44.05,73468.24481,-110127.571527,72671.063442,-115998.665306,17493.674361,-1620.902284,-2973.813261,1634.109116,1.498004,0.425939,-121.373138,0.0,0.0,1.0,0.0,-0.595796,-0.137491,0,0,0,0,0,0,0,0,0,0,0,0,0,0,0,2394.178711,40000.0,40000.0,40000.0,40000.0,40000.0,40000.0,40000.0,40000.0,40000.0,40000.0,40000.0,40000.0,40000.0,40000.0,40000.0,40000.0,40000.0,40000.0,40000.0,40000.0,40000.0,40000.0,40000.0,5000.0,2924.977262,-134.153546,208.500246,0,true,true,1.0,-30.2586,0,0.0,0.0,1.0
16,9355,44.1,73545.670224,74381.901303,72812.230796,80986.434511,17420.142502,-1655.110807,-3006.435953,1514.562138,1.509391,-2.072193,-121.738403,0.0,0.0,1.0,0.0,-0.655191,-0.093599,0,0,0,0,0,0,0,0,0,0,0,0,0,0,0,2226.501465,40000.0,40000.0,40000.0,40000.0,40000.0,40000.0,40000.0,40000.0,40000.0,40000.0,40000.0,40000.0,40000.0,40000.0,40000.0,40000.0,40000.0,40000.0,40000.0,40000.0,40000.0,40000.0,40000.0,5000.0,2755.698122,-125.237252,256.745195,0,true,true,1.0,-30.2486,0,0.0,0.0,1.0
16,9356,44.15,73636.849854,-110218.751157,72976.63397,-116163.06848,17342.770281,-1687.180428,-3028.838792,1363.900266,1.537271,-4.672082,-122.118385,0.0,0.0,1.0,0.0,-0.559944,0.0,0,0,0,0,0,0,0,0,0,0,0,0,0,0,0,2047.541504,40000.0,40000.0,40000.0,40000.0,40000.0,40000.0,40000.0,40000.0,40000.0,40000.0,40000.0,40000.0,40000.0,40000.0,40000.0,40000.0,40000.0,40000.0,40000.0,40000.0,40000.0,40000.0,2080.154785,5000.0,2560.998908,-118.089375,289.278519,0,true,true,1.0,-30.2386,0,0.0,0.0,1.0
16,9357,44.2,73723.597638,74295.153519,73131.295249,80831.773231,17277.511255,-1733.83368,-3078.660564,1246.310848,1.580006,-7.218071,-122.480194,0.0,0.0,1.0,0.0,0.0,0.0,0,0,0,0,0,0,0,0,0,0,0,0,0,0,0,1880.858521,40000.0,40000.0,40000.0,40000.0,40000.0,40000.0,40000.0,40000.0,40000.0,40000.0,40000.0,40000.0,40000.0,40000.0,40000.0,40000.0,40000.0,40000.0,40000.0,40000.0,40000.0,40000.0,1880.935547,5000.0,2378.674343,-112.644983,315.924013,0,true,true,1.0,-30.2286,0,0.0,0.0,1.0
16,9358,44.25,73805.719794,-110300.873313,73276.183765,-116307.956997,17222.840537,-1765.935663,-3103.834948,1121.416228,1.626258,-9.244435,-122.772163,0.0,0.0,1.0,0.0,-0.069993,-0.069993,0,0,0,0,0,0,0,0,0,0,0,0,0,0,0,1722.118042,1949.750244,40000.0,40000.0,40000.0,40000.0,40000.0,40000.0,40000.0,40000.0,40000.0,40000.0,40000.0,40000.0,40000.0,40000.0,40000.0,40000.0,40000.0,40000.0,40000.0,40000.0,40000.0,1690.377686,5000.0,2211.065243,-110.14191,319.228736,0,true,true,1.0,-30.2186,0,0.0,0.0,1.0
16,9359,44.3,73894.23428,74206.639033,73430.719069,80677.237927,17171.456458,-1796.686267,-3124.345564,987.027345,1.68033,-11.108443,-123.055099,0.0,0.0,1.0,0.0,-0.069993,0.0,0,0,0,0,0,0,0,0,0,0,0,0,0,0,0,1549.622925,1725.361938,40000.0,40000.0,40000.0,40000.0,40000.0,40000.0,40000.0,40000.0,40000.0,40000.0,40000.0,40000.0,40000.0,40000.0,40000.0,40000.0,40000.0,40000.0,40000.0,40000.0,40000.0,1551.111206,5000.0,2035.305199,-109.135884,306.319865,0,true,true,1.0,-30.2086,0,0.0,0.0,1.0
16,9360,44.35,73979.733774,-110386.372807,73578.465781,-116455.703709,17128.685027,-1823.321198,-3138.970278,858.747923,1.744508,-12.912447,-123.345032,0.0,0.0,1.0,0.0,-0.069993,0.0,0,0,0,0,0,0,0,0,0,0,0,0,0,0,0,1383.47644,1569.779297,40000.0,40000.0,40000.0,40000.0,40000.0,40000.0,40000.0,40000.0,40000.0,40000.0,40000.0,40000.0,40000.0,40000.0,40000.0,40000.0,40000.0,40000.0,40000.0,40000.0,40000.0,1411.569214,5000.0,1868.470742,-108.379977,290.477686,0,true,true,1.0,-30.1986,0,0.0,0.0,1.0
16,9361,44.4,74071.499442,74114.873364,73735.407306,80520.296403,17090.042924,-1849.971273,-3151.484742,724.116121,1.816787,-14.653936,-123.633034,0.0,0.0,1.0,0.0,-0.069993,0.0,0,0,0,0,0,0,0,0,0,0,0,0,0,0,0,1203.123169,1399.611328,40000.0,40000.0,40000.0,40000.0,40000.0,40000.0,40000.0,40000.0,40000.0,40000.0,40000.0,40000.0,40000.0,40000.0,40000.0,40000.0,40000.0,40000.0,40000.0,40000.0,40000.0,1290.950562,5000.0,1693.327929,-108.940173,263.788912,0,true,true,1.0,-30.1886,0,0.0,0.0,1.0
16,9362,44.45,74155.721967,-110470.595331,73878.883047,-116599.17945,17057.109713,-1590.027713,-2708.662643,622.077352,1.888681,-16.175577,-123.891335,0.0,0.0,0.0,0.0,-0.069993,-0.069993,0,0,0,0,0,0,0,0,0,0,0,0,0,0,0,1044.259521,1254.111328,40000.0,40000.0,40000.0,40000.0,40000.0,40000.0,40000.0,36993.175781,40000.0,40000.0,40000.0,40000.0,40000.0,40000.0,40000.0,40000.0,40000.0,40000.0,40000.0,40000.0,40000.0,1138.349854,5000.0,1535.742153,-110.586462,230.691914,0,true,true,1.0,-30.1786,0,0.0,0.0,1.0
16,9363,44.5,74226.453704,74044.141627,73999.376805,80399.802645,17029.517817,-1368.269092,-2330.889798,532.834018,1.963144,-17.571938,-124.137688,0.0,0.0,0.0,0.0,0.0,0.0,0,0,0,0,0,0,0,0,0,0,0,0,0,0,0,984.035522,1141.808472,40000.0,40000.0,40000.0,40000.0,40000.0,40000.0,40000.0,37353.367188,40000.0,40000.0,40000.0,40000.0,40000.0,40000.0,40000.0,40000.0,40000.0,40000.0,40000.0,40000.0,984.035522,1597.235107,2915.487549,1405.397709,-112.277488,199.568611,0,true,true,1.0,-30.1686,0,0.0,0.0,1.0
16,9364,44.55,74299.615757,-110543.757384,74124.010683,-116723.813328,17001.067902,-1141.460891,-1944.514834,443.079215,2.058742,-19.154867,-124.430695,0.0,0.0,0.0,0.0,0.0,0.0,0,0,0,0,0,0,0,0,0,0,0,0,0,0,0,1556.308228,1277.091309,40000.0,40000.0,40000.0,40000.0,40000.0,40000.0,40000.0,40000.0,40000.0,40000.0,40000.0,40000.0,40000.0,40000.0,40000.0,40000.0,40000.0,40000.0,40000.0,40000.0,40000.0,1556.308228,2945.137451,1272.888214,-114.298919,164.034344,0,true,true,1.0,-30.1586,0,0.0,0.0,1.0
16,9365,44.6,74352.323559,73991.433825,74213.800096,80310.013232,16980.709583,-976.4361,-1663.389868,376.995053,2.130901,-20.226116,-124.638214,0.0,0.0,0.0,0.0,-0.069993,0.0,0,0,0,0,0,0,0,0,0,0,0,0,0,0,0,1535.951416,1230.243042,1000.478821,40000.0,40000.0,40000.0,40000.0,40000.0,40000.0,40000.0,40000.0,40000.0,40000.0,40000.0,40000.0,40000.0,40000.0,40000.0,40000.0,40000.0,40000.0,40000.0,1225.842163,1535.951416,2965.49585,1179.492252,-116.461336,132.696082,0,true,true,1.0,-30.1486,0,0.0,0.0,1.0
16,9366,44.65,74394.88769,-110586.321515,74286.309443,-116796.322675,16964.309781,-844.622177,-1438.84067,325.156687,2.197474,-21.149401,-124.821129,0.0,0.0,0.0,0.0,-0.069993,0.0,0,0,0,0,0,0,0,0,0,0,0,0,0,0,0,1517.229614,1192.78772,40000.0,40000.0,40000.0,40000.0,40000.0,40000.0,40000.0,40000.0,40000.0,40000.0,40000.0,40000.0,40000.0,40000.0,40000.0,40000.0,40000.0,40000.0,40000.0,40000.0,1136.148071,1517.229614,2981.895508,1105.19205,-118.376606,106.046737,0,true,true,1.0,-30.1386,0,0.0,0.0,1.0
16,9367,44.7,74430.937889,73955.383626,74347.722101,80248.600574,16950.480269,-732.284021,-1247.469056,280.1036,2.264257,-21.991041,-124.998009,0.0,0.0,0.0,0.0,-0.069993,-0.069993,0,0,0,0,0,0,0,0,0,0,0,0,0,0,0,1498.812134,1160.330933,40000.0,40000.0,40000.0,40000.0,40000.0,40000.0,40000.0,40000.0,40000.0,40000.0,40000.0,40000.0,40000.0,40000.0,40000.0,40000.0,40000.0,40000.0,40000.0,40000.0,1099.158936,1498.812134,2995.725098,1043.131015,-119.973659,82.780527,0,true,true,1.0,-30.1286,0,0.0,0.0,1.0
16,9368,44.75,74462.663124,-110618.04675,74401.767045,-116850.367619,16938.394464,-634.27525,-1080.508007,242.1511,2.335126,-22.810892,-125.179703,0.0,0.0,0.0,0.0,0.0,0.0,0,0,0,0,0,0,0,0,0,0,0,0,0,0,0,1478.841797,1107.703979,40000.0,40000.0,40000.0,40000.0,40000.0,40000.0,40000.0,40000.0,40000.0,40000.0,40000.0,40000.0,40000.0,40000.0,40000.0,40000.0,40000.0,40000.0,40000.0,40000.0,1062.515015,1464.872559,838.206604,989.227187,-121.282673,62.271649,0,true,true,1.0,-30.1186,0,0.0,0.0,1.0
16,9369,44.8,74495.81345,73922.2333,74458.239677,80192.127942,16925.848101,-530.274289,-903.33907,199.201201,2.420508,-23.728561,-125.391342,0.0,0.0,0.0,0.0,0.0,0.0,0,0,0,0,0,0,0,0,0,0,0,0,0,0,0,1415.368896,1052.777588,40000.0,40000.0,40000.0,40000.0,40000.0,40000.0,40000.0,40000.0,40000.0,40000.0,40000.0,40000.0,40000.0,40000.0,40000.0,40000.0,40000.0,40000.0,40000.0,40000.0,1159.723145,1405.968628,850.752991,933.747061,-122.672412,40.287676,0,true,true,1.0,-30.1086,0,0.0,0.0,1.0
16,9370,44.85,74518.650513,-110640.883812,74497.143337,-116889.271279,16917.291428,-459.047987,-782.002806,170.33544,2.480365,-24.33139,-125.535454,0.0,0.0,0.0,0.0,-0.069993,0.0,0,0,0,0,0,0,0,0,0,0,0,0,0,0,0,1372.848999,1014.278442,40000.0,40000.0,40000.0,40000.0,40000.0,40000.0,40000.0,40000.0,40000.0,40000.0,40000.0,40000.0,40000.0,40000.0,40000.0,40000.0,40000.0,40000.0,40000.0,40000.0,1192.890625,1364.781982,859.309631,896.077067,-123.835417,23.7324,0,true,true,1.0,-30.0986,0,0.0,0.0,1.0
16,9371,44.9,74537.832563,73903.051249,74529.820569,80159.45071,16910.153364,-400.208636,-681.768105,148.434837,2.536962,-24.866318,-125.668976,0.0,0.0,0.0,0.0,0.0,0.0,0,0,0,0,0,0,0,0,0,0,0,0,0,0,0,1337.238892,1103.631592,40000.0,40000.0,40000.0,40000.0,40000.0,40000.0,40000.0,40000.0,40000.0,40000.0,40000.0,40000.0,40000.0,40000.0,40000.0,40000.0,40000.0,40000.0,40000.0,40000.0,1220.392578,1330.325562,1034.628418,864.791608,-124.783525,9.696664,0,true,true,1.0,-30.0886,0,0.0,0.0,1.0
16,9372,44.95,74558.100131,-110661.15138,74564.347013,-116923.797724,16902.691125,-337.262249,-574.536938,123.282544,2.610123,-25.500042,-125.838211,0.0,0.0,0.0,0.0,-0.069993,0.0,0,0,0,0,0,0,0,0,0,0,0,0,0,0,0,1300.083862,1095.305908,40000.0,40000.0,40000.0,40000.0,40000.0,40000.0,40000.0,40000.0,40000.0,40000.0,40000.0,40000.0,40000.0,40000.0,40000.0,40000.0,40000.0,40000.0,40000.0,40000.0,1248.631836,1294.509644,1042.090698,832.137439,-125.596708,-4.687372,0,true,true,1.0,-30.0786,0,0.0,0.0,1.0
16,9373,45.0,74572.5271,73888.62428,74588.923812,80134.873911,16897.476213,-292.268051,-497.887895,104.966206,2.672801,-26.006584,-125.980476,0.0,0.0,0.0,0.0,-0.069993,-0.069993,0,0,0,0,0,0,0,0,0,0,0,0,0,0,0,1274.050537,1087.308472,40000.0,40000.0,40000.0,40000.0,40000.0,40000.0,40000.0,40000.0,40000.0,40000.0,40000.0,40000.0,40000.0,40000.0,40000.0,40000.0,40000.0,40000.0,40000.0,978.677002,1268.147217,1269.521606,1047.305542,809.168818,-126.039535,-14.487426,0,true,true,1.0,-30.0686,0,0.0,0.0,1.0
16,9374,45.05,74584.610284,-110673.234564,74609.5079,-116944.381811,16893.155783,-254.647675,-433.800391,89.523175,2.739721,-26.515921,-126.12989,0.0,0.0,0.0,0.0,-0.069993,0.0,0,0,0,0,0,0,0,0,0,0,0,0,0,0,0,1252.998657,1077.57019,40000.0,40000.0,40000.0,40000.0,40000.0,40000.0,40000.0,40000.0,40000.0,40000.0,40000.0,40000.0,40000.0,40000.0,40000.0,40000.0,40000.0,40000.0,40000.0,970.87854,1283.757324,1249.491699,1051.625977,790.183612,-126.171566,-21.779236,0,true,true,1.0,-30.0586,0,0.0,0.0,1.0
16,9375,45.1,74597.415594,73875.81897,74631.322152,80113.059659,16888.656372,-215.040881,-366.328961,74.155906,2.820187,-27.100542,-126.306313,0.0,0.0,0.0,0.0,-0.069993,0.0,0,0,0,0,0,0,0,0,0,0,0,0,0,0,0,1231.058472,1065.905518,40000.0,40000.0,40000.0,40000.0,40000.0,40000.0,40000.0,40000.0,28736.072266,40000.0,40000.0,40000.0,40000.0,40000.0,40000.0,40000.0,40000.0,40000.0,40000.0,961.34668,1299.8927,1228.705933,1056.125488,770.299144,-126.22545,-29.196982,0,true,true,1.0,-30.0486,0,0.0,0.0,1.0
16,9376,45.15,74610.653455,-110686.472424,74652.737298,-116965.796957,16888.19326,-321.380843,-504.50177,-37.902127,2.882153,-27.528749,-126.43998,0.0,0.0,1.0,0.0,-0.069993,0.0,0,0,0,0,0,0,0,0,0,0,0,0,0,0,0,1207.438843,1051.59375,40000.0,40000.0,40000.0,40000.0,40000.0,40000.0,40000.0,40000.0,28390.28125,40000.0,40000.0,40000.0,40000.0,40000.0,40000.0,40000.0,40000.0,40000.0,40000.0,948.53717,1287.452515,1205.971802,1056.588501,748.675122,-126.380681,-35.464113,0,true,true,1.0,-30.0386,0,0.0,0.0,1.0
16,9377,45.2,74631.016636,73855.455788,74683.603395,80082.193563,16894.71255,-455.54221,-680.550993,-178.754301,2.947931,-27.932644,-126.580154,0.0,0.0,1.0,0.0,0.0,-0.069993,0,0,0,0,0,0,0,0,0,0,0,0,0,0,0,1170.03125,1034.269897,40000.0,40000.0,40000.0,40000.0,40000.0,40000.0,40000.0,40000.0,27998.199219,40000.0,40000.0,30273.306641,40000.0,40000.0,40000.0,40000.0,40000.0,40000.0,40000.0,921.985168,1249.387085,1169.514038,1050.069214,713.462328,-126.475648,-41.735684,0,true,true,1.0,-30.0286,0,0.0,0.0,1.0
16,9378,45.25,74654.844507,-110710.300295,74718.594875,-117000.788438,16906.113951,-568.44537,-827.862343,-296.195986,3.01352,-28.312656,-126.718246,0.0,0.0,1.0,0.0,-0.069993,0.0,0,0,0,0,0,0,0,0,0,0,0,0,0,0,0,1126.029785,1021.068237,40000.0,40000.0,40000.0,40000.0,40000.0,40000.0,40000.0,40000.0,27628.851562,40000.0,40000.0,30094.427734,40000.0,40000.0,40000.0,40000.0,40000.0,40000.0,40000.0,886.57489,1204.170776,1126.427124,1038.667847,671.308189,-126.497693,-47.034737,0,true,true,1.0,-30.0186,0,0.0,0.0,1.0
16,9379,45.3,74690.212754,73820.087541,74769.527173,80031.261265,16926.426668,-608.241225,-873.660589,-356.986864,3.096601,-28.760054,-126.891006,0.0,0.0,0.0,0.0,-0.069993,0.0,0,0,0,0,0,0,0,0,0,0,0,0,0,0,0,1060.016479,1000.668091,40000.0,40000.0,40000.0,40000.0,40000.0,40000.0,40000.0,40000.0,27192.714844,40000.0,40000.0,29622.996094,40000.0,40000.0,40000.0,40000.0,40000.0,40000.0,40000.0,930.714783,1135.734375,1061.510132,1018.355164,607.845436,-126.63582,-53.817646,0,true,true,1.0,-30.0086,0,0.0,0.0,1.0
16,9380,45.35,74715.156341,-110735.243882,74805.35544,-117036.616705,16941.104445,-531.242117,-763.061235,-312.403095,3.166051,-29.113623,-127.033737,0.0,0.0,0.0,0.0,-0.069993,0.0,0,0,0,0,0,0,0,0,0,0,0,0,0,0,0,1013.599182,987.409607,792.317505,40000.0,40000.0,40000.0,40000.0,40000.0,40000.0,40000.0,26860.714844,40000.0,40000.0,29263.986328,40000.0,40000.0,40000.0,40000.0,40000.0,40000.0,792.317505,890.216614,1087.699097,1015.902405,385.496643,563.149498,-126.716909,-58.479927,0,true,true,1.0,-29.9986,0,0.0,0.0,1.0
16,9381,45.4,74742.813571,73792.430311,74845.081507,79991.535198,16957.498484,-443.589511,-637.159497,-265.848549,3.242614,-29.491127,-127.189331,0.0,0.0,0.0,0.0,-0.069993,0.0,0,0,0,0,0,0,0,0,0,0,0,0,0,0,0,961.719177,972.174316,749.768433,40000.0,40000.0,40000.0,40000.0,40000.0,40000.0,40000.0,26513.912109,40000.0,40000.0,28889.136719,40000.0,40000.0,40000.0,40000.0,40000.0,40000.0,749.768433,891.038391,1033.815918,950.782104,416.734711,513.612122,-127.028497,-64.335836,0,true,true,1.0,-29.9886,0,0.0,0.0,1.0
16,9382,45.45,74760.865859,-110753.29617,74871.011304,-117062.546503,16968.243558,-388.879865,-558.576101,-231.931856,3.292518,-29.73727,-127.28978,0.0,0.0,0.0,0.0,-0.069993,0.0,0,0,0,0,0,0,0,0,0,0,0,0,0,0,0,927.696594,962.016052,40000.0,40000.0,40000.0,40000.0,40000.0,40000.0,40000.0,40000.0,26231.0625,40000.0,40000.0,28649.951172,40000.0,40000.0,40000.0,40000.0,40000.0,40000.0,722.460632,901.74707,998.377441,904.00946,405.989655,481.311491,-127.353902,-68.48242,0,true,true,1.0,-29.9786,0,0.0,0.0,1.0
16,9382,45.45,74760.865859,-110753.29617,74871.011304,-117062.546503,16968.243558,-388.879865,-558.576101,-231.931856,3.292518,-29.73727,-127.28978,0.0,0.0,0.0,0.0,0.0,0.0,0,0,0,0,0,0,0,0,0,0,0,0,0,0,0,927.696594,962.016052,40000.0,40000.0,40000.0,40000.0,40000.0,40000.0,40000.0,40000.0,26231.0625,40000.0,40000.0,28649.951172,40000.0,40000.0,40000.0,40000.0,40000.0,40000.0,722.460632,901.74707,998.377441,904.00946,405.989655,452.782299,-127.763835,-72.462719,0,true,true,1.0,161.252977,1,0.0,0.0,1.0
