3,638,0.05,500.0,1143.13941,500.0,1285.699025,17452.492319,0.0,0.0,-24.982503,0.0,0.0,-135.0,0.0,0.0,0.0,0.0,0.0,0.0,0,0,0,0,0,0,0,0,0,0,0,0,0,0,0,370.717834,410.452972,457.800201,560.687439,462.298828,414.485229,370.696228,410.478027,457.827454,560.719666,462.341644,414.52417,370.755676,410.509399,457.863159,560.764587,462.318268,414.502686,370.75824,410.495239,457.846741,560.743408,462.282806,414.471313,59.235542,105500.331753,-0.0,192.492319,2,false,false,0.0,-133.62,0,0.0,1.0,1.0
3,639,0.1,500.0,36156.86059,500.0,36014.300975,17454.677475,0.0,0.0,-64.312601,0.0,0.0,-135.0,0.0,0.0,0.0,0.0,0.0,0.0,0,0,0,0,0,0,0,0,0,0,0,0,0,0,0,370.717834,410.452972,457.800201,560.687439,462.298828,414.485229,370.696228,410.478027,457.827454,560.719666,462.341644,414.52417,370.755676,410.509399,457.863159,560.764587,462.318268,414.502686,370.75824,410.495239,457.846741,560.743408,462.282806,414.471313,57.050385,105500.331753,-0.0,194.677475,0,false,false,0.0,-133.61,0,0.0,1.0,1.0
3,640,0.15,500.0,1143.13941,500.0,1285.699025,17459.28326,0.0,0.0,-108.601676,0.0,0.0,-135.0,0.0,0.0,0.0,0.0,0.0,0.0,0,0,0,0,0,0,0,0,0,0,0,0,0,0,0,370.717834,410.452972,457.800201,560.687439,462.298828,414.485229,370.696228,410.478027,457.827454,560.719666,462.341644,414.52417,370.755676,410.509399,457.863159,560.764587,462.318268,414.502686,370.75824,410.495239,457.846741,560.743408,462.282806,414.471313,52.444599,105500.331753,-0.0,199.28326,0,false,false,0.0,-133.6,0,0.0,1.0,1.0
3,641,0.2,500.0,36156.86059,500.0,36014.300975,17465.523121,0.0,0.0,-148.112289,0.0,0.0,-135.0,0.0,0.0,0.0,0.0,0.0,0.0,0,0,0,0,0,0,0,0,0,0,0,0,0,0,0,370.717834,410.452972,457.800201,560.687439,462.298828,414.485229,370.696228,410.478027,457.827454,560.719666,462.341644,414.52417,370.755676,410.509399,457.863159,560.764587,462.318268,414.502686,370.75824,410.495239,457.846741,560.743408,462.282806,414.471313,46.204739,105500.331753,-0.0,205.523121,0,false,false,0.0,-133.59,0,0.0,1.0,1.0
3,642,0.25,499.991575,1143.147834,499.991975,1285.70705,17473.943257,8.97758,8.305913,29.689476,0.000425,0.017142,-135.0,0.0,0.0,0.0,0.0,0.0,0.0,0,0,0,0,0,0,0,0,0,0,0,0,0,0,0,370.729706,410.465027,457.813629,560.703857,462.298553,414.484985,370.705688,410.477722,457.827118,560.719238,462.328247,414.512146,370.743805,410.497345,457.849731,560.748108,462.318634,414.503021,370.748749,410.495544,457.847046,560.743774,462.296265,414.483368,37.784603,105500.402671,0.006353,182.379502,0,false,false,0.0,-133.58,0,0.0,1.0,1.0
3,643,0.3,499.5624,36157.289766,499.594711,36014.698239,17473.940809,4.378876,4.051012,4.128028,0.004747,0.114348,-135.00061,0.0,0.0,0.0,0.0,0.0,0.0,0,0,0,0,0,0,0,0,0,0,0,0,0,0,0,371.330475,411.069672,458.486542,561.525513,462.276184,414.463593,371.170929,410.45401,457.799194,560.682556,461.657135,413.909119,370.13797,409.891998,457.173065,559.916931,462.348358,414.528351,370.278442,410.518555,457.871246,560.770935,462.974762,415.090332,37.787052,105501.144626,1.088842,3.386903,0,false,false,0.0,-133.57,0,0.0,1.0,1.0
3,644,0.35,499.549064,1143.16117,499.587312,1285.714449,17473.932415,-0.702112,-0.744583,0.220745,0.010537,0.122276,-134.999756,0.0,0.0,0.0,0.0,0.0,0.0,0,0,0,0,0,0,0,0,0,0,0,0,0,0,0,371.353363,411.086578,458.507477,561.554626,462.267548,414.457733,371.183716,410.451416,457.79834,560.684998,461.636444,413.892426,370.124451,409.878571,457.160156,559.904541,462.349426,414.531189,370.275024,410.524628,457.880096,560.785278,462.987885,415.104004,37.795444,105501.158733,-0.461355,-11.220037,0,false,false,0.0,-133.56,0,0.0,1.0,1.0
3,645,0.4,499.59096,36157.24787,499.631583,36014.653968,17473.941898,-0.229379,-0.255853,0.074482,0.013016,0.026095,-134.999847,0.0,0.0,0.0,0.0,0.0,0.0,0,0,0,0,0,0,0,0,0,0,0,0,0,0,0,371.292542,411.02243,458.435699,561.46637,462.265015,414.455261,371.129608,410.448608,457.795013,560.680542,461.706207,413.954773,370.182678,409.940582,457.229095,559.988647,462.3508,414.532196,370.326508,410.525299,457.880615,560.785522,462.916962,415.040192,37.785961,105500.967994,-0.336072,165.892141,0,false,false,0.0,-133.55,0,0.0,1.0,1.0
3,646,0.45,499.584832,1143.167298,499.627847,1285.718185,17473.941635,0.037378,0.003146,0.005765,0.015517,0.032314,-134.999878,0.0,0.0,0.0,0.0,0.0,0.0,0,0,0,0,0,0,0,0,0,0,0,0,0,0,0,371.300842,411.029633,458.443695,561.476074,462.263184,414.453552,371.133698,410.446838,457.792999,560.67804,461.698273,413.947632,370.174194,409.93335,457.220978,559.978638,462.352844,414.533997,370.322296,410.527039,457.882538,560.787781,462.92511,415.047485,37.786224,105500.992353,-0.310456,154.441259,0,false,false,0.0,-133.54,0,0.0,1.0,1.0
3,647,0.5,499.583054,36157.249648,499.628137,36014.653678,17473.941409,-0.037234,-0.059488,0.016394,0.017562,0.030601,-135.000061,0.0,0.0,0.0,0.0,0.0,0.0,0,0,0,0,0,0,0,0,0,0,0,0,0,0,0,371.302124,411.030365,458.444061,561.475769,462.262329,414.452393,371.132111,410.444977,457.790436,560.674133,461.697906,413.946869,370.170929,409.931885,457.218903,559.975342,462.355377,414.535858,370.321869,410.528198,457.883362,560.788025,462.927185,415.04892,37.786453,105500.988742,0.02226,157.594078,0,false,false,0.0,-133.53,0,0.0,1.0,1.0
3,648,0.55,499.581821,1143.168531,499.628169,1285.718152,17473.9413,0.023155,0.009434,0.003193,0.018578,0.030073,-135.000412,0.0,0.0,0.0,0.0,0.0,0.0,0,0,0,0,0,0,0,0,0,0,0,0,0,0,0,371.301819,411.030579,458.44342,561.473511,462.262939,414.452148,371.130005,410.443359,457.787781,560.669434,461.698547,413.946686,370.167389,409.930328,457.216309,559.970703,462.358063,414.537476,370.320129,410.528442,457.882751,560.785828,462.92981,415.050476,37.78656,105500.988132,0.66684,158.566502,0,false,false,0.0,-133.52,0,0.0,1.0,1.0
3,649,0.6,499.578552,36157.252916,499.626664,36014.655184,17473.941116,-0.039222,-0.058144,0.016174,0.020277,0.032422,-135.000626,0.0,0.0,0.0,0.0,0.0,0.0,0,0,0,0,0,0,0,0,0,0,0,0,0,0,0,371.305054,411.033661,458.44632,561.476196,462.262512,414.451294,371.130432,410.44165,457.78537,560.665527,461.695679,413.943604,370.161804,409.926422,457.211426,559.963806,462.360535,414.539185,370.317383,410.529327,457.883209,560.785522,462.934723,415.054413,37.786743,105500.997917,1.062254,154.241287,0,false,false,0.0,-133.51,0,0.0,1.0,1.0
3,650,0.65,499.579049,1143.168035,499.6279,1285.716916,17473.941085,-0.024299,-0.021207,0.006185,0.020595,0.02877,-135.001038,0.0,0.0,0.0,0.0,0.0,0.0,0,0,0,0,0,0,0,0,0,0,0,0,0,0,0,371.302032,411.031586,458.442993,561.470459,462.263794,414.451538,371.126648,410.440308,457.782867,560.660767,461.698975,413.945648,370.16037,409.92691,457.210938,559.961548,462.363007,414.540497,370.316711,410.529083,457.881927,560.782227,462.935211,415.053925,37.786777,105500.986635,1.808489,160.965844,0,false,false,0.0,-133.5,0,0.0,1.0,1.0
3,651,0.7,499.578751,36157.253214,499.627662,36014.655422,17473.941141,-0.065886,-0.057458,0.017283,0.020083,0.027642,-135.001465,0.0,0.0,0.0,0.0,0.0,0.0,0,0,0,0,0,0,0,0,0,0,0,0,0,0,0,371.300079,411.031128,458.441437,561.466736,462.265778,414.452332,371.124542,410.439453,457.780792,560.656494,461.700562,413.946106,370.157593,409.92569,457.208496,559.956726,462.365082,414.541382,370.314056,410.52829,457.879944,560.778015,462.937653,415.055145,37.78672,105500.983806,2.608736,163.044464,0,false,false,0.0,-133.49,0,0.0,1.0,1.0
3,652,0.75,499.576849,1143.169937,499.626184,1285.718394,17473.941146,0.037005,0.034804,0.004273,0.020024,0.02956,-135.001892,0.0,0.0,0.0,0.0,0.0,0.0,0,0,0,0,0,0,0,0,0,0,0,0,0,0,0,371.300446,411.032806,458.44223,561.465942,462.267395,414.45285,371.123962,410.438324,457.778503,560.651917,461.699768,413.944458,370.152679,409.922394,457.203796,559.949219,462.367401,414.542511,370.310059,410.527771,457.878357,560.774292,462.942413,415.058441,37.786716,105500.991574,3.390269,159.511767,0,false,false,0.0,-133.48,0,0.0,1.0,1.0
3,653,0.8,499.57668,36157.253383,499.625759,36014.655847,17473.941249,0.006729,0.012246,0.00169,0.019073,0.028182,-135.002396,0.0,0.0,0.0,0.0,0.0,0.0,0,0,0,0,0,0,0,0,0,0,0,0,0,0,0,371.297943,411.032257,458.440399,561.461609,462.269958,414.45401,371.121765,410.437531,457.776398,560.647217,461.70163,413.945007,370.149658,409.92099,457.200989,559.943726,462.369537,414.543304,370.306793,410.526611,457.875824,560.769104,462.945221,415.059875,37.78661,105500.988091,4.320562,162.050753,0,false,false,0.0,-133.47,0,0.0,1.0,1.0
3,654,0.85,499.572287,1143.17433,499.62195,1285.722202,17473.941232,0.188055,0.164152,0.023057,0.019264,0.03459,-135.002701,0.0,0.0,0.0,0.0,0.0,0.0,0,0,0,0,0,0,0,0,0,0,0,0,0,0,0,371.30249,411.03772,458.44574,561.466858,462.270905,414.454193,371.124573,410.436554,457.774536,560.643738,461.69635,413.939606,370.141907,409.914429,457.192932,559.932617,462.37146,414.544342,370.30072,410.526489,457.874939,560.766785,462.953369,415.066467,37.786629,105501.01133,4.879067,150.251098,0,false,false,0.0,-133.46,0,0.0,1.0,1.0
3,655,0.9,499.573688,36157.251983,499.62446,36014.653338,17473.941143,-0.074138,-0.074686,0.021964,0.020064,0.028414,-135.003082,0.0,0.0,0.0,0.0,0.0,0.0,0,0,0,0,0,0,0,0,0,0,0,0,0,0,0,371.298279,411.034119,458.440765,561.459229,462.271759,414.454071,371.119415,410.434998,457.771851,560.638855,461.701294,413.943176,370.141937,409.916534,457.194336,559.932739,462.374084,414.545868,370.301758,410.52655,457.874054,560.76416,462.951904,415.064331,37.786716,105500.991723,5.570755,161.62264,0,false,false,0.0,-133.45,0,0.0,1.0,1.0
3,656,0.95,499.573313,1143.174704,499.624107,1285.722555,17473.9412,-0.039211,-0.029873,0.009005,0.019535,0.027574,-135.003464,0.0,0.0,0.0,0.0,0.0,0.0,0,0,0,0,0,0,0,0,0,0,0,0,0,0,0,371.296722,411.033875,458.439545,561.456116,462.273529,414.454803,371.117706,410.434235,457.77005,560.635071,461.702484,413.94339,370.139313,409.915253,457.191956,559.928223,462.375916,414.546631,370.299225,410.525818,457.872284,560.760376,462.954315,415.065613,37.786659,105500.989815,6.285718,163.170662,0,false,false,0.0,-133.44,0,0.0,1.0,1.0
3,657,1.0,499.569952,36157.255343,499.620821,36014.656624,17473.941239,0.148298,0.129978,0.017752,0.019123,0.033015,-135.003799,0.0,0.0,0.0,0.0,0.0,0.0,0,0,0,0,0,0,0,0,0,0,0,0,0,0,0,371.299652,411.038116,458.443451,561.459534,462.275055,414.455444,371.119781,410.433563,457.768463,560.631714,461.698639,413.939178,370.132751,409.90979,457.184998,559.918335,462.377563,414.547363,370.293549,410.525269,457.870819,560.757202,462.961334,415.071136,37.786621,105501.009495,6.908549,153.152257,0,false,false,0.0,-133.43,0,0.0,1.0,1.0
3,658,1.05,499.565761,1143.178895,499.618329,1285.725046,17473.94108,0.148369,0.123252,0.018438,0.020675,0.036734,-135.003937,0.0,0.0,0.0,0.0,0.0,0.0,0,0,0,0,0,0,0,0,0,0,0,0,0,0,0,371.304688,411.042786,458.448334,561.464966,462.274292,414.454468,371.121857,410.432068,457.76651,560.628784,461.693817,413.93457,370.126343,409.904663,457.178955,559.9104,462.379578,414.548889,370.2901,410.526276,457.871613,560.757629,462.967407,415.076294,37.786781,105501.023924,7.145173,146.303812,0,false,false,0.0,-133.42,0,0.0,1.0,1.0
3,659,1.1,499.566797,36157.254308,499.620533,36014.654421,17473.940984,0.0,0.0,0.0,0.021516,0.031296,-135.004364,0.0,0.0,0.0,0.0,0.0,0.0,0,0,0,0,0,0,0,0,0,0,0,0,0,0,0,371.300751,411.039581,458.443695,561.45752,462.275299,414.454407,371.11676,410.430389,457.76355,560.623413,461.698425,413.937744,370.12561,409.906189,457.179626,559.909424,462.382507,414.550537,370.290497,410.526276,457.870575,560.754578,462.966736,415.074738,37.786877,105501.007216,7.925007,156.316991,0,false,false,0.0,-133.41,0,0.0,1.0,1.0
3,660,1.15,499.563713,1143.181979,499.617944,1285.727636,17473.940971,0.138337,0.116596,0.016753,0.021606,0.035533,-135.00473,0.0,0.0,0.0,0.0,0.0,0.0,0,0,0,0,0,0,0,0,0,0,0,0,0,0,0,371.30307,411.04303,458.446625,561.459595,462.276642,414.454773,371.117798,410.429321,457.761475,560.619324,461.695526,413.934326,370.119293,409.901337,457.173309,559.900208,462.384644,414.551636,370.285492,410.52594,457.869293,560.751526,462.973114,415.07962,37.786892,105501.022445,8.607862,148.515452,0,false,false,0.0,-133.4,0,0.0,1.0,1.0
3,661,1.2,499.563662,36157.254359,499.618713,36014.653651,17473.940928,0.017798,0.007957,0.002401,0.02203,0.032856,-135.005173,0.0,0.0,0.0,0.0,0.0,0.0,0,0,0,0,0,0,0,0,0,0,0,0,0,0,0,371.300629,411.041656,458.444,561.454529,462.278015,414.455017,371.11438,410.427856,457.758759,560.614136,461.698151,413.935699,370.116913,409.901001,457.171844,559.896606,462.38736,414.55307,370.284088,410.525696,457.86792,560.747986,462.974579,415.079956,37.786934,105501.014813,9.41633,153.444772,0,false,false,0.0,-133.39,0,0.0,1.0,1.0
3,662,1.25,499.563764,1143.181877,499.618779,1285.727569,17473.941012,0.066618,0.067555,0.008344,0.021269,0.030552,-135.005722,0.0,0.0,0.0,0.0,0.0,0.0,0,0,0,0,0,0,0,0,0,0,0,0,0,0,0,371.297424,411.040436,458.441254,561.448853,462.28067,414.456116,371.111237,410.426819,457.756165,560.608704,461.700897,413.93689,370.114014,409.900055,457.169373,559.891235,462.389923,414.554138,370.281128,410.524567,457.865295,560.742432,462.977051,415.080902,37.78685,105501.008341,10.45085,157.687841,0,false,false,0.0,-133.38,0,0.0,1.0,1.0
3,663,1.3,499.562601,36157.255522,499.617897,36014.654534,17473.94103,-0.041025,-0.045166,0.013028,0.021094,0.03093,-135.00618,0.0,0.0,0.0,0.0,0.0,0.0,0,0,0,0,0,0,0,0,0,0,0,0,0,0,0,371.2966,411.041077,458.440826,561.446472,462.282532,414.456787,371.109802,410.42572,457.753876,560.604004,461.701324,413.936279,370.109955,409.897675,457.165649,559.884766,462.392273,414.555206,370.277649,410.523926,457.863434,560.738281,462.980835,415.083282,37.786831,105501.010739,11.282443,156.992457,0,false,false,0.0,-133.37,0,0.0,1.0,1.0
3,664,1.35,499.562279,1143.182199,499.617787,1285.727679,17473.941066,0.026542,0.027456,0.003353,0.020778,0.029695,-135.006622,0.0,0.0,0.0,0.0,0.0,0.0,0,0,0,0,0,0,0,0,0,0,0,0,0,0,0,371.294617,411.040527,458.439148,561.442566,462.284393,414.457489,371.107513,410.424744,457.751648,560.599487,461.703033,413.936798,370.107147,409.896515,457.163239,559.880066,462.394501,414.556213,370.275177,410.523224,457.861572,560.734192,462.983215,415.084442,37.786797,105501.007546,12.09237,159.266105,0,false,false,0.0,-133.36,0,0.0,1.0,1.0
3,665,1.4,499.561105,36157.256696,499.617034,36014.655287,17473.941069,0.0,0.0,0.0,0.020736,0.029975,-135.00705,0.0,0.0,0.0,0.0,0.0,0.0,0,0,0,0,0,0,0,0,0,0,0,0,0,0,0,371.293884,411.041107,458.438721,561.440247,462.286072,414.458008,371.106018,410.423584,457.749329,560.594849,461.703461,413.936218,370.10318,409.894287,457.159698,559.873901,462.396851,414.557373,370.271973,410.522705,457.859924,560.730408,462.986816,415.0867,37.786793,105501.009591,12.887519,158.751282,0,false,false,0.0,-133.35,0,0.0,1.0,1.0
3,666,1.45,499.558905,1143.184399,499.61532,1285.729393,17473.941058,0.009612,-0.00198,0.001498,0.02082,0.032381,-135.007462,0.0,0.0,0.0,0.0,0.0,0.0,0,0,0,0,0,0,0,0,0,0,0,0,0,0,0,371.294739,411.043213,458.440063,561.440247,462.287567,414.458466,371.105804,410.422485,457.74707,560.590393,461.702148,413.934143,370.097931,409.890656,457.154633,559.866028,462.399139,414.558502,370.267822,410.522278,457.858459,560.726929,462.991913,415.090363,37.786804,105501.018838,13.634677,154.321343,0,false,false,0.0,-133.34,0,0.0,1.0,1.0
3,667,1.5,499.559882,36157.255719,499.616297,36014.65431,17473.94112,0.006887,0.014019,0.001979,0.020272,0.028612,-135.007904,0.0,0.0,0.0,0.0,0.0,0.0,0,0,0,0,0,0,0,0,0,0,0,0,0,0,0,371.290955,411.040924,458.436432,561.43396,462.289612,414.45929,371.102234,410.4216,457.745026,560.58606,461.70578,413.936432,370.096924,409.891235,457.154175,559.863708,462.401184,414.559357,370.266571,410.521423,457.856415,560.722595,462.99234,415.089783,37.786739,105501.006969,14.445616,161.261074,0,false,false,0.0,-133.33,0,0.0,1.0,1.0
3,668,1.55,499.558439,1143.185841,499.614869,1285.730821,17473.941189,0.033497,0.030363,0.003914,0.01962,0.029634,-135.008392,0.0,0.0,0.0,0.0,0.0,0.0,0,0,0,0,0,0,0,0,0,0,0,0,0,0,0,371.290283,411.042053,458.436462,561.431946,462.291931,414.460266,371.101227,410.420654,457.742706,560.581177,461.70578,413.935303,370.092194,409.888184,457.149567,559.855957,462.403534,414.560333,370.262177,410.520477,457.854126,560.717773,462.99704,415.092834,37.786671,105501.011726,15.365148,159.380653,0,false,false,0.0,-133.32,0,0.0,1.0,1.0
3,669,1.6,499.55789,36157.256269,499.614793,36014.654386,17473.94118,-0.097411,-0.09099,0.027148,0.019718,0.028475,-135.008743,0.0,0.0,0.0,0.0,0.0,0.0,0,0,0,0,0,0,0,0,0,0,0,0,0,0,0,371.289124,411.04184,458.435364,561.429138,462.293152,414.460571,371.099365,410.419617,457.740723,560.577271,461.706879,413.935516,370.089569,409.887054,457.14743,559.851929,462.405518,414.561371,370.260254,410.520172,457.852905,560.714783,462.999176,415.093994,37.786682,105501.008828,16.007711,161.514274,0,false,false,0.0,-133.31,0,0.0,1.0,1.0
3,670,1.65,499.556995,1143.186736,499.614182,1285.731433,17473.941203,-0.042594,-0.038381,0.011418,0.019506,0.028379,-135.009155,0.0,0.0,0.0,0.0,0.0,0.0,0,0,0,0,0,0,0,0,0,0,0,0,0,0,0,371.288147,411.042175,458.434723,561.426697,462.2948,414.461151,371.09787,410.41864,457.738617,560.573059,461.70752,413.935181,370.086151,409.885162,457.144348,559.846436,462.407654,414.562347,370.257355,410.519592,457.851288,560.711121,463.002289,415.095856,37.786659,105501.009506,16.750892,161.692136,0,false,false,0.0,-133.3,0,0.0,1.0,1.0
3,671,1.7,499.554153,36157.25911,499.611648,36014.65692,17473.941213,0.0,0.0,0.0,0.019367,0.032458,-135.009476,0.0,0.0,0.0,0.0,0.0,0.0,0,0,0,0,0,0,0,0,0,0,0,0,0,0,0,371.290344,411.045502,458.437622,561.428833,462.296112,414.461578,371.09906,410.417816,457.736877,560.569519,461.704681,413.931915,370.080383,409.880615,457.138458,559.837891,462.409454,414.563232,370.252625,410.519196,457.850037,560.708252,463.008209,415.100464,37.786648,105501.024453,17.360119,154.1809,0,false,false,0.0,-133.29,0,0.0,1.0,1.0
3,672,1.75,499.553328,1143.187562,499.611511,1285.73157,17473.941172,0.019913,0.010955,0.002622,0.019768,0.031597,-135.009811,0.0,0.0,0.0,0.0,0.0,0.0,0,0,0,0,0,0,0,0,0,0,0,0,0,0,0,371.289642,411.045563,458.436859,561.426575,462.297089,414.461731,371.097351,410.416656,457.734772,560.565613,461.705414,413.931824,370.077515,409.879272,457.136139,559.83374,462.41153,414.564362,370.250763,410.519073,457.84906,560.705688,463.010529,415.101807,37.78669,105501.022703,17.962992,155.766619,0,false,false,0.0,-133.28,0,0.0,1.0,1.0
3,673,1.8,499.554593,36157.257845,499.612752,36014.655678,17473.941257,-0.027308,-0.018809,0.005839,0.019012,0.026876,-135.010345,0.0,0.0,0.0,0.0,0.0,0.0,0,0,0,0,0,0,0,0,0,0,0,0,0,0,0,371.284882,411.042664,458.432281,561.418701,462.299622,414.462769,371.092896,410.415619,457.732269,560.560303,461.709991,413.934723,370.076355,409.880035,457.135681,559.830872,462.414032,414.565399,370.249237,410.518005,457.846527,560.700317,463.011017,415.101013,37.786606,105501.007564,18.965936,164.45883,0,false,false,0.0,-133.27,0,0.0,1.0,1.0
3,674,1.85,499.553511,1143.188644,499.611822,1285.7325,17473.941294,-0.024475,-0.019637,0.005714,0.018649,0.027424,-135.010757,0.0,0.0,0.0,0.0,0.0,0.0,0,0,0,0,0,0,0,0,0,0,0,0,0,0,0,371.28418,411.043365,458.432068,561.416748,462.301392,414.46347,371.091797,410.414734,457.730286,560.556152,461.710236,413.934021,370.072632,409.877808,457.132141,559.82489,462.416077,414.566284,370.245972,410.517334,457.844757,560.696533,463.014557,415.103271,37.786568,105501.010416,19.716905,163.450368,0,false,false,0.0,-133.26,0,0.0,1.0,1.0
3,675,1.9,499.551456,36157.2599,499.61045,36014.65705,17473.941257,-0.022809,-0.024337,0.007015,0.018987,0.029251,-135.011093,0.0,0.0,0.0,0.0,0.0,0.0,0,0,0,0,0,0,0,0,0,0,0,0,0,0,0,371.285156,411.045227,458.433289,561.416809,462.302429,414.463623,371.091492,410.413574,457.728149,560.552185,461.709045,413.93219,370.067963,409.874634,457.127777,559.818115,462.418213,414.567474,370.242554,410.517181,457.84375,560.693848,463.018951,415.106445,37.786606,105501.017877,20.345156,160.087268,0,false,false,0.0,-133.25,0,0.0,1.0,1.0
3,676,1.95,499.550764,1143.189335,499.610045,1285.732905,17473.94128,0.024628,0.022745,0.002838,0.018775,0.028784,-135.011505,0.0,0.0,0.0,0.0,0.0,0.0,0,0,0,0,0,0,0,0,0,0,0,0,0,0,0,371.283875,411.045227,458.432281,561.41394,462.304108,414.464203,371.089722,410.412598,457.726013,560.547852,461.710052,413.932159,370.064789,409.873047,457.125,559.813049,462.420349,414.568451,370.239899,410.516602,457.842102,560.690125,463.021759,415.108032,37.786579,105501.017195,21.099899,160.947702,0,false,false,0.0,-133.24,0,0.0,1.0,1.0
3,677,2.0,499.547045,36157.26362,499.606927,36014.660168,17473.941266,0.138164,0.114939,0.017088,0.01886,0.033954,-135.011963,0.0,0.0,0.0,0.0,0.0,0.0,0,0,0,0,0,0,0,0,0,0,0,0,0,0,0,371.286682,411.049408,458.435822,561.416382,462.305725,414.464661,371.090942,410.411316,457.723511,560.542908,461.706573,413.92804,370.05719,409.867218,457.117401,559.80188,462.422943,414.569794,370.233856,410.516205,457.840546,560.686401,463.029449,415.113922,37.786594,105501.035956,21.923791,151.427672,0,false,false,0.0,-133.23,0,0.0,1.0,1.0
3,678,2.05,499.546469,1143.189911,499.60715,1285.732682,17473.94121,0.0,0.0,0.0,0.019393,0.032401,-135.012207,0.0,0.0,0.0,0.0,0.0,0.0,0,0,0,0,0,0,0,0,0,0,0,0,0,0,0,371.286041,411.049164,458.434967,561.414307,462.306213,414.464539,371.089233,410.410248,457.72171,560.539673,461.707428,413.928253,370.055115,409.866486,457.115967,559.799072,462.424744,414.570862,370.23288,410.516296,457.840057,560.684753,463.030884,415.114685,37.786652,105501.031967,22.377767,154.287068,0,false,false,0.0,-133.22,0,0.0,1.0,1.0
3,679,2.1,499.547754,36157.262334,499.608605,36014.658712,17473.941245,-0.033413,-0.028207,0.008361,0.019102,0.027783,-135.012634,0.0,0.0,0.0,0.0,0.0,0.0,0,0,0,0,0,0,0,0,0,0,0,0,0,0,0,371.28186,411.046326,458.430725,561.407349,462.308075,414.46524,371.085114,410.409271,457.719543,560.535278,461.711639,413.931091,370.054596,409.867645,457.11618,559.797607,462.42688,414.571808,370.232269,410.515594,457.838196,560.680725,463.03064,415.113495,37.786617,105501.01708,23.168898,162.790556,0,false,false,0.0,-133.21,0,0.0,1.0,1.0
3,680,2.15,499.54391,1143.193756,499.605365,1285.735923,17473.941219,0.161966,0.139038,0.019868,0.019304,0.033582,-135.013,0.0,0.0,0.0,0.0,0.0,0.0,0,0,0,0,0,0,0,0,0,0,0,0,0,0,0,371.285278,411.050842,458.434875,561.41095,462.309265,414.465515,371.086975,410.408173,457.717438,560.531189,461.707581,413.926636,370.047302,409.861786,457.108765,559.786987,462.429077,414.572968,370.226562,410.51535,457.837036,560.677795,463.038147,415.119385,37.786644,105501.037875,23.834725,152.113939,0,false,false,0.0,-133.2,0,0.0,1.0,1.0
3,681,2.2,499.544871,36157.261373,499.606785,36014.657292,17473.941215,-0.061384,-0.060653,0.017875,0.019373,0.029288,-135.013412,0.0,0.0,0.0,0.0,0.0,0.0,0,0,0,0,0,0,0,0,0,0,0,0,0,0,0,371.281616,411.048279,458.431,561.40448,462.310822,414.465973,371.082977,410.407013,457.715118,560.526672,461.711426,413.929138,370.046478,409.862732,457.108795,559.785339,462.431366,414.574066,370.226044,410.514893,457.83551,560.674194,463.038116,415.118439,37.786644,105501.02432,24.591192,160.021151,0,false,false,0.0,-133.19,0,0.0,1.0,1.0
3,682,2.25,499.542565,1143.196061,499.605138,1285.73757,17473.941177,0.051705,0.040146,0.006371,0.019714,0.031694,-135.013763,0.0,0.0,0.0,0.0,0.0,0.0,0,0,0,0,0,0,0,0,0,0,0,0,0,0,0,371.282898,411.050537,458.432617,561.405029,462.31189,414.466156,371.082977,410.405884,457.712982,560.522644,461.709808,413.926941,370.041412,409.859161,457.103973,559.778015,462.433533,414.575256,370.22229,410.514709,457.834442,560.671448,463.042969,415.122009,37.786682,105501.033592,25.232498,155.590021,0,false,false,0.0,-133.18,0,0.0,1.0,1.0
3,683,2.3,499.541004,36157.262935,499.604013,36014.658417,17473.941172,0.0,0.0,0.0,0.019737,0.032797,-135.01413,0.0,0.0,0.0,0.0,0.0,0.0,0,0,0,0,0,0,0,0,0,0,0,0,0,0,0,371.283081,411.051788,458.433136,561.404114,462.313263,414.466553,371.082245,410.404846,457.710938,560.518616,461.709351,413.92569,370.037262,409.856506,457.100098,559.771729,462.435608,414.576294,370.219025,410.514343,457.833099,560.668335,463.046875,415.124695,37.78669,105501.038302,25.910599,153.55953,0,false,false,0.0,-133.17,0,0.0,1.0,1.0
3,684,2.35,499.540979,1143.196086,499.604393,1285.73719,17473.941189,0.0,0.0,0.0,0.019613,0.030261,-135.014587,0.0,0.0,0.0,0.0,0.0,0.0,0,0,0,0,0,0,0,0,0,0,0,0,0,0,0,371.280518,411.050629,458.430664,561.39917,462.315094,414.467163,371.079193,410.403656,457.708435,560.513611,461.711792,413.926849,370.034729,409.855865,457.098206,559.767517,462.43811,414.577484,370.216949,410.513702,457.831268,560.664124,463.048767,415.125336,37.786671,105501.030935,26.771752,158.229433,0,false,false,0.0,-133.16,0,0.0,1.0,1.0
3,685,2.4,499.540997,36157.262918,499.604483,36014.658327,17473.941241,0.021691,0.022481,0.002729,0.019148,0.02849,-135.015015,0.0,0.0,0.0,0.0,0.0,0.0,0,0,0,0,0,0,0,0,0,0,0,0,0,0,0,371.278137,411.049713,458.428589,561.394897,462.317017,414.467926,371.076782,410.402771,457.706421,560.509338,461.713867,413.927734,370.03244,409.855103,457.096344,559.763428,462.440155,414.578339,370.214752,410.512939,457.829346,560.660034,463.050659,415.126068,37.786621,105501.025715,27.555574,161.491272,0,false,false,0.0,-133.15,0,0.0,1.0,1.0
3,686,2.45,499.538051,1143.199031,499.602193,1285.73948,17473.941205,-0.006436,-0.017604,0.004678,0.019447,0.032295,-135.015366,0.0,0.0,0.0,0.0,0.0,0.0,0,0,0,0,0,0,0,0,0,0,0,0,0,0,0,371.280396,411.052917,458.431335,561.39679,462.318085,414.46814,371.077576,410.401672,457.704346,560.505371,461.711182,413.924591,370.02652,409.850647,457.090515,559.754883,462.442291,414.579498,370.210297,410.512787,457.828339,560.657349,463.056549,415.130585,37.786655,105501.039745,28.181866,154.484016,0,false,false,0.0,-133.14,0,0.0,1.0,1.0
3,687,2.5,499.538987,36157.261982,499.603428,36014.657092,17473.941225,-0.06124,-0.056608,0.016864,0.01929,0.028247,-135.015793,0.0,0.0,0.0,0.0,0.0,0.0,0,0,0,0,0,0,0,0,0,0,0,0,0,0,0,371.276703,411.050476,458.427551,561.390442,462.319824,414.468719,371.07373,410.400604,457.702087,560.500916,461.714935,413.927002,370.025543,409.85141,457.090302,559.752869,462.444519,414.580536,370.209442,410.512177,457.826599,560.653442,463.056763,415.129822,37.786636,105501.026819,28.968447,161.938006,0,false,false,0.0,-133.13,0,0.0,1.0,1.0
3,688,2.55,499.537284,1143.200734,499.601953,1285.740955,17473.941252,0.094816,0.084213,0.011255,0.019029,0.030031,-135.016205,0.0,0.0,0.0,0.0,0.0,0.0,0,0,0,0,0,0,0,0,0,0,0,0,0,0,0,371.276825,411.052002,458.428223,561.389526,462.321594,414.469391,371.073212,410.399658,457.699982,560.496582,461.714294,413.925476,370.020905,409.848267,457.085785,559.745605,462.446655,414.581512,370.205475,410.511536,457.82486,560.649597,463.06131,415.132965,37.78661,105501.033842,29.739913,158.65327,0,false,false,0.0,-133.12,0,0.0,1.0,1.0
3,689,2.6,499.53556,36157.263705,499.600762,36014.658283,17473.941236,0.0,0.0,0.0,0.01917,0.031343,-135.016556,0.0,0.0,0.0,0.0,0.0,0.0,0,0,0,0,0,0,0,0,0,0,0,0,0,0,0,371.277344,411.053497,458.429016,561.389038,462.322784,414.469666,371.072693,410.39859,457.697968,560.492676,461.713531,413.924011,370.016663,409.84549,457.081818,559.73938,462.4487,414.582581,370.202271,410.511292,457.8237,560.64679,463.065308,415.135773,37.786625,105501.039327,30.374468,156.237955,0,false,false,0.0,-133.11,0,0.0,1.0,1.0
3,690,2.65,499.534346,1143.201949,499.600138,1285.741579,17473.941226,0.0,0.0,0.0,0.019268,0.031161,-135.017044,0.0,0.0,0.0,0.0,0.0,0.0,0,0,0,0,0,0,0,0,0,0,0,0,0,0,0,371.276276,411.053864,458.428223,561.385986,462.324615,414.470184,371.070648,410.397217,457.69519,560.487183,461.714355,413.923645,370.012329,409.843201,457.078033,559.732666,462.451508,414.583984,370.198883,410.510742,457.821899,560.642517,463.069122,415.138092,37.786636,105501.039861,31.292936,156.573059,0,false,false,0.0,-133.1,0,0.0,1.0,1.0
3,691,2.7,499.533736,36157.264315,499.600049,36014.658372,17473.941213,-0.071481,-0.073447,0.02154,0.019387,0.030078,-135.01741,0.0,0.0,0.0,0.0,0.0,0.0,0,0,0,0,0,0,0,0,0,0,0,0,0,0,0,371.275085,411.05368,458.427094,561.383118,462.325867,414.47052,371.068726,410.396118,457.693085,560.483154,461.715454,413.923828,370.009552,409.84198,457.075775,559.728394,462.453613,414.585083,370.196869,410.510437,457.820648,560.639465,463.071381,415.139313,37.786648,105501.037175,31.960276,158.568328,0,false,false,0.0,-133.09,0,0.0,1.0,1.0
3,692,2.75,499.531599,1143.204086,499.598715,1285.742913,17473.941158,0.013406,0.004072,0.001893,0.019893,0.031921,-135.017715,0.0,0.0,0.0,0.0,0.0,0.0,0,0,0,0,0,0,0,0,0,0,0,0,0,0,0,371.276367,411.055634,458.428528,561.383667,462.32666,414.47052,371.068542,410.394958,457.69104,560.47937,461.71405,413.921875,370.004974,409.838867,457.071564,559.721985,462.455719,414.586273,370.193726,410.510437,457.819885,560.637268,463.075653,415.142456,37.786701,105501.044502,32.52135,155.175946,0,false,false,0.0,-133.08,0,0.0,1.0,1.0
3,693,2.8,499.532704,36157.26321,499.599991,36014.657096,17473.941197,-0.052529,-0.044813,0.013445,0.01956,0.027689,-135.018143,0.0,0.0,0.0,0.0,0.0,0.0,0,0,0,0,0,0,0,0,0,0,0,0,0,0,0,371.27243,411.05307,458.424591,561.377014,462.328522,414.471222,371.064667,410.393982,457.688873,560.474976,461.717987,413.924438,370.004211,409.839752,457.071503,559.720093,462.457855,414.587219,370.192902,410.509735,457.818024,560.63324,463.075714,415.14151,37.786663,105501.030823,33.314034,162.968352,0,false,false,0.0,-133.07,0,0.0,1.0,1.0
3,694,2.85,499.530707,1143.206082,499.598352,1285.744552,17473.941205,0.029224,0.024865,0.003479,0.019471,0.02991,-135.018555,0.0,0.0,0.0,0.0,0.0,0.0,0,0,0,0,0,0,0,0,0,0,0,0,0,0,0,371.27298,411.054932,458.425659,561.376587,462.33017,414.471771,371.064331,410.392944,457.686707,560.470581,461.716949,413.922607,369.999176,409.836304,457.06662,559.712463,462.460083,414.588287,370.188751,410.509216,457.816437,560.629517,463.080627,415.144989,37.786655,105501.039387,34.077491,158.878906,0,false,false,0.0,-133.06,0,0.0,1.0,1.0
3,695,2.9,499.528231,36157.265686,499.596625,36014.658823,17473.941153,0.0,0.0,0.0,0.01993,0.03259,-135.01886,0.0,0.0,0.0,0.0,0.0,0.0,0,0,0,0,0,0,0,0,0,0,0,0,0,0,0,371.27475,411.057434,458.427704,561.377808,462.330963,414.471832,371.064636,410.391815,457.684692,560.466858,461.714966,413.920135,369.994141,409.832672,457.061798,559.705261,462.462128,414.589417,370.18515,410.509186,457.815643,560.627319,463.08548,415.148682,37.786709,105501.049491,34.638642,153.944853,0,false,false,0.0,-133.05,0,0.0,1.0,1.0
3,696,2.95,499.527733,1143.206581,499.596577,1285.7446,17473.941167,0.0,0.0,0.0,0.019808,0.031067,-135.019409,0.0,0.0,0.0,0.0,0.0,0.0,0,0,0,0,0,0,0,0,0,0,0,0,0,0,0,371.272461,411.056793,458.425659,561.373108,462.333099,414.472534,371.061737,410.390472,457.681854,560.461121,461.71701,413.920746,369.99057,409.831238,457.058899,559.699463,462.464996,414.59079,370.182251,410.508484,457.813538,560.622498,463.08844,415.150116,37.786694,105501.04542,35.626527,156.74889,0,false,false,0.0,-133.04,0,0.0,1.0,1.0
3,697,3.0,499.528402,36157.265017,499.597324,36014.658076,17473.941218,0.002856,0.008028,0.001154,0.019366,0.027899,-135.019821,0.0,0.0,0.0,0.0,0.0,0.0,0,0,0,0,0,0,0,0,0,0,0,0,0,0,0,371.269287,411.054962,458.422577,561.367676,462.33493,414.473267,371.058594,410.389618,457.679871,560.457031,461.720062,413.922577,369.989288,409.831482,457.058136,559.696838,462.466949,414.591644,370.180908,410.507721,457.811676,560.61853,463.089203,415.149872,37.786644,105501.035334,36.382614,162.581531,0,false,false,0.0,-133.03,0,0.0,1.0,1.0
3,698,3.05,499.525204,1143.209779,499.594984,1285.74694,17473.941156,0.052694,0.040827,0.006496,0.019904,0.031936,-135.020142,0.0,0.0,0.0,0.0,0.0,0.0,0,0,0,0,0,0,0,0,0,0,0,0,0,0,0,371.271942,411.058411,458.425629,561.369995,462.335785,414.473297,371.059509,410.388367,457.677673,560.453003,461.717072,413.919159,369.983093,409.826813,457.052124,559.688171,462.469208,414.592926,370.176453,410.507751,457.810883,560.616211,463.095245,415.154572,37.786705,105501.050233,36.984132,155.148723,0,false,false,0.0,-133.02,0,0.0,1.0,1.0
3,699,3.1,499.525553,36157.264667,499.595579,36014.657481,17473.941183,-0.027229,-0.026351,0.007682,0.019683,0.029236,-135.020569,0.0,0.0,0.0,0.0,0.0,0.0,0,0,0,0,0,0,0,0,0,0,0,0,0,0,0,371.269043,411.056885,458.422821,561.364807,462.337585,414.473938,371.056427,410.387329,457.675476,560.448486,461.719849,413.920685,369.981262,409.82666,457.050903,559.684875,462.471405,414.593933,370.174835,410.50708,457.809082,560.612244,463.096497,415.154724,37.786678,105501.041853,37.781171,160.121227,0,false,false,0.0,-133.01,0,0.0,1.0,1.0
3,700,3.15,499.524152,1143.21118,499.594498,1285.748021,17473.941197,0.050981,0.04429,0.00606,0.019547,0.030209,-135.021011,0.0,0.0,0.0,0.0,0.0,0.0,0,0,0,0,0,0,0,0,0,0,0,0,0,0,0,371.268646,411.057861,458.422882,561.363098,462.339355,414.474548,371.055328,410.386292,457.673218,560.44397,461.719849,413.919708,369.97699,409.824005,457.046875,559.678162,462.473694,414.595001,370.171265,410.5065,457.807373,560.608337,463.100525,415.157379,37.786663,105501.046026,38.575818,158.328948,0,false,false,0.0,-133.0,0,0.0,1.0,1.0
3,701,3.2,499.523045,36157.265775,499.593996,36014.657983,17473.941169,0.0,0.0,0.0,0.019804,0.030141,-135.021408,0.0,0.0,0.0,0.0,0.0,0.0,0,0,0,0,0,0,0,0,0,0,0,0,0,0,0,371.268005,411.058289,458.422363,561.36084,462.340698,414.474854,371.053711,410.385071,457.670898,560.439514,461.720367,413.919312,369.973358,409.822083,457.043762,559.672729,462.476013,414.596222,370.168579,410.506165,457.80603,560.605103,463.103699,415.159332,37.78669,105501.046705,39.303871,158.455248,0,false,false,0.0,-132.99,0,0.0,1.0,1.0
3,702,3.25,499.522092,1143.212133,499.593256,1285.748762,17473.941216,0.0,0.0,0.0,0.019365,0.029871,-135.021912,0.0,0.0,0.0,0.0,0.0,0.0,0,0,0,0,0,0,0,0,0,0,0,0,0,0,0,371.266571,411.058563,458.421417,561.357544,462.342896,414.475677,371.051819,410.383972,457.668396,560.434326,461.721344,413.919037,369.969299,409.819885,457.040039,559.666077,462.478546,414.597351,370.165009,410.505371,457.803864,560.600342,463.107452,415.16153,37.786644,105501.046804,40.235971,158.952198,0,false,false,0.0,-132.98,0,0.0,1.0,1.0
3,703,3.3,499.519708,36157.268159,499.59134,36014.659898,17473.941211,0.116671,0.09818,0.014124,0.019389,0.032704,-135.022278,0.0,0.0,0.0,0.0,0.0,0.0,0,0,0,0,0,0,0,0,0,0,0,0,0,0,0,371.267914,411.061005,458.423248,561.358276,462.344208,414.476074,371.052063,410.382935,457.666351,560.430298,461.719543,413.916626,369.96402,409.81604,457.034851,559.658203,462.480652,414.598419,370.160797,410.505005,457.802582,560.597229,463.112671,415.165405,37.786652,105501.057314,40.909209,153.736509,0,false,false,0.0,-132.97,0,0.0,1.0,1.0
3,704,3.35,499.519977,1143.211864,499.592071,1285.74803,17473.941205,0.035635,0.031125,0.004216,0.019471,0.029837,-135.022629,0.0,0.0,0.0,0.0,0.0,0.0,0,0,0,0,0,0,0,0,0,0,0,0,0,0,0,371.265533,411.05957,458.420776,561.35376,462.34549,414.47641,371.049194,410.381897,457.664307,560.426331,461.722015,413.91803,369.962494,409.816071,457.034027,559.655701,462.482697,414.599426,370.15979,410.504669,457.8013,560.594238,463.113525,415.165375,37.786655,105501.048527,41.564456,159.014985,0,false,false,0.0,-132.96,0,0.0,1.0,1.0
3,705,3.4,499.519121,36157.269014,499.591643,36014.660326,17473.941204,-0.014727,-0.015843,0.004449,0.019474,0.029499,-135.023041,0.0,0.0,0.0,0.0,0.0,0.0,0,0,0,0,0,0,0,0,0,0,0,0,0,0,0,371.264465,411.059723,458.419922,561.351013,462.347046,414.476898,371.047424,410.380798,457.662079,560.421875,461.72287,413.917877,369.959106,409.814362,457.031097,559.650452,462.484955,414.600555,370.157104,410.504181,457.799744,560.590637,463.116486,415.167084,37.786655,105501.048192,42.321479,159.638413,0,false,false,0.0,-132.95,0,0.0,1.0,1.0
3,706,3.45,499.51569,1143.215296,499.588772,1285.750901,17473.941179,0.181901,0.157224,0.022299,0.01966,0.034447,-135.023407,0.0,0.0,0.0,0.0,0.0,0.0,0,0,0,0,0,0,0,0,0,0,0,0,0,0,0,371.267303,411.06366,458.423431,561.353821,462.348297,414.477203,371.048828,410.3797,457.659973,560.417847,461.719421,413.914001,369.952393,409.809082,457.024292,559.640625,462.487122,414.601685,370.151825,410.503937,457.798584,560.587708,463.123322,415.172424,37.786682,105501.065772,42.98614,150.528089,0,false,false,0.0,-132.94,0,0.0,1.0,1.0
3,707,3.5,499.515818,36157.268886,499.589475,36014.659624,17473.94116,0.0,0.0,0.0,0.019879,0.031779,-135.023758,0.0,0.0,0.0,0.0,0.0,0.0,0,0,0,0,0,0,0,0,0,0,0,0,0,0,0,371.265137,411.062378,458.421112,561.349548,462.349457,414.477448,371.04599,410.378601,457.657867,560.413818,461.721741,413.915283,369.950714,409.80899,457.023346,559.638,462.489227,414.602783,370.150787,410.503662,457.797394,560.584778,463.124298,415.172485,37.786701,105501.057794,43.633641,155.44122,0,false,false,0.0,-132.93,0,0.0,1.0,1.0
3,708,3.55,499.516225,1143.214889,499.590121,1285.750256,17473.941185,-0.02016,-0.018447,0.005304,0.019664,0.028976,-135.0242,0.0,0.0,0.0,0.0,0.0,0.0,0,0,0,0,0,0,0,0,0,0,0,0,0,0,0,371.262115,411.06073,458.418182,561.344116,462.351318,414.478149,371.042786,410.377563,457.655609,560.40918,461.72467,413.916901,369.948914,409.808899,457.022156,559.634705,462.491486,414.60379,370.14917,410.50296,457.795532,560.580688,463.125488,415.172577,37.786674,105501.04898,44.452012,160.601184,0,false,false,0.0,-132.92,0,0.0,1.0,1.0
3,709,3.6,499.514281,36157.270829,499.588833,36014.660912,17473.941165,-0.061928,-0.063385,0.018582,0.019835,0.03024,-135.024719,0.0,0.0,0.0,0.0,0.0,0.0,0,0,0,0,0,0,0,0,0,0,0,0,0,0,0,371.261993,411.062103,458.418427,561.342285,462.35321,414.478668,371.041412,410.376099,457.65271,560.403503,461.724426,413.915527,369.94342,409.805542,457.017151,559.626465,462.494415,414.605286,370.144928,410.502472,457.793701,560.576294,463.130554,415.175964,37.786697,105501.054375,45.402518,158.275312,0,false,false,0.0,-132.91,0,0.0,1.0,1.0
3,710,3.65,499.513497,1143.215673,499.588394,1285.750694,17473.941181,0.022552,0.019622,0.002643,0.019693,0.029849,-135.025146,0.0,0.0,0.0,0.0,0.0,0.0,0,0,0,0,0,0,0,0,0,0,0,0,0,0,0,371.260681,411.062164,458.417419,561.339233,462.35498,414.479248,371.03952,410.375,457.650421,560.398865,461.725464,413.915497,369.940002,409.803802,457.01413,559.620972,462.496735,414.606384,370.142059,410.501862,457.791962,560.572327,463.133606,415.177704,37.786678,105501.053806,46.208803,158.995389,0,false,false,0.0,-132.9,0,0.0,1.0,1.0
3,711,3.7,499.513073,36157.271253,499.588153,36014.661153,17473.941221,-0.010459,-0.009912,0.002652,0.019328,0.028904,-135.025574,0.0,0.0,0.0,0.0,0.0,0.0,0,0,0,0,0,0,0,0,0,0,0,0,0,0,0,371.258942,411.061829,458.415985,561.335754,462.356781,414.47995,371.037506,410.374054,457.648315,560.394592,461.726898,413.915802,369.937134,409.802521,457.011627,559.61615,462.498871,414.60733,370.139526,410.50119,457.790161,560.568359,463.136108,415.179016,37.78664,105501.051296,46.987547,160.735396,0,false,false,0.0,-132.89,0,0.0,1.0,1.0
3,712,3.75,499.510284,1143.218462,499.586105,1285.752742,17473.941173,-0.029396,-0.039123,0.011019,0.019746,0.032243,-135.025909,0.0,0.0,0.0,0.0,0.0,0.0,0,0,0,0,0,0,0,0,0,0,0,0,0,0,0,371.261017,411.064758,458.418427,561.337341,462.357758,414.480072,371.038055,410.372894,457.646179,560.390564,461.724518,413.912933,369.931458,409.79834,457.006165,559.608093,462.501038,414.608551,370.135376,410.501099,457.789246,560.565857,463.141632,415.183228,37.786686,105501.063628,47.602464,154.587519,0,false,false,0.0,-132.88,0,0.0,1.0,1.0
3,713,3.8,499.51117,36157.270368,499.587342,36014.659916,17473.941184,0.0,0.0,0.0,0.019679,0.028188,-135.026337,0.0,0.0,0.0,0.0,0.0,0.0,0,0,0,0,0,0,0,0,0,0,0,0,0,0,0,371.257385,411.062378,458.414703,561.330994,462.359436,414.480621,371.03421,410.371796,457.64389,560.386047,461.72821,413.915314,369.93045,409.799072,457.00592,559.606018,462.503296,414.609619,370.134552,410.500549,457.787537,560.562012,463.141876,415.182465,37.786678,105501.050567,48.386658,162.053425,0,false,false,0.0,-132.87,0,0.0,1.0,1.0
3,714,3.85,499.50962,1143.220012,499.586012,1285.754072,17473.94121,0.055039,0.049812,0.006466,0.019419,0.029627,-135.026733,0.0,0.0,0.0,0.0,0.0,0.0,0,0,0,0,0,0,0,0,0,0,0,0,0,0,0,371.257385,411.063721,458.415222,561.329956,462.361145,414.481232,371.0336,410.37088,457.641876,560.381897,461.727722,413.913971,369.926117,409.796204,457.00174,559.599243,462.505341,414.610565,370.130829,410.499939,457.785889,560.55835,463.146118,415.185364,37.786652,105501.056299,49.124724,159.403783,0,false,false,0.0,-132.86,0,0.0,1.0,1.0
3,715,3.9,499.508354,36157.271634,499.585387,36014.660541,17473.94119,-0.06307,-0.06202,0.018298,0.019611,0.029421,-135.027191,0.0,0.0,0.0,0.0,0.0,0.0,0,0,0,0,0,0,0,0,0,0,0,0,0,0,0,371.256592,411.064209,458.414642,561.327393,462.362762,414.481659,371.031769,410.369537,457.639252,560.37677,461.728333,413.913483,369.921906,409.793945,456.998077,559.592834,462.508026,414.611908,370.127686,410.499512,457.784302,560.554504,463.149811,415.187653,37.786671,105501.056664,49.970397,159.783389,0,false,false,0.0,-132.85,0,0.0,1.0,1.0
3,716,3.95,499.507027,1143.22134,499.584408,1285.755051,17473.941196,0.033878,0.028425,0.004053,0.019548,0.03019,-135.027588,0.0,0.0,0.0,0.0,0.0,0.0,0,0,0,0,0,0,0,0,0,0,0,0,0,0,0,371.256287,411.065155,458.414703,561.325806,462.364319,414.482178,371.030731,410.36853,457.637146,560.372559,461.728302,413.912567,369.917938,409.791504,456.994385,559.58667,462.510162,414.612946,370.12442,410.499023,457.782745,560.550964,463.153534,415.190094,37.786663,105501.06008,50.698886,158.369352,0,false,false,0.0,-132.84,0,0.0,1.0,1.0
3,717,4.0,499.504848,36157.273812,499.582962,36014.661988,17473.941149,0.042868,0.030689,0.005383,0.019981,0.03229,-135.027954,0.0,0.0,0.0,0.0,0.0,0.0,0,0,0,0,0,0,0,0,0,0,0,0,0,0,0,371.257355,411.067108,458.416016,561.325928,462.365387,414.48233,371.030426,410.36731,457.634918,560.368347,461.72699,413.910614,369.913025,409.788177,456.989777,559.57959,462.512421,414.614197,370.12085,410.498871,457.781708,560.548218,463.158173,415.193451,37.786713,105501.06806,51.354996,154.502239,0,false,false,0.0,-132.83,0,0.0,1.0,1.0
3,718,4.05,499.502551,1143.223637,499.58181,1285.756202,17473.941043,-0.044382,-0.055304,0.015764,0.020949,0.033841,-135.028152,0.0,0.0,0.0,0.0,0.0,0.0,0,0,0,0,0,0,0,0,0,0,0,0,0,0,0,371.259369,411.069244,458.417877,561.327393,462.365417,414.481903,371.030579,410.366089,457.633026,560.365234,461.725159,413.908478,369.908783,409.785248,456.986023,559.574158,462.514343,414.615417,370.11853,410.499329,457.781708,560.547363,463.161957,415.196381,37.786819,105501.074457,51.731197,151.646896,0,false,false,0.0,-132.82,0,0.0,1.0,1.0
3,719,4.1,499.503266,36157.273097,499.582908,36014.66089,17473.941056,0.0,0.0,0.0,0.02087,0.030111,-135.028595,0.0,0.0,0.0,0.0,0.0,0.0,0,0,0,0,0,0,0,0,0,0,0,0,0,0,0,371.25592,411.067078,458.414368,561.321289,462.367126,414.482452,371.026825,410.36496,457.630707,560.360535,461.728638,413.910645,369.907471,409.785736,456.985474,559.571716,462.516663,414.616547,370.117493,410.498779,457.779999,560.543518,463.162506,415.195892,37.786804,105501.062682,52.531821,158.516388,0,false,false,0.0,-132.81,0,0.0,1.0,1.0
3,720,4.15,499.501534,1143.225369,499.581754,1285.757356,17473.941039,0.01843,0.014023,0.002238,0.021015,0.031407,-135.029022,0.0,0.0,0.0,0.0,0.0,0.0,0,0,0,0,0,0,0,0,0,0,0,0,0,0,0,371.256012,411.06839,458.414795,561.320007,462.368652,414.48288,371.025848,410.363708,457.628265,560.355835,461.728271,413.909363,369.902802,409.782806,456.981171,559.564697,462.519135,414.617798,370.113892,410.498383,457.778503,560.539917,463.16684,415.198853,37.786823,105501.067889,53.314768,156.129447,0,false,false,0.0,-132.8,0,0.0,1.0,1.0
3,721,4.2,499.498678,36157.275953,499.57985,36014.662794,17473.940964,-0.053584,-0.062257,0.017945,0.021686,0.033806,-135.029236,0.0,0.0,0.0,0.0,0.0,0.0,0,0,0,0,0,0,0,0,0,0,0,0,0,0,0,371.258728,411.071442,458.417664,561.322632,462.368927,414.482605,371.026794,410.36261,457.626495,560.352722,461.725433,413.906311,369.897675,409.778931,456.976288,559.557739,462.520935,414.618927,370.110535,410.498657,457.77829,560.538696,463.171783,415.202759,37.786896,105501.077491,53.723414,151.713535,0,false,false,0.0,-132.79,0,0.0,1.0,1.0
3,722,4.25,499.497689,1143.226358,499.57964,1285.757566,17473.940921,0.01779,0.010542,0.002289,0.022099,0.033097,-135.029587,0.0,0.0,0.0,0.0,0.0,0.0,0,0,0,0,0,0,0,0,0,0,0,0,0,0,0,371.258118,411.071655,458.416992,561.320374,462.369904,414.482727,371.025024,410.361359,457.624237,560.348511,461.726074,413.906128,369.89444,409.777374,456.973694,559.553101,462.523224,414.620178,370.10849,410.498566,457.777283,560.536072,463.174408,415.204346,37.786938,105501.076123,54.36918,153.018363,0,false,false,0.0,-132.78,0,0.0,1.0,1.0
3,723,4.3,499.497644,36157.275998,499.58016,36014.662274,17473.940907,-0.061566,-0.057237,0.017045,0.022245,0.030714,-135.030029,0.0,0.0,0.0,0.0,0.0,0.0,0,0,0,0,0,0,0,0,0,0,0,0,0,0,0,371.255737,411.070465,458.414581,561.315613,462.37149,414.483154,371.021973,410.360107,457.621735,560.343628,461.728485,413.907318,369.89209,409.776855,456.972046,559.549316,462.525696,414.621429,370.106781,410.498108,457.775726,560.532349,463.176056,415.204834,37.786953,105501.068914,55.171036,157.406931,0,false,false,0.0,-132.77,0,0.0,1.0,1.0
3,724,4.35,499.492624,1143.231377,499.576404,1285.761322,17473.940789,0.0,0.0,0.0,0.023287,0.03786,-135.030258,0.0,0.0,0.0,0.0,0.0,0.0,0,0,0,0,0,0,0,0,0,0,0,0,0,0,0,371.261475,411.076477,458.420715,561.322144,462.371552,414.482697,371.025055,410.358765,457.61969,560.340149,461.722443,413.901367,369.883911,409.77002,456.963867,559.53833,462.527863,414.622833,370.101257,410.498627,457.775726,560.531372,463.184326,415.211731,37.787071,105501.093704,55.599213,144.249983,0,false,false,0.0,-132.76,0,0.0,1.0,1.0
3,725,4.4,499.493217,36157.275406,499.577566,36014.661112,17473.940763,-0.029232,-0.035487,0.010111,0.02356,0.034489,-135.030548,0.0,0.0,0.0,0.0,0.0,0.0,0,0,0,0,0,0,0,0,0,0,0,0,0,0,0,371.259003,411.074615,458.417938,561.317566,462.372406,414.482819,371.022034,410.357788,457.617889,560.336792,461.725189,413.903198,369.88324,409.770752,456.963959,559.537292,462.529633,414.62381,370.101135,410.498474,457.774841,560.529114,463.184204,415.210999,37.787098,105501.083516,56.123319,150.457183,0,false,false,0.0,-132.75,0,0.0,1.0,1.0
3,726,4.45,499.491331,1143.233263,499.576192,1285.762696,17473.940755,0.093347,0.076356,0.011361,0.023634,0.036057,-135.030991,0.0,0.0,0.0,0.0,0.0,0.0,0,0,0,0,0,0,0,0,0,0,0,0,0,0,0,371.259155,411.076141,458.418518,561.316406,462.374115,414.483337,371.021179,410.356537,457.615387,560.331848,461.72464,413.901672,369.878174,409.767517,456.959229,559.529602,462.532166,414.625061,370.097107,410.497986,457.773193,560.525208,463.188995,415.214264,37.787106,105501.089451,56.956584,147.571485,0,false,false,0.0,-132.74,0,0.0,1.0,1.0
3,727,4.5,499.489781,36157.276956,499.57532,36014.661983,17473.940723,-0.012798,-0.025153,0.006741,0.02391,0.036611,-135.031387,0.0,0.0,0.0,0.0,0.0,0.0,0,0,0,0,0,0,0,0,0,0,0,0,0,0,0,371.259155,411.077179,458.418732,561.315063,462.375366,414.483612,371.02002,410.355316,457.613037,560.327393,461.724487,413.900665,369.873993,409.764984,456.955475,559.523438,462.534546,414.626312,370.094055,410.497742,457.771973,560.522095,463.19278,415.216797,37.787136,105501.092197,57.669264,146.552157,0,false,false,0.0,-132.73,0,0.0,1.0,1.0
3,728,4.55,499.486831,1143.236213,499.573725,1285.764292,17473.940597,0.0,0.0,0.0,0.025075,0.038996,-135.03154,0.0,0.0,0.0,0.0,0.0,0.0,0,0,0,0,0,0,0,0,0,0,0,0,0,0,0,371.26239,411.080231,458.421753,561.318176,462.374969,414.48291,371.020966,410.354034,457.611267,560.324585,461.721466,413.897644,369.869171,409.761383,456.95108,559.517456,462.536346,414.627594,370.091522,410.498474,457.7724,560.522034,463.197205,415.220428,37.787262,105501.10127,57.941829,142.160856,0,false,false,0.0,-132.72,0,0.0,1.0,1.0
3,729,4.6,499.485594,36157.278193,499.57366,36014.662048,17473.940501,-0.02644,-0.037858,0.010558,0.025991,0.038031,-135.03183,0.0,0.0,0.0,0.0,0.0,0.0,0,0,0,0,0,0,0,0,0,0,0,0,0,0,0,371.26239,411.080597,458.421448,561.316589,462.375397,414.482605,371.019318,410.352631,457.608948,560.320557,461.721771,413.897247,369.865967,409.759888,456.948669,559.513245,462.538696,414.629028,370.089966,410.498749,457.772003,560.520325,463.199646,415.221954,37.787361,105501.099482,58.480437,143.939398,0,false,false,0.0,-132.71,0,0.0,1.0,1.0
3,730,4.65,499.480241,1143.241565,499.569111,1285.768841,17473.940426,0.251642,0.221083,0.044253,0.026576,0.046139,-135.032059,0.0,0.0,0.0,0.0,0.0,0.0,0,0,0,0,0,0,0,0,0,0,0,0,0,0,0,371.268677,411.087463,458.428528,561.32428,462.375824,414.482513,371.023407,410.351624,457.6073,560.317566,461.714783,413.890472,369.8573,409.752228,456.939575,559.501221,462.540436,414.630096,370.083496,410.498962,457.771667,560.518982,463.208832,415.229675,37.787434,105501.125561,58.902533,129.009286,0,false,false,0.0,-132.7,0,0.0,1.0,1.0
3,731,4.7,499.484724,36157.27371,499.574137,36014.657022,17473.940435,-0.138529,-0.129286,0.038665,0.026644,0.033718,-135.03244,0.0,0.0,0.0,0.0,0.0,0.0,0,0,0,0,0,0,0,0,0,0,0,0,0,0,0,371.260162,411.079712,458.418976,561.311035,462.377075,414.482788,371.015289,410.350464,457.605042,560.313293,461.724243,413.898132,369.861603,409.758423,456.945526,559.506958,462.542572,414.631165,370.087402,410.498566,457.770294,560.515747,463.202759,415.223389,37.787426,105501.088005,59.586824,151.881833,0,false,false,0.0,-132.69,0,0.0,1.0,1.0
3,732,4.75,499.483337,1143.242953,499.573222,1285.769756,17473.94044,0.0,0.0,0.0,0.026582,0.034142,-135.032944,0.0,0.0,0.0,0.0,0.0,0.0,0,0,0,0,0,0,0,0,0,0,0,0,0,0,0,371.259338,411.080444,458.418518,561.308411,462.379059,414.483429,371.01358,410.349152,457.602356,560.307861,461.724701,413.8974,369.856964,409.755768,456.941345,559.499695,462.545319,414.632507,370.083649,410.497955,457.768372,560.511292,463.207001,415.226044,37.787422,105501.090226,60.513646,151.101299,0,false,false,0.0,-132.68,0,0.0,1.0,1.0
3,733,4.8,499.480415,36157.276631,499.570648,36014.659596,17473.940461,0.113006,0.095249,0.013639,0.02636,0.038066,-135.033401,0.0,0.0,0.0,0.0,0.0,0.0,0,0,0,0,0,0,0,0,0,0,0,0,0,0,0,371.260956,411.083588,458.420898,561.309387,462.38092,414.48407,371.01413,410.348022,457.599976,560.303101,461.722382,413.894287,369.850403,409.750885,456.934753,559.489807,462.54776,414.633667,370.078186,410.497345,457.766541,560.507141,463.213654,415.230988,37.787399,105501.103722,61.363204,143.876351,0,false,false,0.0,-132.67,0,0.0,1.0,1.0
3,734,4.85,499.480744,1143.242625,499.571239,1285.769164,17473.940497,0.018555,0.015719,0.002178,0.026055,0.03511,-135.03389,0.0,0.0,0.0,0.0,0.0,0.0,0,0,0,0,0,0,0,0,0,0,0,0,0,0,0,371.257782,411.08197,458.417877,561.303711,462.382965,414.484833,371.010742,410.346893,457.597473,560.298035,461.725403,413.895905,369.848236,409.75061,456.933258,559.485901,462.550262,414.634796,370.076233,410.496582,457.764496,560.502625,463.215179,415.231262,37.787365,105501.094982,62.261228,149.319236,0,false,false,0.0,-132.66,0,0.0,1.0,1.0
3,735,4.9,499.481787,36157.275588,499.572132,36014.658704,17473.940572,-0.00727,0.001794,0.00091,0.025373,0.031622,-135.034241,0.0,0.0,0.0,0.0,0.0,0.0,0,0,0,0,0,0,0,0,0,0,0,0,0,0,0,371.254364,411.079834,458.414612,561.298157,462.384766,414.485626,371.00769,410.346283,457.595917,560.294617,461.728668,413.89801,369.847717,409.751312,456.933136,559.484314,462.551819,414.635376,370.075317,410.495758,457.762695,560.498901,463.215271,415.23053,37.787289,105501.083932,62.928856,155.741627,0,false,false,0.0,-132.65,0,0.0,1.0,1.0
3,736,4.95,499.477035,1143.247377,499.567702,1285.773594,17473.940611,0.2072,0.180021,0.025303,0.024952,0.039081,-135.034775,0.0,0.0,0.0,0.0,0.0,0.0,0,0,0,0,0,0,0,0,0,0,0,0,0,0,0,371.25824,411.085602,458.419739,561.302307,462.386993,414.48642,371.010132,410.345093,457.593292,560.289246,461.723633,413.892334,369.838257,409.743622,456.923309,559.470093,462.554535,414.636658,370.067291,410.495056,457.76059,560.494202,463.22525,415.238312,37.787251,105501.109226,63.893867,142.006142,0,false,false,0.0,-132.64,0,0.0,1.0,1.0
3,737,5.0,499.477697,36157.274926,499.568899,36014.657507,17473.940586,-0.011349,-0.017276,0.004697,0.025213,0.035509,-135.03508,0.0,0.0,0.0,0.0,0.0,0.0,0,0,0,0,0,0,0,0,0,0,0,0,0,0,0,371.255524,411.083618,458.416779,561.297363,462.38797,414.486633,371.006927,410.344086,457.5914,560.285645,461.726562,413.894287,369.837555,409.744385,456.92337,559.468872,462.556396,414.637634,370.067078,410.494812,457.759552,560.491638,463.225159,415.237518,37.787273,105501.098506,64.464122,148.584579,0,false,false,0.0,-132.63,0,0.0,1.0,1.0
3,738,5.05,499.476952,1143.248122,499.568441,1285.774052,17473.94062,0.103545,0.092298,0.012272,0.0249,0.034862,-135.035553,0.0,0.0,0.0,0.0,0.0,0.0,0,0,0,0,0,0,0,0,0,0,0,0,0,0,0,371.253998,411.083588,458.415588,561.293945,462.389954,414.487335,371.004883,410.342957,457.588989,560.280762,461.727783,413.894318,369.833984,409.742584,456.920197,559.463074,462.558838,414.638763,370.064026,410.49411,457.757629,560.487305,463.228363,415.239319,37.787243,105501.097137,65.333681,149.775481,0,false,false,0.0,-132.62,0,0.0,1.0,1.0
3,739,5.1,499.477617,36157.274261,499.569128,36014.65682,17473.940685,-0.026166,-0.019503,0.005766,0.024324,0.031535,-135.036011,0.0,0.0,0.0,0.0,0.0,0.0,0,0,0,0,0,0,0,0,0,0,0,0,0,0,0,371.250519,411.081726,458.412323,561.288086,462.392059,414.48819,371.001556,410.342072,457.586853,560.276184,461.731018,413.896179,369.832428,409.742706,456.919189,559.4599,462.561005,414.639648,370.062317,410.493256,457.755493,560.482849,463.229401,415.239227,37.787178,105501.086778,66.179141,155.902802,0,false,false,0.0,-132.61,0,0.0,1.0,1.0
3,740,5.15,499.473263,1143.252476,499.565754,1285.777426,17473.940613,0.097301,0.078876,0.011896,0.024931,0.037707,-135.036377,0.0,0.0,0.0,0.0,0.0,0.0,0,0,0,0,0,0,0,0,0,0,0,0,0,0,0,371.254639,411.0867,458.416992,561.292297,462.392975,414.48822,371.00351,410.340668,457.584412,560.271729,461.72641,413.891266,369.824432,409.736359,456.911255,559.448669,462.563507,414.641113,370.056519,410.493286,457.754669,560.480347,463.237427,415.245605,37.787247,105501.108003,66.84769,144.53826,0,false,false,0.0,-132.6,0,0.0,1.0,1.0
3,741,5.2,499.475687,36157.271837,499.56825,36014.654324,17473.940675,0.0,0.0,0.0,0.024408,0.030528,-135.03685,0.0,0.0,0.0,0.0,0.0,0.0,0,0,0,0,0,0,0,0,0,0,0,0,0,0,0,371.248566,411.082153,458.410736,561.282654,462.395111,414.489044,370.997925,410.339661,457.582092,560.266907,461.732635,413.895752,369.825256,409.739014,456.913025,559.448914,462.565765,414.642059,370.056854,410.492401,457.752472,560.475647,463.235626,415.24292,37.787186,105501.085024,67.72743,157.757712,0,false,false,0.0,-132.59,0,0.0,1.0,1.0
3,742,5.25,499.475534,1143.252629,499.567648,1285.778027,17473.940806,0.025441,0.034355,0.004561,0.023203,0.029641,-135.037292,0.0,0.0,0.0,0.0,0.0,0.0,0,0,0,0,0,0,0,0,0,0,0,0,0,0,0,371.246399,411.081848,458.409302,561.279053,462.397583,414.490234,370.996246,410.339142,457.580414,560.263,461.7341,413.896057,369.822571,409.73761,456.910339,559.443787,462.567505,414.642609,370.05365,410.491211,457.750061,560.470825,463.238312,415.244324,37.787056,105501.082574,68.552364,159.388696,0,false,false,0.0,-132.58,0,0.0,1.0,1.0
3,743,5.3,499.474789,36157.272582,499.566697,36014.655276,17473.940916,0.022998,0.030303,0.003991,0.022169,0.029293,-135.037827,0.0,0.0,0.0,0.0,0.0,0.0,0,0,0,0,0,0,0,0,0,0,0,0,0,0,0,371.244598,411.082062,458.408234,561.275574,462.400208,414.491425,370.994537,410.338287,457.578125,560.258057,461.735168,413.895844,369.818604,409.735352,456.906525,559.43689,462.569794,414.643463,370.049652,410.490051,457.747437,560.465454,463.242188,415.246613,37.786945,105501.082164,69.531312,160.028862,0,false,false,0.0,-132.57,0,0.0,1.0,1.0
3,744,5.35,499.473714,1143.253704,499.565696,1285.779028,17473.940951,-0.002841,0.00111,0.000441,0.021835,0.030222,-135.038147,0.0,0.0,0.0,0.0,0.0,0.0,0,0,0,0,0,0,0,0,0,0,0,0,0,0,0,371.244385,411.082977,458.408447,561.274475,462.401642,414.492004,370.993958,410.337616,457.576599,560.254822,461.734985,413.894958,369.815369,409.733246,456.903351,559.431702,462.57135,414.644165,370.046722,410.489502,457.746033,560.462402,463.245361,415.248749,37.786911,105501.08582,70.123053,158.318383,0,false,false,0.0,-132.56,0,0.0,1.0,1.0
3,745,5.4,499.472462,36157.273834,499.564513,36014.656458,17473.941021,0.043315,0.040297,0.005021,0.021187,0.030694,-135.038712,0.0,0.0,0.0,0.0,0.0,0.0,0,0,0,0,0,0,0,0,0,0,0,0,0,0,0,371.243103,411.083679,458.407867,561.271484,462.404205,414.493042,370.99234,410.336487,457.573975,560.249329,461.735596,413.894257,369.810577,409.730377,456.898804,559.423828,462.574036,414.645294,370.042297,410.488464,457.74353,560.457031,463.249969,415.251617,37.786839,105501.088151,71.154962,157.450002,0,false,false,0.0,-132.55,0,0.0,1.0,1.0
3,746,5.45,499.472416,1143.25375,499.564557,1285.778985,17473.941073,0.020178,0.024215,0.003106,0.020706,0.028996,-135.039139,0.0,0.0,0.0,0.0,0.0,0.0,0,0,0,0,0,0,0,0,0,0,0,0,0,0,0,371.240875,411.082886,458.405914,561.267334,462.406097,414.493774,370.98996,410.335632,457.57196,560.245117,461.737549,413.895081,369.808258,409.729584,456.896851,559.419678,462.57605,414.646179,370.04007,410.487732,457.741638,560.453003,463.251953,415.252441,37.786789,105501.082914,71.932004,160.576414,0,false,false,0.0,-132.54,0,0.0,1.0,1.0
3,747,5.5,499.471764,36157.274486,499.563916,36014.657099,17473.941136,0.0,0.0,0.0,0.02012,0.028688,-135.039566,0.0,0.0,0.0,0.0,0.0,0.0,0,0,0,0,0,0,0,0,0,0,0,0,0,0,0,371.239441,411.083008,458.404968,561.264404,462.408081,414.494629,370.988403,410.334778,457.569977,560.240906,461.738495,413.894958,369.804993,409.727814,456.893829,559.414246,462.578064,414.647034,370.036987,410.486908,457.739685,560.448792,463.255005,415.254211,37.786724,105501.082422,72.724568,161.142128,0,false,false,0.0,-132.53,0,0.0,1.0,1.0
3,748,5.55,499.467744,1143.25777,499.560365,1285.782536,17473.941129,0.18067,0.155683,0.022173,0.020134,0.035049,-135.039932,0.0,0.0,0.0,0.0,0.0,0.0,0,0,0,0,0,0,0,0,0,0,0,0,0,0,0,371.243103,411.08786,458.409485,561.268372,462.409454,414.495026,370.99057,410.333771,457.567902,560.236816,461.73407,413.890167,369.797394,409.721588,456.885956,559.403076,462.5802,414.648102,370.030853,410.486572,457.738373,560.445679,463.262939,415.260498,37.786732,105501.10454,73.409333,149.430392,0,false,false,0.0,-132.52,0,0.0,1.0,1.0
3,749,5.6,499.469633,36157.272596,499.562509,36014.654955,17473.941173,0.001768,0.005618,0.000797,0.019779,0.028583,-135.040466,0.0,0.0,0.0,0.0,0.0,0.0,0,0,0,0,0,0,0,0,0,0,0,0,0,0,0,371.237457,411.083832,458.403687,561.259033,462.411743,414.49585,370.985046,410.33252,457.565186,560.231323,461.739868,413.894135,369.79715,409.72348,456.886749,559.401855,462.582916,414.649323,370.030487,410.485687,457.736084,560.440613,463.262146,415.258575,37.786686,105501.083459,74.398758,161.33671,0,false,false,0.0,-132.51,0,0.0,1.0,1.0
3,750,5.65,499.467857,1143.259547,499.560946,1285.7841,17473.941201,0.059682,0.051066,0.00714,0.0195,0.030518,-135.040878,0.0,0.0,0.0,0.0,0.0,0.0,0,0,0,0,0,0,0,0,0,0,0,0,0,0,0,371.237701,411.08551,458.40451,561.258362,462.413483,414.49649,370.98465,410.331573,457.563141,560.227051,461.739044,413.892487,369.79245,409.720245,456.882141,559.39447,462.585022,414.650269,370.026428,410.485077,457.734344,560.436829,463.266815,415.261841,37.786659,105501.090672,75.159304,157.772455,0,false,false,0.0,-132.5,0,0.0,1.0,1.0
3,751,5.7,499.466511,36157.273942,499.560134,36014.655766,17473.941182,-0.078159,-0.082153,0.024071,0.019678,0.031028,-135.041245,0.0,0.0,0.0,0.0,0.0,0.0,0,0,0,0,0,0,0,0,0,0,0,0,0,0,0,371.23761,411.086395,458.404633,561.25708,462.414734,414.496796,370.983643,410.330505,457.561066,560.223083,461.738953,413.891602,369.788696,409.717987,456.878754,559.388855,462.587128,414.651367,370.023621,410.484772,457.733154,560.433899,463.270233,415.264099,37.786678,105501.09313,75.812651,156.833464,0,false,false,0.0,-132.49,0,0.0,1.0,1.0
3,752,5.75,499.465487,1143.260571,499.559522,1285.784712,17473.941186,0.074973,0.063637,0.009014,0.019641,0.031123,-135.041626,0.0,0.0,0.0,0.0,0.0,0.0,0,0,0,0,0,0,0,0,0,0,0,0,0,0,0,371.236908,411.086853,458.404205,561.254883,462.416199,414.497253,370.982208,410.329468,457.55896,560.218872,461.73941,413.891144,369.785187,409.716064,456.875641,559.383484,462.589264,414.652405,370.020844,410.484344,457.73172,560.430542,463.273376,415.266052,37.786674,105501.094032,76.524279,156.659418,0,false,false,0.0,-132.48,0,0.0,1.0,1.0
3,753,5.8,499.463948,36157.275481,499.558702,36014.656586,17473.941143,0.0,0.0,0.0,0.019949,0.03175,-135.041901,0.0,0.0,0.0,0.0,0.0,0.0,0,0,0,0,0,0,0,0,0,0,0,0,0,0,0,371.237518,411.088074,458.404846,561.254578,462.416901,414.497253,370.981598,410.32843,457.557098,560.215454,461.73877,413.889954,369.781616,409.713806,456.872437,559.378418,462.591125,414.653473,370.018463,410.484344,457.731049,560.428589,463.276611,415.268311,37.786716,105501.097037,77.031214,155.505923,0,false,false,0.0,-132.47,0,0.0,1.0,1.0
3,754,5.85,499.461817,1143.262702,499.557223,1285.786191,17473.941107,-0.001669,-0.014365,0.003664,0.020341,0.033773,-135.042282,0.0,0.0,0.0,0.0,0.0,0.0,0,0,0,0,0,0,0,0,0,0,0,0,0,0,0,371.238373,411.089966,458.406036,561.254456,462.418152,414.497528,370.981232,410.327209,457.55481,560.211121,461.73761,413.888062,369.776611,409.710449,456.867767,559.371094,462.593445,414.654724,370.01474,410.4841,457.729828,560.425476,463.281342,415.271729,37.786755,105501.104499,77.734378,151.780514,0,false,false,0.0,-132.46,0,0.0,1.0,1.0
3,755,5.9,499.463025,36157.274274,499.558637,36014.655172,17473.941143,-0.023285,-0.021396,0.00619,0.020044,0.029266,-135.042679,0.0,0.0,0.0,0.0,0.0,0.0,0,0,0,0,0,0,0,0,0,0,0,0,0,0,0,371.234467,411.08728,458.402039,561.247864,462.41983,414.498169,370.977325,410.326294,457.552765,560.20697,461.741608,413.890747,369.776154,409.711578,456.868011,559.369751,462.59549,414.65564,370.014221,410.483459,457.728119,560.421753,463.281067,415.270569,37.786716,105501.089833,78.474212,160.079269,0,false,false,0.0,-132.45,0,0.0,1.0,1.0
3,756,5.95,499.461619,1143.264107,499.557441,1285.787387,17473.941192,0.023288,0.019517,0.002763,0.019586,0.029968,-135.043228,0.0,0.0,0.0,0.0,0.0,0.0,0,0,0,0,0,0,0,0,0,0,0,0,0,0,0,371.233459,411.088135,458.401642,561.245178,462.422211,414.499054,370.975769,410.325104,457.55011,560.201416,461.742035,413.889923,369.771271,409.708649,456.863403,559.361877,462.598206,414.65683,370.009888,410.482574,457.7258,560.416626,463.285736,415.273529,37.786667,105501.092874,79.475677,158.787633,0,false,false,0.0,-132.44,0,0.0,1.0,1.0
3,757,6.0,499.460732,36157.275161,499.557099,36014.655515,17473.941176,-0.049599,-0.048604,0.014336,0.01974,0.029454,-135.043579,0.0,0.0,0.0,0.0,0.0,0.0,0,0,0,0,0,0,0,0,0,0,0,0,0,0,0,371.232727,411.088348,458.401001,561.24292,462.423431,414.499359,370.974182,410.324005,457.548004,560.197388,461.742676,413.889709,369.768127,409.707062,456.860779,559.357178,462.600311,414.657928,370.007629,410.4823,457.724579,560.413696,463.288391,415.275116,37.786686,105501.091819,80.131914,159.733888,0,false,false,0.0,-132.43,0,0.0,1.0,1.0
3,758,6.05,499.460095,1143.264745,499.556773,1285.787712,17473.941191,0.022936,0.02385,0.002917,0.019606,0.028801,-135.044006,0.0,0.0,0.0,0.0,0.0,0.0,0,0,0,0,0,0,0,0,0,0,0,0,0,0,0,371.231262,411.088226,458.399811,561.239685,462.425171,414.499969,370.972198,410.322968,457.545776,560.192932,461.743896,413.889832,369.764954,409.705536,456.858002,559.352051,462.60257,414.658997,370.004944,410.481689,457.72287,560.409851,463.291199,415.276672,37.786671,105501.09007,80.920705,160.936576,0,false,false,0.0,-132.42,0,0.0,1.0,1.0
3,759,6.1,499.459558,36157.275698,499.556367,36014.655921,17473.941229,0.0,0.0,0.0,0.01926,0.028125,-135.044434,0.0,0.0,0.0,0.0,0.0,0.0,0,0,0,0,0,0,0,0,0,0,0,0,0,0,0,371.229767,411.088135,458.398682,561.236572,462.427002,414.500671,370.970428,410.322083,457.543762,560.188721,461.745056,413.889923,369.761963,409.704041,456.855347,559.347046,462.604584,414.659882,370.002258,410.480988,457.721069,560.405945,463.293884,415.278168,37.786633,105501.088244,81.68194,162.181034,0,false,false,0.0,-132.41,0,0.0,1.0,1.0
3,760,6.15,499.456599,1143.267703,499.554062,1285.790018,17473.941191,0.056962,0.043917,0.007032,0.01958,0.031962,-135.044754,0.0,0.0,0.0,0.0,0.0,0.0,0,0,0,0,0,0,0,0,0,0,0,0,0,0,0,371.232086,411.09137,458.401459,561.238586,462.42804,414.500854,370.971313,410.320953,457.541718,560.184875,461.74231,413.886749,369.756073,409.699585,456.849518,559.338562,462.606689,414.661041,369.997803,410.480865,457.720093,560.403381,463.299774,415.282684,37.786671,105501.102115,82.294966,155.115523,0,false,false,0.0,-132.4,0,0.0,1.0,1.0
3,761,6.2,499.457301,36157.274996,499.554866,36014.655117,17473.941253,0.013756,0.015659,0.001937,0.019032,0.028264,-135.045288,0.0,0.0,0.0,0.0,0.0,0.0,0,0,0,0,0,0,0,0,0,0,0,0,0,0,0,371.22818,411.089233,458.397766,561.231873,462.430389,414.50177,370.967468,410.319855,457.539185,560.179565,461.746002,413.888855,369.754211,409.699646,456.848328,559.3349,462.609222,414.662109,369.995911,410.479919,457.717712,560.398254,463.300995,415.282593,37.78661,105501.090056,83.267518,161.924489,0,false,false,0.0,-132.39,0,0.0,1.0,1.0
3,762,6.25,499.454899,1143.270105,499.552903,1285.79198,17473.94125,0.089806,0.075448,0.010849,0.019045,0.031223,-135.04567,0.0,0.0,0.0,0.0,0.0,0.0,0,0,0,0,0,0,0,0,0,0,0,0,0,0,0,371.229492,411.091705,458.399597,561.232605,462.431793,414.502197,370.967712,410.318848,457.537109,560.175476,461.744171,413.886414,369.74884,409.69574,456.843048,559.326904,462.611359,414.663177,369.991608,410.479523,457.71637,560.395081,463.306335,415.28653,37.78661,105501.100813,83.959983,156.477494,0,false,false,0.0,-132.38,0,0.0,1.0,1.0
3,763,6.3,499.454511,36157.275384,499.553236,36014.654784,17473.941208,-0.048778,-0.048314,0.014216,0.019443,0.029331,-135.045944,0.0,0.0,0.0,0.0,0.0,0.0,0,0,0,0,0,0,0,0,0,0,0,0,0,0,0,371.228455,411.091217,458.398346,561.229919,462.432495,414.502197,370.965698,410.31778,457.535248,560.172058,461.745422,413.886902,369.746857,409.69516,456.841705,559.324097,462.613251,414.664246,369.99057,410.479523,457.715668,560.393066,463.307678,415.287109,37.786652,105501.095219,84.471344,159.961546,0,false,false,0.0,-132.37,0,0.0,1.0,1.0
3,764,6.35,499.452593,1143.272023,499.552037,1285.793179,17473.941167,0.03825,0.03119,0.004622,0.019819,0.030751,-135.046234,0.0,0.0,0.0,0.0,0.0,0.0,0,0,0,0,0,0,0,0,0,0,0,0,0,0,0,371.229523,411.092957,458.399597,561.230225,462.433258,414.502258,370.965515,410.316711,457.533356,560.168518,461.744232,413.885162,369.742706,409.692352,456.83786,559.318237,462.615173,414.665344,369.987671,410.479492,457.714935,560.390991,463.311554,415.289948,37.786694,105501.100932,84.996537,157.347785,0,false,false,0.0,-132.36,0,0.0,1.0,1.0
3,765,6.4,499.452728,36157.275249,499.552444,36014.654377,17473.941188,0.0,0.0,0.0,0.019648,0.02846,-135.046646,0.0,0.0,0.0,0.0,0.0,0.0,0,0,0,0,0,0,0,0,0,0,0,0,0,0,0,371.227051,411.091736,458.397217,561.225647,462.434967,414.502838,370.962738,410.315704,457.531189,560.164185,461.746582,413.886353,369.740662,409.691956,456.836365,559.314697,462.61731,414.666321,369.985931,410.478882,457.713226,560.387207,463.313049,415.290344,37.786674,105501.093555,85.75954,161.566232,0,false,false,0.0,-132.35,0,0.0,1.0,1.0
3,766,6.45,499.450487,1143.274264,499.5509,1285.794723,17473.941144,0.023208,0.018182,0.002813,0.020029,0.030663,-135.046982,0.0,0.0,0.0,0.0,0.0,0.0,0,0,0,0,0,0,0,0,0,0,0,0,0,0,0,371.228302,411.093872,458.398773,561.226135,462.435974,414.502991,370.962646,410.314545,457.529083,560.160217,461.745087,413.884247,369.735748,409.688538,456.831757,559.307617,462.619476,414.667511,369.982361,410.47876,457.71225,560.384583,463.317719,415.293793,37.786716,105501.101858,86.381767,157.509452,0,false,false,0.0,-132.34,0,0.0,1.0,1.0
3,767,6.5,499.450804,36157.274932,499.551153,36014.654124,17473.941228,0.002195,0.006518,0.000928,0.019272,0.028052,-135.047516,0.0,0.0,0.0,0.0,0.0,0.0,0,0,0,0,0,0,0,0,0,0,0,0,0,0,0,371.224976,411.092438,458.395844,561.220337,462.438507,414.504059,370.959473,410.313568,457.526672,560.15509,461.748016,413.885712,369.733337,409.687927,456.829773,559.30304,462.621887,414.668488,369.979767,410.477692,457.709747,560.379333,463.319733,415.294403,37.786633,105501.093362,87.359765,162.317275,0,false,false,0.0,-132.33,0,0.0,1.0,1.0
3,768,6.55,499.446089,1143.27898,499.54695,1285.798926,17473.941223,0.207614,0.181728,0.02537,0.019348,0.035245,-135.047806,0.0,0.0,0.0,0.0,0.0,0.0,0,0,0,0,0,0,0,0,0,0,0,0,0,0,0,371.230042,411.09845,458.401825,561.22644,462.439453,414.504272,370.96286,410.312683,457.524963,560.151794,461.742096,413.879761,369.725189,409.680878,456.821198,559.291321,462.623688,414.669464,369.973328,410.477539,457.708862,560.377075,463.3284,415.301514,37.786636,105501.118769,87.89711,149.072065,0,false,false,0.0,-132.32,0,0.0,1.0,1.0
3,769,6.6,499.448157,36157.272863,499.549326,36014.651747,17473.941215,-0.009874,-0.008335,0.002282,0.019382,0.029164,-135.048096,0.0,0.0,0.0,0.0,0.0,0.0,0,0,0,0,0,0,0,0,0,0,0,0,0,0,0,371.225494,411.094604,458.39682,561.219177,462.440552,414.504608,370.958405,410.311859,457.523346,560.148621,461.74707,413.883545,369.726562,409.683563,456.823456,559.292908,462.625275,414.670227,369.974579,410.477173,457.707764,560.374512,463.326111,415.298798,37.786648,105501.098768,88.425812,160.269568,0,false,false,0.0,-132.31,0,0.0,1.0,1.0
3,770,6.65,499.445521,1143.281616,499.547671,1285.800582,17473.941151,-0.027739,-0.033839,0.009621,0.019955,0.031396,-135.048477,0.0,0.0,0.0,0.0,0.0,0.0,0,0,0,0,0,0,0,0,0,0,0,0,0,0,0,371.227051,411.097015,458.39859,561.219727,462.441528,414.504639,370.958221,410.310425,457.520813,560.143921,461.745331,413.881165,369.720886,409.679688,456.818207,559.284912,462.627869,414.671692,369.970673,410.477173,457.706818,560.371765,463.33139,415.302704,37.786709,105501.107376,89.125352,156.160831,0,false,false,0.0,-132.3,0,0.0,1.0,1.0
3,771,6.7,499.438277,36157.280107,499.541952,36014.657467,17473.940812,0.0,0.0,0.0,0.02142,0.042211,-135.048569,0.0,0.0,0.0,0.0,0.0,0.0,0,0,0,0,0,0,0,0,0,0,0,0,0,0,0,371.236603,411.106354,458.408752,561.23175,462.440796,414.503754,370.964325,410.309174,457.519165,560.141479,461.735291,413.871918,369.710327,409.670074,456.80722,559.271057,462.629639,414.673035,369.963562,410.478149,457.707642,560.372375,463.342499,415.312439,37.787048,105501.143975,89.314642,136.248969,0,false,false,0.0,-132.29,0,0.0,1.0,1.0
3,772,6.75,499.437661,1143.282232,499.542496,1285.800037,17473.940883,0.030031,0.008738,0.00437,0.0225,0.03834,-135.048447,0.0,0.0,0.0,0.0,0.0,0.0,0,0,0,0,0,0,0,0,0,0,0,0,0,0,0,371.238037,411.106659,458.409393,561.233093,462.43924,414.502625,370.964203,410.308563,457.518768,560.141541,461.734589,413.871582,369.710266,409.670227,456.807739,559.272217,462.629944,414.673615,369.965027,410.479218,457.709167,560.374756,463.341949,415.312225,37.786976,105501.134783,89.070912,143.379497,0,false,false,0.0,-132.28,0,0.0,1.0,1.0
3,773,6.8,499.438459,36157.279309,499.54385,36014.656113,17473.940865,0.077316,0.064206,0.009353,0.022619,0.034082,-135.048813,0.0,0.0,0.0,0.0,0.0,0.0,0,0,0,0,0,0,0,0,0,0,0,0,0,0,0,371.234772,411.10434,458.405884,561.227234,462.440521,414.50293,370.96051,410.307404,457.516571,560.137329,461.738098,413.873871,369.709412,409.671082,456.807739,559.270691,462.632141,414.674744,369.96463,410.478912,457.707886,560.371643,463.341919,415.31134,37.786995,105501.121732,89.757859,151.220074,0,false,false,0.0,-132.27,0,0.0,1.0,1.0
3,774,6.85,499.438434,1143.282257,499.544274,1285.799614,17473.940867,0.033087,0.031124,0.003799,0.022605,0.031773,-135.049255,0.0,0.0,0.0,0.0,0.0,0.0,0,0,0,0,0,0,0,0,0,0,0,0,0,0,0,371.232422,411.10321,458.403564,561.222595,462.442139,414.503448,370.957581,410.306244,457.514221,560.132629,461.740417,413.875,369.707062,409.670532,456.806061,559.266846,462.634521,414.675903,369.96286,410.478394,457.706238,560.367859,463.343597,415.31189,37.786995,105501.11459,90.55256,155.47234,0,false,false,0.0,-132.26,0,0.0,1.0,1.0
3,775,6.9,499.438313,36157.27943,499.544283,36014.656103,17473.940913,0.0,0.0,0.0,0.022199,0.030084,-135.049698,0.0,0.0,0.0,0.0,0.0,0.0,0,0,0,0,0,0,0,0,0,0,0,0,0,0,0,371.230103,411.102417,458.40155,561.218262,462.444153,414.504211,370.955109,410.305267,457.512024,560.128113,461.742432,413.875793,369.704468,409.669586,456.803894,559.262329,462.636719,414.67688,369.960419,410.477631,457.704254,560.363586,463.345825,415.312836,37.786949,105501.109323,91.385459,158.582342,0,false,false,0.0,-132.25,0,0.0,1.0,1.0
3,776,6.95,499.437728,1143.282842,499.543513,1285.800384,17473.94102,0.0,0.0,0.0,0.021207,0.029467,-135.050232,0.0,0.0,0.0,0.0,0.0,0.0,0,0,0,0,0,0,0,0,0,0,0,0,0,0,0,371.228088,411.102386,458.400208,561.214417,462.446777,414.505402,370.953156,410.304382,457.509735,560.123108,461.743774,413.875824,369.700745,409.667572,456.800354,559.255798,462.639069,414.677765,369.956604,410.476471,457.70166,560.358215,463.349396,415.31488,37.786842,105501.107716,92.36431,159.717045,0,false,false,0.0,-132.24,0,0.0,1.0,1.0
3,777,7.0,499.435775,36157.281384,499.541723,36014.657893,17473.941062,0.108378,0.09565,0.012893,0.020798,0.031796,-135.050659,0.0,0.0,0.0,0.0,0.0,0.0,0,0,0,0,0,0,0,0,0,0,0,0,0,0,0,371.228516,411.104309,458.401306,561.213989,462.448639,414.506104,370.952942,410.303467,457.507629,560.118774,461.742737,413.873932,369.695709,409.664032,456.795349,559.247925,462.641205,414.678711,369.952209,410.475769,457.69986,560.354187,463.354462,415.318451,37.7868,105501.116078,93.152319,155.426948,0,false,false,0.0,-132.23,0,0.0,1.0,1.0
3,778,7.05,499.435335,1143.283282,499.541605,1285.800502,17473.941074,0.045637,0.041449,0.005337,0.020694,0.030553,-135.051025,0.0,0.0,0.0,0.0,0.0,0.0,0,0,0,0,0,0,0,0,0,0,0,0,0,0,0,371.227081,411.104004,458.400055,561.210938,462.450104,414.506592,370.95105,410.302521,457.505676,560.114868,461.743988,413.874207,369.693146,409.662903,456.793182,559.243774,462.643158,414.679688,369.950104,410.475311,457.698395,560.350952,463.356628,415.31958,37.786785,105501.112474,93.830661,157.716774,0,false,false,0.0,-132.22,0,0.0,1.0,1.0
3,779,7.1,499.435436,36157.281283,499.541786,36014.657713,17473.941128,-0.082887,-0.075584,0.02263,0.020198,0.028542,-135.051468,0.0,0.0,0.0,0.0,0.0,0.0,0,0,0,0,0,0,0,0,0,0,0,0,0,0,0,371.224579,411.102966,458.397827,561.206421,462.452057,414.507355,370.948456,410.301636,457.503601,560.110535,461.746246,413.875275,369.690918,409.662292,456.791412,559.239807,462.645264,414.680573,369.947968,410.474518,457.696472,560.346741,463.358429,415.320221,37.786732,105501.10596,94.630715,161.418947,0,false,false,0.0,-132.21,0,0.0,1.0,1.0
3,780,7.15,499.431294,1143.287423,499.538106,1285.804182,17473.941116,0.181557,0.156437,0.022276,0.020254,0.035161,-135.051834,0.0,0.0,0.0,0.0,0.0,0.0,0,0,0,0,0,0,0,0,0,0,0,0,0,0,0,371.228424,411.108032,458.402557,561.210693,462.4534,414.507751,370.950836,410.300629,457.501587,560.106567,461.741577,413.87027,369.683167,409.655884,456.783386,559.228455,462.647369,414.681641,369.941711,410.474182,457.69519,560.343689,463.366547,415.326691,37.786743,105501.128825,95.30623,149.23203,0,false,false,0.0,-132.2,0,0.0,1.0,1.0
3,781,7.2,499.432905,36157.279672,499.54003,36014.655788,17473.941135,0.0,0.0,0.0,0.020118,0.029622,-135.052216,0.0,0.0,0.0,0.0,0.0,0.0,0,0,0,0,0,0,0,0,0,0,0,0,0,0,0,371.223999,411.104675,458.397858,561.203369,462.454926,414.50827,370.946381,410.299622,457.499512,560.102417,461.746246,413.873596,369.68338,409.657715,456.784485,559.22821,462.649414,414.682617,369.941925,410.473663,457.693634,560.34021,463.365448,415.324829,37.786724,105501.110762,96.0153,159.431462,0,false,false,0.0,-132.19,0,0.0,1.0,1.0
3,782,7.25,499.431265,1143.289064,499.538696,1285.805516,17473.94117,0.0,0.0,0.0,0.019791,0.030725,-135.052719,0.0,0.0,0.0,0.0,0.0,0.0,0,0,0,0,0,0,0,0,0,0,0,0,0,0,0,371.223511,411.105865,458.397949,561.201355,462.457062,414.509033,370.94519,410.298431,457.496918,560.097168,461.746185,413.872406,369.678345,409.654572,456.779724,559.220276,462.652039,414.683838,369.937622,410.4729,457.691559,560.33551,463.37027,415.328003,37.78669,105501.115058,96.954736,157.399043,0,false,false,0.0,-132.18,0,0.0,1.0,1.0
3,783,7.3,499.43006,36157.280877,499.53803,36014.656454,17473.941154,-0.081905,-0.084898,0.024903,0.019931,0.030904,-135.053101,0.0,0.0,0.0,0.0,0.0,0.0,0,0,0,0,0,0,0,0,0,0,0,0,0,0,0,371.223083,411.106506,458.397705,561.199524,462.458405,414.509369,370.943848,410.297302,457.494751,560.092896,461.746429,413.871765,369.674652,409.652466,456.776428,559.214722,462.654266,414.684967,369.934845,410.472565,457.690247,560.332336,463.373566,415.330109,37.786705,105501.116226,97.654433,157.070061,0,false,false,0.0,-132.17,0,0.0,1.0,1.0
3,784,7.35,499.4295,1143.289624,499.537836,1285.805709,17473.941169,0.017157,0.014286,0.002024,0.019809,0.030024,-135.053543,0.0,0.0,0.0,0.0,0.0,0.0,0,0,0,0,0,0,0,0,0,0,0,0,0,0,0,371.221497,411.106232,458.396332,561.196045,462.460114,414.509949,370.941681,410.296204,457.492462,560.088318,461.747833,413.87207,369.67157,409.651093,456.773834,559.209717,462.656586,414.686066,369.932312,410.472015,457.688538,560.328491,463.376221,415.331512,37.786694,105501.113595,98.449333,158.691036,0,false,false,0.0,-132.16,0,0.0,1.0,1.0
3,785,7.4,499.428739,36157.281637,499.537339,36014.656952,17473.941189,-0.02818,-0.029315,0.008505,0.019619,0.029712,-135.053955,0.0,0.0,0.0,0.0,0.0,0.0,0,0,0,0,0,0,0,0,0,0,0,0,0,0,0,371.220245,411.106354,458.395416,561.193176,462.461884,414.51059,370.939941,410.295227,457.490295,560.083923,461.748779,413.871948,369.668243,409.649353,456.770874,559.204346,462.658752,414.687073,369.929474,410.471405,457.686798,560.324646,463.379211,415.333252,37.786671,105501.112889,99.228212,159.265292,0,false,false,0.0,-132.15,0,0.0,1.0,1.0
3,786,7.45,499.426303,1143.29206,499.535617,1285.807431,17473.94115,-0.033473,-0.042794,0.01212,0.01996,0.032337,-135.054321,0.0,0.0,0.0,0.0,0.0,0.0,0,0,0,0,0,0,0,0,0,0,0,0,0,0,0,371.221649,411.108704,458.397156,561.193787,462.462982,414.510773,370.939972,410.294006,457.488068,560.079712,461.74707,413.869629,369.662933,409.64566,456.765839,559.196716,462.661041,414.688324,369.925568,410.471252,457.68576,560.321838,463.384308,415.337006,37.786709,105501.12239,99.890326,154.431794,0,false,false,0.0,-132.14,0,0.0,1.0,1.0
3,787,7.5,499.425386,36157.282553,499.5351,36014.657469,17473.941151,0.0,0.0,0.0,0.019948,0.032146,-135.054749,0.0,0.0,0.0,0.0,0.0,0.0,0,0,0,0,0,0,0,0,0,0,0,0,0,0,0,371.220612,411.108948,458.396362,561.191101,462.46463,414.511292,370.938232,410.292908,457.485779,560.075195,461.747864,413.869385,369.659393,409.643799,456.762726,559.191162,462.663361,414.689423,369.922699,410.470734,457.684113,560.318115,463.387451,415.338867,37.786709,105501.122145,100.670732,154.784424,0,false,false,0.0,-132.13,0,0.0,1.0,1.0
3,788,7.55,499.424397,1143.293049,499.534798,1285.807733,17473.941117,0.022608,0.014801,0.002872,0.02028,0.03166,-135.055115,0.0,0.0,0.0,0.0,0.0,0.0,0,0,0,0,0,0,0,0,0,0,0,0,0,0,0,371.219879,411.109161,458.395691,561.188721,462.46582,414.511536,370.936493,410.291687,457.48349,560.070801,461.748566,413.869171,369.656036,409.64212,456.759918,559.186218,462.665649,414.690674,369.92041,410.47052,457.682953,560.315125,463.390289,415.340546,37.786743,105501.12108,101.361473,155.679855,0,false,false,0.0,-132.12,0,0.0,1.0,1.0
3,789,7.6,499.422701,36157.28425,499.533872,36014.658395,17473.941065,-0.180774,-0.181326,0.053661,0.020755,0.031863,-135.055405,0.0,0.0,0.0,0.0,0.0,0.0,0,0,0,0,0,0,0,0,0,0,0,0,0,0,0,371.220642,411.110535,458.396515,561.188538,462.466553,414.511505,370.935944,410.290588,457.481537,560.067261,461.747772,413.867828,369.652191,409.639648,456.75647,559.180786,462.667633,414.691772,369.917847,410.47052,457.682251,560.31311,463.393768,415.343018,37.786797,105501.122975,101.888833,155.307414,0,false,false,0.0,-132.11,0,0.0,1.0,1.0
3,790,7.65,499.418086,1143.297664,499.530199,1285.811405,17473.941004,0.192509,0.166066,0.023576,0.021384,0.038113,-135.05571,0.0,0.0,0.0,0.0,0.0,0.0,0,0,0,0,0,0,0,0,0,0,0,0,0,0,0,371.225433,411.116058,458.401917,561.193909,462.467224,414.511444,370.938568,410.289337,457.479431,560.063416,461.742432,413.862366,369.644165,409.633057,456.748352,559.169617,462.669861,414.693085,369.911987,410.470673,457.681671,560.311096,463.401978,415.349701,37.786858,105501.144607,102.446998,143.799843,0,false,false,0.0,-132.1,0,0.0,1.0,1.0
3,791,7.7,499.418072,36157.284264,499.531128,36014.657467,17473.940922,-0.013516,-0.024999,0.006785,0.022072,0.034951,-135.055939,0.0,0.0,0.0,0.0,0.0,0.0,0,0,0,0,0,0,0,0,0,0,0,0,0,0,0,371.22406,411.114929,458.400055,561.190613,462.467529,414.5112,370.936066,410.288177,457.477539,560.06012,461.744263,413.863464,369.642944,409.63324,456.747986,559.168152,462.671692,414.694244,369.911896,410.470886,457.681335,560.309753,463.402313,415.349487,37.786938,105501.135442,102.878023,149.623815,0,false,false,0.0,-132.09,0,0.0,1.0,1.0
3,792,7.75,499.417529,1143.298207,499.531401,1285.811132,17473.940868,0.0,0.0,0.0,0.022592,0.033118,-135.05629,0.0,0.0,0.0,0.0,0.0,0.0,0,0,0,0,0,0,0,0,0,0,0,0,0,0,0,371.222839,411.114441,458.398651,561.1875,462.468475,414.511261,370.933777,410.286926,457.475281,560.055908,461.745667,413.863953,369.640411,409.632385,456.746185,559.164551,462.673981,414.695496,369.910431,410.470825,457.680389,560.307129,463.404144,415.350372,37.786995,105501.130169,103.513087,153.000392,0,false,false,0.0,-132.08,0,0.0,1.0,1.0
3,793,7.8,499.418785,36157.283008,499.532394,36014.656473,17473.940971,-0.002012,0.005979,0.00113,0.02167,0.02902,-135.056732,0.0,0.0,0.0,0.0,0.0,0.0,0,0,0,0,0,0,0,0,0,0,0,0,0,0,0,371.218658,411.111938,458.394775,561.180908,462.470734,414.512299,370.930206,410.286255,457.473419,560.051819,461.749542,413.866455,369.63974,409.633179,456.745972,559.162415,462.675812,414.696136,369.90918,410.469757,457.678131,560.302551,463.404388,415.349548,37.786892,105501.116563,104.329341,160.544561,0,false,false,0.0,-132.07,0,0.0,1.0,1.0
3,794,7.85,499.41628,1143.300713,499.530126,1285.8134,17473.941016,0.044028,0.036319,0.005308,0.021211,0.031984,-135.057251,0.0,0.0,0.0,0.0,0.0,0.0,0,0,0,0,0,0,0,0,0,0,0,0,0,0,0,371.219391,411.114441,458.396301,561.180603,462.472992,414.513153,370.930054,410.285095,457.470856,560.04657,461.748077,413.863953,369.633423,409.628693,456.739685,559.152649,462.678467,414.697357,369.903717,410.468964,457.675934,560.297729,463.410706,415.354065,37.786846,105501.127152,105.286698,155.086652,0,false,false,0.0,-132.06,0,0.0,1.0,1.0
3,795,7.9,499.416231,36157.283056,499.530448,36014.656152,17473.941027,-0.053605,-0.049586,0.014763,0.021134,0.029837,-135.057663,0.0,0.0,0.0,0.0,0.0,0.0,0,0,0,0,0,0,0,0,0,0,0,0,0,0,0,371.217194,411.113464,458.394165,561.176331,462.474579,414.513672,370.927429,410.284027,457.468689,560.042175,461.750183,413.86496,369.631195,409.628113,456.738037,559.148926,462.680664,414.698395,369.901917,410.468445,457.674377,560.294128,463.412384,415.354675,37.786835,105501.120321,106.036845,159.040976,0,false,false,0.0,-132.05,0,0.0,1.0,1.0
3,796,7.95,499.415521,1143.301422,499.529804,1285.814044,17473.941081,0.033757,0.033947,0.004149,0.020628,0.02961,-135.05809,0.0,0.0,0.0,0.0,0.0,0.0,0,0,0,0,0,0,0,0,0,0,0,0,0,0,0,371.215851,411.113617,458.393311,561.173523,462.476532,414.514465,370.925842,410.283173,457.466644,560.037964,461.751099,413.864777,369.627869,409.626282,456.734955,559.143372,462.682709,414.69928,369.898834,410.467651,457.672424,560.289978,463.415497,415.356506,37.786781,105501.119851,106.829664,159.457037,0,false,false,0.0,-132.04,0,0.0,1.0,1.0
3,797,8.0,499.415186,36157.283392,499.529565,36014.656391,17473.941131,-0.071598,-0.064838,0.019427,0.020174,0.028554,-135.058517,0.0,0.0,0.0,0.0,0.0,0.0,0,0,0,0,0,0,0,0,0,0,0,0,0,0,0,371.213959,411.11322,458.391785,561.169861,462.478485,414.515228,370.923767,410.282257,457.464569,560.03363,461.752625,413.865204,369.625061,409.625031,456.732483,559.138611,462.684814,414.700195,369.89624,410.466888,457.670532,560.285828,463.417999,415.357758,37.786728,105501.11649,107.626707,161.401884,0,false,false,0.0,-132.03,0,0.0,1.0,1.0
3,798,8.05,499.412835,1143.303773,499.527875,1285.815734,17473.941093,0.0,0.0,0.0,0.020514,0.031007,-135.058868,0.0,0.0,0.0,0.0,0.0,0.0,0,0,0,0,0,0,0,0,0,0,0,0,0,0,0,371.215393,411.11554,458.393524,561.170593,462.479523,414.515411,370.923889,410.281128,457.462494,560.029663,461.750916,413.862915,369.620026,409.62146,456.727661,559.131287,462.68692,414.701355,369.892487,410.466736,457.669525,560.283264,463.422882,415.361389,37.78677,105501.125525,108.246216,156.885446,0,false,false,0.0,-132.02,0,0.0,1.0,1.0
3,799,8.1,499.411993,36157.284234,499.527536,36014.656731,17473.941086,-0.038759,-0.039299,0.011495,0.020578,0.030434,-135.059235,0.0,0.0,0.0,0.0,0.0,0.0,0,0,0,0,0,0,0,0,0,0,0,0,0,0,0,371.214508,411.115692,458.392792,561.168152,462.480835,414.515747,370.922211,410.28006,457.460388,560.025574,461.751678,413.862762,369.616882,409.619873,456.725006,559.126465,462.689087,414.702423,369.890137,410.4664,457.668213,560.280151,463.425598,415.362976,37.786774,105501.124083,108.92817,157.941736,0,false,false,0.0,-132.01,0,0.0,1.0,1.0
3,800,8.15,499.409141,1143.306625,499.52532,1285.81795,17473.941054,0.089782,0.07249,0.010982,0.02083,0.034016,-135.059601,0.0,0.0,0.0,0.0,0.0,0.0,0,0,0,0,0,0,0,0,0,0,0,0,0,0,0,371.216461,411.118683,458.395203,561.169556,462.482086,414.516022,370.92276,410.2789,457.45816,560.021301,461.749298,413.859802,369.610931,409.615479,456.719147,559.117798,462.691345,414.703644,369.885559,410.466156,457.667053,560.277161,463.431488,415.367432,37.786808,105501.13662,109.617465,151.346402,0,false,false,0.0,-132.0,0,0.0,1.0,1.0
3,801,8.2,499.408624,36157.284751,499.525559,36014.656492,17473.941013,-0.05884,-0.063217,0.01843,0.021251,0.032279,-135.059906,0.0,0.0,0.0,0.0,0.0,0.0,0,0,0,0,0,0,0,0,0,0,0,0,0,0,0,371.215424,411.118317,458.394012,561.16687,462.48288,414.516052,370.920715,410.27774,457.456116,560.017578,461.750488,413.860168,369.608612,409.614685,456.717529,559.114563,462.69339,414.704773,369.884277,410.466125,457.666229,560.274902,463.433136,415.368225,37.78685,105501.131597,110.17789,154.544442,0,false,false,0.0,-131.99,0,0.0,1.0,1.0
3,802,8.25,499.407292,1143.307956,499.524907,1285.818601,17473.940978,0.008081,0.001863,0.001136,0.021573,0.032557,-135.060287,0.0,0.0,0.0,0.0,0.0,0.0,0,0,0,0,0,0,0,0,0,0,0,0,0,0,0,371.215179,411.119019,458.39389,561.1651,462.4841,414.516296,370.919373,410.27652,457.453827,560.013184,461.750641,413.859467,369.604767,409.612518,456.714172,559.108887,462.69574,414.706024,369.881531,410.465912,457.665039,560.271851,463.436554,415.370392,37.786884,105501.133013,110.875864,154.034622,0,false,false,0.0,-131.98,0,0.0,1.0,1.0
3,803,8.3,499.407685,36157.284359,499.52544,36014.655959,17473.941025,0.0,0.0,0.0,0.021143,0.029836,-135.060745,0.0,0.0,0.0,0.0,0.0,0.0,0,0,0,0,0,0,0,0,0,0,0,0,0,0,0,371.212158,411.117493,458.391052,561.15979,462.486084,414.517059,370.91626,410.275543,457.45163,560.008606,461.753479,413.860992,369.602905,409.612305,456.71283,559.105408,462.697937,414.707001,369.87973,410.465149,457.663086,560.267578,463.437866,415.370605,37.786835,105501.124051,111.704065,159.044748,0,false,false,0.0,-131.97,0,0.0,1.0,1.0
3,804,8.35,499.405513,1143.310128,499.523805,1285.820236,17473.941013,0.017398,0.011462,0.002184,0.021247,0.032035,-135.061142,0.0,0.0,0.0,0.0,0.0,0.0,0,0,0,0,0,0,0,0,0,0,0,0,0,0,0,371.212982,411.119507,458.392303,561.159668,462.487518,414.517487,370.915955,410.274414,457.449341,560.00415,461.752258,413.859009,369.597717,409.608765,456.707886,559.097656,462.700256,414.708191,369.875702,410.464752,457.661682,560.264221,463.442902,415.374176,37.786846,105501.13198,112.447904,154.995419,0,false,false,0.0,-131.96,0,0.0,1.0,1.0
3,805,8.4,499.406676,36157.283196,499.524742,36014.655022,17473.941126,-0.01588,-0.007441,0.003065,0.020234,0.027712,-135.061691,0.0,0.0,0.0,0.0,0.0,0.0,0,0,0,0,0,0,0,0,0,0,0,0,0,0,0,371.208405,411.116913,458.388062,561.152222,462.490234,414.518677,370.911896,410.273499,457.447021,559.999023,461.7565,413.861603,369.596375,409.609253,456.707092,559.094421,462.702606,414.709045,369.87381,410.463531,457.658966,560.258667,463.443695,415.373688,37.786736,105501.117426,113.452563,162.954774,0,false,false,0.0,-131.95,0,0.0,1.0,1.0
3,806,8.45,499.40568,1143.311124,499.523736,1285.821242,17473.941186,0.032096,0.034976,0.004383,0.019656,0.028234,-135.062119,0.0,0.0,0.0,0.0,0.0,0.0,0,0,0,0,0,0,0,0,0,0,0,0,0,0,0,371.207458,411.117554,458.387695,561.149963,462.492279,414.519531,370.910736,410.272675,457.445007,559.994812,461.756897,413.860962,369.592621,409.606964,456.703461,559.088196,462.704651,414.7099,369.87027,410.462708,457.656952,560.254395,463.447388,415.376007,37.786674,105501.119459,114.254431,161.991322,0,false,false,0.0,-131.94,0,0.0,1.0,1.0
3,807,8.5,499.40399,36157.284886,499.522704,36014.656055,17473.941153,-0.085334,-0.081923,0.024334,0.019957,0.029343,-135.062515,0.0,0.0,0.0,0.0,0.0,0.0,0,0,0,0,0,0,0,0,0,0,0,0,0,0,0,371.207642,411.118774,458.388123,561.148865,462.493591,414.519836,370.90976,410.271454,457.442688,559.990356,461.7565,413.859741,369.588196,409.604218,456.699432,559.081665,462.707001,414.711151,369.867004,410.462433,457.655701,560.251221,463.451447,415.378754,37.786709,105501.123715,114.976015,159.949852,0,false,false,0.0,-131.93,0,0.0,1.0,1.0
3,808,8.55,499.402446,1143.312668,499.521633,1285.822312,17473.941148,0.002014,-0.001042,0.000433,0.020003,0.030376,-135.062927,0.0,0.0,0.0,0.0,0.0,0.0,0,0,0,0,0,0,0,0,0,0,0,0,0,0,0,371.20752,411.119904,458.388336,561.1474,462.495148,414.520294,370.908722,410.270325,457.440399,559.98584,461.756317,413.858643,369.583832,409.601501,456.695404,559.075012,462.709351,414.712311,369.863556,410.462006,457.654175,560.247681,463.455536,415.3815,37.786713,105501.127592,115.74224,158.048194,0,false,false,0.0,-131.92,0,0.0,1.0,1.0
3,809,8.6,499.402263,36157.285069,499.52147,36014.656218,17473.941205,0.0,0.0,0.0,0.01947,0.029092,-135.06337,0.0,0.0,0.0,0.0,0.0,0.0,0,0,0,0,0,0,0,0,0,0,0,0,0,0,0,371.205414,411.119324,458.386627,561.143494,462.497162,414.521118,370.906586,410.26947,457.438385,559.981567,461.758057,413.859222,369.581207,409.600433,456.693115,559.070435,462.711395,414.713165,369.861023,410.461182,457.652191,560.243469,463.457825,415.382599,37.786655,105501.123392,116.539667,160.412214,0,false,false,0.0,-131.91,0,0.0,1.0,1.0
3,810,8.65,499.399803,1143.315127,499.519827,1285.823955,17473.941164,0.0,0.0,0.0,0.019851,0.031165,-135.063797,0.0,0.0,0.0,0.0,0.0,0.0,0,0,0,0,0,0,0,0,0,0,0,0,0,0,0,371.206451,411.121521,458.388,561.143433,462.498505,414.521362,370.906097,410.268066,457.43573,559.976562,461.756714,413.857056,369.5755,409.596619,456.687805,559.062195,462.714081,414.7146,369.856842,410.460968,457.650879,560.240051,463.463226,415.386444,37.786697,105501.131147,117.33293,156.595719,0,false,false,0.0,-131.9,0,0.0,1.0,1.0
3,811,8.7,499.40065,36157.284223,499.520724,36014.655321,17473.941218,-0.034515,-0.027785,0.00825,0.01936,0.027643,-135.064224,0.0,0.0,0.0,0.0,0.0,0.0,0,0,0,0,0,0,0,0,0,0,0,0,0,0,0,371.202911,411.119385,458.384552,561.137451,462.500458,414.522156,370.902679,410.267181,457.433685,559.97229,461.760132,413.859161,369.574371,409.597046,456.687225,559.059692,462.716125,414.715485,369.85556,410.460175,457.648926,560.235901,463.463806,415.385986,37.786644,105501.119203,118.12632,163.081108,0,false,false,0.0,-131.89,0,0.0,1.0,1.0
3,812,8.75,499.395832,1143.319945,499.516478,1285.8282,17473.941206,0.202135,0.17631,0.024731,0.019502,0.035003,-135.064499,0.0,0.0,0.0,0.0,0.0,0.0,0,0,0,0,0,0,0,0,0,0,0,0,0,0,0,371.208191,411.125519,458.390717,561.14386,462.501312,414.522308,370.906189,410.266266,457.432007,559.969116,461.754028,413.853088,369.566193,409.589935,456.678619,559.048035,462.717896,414.716461,369.849121,410.460083,457.648163,560.233826,463.472504,415.393188,37.786655,105501.145119,118.635582,149.529076,0,false,false,0.0,-131.88,0,0.0,1.0,1.0
3,813,8.8,499.397963,36157.282092,499.519009,36014.652791,17473.941201,-0.078347,-0.072245,0.021595,0.019519,0.028268,-135.06488,0.0,0.0,0.0,0.0,0.0,0.0,0,0,0,0,0,0,0,0,0,0,0,0,0,0,0,371.203033,411.121368,458.385132,561.135376,462.502747,414.522736,370.901031,410.265228,457.429871,559.964905,461.759613,413.857239,369.567139,409.59259,456.680634,559.048889,462.720001,414.717468,369.850067,410.459625,457.646698,560.230408,463.47049,415.390503,37.786659,105501.122723,119.338936,161.931108,0,false,false,0.0,-131.87,0,0.0,1.0,1.0
3,814,8.85,499.39581,1143.322098,499.517313,1285.829896,17473.941198,0.014558,0.008421,0.001873,0.019533,0.030701,-135.065308,0.0,0.0,0.0,0.0,0.0,0.0,0,0,0,0,0,0,0,0,0,0,0,0,0,0,0,371.203735,411.123383,458.386322,561.135132,462.504364,414.523224,370.900696,410.264099,457.427582,559.960327,461.758453,413.855255,369.561859,409.588959,456.675537,559.040955,462.722351,414.718628,369.845825,410.459137,457.645142,560.226746,463.475616,415.394165,37.786663,105501.131338,120.11995,157.452049,0,false,false,0.0,-131.86,0,0.0,1.0,1.0
3,815,8.9,499.393634,36157.284268,499.515458,36014.654645,17473.941205,0.0,0.0,0.0,0.019432,0.033319,-135.065689,0.0,0.0,0.0,0.0,0.0,0.0,0,0,0,0,0,0,0,0,0,0,0,0,0,0,0,371.204742,411.12561,458.387909,561.135498,462.505859,414.523712,370.900879,410.263153,457.425598,559.956421,461.756897,413.853027,369.556824,409.585327,456.670563,559.033325,462.724365,414.719604,369.841675,410.458679,457.643677,560.22345,463.480652,415.397858,37.786655,105501.140488,120.80656,152.631174,0,false,false,0.0,-131.85,0,0.0,1.0,1.0
3,816,8.95,499.393495,1143.322237,499.515867,1285.829488,17473.941205,0.0,0.0,0.0,0.019462,0.030869,-135.066162,0.0,0.0,0.0,0.0,0.0,0.0,0,0,0,0,0,0,0,0,0,0,0,0,0,0,0,371.202271,411.124481,458.385468,561.130554,462.507629,414.524261,370.897705,410.26181,457.422943,559.951172,461.759369,413.854156,369.554077,409.584595,456.668579,559.02887,462.727051,414.720947,369.83963,410.45816,457.641907,560.219299,463.482697,415.39859,37.786655,105501.132661,121.68934,157.141917,0,false,false,0.0,-131.84,0,0.0,1.0,1.0
3,817,9.0,499.393224,36157.284539,499.515904,36014.654608,17473.941225,-0.021789,-0.023123,0.006665,0.019295,0.02945,-135.066605,0.0,0.0,0.0,0.0,0.0,0.0,0,0,0,0,0,0,0,0,0,0,0,0,0,0,0,371.200195,411.12381,458.383606,561.126404,462.50946,414.524902,370.895203,410.260742,457.420624,559.946472,461.76123,413.854828,369.551331,409.583557,456.666321,559.024292,462.72937,414.722015,369.83728,410.45752,457.640106,560.215271,463.484955,415.399628,37.786636,105501.127953,122.509598,159.754421,0,false,false,0.0,-131.83,0,0.0,1.0,1.0
3,818,9.05,499.390324,1143.325137,499.513816,1285.831576,17473.941168,-0.006291,-0.017642,0.004658,0.019786,0.032879,-135.066879,0.0,0.0,0.0,0.0,0.0,0.0,0,0,0,0,0,0,0,0,0,0,0,0,0,0,0,371.202789,411.126953,458.386475,561.128845,462.51004,414.524811,370.896179,410.259644,457.418762,559.943115,461.758423,413.851715,369.545898,409.579407,456.661041,559.016785,462.731293,414.723145,369.833496,410.457642,457.639587,560.213501,463.490295,415.403809,37.786694,105501.140284,122.996171,153.441878,0,false,false,0.0,-131.82,0,0.0,1.0,1.0
3,819,9.1,499.391431,36157.283432,499.515237,36014.653187,17473.941186,-0.072395,-0.066767,0.019943,0.019654,0.028426,-135.067291,0.0,0.0,0.0,0.0,0.0,0.0,0,0,0,0,0,0,0,0,0,0,0,0,0,0,0,371.198883,411.124298,458.382446,561.122192,462.511749,414.525391,370.892151,410.258606,457.416565,559.93866,461.762421,413.85437,369.545227,409.580444,456.661163,559.015137,462.733521,414.724182,369.832916,410.457031,457.637878,560.209717,463.490173,415.40274,37.786674,105501.125347,123.769451,161.642417,0,false,false,0.0,-131.81,0,0.0,1.0,1.0
3,820,9.15,499.389212,1143.327356,499.513463,1285.83335,17473.941179,0.01348,0.006941,0.001772,0.019651,0.030937,-135.067612,0.0,0.0,0.0,0.0,0.0,0.0,0,0,0,0,0,0,0,0,0,0,0,0,0,0,0,371.200256,411.126617,458.384247,561.123047,462.512878,414.525696,370.892487,410.25769,457.414734,559.93512,461.760651,413.852081,369.540436,409.576935,456.656464,559.008057,462.735382,414.725128,369.829163,410.456757,457.63678,560.207031,463.494934,415.406311,37.786682,105501.134461,124.357344,157.019055,0,false,false,0.0,-131.8,0,0.0,1.0,1.0
3,821,9.2,499.387693,36157.284952,499.512354,36014.654296,17473.941176,0.0,0.0,0.0,0.019713,0.032053,-135.068054,0.0,0.0,0.0,0.0,0.0,0.0,0,0,0,0,0,0,0,0,0,0,0,0,0,0,0,371.199982,411.127716,458.384369,561.121399,462.514618,414.526245,370.891388,410.256531,457.412384,559.93042,461.760559,413.851013,369.53595,409.574158,456.652313,559.00116,462.737762,414.726288,369.8255,410.456238,457.635101,560.203186,463.499146,415.409088,37.786686,105501.138401,125.166511,154.964216,0,false,false,0.0,-131.79,0,0.0,1.0,1.0
3,822,9.25,499.386633,1143.328415,499.511821,1285.833883,17473.941183,0.0,0.0,0.0,0.019667,0.031596,-135.068573,0.0,0.0,0.0,0.0,0.0,0.0,0,0,0,0,0,0,0,0,0,0,0,0,0,0,0,371.198578,411.127869,458.38327,561.117859,462.516602,414.526886,370.88913,410.255157,457.409576,559.924805,461.761719,413.850861,369.531708,409.572021,456.64859,558.994507,462.740631,414.727692,369.822113,410.455627,457.633118,560.198608,463.502899,415.411285,37.786678,105501.137142,126.128371,155.806217,0,false,false,0.0,-131.78,0,0.0,1.0,1.0
3,823,9.3,499.387758,36157.283826,499.513015,36014.653101,17473.941235,-0.047262,-0.039886,0.011962,0.01921,0.027475,-135.069,0.0,0.0,0.0,0.0,0.0,0.0,0,0,0,0,0,0,0,0,0,0,0,0,0,0,0,371.194672,411.125336,458.379395,561.11145,462.518524,414.527649,370.885406,410.254303,457.407562,559.920593,461.765564,413.853363,369.531006,409.572876,456.648529,558.992676,462.742645,414.728546,369.821259,410.454834,457.631226,560.19458,463.50296,415.4104,37.786625,105501.123094,126.90355,163.393334,0,false,false,0.0,-131.77,0,0.0,1.0,1.0
3,824,9.35,499.385248,1143.330925,499.511175,1285.835723,17473.941199,-0.005337,-0.009718,0.002589,0.019515,0.030311,-135.069336,0.0,0.0,0.0,0.0,0.0,0.0,0,0,0,0,0,0,0,0,0,0,0,0,0,0,0,371.19632,411.127899,458.381409,561.112488,462.519562,414.527832,370.885651,410.253174,457.405457,559.916626,461.763611,413.85083,369.525696,409.569061,456.643433,558.985046,462.744812,414.729736,369.817322,410.454681,457.630219,560.191895,463.508118,415.414246,37.786663,105501.133373,127.53085,158.170892,0,false,false,0.0,-131.76,0,0.0,1.0,1.0
3,825,9.4,499.385132,36157.283943,499.511388,36014.652889,17473.941217,-0.068448,-0.064295,0.019146,0.019367,0.028534,-135.069748,0.0,0.0,0.0,0.0,0.0,0.0,0,0,0,0,0,0,0,0,0,0,0,0,0,0,0,371.194214,411.127045,458.379425,561.108398,462.521179,414.528381,370.883179,410.252136,457.40332,559.912354,461.765564,413.851685,369.523376,409.568359,456.641632,558.981201,462.746948,414.730743,369.815399,410.454163,457.628601,560.188293,463.509949,415.414978,37.786644,105501.127442,128.278371,161.443409,0,false,false,0.0,-131.75,0,0.0,1.0,1.0
3,826,9.45,499.383224,1143.332833,499.509889,1285.837221,17473.941223,0.041913,0.033939,0.005074,0.019293,0.030501,-135.07016,0.0,0.0,0.0,0.0,0.0,0.0,0,0,0,0,0,0,0,0,0,0,0,0,0,0,0,371.194611,411.128723,458.38031,561.107727,462.522827,414.5289,370.882629,410.251038,457.401062,559.907898,461.76474,413.850037,369.518494,409.565063,456.636963,558.973755,462.749268,414.731873,369.811401,410.453674,457.627045,560.184631,463.514679,415.418274,37.786636,105501.134389,129.048951,157.822729,0,false,false,0.0,-131.74,0,0.0,1.0,1.0
3,827,9.5,499.381414,36157.285753,499.508798,36014.65398,17473.941186,0.0,0.0,0.0,0.019641,0.031761,-135.07045,0.0,0.0,0.0,0.0,0.0,0.0,0,0,0,0,0,0,0,0,0,0,0,0,0,0,0,371.195557,411.13031,458.381378,561.107849,462.52356,414.528931,370.882324,410.249969,457.39917,559.904419,461.763702,413.84845,369.514465,409.562408,456.633301,558.968079,462.75119,414.732941,369.808685,410.453644,457.626312,560.182556,463.518402,415.420959,37.786674,105501.139246,129.571276,155.502039,0,false,false,0.0,-131.73,0,0.0,1.0,1.0
3,828,9.55,499.381345,1143.332902,499.509041,1285.836979,17473.941216,0.0,0.0,0.0,0.019366,0.02948,-135.070969,0.0,0.0,0.0,0.0,0.0,0.0,0,0,0,0,0,0,0,0,0,0,0,0,0,0,0,371.19281,411.129181,458.378815,561.1026,462.525726,414.529694,370.879181,410.248749,457.396515,559.899048,461.766266,413.849579,369.511597,409.561554,456.631042,558.963196,462.753845,414.734192,369.806183,410.452881,457.624176,560.177795,463.52066,415.421844,37.786644,105501.131672,130.524841,159.703122,0,false,false,0.0,-131.72,0,0.0,1.0,1.0
3,829,9.6,499.380802,36157.286296,499.5086,36014.654421,17473.94126,0.004465,0.004097,0.000468,0.018963,0.028923,-135.071365,0.0,0.0,0.0,0.0,0.0,0.0,0,0,0,0,0,0,0,0,0,0,0,0,0,0,0,371.191376,411.12915,458.377777,561.09967,462.527527,414.530396,370.877502,410.247925,457.394592,559.89502,461.767334,413.84964,369.508667,409.560059,456.628387,558.958313,462.755798,414.735046,369.803497,410.452179,457.622406,560.174011,463.523346,415.42334,37.786602,105501.129892,131.266481,160.726997,0,false,false,0.0,-131.71,0,0.0,1.0,1.0
3,830,9.65,499.378838,1143.334866,499.507409,1285.83817,17473.94121,-0.017598,-0.020093,0.005709,0.01942,0.029826,-135.071625,0.0,0.0,0.0,0.0,0.0,0.0,0,0,0,0,0,0,0,0,0,0,0,0,0,0,0,371.192657,411.130951,458.37915,561.100281,462.528107,414.530334,370.877441,410.246857,457.392792,559.891724,461.765961,413.847839,369.504608,409.557251,456.624634,558.952637,462.75766,414.736115,369.800781,410.452271,457.621857,560.172241,463.527161,415.426178,37.786652,105501.134049,131.74122,159.066334,0,false,false,0.0,-131.7,0,0.0,1.0,1.0
3,831,9.7,499.378249,36157.286885,499.507048,36014.654782,17473.941236,-0.029048,-0.029536,0.008605,0.019188,0.029202,-135.072052,0.0,0.0,0.0,0.0,0.0,0.0,0,0,0,0,0,0,0,0,0,0,0,0,0,0,0,371.191193,411.130859,458.377991,561.097107,462.529877,414.531006,370.875549,410.24588,457.390656,559.88739,461.76712,413.847961,369.501526,409.555756,456.621948,558.947571,462.759796,414.737091,369.798126,410.45163,457.620117,560.168396,463.529877,415.427673,37.786625,105501.132015,132.514029,160.214197,0,false,false,0.0,-131.69,0,0.0,1.0,1.0
3,832,9.75,499.376478,1143.336637,499.505711,1285.839507,17473.94123,0.063332,0.052426,0.007664,0.019231,0.030855,-135.072433,0.0,0.0,0.0,0.0,0.0,0.0,0,0,0,0,0,0,0,0,0,0,0,0,0,0,0,371.191559,411.132385,458.378784,561.096497,462.531311,414.531433,370.875031,410.244843,457.38855,559.88324,461.766388,413.846436,369.497009,409.552765,456.617645,558.940796,462.761963,414.738159,369.794525,410.451202,457.618713,560.1651,463.53421,415.430695,37.786633,105501.137903,133.219077,157.170959,0,false,false,0.0,-131.68,0,0.0,1.0,1.0
3,833,9.8,499.37624,36157.287123,499.505943,36014.65455,17473.941223,-0.009696,-0.008005,0.002221,0.019297,0.029065,-135.0728,0.0,0.0,0.0,0.0,0.0,0.0,0,0,0,0,0,0,0,0,0,0,0,0,0,0,0,371.189789,411.131683,458.377045,561.092773,462.532684,414.53183,370.87265,410.243774,457.386414,559.879089,461.768127,413.847168,369.49469,409.552032,456.615906,558.937073,462.764099,414.739258,369.792786,410.450836,457.61734,560.161865,463.53598,415.431458,37.786636,105501.132064,133.91462,160.467213,0,false,false,0.0,-131.67,0,0.0,1.0,1.0
3,834,9.85,499.374278,1143.338599,499.504456,1285.840994,17473.941233,0.0,0.0,0.0,0.019208,0.030656,-135.073318,0.0,0.0,0.0,0.0,0.0,0.0,0,0,0,0,0,0,0,0,0,0,0,0,0,0,0,371.189697,411.133209,458.377472,561.091187,462.534729,414.532501,370.871552,410.242432,457.383667,559.873535,461.767761,413.845642,369.489166,409.548523,456.610718,558.928589,462.766907,414.740601,369.7883,410.450195,457.615356,560.157288,463.54126,415.434998,37.786629,105501.137698,134.871696,157.538581,0,false,false,0.0,-131.66,0,0.0,1.0,1.0
3,835,9.9,499.372,36157.289401,499.502863,36014.656143,17473.941193,0.081316,0.064472,0.009992,0.019555,0.032977,-135.073685,0.0,0.0,0.0,0.0,0.0,0.0,0,0,0,0,0,0,0,0,0,0,0,0,0,0,0,371.190948,411.135376,458.378998,561.091614,462.535828,414.532684,370.87146,410.241272,457.3815,559.869446,461.766235,413.843506,369.484131,409.545013,456.605957,558.921326,462.769135,414.741821,369.784576,410.450043,457.614319,560.154541,463.546082,415.438507,37.786667,105501.145898,135.519976,153.265993,0,false,false,0.0,-131.65,0,0.0,1.0,1.0
3,836,9.95,499.372416,1143.338183,499.503742,1285.840115,17473.941187,0.026086,0.022894,0.003061,0.019639,0.029793,-135.074036,0.0,0.0,0.0,0.0,0.0,0.0,0,0,0,0,0,0,0,0,0,0,0,0,0,0,0,371.188324,411.133728,458.376282,561.086792,462.53714,414.53302,370.868378,410.240234,457.379425,559.865417,461.768982,413.845154,369.482819,409.545258,456.605347,558.919067,462.771179,414.742828,369.783722,410.449677,457.613007,560.151428,463.546692,415.438263,37.786674,105501.135447,136.183476,159.129136,0,false,false,0.0,-131.64,0,0.0,1.0,1.0
3,837,10.0,499.371186,36157.290632,499.502844,36014.65704,17473.941203,0.031886,0.025564,0.003863,0.01949,0.030381,-135.074448,0.0,0.0,0.0,0.0,0.0,0.0,0,0,0,0,0,0,0,0,0,0,0,0,0,0,0,371.187805,411.134491,458.376129,561.084839,462.538788,414.5336,370.867188,410.239197,457.377258,559.861084,461.769165,413.844391,369.478882,409.542938,456.601715,558.912903,462.773407,414.743896,369.780457,410.449127,457.611389,560.147766,463.550385,415.440643,37.786659,105501.137597,136.944114,158.045316,0,false,false,0.0,-131.63,0,0.0,1.0,1.0
3,838,10.05,499.367852,1143.341516,499.500127,1285.842832,17473.941176,0.18004,0.154867,0.02213,0.019693,0.035062,-135.074829,0.0,0.0,0.0,0.0,0.0,0.0,0,0,0,0,0,0,0,0,0,0,0,0,0,0,0,371.190369,411.138214,458.379303,561.087219,462.5401,414.533905,370.868286,410.238037,457.375031,559.85675,461.766022,413.840729,369.472198,409.537781,456.595032,558.903198,462.775726,414.745117,369.775269,410.448853,457.610138,560.144653,463.557129,415.445831,37.786686,105501.153516,137.650207,149.426526,0,false,false,0.0,-131.62,0,0.0,1.0,1.0
3,839,10.1,499.369134,36157.28935,499.501802,36014.655365,17473.941182,0.0,0.0,0.0,0.019683,0.03016,-135.075256,0.0,0.0,0.0,0.0,0.0,0.0,0,0,0,0,0,0,0,0,0,0,0,0,0,0,0,371.186249,411.135223,458.374969,561.080139,462.541687,414.534424,370.863983,410.236938,457.372772,559.852295,461.770355,413.843689,369.471802,409.539154,456.59552,558.902039,462.777954,414.746185,369.775024,410.448334,457.608521,560.140991,463.556641,415.444458,37.786678,105501.137256,138.412791,158.453463,0,false,false,0.0,-131.61,0,0.0,1.0,1.0
3,840,10.15,499.368158,1143.342492,499.501115,1285.843519,17473.941215,0.0,0.0,0.0,0.019373,0.029876,-135.075775,0.0,0.0,0.0,0.0,0.0,0.0,0,0,0,0,0,0,0,0,0,0,0,0,0,0,0,371.184753,411.135437,458.373901,561.07666,462.543915,414.535217,370.861908,410.235718,457.370117,559.846863,461.771454,413.843475,369.467621,409.536926,456.591766,558.895264,462.78064,414.747406,369.771393,410.44754,457.606354,560.136169,463.560455,415.446686,37.786648,105501.136371,139.380627,158.975936,0,false,false,0.0,-131.6,0,0.0,1.0,1.0
3,841,10.2,499.365889,36157.291618,499.499557,36014.656924,17473.941169,-0.061649,-0.069812,0.020209,0.019781,0.032115,-135.076126,0.0,0.0,0.0,0.0,0.0,0.0,0,0,0,0,0,0,0,0,0,0,0,0,0,0,0,371.186005,411.137573,458.375427,561.077148,462.544952,414.5354,370.861816,410.234558,457.367981,559.842834,461.769958,413.84137,369.462616,409.533478,456.587067,558.888123,462.782867,414.748627,369.767792,410.447418,457.605347,560.133484,463.565216,415.450195,37.786694,105501.144363,140.017252,154.855436,0,false,false,0.0,-131.59,0,0.0,1.0,1.0
3,842,10.25,499.365872,1143.342509,499.499887,1285.843189,17473.94118,0.051569,0.045955,0.00607,0.019701,0.030007,-135.076492,0.0,0.0,0.0,0.0,0.0,0.0,0,0,0,0,0,0,0,0,0,0,0,0,0,0,0,371.183929,411.136627,458.373444,561.07312,462.546417,414.535858,370.859344,410.233582,457.365936,559.838806,461.771942,413.842316,369.460602,409.53299,456.585571,558.884766,462.784882,414.749603,369.766174,410.44693,457.603882,560.130188,463.566711,415.450684,37.786682,105501.137454,140.709316,158.73562,0,false,false,0.0,-131.58,0,0.0,1.0,1.0
3,843,10.3,499.365731,36157.29176,499.49992,36014.656891,17473.941217,-0.059449,-0.055366,0.016489,0.019363,0.028464,-135.076889,0.0,0.0,0.0,0.0,0.0,0.0,0,0,0,0,0,0,0,0,0,0,0,0,0,0,0,371.181976,411.135956,458.371704,561.069397,462.548126,414.536499,370.857147,410.232697,457.363983,559.834778,461.773712,413.842987,369.458282,409.532135,456.583679,558.880798,462.786865,414.750488,369.764099,410.44632,457.602234,560.126465,463.568634,415.451538,37.786644,105501.132248,141.434919,161.576664,0,false,false,0.0,-131.57,0,0.0,1.0,1.0
3,844,10.35,499.362057,1143.346183,499.497114,1285.845995,17473.941157,-0.071769,-0.081121,0.023563,0.019878,0.032827,-135.077118,0.0,0.0,0.0,0.0,0.0,0.0,0,0,0,0,0,0,0,0,0,0,0,0,0,0,0,371.185883,411.140289,458.375977,561.07373,462.548462,414.536316,370.859161,410.231659,457.362274,559.831726,461.76947,413.838715,369.452026,409.527008,456.577393,558.872192,462.788635,414.751587,369.759674,410.446533,457.601929,560.125183,463.575012,415.456726,37.786705,105501.148274,141.84434,153.545541,0,false,false,0.0,-131.56,0,0.0,1.0,1.0
3,845,10.4,499.362713,36157.291104,499.497864,36014.65614,17473.941192,0.0,0.0,0.0,0.019592,0.030057,-135.077454,0.0,0.0,0.0,0.0,0.0,0.0,0,0,0,0,0,0,0,0,0,0,0,0,0,0,0,371.183105,411.138611,458.373291,561.069031,462.549957,414.536865,370.856445,410.230927,457.360657,559.828369,461.772156,413.840363,369.451141,409.527374,456.576996,558.8703,462.790283,414.752289,369.758759,410.445953,457.600464,560.122009,463.575409,415.456329,37.786671,105501.138904,142.460523,158.645463,0,false,false,0.0,-131.55,0,0.0,1.0,1.0
3,846,10.45,499.361783,1143.347113,499.497456,1285.846404,17473.941207,0.0,0.0,0.0,0.019464,0.029006,-135.078064,0.0,0.0,0.0,0.0,0.0,0.0,0,0,0,0,0,0,0,0,0,0,0,0,0,0,0,371.18103,411.138397,458.371552,561.064331,462.552399,414.537689,370.853546,410.22937,457.357391,559.821838,461.773926,413.840576,369.446564,409.525208,456.573059,558.862976,462.793579,414.753876,369.755005,410.44516,457.598053,560.116577,463.579376,415.458527,37.786655,105501.13539,143.59131,160.580305,0,false,false,0.0,-131.54,0,0.0,1.0,1.0
3,847,10.5,499.360655,36157.292232,499.496818,36014.656778,17473.941199,-0.062578,-0.060416,0.017898,0.019533,0.029115,-135.078384,0.0,0.0,0.0,0.0,0.0,0.0,0,0,0,0,0,0,0,0,0,0,0,0,0,0,0,371.180786,411.139069,458.37146,561.062927,462.553528,414.537964,370.852478,410.228394,457.355499,559.818176,461.774017,413.839935,369.443268,409.523315,456.570129,558.858032,462.795502,414.754852,369.752533,410.444885,457.596954,560.113831,463.582367,415.460449,37.786663,105501.136119,144.195015,160.380238,0,false,false,0.0,-131.53,0,0.0,1.0,1.0
3,848,10.55,499.35933,1143.348438,499.495832,1285.84739,17473.941211,0.065622,0.058549,0.007746,0.019415,0.029884,-135.078796,0.0,0.0,0.0,0.0,0.0,0.0,0,0,0,0,0,0,0,0,0,0,0,0,0,0,0,371.18045,411.139984,458.371521,561.061279,462.555145,414.538513,370.85141,410.227356,457.353363,559.813904,461.774017,413.83902,369.43924,409.520844,456.566376,558.851807,462.797668,414.75589,369.749237,410.444366,457.595367,560.110229,463.586151,415.462921,37.786652,105501.138879,144.938409,158.964075,0,false,false,0.0,-131.52,0,0.0,1.0,1.0
3,849,10.6,499.35686,36157.294701,499.494149,36014.658461,17473.941155,-0.032421,-0.042307,0.011954,0.019914,0.032461,-135.079163,0.0,0.0,0.0,0.0,0.0,0.0,0,0,0,0,0,0,0,0,0,0,0,0,0,0,0,371.181885,411.142334,458.37323,561.06189,462.556213,414.538666,370.851379,410.226105,457.351074,559.809631,461.772339,413.8367,369.433899,409.51712,456.56134,558.844177,462.800018,414.757202,369.745392,410.444275,457.59436,560.107544,463.591248,415.466705,37.786705,105501.147939,145.605145,154.219444,0,false,false,0.0,-131.51,0,0.0,1.0,1.0
3,850,10.65,499.350878,1143.35442,499.489736,1285.851802,17473.941,0.036655,0.013087,0.00523,0.021419,0.03914,-135.079147,0.0,0.0,0.0,0.0,0.0,0.0,0,0,0,0,0,0,0,0,0,0,0,0,0,0,0,371.190277,411.150024,458.381836,561.07251,462.554871,414.537506,370.856537,410.225037,457.349884,559.808228,461.763794,413.829102,369.425751,409.509583,456.552979,558.833984,462.80127,414.758331,369.740448,410.445465,457.595734,560.109314,463.599701,415.474304,37.786861,105501.172586,145.574584,141.924979,0,false,false,0.0,-131.5,0,0.0,1.0,1.0
3,851,10.7,499.351275,36157.294304,499.491074,36014.657123,17473.940918,0.0,0.0,0.0,0.022106,0.03509,-135.079361,0.0,0.0,0.0,0.0,0.0,0.0,0,0,0,0,0,0,0,0,0,0,0,0,0,0,0,371.188416,411.148315,458.379395,561.068604,462.555084,414.537201,370.853668,410.223907,457.348114,559.805176,461.766205,413.83075,369.425232,409.510437,456.553375,558.833618,462.803009,414.75943,369.740967,410.44574,457.59549,560.108093,463.599274,415.47345,37.786942,105501.160519,145.966556,149.384709,0,false,false,0.0,-131.49,0,0.0,1.0,1.0
3,852,10.75,499.35033,1143.355366,499.49099,1285.851886,17473.940861,-0.001714,-0.010819,0.002829,0.022646,0.034226,-135.079742,0.0,0.0,0.0,0.0,0.0,0.0,0,0,0,0,0,0,0,0,0,0,0,0,0,0,0,371.187531,411.148315,458.378418,561.065796,462.556213,414.537354,370.851532,410.222534,457.345612,559.800476,461.767181,413.83075,369.421875,409.508911,456.550751,558.828735,462.805542,414.760834,369.738831,410.445618,457.594391,560.105103,463.601929,415.474945,37.786999,105501.15798,146.686874,150.977956,0,false,false,0.0,-131.48,0,0.0,1.0,1.0
3,853,10.8,499.347774,36157.29686,499.489281,36014.658833,17473.940793,-0.055755,-0.067335,0.019377,0.02325,0.036452,-135.079865,0.0,0.0,0.0,0.0,0.0,0.0,0,0,0,0,0,0,0,0,0,0,0,0,0,0,0,371.190399,411.151215,458.381348,561.068909,462.556091,414.536957,370.852814,410.22168,457.34436,559.798462,461.764282,413.827881,369.417725,409.505585,456.546722,558.823303,462.806824,414.761688,369.736267,410.446014,457.594543,560.104797,463.606018,415.478333,37.787067,105501.166473,146.908375,146.879053,0,false,false,0.0,-131.47,0,0.0,1.0,1.0
3,854,10.85,499.347909,1143.355231,499.490072,1285.851095,17473.94077,-0.014605,-0.018224,0.005088,0.023505,0.033472,-135.080276,0.0,0.0,0.0,0.0,0.0,0.0,0,0,0,0,0,0,0,0,0,0,0,0,0,0,0,371.187927,411.14975,458.378723,561.064026,462.557434,414.537262,370.849609,410.220428,457.34198,559.793884,461.766907,413.829346,369.415802,409.505463,456.545624,558.820312,462.809235,414.762939,369.735077,410.445709,457.593201,560.101501,463.607117,415.478424,37.78709,105501.157002,147.647231,152.368488,0,false,false,0.0,-131.46,0,0.0,1.0,1.0
3,855,10.9,499.346619,36157.29815,499.489034,36014.659871,17473.940783,0.0,0.0,0.0,0.023382,0.034602,-135.080597,0.0,0.0,0.0,0.0,0.0,0.0,0,0,0,0,0,0,0,0,0,0,0,0,0,0,0,371.188019,411.150848,458.379181,561.063232,462.558716,414.537689,370.849091,410.219635,457.340302,559.790527,461.766479,413.828247,369.412292,409.503174,456.542267,558.81488,462.810944,414.763763,369.732178,410.445282,457.591949,560.098694,463.610535,415.480743,37.787079,105501.16081,148.233899,150.287445,0,false,false,0.0,-131.45,0,0.0,1.0,1.0
3,856,10.95,499.343974,1143.357876,499.487323,1285.852806,17473.940728,-0.044886,-0.056089,0.016051,0.023865,0.036673,-135.081009,0.0,0.0,0.0,0.0,0.0,0.0,0,0,0,0,0,0,0,0,0,0,0,0,0,0,0,371.189423,411.153259,458.380829,561.063599,462.559906,414.537842,370.848785,410.21817,457.337646,559.785583,461.764862,413.825867,369.406433,409.499207,456.536835,558.80658,462.813629,414.765259,369.728027,410.44519,457.59082,560.095581,463.616028,415.484741,37.787132,105501.168184,148.992884,146.474408,0,false,false,0.0,-131.44,0,0.0,1.0,1.0
3,857,11.0,499.344011,36157.298112,499.488111,36014.659083,17473.940691,-0.043318,-0.044463,0.013009,0.02425,0.033666,-135.081375,0.0,0.0,0.0,0.0,0.0,0.0,0,0,0,0,0,0,0,0,0,0,0,0,0,0,0,371.187256,411.151947,458.378448,561.059143,462.561005,414.537994,370.845764,410.216919,457.335327,559.78125,461.767242,413.827179,369.404572,409.499084,456.535797,558.803772,462.815948,414.76651,369.727051,410.445038,457.589722,560.092712,463.617065,415.484863,37.78717,105501.158809,149.66894,152.012652,0,false,false,0.0,-131.43,0,0.0,1.0,1.0
3,858,11.05,499.340661,1143.361227,499.485693,1285.855224,17473.940629,0.056749,0.040324,0.007165,0.024777,0.037742,-135.081711,0.0,0.0,0.0,0.0,0.0,0.0,0,0,0,0,0,0,0,0,0,0,0,0,0,0,0,371.190033,411.155518,458.381592,561.061584,462.561859,414.537994,370.84668,410.215576,457.333008,559.776978,461.76416,413.823639,369.398102,409.494232,456.52951,558.794678,462.818359,414.767883,369.722443,410.445068,457.588928,560.090332,463.623413,415.489777,37.787231,105501.172529,150.304508,144.509347,0,false,false,0.0,-131.42,0,0.0,1.0,1.0
3,859,11.1,499.337608,36157.301165,499.483527,36014.661249,17473.940573,0.0,0.0,0.0,0.02539,0.040951,-135.081909,0.0,0.0,0.0,0.0,0.0,0.0,0,0,0,0,0,0,0,0,0,0,0,0,0,0,0,371.193237,411.158997,458.38501,561.064941,462.562042,414.53772,370.848114,410.2146,457.331451,559.774292,461.760803,413.820221,369.392914,409.490082,456.524414,558.787659,462.819977,414.768921,369.718964,410.445374,457.588806,560.089417,463.628571,415.493988,37.787289,105501.183649,150.651245,138.60283,0,false,false,0.0,-131.41,0,0.0,1.0,1.0
3,860,11.15,499.337384,1143.36145,499.484273,1285.854478,17473.9405,0.056467,0.0412,0.007059,0.025991,0.038152,-135.082245,0.0,0.0,0.0,0.0,0.0,0.0,0,0,0,0,0,0,0,0,0,0,0,0,0,0,0,371.191559,411.157928,458.382965,561.061035,462.562866,414.537689,370.845245,410.213196,457.329041,559.769897,461.762817,413.821259,369.390808,409.489777,456.523254,558.78479,462.822357,414.770294,369.718079,410.445404,457.587982,560.086975,463.629761,415.494263,37.787361,105501.175474,151.28454,143.758976,0,false,false,0.0,-131.4,0,0.0,1.0,1.0
3,861,11.2,499.337396,36157.301153,499.484689,36014.660833,17473.940517,0.006428,0.001941,0.000865,0.025858,0.035672,-135.082748,0.0,0.0,0.0,0.0,0.0,0.0,0,0,0,0,0,0,0,0,0,0,0,0,0,0,0,371.188751,411.156647,458.38028,561.055664,462.56485,414.538361,370.84198,410.211945,457.326385,559.764587,461.765503,413.82254,369.388153,409.489136,456.521271,558.780334,462.825043,414.771545,369.715912,410.444733,457.585999,560.082458,463.631744,415.494904,37.787346,105501.167519,152.209456,148.325612,0,false,false,0.0,-131.39,0,0.0,1.0,1.0
3,862,11.25,499.333826,1143.36502,499.481854,1285.857313,17473.940481,0.177035,0.150432,0.021723,0.026144,0.040397,-135.08316,0.0,0.0,0.0,0.0,0.0,0.0,0,0,0,0,0,0,0,0,0,0,0,0,0,0,0,371.191528,411.160583,458.383667,561.058167,462.566193,414.538635,370.843079,410.210663,457.323944,559.759949,461.762177,413.818665,369.381012,409.483673,456.514221,558.77002,462.827576,414.772919,369.710449,410.444519,457.584747,560.079285,463.638916,415.500427,37.78738,105501.182836,152.960473,139.624881,0,false,false,0.0,-131.38,0,0.0,1.0,1.0
3,863,11.3,499.336755,36157.298224,499.484831,36014.657855,17473.94055,-0.040558,-0.031331,0.009419,0.02557,0.032016,-135.083603,0.0,0.0,0.0,0.0,0.0,0.0,0,0,0,0,0,0,0,0,0,0,0,0,0,0,0,371.184967,411.155396,458.37677,561.047913,462.568176,414.539429,370.837128,410.209747,457.321838,559.755554,461.769043,413.823792,369.382751,409.487122,456.516968,558.771545,462.82962,414.773773,369.711578,410.443665,457.582733,560.074951,463.636108,415.496918,37.787312,105501.155939,153.764704,155.056361,0,false,false,0.0,-131.37,0,0.0,0.0,1.0
3,864,11.35,499.334915,1143.366861,499.483226,1285.858919,17473.94057,0.0,0.0,0.0,0.02537,0.034286,-135.083954,0.0,0.0,0.0,0.0,0.0,0.0,0,0,0,0,0,0,0,0,0,0,0,0,0,0,0,371.185608,411.157227,458.37796,561.047852,462.569641,414.539948,370.837067,410.208893,457.320038,559.751831,461.767883,413.821991,369.378265,409.483948,456.512543,558.764648,462.831512,414.774658,369.707764,410.443176,457.581299,560.071716,463.640625,415.500153,37.787292,105501.163471,154.42545,150.876507,0,false,false,0.0,-131.36,0,0.0,0.0,1.0
3,865,11.4,499.33197,36157.301169,499.480765,36014.660316,17473.94059,0.13341,0.113012,0.016069,0.02516,0.037659,-135.084534,0.0,0.0,0.0,0.0,0.0,0.0,0,0,0,0,0,0,0,0,0,0,0,0,0,0,0,371.186615,411.160095,458.37973,561.047668,462.57196,414.540741,370.836823,410.207458,457.317017,559.745789,461.766174,413.819153,369.371094,409.478912,456.505493,558.753723,462.834595,414.776123,369.701843,410.442444,457.579071,560.06665,463.647736,415.505249,37.78727,105501.174439,155.483745,144.665596,0,false,false,0.0,-131.35,0,0.0,0.0,1.0
3,866,11.45,499.332597,1143.366234,499.48174,1285.857943,17473.940613,0.042941,0.039235,0.004997,0.024964,0.033959,-135.085007,0.0,0.0,0.0,0.0,0.0,0.0,0,0,0,0,0,0,0,0,0,0,0,0,0,0,0,371.183075,411.15799,458.37619,561.041382,462.573914,414.541382,370.833008,410.206268,457.314514,559.740723,461.769714,413.821259,369.369385,409.479156,456.504578,558.75061,462.837128,414.777313,369.700409,410.441772,457.577118,560.062256,463.648682,415.505005,37.787247,105501.162436,156.367801,151.479408,0,false,false,0.0,-131.34,0,0.0,0.0,1.0
3,867,11.5,499.331839,36157.301927,499.481274,36014.660783,17473.940628,-0.029493,-0.029965,0.00873,0.024834,0.033807,-135.085388,0.0,0.0,0.0,0.0,0.0,0.0,0,0,0,0,0,0,0,0,0,0,0,0,0,0,0,371.182098,411.158173,458.375488,561.039001,462.575378,414.541901,370.831543,410.205353,457.312561,559.736816,461.770416,413.821075,369.366364,409.477539,456.501892,558.745789,462.839081,414.778229,369.697906,410.441284,457.575653,560.05896,463.651398,415.506622,37.787231,105501.161893,157.046618,151.757698,0,false,false,0.0,-131.33,0,0.0,0.0,1.0
3,868,11.55,499.329541,1143.368532,499.479439,1285.859778,17473.940632,0.0,0.0,0.0,0.024779,0.036275,-135.085846,0.0,0.0,0.0,0.0,0.0,0.0,0,0,0,0,0,0,0,0,0,0,0,0,0,0,0,371.1828,411.160339,458.37677,561.038635,462.577179,414.54248,370.831177,410.204132,457.310089,559.731873,461.769226,413.818939,369.360687,409.473663,456.496429,558.737183,462.841644,414.77948,369.693298,410.440735,457.573914,560.054932,463.656952,415.510559,37.787228,105501.169982,157.899066,147.213347,0,false,false,0.0,-131.32,0,0.0,0.0,1.0
3,869,11.6,499.329576,36157.301892,499.480057,36014.660164,17473.940616,-0.020091,-0.019428,0.005561,0.024945,0.033531,-135.086304,0.0,0.0,0.0,0.0,0.0,0.0,0,0,0,0,0,0,0,0,0,0,0,0,0,0,0,371.180206,411.158966,458.374115,561.033508,462.578827,414.542938,370.827881,410.20285,457.307495,559.726868,461.771881,413.820312,369.358337,409.473267,456.494843,558.733398,462.844238,414.780792,369.69162,410.440308,457.572296,560.051086,463.658539,415.510956,37.787247,105501.161089,158.736202,152.268452,0,false,false,0.0,-131.31,0,0.0,0.0,1.0
3,870,11.65,499.327939,1143.370168,499.478592,1285.861244,17473.940658,0.126019,0.111631,0.014961,0.024538,0.034986,-135.086746,0.0,0.0,0.0,0.0,0.0,0.0,0,0,0,0,0,0,0,0,0,0,0,0,0,0,0,371.180115,411.1604,458.374603,561.032288,462.58078,414.543671,370.827209,410.201874,457.305328,559.722351,461.771423,413.818909,369.353668,409.470154,456.490295,558.726013,462.846466,414.781799,369.687531,410.439575,457.570404,560.046936,463.663147,415.514099,37.787201,105501.165884,159.553659,149.588024,0,false,false,0.0,-131.3,0,0.0,0.0,1.0
3,871,11.7,499.329048,36157.300784,499.479379,36014.659377,17473.940774,0.018155,0.022282,0.002874,0.023483,0.031214,-135.087219,0.0,0.0,0.0,0.0,0.0,0.0,0,0,0,0,0,0,0,0,0,0,0,0,0,0,0,371.175995,411.158081,458.37085,561.025696,462.583252,414.54483,370.82373,410.201172,457.303406,559.718018,461.775177,413.821198,369.3526,409.470612,456.489655,558.723267,462.848389,414.782471,369.685822,410.438416,457.567932,560.041931,463.663818,415.513641,37.787086,105501.153143,160.430878,156.530062,0,false,false,0.0,-131.29,0,0.0,0.0,1.0
3,872,11.75,499.327363,1143.371853,499.478025,1285.862598,17473.940796,0.043446,0.039505,0.005066,0.023261,0.032628,-135.087662,0.0,0.0,0.0,0.0,0.0,0.0,0,0,0,0,0,0,0,0,0,0,0,0,0,0,0,371.175964,411.159485,458.371338,561.024475,462.585022,414.545441,370.822937,410.200104,457.301117,559.71344,461.774719,413.819824,369.3479,409.46756,456.485168,558.715942,462.850739,414.783569,369.681915,410.437836,457.566193,560.038025,463.668365,415.516724,37.787064,105501.15789,161.23894,153.926454,0,false,false,0.0,-131.28,0,0.0,0.0,1.0
3,873,11.8,499.327403,36157.300745,499.478083,36014.659318,17473.940864,0.0,0.0,0.0,0.022648,0.030767,-135.08812,0.0,0.0,0.0,0.0,0.0,0.0,0,0,0,0,0,0,0,0,0,0,0,0,0,0,0,371.173401,411.158508,458.36911,561.019836,462.587158,414.546326,370.820343,410.199219,457.298981,559.708923,461.776978,413.820801,369.345459,409.466736,456.483124,558.711548,462.852905,414.784485,369.679474,410.436951,457.564087,560.033508,463.670441,415.517548,37.786999,105501.151462,162.09106,157.351685,1,true,false,0.0,-131.27,0,1.0,0.0,1.0
3,874,11.85,499.324857,1143.374398,499.475709,1285.864973,17473.940918,0.0,0.0,0.0,0.022114,0.033836,-135.088669,0.0,0.0,0.0,0.0,0.0,0.0,0,0,0,0,0,0,0,0,0,0,0,0,0,0,0,371.174042,411.161102,458.370636,561.01947,462.589569,414.547272,370.820221,410.198059,457.296356,559.703491,461.775482,413.818268,369.338989,409.462128,456.476624,558.701355,462.855591,414.785675,369.673767,410.436066,457.561737,560.028442,463.677032,415.522217,37.786942,105501.161674,163.094278,151.699435,0,true,false,0.0,-131.26,0,1.0,0.0,1.0
3,875,11.9,499.326989,36157.298613,499.477683,36014.657343,17473.941005,-0.042352,-0.028922,0.009025,0.021361,0.027743,-135.089096,0.0,0.0,0.0,0.0,0.0,0.0,0,0,0,0,0,0,0,0,0,0,0,0,0,0,0,371.16864,411.157227,458.365234,561.011047,462.591736,414.548218,370.815491,410.197327,457.294434,559.699341,461.780884,413.822113,369.339569,409.464264,456.477936,558.701172,462.857513,414.786407,369.673706,410.435089,457.55957,560.023926,463.67572,415.52005,37.786858,105501.140792,163.901702,162.917941,0,true,false,0.0,-131.25,0,1.0,0.0,1.0
3,876,11.95,499.32577,1143.375617,499.476486,1285.86617,17473.941066,0.006638,0.013066,0.001826,0.020773,0.028663,-135.089554,0.0,0.0,0.0,0.0,0.0,0.0,0,0,0,0,0,0,0,0,0,0,0,0,0,0,0,371.167938,411.158142,458.365143,561.009094,462.593811,414.549072,370.814484,410.196442,457.292358,559.694946,461.781006,413.821228,369.335449,409.46167,456.473907,558.694397,462.859619,414.787292,369.669861,410.434235,457.557526,560.019592,463.679779,415.522705,37.786793,105501.14382,164.726719,161.222123,0,true,false,0.0,-131.24,0,1.0,0.0,1.0
3,877,12.0,499.323054,36157.301329,499.47404,36014.65979,17473.94109,0.089661,0.075055,0.010823,0.020524,0.032502,-135.089951,0.0,0.0,0.0,0.0,0.0,0.0,0,0,0,0,0,0,0,0,0,0,0,0,0,0,0,371.169586,411.161163,458.367554,561.010376,462.59549,414.549683,370.815216,410.195496,457.290344,559.690796,461.778656,413.818237,369.329498,409.457123,456.467896,558.685425,462.861725,414.7883,369.664856,410.433685,457.555939,560.015991,463.685883,415.527283,37.78677,105501.15688,165.465344,154.153446,0,true,false,0.0,-131.23,0,1.0,0.0,1.0
3,878,12.05,499.322162,1143.376509,499.473689,1285.86652,17473.941078,0.061615,0.050821,0.007452,0.020636,0.032033,-135.090378,0.0,0.0,0.0,0.0,0.0,0.0,0,0,0,0,0,0,0,0,0,0,0,0,0,0,0,371.168488,411.161255,458.366608,561.007446,462.597015,414.55011,370.813263,410.194305,457.287933,559.686157,461.779633,413.818146,369.326019,409.455414,456.464935,558.679993,462.864136,414.78952,369.662201,410.433289,457.554413,560.01239,463.688904,415.529022,37.786781,105501.155263,166.247308,155.017675,0,true,false,0.0,-131.22,0,1.0,0.0,1.0
3,879,12.1,499.322945,36157.300545,499.474286,36014.659194,17473.941184,0.016312,0.019011,0.002402,0.019679,0.028534,-135.090942,0.0,0.0,0.0,0.0,0.0,0.0,0,0,0,0,0,0,0,0,0,0,0,0,0,0,0,371.164337,411.15918,458.362854,561.000549,462.599823,414.551331,370.809509,410.193359,457.285461,559.680786,461.783386,413.820251,369.324036,409.455322,456.46344,558.675903,462.866638,414.790466,369.659821,410.432068,457.551666,560.006714,463.690399,415.529083,37.786674,105501.142982,167.28899,161.457661,0,true,false,0.0,-131.21,0,1.0,0.0,1.0
3,880,12.15,499.319397,1143.380058,499.471282,1285.869524,17473.941159,0.0,0.0,0.0,0.019852,0.033782,-135.091263,0.0,0.0,0.0,0.0,0.0,0.0,0,0,0,0,0,0,0,0,0,0,0,0,0,0,0,371.167511,411.163361,458.366699,561.003906,462.600922,414.551575,370.811249,410.192352,457.283539,559.677063,461.779572,413.816101,369.317322,409.449921,456.456604,558.666199,462.868622,414.791534,369.654572,410.431854,457.550629,560.004089,463.697327,415.534546,37.786701,105501.160996,167.896717,151.794368,0,true,false,0.0,-131.2,0,1.0,0.0,1.0
3,881,12.2,499.321403,36157.298539,499.473454,36014.657022,17473.941198,-0.025156,-0.017787,0.005426,0.019555,0.027563,-135.091675,0.0,0.0,0.0,0.0,0.0,0.0,0,0,0,0,0,0,0,0,0,0,0,0,0,0,0,371.162445,411.159515,458.36142,560.995789,462.602661,414.552216,370.806427,410.191437,457.281525,559.672974,461.784851,413.819916,369.317993,409.452209,456.45816,558.666382,462.870636,414.792419,369.654968,410.431183,457.548889,560.000305,463.69577,415.532257,37.786663,105501.139765,168.635715,163.245989,0,true,false,0.0,-131.19,0,1.0,0.0,1.0
3,882,12.25,499.318305,1143.383156,499.47099,1285.871988,17473.941166,0.083512,0.069846,0.010087,0.019816,0.031724,-135.091995,0.0,0.0,0.0,0.0,0.0,0.0,0,0,0,0,0,0,0,0,0,0,0,0,0,0,0,371.165039,411.162994,458.364502,560.99823,462.603638,414.552399,370.807587,410.190369,457.279572,559.66925,461.781799,413.816498,369.311981,409.44754,456.452179,558.657776,462.87265,414.793518,369.650421,410.431061,457.547943,559.997803,463.701843,415.536957,37.786694,105501.154333,169.222838,155.585631,0,true,false,0.0,-131.18,0,1.0,0.0,1.0
3,883,12.3,499.31753,36157.299315,499.470793,36014.65722,17473.941141,-0.129171,-0.130338,0.038472,0.020053,0.030933,-135.092392,0.0,0.0,0.0,0.0,0.0,0.0,0,0,0,0,0,0,0,0,0,0,0,0,0,0,0,371.16391,411.162933,458.363464,560.9953,462.605042,414.552765,370.805573,410.189178,457.277252,559.664734,461.782898,413.816559,369.308777,409.446045,456.449524,558.652893,462.875,414.794708,369.648071,410.430695,457.54657,559.994507,463.704498,415.538452,37.78672,105501.151676,169.961466,157.041607,0,true,false,0.0,-131.17,0,1.0,0.0,1.0
3,884,12.35,499.315686,1143.384999,499.469608,1285.873173,17473.941109,0.047395,0.035512,0.005874,0.020342,0.032378,-135.092804,0.0,0.0,0.0,0.0,0.0,0.0,0,0,0,0,0,0,0,0,0,0,0,0,0,0,0,371.164215,411.164368,458.364044,560.994324,462.606415,414.55307,370.804688,410.187927,457.274841,559.660156,461.782318,413.815125,369.304077,409.443085,456.445221,558.645935,462.877472,414.79599,369.644562,410.43042,457.545227,559.991211,463.708893,415.541473,37.786751,105501.156532,170.711176,154.382283,0,true,false,0.0,-131.16,0,1.0,0.0,1.0
3,885,12.4,499.316321,36157.29868,499.470641,36014.656186,17473.94112,0.0,0.0,0.0,0.020278,0.028818,-135.093201,0.0,0.0,0.0,0.0,0.0,0.0,0,0,0,0,0,0,0,0,0,0,0,0,0,0,0,371.161072,411.162354,458.360809,560.988708,462.607971,414.553558,370.801208,410.186859,457.272644,559.655762,461.785583,413.817139,369.302795,409.443512,456.444672,558.643616,462.879669,414.797058,369.643616,410.429901,457.543671,559.98761,463.709442,415.541046,37.786739,105501.144343,171.459619,160.937219,0,true,false,0.0,-131.15,0,1.0,0.0,1.0
3,886,12.45,499.313381,1143.38794,499.468294,1285.87552,17473.941095,-0.034395,-0.043103,0.012258,0.020473,0.032653,-135.093536,0.0,0.0,0.0,0.0,0.0,0.0,0,0,0,0,0,0,0,0,0,0,0,0,0,0,0,371.16333,411.165588,458.363586,560.990723,462.60907,414.553802,370.802124,410.185791,457.27063,559.651917,461.782837,413.813934,369.296936,409.439026,456.438843,558.635071,462.881744,414.798187,369.639099,410.429718,457.542633,559.984924,463.715332,415.545593,37.786766,105501.157609,172.07752,153.876842,0,true,false,0.0,-131.14,0,1.0,0.0,1.0
3,887,12.5,499.314846,36157.297214,499.469795,36014.654685,17473.941157,-0.007162,0.000345,0.001033,0.019932,0.027797,-135.093979,0.0,0.0,0.0,0.0,0.0,0.0,0,0,0,0,0,0,0,0,0,0,0,0,0,0,0,371.158875,411.162567,458.359131,560.983398,462.611084,414.554626,370.797943,410.184906,457.268555,559.647583,461.787292,413.816956,369.2966,409.440338,456.43924,558.633728,462.88382,414.799042,369.638489,410.428894,457.540619,559.980652,463.714966,415.54425,37.786705,105501.140769,172.887989,162.816907,0,true,false,0.0,-131.13,0,1.0,0.0,1.0
3,888,12.55,499.313259,1143.389527,499.46833,1285.876985,17473.941219,0.011398,0.01137,0.001309,0.019349,0.029014,-135.094498,0.0,0.0,0.0,0.0,0.0,0.0,0,0,0,0,0,0,0,0,0,0,0,0,0,0,0,371.158295,411.163818,458.359222,560.981445,462.613434,414.555542,370.796875,410.183838,457.266083,559.642395,461.787231,413.815735,369.291595,409.437103,456.434357,558.625671,462.886353,414.80014,369.633972,410.427979,457.538361,559.975708,463.71991,415.547516,37.78664,105501.14479,173.84536,160.575485,0,true,false,0.0,-131.12,0,0.0,0.0,1.0
3,889,12.6,499.311395,36157.299077,499.467165,36014.65585,17473.941179,-0.075668,-0.077359,0.022735,0.019698,0.03035,-135.094818,0.0,0.0,0.0,0.0,0.0,0.0,0,0,0,0,0,0,0,0,0,0,0,0,0,0,0,371.159149,411.165436,458.360291,560.981445,462.614319,414.555634,370.796478,410.182739,457.264099,559.638672,461.786224,413.814117,369.287354,409.434326,456.430481,558.619629,462.888397,414.80127,369.631012,410.427917,457.537506,559.973389,463.723846,415.550354,37.786682,105501.149702,174.416303,158.116295,0,true,false,0.0,-131.11,0,0.0,0.0,1.0
3,890,12.65,499.310556,1143.390367,499.466603,1285.877547,17473.941205,0.072678,0.064159,0.008613,0.019478,0.030177,-135.095245,0.0,0.0,0.0,0.0,0.0,0.0,0,0,0,0,0,0,0,0,0,0,0,0,0,0,0,371.157959,411.165649,458.359436,560.978577,462.616119,414.556274,370.794769,410.181702,457.261871,559.634155,461.787079,413.813934,369.283875,409.432465,456.427368,558.614014,462.890625,414.802307,369.628021,410.427307,457.535736,559.969482,463.72702,415.552216,37.786655,105501.148892,175.214666,158.435181,0,true,false,0.0,-131.1,0,0.0,0.0,1.0
3,891,12.7,499.310268,36157.299365,499.466344,36014.656109,17473.941245,0.0,0.0,0.0,0.019101,0.029563,-135.095551,1.0,0.0,0.0,0.0,0.0,0.0,0,0,0,0,0,0,0,0,0,0,0,0,0,0,0,371.156738,411.165466,458.35849,560.976196,462.617493,414.556854,370.793457,410.181122,457.260468,559.631226,461.788055,413.814117,369.28186,409.431488,456.425537,558.610535,462.892059,414.802917,369.626099,410.426727,457.534363,559.966553,463.728851,415.553192,37.786617,105501.146658,175.767719,159.563998,0,true,false,0.0,-131.09,0,0.0,0.0,1.0
3,892,12.75,499.307336,1143.393299,499.464364,1285.879527,17473.941185,0.011131,0.001226,0.001652,0.019639,0.031922,-135.095901,1.0,0.0,0.0,0.0,0.0,0.0,0,0,0,0,0,0,0,0,0,0,0,0,0,0,0,371.158813,411.168365,458.36084,560.9776,462.618408,414.556854,370.793732,410.179718,457.258057,559.62677,461.785736,413.811218,369.275879,409.427216,456.419861,558.602112,462.894562,414.804352,369.621918,410.426758,457.533508,559.963989,463.734589,415.557526,37.786674,105501.155494,176.435699,155.222138,0,true,false,0.0,-131.08,0,0.0,0.0,1.0
3,893,12.8,499.305463,36157.301238,499.463327,36014.657146,17473.941143,0.042495,0.029136,0.005383,0.020033,0.032802,-135.096375,1.0,0.0,0.0,0.0,0.0,0.0,0,0,0,0,0,0,0,0,0,0,0,0,0,0,0,371.158875,411.169617,458.361084,560.975952,462.619904,414.557159,370.792358,410.178253,457.255249,559.62146,461.785522,413.809998,369.270844,409.424194,456.415375,558.594727,462.8974,414.805847,369.618286,410.426483,457.532043,559.960327,463.739136,415.560547,37.786716,105501.158495,177.285738,153.603715,0,true,false,0.0,-131.07,0,0.0,0.0,1.0
3,894,12.85,499.306138,1143.392624,499.464307,1285.878547,17473.941145,-0.008852,-0.007516,0.002053,0.020028,0.029727,-135.096664,1.0,0.0,0.0,0.0,0.0,0.0,0,0,0,0,0,0,0,0,0,0,0,0,0,0,0,371.156311,411.167847,458.358398,560.971497,462.621002,414.557495,370.789612,410.17746,457.253662,559.618286,461.788208,413.811768,369.270264,409.424866,456.415405,558.593567,462.898987,414.806641,369.61792,410.426147,457.530975,559.957825,463.739136,415.559906,37.786716,105501.148043,177.813117,159.264827,0,true,false,0.0,-131.06,0,0.0,0.0,1.0
3,895,12.9,499.303964,36157.303412,499.46302,36014.658433,17473.941102,-0.073965,-0.073688,0.021749,0.020427,0.030435,-135.097015,1.0,0.0,0.0,0.0,0.0,0.0,0,0,0,0,0,0,0,0,0,0,0,0,0,0,0,371.157379,411.169708,458.359589,560.971497,462.621918,414.557526,370.789124,410.176147,457.251312,559.613953,461.787018,413.809937,369.265381,409.421661,456.41095,558.58667,462.901367,414.807983,369.614594,410.426117,457.53006,559.955261,463.743622,415.563141,37.786758,105501.151347,178.463595,157.964417,0,true,false,0.0,-131.05,0,0.0,0.0,1.0
3,896,12.95,499.303786,1143.392802,499.46296,1285.878607,17473.941145,0.009608,0.011953,0.001504,0.020034,0.029028,-135.097458,1.0,0.0,0.0,0.0,0.0,0.0,0,0,0,0,0,0,0,0,0,0,0,0,0,0,0,371.155182,411.169037,458.357727,560.967407,462.623901,414.558319,370.786774,410.175201,457.249176,559.609558,461.78891,413.810608,369.262756,409.420624,456.408722,558.582092,462.903534,414.808929,369.612152,410.425354,457.528107,559.95105,463.74588,415.564178,37.786716,105501.146218,179.282817,160.553834,0,true,false,0.0,-131.04,0,0.0,0.0,1.0
3,897,13.0,499.302766,36157.304433,499.462369,36014.659025,17473.941142,0.0,0.0,0.0,0.020068,0.028976,-135.09787,1.0,0.0,0.0,0.0,0.0,0.0,0,0,0,0,0,0,0,0,0,0,0,0,0,0,0,371.154358,411.169434,458.357178,560.964966,462.625488,414.558807,370.785187,410.174103,457.246948,559.605103,461.78952,413.810242,369.259125,409.418671,456.405518,558.576538,462.905823,414.810059,369.609283,410.424896,457.526581,559.947449,463.749146,415.566162,37.78672,105501.145924,180.039332,160.648994,0,true,false,0.0,-131.03,0,0.0,0.0,1.0
3,898,13.05,499.301262,1143.394306,499.461456,1285.87952,17473.941115,0.00682,0.007478,0.000861,0.020312,0.029714,-135.098236,1.0,0.0,0.0,0.0,0.0,0.0,0,0,0,0,0,0,0,0,0,0,0,0,0,0,0,371.154449,411.170502,458.357452,560.963867,462.626709,414.559082,370.784241,410.172974,457.244781,559.600952,461.789246,413.809174,369.255096,409.416199,456.401886,558.570557,462.90802,414.811188,369.606293,410.424622,457.525391,559.944519,463.752838,415.568634,37.786747,105501.148543,180.711084,159.291109,0,true,false,0.0,-131.02,0,0.0,0.0,1.0
3,899,13.1,499.300625,36157.305069,499.46096,36014.65952,17473.941159,-0.019501,-0.018003,0.005184,0.019903,0.029235,-135.098648,1.0,0.0,0.0,0.0,0.0,0.0,0,0,0,0,0,0,0,0,0,0,0,0,0,0,0,371.153076,411.170532,458.356476,560.960938,462.62854,414.559784,370.782562,410.172089,457.242767,559.596802,461.790253,413.809143,369.251984,409.414581,456.399048,558.565369,462.910065,414.812103,369.603485,410.42395,457.52359,559.940613,463.755707,415.570282,37.786701,105501.146694,181.476692,160.173406,0,true,false,0.0,-131.01,0,0.0,0.0,1.0
3,900,13.15,499.296346,1143.398585,499.457281,1285.883199,17473.941146,0.16212,0.136969,0.020016,0.019965,0.035551,-135.099106,1.0,0.0,0.0,0.0,0.0,0.0,0,0,0,0,0,0,0,0,0,0,0,0,0,0,0,371.156616,411.175507,458.360901,560.964478,462.630188,414.560242,370.784424,410.170807,457.240234,559.591797,461.785889,413.80423,369.243622,409.407928,456.390533,558.553101,462.91272,414.813446,369.596771,410.423553,457.522034,559.936829,463.764343,415.577026,37.786716,105501.167901,182.310202,148.542664,0,true,false,0.0,-131.0,0,0.0,0.0,1.0
3,901,13.2,499.298581,36157.302834,499.459741,36014.65706,17473.941178,0.001328,0.00427,0.000583,0.019727,0.028769,-135.099518,1.0,0.0,0.0,0.0,0.0,0.0,0,0,0,0,0,0,0,0,0,0,0,0,0,0,0,371.151123,411.171234,458.355103,560.955627,462.631958,414.560883,370.779175,410.1698,457.238068,559.587463,461.791656,413.808472,369.244476,409.410553,456.392395,558.55365,462.914856,414.814423,369.597412,410.422882,457.520264,559.932922,463.762482,415.574371,37.786682,105501.144917,183.085336,161.03101,0,true,false,0.0,-130.99,0,0.0,0.0,1.0
3,902,13.25,499.297525,1143.399641,499.458917,1285.884022,17473.941191,-0.005852,-0.005401,0.001435,0.019602,0.029485,-135.099823,1.0,0.0,0.0,0.0,0.0,0.0,0,0,0,0,0,0,0,0,0,0,0,0,0,0,0,371.15094,411.172058,458.355255,560.95459,462.633179,414.56131,370.778503,410.169067,457.236511,559.58429,461.791534,413.807678,369.241394,409.4086,456.389465,558.548828,462.916443,414.815186,369.594818,410.422485,457.519043,559.930176,463.765442,415.576355,37.786671,105501.147282,183.643174,159.71175,0,true,false,0.0,-130.98,0,0.0,0.0,1.0
3,903,13.3,499.29494,36157.305419,499.456976,36014.659002,17473.941179,0.0,0.0,0.0,0.01969,0.032134,-135.100296,1.0,0.0,0.0,0.0,0.0,0.0,0,0,0,0,0,0,0,0,0,0,0,0,0,0,0,371.152039,411.174469,458.356812,560.95459,462.634827,414.561768,370.778229,410.167725,457.233856,559.579102,461.790039,413.805267,369.235321,409.404419,456.383667,558.539795,462.919159,414.816559,369.590118,410.422058,457.517456,559.926331,463.771301,415.580597,37.786682,105501.156262,184.49833,154.83434,0,true,false,0.0,-130.97,0,0.0,0.0,1.0
3,904,13.35,499.295004,1143.399577,499.457432,1285.883567,17473.941185,0.016036,0.013456,0.001881,0.019652,0.029836,-135.100708,1.0,0.0,0.0,0.0,0.0,0.0,0,0,0,0,0,0,0,0,0,0,0,0,0,0,0,371.149658,411.173309,458.354492,560.950012,462.636444,414.562256,370.775391,410.166626,457.231628,559.574707,461.792358,413.806458,369.233215,409.403992,456.382202,558.536316,462.921417,414.817657,369.58847,410.42157,457.515869,559.922668,463.772827,415.580994,37.786674,105501.148269,185.256561,159.066701,0,true,false,0.0,-130.96,0,0.0,0.0,1.0
3,905,13.4,499.294788,36157.305635,499.457383,36014.659051,17473.94121,-0.003544,-0.001534,0.000732,0.019438,0.028841,-135.101028,1.0,0.0,0.0,0.0,0.0,0.0,0,0,0,0,0,0,0,0,0,0,0,0,0,0,0,371.148193,411.172882,458.353241,560.947144,462.637787,414.562775,370.773682,410.165894,457.230011,559.571411,461.79364,413.806885,369.231201,409.403198,456.380493,558.532959,462.923035,414.81839,369.5867,410.421082,457.514526,559.919739,463.774536,415.581818,37.786652,105501.144641,185.84598,160.898552,0,true,false,0.0,-130.95,0,0.0,0.0,1.0
3,906,13.45,499.290105,1143.40426,499.45342,1285.88753,17473.941193,0.199537,0.173441,0.024409,0.01962,0.035273,-135.101395,1.0,0.0,0.0,0.0,0.0,0.0,0,0,0,0,0,0,0,0,0,0,0,0,0,0,0,371.15271,411.178528,458.358582,560.952148,462.639008,414.562988,370.776276,410.164673,457.227722,559.567078,461.788361,413.8013,369.222687,409.396179,456.371765,558.520691,462.925415,414.819672,369.580078,410.420898,457.513428,559.916809,463.783386,415.588928,37.786667,105501.166921,186.543093,149.056129,0,true,false,0.0,-130.94,0,0.0,0.0,1.0
3,907,13.5,499.292476,36157.303264,499.456137,36014.656333,17473.941213,-0.07244,-0.06417,0.019316,0.019412,0.027625,-135.101898,1.0,0.0,0.0,0.0,0.0,0.0,0,0,0,0,0,0,0,0,0,0,0,0,0,0,0,371.146606,411.173828,458.352112,560.9422,462.640991,414.56369,370.770325,410.163452,457.225159,559.56189,461.7948,413.805969,369.223358,409.398926,456.373596,558.520935,462.927979,414.820862,369.580627,410.420197,457.511414,559.912292,463.781525,415.586121,37.786648,105501.14088,187.450354,163.138042,0,true,false,0.0,-130.93,0,0.0,0.0,1.0
3,908,13.55,499.290844,1143.405892,499.454746,1285.888921,17473.941242,0.059664,0.054617,0.006974,0.019136,0.029199,-135.10231,1.0,0.0,0.0,0.0,0.0,0.0,0,0,0,0,0,0,0,0,0,0,0,0,0,0,0,371.146667,411.175232,458.352692,560.941162,462.642761,414.564331,370.769714,410.162506,457.223053,559.557617,461.794281,413.804565,369.218872,409.395935,456.369232,558.513855,462.930145,414.821869,369.576782,410.419586,457.509705,559.908508,463.78595,415.589142,37.786617,105501.146099,188.214552,160.239209,0,true,false,0.0,-130.92,0,0.0,0.0,1.0
3,909,13.6,499.288971,36157.305137,499.453378,36014.657701,17473.941229,0.0,0.0,0.0,0.019236,0.030917,-135.102631,1.0,0.0,0.0,0.0,0.0,0.0,0,0,0,0,0,0,0,0,0,0,0,0,0,0,0,371.147522,411.177002,458.353882,560.941345,462.643829,414.564575,370.769562,410.16153,457.221191,559.554016,461.793121,413.802826,369.214569,409.392944,456.365143,558.507568,462.932037,414.822876,369.573517,410.419342,457.508667,559.905945,463.7901,415.592163,37.786633,105501.152098,188.802032,157.076472,0,true,false,0.0,-130.91,0,0.0,0.0,1.0
3,910,13.65,499.287726,1143.407137,499.45267,1285.889628,17473.941208,0.037552,0.027466,0.004675,0.019423,0.031285,-135.103027,1.0,0.0,0.0,0.0,0.0,0.0,0,0,0,0,0,0,0,0,0,0,0,0,0,0,0,371.147034,411.177673,458.353607,560.939331,462.645294,414.564972,370.768158,410.16037,457.218903,559.549561,461.793427,413.802185,369.210693,409.390747,456.361694,558.501709,462.934387,414.824066,369.570557,410.418976,457.507233,559.902527,463.79361,415.594391,37.786652,105501.153151,189.545575,156.399581,0,true,false,0.0,-130.9,0,0.0,0.0,1.0
3,911,13.7,499.28806,36157.304804,499.453227,36014.657145,17473.941251,-0.011623,-0.00934,0.002628,0.019054,0.028261,-135.103561,1.0,0.0,0.0,0.0,0.0,0.0,0,0,0,0,0,0,0,0,0,0,0,0,0,0,0,371.143616,411.175995,458.350403,560.933167,462.647614,414.565857,370.764557,410.15918,457.216248,559.544067,461.796661,413.803864,369.208282,409.390381,456.359955,558.497314,462.937073,414.825256,369.568329,410.418091,457.504944,559.897522,463.79538,415.594788,37.78661,105501.14234,190.535427,161.966043,0,true,false,0.0,-130.89,0,0.0,0.0,1.0
3,912,13.75,499.284545,1143.410651,499.450542,1285.892314,17473.941193,0.075815,0.059111,0.009354,0.019553,0.033009,-135.103836,1.0,0.0,0.0,0.0,0.0,0.0,0,0,0,0,0,0,0,0,0,0,0,0,0,0,0,371.147003,411.180023,458.354218,560.936707,462.648224,414.565796,370.766174,410.158051,457.214325,559.540588,461.792877,413.799896,369.201965,409.385345,456.353668,558.488525,462.939056,414.826416,369.563782,410.418213,457.504395,559.895691,463.801758,415.599854,37.786667,105501.158871,191.038386,153.224981,0,true,false,0.0,-130.88,0,0.0,0.0,1.0
3,913,13.8,499.285819,36157.30353,499.452026,36014.655661,17473.941223,-0.047966,-0.044004,0.013122,0.019316,0.028359,-135.104248,1.0,0.0,0.0,0.0,0.0,0.0,0,0,0,0,0,0,0,0,0,0,0,0,0,0,0,371.142944,411.177185,458.350067,560.929932,462.649963,414.566406,370.762146,410.157104,457.21225,559.536377,461.797028,413.802673,369.201569,409.386566,456.354034,558.487244,462.941101,414.827362,369.563324,410.417542,457.502655,559.891907,463.801392,415.598633,37.786636,105501.142774,191.790787,161.786594,0,true,false,0.0,-130.87,0,0.0,0.0,1.0
3,914,13.85,499.284362,1143.412108,499.450873,1285.893467,17473.941226,0.001023,-0.001396,0.000468,0.019276,0.029869,-135.104538,1.0,0.0,0.0,0.0,0.0,0.0,0,0,0,0,0,0,0,0,0,0,0,0,0,0,0,371.143402,411.178558,458.35083,560.929688,462.651093,414.566772,370.761902,410.156342,457.210663,559.533203,461.796265,413.801361,369.197968,409.384094,456.350555,558.481812,462.942749,414.828156,369.560425,410.417236,457.501556,559.889343,463.804901,415.601135,37.786636,105501.147863,192.33126,159.006095,0,true,false,0.0,-130.86,0,0.0,0.0,1.0
3,915,13.9,499.282868,36157.305024,499.450048,36014.656486,17473.941202,0.0,0.0,0.0,0.019482,0.030068,-135.10495,1.0,0.0,0.0,0.0,0.0,0.0,0,0,0,0,0,0,0,0,0,0,0,0,0,0,0,371.14325,411.179474,458.350891,560.928101,462.652405,414.567078,370.760651,410.15509,457.208282,559.528687,461.796234,413.800446,369.193756,409.381653,456.346832,558.475586,462.94516,414.829437,369.557373,410.416962,457.500275,559.886108,463.808685,415.603607,37.786659,105501.148704,193.068352,158.642038,0,true,false,0.0,-130.85,0,0.0,0.0,1.0
3,916,13.95,499.280803,1143.414172,499.448508,1285.895006,17473.941189,0.088517,0.072872,0.010734,0.019606,0.032209,-135.105331,1.0,0.0,0.0,0.0,0.0,0.0,0,0,0,0,0,0,0,0,0,0,0,0,0,0,0,371.144043,411.181396,458.352081,560.927979,462.653809,414.567444,370.760345,410.153961,457.206116,559.524414,461.795105,413.798553,369.188843,409.378296,456.342133,558.468323,462.947418,414.830566,369.553528,410.416626,457.498962,559.882935,463.813446,415.606995,37.786671,105501.15581,193.775358,154.700532,0,true,false,0.0,-130.84,0,0.0,0.0,1.0
3,917,14.0,499.282031,36157.303796,499.449817,36014.655176,17473.941255,0.003005,0.008877,0.001286,0.01902,0.027449,-135.10585,1.0,0.0,0.0,0.0,0.0,0.0,0,0,0,0,0,0,0,0,0,0,0,0,0,0,0,371.139435,411.178528,458.347565,560.920288,462.656189,414.56839,370.75592,410.152893,457.203613,559.519165,461.799622,413.801422,369.187744,409.37912,456.341766,558.465698,462.949921,414.831635,369.552246,410.415649,457.496582,559.877808,463.813843,415.606171,37.786606,105501.139017,194.745808,163.462921,0,true,false,0.013832,-130.83,0,0.0,0.0,1.0
3,918,14.05,499.278881,1143.417322,499.44756,1285.897263,17473.941188,0.028713,0.019801,0.003616,0.019615,0.031315,-135.106125,1.0,0.0,0.0,0.0,0.0,0.0,0,0,0,0,0,0,0,0,0,0,0,0,0,0,0,371.142365,411.181976,458.350769,560.923157,462.656708,414.568268,370.75708,410.151764,457.201691,559.515747,461.796448,413.797974,369.181976,409.374695,456.336182,558.457764,462.951904,414.832825,369.548248,410.415802,457.496094,559.87616,463.819489,415.610657,37.786671,105501.152729,195.230634,156.347172,0,true,false,0.046596,-130.82,0,0.0,0.0,1.0
3,919,14.1,499.281326,36157.301352,499.449692,36014.653044,17473.941292,-0.055749,-0.038238,0.011881,0.018694,0.024831,-135.106537,1.0,0.0,0.0,0.0,0.0,0.0,0,0,0,0,0,0,0,0,0,0,0,0,0,0,0,371.136688,411.177826,458.345123,560.91449,462.658875,414.569275,370.752319,410.151154,457.200012,559.512024,461.802094,413.802124,369.183136,409.377228,456.337982,558.458252,462.953552,414.833374,369.548492,410.414764,457.493927,559.871826,463.817688,415.608093,37.786568,105501.129718,195.992851,168.282045,0,true,false,0.076378,-130.81,0,0.0,0.0,1.0
3,920,14.15,499.28347,1143.415178,499.450605,1285.89635,17473.941515,-0.010966,0.017272,0.003412,0.016624,0.020229,-135.106857,1.0,0.0,0.0,0.0,0.0,0.0,0,0,0,0,0,0,0,0,0,0,0,0,0,0,0,371.13205,411.174957,458.341125,560.908264,462.661377,414.570801,370.749603,410.151428,457.199524,559.510071,461.806091,413.804962,369.184296,409.378815,456.338989,558.45813,462.954071,414.833099,369.547668,410.413239,457.491425,559.867432,463.816681,415.606476,37.786346,105501.112593,196.592286,176.750786,0,true,false,0.107099,-130.8,0,0.0,0.0,1.0
3,921,14.2,499.288081,36157.296741,499.451503,36014.652147,17473.94206,0.0,0.0,0.0,0.011681,0.013743,-135.107056,1.0,0.0,0.0,0.0,0.0,0.0,0,0,0,0,0,0,0,0,0,0,0,0,0,0,0,371.124878,411.170532,458.335724,560.900818,462.665314,414.573883,370.747894,410.153778,457.20163,559.511841,461.811493,413.809387,369.189301,409.382477,456.34256,558.461731,462.951935,414.83075,369.547272,410.410156,457.487488,559.861755,463.81308,415.602814,37.785801,105501.087345,196.967522,188.676966,0,true,false,0.138457,-130.79,0,0.0,0.0,1.0
3,922,14.25,499.289114,1143.414145,499.450916,1285.896937,17473.879716,0.0,0.0,2.825352,0.009699,0.013417,-135.10701,1.0,0.0,0.0,0.0,0.0,0.0,0,0,0,0,0,0,0,0,0,0,0,0,0,0,0,371.12384,411.170288,458.335541,560.900818,462.666412,414.574982,370.749023,410.155029,457.203156,559.513916,461.811646,413.809631,369.190826,409.382874,456.34314,558.462585,462.950378,414.829468,369.546631,410.409027,457.486359,559.860596,463.8125,415.602386,37.848145,105501.086091,196.893592,189.207385,0,true,false,0.169148,-130.78,0,0.0,0.0,1.0
3,923,14.3,499.289114,36157.296741,499.450916,36014.652147,17473.263829,0.0,0.0,13.198586,0.009699,0.013417,-135.10701,1.0,0.0,0.0,0.0,0.0,0.0,0,0,0,0,0,0,0,0,0,0,0,0,0,0,0,371.12384,411.170288,458.335541,560.900818,462.666412,414.574982,370.749023,410.155029,457.203156,559.513916,461.811646,413.809631,369.190826,409.382874,456.34314,558.462585,462.950378,414.829468,369.546631,410.409027,457.486359,559.860596,463.8125,415.602386,38.464031,105501.085947,196.893697,188.591498,0,true,false,0.208194,-130.77,0,0.0,0.0,1.0
3,924,14.35,499.289114,1143.414145,499.450916,1285.896937,17472.145063,0.0,0.0,28.353418,0.009699,0.013417,-135.10701,1.0,0.0,0.0,0.0,0.0,0.0,0,0,0,0,0,0,0,0,0,0,0,0,0,0,0,371.12384,411.170288,458.335541,560.900818,462.666412,414.574982,370.749023,410.155029,457.203156,559.513916,461.811646,413.809631,369.190826,409.382874,456.34314,558.462585,462.950378,414.829468,369.546631,410.409027,457.486359,559.860596,463.8125,415.602386,39.582798,105501.085685,196.893886,187.472732,0,true,false,0.238825,-130.76,0,0.0,0.0,1.0
3,925,14.4,499.288958,36157.296896,499.450891,36014.652172,17470.920582,0.005391,0.000857,20.04034,0.009699,0.013417,-135.10701,1.0,0.0,0.0,0.0,0.0,0.0,0,0,0,0,0,0,0,0,0,0,0,0,0,0,0,371.124054,411.170441,458.335693,560.901001,462.666321,414.57489,370.749023,410.154938,457.203064,559.513794,461.811523,413.809479,369.190613,409.382751,456.342987,558.462463,462.9505,414.829559,369.5466,410.409149,457.486481,559.860718,463.812653,415.602509,40.807278,105501.085526,196.894001,186.24825,0,true,false,0.269222,-130.75,0,0.0,0.0,1.0
3,926,14.45,499.288482,1143.414622,499.450815,1285.897013,17470.315345,0.012149,0.001931,8.005781,0.009699,0.013417,-135.10701,1.0,0.0,0.0,0.0,0.0,0.0,0,0,0,0,0,0,0,0,0,0,0,0,0,0,0,371.124664,411.170837,458.336151,560.90155,462.665985,414.574615,370.749084,410.154663,457.202728,559.513367,461.811066,413.809082,369.190002,409.382355,456.342529,558.461853,462.950836,414.829865,369.54657,410.409424,457.486786,559.861145,463.81311,415.602936,41.412518,105501.085775,196.893821,185.643013,0,true,false,0.301436,-130.74,0,0.0,0.0,1.0
3,927,14.5,499.287704,36157.297674,499.450692,36014.652295,17470.025947,0.019574,0.003111,5.726375,0.009699,0.013417,-135.10701,1.0,0.0,0.0,0.0,0.0,0.0,0,0,0,0,0,0,0,0,0,0,0,0,0,0,0,371.125702,411.171478,458.336884,560.902466,462.665466,414.574127,370.749146,410.154175,457.202179,559.512695,461.810333,413.808411,369.188965,409.381683,456.341797,558.460999,462.951355,414.830353,369.546478,410.409912,457.487335,559.861755,463.813843,415.603577,41.701916,105501.086345,196.893409,185.353615,0,true,false,0.331454,-130.73,0,0.0,0.0,1.0
3,928,14.55,499.286514,1143.415812,499.450503,1285.897202,17469.680339,0.028282,0.004494,9.215963,0.009699,0.013417,-135.10701,1.0,0.0,0.0,0.0,0.0,0.0,0,0,0,0,0,0,0,0,0,0,0,0,0,0,0,371.127258,411.172516,458.338013,560.903809,462.664642,414.573395,370.749268,410.153442,457.201385,559.511719,461.809204,413.807404,369.187408,409.380676,456.340668,558.459595,462.952179,414.831085,369.546387,410.410645,457.488159,559.862793,463.814972,415.604584,42.047523,105501.087241,196.892761,185.008007,0,true,false,0.362266,-130.72,0,0.0,0.0,1.0
3,929,14.6,499.284683,36157.299505,499.450212,36014.652586,17468.832216,0.039214,0.006232,21.290013,0.009699,0.013417,-135.10701,1.0,0.0,0.0,0.0,0.0,0.0,0,0,0,0,0,0,0,0,0,0,0,0,0,0,0,371.129669,411.174042,458.339752,560.905945,462.663391,414.572266,370.74942,410.152313,457.200104,559.510193,461.807465,413.805847,369.184998,409.37912,456.338959,558.457458,462.95343,414.832214,369.546204,410.411774,457.48941,559.864319,463.816711,415.60614,42.895645,105501.088545,196.891818,184.159884,0,true,false,0.396007,-130.71,0,0.0,0.0,1.0
3,930,14.65,499.282315,1143.41818,499.449835,1285.897578,17467.073439,0.051457,0.008177,43.685015,0.009699,0.013417,-135.10701,1.0,0.0,0.0,0.0,0.0,0.0,0,0,0,0,0,0,0,0,0,0,0,0,0,0,0,371.132782,411.176056,458.34198,560.908691,462.661743,414.570801,370.749664,410.150848,457.198486,559.508179,461.805206,413.803833,369.181854,409.377106,456.3367,558.454773,462.955078,414.833649,369.54599,410.413239,457.491028,559.866333,463.818939,415.608154,44.654423,105501.090077,196.890711,182.401106,0,true,false,0.42868,-130.7,0,0.0,0.0,1.0
3,931,14.7,499.279184,36157.302635,499.449338,36014.653084,17463.836885,0.065555,0.010418,74.785416,0.009699,0.013417,-135.10701,1.0,0.0,0.0,0.0,0.0,0.0,0,0,0,0,0,0,0,0,0,0,0,0,0,0,0,371.136902,411.178711,458.34494,560.912292,462.659607,414.568878,370.749939,410.148926,457.19635,559.505554,461.802246,413.801178,369.177734,409.374451,456.33374,558.451111,462.957214,414.835602,369.545685,410.415161,457.493164,559.868958,463.821899,415.610809,47.890976,105501.091887,196.889402,179.164551,0,true,false,0.462273,-130.69,0,0.0,0.0,1.0
3,932,14.75,499.274991,1143.422373,499.448672,1285.898245,17458.269319,0.082318,0.013081,117.607376,0.009699,0.013417,-135.10701,1.0,0.0,0.0,0.0,0.0,0.0,0,0,0,0,0,0,0,0,0,0,0,0,0,0,0,371.142426,411.182281,458.348907,560.917175,462.656708,414.566284,370.750336,410.146362,457.193481,559.502014,461.798279,413.797638,369.172241,409.370911,456.329803,558.446289,462.960114,414.838165,369.545319,410.417725,457.496063,559.872437,463.825897,415.61438,53.458542,105501.094024,196.887858,173.596984,0,true,false,0.497919,-130.68,0,0.0,0.0,1.0
3,933,14.8,499.271355,36157.306271,499.448094,36014.653661,17452.549029,0.095859,0.015233,157.012604,0.009699,0.013417,-135.10701,1.0,0.0,0.0,0.0,0.0,0.0,0,0,0,0,0,0,0,0,0,0,0,0,0,0,0,371.147217,411.185364,458.352325,560.921387,462.654205,414.564056,370.750671,410.144104,457.190979,559.498962,461.79483,413.794556,369.16745,409.367828,456.326355,558.442078,462.962585,414.840424,369.544983,410.419983,457.498535,559.875488,463.829315,415.617462,59.178833,105501.095668,196.886669,167.876694,0,true,false,0.523615,-130.67,0,0.0,0.0,1.0
3,934,14.85,499.265997,1143.427732,499.447242,1285.899096,17442.958129,0.114265,0.018158,213.876099,0.009699,0.013417,-135.10701,1.0,0.0,0.0,0.0,0.0,0.0,0,0,0,0,0,0,0,0,0,0,0,0,0,0,0,371.154266,411.189911,458.357391,560.927551,462.650543,414.56076,370.75116,410.140808,457.187286,559.494507,461.789764,413.790009,369.1604,409.363281,456.321289,558.435852,462.966278,414.843719,369.544464,410.423279,457.502228,559.880005,463.834412,415.622009,68.76973,105501.09782,196.885114,158.285792,0,true,false,0.555853,-130.66,0,0.0,0.0,1.0
3,935,14.9,500.800509,36155.771759,500.982518,36013.118385,17427.606608,-50.214878,-50.137177,265.554688,0.009699,0.013417,-135.10701,1.0,0.0,1.0,0.0,0.0,0.0,0,0,0,0,0,0,0,0,0,0,0,0,0,0,0,368.987457,408.943787,455.853638,557.863525,462.649902,414.560211,368.932098,410.140289,457.186707,559.493774,464.29895,416.038361,371.327209,411.609406,458.825073,561.499939,462.966888,414.844269,371.363556,410.423798,457.502838,559.880737,461.325226,413.373627,84.121254,105498.923561,196.883119,142.93478,0,true,false,0.595824,-130.65,0,0.0,0.0,1.0
3,936,14.95,504.854061,1139.37418,505.026661,1281.854953,17413.174689,-102.449059,-102.187706,311.346985,0.009699,0.013417,-135.10701,1.0,0.0,1.0,0.0,0.0,0.0,0,0,0,0,0,0,0,0,0,0,0,0,0,0,0,363.264893,403.018829,449.249023,549.780945,462.657623,414.567108,364.141693,410.147217,457.194427,559.503235,470.917816,421.969269,377.049774,417.534363,465.429688,567.456238,462.959167,414.837341,376.153931,410.41687,457.495087,557.339844,454.706329,407.442749,98.553169,105493.194244,196.881521,128.5042,0,true,false,0.627407,-130.64,0,0.0,0.0,1.0
3,937,15.0,511.239316,36149.386504,511.394156,36006.75089,17396.928216,-155.0198,-154.574373,363.737583,0.009699,0.013417,-135.10701,1.0,0.0,1.0,0.0,0.0,0.0,0,0,0,0,0,0,0,0,0,0,0,0,0,0,0,354.250916,393.687836,438.847656,537.052002,462.672211,414.58017,370.805695,410.160278,457.209015,559.521057,481.341675,431.309631,386.063751,426.865356,475.831024,567.438416,462.944611,414.82431,383.696075,410.403809,457.48053,544.563232,444.282501,398.102386,114.799644,105484.172877,196.879987,112.25984,0,true,false,0.657878,-130.63,0,0.0,0.0,1.0
3,938,15.05,521.955005,1128.65849,522.076334,1271.172775,17379.611873,-243.014814,-242.231206,325.242054,0.009699,0.013417,-135.10701,0.0,0.0,1.0,0.0,0.0,0.0,0,0,0,0,0,0,0,0,0,0,0,0,0,0,0,339.124115,378.031311,421.395203,515.694031,462.699677,414.604767,388.901611,410.184967,457.236511,559.554688,498.831848,446.981812,401.190521,442.521851,493.283478,567.404785,462.917145,414.799683,396.348419,410.37915,457.453033,523.125244,426.792297,382.430176,132.115982,105469.038227,196.878355,94.94704,0,true,false,0.690812,-130.62,0,0.0,0.0,1.0
3,939,15.1,536.610256,36134.731254,536.682697,35992.144527,17364.482536,-331.568814,-330.446434,297.411032,0.009699,0.013417,-135.10701,0.0,0.0,1.0,0.0,0.0,0.0,0,0,0,0,0,0,0,0,0,0,0,0,0,0,0,318.436432,40000.0,40000.0,528.693542,40000.0,40000.0,413.649994,435.775391,40000.0,602.021545,40000.0,40000.0,421.878235,40000.0,40000.0,608.504456,40000.0,441.724548,413.648346,40000.0,40000.0,535.207947,40000.0,40000.0,147.245331,105448.343571,196.876841,79.822548,0,true,false,0.722514,-130.61,0,0.0,0.0,1.0
3,940,15.15,556.738303,1108.530443,556.741277,1251.114195,17350.040365,-427.031831,-425.544851,270.945268,0.009699,0.013417,-135.10701,0.0,0.0,1.0,0.0,0.0,0.0,0,0,0,0,0,0,0,0,0,0,0,0,0,0,0,290.023438,40000.0,40000.0,506.877563,40000.0,40000.0,447.639954,404.081116,40000.0,620.391724,40000.0,40000.0,450.291229,40000.0,40000.0,630.320435,40000.0,389.934448,437.40567,40000.0,40000.0,516.837585,40000.0,40000.0,161.6875,105419.923911,196.875333,65.387031,0,true,false,0.755722,-130.6,0,0.0,0.0,1.0
3,941,15.2,584.022896,36107.446661,583.929655,35964.95615,17335.844637,-532.891876,-531.00147,247.058392,0.009699,0.013417,-135.10701,0.0,0.0,1.0,0.0,0.0,0.0,0,0,0,0,0,0,0,0,0,0,0,0,0,0,0,251.508438,335.534637,40000.0,40000.0,505.744934,40000.0,40000.0,387.06131,40000.0,40000.0,40000.0,40000.0,488.806213,40000.0,40000.0,40000.0,40000.0,397.206604,40000.0,40000.0,497.869904,40000.0,40000.0,354.671875,175.883224,105381.402321,196.87383,51.200323,0,true,false,0.791371,-130.59,0,0.0,0.0,1.0
3,942,15.25,607.121001,1085.432338,606.945298,1228.098551,17326.284645,-613.480488,-611.28429,238.869602,0.009699,0.013417,-135.10701,0.0,0.0,1.0,0.0,0.0,0.0,0,0,0,0,0,0,0,0,0,0,0,0,0,0,0,31112.0625,40000.0,40000.0,40000.0,40000.0,40000.0,40000.0,40000.0,40000.0,40000.0,40000.0,40000.0,40000.0,40000.0,40000.0,40000.0,40000.0,40000.0,40000.0,40000.0,40000.0,40000.0,40000.0,40000.0,185.443222,105348.792687,196.872857,41.647967,0,true,false,0.816743,-130.58,0,0.0,0.0,1.0
3,943,15.3,643.243435,36071.324227,642.937644,35928.963805,17313.96543,-724.561215,-721.943933,229.753045,0.009699,0.013417,-135.10701,0.0,0.0,1.0,0.0,0.0,0.0,0,0,0,0,0,0,0,0,0,0,0,0,0,0,0,31061.068359,40000.0,40000.0,40000.0,40000.0,40000.0,40000.0,40000.0,40000.0,40000.0,40000.0,40000.0,40000.0,40000.0,40000.0,40000.0,40000.0,40000.0,40000.0,40000.0,40000.0,40000.0,40000.0,40000.0,197.762436,105297.796871,196.87169,29.340693,0,true,false,0.850886,-130.57,0,0.0,0.0,1.0
3,944,15.35,684.677725,1043.998049,684.221625,1186.81457,17302.184439,-838.011688,-834.96505,225.030551,0.009699,0.013417,-135.10701,0.0,0.0,1.0,0.0,0.0,0.0,0,0,0,0,0,0,0,0,0,0,0,0,0,0,0,31002.576172,40000.0,40000.0,40000.0,40000.0,40000.0,40000.0,40000.0,40000.0,40000.0,40000.0,40000.0,40000.0,40000.0,40000.0,40000.0,40000.0,40000.0,40000.0,40000.0,40000.0,40000.0,40000.0,40000.0,209.543427,105239.303367,196.870725,17.573399,0,true,false,0.884512,-130.56,0,0.0,0.0,1.0
3,945,15.4,733.623945,36022.378006,732.989318,35880.196112,17290.187689,-958.798156,-955.295065,224.121468,0.009699,0.013417,-135.10701,0.0,0.0,1.0,0.0,0.0,0.0,0,0,0,0,0,0,0,0,0,0,0,0,0,0,0,30933.480469,40000.0,40000.0,40000.0,40000.0,40000.0,40000.0,40000.0,40000.0,40000.0,40000.0,40000.0,40000.0,40000.0,40000.0,40000.0,40000.0,40000.0,40000.0,40000.0,40000.0,40000.0,40000.0,40000.0,221.540176,105170.206273,196.869947,5.592829,0,true,false,0.919102,-130.55,0,0.0,0.0,1.0
3,946,15.45,775.127737,1002.494257,774.341161,1145.462726,17281.017757,-1053.371226,-1049.511209,226.413636,0.009699,0.013417,-135.10701,0.0,0.0,1.0,0.0,0.0,0.0,0,0,0,0,0,0,0,0,0,0,0,0,0,0,0,30874.892578,40000.0,40000.0,40000.0,40000.0,40000.0,40000.0,40000.0,40000.0,40000.0,40000.0,40000.0,40000.0,40000.0,40000.0,40000.0,40000.0,40000.0,40000.0,40000.0,40000.0,40000.0,40000.0,40000.0,45.583317,105111.616248,196.869518,-3.563382,0,true,false,0.945304,-130.54,0,0.0,0.0,1.0
3,947,15.5,834.771412,35962.734331,833.765838,35820.771436,17268.809069,-1181.81679,-1177.472764,235.083409,0.009699,0.013417,-135.10701,0.0,0.0,1.0,0.0,0.0,0.0,0,0,0,0,0,0,0,0,0,0,0,0,0,0,0,30790.697266,40000.0,40000.0,40000.0,40000.0,40000.0,40000.0,40000.0,40000.0,40000.0,40000.0,40000.0,40000.0,40000.0,40000.0,40000.0,40000.0,40000.0,40000.0,40000.0,40000.0,40000.0,40000.0,40000.0,57.792004,105027.41921,196.869192,-15.752354,0,true,false,0.979242,-130.53,0,0.0,0.0,1.0
3,948,15.55,890.364244,946.901425,889.154033,1090.074531,17258.284619,-1291.648569,-1286.890954,236.357405,0.009699,0.013417,-135.10701,0.0,0.0,1.0,0.0,0.0,0.0,0,0,0,0,0,0,0,0,0,0,0,0,0,0,0,30712.220703,40000.0,40000.0,40000.0,40000.0,40000.0,40000.0,40000.0,40000.0,40000.0,40000.0,40000.0,40000.0,40000.0,40000.0,40000.0,40000.0,40000.0,40000.0,40000.0,40000.0,40000.0,40000.0,40000.0,686.497192,104948.941177,196.869105,-26.258427,0,true,true,1.0,-130.52,0,0.0,0.0,1.0
3,949,15.6,967.748579,35885.349996,966.252953,35743.672516,17245.696033,-1425.2637,-1420.00322,217.077436,0.009699,0.013417,-135.10701,0.0,0.0,1.0,0.0,0.0,0.0,0,0,0,0,0,0,0,0,0,0,0,0,0,0,0,30602.982422,40000.0,40000.0,40000.0,40000.0,40000.0,40000.0,40000.0,40000.0,40000.0,40000.0,40000.0,40000.0,40000.0,40000.0,40000.0,40000.0,40000.0,40000.0,40000.0,40000.0,40000.0,40000.0,40000.0,699.085754,104839.701888,196.869035,-38.821433,0,true,true,1.0,-130.51,0,0.0,0.0,1.0
3,950,15.65,1052.992574,861.65743,1051.181999,1005.145485,17234.106463,-1545.555916,-1539.842463,196.421745,0.009699,0.013417,-135.10701,0.0,0.0,1.0,0.0,0.0,0.0,0,0,0,0,0,0,0,0,0,0,0,0,0,0,0,30482.650391,40000.0,40000.0,40000.0,40000.0,40000.0,40000.0,40000.0,40000.0,40000.0,40000.0,40000.0,40000.0,40000.0,40000.0,40000.0,40000.0,40000.0,40000.0,40000.0,40000.0,40000.0,40000.0,40000.0,710.675354,104719.368461,196.868958,-50.382824,0,true,true,1.0,-130.5,0,0.0,0.0,1.0
3,951,15.7,1119.662562,35818.680008,1117.605371,35677.249144,17226.247307,-1629.441685,-1623.412505,184.051325,0.009699,0.013417,-135.10701,0.0,0.0,1.0,0.0,0.0,0.0,0,0,0,0,0,0,0,0,0,0,0,0,0,0,0,30388.539062,40000.0,40000.0,40000.0,40000.0,40000.0,40000.0,40000.0,40000.0,40000.0,40000.0,40000.0,40000.0,40000.0,40000.0,40000.0,40000.0,40000.0,40000.0,40000.0,40000.0,40000.0,40000.0,40000.0,550.35376,104625.255244,196.868901,-58.219941,0,true,true,1.0,-130.49,0,0.0,0.0,1.0
3,952,15.75,1215.65499,765.665002,1213.242371,909.508484,17216.389708,-1734.046347,-1727.623371,167.458348,0.009699,0.013417,-135.10701,0.0,0.0,1.0,0.0,0.0,0.0,0,0,0,0,0,0,0,0,0,0,0,0,0,0,0,30253.035156,40000.0,40000.0,40000.0,40000.0,40000.0,40000.0,40000.0,40000.0,40000.0,40000.0,40000.0,40000.0,40000.0,40000.0,40000.0,40000.0,40000.0,40000.0,40000.0,40000.0,40000.0,40000.0,40000.0,2729.815674,104489.750238,196.868817,-68.04581,0,true,true,1.0,-130.48,0,0.0,0.0,1.0
3,953,15.8,1290.004836,35744.330162,1287.316701,35603.174814,17209.676366,-1807.709908,-1801.009746,157.481876,0.009699,0.013417,-135.10701,0.0,0.0,1.0,0.0,0.0,0.0,0,0,0,0,0,0,0,0,0,0,0,0,0,0,0,30148.082031,40000.0,40000.0,40000.0,40000.0,40000.0,40000.0,40000.0,40000.0,40000.0,40000.0,40000.0,40000.0,40000.0,40000.0,40000.0,40000.0,40000.0,40000.0,40000.0,40000.0,40000.0,40000.0,40000.0,2736.529053,104384.796746,196.868754,-74.734574,0,true,true,1.0,-130.47,0,0.0,0.0,1.0
3,954,15.85,1393.011171,662.658667,1389.941071,806.884114,17201.451039,-1895.642432,-1888.611227,143.399615,0.009699,0.013417,-135.10701,0.0,0.0,1.0,0.0,0.0,0.0,0,0,0,0,0,0,0,0,0,0,0,0,0,0,0,30002.677734,40000.0,40000.0,40000.0,40000.0,40000.0,40000.0,40000.0,40000.0,40000.0,40000.0,40000.0,40000.0,40000.0,40000.0,40000.0,40000.0,40000.0,40000.0,40000.0,40000.0,40000.0,40000.0,40000.0,2744.754395,104239.391707,196.868668,-82.925852,0,true,true,1.0,-130.46,0,0.0,0.0,1.0
3,955,15.9,1477.312366,35660.028967,1473.929476,35519.186409,17195.519692,-1961.909345,-1954.628775,134.281273,0.009699,0.013417,-135.10701,0.0,0.0,1.0,0.0,0.0,0.0,0,0,0,0,0,0,0,0,0,0,0,0,0,0,0,29883.679688,40000.0,40000.0,40000.0,40000.0,40000.0,40000.0,40000.0,40000.0,40000.0,40000.0,40000.0,40000.0,40000.0,40000.0,40000.0,40000.0,40000.0,40000.0,40000.0,40000.0,40000.0,40000.0,40000.0,2581.083252,104120.391399,196.868594,-88.829332,0,true,true,1.0,-130.45,0,0.0,0.0,1.0
3,956,15.95,1587.320359,552.650674,1583.529095,697.284496,17188.582234,-2036.949683,-2029.38661,122.294362,0.009699,0.013417,-135.10701,0.0,0.0,1.0,0.0,0.0,0.0,0,0,0,0,0,0,0,0,0,0,0,0,0,0,0,29728.392578,39863.957031,40000.0,40000.0,40000.0,40000.0,40000.0,40000.0,40000.0,40000.0,40000.0,40000.0,40000.0,40000.0,40000.0,40000.0,40000.0,40000.0,40000.0,40000.0,40000.0,40000.0,40000.0,40000.0,5000.0,103965.103479,196.868506,-95.730426,0,true,true,1.0,-130.44,0,0.0,0.0,1.0
3,957,16.0,1704.790133,35542.559193,1700.562579,35402.152924,17182.093892,-2108.193449,-2100.362173,111.023098,0.009699,0.013417,-135.10701,0.0,0.0,1.0,0.0,0.0,0.0,0,0,0,0,0,0,0,0,0,0,0,0,0,0,0,29562.572266,39611.292969,40000.0,40000.0,40000.0,40000.0,40000.0,40000.0,40000.0,40000.0,40000.0,40000.0,40000.0,40000.0,40000.0,40000.0,40000.0,40000.0,40000.0,40000.0,40000.0,40000.0,40000.0,40000.0,5000.0,103799.282832,196.868407,-102.179936,0,true,true,1.0,-130.43,0,0.0,0.0,1.0
3,958,16.05,1795.707173,461.733634,1791.14182,606.705256,17177.609616,-2158.785611,-2150.763919,103.591665,0.009699,0.013417,-135.10701,0.0,0.0,1.0,0.0,0.0,0.0,0,0,0,0,0,0,0,0,0,0,0,0,0,0,0,29434.234375,39415.816406,40000.0,40000.0,40000.0,40000.0,40000.0,40000.0,40000.0,40000.0,40000.0,40000.0,40000.0,40000.0,40000.0,40000.0,40000.0,40000.0,40000.0,40000.0,40000.0,40000.0,40000.0,40000.0,5000.0,103670.944313,196.868331,-106.63416,0,true,true,1.0,-130.42,0,0.0,0.0,1.0
3,959,16.1,1914.525019,35423.741347,1909.51806,35283.776684,17172.306243,-2218.793845,-2210.546302,94.834867,0.009699,0.013417,-135.10701,0.0,0.0,1.0,0.0,0.0,0.0,0,0,0,0,0,0,0,0,0,0,0,0,0,0,0,29266.511719,39160.324219,40000.0,40000.0,40000.0,40000.0,40000.0,40000.0,40000.0,40000.0,40000.0,40000.0,40000.0,40000.0,40000.0,40000.0,40000.0,40000.0,40000.0,40000.0,40000.0,40000.0,40000.0,40000.0,5000.0,103503.221238,196.868238,-111.898257,0,true,true,1.0,-130.41,0,0.0,0.0,1.0
3,960,16.15,2007.149208,369.109445,2001.797899,514.425417,17168.590087,-2259.730608,-2251.328918,87.860285,0.009699,0.013417,-135.10701,0.0,0.0,1.0,0.0,0.0,0.0,0,0,0,0,0,0,0,0,0,0,0,0,0,0,0,29135.763672,38961.101562,40000.0,40000.0,40000.0,40000.0,40000.0,40000.0,40000.0,40000.0,40000.0,40000.0,40000.0,40000.0,40000.0,40000.0,40000.0,40000.0,40000.0,40000.0,40000.0,40000.0,40000.0,40000.0,5000.0,103372.473252,196.868164,-115.583795,0,true,true,1.0,-130.4,0,0.0,0.0,1.0
3,961,16.2,2136.711831,35294.178724,2130.878719,35154.695864,17163.934155,-2311.394272,-2302.798024,78.817199,0.009699,0.013417,-135.10701,0.0,0.0,1.0,0.0,0.0,0.0,0,0,0,0,0,0,0,0,0,0,0,0,0,0,0,28952.875,38703.992188,40000.0,40000.0,40000.0,40000.0,40000.0,40000.0,40000.0,40000.0,40000.0,40000.0,40000.0,40000.0,40000.0,40000.0,40000.0,40000.0,40000.0,40000.0,40000.0,40000.0,40000.0,40000.0,5000.0,103189.583318,196.868057,-120.196899,0,true,true,1.0,-130.39,0,0.0,0.0,1.0
3,962,16.25,2266.164395,239.65688,2259.849764,385.454372,17159.79147,-2360.638197,-2351.856638,71.976998,0.009699,0.013417,-135.10701,0.0,0.0,1.0,0.0,0.0,0.0,0,0,0,0,0,0,0,0,0,0,0,0,0,0,0,28770.140625,38556.65625,40000.0,40000.0,40000.0,40000.0,40000.0,40000.0,40000.0,40000.0,40000.0,40000.0,40000.0,40000.0,40000.0,40000.0,40000.0,40000.0,40000.0,40000.0,40000.0,40000.0,40000.0,40000.0,5000.0,103006.848949,196.867954,-124.296792,0,true,true,1.0,-130.38,0,0.0,0.0,1.0
3,963,16.3,2363.960299,35196.38282,2357.281827,35057.2638,17156.961382,-2396.174441,-2387.259219,67.896521,0.009699,0.013417,-135.10701,0.0,0.0,1.0,0.0,0.0,0.0,0,0,0,0,0,0,0,0,0,0,0,0,0,0,0,28632.09375,38439.890625,40000.0,40000.0,40000.0,40000.0,40000.0,40000.0,40000.0,40000.0,40000.0,40000.0,40000.0,40000.0,40000.0,40000.0,40000.0,40000.0,40000.0,40000.0,40000.0,40000.0,40000.0,40000.0,5000.0,102868.80103,196.867877,-127.094553,0,true,true,1.0,-130.37,0,0.0,0.0,1.0
3,964,16.35,2499.914049,103.703131,2492.729681,250.006518,17153.431108,-2436.349763,-2427.283223,60.551723,0.009699,0.013417,-135.10701,0.0,0.0,1.0,0.0,0.0,0.0,0,0,0,0,0,0,0,0,0,0,0,0,0,0,0,28440.183594,38277.566406,40000.0,40000.0,40000.0,40000.0,40000.0,40000.0,40000.0,40000.0,40000.0,40000.0,40000.0,40000.0,40000.0,40000.0,40000.0,40000.0,40000.0,40000.0,40000.0,40000.0,40000.0,40000.0,5000.0,102676.889961,196.867767,-130.579886,0,true,true,1.0,-130.36,0,0.0,0.0,1.0
3,965,16.4,2607.027773,35089.269096,2599.444758,34950.548724,17150.953982,-2467.345649,-2458.162458,56.126327,0.009699,0.013417,-135.10701,0.0,0.0,1.0,0.0,0.0,0.0,0,0,0,0,0,0,0,0,0,0,0,0,0,0,0,28288.982422,38149.707031,40000.0,40000.0,40000.0,40000.0,40000.0,40000.0,40000.0,40000.0,40000.0,40000.0,40000.0,40000.0,40000.0,40000.0,40000.0,40000.0,40000.0,40000.0,40000.0,40000.0,40000.0,40000.0,5000.0,102525.689328,196.867676,-133.021605,0,true,true,1.0,-130.35,0,0.0,0.0,1.0
3,966,16.45,2744.245706,-33.514802,2736.151928,113.299348,17148.055745,-2502.846902,-2493.530071,50.603416,0.009699,0.013417,-135.10701,0.0,0.0,1.0,0.0,0.0,0.0,0,0,0,0,0,0,0,0,0,0,0,0,0,0,0,28095.287109,37985.875,40000.0,40000.0,40000.0,40000.0,40000.0,40000.0,40000.0,40000.0,40000.0,40000.0,40000.0,40000.0,40000.0,40000.0,40000.0,40000.0,40000.0,40000.0,40000.0,40000.0,40000.0,40000.0,5000.0,102331.99402,196.867568,-135.874484,0,true,true,1.0,-130.34,0,0.0,0.0,1.0
3,967,16.5,2852.370325,34981.144477,2843.874023,34842.826629,17146.023018,-2528.563217,-2519.149581,46.624303,0.009699,0.013417,-135.10701,0.0,0.0,1.0,0.0,0.0,0.0,0,0,0,0,0,0,0,0,0,0,0,0,0,0,0,27942.660156,37856.777344,40000.0,40000.0,40000.0,40000.0,40000.0,40000.0,40000.0,40000.0,40000.0,40000.0,40000.0,40000.0,40000.0,40000.0,40000.0,40000.0,40000.0,40000.0,40000.0,40000.0,40000.0,40000.0,5000.0,102179.366608,196.867479,-137.871469,0,true,true,1.0,-130.33,0,0.0,0.0,1.0
3,968,16.55,2998.800677,-179.945154,2989.759179,-32.585807,17143.559937,-2559.020061,-2549.491717,41.117031,0.009699,0.013417,-135.10701,0.0,0.0,1.0,0.0,0.0,0.0,0,0,0,0,0,0,0,0,0,0,0,0,0,0,0,27735.960938,37681.976562,40000.0,40000.0,40000.0,40000.0,40000.0,40000.0,40000.0,40000.0,40000.0,40000.0,40000.0,40000.0,40000.0,40000.0,40000.0,40000.0,40000.0,40000.0,40000.0,40000.0,40000.0,40000.0,5000.0,101972.667399,196.867358,-140.286147,0,true,true,1.0,-130.32,0,0.0,0.0,1.0
3,969,16.6,3106.452819,34873.492335,3097.010461,34735.575347,17141.917585,-2582.974323,-2573.355906,38.727651,0.009699,0.013417,-135.10701,0.0,0.0,1.0,0.0,0.0,0.0,0,0,0,0,0,0,0,0,0,0,0,0,0,0,0,27584.001953,37553.445312,40000.0,40000.0,40000.0,40000.0,40000.0,40000.0,40000.0,40000.0,40000.0,40000.0,40000.0,40000.0,40000.0,40000.0,40000.0,40000.0,40000.0,40000.0,40000.0,40000.0,40000.0,40000.0,5000.0,101820.707086,196.867272,-141.892913,0,true,true,1.0,-130.31,0,0.0,0.0,1.0
3,970,16.65,3257.644494,-331.136828,3247.63909,-183.214437,17139.888644,-2610.15296,-2600.432209,34.192427,0.009699,0.013417,-135.10701,0.0,0.0,1.0,0.0,0.0,0.0,0,0,0,0,0,0,0,0,0,0,0,0,0,0,0,27370.582031,37372.925781,40000.0,40000.0,40000.0,40000.0,40000.0,40000.0,40000.0,40000.0,40000.0,40000.0,40000.0,40000.0,40000.0,40000.0,40000.0,40000.0,40000.0,40000.0,40000.0,40000.0,40000.0,40000.0,5000.0,101607.287061,196.867146,-143.871877,0,true,true,1.0,-130.3,0,0.0,0.0,1.0
3,971,16.7,3364.983407,34766.153422,3354.578231,34628.636206,17138.565551,-2627.986989,-2618.199094,31.285697,0.009699,0.013417,-135.10701,0.0,0.0,1.0,0.0,0.0,0.0,0,0,0,0,0,0,0,0,0,0,0,0,0,0,0,27219.064453,37244.800781,40000.0,40000.0,40000.0,40000.0,40000.0,40000.0,40000.0,40000.0,40000.0,40000.0,40000.0,40000.0,40000.0,40000.0,40000.0,40000.0,40000.0,40000.0,40000.0,40000.0,40000.0,40000.0,5000.0,101455.769027,196.867062,-145.159489,0,true,true,1.0,-130.29,0,0.0,0.0,1.0
3,972,16.75,3514.095654,-480.249076,3503.135078,-331.771285,17136.946719,-2650.241718,-2640.370011,27.342225,0.009699,0.013417,-135.10701,0.0,0.0,1.0,0.0,0.0,0.0,0,0,0,0,0,0,0,0,0,0,0,0,0,0,0,27008.580078,37066.765625,40000.0,40000.0,40000.0,40000.0,40000.0,40000.0,40000.0,40000.0,40000.0,40000.0,40000.0,40000.0,40000.0,40000.0,40000.0,40000.0,40000.0,40000.0,40000.0,40000.0,40000.0,40000.0,5000.0,101245.284452,196.866943,-146.729031,0,true,true,1.0,-130.28,0,0.0,0.0,1.0
3,973,16.8,3662.402871,34617.846205,3650.889847,34480.881438,17135.526583,-2671.48595,-2661.534282,24.175582,0.009699,0.013417,-135.10701,0.0,0.0,1.0,0.0,0.0,0.0,0,0,0,0,0,0,0,0,0,0,0,0,0,0,0,26799.232422,36889.691406,40000.0,40000.0,40000.0,40000.0,40000.0,40000.0,40000.0,40000.0,40000.0,40000.0,40000.0,40000.0,40000.0,40000.0,40000.0,40000.0,40000.0,40000.0,40000.0,40000.0,40000.0,40000.0,5000.0,101035.936323,196.866825,-148.100142,0,true,true,1.0,-130.27,0,0.0,0.0,1.0
3,974,16.85,3775.990331,-593.836536,3764.054161,-444.935599,17134.570265,-2687.041039,-2677.030844,22.135381,0.009699,0.013417,-135.10701,0.0,0.0,1.0,0.0,0.0,0.0,0,0,0,0,0,0,0,0,0,0,0,0,0,0,0,26638.892578,36754.105469,40000.0,40000.0,40000.0,40000.0,40000.0,40000.0,40000.0,40000.0,40000.0,40000.0,40000.0,40000.0,40000.0,40000.0,40000.0,40000.0,40000.0,40000.0,40000.0,40000.0,40000.0,40000.0,5000.0,100875.598107,196.866734,-149.018913,0,true,true,1.0,-130.26,0,0.0,0.0,1.0
3,975,16.9,3928.80323,34465.033306,3916.297751,34328.637848,17133.44254,-2706.090971,-2696.009091,19.508241,0.009699,0.013417,-135.10701,0.0,0.0,1.0,0.0,0.0,0.0,0,0,0,0,0,0,0,0,0,0,0,0,0,0,0,26423.185547,36571.652344,40000.0,40000.0,40000.0,40000.0,40000.0,40000.0,40000.0,40000.0,40000.0,40000.0,40000.0,40000.0,40000.0,40000.0,40000.0,40000.0,40000.0,40000.0,40000.0,40000.0,40000.0,40000.0,5000.0,100659.889961,196.86661,-150.096126,0,true,true,1.0,-130.25,0,0.0,0.0,1.0
3,976,16.95,4047.659335,-712.692641,4034.711028,-563.348875,17132.693519,-2713.351918,-2703.242476,15.342089,0.009699,0.013417,-135.10701,0.0,0.0,1.0,0.0,0.0,0.0,0,0,0,0,0,0,0,0,0,0,0,0,0,0,0,26255.410156,36429.742188,40000.0,40000.0,40000.0,40000.0,40000.0,40000.0,40000.0,40000.0,40000.0,40000.0,40000.0,40000.0,40000.0,40000.0,40000.0,40000.0,40000.0,40000.0,40000.0,40000.0,40000.0,40000.0,5000.0,100492.11471,196.866511,-150.805857,0,true,true,1.0,-130.24,0,0.0,0.0,1.0
3,977,17.0,4210.288481,34302.404159,4196.734224,34166.614651,17131.826189,-2729.823408,-2719.651957,12.728434,0.009699,0.013417,-135.10701,0.0,0.0,1.0,0.0,0.0,0.0,0,0,0,0,0,0,0,0,0,0,0,0,0,0,0,26025.845703,36235.605469,40000.0,40000.0,40000.0,40000.0,40000.0,40000.0,40000.0,40000.0,40000.0,40000.0,40000.0,40000.0,40000.0,40000.0,40000.0,40000.0,40000.0,40000.0,40000.0,40000.0,40000.0,40000.0,5000.0,100262.55024,196.866373,-151.61943,0,true,true,1.0,-130.23,0,0.0,0.0,1.0
3,978,17.05,4336.975393,-839.379552,4322.94908,-689.563731,17131.283391,-2736.628422,-2726.431161,9.115109,0.009699,0.013417,-135.10701,0.0,0.0,1.0,0.0,0.0,0.0,0,0,0,0,0,0,0,0,0,0,0,0,0,0,0,25847.017578,36084.34375,40000.0,40000.0,40000.0,40000.0,40000.0,40000.0,40000.0,40000.0,40000.0,40000.0,40000.0,40000.0,40000.0,40000.0,40000.0,40000.0,40000.0,40000.0,40000.0,40000.0,40000.0,40000.0,5000.0,100083.721251,196.86626,-152.120351,0,true,true,1.0,-130.22,0,0.0,0.0,1.0
3,979,17.1,4461.702428,34177.677125,4447.211343,34042.352389,17130.810308,-2756.114009,-2745.843726,10.446663,0.009699,0.013417,-135.10701,0.0,0.0,1.0,0.0,0.0,0.0,0,0,0,0,0,0,0,0,0,0,0,0,0,0,0,25670.955078,35935.425781,40000.0,40000.0,40000.0,40000.0,40000.0,40000.0,40000.0,40000.0,40000.0,40000.0,40000.0,40000.0,40000.0,40000.0,40000.0,40000.0,40000.0,40000.0,40000.0,40000.0,40000.0,40000.0,5000.0,99907.658818,196.866153,-152.552204,0,true,true,1.0,-130.21,0,0.0,0.0,1.0
3,980,17.15,4619.879866,-997.556991,4604.799336,-847.151724,17130.595566,-2766.958661,-2756.647481,7.783181,0.009699,0.013417,-135.10701,0.0,0.0,1.0,0.0,0.0,0.0,0,0,0,0,0,0,0,0,0,0,0,0,0,0,0,25447.673828,35746.601562,40000.0,40000.0,40000.0,40000.0,40000.0,40000.0,40000.0,40000.0,40000.0,40000.0,40000.0,40000.0,40000.0,40000.0,40000.0,40000.0,40000.0,40000.0,40000.0,40000.0,40000.0,40000.0,5000.0,99684.378507,196.865971,-152.71466,0,true,true,1.0,-130.2,0,0.0,0.0,1.0
3,981,17.2,4742.20136,34055.35563,4726.664984,33920.48674,17130.272192,-2779.120167,-2768.763324,7.4604,0.009699,0.013417,-135.10701,0.0,0.0,1.0,0.0,0.0,0.0,0,0,0,0,0,0,0,0,0,0,0,0,0,0,0,25275.007812,35600.554688,40000.0,40000.0,40000.0,40000.0,40000.0,40000.0,40000.0,40000.0,40000.0,40000.0,40000.0,40000.0,40000.0,40000.0,40000.0,40000.0,40000.0,40000.0,40000.0,40000.0,40000.0,40000.0,5000.0,99511.711751,196.865868,-152.997599,0,true,true,1.0,-130.19,0,0.0,0.0,1.0
3,982,17.25,4874.285693,-1129.641324,4858.257072,-978.743812,17130.04628,-2780.090083,-2769.729284,3.261576,0.009699,0.013417,-135.10701,0.0,0.0,1.0,0.0,0.0,0.0,0,0,0,0,0,0,0,0,0,0,0,0,0,0,0,25088.560547,35442.847656,40000.0,40000.0,40000.0,40000.0,40000.0,40000.0,40000.0,40000.0,40000.0,40000.0,40000.0,40000.0,40000.0,40000.0,40000.0,40000.0,40000.0,40000.0,40000.0,40000.0,40000.0,40000.0,5000.0,99325.263993,196.865749,-153.17985,0,true,true,1.0,-130.18,0,0.0,0.0,1.0
3,983,17.3,4999.851163,33929.79016,4983.354577,33795.389235,17129.847464,-2793.409146,-2782.998409,3.832586,0.009699,0.013417,-135.10701,0.0,0.0,1.0,0.0,0.0,0.0,0,0,0,0,0,0,0,0,0,0,0,0,0,0,0,24911.314453,35292.960938,40000.0,40000.0,40000.0,40000.0,40000.0,40000.0,40000.0,40000.0,40000.0,40000.0,40000.0,40000.0,40000.0,40000.0,40000.0,40000.0,40000.0,40000.0,40000.0,40000.0,40000.0,40000.0,5000.0,99148.018153,196.865642,-153.33716,0,true,true,1.0,-130.17,0,0.0,0.0,1.0
3,984,17.35,5168.178057,-1297.968218,5151.054121,-1146.443356,17129.668694,-2804.491001,-2794.038591,2.700271,0.009699,0.013417,-135.10701,0.0,0.0,1.0,0.0,0.0,0.0,0,0,0,0,0,0,0,0,0,0,0,0,0,0,0,24673.707031,35091.988281,40000.0,40000.0,40000.0,40000.0,40000.0,40000.0,40000.0,40000.0,40000.0,40000.0,40000.0,40000.0,40000.0,40000.0,40000.0,40000.0,40000.0,40000.0,40000.0,40000.0,40000.0,40000.0,5000.0,98910.41113,196.865498,-153.460288,0,true,true,1.0,-130.16,0,0.0,0.0,1.0
3,985,17.4,5295.799195,33802.169022,5278.199604,33668.243752,17129.596516,-2813.098653,-2802.613905,2.204738,0.009699,0.013417,-135.10701,0.0,0.0,1.0,0.0,0.0,0.0,0,0,0,0,0,0,0,0,0,0,0,0,0,0,0,24493.558594,34939.613281,40000.0,40000.0,40000.0,40000.0,40000.0,40000.0,40000.0,40000.0,40000.0,40000.0,40000.0,40000.0,40000.0,40000.0,40000.0,40000.0,40000.0,40000.0,40000.0,40000.0,40000.0,40000.0,5000.0,98730.263599,196.865389,-153.490281,0,true,true,1.0,-130.15,0,0.0,0.0,1.0
3,986,17.45,5436.946851,-1439.115873,5418.821177,-1287.064929,17129.65805,-2817.476472,-2806.975143,0.176534,0.009699,0.013417,-135.10701,0.0,0.0,1.0,0.0,0.0,0.0,0,0,0,0,0,0,0,0,0,0,0,0,0,0,0,24294.318359,34771.121094,40000.0,40000.0,40000.0,40000.0,40000.0,40000.0,40000.0,40000.0,40000.0,40000.0,40000.0,40000.0,40000.0,40000.0,40000.0,40000.0,40000.0,40000.0,40000.0,40000.0,40000.0,40000.0,5000.0,98531.02234,196.865253,-153.382089,0,true,true,1.0,-130.14,0,0.0,0.0,1.0
3,987,17.5,5560.725153,33678.39072,5542.138125,33544.926804,17129.6581,-2828.051356,-2817.510397,0.902082,0.009699,0.013417,-135.10701,0.0,0.0,1.0,0.0,0.0,0.0,0,0,0,0,0,0,0,0,0,0,0,0,0,0,0,24119.595703,34623.332031,40000.0,40000.0,40000.0,40000.0,40000.0,40000.0,40000.0,40000.0,40000.0,40000.0,40000.0,40000.0,40000.0,40000.0,40000.0,40000.0,40000.0,40000.0,40000.0,40000.0,40000.0,40000.0,5000.0,98356.299313,196.86515,-153.341123,0,true,true,1.0,-130.13,0,0.0,0.0,1.0
3,988,17.55,5728.231799,-1606.622519,5709.020415,-1453.947219,17129.723403,-2833.254993,-2822.694371,-0.893604,0.009699,0.013417,-135.10701,0.0,0.0,1.0,0.0,0.0,0.0,0,0,0,0,0,0,0,0,0,0,0,0,0,0,0,23883.146484,34423.335938,40000.0,40000.0,40000.0,40000.0,40000.0,40000.0,40000.0,40000.0,40000.0,40000.0,40000.0,40000.0,40000.0,40000.0,40000.0,40000.0,40000.0,40000.0,40000.0,40000.0,40000.0,40000.0,5000.0,98119.850238,196.86501,-153.22045,0,true,true,1.0,-130.12,0,0.0,0.0,1.0
3,989,17.6,5857.588985,33549.033534,5837.895432,33416.051788,17129.834291,-2834.515014,-2823.949506,-2.986114,0.009699,0.013417,-135.10701,0.0,0.0,1.0,0.0,0.0,0.0,0,0,0,0,0,0,0,0,0,0,0,0,0,0,0,23700.546875,34268.921875,40000.0,40000.0,40000.0,40000.0,40000.0,40000.0,40000.0,40000.0,40000.0,40000.0,40000.0,40000.0,40000.0,40000.0,40000.0,40000.0,40000.0,40000.0,40000.0,40000.0,40000.0,40000.0,5000.0,97937.252209,196.864899,-153.066802,0,true,true,1.0,-130.11,0,0.0,0.0,1.0
3,990,17.65,5989.345707,-1738.379241,5969.161032,-1585.21282,17129.996105,-2839.602001,-2829.017353,-3.666513,0.009699,0.013417,-135.10701,0.0,0.0,1.0,0.0,0.0,0.0,0,0,0,0,0,0,0,0,0,0,0,0,0,0,0,23514.5625,34111.609375,40000.0,40000.0,40000.0,40000.0,40000.0,40000.0,40000.0,40000.0,40000.0,40000.0,40000.0,40000.0,40000.0,40000.0,40000.0,40000.0,40000.0,40000.0,40000.0,40000.0,40000.0,40000.0,5000.0,97751.26706,196.864783,-152.861436,0,true,true,1.0,-130.1,0,0.0,0.0,1.0
3,991,17.7,6161.95282,33376.426422,6141.124741,33244.088078,17130.238855,-2847.73389,-2837.118713,-3.821147,0.009699,0.013417,-135.10701,0.0,0.0,1.0,0.0,0.0,0.0,0,0,0,0,0,0,0,0,0,0,0,0,0,0,0,23270.914062,33905.558594,40000.0,40000.0,40000.0,40000.0,40000.0,40000.0,40000.0,40000.0,40000.0,40000.0,40000.0,40000.0,40000.0,40000.0,40000.0,40000.0,40000.0,40000.0,40000.0,40000.0,40000.0,40000.0,5000.0,97507.618334,196.864635,-152.561629,0,true,true,1.0,-130.09,0,0.0,0.0,1.0
3,992,17.75,6290.274136,-1866.700558,6268.967724,-1713.055803,17130.446804,-2846.908731,-2836.296482,-6.049416,0.009699,0.013417,-135.10701,0.0,0.0,1.0,0.0,0.0,0.0,0,0,0,0,0,0,0,0,0,0,0,0,0,0,0,23089.777344,33752.347656,40000.0,40000.0,40000.0,40000.0,40000.0,40000.0,40000.0,40000.0,40000.0,40000.0,40000.0,40000.0,40000.0,40000.0,40000.0,40000.0,40000.0,40000.0,40000.0,40000.0,40000.0,40000.0,5000.0,97326.482559,196.864526,-152.311262,0,true,true,1.0,-130.08,0,0.0,0.0,1.0
3,993,17.8,6421.461807,33245.238751,6399.666371,33113.389432,17130.698451,-2852.571842,-2841.938344,-6.034083,0.009699,0.013417,-135.10701,0.0,0.0,1.0,0.0,0.0,0.0,0,0,0,0,0,0,0,0,0,0,0,0,0,0,0,22904.595703,33595.714844,40000.0,40000.0,40000.0,40000.0,40000.0,40000.0,40000.0,40000.0,40000.0,40000.0,40000.0,40000.0,40000.0,40000.0,40000.0,40000.0,40000.0,40000.0,40000.0,40000.0,40000.0,40000.0,5000.0,97141.300709,196.864412,-152.016251,0,true,true,1.0,-130.07,0,0.0,0.0,1.0
3,994,17.85,6596.211872,-2041.450623,6573.765016,-1887.154448,17131.073453,-2856.942894,-2846.29293,-6.867358,0.009699,0.013417,-135.10701,0.0,0.0,1.0,0.0,0.0,0.0,0,0,0,0,0,0,0,0,0,0,0,0,0,0,0,22657.921875,33387.105469,40000.0,40000.0,40000.0,40000.0,40000.0,40000.0,40000.0,40000.0,40000.0,40000.0,40000.0,40000.0,40000.0,40000.0,40000.0,40000.0,40000.0,40000.0,40000.0,40000.0,40000.0,40000.0,5000.0,96894.627085,196.864261,-151.583484,0,true,true,1.0,-130.06,0,0.0,0.0,1.0
3,995,17.9,6721.444451,33120.006172,6698.530756,32988.623692,17131.336526,-2865.53786,-2854.855743,-5.53297,0.009699,0.013417,-135.10701,0.0,0.0,1.0,0.0,0.0,0.0,0,0,0,0,0,0,0,0,0,0,0,0,0,0,0,22481.146484,33237.582031,40000.0,40000.0,40000.0,40000.0,40000.0,40000.0,40000.0,40000.0,40000.0,40000.0,40000.0,40000.0,40000.0,40000.0,40000.0,40000.0,40000.0,40000.0,40000.0,40000.0,40000.0,40000.0,5000.0,96717.851336,196.864158,-151.279014,0,true,true,1.0,-130.05,0,0.0,0.0,1.0
3,996,17.95,6856.568481,-2176.574653,6833.151068,-2021.77476,17131.694776,-2863.611223,-2852.936173,-7.682779,0.009699,0.013417,-135.10701,0.0,0.0,1.0,0.0,0.0,0.0,0,0,0,0,0,0,0,0,0,0,0,0,0,0,0,22290.408203,33076.246094,40000.0,40000.0,40000.0,40000.0,40000.0,40000.0,40000.0,40000.0,40000.0,40000.0,40000.0,40000.0,40000.0,40000.0,40000.0,40000.0,40000.0,40000.0,40000.0,40000.0,40000.0,40000.0,5000.0,96527.113039,196.864038,-150.876098,0,true,true,1.0,-130.04,0,0.0,0.0,1.0
3,997,18.0,6988.972782,32987.601871,6965.061786,32856.712975,17132.060432,-2871.396209,-2860.692034,-6.498984,0.009699,0.013417,-135.10701,0.0,0.0,1.0,0.0,0.0,0.0,0,0,0,0,0,0,0,0,0,0,0,0,0,0,0,22103.509766,32918.195312,40000.0,40000.0,40000.0,40000.0,40000.0,40000.0,40000.0,40000.0,40000.0,40000.0,40000.0,40000.0,40000.0,40000.0,40000.0,40000.0,40000.0,40000.0,40000.0,40000.0,40000.0,40000.0,5000.0,96340.213862,196.863921,-150.466676,0,true,true,1.0,-130.03,0,0.0,0.0,1.0
3,998,18.05,7147.712345,-2335.314215,7123.209584,-2179.922559,17132.427945,-2872.615209,-2861.906375,-7.622947,0.009699,0.013417,-135.10701,0.0,0.0,1.0,0.0,0.0,0.0,0,0,0,0,0,0,0,0,0,0,0,0,0,0,0,21879.435547,32728.667969,40000.0,40000.0,40000.0,40000.0,40000.0,40000.0,40000.0,40000.0,40000.0,40000.0,40000.0,40000.0,40000.0,40000.0,40000.0,40000.0,40000.0,40000.0,40000.0,40000.0,40000.0,40000.0,5000.0,96116.140362,196.863798,-150.04669,0,true,true,1.0,-130.02,0,0.0,0.0,1.0
3,999,18.1,7275.789568,32859.524647,7250.809345,32729.113213,17132.794451,-2879.73521,-2868.999747,-6.423278,0.009699,0.013417,-135.10701,0.0,0.0,1.0,0.0,0.0,0.0,0,0,0,0,0,0,0,0,0,0,0,0,0,0,0,21698.644531,32575.748047,40000.0,40000.0,40000.0,40000.0,40000.0,40000.0,40000.0,40000.0,40000.0,40000.0,40000.0,40000.0,40000.0,40000.0,40000.0,40000.0,40000.0,40000.0,40000.0,40000.0,40000.0,40000.0,5000.0,95935.349208,196.86369,-149.637847,0,true,true,1.0,-130.01,0,0.0,0.0,1.0
3,1000,18.15,7477.539751,-2537.064398,7451.807411,-2380.920625,17133.612043,-2855.461704,-2844.816607,-15.971095,0.009699,0.013417,-135.10701,0.0,0.0,1.0,0.0,0.0,0.0,0,0,0,0,0,0,0,0,0,0,0,0,0,0,0,21413.857422,32282.466797,40000.0,40000.0,40000.0,40000.0,40000.0,40000.0,40000.0,40000.0,40000.0,40000.0,40000.0,40000.0,40000.0,40000.0,40000.0,40000.0,40000.0,40000.0,40000.0,40000.0,40000.0,40000.0,5000.0,95650.562893,196.863483,-148.753566,0,true,true,1.0,-130.0,0,0.0,0.0,1.0
3,1001,18.2,7561.596657,32775.467741,7535.550955,32645.36967,17133.866158,-2883.367862,-2872.618684,-7.521772,0.009699,0.013417,-135.10701,0.0,0.0,1.0,0.0,0.0,0.0,0,0,0,0,0,0,0,0,0,0,0,0,0,0,0,21295.205078,32151.589844,40000.0,40000.0,40000.0,40000.0,40000.0,40000.0,40000.0,40000.0,40000.0,40000.0,40000.0,40000.0,40000.0,40000.0,40000.0,40000.0,40000.0,40000.0,40000.0,40000.0,40000.0,40000.0,5000.0,95531.909913,196.863414,-148.471665,0,true,true,1.0,-129.99,0,0.0,0.0,1.0
3,1002,18.25,7727.893303,-2703.361044,7701.227644,-2546.597314,17134.372403,-2885.323862,-2874.567304,-8.054172,0.009699,0.013417,-135.10701,0.0,0.0,1.0,0.0,0.0,0.0,0,0,0,0,0,0,0,0,0,0,0,0,0,0,0,21060.462891,31892.701172,40000.0,40000.0,40000.0,40000.0,40000.0,40000.0,40000.0,40000.0,40000.0,40000.0,40000.0,40000.0,40000.0,40000.0,40000.0,40000.0,40000.0,40000.0,40000.0,40000.0,40000.0,40000.0,5000.0,95297.169032,196.863279,-147.91045,0,true,true,1.0,-129.98,0,0.0,0.0,1.0
3,1003,18.3,7852.709087,32650.651957,7825.57811,32521.019204,17134.764982,-2882.20366,-2871.458673,-9.887577,0.009699,0.013417,-135.10701,0.0,0.0,1.0,0.0,0.0,0.0,0,0,0,0,0,0,0,0,0,0,0,0,0,0,0,20884.275391,31698.363281,40000.0,40000.0,40000.0,40000.0,40000.0,40000.0,40000.0,40000.0,40000.0,40000.0,40000.0,40000.0,40000.0,40000.0,40000.0,40000.0,40000.0,40000.0,40000.0,40000.0,40000.0,40000.0,5000.0,95120.981676,196.863177,-147.476612,0,true,true,1.0,-129.97,0,0.0,0.0,1.0
3,1004,18.35,8020.992322,-2871.644279,7993.233337,-2714.252541,17135.319591,-2884.00051,-2873.211985,-10.237453,0.009668,0.109777,-135.148422,0.0,0.0,1.0,0.0,0.860303,-0.501844,0,0,0,0,0,0,0,0,0,0,0,0,0,0,0,20648.732422,31424.445312,40000.0,40000.0,40000.0,40000.0,40000.0,40000.0,40000.0,40000.0,40000.0,40000.0,40000.0,40000.0,40000.0,40000.0,40000.0,40000.0,40000.0,40000.0,40000.0,40000.0,40000.0,40000.0,5000.0,94882.888744,265.467848,-306.428938,0,true,true,1.0,-129.96,0,0.0,0.0,1.0
3,1005,18.4,8140.95283,32530.691448,8112.732978,32401.519563,17135.674546,-2890.103356,-2878.763683,-8.242464,0.008986,0.392266,-135.334869,0.0,0.0,1.0,0.0,0.279972,-0.279972,0,0,0,0,0,0,0,0,0,0,0,0,0,0,0,20488.804688,31184.951172,40000.0,40000.0,40000.0,40000.0,40000.0,40000.0,40000.0,40000.0,40000.0,40000.0,40000.0,40000.0,40000.0,40000.0,40000.0,40000.0,40000.0,40000.0,40000.0,40000.0,40000.0,40000.0,5000.0,94709.542006,573.625237,-772.660858,0,true,true,1.0,-129.95,0,0.0,0.0,1.0
3,1006,18.45,8302.030285,-3032.721733,8273.0814,-2874.600963,17136.046714,-2894.361779,-2879.771217,-4.842364,0.004033,0.943344,-135.801926,0.0,0.0,1.0,0.0,-0.069993,-0.349965,0,0,0,0,0,0,0,0,0,0,0,0,0,0,0,20286.759766,30807.572266,40000.0,40000.0,40000.0,40000.0,40000.0,40000.0,40000.0,40000.0,40000.0,40000.0,40000.0,40000.0,40000.0,40000.0,40000.0,40000.0,40000.0,40000.0,40000.0,40000.0,40000.0,40000.0,5000.0,94462.677669,1343.009507,-1679.293049,0,true,true,1.0,-129.94,0,0.0,0.0,1.0
3,1007,18.5,8470.616231,32362.105502,8440.567443,32234.03352,17136.18533,-2889.482035,-2867.595023,-2.151285,-0.00498,1.2218,-136.27565,0.0,0.0,1.0,0.0,-1.786774,0.595591,0,0,0,0,0,0,0,0,0,0,0,0,0,0,0,20075.138672,30421.541016,40000.0,40000.0,40000.0,40000.0,40000.0,40000.0,40000.0,40000.0,40000.0,40000.0,40000.0,40000.0,40000.0,40000.0,40000.0,40000.0,40000.0,40000.0,40000.0,40000.0,40000.0,40000.0,5000.0,94201.531013,2119.289711,-2133.125949,0,true,true,1.0,-129.93,0,0.0,0.0,1.0
3,1008,18.55,8590.994494,-3153.099996,8559.844261,-2993.877781,17136.031287,-2902.688079,-2873.751161,4.848841,-0.008643,0.895041,-136.456253,0.0,0.0,1.0,0.0,-2.1019,0.467089,0,0,0,0,0,0,0,0,0,0,0,0,0,0,0,19912.769531,30185.496094,40000.0,40000.0,40000.0,40000.0,40000.0,40000.0,40000.0,40000.0,40000.0,40000.0,40000.0,40000.0,40000.0,40000.0,40000.0,40000.0,40000.0,40000.0,40000.0,40000.0,40000.0,40000.0,5000.0,94035.606749,2412.702589,-1593.435606,0,true,true,1.0,-129.92,0,0.0,0.0,1.0
3,1009,18.6,8751.588125,32201.511871,8718.49904,32075.378741,17135.677171,-2909.360431,-2870.590051,6.366141,-0.009418,-0.342229,-136.516205,0.0,0.0,1.0,0.0,-1.815559,0.320393,0,0,0,0,0,0,0,0,0,0,0,0,0,0,0,19687.521484,29955.535156,40000.0,40000.0,40000.0,40000.0,40000.0,40000.0,40000.0,40000.0,40000.0,40000.0,40000.0,40000.0,40000.0,40000.0,40000.0,40000.0,40000.0,40000.0,40000.0,40000.0,40000.0,40000.0,5000.0,93819.811099,2506.81728,435.656643,0,true,true,1.0,-129.91,0,0.0,0.0,1.0
3,1010,18.65,8877.52227,-3279.034141,8842.545644,-3117.924385,17135.547516,-2912.420262,-2866.433105,1.039957,-0.010004,-1.76323,-136.478638,0.0,0.0,1.0,0.0,-1.600066,0.10323,0,0,0,0,0,0,0,0,0,0,0,0,0,0,0,19517.160156,29808.892578,40000.0,40000.0,40000.0,40000.0,40000.0,40000.0,40000.0,40000.0,40000.0,40000.0,11323.911133,40000.0,40000.0,40000.0,40000.0,40000.0,40000.0,40000.0,40000.0,40000.0,40000.0,40000.0,5000.0,93605.116209,2442.4837,2756.591352,0,true,true,1.0,-129.9,0,0.0,0.0,1.0
3,1011,18.7,9012.434901,32066.59924,8975.113399,31942.810986,17135.917289,-2913.795133,-2860.943007,-12.439454,-0.012286,-3.63357,-136.423203,0.0,0.0,1.0,0.0,-2.046082,0.0,0,0,0,0,0,0,0,0,0,0,0,0,0,0,0,19354.292969,29679.4375,40000.0,40000.0,40000.0,40000.0,40000.0,40000.0,40000.0,40000.0,40000.0,40000.0,11142.114258,40000.0,40000.0,40000.0,40000.0,40000.0,40000.0,40000.0,40000.0,40000.0,40000.0,40000.0,5000.0,93278.81532,2349.608181,5798.641145,0,true,true,1.0,-129.89,0,0.0,0.0,1.0
3,1012,18.75,9192.838131,-3459.437371,9151.934609,-3294.745595,17137.819028,-2913.404711,-2852.713999,-45.043075,-0.014797,-6.846317,-136.387909,0.0,0.0,1.0,0.0,-2.115425,-0.285868,0,0,0,0,0,0,0,0,0,0,0,0,0,0,0,19197.318359,29607.443359,40000.0,40000.0,40000.0,40000.0,40000.0,40000.0,40000.0,40000.0,40000.0,40000.0,11391.055664,40000.0,40000.0,40000.0,40000.0,40000.0,40000.0,40000.0,40000.0,40000.0,40000.0,40000.0,5000.0,92557.616098,2290.036983,10989.070727,0,true,true,1.0,-129.88,0,0.0,0.0,1.0
3,1013,18.8,9326.950011,31932.48736,9283.08846,31811.657135,17140.872128,-2920.542342,-2854.347487,-78.817717,-0.008364,-9.508085,-136.435486,0.0,0.0,1.0,0.0,0.0,0.0,0,0,0,0,0,0,0,0,0,0,0,0,0,0,0,19137.792969,29656.583984,40000.0,40000.0,40000.0,40000.0,40000.0,40000.0,40000.0,40000.0,40000.0,40000.0,11657.845703,40000.0,40000.0,40000.0,40000.0,40000.0,40000.0,40000.0,40000.0,40000.0,40000.0,40000.0,5000.0,91759.997946,2364.217139,15247.53735,0,true,true,1.0,-129.87,0,0.0,0.0,1.0
3,1014,18.85,9475.664687,-3608.152048,9428.233714,-3439.890849,17146.636373,-2917.953677,-2846.001592,-129.084668,-0.001661,-11.51028,-136.473434,0.0,0.0,1.0,0.0,0.0,0.0,0,0,0,0,0,0,0,0,0,0,0,0,0,0,0,19051.771484,29679.373047,40000.0,40000.0,40000.0,40000.0,40000.0,40000.0,40000.0,40000.0,40000.0,40000.0,11945.992188,40000.0,40000.0,40000.0,40000.0,40000.0,40000.0,40000.0,40000.0,40000.0,40000.0,40000.0,5000.0,90964.939622,2421.315709,18408.262095,0,true,true,1.0,-129.86,0,0.0,0.0,1.0
3,1015,18.9,9616.636708,31791.51534,9565.557072,31674.333777,17154.55788,-2921.232012,-2843.881486,-180.302501,0.004172,-12.973023,-136.501495,0.0,0.0,1.0,0.0,0.0,0.0,0,0,0,0,0,0,0,0,0,0,0,0,0,0,0,18956.716797,29680.292969,40000.0,40000.0,40000.0,40000.0,40000.0,40000.0,40000.0,40000.0,40000.0,40000.0,12214.511719,40000.0,40000.0,40000.0,40000.0,40000.0,40000.0,40000.0,40000.0,40000.0,40000.0,40000.0,5000.0,90270.683148,2462.148993,20687.841411,0,true,true,1.0,-129.85,0,0.0,0.0,1.0
3,1016,18.95,9751.497846,-3743.013186,9696.696063,-3571.02984,17164.544549,-2918.441723,-2836.289128,-233.571377,0.009059,-14.066179,-136.522675,0.0,0.0,1.0,0.0,0.0,0.0,0,0,0,0,0,0,0,0,0,0,0,0,0,0,0,18850.6875,29657.904297,40000.0,40000.0,40000.0,40000.0,40000.0,40000.0,40000.0,40000.0,40000.0,40000.0,12000.719727,40000.0,40000.0,40000.0,40000.0,40000.0,40000.0,40000.0,40000.0,40000.0,40000.0,40000.0,5000.0,89673.803326,2491.989685,22370.225654,0,true,true,1.0,-129.84,0,0.0,0.0,1.0
3,1017,19.0,9886.395963,31656.617222,9827.652376,31543.377464,17177.02727,-2915.109455,-2828.391371,-287.984172,0.013029,-14.886576,-136.538712,0.0,0.0,1.0,0.0,0.0,0.0,0,0,0,0,0,0,0,0,0,0,0,0,0,0,0,18726.431641,29607.189453,40000.0,40000.0,40000.0,40000.0,40000.0,40000.0,40000.0,40000.0,40000.0,40000.0,12239.842773,40000.0,40000.0,40000.0,40000.0,40000.0,40000.0,40000.0,40000.0,40000.0,40000.0,40000.0,5000.0,89158.746809,2513.750468,23615.658499,0,true,true,1.0,-129.83,0,0.0,0.0,1.0
3,1018,19.05,10073.503481,-3930.120703,10008.946932,-3752.324396,17198.582075,-2903.07546,-2810.641827,-364.426561,0.017046,-15.665917,-136.554047,0.0,0.0,1.0,0.0,0.0,0.0,0,0,0,0,0,0,0,0,0,0,0,0,0,0,0,18525.888672,29492.380859,40000.0,40000.0,40000.0,40000.0,40000.0,40000.0,40000.0,40000.0,40000.0,40000.0,12556.137695,40000.0,40000.0,40000.0,40000.0,40000.0,40000.0,40000.0,40000.0,40000.0,40000.0,40000.0,5000.0,88571.983693,2533.487192,24776.588923,0,true,true,1.0,-129.82,0,0.0,0.0,1.0
3,1019,19.1,10211.112925,31519.007778,10142.041965,31410.282431,17217.445679,-2904.636957,-2807.970362,-416.812518,0.019245,-16.073839,-136.562119,0.0,0.0,1.0,0.0,0.0,0.0,0,0,0,0,0,0,0,0,0,0,0,0,0,0,0,18364.257812,29385.796875,40000.0,40000.0,40000.0,40000.0,40000.0,40000.0,40000.0,40000.0,40000.0,40000.0,12780.904297,40000.0,40000.0,40000.0,40000.0,40000.0,40000.0,40000.0,40000.0,40000.0,40000.0,40000.0,5000.0,88203.830379,2543.271849,25371.674434,0,true,true,1.0,-129.81,0,0.0,0.0,1.0
3,1020,19.15,10341.162456,-4060.170234,10267.65138,-3877.933812,17237.503613,-2905.185972,-2804.768614,-464.842878,0.020937,-16.379576,-136.568207,0.0,0.0,1.0,0.0,0.0,0.0,0,0,0,0,0,0,0,0,0,0,0,0,0,0,0,18204.371094,29273.736328,40000.0,40000.0,40000.0,40000.0,40000.0,40000.0,40000.0,40000.0,40000.0,40000.0,12989.301758,40000.0,40000.0,40000.0,40000.0,40000.0,40000.0,40000.0,40000.0,40000.0,40000.0,40000.0,5000.0,87887.81863,2550.28339,25810.237596,0,true,true,1.0,-129.8,0,0.0,0.0,1.0
3,1021,19.2,10462.733743,31397.436491,10384.91422,31293.019592,17258.638319,-2873.480382,-2770.853045,-513.357644,0.0218,-16.532963,-136.571259,0.0,0.0,1.0,0.0,0.0,0.0,0,0,0,0,0,0,0,0,0,0,0,0,0,0,0,18042.482422,29148.863281,40000.0,40000.0,40000.0,40000.0,40000.0,40000.0,40000.0,40000.0,40000.0,40000.0,13175.827148,40000.0,40000.0,40000.0,40000.0,40000.0,40000.0,40000.0,40000.0,40000.0,40000.0,40000.0,5000.0,87650.345577,2553.113557,26017.629598,0,true,true,1.0,-129.79,0,0.0,0.0,1.0
3,1022,19.25,10642.212511,-4239.649002,10557.805158,-4050.82475,17292.537818,-2891.701446,-2783.889857,-570.880582,0.023077,-16.756653,-136.575714,0.0,0.0,1.0,0.0,0.0,0.0,0,0,0,0,0,0,0,0,0,0,0,0,0,0,0,17803.167969,28964.380859,40000.0,40000.0,40000.0,40000.0,40000.0,40000.0,40000.0,40000.0,40000.0,40000.0,13451.553711,40000.0,40000.0,40000.0,40000.0,40000.0,40000.0,40000.0,40000.0,40000.0,40000.0,40000.0,5000.0,87299.525932,2557.339391,26320.24181,0,true,true,1.0,-129.78,0,0.0,0.0,1.0
3,1023,19.3,10772.492438,31267.156564,10683.135076,31167.689673,17319.425888,-2900.347849,-2789.143589,-611.020027,0.023762,-16.875229,-136.578094,0.0,0.0,1.0,0.0,0.0,0.0,0,0,0,0,0,0,0,0,0,0,0,0,0,0,0,17625.275391,28823.722656,40000.0,40000.0,40000.0,40000.0,40000.0,40000.0,40000.0,40000.0,40000.0,40000.0,13648.933594,40000.0,40000.0,40000.0,40000.0,40000.0,40000.0,40000.0,40000.0,40000.0,40000.0,40000.0,5000.0,87063.976047,2559.254183,26474.110752,0,true,true,1.0,-129.77,0,0.0,0.0,1.0
3,1024,19.35,10908.743207,-4375.899771,10814.066377,-4181.75605,17349.549831,-2892.133645,-2778.233249,-652.788507,0.024276,-16.96364,-136.579849,0.0,0.0,1.0,0.0,0.0,0.0,0,0,0,0,0,0,0,0,0,0,0,0,0,0,0,17435.84375,28671.099609,40000.0,40000.0,40000.0,40000.0,40000.0,40000.0,40000.0,40000.0,40000.0,40000.0,13852.948242,40000.0,40000.0,40000.0,40000.0,40000.0,40000.0,40000.0,40000.0,40000.0,40000.0,40000.0,5000.0,86833.420969,2560.331874,26582.107386,0,true,true,1.0,-129.76,0,0.0,0.0,1.0
3,1025,19.4,11044.31385,31131.585922,10944.209517,31037.546533,17381.395701,-2887.674605,-2771.146991,-691.477631,0.024663,-17.029699,-136.581177,0.0,0.0,1.0,0.0,0.0,0.0,0,0,0,0,0,0,0,0,0,0,0,0,0,0,0,17245.291016,28515.900391,40000.0,40000.0,40000.0,40000.0,40000.0,40000.0,40000.0,40000.0,40000.0,40000.0,14054.418945,40000.0,40000.0,40000.0,40000.0,40000.0,40000.0,40000.0,40000.0,40000.0,40000.0,40000.0,5000.0,86613.650148,2560.86886,26657.619481,0,true,true,1.0,-129.75,0,0.0,0.0,1.0
3,1026,19.45,11223.758287,-4555.344208,11116.277755,-4353.824288,17426.246832,-2882.242579,-2762.502742,-739.043994,0.025034,-17.092865,-136.582443,0.0,0.0,1.0,0.0,0.0,0.0,0,0,0,0,0,0,0,0,0,0,0,0,0,0,0,16990.818359,28306.724609,40000.0,40000.0,40000.0,40000.0,40000.0,40000.0,40000.0,40000.0,40000.0,40000.0,14319.326172,40000.0,40000.0,40000.0,40000.0,40000.0,40000.0,40000.0,40000.0,40000.0,40000.0,40000.0,5000.0,86333.34798,2561.019619,26722.889269,0,true,true,1.0,-129.74,0,0.0,0.0,1.0
3,1027,19.5,11352.967908,31002.3763,11240.050649,30913.773639,17460.280988,-2884.742607,-2762.609553,-770.410486,0.025231,-17.126364,-136.583115,0.0,0.0,1.0,0.0,0.0,0.0,0,0,0,0,0,0,0,0,0,0,0,0,0,0,0,16806.5,28154.345703,40000.0,40000.0,40000.0,40000.0,40000.0,40000.0,40000.0,40000.0,40000.0,40000.0,14509.166016,40000.0,40000.0,40000.0,40000.0,40000.0,40000.0,40000.0,40000.0,40000.0,40000.0,40000.0,5000.0,86136.669231,2560.874399,26753.195702,0,true,true,1.0,-129.73,0,0.0,0.0,1.0
3,1028,19.55,11488.737223,-4691.113524,11370.000474,-4483.774113,17497.591099,-2879.229299,-2755.077885,-801.87637,0.022522,-17.15667,-136.573929,0.0,0.0,1.0,0.0,-0.139986,0.279972,0,0,0,0,0,0,0,0,0,0,0,0,0,0,0,16611.957031,27991.130859,40000.0,40000.0,40000.0,40000.0,40000.0,40000.0,40000.0,40000.0,40000.0,40000.0,14708.185547,40000.0,40000.0,40000.0,40000.0,40000.0,40000.0,40000.0,40000.0,40000.0,40000.0,40000.0,5000.0,85932.322701,2546.614793,26778.960201,0,true,true,1.0,-129.72,0,0.0,0.0,1.0
3,1029,19.6,11659.318312,30831.795211,11533.139703,30750.63441,17546.43494,-2878.237822,-2751.934151,-838.261325,-0.008505,-17.203527,-136.468857,0.0,0.0,1.0,0.0,0.0,0.0,0,0,0,0,0,0,0,0,0,0,0,0,0,0,0,16364.170898,27765.103516,40000.0,40000.0,40000.0,40000.0,40000.0,40000.0,40000.0,40000.0,40000.0,40000.0,14958.296875,40000.0,40000.0,40000.0,40000.0,40000.0,40000.0,40000.0,40000.0,40000.0,40000.0,40000.0,5000.0,85674.810318,2395.261352,26826.059457,0,true,true,1.0,-129.71,0,0.0,0.0,1.0
3,1030,19.65,11794.936474,-4826.731686,11662.771076,-4613.405486,17586.842865,-2875.292539,-2748.047247,-865.278339,-0.025785,-17.228939,-136.410461,0.0,0.0,1.0,0.0,0.0,0.0,0,0,0,0,0,0,0,0,0,0,0,0,0,0,0,16167.349609,27589.96875,40000.0,40000.0,40000.0,40000.0,40000.0,40000.0,40000.0,40000.0,40000.0,40000.0,15156.400391,40000.0,40000.0,40000.0,40000.0,40000.0,40000.0,40000.0,40000.0,40000.0,40000.0,40000.0,5000.0,85474.029937,2311.477868,26847.107557,0,true,true,1.0,-129.7,0,0.0,0.0,1.0
3,1031,19.7,11921.7708,30704.960885,11783.973514,30629.431972,17625.70925,-2876.787776,-2748.871557,-888.833432,-0.038853,-17.248116,-136.366348,0.0,0.0,1.0,0.0,0.0,0.0,0,0,0,0,0,0,0,0,0,0,0,0,0,0,0,15983.382812,27428.150391,40000.0,40000.0,40000.0,40000.0,40000.0,40000.0,40000.0,40000.0,40000.0,40000.0,15341.390625,40000.0,40000.0,40000.0,40000.0,40000.0,40000.0,40000.0,40000.0,40000.0,40000.0,40000.0,5000.0,85287.635434,2248.443919,26860.85144,0,true,true,1.0,-129.69,0,0.0,0.0,1.0
3,1032,19.75,12051.85444,-4956.815325,11908.262255,-4737.694227,17666.669449,-2870.007731,-2742.066366,-911.697095,-0.048724,-17.262577,-136.333069,0.0,0.0,1.0,0.0,0.0,0.0,0,0,0,0,0,0,0,0,0,0,0,0,0,0,0,15794.793945,27264.376953,40000.0,40000.0,40000.0,40000.0,40000.0,40000.0,40000.0,40000.0,40000.0,40000.0,15530.787109,40000.0,40000.0,40000.0,40000.0,40000.0,40000.0,40000.0,40000.0,40000.0,40000.0,40000.0,5000.0,85098.109503,2201.051199,26868.138946,0,true,true,1.0,-129.68,0,0.0,0.0,1.0
3,1033,19.8,12231.547569,30525.267756,12079.938867,30457.755359,17724.96442,-2861.030111,-2733.37385,-940.850066,-0.058182,-17.276417,-136.301208,0.0,0.0,1.0,0.0,0.0,0.0,0,0,0,0,0,0,0,0,0,0,0,0,0,0,0,15534.34375,27040.597656,40000.0,40000.0,40000.0,40000.0,40000.0,40000.0,40000.0,40000.0,40000.0,40000.0,15792.017578,40000.0,40000.0,40000.0,40000.0,40000.0,40000.0,40000.0,40000.0,40000.0,40000.0,40000.0,5000.0,84838.139823,2155.885083,26870.593574,0,true,true,1.0,-129.67,0,0.0,0.0,1.0
3,1034,19.85,12358.773187,-5084.040943,12201.48999,-4859.24535,17767.28182,-2865.526169,-2737.760642,-959.88208,-0.065668,-17.276264,-136.276001,0.0,0.0,1.0,0.0,0.069993,0.0,0,0,0,0,0,0,0,0,0,0,0,0,0,0,0,15349.033203,13997.822266,40000.0,40000.0,40000.0,40000.0,40000.0,40000.0,40000.0,40000.0,40000.0,40000.0,15937.466797,40000.0,40000.0,40000.0,40000.0,40000.0,40000.0,40000.0,40000.0,40000.0,40000.0,40000.0,5000.0,84658.510796,2120.328725,26858.559048,0,true,true,1.0,-129.66,0,0.0,0.0,1.0
3,1035,19.9,12487.772804,30396.268139,12324.744505,30334.500845,17811.060503,-2863.800083,-2736.345269,-977.946822,-0.072449,-17.272324,-136.253159,0.0,0.0,1.0,0.0,0.0,0.069993,0,0,0,0,0,0,0,0,0,0,0,0,0,0,0,15160.957031,13823.762695,40000.0,40000.0,40000.0,40000.0,40000.0,40000.0,40000.0,40000.0,40000.0,40000.0,16123.824219,40000.0,40000.0,40000.0,40000.0,40000.0,40000.0,40000.0,40000.0,40000.0,40000.0,40000.0,5000.0,84477.777271,2088.245694,26841.604681,0,true,true,1.0,-129.65,0,0.0,0.0,1.0
3,1036,19.95,12660.577517,-5256.845656,12489.877186,-5024.378031,17870.973427,-2857.753884,-2731.092429,-1000.209664,-0.081487,-17.26025,-136.222717,0.0,0.0,1.0,0.0,0.0,0.0,0,0,0,0,0,0,0,0,0,0,0,0,0,0,0,14908.50293,13574.699219,40000.0,40000.0,40000.0,40000.0,40000.0,40000.0,40000.0,40000.0,40000.0,40000.0,16372.865234,40000.0,40000.0,40000.0,40000.0,40000.0,40000.0,40000.0,40000.0,40000.0,40000.0,40000.0,5000.0,84238.42999,2045.656671,26810.155706,0,true,true,1.0,-129.64,0,0.0,0.0,1.0
3,1037,20.0,12791.326985,30265.518671,12614.847176,30209.530854,17917.207369,-2860.683319,-2734.413058,-1015.846499,-0.086998,-17.242033,-136.204132,0.0,0.0,1.0,0.0,0.0,0.0,0,0,0,0,0,0,0,0,0,0,0,0,0,0,0,14717.0,13385.457031,39893.460938,40000.0,40000.0,40000.0,40000.0,40000.0,40000.0,40000.0,40000.0,40000.0,16560.507812,40000.0,40000.0,40000.0,40000.0,40000.0,40000.0,40000.0,40000.0,40000.0,40000.0,40000.0,5000.0,84061.125639,2019.801261,26773.952585,0,true,true,1.0,-129.63,0,0.0,0.0,1.0
3,1038,20.05,12923.207198,-5388.725869,12740.924578,-5150.455432,17964.562784,-2854.080389,-2728.705245,-1030.259066,-0.091621,-17.218304,-136.188538,0.0,0.0,1.0,0.0,0.0,0.0,0,0,0,0,0,0,0,0,0,0,0,0,0,0,0,14523.544922,13194.183594,31229.794922,40000.0,40000.0,40000.0,40000.0,40000.0,40000.0,40000.0,40000.0,40000.0,16749.289062,40000.0,40000.0,40000.0,40000.0,40000.0,40000.0,40000.0,40000.0,40000.0,40000.0,40000.0,5000.0,83884.428699,1998.186036,26730.397189,0,true,true,1.0,-129.62,0,0.0,0.0,1.0
3,1039,20.1,13103.008979,30085.71689,12912.868891,30037.586541,18030.877886,-2800.78365,-2678.688274,-1047.520345,-0.094942,-17.201235,-136.177307,0.0,0.0,1.0,0.0,0.0,0.0,0,0,0,0,0,0,0,0,0,0,0,0,0,0,0,14261.413086,12934.151367,30359.496094,40000.0,40000.0,40000.0,40000.0,40000.0,40000.0,40000.0,40000.0,40000.0,17008.097656,40000.0,40000.0,40000.0,40000.0,40000.0,40000.0,40000.0,40000.0,40000.0,40000.0,40000.0,5000.0,83635.486411,1982.878468,26695.206121,0,true,true,1.0,-129.61,0,0.0,0.0,1.0
3,1040,20.15,13200.368683,-5486.085573,13005.997848,-5243.584389,18067.176787,-2871.930668,-2747.21945,-1059.492703,-0.096417,-17.193645,-136.172318,0.0,0.0,1.0,0.0,0.0,0.0,0,0,0,0,0,0,0,0,0,0,0,0,0,0,0,14119.647461,12793.430664,29884.976562,40000.0,40000.0,40000.0,40000.0,40000.0,40000.0,40000.0,40000.0,40000.0,17148.396484,40000.0,40000.0,40000.0,40000.0,40000.0,40000.0,40000.0,40000.0,40000.0,40000.0,40000.0,5000.0,83499.744623,1976.130936,26678.990785,0,true,true,1.0,-129.6,0,0.0,0.0,1.0
3,1041,20.2,13340.214398,29945.871175,13139.792513,29903.791876,18119.394442,-2851.892799,-2728.748961,-1070.896164,-0.098846,-17.181141,-136.164108,0.0,0.0,1.0,0.0,0.0,0.0,0,0,0,0,0,0,0,0,0,0,0,0,0,0,0,13915.863281,12591.246094,29205.023438,40000.0,40000.0,40000.0,40000.0,40000.0,40000.0,40000.0,40000.0,40000.0,17349.761719,40000.0,40000.0,40000.0,40000.0,40000.0,40000.0,40000.0,40000.0,40000.0,40000.0,13648.420898,5000.0,83305.502198,1964.990664,26653.500772,0,true,true,1.0,-129.59,0,0.0,0.0,1.0
3,1042,20.25,13497.373939,-5643.245114,13290.195058,-5393.986934,18179.161083,-2850.645459,-2728.33352,-1083.535958,-0.100099,-17.174685,-136.159866,0.0,0.0,1.0,0.0,0.0,0.0,0,0,0,0,0,0,0,0,0,0,0,0,0,0,0,13687.597656,12364.368164,28566.708984,40000.0,40000.0,40000.0,40000.0,40000.0,40000.0,40000.0,40000.0,40000.0,17576.806641,40000.0,40000.0,40000.0,40000.0,40000.0,40000.0,40000.0,40000.0,40000.0,40000.0,13401.975586,5000.0,83083.161062,1959.443489,26636.991399,0,true,true,1.0,-129.58,0,0.0,0.0,1.0
3,1043,20.3,13627.807231,29815.437882,13415.05085,29778.936084,18229.08842,-2850.136828,-2728.465395,-1093.181333,-0.101017,-17.169952,-136.156754,0.0,0.0,1.0,0.0,0.0,0.0,0,0,0,0,0,0,0,0,0,0,0,0,0,0,0,13498.202148,12176.086914,28318.955078,40000.0,40000.0,40000.0,40000.0,40000.0,40000.0,40000.0,40000.0,40000.0,17765.314453,40000.0,40000.0,40000.0,40000.0,40000.0,40000.0,40000.0,40000.0,40000.0,40000.0,13197.524414,5000.0,82898.208713,1955.412364,26624.5361,0,true,true,1.0,-129.57,0,0.0,0.0,1.0
3,1044,20.35,13760.040153,-5775.478035,13541.657571,-5520.593655,18280.165058,-2845.3307,-2724.467721,-1102.062218,-0.101705,-17.166407,-136.154419,0.0,0.0,1.0,0.0,0.0,0.0,0,0,0,0,0,0,0,0,0,0,0,0,0,0,0,13306.299805,11985.287109,28067.621094,40000.0,40000.0,40000.0,40000.0,40000.0,40000.0,40000.0,40000.0,40000.0,17956.560547,40000.0,40000.0,40000.0,40000.0,40000.0,40000.0,40000.0,40000.0,40000.0,40000.0,12990.379883,5000.0,82709.94069,1952.463162,26614.179155,0,true,true,1.0,-129.56,0,0.0,0.0,1.0
3,1045,20.4,13891.938972,29683.539064,13667.971552,29652.622103,18331.539838,-2846.600526,-2726.259238,-1110.609785,-0.102219,-17.163757,-136.152679,0.0,0.0,1.0,0.0,0.0,0.0,0,0,0,0,0,0,0,0,0,0,0,0,0,0,0,13114.953125,11794.961914,27816.773438,40000.0,40000.0,40000.0,40000.0,40000.0,40000.0,40000.0,40000.0,40000.0,18147.425781,40000.0,40000.0,40000.0,40000.0,40000.0,40000.0,40000.0,40000.0,40000.0,40000.0,12783.90332,5000.0,82521.572762,1950.321642,26605.550663,0,true,true,1.0,-129.55,0,0.0,0.0,1.0
3,1046,20.45,14068.175625,-5951.714689,13836.786017,-5689.408121,18400.788231,-2839.982871,-2720.644483,-1120.64763,-0.102708,-17.161234,-136.151031,0.0,0.0,1.0,0.0,0.0,0.0,0,0,0,0,0,0,0,0,0,0,0,0,0,0,0,12859.356445,11540.679688,27481.412109,40000.0,40000.0,40000.0,40000.0,40000.0,40000.0,40000.0,40000.0,40000.0,18402.576172,40000.0,40000.0,40000.0,40000.0,40000.0,40000.0,40000.0,40000.0,40000.0,40000.0,12508.097656,5000.0,82269.185258,1948.370041,26596.078339,0,true,true,1.0,-129.54,0,0.0,0.0,1.0
3,1047,20.5,14193.176357,29558.538331,13956.533524,29532.874596,18444.420392,-2830.612099,-2711.647928,-925.276769,-0.103007,-17.188065,-136.150009,1.0,0.0,1.0,0.0,-0.489951,0.0,0,0,0,0,0,0,0,0,0,0,0,0,0,0,0,12680.025391,11362.099609,27247.685547,40000.0,40000.0,40000.0,40000.0,40000.0,40000.0,40000.0,40000.0,40000.0,18586.423828,40000.0,40000.0,40000.0,40000.0,40000.0,40000.0,40000.0,40000.0,40000.0,40000.0,12314.415039,5000.0,82078.486874,1947.272171,26625.131628,0,true,true,1.0,-129.53,0,0.0,0.0,1.0
3,1048,20.55,14321.225411,-6079.763742,14079.200526,-5812.075122,18480.702864,-2813.366163,-2695.113033,-737.470221,-0.103376,-17.359283,-136.148773,1.0,0.0,1.0,0.0,-0.629937,0.0,0,0,0,0,0,0,0,0,0,0,0,0,0,0,0,12506.02832,11187.818359,27029.375,40000.0,40000.0,40000.0,40000.0,40000.0,40000.0,40000.0,40000.0,40000.0,18789.474609,40000.0,40000.0,40000.0,40000.0,40000.0,40000.0,40000.0,40000.0,40000.0,40000.0,12125.40332,5000.0,81818.512396,1946.230569,26852.015575,0,true,true,1.0,-129.52,0,0.0,0.0,1.0
3,1049,20.6,14490.086698,29389.677044,14240.964594,29371.110528,18516.381771,-2799.683122,-2682.032999,-508.849856,-0.111069,-17.8582,-136.123291,1.0,0.0,1.0,0.0,-0.6456,0.1076,0,0,0,0,0,0,0,0,0,0,0,0,0,0,0,12294.168945,10974.835938,26791.925781,40000.0,40000.0,40000.0,40000.0,40000.0,40000.0,40000.0,40000.0,40000.0,19086.978516,40000.0,40000.0,40000.0,40000.0,40000.0,40000.0,40000.0,40000.0,40000.0,40000.0,11891.701172,5000.0,81348.842069,1913.301856,27525.759686,0,true,true,1.0,-129.51,0,0.0,0.0,1.0
3,1050,20.65,14614.423264,-6204.100307,14360.080486,-5931.191014,18534.42866,-2788.156,-2671.15439,-355.253074,-0.126004,-18.427355,-136.07515,1.0,0.0,1.0,0.0,-0.72391,0.155124,0,0,0,0,0,0,0,0,0,0,0,0,0,0,0,12151.294922,10831.086914,26660.738281,40000.0,40000.0,40000.0,40000.0,40000.0,40000.0,40000.0,40000.0,40000.0,19330.380859,40000.0,40000.0,40000.0,40000.0,40000.0,40000.0,40000.0,40000.0,40000.0,40000.0,11730.519531,5000.0,80903.758352,1850.460823,28295.311686,0,true,true,1.0,-129.5,0,0.0,0.0,1.0
3,1051,20.7,14739.91915,29264.181158,14480.32194,29250.869075,18546.105292,-2778.970969,-2662.785627,-212.416662,-0.15435,-19.159863,-135.98671,1.0,0.0,1.0,0.0,-0.664544,0.199363,0,0,0,0,0,0,0,0,0,0,0,0,0,0,0,12017.623047,10697.108398,26571.763672,40000.0,40000.0,40000.0,40000.0,40000.0,40000.0,40000.0,40000.0,40000.0,19226.746094,40000.0,40000.0,40000.0,40000.0,40000.0,40000.0,40000.0,40000.0,40000.0,38491.769531,11575.563477,5000.0,80369.865082,1735.54985,29281.588903,0,true,true,1.0,-129.49,0,0.0,0.0,1.0
3,1052,20.75,14908.739366,-6372.920524,14642.130948,-6093.000022,18552.354621,-2769.370181,-2654.967647,-39.670736,-0.23577,-20.353748,-135.744736,1.0,0.0,1.0,0.0,-0.530116,0.331323,0,0,0,0,0,0,0,0,0,0,0,0,0,0,0,11851.401367,10534.472656,26543.990234,40000.0,25322.775391,40000.0,40000.0,40000.0,40000.0,40000.0,40000.0,40000.0,19552.810547,40000.0,40000.0,40000.0,40000.0,40000.0,40000.0,40000.0,40000.0,40000.0,37833.878906,11373.25293,5000.0,79526.654791,1424.43292,30875.461716,0,true,true,1.0,-129.48,0,0.0,0.0,1.0
3,1053,20.8,15031.586669,29141.333855,14759.960465,29133.039557,18550.748415,-2768.091302,-2655.776095,73.603182,-0.332062,-21.355616,-135.472336,1.0,0.0,1.0,0.0,-0.349965,0.209979,0,0,0,0,0,0,0,0,0,0,0,0,0,0,0,11740.167969,10428.920898,26595.220703,39286.316406,24190.919922,40000.0,40000.0,40000.0,40000.0,40000.0,40000.0,40000.0,19869.392578,40000.0,40000.0,40000.0,40000.0,40000.0,40000.0,40000.0,40000.0,40000.0,37714.035156,11230.063477,5000.0,78821.452174,1080.582295,32199.560581,0,true,true,1.0,-129.47,0,0.0,0.0,1.0
3,1054,20.85,15153.829313,-6495.163168,14877.331963,-6210.37152,18544.553603,-2760.852864,-2651.973749,172.367409,-0.445503,-22.415739,-135.16568,1.0,0.0,1.0,0.0,-0.489951,0.069993,0,0,0,0,0,0,0,0,0,0,0,0,0,0,0,11636.350586,10331.116211,26613.697266,37790.523438,23674.046875,40000.0,40000.0,40000.0,40000.0,40000.0,40000.0,40000.0,20204.273438,40000.0,40000.0,40000.0,40000.0,40000.0,40000.0,40000.0,40000.0,40000.0,37813.878906,11092.209961,5000.0,78061.131235,702.382493,33584.66395,0,true,true,1.0,-129.46,0,0.0,0.0,1.0
3,1055,20.9,15317.124193,28978.038975,15034.400189,28975.971332,18529.962857,-2757.644427,-2654.900681,289.026634,-0.607746,-23.969072,-134.750244,1.0,0.0,1.0,0.0,-0.489951,0.0,0,0,0,0,0,0,0,0,0,0,0,0,0,0,0,11514.166016,10214.473633,24956.732422,36797.132812,23844.931641,40000.0,40000.0,40000.0,40000.0,40000.0,40000.0,40000.0,20688.361328,40000.0,40000.0,40000.0,40000.0,40000.0,40000.0,40000.0,40000.0,40000.0,38415.679688,10923.680664,5000.0,76921.763414,207.984959,35587.643667,0,true,true,1.0,-129.45,0,0.0,0.0,1.0
3,1056,20.95,15445.132029,-6623.171004,15157.821222,-6333.792554,18514.132933,-2754.889634,-2658.243395,366.78028,-0.733122,-25.242382,-134.446716,1.0,0.0,1.0,0.0,-0.349965,0.0,0,0,0,0,0,0,0,0,0,0,0,0,0,0,0,11428.543945,10130.188477,25238.074219,36990.511719,24009.097656,40000.0,40000.0,40000.0,40000.0,40000.0,40000.0,40000.0,21097.341797,40000.0,40000.0,40000.0,40000.0,40000.0,40000.0,40000.0,40000.0,40000.0,38965.761719,10802.363281,5000.0,75956.036964,-137.474454,37202.183649,0,true,true,1.0,-129.44,0,0.0,0.0,1.0
3,1057,21.0,15569.469547,28853.701457,15277.998938,28855.793616,18495.615269,-2750.856712,-2661.161075,430.078049,-0.857855,-26.53747,-134.15892,1.0,0.0,1.0,0.0,-0.139986,-0.069993,0,0,0,0,0,0,0,0,0,0,0,0,0,0,0,11355.318359,10056.138672,25518.568359,37281.386719,24197.144531,40000.0,40000.0,40000.0,40000.0,40000.0,40000.0,40000.0,21003.341797,40000.0,40000.0,40000.0,40000.0,40000.0,40000.0,40000.0,40000.0,40000.0,39531.039062,10719.955078,5000.0,74945.848498,-451.607966,38820.077992,0,true,true,1.0,-129.43,0,0.0,0.0,1.0
3,1058,21.05,15737.814833,-6791.516289,15441.249713,-6497.043328,18466.450331,-2750.209513,-2671.01209,501.654856,-1.019248,-28.250006,-133.805588,1.0,0.0,1.0,0.0,-0.209979,-0.069993,0,0,0,0,0,0,0,0,0,0,0,0,0,0,0,11259.694336,9956.082031,25812.845703,37694.320312,24474.695312,40000.0,40000.0,40000.0,40000.0,40000.0,40000.0,40000.0,22589.837891,40000.0,40000.0,40000.0,40000.0,40000.0,40000.0,40000.0,26860.935547,40000.0,40000.0,10683.543945,5000.0,73552.915406,-817.037665,40912.004605,0,true,true,1.0,-129.42,0,0.0,0.0,1.0
3,1059,21.1,15909.967389,28681.5489,15608.958113,28688.085215,18433.058652,-2701.7304,-2635.622781,532.437219,-1.127037,-29.566423,-133.580978,1.0,0.0,1.0,0.0,-0.559944,-0.139986,0,0,0,0,0,0,0,0,0,0,0,0,0,0,0,11123.62793,9812.446289,25605.546875,37969.433594,24701.304688,40000.0,40000.0,40000.0,40000.0,40000.0,40000.0,40000.0,23156.710938,40000.0,40000.0,40000.0,40000.0,40000.0,40000.0,40000.0,25831.787109,40000.0,40000.0,10596.739258,5000.0,72395.835178,-1030.717556,42447.62375,0,true,true,1.0,-129.41,0,0.0,0.0,1.0
3,1060,21.15,15989.158699,-6870.7076,15686.369804,-6574.455019,18416.689902,-2714.020151,-2653.029579,560.984736,-1.15658,-30.025507,-133.521179,1.0,0.0,1.0,0.0,-0.279972,-0.069993,0,0,0,0,0,0,0,0,0,0,0,0,0,0,0,11046.245117,9730.945312,25332.886719,38038.5,24780.638672,40000.0,40000.0,40000.0,40000.0,40000.0,40000.0,40000.0,22937.173828,40000.0,40000.0,40000.0,40000.0,40000.0,40000.0,40000.0,25505.546875,40000.0,27740.359375,10538.490234,5000.0,71964.281905,-1082.003967,42957.890325,0,true,true,1.0,-129.4,0,0.0,0.0,1.0
3,1061,21.2,16150.480683,28520.226916,15844.460589,28529.99443,18381.136939,-2755.083936,-2704.387863,616.10195,-1.29923,-32.134048,-133.243439,1.0,0.0,1.0,0.0,-0.069993,-0.069993,0,0,0,0,0,0,0,0,0,0,0,0,0,0,0,11023.117188,9689.371094,25554.462891,38707.945312,25245.035156,40000.0,40000.0,40000.0,40000.0,40000.0,40000.0,40000.0,23707.464844,40000.0,40000.0,40000.0,40000.0,40000.0,40000.0,40000.0,24104.416016,40000.0,27003.179688,10564.660156,5000.0,70155.112304,-1316.024089,45431.817317,0,true,true,1.0,-129.39,0,0.0,0.0,1.0
3,1062,21.25,16262.878375,-6983.105291,15955.037388,-6685.031819,18355.715588,-2740.473626,-2698.078497,622.759473,-1.350662,-32.916843,-133.147354,1.0,0.0,1.0,0.0,-0.139986,-0.069993,0,0,0,0,0,0,0,0,0,0,0,0,0,0,0,10930.791016,9588.241211,25209.365234,38893.871094,25381.298828,40000.0,40000.0,40000.0,40000.0,40000.0,40000.0,40000.0,24094.347656,40000.0,40000.0,40000.0,40000.0,40000.0,40000.0,40000.0,24208.390625,40000.0,26661.017578,10500.758789,5000.0,69406.608711,-1389.001322,46280.96173,0,true,true,1.0,-129.38,0,0.0,0.0,1.0
3,1063,21.3,16425.147761,28357.957531,16115.219338,28369.812481,18317.925375,-2759.42156,-2728.223988,646.014588,-1.44906,-34.411217,-132.969193,1.0,0.0,1.0,0.0,0.0,0.0,0,0,0,0,0,0,0,0,0,0,0,0,0,0,0,10844.013672,9483.598633,24916.541016,39398.503906,25744.427734,40000.0,40000.0,40000.0,40000.0,40000.0,40000.0,40000.0,24796.755859,40000.0,40000.0,40000.0,40000.0,40000.0,40000.0,40000.0,24440.503906,40000.0,25947.082031,10457.893555,5000.0,68003.959512,-1517.956135,47918.880841,0,true,true,1.0,-129.37,0,0.0,0.0,1.0
3,1064,21.35,16548.33824,-7106.295771,16237.275281,-6807.087762,18288.919288,-2764.108725,-2741.539213,651.524992,-1.515704,-35.372398,-132.852341,1.0,0.0,1.0,0.0,-0.069993,0.0,0,0,0,0,0,0,0,0,0,0,0,0,0,0,0,10757.899414,9384.669922,24548.814453,39743.667969,25986.785156,40000.0,40000.0,40000.0,40000.0,40000.0,40000.0,40000.0,24800.277344,40000.0,40000.0,40000.0,40000.0,40000.0,40000.0,40000.0,24677.050781,40000.0,25614.630859,10404.694336,5000.0,67062.284641,-1597.810087,48931.310147,0,true,true,1.0,-129.36,0,0.0,0.0,1.0
3,1065,21.4,16664.571309,28241.724462,16352.786355,28254.301408,18261.4893,-2771.746402,-2757.221492,654.20677,-1.581156,-36.286991,-132.740234,1.0,0.0,1.0,0.0,-0.139986,0.0,0,0,0,0,0,0,0,0,0,0,0,0,0,0,0,10678.350586,9292.15332,24619.931641,40000.0,26263.230469,40000.0,40000.0,40000.0,40000.0,40000.0,40000.0,40000.0,26369.759766,40000.0,40000.0,40000.0,40000.0,40000.0,40000.0,40000.0,24806.742188,40000.0,25372.824219,10356.888672,5000.0,66153.224257,-1671.25088,49878.805711,0,true,true,1.0,-129.35,0,0.0,0.0,1.0
3,1066,21.45,16830.301126,-7272.025588,16518.075227,-6972.376635,18222.724469,-2769.741771,-2766.630431,643.915595,-1.675337,-37.522755,-132.582993,1.0,0.0,1.0,0.0,-0.279972,0.0,0,0,0,0,0,0,0,0,0,0,0,0,0,0,0,10556.375,9151.263672,24681.708984,40000.0,26607.570312,40000.0,40000.0,40000.0,40000.0,40000.0,40000.0,40000.0,27098.755859,40000.0,40000.0,40000.0,40000.0,40000.0,40000.0,40000.0,25121.046875,40000.0,25580.859375,10281.21582,5000.0,64894.800903,-1770.055528,51123.950107,0,true,true,1.0,-129.34,0,0.0,0.0,1.0
3,1067,21.5,16954.057048,28117.96854,16641.94317,28130.433465,18194.229745,-2778.625883,-2783.930392,637.605203,-1.753998,-38.47575,-132.454895,1.0,0.0,1.0,0.0,-0.209979,0.0,0,0,0,0,0,0,0,0,0,0,0,0,0,0,0,10469.758789,9049.297852,24750.337891,39868.90625,26890.009766,39868.90625,40000.0,40000.0,40000.0,40000.0,40000.0,40000.0,27679.748047,40000.0,40000.0,40000.0,40000.0,40000.0,40000.0,39868.90625,25540.521484,39868.90625,25760.693359,10230.915039,5000.0,63911.655006,-1848.005274,52067.774163,0,true,true,1.0,-129.33,0,0.0,0.0,1.0
3,1068,21.55,17117.238592,-7435.207132,16805.84163,-7136.275094,18157.552385,-2779.672088,-2796.015583,617.319351,-1.871872,-39.761559,-132.267639,1.0,0.0,1.0,0.0,-0.139986,0.0,0,0,0,0,0,0,0,0,0,0,0,0,0,0,0,10360.273438,8918.027344,24870.779297,38840.957031,27294.548828,38840.957031,40000.0,40000.0,40000.0,40000.0,40000.0,40000.0,14387.955078,40000.0,40000.0,40000.0,40000.0,40000.0,40000.0,38840.957031,27535.84375,38840.957031,26029.509766,10172.195312,5000.0,62565.863315,-1959.020284,53316.883893,0,true,true,1.0,-129.32,0,0.0,0.0,1.0
3,1069,21.6,17235.647006,27999.560126,16925.173517,28011.101578,18131.755531,-2785.964398,-2810.360863,601.938496,-1.983139,-40.684509,-132.095032,1.0,0.0,1.0,0.0,-0.069993,0.0,0,0,0,0,0,0,0,0,0,0,0,0,0,0,0,10279.288086,8818.65625,24980.111328,38147.714844,27597.326172,38147.714844,40000.0,40000.0,40000.0,40000.0,40000.0,40000.0,14156.069336,40000.0,40000.0,40000.0,40000.0,40000.0,40000.0,38147.714844,29021.642578,38147.714844,26298.611328,10132.443359,5000.0,61581.159479,-2064.985941,54192.715118,0,true,true,1.0,-129.31,0,0.0,0.0,1.0
3,1070,21.65,17402.486944,-7602.04707,17093.904509,-7305.006087,18096.938165,-2779.218515,-2815.024093,567.009419,-2.145985,-41.892185,-131.847656,1.0,0.0,1.0,0.0,-0.209979,0.0,0,0,0,0,0,0,0,0,0,0,0,0,0,0,0,10150.605469,8721.328125,25113.175781,37295.050781,28009.523438,37295.050781,40000.0,40000.0,40000.0,40000.0,40000.0,14292.853516,13872.450195,40000.0,40000.0,40000.0,40000.0,40000.0,40000.0,26796.101562,37295.050781,37295.050781,10304.543945,10064.041016,5000.0,60261.082769,-2212.005135,55300.266991,0,true,true,1.0,-129.3,0,0.0,0.0,1.0
3,1071,21.7,17531.941881,27870.10519,17225.307355,27879.698732,18071.306074,-2784.268976,-2829.174662,542.353616,-2.278713,-42.832935,-131.650238,1.0,0.0,1.0,0.0,-0.209979,0.069993,0,0,0,0,0,0,0,0,0,0,0,0,0,0,0,10050.880859,8645.188477,25229.486328,36667.234375,28336.339844,36667.234375,40000.0,40000.0,40000.0,40000.0,40000.0,14757.708008,13662.602539,40000.0,40000.0,40000.0,40000.0,40000.0,40000.0,27010.001953,36667.234375,36667.234375,10134.286133,10012.595703,5000.0,59218.169528,-2322.861713,56142.962988,0,true,true,1.0,-129.29,0,0.0,0.0,1.0
3,1072,21.75,17651.26479,-7721.36998,17346.795123,-7426.493855,18048.781911,-2787.337025,-2840.731692,516.322466,-2.417925,-43.779732,-131.446838,1.0,0.0,1.0,0.0,-0.069993,0.0,0,0,0,0,0,0,0,0,0,0,0,0,0,0,0,9971.495117,8584.636719,25387.994141,36062.519531,28706.275391,36062.519531,40000.0,40000.0,40000.0,40000.0,40000.0,15214.623047,13851.973633,40000.0,40000.0,40000.0,40000.0,40000.0,36062.519531,27262.414062,36062.519531,36062.519531,9986.913086,9980.766602,5000.0,58165.410199,-2431.658364,56984.946447,0,true,true,1.0,-129.28,0,0.0,0.0,1.0
3,1073,21.8,17778.924946,27742.445034,17477.180387,27749.313468,18026.110683,-2786.208895,-2848.746938,483.653638,-2.559176,-44.721024,-131.243988,1.0,0.0,1.0,0.0,-0.209979,0.0,0,0,0,0,0,0,0,0,0,0,0,0,0,0,0,9874.511719,8511.714844,25530.177734,35491.644531,29079.880859,35491.644531,40000.0,40000.0,40000.0,40000.0,40000.0,15708.866211,14419.802734,40000.0,40000.0,40000.0,40000.0,40000.0,35491.644531,27576.515625,35491.644531,35491.644531,9817.788086,9934.311523,5000.0,57097.907502,-2533.380967,57793.53641,0,true,true,1.0,-129.27,0,0.0,0.0,1.0
3,1074,21.85,17941.390548,-7883.835583,17643.720365,-7593.033833,17999.423952,-2791.3476,-2865.751924,442.053939,-2.712019,-46.039299,-131.028702,1.0,0.0,1.0,0.0,-0.349965,-0.139986,0,0,0,0,0,0,0,0,0,0,0,0,0,0,0,9771.655273,8441.90918,25760.277344,34731.894531,29636.769531,34731.894531,40000.0,40000.0,40000.0,40000.0,40000.0,16417.027344,15197.884766,40000.0,40000.0,40000.0,40000.0,40000.0,34731.894531,28014.433594,34731.894531,34731.894531,9625.605469,9893.683594,5000.0,55601.348544,-2618.431041,58911.045745,0,true,true,1.0,-129.26,0,0.0,0.0,1.0
3,1075,21.9,18060.573651,27623.261932,17766.322845,27626.710988,17981.53802,-2790.960508,-2873.856641,406.72649,-2.802735,-47.087894,-130.90361,1.0,0.0,1.0,0.0,-0.279972,0.0,0,0,0,0,0,0,0,0,0,0,0,0,0,0,0,9711.180664,8407.603516,25966.503906,34159.605469,30140.890625,34159.605469,34159.605469,40000.0,40000.0,40000.0,40000.0,17000.931641,15812.386719,40000.0,40000.0,40000.0,40000.0,40000.0,34159.605469,28465.013672,34159.605469,34159.605469,9500.919922,9877.580078,5000.0,54406.122786,-2649.5598,59783.952259,0,true,true,1.0,-129.25,0,0.0,0.0,1.0
3,1076,21.95,18218.871549,-8042.13348,17929.714891,-7756.425878,17960.219217,-2792.498795,-2886.475845,357.085357,-2.920135,-48.528553,-130.74501,1.0,0.0,1.0,0.0,-0.419958,0.0,0,0,0,0,0,0,0,0,0,0,0,0,0,0,0,9640.976562,8373.020508,8752.226562,33418.195312,30928.824219,33418.195312,33418.195312,40000.0,40000.0,40000.0,40000.0,17841.025391,16691.251953,40000.0,40000.0,40000.0,40000.0,40000.0,33418.195312,29036.884766,33418.195312,33418.195312,9342.893555,9868.387695,5000.0,52746.072317,-2678.077107,60951.409651,0,true,true,1.0,-129.24,0,0.0,0.0,1.0
3,1077,22.0,18336.426365,27505.707116,18051.450514,27504.975364,17946.316587,-2792.22764,-2894.176703,316.734894,-2.994619,-49.710175,-130.646423,1.0,0.0,1.0,0.0,-0.508269,-0.169423,0,0,0,0,0,0,0,0,0,0,0,0,0,0,0,9612.098633,8370.435547,8698.181641,32845.089844,31600.087891,32845.089844,32845.089844,40000.0,40000.0,40000.0,40000.0,18553.371094,17417.849609,40000.0,40000.0,40000.0,40000.0,32845.089844,32845.089844,29614.039062,32845.089844,32845.089844,9247.274414,9885.722656,5000.0,51377.230104,-2678.623128,61889.551022,0,true,true,1.0,-129.23,0,0.0,0.0,1.0
3,1078,22.05,18495.838944,-8201.546059,18217.056857,-7922.032221,17930.347327,-2790.57682,-2902.838638,257.25702,-3.061027,-51.385799,-130.560501,1.0,0.0,1.0,0.0,-0.209979,-0.069993,0,0,0,0,0,0,0,0,0,0,0,0,0,0,0,9592.539062,8390.458008,8608.734375,32084.398438,32084.398438,32084.398438,32084.398438,32084.398438,40000.0,40000.0,40000.0,19640.345703,18484.308594,32084.398438,40000.0,40000.0,40000.0,32084.398438,32084.398438,30477.902344,32084.398438,32084.398438,9136.277344,9928.5,5000.0,49415.79639,-2645.319282,63176.190041,0,true,true,1.0,-129.22,0,0.0,0.0,1.0
3,1079,22.1,18699.638487,27301.907572,18429.648681,27292.38354,17916.030691,-2735.628573,-2857.934443,152.771906,-3.12315,-53.051483,-130.482101,1.0,0.0,1.0,0.0,-0.139986,0.0,0,0,0,0,0,0,0,0,0,0,0,0,0,0,0,9470.759766,8337.746094,8396.722656,31387.292969,31387.292969,31387.292969,31387.292969,31387.292969,31387.292969,40000.0,31387.292969,20956.890625,19757.121094,31387.292969,40000.0,40000.0,31387.292969,31387.292969,31387.292969,31387.292969,31387.292969,31387.292969,8999.445312,9886.371094,5000.0,47394.988204,-2605.992634,64341.928547,0,true,true,1.0,-129.21,0,0.0,0.0,1.0
3,1080,22.15,18766.940549,-8268.848121,18500.053689,-7992.437229,17912.758468,-2757.467479,-2884.599878,134.067934,-3.137351,-53.403214,-130.464417,1.0,0.0,1.0,0.0,0.0,0.0,0,0,0,0,0,0,0,0,0,0,0,0,0,0,0,9386.125,8282.692383,8284.728516,31247.697266,31247.697266,31247.697266,31247.697266,31247.697266,31247.697266,31247.697266,31247.697266,21321.833984,20104.996094,31247.697266,31247.697266,40000.0,31247.697266,31247.697266,31247.697266,31247.697266,31247.697266,31247.697266,8944.242188,9806.071289,5000.0,46944.096902,-2597.729667,64551.507882,0,true,true,1.0,-129.2,0,0.0,0.0,1.0
3,1081,22.2,18928.886787,27139.961334,18669.778454,27122.658775,17906.645512,-2772.060613,-2908.584353,72.298478,-3.207401,-55.024651,-130.378204,1.0,0.0,1.0,0.0,-0.139986,0.0,0,0,0,0,0,0,0,0,0,0,0,0,0,0,0,9353.802734,8300.038086,8165.463379,30624.107422,30624.107422,30624.107422,30624.107422,30624.107422,30624.107422,30624.107422,30624.107422,30624.107422,21396.642578,30624.107422,30624.107422,30624.107422,30624.107422,30624.107422,30624.107422,30624.107422,30624.107422,30624.107422,8979.829102,9810.727539,5000.0,44970.95268,-2563.491541,65658.388191,0,true,true,1.0,-129.19,0,0.0,0.0,1.0
3,1082,22.25,19063.758976,-8403.72031,18811.521458,-8134.180232,17905.013522,-2778.130039,-2921.843104,16.821179,-3.251369,-55.934372,-130.324921,1.0,0.0,1.0,0.0,-0.069993,0.0,0,0,0,0,0,0,0,0,0,0,0,0,0,0,0,9224.027344,8227.317383,7969.259277,30293.447266,30293.447266,30293.447266,30293.447266,30293.447266,30293.447266,30293.447266,30293.447266,30293.447266,22377.302734,30293.447266,30293.447266,30293.447266,30293.447266,30293.447266,30293.447266,30293.447266,30293.447266,30293.447266,8913.708984,9672.182617,5000.0,43815.403239,-2545.210581,66201.219847,0,true,true,1.0,-129.18,0,0.0,0.0,1.0
3,1083,22.3,19176.996785,27026.723525,18930.767244,27003.412989,17905.650015,-2784.033067,-2933.531888,-30.142123,-3.298191,-56.831913,-130.268753,1.0,0.0,1.0,0.0,-0.069993,0.0,0,0,0,0,0,0,0,0,0,0,0,0,0,0,0,9144.229492,8193.118164,7826.833984,29978.824219,29978.824219,29978.824219,29978.824219,23353.873047,29978.824219,29978.824219,29978.824219,29978.824219,23099.105469,29978.824219,29978.824219,29978.824219,23352.970703,23539.294922,29978.824219,29978.824219,29978.824219,29978.824219,8889.435547,9585.96875,5000.0,42683.202551,-2528.438081,66742.288557,0,true,true,1.0,-129.17,0,0.0,0.0,1.0
3,1084,22.35,19335.744632,-8562.468157,19098.30146,-8301.714449,17910.057452,-2771.719576,-2927.814585,-103.809772,-3.358685,-57.907879,-130.196991,1.0,0.0,1.0,0.0,0.0,0.0,0,0,0,0,0,0,0,0,0,0,0,0,0,0,0,8983.280273,8104.667969,7578.194824,29615.310547,29615.310547,29615.310547,29615.310547,23252.746094,29615.310547,29615.310547,29615.310547,29615.310547,24298.259766,29615.310547,29615.310547,29615.310547,23252.746094,23252.746094,29615.310547,29615.310547,29615.310547,9973.293945,8811.625977,9414.00293,5000.0,41296.77167,-2509.068613,67339.03931,0,true,true,1.0,-129.16,0,0.0,0.0,1.0
3,1085,22.4,19464.18469,26898.283467,19234.147205,26867.567244,17916.707756,-2765.605665,-2926.882142,-161.96341,-3.391191,-58.632103,-130.158829,1.0,0.0,1.0,0.0,-0.069993,0.0,0,0,0,0,0,0,0,0,0,0,0,0,0,0,0,8810.905273,7999.185059,7334.699219,29376.951172,29376.951172,29376.951172,29376.951172,23063.923828,22882.447266,29376.951172,29376.951172,29376.951172,25244.810547,29376.951172,29376.951172,29376.951172,23063.923828,22869.007812,29376.951172,29376.951172,29376.951172,9642.552734,8710.009766,9231.709961,5000.0,40340.56263,-2491.57814,67699.333555,0,true,true,1.0,-129.15,0,0.0,0.0,1.0
3,1086,22.45,19616.032221,-8714.315688,19395.061092,-8462.628336,17927.869703,-2762.746807,-2929.952671,-228.957469,-3.428037,-59.579453,-130.115967,1.0,0.0,1.0,0.0,-0.069993,0.0,0,0,0,0,0,0,0,0,0,0,0,0,0,0,0,8622.293945,7891.394531,7052.996582,29074.794922,29074.794922,29074.794922,29074.794922,22823.917969,22642.759766,29074.794922,29074.794922,29074.794922,26600.097656,29074.794922,29074.794922,29074.794922,22823.917969,22631.087891,29074.794922,29074.794922,29074.794922,9260.966797,8609.067383,9032.27832,5000.0,39096.183621,-2466.275716,68171.56929,0,true,true,1.0,-129.14,0,0.0,0.0,1.0
3,1087,22.5,19727.297588,26787.0181,19513.173414,26749.454922,17938.407972,-2759.616884,-2930.810404,-278.208347,-3.445964,-60.208305,-130.095291,1.0,0.0,1.0,0.0,0.0,0.0,0,0,0,0,0,0,0,0,0,0,0,0,0,0,0,8461.619141,7795.054199,6894.008301,8209.374023,28878.208984,28878.208984,28878.208984,22666.986328,22615.1875,28878.208984,28878.208984,28878.208984,27492.236328,28878.208984,28878.208984,28878.208984,22666.986328,28878.208984,28878.208984,28878.208984,28878.208984,8953.397461,8515.455078,8863.112305,5000.0,38257.763504,-2446.849687,68460.559141,0,true,true,1.0,-129.13,0,0.0,0.0,1.0
3,1088,22.55,19881.512032,-8868.530132,19677.145061,-8626.599983,17956.386098,-2752.181572,-2928.294883,-346.414229,-3.4636,-60.90057,-130.075104,1.0,0.0,1.0,0.0,-0.069993,0.0,0,0,0,0,0,0,0,0,0,0,0,0,0,0,0,8183.475098,7613.961426,6734.59375,7764.532715,28661.330078,28661.330078,28661.330078,22492.330078,22313.833984,28661.330078,28661.330078,28661.330078,28581.787109,28661.330078,28661.330078,28661.330078,22492.330078,28661.330078,28661.330078,28661.330078,28661.330078,8462.331055,8333.836914,8570.976562,5000.0,37304.962442,-2424.699676,68729.322893,0,true,true,1.0,-129.12,0,0.0,0.0,1.0
3,1089,22.6,20031.838416,26636.691715,19837.257027,26589.342956,17977.534489,-2744.739453,-2925.175322,-411.264759,-3.465424,-61.555801,-130.073074,1.0,0.0,1.0,0.0,-0.069993,-0.069993,0,0,0,0,0,0,0,0,0,0,0,0,0,0,0,7896.382324,7427.041504,6569.317871,7305.332031,28457.857422,28457.857422,28457.857422,22327.474609,22327.474609,28457.857422,28457.857422,28457.857422,28457.857422,28457.857422,28457.857422,28457.857422,22327.474609,28457.857422,28457.857422,28457.857422,28457.857422,7958.56543,8144.338379,8270.169922,5000.0,36396.510509,-2398.86949,68967.582855,0,true,true,1.0,-129.11,0,0.0,0.0,1.0
3,1090,22.65,20142.574049,-8979.265765,19955.360327,-8744.703283,17995.369841,-2740.348141,-2923.735271,-457.878536,-3.45334,-62.045185,-130.086838,1.0,0.0,1.0,0.0,-0.069993,0.0,0,0,0,0,0,0,0,0,0,0,0,0,0,0,0,7680.129395,7287.255371,6445.231934,6954.593262,28307.634766,28307.634766,28307.634766,22205.261719,22205.261719,28307.634766,28307.634766,28307.634766,28307.634766,28307.634766,28307.634766,28307.634766,22205.261719,28307.634766,28307.634766,28307.634766,28307.634766,7818.380859,8001.540527,8043.21875,5000.0,35717.627787,-2375.560912,69140.425919,0,true,true,1.0,-129.1,0,0.0,0.0,1.0
3,1091,22.7,20294.741837,26484.523927,20117.853153,26426.85013,18023.017194,-2730.82881,-2917.588775,-521.376923,-3.418113,-62.704868,-130.126678,1.0,0.0,1.0,0.0,-0.139986,-0.069993,0,0,0,0,0,0,0,0,0,0,0,0,0,0,0,7366.642578,7086.550293,6266.29834,6449.555664,28106.462891,28106.462891,28106.462891,22040.751953,22040.751953,28106.462891,28106.462891,28106.462891,28106.462891,28106.462891,28106.462891,21866.09375,22040.751953,28106.462891,28106.462891,28106.462891,28106.462891,7617.530273,7794.593262,7717.219727,5000.0,34797.871561,-2339.143092,69360.446465,0,true,true,1.0,-129.09,0,0.0,0.0,1.0
3,1092,22.75,20442.596327,-9127.120255,20275.936655,-8902.786785,18053.23761,-2729.482251,-2919.5518,-580.570122,-3.368579,-63.381348,-130.182358,1.0,0.0,1.0,0.0,-0.139986,0.0,0,0,0,0,0,0,0,0,0,0,0,0,0,0,0,7058.575684,6892.668945,6092.934082,5943.601074,27904.392578,27904.392578,27904.392578,21874.996094,21874.996094,27904.392578,27904.392578,27904.392578,27904.392578,27904.392578,27904.392578,21874.996094,21874.996094,27904.392578,27904.392578,27904.392578,9522.904297,7423.771484,7594.352051,7396.536621,5000.0,33858.573724,-2299.498236,69584.827491,0,true,true,1.0,-129.08,0,0.0,0.0,1.0
3,1093,22.8,20556.802918,26370.317337,20398.160966,26304.625819,18078.870407,-2724.116879,-2916.099108,-626.309786,-3.321112,-63.899059,-130.235413,1.0,0.0,1.0,0.0,-0.139986,0.0,0,0,0,0,0,0,0,0,0,0,0,0,0,0,0,6809.909668,6736.21582,5952.84082,5679.425293,7585.09082,27751.185547,27751.185547,21563.273438,21748.724609,27751.185547,27751.185547,27751.185547,27751.185547,27751.185547,27751.185547,21748.724609,21748.724609,27751.185547,27751.185547,27751.185547,8892.348633,7267.280762,7432.423828,7137.708496,5000.0,33136.816113,-2267.764912,69747.621827,0,true,true,1.0,-129.07,0,0.0,0.0,1.0
3,1094,22.85,20704.765297,-9275.082634,20556.638603,-9061.264422,18114.954138,-2717.221016,-2911.22478,-684.724738,-3.243074,-64.592499,-130.322174,1.0,0.0,1.0,0.0,-0.069993,0.0,0,0,0,0,0,0,0,0,0,0,0,0,0,0,0,6479.735352,6531.35498,5769.039062,5501.782227,6828.496582,27549.675781,27549.675781,22239.478516,21398.070312,27549.675781,27549.675781,27549.675781,27549.675781,27549.675781,27549.675781,21582.160156,21582.160156,27549.675781,27549.675781,27549.675781,8047.961426,7062.492676,7220.131348,6794.537109,5000.0,32171.822736,-2223.414224,69961.282353,0,true,true,1.0,-129.06,0,0.0,0.0,1.0
3,1095,22.9,20820.98596,26254.096674,20681.204455,26180.059967,18145.624401,-2710.433368,-2905.572811,-730.167182,-3.184569,-65.115051,-130.386902,1.0,0.0,1.0,0.0,-0.069993,0.0,0,0,0,0,0,0,0,0,0,0,0,0,0,0,0,6203.721191,6313.770508,5613.371582,5351.739258,6205.780273,27398.169922,27398.169922,22818.4375,22134.230469,27398.169922,27398.169922,27398.169922,27398.169922,27398.169922,27398.169922,21285.335938,21456.148438,27398.169922,27398.169922,27398.169922,7342.798828,6889.157227,7040.80127,6506.984375,5000.0,31438.072833,-2191.812167,70108.805012,0,true,true,1.0,-129.05,0,0.0,0.0,1.0
3,1096,22.95,20968.65056,-9422.747235,20839.558078,-9219.618045,18187.419161,-2702.365325,-2898.556549,-787.067683,-3.09337,-65.806778,-130.487289,1.0,0.0,1.0,0.0,-0.069993,0.0,0,0,0,0,0,0,0,0,0,0,0,0,0,0,0,5843.803223,5969.658691,5413.086914,5158.3125,5385.59668,27201.748047,27201.748047,23819.072266,23003.558594,27201.748047,27201.748047,27201.748047,27201.748047,27201.748047,27201.748047,22003.453125,21292.388672,27201.748047,27201.748047,27201.748047,6996.20459,6666.910645,6810.399902,6132.496094,5000.0,30469.710016,-2148.865801,70301.051225,0,true,true,1.0,-129.04,0,0.0,0.0,1.0
3,1097,23.0,21117.600301,26105.146934,20999.364557,26020.253488,18232.830664,-2694.993878,-2891.841572,-843.665164,-3.007046,-66.478729,-130.581802,1.0,0.0,1.0,0.0,0.0,0.0,0,0,0,0,0,0,0,0,0,0,0,0,0,0,0,5455.65918,5570.691406,5194.579102,4947.772461,5052.07959,7964.096191,27011.5,24775.0625,23916.240234,27011.5,27011.5,27011.5,27011.5,27011.5,27011.5,22860.259766,20951.025391,27011.5,27011.5,27011.5,6744.743652,6424.454102,6494.123535,5727.700684,5000.0,29520.839676,-2110.340755,70469.788695,0,true,true,1.0,-129.03,0,0.0,0.0,1.0
3,1098,23.05,21234.385745,-9539.532679,21124.700178,-9344.953666,18270.744936,-2688.727116,-2885.780565,-887.412556,-2.947877,-66.94899,-130.646286,1.0,0.0,1.0,0.0,-0.069993,0.0,0,0,0,0,0,0,0,0,0,0,0,0,0,0,0,5124.837891,5231.310059,5002.938965,4763.914551,4862.797363,6682.125488,26875.050781,25490.123047,24612.054688,26875.050781,26875.050781,26875.050781,26875.050781,26875.050781,26875.050781,23473.107422,21857.736328,26875.050781,26875.050781,9977.023438,6522.820801,6211.072754,6104.388672,5382.054688,5000.0,28843.807949,-2085.179757,70565.896604,0,true,true,1.0,-129.02,0,0.0,0.0,1.0
3,1099,23.1,21379.950826,25959.581853,21280.952903,25864.000763,18320.681526,-2682.763323,-2879.910989,-940.950019,-2.874511,-67.54924,-130.725937,1.0,0.0,1.0,0.0,-0.069993,0.0,0,0,0,0,0,0,0,0,0,0,0,0,0,0,0,4697.31543,4793.105957,4756.462402,4527.484375,4619.892578,5036.769043,26703.205078,26423.046875,25535.478516,26703.205078,26703.205078,26703.205078,26703.205078,26703.205078,26703.205078,24341.753906,22634.197266,26703.205078,26703.205078,7594.09082,6237.789551,5937.469238,5599.76123,4934.888672,5000.0,27980.4231,-2055.214552,70684.726606,0,true,true,1.0,-129.01,0,0.0,0.0,1.0
3,1100,23.15,21491.356832,-9650.938685,21400.552671,-9464.553434,18361.07099,-2676.635163,-2873.553038,-981.307375,-2.854738,-67.980286,-130.747375,1.0,0.0,1.0,0.0,-0.069993,0.069993,0,0,0,0,0,0,0,0,0,0,0,0,0,0,0,4349.90332,4438.306152,4552.807617,4333.099121,4421.086426,4850.109863,26577.638672,26577.638672,26197.931641,26577.638672,26577.638672,26577.638672,26577.638672,26577.638672,26577.638672,24959.111328,23232.785156,26577.638672,26577.638672,6810.648438,6001.150879,5711.625488,5186.803711,4570.474609,5000.0,27351.41895,-2041.249772,70756.362286,0,true,true,1.0,-129.0,0,0.0,0.0,1.0
3,1101,23.2,21624.867986,25826.070699,21543.893286,25720.660149,18411.913712,-2647.537286,-2842.528396,-1028.256437,-2.895312,-68.379303,-130.703674,1.0,0.0,1.0,0.0,-0.139986,0.0,0,0,0,0,0,0,0,0,0,0,0,0,0,0,0,3895.962646,3975.923096,4274.583008,4069.294189,4152.744629,4556.731934,26448.943359,26448.943359,26448.943359,26448.943359,26448.943359,26448.943359,26448.943359,26448.943359,26448.943359,25585.609375,26039.101562,26448.943359,26448.943359,6437.979004,5674.330078,5401.677246,4643.460449,4092.697021,5000.0,26738.357314,-2039.970652,70781.861966,0,true,true,1.0,-128.99,0,0.0,0.0,1.0
3,1102,23.25,21781.552885,-9807.623584,21712.128808,-9632.788957,18474.519993,-2651.87228,-2847.49261,-1082.437646,-3.015699,-68.924599,-130.574448,1.0,0.0,1.0,0.0,-0.139986,0.0,0,0,0,0,0,0,0,0,0,0,0,0,0,0,0,3354.123779,3424.982178,3760.701904,3760.565918,3839.953857,4216.396973,5056.587891,26283.646484,26283.646484,26283.646484,26283.646484,26283.646484,26283.646484,26283.646484,26283.646484,26283.646484,26283.646484,26283.646484,26283.646484,6000.413086,5292.520508,5002.210449,3992.349609,3521.285156,5000.0,25919.719298,-2049.14011,70841.836709,0,true,true,1.0,-128.98,0,0.0,0.0,1.0
3,1103,23.3,21890.715331,25716.908252,21829.354015,25603.434942,18520.052286,-2652.146361,-2848.179252,-1119.497068,-3.166971,-69.346008,-130.412521,1.0,0.0,1.0,0.0,-0.139986,0.0,0,0,0,0,0,0,0,0,0,0,0,0,0,0,0,2966.317139,3031.31958,3331.215332,3543.142578,3620.633789,3978.996826,4777.244629,26161.404297,26161.404297,26161.404297,26161.404297,26161.404297,26161.404297,26161.404297,26161.404297,26161.404297,26161.404297,26161.404297,7120.344727,5690.16748,5023.455566,4410.749023,3524.760986,3111.780518,5000.0,25294.58151,-2065.076358,70897.792887,0,true,true,1.0,-128.97,0,0.0,0.0,1.0
3,1104,23.35,22033.738435,-9950.646687,21982.97461,-9786.409552,18582.135679,-2647.368108,-2843.85942,-1167.250352,-3.393762,-69.922089,-130.170547,1.0,0.0,1.0,0.0,-0.139986,0.0,0,0,0,0,0,0,0,0,0,0,0,0,0,0,0,2437.799316,2493.994141,2744.127197,3249.068115,3324.003418,3657.390625,4398.377441,25997.839844,25997.839844,25997.839844,25997.839844,25997.839844,25997.839844,25997.839844,25997.839844,25997.839844,25997.839844,25997.839844,6584.536133,5272.119141,4660.715332,3608.796387,2889.544189,2554.44751,5000.0,24443.529148,-2087.609348,70974.293343,0,true,true,1.0,-128.96,0,0.0,0.0,1.0
3,1105,23.4,22180.034046,25570.612641,22140.168696,25446.240856,18648.534157,-2633.935245,-2830.634834,-1214.876219,-3.667073,-70.519279,-129.880035,1.0,0.0,1.0,0.0,-0.139986,0.069993,0,0,0,0,0,0,0,0,0,0,0,0,0,0,0,1867.311157,1912.904785,2108.084473,2540.384033,3004.151855,3310.63916,3989.323486,5488.880371,25830.144531,25830.144531,25830.144531,25830.144531,25830.144531,25830.144531,25830.144531,25830.144531,25830.144531,25830.144531,6010.498047,4823.542969,4009.705566,2749.766602,2206.673828,1954.019775,5000.0,23559.981929,-2113.52827,71046.849368,0,true,true,1.0,-128.95,0,0.0,0.0,1.0
3,1106,23.45,22293.437892,-10064.050533,22262.075828,-9908.316685,18702.023444,-2625.166249,-2822.433876,-1251.572295,-3.911596,-70.986809,-129.620972,1.0,0.0,1.0,0.0,-0.139986,0.0,0,0,0,0,0,0,0,0,0,0,0,0,0,0,0,1402.933716,1437.994019,1586.843018,1915.645264,2643.514404,3027.393555,3654.803955,5043.62793,25700.080078,25700.080078,25700.080078,25700.080078,25700.080078,25700.080078,25700.080078,25700.080078,25700.080078,25700.080078,5545.894531,4459.835938,2985.299072,2054.932617,1652.394409,1465.220825,5000.0,22866.984608,-2135.615137,71098.514942,0,true,true,1.0,-128.94,0,0.0,0.0,1.0
3,1107,23.5,22438.979883,25425.07065,22418.620925,25289.695759,18773.192293,-2617.125653,-2815.75693,-1298.705091,-4.308828,-71.619911,-129.201523,1.0,0.0,1.0,0.0,-0.069993,0.069993,0,0,0,0,0,0,0,0,0,0,0,0,0,0,0,772.986084,794.297119,878.515137,1063.692749,1475.152222,2585.60376,3206.148193,4446.202148,25529.162109,25529.162109,25529.162109,25529.162109,25529.162109,25529.162109,25529.162109,25529.162109,25529.162109,7115.887695,4926.678223,3331.255859,1623.821167,1124.384644,907.02417,806.210938,5000.0,21931.887906,-2170.223,71169.395929,0,true,true,1.0,-128.93,0,0.0,0.0,1.0
3,1108,23.55,22552.301601,-10177.372251,22540.598902,-10030.294661,18830.655307,-2600.312744,-2799.617188,-1333.814575,-4.679847,-72.063782,-128.810959,1.0,0.0,1.0,0.0,0.0,0.069993,0,0,0,0,0,0,0,0,0,0,0,0,0,0,0,252.95195,260.948059,288.413544,350.223022,488.101562,906.310181,2825.314697,3936.667725,7310.169922,25403.980469,25403.980469,25403.980469,25403.980469,25403.980469,25403.980469,25403.980469,25403.980469,6332.282227,4407.621094,1060.037964,524.869385,365.190918,295.51535,263.236023,5000.0,21260.599317,-2202.699059,71199.390745,0,true,true,1.0,-128.92,0,0.0,0.0,1.0
3,1109,23.6,22598.368284,25379.003967,22568.900987,25261.393674,18852.569147,-341.72052,271.863464,-20.397274,-7.581577,-79.485367,-119.91803,1.0,0.0,1.0,0.0,0.663533,0.044236,0,0,0,0,0,0,0,0,0,0,0,0,0,0,0,151.171509,162.397125,189.370346,247.032608,394.271851,1176.653687,5477.926758,8747.570312,24559.832031,24559.832031,24559.832031,24559.832031,24559.832031,24559.832031,24559.832031,24559.832031,12643.597656,7977.722168,1117.684326,387.913879,244.726166,188.327484,161.913788,151.028351,5000.0,11521.479267,-9794.480283,72730.995073,0,true,true,1.0,-216.823591,0,0.0,0.0,1.0
3,1110,23.65,22612.680055,-10191.684022,22557.514935,-10018.908609,18854.609309,-327.199554,260.310974,-60.574993,-7.581577,-79.485367,-119.91803,0.0,0.0,0.0,0.0,0.668303,0.0,0,0,0,0,0,0,0,0,0,0,0,0,0,0,0,152.727448,164.068619,191.319473,249.578079,398.339081,1188.833008,5596.473633,8936.544922,24557.755859,24557.755859,24557.755859,24557.755859,24557.755859,24557.755859,24557.755859,24557.755859,12462.666016,7863.849609,1129.213867,391.911011,247.247849,190.265869,163.580307,152.58284,5000.0,11519.971659,-9776.151534,72731.639503,0,true,true,1.0,-216.813591,0,0.0,0.0,1.0
3,1111,23.7,22629.640024,25362.043998,22544.02205,25274.886559,18859.463163,-310.008789,246.63446,-108.1894,-7.581577,-79.485367,-119.91803,0.0,0.0,0.0,0.0,0.419958,0.069993,0,0,0,0,0,0,0,0,0,0,0,0,0,0,0,154.572342,166.050507,193.630524,252.596222,403.606262,1204.616089,5737.286133,9161.541992,24552.820312,24552.820312,24552.820312,24552.820312,24552.820312,24552.820312,24552.820312,24552.820312,12248.693359,7728.583008,1142.884399,396.650391,250.237823,192.564209,165.55629,154.42598,5000.0,11515.789811,-9754.372643,72732.84386,0,true,true,1.0,-216.803591,0,0.0,0.0,1.0
3,1112,23.75,22646.522292,-10208.566291,22530.590982,-10005.477541,18867.252296,-292.883453,233.01001,-155.582047,-7.581577,-79.485367,-119.91803,0.0,0.0,0.0,0.0,0.069993,0.0,0,0,0,0,0,0,0,0,0,0,0,0,0,0,0,156.410019,168.024658,195.932571,255.602585,408.409912,1219.000732,5877.455566,9385.068359,24544.896484,24544.896484,24544.896484,24544.896484,24544.896484,24544.896484,24544.896484,24544.896484,12035.270508,7593.938477,1156.501587,401.811768,253.216125,194.853561,167.524551,156.261917,5000.0,11508.719266,-9732.622324,72734.577689,0,true,true,1.0,-216.793591,0,0.0,0.0,1.0
3,1113,23.8,22657.889816,25350.676475,22521.547294,25283.930247,18874.30642,-281.362671,223.844376,-187.498383,-7.581577,-79.485367,-119.91803,0.0,0.0,0.0,0.0,0.069993,0.0,0,0,0,0,0,0,0,0,0,0,0,0,0,0,0,157.648178,169.354752,197.483582,257.628143,411.646423,1228.692383,5971.561523,9535.87793,24537.722656,24537.722656,24537.722656,24537.722656,24537.722656,24537.722656,24537.722656,24537.722656,11891.561523,7503.552246,1166.941895,404.992493,255.222778,196.396042,168.850693,157.498901,5000.0,11502.179378,-9717.933378,72736.072448,0,true,true,1.0,-216.783591,0,0.0,0.0,1.0
3,1114,23.85,22672.770407,-10223.446882,22509.708707,-9993.638954,18886.008228,-266.275574,211.841476,-229.273895,-7.581577,-79.485367,-119.91803,0.0,0.0,0.0,0.0,0.0,0.0,0,0,0,0,0,0,0,0,0,0,0,0,0,0,0,159.27002,171.097015,199.303177,260.281403,415.885864,1241.387451,6095.114746,9732.855469,24525.820312,24525.820312,24525.820312,24525.820312,24525.820312,24525.820312,24525.820312,24525.820312,11703.449219,7384.875,1178.959595,409.158844,258.12915,198.205597,170.587769,159.119202,5000.0,11491.192165,-9698.645486,72738.475529,0,true,true,1.0,-216.773591,0,0.0,0.0,1.0
3,1115,23.9,22687.045847,25336.401035,22498.351563,25295.287392,18900.138119,-251.797821,200.323349,-269.347168,-7.581577,-79.485367,-119.91803,0.0,0.0,0.0,0.0,0.0,0.0,0,0,0,0,0,0,0,0,0,0,0,0,0,0,0,160.827118,172.769745,201.253723,262.828735,419.956085,1253.575684,6213.645508,9922.249023,24511.449219,24511.449219,24511.449219,24511.449219,24511.449219,24511.449219,24511.449219,24511.449219,11523.424805,7271.026367,1190.497681,413.158936,260.65271,200.359039,172.439178,160.67482,5000.0,11477.79657,-9680.07206,72741.306183,0,true,true,1.0,-216.763591,0,0.0,0.0,1.0
3,1116,23.95,22697.298844,-10233.699879,22490.194563,-9985.481955,18912.225515,-241.399429,192.050674,-298.128571,-7.581577,-79.485367,-119.91803,0.0,0.0,0.0,0.0,0.0,0.0,0,0,0,0,0,0,0,0,0,0,0,0,0,0,0,162.117752,173.790161,202.655701,264.659637,422.881592,1262.33606,6298.501953,10057.836914,24499.15625,24499.15625,24499.15625,24499.15625,24499.15625,24499.15625,24499.15625,24499.15625,11393.816406,7189.258301,1198.790771,416.033997,262.466522,201.753281,173.456558,161.964249,5000.0,11466.269123,-9666.685452,72743.68997,0,true,true,1.0,-216.753591,0,0.0,0.0,1.0
3,1117,24.0,22709.958703,25323.741176,22480.122731,25305.359224,18929.615383,-228.565414,181.840286,-333.673309,-7.581577,-79.485367,-119.91803,0.0,0.0,0.0,0.0,0.0,0.0,0,0,0,0,0,0,0,0,0,0,0,0,0,0,0,163.331406,175.459991,207.208008,266.922058,426.496552,1273.161133,6403.621582,10225.801758,24481.46875,24481.46875,24481.46875,24481.46875,24481.46875,24481.46875,24481.46875,24481.46875,11233.786133,7088.297363,1209.038208,419.58667,264.707825,203.47612,174.937759,163.176743,5000.0,11449.612041,-9650.097028,72747.079239,0,true,true,1.0,-216.743591,0,0.0,0.0,1.0
3,1118,24.05,22719.638916,-10243.380092,22472.421423,-9977.780647,18944.96293,-218.740936,174.0242,-360.834961,-7.581577,-79.485367,-119.91803,0.0,0.0,0.0,0.0,0.0,0.0,0,0,0,0,0,0,0,0,0,0,0,0,0,0,0,164.389709,176.596893,205.928604,268.653412,429.262939,1281.445068,6484.001465,10353.34668,24465.859375,24465.859375,24465.859375,24465.859375,24465.859375,24465.859375,24465.859375,24465.859375,11111.857422,7011.374512,1216.880371,422.305389,266.423004,204.794556,176.071274,164.234055,5000.0,11434.859244,-9637.363512,72750.041738,0,true,true,1.0,-216.733591,0,0.0,0.0,1.0
3,1119,24.1,22722.463096,25320.916996,22470.377125,25307.403521,18978.908581,-2.252913,-2.971871,-765.636841,-7.581577,-79.485367,-119.91803,0.0,0.0,0.0,0.0,0.0,0.0,0,0,0,0,0,0,0,0,0,0,0,0,0,0,0,163.823486,175.988617,205.219315,271.723785,427.782867,1277.012939,6505.654297,10387.945312,24431.333984,24431.333984,24431.333984,24431.333984,24431.333984,24431.333984,24431.333984,24431.333984,11075.820312,6988.639648,1212.68457,420.8508,265.505341,204.089157,175.464828,163.668365,5000.0,11401.549891,-9633.061949,72756.078786,0,true,true,1.0,-216.723591,0,0.0,0.0,1.0
3,1120,24.15,22722.582029,-10243.499025,22470.534012,-9977.937534,19030.695187,-1.869872,-2.466592,-936.680481,-7.581577,-79.485367,-119.91803,0.0,0.0,0.0,0.0,0.0,0.0,0,0,0,0,0,0,0,0,0,0,0,0,0,0,0,162.756332,174.842209,203.882492,270.927765,424.993317,1268.659668,6504.42041,10385.973633,24378.662109,24378.662109,24378.662109,24378.662109,24378.662109,24378.662109,24378.662109,24378.662109,11073.479492,6987.162598,1204.776978,418.109344,263.775818,202.759705,174.321823,162.602219,5000.0,11350.597229,-9631.815808,72765.252915,0,true,true,1.0,-216.713591,0,0.0,0.0,1.0
3,1121,24.2,22722.643047,25320.855978,22470.614503,25307.323031,19066.698579,-1.681315,-2.217862,-1053.376099,-7.581577,-79.485367,-119.91803,0.0,0.0,0.0,0.0,0.0,0.0,0,0,0,0,0,0,0,0,0,0,0,0,0,0,0,162.212814,174.258331,203.201645,265.37262,423.130066,1263.0802,6503.793945,10384.97168,24342.044922,24342.044922,24342.044922,24342.044922,24342.044922,24342.044922,24342.044922,24342.044922,11072.511719,6986.552246,1200.749512,416.713104,262.894958,202.082596,173.739685,162.059204,5000.0,11315.180108,-9630.949327,72771.666279,0,true,true,1.0,-216.703591,0,0.0,0.0,1.0
3,1122,24.25,22722.72862,-10243.584598,22470.727384,-9978.050415,19134.749103,-1.33799,-1.764973,-1214.832397,-7.581577,-79.485367,-119.91803,0.0,0.0,0.0,0.0,0.0,0.0,0,0,0,0,0,0,0,0,0,0,0,0,0,0,0,161.458023,173.447495,202.256119,264.137817,421.157043,1257.171997,6502.650391,10383.586914,24272.832031,24272.832031,24272.832031,24272.832031,24272.832031,24272.832031,24272.832031,24272.832031,11071.173828,6985.708008,1193.9021,414.339172,261.671661,201.142288,172.931259,161.30513,5000.0,11248.246622,-9629.3114,72783.836718,0,true,true,1.0,-216.693591,0,0.0,0.0,1.0
3,1123,24.3,22722.780269,25320.804329,22470.795516,25307.254899,19188.88508,-1.182579,-1.559967,-1331.406128,-7.581577,-79.485367,-119.91803,0.0,0.0,0.0,0.0,0.0,0.0,0,0,0,0,0,0,0,0,0,0,0,0,0,0,0,161.007965,172.96402,201.692352,263.40155,419.980621,1253.64917,6502.13623,10382.765625,24217.771484,24217.771484,24217.771484,24217.771484,24217.771484,24217.771484,24217.771484,24217.771484,11070.380859,6985.20752,1190.567261,413.183044,260.942291,200.581619,172.449234,160.855515,5000.0,11195.004201,-9628.008288,72793.545362,0,true,true,1.0,-216.683591,0,0.0,0.0,1.0
3,1124,24.35,22722.839952,-10243.64428,22470.874245,-9978.129144,19268.780328,-0.992441,-1.309152,-1473.731934,-7.581577,-79.485367,-119.91803,0.0,0.0,0.0,0.0,0.0,0.0,0,0,0,0,0,0,0,0,0,0,0,0,0,0,0,160.49527,172.413254,201.050095,262.285858,418.640411,1249.635986,6501.554199,10381.835938,24136.511719,24136.511719,24136.511719,24136.511719,24136.511719,24136.511719,24136.511719,24136.511719,11069.482422,6984.641113,1186.768066,411.865936,259.836975,199.942902,171.900085,160.343292,5000.0,11116.432642,-9626.085021,72807.900556,0,true,true,1.0,-216.673591,0,0.0,0.0,1.0
3,1125,24.4,22722.878908,25320.765373,22470.925633,25307.203511,19310.981505,-0.867783,-1.144714,-14.741221,-7.581577,-79.485367,-119.91803,0.0,0.0,0.0,0.0,0.0,0.0,0,0,0,0,0,0,0,0,0,0,0,0,0,0,0,160.156403,171.867355,200.413528,261.731476,417.754639,1246.983521,6501.16748,10380.775391,24093.589844,24093.589844,24093.589844,24093.589844,24093.589844,24093.589844,24093.589844,24093.589844,11068.885742,6984.264648,1184.257202,410.995422,259.287781,199.309845,171.53714,160.004745,5000.0,11074.928419,-9625.069184,72815.470963,0,true,true,1.0,-216.663591,0,0.0,0.0,1.0
3,1126,24.45,22722.922421,-10243.687793,22470.983031,-9978.186542,19311.722994,-0.738674,-0.974402,-12.7724,-7.581577,-79.485367,-119.91803,0.0,0.0,0.0,0.0,0.0,0.0,0,0,0,0,0,0,0,0,0,0,0,0,0,0,0,159.75827,171.439667,199.914795,261.080139,416.713928,1243.867065,6500.703125,10380.03418,24092.835938,24092.835938,24092.835938,24092.835938,24092.835938,24092.835938,24092.835938,24092.835938,11068.168945,6983.812012,1181.307007,409.972656,258.642548,198.813858,171.023773,159.606979,5000.0,11074.186342,-9625.051594,72815.534255,0,true,true,1.0,-216.653591,0,0.0,0.0,1.0
3,1127,24.5,22722.957734,25320.73006,22471.029613,25307.156929,19312.399988,-0.629742,-0.830707,-12.253076,-7.581577,-79.485367,-119.91803,0.0,0.0,0.0,0.0,0.0,0.0,0,0,0,0,0,0,0,0,0,0,0,0,0,0,0,159.435181,171.09259,199.510086,260.551605,415.869415,1241.338135,6500.32666,10379.431641,24092.146484,24092.146484,24092.146484,24092.146484,24092.146484,24092.146484,24092.146484,24092.146484,11067.586914,6983.444824,1178.912964,409.14267,258.118927,198.411377,170.583359,159.28421,5000.0,11073.510134,-9625.035507,72815.599229,0,true,true,1.0,-216.643591,0,0.0,0.0,1.0
3,1128,24.55,22722.98919,-10243.719249,22471.071108,-9978.228037,19313.157941,-0.524659,-0.69209,-14.869936,-7.581577,-79.485367,-119.91803,0.0,0.0,0.0,0.0,0.0,0.0,0,0,0,0,0,0,0,0,0,0,0,0,0,0,0,159.147461,170.783493,199.149643,260.080902,415.117279,1239.085938,6499.991211,10378.896484,24091.376953,24091.376953,24091.376953,24091.376953,24091.376953,24091.376953,24091.376953,24091.376953,11067.068359,6983.118164,1176.780884,408.403534,257.652618,198.052933,170.275192,158.996765,5000.0,11072.755482,-9625.017447,72815.685126,0,true,true,1.0,-216.633591,0,0.0,0.0,1.0
3,1129,24.6,22723.008747,25320.710502,22471.096906,25307.131131,19313.678232,-0.469743,-0.61965,-12.0555,-8.271396,-79.81958,-119.216728,0.0,0.0,0.0,0.0,0.0,0.0,0,0,0,0,0,0,0,0,0,0,0,0,0,0,0,164.416641,177.052811,207.366104,277.334808,441.350525,1412.248047,6820.874512,11046.414062,24065.203125,24065.203125,24065.203125,24065.203125,24065.203125,24065.203125,24065.203125,24065.203125,11101.735352,7097.580078,1112.843872,409.249695,261.59906,202.383835,174.743866,163.732117,5000.0,10616.056461,-9639.997339,72881.671526,0,true,true,1.0,-216.623591,0,0.0,0.0,1.0
3,1130,24.65,22723.031756,-10243.742258,22471.127258,-9978.258389,19314.398677,-0.395813,-0.522126,-12.983118,-9.002667,-80.149788,-118.474083,0.0,0.0,0.0,0.0,0.0,0.0,0,0,0,0,0,0,0,0,0,0,0,0,0,0,0,169.807632,183.733887,216.20668,287.032562,470.88446,1642.377075,7172.365723,11799.820312,24039.990234,24039.990234,24039.990234,24039.990234,24039.990234,24039.990234,24039.990234,24039.990234,11136.741211,7215.523438,1055.590942,410.026031,265.602814,206.850372,179.398972,168.523972,5000.0,10162.070842,-9654.216049,72944.458536,0,true,true,1.0,-216.613591,0,0.0,0.0,1.0
3,1131,24.7,22723.051076,25320.691183,22471.152743,25307.105645,19315.107177,-0.334783,-0.441619,-13.385393,-9.554603,-80.384071,-117.914062,0.0,0.0,0.0,0.0,0.0,0.0,0,0,0,0,0,0,0,0,0,0,0,0,0,0,0,173.995178,188.796341,222.965515,296.638367,494.451569,1856.473511,7446.483398,12402.240234,24022.416016,24022.416016,24022.416016,24022.416016,24022.416016,24022.416016,24022.416016,24022.416016,11162.353516,7302.148438,1018.02478,410.522919,268.499786,210.133163,182.852585,172.235291,5000.0,9838.085587,-9663.950366,72987.560193,0,true,true,1.0,-216.603591,0,0.0,0.0,1.0
3,1132,24.75,22723.06391,-10243.755092,22471.169673,-9978.275318,19315.669874,-0.294657,-0.388689,-13.323935,-9.871395,-80.513161,-117.592804,0.0,0.0,0.0,0.0,0.0,0.0,0,0,0,0,0,0,0,0,0,0,0,0,0,0,0,176.38324,191.698807,226.866226,302.823059,508.4841,2002.102051,7606.892578,12762.868164,24012.740234,24012.740234,24012.740234,24012.740234,24012.740234,24012.740234,24012.740234,24012.740234,11176.619141,7350.964355,998.238098,410.750946,270.099731,211.971329,184.801056,174.341049,5000.0,9658.770027,-9669.184578,73010.807594,0,true,true,1.0,-216.593591,0,0.0,0.0,1.0
3,1133,24.8,22723.078071,25320.677022,22471.188353,25307.086965,19316.350027,-0.250994,-0.331093,-12.879725,-10.196502,-80.641769,-117.263245,0.0,0.0,0.0,0.0,0.0,0.0,0,0,0,0,0,0,0,0,0,0,0,0,0,0,0,178.825195,194.678253,230.889694,309.249573,523.300293,2172.38501,7774.508789,13144.649414,24003.107422,24003.107422,24003.107422,24003.107422,24003.107422,24003.107422,24003.107422,24003.107422,11190.500977,7400.399414,979.133911,410.949829,271.699585,213.826813,186.778336,176.486496,5000.0,9479.529479,-9674.307851,73033.613015,0,true,true,1.0,-216.583591,0,0.0,0.0,1.0
3,1134,24.85,22723.09038,-10243.767402,22471.204591,-9978.291556,19317.067058,-0.212216,-0.279939,-13.127294,-10.43402,-80.733345,-117.022545,0.0,0.0,0.0,0.0,0.0,0.0,0,0,0,0,0,0,0,0,0,0,0,0,0,0,0,180.58963,196.840271,233.824341,313.972504,534.361328,2307.647949,7898.368164,13431.779297,23996.091797,23996.091797,23996.091797,23996.091797,23996.091797,23996.091797,23996.091797,23996.091797,11200.75,7436.086426,966.841003,411.04126,272.820709,215.146103,188.194077,178.030167,5000.0,9351.368966,-9677.895425,73049.65798,0,true,true,1.0,-216.573591,0,0.0,0.0,1.0
3,1135,24.9,22723.098401,25320.669001,22471.215171,25307.076385,19317.620529,-0.187685,-0.24758,-12.372456,-10.567888,-80.784103,-116.886917,0.0,0.0,0.0,0.0,0.0,0.0,0,0,0,0,0,0,0,0,0,0,0,0,0,0,0,181.572906,198.049088,235.471512,316.638214,540.67511,2393.36084,7969.018555,13595.445312,23992.072266,23992.072266,23992.072266,23992.072266,23992.072266,23992.072266,23992.072266,23992.072266,11206.441406,7456.038574,959.519348,411.064484,273.42926,215.871674,188.977295,178.887558,5000.0,9280.073808,-9679.859816,73058.491362,0,true,true,1.0,-216.563591,0,0.0,0.0,1.0
3,1136,24.95,22723.107546,-10243.776547,22471.227235,-9978.30362,19318.329586,-0.158254,-0.208756,-13.456094,-10.702188,-80.834412,-116.75087,0.0,0.0,0.0,0.0,0.0,0.0,0,0,0,0,0,0,0,0,0,0,0,0,0,0,0,182.547791,199.250992,237.114548,319.309296,547.058167,2484.862061,8040.375,13763.023438,23987.945312,23987.945312,23987.945312,23987.945312,23987.945312,23987.945312,23987.945312,23987.945312,11212.084961,7475.345215,952.292419,411.059814,274.017853,216.58252,189.748825,179.735168,5000.0,9209.16518,-9681.788544,73067.212578,0,true,true,1.0,-216.553591,0,0.0,0.0,1.0
3,1137,25.0,22723.115176,25320.661371,22471.237299,25307.066321,19319.014152,-0.134863,-0.177902,-12.787573,-10.798935,-80.870277,-116.65287,0.0,0.0,0.0,0.0,0.0,0.0,0,0,0,0,0,0,0,0,0,0,0,0,0,0,0,183.238983,200.105804,238.287186,321.224609,551.675537,2554.45874,8092.073242,13885.142578,23984.833984,23984.833984,23984.833984,23984.833984,23984.833984,23984.833984,23984.833984,23984.833984,11216.104492,7489.600586,947.137207,411.030548,274.422516,217.079453,190.291779,180.334152,5000.0,9158.38251,-9683.149995,73073.421314,0,true,true,1.0,-216.543591,0,0.0,0.0,1.0
3,1138,25.05,22723.120345,-10243.781716,22471.244118,-9978.310439,19319.583388,-0.117403,-0.154869,-15.152411,-10.853252,-80.890282,-116.597862,0.0,0.0,0.0,0.0,0.0,0.0,0,0,0,0,0,0,0,0,0,0,0,0,0,0,0,183.617645,200.575851,238.93454,322.287262,554.258911,2592.99707,8121.200684,13953.620117,23982.914062,23982.914062,23982.914062,23982.914062,23982.914062,23982.914062,23982.914062,23982.914062,11218.334961,7497.570312,944.233582,410.992798,274.634674,217.346573,190.586349,180.660919,5000.0,9129.858993,-9683.900604,73076.898509,0,true,true,1.0,-216.533591,0,0.0,0.0,1.0
3,1139,25.1,22723.126015,25320.655701,22471.251598,25307.058841,19320.259566,-0.101021,-0.133259,-12.526175,-10.907395,-80.910126,-116.54303,0.0,0.0,0.0,0.0,0.0,0.0,0,0,0,0,0,0,0,0,0,0,0,0,0,0,0,183.989502,201.038574,239.573471,323.339478,556.831055,2633.424316,8150.310547,14022.839844,23980.898438,23980.898438,23980.898438,23980.898438,23980.898438,23980.898438,23980.898438,23980.898438,11220.542969,7505.491699,941.338623,410.942566,274.837158,217.605743,190.873871,180.980988,5000.0,9101.440014,-9684.6397,73080.355088,0,true,true,1.0,-216.523591,0,0.0,0.0,1.0
3,1140,25.15,22723.131039,-10243.78674,22471.258225,-9978.317066,19321.004,-0.084533,-0.11151,-14.425791,-10.946101,-80.924255,-116.50383,0.0,0.0,0.0,0.0,0.0,0.0,0,0,0,0,0,0,0,0,0,0,0,0,0,0,0,184.245026,201.358261,240.017303,324.075195,558.646973,2663.534668,8171.157715,14072.538086,23979.199219,23979.199219,23979.199219,23979.199219,23979.199219,23979.199219,23979.199219,23979.199219,11222.100586,7511.133789,939.233521,410.883606,274.966095,217.778519,191.068512,181.199524,5000.0,9080.939383,-9685.156679,73082.849428,0,true,true,1.0,-216.513591,0,0.0,0.0,1.0
3,1141,25.2,22723.134236,25320.652505,22471.262441,25307.054624,19321.542216,-0.075134,-0.099111,-12.751695,-10.967499,-80.932045,-116.482162,0.0,0.0,0.0,0.0,0.0,0.0,0,0,0,0,0,0,0,0,0,0,0,0,0,0,0,184.381821,201.530167,240.25705,324.47464,559.640381,2680.37915,8182.695801,14100.088867,23978.132812,23978.132812,23978.132812,23978.132812,23978.132812,23978.132812,23978.132812,23978.132812,11222.953125,7514.244141,938.053162,410.841064,275.030609,217.868652,191.171417,181.315918,5000.0,9069.506594,-9685.437413,73084.241755,0,true,true,1.0,-216.503591,0,0.0,0.0,1.0
3,1142,25.25,22723.13816,-10243.790665,22471.267618,-9978.322242,19322.381113,-0.062258,-0.082126,-14.491194,-10.988333,-80.939613,-116.461067,0.0,0.0,0.0,0.0,0.0,0.0,0,0,0,0,0,0,0,0,0,0,0,0,0,0,0,184.506409,201.688202,240.479401,324.848816,560.583496,2696.835938,8193.931641,14126.953125,23976.779297,23976.779297,23976.779297,23976.779297,23976.779297,23976.779297,23976.779297,23976.779297,11223.769531,7517.26123,936.864685,410.780548,275.080536,217.946213,191.262665,181.420776,5000.0,9058.082167,-9685.70041,73085.640855,0,true,true,1.0,-216.493591,0,0.0,0.0,1.0
3,1143,25.3,22723.140645,25320.65002,22471.270896,25307.051346,19323.009574,-0.054701,-0.072158,-13.447231,-10.999595,-80.943703,-116.449661,0.0,0.0,0.0,0.0,0.0,0.0,0,0,0,0,0,0,0,0,0,0,0,0,0,0,0,184.569931,201.769455,240.59465,325.044464,561.082458,2705.750732,8200.004883,14141.491211,23975.869141,23975.869141,23975.869141,23975.869141,23975.869141,23975.869141,23975.869141,23975.869141,11224.204102,7518.887207,936.20459,410.739349,275.101776,217.983582,191.307983,181.473679,5000.0,9051.741027,-9685.83695,73086.421984,0,true,true,1.0,-216.483591,0,0.0,0.0,1.0
3,1144,25.35,22723.143452,-10243.793472,22471.2746,-9978.325946,19323.80391,-0.045917,-0.060571,-13.276186,-11.010644,-80.947708,-116.438469,0.0,0.0,0.0,0.0,0.0,0.0,0,0,0,0,0,0,0,0,0,0,0,0,0,0,0,184.628357,201.844925,240.702682,325.229675,561.56073,2714.491699,8205.962891,14155.762695,23974.798828,23974.798828,23974.798828,23974.798828,23974.798828,23974.798828,23974.798828,23974.798828,11224.624023,7520.478027,935.538513,410.690277,275.116791,218.01564,191.348419,181.521744,5000.0,9045.348789,-9685.965322,73087.214113,0,true,true,1.0,-216.473591,0,0.0,0.0,1.0
3,1145,25.4,22723.145238,25320.648234,22471.276955,25307.048991,19324.388963,-0.040457,-0.053367,-12.429844,-11.016696,-80.949898,-116.432343,0.0,0.0,0.0,0.0,0.0,0.0,0,0,0,0,0,0,0,0,0,0,0,0,0,0,0,184.657776,201.883423,240.758484,325.326599,561.815002,2719.262695,8209.223633,14163.581055,23974.060547,23974.060547,23974.060547,23974.060547,23974.060547,23974.060547,23974.060547,23974.060547,11224.849609,7521.346191,935.161133,410.657623,275.121155,218.030121,191.367874,181.545517,5000.0,9041.701515,-9686.031017,73087.670251,0,true,true,1.0,-216.463591,0,0.0,0.0,1.0
3,1146,25.45,22723.14719,-10243.795424,22471.27953,-9978.328521,19325.081688,-0.03422,-0.04514,-13.252738,-11.022716,-80.95208,-116.426247,0.0,0.0,0.0,0.0,0.0,0.0,0,0,0,0,0,0,0,0,0,0,0,0,0,0,0,184.685165,201.919708,240.811584,325.419739,561.783508,2723.995361,8212.466797,14171.357422,23973.212891,23973.212891,23973.212891,23973.212891,23973.212891,23973.212891,23973.212891,23973.212891,11225.071289,7522.20752,934.776855,410.621094,275.122742,218.042343,191.3853,181.567352,5000.0,9037.966103,-9686.092939,73088.140373,0,true,true,1.0,-216.453591,0,0.0,0.0,1.0
3,1147,25.5,22723.148852,25320.646572,22471.281723,25307.046798,19325.779092,-0.029079,-0.038359,-12.861698,-11.02702,-80.953636,-116.42189,0.0,0.0,0.0,0.0,0.0,0.0,0,0,0,0,0,0,0,0,0,0,0,0,0,0,0,184.702011,201.942642,240.845963,325.481506,561.62616,2727.348145,8214.782227,14176.915039,23972.402344,23972.402344,23972.402344,23972.402344,23972.402344,23972.402344,23972.402344,23972.402344,11225.226562,7522.820801,934.488281,410.588806,275.119751,218.047821,191.394913,181.580246,5000.0,9035.096013,-9686.131101,73088.507108,0,true,true,1.0,-216.443591,0,0.0,0.0,1.0
3,1148,25.55,22723.149972,-10243.796543,22471.283199,-9978.329997,19326.356092,-0.02526,-0.033322,-15.560111,-11.029418,-80.954506,-116.419464,0.0,0.0,0.0,0.0,0.0,0.0,0,0,0,0,0,0,0,0,0,0,0,0,0,0,0,184.709396,201.953232,240.862518,325.512421,561.713928,2729.189697,8216.070312,14180.008789,23971.761719,23971.761719,23971.761719,23971.761719,23971.761719,23971.761719,23971.761719,23971.761719,11225.308594,7523.160156,934.317627,410.566437,275.115143,218.048538,191.398193,181.58548,5000.0,9033.311331,-9686.14667,73088.740087,0,true,true,1.0,-216.433591,0,0.0,0.0,1.0
3,1149,25.6,22723.151192,25320.645351,22471.284809,25307.045188,19327.030837,-0.021806,-0.028765,-12.247531,-11.031794,-80.955368,-116.417053,0.0,0.0,0.0,0.0,0.0,0.0,0,0,0,0,0,0,0,0,0,0,0,0,0,0,0,184.715576,201.962494,240.877441,325.541046,561.797424,2730.999756,8217.345703,14183.072266,23971.021484,23971.021484,23971.021484,23971.021484,23971.021484,23971.021484,23971.021484,23971.021484,11225.389648,7523.495117,934.1427,410.541687,275.108856,218.047882,191.400269,181.589539,5000.0,9031.441212,-9686.15899,73088.986611,0,true,true,1.0,-216.423591,0,0.0,0.0,1.0
3,1150,25.65,22723.152266,-10243.797617,22471.286226,-9978.331414,19327.762471,-0.018265,-0.024093,-14.328806,-11.033487,-80.955978,-116.415337,0.0,0.0,0.0,0.0,0.0,0.0,0,0,0,0,0,0,0,0,0,0,0,0,0,0,0,184.717911,201.966827,240.885376,325.55777,561.850647,2732.259766,8218.251953,14185.250977,23970.238281,23970.238281,23970.238281,23970.238281,23970.238281,23970.238281,23970.238281,23970.238281,11225.443359,7523.731934,934.00769,410.519501,275.101288,218.044983,191.399597,181.590393,5000.0,9029.861156,-9686.160209,73089.200582,0,true,true,1.0,-216.413591,0,0.0,0.0,1.0
3,1151,25.7,22723.152939,25320.644678,22471.287113,25307.0443,19328.269545,-0.016291,-0.02149,-12.710187,-11.03443,-80.956314,-116.414383,0.0,0.0,0.0,0.0,0.0,0.0,0,0,0,0,0,0,0,0,0,0,0,0,0,0,0,184.71846,201.968414,240.888809,325.565765,561.877991,2732.950928,8218.754883,14186.462891,23969.703125,23969.703125,23969.703125,23969.703125,23969.703125,23969.703125,23969.703125,23969.703125,11225.472656,7523.862793,933.928711,410.505432,275.095947,218.042465,191.398453,181.590134,5000.0,9028.882808,-9686.157889,73089.334979,0,true,true,1.0,-216.403591,0,0.0,0.0,1.0
3,1152,25.75,22723.153791,-10243.798469,22471.288237,-9978.332537,19329.112771,-0.013472,-0.017771,-14.839067,-11.03493,-80.956497,-116.413879,0.0,0.0,0.0,0.0,0.0,0.0,0,0,0,0,0,0,0,0,0,0,0,0,0,0,0,184.713715,201.963745,240.884064,325.561127,561.877136,2733.242432,8219.016602,14187.095703,23968.837891,23968.837891,23968.837891,23968.837891,23968.837891,23968.837891,23968.837891,23968.837891,11225.480469,7523.927246,933.861389,410.486816,275.085632,218.035202,191.392624,181.585037,5000.0,9027.796621,-9686.139382,73089.494049,0,true,true,1.0,-216.393591,0,0.0,0.0,1.0
3,1153,25.8,22723.154312,25320.644157,22471.288924,25307.043613,19329.677839,-0.011936,-0.015744,-13.176765,-11.03493,-80.956497,-116.413879,0.0,0.0,0.0,0.0,0.0,0.0,0,0,0,0,0,0,0,0,0,0,0,0,0,0,0,184.708389,201.957932,240.877136,325.551727,561.860962,2733.162842,8219.009766,14187.083984,23968.265625,23968.265625,23968.265625,23968.265625,23968.265625,23968.265625,23968.265625,23968.265625,11225.472656,7523.921875,933.834534,410.474976,275.077728,218.028915,191.387115,181.579819,5000.0,9027.238444,-9686.122383,73089.580375,0,true,true,1.0,-216.383591,0,0.0,0.0,1.0
3,1154,25.85,22723.154928,-10243.799085,22471.289737,-9978.33335,19330.488375,-0.009966,-0.013147,-13.848346,-11.03493,-80.956497,-116.413879,0.0,0.0,0.0,0.0,0.0,0.0,0,0,0,0,0,0,0,0,0,0,0,0,0,0,0,184.702179,201.951141,240.869034,325.540771,561.84198,2733.070068,8219.001953,14187.071289,23967.443359,23967.443359,23967.443359,23967.443359,23967.443359,23967.443359,23967.443359,23967.443359,11225.462891,7523.915527,933.803101,410.461182,275.068451,218.021591,191.380676,181.5737,5000.0,9026.437826,-9686.098,73089.704415,0,true,true,1.0,-216.373591,0,0.0,0.0,1.0
3,1155,25.9,22723.155329,25320.643756,22471.290267,25307.043084,19331.121138,-0.00872,-0.011503,-13.415029,-11.03493,-80.956497,-116.413879,0.0,0.0,0.0,0.0,0.0,0.0,0,0,0,0,0,0,0,0,0,0,0,0,0,0,0,184.698181,201.946762,240.863815,325.533722,561.829834,2733.010254,8218.99707,14187.0625,23966.802734,23966.802734,23966.802734,23966.802734,23966.802734,23966.802734,23966.802734,23966.802734,11225.457031,7523.911621,933.782898,410.452301,275.0625,218.016861,191.376526,181.569778,5000.0,9025.812826,-9686.078964,73089.80138,0,true,true,1.0,-216.363591,0,0.0,0.0,1.0
3,1156,25.95,22723.155764,-10243.79952,22471.29084,-9978.333924,19331.86632,-0.007359,-0.009707,-13.410457,-11.03493,-80.956497,-116.413879,0.0,0.0,0.0,0.0,0.0,0.0,0,0,0,0,0,0,0,0,0,0,0,0,0,0,0,184.693878,201.942062,240.8582,325.526123,561.816711,2732.946045,8218.992188,14187.053711,23966.048828,23966.048828,23966.048828,23966.048828,23966.048828,23966.048828,23966.048828,23966.048828,11225.450195,7523.907227,933.761108,410.442749,275.056091,218.011795,191.37207,181.565552,5000.0,9025.076796,-9686.056546,73089.915634,0,true,true,1.0,-216.353591,0,0.0,0.0,1.0
3,1157,26.0,22723.156134,25320.643386,22471.291328,25307.042596,19332.568714,-0.006646,-0.008766,-13.46981,-11.03493,-80.956497,-116.413879,0.0,0.0,-1.0,0.0,0.0,0.0,0,0,0,0,0,0,0,0,0,0,0,0,0,0,0,184.690262,201.938095,240.853485,325.519745,561.805664,2732.891846,8218.987305,14187.045898,23965.337891,23965.337891,23965.337891,23965.337891,23965.337891,23965.337891,23965.337891,23965.337891,11225.445312,7523.903809,933.742798,410.434692,275.05069,218.007507,191.368317,181.561981,5000.0,9024.383039,-9686.035416,73090.023393,0,true,true,1.0,-216.343591,0,0.0,0.0,1.0
3,1158,26.05,22723.156402,-10243.799788,22471.291682,-9978.334278,19333.145977,-0.006184,-0.008158,-15.30208,-11.03493,-80.956497,-116.413879,0.0,0.0,-1.0,0.0,0.0,0.0,0,0,0,0,0,0,0,0,0,0,0,0,0,0,0,184.687668,201.935272,240.850098,325.515167,561.797729,2732.853027,8218.984375,14187.041016,23964.753906,23964.753906,23964.753906,23964.753906,23964.753906,23964.753906,23964.753906,23964.753906,11225.441406,7523.900879,933.729675,410.428925,275.046844,218.004456,191.365631,181.559433,5000.0,9023.812884,-9686.018049,73090.112013,0,true,true,1.0,-216.333591,0,0.0,0.0,1.0
3,1159,26.1,22723.156719,25320.64307,22471.292099,25307.042179,19333.830079,-0.005774,-0.007617,-12.58402,-11.03493,-80.956497,-116.413879,0.0,0.0,-1.0,0.0,0.0,0.0,0,0,0,0,0,0,0,0,0,0,0,0,0,0,0,184.684601,201.931931,240.846115,325.509766,561.788452,2732.807373,8218.980469,14187.03418,23964.060547,23964.060547,23964.060547,23964.060547,23964.060547,23964.060547,23964.060547,23964.060547,11225.436523,7523.897949,933.714233,410.422119,275.042297,218.000839,191.362473,181.556427,5000.0,9023.137204,-9685.997468,73090.217038,0,true,true,1.0,-216.323591,0,0.0,0.0,1.0
3,1160,26.15,22723.157013,-10243.800083,22471.292487,-9978.334666,19334.529593,-0.005305,-0.006999,-13.32784,-11.03493,-80.956497,-116.413879,0.0,0.0,-1.0,0.0,0.0,0.0,0,0,0,0,0,0,0,0,0,0,0,0,0,0,0,184.681793,201.928848,240.842438,325.504791,561.779846,2732.765381,8218.977539,14187.02832,23963.351562,23963.351562,23963.351562,23963.351562,23963.351562,23963.351562,23963.351562,23963.351562,11225.432617,7523.89502,933.700012,410.415863,275.038086,217.997528,191.359558,181.553665,5000.0,9022.44631,-9685.976424,73090.324477,0,true,true,1.0,-216.313591,0,0.0,0.0,1.0
3,1161,26.2,22723.157215,25320.642867,22471.292754,25307.041912,19335.036125,-0.005014,-0.006614,-12.53324,-11.03493,-80.956497,-116.413879,0.0,0.0,-1.0,0.0,0.0,0.0,0,0,0,0,0,0,0,0,0,0,0,0,0,0,0,184.679871,201.926743,240.839935,325.501404,561.773987,2732.736816,8218.975586,14187.024414,23962.839844,23962.839844,23962.839844,23962.839844,23962.839844,23962.839844,23962.839844,23962.839844,11225.429688,7523.893555,933.690308,410.411591,275.035248,217.995255,191.357559,181.551773,5000.0,9021.946024,-9685.961185,73090.402292,0,true,true,1.0,-216.303591,0,0.0,0.0,1.0
3,1162,26.25,22723.157481,-10243.800349,22471.293105,-9978.335017,19335.802438,-0.004584,-0.006047,-13.543922,-11.03493,-80.956497,-116.413879,0.0,0.0,-1.0,0.0,0.0,0.0,0,0,0,0,0,0,0,0,0,0,0,0,0,0,0,184.677399,201.924042,240.8367,325.49704,561.766418,2732.699707,8218.972656,14187.019531,23962.0625,23962.0625,23962.0625,23962.0625,23962.0625,23962.0625,23962.0625,23962.0625,11225.425781,7523.891113,933.677795,410.406097,275.031555,217.992325,191.354996,181.549332,5000.0,9021.189168,-9685.938131,73090.520082,0,true,true,1.0,-216.293591,0,0.0,0.0,1.0
3,1163,26.3,22723.157715,25320.642634,22471.293413,25307.041604,19336.492057,-0.004248,-0.005604,-12.432803,-11.03493,-80.956497,-116.413879,0.0,0.0,-1.0,0.0,0.0,0.0,0,0,0,0,0,0,0,0,0,0,0,0,0,0,0,184.675232,201.921677,240.833878,325.493225,561.759827,2732.667236,8218.969727,14187.015625,23961.365234,23961.365234,23961.365234,23961.365234,23961.365234,23961.365234,23961.365234,23961.365234,11225.422852,7523.888672,933.666809,410.401276,275.02832,217.989777,191.352753,181.547211,5000.0,9020.508062,-9685.917384,73090.626094,0,true,true,1.0,-216.283591,0,0.0,0.0,1.0
3,1164,26.35,22723.157879,-10243.800513,22471.29363,-9978.335234,19337.021181,-0.003981,-0.005251,-13.262176,-11.03493,-80.956497,-116.413879,0.0,0.0,-1.0,0.0,0.0,0.0,0,0,0,0,0,0,0,0,0,0,0,0,0,0,0,184.673721,201.920029,240.831924,325.49057,561.755249,2732.644775,8218.967773,14187.011719,23960.828125,23960.828125,23960.828125,23960.828125,23960.828125,23960.828125,23960.828125,23960.828125,11225.420898,7523.887207,933.65918,410.397919,275.026093,217.987991,191.351181,181.545731,5000.0,9019.985473,-9685.901465,73090.707457,0,true,true,1.0,-216.273591,0,0.0,0.0,1.0
3,1165,26.4,22723.158085,25320.642429,22471.293902,25307.041333,19337.738209,-0.003682,-0.004857,-12.246577,-11.03493,-80.956497,-116.413879,0.0,0.0,-1.0,0.0,0.0,0.0,0,0,0,0,0,0,0,0,0,0,0,0,0,0,0,184.671875,201.917999,240.829498,325.487305,561.749573,2732.617188,8218.96582,14187.008789,23960.103516,23960.103516,23960.103516,23960.103516,23960.103516,23960.103516,23960.103516,23960.103516,11225.417969,7523.885742,933.649841,410.393829,275.023315,217.985809,191.349274,181.543915,5000.0,9019.277306,-9685.879893,73090.817742,0,true,true,1.0,-216.263591,0,0.0,0.0,1.0
3,1166,26.45,22723.158272,-10243.8007,22471.294148,-9978.335481,19338.431337,-0.003383,-0.004462,-13.114899,-11.03493,-80.956497,-116.413879,0.0,0.0,-1.0,0.0,0.0,0.0,0,0,0,0,0,0,0,0,0,0,0,0,0,0,0,184.670212,201.916183,240.827332,325.484344,561.744507,2732.592285,8218.963867,14187.004883,23959.400391,23959.400391,23959.400391,23959.400391,23959.400391,23959.400391,23959.400391,23959.400391,11225.416016,7523.883789,933.641418,410.390137,275.020844,217.983841,191.347549,181.542282,5000.0,9018.592746,-9685.859041,73090.924371,0,true,true,1.0,-216.253591,0,0.0,0.0,1.0
3,1167,26.5,22723.158446,25320.642254,22471.294378,25307.041103,19339.140051,-0.003117,-0.004112,-13.061027,-11.03493,-80.956497,-116.413879,0.0,0.0,-1.0,0.0,0.0,0.0,0,0,0,0,0,0,0,0,0,0,0,0,0,0,0,184.668686,201.91452,240.825363,325.481689,561.739929,2732.56958,8218.961914,14187.001953,23958.683594,23958.683594,23958.683594,23958.683594,23958.683594,23958.683594,23958.683594,23958.683594,11225.413086,7523.882324,933.633789,410.386749,275.018585,217.982056,191.345978,181.540787,5000.0,9017.892797,-9685.837719,73091.033426,0,true,true,1.0,-216.243591,0,0.0,0.0,1.0
3,1168,26.55,22723.158571,-10243.800826,22471.294543,-9978.335646,19339.713384,-0.002925,-0.003859,-12.968047,-11.03493,-80.956497,-116.413879,0.0,0.0,-1.0,0.0,0.0,0.0,0,0,0,0,0,0,0,0,0,0,0,0,0,0,0,184.667633,201.913361,240.823975,325.479797,561.736633,2732.553711,8218.960938,14187.0,23958.103516,23958.103516,23958.103516,23958.103516,23958.103516,23958.103516,23958.103516,23958.103516,11225.412109,7523.881348,933.628418,410.384399,275.016998,217.980804,191.344864,181.539734,5000.0,9017.32656,-9685.82047,73091.121673,0,true,true,1.0,-216.233591,0,0.0,0.0,1.0
3,1169,26.6,22723.15872,25320.642106,22471.29474,25307.040907,19340.407836,-0.002704,-0.003566,-12.41256,-11.03493,-80.956497,-116.413879,1.0,0.0,-1.0,0.0,0.0,0.0,0,0,0,0,0,0,0,0,0,0,0,0,0,0,0,184.666367,201.911987,240.822327,325.4776,561.732849,2732.534912,8218.959961,14186.998047,23957.400391,23957.400391,23957.400391,23957.400391,23957.400391,23957.400391,23957.400391,23957.400391,11225.410156,7523.880371,933.62207,410.381592,275.015137,217.979324,191.343567,181.538498,5000.0,9016.640702,-9685.799577,73091.228568,0,true,true,1.0,-216.223591,0,0.0,0.0,1.0
3,1170,26.65,22723.158828,-10243.800934,22471.294882,-9978.335789,19340.97452,-0.002526,-0.003332,-13.468097,-11.03493,-80.956497,-116.413879,-1.0,0.0,-1.0,0.0,0.0,0.0,0,0,0,0,0,0,0,0,0,0,0,0,0,0,0,184.665497,201.911026,240.821182,325.476044,561.730164,2732.521729,8218.958984,14186.996094,23956.826172,23956.826172,23956.826172,23956.826172,23956.826172,23956.826172,23956.826172,23956.826172,11225.40918,7523.879395,933.617615,410.379639,275.013824,217.978271,191.342667,181.537643,5000.0,9016.081034,-9685.782528,73091.315818,0,true,true,1.0,-216.213591,0,0.0,0.0,1.0
3,1171,26.7,22723.158959,25320.641975,22471.295055,25307.040734,19341.693328,-0.002322,-0.003063,-13.848154,-11.03493,-80.956497,-116.413879,-1.0,0.0,-1.0,0.0,0.0,0.0,0,0,0,0,0,0,0,0,0,0,0,0,0,0,0,184.664444,201.909882,240.819809,325.474182,561.726929,2732.506104,8218.958008,14186.994141,23956.097656,23956.097656,23956.097656,23956.097656,23956.097656,23956.097656,23956.097656,23956.097656,11225.407227,7523.878906,933.612305,410.377319,275.012268,217.977036,191.341568,181.536606,5000.0,9015.371128,-9685.760902,73091.4265,0,true,true,1.0,-216.203591,0,0.0,0.0,1.0
3,1172,26.75,22723.15908,-10243.801055,22471.295214,-9978.335948,19342.415457,-0.002139,-0.002822,-13.628119,-11.03493,-80.956497,-116.413879,-1.0,0.0,-1.0,0.0,0.0,0.0,0,0,0,0,0,0,0,0,0,0,0,0,0,0,0,184.663498,201.908844,240.818588,325.472534,561.724121,2732.492188,8218.957031,14186.992188,23955.367188,23955.367188,23955.367188,23955.367188,23955.367188,23955.367188,23955.367188,23955.367188,11225.40625,7523.87793,933.607544,410.375214,275.010864,217.975937,191.340607,181.53569,5000.0,9014.657945,-9685.739177,73091.537711,0,true,true,1.0,-216.193591,0,0.0,0.0,1.0
3,1173,26.8,22723.159163,25320.641891,22471.295324,25307.040624,19342.945198,-0.002019,-0.002663,-12.855212,-11.03493,-80.956497,-116.413879,-1.0,0.0,-1.0,0.0,0.0,0.0,0,0,0,0,0,0,0,0,0,0,0,0,0,0,0,184.662872,201.908157,240.817764,325.471405,561.722168,2732.482666,8218.956055,14186.991211,23954.830078,23954.830078,23954.830078,23954.830078,23954.830078,23954.830078,23954.830078,23954.830078,11225.405273,7523.877441,933.60437,410.37381,275.009918,217.975189,191.339951,181.535065,5000.0,9014.134768,-9685.723239,73091.619303,0,true,true,1.0,-216.183591,0,0.0,0.0,1.0
3,1174,26.85,22723.159266,-10243.801157,22471.29546,-9978.336084,19343.638044,-0.00186,-0.002454,-12.988745,-11.03493,-80.956497,-116.413879,-1.0,0.0,-1.0,0.0,0.0,0.0,0,0,0,0,0,0,0,0,0,0,0,0,0,0,0,184.662109,201.907333,240.816772,325.470062,561.719849,2732.471436,8218.955078,14186.990234,23954.128906,23954.128906,23954.128906,23954.128906,23954.128906,23954.128906,23954.128906,23954.128906,11225.404297,7523.876465,933.600525,410.372131,275.008789,217.974289,191.339157,181.534317,5000.0,9013.450508,-9685.702395,73091.726026,0,true,true,1.0,-216.173591,0,0.0,0.0,1.0
3,1175,26.9,22723.159364,25320.641794,22471.295588,25307.040495,19344.378737,-0.001713,-0.00226,-12.666959,-11.03493,-80.956497,-116.413879,-1.0,0.0,-1.0,0.0,0.0,0.0,0,0,0,0,0,0,0,0,0,0,0,0,0,0,0,184.661438,201.906586,240.815887,325.468872,561.717773,2732.461182,8218.954102,14186.988281,23953.378906,23953.378906,23953.378906,23953.378906,23953.378906,23953.378906,23953.378906,23953.378906,11225.404297,7523.875977,933.597107,410.370636,275.007782,217.973495,191.338455,181.533646,5000.0,9012.718998,-9685.68011,73091.840139,0,true,true,1.0,-216.163591,0,0.0,0.0,1.0
3,1176,26.95,22723.159432,-10243.801226,22471.295679,-9978.336174,19344.944775,-0.001603,-0.002114,-13.373963,-11.03493,-80.956497,-116.413879,-1.0,0.0,-1.0,0.0,0.0,0.0,0,0,0,0,0,0,0,0,0,0,0,0,0,0,0,184.66098,201.906082,240.815292,325.468079,561.71637,2732.454346,8218.954102,14186.988281,23952.806641,23952.806641,23952.806641,23952.806641,23952.806641,23952.806641,23952.806641,23952.806641,11225.40332,7523.875977,933.594788,410.369598,275.007111,217.972946,191.337982,181.533203,5000.0,9012.159978,-9685.663081,73091.927354,0,true,true,1.0,-216.153591,0,0.0,0.0,1.0
3,1177,27.0,22723.159514,25320.641712,22471.295787,25307.040387,19345.642891,-0.001483,-0.001957,-12.505267,-11.03493,-80.956497,-116.413879,-1.0,0.0,-1.0,0.0,0.0,0.0,0,0,0,0,0,0,0,0,0,0,0,0,0,0,0,184.660446,201.905502,240.814606,325.467133,561.714783,2732.446533,8218.953125,14186.987305,23952.099609,23952.099609,23952.099609,23952.099609,23952.099609,23952.099609,23952.099609,23952.099609,11225.402344,7523.875488,933.592102,410.368439,275.006317,217.972321,191.337433,181.532684,5000.0,9011.47052,-9685.642077,73092.034924,0,true,true,1.0,-216.143591,0,0.0,0.0,1.0
3,1178,27.05,22723.159593,-10243.801305,22471.295891,-9978.336279,19346.416197,-0.001354,-0.001787,-13.691163,-11.03493,-80.956497,-116.413879,-1.0,0.0,-1.0,0.0,0.0,0.0,0,0,0,0,0,0,0,0,0,0,0,0,0,0,0,184.659988,201.904999,240.813995,325.466309,561.713379,2732.439453,8218.953125,14186.986328,23951.316406,23951.316406,23951.316406,23951.316406,23951.316406,23951.316406,23951.316406,23951.316406,11225.402344,7523.875,933.589722,410.367401,275.005615,217.971771,191.336945,181.532227,5000.0,9010.706806,-9685.618812,73092.154099,0,true,true,1.0,-216.133591,0,0.0,0.0,1.0
3,1179,27.1,22723.159645,25320.64166,22471.29596,25307.040318,19346.937371,-0.001279,-0.001687,-12.910345,-11.03493,-80.956497,-116.413879,-1.0,0.0,-1.0,0.0,0.0,0.0,0,0,0,0,0,0,0,0,0,0,0,0,0,0,0,184.659683,201.904663,240.813599,325.465759,561.712402,2732.435059,8218.953125,14186.986328,23950.787109,23950.787109,23950.787109,23950.787109,23950.787109,23950.787109,23950.787109,23950.787109,11225.402344,7523.875,933.588196,410.36673,275.005157,217.97142,191.336639,181.531921,5000.0,9010.192097,-9685.603132,73092.234419,0,true,true,1.0,-216.123591,0,0.0,0.0,1.0
3,1180,27.15,22723.159711,-10243.801371,22471.296047,-9978.336365,19347.639886,-0.001175,-0.00155,-13.569833,-11.03493,-80.956497,-116.413879,-1.0,0.0,-1.0,0.0,0.0,0.0,0,0,0,0,0,0,0,0,0,0,0,0,0,0,0,184.659317,201.904282,240.813141,325.465149,561.711365,2732.429688,8218.952148,14186.985352,23950.076172,23950.076172,23950.076172,23950.076172,23950.076172,23950.076172,23950.076172,23950.076172,11225.401367,7523.874512,933.586426,410.365936,275.004639,217.970993,191.336273,181.53157,5000.0,9009.498298,-9685.581996,73092.342695,0,true,true,1.0,-216.113591,0,0.0,0.0,1.0
3,1181,27.2,22723.159772,25320.641599,22471.296127,25307.040238,19348.368548,-0.001087,-0.001433,-12.502592,-11.03493,-80.956497,-116.413879,-1.0,0.0,-1.0,0.0,0.0,0.0,0,0,0,0,0,0,0,0,0,0,0,0,0,0,0,184.659027,201.903961,240.812759,325.46463,561.710449,2732.425293,8218.952148,14186.985352,23949.339844,23949.339844,23949.339844,23949.339844,23949.339844,23949.339844,23949.339844,23949.339844,11225.401367,7523.874512,933.5849,410.365265,275.004181,217.970642,191.335953,181.531281,5000.0,9008.778678,-9685.560074,73092.455011,0,true,true,1.0,-216.103591,0,0.0,0.0,1.0
3,1182,27.25,22723.159816,-10243.801415,22471.296185,-9978.336423,19348.948727,-0.001014,-0.001337,-13.74686,-11.03493,-80.956497,-116.413879,-1.0,0.0,-1.0,0.0,0.0,0.0,0,0,0,0,0,0,0,0,0,0,0,0,0,0,0,184.658844,201.903748,240.812515,325.464294,561.7099,2732.422607,8218.952148,14186.985352,23948.751953,23948.751953,23948.751953,23948.751953,23948.751953,23948.751953,23948.751953,23948.751953,11225.401367,7523.874512,933.583984,410.364868,275.003906,217.970428,191.33577,181.531097,5000.0,9008.2057,-9685.542619,73092.544448,0,true,true,1.0,-216.093591,0,0.0,0.0,1.0
3,1183,27.3,22723.159867,25320.641547,22471.296253,25307.04017,19349.631952,-0.000943,-0.001244,-11.849907,-11.03493,-80.956497,-116.413879,-1.0,0.0,-1.0,0.0,0.0,0.0,0,0,0,0,0,0,0,0,0,0,0,0,0,0,0,184.65863,201.903519,240.812241,325.463928,561.709229,2732.419434,8218.952148,14186.984375,23948.058594,23948.058594,23948.058594,23948.058594,23948.058594,23948.058594,23948.058594,23948.058594,11225.401367,7523.874512,933.582886,410.36441,275.003601,217.970184,191.335556,181.530899,5000.0,9007.530955,-9685.522063,73092.649771,0,true,true,1.0,-216.083591,0,0.0,0.0,1.0
3,1184,27.35,22723.159917,-10243.801464,22471.296319,-9978.336489,19350.400072,-0.000854,-0.001127,-14.96576,-11.03493,-80.956497,-116.413879,-1.0,0.0,-1.0,0.0,0.0,0.0,0,0,0,0,0,0,0,0,0,0,0,0,0,0,0,184.658478,201.903351,240.812027,325.463654,561.70874,2732.416992,8218.952148,14186.984375,23947.28125,23947.28125,23947.28125,23947.28125,23947.28125,23947.28125,23947.28125,23947.28125,11225.401367,7523.874512,933.582153,410.364044,275.003387,217.970001,191.335388,181.530746,5000.0,9006.77237,-9685.498953,73092.768194,0,true,true,1.0,-216.073591,0,0.0,0.0,1.0
3,1185,27.4,22723.159951,25320.641514,22471.296363,25307.040126,19350.925271,-0.00081,-0.001069,-13.029749,-11.03493,-80.956497,-116.413879,-1.0,0.0,-1.0,0.0,0.0,0.0,0,0,0,0,0,0,0,0,0,0,0,0,0,0,0,184.658386,201.903244,240.811905,325.46347,561.708496,2732.415527,8218.952148,14186.984375,23946.75,23946.75,23946.75,23946.75,23946.75,23946.75,23946.75,23946.75,11225.401367,7523.874512,933.581604,410.363831,275.003235,217.969879,191.335281,181.53064,5000.0,9006.253692,-9685.483152,73092.849166,0,true,true,1.0,-216.063591,0,0.0,0.0,1.0
3,1186,27.45,22723.159993,-10243.801506,22471.296418,-9978.336544,19351.647354,-0.000747,-0.000986,-12.638328,-11.03493,-80.956497,-116.413879,0.0,0.0,-1.0,0.0,0.0,0.0,0,0,0,0,0,0,0,0,0,0,0,0,0,0,0,184.658279,201.903152,240.811783,325.463318,561.708191,2732.414062,8218.952148,14186.985352,23946.019531,23946.019531,23946.019531,23946.019531,23946.019531,23946.019531,23946.019531,23946.019531,11225.401367,7523.874512,933.581177,410.363617,275.003082,217.969772,191.33519,181.530548,5000.0,9005.540573,-9685.461428,73092.960499,0,true,true,1.0,-216.053591,0,0.0,0.0,1.0
3,1187,27.5,22723.16003,25320.641476,22471.296468,25307.040076,19352.332987,-0.000689,-0.000909,-12.767249,-11.03493,-80.956497,-116.413879,0.0,0.0,-1.0,0.0,0.0,0.0,0,0,0,0,0,0,0,0,0,0,0,0,0,0,0,184.658218,201.903076,240.811707,325.463196,561.708008,2732.413086,8218.952148,14186.985352,23945.324219,23945.324219,23945.324219,23945.324219,23945.324219,23945.324219,23945.324219,23945.324219,11225.401367,7523.874512,933.580811,410.363495,275.002991,217.969696,191.335129,181.530487,5000.0,9004.863454,-9685.4408,73093.066215,0,true,true,1.0,-216.043591,0,0.0,0.0,1.0
3,1188,27.55,22723.160057,-10243.801533,22471.296503,-9978.33658,19352.92766,-0.000602,-0.000794,-13.538017,-11.03493,-80.956497,-116.413879,0.0,0.0,0.0,0.0,0.0,0.0,0,0,0,0,0,0,0,0,0,0,0,0,0,0,0,184.658234,201.903076,240.811707,325.463226,561.708008,2732.41333,8218.952148,14186.985352,23944.722656,23944.722656,23944.722656,23944.722656,23944.722656,23944.722656,23944.722656,23944.722656,11225.401367,7523.874512,933.580872,410.363495,275.002991,217.969696,191.335129,181.530502,5000.0,9004.276167,-9685.422908,73093.157916,0,true,true,1.0,-216.033591,0,0.0,0.0,1.0
3,1189,27.6,22723.160086,25320.641447,22471.296542,25307.040038,19353.611455,-0.000515,-0.000679,-12.25441,-11.03493,-80.956497,-116.413879,0.0,0.0,0.0,0.0,0.0,0.0,0,0,0,0,0,0,0,0,0,0,0,0,0,0,0,184.658249,201.903107,240.811737,325.463257,561.708069,2732.413574,8218.953125,14186.985352,23944.029297,23944.029297,23944.029297,23944.029297,23944.029297,23944.029297,23944.029297,23944.029297,11225.402344,7523.875,933.580994,410.363556,275.003052,217.969742,191.335159,181.530518,5000.0,9003.600864,-9685.402336,73093.263363,0,true,true,1.0,-216.023591,0,0.0,0.0,1.0
3,1190,27.65,22723.160112,-10243.801559,22471.296575,-9978.336613,19354.339494,-0.000433,-0.000571,-13.508866,-11.03493,-80.956497,-116.413879,0.0,0.0,0.0,0.0,0.0,0.0,0,0,0,0,0,0,0,0,0,0,0,0,0,0,0,184.65834,201.903214,240.811859,325.463409,561.708374,2732.415039,8218.953125,14186.986328,23943.292969,23943.292969,23943.292969,23943.292969,23943.292969,23943.292969,23943.292969,23943.292969,11225.402344,7523.875,933.581482,410.36377,275.003174,217.969833,191.335251,181.530609,5000.0,9002.881869,-9685.380432,73093.375642,0,true,true,1.0,-216.013591,0,0.0,0.0,1.0
3,1191,27.7,22723.160128,25320.64143,22471.296597,25307.040016,19354.914994,-0.000382,-0.000504,-12.575429,-11.03493,-80.956497,-116.413879,0.0,0.0,0.0,0.0,0.0,0.0,0,0,0,0,0,0,0,0,0,0,0,0,0,0,0,184.658447,201.90332,240.811996,325.463623,561.708679,2732.416504,8218.953125,14186.986328,23942.710938,23942.710938,23942.710938,23942.710938,23942.710938,23942.710938,23942.710938,23942.710938,11225.402344,7523.875488,933.58197,410.363983,275.003326,217.969971,191.335358,181.530716,5000.0,9002.313519,-9685.363117,73093.464402,0,true,true,1.0,-216.003591,0,0.0,0.0,1.0
3,1192,27.75,22723.160147,-10243.801577,22471.296622,-9978.336638,19355.630686,-0.000322,-0.000425,-13.271514,-11.03493,-80.956497,-116.413879,0.0,0.0,0.0,0.0,0.0,0.0,0,0,0,0,0,0,0,0,0,0,0,0,0,0,0,184.6586,201.903488,240.812195,325.463898,561.709167,2732.418945,8218.954102,14186.987305,23941.984375,23941.984375,23941.984375,23941.984375,23941.984375,23941.984375,23941.984375,23941.984375,11225.40332,7523.875488,933.582764,410.364349,275.003571,217.970154,191.335526,181.530869,5000.0,9001.606718,-9685.341585,73093.574787,0,true,true,1.0,-215.993591,0,0.0,0.0,1.0
3,1193,27.8,22723.160163,25320.641414,22471.296643,25307.039995,19356.370951,-0.000271,-0.000358,-13.826164,-11.03493,-80.956497,-116.413879,0.0,0.0,0.0,0.0,0.0,0.0,0,0,0,0,0,0,0,0,0,0,0,0,0,0,0,184.658798,201.903702,240.812454,325.464233,561.709778,2732.421875,8218.954102,14186.988281,23941.236328,23941.236328,23941.236328,23941.236328,23941.236328,23941.236328,23941.236328,23941.236328,11225.40332,7523.875977,933.58374,410.364777,275.003845,217.970383,191.335724,181.531067,5000.0,9000.875651,-9685.319313,73093.688967,0,true,true,1.0,-215.983591,0,0.0,0.0,1.0
3,1194,27.85,22723.160173,-10243.801588,22471.296657,-9978.336651,19356.93615,-0.000237,-0.000313,-15.249697,-11.03493,-80.956497,-116.413879,0.0,0.0,0.0,0.0,0.0,0.0,0,0,0,0,0,0,0,0,0,0,0,0,0,0,0,184.658966,201.903885,240.812683,325.464539,561.710266,2732.424316,8218.954102,14186.988281,23940.664062,23940.664062,23940.664062,23940.664062,23940.664062,23940.664062,23940.664062,23940.664062,11225.404297,7523.876465,933.584595,410.365143,275.00412,217.970581,191.335907,181.531219,5000.0,9000.317475,-9685.302309,73093.776148,0,true,true,1.0,-215.973591,0,0.0,0.0,1.0
3,1195,27.9,22723.160185,25320.641403,22471.296672,25307.039979,19357.616317,-0.000204,-0.000269,-12.627637,-11.03493,-80.956497,-116.413879,0.0,0.0,0.0,0.0,0.0,0.0,0,0,0,0,0,0,0,0,0,0,0,0,0,0,0,184.65918,201.904129,240.812958,325.464905,561.710938,2732.42749,8218.955078,14186.989258,23939.974609,23939.974609,23939.974609,23939.974609,23939.974609,23939.974609,23939.974609,23939.974609,11225.404297,7523.876465,933.585693,410.365631,275.004425,217.970825,191.336121,181.531433,5000.0,8999.64576,-9685.281845,73093.881064,0,true,true,1.0,-215.963591,0,0.0,0.0,1.0
3,1196,27.95,22723.160195,-10243.801598,22471.296685,-9978.336664,19358.330102,-0.000172,-0.000227,-13.48143,-11.03493,-80.956497,-116.413879,0.0,0.0,0.0,0.0,0.0,0.0,0,0,0,0,0,0,0,0,0,0,0,0,0,0,0,184.659424,201.904388,240.813278,325.465332,561.71167,2732.431152,8218.955078,14186.990234,23939.251953,23939.251953,23939.251953,23939.251953,23939.251953,23939.251953,23939.251953,23939.251953,11225.405273,7523.876953,933.144531,410.36618,275.004791,217.971115,191.33638,181.531677,5000.0,8998.940846,-9685.26037,73093.991169,0,true,true,1.0,-215.953591,0,0.0,0.0,1.0
3,1197,28.0,22723.160201,25320.641396,22471.296693,25307.039971,19358.842864,-0.000153,-0.000202,-12.458391,-11.03493,-80.956497,-116.413879,0.0,0.0,0.0,0.0,0.0,0.0,0,0,0,0,0,0,0,0,0,0,0,0,0,0,0,184.659622,201.904602,240.813522,325.465668,561.712219,2732.434082,8218.956055,14186.991211,23938.732422,23938.732422,23938.732422,23938.732422,23938.732422,23938.732422,23938.732422,23938.732422,11225.40625,7523.877441,932.625366,410.366577,275.005066,217.971344,191.336578,181.53186,5000.0,8998.434456,-9685.244943,73094.070267,0,true,true,1.0,-215.943591,0,0.0,0.0,1.0
3,1198,28.05,22723.160209,-10243.801605,22471.296704,-9978.336675,19359.609143,-0.000128,-0.000169,-13.513916,-11.03493,-80.956497,-116.413879,0.0,0.0,0.0,0.0,0.0,0.0,0,0,0,0,0,0,0,0,0,0,0,0,0,0,0,184.659912,201.904922,240.813904,325.466187,561.713135,2732.438477,8218.956055,14186.992188,23937.957031,23937.957031,23937.957031,23937.957031,23937.957031,23937.957031,23937.957031,23937.957031,11225.40625,7523.87793,932.58551,410.367249,275.005524,217.971695,191.336884,181.53215,5000.0,8997.677701,-9685.221888,73094.188474,0,true,true,1.0,-215.933591,0,0.0,0.0,1.0
3,1199,28.1,22723.160215,25320.64139,22471.296712,25307.039963,19360.310681,-0.000109,-0.000144,-12.701507,-11.03493,-80.956497,-116.413879,0.0,0.0,0.0,0.0,0.0,0.0,0,0,0,0,0,0,0,0,0,0,0,0,0,0,0,184.660202,201.905228,240.81427,325.466675,561.713989,2732.442627,8218.957031,14186.993164,23937.246094,23937.246094,23937.246094,23937.246094,23937.246094,23937.246094,23937.246094,23937.246094,11225.407227,7523.878418,932.586914,410.367859,275.00592,217.972031,191.337173,181.532425,5000.0,8996.984882,-9685.200782,73094.296696,0,true,true,1.0,-215.923591,0,0.0,0.0,1.0
3,1200,28.15,22723.160219,-10243.80161,22471.296717,-9978.33668,19360.866194,-0.000096,-0.000126,-13.512965,-11.03493,-80.956497,-116.413879,0.0,0.0,0.0,0.0,0.0,0.0,0,0,0,0,0,0,0,0,0,0,0,0,0,0,0,184.660431,201.905487,240.814575,325.467102,561.714722,2732.446045,8218.957031,14186.993164,23936.683594,23936.683594,23936.683594,23936.683594,23936.683594,23936.683594,23936.683594,23936.683594,11225.408203,7523.878906,932.588074,410.368378,275.006287,217.972305,191.337418,181.532654,5000.0,8996.436273,-9685.184068,73094.382392,0,true,true,1.0,-215.913591,0,0.0,0.0,1.0
3,1201,28.2,22723.160219,25320.64139,22471.296724,25307.039957,19361.610088,0.0,-0.000107,-12.902524,-11.03493,-80.956497,-116.413879,0.0,0.0,0.0,0.0,0.0,0.0,0,0,0,0,0,0,0,0,0,0,0,0,0,0,0,184.660767,201.905853,240.815018,325.467682,561.715759,2732.451172,8218.958008,14186.994141,23935.929688,23935.929688,23935.929688,23935.929688,23935.929688,23935.929688,23935.929688,23935.929688,11225.408203,7523.879395,932.589783,410.369141,275.006775,217.972702,191.337753,181.53299,5000.0,8995.701625,-9685.161691,73094.497154,0,true,true,1.0,-215.903591,0,0.0,0.0,1.0
3,1202,28.25,22723.160219,-10243.80161,22471.296726,-9978.336683,19362.355305,0.0,0.0,-14.471231,-11.03493,-80.956497,-116.413879,0.0,0.0,0.0,0.0,0.0,0.0,0,0,0,0,0,0,0,0,0,0,0,0,0,0,0,184.661118,201.90625,240.815475,325.468323,561.716797,2732.456543,8218.958984,14186.996094,23935.175781,23935.175781,23935.175781,23935.175781,23935.175781,23935.175781,23935.175781,23935.175781,11225.40918,7523.879883,932.591614,410.369934,275.007324,217.973114,191.338135,181.53334,5000.0,8994.965672,-9685.139272,73094.612123,0,true,true,1.0,-215.893591,0,0.0,0.0,1.0
3,1203,28.3,22723.160219,25320.64139,22471.296726,25307.039957,19362.901162,0.0,0.0,-12.457723,-11.03493,-80.956497,-116.413879,0.0,0.0,0.0,0.0,0.0,0.0,0,0,0,0,0,0,0,0,0,0,0,0,0,0,0,184.661392,201.90654,240.815842,325.468811,561.717651,2732.460449,8218.958984,14186.996094,23934.623047,23934.623047,23934.623047,23934.623047,23934.623047,23934.623047,23934.623047,23934.623047,11225.410156,7523.880371,932.592957,410.370514,275.007721,217.973434,191.338409,181.5336,5000.0,8994.426599,-9685.122849,73094.696336,0,true,true,1.0,-215.883591,0,0.0,0.0,1.0
3,1204,28.35,22723.160219,-10243.80161,22471.296726,-9978.336683,19363.677473,0.0,0.0,-13.750385,-11.03493,-80.956497,-116.413879,0.0,0.0,0.0,0.0,0.0,0.0,0,0,0,0,0,0,0,0,0,0,0,0,0,0,0,184.661774,201.906967,240.81633,325.469482,561.718811,2732.466309,8218.609375,14186.998047,23933.837891,23933.837891,23933.837891,23933.837891,23933.837891,23933.837891,23933.837891,23933.837891,11225.411133,7523.880859,932.59491,410.371368,275.008301,217.973892,191.338806,181.533981,5000.0,8993.659939,-9685.099493,73094.816104,0,true,true,1.0,-215.873591,0,0.0,0.0,1.0
3,1205,28.4,22723.160219,25320.64139,22471.296726,25307.039957,19364.192511,0.0,0.0,-12.804839,-11.03493,-80.956497,-116.413879,0.0,0.0,0.0,0.0,0.0,0.0,0,0,0,0,0,0,0,0,0,0,0,0,0,0,0,184.662033,201.907242,240.816666,325.46994,561.719604,2732.470215,8218.609375,14186.998047,23933.316406,23933.316406,23933.316406,23933.316406,23933.316406,23933.316406,23933.316406,23933.316406,11225.411133,7523.881348,932.596191,410.371948,275.008667,217.974197,191.339066,181.534241,5000.0,8993.151303,-9685.083998,73094.895563,0,true,true,1.0,-215.863591,0,0.0,0.0,1.0
3,1206,28.45,22723.160219,-10243.80161,22471.296726,-9978.336683,19364.922729,0.0,0.0,-13.10565,-11.03493,-80.956497,-116.413879,0.0,0.0,0.0,0.0,0.0,0.0,0,0,0,0,0,0,0,0,0,0,0,0,0,0,0,184.662399,201.907639,240.817139,325.470581,561.720703,2732.475586,8218.610352,14187.0,23932.576172,23932.576172,23932.576172,23932.576172,23932.576172,23932.576172,23932.576172,23932.576172,11225.412109,7523.881836,932.598022,410.372742,275.009216,217.974625,191.339447,181.534592,5000.0,8992.430162,-9685.062028,73095.00822,0,true,true,1.0,-215.853591,0,0.0,0.0,1.0
3,1207,28.5,22723.160219,25320.64139,22471.296726,25307.039957,19365.685434,0.0,0.0,-15.343451,-11.03493,-80.956497,-116.413879,0.0,0.0,0.0,0.0,0.0,0.0,0,0,0,0,0,0,0,0,0,0,0,0,0,0,0,184.662766,201.908051,240.817642,325.471222,561.721863,2732.481201,8218.611328,14187.000977,23931.804688,23931.804688,23931.804688,23931.804688,23931.804688,23931.804688,23931.804688,23931.804688,11225.413086,7523.882324,932.599976,410.373596,275.009766,217.975067,191.339844,181.534958,5000.0,8991.676938,-9685.039081,73095.125888,0,true,true,1.0,-215.843591,0,0.0,0.0,1.0
3,1208,28.55,22723.160219,-10243.80161,22471.296726,-9978.336683,19366.232783,0.0,0.0,-13.851867,-11.03493,-80.956497,-116.413879,0.0,0.0,0.0,0.0,0.0,0.0,0,0,0,0,0,0,0,0,0,0,0,0,0,0,0,184.66304,201.90834,240.817993,325.47171,561.722717,2732.485352,8218.611328,14187.001953,23931.25,23931.25,23931.25,23931.25,23931.25,23931.25,23931.25,23931.25,11225.414062,7523.882812,932.601318,410.374207,275.010162,217.975388,191.340118,181.535233,5000.0,8991.136393,-9685.022613,73095.210333,0,true,true,1.0,-215.833591,0,0.0,0.0,1.0
3,1209,28.6,22723.160219,25320.64139,22471.296726,25307.039957,19366.912375,0.0,0.0,-12.39566,-11.03493,-80.956497,-116.413879,0.0,0.0,0.0,0.0,0.0,0.0,0,0,0,0,0,0,0,0,0,0,0,0,0,0,0,184.663376,201.908722,240.818436,325.472321,561.723694,2732.490234,8218.612305,14187.00293,23930.5625,23930.5625,23930.5625,23930.5625,23930.5625,23930.5625,23930.5625,23930.5625,11225.414062,7523.883301,932.603027,410.374939,275.010681,217.975784,191.340469,181.535568,5000.0,8990.465249,-9685.002167,73095.315179,0,true,true,1.0,-215.823591,0,0.0,0.0,1.0
3,1210,28.65,22723.160219,-10243.80161,22471.296726,-9978.336683,19367.647561,0.0,0.0,-13.897269,-11.03493,-80.956497,-116.413879,0.0,0.0,0.0,0.0,0.0,0.0,0,0,0,0,0,0,0,0,0,0,0,0,0,0,0,184.663742,201.909119,240.818909,325.472961,561.724854,2732.49585,8218.612305,14187.003906,23929.816406,23929.816406,23929.816406,23929.816406,23929.816406,23929.816406,23929.816406,23929.816406,11225.415039,7523.883789,932.604858,410.375763,275.01123,217.976212,191.340851,181.535919,5000.0,8989.739202,-9684.980048,73095.428602,0,true,true,1.0,-215.813591,0,0.0,0.0,1.0
3,1211,28.7,22723.160219,25320.64139,22471.296726,25307.039957,19368.25511,0.0,0.0,-12.111497,-11.03493,-80.956497,-116.413879,0.0,0.0,0.0,0.0,0.0,0.0,0,0,0,0,0,0,0,0,0,0,0,0,0,0,0,184.664047,201.909439,240.819305,325.47348,561.725769,2732.500244,8218.613281,14187.004883,23929.201172,23929.201172,23929.201172,23929.201172,23929.201172,23929.201172,23929.201172,23929.201172,11225.416016,7523.884277,932.606384,410.376434,275.011658,217.976578,191.341156,181.536224,5000.0,8989.139205,-9684.961769,73095.522333,0,true,true,1.0,-215.803591,0,0.0,0.0,1.0
3,1212,28.75,22723.160219,-10243.80161,22471.296726,-9978.336683,19369.029551,0.0,0.0,-13.978168,-11.03493,-80.956497,-116.413879,0.0,0.0,0.0,0.0,0.0,0.0,0,0,0,0,0,0,0,0,0,0,0,0,0,0,0,184.664429,201.909866,240.819809,325.474152,561.726929,2732.506104,8218.614258,14187.005859,23928.417969,23928.417969,23928.417969,23928.417969,23928.417969,23928.417969,23928.417969,23928.417969,11225.416992,7523.884766,932.608337,410.377289,275.012238,217.97702,191.341568,181.536591,5000.0,8988.374391,-9684.938469,73095.641812,0,true,true,1.0,-215.793591,0,0.0,0.0,1.0
3,1213,28.8,22723.160219,25320.64139,22471.296726,25307.039957,19369.600716,0.0,0.0,-13.589167,-11.03493,-80.956497,-116.413879,0.0,0.0,0.0,0.0,0.0,0.0,0,0,0,0,0,0,0,0,0,0,0,0,0,0,0,184.664719,201.910172,240.820175,325.47467,561.727783,2732.510254,8218.614258,14187.006836,23927.839844,23927.839844,23927.839844,23927.839844,23927.839844,23927.839844,23927.839844,23927.839844,11225.416992,7523.885254,932.609802,410.37793,275.012665,217.977356,191.341858,181.53688,5000.0,8987.810326,-9684.921285,73095.729931,0,true,true,1.0,-215.783591,0,0.0,0.0,1.0
3,1214,28.85,22723.160219,-10243.80161,22471.296726,-9978.336683,19370.467094,0.0,0.0,-14.482259,-11.03493,-80.956497,-116.413879,0.0,0.0,0.0,0.0,0.0,0.0,0,0,0,0,0,0,0,0,0,0,0,0,0,0,0,184.665146,201.910645,240.82074,325.475433,561.729126,2732.516602,8218.615234,14187.007812,23926.962891,23926.962891,23926.962891,23926.962891,23926.962891,23926.962891,23926.962891,23926.962891,11225.417969,7523.885742,932.611938,410.378876,275.013306,217.977875,191.3423,181.537292,5000.0,8986.954718,-9684.895219,73095.863594,0,true,true,1.0,-215.773591,0,0.0,0.0,1.0
3,1215,28.9,22723.160219,25320.64139,22471.296726,25307.039957,19371.006559,0.0,0.0,-12.273991,-11.03493,-80.956497,-116.413879,0.0,0.0,0.0,0.0,0.0,0.0,0,0,0,0,0,0,0,0,0,0,0,0,0,0,0,184.665421,201.910934,240.821075,325.475891,561.729919,2732.520752,8218.616211,14187.008789,23926.416016,23926.416016,23926.416016,23926.416016,23926.416016,23926.416016,23926.416016,23926.416016,11225.418945,7523.88623,932.613281,410.379456,275.013702,217.97818,191.342575,181.537567,5000.0,8986.421959,-9684.878988,73095.946821,0,true,true,1.0,-215.763591,0,0.0,0.0,1.0
3,1216,28.95,22723.160219,-10243.80161,22471.296726,-9978.336683,19371.719819,0.0,0.0,-13.654783,-11.03493,-80.956497,-116.413879,0.0,0.0,0.0,0.0,0.0,0.0,0,0,0,0,0,0,0,0,0,0,0,0,0,0,0,184.665771,201.911331,240.821548,325.476532,561.731018,2732.525879,8218.616211,14187.009766,23925.693359,23925.693359,23925.693359,23925.693359,23925.693359,23925.693359,23925.693359,23925.693359,11225.419922,7523.886719,932.615112,410.380249,275.014221,217.978607,191.342941,181.537903,5000.0,8985.717564,-9684.857529,73096.056862,0,true,true,1.0,-215.753591,0,0.0,0.0,1.0
3,1217,29.0,22723.160219,25320.64139,22471.296726,25307.039957,19372.462527,0.0,0.0,-14.597738,-11.03493,-80.956497,-116.413879,0.0,0.0,0.0,0.0,0.0,0.0,0,0,0,0,0,0,0,0,0,0,0,0,0,0,0,184.666138,201.911728,240.822021,325.477173,561.732117,2732.531494,8218.617188,14187.010742,23924.941406,23924.941406,23924.941406,23924.941406,23924.941406,23924.941406,23924.941406,23924.941406,11225.420898,7523.887207,932.616943,410.381073,275.014771,217.979034,191.343323,181.538269,5000.0,8984.984089,-9684.835184,73096.171445,0,true,true,1.0,-215.743591,0,0.0,0.0,1.0
3,1218,29.05,22723.160219,-10243.80161,22471.296726,-9978.336683,19373.006365,0.0,0.0,-13.099832,-11.03493,-80.956497,-116.413879,0.0,0.0,0.0,0.0,0.0,0.0,0,0,0,0,0,0,0,0,0,0,0,0,0,0,0,184.666412,201.912018,240.822372,325.477661,561.732971,2732.5354,8218.617188,14187.011719,23924.390625,23924.390625,23924.390625,23924.390625,23924.390625,23924.390625,23924.390625,23924.390625,11225.420898,7523.887695,932.618347,410.381683,275.015198,217.979355,191.343613,181.538544,5000.0,8984.447012,-9684.818822,73096.255348,0,true,true,1.0,-215.733591,0,0.0,0.0,1.0
3,1219,29.1,22723.160219,25320.64139,22471.296726,25307.039957,19373.796995,0.0,0.0,-14.754331,-11.03493,-80.956497,-116.413879,0.0,0.0,0.0,0.0,0.0,0.0,0,0,0,0,0,0,0,0,0,0,0,0,0,0,0,184.666794,201.91246,240.822891,325.478333,561.734131,2732.54126,8218.618164,14187.012695,23923.589844,23923.589844,23923.589844,23923.589844,23923.589844,23923.589844,23923.589844,23923.589844,11225.421875,7523.888184,932.6203,410.382538,275.015778,217.979828,191.344009,181.538925,5000.0,8983.66621,-9684.795035,73096.377325,0,true,true,1.0,-215.723591,0,0.0,0.0,1.0
3,1220,29.15,22723.160219,-10243.80161,22471.296726,-9978.336683,19374.342289,0.0,0.0,-13.584688,-11.03493,-80.956497,-116.413879,0.0,0.0,0.0,0.0,0.0,0.0,0,0,0,0,0,0,0,0,0,0,0,0,0,0,0,184.667068,201.91275,240.823242,325.478821,561.734985,2732.54541,8218.618164,14187.013672,23923.039062,23923.039062,23923.039062,23923.039062,23923.039062,23923.039062,23923.039062,23923.039062,11225.422852,7523.888672,932.621704,410.383148,275.016174,217.980148,191.344299,181.539185,5000.0,8983.127694,-9684.778629,73096.461452,0,true,true,1.0,-215.713591,0,0.0,0.0,1.0
3,1221,29.2,22723.160219,25320.64139,22471.296726,25307.039957,19375.105585,0.0,0.0,-12.600913,-11.03493,-80.956497,-116.413879,0.0,0.0,0.0,0.0,0.0,0.0,0,0,0,0,0,0,0,0,0,0,0,0,0,0,0,184.66745,201.913162,240.82373,325.479492,561.736145,2732.551025,8218.619141,14187.014648,23922.265625,23922.265625,23922.265625,23922.265625,23922.265625,23922.265625,23922.265625,23922.265625,11225.423828,7523.88916,932.623596,410.384003,275.016724,217.980591,191.344681,181.539566,5000.0,8982.373886,-9684.755664,73096.579211,0,true,true,1.0,-215.703591,0,0.0,0.0,1.0
3,1222,29.25,22723.160219,-10243.80161,22471.296726,-9978.336683,19375.705163,0.0,0.0,-14.689631,-11.03493,-80.956497,-116.413879,0.0,0.0,0.0,0.0,0.0,0.0,0,0,0,0,0,0,0,0,0,0,0,0,0,0,0,184.66774,201.913483,240.824127,325.480011,561.737,2732.55542,8218.620117,14187.015625,23921.658203,23921.658203,23921.658203,23921.658203,23921.658203,23921.658203,23921.658203,23921.658203,11225.423828,7523.889648,932.625122,410.384644,275.017181,217.980942,191.345001,181.539856,5000.0,8981.781761,-9684.737625,73096.671713,0,true,true,1.0,-215.693591,0,0.0,0.0,1.0
3,1223,29.3,22723.160219,25320.64139,22471.296726,25307.039957,19376.504334,0.0,0.0,-13.293438,-11.03493,-80.956497,-116.413879,0.0,0.0,0.0,0.0,0.0,0.0,0,0,0,0,0,0,0,0,0,0,0,0,0,0,0,184.668137,201.913925,240.824646,325.480713,561.73822,2732.561523,8218.620117,14187.016602,23920.849609,23920.849609,23920.849609,23920.849609,23920.849609,23920.849609,23920.849609,23920.849609,11225.424805,7523.890137,932.627075,410.385529,275.017761,217.981415,191.345413,181.540237,5000.0,8980.992525,-9684.713581,73096.795008,0,true,true,1.0,-215.683591,0,0.0,0.0,1.0
3,1224,29.35,22723.160219,-10243.80161,22471.296726,-9978.336683,19377.148254,0.0,0.0,-15.948017,-11.03493,-80.956497,-116.413879,0.0,0.0,0.0,0.0,0.0,0.0,0,0,0,0,0,0,0,0,0,0,0,0,0,0,0,184.668457,201.914276,240.825058,325.481262,561.739197,2732.566162,8218.621094,14187.017578,23920.197266,23920.197266,23920.197266,23920.197266,23920.197266,23920.197266,23920.197266,23920.197266,11225.425781,7523.890625,932.628723,410.38623,275.01825,217.981781,191.345734,181.540558,5000.0,8980.356609,-9684.694208,73096.89435,0,true,true,1.0,-215.673591,0,0.0,0.0,1.0
3,1225,29.4,22723.160219,25320.64139,22471.296726,25307.039957,19377.912347,0.0,0.0,-13.62488,-11.03493,-80.956497,-116.413879,0.0,0.0,0.0,0.0,0.0,0.0,0,0,0,0,0,0,0,0,0,0,0,0,0,0,0,184.668839,201.914688,240.825546,325.481934,561.740356,2732.571777,8218.62207,14187.019531,23919.423828,23919.423828,23919.423828,23919.423828,23919.423828,23919.423828,23919.423828,23919.423828,11225.426758,7523.891113,932.630615,410.387085,275.018799,217.982239,191.34613,181.540924,5000.0,8979.602015,-9684.671219,73097.012233,0,true,true,1.0,-215.663591,0,0.0,0.0,1.0
3,1226,29.45,22723.160219,-10243.80161,22471.296726,-9978.336683,19378.527042,0.0,0.0,-13.969982,-11.03493,-80.956497,-116.413879,0.0,0.0,0.0,0.0,0.0,0.0,0,0,0,0,0,0,0,0,0,0,0,0,0,0,0,184.669144,201.915024,240.825943,325.482483,561.741272,2732.576416,8218.62207,14187.020508,23918.800781,23918.800781,23918.800781,23918.800781,23918.800781,23918.800781,23918.800781,23918.800781,11225.426758,7523.891602,932.632202,410.387756,275.019257,217.98259,191.346451,181.541229,5000.0,8978.99496,-9684.652725,73097.107067,0,true,true,1.0,-215.653591,0,0.0,0.0,1.0
3,1227,29.5,22723.160219,25320.64139,22471.296726,25307.039957,19379.229691,0.0,0.0,-12.408744,-11.03493,-80.956497,-116.413879,0.0,0.0,0.0,0.0,0.0,0.0,0,0,0,0,0,0,0,0,0,0,0,0,0,0,0,184.669495,201.915405,240.826401,325.483093,561.742371,2732.581787,8218.623047,14187.021484,23918.089844,23918.089844,23918.089844,23918.089844,23918.089844,23918.089844,23918.089844,23918.089844,11225.427734,7523.89209,932.633972,410.38855,275.019775,217.983002,191.346802,181.54158,5000.0,8978.301046,-9684.631585,73097.21547,0,true,true,1.0,-215.643591,0,0.0,0.0,1.0
3,1228,29.55,22723.160219,-10243.80161,22471.296726,-9978.336683,19379.866628,0.0,0.0,-13.8453,-11.03493,-80.956497,-116.413879,0.0,0.0,0.0,0.0,0.0,0.0,0,0,0,0,0,0,0,0,0,0,0,0,0,0,0,184.669815,201.915741,240.826813,325.483673,561.743347,2732.586426,8218.623047,14187.022461,23917.443359,23917.443359,23917.443359,23917.443359,23917.443359,23917.443359,23917.443359,23917.443359,11225.428711,7523.892578,932.635559,410.389252,275.020264,217.983383,191.347137,181.541885,5000.0,8977.672027,-9684.612422,73097.313736,0,true,true,1.0,-215.633591,0,0.0,0.0,1.0
3,1229,29.6,22723.160219,25320.64139,22471.296726,25307.039957,19380.544099,0.0,0.0,-12.35412,-11.03493,-80.956497,-116.413879,0.0,0.0,0.0,0.0,0.0,0.0,0,0,0,0,0,0,0,0,0,0,0,0,0,0,0,184.670151,201.916122,240.827255,325.484253,561.744324,2732.591309,8218.624023,14187.023438,23916.757812,23916.757812,23916.757812,23916.757812,23916.757812,23916.757812,23916.757812,23916.757812,11225.429688,7523.893066,932.637268,410.389984,275.020752,217.98378,191.347488,181.542221,5000.0,8977.002976,-9684.59204,73097.418255,0,true,true,1.0,-215.623591,0,0.0,0.0,1.0
3,1230,29.65,22723.160219,-10243.80161,22471.296726,-9978.336683,19381.282096,0.0,0.0,-13.407692,-11.03493,-80.956497,-116.413879,0.0,0.0,0.0,0.0,0.0,0.0,0,0,0,0,0,0,0,0,0,0,0,0,0,0,0,184.670517,201.916519,240.827728,325.484894,561.745483,2732.596924,8218.625,14187.024414,23916.011719,23916.011719,23916.011719,23916.011719,23916.011719,23916.011719,23916.011719,23916.011719,11225.430664,7523.894043,932.639099,410.390808,275.021301,217.984207,191.34787,181.542572,5000.0,8976.274153,-9684.569836,73097.532112,0,true,true,1.0,-215.613591,0,0.0,0.0,1.0
3,1231,29.7,22723.160219,25320.64139,22471.296726,25307.039957,19381.853631,0.0,0.0,-12.430798,-11.03493,-80.956497,-116.413879,0.0,0.0,0.0,0.0,0.0,0.0,0,0,0,0,0,0,0,0,0,0,0,0,0,0,0,184.670792,201.916824,240.82811,325.485413,561.746338,2732.601074,8218.625,14187.025391,23915.431641,23915.431641,23915.431641,23915.431641,23915.431641,23915.431641,23915.431641,23915.431641,11225.430664,7523.894043,932.640503,410.391449,275.021729,217.984543,191.34816,181.542862,5000.0,8975.709723,-9684.552641,73097.620287,0,true,true,1.0,-215.603591,0,0.0,0.0,1.0
3,1232,29.75,22723.160219,-10243.80161,22471.296726,-9978.336683,19382.590555,0.0,0.0,-13.762951,-11.03493,-80.956497,-116.413879,0.0,0.0,0.0,0.0,0.0,0.0,0,0,0,0,0,0,0,0,0,0,0,0,0,0,0,184.671158,201.917221,240.828583,325.486053,561.747437,2732.606689,8218.625977,14187.026367,23914.685547,23914.685547,23914.685547,23914.685547,23914.685547,23914.685547,23914.685547,23914.685547,11225.431641,7523.894531,932.642395,410.392242,275.022278,217.98497,191.348541,181.543213,5000.0,8974.981959,-9684.53047,73097.733978,0,true,true,1.0,-215.593591,0,0.0,0.0,1.0
3,1233,29.8,22723.160219,25320.64139,22471.296726,25307.039957,19383.174751,0.0,0.0,-12.960991,-11.03493,-80.956497,-116.413879,0.0,0.0,0.0,0.0,0.0,0.0,0,0,0,0,0,0,0,0,0,0,0,0,0,0,0,184.671448,201.917542,240.828964,325.486542,561.748352,2732.61084,8218.625977,14187.027344,23914.09375,23914.09375,23914.09375,23914.09375,23914.09375,23914.09375,23914.09375,23914.09375,11225.432617,7523.89502,932.64386,410.392883,275.022705,217.985321,191.348831,181.543503,5000.0,8974.405025,-9684.512893,73097.824107,0,true,true,1.0,-215.583591,0,0.0,0.0,1.0
3,1234,29.85,22723.160219,-10243.80161,22471.296726,-9978.336683,19383.953836,0.0,0.0,-14.664927,-11.03493,-80.956497,-116.413879,0.0,0.0,0.0,0.0,0.0,0.0,0,0,0,0,0,0,0,0,0,0,0,0,0,0,0,184.671844,201.917969,240.829468,325.487244,561.749512,2732.616699,8218.626953,14187.02832,23913.306641,23913.306641,23913.306641,23913.306641,23913.306641,23913.306641,23913.306641,23913.306641,11225.433594,7523.895996,932.645813,410.393738,275.023285,217.985779,191.349243,181.543884,5000.0,8973.635625,-9684.489454,73097.944303,0,true,true,1.0,-215.573591,0,0.0,0.0,1.0
3,1235,29.9,22723.160219,25320.64139,22471.296726,25307.039957,19384.673165,0.0,0.0,-13.482956,-11.03493,-80.956497,-116.413879,0.0,0.0,0.0,0.0,0.0,0.0,0,0,0,0,0,0,0,0,0,0,0,0,0,0,0,184.672195,201.91835,240.829926,325.487854,561.75061,2732.62207,8218.62793,14187.029297,23912.578125,23912.578125,23912.578125,23912.578125,23912.578125,23912.578125,23912.578125,23912.578125,11225.433594,7523.896484,932.647583,410.394531,275.023804,217.986191,191.349609,181.544235,5000.0,8972.925238,-9684.467812,73098.055279,0,true,true,1.0,-215.563591,0,0.0,0.0,1.0
3,1236,29.95,22723.160219,-10243.80161,22471.296726,-9978.336683,19385.237837,0.0,0.0,-13.496197,-11.03493,-80.956497,-116.413879,0.0,0.0,0.0,0.0,0.0,0.0,0,0,0,0,0,0,0,0,0,0,0,0,0,0,0,184.672485,201.918671,240.830292,325.488373,561.751465,2732.626221,8218.62793,14187.030273,23912.005859,23912.005859,23912.005859,23912.005859,23912.005859,23912.005859,23912.005859,23912.005859,11225.43457,7523.896484,932.649048,410.395172,275.024231,217.986526,191.349899,181.54451,5000.0,8972.367585,-9684.450823,73098.142396,0,true,true,1.0,-215.553591,0,0.0,0.0,1.0
3,1237,30.0,22723.160219,25320.64139,22471.296726,25307.039957,19385.946784,0.0,0.0,-12.590894,-11.03493,-80.956497,-116.413879,0.0,0.0,0.0,0.0,0.0,0.0,0,0,0,0,0,0,0,0,0,0,0,0,0,0,0,184.672836,201.919052,240.83075,325.488983,561.752502,2732.631592,8218.628906,14187.03125,23911.287109,23911.287109,23911.287109,23911.287109,23911.287109,23911.287109,23911.287109,23911.287109,11225.435547,7523.897461,932.650818,410.395966,275.02475,217.986938,191.350266,181.544846,5000.0,8971.667452,-9684.429493,73098.251771,0,true,true,1.0,-215.543591,0,0.0,0.0,1.0
3,1238,30.05,22723.160219,-10243.80161,22471.296726,-9978.336683,19386.572144,0.0,0.0,-13.664781,-11.03493,-80.956497,-116.413879,0.0,0.0,0.0,0.0,0.0,0.0,0,0,0,0,0,0,0,0,0,0,0,0,0,0,0,184.673141,201.919388,240.831161,325.489532,561.753479,2732.63623,8218.628906,14187.032227,23910.654297,23910.654297,23910.654297,23910.654297,23910.654297,23910.654297,23910.654297,23910.654297,11225.436523,7523.897949,932.652344,410.396637,275.025208,217.987305,191.350586,181.545151,5000.0,8971.049865,-9684.410679,73098.34825,0,true,true,1.0,-215.533591,0,0.0,0.0,1.0
3,1239,30.1,22723.160219,25320.64139,22471.296726,25307.039957,19387.266238,0.0,0.0,-12.573524,-11.03493,-80.956497,-116.413879,0.0,0.0,0.0,0.0,0.0,0.0,0,0,0,0,0,0,0,0,0,0,0,0,0,0,0,184.673492,201.919769,240.831604,325.490143,561.754517,2732.641357,8218.629883,14187.033203,23909.951172,23909.951172,23909.951172,23909.951172,23909.951172,23909.951172,23909.951172,23909.951172,11225.436523,7523.898438,932.654114,410.3974,275.025726,217.987717,191.350937,181.545502,5000.0,8970.364399,-9684.389796,73098.455334,0,true,true,1.0,-215.523591,0,0.0,0.0,1.0
3,1240,30.15,22723.160219,-10243.80161,22471.296726,-9978.336683,19388.001248,0.0,0.0,-13.51563,-11.03493,-80.956497,-116.413879,0.0,0.0,0.0,0.0,0.0,0.0,0,0,0,0,0,0,0,0,0,0,0,0,0,0,0,184.673843,201.920166,240.832077,325.490784,561.755615,2732.646729,8218.630859,14187.03418,23909.207031,23909.207031,23909.207031,23909.207031,23909.207031,23909.207031,23909.207031,23909.207031,11225.4375,7523.898926,932.655945,410.398224,275.026276,217.988144,191.351318,181.545853,5000.0,8969.638526,-9684.367682,73098.568729,0,true,true,1.0,-215.513591,0,0.0,0.0,1.0
3,1241,30.2,22723.160219,25320.64139,22471.296726,25307.039957,19388.582088,0.0,0.0,-12.846243,-11.03493,-80.956497,-116.413879,0.0,0.0,0.0,0.0,0.0,0.0,0,0,0,0,0,0,0,0,0,0,0,0,0,0,0,184.674133,201.920471,240.832458,325.491302,561.756531,2732.651123,8218.630859,14187.035156,23908.619141,23908.619141,23908.619141,23908.619141,23908.619141,23908.619141,23908.619141,23908.619141,11225.438477,7523.899414,932.65741,410.398865,275.026703,217.98848,191.351624,181.546143,5000.0,8969.064906,-9684.350207,73098.65834,0,true,true,1.0,-215.503591,0,0.0,0.0,1.0
3,1242,30.25,22723.160219,-10243.80161,22471.296726,-9978.336683,19389.341414,0.0,0.0,-14.034783,-11.03493,-80.956497,-116.413879,0.0,0.0,0.0,0.0,0.0,0.0,0,0,0,0,0,0,0,0,0,0,0,0,0,0,0,184.674515,201.920883,240.832947,325.491943,561.75769,2732.656738,8218.631836,14187.036133,23907.849609,23907.849609,23907.849609,23907.849609,23907.849609,23907.849609,23907.849609,23907.849609,11225.439453,7523.899902,932.659302,410.399689,275.027252,217.988937,191.352005,181.546509,5000.0,8968.315019,-9684.327362,73098.775488,0,true,true,1.0,-215.493591,0,0.0,0.0,1.0
3,1243,30.3,22723.160219,25320.64139,22471.296726,25307.039957,19390.062534,0.0,0.0,-13.312879,-11.03493,-80.956497,-116.413879,0.0,0.0,0.0,0.0,0.0,0.0,0,0,0,0,0,0,0,0,0,0,0,0,0,0,0,184.674881,201.92128,240.83342,325.492584,561.758728,2732.662109,8218.632812,14187.037109,23907.119141,23907.119141,23907.119141,23907.119141,23907.119141,23907.119141,23907.119141,23907.119141,11225.44043,7523.900391,932.661133,410.400482,275.027802,217.989349,191.352386,181.54686,5000.0,8967.602863,-9684.305666,73098.886741,0,true,true,1.0,-215.483591,0,0.0,0.0,1.0
3,1244,30.35,22723.160219,-10243.80161,22471.296726,-9978.336683,19390.649207,0.0,0.0,-15.29354,-11.03493,-80.956497,-116.413879,0.0,0.0,0.0,0.0,0.0,0.0,0,0,0,0,0,0,0,0,0,0,0,0,0,0,0,184.675171,201.9216,240.833801,325.493103,561.759644,2732.66626,8218.632812,14187.038086,23906.525391,23906.525391,23906.525391,23906.525391,23906.525391,23906.525391,23906.525391,23906.525391,11225.44043,7523.900879,932.662598,410.401123,275.028229,217.9897,191.352676,181.54715,5000.0,8967.023483,-9684.288015,73098.977252,0,true,true,1.0,-215.473591,0,0.0,0.0,1.0
3,1245,30.4,22723.160219,25320.64139,22471.296726,25307.039957,19391.36746,0.0,0.0,-12.642815,-11.03493,-80.956497,-116.413879,0.0,0.0,0.0,0.0,0.0,0.0,0,0,0,0,0,0,0,0,0,0,0,0,0,0,0,184.675522,201.921997,240.834259,325.493744,561.760742,2732.671631,8218.633789,14187.040039,23905.798828,23905.798828,23905.798828,23905.798828,23905.798828,23905.798828,23905.798828,23905.798828,11225.441406,7523.901367,932.664429,410.401917,275.028748,217.990112,191.353058,181.547501,5000.0,8966.314158,-9684.266405,73099.088062,0,true,true,1.0,-215.463591,0,0.0,0.0,1.0
3,1246,30.45,22723.160219,-10243.80161,22471.296726,-9978.336683,19391.949703,0.0,0.0,-13.955897,-11.03493,-80.956497,-116.413879,0.0,0.0,0.0,0.0,0.0,0.0,0,0,0,0,0,0,0,0,0,0,0,0,0,0,0,184.675812,201.922302,240.834641,325.494232,561.761597,2732.676025,8218.633789,14187.040039,23905.208984,23905.208984,23905.208984,23905.208984,23905.208984,23905.208984,23905.208984,23905.208984,11225.442383,7523.901855,932.665894,410.402588,275.029175,217.990463,191.353348,181.547775,5000.0,8965.739153,-9684.248888,73099.17789,0,true,true,1.0,-215.453591,0,0.0,0.0,1.0
3,1247,30.5,22723.160219,25320.64139,22471.296726,25307.039957,19392.65453,0.0,0.0,-12.624491,-11.03493,-80.956497,-116.413879,0.0,0.0,0.0,0.0,0.0,0.0,0,0,0,0,0,0,0,0,0,0,0,0,0,0,0,184.676163,201.922684,240.835098,325.494873,561.762695,2732.681152,8218.634766,14187.041992,23904.496094,23904.496094,23904.496094,23904.496094,23904.496094,23904.496094,23904.496094,23904.496094,11225.442383,7523.902344,932.667664,410.403351,275.029724,217.990875,191.353714,181.548126,5000.0,8965.043087,-9684.227682,73099.286629,0,true,true,1.0,-215.443591,0,0.0,0.0,1.0
3,1248,30.55,22723.160219,-10243.80161,22471.296726,-9978.336683,19393.279618,0.0,0.0,-14.168168,-11.03493,-80.956497,-116.413879,0.0,0.0,0.0,0.0,0.0,0.0,0,0,0,0,0,0,0,0,0,0,0,0,0,0,0,184.676468,201.923035,240.835495,325.495392,561.763611,2732.685791,8218.634766,14187.041992,23903.863281,23903.863281,23903.863281,23903.863281,23903.863281,23903.863281,23903.863281,23903.863281,11225.443359,7523.902832,932.669189,410.404053,275.030182,217.991241,191.354034,181.548431,5000.0,8964.42577,-9684.208876,73099.383066,0,true,true,1.0,-215.433591,0,0.0,0.0,1.0
3,1249,30.6,22723.160219,25320.64139,22471.296726,25307.039957,19393.992396,0.0,0.0,-12.832983,-11.03493,-80.956497,-116.413879,0.0,0.0,0.0,0.0,0.0,0.0,0,0,0,0,0,0,0,0,0,0,0,0,0,0,0,184.676819,201.923416,240.835968,325.496033,561.764709,2732.691162,8218.635742,14187.043945,23903.140625,23903.140625,23903.140625,23903.140625,23903.140625,23903.140625,23903.140625,23903.140625,11225.444336,7523.90332,932.671021,410.404816,275.030701,217.991653,191.354401,181.548782,5000.0,8963.721852,-9684.187431,73099.493032,0,true,true,1.0,-215.423591,0,0.0,0.0,1.0
3,1250,30.65,22723.160219,-10243.80161,22471.296726,-9978.336683,19394.720319,0.0,0.0,-13.348614,-11.03493,-80.956497,-116.413879,0.0,0.0,0.0,0.0,0.0,0.0,0,0,0,0,0,0,0,0,0,0,0,0,0,0,0,184.677185,201.923813,240.836426,325.496674,561.765808,2732.696533,8218.636719,14187.044922,23902.404297,23902.404297,23902.404297,23902.404297,23902.404297,23902.404297,23902.404297,23902.404297,11225.445312,7523.903809,932.672791,410.40564,275.03125,217.992081,191.354782,181.549133,5000.0,8963.002977,-9684.165531,73099.605335,0,true,true,1.0,-215.413591,0,0.0,0.0,1.0
3,1251,30.7,22723.160219,25320.64139,22471.296726,25307.039957,19395.320622,0.0,0.0,-13.084768,-11.03493,-80.956497,-116.413879,0.0,0.0,0.0,0.0,0.0,0.0,0,0,0,0,0,0,0,0,0,0,0,0,0,0,0,184.67749,201.924133,240.836823,325.497192,561.766724,2732.700928,8218.636719,14187.045898,23901.794922,23901.794922,23901.794922,23901.794922,23901.794922,23901.794922,23901.794922,23901.794922,11225.445312,7523.904297,932.674316,410.406281,275.031677,217.992432,191.355087,181.549423,5000.0,8962.410136,-9684.14747,73099.697949,0,true,true,1.0,-215.403591,0,0.0,0.0,1.0
3,1252,30.75,22723.160219,-10243.80161,22471.296726,-9978.336683,19396.083729,0.0,0.0,-14.005954,-11.03493,-80.956497,-116.413879,0.0,0.0,0.0,0.0,0.0,0.0,0,0,0,0,0,0,0,0,0,0,0,0,0,0,0,184.677856,201.924545,240.837311,325.497864,561.767883,2732.706787,8218.637695,14187.046875,23901.023438,23901.023438,23901.023438,23901.023438,23901.023438,23901.023438,23901.023438,23901.023438,11225.446289,7523.904785,932.67627,410.407135,275.032257,217.992874,191.355484,181.549805,5000.0,8961.656516,-9684.124511,73099.815679,0,true,true,1.0,-215.393591,0,0.0,0.0,1.0
3,1253,30.8,22723.160219,25320.64139,22471.296726,25307.039957,19396.645483,0.0,0.0,-13.036139,-11.03493,-80.956497,-116.413879,0.0,0.0,0.0,0.0,0.0,0.0,0,0,0,0,0,0,0,0,0,0,0,0,0,0,0,184.678146,201.92485,240.837677,325.498352,561.768738,2732.710938,8218.638672,14187.047852,23900.455078,23900.455078,23900.455078,23900.455078,23900.455078,23900.455078,23900.455078,23900.455078,11225.447266,7523.905273,932.677673,410.407745,275.032654,217.99321,191.355759,181.550079,5000.0,8961.101745,-9684.10761,73099.902345,0,true,true,1.0,-215.383591,0,0.0,0.0,1.0
3,1254,30.85,22723.160219,-10243.80161,22471.296726,-9978.336683,19397.44122,0.0,0.0,-15.409575,-11.03493,-80.956497,-116.413879,0.0,0.0,0.0,0.0,0.0,0.0,0,0,0,0,0,0,0,0,0,0,0,0,0,0,0,184.678543,201.925293,240.838196,325.499054,561.769897,2732.716797,8218.638672,14187.048828,23899.648438,23899.648438,23899.648438,23899.648438,23899.648438,23899.648438,23899.648438,23899.648438,11225.448242,7523.905762,932.679626,410.40863,275.033234,217.993683,191.356171,181.550461,5000.0,8960.315899,-9684.083669,73100.02511,0,true,true,1.0,-215.373591,0,0.0,0.0,1.0
3,1255,30.9,22723.160219,25320.64139,22471.296726,25307.039957,19398.15786,0.0,0.0,-13.284668,-11.03493,-80.956497,-116.413879,0.0,0.0,0.0,0.0,0.0,0.0,0,0,0,0,0,0,0,0,0,0,0,0,0,0,0,184.678894,201.925674,240.838654,325.499664,561.770996,2732.722168,8218.639648,14187.049805,23898.923828,23898.923828,23898.923828,23898.923828,23898.923828,23898.923828,23898.923828,23898.923828,11225.449219,7523.90625,932.681458,410.409424,275.033783,217.994095,191.356537,181.550812,5000.0,8959.608168,-9684.062108,73100.135672,0,true,true,1.0,-215.363591,0,0.0,0.0,1.0
3,1256,30.95,22723.160219,-10243.80161,22471.296726,-9978.336683,19398.724548,0.0,0.0,-13.580689,-11.03493,-80.956497,-116.413879,0.0,0.0,0.0,0.0,0.0,0.0,0,0,0,0,0,0,0,0,0,0,0,0,0,0,0,184.679169,201.92598,240.83902,325.500183,561.771851,2732.726318,8218.639648,14187.050781,23898.349609,23898.349609,23898.349609,23898.349609,23898.349609,23898.349609,23898.349609,23898.349609,11225.449219,7523.906738,932.682861,410.410034,275.03421,217.994431,191.356842,181.551086,5000.0,8959.048524,-9684.045058,73100.2231,0,true,true,1.0,-215.353591,0,0.0,0.0,1.0
3,1257,31.0,22723.160219,25320.64139,22471.296726,25307.039957,19399.432323,0.0,0.0,-12.721449,-11.03493,-80.956497,-116.413879,0.0,0.0,0.0,0.0,0.0,0.0,0,0,0,0,0,0,0,0,0,0,0,0,0,0,0,184.67952,201.926361,240.839478,325.500793,561.772949,2732.731445,8218.640625,14187.051758,23897.632812,23897.632812,23897.632812,23897.632812,23897.632812,23897.632812,23897.632812,23897.632812,11225.450195,7523.907227,932.684631,410.410828,275.034729,217.994843,191.357193,181.551437,5000.0,8958.349547,-9684.023764,73100.332294,0,true,true,1.0,-215.343591,0,0.0,0.0,1.0
3,1258,31.05,22723.160219,-10243.80161,22471.296726,-9978.336683,19400.071107,0.0,0.0,-14.012998,-11.03493,-80.956497,-116.413879,0.0,0.0,0.0,0.0,0.0,0.0,0,0,0,0,0,0,0,0,0,0,0,0,0,0,0,184.67984,201.926712,240.83989,325.501343,561.773926,2732.736328,8218.641602,14187.052734,23896.986328,23896.986328,23896.986328,23896.986328,23896.986328,23896.986328,23896.986328,23896.986328,11225.451172,7523.907715,932.686279,410.41153,275.035187,217.995224,191.357529,181.551743,5000.0,8957.718704,-9684.004545,73100.430844,0,true,true,1.0,-215.333591,0,0.0,0.0,1.0
3,1259,31.1,22723.160219,25320.64139,22471.296726,25307.039957,19400.762822,0.0,0.0,-12.299587,-11.03493,-80.956497,-116.413879,0.0,0.0,0.0,0.0,0.0,0.0,0,0,0,0,0,0,0,0,0,0,0,0,0,0,0,184.680191,201.927094,240.840347,325.501953,561.774963,2732.741455,8218.641602,14187.053711,23896.285156,23896.285156,23896.285156,23896.285156,23896.285156,23896.285156,23896.285156,23896.285156,11225.452148,7523.908203,932.687988,410.412292,275.035706,217.995621,191.35788,181.552078,5000.0,8957.035587,-9683.983734,73100.537561,0,true,true,1.0,-215.323591,0,0.0,0.0,1.0
3,1260,31.15,22723.160219,-10243.80161,22471.296726,-9978.336683,19401.530851,0.0,0.0,-14.12707,-11.03493,-80.956497,-116.413879,0.0,0.0,0.0,0.0,0.0,0.0,0,0,0,0,0,0,0,0,0,0,0,0,0,0,0,184.680573,201.927505,240.840836,325.502625,561.776123,2732.74707,8218.642578,14187.054688,23895.507812,23895.507812,23895.507812,23895.507812,23895.507812,23895.507812,23895.507812,23895.507812,11225.452148,7523.908691,932.689941,410.413147,275.036285,217.996078,191.358276,181.55246,5000.0,8956.277105,-9683.960627,73100.656051,0,true,true,1.0,-215.313591,0,0.0,0.0,1.0
3,1261,31.2,22723.160219,25320.64139,22471.296726,25307.039957,19402.118496,0.0,0.0,-12.357272,-11.03493,-80.956497,-116.413879,0.0,0.0,0.0,0.0,0.0,0.0,0,0,0,0,0,0,0,0,0,0,0,0,0,0,0,184.680862,201.927826,240.841217,325.503143,561.776978,2732.751465,8218.642578,14187.055664,23894.912109,23894.912109,23894.912109,23894.912109,23894.912109,23894.912109,23894.912109,23894.912109,11225.453125,7523.90918,932.691406,410.413788,275.036713,217.996414,191.358582,181.55275,5000.0,8955.696765,-9683.942947,73100.746711,0,true,true,1.0,-215.303591,0,0.0,0.0,1.0
3,1262,31.25,22723.160219,-10243.80161,22471.296726,-9978.336683,19402.859481,0.0,0.0,-13.733722,-11.03493,-80.956497,-116.413879,0.0,0.0,0.0,0.0,0.0,0.0,0,0,0,0,0,0,0,0,0,0,0,0,0,0,0,184.681229,201.928223,240.841705,325.503784,561.778137,2732.756836,8218.643555,14187.056641,23894.162109,23894.162109,23894.162109,23894.162109,23894.162109,23894.162109,23894.162109,23894.162109,11225.454102,7523.909668,932.693237,410.414612,275.037262,217.996857,191.358963,181.553101,5000.0,8954.964992,-9683.920654,73100.861029,0,true,true,1.0,-215.293591,0,0.0,0.0,0.0
3,1263,31.3,22723.160219,25320.64139,22471.296726,25307.039957,19403.390029,0.0,0.0,-12.900996,-11.03493,-80.956497,-116.413879,0.0,0.0,0.0,0.0,0.0,0.0,0,0,0,0,0,0,0,0,0,0,0,0,0,0,0,184.681488,201.928513,240.842041,325.504272,561.778931,2732.760986,8218.644531,14187.057617,23893.625,23893.625,23893.625,23893.625,23893.625,23893.625,23893.625,23893.625,11225.455078,7523.910156,932.69458,410.415192,275.037659,217.997162,191.359238,181.55336,5000.0,8954.441038,-9683.904692,73100.942881,0,true,true,1.0,-215.283591,0,0.0,0.0,0.0
3,1264,31.35,22723.160219,-10243.80161,22471.296726,-9978.336683,19404.194702,0.0,0.0,-15.184875,-11.03493,-80.956497,-116.413879,0.0,0.0,0.0,0.0,0.0,0.0,0,0,0,0,0,0,0,0,0,0,0,0,0,0,0,184.681885,201.928955,240.84256,325.504974,561.780151,2732.766846,8218.644531,14187.058594,23892.810547,23892.810547,23892.810547,23892.810547,23892.810547,23892.810547,23892.810547,23892.810547,11225.455078,7523.910645,932.696594,410.416077,275.038239,217.997635,191.35965,181.553757,5000.0,8953.646367,-9683.880482,73101.067025,0,true,true,1.0,-215.273591,0,0.0,0.0,0.0
3,1265,31.4,22723.160219,25320.64139,22471.296726,25307.039957,19404.905462,0.0,0.0,-13.240062,-11.035793,-80.956474,-116.413002,0.0,0.0,0.0,0.0,0.0,0.069993,0,0,0,0,0,0,0,0,0,0,0,0,0,0,0,184.682251,201.930267,240.845535,325.512054,561.80481,2733.398193,8218.808594,14187.655273,23892.091797,23892.091797,23892.091797,23892.091797,23892.091797,23892.091797,23892.091797,23892.091797,11225.075195,7523.757812,932.623657,410.402924,275.033173,217.995178,191.358459,181.553391,5000.0,8952.920786,-9683.880969,73101.176679,0,true,true,1.0,-215.263591,0,0.0,0.0,0.0
3,1266,31.45,22723.160219,-10243.80161,22471.296726,-9978.336683,19405.476682,0.0,0.0,-13.532397,-11.036304,-80.956406,-116.412483,0.0,0.0,0.0,0.0,0.0,0.0,0,0,0,0,0,0,0,0,0,0,0,0,0,0,0,184.681534,201.930008,240.846069,325.514618,561.816528,2733.758301,8218.861328,14187.931641,23891.517578,23891.517578,23891.517578,23891.517578,23891.517578,23891.517578,23891.517578,23891.517578,11224.788086,7523.626465,932.575745,410.393036,275.028748,217.99263,191.356781,181.552246,5000.0,8952.403557,-9683.878236,73101.257149,0,true,true,1.0,-215.253591,0,0.0,0.0,0.0
3,1267,31.5,22723.160219,25320.64139,22471.296726,25307.039957,19406.205146,0.0,0.0,-13.192689,-11.036304,-80.956406,-116.412483,0.0,0.0,0.0,0.0,0.0,0.0,0,0,0,0,0,0,0,0,0,0,0,0,0,0,0,184.6819,201.930405,240.846542,325.515259,561.817627,2733.763672,8218.861328,14187.932617,23890.78125,23890.78125,23890.78125,23890.78125,23890.78125,23890.78125,23890.78125,23890.78125,11224.789062,7523.626953,932.577576,410.39386,275.029297,217.993057,191.357162,181.552597,5000.0,8951.684148,-9683.856316,73101.369535,0,true,true,1.0,-215.243591,0,0.0,0.0,0.0
3,1268,31.55,22723.160219,-10243.80161,22471.296726,-9978.336683,19406.84389,0.0,0.0,-13.146262,-11.036304,-80.956406,-116.412483,0.0,0.0,0.0,0.0,0.0,0.0,0,0,0,0,0,0,0,0,0,0,0,0,0,0,0,184.68222,201.930756,240.84697,325.515808,561.818604,2733.768555,8218.862305,14187.933594,23890.132812,23890.132812,23890.132812,23890.132812,23890.132812,23890.132812,23890.132812,23890.132812,11224.790039,7523.627441,932.579163,410.394562,275.029755,217.993423,191.357483,181.552917,5000.0,8951.053344,-9683.837096,73101.46808,0,true,true,1.0,-215.233591,0,0.0,0.0,0.0
3,1269,31.6,22723.160219,25320.64139,22471.296726,25307.039957,19407.606744,0.0,0.0,-13.584022,-11.036304,-80.956406,-116.412483,0.0,0.0,0.0,0.0,0.0,0.0,0,0,0,0,0,0,0,0,0,0,0,0,0,0,0,184.682602,201.931168,240.847458,325.516479,561.819763,2733.77417,8218.863281,14187.93457,23889.361328,23889.361328,23889.361328,23889.361328,23889.361328,23889.361328,23889.361328,23889.361328,11224.791016,7523.62793,932.581055,410.395386,275.030334,217.993866,191.35788,181.553284,5000.0,8950.299974,-9683.814142,73101.585772,0,true,true,1.0,-215.223591,0,0.0,0.0,1.0
3,1270,31.65,22723.160219,-10243.80161,22471.296726,-9978.336683,19408.176844,0.0,0.0,-14.139343,-11.036304,-80.956406,-116.412483,0.0,0.0,0.0,0.0,0.0,0.0,0,0,0,0,0,0,0,0,0,0,0,0,0,0,0,184.682877,201.931473,240.847824,325.516968,561.820618,2733.77832,8218.863281,14187.935547,23888.783203,23888.783203,23888.783203,23888.783203,23888.783203,23888.783203,23888.783203,23888.783203,11224.791016,7523.628418,932.58252,410.396027,275.030762,217.994202,191.35817,181.553558,5000.0,8949.736961,-9683.796987,73101.673727,0,true,true,1.0,-215.213591,0,0.0,0.0,1.0
3,1271,31.7,22723.160219,25320.64139,22471.296726,25307.039957,19408.93368,0.0,0.0,-12.55825,-11.036304,-80.956406,-116.412483,0.0,0.0,0.0,0.0,0.0,0.0,0,0,0,0,0,0,0,0,0,0,0,0,0,0,0,184.683258,201.931885,240.848312,325.517639,561.821777,2733.783936,8218.864258,14187.936523,23888.017578,23888.017578,23888.017578,23888.017578,23888.017578,23888.017578,23888.017578,23888.017578,11224.791992,7523.628906,932.584412,410.396851,275.031311,217.994644,191.358566,181.55394,5000.0,8948.989533,-9683.774214,73101.790491,0,true,true,1.0,-215.203591,0,0.0,0.0,1.0
3,1272,31.75,22723.160219,-10243.80161,22471.296726,-9978.336683,19409.511326,0.0,0.0,-13.74848,-11.035995,-80.956413,-116.412804,0.0,0.0,0.0,0.0,0.0,-0.069993,0,0,0,0,0,0,0,0,0,0,0,0,0,0,0,184.683533,201.93187,240.847794,325.515839,561.814209,2733.563965,8218.805664,14187.723633,23887.431641,23887.431641,23887.431641,23887.431641,23887.431641,23887.431641,23887.431641,23887.431641,11224.929688,7523.684082,932.61261,410.402496,275.033752,217.996017,191.359421,181.554474,5000.0,8948.427546,-9683.748997,73101.879609,0,true,true,1.0,-215.193591,0,0.0,0.0,1.0
3,1273,31.8,22723.160219,25320.64139,22471.296726,25307.039957,19410.303392,0.0,0.0,-12.961655,-11.035995,-80.956413,-116.412804,0.0,0.0,0.0,0.0,0.0,0.0,0,0,0,0,0,0,0,0,0,0,0,0,0,0,0,184.683929,201.932297,240.848297,325.51651,561.815369,2733.569824,8218.806641,14187.725586,23886.630859,23886.630859,23886.630859,23886.630859,23886.630859,23886.630859,23886.630859,23886.630859,11224.930664,7523.685059,932.614624,410.403381,275.034332,217.996475,191.359818,181.554855,5000.0,8947.645327,-9683.725164,73102.001808,0,true,true,1.0,-215.183591,0,0.0,0.0,1.0
3,1274,31.85,22723.160219,-10243.80161,22471.296726,-9978.336683,19410.972234,0.0,0.0,-14.616268,-11.035995,-80.956413,-116.412804,0.0,0.0,0.0,0.0,0.0,0.0,0,0,0,0,0,0,0,0,0,0,0,0,0,0,0,184.684265,201.932663,240.84874,325.51709,561.816406,2733.574707,8218.807617,14187.726562,23885.953125,23885.953125,23885.953125,23885.953125,23885.953125,23885.953125,23885.953125,23885.953125,11224.930664,7523.685547,932.616272,410.404114,275.034821,217.996872,191.360168,181.555191,5000.0,8946.984799,-9683.705039,73102.104997,0,true,true,1.0,-215.173591,0,0.0,0.0,1.0
3,1275,31.9,22723.160219,25320.64139,22471.296726,25307.039957,19411.734158,0.0,0.0,-12.923318,-11.035995,-80.956413,-116.412804,0.0,0.0,0.0,0.0,0.0,0.0,0,0,0,0,0,0,0,0,0,0,0,0,0,0,0,184.684647,201.933075,240.849228,325.517761,561.817566,2733.580322,8218.807617,14187.727539,23885.181641,23885.181641,23885.181641,23885.181641,23885.181641,23885.181641,23885.181641,23885.181641,11224.931641,7523.686035,932.618225,410.404938,275.0354,217.997314,191.360565,181.555557,5000.0,8946.232346,-9683.682113,73102.222546,0,true,true,1.0,-215.163591,0,0.0,0.0,1.0
3,1276,31.95,22723.160219,-10243.80161,22471.296726,-9978.336683,19412.320458,0.0,0.0,-14.305982,-11.035995,-80.956413,-116.412804,0.0,0.0,0.0,0.0,0.0,0.0,0,0,0,0,0,0,0,0,0,0,0,0,0,0,0,184.684937,201.933395,240.849609,325.51828,561.81842,2733.584717,8218.808594,14187.728516,23884.587891,23884.587891,23884.587891,23884.587891,23884.587891,23884.587891,23884.587891,23884.587891,11224.932617,7523.686523,932.61969,410.405579,275.035828,217.997665,191.360855,181.555847,5000.0,8945.653335,-9683.664472,73102.312999,0,true,true,1.0,-215.153591,0,0.0,0.0,1.0
3,1277,32.0,22723.160219,25320.64139,22471.296726,25307.039957,19413.041546,0.0,0.0,-12.985118,-11.035995,-80.956413,-116.412804,0.0,0.0,0.0,0.0,0.0,0.0,0,0,0,0,0,0,0,0,0,0,0,0,0,0,0,184.685287,201.933792,240.850067,325.518921,561.819519,2733.590088,8218.80957,14187.729492,23883.857422,23883.857422,23883.857422,23883.857422,23883.857422,23883.857422,23883.857422,23883.857422,11224.933594,7523.687012,932.62146,410.406403,275.036346,217.998077,191.361237,181.556198,5000.0,8944.94121,-9683.642775,73102.424248,0,true,true,1.0,-215.143591,0,0.0,0.0,1.0
3,1278,32.05,22723.160219,-10243.80161,22471.296726,-9978.336683,19413.661123,0.0,0.0,-13.681163,-11.035995,-80.956413,-116.412804,0.0,0.0,0.0,0.0,0.0,0.0,0,0,0,0,0,0,0,0,0,0,0,0,0,0,0,184.685593,201.934128,240.850479,325.51947,561.820496,2733.594727,8218.80957,14187.730469,23883.230469,23883.230469,23883.230469,23883.230469,23883.230469,23883.230469,23883.230469,23883.230469,11224.933594,7523.6875,932.623047,410.407074,275.036804,217.998444,191.361542,181.556503,5000.0,8944.329335,-9683.624132,73102.519836,0,true,true,1.0,-215.133591,0,0.0,0.0,1.0
3,1279,32.1,22723.160219,25320.64139,22471.296726,25307.039957,19414.429005,0.0,0.0,-13.422934,-11.035995,-80.956413,-116.412804,0.0,0.0,0.0,0.0,0.0,0.0,0,0,0,0,0,0,0,0,0,0,0,0,0,0,0,184.685974,201.93454,240.850967,325.520142,561.821655,2733.600342,8218.810547,14187.731445,23882.453125,23882.453125,23882.453125,23882.453125,23882.453125,23882.453125,23882.453125,23882.453125,11224.93457,7523.687988,932.624939,410.407928,275.037384,217.998901,191.361938,181.55687,5000.0,8943.570999,-9683.601027,73102.638304,0,true,true,1.0,-215.123591,0,0.0,0.0,1.0
3,1280,32.15,22723.160219,-10243.80161,22471.296726,-9978.336683,19415.210697,0.0,0.0,-14.371501,-11.035995,-80.956413,-116.412804,0.0,0.0,0.0,0.0,0.0,0.0,0,0,0,0,0,0,0,0,0,0,0,0,0,0,0,184.686371,201.934967,240.851471,325.520813,561.822815,2733.606201,8218.810547,14187.732422,23881.660156,23881.660156,23881.660156,23881.660156,23881.660156,23881.660156,23881.660156,23881.660156,11224.935547,7523.688477,932.626953,410.408783,275.037964,217.999359,191.36235,181.557251,5000.0,8942.799024,-9683.577506,73102.758902,0,true,true,1.0,-215.113591,0,0.0,0.0,1.0
3,1281,32.2,22723.160219,25320.64139,22471.296726,25307.039957,19415.828212,0.0,0.0,-14.70084,-11.035995,-80.956413,-116.412804,0.0,0.0,0.0,0.0,0.0,0.0,0,0,0,0,0,0,0,0,0,0,0,0,0,0,0,184.686676,201.935303,240.851883,325.521362,561.82373,2733.610596,8218.811523,14187.733398,23881.035156,23881.035156,23881.035156,23881.035156,23881.035156,23881.035156,23881.035156,23881.035156,11224.936523,7523.688965,932.628479,410.409454,275.038422,217.99971,191.362671,181.557556,5000.0,8942.189186,-9683.558926,73102.854172,0,true,true,1.0,-215.103591,0,0.0,0.0,1.0
3,1282,32.25,22723.160219,-10243.80161,22471.296726,-9978.336683,19416.626371,0.0,0.0,-14.260428,-11.035995,-80.956413,-116.412804,0.0,0.0,0.0,0.0,0.0,0.0,0,0,0,0,0,0,0,0,0,0,0,0,0,0,0,184.687073,201.93573,240.852402,325.522064,561.824951,2733.616699,8218.8125,14187.734375,23880.226562,23880.226562,23880.226562,23880.226562,23880.226562,23880.226562,23880.226562,23880.226562,11224.9375,7523.689453,932.630493,410.410339,275.039001,218.000183,191.363068,181.557938,5000.0,8941.400948,-9683.53491,73102.977311,0,true,true,1.0,-215.093591,0,0.0,0.0,1.0
3,1283,32.3,22723.160219,25320.64139,22471.296726,25307.039957,19417.242795,0.0,0.0,-13.579452,-11.035995,-80.956413,-116.412804,0.0,0.0,0.0,0.0,0.0,0.0,0,0,0,0,0,0,0,0,0,0,0,0,0,0,0,184.687378,201.936066,240.852798,325.522583,561.825928,2733.621094,8218.8125,14187.735352,23879.603516,23879.603516,23879.603516,23879.603516,23879.603516,23879.603516,23879.603516,23879.603516,11224.9375,7523.689941,932.632019,410.411011,275.039459,218.000549,191.363388,181.558243,5000.0,8940.792187,-9683.516362,73103.072412,0,true,true,1.0,-215.083591,0,0.0,0.0,1.0
3,1284,32.35,22723.160219,-10243.80161,22471.296726,-9978.336683,19417.875195,0.0,0.0,-15.178327,-11.035995,-80.956413,-116.412804,0.0,0.0,0.0,0.0,0.0,0.0,0,0,0,0,0,0,0,0,0,0,0,0,0,0,0,184.687683,201.936417,240.85321,325.523163,561.826843,2733.625977,8218.813477,14187.736328,23878.962891,23878.962891,23878.962891,23878.962891,23878.962891,23878.962891,23878.962891,23878.962891,11224.938477,7523.69043,932.633606,410.411713,275.039948,218.000916,191.363724,181.558548,5000.0,8940.167648,-9683.497333,73103.169978,0,true,true,1.0,-215.073591,0,0.0,0.0,1.0
3,1285,32.4,22723.160219,25320.64139,22471.296726,25307.039957,19418.691075,0.0,0.0,-13.06179,-11.035995,-80.956413,-116.412804,0.0,0.0,0.0,0.0,0.0,0.0,0,0,0,0,0,0,0,0,0,0,0,0,0,0,0,184.688095,201.936859,240.853729,325.523865,561.828064,2733.631836,8218.814453,14187.738281,23878.136719,23878.136719,23878.136719,23878.136719,23878.136719,23878.136719,23878.136719,23878.136719,11224.939453,7523.690918,932.635681,410.412628,275.040527,218.001389,191.364136,181.55896,5000.0,8939.36191,-9683.472784,73103.295851,0,true,true,1.0,-215.063591,0,0.0,0.0,1.0
3,1286,32.45,22723.160219,-10243.80161,22471.296726,-9978.336683,19419.300291,0.0,0.0,-13.536588,-11.035995,-80.956413,-116.412804,0.0,0.0,0.0,0.0,0.0,0.0,0,0,0,0,0,0,0,0,0,0,0,0,0,0,0,184.6884,201.93718,240.854126,325.524414,561.829041,2733.636475,8218.814453,14187.739258,23877.519531,23877.519531,23877.519531,23877.519531,23877.519531,23877.519531,23877.519531,23877.519531,11224.94043,7523.691406,932.637207,410.4133,275.040985,218.001755,191.364456,181.55925,5000.0,8938.760267,-9683.454453,73103.38984,0,true,true,1.0,-215.053591,0,0.0,0.0,1.0
3,1287,32.5,22723.160219,25320.64139,22471.296726,25307.039957,19420.024859,0.0,0.0,-12.683753,-11.035995,-80.956413,-116.412804,0.0,0.0,0.0,0.0,0.0,0.0,0,0,0,0,0,0,0,0,0,0,0,0,0,0,0,184.688751,201.937576,240.854599,325.525024,561.830139,2733.641846,8218.81543,14187.740234,23876.785156,23876.785156,23876.785156,23876.785156,23876.785156,23876.785156,23876.785156,23876.785156,11224.941406,7523.691895,932.638977,410.414093,275.041534,218.002182,191.364822,181.559601,5000.0,8938.044707,-9683.432651,73103.501626,0,true,true,1.0,-215.043591,0,0.0,0.0,1.0
3,1288,32.55,22723.160219,-10243.80161,22471.296726,-9978.336683,19420.641441,0.0,0.0,-15.650005,-11.035995,-80.956413,-116.412804,0.0,0.0,0.0,0.0,0.0,0.0,0,0,0,0,0,0,0,0,0,0,0,0,0,0,0,184.689056,201.937912,240.854996,325.525574,561.831055,2733.646484,8218.81543,14187.741211,23876.162109,23876.162109,23876.162109,23876.162109,23876.162109,23876.162109,23876.162109,23876.162109,11224.941406,7523.692383,932.640564,410.414764,275.041992,218.002533,191.365143,181.559906,5000.0,8937.43579,-9683.414099,73103.596751,0,true,true,1.0,-215.033591,0,0.0,0.0,1.0
3,1288,32.55,22723.160219,-10243.80161,22471.296726,-9978.336683,19420.641441,0.0,0.0,-15.650005,-11.035995,-80.956413,-116.412804,0.0,0.0,0.0,0.0,0.0,0.0,0,0,0,0,0,0,0,0,0,0,0,0,0,0,0,184.689056,201.937912,240.854996,325.525574,561.831055,2733.646484,8218.81543,14187.741211,23876.162109,23876.162109,23876.162109,23876.162109,23876.162109,23876.162109,23876.162109,23876.162109,11224.941406,7523.692383,932.640564,410.414764,275.041992,218.002533,191.365143,181.559906,5000.0,8936.885521,-9683.397333,73103.682715,0,true,true,1.0,-285.033591,3,0.0,0.0,1.0
