12,3669,0.05,500.0,103882.295192,500.0,103196.422166,17452.39382,0.0,0.0,-22.450217,0.0,0.0,-135.0,0.0,0.0,0.0,0.0,0.0,0.0,0,0,0,0,0,0,0,0,0,0,0,0,0,0,0,370.717834,410.452972,457.800201,560.687439,462.298828,414.485229,370.696228,410.478027,457.827454,560.719666,462.341644,414.52417,370.755676,410.509399,457.863159,560.764587,462.318268,414.502686,370.75824,410.495239,457.846741,560.743408,462.282806,414.471313,59.334042,105500.331753,-0.0,192.39382,2,false,false,0.0,-280.870732,0,0.0,1.0,1.0
12,3670,0.1,500.0,-66582.295192,500.0,-65896.422166,17455.355021,0.0,0.0,-71.627118,0.0,0.0,-135.0,0.0,0.0,0.0,0.0,0.0,0.0,0,0,0,0,0,0,0,0,0,0,0,0,0,0,0,370.717834,410.452972,457.800201,560.687439,462.298828,414.485229,370.696228,410.478027,457.827454,560.719666,462.341644,414.52417,370.755676,410.509399,457.863159,560.764587,462.318268,414.502686,370.75824,410.495239,457.846741,560.743408,462.282806,414.471313,56.372841,105500.331753,-0.0,195.355021,0,false,false,0.0,-280.860732,0,0.0,1.0,1.0
12,3671,0.15,500.0,103882.295192,500.0,103196.422166,17460.361291,0.0,0.0,-115.876027,0.0,0.0,-135.0,0.0,0.0,0.0,0.0,0.0,0.0,0,0,0,0,0,0,0,0,0,0,0,0,0,0,0,370.717834,410.452972,457.800201,560.687439,462.298828,414.485229,370.696228,410.478027,457.827454,560.719666,462.341644,414.52417,370.755676,410.509399,457.863159,560.764587,462.318268,414.502686,370.75824,410.495239,457.846741,560.743408,462.282806,414.471313,51.36657,105500.331753,-0.0,200.361291,0,false,false,0.0,-280.850732,0,0.0,1.0,1.0
12,3672,0.2,500.0,-66582.295192,500.0,-65896.422166,17466.786146,0.0,0.0,-154.329605,0.0,0.0,-135.0,0.0,0.0,0.0,0.0,0.0,0.0,0,0,0,0,0,0,0,0,0,0,0,0,0,0,0,370.717834,410.452972,457.800201,560.687439,462.298828,414.485229,370.696228,410.478027,457.827454,560.719666,462.341644,414.52417,370.755676,410.509399,457.863159,560.764587,462.318268,414.502686,370.75824,410.495239,457.846741,560.743408,462.282806,414.471313,44.941715,105500.331753,-0.0,206.786146,0,false,false,0.0,-280.840732,0,0.0,1.0,1.0
12,3673,0.25,499.849272,103882.44592,499.858214,103196.563952,17473.715688,8.288517,7.745813,18.233614,0.00266,0.105608,-135.000031,0.0,0.0,0.0,0.0,0.0,0.0,0,0,0,0,0,0,0,0,0,0,0,0,0,0,0,370.930481,410.667755,458.039703,560.980652,462.292419,414.479431,370.863922,410.472107,457.820801,560.711426,462.103699,414.310791,370.544037,410.295898,457.624969,560.472778,462.326477,414.509979,370.591492,410.502441,457.854675,560.753052,462.522552,414.686188,38.012173,105500.753299,0.040916,19.255251,0,false,false,0.0,-280.830732,0,0.0,1.0,1.0
12,3674,0.3,499.530118,-66581.976038,499.560741,-65896.124692,17473.931612,1.117542,0.995061,0.198817,0.004452,0.130894,-134.999725,0.0,0.0,0.0,0.0,0.0,0.0,0,0,0,0,0,0,0,0,0,0,0,0,0,0,0,371.381348,411.120117,458.544983,561.600769,462.273743,414.463348,371.216461,410.457214,457.804932,560.693237,461.599243,413.859161,370.097137,409.845459,457.123322,559.859619,462.34317,414.525665,370.24295,410.519257,457.874207,560.778198,463.025024,415.13739,37.796249,105501.188035,-0.531354,-27.089795,0,false,false,0.0,-280.820732,0,0.0,1.0,1.0
12,3675,0.35,499.560708,103882.41533,499.594237,103196.530456,17473.938895,-0.77488,-0.809566,0.239451,0.007476,0.059526,-134.999603,0.0,0.0,0.0,0.0,0.0,0.0,0,0,0,0,0,0,0,0,0,0,0,0,0,0,0,371.337646,411.072571,458.492249,561.536682,462.269836,414.460144,371.176239,410.454437,457.802155,560.690308,461.650055,413.904999,370.140594,409.891754,457.175262,559.923706,462.344025,414.526703,370.282928,410.520782,457.87619,560.781128,462.971191,415.089386,37.788967,105501.094623,-0.768094,104.331656,0,false,false,0.0,-280.810732,0,0.0,1.0,1.0
12,3676,0.4,499.572462,-66581.987792,499.608099,-65896.138555,17473.942188,0.136545,0.102371,0.022444,0.009616,0.028211,-134.99968,0.0,0.0,0.0,0.0,0.0,0.0,0,0,0,0,0,0,0,0,0,0,0,0,0,0,0,371.320221,411.053497,458.470795,561.510071,462.26828,414.458557,371.158997,410.452606,457.799896,560.687256,461.671112,413.923706,370.156891,409.910187,457.195618,559.948364,462.345917,414.528198,370.299042,410.522003,457.87738,560.782288,462.950409,415.070618,37.785675,105501.003733,-0.646525,161.996197,0,false,false,0.0,-280.800732,0,0.0,1.0,1.0
12,3677,0.45,499.567589,103882.420203,499.605409,103196.533146,17473.941828,0.007209,-0.026651,0.006328,0.011953,0.031893,-134.999695,0.0,0.0,0.0,0.0,0.0,0.0,0,0,0,0,0,0,0,0,0,0,0,0,0,0,0,371.326813,411.059021,458.476929,561.517578,462.266571,414.457001,371.161896,410.450989,457.798065,560.684937,461.665009,413.918213,370.150208,409.904633,457.189423,559.940735,462.347778,414.529846,370.296051,410.52359,457.87912,560.784363,462.956665,415.076172,37.786034,105501.019274,-0.629385,155.21547,0,false,false,0.0,-280.790732,0,0.0,1.0,1.0
12,3678,0.5,499.55068,-66581.970883,499.591909,-65896.125055,17473.939221,0.281455,0.233401,0.048213,0.015618,0.058409,-134.999725,0.0,0.0,0.0,0.0,0.0,0.0,0,0,0,0,0,0,0,0,0,0,0,0,0,0,0,371.350311,411.08139,458.501801,561.547913,462.264099,414.454712,371.177521,410.448578,457.795319,560.681519,461.640472,413.896149,370.126648,409.882477,457.164612,559.910217,462.35083,414.532532,370.280396,410.526184,457.881927,560.78772,462.981781,415.098633,37.788639,105501.101309,-0.577737,106.387919,0,false,false,0.0,-280.780732,0,0.0,1.0,1.0
12,3679,0.55,499.535483,103882.4354,499.579476,103196.545579,17473.936821,0.295853,0.239409,0.050128,0.018603,0.082916,-134.999725,0.0,0.0,0.0,0.0,0.0,0.0,0,0,0,0,0,0,0,0,0,0,0,0,0,0,0,371.371674,411.101837,458.524597,561.575806,462.262085,414.452911,371.192139,410.446777,457.793304,560.679016,461.618164,413.87616,370.105682,409.862457,457.142303,559.882874,462.353363,414.53479,370.266144,410.528412,457.88443,560.79071,463.004608,415.11908,37.791039,105501.156698,-0.567996,61.259077,0,false,false,0.0,-280.770732,0,0.0,1.0,1.0
12,3680,0.6,499.540241,-66581.975641,499.587733,-65896.133311,17473.938949,-0.099164,-0.146779,0.041346,0.022389,0.061329,-134.999695,0.0,0.0,0.0,0.0,0.0,0.0,0,0,0,0,0,0,0,0,0,0,0,0,0,0,0,371.364502,411.092163,458.513855,561.562744,462.258911,414.450134,371.181854,410.444061,457.790314,560.675415,461.628479,413.885437,370.112732,409.871826,457.152802,559.895813,462.355896,414.537109,370.276276,410.530823,457.887146,560.794189,462.993683,415.109344,37.788914,105501.116928,-0.625615,101.01076,0,false,false,0.0,-280.760732,0,0.0,1.0,1.0
12,3681,0.65,499.545416,103882.430225,499.595652,103196.53766,17473.940582,-0.113883,-0.15333,0.043581,0.025299,0.041951,-134.99971,0.0,0.0,0.0,0.0,0.0,0.0,0,0,0,0,0,0,0,0,0,0,0,0,0,0,0,371.356659,411.082397,458.50293,561.549255,462.256622,414.448029,371.171967,410.441895,457.787872,560.672363,461.63913,413.894928,370.120148,409.881256,457.163269,559.908569,462.358093,414.539032,370.285767,410.532654,457.889191,560.79657,462.98291,415.09964,37.787277,105501.067472,-0.617156,136.695127,0,false,false,0.0,-280.750732,0,0.0,1.0,1.0
12,3682,0.7,499.54033,-66581.970555,499.593601,-65896.13126,17473.94024,-0.168106,-0.205868,0.059297,0.028471,0.044254,-134.999725,0.0,0.0,0.0,0.0,0.0,0.0,0,0,0,0,0,0,0,0,0,0,0,0,0,0,0,371.363464,411.087616,458.508759,561.556335,462.254181,414.445831,371.174011,410.439667,457.78537,560.66925,461.633362,413.88974,370.113281,409.876038,457.15741,559.901367,462.360596,414.54129,370.283661,410.534882,457.891632,560.799561,462.9888,415.104919,37.787621,105501.077929,-0.609876,132.45257,0,false,false,0.0,-280.740732,0,0.0,1.0,1.0
12,3683,0.75,499.555866,103882.414689,499.60495,103196.52631,17473.940872,-0.29357,-0.093941,0.052029,0.022693,0.013868,-135.000061,0.0,0.0,0.0,0.0,0.0,0.0,0,0,0,0,0,0,0,0,0,0,0,0,0,0,0,371.340088,411.0672,458.485138,561.526123,462.259003,414.449432,371.159119,410.441986,457.78714,560.670105,461.656708,413.909943,370.132874,409.894958,457.177734,559.924927,462.358582,414.538727,370.294769,410.531067,457.886566,560.791992,462.968262,415.085754,37.786987,105500.973838,-0.010712,188.405705,0,false,false,0.0,-280.730732,0,0.0,1.0,1.0
12,3684,0.8,499.551663,-66581.966352,499.595459,-65896.12177,17473.941577,0.099041,0.111979,0.014358,0.01599,0.027107,-135.000061,0.0,0.0,0.0,0.0,0.0,0.0,0,0,0,0,0,0,0,0,0,0,0,0,0,0,0,371.346649,411.077271,458.496368,561.539795,462.263367,414.453339,371.171021,410.445892,457.791473,560.675415,461.645569,413.899963,370.126373,409.884979,457.166565,559.911255,462.35434,414.534912,370.282928,410.527252,457.882294,560.786743,462.979492,415.095825,37.786285,105501.024238,0.025773,164.028685,0,false,false,0.0,-280.720732,0,0.0,1.0,1.0
12,3685,0.85,499.552199,103882.414153,499.59607,103196.5257,17473.941619,0.040616,0.04749,0.006119,0.015613,0.024311,-135.000351,0.0,0.0,0.0,0.0,0.0,0.0,0,0,0,0,0,0,0,0,0,0,0,0,0,0,0,371.344238,411.075836,458.494019,561.535706,462.264709,414.453857,371.16864,410.445251,457.790009,560.672363,461.647919,413.901398,370.125488,409.885223,457.166107,559.909424,462.355774,414.535553,370.282013,410.526703,457.880951,560.783813,462.97995,415.095551,37.78624,105501.015295,0.582795,169.177549,0,false,false,0.0,-280.710732,0,0.0,1.0,1.0
12,3686,0.9,499.549405,-66581.963558,499.594133,-65896.119833,17473.941555,-0.011019,-0.021071,0.005621,0.016218,0.027694,-135.000656,0.0,0.0,0.0,0.0,0.0,0.0,0,0,0,0,0,0,0,0,0,0,0,0,0,0,0,371.346436,411.078705,458.49649,561.537476,462.265442,414.453827,371.169189,410.444061,457.787933,560.668518,461.645477,413.898529,370.119995,409.881195,457.160858,559.901733,462.35791,414.536774,370.278168,410.526764,457.880249,560.781738,462.985229,415.099609,37.786304,105501.028441,1.14242,162.947855,0,false,false,0.0,-280.700732,0,0.0,1.0,1.0
12,3687,0.95,499.548187,103882.41537,499.594081,103196.525752,17473.941464,-0.007176,-0.01095,0.0029,0.017062,0.026979,-135.001129,0.0,0.0,0.0,0.0,0.0,0.0,0,0,0,0,0,0,0,0,0,0,0,0,0,0,0,371.34552,411.078766,458.495392,561.53418,462.266632,414.453857,371.166595,410.442291,457.784851,560.662842,461.646576,413.898468,370.115875,409.879364,457.157684,559.895935,462.361023,414.538513,370.275726,410.526733,457.879059,560.778381,462.988434,415.10144,37.786396,105501.027285,1.990809,164.26406,0,false,false,0.0,-280.690732,0,0.0,1.0,1.0
12,3688,1.0,499.546731,-66581.962101,499.593014,-65896.118766,17473.941466,-0.03044,-0.037155,0.010527,0.017039,0.028146,-135.001526,0.0,0.0,0.0,0.0,0.0,0.0,0,0,0,0,0,0,0,0,0,0,0,0,0,0,0,371.345398,411.079834,458.495636,561.532837,462.268158,414.454346,371.16568,410.441254,457.782715,560.658569,461.646362,413.8974,370.111725,409.87677,457.153809,559.889587,462.36319,414.539581,370.272369,410.526245,457.877563,560.774902,462.99234,415.104065,37.786396,105501.032375,2.716971,162.116526,0,false,false,0.0,-280.680732,0,0.0,1.0,1.0
12,3689,1.05,499.541228,103882.420873,499.58847,103196.530296,17473.941366,0.0,0.0,0.0,0.017752,0.036541,-135.001816,0.0,0.0,0.0,0.0,0.0,0.0,0,0,0,0,0,0,0,0,0,0,0,0,0,0,0,371.351471,411.08667,458.502502,561.540039,462.268799,414.454254,371.169403,410.440033,457.780609,560.654785,461.639557,413.890656,370.102509,409.868896,457.144287,559.876709,462.365387,414.540863,370.265503,410.526428,457.877014,560.77301,463.001953,415.11203,37.786495,105501.062085,3.262329,146.658149,0,false,false,0.0,-280.670732,0,0.0,1.0,1.0
12,3690,1.1,499.542352,-66581.963225,499.591408,-65896.121704,17473.941205,-0.258598,-0.259464,0.076718,0.019483,0.027233,-135.001877,0.0,0.0,0.0,0.0,0.0,0.0,0,0,0,0,0,0,0,0,0,0,0,0,0,0,0,371.349304,411.083527,458.49884,561.535339,462.267578,414.453003,371.165314,410.438538,457.778778,560.652283,461.643127,413.893707,370.103912,409.871704,457.147278,559.880066,462.367126,414.542297,370.268829,410.527588,457.878174,560.77417,462.998901,415.109131,37.786655,105501.033991,3.367399,163.797407,0,false,false,0.0,-280.660732,0,0.0,1.0,1.0
12,3691,1.15,499.542238,103882.420987,499.590851,103196.530853,17473.941328,0.021264,0.033456,0.004588,0.018346,0.026481,-135.002243,0.0,0.0,0.0,0.0,0.0,0.0,0,0,0,0,0,0,0,0,0,0,0,0,0,0,0,371.347504,411.083313,458.497681,561.532349,462.269653,414.454041,371.164001,410.438141,457.777435,560.649109,461.644318,413.893921,370.101685,409.870483,457.14502,559.875793,462.368469,414.542694,370.266113,410.52655,457.876099,560.770081,463.00116,415.110352,37.786533,105501.032283,4.053252,165.182495,0,false,false,0.0,-280.650732,0,0.0,1.0,1.0
12,3692,1.2,499.538405,-66581.959393,499.587545,-65896.118398,17473.941307,0.108121,0.087846,0.013227,0.018488,0.032424,-135.002594,0.0,0.0,0.0,0.0,0.0,0.0,0,0,0,0,0,0,0,0,0,0,0,0,0,0,0,371.350952,411.087891,458.501923,561.536072,462.270874,414.454376,371.165985,410.437103,457.775391,560.645142,461.640137,413.889404,370.094452,409.864624,457.137604,559.865234,462.370575,414.543762,370.260345,410.526276,457.874939,560.767212,463.008667,415.116272,37.786552,105501.053869,4.70439,154.239868,0,false,false,0.0,-280.640732,0,0.0,1.0,1.0
12,3693,1.25,499.539534,103882.419858,499.589041,103196.529357,17473.941337,0.036731,0.039881,0.005012,0.018259,0.027594,-135.003128,0.0,0.0,0.0,0.0,0.0,0.0,0,0,0,0,0,0,0,0,0,0,0,0,0,0,0,371.346436,411.08493,458.497314,561.528259,462.27301,414.455109,371.161285,410.435822,457.772644,560.639648,461.644714,413.892334,370.093201,409.865509,457.137299,559.862671,462.373291,414.545044,370.259308,410.525513,457.872772,560.76239,463.008972,415.115356,37.786522,105501.038589,5.67192,163.132987,0,false,false,0.0,-280.630732,0,0.0,1.0,1.0
12,3694,1.3,499.539186,-66581.959045,499.58851,-65896.117867,17473.941401,0.000074,0.001993,0.000311,0.017656,0.027417,-135.003403,0.0,0.0,0.0,0.0,0.0,0.0,0,0,0,0,0,0,0,0,0,0,0,0,0,0,0,371.345428,411.085022,458.496735,561.526428,462.274475,414.45578,371.160431,410.435425,457.771515,560.637085,461.645294,413.892242,370.091187,409.864319,457.135284,559.85907,462.374451,414.545441,370.257141,410.524841,457.871338,560.75946,463.010986,415.116547,37.786461,105501.038676,6.188211,163.459397,0,false,false,0.0,-280.620732,0,0.0,1.0,1.0
12,3695,1.35,499.536642,103882.422403,499.586512,103196.531355,17473.941392,0.0,0.0,0.0,0.017707,0.030262,-135.003876,0.0,0.0,0.0,0.0,0.0,0.0,0,0,0,0,0,0,0,0,0,0,0,0,0,0,0,371.346436,411.087463,458.498291,561.526367,462.276215,414.456299,371.160187,410.434113,457.768921,560.631958,461.643768,413.889832,370.085114,409.860138,457.129425,559.849976,462.377106,414.546753,370.252289,410.524353,457.869629,560.755432,463.016876,415.120789,37.786469,105501.049821,7.05,158.220496,0,false,false,0.0,-280.610732,0,0.0,1.0,1.0
12,3696,1.4,499.536982,-66581.959385,499.587331,-65896.118686,17473.941385,0.0,0.0,0.0,0.017806,0.027355,-135.004272,0.0,0.0,0.0,0.0,0.0,0.0,0,0,0,0,0,0,0,0,0,0,0,0,0,0,0,371.343781,411.085846,458.495544,561.521362,462.277649,414.456696,371.157043,410.433014,457.766724,560.627625,461.646545,413.891418,370.083527,409.860199,457.128571,559.84729,462.379303,414.547882,370.25119,410.523956,457.868225,560.752075,463.017761,415.120697,37.786476,105501.040786,7.769723,163.573587,0,false,false,0.0,-280.600732,0,0.0,1.0,1.0
12,3697,1.45,499.535592,103882.423793,499.586224,103196.532462,17473.941417,0.030508,0.026699,0.0036,0.017507,0.028084,-135.004776,0.0,0.0,0.0,0.0,0.0,0.0,0,0,0,0,0,0,0,0,0,0,0,0,0,0,0,371.342926,411.0867,458.495209,561.51886,462.279785,414.457489,371.155548,410.431824,457.76413,560.622375,461.646881,413.890594,370.078827,409.857391,457.124176,559.839783,462.381927,414.549072,370.247131,410.523193,457.866089,560.747375,463.022186,415.123505,37.786446,105501.044552,8.710749,162.231049,0,false,false,0.0,-280.590732,0,0.0,1.0,1.0
12,3698,1.5,499.534137,-66581.95793,499.585488,-65896.11795,17473.941372,-0.050763,-0.059343,0.017013,0.017919,0.028762,-135.005188,0.0,0.0,0.0,0.0,0.0,0.0,0,0,0,0,0,0,0,0,0,0,0,0,0,0,0,371.342682,411.087524,458.495117,561.51709,462.281097,414.457733,371.154114,410.430511,457.761658,560.617676,461.646973,413.889771,370.074646,409.855011,457.120514,559.833618,462.384399,414.550385,370.244141,410.522919,457.864807,560.74408,463.025879,415.125916,37.786488,105501.047949,9.459875,160.982947,0,false,false,0.0,-280.580732,0,0.0,1.0,1.0
12,3699,1.55,499.534124,103882.423805,499.585653,103196.532297,17473.941426,0.000959,0.004977,0.000729,0.017435,0.026641,-135.005661,0.0,0.0,0.0,0.0,0.0,0.0,0,0,0,0,0,0,0,0,0,0,0,0,0,0,0,371.340057,411.086487,458.492767,561.512146,462.283203,414.458557,371.151276,410.429443,457.759277,560.612732,461.649353,413.890808,370.072021,409.854187,457.118408,559.829041,462.38678,414.551453,370.24173,410.522125,457.862701,560.739502,463.027985,415.12674,37.786434,105501.041725,10.35126,164.889242,0,false,false,0.0,-280.570732,0,0.0,1.0,1.0
12,3700,1.6,499.533577,-66581.957382,499.58516,-65896.117457,17473.941475,-0.039953,-0.035554,0.010558,0.016976,0.026283,-135.006058,0.0,0.0,0.0,0.0,0.0,0.0,0,0,0,0,0,0,0,0,0,0,0,0,0,0,0,371.338715,411.086487,458.491821,561.509399,462.284973,414.459259,371.149719,410.42868,457.757446,560.608887,461.650299,413.890808,370.069153,409.852692,457.115753,559.824219,462.388641,414.552246,370.239044,410.521423,457.860962,560.735779,463.03067,415.128235,37.786385,105501.041355,11.067571,165.548092,0,false,false,0.0,-280.560732,0,0.0,1.0,1.0
12,3701,1.65,499.531374,103882.426008,499.58359,103196.533867,17473.941438,0.024196,0.01832,0.002968,0.017311,0.028604,-135.006393,0.0,0.0,0.0,0.0,0.0,0.0,0,0,0,0,0,0,0,0,0,0,0,0,0,0,0,371.339966,411.088623,458.493378,561.509949,462.286011,414.459442,371.14975,410.427582,457.755432,560.605042,461.648773,413.888672,370.064331,409.849304,457.111176,559.817261,462.390717,414.553345,370.235474,410.521271,457.859955,560.733215,463.035278,415.131653,37.786423,105501.050577,11.672997,161.274831,0,false,false,0.0,-280.550732,0,0.0,1.0,1.0
12,3702,1.7,499.531538,-66581.957546,499.58411,-65896.117978,17473.941461,-0.017145,-0.011332,0.003624,0.017109,0.025896,-135.006836,0.0,0.0,0.0,0.0,0.0,0.0,0,0,0,0,0,0,0,0,0,0,0,0,0,0,0,371.337219,411.08725,458.490723,561.504822,462.287811,414.460052,371.146637,410.426453,457.753021,560.600281,461.651428,413.890045,370.062134,409.848938,457.10965,559.813477,462.393097,414.554474,370.233673,410.52063,457.858154,560.729126,463.036835,415.132019,37.7864,105501.042256,12.503244,166.262475,0,false,false,0.0,-280.540732,0,0.0,1.0,1.0
12,3703,1.75,499.527713,103882.429833,499.580734,103196.537244,17473.941447,0.0,0.0,0.0,0.017184,0.031986,-135.007141,0.0,0.0,0.0,0.0,0.0,0.0,0,0,0,0,0,0,0,0,0,0,0,0,0,0,0,371.340942,411.091949,458.495209,561.509094,462.288879,414.460327,371.148926,410.425568,457.751282,560.596863,461.646973,413.885406,370.055145,409.843109,457.102386,559.803345,462.394897,414.55542,370.228088,410.520416,457.857147,560.726624,463.044159,415.137909,37.786415,105501.064357,13.069594,155.048234,0,false,false,0.0,-280.530732,0,0.0,1.0,1.0
12,3704,1.8,499.529158,-66581.958991,499.582483,-65896.119727,17473.941467,-0.048418,-0.046277,0.013688,0.017051,0.026932,-135.007523,0.0,0.0,0.0,0.0,0.0,0.0,0,0,0,0,0,0,0,0,0,0,0,0,0,0,0,371.336792,411.088898,458.490845,561.502136,462.290375,414.460815,371.144775,410.424591,457.749268,560.592834,461.651337,413.888428,370.055176,409.844696,457.103241,559.802856,462.396881,414.556366,370.228149,410.519897,457.855652,560.723206,463.043274,415.136292,37.786396,105501.047922,13.758959,164.355145,0,false,false,0.0,-280.520732,0,0.0,1.0,1.0
12,3705,1.85,499.527712,103882.431278,499.5813,103196.538427,17473.941495,0.072071,0.064247,0.008538,0.016748,0.02782,-135.008011,0.0,0.0,0.0,0.0,0.0,0.0,0,0,0,0,0,0,0,0,0,0,0,0,0,0,0,371.336182,411.089874,458.490753,561.500061,462.292419,414.461578,371.143494,410.423462,457.746826,560.58783,461.651428,413.887451,370.050537,409.841858,457.098846,559.795471,462.399384,414.557495,370.224152,410.519165,457.853607,560.71875,463.047699,415.13916,37.786366,105501.052195,14.65535,162.719528,0,false,false,0.0,-280.510732,0,0.0,1.0,1.0
12,3706,1.9,499.525858,-66581.957136,499.580006,-65896.118433,17473.941471,-0.064146,-0.071718,0.020792,0.016992,0.029552,-135.008316,0.0,0.0,0.0,0.0,0.0,0.0,0,0,0,0,0,0,0,0,0,0,0,0,0,0,0,371.337097,411.091614,458.491943,561.500244,462.293396,414.461761,371.143341,410.422485,457.744965,560.58429,461.650299,413.885742,370.046326,409.838959,457.094879,559.789368,462.401245,414.558502,370.221039,410.518982,457.852692,560.716309,463.051697,415.142059,37.786388,105501.059212,15.213796,159.53074,0,false,false,0.0,-280.500732,0,0.0,1.0,1.0
12,3707,1.95,499.525669,103882.431467,499.580247,103196.538186,17473.941463,0.0293,0.025088,0.003485,0.017075,0.027886,-135.008667,0.0,0.0,0.0,0.0,0.0,0.0,0,0,0,0,0,0,0,0,0,0,0,0,0,0,0,371.335327,411.090881,458.490204,561.496582,462.294708,414.462128,371.141022,410.421478,457.74295,560.580322,461.652008,413.886475,370.044159,409.838318,457.093262,559.785889,462.40329,414.559509,370.219391,410.518616,457.851349,560.713196,463.053345,415.1427,37.786396,105501.054393,15.878563,162.599401,0,false,false,0.0,-280.490732,0,0.0,0.0,1.0
12,3708,2.0,499.525473,-66581.95694,499.580425,-65896.118611,17473.941483,-0.027253,-0.021885,0.006472,0.016901,0.025945,-135.00914,0.0,0.0,0.0,0.0,0.0,0.0,0,0,0,0,0,0,0,0,0,0,0,0,0,0,0,371.333008,411.089966,458.488037,561.492004,462.2966,414.462769,371.138214,410.420288,457.740479,560.575378,461.654175,413.88736,370.041351,409.837372,457.091064,559.78125,462.405762,414.560699,370.217102,410.517975,457.849487,560.708984,463.055542,415.143616,37.786377,105501.048704,16.74298,166.17257,0,false,false,0.0,-280.480732,0,0.0,0.0,1.0
12,3709,2.05,499.522788,103882.434152,499.578405,103196.540206,17473.941444,0.054334,0.043871,0.006623,0.017242,0.02927,-135.00946,0.0,0.0,0.0,0.0,0.0,0.0,0,0,0,0,0,0,0,0,0,0,0,0,0,0,0,371.335022,411.092834,458.490448,561.493652,462.297516,414.462921,371.138824,410.41922,457.738495,560.571594,461.651825,413.884552,370.03595,409.833344,457.085815,559.773499,462.407806,414.561798,370.213074,410.517853,457.848602,560.706604,463.060852,415.147705,37.786419,105501.061401,17.323024,160.051493,0,false,false,0.0,-280.470732,0,0.0,0.0,1.0
12,3710,2.1,499.523472,-66581.957624,499.579163,-65896.119369,17473.941489,0.0,0.0,0.0,0.016845,0.026185,-135.009842,0.0,0.0,0.0,0.0,0.0,0.0,0,0,0,0,0,0,0,0,0,0,0,0,0,0,0,371.331909,411.091003,458.487457,561.488342,462.299286,414.463593,371.135773,410.418396,457.736603,560.567688,461.654785,413.886353,370.03479,409.833649,457.085175,559.771118,462.409668,414.562592,370.211853,410.517151,457.846832,560.70282,463.061493,415.1474,37.786373,105501.051491,18.044083,165.731375,0,false,false,0.0,-280.460732,0,0.0,0.0,1.0
12,3711,2.15,499.521781,103882.435843,499.577788,103196.54158,17473.941512,0.0,0.0,0.0,0.01662,0.027543,-135.010345,0.0,0.0,0.0,0.0,0.0,0.0,0,0,0,0,0,0,0,0,0,0,0,0,0,0,0,371.331573,411.092285,458.48764,561.486511,462.301361,414.464355,371.134674,410.417206,457.73407,560.5625,461.654633,413.885071,370.029724,409.830444,457.080353,559.763184,462.412262,414.563812,370.20755,410.516418,457.844788,560.698242,463.066345,415.150604,37.78635,105501.057397,18.964338,163.230474,0,false,false,0.0,-280.450732,0,0.0,0.0,1.0
12,3712,2.2,499.52041,-66581.956253,499.577167,-65896.118748,17473.941465,-0.04852,-0.050328,0.014694,0.017048,0.027913,-135.010651,0.0,0.0,0.0,0.0,0.0,0.0,0,0,0,0,0,0,0,0,0,0,0,0,0,0,0,371.331787,411.09317,458.487915,561.485596,462.302124,414.464386,371.133698,410.416077,457.732086,560.558838,461.654388,413.884216,370.026276,409.82843,457.077362,559.75824,462.414276,414.564941,370.205292,410.516418,457.844025,560.696106,463.069366,415.152649,37.786396,105501.059757,19.511574,162.549099,1,true,false,0.0,-280.440732,0,1.0,0.0,1.0
12,3713,2.25,499.520232,103882.436021,499.57715,103196.541598,17473.941496,0.012151,0.013584,0.001661,0.016779,0.02656,-135.011032,0.0,0.0,0.0,0.0,0.0,0.0,0,0,0,0,0,0,0,0,0,0,0,0,0,0,0,371.329895,411.09256,458.486237,561.481934,462.303833,414.465027,371.131561,410.415222,457.730133,560.55481,461.656067,413.884827,370.023895,409.827515,457.075378,559.754211,462.416229,414.565796,370.203156,410.515778,457.842346,560.692383,463.07135,415.153564,37.786366,105501.055889,20.236272,165.042084,0,true,false,0.0,-280.430732,0,1.0,0.0,1.0
12,3714,2.3,499.517388,-66581.95341,499.575003,-65896.116601,17473.941466,0.093786,0.078553,0.01135,0.017034,0.029902,-135.011505,0.0,0.0,0.0,0.0,0.0,0.0,0,0,0,0,0,0,0,0,0,0,0,0,0,0,0,371.331299,411.095337,458.48819,561.482422,462.30545,414.465424,371.131531,410.413818,457.727417,560.549622,461.654144,413.88208,370.017456,409.822998,457.069183,559.74469,462.418976,414.56723,370.198181,410.515411,457.84079,560.688538,463.077606,415.158112,37.786396,105501.068698,21.092641,158.887443,0,true,false,0.0,-280.420732,0,1.0,0.0,1.0
12,3715,2.35,499.517482,103882.435928,499.575445,103196.541156,17473.941473,0.056648,0.050941,0.006678,0.016991,0.027715,-135.011856,0.0,0.0,0.0,0.0,0.0,0.0,0,0,0,0,0,0,0,0,0,0,0,0,0,0,0,371.329254,411.094269,458.486145,561.478455,462.306763,414.46582,371.129059,410.412903,457.725525,560.545898,461.656189,413.883118,370.015747,409.822723,457.068024,559.741882,462.420868,414.568146,370.196869,410.514984,457.839478,560.685486,463.078766,415.158386,37.786388,105501.062048,21.727753,162.915155,0,true,false,0.0,-280.410732,0,1.0,0.0,1.0
12,3716,2.4,499.51746,-66581.953387,499.575563,-65896.116719,17473.941507,-0.055088,-0.050511,0.015056,0.01667,0.026097,-135.012253,0.0,0.0,0.0,0.0,0.0,0.0,0,0,0,0,0,0,0,0,0,0,0,0,0,0,0,371.327118,411.093445,458.484222,561.474487,462.308502,414.466492,371.12674,410.412018,457.723572,560.541809,461.658112,413.883972,370.01358,409.822021,457.066284,559.738037,462.422821,414.569031,370.194855,410.514313,457.837738,560.681763,463.080536,415.159088,37.786354,105501.057183,22.460218,165.894833,0,true,false,0.0,-280.400732,0,1.0,0.0,1.0
12,3717,2.45,499.514137,103882.439251,499.57294,103196.54378,17473.941473,-0.005877,-0.017006,0.004484,0.016955,0.030393,-135.012619,0.0,0.0,0.0,0.0,0.0,0.0,0,0,0,0,0,0,0,0,0,0,0,0,0,0,0,371.329712,411.097076,458.487366,561.476807,462.309662,414.466705,371.127777,410.410828,457.721313,560.537476,461.654999,413.880341,370.006927,409.816956,457.059723,559.728516,462.42514,414.570282,370.189819,410.51413,457.836609,560.678833,463.087158,415.164185,37.786388,105501.07338,23.147818,157.985096,0,true,false,0.0,-280.390732,0,1.0,0.0,1.0
12,3718,2.5,499.514263,-66581.953514,499.573552,-65896.117332,17473.941462,0.0,0.0,0.0,0.017079,0.027958,-135.01297,0.0,0.0,0.0,0.0,0.0,0.0,0,0,0,0,0,0,0,0,0,0,0,0,0,0,0,371.327576,411.095856,458.485138,561.472595,462.310883,414.467041,371.125092,410.40979,457.719299,560.533569,461.657227,413.881561,370.00528,409.816833,457.058685,559.72583,462.427155,414.571289,370.18869,410.513794,457.835388,560.675903,463.088165,415.164307,37.7864,105501.065906,23.789344,162.468424,0,true,false,0.0,-280.380732,0,1.0,0.0,1.0
12,3719,2.55,499.514623,103882.438891,499.573963,103196.543369,17473.941507,0.000139,0.005845,0.000924,0.016687,0.025619,-135.013351,0.0,0.0,0.0,0.0,0.0,0.0,0,0,0,0,0,0,0,0,0,0,0,0,0,0,0,371.324982,411.094574,458.482758,561.46814,462.312592,414.467712,371.122528,410.408997,457.717499,560.529846,461.659607,413.882843,370.003754,409.81665,457.057587,559.7229,462.428955,414.572052,370.187134,410.513123,457.833679,560.672241,463.089294,415.164459,37.786354,105501.058484,24.483422,166.774475,0,true,false,0.0,-280.370732,0,1.0,0.0,1.0
12,3720,2.6,499.512419,-66581.95131,499.572456,-65896.115825,17473.941474,-0.070446,-0.070159,0.020678,0.01698,0.02751,-135.013748,0.0,0.0,0.0,0.0,0.0,0.0,0,0,0,0,0,0,0,0,0,0,0,0,0,0,0,371.325836,411.096497,458.483917,561.467896,462.313934,414.467987,371.12204,410.407715,457.715057,560.525208,461.658478,413.88092,369.998505,409.813171,457.052704,559.71521,462.431427,414.573364,370.183228,410.512848,457.832367,560.668945,463.094238,415.167999,37.786388,105501.066375,25.231597,163.294436,0,true,false,0.0,-280.360732,0,0.0,0.0,1.0
12,3721,2.65,499.511327,103882.439983,499.571755,103196.544071,17473.941473,0.043126,0.037883,0.005101,0.01697,0.027843,-135.01416,0.0,0.0,0.0,0.0,0.0,0.0,0,0,0,0,0,0,0,0,0,0,0,0,0,0,0,371.325104,411.097046,458.483521,561.465698,462.315521,414.468506,371.120605,410.406647,457.71286,560.520813,461.658905,413.880402,369.994812,409.811066,457.049347,559.709412,462.433655,414.574432,370.180237,410.51236,457.830811,560.665344,463.097595,415.170105,37.786388,105501.068411,25.982154,162.680081,0,true,false,0.0,-280.350732,0,0.0,0.0,1.0
12,3722,2.7,499.51119,-66581.951173,499.57177,-65896.115841,17473.941506,-0.037875,-0.035176,0.010426,0.016683,0.026433,-135.014542,0.0,0.0,0.0,0.0,0.0,0.0,0,0,0,0,0,0,0,0,0,0,0,0,0,0,0,371.323181,411.096375,458.481812,561.461975,462.3172,414.469147,371.118469,410.405792,457.710938,560.516846,461.660614,413.881042,369.992523,409.810242,457.047455,559.705505,462.435577,414.575287,370.178162,410.511719,457.829163,560.661743,463.099518,415.170929,37.786354,105501.064283,26.696541,165.276293,0,true,false,0.0,-280.340732,0,0.0,0.0,1.0
12,3723,2.75,499.508601,103882.442572,499.56989,103196.545951,17473.941462,-0.000248,-0.005768,0.001518,0.017068,0.028883,-135.014709,1.0,0.0,0.0,0.0,0.0,0.0,0,0,0,0,0,0,0,0,0,0,0,0,0,0,0,371.325867,411.099335,458.484711,561.464844,462.317383,414.468964,371.11972,410.404968,457.709625,560.514526,461.657745,413.878113,369.988068,409.806671,457.04306,559.699463,462.43692,414.576141,370.17514,410.511932,457.828979,560.660828,463.103943,415.17453,37.7864,105501.074335,26.997713,160.766348,0,true,false,0.0,-280.330732,0,0.0,0.0,1.0
12,3724,2.8,499.507832,-66581.950404,499.569636,-65896.115587,17473.941463,-0.006447,-0.009567,0.002508,0.017081,0.027958,-135.015198,1.0,0.0,0.0,0.0,0.0,0.0,0,0,0,0,0,0,0,0,0,0,0,0,0,0,0,371.324249,411.099152,458.483307,561.461121,462.319244,414.469513,371.11731,410.403656,457.70697,560.509277,461.659149,413.878296,369.984375,409.804993,457.039978,559.693665,462.439606,414.577454,370.172241,410.511383,457.827148,560.656555,463.107025,415.176208,37.7864,105501.072215,27.89374,162.470294,0,true,false,0.0,-280.320732,0,0.0,0.0,1.0
12,3725,2.85,499.506855,103882.443549,499.569031,103196.546556,17473.941463,0.0,0.0,0.0,0.017073,0.028084,-135.015579,1.0,0.0,0.0,0.0,0.0,0.0,0,0,0,0,0,0,0,0,0,0,0,0,0,0,0,371.323517,411.099579,458.482819,561.458923,462.320709,414.469971,371.115936,410.402649,457.704895,560.505188,461.659637,413.877899,369.980988,409.803101,457.036926,559.688354,462.441711,414.578491,370.169495,410.510895,457.825684,560.653198,463.110107,415.178131,37.786396,105501.073504,28.597788,162.237129,0,true,false,0.0,-280.310732,0,0.0,0.0,1.0
12,3726,2.9,499.505475,-66581.949024,499.568335,-65896.114891,17473.941424,-0.050313,-0.051162,0.014998,0.017434,0.028019,-135.015823,1.0,0.0,0.0,0.0,0.0,0.0,0,0,0,0,0,0,0,0,0,0,0,0,0,0,0,371.324097,411.100647,458.483429,561.458679,462.321259,414.46994,371.115387,410.401703,457.703247,560.502136,461.659058,413.876831,369.977814,409.801117,457.034149,559.68396,462.443359,414.579437,370.16748,410.510956,457.825165,560.651611,463.112915,415.180115,37.786438,105501.074668,29.031898,162.357823,0,true,false,0.0,-280.300732,0,0.0,0.0,1.0
12,3727,2.95,499.504706,103882.444318,499.567844,103196.547046,17473.941455,0.00748,0.00699,0.000821,0.017215,0.027422,-135.016205,1.0,0.0,0.0,0.0,0.0,0.0,0,0,0,0,0,0,0,0,0,0,0,0,0,0,0,371.323059,411.10083,458.482666,561.456177,462.322815,414.47049,371.113861,410.400757,457.701233,560.498108,461.659821,413.876648,369.974701,409.799469,457.031342,559.678955,462.445374,414.580383,370.164856,410.510406,457.823608,560.648071,463.115753,415.181763,37.786407,105501.073665,29.739212,163.456647,0,true,false,0.0,-280.290732,0,0.0,0.0,1.0
12,3728,3.0,499.501854,-66581.946172,499.565439,-65896.112485,17473.941441,0.100077,0.081468,0.012238,0.017247,0.031407,-135.016632,1.0,0.0,0.0,0.0,0.0,0.0,0,0,0,0,0,0,0,0,0,0,0,0,0,0,0,371.324768,411.103882,458.485016,561.457336,462.324463,414.471008,371.114349,410.399628,457.698944,560.49353,461.657501,413.873627,369.968414,409.7948,457.025116,559.669617,462.447754,414.581543,370.15976,410.509949,457.822052,560.644409,463.12204,415.186462,37.786419,105501.08827,30.522656,156.119871,0,true,false,0.0,-280.280732,0,0.0,0.0,1.0
12,3729,3.05,499.50277,103882.443403,499.566776,103196.545709,17473.941439,-0.019479,-0.018853,0.005401,0.017303,0.027312,-135.016998,1.0,0.0,0.0,0.0,0.0,0.0,0,0,0,0,0,0,0,0,0,0,0,0,0,0,0,371.321411,411.101501,458.481476,561.451416,462.325806,414.471375,371.110718,410.398621,457.696869,560.489502,461.661041,413.875977,369.967743,409.795746,457.025238,559.668213,462.449799,414.58255,370.159363,410.509521,457.820679,560.641235,463.121887,415.185516,37.786423,105501.075052,31.198242,163.66043,0,true,false,0.0,-280.270732,0,0.0,0.0,1.0
12,3730,3.1,499.501835,-66581.945238,499.566231,-65896.11194,17473.941457,-0.01534,-0.013598,0.003852,0.017135,0.026889,-135.017456,1.0,0.0,0.0,0.0,0.0,0.0,0,0,0,0,0,0,0,0,0,0,0,0,0,0,0,371.320129,411.101685,458.480499,561.448303,462.327667,414.472015,371.108765,410.39743,457.694397,560.484558,461.662018,413.875793,369.963928,409.793762,457.021881,559.66217,462.452271,414.58374,370.15625,410.508911,457.818817,560.637024,463.125275,415.1875,37.786404,105501.074628,32.060094,164.44015,0,true,false,0.0,-280.260732,0,0.0,0.0,1.0
12,3731,3.15,499.49891,103882.446328,499.564003,103196.547937,17473.94141,-0.017996,-0.028753,0.007885,0.017545,0.030682,-135.017776,1.0,0.0,0.0,0.0,0.0,0.0,0,0,0,0,0,0,0,0,0,0,0,0,0,0,0,371.322449,411.104858,458.483246,561.450378,462.328613,414.472137,371.109619,410.396301,457.692383,560.480713,461.659332,413.87265,369.95816,409.789398,457.016235,559.653931,462.454376,414.5849,370.151947,410.50882,457.817932,560.634583,463.131012,415.191925,37.786449,105501.088747,32.650359,157.454566,0,true,false,0.0,-280.250732,0,0.0,0.0,1.0
12,3732,3.2,499.4993,-66581.945627,499.564727,-65896.112665,17473.941421,0.0,0.0,0.0,0.017456,0.027848,-135.018173,1.0,0.0,0.0,0.0,0.0,0.0,0,0,0,0,0,0,0,0,0,0,0,0,0,0,0,371.319733,411.103271,458.48053,561.445435,462.330139,414.472626,371.106567,410.395294,457.690277,560.476562,461.662018,413.874237,369.956635,409.789459,457.01532,559.651184,462.456451,414.585907,370.150726,410.508331,457.816406,560.631104,463.131897,415.191833,37.786438,105501.079817,33.366763,162.673556,0,true,false,0.0,-280.240732,0,0.0,0.0,1.0
12,3733,3.25,499.49802,103882.447607,499.563826,103196.548839,17473.941438,0.0,0.0,0.0,0.017308,0.028235,-135.018661,1.0,0.0,0.0,0.0,0.0,0.0,0,0,0,0,0,0,0,0,0,0,0,0,0,0,0,371.318848,411.103943,458.480072,561.44281,462.332123,414.473297,371.10495,410.394104,457.687744,560.471436,461.662537,413.873566,369.952209,409.786926,457.011292,559.644287,462.459045,414.587128,370.147064,410.50766,457.814453,560.626709,463.135956,415.194397,37.786423,105501.082167,34.266129,161.960875,0,true,false,0.0,-280.230732,0,0.0,0.0,1.0
12,3734,3.3,499.495185,-66581.942793,499.56191,-65896.110748,17473.941359,-0.043801,-0.054221,0.015516,0.018003,0.031398,-135.01886,1.0,0.0,0.0,0.0,0.0,0.0,0,0,0,0,0,0,0,0,0,0,0,0,0,0,0,371.321686,411.107056,458.483032,561.445618,462.332306,414.473022,371.106049,410.393066,457.686066,560.468567,461.659576,413.870483,369.947235,409.783081,457.006531,559.637573,462.460724,414.588196,370.143829,410.507965,457.814301,560.625732,463.140808,415.198273,37.786503,105501.094186,34.63285,156.137663,0,true,false,0.0,-280.220732,0,0.0,0.0,1.0
12,3735,3.35,499.494,103882.448793,499.5615,103196.549248,17473.941302,0.061983,0.050375,0.007542,0.018555,0.030559,-135.019119,1.0,0.0,0.0,0.0,0.0,0.0,0,0,0,0,0,0,0,0,0,0,0,0,0,0,0,371.321899,411.107727,458.483154,561.444763,462.332855,414.472961,371.105072,410.391998,457.684265,560.465332,461.659454,413.869812,369.944275,409.781403,457.004059,559.633484,462.462524,414.589233,370.142029,410.508026,457.813751,560.624023,463.14328,415.199921,37.78656,105501.09286,35.097492,157.683871,0,true,false,0.0,-280.210732,0,0.0,0.0,1.0
12,3736,3.4,499.492589,-66581.941382,499.560824,-65896.110073,17473.941253,-0.04842,-0.05498,0.015886,0.019006,0.030904,-135.019394,1.0,0.0,0.0,0.0,0.0,0.0,0,0,0,0,0,0,0,0,0,0,0,0,0,0,0,371.322296,411.108734,458.483582,561.444153,462.333527,414.472961,371.104309,410.39093,457.682404,560.461914,461.659027,413.868835,369.940887,409.779358,457.001068,559.628723,462.464417,414.590332,370.139832,410.508057,457.81311,560.62207,463.146271,415.201996,37.786606,105501.095113,35.601999,157.049035,0,true,false,0.0,-280.200732,0,0.0,0.0,1.0
12,3737,3.45,499.489998,103882.451384,499.559203,103196.55087,17473.941177,0.017002,0.004764,0.002452,0.019696,0.032772,-135.019531,1.0,0.0,0.0,0.0,0.0,0.0,0,0,0,0,0,0,0,0,0,0,0,0,0,0,0,371.325073,411.111542,458.486359,561.446899,462.333435,414.472534,371.105316,410.389954,457.680939,560.459534,461.656281,413.866028,369.936554,409.776001,456.996979,559.623108,462.465912,414.591309,370.137238,410.508484,457.813232,560.621582,463.150391,415.205353,37.786682,105501.103066,35.868615,153.608952,0,true,false,0.0,-280.190732,0,0.0,0.0,1.0
12,3738,3.5,499.489779,-66581.941163,499.55953,-65896.1104,17473.941163,0.0,0.0,0.0,0.019845,0.030866,-135.019913,1.0,0.0,0.0,0.0,0.0,0.0,0,0,0,0,0,0,0,0,0,0,0,0,0,0,0,371.323242,411.110718,458.484528,561.443054,462.334747,414.47287,371.102783,410.388824,457.678741,560.4552,461.658142,413.866852,369.934235,409.77536,456.9953,559.619507,462.468109,414.592438,370.13562,410.508148,457.81192,560.618408,463.152069,415.206024,37.786697,105501.09758,36.568214,157.119779,0,true,false,0.0,-280.180732,0,0.0,0.0,1.0
12,3739,3.55,499.487681,103882.453482,499.558299,103196.5521,17473.941098,-0.081146,-0.088282,0.025734,0.020449,0.032528,-135.020233,1.0,0.0,0.0,0.0,0.0,0.0,0,0,0,0,0,0,0,0,0,0,0,0,0,0,0,371.324371,411.112549,458.485748,561.443298,462.335541,414.47287,371.102417,410.387573,457.676575,560.451233,461.656921,413.865021,369.929626,409.772308,456.991119,559.613037,462.470337,414.593719,370.132538,410.508179,457.811157,560.61615,463.156311,415.209076,37.786762,105501.104241,37.157387,154.059049,0,true,false,0.0,-280.170732,0,0.0,0.0,1.0
12,3740,3.6,499.488482,-66581.941964,499.559605,-65896.111706,17473.941087,-0.160536,-0.14836,0.044421,0.020584,0.028383,-135.020599,1.0,0.0,0.0,0.0,0.0,0.0,0,0,0,0,0,0,0,0,0,0,0,0,0,0,0,371.321228,411.110291,458.482361,561.437622,462.336792,414.473175,371.098846,410.386505,457.674469,560.447205,461.660309,413.867249,369.928864,409.773132,456.99118,559.611633,462.472412,414.594757,370.132172,410.507843,457.809875,560.613098,463.15625,415.208221,37.786774,105501.091094,37.815704,161.692643,0,true,false,0.0,-280.160732,0,0.0,0.0,1.0
12,3741,3.65,499.487868,103882.454096,499.558829,103196.552877,17473.94117,0.027493,0.031074,0.003939,0.019811,0.028277,-135.020996,1.0,0.0,0.0,0.0,0.0,0.0,0,0,0,0,0,0,0,0,0,0,0,0,0,0,0,371.319916,411.110535,458.481628,561.435059,462.338806,414.47406,371.097595,410.385834,457.672729,560.443359,461.661041,413.867035,369.925781,409.771362,456.988159,559.606262,462.474152,414.595428,370.129028,410.506958,457.807892,560.609009,463.159271,415.210022,37.78669,105501.091509,38.564674,161.886889,0,true,false,0.0,-280.150732,0,0.0,0.0,1.0
12,3742,3.7,499.487742,-66581.941838,499.558635,-65896.111513,17473.941258,-0.034021,-0.024115,0.007335,0.019008,0.026625,-135.021515,1.0,0.0,0.0,0.0,0.0,0.0,0,0,0,0,0,0,0,0,0,0,0,0,0,0,0,371.317291,411.109772,458.479492,561.430298,462.341278,414.475128,371.095001,410.384888,457.67041,560.438416,461.663177,413.867798,369.922791,409.770111,456.985535,559.600891,462.476501,414.596375,370.126007,410.50589,457.80545,560.603882,463.161926,415.211273,37.786602,105501.086671,39.517733,164.928397,0,true,false,0.0,-280.140732,0,0.0,0.0,1.0
12,3743,3.75,499.485583,103882.456255,499.556949,103196.554564,17473.941245,0.020492,0.019142,0.002346,0.019101,0.028982,-135.021881,1.0,0.0,0.0,0.0,0.0,0.0,0,0,0,0,0,0,0,0,0,0,0,0,0,0,0,371.318329,411.111908,458.480988,561.430664,462.34256,414.475464,371.095032,410.383881,457.668396,560.434448,461.661713,413.865662,369.917877,409.766632,456.980743,559.593567,462.478577,414.597443,370.122131,410.505585,457.804199,560.60083,463.166748,415.214783,37.786617,105501.095838,40.175925,160.588195,0,true,false,0.0,-280.130732,0,0.0,0.0,1.0
12,3744,3.8,499.485402,-66581.941657,499.556739,-65896.111303,17473.941307,0.0,0.0,0.0,0.018537,0.027842,-135.022263,1.0,0.0,0.0,0.0,0.0,0.0,0,0,0,0,0,0,0,0,0,0,0,0,0,0,0,371.316467,411.11142,458.479492,561.427185,462.344421,414.476257,371.09314,410.383118,457.666595,560.430603,461.663239,413.86615,369.915466,409.765594,456.978607,559.589355,462.480377,414.598175,370.11972,410.504791,457.802338,560.596985,463.168915,415.21582,37.786552,105501.092618,40.903142,162.687286,0,true,false,0.0,-280.120732,0,0.0,0.0,1.0
12,3745,3.85,499.480923,103882.460734,499.552904,103196.5584,17473.941299,0.0,0.0,0.0,0.018641,0.034012,-135.022659,1.0,0.0,0.0,0.0,0.0,0.0,0,0,0,0,0,0,0,0,0,0,0,0,0,0,0,371.320618,411.116791,458.484497,561.431702,462.345734,414.476562,371.09552,410.381927,457.664307,560.426208,461.658295,413.86084,369.907135,409.758789,456.970062,559.577271,462.482758,414.599426,370.113159,410.504547,457.801086,560.593811,463.177551,415.222717,37.786564,105501.115121,41.624836,151.327362,0,true,false,0.0,-280.110732,0,0.0,0.0,1.0
12,3746,3.9,499.481788,-66581.942522,499.554226,-65896.112626,17473.941282,0.040765,0.03331,0.004931,0.018747,0.029935,-135.023041,1.0,0.0,0.0,0.0,0.0,0.0,0,0,0,0,0,0,0,0,0,0,0,0,0,0,0,371.31723,411.114441,458.480927,561.42572,462.347137,414.476959,371.091766,410.380859,457.662109,560.421936,461.661865,413.863159,369.906281,409.759613,456.970032,559.575684,462.484894,414.600494,370.112671,410.50412,457.799652,560.590454,463.177551,415.221832,37.786579,105501.102258,42.333228,158.834076,0,true,false,0.0,-280.100732,0,0.0,0.0,1.0
12,3747,3.95,499.479722,103882.4628,499.552876,103196.559749,17473.941235,0.079579,0.064912,0.009697,0.019176,0.031756,-135.023361,1.0,0.0,0.0,0.0,0.0,0.0,0,0,0,0,0,0,0,0,0,0,0,0,0,0,0,371.31839,411.116333,458.482269,561.426086,462.348022,414.477051,371.091614,410.37973,457.660126,560.418213,461.660522,413.861267,369.901794,409.756531,456.965851,559.569214,462.486938,414.601624,370.109467,410.504059,457.798828,560.588196,463.181793,415.224945,37.786625,105501.109436,42.90378,155.482572,0,true,false,0.0,-280.090732,0,0.0,0.0,1.0
12,3748,4.0,499.478155,-66581.940956,499.55182,-65896.111569,17473.941223,0.094215,0.076584,0.011514,0.019269,0.032807,-135.023727,1.0,0.0,0.0,0.0,0.0,0.0,0,0,0,0,0,0,0,0,0,0,0,0,0,0,0,371.318512,411.117554,458.482697,561.425049,462.349365,414.477417,371.09079,410.378632,457.657959,560.414001,461.660126,413.860107,369.897583,409.753906,456.961975,559.562927,462.489136,414.602753,370.106262,410.503723,457.797516,560.585022,463.185699,415.2276,37.786636,105501.113841,43.5975,153.546489,0,true,false,0.0,-280.080732,0,0.0,0.0,1.0
12,3749,4.05,499.477441,103882.463514,499.551896,103196.559673,17473.941168,0.033904,0.024095,0.004255,0.019799,0.031606,-135.024033,1.0,0.0,0.0,0.0,0.0,0.0,0,0,0,0,0,0,0,0,0,0,0,0,0,0,0,371.31778,411.117432,458.481812,561.422729,462.350128,414.477417,371.088959,410.377472,457.655914,560.410278,461.661011,413.860199,369.89502,409.752838,456.960052,559.559326,462.49118,414.603912,370.104797,410.503693,457.796753,560.582825,463.187622,415.228668,37.786694,105501.110818,44.151559,155.759143,0,true,false,0.0,-280.070732,0,0.0,0.0,1.0
12,3750,4.1,499.474577,-66581.938092,499.549749,-65896.109422,17473.941123,0.0,0.0,0.0,0.02018,0.035159,-135.024384,1.0,0.0,0.0,0.0,0.0,0.0,0,0,0,0,0,0,0,0,0,0,0,0,0,0,0,371.319855,411.120453,458.484314,561.424316,462.351166,414.4776,371.089539,410.376312,457.653748,560.406189,461.658569,413.857239,369.889191,409.748535,456.954376,559.550964,462.493408,414.605103,370.100464,410.503571,457.795746,560.5802,463.193359,415.233032,37.786739,105501.123547,44.79321,149.216641,0,true,false,0.0,-280.060732,0,0.0,0.0,1.0
12,3751,4.15,499.47373,103882.464362,499.54947,103196.559952,17473.941111,0.155633,0.132865,0.019123,0.020307,0.034457,-135.024704,1.0,0.0,0.0,0.0,0.0,0.0,0,0,0,0,0,0,0,0,0,0,0,0,0,0,0,371.319275,411.120667,458.483765,561.422363,462.352173,414.477783,371.088074,410.375275,457.651825,560.402527,461.659119,413.857025,369.886353,409.747101,456.951996,559.546753,462.495331,414.60614,370.09848,410.503387,457.794769,560.577637,463.19577,415.234467,37.786751,105501.122259,45.373624,150.510047,0,true,false,0.0,-280.050732,0,0.0,0.0,1.0
12,3752,4.2,499.476108,-66581.94047,499.551936,-65896.111888,17473.941164,-0.109184,-0.097777,0.029402,0.019866,0.027546,-135.025101,1.0,0.0,0.0,0.0,0.0,0.0,0,0,0,0,0,0,0,0,0,0,0,0,0,0,0,371.31369,411.116302,458.477905,561.413513,462.353973,414.478485,371.082947,410.37442,457.649872,560.398438,461.664917,413.861328,369.887512,409.749847,456.954071,559.547607,462.497253,414.606964,370.099182,410.502655,457.792938,560.57373,463.193665,415.231659,37.786697,105501.099591,46.114139,163.235078,0,true,false,0.0,-280.040732,0,0.0,0.0,1.0
12,3753,4.25,499.474397,103882.466073,499.550175,103196.561713,17473.941244,0.079244,0.07277,0.00929,0.019112,0.029243,-135.02562,1.0,0.0,0.0,0.0,0.0,0.0,0,0,0,0,0,0,0,0,0,0,0,0,0,0,0,371.313324,411.117889,458.478394,561.411987,462.356415,414.479523,371.082245,410.373474,457.647552,560.393494,461.664459,413.859772,369.882324,409.746338,456.948883,559.539124,462.499634,414.607941,370.09433,410.501648,457.790558,560.568665,463.198914,415.235199,37.786617,105501.106415,47.061901,160.110832,0,true,false,0.0,-280.030732,0,0.0,0.0,1.0
12,3754,4.3,499.472915,-66581.938988,499.54912,-65896.110833,17473.94124,-0.108417,-0.110571,0.032549,0.019145,0.030215,-135.025986,1.0,0.0,0.0,0.0,0.0,0.0,0,0,0,0,0,0,0,0,0,0,0,0,0,0,0,371.313385,411.119019,458.47876,561.41095,462.357758,414.479919,371.081451,410.372467,457.645508,560.389465,461.664124,413.858643,369.878296,409.743774,456.945129,559.53302,462.501678,414.608948,370.091156,410.501251,457.789215,560.565552,463.202698,415.237793,37.786621,105501.110607,47.736718,158.320913,0,true,false,0.0,-280.020732,0,0.0,0.0,1.0
12,3755,4.35,499.472571,103882.466416,499.549001,103196.561832,17473.941268,0.026229,0.023484,0.003053,0.018886,0.029074,-135.026428,1.0,0.0,0.0,0.0,0.0,0.0,0,0,0,0,0,0,0,0,0,0,0,0,0,0,0,371.311462,411.11853,458.477112,561.407104,462.359619,414.480591,371.079193,410.37146,457.643311,560.384949,461.665771,413.859131,369.875458,409.742584,456.942719,559.528259,462.503906,414.609955,370.088654,410.50058,457.787384,560.561462,463.205109,415.238983,37.786594,105501.107394,48.543525,160.421274,0,true,false,0.0,-280.010732,0,0.0,0.0,1.0
12,3756,4.4,499.473236,-66581.939652,499.549462,-65896.111294,17473.941368,-0.016855,-0.008381,0.003296,0.017975,0.02593,-135.026932,1.0,0.0,0.0,0.0,0.0,0.0,0,0,0,0,0,0,0,0,0,0,0,0,0,0,0,371.30777,411.11673,458.473846,561.401001,462.362152,414.48172,371.075928,410.370636,457.641144,560.380188,461.669037,413.860931,369.873627,409.742432,456.941315,559.524475,462.506104,414.610779,370.086426,410.499451,457.784851,560.556335,463.206543,415.239136,37.786491,105501.097201,49.47714,166.211546,0,true,false,0.033409,-280.000732,0,0.0,0.0,1.0
12,3757,4.45,499.471536,103882.468116,499.548121,103196.563173,17473.941371,0.0,0.0,0.0,0.017931,0.02755,-135.027328,1.0,0.0,0.0,0.0,0.0,0.0,0,0,0,0,0,0,0,0,0,0,0,0,0,0,0,371.307983,411.118195,458.474487,561.400146,462.363708,414.482239,371.075287,410.369598,457.639008,560.375977,461.668427,413.859497,369.86911,409.739471,456.936981,559.517517,462.50824,414.611847,370.082703,410.498932,457.783325,560.552795,463.210907,415.242126,37.786491,105501.10366,50.21314,163.228961,0,true,false,0.064691,-279.990732,0,0.0,0.0,1.0
12,3758,4.5,499.47393,-66581.942046,499.549869,-65896.113042,17473.941517,-0.10504,-0.075293,0.023444,0.016583,0.021714,-135.027664,1.0,0.0,0.0,0.0,0.0,0.0,0,0,0,0,0,0,0,0,0,0,0,0,0,0,0,371.302795,411.114471,458.469543,561.392639,462.365814,414.483337,371.071442,410.369415,457.637939,560.37323,461.67337,413.863159,369.870544,409.741821,456.938782,559.518311,462.509277,414.612,370.082855,410.497803,457.781189,560.548767,463.209076,415.239746,37.786343,105501.083261,50.84004,173.973525,0,true,false,0.094519,-279.980732,0,0.0,0.0,1.0
12,3759,4.55,499.478464,103882.463582,499.551842,103196.5612,17473.941916,-0.077859,-0.016736,0.013006,0.01293,0.013784,-135.027954,1.0,0.0,0.0,0.0,0.0,0.0,0,0,0,0,0,0,0,0,0,0,0,0,0,0,0,371.295135,411.109161,458.462891,561.383362,462.369202,414.485748,371.067841,410.370728,457.638702,560.372986,461.679993,413.868469,369.875122,409.746033,456.94278,559.522034,462.508514,414.610657,370.083344,410.495361,457.777771,560.543396,463.205078,415.235504,37.785946,105501.053317,51.374509,188.573012,0,true,false,0.124339,-279.970732,0,0.0,0.0,1.0
12,3760,4.6,499.480613,-66581.944196,499.551382,-65896.112582,17473.901003,0.0,0.0,2.870108,0.009563,0.011709,-135.028061,1.0,0.0,0.0,0.0,0.0,0.0,0,0,0,0,0,0,0,0,0,0,0,0,0,0,0,371.291809,411.107697,458.460999,561.380554,462.371857,414.487885,371.068085,410.372406,457.64032,560.374573,461.681854,413.869904,369.877258,409.74704,456.943634,559.522644,462.506866,414.608978,370.081909,410.493225,457.775146,560.539734,463.204224,415.234497,37.826859,105501.045118,51.586141,192.34952,0,true,false,0.162135,-279.960732,0,0.0,0.0,1.0
12,3761,4.65,499.480613,103882.463582,499.551382,103196.5612,17473.571138,0.0,0.0,10.070511,0.009563,0.011709,-135.028061,1.0,0.0,0.0,0.0,0.0,0.0,0,0,0,0,0,0,0,0,0,0,0,0,0,0,0,371.291809,411.107697,458.460999,561.380554,462.371857,414.487885,371.068085,410.372406,457.64032,560.374573,461.681854,413.869904,369.877258,409.74704,456.943634,559.522644,462.506866,414.608978,370.081909,410.493225,457.775146,560.539734,463.204224,415.234497,38.156723,105501.04505,51.586196,192.019655,0,true,false,0.192382,-279.950732,0,0.0,0.0,1.0
12,3762,4.7,499.480613,-66581.944196,499.551382,-65896.112582,17472.779303,0.0,0.0,21.319324,0.009563,0.011709,-135.028061,1.0,0.0,0.0,0.0,0.0,0.0,0,0,0,0,0,0,0,0,0,0,0,0,0,0,0,371.291809,411.107697,458.460999,561.380554,462.371857,414.487885,371.068085,410.372406,457.64032,560.374573,461.681854,413.869904,369.877258,409.74704,456.943634,559.522644,462.506866,414.608978,370.081909,410.493225,457.775146,560.539734,463.204224,415.234497,38.948559,105501.044889,51.586328,191.227821,0,true,false,0.22213,-279.940732,0,0.0,0.0,1.0
12,3763,4.75,499.480575,103882.463621,499.551378,103196.561204,17471.422205,0.002275,0.000228,28.239901,0.009563,0.011709,-135.028061,1.0,0.0,0.0,0.0,0.0,0.0,0,0,0,0,0,0,0,0,0,0,0,0,0,0,0,371.29184,411.107727,458.461029,561.380615,462.371826,414.487854,371.068085,410.372375,457.64032,560.374512,461.681824,413.869873,369.877228,409.747009,456.943604,559.522583,462.506897,414.608978,370.081909,410.493256,457.775177,560.539795,463.204254,415.234528,40.305656,105501.044641,51.58653,189.870723,0,true,false,0.253528,-279.930732,0,0.0,0.0,1.0
12,3764,4.8,499.480216,-66581.943837,499.551342,-65896.112546,17470.411074,0.009007,0.000904,11.870908,0.009563,0.011709,-135.028061,1.0,0.0,0.0,0.0,0.0,0.0,0,0,0,0,0,0,0,0,0,0,0,0,0,0,0,371.292328,411.108032,458.461365,561.381042,462.371552,414.48761,371.068085,410.372162,457.640045,560.374207,461.681519,413.869568,369.87674,409.746735,456.943298,559.522217,462.507172,414.609222,370.081909,410.4935,457.775452,560.5401,463.204559,415.234802,41.316788,105501.044714,51.586471,188.859591,0,true,false,0.29082,-279.920732,0,0.0,0.0,1.0
12,3765,4.85,499.479576,103882.464261,499.551278,103196.561269,17470.05942,0.015746,0.001581,5.114315,0.009563,0.011709,-135.028061,1.0,0.0,0.0,0.0,0.0,0.0,0,0,0,0,0,0,0,0,0,0,0,0,0,0,0,371.293152,411.108551,458.461945,561.381714,462.371094,414.487183,371.068085,410.371735,457.639557,560.373596,461.680939,413.86908,369.875916,409.746216,456.942719,559.521484,462.507629,414.60965,370.081909,410.493927,457.775909,560.540649,463.205139,415.235321,41.668442,105501.04514,51.586123,188.507937,0,true,false,0.322214,-279.910732,0,0.0,0.0,1.0
12,3766,4.9,499.478648,-66581.942908,499.551185,-65896.112453,17469.774073,0.023129,0.002322,7.277994,0.009563,0.011709,-135.028061,1.0,0.0,0.0,0.0,0.0,0.0,0,0,0,0,0,0,0,0,0,0,0,0,0,0,0,371.294373,411.109283,458.462769,561.382751,462.370392,414.486572,371.068115,410.371124,457.638885,560.372803,461.680084,413.868317,369.874695,409.745453,456.941895,559.520508,462.508331,414.61026,370.081879,410.494537,457.776581,560.541504,463.205963,415.236053,41.953789,105501.045804,51.58558,188.222589,0,true,false,0.351715,-279.900732,0,0.0,0.0,1.0
12,3767,4.95,499.47733,103882.465578,499.551052,103196.561401,17469.218507,0.031639,0.003176,15.665105,0.009563,0.011709,-135.028061,1.0,0.0,0.0,0.0,0.0,0.0,0,0,0,0,0,0,0,0,0,0,0,0,0,0,0,371.296112,411.110352,458.463959,561.384216,462.369415,414.485718,371.068146,410.370239,457.637909,560.371582,461.678925,413.867249,369.872955,409.744415,456.940704,559.519043,462.509308,414.611115,370.081879,410.495392,457.777557,560.542725,463.207153,415.237122,42.509354,105501.046716,51.584835,187.667023,0,true,false,0.381682,-279.890732,0,0.0,0.0,1.0
12,3768,5.0,499.474976,-66581.940554,499.550816,-65896.112217,17467.554515,0.044395,0.004457,37.895178,0.009563,0.011709,-135.028061,1.0,0.0,0.0,0.0,0.0,0.0,0,0,0,0,0,0,0,0,0,0,0,0,0,0,0,371.299194,411.112244,458.466064,561.38678,462.367706,414.484161,371.068176,410.368713,457.6362,560.369446,461.676788,413.865356,369.869873,409.742493,456.938599,559.516479,462.511017,414.612671,370.081818,410.496948,457.779297,560.5448,463.20929,415.239014,44.173347,105501.048209,51.583616,186.003031,0,true,false,0.420522,-279.880732,0,0.0,0.0,1.0
12,3769,5.05,499.472551,103882.468003,499.550573,103196.561644,17465.048038,0.055716,0.005593,63.392226,0.009563,0.011709,-135.028061,1.0,0.0,0.0,0.0,0.0,0.0,0,0,0,0,0,0,0,0,0,0,0,0,0,0,0,371.302368,411.114197,458.468231,561.389465,462.365906,414.482574,371.068207,410.367096,457.634399,560.36731,461.674622,413.863403,369.866699,409.74054,456.936401,559.513794,462.512817,414.614288,370.081787,410.498535,457.781067,560.546997,463.211456,415.240967,46.679821,105501.049584,51.582493,183.496554,0,true,false,0.450973,-279.870732,0,0.0,0.0,1.0
12,3770,5.1,499.469582,-66581.937584,499.550275,-65896.111919,17461.128435,0.068263,0.006853,97.028349,0.009563,0.011709,-135.028061,1.0,0.0,0.0,0.0,0.0,0.0,0,0,0,0,0,0,0,0,0,0,0,0,0,0,0,371.306274,411.116577,458.470917,561.3927,462.363739,414.480621,371.068268,410.365143,457.632233,560.364624,461.671967,413.861023,369.862793,409.738159,456.933746,559.510498,462.514984,414.616241,370.081726,410.500488,457.783234,560.549683,463.214111,415.243378,50.599426,105501.051095,51.58126,179.57695,0,true,false,0.481165,-279.860732,0,0.0,0.0,1.0
12,3771,5.15,500.623641,103881.313943,500.706497,103195.405422,17455.674492,-37.446127,-37.478802,118.416647,0.009563,0.011709,-135.028061,1.0,0.0,1.0,0.0,0.0,0.0,0,0,0,0,0,0,0,0,0,0,0,0,0,0,0,369.674591,409.425568,456.585114,559.083557,462.361969,414.479034,369.696564,410.363586,457.630493,560.362488,463.558807,415.55249,371.494446,411.429169,458.81955,561.819641,462.516754,414.617798,371.45343,410.502075,457.785004,560.551819,461.32724,413.55191,56.053368,105499.416365,51.57984,174.12334,0,true,false,0.513234,-279.850732,0,0.0,0.0,1.0
12,3772,5.2,503.427328,-66584.741272,503.510901,-65898.916323,17449.369851,-74.468239,-74.473221,146.686234,0.009563,0.011709,-135.028061,1.0,0.0,1.0,0.0,0.0,0.0,0,0,0,0,0,0,0,0,0,0,0,0,0,0,0,365.711121,405.320709,452.007416,553.478271,462.36142,414.478516,366.370026,410.363098,457.629944,560.361816,468.139099,419.658417,375.457916,415.534058,463.397217,566.583984,462.517303,414.618317,374.779999,410.502563,457.785553,559.514526,456.746979,409.445953,62.358009,105495.449558,51.578443,167.81951,0,true,false,0.543155,-279.840732,0,0.0,0.0,1.0
12,3773,5.25,509.59468,103875.146591,509.677246,103189.239077,17439.15485,-124.690781,-124.658821,191.925705,0.009563,0.011709,-135.028061,1.0,0.0,1.0,0.0,0.0,0.0,0,0,0,0,0,0,0,0,0,0,0,0,0,0,0,356.992889,396.292999,441.93988,541.150635,462.362274,414.479309,367.412537,410.363922,457.630859,560.362915,478.212372,428.688507,384.176178,424.561737,473.464783,566.582947,462.516449,414.617554,382.094147,410.50174,457.784637,547.174805,446.673676,400.415863,72.573013,105486.726231,51.576589,157.60629,0,true,false,0.581303,-279.830732,0,0.0,0.0,1.0
12,3774,5.3,517.005699,-66592.15229,517.085739,-65906.324816,17428.472893,-168.863861,-168.799957,237.666489,0.009563,0.011709,-135.028061,1.0,0.0,1.0,0.0,0.0,0.0,0,0,0,0,0,0,0,0,0,0,0,0,0,0,0,346.516693,385.445801,429.843231,526.33844,462.36438,414.481201,379.909973,410.365875,457.633026,560.365601,490.315887,439.538574,394.652344,435.408936,485.561401,566.580322,462.514343,414.615662,390.8815,410.499817,457.782471,532.348022,434.57019,389.565826,83.254967,105476.245071,51.575025,146.926475,0,true,false,0.612759,-279.820732,0,0.0,0.0,1.0
12,3775,5.35,526.576882,103865.575408,526.65283,103179.671986,17415.434123,-214.876007,-214.779144,288.621338,0.009563,0.011709,-135.028061,1.0,0.0,1.0,0.0,0.0,0.0,0,0,0,0,0,0,0,0,0,0,0,0,0,0,0,332.98703,371.437469,414.221375,507.209625,462.367798,414.484253,396.050049,410.368988,457.636505,560.369873,505.946625,453.550598,408.182037,449.417297,501.183289,566.576172,462.510925,414.61261,396.562286,410.496704,457.778992,513.200317,418.939423,375.553772,96.293739,105462.709603,51.573467,133.89047,0,true,false,0.644028,-279.810732,0,0.0,0.0,1.0
12,3776,5.4,538.582564,-66604.157972,538.652717,-65918.324702,17399.485527,-264.572007,-264.440141,350.39804,0.009563,0.011709,-135.028061,1.0,0.0,1.0,0.0,0.0,0.0,0,0,0,0,0,0,0,0,0,0,0,0,0,0,0,316.016052,353.866486,394.626495,483.215912,462.37262,414.488586,400.312225,410.373383,457.641418,560.375854,525.552673,471.12619,425.152985,466.988251,520.778198,566.570251,462.506134,414.608276,396.558044,410.49231,457.774109,489.182983,399.333405,357.97818,112.242332,105445.731844,51.571914,117.945343,0,true,false,0.675555,-279.800732,0,0.0,0.0,1.0
12,3777,5.45,554.626035,103849.531938,554.687808,103163.636894,17378.36037,-321.187206,-321.015677,422.587041,0.009563,0.011709,-135.028061,1.0,0.0,1.0,0.0,0.0,0.0,0,0,0,0,0,0,0,0,0,0,0,0,0,0,0,293.337433,330.386475,368.441925,451.153168,462.379578,414.494812,400.318237,408.118256,457.648499,560.384521,551.752075,494.612427,447.831604,490.468292,546.962769,566.561768,462.499176,394.188599,396.551941,410.485962,457.767029,457.088684,373.133942,334.491943,133.367493,105423.044559,51.570255,96.824821,0,true,false,0.710095,-279.790732,0,0.0,0.0,1.0
12,3778,5.5,572.832402,-66622.364339,572.884163,-65936.521057,17354.249039,-379.628526,-379.416695,504.888243,0.009563,0.007539,-135.029358,1.0,0.0,1.0,0.0,-0.069993,-0.069993,0,0,0,0,0,0,0,0,0,0,0,0,0,0,0,267.596344,357.281677,21529.746094,572.665405,518.738586,40000.0,40000.0,379.289612,40000.0,719.863708,40000.0,40000.0,473.558563,40000.0,40000.0,40000.0,40000.0,386.394867,40000.0,40000.0,508.093506,40000.0,24300.087891,24612.439453,157.478821,105397.292248,53.965701,80.389163,0,true,false,0.742952,-279.780732,0,0.0,0.0,1.0
12,3779,5.55,593.54527,103828.819069,593.584869,103142.936188,17326.685948,-439.071206,-438.803694,589.902328,0.009563,-0.017054,-135.044449,1.0,0.0,1.0,0.0,-0.069993,-0.069993,0,0,0,0,0,0,0,0,0,0,0,0,0,0,0,238.26535,318.071106,21503.064453,40000.0,494.829376,40000.0,40000.0,399.379242,40000.0,40000.0,40000.0,40000.0,502.726135,40000.0,40000.0,40000.0,40000.0,407.101685,40000.0,40000.0,488.994019,40000.0,24273.367188,333.009216,185.041916,105367.954568,81.688311,98.062399,0,true,false,0.774957,-279.770732,0,0.0,0.0,1.0
12,3780,5.6,612.991553,-66641.810622,613.017613,-65955.953801,17300.389081,-489.646558,-489.279946,663.491669,0.009575,-0.061016,-135.06691,1.0,0.0,1.0,0.0,-0.139986,0.0,0,0,0,0,0,0,0,0,0,0,0,0,0,0,0,10942.09668,10434.400391,21477.830078,40000.0,40000.0,40000.0,40000.0,40000.0,40000.0,40000.0,40000.0,40000.0,40000.0,40000.0,40000.0,40000.0,40000.0,40000.0,40000.0,40000.0,40000.0,40000.0,24248.878906,24557.484375,211.338776,105340.344575,122.984136,152.589585,0,true,false,0.801483,-279.760732,0,0.0,0.0,1.0
12,3781,5.65,642.025089,103799.785533,642.023717,103113.930084,17260.57697,-561.981057,-561.377838,774.744028,0.009617,-0.23392,-135.091537,1.0,0.0,1.0,0.0,-0.786664,0.112381,0,0,0,0,0,0,0,0,0,0,0,0,0,0,0,10901.207031,10391.022461,21440.537109,40000.0,40000.0,40000.0,40000.0,40000.0,40000.0,40000.0,40000.0,40000.0,40000.0,40000.0,40000.0,40000.0,40000.0,40000.0,40000.0,40000.0,40000.0,40000.0,24211.863281,24518.052734,251.150894,105298.464604,168.154825,430.507048,0,true,false,0.836499,-279.750732,0,0.0,0.0,1.0
12,3782,5.7,675.270427,-66675.055961,675.226353,-65989.156437,17214.30582,-639.381134,-638.498812,895.365372,0.009384,-0.709782,-135.063446,1.0,0.0,1.0,0.0,-0.725061,0.197744,0,0,0,0,0,0,0,0,0,0,0,0,0,0,0,10854.890625,10344.557617,21400.472656,40000.0,40000.0,40000.0,40000.0,40000.0,40000.0,40000.0,40000.0,40000.0,40000.0,40000.0,40000.0,40000.0,40000.0,40000.0,40000.0,40000.0,40000.0,40000.0,24166.957031,24486.761719,297.422028,105244.91847,116.388779,1258.166214,0,true,false,0.871682,-279.740732,0,0.0,0.0,1.0
12,3783,5.75,703.287365,103771.768595,703.204229,103085.952208,17174.874781,-700.596525,-699.637926,989.429313,0.008448,-1.304907,-135.004608,1.0,0.0,1.0,0.0,-1.085935,0.135742,0,0,0,0,0,0,0,0,0,0,0,0,0,0,0,10817.125,10308.288086,21370.208984,40000.0,40000.0,40000.0,40000.0,40000.0,40000.0,40000.0,40000.0,40000.0,40000.0,40000.0,40000.0,40000.0,40000.0,40000.0,40000.0,40000.0,40000.0,40000.0,24129.697266,24496.576172,336.853088,105187.551381,8.169026,2310.90584,0,true,false,0.898286,-279.730732,0,0.0,0.0,1.0
12,3784,5.8,744.555015,-66716.32361,744.42752,-66030.379728,17116.325361,-787.858811,-787.220413,1121.459029,0.004089,-2.461928,-134.862717,1.0,0.0,1.0,0.0,-0.985849,0.19717,0,0,0,0,0,0,0,0,0,0,0,0,0,0,0,10765.597656,10261.371094,21335.462891,40000.0,40000.0,40000.0,40000.0,40000.0,40000.0,40000.0,40000.0,40000.0,40000.0,40000.0,40000.0,40000.0,40000.0,40000.0,40000.0,40000.0,40000.0,40000.0,24080.619141,24549.101562,395.402496,105063.379913,-252.187165,4373.397189,0,true,false,0.933598,-279.720732,0,0.0,0.0,1.0
12,3785,5.85,789.423571,103726.900039,789.298047,103041.081681,17052.404728,-878.413153,-879.00962,1251.374081,-0.008658,-4.030296,-134.623871,1.0,0.0,1.0,0.0,-1.340634,0.182814,0,0,0,0,0,0,0,0,0,0,0,0,0,0,0,10718.328125,10222.694336,21317.652344,40000.0,40000.0,40000.0,40000.0,40000.0,40000.0,40000.0,40000.0,40000.0,40000.0,40000.0,40000.0,40000.0,40000.0,40000.0,40000.0,40000.0,40000.0,40000.0,24041.671875,24671.976562,274.19635,104843.558433,-688.725666,7179.080846,0,true,false,0.967907,-279.710732,0,0.0,0.0,1.0
12,3786,5.9,840.054775,-66766.954814,840.061916,-66081.143597,16986.645548,-1015.770087,-1019.792043,1209.006894,-0.029891,-6.121274,-134.36702,0.0,0.0,1.0,0.0,-1.696054,-0.209979,0,0,0,0,0,0,0,0,0,0,0,0,0,0,0,10680.829102,10193.397461,21329.056641,40000.0,40000.0,40000.0,40000.0,40000.0,40000.0,40000.0,40000.0,40000.0,40000.0,40000.0,40000.0,40000.0,40000.0,40000.0,40000.0,40000.0,40000.0,40000.0,24034.693359,24842.890625,339.955536,104443.416669,-1154.481617,10926.686524,0,true,true,1.0,-279.700732,0,0.0,0.0,1.0
12,3787,5.95,889.012476,103677.942339,889.322376,102991.821222,16936.200567,-1134.741535,-1142.928098,1094.018038,-0.041615,-8.249582,-134.265625,0.0,0.0,1.0,0.0,-2.1948,-0.51212,0,0,0,0,0,0,0,0,0,0,0,0,0,0,0,10660.775391,10173.435547,21368.894531,40000.0,40000.0,40000.0,40000.0,40000.0,40000.0,40000.0,40000.0,40000.0,40000.0,40000.0,40000.0,40000.0,40000.0,40000.0,40000.0,40000.0,40000.0,40000.0,24063.566406,14096.96875,1008.581238,103901.915458,-1334.649446,14738.075312,0,true,true,1.0,-279.690732,0,0.0,0.0,1.0
12,3788,6.0,954.120521,-66832.062859,955.035613,-66146.856835,16882.306747,-1267.464715,-1280.509273,956.206554,-0.011702,-11.938197,-134.43306,0.0,0.0,1.0,0.0,-2.371825,-1.010222,0,0,0,0,0,0,0,0,0,0,0,0,0,0,0,10689.18457,10184.942383,21525.253906,40000.0,40000.0,40000.0,40000.0,40000.0,40000.0,40000.0,40000.0,40000.0,40000.0,40000.0,40000.0,40000.0,40000.0,40000.0,40000.0,40000.0,40000.0,40000.0,24273.796875,14172.464844,1062.475098,102662.630254,-1033.846807,21320.069184,0,true,true,1.0,-279.680732,0,0.0,0.0,1.0
12,3789,6.05,1009.992602,103622.070257,1011.51686,102935.339974,16845.464804,-1361.540666,-1376.493244,837.923087,0.079144,-15.237763,-134.833389,0.0,0.0,1.0,0.0,-1.76915,-0.605235,0,0,0,0,0,0,0,0,0,0,0,0,0,0,0,10757.243164,10223.908203,21741.921875,40000.0,40000.0,40000.0,40000.0,40000.0,40000.0,40000.0,40000.0,40000.0,40000.0,40000.0,40000.0,40000.0,40000.0,40000.0,40000.0,40000.0,40000.0,40000.0,24563.429688,25183.119141,1099.317017,101202.904455,-343.247704,27137.772211,0,true,true,1.0,-279.670732,0,0.0,0.0,1.0
12,3790,6.1,1090.27053,-66912.340788,1092.586216,-66227.92619,16804.390242,-1478.24471,-1491.244631,672.036003,0.284757,-20.042744,-135.534012,0.0,0.0,1.0,0.0,-1.060822,-0.048219,0,0,0,0,0,0,0,0,0,0,0,0,0,0,0,10929.31543,10343.263672,22203.650391,40000.0,40000.0,40000.0,40000.0,40000.0,40000.0,40000.0,40000.0,40000.0,40000.0,40000.0,40000.0,40000.0,40000.0,40000.0,40000.0,40000.0,40000.0,40000.0,25164.462891,25456.271484,972.210815,98477.077321,797.680046,35445.364722,0,true,true,1.0,-279.660732,0,0.0,0.0,1.0
12,3791,6.15,1174.23059,103538.110198,1177.037996,102850.888193,16773.740758,-1578.238806,-1584.297911,496.91881,0.530987,-24.699947,-136.197723,0.0,0.0,1.0,0.0,0.0,0.0,0,0,0,0,0,0,0,0,0,0,0,0,0,0,0,11173.469727,10531.386719,23095.322266,40000.0,40000.0,40000.0,40000.0,40000.0,40000.0,40000.0,40000.0,1554.127319,1477.812866,1532.415161,40000.0,40000.0,40000.0,40000.0,40000.0,40000.0,40000.0,40000.0,25950.855469,26174.470703,1002.860291,95162.360606,1782.51427,43252.837007,0,true,true,1.0,-279.650732,0,0.0,0.0,1.0
12,3792,6.2,1237.717428,-66975.827626,1240.573219,-66291.461412,16757.726801,-1642.0947,-1640.740923,364.960569,0.707974,-27.760048,-136.605362,0.0,0.0,1.0,0.0,0.332325,0.332325,0,0,0,0,0,0,0,0,0,0,0,0,0,0,0,11372.979492,10690.758789,23822.828125,40000.0,40000.0,40000.0,40000.0,40000.0,40000.0,40000.0,40000.0,1559.869995,1618.828003,1618.828003,40000.0,40000.0,40000.0,40000.0,40000.0,40000.0,40000.0,40000.0,26582.310547,26763.195312,3188.478516,92630.58704,2328.661813,48220.904889,0,true,true,1.0,-279.640732,0,0.0,0.0,1.0
12,3793,6.25,1327.272069,103448.555556,1329.661886,102761.799526,16744.513625,-1712.878361,-1699.428933,177.721744,0.935641,-31.519367,-137.071472,0.0,0.0,1.0,0.0,0.556175,0.0,0,0,0,0,0,0,0,0,0,0,0,0,0,0,0,11374.782227,10926.150391,24853.556641,40000.0,40000.0,40000.0,40000.0,40000.0,40000.0,40000.0,40000.0,1467.547241,1467.547241,1467.547241,2082.030518,40000.0,40000.0,40000.0,40000.0,40000.0,40000.0,40000.0,27496.794922,12274.742188,3201.69165,89147.834094,2886.006764,54120.962106,0,true,true,1.0,-279.630732,0,0.0,0.0,1.0
12,3794,6.3,1417.590094,-67066.14565,1418.863205,-66380.662731,16741.079855,-1781.079884,-1754.240089,0.29991,1.18586,-34.872192,-137.532257,0.0,0.0,1.0,0.0,0.584853,-0.041775,0,0,0,0,0,0,0,0,0,0,0,0,0,0,0,11296.063477,11175.461914,25954.769531,40000.0,40000.0,40000.0,40000.0,40000.0,40000.0,40000.0,1193.47522,1107.39978,1024.090088,1107.39978,1096.919189,40000.0,40000.0,40000.0,40000.0,40000.0,40000.0,40000.0,28469.572266,12677.880859,3035.523193,85703.44085,3378.971115,59175.835505,0,true,true,1.0,-279.620732,0,0.0,0.0,1.0
12,3795,6.35,1508.608924,103357.536725,1508.087428,102672.575303,16746.717223,-1828.20618,-1787.00544,-179.303664,1.484835,-37.705158,-138.04007,0.0,0.0,1.0,0.0,1.343478,-0.173352,0,0,0,0,0,0,0,0,0,0,0,0,0,0,0,11558.883789,11403.798828,27076.339844,40000.0,40000.0,40000.0,40000.0,40000.0,40000.0,40000.0,1958.907837,1220.201294,1161.852173,1195.687988,1262.919922,1683.922119,40000.0,40000.0,40000.0,40000.0,40000.0,40000.0,29323.632812,29321.792969,3029.885742,82538.34538,3881.50676,63277.810825,0,true,true,1.0,-279.610732,0,0.0,0.0,1.0
12,3796,6.4,1604.637196,-67162.173921,1601.457808,-66474.033111,16761.870641,-1868.364482,-1810.778055,-361.217454,1.884548,-39.896072,-138.679718,0.0,0.0,1.0,0.0,1.182399,-0.489268,0,0,0,0,0,0,0,0,0,0,0,0,0,0,0,11754.321289,11557.169922,27858.494141,40000.0,40000.0,40000.0,40000.0,40000.0,40000.0,40000.0,1745.234253,1447.24585,1373.843384,1408.221069,1594.156006,1780.890503,40000.0,40000.0,40000.0,40000.0,40000.0,40000.0,29966.888672,29907.826172,5000.0,79899.001724,4494.127581,66331.022393,0,true,true,1.0,-279.600732,0,0.0,0.0,1.0
12,3797,6.45,1698.777455,103263.396466,1692.180339,102581.852772,16785.016079,-1908.317702,-1832.493921,-528.430653,2.438584,-41.531841,-139.531372,0.0,0.0,1.0,0.0,0.735027,-0.294011,0,0,0,0,0,0,0,0,0,0,0,0,0,0,0,11886.667969,11636.073242,28258.052734,39537.789062,40000.0,40000.0,40000.0,40000.0,40000.0,40000.0,1917.575806,1618.359741,1584.688721,1616.703613,1760.921387,40000.0,40000.0,40000.0,40000.0,40000.0,40000.0,40000.0,30774.205078,30474.966797,5000.0,77782.357073,5294.408799,68545.949783,0,true,true,1.0,-279.590732,0,0.0,0.0,1.0
12,3798,6.5,1792.966639,-67256.363105,1782.037565,-66563.890337,16815.745366,-1939.561146,-1842.731668,-688.04653,3.140551,-42.74295,-140.579407,0.0,0.0,1.0,0.0,0.820173,-0.388503,0,0,0,0,0,0,0,0,0,0,0,0,0,0,0,11960.501953,11703.246094,28514.03125,38579.421875,40000.0,40000.0,40000.0,40000.0,40000.0,40000.0,2163.172119,1580.843506,1663.502441,1663.502441,1415.707886,40000.0,40000.0,40000.0,40000.0,40000.0,40000.0,40000.0,32035.373047,30397.865234,5000.0,76083.10278,6253.804327,70156.207998,0,true,true,1.0,-279.580732,0,0.0,0.0,1.0
12,3799,6.55,1885.793337,103170.569768,1869.525066,102494.365271,16853.331466,-1950.976068,-1831.368183,-837.809156,3.668933,-43.417885,-141.354568,0.0,0.0,1.0,0.0,0.0,0.0,0,0,0,0,0,0,0,0,0,0,0,0,0,0,0,11935.477539,11766.587891,28689.849609,38041.792969,40000.0,40000.0,40000.0,40000.0,40000.0,40000.0,40000.0,1498.643311,1458.074829,1460.367798,1468.549194,40000.0,40000.0,40000.0,40000.0,40000.0,40000.0,40000.0,38041.792969,30218.259766,5000.0,75032.522424,6941.672191,71029.019855,0,true,true,1.0,-279.570732,0,0.0,0.0,1.0
12,3800,6.6,1983.086434,-67353.656202,1960.102676,-66654.467948,16898.861306,-1993.407255,-1846.459755,-981.395379,4.204983,-44.07399,-142.130936,0.0,0.0,1.0,0.0,0.0,0.0,0,0,0,0,0,0,0,0,0,0,0,0,0,0,0,11901.949219,11824.688477,12297.112305,37523.917969,40000.0,40000.0,40000.0,40000.0,40000.0,40000.0,40000.0,1663.536987,1575.368408,1588.620605,1682.070923,40000.0,40000.0,40000.0,40000.0,40000.0,40000.0,40000.0,37523.917969,30041.953125,5000.0,73975.744295,7604.839195,71870.812768,0,true,true,1.0,-279.560732,0,0.0,0.0,1.0
12,3801,6.65,2081.535092,103072.12111,2050.503789,102403.964158,16951.178411,-2017.175253,-1842.567157,-1117.548255,4.611695,-44.553761,-142.71373,0.0,0.0,1.0,0.0,0.0,0.0,0,0,0,0,0,0,0,0,0,0,0,0,0,0,0,11827.834961,11775.800781,12162.669922,37128.894531,40000.0,40000.0,40000.0,40000.0,40000.0,40000.0,40000.0,1936.998047,1779.513794,1788.41748,2599.67334,40000.0,40000.0,40000.0,40000.0,40000.0,40000.0,40000.0,37128.894531,29884.849609,5000.0,73149.132862,8084.540786,72469.752633,0,true,true,1.0,-279.550732,0,0.0,0.0,1.0
12,3802,6.7,2181.873304,-67453.994413,2141.343227,-66745.307385,17010.391582,-2040.065583,-1837.10429,-1246.497596,4.917732,-44.905033,-143.148911,0.0,0.0,1.0,0.0,0.0,0.0,0,0,0,0,0,0,0,0,0,0,0,0,0,0,0,11720.634766,11645.736328,11996.151367,36815.929688,40000.0,40000.0,40000.0,40000.0,40000.0,40000.0,40000.0,2740.969238,1985.057861,1989.852539,2740.969238,40000.0,40000.0,40000.0,40000.0,40000.0,40000.0,40000.0,36815.929688,29738.251953,5000.0,72494.839892,8431.773166,72893.651944,0,true,true,1.0,-279.540732,0,0.0,0.0,1.0
12,3803,6.75,2284.847853,102969.14656,2233.243954,102312.063431,17076.803442,-2061.883503,-1830.405504,-1369.197435,5.144094,-45.159668,-143.469025,0.0,0.0,1.0,0.0,0.0,0.0,0,0,0,0,0,0,0,0,0,0,0,0,0,0,0,11585.608398,11494.626953,11815.05957,36559.199219,40000.0,40000.0,40000.0,40000.0,40000.0,40000.0,40000.0,2464.383545,2193.112305,2194.113281,2464.383545,40000.0,40000.0,40000.0,40000.0,40000.0,40000.0,40000.0,36559.199219,29596.810547,5000.0,71971.726251,8680.18143,73187.219859,0,true,true,1.0,-279.530732,0,0.0,0.0,1.0
12,3804,6.8,2386.255129,-67555.40169,2322.50245,-66834.565881,17147.205088,-2081.851677,-1823.20844,-1481.006689,5.338581,-45.236366,-143.743027,0.0,0.0,1.0,0.0,0.855716,-0.213929,0,0,0,0,0,0,0,0,0,0,0,0,0,0,0,11416.428711,11312.494141,11605.470703,36411.472656,40000.0,40000.0,40000.0,40000.0,40000.0,40000.0,40000.0,2582.166016,2391.368408,2388.500244,2547.63501,40000.0,40000.0,40000.0,40000.0,40000.0,40000.0,40000.0,36411.472656,29388.208984,5000.0,71678.353303,8904.915375,73258.321817,0,true,true,1.0,-279.520732,0,0.0,0.0,1.0
12,3805,6.85,2493.607108,102861.794582,2407.083791,102227.48209,17222.178434,-2185.489083,-1614.92468,-1509.755461,5.604848,-44.873455,-144.118713,0.0,-1.0,1.0,0.0,1.237383,-0.390752,0,0,0,0,0,0,0,0,0,0,0,0,0,0,0,11162.798828,11042.141602,11300.422852,36536.128906,40000.0,40000.0,40000.0,40000.0,40000.0,40000.0,40000.0,2783.137207,2572.6521,2564.260986,2730.105225,40000.0,40000.0,40000.0,40000.0,40000.0,40000.0,40000.0,36536.128906,28898.896484,5000.0,71909.5823,9277.861714,72793.427187,0,true,true,1.0,-279.510732,0,0.0,0.0,1.0
12,3806,6.9,2613.407066,-67675.201647,2486.091099,-66913.57319,17303.450993,-2290.976632,-1410.778316,-1535.970332,5.968005,-43.806198,-144.636322,0.0,-1.0,1.0,0.0,1.846101,-0.22377,0,0,0,0,0,0,0,0,0,0,0,0,0,0,0,10781.667969,10639.683594,10854.163086,37121.871094,37121.871094,40000.0,40000.0,40000.0,40000.0,40000.0,40000.0,2958.44165,2727.594727,2711.413574,2879.53418,40000.0,40000.0,40000.0,40000.0,40000.0,40000.0,40000.0,37121.871094,27908.898438,5000.0,72960.299392,9887.59888,71457.105385,0,true,true,1.0,-279.500732,0,0.0,0.0,1.0
12,3807,6.95,2737.02054,102738.181107,2554.025904,102159.547285,17384.84016,-2386.84192,-1223.274613,-1553.924983,6.285027,-42.062111,-145.098114,0.0,-1.0,1.0,0.0,1.755736,0.0,0,0,0,0,0,0,0,0,0,0,0,0,0,0,0,10311.34082,10153.945312,10328.755859,25767.615234,38235.246094,40000.0,40000.0,40000.0,40000.0,40000.0,40000.0,3088.042725,2840.448486,2816.891602,2964.67041,40000.0,40000.0,40000.0,40000.0,40000.0,40000.0,40000.0,38235.246094,26349.177734,5000.0,74793.857686,10577.449152,69233.887373,0,true,true,1.0,-279.490732,0,0.0,0.0,1.0
12,3808,7.0,2864.914622,-67803.095729,2612.384389,-66971.931674,17466.455576,-2481.77009,-1054.052575,-1564.289558,6.479442,-39.84021,-145.390625,0.0,-1.0,1.0,0.0,0.702072,0.117012,0,0,0,0,0,0,0,0,0,0,0,0,0,0,0,9806.02832,9643.277344,9788.994141,24768.953125,39855.765625,40000.0,40000.0,40000.0,40000.0,40000.0,40000.0,3182.887207,2923.347412,2894.575928,3113.237549,40000.0,40000.0,40000.0,40000.0,40000.0,40000.0,40000.0,39855.765625,25586.75,5000.0,77130.286399,11220.95601,66312.997721,0,true,true,1.0,-279.480732,0,0.0,0.0,1.0
12,3809,7.05,2974.902991,102628.192738,2654.355882,102117.575792,17534.550133,-2555.778923,-923.342718,-1566.065271,6.552869,-38.031536,-145.504837,0.0,-1.0,1.0,0.0,0.490844,0.109076,0,0,0,0,0,0,0,0,0,0,0,0,0,0,0,9424.552734,9263.243164,9392.740234,24041.830078,40000.0,40000.0,40000.0,40000.0,40000.0,40000.0,40000.0,3248.992676,2989.512451,2958.066162,3803.013428,40000.0,40000.0,40000.0,40000.0,40000.0,40000.0,40000.0,38754.421875,24249.871094,5000.0,78970.011917,11648.744897,63863.293903,0,true,true,1.0,-279.470732,0,0.0,0.0,1.0
12,3810,7.1,3112.147551,-67940.34029,2698.10005,-67015.675843,17616.719681,-2646.421286,-780.229623,-1561.658248,6.594631,-35.581127,-145.571304,0.0,-1.0,1.0,0.0,0.139986,0.0,0,0,0,0,0,0,0,0,0,0,0,0,0,0,0,8969.232422,8813.03418,8928.288086,23174.363281,40000.0,40000.0,40000.0,40000.0,40000.0,40000.0,40000.0,3324.47168,3056.035889,2993.852783,3781.149414,40000.0,40000.0,40000.0,40000.0,40000.0,40000.0,40000.0,37403.265625,22929.539062,5000.0,81375.737127,12156.490588,60453.473093,0,true,true,1.0,-279.460732,0,0.0,0.0,1.0
12,3811,7.15,3251.716165,102488.624125,2735.03018,102080.645663,17697.491059,-2710.276388,-707.149241,-1567.369578,6.613217,-33.394802,-145.601791,0.0,0.0,1.0,0.0,0.069993,0.0,0,0,0,0,0,0,0,0,0,0,0,0,0,0,0,9072.606445,9072.606445,8539.124023,22475.287109,40000.0,40000.0,40000.0,40000.0,40000.0,40000.0,40000.0,3410.813965,3129.328125,3094.064697,40000.0,40000.0,40000.0,40000.0,40000.0,40000.0,40000.0,40000.0,36322.496094,21867.316406,5000.0,83387.751293,12601.900838,57330.019842,0,true,true,1.0,-279.450732,0,0.0,0.0,1.0
12,3812,7.2,3392.058432,-68080.682556,2774.613309,-67055.258972,17780.126397,-2724.608528,-802.001804,-1618.510272,6.625583,-31.722887,-145.623337,0.0,0.0,1.0,0.0,0.0,0.0,0,0,0,0,0,0,0,0,0,0,0,0,0,0,0,8937.882812,8780.112305,8223.753906,22089.375,40000.0,40000.0,40000.0,40000.0,40000.0,40000.0,40000.0,3514.334961,3223.953369,3186.865967,40000.0,40000.0,40000.0,40000.0,40000.0,40000.0,40000.0,40000.0,38028.621094,21084.294922,5000.0,84804.346035,12957.353653,54896.182521,0,true,true,1.0,-279.440732,0,0.0,0.0,1.0
12,3813,7.25,3536.140095,102344.542461,2819.917063,102035.341909,17866.893807,-2734.271464,-891.731096,-1657.983926,6.639933,-30.436001,-145.650345,0.0,0.0,1.0,0.0,0.368183,-0.306819,0,0,0,0,0,0,0,0,0,0,0,0,0,0,0,8661.177734,8507.257812,7949.069824,21833.65625,40000.0,40000.0,40000.0,40000.0,40000.0,40000.0,40000.0,3640.159424,3321.965332,3299.665283,40000.0,40000.0,40000.0,40000.0,40000.0,40000.0,40000.0,40000.0,39301.375,20612.589844,5000.0,85797.659883,13256.157771,53001.892361,0,true,true,1.0,-279.430732,0,0.0,0.0,1.0
12,3814,7.3,3645.963674,-68190.506135,2857.390459,-67092.732368,17933.963504,-2745.369556,-956.990451,-1682.262453,6.306756,-29.414658,-145.772919,0.0,0.0,1.0,-1.0,0.349965,-0.559944,0,0,0,0,0,0,0,0,0,0,0,0,0,0,0,8455.25,8300.249023,7737.057129,21667.183594,40000.0,40000.0,40000.0,40000.0,40000.0,40000.0,40000.0,3739.488037,3386.094971,3385.35083,40000.0,40000.0,40000.0,40000.0,40000.0,40000.0,40000.0,40000.0,40000.0,20247.994141,5000.0,86528.568124,13977.790831,51405.801514,0,true,true,1.0,-279.420732,0,0.0,0.0,1.0
12,3815,7.35,3793.099998,102197.406137,2911.243978,101981.48839,18024.590927,-2765.012458,-1039.86923,-1707.08476,5.083495,-27.980408,-146.174332,0.0,0.0,1.0,-1.0,0.161481,-0.403704,0,0,0,0,0,0,0,0,0,0,0,0,0,0,0,8188.819336,8023.831543,7445.828125,21510.408203,40000.0,40000.0,40000.0,40000.0,40000.0,40000.0,40000.0,3863.968994,3527.321045,3498.919189,40000.0,40000.0,40000.0,40000.0,40000.0,40000.0,40000.0,40000.0,40000.0,19682.509766,5000.0,87441.918584,16002.738432,48931.567727,0,true,true,1.0,-279.410732,0,0.0,0.0,1.0
12,3816,7.4,3936.892022,-68334.298159,2967.490806,-67148.979197,18113.464963,-2782.313223,-1112.43611,-1721.084351,2.983259,-26.541168,-146.73616,0.0,0.0,1.0,-1.0,0.279972,-0.139986,0,0,0,0,0,0,0,0,0,0,0,0,0,0,0,7939.651855,7759.478027,7255.679199,8099.856934,40000.0,40000.0,40000.0,40000.0,40000.0,40000.0,40000.0,4015.215088,3651.811523,3603.451172,40000.0,40000.0,40000.0,40000.0,40000.0,40000.0,40000.0,40000.0,40000.0,19109.830078,5000.0,88245.879827,18908.801943,46077.512137,0,true,true,1.0,-279.400732,0,0.0,0.0,1.0
12,3817,7.45,4087.623158,102046.675001,3029.832019,101919.147177,18206.428039,-2809.439481,-1183.974658,-1729.040502,-0.024827,-25.09684,-147.380646,0.0,0.0,1.0,-1.0,0.279972,0.0,0,0,0,0,0,0,0,0,0,0,0,0,0,0,0,7693.604492,7496.57373,7102.489746,7750.339844,40000.0,40000.0,40000.0,40000.0,40000.0,40000.0,40000.0,4747.46582,3777.80127,3694.692139,40000.0,40000.0,40000.0,40000.0,40000.0,40000.0,40000.0,40000.0,40000.0,18541.976562,5000.0,88945.590165,22441.47566,42694.550753,0,true,true,1.0,-279.390732,0,0.0,0.0,1.0
12,3818,7.5,4210.205187,-68456.880188,3082.75204,-67201.899217,18281.545151,-2826.205471,-1234.001453,-1727.848624,-2.87583,-24.023806,-147.90242,0.0,0.0,1.0,-1.0,0.069993,0.0,0,0,0,0,0,0,0,0,0,0,0,0,0,0,0,7505.474121,7295.583984,6986.914551,7483.08252,40000.0,40000.0,40000.0,40000.0,40000.0,40000.0,40000.0,4883.25,3880.946289,3799.74707,40000.0,40000.0,40000.0,40000.0,40000.0,40000.0,40000.0,40000.0,40000.0,18120.576172,5000.0,89388.352836,25366.505728,39738.562271,0,true,true,1.0,-279.380732,0,0.0,0.0,1.0
12,3819,7.55,4389.886403,101866.993785,3163.380257,101838.51896,18390.391601,-2847.094307,-1296.476346,-1716.883235,-7.483586,-22.667408,-148.653305,0.0,0.0,1.0,-1.0,0.0,0.0,0,0,0,0,0,0,0,0,0,0,0,0,0,0,0,10226.732422,7021.306641,6832.197754,7118.365234,40000.0,40000.0,40000.0,40000.0,40000.0,40000.0,40000.0,5087.432129,3628.394287,3997.540771,40000.0,40000.0,40000.0,40000.0,40000.0,40000.0,40000.0,40000.0,40000.0,17568.716797,5000.0,89820.614202,29487.238009,35197.09177,0,true,true,1.0,-279.370732,0,0.0,0.0,1.0
12,3820,7.6,4506.873431,-68573.867216,3217.448394,-67255.967354,18460.08931,-2886.66569,-1343.437175,-1712.685142,-10.660888,-21.854446,-149.179199,0.0,0.0,1.0,0.0,0.0,0.0,0,0,0,0,0,0,0,0,0,0,0,0,0,0,0,10167.717773,6850.584473,6738.569336,6889.384766,40000.0,40000.0,40000.0,40000.0,40000.0,40000.0,40000.0,40000.0,3736.342041,4120.185547,40000.0,40000.0,40000.0,40000.0,40000.0,40000.0,40000.0,40000.0,40000.0,17224.787109,5000.0,90002.472317,32038.034182,32016.406749,0,true,true,1.0,-279.360732,0,0.0,0.0,1.0
12,3821,7.65,4662.818923,101711.048293,3291.13584,101764.831514,18551.465351,-2921.768649,-1392.151942,-1698.781085,-13.933377,-21.050802,-149.769958,0.0,0.0,1.0,0.0,-0.069993,0.0,0,0,0,0,0,0,0,0,0,0,0,0,0,0,0,10084.976562,6640.032227,6622.894531,6612.295898,40000.0,40000.0,40000.0,40000.0,40000.0,40000.0,40000.0,40000.0,3889.17749,4296.016602,40000.0,40000.0,40000.0,40000.0,40000.0,40000.0,40000.0,40000.0,40000.0,17120.578125,5000.0,90074.054751,34479.336665,28590.511305,0,true,true,1.0,-279.350732,0,0.0,0.0,1.0
12,3822,7.7,4783.297674,-68694.345968,3349.11685,-67313.948364,18620.79994,-2946.232696,-1424.451983,-1685.546602,-16.222855,-20.548492,-150.215454,0.0,0.0,1.0,0.0,-0.209979,-0.139986,0,0,0,0,0,0,0,0,0,0,0,0,0,0,0,10002.783203,6484.47168,6538.609863,6408.227051,40000.0,40000.0,40000.0,40000.0,40000.0,40000.0,40000.0,40000.0,4012.500732,4851.546387,40000.0,40000.0,40000.0,40000.0,40000.0,40000.0,40000.0,40000.0,40000.0,17071.417969,5000.0,90041.168597,36090.106517,26164.323125,0,true,true,1.0,-279.340732,0,0.0,0.0,1.0
12,3823,7.75,4945.705137,101548.640831,3428.426414,101685.52195,18712.461779,-2974.951932,-1460.621123,-1665.224412,-19.116634,-20.03783,-150.844727,0.0,0.0,1.0,0.0,-0.349965,-0.349965,0,0,0,0,0,0,0,0,0,0,0,0,0,0,0,20651.136719,6283.547852,6433.486816,6142.92627,40000.0,40000.0,40000.0,40000.0,40000.0,40000.0,40000.0,40000.0,4171.704102,5018.027344,40000.0,40000.0,40000.0,40000.0,40000.0,40000.0,40000.0,40000.0,40000.0,17037.777344,5000.0,89862.807252,38086.2056,23122.84604,0,true,true,1.0,-279.330732,0,0.0,0.0,1.0
12,3824,7.8,5108.415362,-68857.056193,3508.887307,-67394.409257,18802.221091,-3010.515064,-1494.324983,-1646.02548,-21.823719,-19.743565,-151.552475,0.0,0.0,1.0,0.0,-0.238613,-0.357919,0,0,0,0,0,0,0,0,0,0,0,0,0,0,0,20411.328125,6092.471191,6240.286133,5885.853027,40000.0,40000.0,40000.0,40000.0,40000.0,40000.0,40000.0,40000.0,4409.373047,5192.760742,40000.0,40000.0,40000.0,40000.0,40000.0,40000.0,40000.0,40000.0,40000.0,19326.15625,5000.0,89499.599097,40034.865831,20335.168109,0,true,true,1.0,-279.320732,0,0.0,0.0,1.0
12,3825,7.85,5236.257575,101420.798618,3572.599451,101621.809806,18871.346585,-3032.372867,-1513.861669,-1630.052345,-23.731974,-19.658922,-152.133148,0.0,0.0,1.0,0.0,-0.219628,-0.366046,0,0,0,0,0,0,0,0,0,0,0,0,0,0,0,20234.900391,5948.677734,6076.635254,5772.016602,6829.005371,40000.0,40000.0,40000.0,40000.0,40000.0,40000.0,40000.0,4571.095703,5335.639648,40000.0,40000.0,40000.0,40000.0,40000.0,40000.0,40000.0,40000.0,40000.0,19409.101562,5000.0,89104.472216,41491.224111,18400.525142,0,true,true,1.0,-279.310732,0,0.0,0.0,1.0
12,3826,7.9,5399.336219,-69020.134837,3654.237514,-67476.04732,18957.805164,-3067.028285,-1537.185406,-1612.680626,-26.127552,-19.717287,-152.962006,0.0,0.0,1.0,0.0,-0.312276,-0.312276,0,0,0,0,0,0,0,0,0,0,0,0,0,0,0,20032.613281,5772.419434,5874.032715,5680.321777,6500.40332,40000.0,40000.0,40000.0,40000.0,40000.0,40000.0,40000.0,4786.965332,5092.080566,40000.0,40000.0,40000.0,40000.0,40000.0,40000.0,40000.0,40000.0,40000.0,19588.429688,5000.0,88443.642261,43440.365424,16006.837489,0,true,true,1.0,-279.300732,0,0.0,0.0,1.0
12,3827,7.95,5565.341395,101254.793442,3737.479961,101538.567359,19044.028435,-3095.407137,-1551.962823,-1596.030783,-28.370918,-19.977787,-153.818832,0.0,0.0,1.0,0.0,-0.246936,-0.308669,0,0,0,0,0,0,0,0,0,0,0,0,0,0,0,19856.138672,5600.869629,5677.007324,5594.781738,6182.080566,40000.0,40000.0,40000.0,40000.0,40000.0,40000.0,40000.0,5016.847656,5263.382324,40000.0,40000.0,40000.0,40000.0,40000.0,40000.0,40000.0,40000.0,40000.0,19791.236328,5000.0,87627.431339,45393.401848,13846.772789,0,true,true,1.0,-279.290732,0,0.0,0.0,1.0
12,3828,8.0,5691.389564,-69146.183007,3800.604021,-67539.17138,19108.426694,-3115.668555,-1559.106293,-1585.370417,-29.963472,-20.287197,-154.460754,0.0,0.0,1.0,0.0,-0.222242,-0.296322,0,0,0,0,0,0,0,0,0,0,0,0,0,0,0,19739.357422,5474.758789,5532.793457,5534.052246,5951.367188,40000.0,40000.0,40000.0,40000.0,40000.0,40000.0,40000.0,5197.625977,5396.032715,40000.0,40000.0,40000.0,40000.0,40000.0,40000.0,40000.0,40000.0,40000.0,19741.113281,5000.0,86933.242101,46843.990287,12362.351817,0,true,true,1.0,-279.280732,0,0.0,0.0,1.0
12,3829,8.05,5864.263321,101081.919686,3886.848286,101452.323094,19195.464894,-3144.235973,-1565.194885,-1574.418168,-31.975079,-20.791409,-155.290848,0.0,0.0,1.0,0.0,-0.069993,-0.069993,0,0,0,0,0,0,0,0,0,0,0,0,0,0,0,19594.179688,5304.486328,5340.271484,5453.24707,5649.495605,40000.0,40000.0,40000.0,40000.0,40000.0,40000.0,40000.0,5451.131348,5583.53418,40000.0,40000.0,40000.0,40000.0,40000.0,40000.0,40000.0,40000.0,40000.0,19665.753906,5000.0,85943.131993,48703.910418,10504.923043,0,true,true,1.0,-279.270732,0,0.0,0.0,1.0
12,3830,8.1,6025.191635,-69307.111321,3966.610852,-67618.933946,19275.326225,-3176.903091,-1570.087584,-1569.141054,-33.819729,-21.309624,-156.040131,0.0,0.0,1.0,0.0,-0.069993,0.0,0,0,0,0,0,0,0,0,0,0,0,0,0,0,0,19441.722656,5147.644531,5164.572754,5380.225586,5378.880859,40000.0,40000.0,40000.0,40000.0,40000.0,40000.0,40000.0,5666.716797,5815.397949,40000.0,40000.0,40000.0,40000.0,40000.0,40000.0,40000.0,40000.0,40000.0,19603.806641,5000.0,84986.608425,50355.543233,8771.852499,0,true,true,1.0,-279.260732,0,0.0,0.0,1.0
12,3831,8.15,6201.064207,100906.047114,4053.008583,101365.925363,19361.679248,-3191.39667,-1561.847104,-1562.912261,-35.314682,-21.756254,-156.629395,0.0,0.0,1.0,0.0,0.0,0.0,0,0,0,0,0,0,0,0,0,0,0,0,0,0,0,19105.935547,4969.656738,4972.503906,5291.526855,5113.767578,6636.803223,40000.0,40000.0,40000.0,40000.0,40000.0,40000.0,5986.48877,6055.490234,40000.0,40000.0,40000.0,40000.0,40000.0,40000.0,40000.0,40000.0,40000.0,19501.738281,5000.0,84137.471161,51634.314728,7344.309891,0,true,true,1.0,-279.250732,0,0.0,0.0,1.0
12,3832,8.2,6326.044713,-69432.091827,4113.864279,-67679.789642,19422.515708,-3220.332039,-1564.020089,-1563.858556,-36.161991,-22.016804,-156.957565,0.0,0.0,1.0,0.0,0.0,0.0,0,0,0,0,0,0,0,0,0,0,0,0,0,0,0,18893.373047,4840.164062,4835.631348,5184.09375,5048.922363,6388.053711,40000.0,40000.0,40000.0,40000.0,40000.0,40000.0,6648.974121,6216.692383,40000.0,40000.0,40000.0,40000.0,40000.0,40000.0,40000.0,40000.0,40000.0,19413.640625,5000.0,83619.535647,52333.626971,6521.473058,0,true,true,1.0,-279.240732,0,0.0,0.0,1.0
12,3833,8.25,6495.197844,100736.893983,4195.467657,101284.321985,19504.32761,-3238.057594,-1555.773151,-1562.873083,-37.013138,-22.283237,-157.283417,0.0,0.0,1.0,0.0,0.0,0.0,0,0,0,0,0,0,0,0,0,0,0,0,0,0,0,18634.671875,4660.512207,4649.203125,4976.243652,4948.547363,6043.894531,40000.0,40000.0,40000.0,40000.0,40000.0,40000.0,6884.07666,6419.726562,40000.0,40000.0,40000.0,40000.0,40000.0,40000.0,40000.0,40000.0,40000.0,19271.386719,5000.0,83042.537612,53016.262226,5685.198202,0,true,true,1.0,-279.230732,0,0.0,0.0,1.0
12,3834,8.3,6676.245722,-69613.139705,4281.825779,-67766.147764,19591.383532,-3262.038836,-1549.252412,-1564.411871,-37.771515,-22.484169,-157.46579,0.0,0.0,1.0,0.0,-0.139986,0.349965,0,0,0,0,0,0,0,0,0,0,0,0,0,0,0,18399.490234,4463.602539,4448.996094,4757.719727,4838.963867,5698.886719,40000.0,40000.0,40000.0,40000.0,40000.0,40000.0,7124.511719,6614.265137,40000.0,40000.0,40000.0,40000.0,40000.0,40000.0,40000.0,40000.0,40000.0,19090.972656,5000.0,82580.932526,53458.086807,5008.176985,0,true,true,1.0,-279.220732,0,0.0,0.0,1.0
12,3835,8.35,6813.044922,100600.094783,4346.429997,101219.717767,19656.865339,-3276.246592,-1543.009133,-1565.669502,-38.355797,-22.596561,-157.482681,0.0,0.0,1.0,0.0,-0.069993,0.279972,0,0,0,0,0,0,0,0,0,0,0,0,0,0,0,18253.119141,4312.302734,4297.881836,4595.730469,4755.245117,5453.262207,40000.0,40000.0,40000.0,40000.0,40000.0,40000.0,7256.097656,6781.656738,40000.0,40000.0,40000.0,40000.0,40000.0,40000.0,40000.0,40000.0,40000.0,18937.060547,5000.0,82333.434604,53620.754588,4576.143477,0,true,true,1.0,-279.210732,0,0.0,0.0,1.0
12,3836,8.4,6993.260554,-69793.355337,4430.762277,-67850.480043,19742.78263,-3290.258181,-1533.962307,-1567.299244,-39.128448,-22.719391,-157.427673,0.0,0.0,1.0,0.0,0.0,0.069993,0,0,0,0,0,0,0,0,0,0,0,0,0,0,0,18079.265625,4111.662598,4098.971191,4384.20459,4644.741211,5138.248047,40000.0,40000.0,40000.0,40000.0,40000.0,40000.0,6996.621094,7019.332031,40000.0,40000.0,40000.0,40000.0,40000.0,40000.0,40000.0,40000.0,40000.0,18723.230469,5000.0,82072.359233,53725.735507,4062.821935,0,true,true,1.0,-279.200732,0,0.0,0.0,1.0
12,3837,8.45,7167.004928,100426.350409,4511.321132,101139.158911,19825.307197,-3311.644546,-1530.683668,-1571.071842,-39.845417,-22.821011,-157.272156,0.0,0.0,1.0,0.0,-0.069993,0.069993,0,0,0,0,0,0,0,0,0,0,0,0,0,0,0,17938.828125,3917.069336,3907.761719,4182.867188,4538.250488,4844.698242,40000.0,40000.0,40000.0,40000.0,40000.0,40000.0,7201.603516,7218.773438,40000.0,40000.0,40000.0,40000.0,40000.0,40000.0,40000.0,40000.0,40000.0,18505.091797,5000.0,81895.656739,53699.854241,3696.115075,0,true,true,1.0,-279.190732,0,0.0,0.0,1.0
12,3838,8.5,7346.842046,-69973.192455,4594.04495,-67933.203861,19910.529745,-3326.64482,-1526.138195,-1574.250371,-40.509533,-22.901213,-157.034622,0.0,0.0,1.0,0.0,0.0,0.069993,0,0,0,0,0,0,0,0,0,0,0,0,0,0,0,17811.574219,3714.701172,3709.945312,3975.749268,4427.802734,4584.433594,40000.0,40000.0,40000.0,40000.0,40000.0,40000.0,7411.129395,7422.351562,40000.0,40000.0,40000.0,40000.0,40000.0,40000.0,40000.0,40000.0,40000.0,18269.34375,5000.0,81775.706095,53566.773474,3455.443608,0,true,true,1.0,-279.180732,0,0.0,0.0,1.0
12,3839,8.55,7492.667398,100280.525057,4660.719945,101072.483917,19979.554325,-3323.665096,-1517.303227,-1574.337449,-40.990551,-22.940161,-156.81282,0.0,0.0,1.0,0.0,0.0,0.209979,0,0,0,0,0,0,0,0,0,0,0,0,0,0,0,17712.753906,3548.874268,3549.108154,3807.570312,4337.82373,4495.931641,40000.0,40000.0,40000.0,40000.0,40000.0,40000.0,7577.46582,7585.320801,40000.0,40000.0,40000.0,40000.0,40000.0,40000.0,40000.0,40000.0,40000.0,18072.673828,5000.0,81712.296218,53403.162959,3323.011397,0,true,true,1.0,-279.170732,0,0.0,0.0,1.0
12,3840,8.6,7644.469539,-70124.994597,4729.82318,-68002.307097,20051.361579,-3347.437631,-1521.957733,-1579.611486,-41.470013,-22.943483,-156.54715,0.0,0.0,1.0,0.0,0.0,0.139986,0,0,0,0,0,0,0,0,0,0,0,0,0,0,0,17614.683594,5948.307617,3381.049805,3632.058594,4220.067383,4403.487793,40000.0,40000.0,40000.0,40000.0,40000.0,40000.0,7746.063965,7752.125,40000.0,40000.0,40000.0,40000.0,40000.0,40000.0,40000.0,40000.0,40000.0,17860.736328,5000.0,81690.474914,53163.562392,3209.987055,0,true,true,1.0,-279.160732,0,0.0,0.0,1.0
12,3841,8.65,7836.125803,100088.868793,4816.766142,100985.540955,20141.834588,-3346.947122,-1516.619136,-1580.568926,-42.095638,-22.920536,-156.166946,0.0,0.0,1.0,0.0,0.0,0.069993,0,0,0,0,0,0,0,0,0,0,0,0,0,0,0,17499.841797,5742.827637,3168.645996,3410.28833,3985.823975,4286.984863,6006.468262,40000.0,40000.0,40000.0,40000.0,40000.0,7954.041992,7924.364746,40000.0,40000.0,40000.0,40000.0,40000.0,40000.0,40000.0,40000.0,40000.0,17587.287109,5000.0,81705.125393,52794.461764,3079.609658,0,true,true,1.0,-279.150732,0,0.0,0.0,1.0
12,3842,8.7,8011.828639,-70300.697432,4896.301863,-68081.842818,20224.627642,-3365.109239,-1522.651442,-1584.831118,-42.697235,-22.874271,-155.78241,0.0,0.0,1.0,0.0,0.0,0.069993,0,0,0,0,0,0,0,0,0,0,0,0,0,0,0,17306.085938,5552.916016,2973.585693,3206.463623,3756.66333,4180.178711,5575.289062,40000.0,40000.0,40000.0,40000.0,40000.0,8098.021484,8202.556641,40000.0,40000.0,40000.0,40000.0,40000.0,40000.0,40000.0,40000.0,40000.0,17163.384766,5000.0,81753.247677,52400.628719,2958.308593,0,true,true,1.0,-279.140732,0,0.0,0.0,1.0
12,3843,8.75,8151.089482,99949.60795,4959.306512,100922.536306,20290.230256,-3370.820606,-1525.071002,-1586.434545,-43.099667,-22.828238,-155.520447,0.0,0.0,1.0,0.0,0.0,0.0,0,0,0,0,0,0,0,0,0,0,0,0,0,0,0,17134.402344,5407.921387,2818.440674,3043.131348,3571.187256,4094.273193,5213.057617,40000.0,40000.0,40000.0,40000.0,40000.0,8282.181641,8788.77832,40000.0,40000.0,40000.0,40000.0,40000.0,40000.0,40000.0,40000.0,40000.0,16788.669922,5000.0,81770.153692,52119.612522,2871.193772,0,true,true,1.0,-279.130732,0,0.0,0.0,1.0
12,3844,8.8,8334.266086,-70483.874036,5042.224116,-68164.760422,20376.445119,-3374.753944,-1528.313489,-1587.633623,-43.559677,-22.763075,-155.218887,0.0,0.0,1.0,0.0,0.0,0.069993,0,0,0,0,0,0,0,0,0,0,0,0,0,0,0,16908.583984,5222.771973,2613.810303,2826.470459,3323.264893,3980.013916,4714.746094,40000.0,40000.0,40000.0,40000.0,40000.0,8483.974609,8985.132812,40000.0,40000.0,40000.0,40000.0,40000.0,40000.0,40000.0,40000.0,40000.0,16325.600586,5000.0,81768.253593,51785.849728,2765.120147,0,true,true,1.0,-279.120732,0,0.0,0.0,1.0
12,3845,8.85,8525.017522,99758.856514,5128.712417,100836.048005,20466.182853,-3375.783741,-1531.890996,-1587.977194,-43.979561,-22.675001,-154.940704,0.0,0.0,1.0,0.0,0.069993,0.069993,0,0,0,0,0,0,0,0,0,0,0,0,0,0,0,16671.5,5034.190918,2399.9646,2598.838135,3061.07666,3859.447266,4354.904297,40000.0,40000.0,40000.0,40000.0,40000.0,8649.639648,9188.729492,40000.0,40000.0,40000.0,40000.0,40000.0,40000.0,40000.0,40000.0,40000.0,13337.628906,5000.0,81756.856968,51451.948253,2646.19466,0,true,true,1.0,-279.110732,0,0.0,0.0,1.0
12,3846,8.9,8660.907012,-70619.763526,5190.458297,-68226.506302,20530.030632,-3382.937471,-1538.235025,-1589.135268,-44.281715,-22.589037,-154.735809,0.0,0.0,1.0,0.0,0.0,0.069993,0,0,0,0,0,0,0,0,0,0,0,0,0,0,0,16500.248047,4899.539062,2247.193604,2435.907227,2872.928467,3772.859863,4262.074707,40000.0,40000.0,40000.0,40000.0,40000.0,8793.888672,9332.083984,40000.0,40000.0,40000.0,40000.0,40000.0,40000.0,40000.0,40000.0,40000.0,13022.874023,5000.0,81766.554978,51185.345111,2545.806622,0,true,true,1.0,-279.100732,0,0.0,0.0,1.0
12,3847,8.95,8846.599025,99573.1645,5275.07095,100751.435352,20617.214703,-3387.684493,-1545.727269,-1589.247572,-44.672741,-22.4228,-154.455811,0.0,0.0,1.0,0.0,0.069993,0.279972,0,0,0,0,0,0,0,0,0,0,0,0,0,0,0,16261.123047,4715.362793,2037.55127,2211.803467,2613.315674,3483.031494,4133.121094,40000.0,40000.0,40000.0,40000.0,40000.0,8987.341797,9514.165039,40000.0,40000.0,40000.0,40000.0,40000.0,40000.0,40000.0,40000.0,40000.0,12599.96875,5000.0,81809.842152,50771.842532,2382.116906,0,true,true,1.0,-279.090732,0,0.0,0.0,1.0
12,3848,9.0,8988.557412,-70761.721912,5339.979056,-68291.414408,20683.796967,-3390.263396,-1551.82687,-1588.521822,-44.964539,-22.236792,-154.221405,0.0,0.0,1.0,0.0,0.069993,0.209979,0,0,0,0,0,0,0,0,0,0,0,0,0,0,0,16072.266602,4572.275879,1876.617065,2039.476929,2413.401611,3224.346191,4033.234619,40000.0,40000.0,40000.0,40000.0,40000.0,9129.84375,10200.869141,40000.0,40000.0,40000.0,40000.0,40000.0,40000.0,40000.0,40000.0,40000.0,12269.267578,5000.0,81890.834018,50376.708935,2232.543299,0,true,true,1.0,-279.080732,0,0.0,0.0,1.0
12,3849,9.05,9185.04498,99376.676932,5430.20449,100661.209918,20775.813207,-3388.696767,-1559.246204,-1585.340482,-45.37056,-21.892813,-153.824219,0.0,0.0,1.0,0.0,0.0,0.419958,0,0,0,0,0,0,0,0,0,0,0,0,0,0,0,15803.277344,4368.540039,1653.302734,1800.427734,2136.086182,2865.649414,3895.132568,40000.0,40000.0,40000.0,40000.0,40000.0,9316.746094,40000.0,40000.0,40000.0,40000.0,40000.0,40000.0,40000.0,40000.0,40000.0,40000.0,11766.075195,5000.0,82094.82784,49672.164107,2034.207248,0,true,true,1.0,-279.070732,0,0.0,0.0,1.0
12,3850,9.1,9326.161764,-70902.838696,5495.331423,-68356.541341,20841.709536,-3391.071361,-1567.471049,-1582.536748,-45.690918,-21.56188,-153.454437,0.0,0.0,1.0,0.0,0.0,0.349965,0,0,0,0,0,0,0,0,0,0,0,0,0,0,0,15603.267578,4216.105957,1661.118896,1628.542969,1936.861938,2608.496582,3796.948486,40000.0,40000.0,40000.0,40000.0,40000.0,9440.417969,40000.0,40000.0,40000.0,40000.0,40000.0,40000.0,40000.0,40000.0,40000.0,40000.0,11626.933594,5000.0,82336.214132,48999.936004,1894.845959,0,true,true,1.0,-279.060732,0,0.0,0.0,1.0
12,3851,9.15,9518.442057,99184.396639,5584.619956,100571.921385,20931.207994,-3384.153664,-1576.092811,-1574.917155,-46.038013,-21.065557,-152.907455,0.0,0.0,1.0,1.0,0.0,0.139986,0,0,0,0,0,0,0,0,0,0,0,0,0,0,0,15329.581055,4008.033936,1987.314453,1393.710083,1663.605469,2253.754639,3663.174561,5728.796387,40000.0,40000.0,40000.0,40000.0,9625.023438,40000.0,40000.0,40000.0,40000.0,40000.0,40000.0,40000.0,40000.0,40000.0,40000.0,11469.241211,5000.0,82707.480771,47990.078586,1797.652584,0,true,true,1.0,-279.050732,0,0.0,0.0,1.0
12,3852,9.2,9703.181541,-71087.578181,5671.11264,-68443.034025,21016.727956,-3399.563167,-1596.930377,-1569.657928,-45.460224,-20.571953,-152.339127,0.0,0.0,1.0,1.0,-0.139986,0.139986,0,0,0,0,0,0,0,0,0,0,0,0,0,0,0,15069.229492,3809.176514,2259.991699,1167.441528,1398.901123,1906.987061,3353.41748,4494.041504,40000.0,40000.0,40000.0,40000.0,9756.4375,40000.0,40000.0,40000.0,40000.0,40000.0,40000.0,40000.0,40000.0,40000.0,40000.0,11323.733398,5000.0,83085.115871,46924.036129,2495.11996,0,true,true,1.0,-279.040732,0,0.0,0.0,1.0
12,3853,9.25,9844.84383,99042.734351,5737.98867,100505.045355,21081.975051,-3396.992856,-1607.757795,-1561.776297,-44.345356,-20.231064,-151.879105,0.0,0.0,1.0,1.0,-0.209979,0.069993,0,0,0,0,0,0,0,0,0,0,0,0,0,0,0,14876.150391,3658.936523,2444.799072,1139.546265,1194.260864,1636.420898,2913.882812,4387.730957,40000.0,40000.0,40000.0,40000.0,9875.06543,40000.0,40000.0,40000.0,40000.0,40000.0,40000.0,40000.0,40000.0,40000.0,40000.0,11219.287109,5000.0,83355.499639,46072.55091,3621.083874,0,true,true,1.0,-279.030732,0,0.0,0.0,1.0
12,3854,9.3,10031.176062,-71273.910413,5826.785923,-68531.831278,21167.2681,-3399.793396,-1627.165138,-1551.283423,-42.216045,-19.830503,-151.213257,0.0,0.0,1.0,0.0,-0.069993,0.0,0,0,0,0,0,0,0,0,0,0,0,0,0,0,0,14630.621094,3462.637939,2653.008545,1273.396973,922.406799,1273.709473,2311.323242,4251.869141,40000.0,40000.0,40000.0,40000.0,10031.342773,40000.0,40000.0,40000.0,40000.0,40000.0,40000.0,40000.0,40000.0,40000.0,40000.0,11094.746094,5000.0,83700.71229,44830.771086,5691.178019,0,true,true,1.0,-279.020732,0,0.0,0.0,1.0
12,3855,9.35,10179.618404,98894.292008,5898.300038,100433.53124,21234.808266,-3396.509028,-1641.814735,-1541.32041,-40.88287,-19.605738,-150.681702,0.0,0.0,1.0,0.0,-0.069993,0.0,0,0,0,0,0,0,0,0,0,0,0,0,0,0,0,14445.692383,3310.772217,2802.47998,1375.09375,954.133057,976.0,1799.533447,4143.305176,40000.0,40000.0,40000.0,40000.0,10162.207031,40000.0,40000.0,40000.0,40000.0,40000.0,40000.0,40000.0,40000.0,40000.0,15477.547852,11003.306641,5000.0,83910.279313,43908.560626,7101.665597,0,true,true,1.0,-279.010732,0,0.0,0.0,1.0
12,3856,9.4,10373.808555,-71468.100563,5993.003809,-68626.535049,21322.543902,-3391.59121,-1663.137111,-1527.999742,-39.497517,-19.396788,-149.918259,0.0,0.0,1.0,0.0,-0.139986,0.139986,0,0,0,0,0,0,0,0,0,0,0,0,0,0,0,14214.958984,3113.745361,2667.822998,1498.634766,1050.59436,853.565308,1083.97876,4004.996094,40000.0,40000.0,40000.0,40000.0,10385.045898,40000.0,40000.0,40000.0,40000.0,40000.0,40000.0,40000.0,40000.0,40000.0,14898.801758,10899.793945,5000.0,84152.920628,42694.554404,8787.60596,0,true,true,1.0,-279.000732,0,0.0,0.0,1.0
12,3857,9.45,10517.313322,98750.787241,6063.919015,100362.616034,21386.952931,-3391.884278,-1682.78106,-1519.034005,-38.719234,-19.291992,-149.282227,0.0,0.0,1.0,0.0,-0.069993,0.069993,0,0,0,0,0,0,0,0,0,0,0,0,0,0,0,14052.011719,2968.205078,2553.150391,1581.778687,1118.088013,912.719238,818.21051,3906.530762,40000.0,40000.0,40000.0,40000.0,10514.173828,40000.0,40000.0,40000.0,40000.0,40000.0,40000.0,40000.0,40000.0,40000.0,14631.018555,11386.020508,5000.0,84324.285091,41764.806768,9952.461821,0,true,true,1.0,-278.990732,0,0.0,0.0,1.0
12,3858,9.5,10714.381181,-71665.168423,6162.759097,-68725.37513,21474.895976,-3384.30821,-1708.880769,-1506.018459,-37.97179,-19.211365,-148.326859,0.0,0.0,1.0,0.0,-0.139986,0.209979,0,0,0,0,0,0,0,0,0,0,0,0,0,0,0,14011.744141,2769.391113,2395.981689,1685.467163,1205.757446,991.167664,893.070801,866.393066,40000.0,40000.0,40000.0,40000.0,10660.736328,40000.0,40000.0,40000.0,40000.0,40000.0,40000.0,40000.0,40000.0,40000.0,14267.076172,12358.942383,5000.0,84538.700595,40470.529462,11443.810071,0,true,true,1.0,-278.980732,0,0.0,0.0,1.0
12,3859,9.55,10854.695713,98610.47271,6234.261166,100291.113964,21537.157418,-3381.912062,-1731.499212,-1497.925124,-37.588146,-19.190418,-147.428467,0.0,0.0,1.0,0.0,-0.210933,0.263666,0,0,0,0,0,0,0,0,0,0,0,0,0,0,0,14114.53125,2623.345703,2281.806885,1744.142578,1261.152466,1043.349609,944.607971,920.228455,40000.0,40000.0,40000.0,40000.0,11304.432617,40000.0,40000.0,40000.0,40000.0,40000.0,40000.0,40000.0,40000.0,40000.0,13994.780273,12365.466797,5000.0,84740.195227,39333.661677,12657.233329,0,true,true,1.0,-278.970732,0,0.0,0.0,1.0
12,3860,9.6,11035.726082,-71846.198792,6328.210311,-68819.324275,21617.40418,-3338.10074,-1744.2794,-1482.041428,-37.152065,-19.225735,-146.150711,0.0,0.0,1.0,1.0,-0.476378,0.65502,0,0,0,0,0,0,0,0,0,0,0,0,0,0,0,14306.882812,2435.965576,2134.682373,1808.70813,1327.073242,1107.63147,1009.484558,989.270874,1039.254761,40000.0,40000.0,40000.0,11464.236328,40000.0,40000.0,40000.0,40000.0,40000.0,40000.0,40000.0,40000.0,40000.0,13647.358398,12405.414062,5000.0,84973.706612,37764.993082,14354.501144,0,true,true,1.0,-278.960732,0,0.0,0.0,1.0
12,3861,9.65,11228.729129,98417.469663,6430.617023,100188.707252,21702.475216,-3352.377824,-1796.080068,-1476.730118,-35.588947,-19.26298,-144.268799,0.0,0.0,1.0,1.0,-0.158315,0.422175,0,0,0,0,0,0,0,0,0,0,0,0,0,0,0,30999.865234,2227.863037,1973.317993,1846.558105,1382.460571,1168.365112,1075.145752,1062.806152,1126.624146,40000.0,40000.0,13097.833984,12106.396484,40000.0,40000.0,40000.0,40000.0,40000.0,40000.0,40000.0,40000.0,40000.0,9801.141602,12556.576172,5000.0,85336.78504,35093.112047,17345.477599,0,true,true,1.0,-278.950732,0,0.0,0.0,1.0
12,3862,9.7,11375.308335,-71992.777998,6510.289638,-68898.99689,21767.025886,-3340.882731,-1829.488926,-1470.274507,-33.762638,-19.289335,-142.790405,0.0,0.0,1.0,1.0,-0.139986,0.279972,0,0,0,0,0,0,0,0,0,0,0,0,0,0,0,31185.238281,2073.642822,1851.771118,1782.51355,1420.713623,1212.115601,1123.719238,1118.404419,1194.104248,1367.453857,40000.0,12620.303711,12259.8125,40000.0,40000.0,40000.0,40000.0,40000.0,40000.0,40000.0,40000.0,40000.0,9096.861328,12697.473633,5000.0,85564.15166,32673.244038,19923.178776,0,true,true,1.0,-278.940732,0,0.0,0.0,1.0
12,3863,9.75,11568.844481,98223.933517,6618.426311,100080.570579,21852.319119,-3310.304587,-1872.86639,-1461.042895,-30.780386,-19.389885,-140.862671,0.0,0.0,1.0,0.0,-0.069993,0.069993,0,0,0,0,0,0,0,0,0,0,0,0,0,0,0,40000.0,1876.795654,1693.457275,1644.861084,1468.627319,1268.033203,1186.800293,1191.70105,1284.514893,1504.114136,40000.0,11677.602539,40000.0,40000.0,40000.0,40000.0,40000.0,40000.0,40000.0,40000.0,40000.0,40000.0,9098.008789,12715.737305,5000.0,85730.116114,29116.001558,23444.161228,0,true,true,1.0,-278.930732,0,0.0,0.0,1.0
12,3864,9.8,11706.847642,-72130.781159,6697.829769,-68978.400347,21913.26619,-3296.500648,-1912.97493,-1457.047073,-28.918552,-19.52944,-139.56517,0.0,0.0,1.0,0.0,-0.069993,0.069993,0,0,0,0,0,0,0,0,0,0,0,0,0,0,0,40000.0,1741.223511,1581.885132,1545.766113,1502.424683,1307.279297,1231.280273,1243.733032,1349.344238,1593.23291,2040.798096,11766.077148,40000.0,40000.0,40000.0,40000.0,40000.0,40000.0,40000.0,40000.0,40000.0,14140.616211,9102.533203,12560.720703,5000.0,85732.048901,26675.267945,25644.637174,0,true,true,1.0,-278.920732,0,0.0,0.0,1.0
12,3865,9.85,11904.652414,98026.128745,6815.40632,99962.994028,22001.107557,-3253.674702,-1962.309515,-1449.986564,-26.954361,-19.78583,-138.007538,0.0,0.0,1.0,0.0,-0.139986,0.0,0,0,0,0,0,0,0,0,0,0,0,0,0,0,0,40000.0,1553.650391,1422.903076,1400.449463,1477.882935,1363.758301,1294.288086,1316.611206,1439.783203,1717.492065,2038.348145,11934.029297,40000.0,40000.0,40000.0,40000.0,40000.0,40000.0,40000.0,40000.0,40000.0,13255.038086,9091.207031,12348.683594,5000.0,85578.759196,23790.042687,28093.15993,0,true,true,1.0,-278.910732,0,0.0,0.0,1.0
12,3866,9.9,12035.482869,-72261.611614,6895.713903,-69058.707931,22059.508923,-3239.57895,-2006.186245,-1449.085704,-25.56534,-20.028463,-136.875549,0.0,0.0,1.0,0.0,-0.069993,0.0,0,0,0,0,0,0,0,0,0,0,0,0,0,0,0,40000.0,1429.234619,1316.4729,1302.500244,1382.020142,1399.054932,1334.807983,1365.151855,1501.633301,1805.104736,1844.12915,12044.439453,40000.0,40000.0,40000.0,40000.0,40000.0,40000.0,40000.0,40000.0,40000.0,12962.918945,9539.8125,12218.916016,5000.0,85405.242208,21656.904792,29814.699847,0,true,true,1.0,-278.900732,0,0.0,0.0,1.0
12,3867,9.95,12180.986614,97880.625,6987.664284,99871.043647,22125.006492,-3200.628742,-2043.221261,-1446.13551,-24.242308,-20.296276,-135.785645,0.0,0.0,1.0,0.0,-0.069993,0.0,0,0,0,0,0,0,0,0,0,0,0,0,0,0,0,40000.0,1292.353149,1196.947021,1190.189453,1269.546021,1437.84375,1378.905884,1417.401367,1568.049683,1631.979858,1631.979858,12401.094727,40000.0,40000.0,40000.0,40000.0,40000.0,40000.0,40000.0,40000.0,40000.0,12666.176758,10654.607422,12075.056641,5000.0,85157.514164,19567.787849,31417.515345,0,true,true,1.0,-278.890732,0,0.0,0.0,1.0
12,3868,10.0,12363.895924,-72444.520924,7107.302763,-69178.34641,22208.154901,-3171.163578,-2104.554494,-1447.652722,-22.786123,-20.637871,-134.557831,0.0,0.0,1.0,0.0,-0.069993,0.069993,0,0,0,0,0,0,0,0,0,0,0,0,0,0,0,40000.0,1120.106567,1043.779785,1043.752319,1120.060303,1304.327026,1370.20874,1370.20874,1370.20874,1370.20874,1301.283447,12873.486328,40000.0,40000.0,40000.0,40000.0,40000.0,40000.0,40000.0,40000.0,40000.0,12318.504883,10672.155273,11894.774414,5000.0,84787.338614,17184.456642,33152.851006,0,true,true,1.0,-278.880732,0,0.0,0.0,1.0
12,3869,10.05,12509.466426,97735.054498,7205.947431,99772.398979,22275.201112,-3135.369413,-2146.634521,-1448.544958,-21.865311,-20.889223,-133.704361,0.0,0.0,1.0,0.0,-0.069993,0.139986,0,0,0,0,0,0,0,0,0,0,0,0,0,0,0,40000.0,1101.097534,918.804871,922.417297,994.03894,1163.682373,1166.4104,1166.4104,1166.4104,993.327698,1414.814331,13033.705078,40000.0,40000.0,40000.0,40000.0,40000.0,40000.0,40000.0,40000.0,40000.0,8403.155273,10672.694336,11763.227539,5000.0,84470.952257,15548.805905,34281.516436,0,true,true,1.0,-278.870732,0,0.0,0.0,1.0
12,3870,10.1,12684.231847,-72619.286345,7328.447756,-69300.846735,22356.697448,-3095.952249,-2200.858404,-1451.998487,-20.756516,-21.207335,-132.470581,0.0,0.0,1.0,0.0,-0.09041,0.542462,0,0,0,0,0,0,0,0,0,0,0,0,0,0,0,40000.0,1171.799927,764.570435,771.938477,837.053772,759.800415,740.034729,772.586914,870.16333,1080.205688,1564.452271,13724.80957,40000.0,40000.0,40000.0,40000.0,40000.0,40000.0,40000.0,40000.0,40000.0,7764.950195,10709.930664,11911.038086,5000.0,84050.550384,13234.464834,35707.725401,0,true,true,1.0,-278.860732,0,0.0,0.0,1.0
12,3871,10.15,12816.226594,97603.059751,7424.111259,99676.735476,22419.167936,-3057.638411,-2237.593491,-1454.517331,-20.041246,-21.414452,-131.390167,0.0,0.0,1.0,0.0,-0.166683,0.777853,0,0,0,0,0,0,0,0,0,0,0,0,0,0,0,40000.0,1201.879028,679.490723,654.152222,713.22168,788.177856,771.5271,809.596497,917.380676,1148.565796,1689.450073,13329.310547,40000.0,40000.0,40000.0,40000.0,40000.0,40000.0,40000.0,40000.0,40000.0,7734.831055,10763.857422,12073.117188,5000.0,83721.324822,11290.658104,36731.079075,0,true,true,1.0,-278.850732,0,0.0,0.0,1.0
12,3872,10.2,12986.686651,-72789.746402,7551.910042,-69428.645518,22501.142499,-3018.852503,-2296.534655,-1461.05719,-19.234161,-21.665041,-129.759857,0.0,0.0,1.0,0.0,-0.156197,0.390492,0,0,0,0,0,0,0,0,0,0,0,0,0,0,0,39873.742188,1212.901367,714.658203,532.31366,545.686707,655.593323,809.7948,856.398438,979.522766,1242.920288,1877.008301,14537.860352,40000.0,40000.0,40000.0,40000.0,40000.0,40000.0,40000.0,40000.0,40000.0,7715.215332,10880.923828,29084.367188,5000.0,83242.832559,8458.37625,38044.243003,0,true,true,1.0,-278.840732,0,0.0,0.0,1.0
12,3873,10.25,13117.443218,97472.303184,7653.454584,99575.190934,22565.169993,-2976.940385,-2335.97396,-1465.193906,-18.713831,-21.856173,-128.524734,0.0,0.0,1.0,0.0,-0.069993,0.069993,0,0,0,0,0,0,0,0,0,0,0,0,0,0,0,39586.417969,1214.453613,736.056702,555.228455,471.510254,496.113007,689.030579,890.59314,1026.059814,1315.894409,2028.680298,14683.894531,40000.0,40000.0,40000.0,40000.0,40000.0,40000.0,40000.0,40000.0,12350.493164,7704.25,10957.235352,29226.896484,5000.0,82829.36849,6354.000957,38960.762951,0,true,true,1.0,-278.830732,0,0.0,0.0,1.0
12,3874,10.3,13282.41263,-72954.715813,7786.219282,-69561.410216,22647.480885,-2928.069437,-2392.641807,-1472.58268,-18.193167,-22.13686,-126.986732,0.0,0.0,1.0,0.0,-0.139986,0.209979,0,0,0,0,0,0,0,0,0,0,0,0,0,0,0,39321.769531,1209.243286,756.759338,579.388611,496.815643,462.419708,461.950989,761.862305,1083.324829,1410.287476,2233.392578,14890.148438,40000.0,40000.0,40000.0,40000.0,40000.0,40000.0,40000.0,40000.0,11909.113281,7837.298828,10746.689453,30935.230469,5000.0,82224.783311,3823.2453,40075.577825,0,true,true,1.0,-278.820732,0,0.0,0.0,1.0
12,3875,10.35,13408.662793,97346.053021,7891.613198,99469.797018,22711.819372,-2881.602971,-2431.492177,-1477.858015,-17.797462,-22.369511,-125.772285,0.0,0.0,1.0,1.0,-0.227676,0.37946,0,0,0,0,0,0,0,0,0,0,0,0,0,0,0,40000.0,1197.712646,766.973267,593.82843,512.994629,480.371552,482.536957,520.34729,1127.686035,1483.456055,2406.651611,40000.0,40000.0,40000.0,40000.0,40000.0,40000.0,40000.0,40000.0,40000.0,11581.427734,8646.650391,10590.322266,40000.0,5000.0,81699.910761,1828.897225,40918.093725,0,true,true,1.0,-278.810732,0,0.0,0.0,1.0
12,3876,10.4,13543.879588,-73089.932609,8008.44108,-69678.238099,22782.220614,-2831.349782,-2475.520442,-1484.681753,-16.867231,-22.647593,-124.464737,0.0,0.0,1.0,1.0,-0.449881,0.449881,0,0,0,0,0,0,0,0,0,0,0,0,0,0,0,40000.0,1180.122681,773.152893,605.648682,527.267822,496.884369,502.136383,545.045898,643.973694,1562.947876,2608.446777,40000.0,40000.0,40000.0,40000.0,40000.0,40000.0,40000.0,40000.0,40000.0,7069.320312,9225.814453,10428.183594,40000.0,5000.0,81072.040549,-683.459911,41806.522012,0,true,true,1.0,-278.800732,0,0.0,0.0,1.0
12,3877,10.45,13717.560625,97172.371984,8164.86131,99313.376789,22875.049394,-2765.497441,-2535.712786,-1495.703899,-14.724033,-23.190212,-122.559792,0.0,0.0,1.0,1.0,-0.499888,0.249944,0,0,0,0,0,0,0,0,0,0,0,0,0,0,0,40000.0,1142.784668,771.778687,614.254028,540.727417,514.247253,524.234985,574.595947,687.50769,1677.856201,2933.414795,40000.0,40000.0,40000.0,40000.0,40000.0,40000.0,40000.0,40000.0,40000.0,6847.095215,9318.999023,10240.381836,40000.0,5000.0,80011.303807,-4931.42272,43052.500135,0,true,true,1.0,-278.790732,0,0.0,0.0,1.0
12,3878,10.5,13836.919355,-73209.291339,8276.830077,-69790.206866,22940.602423,-2717.942349,-2579.081172,-1505.373945,-12.551278,-23.741619,-121.112213,0.0,0.0,1.0,0.0,-0.349965,0.0,0,0,0,0,0,0,0,0,0,0,0,0,0,0,0,40000.0,1110.062622,765.629944,616.410889,547.061646,523.822632,537.623352,593.734009,717.535156,991.959839,3218.052246,40000.0,40000.0,40000.0,40000.0,40000.0,40000.0,40000.0,40000.0,40000.0,6851.528809,9421.945312,10130.844727,40000.0,5000.0,79058.885342,-8588.691396,43894.160901,0,true,true,1.0,-278.780732,0,0.0,0.0,1.0
12,3879,10.55,13972.622053,97036.669286,8409.192875,99181.013991,23017.471787,-2638.738986,-2608.70932,-1514.496395,-10.428997,-24.389013,-119.723915,0.0,0.0,1.0,0.0,-0.209979,-0.069993,0,0,0,0,0,0,0,0,0,0,0,0,0,0,0,40000.0,1078.40332,757.937012,616.668823,551.482666,531.516174,549.055908,610.848633,745.585938,1048.220703,3536.43457,40000.0,40000.0,40000.0,40000.0,40000.0,40000.0,40000.0,40000.0,40000.0,6853.593262,9524.240234,10156.280273,40000.0,5000.0,77973.88227,-12143.398034,44609.193436,0,true,true,1.0,-278.770732,0,0.0,0.0,1.0
12,3880,10.6,14122.328176,-73358.997462,8561.573986,-69942.587977,23105.049102,-2581.867672,-2674.604711,-1535.300809,-7.899371,-25.269949,-118.09761,0.0,0.0,1.0,0.0,0.0,0.0,0,0,0,0,0,0,0,0,0,0,0,0,0,0,0,40000.0,40000.0,743.595825,612.232971,552.320862,536.416077,558.355713,626.704712,774.216919,1111.668335,3974.400391,40000.0,40000.0,40000.0,40000.0,40000.0,40000.0,40000.0,40000.0,11612.69043,6956.449707,9677.22168,10446.723633,39732.976562,5000.0,76555.350626,-16385.287986,45283.593328,0,true,true,1.0,-278.760732,0,0.0,0.0,1.0
12,3881,10.65,14215.407029,96943.590432,8660.231033,99082.356944,23161.597362,-2543.323591,-2714.720714,-1549.766672,-6.862624,-25.658653,-117.438835,0.0,0.0,1.0,0.0,0.0,0.0,0,0,0,0,0,0,0,0,0,0,0,0,0,0,0,40000.0,40000.0,734.601624,607.657715,550.105652,536.121094,559.55603,630.342224,782.619141,1134.032471,4172.1875,40000.0,40000.0,40000.0,40000.0,40000.0,40000.0,40000.0,40000.0,11375.530273,7333.181152,9721.957031,10544.095703,39642.574219,5000.0,75884.592027,-18113.833121,45490.912891,0,true,true,1.0,-278.750732,0,0.0,0.0,1.0
12,3882,10.7,14358.563313,-73502.153745,8817.527008,-70099.883952,23251.186455,-2475.586624,-2767.376578,-1572.328714,-5.280483,-26.274776,-116.443626,0.0,0.0,1.0,0.0,0.0,0.0,0,0,0,0,0,0,0,0,0,0,0,0,0,0,0,40000.0,40000.0,18388.40625,596.235046,542.580322,530.980713,557.035522,631.009399,789.721558,1160.710083,4492.51123,40000.0,40000.0,40000.0,40000.0,40000.0,40000.0,40000.0,40000.0,6341.572266,7972.599609,9579.8125,27855.716797,39452.601562,5000.0,74818.184394,-20749.756503,45721.653087,0,true,true,1.0,-278.740732,0,0.0,0.0,1.0
12,3883,10.75,14468.569532,96833.584213,8943.474092,98956.40986,23322.785421,-2410.362888,-2792.613995,-1587.870894,-4.347589,-26.65007,-115.871124,0.0,0.0,1.0,0.0,0.0,0.0,0,0,0,0,0,0,0,0,0,0,0,0,0,0,0,40000.0,40000.0,18193.861328,595.130066,532.816711,522.807129,549.956787,625.017029,785.84668,1164.945801,4675.527832,40000.0,40000.0,40000.0,40000.0,40000.0,40000.0,40000.0,40000.0,6306.47168,8316.370117,9430.915039,27897.871094,39352.40625,5000.0,74128.628501,-22279.211125,45806.078592,0,true,true,1.0,-278.730732,0,0.0,0.0,1.0
12,3884,10.8,14577.786734,-73611.370947,9073.044619,-70229.454478,23396.39168,-2359.589131,-2832.240513,-1607.573713,-3.590109,-26.96056,-115.419525,0.0,0.0,1.0,0.0,0.0,-0.069993,0,0,0,0,0,0,0,0,0,0,0,0,0,0,0,40000.0,40000.0,18084.701172,12779.432617,16783.056641,510.792938,538.478027,613.554688,774.298157,1155.744019,4804.595215,40000.0,40000.0,40000.0,40000.0,40000.0,40000.0,40000.0,40000.0,6268.167969,8299.793945,9278.103516,27903.136719,39194.902344,5000.0,73526.875642,-23496.714972,45845.996361,0,true,true,1.0,-278.720732,0,0.0,0.0,1.0
12,3885,10.85,14712.108919,96699.262028,9238.692044,98790.762434,23490.445661,-2293.072357,-2873.495258,-1631.269454,-2.671886,-27.353706,-114.907471,0.0,0.0,1.0,0.0,0.0,-0.069993,0,0,0,0,0,0,0,0,0,0,0,0,0,0,0,40000.0,40000.0,17986.841797,12627.196289,16665.880859,2239.158691,517.825439,593.047241,751.562927,1130.98877,4932.474609,40000.0,40000.0,40000.0,40000.0,40000.0,40000.0,40000.0,40000.0,6224.126465,8280.536133,9089.005859,27904.726562,39027.855469,5000.0,72782.409302,-24921.801663,45878.670709,0,true,true,1.0,-278.710732,0,0.0,0.0,1.0
12,3886,10.9,14806.301953,-73705.56398,9359.111656,-70349.87409,23558.85886,-2249.796033,-2904.664169,-1649.19765,-2.082677,-27.610994,-114.597252,0.0,0.0,1.0,0.0,0.0,0.0,0,0,0,0,0,0,0,0,0,0,0,0,0,0,0,40000.0,40000.0,17950.25,12502.356445,16551.820312,40000.0,1015.488098,586.349854,729.177734,1102.892944,2601.571289,40000.0,40000.0,40000.0,40000.0,40000.0,40000.0,40000.0,40000.0,6192.120117,8264.394531,8953.489258,27891.402344,38938.074219,5000.0,72286.82162,-25808.130677,45884.919727,0,true,true,1.0,-278.700732,0,0.0,0.0,1.0
12,3887,10.95,14943.957626,96561.606354,9541.711767,98608.162323,23662.888099,-2175.441856,-2932.153587,-1672.006636,-1.332655,-27.940191,-114.304146,0.0,0.0,1.0,0.0,-0.069993,-0.419958,0,0,0,0,0,0,0,0,0,0,0,0,0,0,0,40000.0,40000.0,17997.919922,12274.6875,16298.00293,40000.0,1756.760986,1046.392456,783.075073,1041.282959,2526.460205,40000.0,40000.0,40000.0,40000.0,40000.0,40000.0,40000.0,40000.0,6142.852539,8228.969727,8749.947266,27825.384766,38776.019531,5000.0,71656.667019,-26782.153913,45887.622184,0,true,true,1.0,-278.690732,0,0.0,0.0,1.0
12,3888,11.0,15039.474076,-73801.08043,9672.977619,-70481.139942,23737.821569,-2132.542922,-2958.859242,-1690.308737,-0.714126,-28.184607,-114.278976,0.0,0.0,1.0,0.0,0.0,-0.797643,0,0,0,0,0,0,0,0,0,0,0,0,0,0,0,40000.0,40000.0,18153.876953,12079.364258,16097.326172,40000.0,2292.318359,1366.055298,1022.634705,982.41864,2387.193115,40000.0,40000.0,40000.0,40000.0,40000.0,40000.0,40000.0,40000.0,6220.398926,8194.949219,8609.167969,27744.626953,38646.882812,5000.0,71276.712354,-27276.358111,45886.324416,0,true,true,1.0,-278.680732,0,0.0,0.0,1.0
12,3889,11.05,15130.867189,96470.213241,9802.067565,98479.072378,23811.695626,-2090.745085,-2979.025784,-1707.096105,-0.009118,-28.428743,-114.493652,0.0,0.0,1.0,0.0,-0.069993,-0.728817,0,0,0,0,0,0,0,0,0,0,0,0,0,0,0,40000.0,40000.0,18471.847656,11987.976562,16037.607422,40000.0,5621.779297,1688.237671,1260.940552,1064.125244,2185.655273,40000.0,40000.0,40000.0,40000.0,40000.0,40000.0,40000.0,5969.285156,6362.944336,8147.935547,8475.526367,27618.650391,38621.59375,5000.0,71001.442158,-27493.010337,45890.861618,0,true,true,1.0,-278.670732,0,0.0,0.0,1.0
12,3890,11.1,15256.84989,-73927.063131,9985.491435,-70664.563812,23917.145914,-2041.15854,-3008.839841,-1731.873399,1.004215,-28.754566,-115.01918,0.0,0.0,1.0,0.0,-0.069993,-0.139986,0,0,0,0,0,0,0,0,0,0,0,0,0,0,0,39668.457031,39668.457031,29933.314453,12272.540039,15938.619141,40000.0,6546.541992,2160.87085,1605.022827,1349.883545,1855.845337,40000.0,40000.0,40000.0,40000.0,40000.0,40000.0,40000.0,5930.884766,6530.460449,8069.653809,8289.570312,27395.263672,38551.460938,5000.0,70714.221151,-27498.54302,45921.111608,0,true,true,1.0,-278.660732,0,0.0,0.0,1.0
12,3891,11.15,15345.401504,96381.661627,10117.938145,98346.625667,23993.632534,-2007.164871,-3023.278331,-1748.385072,1.695505,-28.970736,-115.40625,0.0,0.0,1.0,0.0,0.0,0.0,0,0,0,0,0,0,0,0,0,0,0,0,0,0,0,39239.9375,39239.9375,33263.160156,12479.073242,15863.74707,40000.0,7244.050781,2508.604492,1855.700439,1556.973022,1624.635376,40000.0,40000.0,40000.0,40000.0,40000.0,40000.0,40000.0,5904.974121,6648.029297,8014.816406,8156.155762,27232.947266,38478.714844,5000.0,70519.776752,-27467.646342,45946.83561,0,true,true,1.0,-278.650732,0,0.0,0.0,1.0
12,3892,11.2,15452.496502,-74034.158129,10281.68437,-70828.310037,24088.633898,-1973.807091,-3044.022402,-1769.866022,2.433848,-29.19454,-115.827492,0.0,0.0,1.0,0.0,0.0,0.0,0,0,0,0,0,0,0,0,0,0,0,0,0,0,0,38770.558594,38770.558594,38770.558594,12713.347656,15766.616211,40000.0,40000.0,2941.253906,2165.796143,1811.632202,1653.903809,40000.0,40000.0,40000.0,40000.0,40000.0,40000.0,40000.0,5872.77002,6801.72168,7951.082031,7989.262207,27037.765625,38394.496094,5000.0,70286.431551,-27427.342866,45972.028004,0,true,true,1.0,-278.640732,0,0.0,0.0,1.0
12,3893,11.25,15539.698059,96294.46007,10417.764084,98210.545953,24168.11152,-1941.771537,-3047.490423,-1784.001127,2.840152,-29.315149,-116.060257,0.0,0.0,1.0,0.0,0.0,0.0,0,0,0,0,0,0,0,0,0,0,0,0,0,0,0,38462.800781,38462.800781,38462.800781,15110.402344,15679.899414,40000.0,40000.0,5022.886719,2419.813232,2020.898071,1842.742188,40000.0,40000.0,40000.0,40000.0,40000.0,40000.0,40000.0,5843.20459,6944.944336,7903.247559,7845.530762,26884.636719,38279.554688,5000.0,70097.777618,-27401.101122,45982.87122,0,true,true,1.0,-278.630732,0,0.0,0.0,1.0
12,3894,11.3,15627.356064,-74121.816134,10556.851374,-70967.397327,24249.794291,-1918.51016,-3060.322459,-1800.649696,3.146266,-29.404823,-116.236061,0.0,0.0,1.0,0.0,0.0,0.0,0,0,0,0,0,0,0,0,0,0,0,0,0,0,0,38189.574219,38189.574219,38189.574219,15256.504883,15587.783203,40000.0,40000.0,5389.728027,2676.927002,2232.969482,2034.237671,40000.0,40000.0,40000.0,40000.0,40000.0,40000.0,40000.0,5812.023926,7099.956543,7857.589844,7696.537598,26733.5,38133.835938,5000.0,69907.857545,-27378.539369,45988.886386,0,true,true,1.0,-278.620732,0,0.0,0.0,1.0
12,3895,11.35,15732.170047,96189.646088,10725.939417,98041.45791,24349.609939,-1892.33762,-3072.760081,-1819.425163,3.448138,-29.492256,-116.409798,0.0,0.0,1.0,0.0,0.0,0.0,0,0,0,0,0,0,0,0,0,0,0,0,0,0,0,37883.742188,37883.742188,37883.742188,15415.505859,15403.823242,40000.0,40000.0,5831.133789,2987.625732,2489.161865,2265.598389,40000.0,40000.0,40000.0,40000.0,40000.0,40000.0,40000.0,5774.412109,7210.444336,7805.159668,7514.724609,26554.228516,37883.742188,5000.0,69679.027115,-27354.89422,45993.091013,0,true,true,1.0,-278.610732,0,0.0,0.0,1.0
12,3896,11.4,15845.912623,-74235.558711,10912.707344,-71154.165254,24460.69879,-1861.327004,-3076.18048,-1836.367489,3.659025,-29.552748,-116.53138,0.0,0.0,1.0,0.0,0.0,0.0,0,0,0,0,0,0,0,0,0,0,0,0,0,0,0,37587.949219,37587.949219,37587.949219,15558.630859,14970.630859,40000.0,40000.0,6307.164062,3326.333984,2769.071045,2518.751709,40000.0,40000.0,40000.0,40000.0,40000.0,40000.0,40000.0,5732.263184,7165.075195,7751.276855,7349.779297,26362.568359,37587.949219,5000.0,69429.564334,-27333.255983,45992.762323,0,true,true,1.0,-278.600732,0,0.0,0.0,1.0
12,3897,11.45,15934.072008,96101.486703,11059.647554,97894.5177,24548.648101,-1845.132932,-3088.131435,-1851.620083,3.769922,-29.584364,-116.595383,0.0,0.0,1.0,0.0,0.0,0.0,0,0,0,0,0,0,0,0,0,0,0,0,0,0,0,37373.265625,37373.265625,37373.265625,15655.662109,14640.067383,40000.0,40000.0,6675.543457,3872.057861,2987.407227,2716.420898,40000.0,40000.0,40000.0,40000.0,40000.0,40000.0,6080.780273,5820.959473,7130.332031,7617.116211,7299.998047,26215.119141,37373.265625,5000.0,69234.860067,-27318.55425,45990.530687,0,true,true,1.0,-278.590732,0,0.0,0.0,1.0
12,3898,11.5,16015.232446,-74316.719148,11196.47579,-71290.993491,24630.882364,-1832.206019,-3099.913762,-1865.423932,3.853147,-29.608004,-116.643456,0.0,0.0,1.0,0.0,0.0,0.0,0,0,0,0,0,0,0,0,0,0,0,0,0,0,0,37179.683594,37179.683594,37179.683594,15739.447266,14336.401367,40000.0,40000.0,7015.882324,4818.493164,3189.751709,2899.697266,40000.0,40000.0,40000.0,40000.0,40000.0,40000.0,6038.879395,5953.296875,7098.813965,7460.760742,7255.80957,26079.582031,37179.683594,5000.0,69054.228285,-27306.19058,45987.885168,0,true,true,1.0,-278.580732,0,0.0,0.0,1.0
12,3899,11.55,16107.001007,96009.718141,11352.95185,97738.04164,24725.503979,-1802.634332,-3085.189347,-1872.150336,3.915373,-29.625628,-116.679405,0.0,0.0,1.0,0.0,0.0,0.0,0,0,0,0,0,0,0,0,0,0,0,0,0,0,0,36968.15625,36968.15625,36968.15625,15673.049805,13994.984375,40000.0,40000.0,7400.279785,5397.628906,3419.58667,3108.062988,40000.0,40000.0,40000.0,40000.0,40000.0,40000.0,6003.554199,6106.319336,7063.625488,7281.318359,7207.953125,25926.861328,36968.15625,5000.0,68848.576791,-27293.520882,45984.030046,0,true,true,1.0,-278.570732,0,0.0,0.0,1.0
12,3900,11.6,16184.257502,-74393.975643,11485.979957,-71424.021597,24806.157494,-1798.704579,-3106.382042,-1887.41515,3.960185,-29.713133,-116.69278,0.0,0.0,1.0,0.0,-0.789193,0.249219,0,0,0,0,0,0,0,0,0,0,0,0,0,0,0,36706.460938,36706.460938,36706.460938,15588.286133,11486.285156,40000.0,40000.0,7728.661133,5636.21582,3616.559082,3286.836426,40000.0,40000.0,40000.0,40000.0,40000.0,40000.0,5978.027344,6242.761719,7039.906738,7133.820801,7175.296387,25819.623047,36706.460938,5000.0,68607.124738,-27307.831543,46066.229764,0,true,true,1.0,-278.560732,0,0.0,0.0,1.0
12,3901,11.65,16289.504316,95904.471327,11669.19079,97554.830806,24918.157252,-1763.773882,-3081.969724,-1892.332893,3.955281,-30.107046,-116.609955,0.0,0.0,1.0,0.0,-1.771532,0.60605,0,0,0,0,0,0,0,0,0,0,0,0,0,0,0,36047.101562,36047.101562,36047.101562,15509.536133,11162.957031,40000.0,40000.0,7525.353027,5971.26123,3894.535645,3541.012939,40000.0,40000.0,40000.0,40000.0,40000.0,40000.0,5956.462402,6458.710449,7029.808594,6945.946289,7161.749023,25761.730469,36047.101562,5000.0,68007.754304,-27442.62071,46504.163847,0,true,true,1.0,-278.550732,0,0.0,0.0,1.0
12,3902,11.7,16367.975642,-74472.446969,11807.080244,-71561.91105,25002.636731,-1771.231969,-3121.101026,-1915.416803,3.894781,-30.870562,-116.421974,0.0,0.0,1.0,0.0,-0.732984,0.157068,0,0,0,0,0,0,0,0,0,0,0,0,0,0,0,35075.722656,35075.722656,35075.722656,15520.167969,11001.763672,40000.0,40000.0,7348.95752,6241.738281,4119.58252,3749.342041,3656.901123,40000.0,40000.0,40000.0,40000.0,40000.0,5965.006348,6667.239258,7059.674805,6832.007812,7200.144531,25866.425781,35075.722656,5000.0,67110.520954,-27714.231045,47365.516728,0,true,true,1.0,-278.540732,0,0.0,0.0,1.0
12,3903,11.75,16450.969581,95821.477388,11954.195842,97407.715208,25093.419573,-1755.538511,-3121.095989,-1930.327217,3.817986,-31.786327,-116.2099,0.0,0.0,1.0,0.0,-0.209979,0.069993,0,0,0,0,0,0,0,0,0,0,0,0,0,0,0,33994.265625,33994.265625,33994.265625,15551.245117,10841.926758,40000.0,40000.0,7733.143555,6540.051758,4367.55127,3979.334717,3898.544922,40000.0,40000.0,40000.0,40000.0,40000.0,5982.52832,6904.901367,7102.247559,6717.946777,7253.39502,26016.484375,33994.265625,5000.0,66048.070345,-28013.969175,48387.330458,0,true,true,1.0,-278.530732,0,0.0,0.0,1.0
12,3904,11.8,16557.985643,-74579.463031,12145.829109,-71753.544317,25212.877652,-1736.20126,-3122.35146,-1955.357015,3.747784,-33.095421,-115.999802,0.0,0.0,1.0,0.0,-0.069993,-0.349965,0,0,0,0,0,0,0,0,0,0,0,0,0,0,0,32575.058594,32575.058594,32575.058594,15621.494141,10900.476562,40000.0,40000.0,40000.0,6373.448242,4798.969238,4292.848633,4209.754883,40000.0,40000.0,40000.0,40000.0,40000.0,6124.410645,7100.573242,7171.191406,6582.20166,32575.058594,27055.558594,32575.058594,5000.0,64559.952105,-28337.661134,49826.026193,0,true,true,1.0,-278.520732,0,0.0,0.0,1.0
12,3905,11.85,16637.043721,95742.41931,12288.796271,97264.748047,25303.13987,-1720.414721,-3119.645795,-1976.690901,3.728274,-33.913177,-115.918648,0.0,0.0,1.0,0.0,0.0,0.0,0,0,0,0,0,0,0,0,0,0,0,0,0,0,0,31718.443359,31718.443359,31718.443359,15653.719727,11035.961914,16690.595703,40000.0,40000.0,6375.783691,5245.262695,4526.212402,4440.276367,40000.0,40000.0,40000.0,40000.0,40000.0,6316.137695,7138.557617,7212.245605,6472.988281,31718.443359,27189.228516,31718.443359,5000.0,63602.113079,-28485.553162,50707.012757,0,true,true,1.0,-278.510732,0,0.0,0.0,1.0
12,3906,11.9,16711.36849,-74653.7878,12424.250178,-71888.998225,25389.663396,-1706.446873,-3117.662035,-1999.133728,3.71233,-34.534782,-115.856216,0.0,0.0,1.0,0.0,0.0,0.0,0,0,0,0,0,0,0,0,0,0,0,0,0,0,0,31063.919922,31063.919922,31063.919922,15659.195312,11149.455078,16368.898438,40000.0,40000.0,6659.893066,5667.095215,4743.226562,4654.484375,40000.0,40000.0,40000.0,40000.0,6958.011719,6490.196289,7164.189941,7240.183105,6358.498535,31063.919922,28090.414062,31063.919922,5000.0,62830.563162,-28595.267399,51363.453423,0,true,true,1.0,-278.500732,0,0.0,0.0,1.0
12,3907,11.95,16810.878566,95642.909234,12607.164016,97081.834209,25508.275832,-1683.741922,-3106.090674,-2028.089891,3.695882,-35.139126,-115.794868,0.0,0.0,1.0,0.0,0.0,0.0,0,0,0,0,0,0,0,0,0,0,0,0,0,0,0,30390.589844,30390.589844,30390.589844,15624.620117,11276.942383,15995.283203,40000.0,40000.0,7030.121094,5880.561035,5027.320312,4934.637207,40000.0,40000.0,40000.0,40000.0,6961.172852,6710.526367,7181.114746,7102.79541,6273.499512,30390.589844,30390.589844,30390.589844,5000.0,62006.449843,-28698.057975,51986.843792,0,true,true,1.0,-278.490732,0,0.0,0.0,1.0
12,3908,12.0,16883.374798,-74726.284032,12740.272516,-72022.106725,25602.357409,-1604.204077,-2938.30305,-2159.705023,3.686596,-35.465733,-115.761444,-1.0,0.0,1.0,0.0,0.0,0.0,0,0,0,0,0,0,0,0,0,0,0,0,0,0,0,29984.771484,29984.771484,29984.771484,15578.742188,11357.446289,15947.580078,40000.0,40000.0,7294.199707,6104.019531,5229.907227,5134.330566,40000.0,40000.0,40000.0,40000.0,6955.125488,6863.163086,7184.041504,6947.116211,6272.312012,29984.771484,29984.771484,29984.771484,5000.0,61509.256988,-28751.130548,52321.026232,0,true,true,1.0,-278.480732,0,0.0,0.0,1.0
12,3909,12.05,16974.759408,95551.524624,12906.63366,96915.473065,25736.383695,-1506.63709,-2732.315018,-2323.233607,3.677383,-35.780304,-115.729057,-1.0,0.0,1.0,0.0,0.0,0.0,0,0,0,0,0,0,0,0,0,0,0,0,0,0,0,29526.664062,29526.664062,29526.664062,15372.256836,11448.448242,15868.683594,40000.0,40000.0,7620.220215,6378.29541,5480.010742,5380.641602,40000.0,40000.0,40000.0,40000.0,6939.382324,7046.828613,7178.771484,6743.053711,6262.234863,29526.664062,29526.664062,29526.664062,5000.0,60967.764361,-28799.516752,52649.093389,0,true,true,1.0,-278.470732,0,0.0,0.0,1.0
12,3910,12.1,17037.837023,-74789.361647,13020.457575,-72135.93064,25839.780724,-1442.034198,-2595.516746,-2435.36169,3.672262,-35.951347,-115.711372,-1.0,0.0,1.0,0.0,0.0,0.0,0,0,0,0,0,0,0,0,0,0,0,0,0,0,0,29228.880859,29228.880859,29228.880859,15312.629883,11506.395508,15805.507812,40000.0,40000.0,7841.520508,6564.321777,5649.713379,5547.729004,40000.0,40000.0,40000.0,40000.0,6924.342773,7168.933594,7170.676758,6598.619141,6250.907227,29228.880859,29228.880859,29228.880859,5000.0,60632.914892,-28824.230891,52834.745572,0,true,true,1.0,-278.460732,0,0.0,0.0,1.0
12,3911,12.15,17101.158151,95488.203496,13133.81272,96802.11792,25953.474397,-1373.229514,-2451.452541,-2540.791336,3.668334,-36.080795,-115.697945,-1.0,0.0,1.0,0.0,0.0,0.0,0,0,0,0,0,0,0,0,0,0,0,0,0,0,0,28945.130859,28945.130859,28945.130859,15245.575195,12093.487305,15734.095703,40000.0,40000.0,8059.728516,6747.609375,5817.020508,5712.378906,40000.0,40000.0,40000.0,40000.0,6905.46875,7286.83252,7158.380859,6450.564453,6235.567383,28945.130859,28945.130859,28945.130859,5000.0,60332.958016,-28841.214173,52984.611549,0,true,true,1.0,-278.450732,0,0.0,0.0,1.0
12,3912,12.2,17179.138399,-74867.341895,13272.070546,-72274.188466,26108.0486,-1296.078089,-2288.218048,-2673.995132,3.664518,-36.20509,-115.685028,-1.0,0.0,1.0,0.0,0.0,0.0,0,0,0,0,0,0,0,0,0,0,0,0,0,0,0,28597.59375,28597.59375,28597.59375,15157.65625,13254.099609,15640.079102,40000.0,40000.0,8324.573242,6969.913574,6020.000977,5912.032227,40000.0,40000.0,40000.0,40000.0,6878.713379,7427.34668,7139.45166,6265.944824,6213.03418,28597.59375,28597.59375,28597.59375,5000.0,59990.369337,-28855.714437,53144.24112,0,true,true,1.0,-278.440732,0,0.0,0.0,1.0
12,3913,12.25,17234.671541,95432.670355,13369.557257,96704.631209,26228.724824,-1239.426174,-2169.460345,-2762.608464,3.631979,-36.250656,-115.626244,-1.0,0.0,1.0,0.0,0.433343,0.379175,0,0,0,0,0,0,0,0,0,0,0,0,0,0,0,28362.490234,28362.490234,28362.490234,15088.220703,13503.804688,15571.341797,40000.0,40000.0,8501.301758,7120.706543,6159.607422,6050.823242,40000.0,40000.0,40000.0,40000.0,6924.66748,7525.5,7121.126953,6127.754883,6195.569824,28362.490234,28362.490234,28362.490234,5000.0,59764.046643,-28904.39536,53219.136424,0,true,true,1.0,-278.430732,0,0.0,0.0,1.0
12,3914,12.3,17304.351775,-74937.02213,13490.669635,-72395.300845,26393.639717,-1171.158619,-2026.944008,-2872.284735,3.514154,-36.182796,-115.42215,-1.0,0.0,1.0,0.0,0.139986,0.069993,0,0,0,0,0,0,0,0,0,0,0,0,0,0,0,28129.048828,28129.048828,28129.048828,15074.432617,13498.058594,15476.655273,40000.0,40000.0,8690.214844,7288.872559,6320.831543,6215.061035,40000.0,40000.0,40000.0,40000.0,7025.835938,7502.509277,7084.850098,5936.128906,6169.765137,28129.048828,28129.048828,28129.048828,5000.0,59545.62797,-29066.147382,53187.848069,0,true,true,1.0,-278.420732,0,0.0,0.0,1.0
12,3915,12.35,17356.434108,95380.588022,13580.294199,96615.006646,26527.590579,-1119.49813,-1920.922948,-2948.829376,3.41651,-36.093674,-115.253265,-1.0,0.0,1.0,0.0,0.139986,0.0,0,0,0,0,0,0,0,0,0,0,0,0,0,0,0,27961.654297,27961.654297,27961.654297,15042.321289,13484.87207,15401.506836,40000.0,40000.0,8822.925781,7408.577637,6436.771973,6334.000977,40000.0,40000.0,40000.0,40000.0,7097.313965,7463.598633,7053.798828,5790.414551,6147.898926,27961.654297,27961.654297,27961.654297,5000.0,59406.922368,-29197.850674,53133.651574,0,true,true,1.0,-278.410732,0,0.0,0.0,1.0
12,3916,12.4,17403.755543,-74984.343565,13661.069275,-72476.07592,26657.569169,-1077.901017,-1835.12532,-3024.052225,3.326377,-35.975861,-115.096992,-1.0,0.0,1.0,0.0,0.069993,-0.069993,0,0,0,0,0,0,0,0,0,0,0,0,0,0,0,27819.537109,27819.537109,27819.537109,15005.87793,13466.631836,15327.324219,40000.0,40000.0,8937.374023,7512.48584,6538.118652,6438.335938,40000.0,40000.0,40000.0,40000.0,7158.300293,7424.543945,7022.161621,5640.158203,19844.974609,27819.537109,27819.537109,27819.537109,5000.0,59310.053195,-29317.53525,53053.867495,0,true,true,1.0,-278.400732,0,0.0,0.0,1.0
12,3917,12.45,17467.934324,95316.409241,13769.605898,96506.470022,26847.645878,-1018.023189,-1714.659721,-3113.260427,3.289754,-35.734837,-115.030975,-1.0,0.0,1.0,0.0,0.069993,-0.139986,0,0,0,0,0,0,0,0,0,0,0,0,0,0,0,27656.490234,27656.490234,27656.490234,14989.855469,13412.476562,15195.806641,40000.0,40000.0,9100.755859,7653.137207,6670.46582,6570.671387,40000.0,40000.0,40000.0,40000.0,7228.898438,7370.534668,6947.78125,5577.802734,19703.197266,27656.490234,27656.490234,27656.490234,5000.0,59302.068313,-29352.838369,52881.667539,0,true,true,1.0,-278.390732,0,0.0,0.0,1.0
12,3918,12.5,17511.744941,-75028.154183,13843.020443,-72549.490465,26986.78586,-981.964538,-1641.209799,-3177.994076,3.341707,-35.459621,-115.117775,-1.0,0.0,1.0,0.0,0.139986,-0.069993,0,0,0,0,0,0,0,0,0,0,0,0,0,0,0,27602.847656,27602.847656,27602.847656,15001.990234,13289.091797,15071.382812,40000.0,40000.0,9216.325195,7745.87207,6753.452148,6649.759277,40000.0,40000.0,40000.0,40000.0,7262.968262,7329.522949,6803.664551,5538.252441,19581.730469,27602.847656,27602.847656,27602.847656,5000.0,59445.400834,-29259.760241,52664.464097,0,true,true,1.0,-278.380732,0,0.0,0.0,1.0
12,3919,12.55,17568.375572,95259.77861,13936.969833,96412.520632,27179.655056,-924.005572,-1527.157491,-3226.220429,3.513843,-35.033443,-115.413765,-1.0,0.0,1.0,0.0,0.209979,-0.209979,0,0,0,0,0,0,0,0,0,0,0,0,0,0,0,27558.958984,27558.958984,27558.958984,15066.913086,13305.857422,14739.724609,40000.0,40000.0,9758.006836,7870.080078,6857.765137,6743.262695,40000.0,40000.0,40000.0,40000.0,7295.338867,7278.758789,6638.450195,5479.318848,19401.291016,27558.958984,27558.958984,27558.958984,5000.0,59757.099449,-28978.016754,52331.321744,0,true,true,1.0,-278.370732,0,0.0,0.0,1.0
12,3920,12.6,17598.775351,-75058.553962,13986.98544,-72599.506072,27287.954871,-918.23319,-1507.260927,-3306.309821,3.776211,-34.489208,-115.871338,-1.0,0.0,1.0,0.0,0.069993,-0.069993,0,0,0,0,0,0,0,0,0,0,0,0,0,0,0,27747.492188,27747.492188,27747.492188,15146.414062,13317.333008,10667.946289,40000.0,40000.0,10418.978516,7926.794922,6894.310059,6764.894043,40000.0,40000.0,40000.0,40000.0,7277.870117,7238.004395,6566.272949,5422.353027,19225.613281,27747.492188,27747.492188,27747.492188,5000.0,60325.2335,-28547.769166,51842.476237,0,true,true,1.0,-278.360732,0,0.0,0.0,1.0
12,3921,12.65,17660.458587,95198.095375,14087.164269,96312.341804,27520.351981,-865.95995,-1396.841303,-3347.067317,4.177676,-33.718243,-116.583824,-1.0,0.0,1.0,0.0,0.349965,-0.629937,0,0,0,0,0,0,0,0,0,0,0,0,0,0,0,27885.767578,27885.767578,27885.767578,15304.667969,13363.035156,10030.125,40000.0,40000.0,40000.0,8060.141113,7090.396484,6837.289062,40000.0,40000.0,40000.0,40000.0,7277.126465,7177.07959,6419.82373,5334.86084,18962.328125,27885.767578,27885.767578,27885.767578,5000.0,61068.806053,-27867.165151,51197.303623,0,true,true,1.0,-278.350732,0,0.0,0.0,1.0
12,3922,12.7,17685.971668,-75084.067043,14128.05939,-72640.401194,27620.564703,-860.283315,-1375.936711,-3398.906087,4.424537,-33.289291,-117.028877,-1.0,0.0,1.0,0.0,0.172627,-0.402796,0,0,0,0,0,0,0,0,0,0,0,0,0,0,0,28020.353516,28020.353516,28020.353516,26325.775391,13394.951172,10027.960938,40000.0,40000.0,40000.0,8116.521973,7201.683105,6857.632812,40000.0,40000.0,40000.0,40000.0,7264.759766,7150.959473,6373.146484,5290.60791,18830.667969,28020.353516,28020.353516,28020.353516,5000.0,61523.637463,-27437.877599,50826.119251,0,true,true,1.0,-278.340732,0,0.0,0.0,1.0
12,3923,12.75,17737.566169,95146.500874,14209.552546,96230.848647,27830.166462,-837.013599,-1311.321718,-3452.111304,4.97087,-32.383377,-118.031708,-1.0,0.0,1.0,0.0,0.069993,-0.209979,0,0,0,0,0,0,0,0,0,0,0,0,0,0,0,28324.027344,27053.564453,28324.027344,25902.212891,13481.649414,10032.587891,40000.0,40000.0,40000.0,8237.667969,7420.869141,6896.172852,40000.0,40000.0,40000.0,40000.0,7236.358887,7103.273926,6294.395996,5200.502441,18566.21875,28324.027344,28324.027344,28324.027344,5000.0,62493.095718,-26453.031931,50046.71732,0,true,true,1.0,-278.330732,0,0.0,0.0,1.0
12,3924,12.8,17774.060951,-75120.561825,14266.066909,-72696.915556,27983.134722,-826.326017,-1271.795907,-3489.425186,5.384177,-31.683889,-118.807236,-1.0,0.0,1.0,0.0,0.069993,-0.069993,0,0,0,0,0,0,0,0,0,0,0,0,0,0,0,28590.896484,26322.308594,28590.896484,25598.085938,13555.331055,10039.723633,40000.0,40000.0,40000.0,8326.027344,7482.851562,6919.867188,40000.0,40000.0,40000.0,40000.0,7212.100098,7071.210938,6247.945312,5135.214355,18376.685547,28590.896484,24121.546875,28590.896484,5000.0,63234.94485,-25670.366551,49440.776212,0,true,true,1.0,-278.320732,0,0.0,0.0,1.0
12,3925,12.85,17810.646659,95109.915166,14321.628347,96175.287209,28139.6277,-819.673282,-1236.212075,-3524.77191,5.756411,-31.025097,-119.519318,-1.0,0.0,1.0,0.0,0.0,0.0,0,0,0,0,0,0,0,0,0,0,0,0,0,0,0,28831.943359,25875.884766,28831.943359,25322.869141,13431.787109,10050.507812,40000.0,40000.0,40000.0,8415.496094,7534.279785,6947.64209,40000.0,40000.0,40000.0,40000.0,7193.342285,7041.236328,6198.172363,5074.987305,18412.689453,28831.943359,23023.691406,28831.943359,5000.0,63904.293075,-24934.151675,48877.153894,0,true,true,1.0,-278.310732,0,0.0,0.0,1.0
12,3926,12.9,17861.556194,-75171.47136,14397.835677,-72773.122886,28354.81902,-857.970443,-1293.685826,-3476.133788,6.186038,-30.204584,-120.359001,0.0,0.0,1.0,0.0,0.209979,-0.069993,0,0,0,0,0,0,0,0,0,0,0,0,0,0,0,29110.511719,25891.876953,29110.511719,25278.806641,13252.398438,10068.572266,40000.0,40000.0,40000.0,8539.149414,7610.052734,6994.530273,40000.0,40000.0,40000.0,40000.0,7178.453613,7001.712891,6116.658203,5000.680176,18726.689453,29110.511719,22640.203125,29110.511719,5000.0,64687.21008,-24041.873828,48183.403438,0,true,true,1.0,-278.300732,0,0.0,0.0,1.0
12,3927,12.95,17903.309967,95068.161393,14461.518993,96111.603894,28512.925936,-922.173049,-1413.268575,-3379.765135,6.480855,-29.557215,-120.947815,0.0,0.0,1.0,0.0,0.209979,0.0,0,0,0,0,0,0,0,0,0,0,0,0,0,0,0,29368.125,25948.667969,29368.125,25191.285156,13114.938477,10079.254883,15029.352539,40000.0,40000.0,8638.246094,7673.410156,7036.975586,40000.0,40000.0,40000.0,40000.0,7172.669922,6968.673828,6037.072266,4944.710938,18778.083984,29368.125,22356.267578,29368.125,5000.0,65272.918631,-23394.128559,47615.920805,0,true,true,1.0,-278.290732,0,0.0,0.0,1.0
12,3928,13.0,17945.652843,-75213.814236,14526.856843,-72838.460737,28659.047128,-983.150544,-1521.354709,-3295.161371,6.754179,-28.873259,-121.504753,0.0,0.0,1.0,0.0,0.209979,0.0,0,0,0,0,0,0,0,0,0,0,0,0,0,0,0,29699.177734,25890.052734,29699.177734,25157.298828,12976.591797,10564.231445,14615.421875,40000.0,40000.0,8736.094727,7736.276367,7079.736328,40000.0,40000.0,40000.0,40000.0,7167.763672,6933.557617,5949.245117,4889.149902,18880.640625,29699.177734,22076.773438,29699.177734,5000.0,65874.570128,-22760.528831,46991.091539,0,true,true,1.0,-278.280732,0,0.0,0.0,1.0
12,3929,13.05,18007.526789,95006.287447,14623.054945,96015.405792,28852.098039,-1062.256221,-1654.820906,-3179.139057,7.084732,-27.894844,-122.195747,0.0,0.0,1.0,0.0,0.279972,-0.069993,0,0,0,0,0,0,0,0,0,0,0,0,0,0,0,30240.234375,25828.628906,30240.234375,25090.982422,12785.646484,11281.525391,14294.78418,40000.0,40000.0,8873.974609,7827.904297,7145.549805,40000.0,40000.0,40000.0,40000.0,7166.681152,6880.460449,5804.708984,4813.144043,19074.296875,30240.234375,21702.714844,30240.234375,5000.0,66692.878391,-21939.767267,46066.199122,0,true,true,1.0,-278.270732,0,0.0,0.0,1.0
12,3930,13.1,18057.66546,-75263.952907,14701.255143,-72916.660934,28994.217691,-1121.581501,-1749.841729,-3095.593002,7.31147,-27.129824,-122.683395,0.0,0.0,1.0,0.0,0.139986,-0.069993,0,0,0,0,0,0,0,0,0,0,0,0,0,0,0,30713.880859,25803.994141,30713.880859,26486.568359,12640.726562,11635.121094,14059.616211,40000.0,40000.0,8984.151367,7903.214844,7201.812988,40000.0,40000.0,40000.0,40000.0,7170.52832,6837.78418,5678.999023,4755.766113,19257.974609,30713.880859,21424.992188,30713.880859,5000.0,67305.197088,-21337.129413,45324.006092,0,true,true,1.0,-278.260732,0,0.0,0.0,1.0
12,3931,13.15,18111.483789,94952.469118,14785.188999,95931.471936,29135.167787,-1179.312138,-1838.465338,-3010.492947,7.520556,-26.364803,-123.144814,0.0,0.0,1.0,0.0,0.069993,0.0,0,0,0,0,0,0,0,0,0,0,0,0,0,0,0,31221.130859,25670.904297,31221.130859,26880.318359,12497.111328,11639.948242,13831.708008,40000.0,40000.0,9103.214844,7986.789551,7266.452637,40000.0,40000.0,40000.0,40000.0,7180.313965,6794.069824,5538.304199,4698.881836,19457.642578,31221.130859,21154.025391,31221.130859,5000.0,67892.475277,-20750.537596,44571.448331,0,true,true,1.0,-278.250732,0,0.0,0.0,1.0
12,3932,13.2,18183.228496,-75335.697614,14896.804292,-73028.276228,29307.74654,-1252.16397,-1945.103501,-2909.82554,7.757745,-25.342936,-123.684418,0.0,0.0,1.0,0.0,0.209979,0.209979,0,0,0,0,0,0,0,0,0,0,0,0,0,0,0,31988.611328,25561.837891,31988.611328,31988.611328,12430.681641,11642.914062,9710.658203,40000.0,40000.0,9238.339844,8096.566895,7353.164062,40000.0,40000.0,40000.0,40000.0,7195.723633,6734.254883,5340.488281,4625.980469,19784.039062,31988.611328,20813.8125,31988.611328,5000.0,68646.5656,-20031.150857,43537.269956,0,true,true,1.0,-278.240732,0,0.0,0.0,1.0
12,3933,13.25,18240.185411,94895.512203,14985.054321,95843.221907,29434.238008,-1305.621317,-2020.244778,-2835.698785,7.875659,-24.554123,-123.961052,0.0,0.0,1.0,0.0,0.302047,0.377559,0,0,0,0,0,0,0,0,0,0,0,0,0,0,0,32645.111328,32645.111328,32645.111328,32645.111328,12408.858398,11633.608398,9056.012695,40000.0,40000.0,9681.504883,8178.912109,7422.604004,40000.0,40000.0,40000.0,40000.0,7211.302246,6680.918945,5163.088867,4571.338867,20073.931641,32645.111328,20571.720703,32645.111328,5000.0,69183.582731,-19615.500123,42707.391815,0,true,true,1.0,-278.230732,0,0.0,0.0,1.0
12,3934,13.3,18302.433016,-75397.945219,15081.08479,-73124.306698,29563.458435,-1358.042608,-2091.958431,-2756.962148,7.945295,-23.75301,-124.128891,0.0,0.0,1.0,0.0,0.139986,0.139986,0,0,0,0,0,0,0,0,0,0,0,0,0,0,0,33358.28125,33358.28125,33358.28125,33358.28125,12411.651367,11616.319336,9039.469727,40000.0,40000.0,10073.446289,8266.753906,7501.064941,40000.0,40000.0,40000.0,40000.0,7233.197754,6619.368164,4954.077637,4515.774414,20388.929688,33358.28125,20337.277344,33358.28125,5000.0,69685.196845,-19310.717595,41841.109143,0,true,true,1.0,-278.220732,0,0.0,0.0,1.0
12,3935,13.35,18386.725183,94811.220036,15210.456583,95713.850115,29725.77989,-1423.985661,-2180.860192,-2659.179351,8.008572,-22.733824,-124.286636,0.0,0.0,1.0,0.0,0.0,0.0,0,0,0,0,0,0,0,0,0,0,0,0,0,0,0,34012.988281,34349.074219,34349.074219,34349.074219,12410.970703,11594.791992,9020.629883,40000.0,40000.0,40000.0,8386.878906,7610.657227,40000.0,40000.0,40000.0,40000.0,7267.817383,6537.76709,4667.466309,4445.038086,20831.208984,34349.074219,20046.867188,34349.074219,5000.0,70287.226814,-18978.583649,40719.377805,0,true,true,1.0,-278.210732,0,0.0,0.0,1.0
12,3936,13.4,18453.022168,-75464.242203,15311.702966,-73225.553081,29844.663325,-1473.680918,-2247.463473,-2589.963973,8.041828,-22.137819,-124.372459,0.0,0.0,1.0,0.0,0.0,0.069993,0,0,0,0,0,0,0,0,0,0,0,0,0,0,0,33752.980469,34910.0,34910.0,34910.0,12423.439453,11593.320312,9019.638672,40000.0,40000.0,40000.0,8492.064453,7707.760254,40000.0,40000.0,40000.0,8467.154297,7306.50293,6482.66748,4525.397461,4397.367188,21047.230469,34910.0,19858.316406,34910.0,5000.0,70591.604241,-18791.296744,40070.024808,0,true,true,1.0,-278.200732,0,0.0,0.0,1.0
12,3937,13.45,18524.264158,94739.978046,15420.052497,95605.500584,29965.02964,-1516.219499,-2302.982951,-2513.352381,8.007812,-21.852564,-124.28064,0.0,0.0,1.0,0.0,-0.386772,0.386772,0,0,0,0,0,0,0,0,0,0,0,0,0,0,0,33526.328125,35019.582031,35019.582031,35019.582031,12428.5,11599.930664,9034.051758,40000.0,40000.0,40000.0,8616.011719,7828.894043,40000.0,40000.0,40000.0,8369.006836,7366.79541,6429.060059,4483.010254,20984.884766,20984.884766,34727.601562,19724.050781,35019.582031,5000.0,70616.774657,-18857.412824,39769.296157,0,true,true,1.0,-278.190732,0,0.0,0.0,1.0
12,3938,13.5,18592.875292,-75532.853338,15524.069989,-73329.570573,30074.78128,-1559.730981,-2362.835651,-2453.503452,7.847494,-22.051497,-123.850555,0.0,0.0,1.0,0.0,-0.338946,0.338946,0,0,0,0,0,0,0,0,0,0,0,0,0,0,0,33275.667969,34426.875,34426.875,34426.875,12399.981445,11604.652344,9063.423828,40000.0,40000.0,40000.0,8744.953125,7967.393555,40000.0,40000.0,40000.0,8222.704102,7450.42334,6378.266113,4450.777832,20512.560547,20512.560547,34327.113281,19690.113281,34426.875,5000.0,70220.309142,-19386.063984,39998.173781,0,true,true,1.0,-278.180732,0,0.0,0.0,1.0
12,3939,13.55,18704.51547,94628.337867,15693.096807,95436.473767,30242.747072,-1596.814968,-2417.988263,-2348.548672,7.550363,-22.562258,-123.065376,0.0,0.0,1.0,0.0,-0.209979,0.279972,0,0,0,0,0,0,0,0,0,0,0,0,0,0,0,33111.707031,24084.84375,33249.105469,33249.105469,12355.577148,11567.375977,9121.397461,40000.0,40000.0,40000.0,8962.817383,8204.482422,40000.0,40000.0,40000.0,7984.977539,7575.905762,6279.616699,4403.469727,19633.876953,19633.876953,33249.105469,19671.466797,33249.105469,5000.0,69408.262466,-20357.820734,40573.818903,0,true,true,1.0,-278.170732,0,0.0,0.0,1.0
12,3940,13.6,18760.791127,-75589.128994,15778.389864,-73414.86363,30323.378774,-1637.669252,-2483.532265,-2326.079639,7.325785,-22.962698,-122.483162,0.0,0.0,1.0,0.0,-0.069993,0.069993,0,0,0,0,0,0,0,0,0,0,0,0,0,0,0,32493.179688,24339.740234,32493.179688,32493.179688,12309.557617,11490.814453,9153.90332,40000.0,40000.0,40000.0,9073.376953,8332.569336,40000.0,40000.0,40000.0,7837.837402,7495.776367,5801.706543,4381.729004,19102.865234,19102.865234,32493.179688,19702.255859,32493.179688,5000.0,68838.462299,-21066.475641,41003.432332,0,true,true,1.0,-278.160732,0,0.0,0.0,1.0
12,3941,13.65,18855.57785,94533.551144,15922.553028,95292.310602,30454.283247,-1652.328759,-2517.017113,-2253.923406,7.113325,-23.367178,-121.941437,0.0,0.0,1.0,0.0,-0.069993,0.069993,0,0,0,0,0,0,0,0,0,0,0,0,0,0,0,31631.412109,23531.373047,31631.412109,31631.412109,12301.609375,11519.731445,9209.484375,40000.0,40000.0,40000.0,9266.661133,8538.46582,40000.0,40000.0,40000.0,7949.954102,7400.824219,5161.501953,4344.44043,18460.216797,18091.542969,31631.412109,20384.998047,31631.412109,5000.0,68181.163288,-21721.815177,41460.657032,0,true,true,1.0,-278.150732,0,0.0,0.0,1.0
12,3942,13.7,18928.179425,-75661.730569,16033.468036,-73525.778638,30550.971297,-1688.847774,-2584.092911,-2228.131043,6.926334,-23.738575,-121.472206,0.0,0.0,1.0,0.0,0.0,0.0,0,0,0,0,0,0,0,0,0,0,0,0,0,0,0,30924.333984,23328.236328,30924.333984,30924.333984,12291.899414,11543.054688,9255.249023,40000.0,40000.0,40000.0,9417.772461,8701.854492,40000.0,40000.0,40000.0,8038.819336,7327.404297,4710.17627,4317.697266,17947.552734,24234.615234,30924.333984,21097.400391,29819.677734,5000.0,67609.844234,-22282.792426,41870.809251,0,true,true,1.0,-278.140732,0,0.0,0.0,1.0
12,3943,13.75,19002.737999,94458.99257,16147.953323,95177.825315,30647.61381,-1706.849505,-2625.683673,-2193.149875,6.778082,-24.030478,-121.10527,0.0,0.0,1.0,0.0,0.0,0.0,0,0,0,0,0,0,0,0,0,0,0,0,0,0,0,30333.259766,23209.113281,30333.259766,30333.259766,12297.592773,11572.292969,9300.864258,40000.0,40000.0,40000.0,9573.888672,8866.37207,40000.0,40000.0,40000.0,8129.175293,7261.396484,4671.802246,4664.458984,17504.923828,30333.259766,30333.259766,21075.544922,29679.224609,5000.0,67118.112321,-22715.346658,42197.711307,0,true,true,1.0,-278.130732,0,0.0,0.0,1.0
12,3944,13.8,19102.354647,-75761.347216,16301.942804,-73679.768119,30773.199654,-1725.720741,-2675.602389,-2151.285449,6.624391,-24.324163,-120.729393,0.0,0.0,1.0,0.0,0.0,0.0,0,0,0,0,0,0,0,0,0,0,0,0,0,0,0,29684.0,22957.328125,29684.0,27961.476562,12319.181641,11615.216797,9359.483398,40000.0,40000.0,40000.0,9782.879883,9082.491211,40000.0,40000.0,40000.0,8248.852539,7182.044922,4620.983887,9194.421875,17001.298828,29684.0,29684.0,29684.0,29487.675781,5000.0,66563.349121,-23151.120612,42531.171489,0,true,true,1.0,-278.120732,0,0.0,0.0,1.0
12,3945,13.85,19186.240452,94375.106764,16432.597326,95047.170793,30876.324775,-1735.778712,-2709.703454,-2118.005707,6.528989,-24.489231,-120.498245,0.0,0.0,1.0,0.0,0.069993,0.0,0,0,0,0,0,0,0,0,0,0,0,0,0,0,0,29247.349609,22789.136719,29247.349609,28004.853516,23152.824219,11652.771484,9405.837891,40000.0,40000.0,40000.0,9958.236328,9260.681641,40000.0,40000.0,40000.0,8347.957031,7120.759277,4579.07666,9207.926758,16292.165039,29247.349609,29247.349609,29247.349609,29247.349609,5000.0,66182.72112,-23413.140845,42723.403477,0,true,true,1.0,-278.110732,0,0.0,0.0,1.0
12,3946,13.9,19269.684943,-75844.791708,16563.459289,-73810.630082,30976.831091,-1747.129239,-2746.202673,-2090.342541,6.443845,-24.619364,-120.293129,0.0,0.0,1.0,0.0,0.0,0.0,0,0,0,0,0,0,0,0,0,0,0,0,0,0,0,28861.050781,22623.996094,28861.050781,28861.050781,23117.078125,11689.446289,9449.158203,40000.0,40000.0,40000.0,10132.151367,9436.834961,40000.0,40000.0,40000.0,8446.139648,7061.338379,4537.614746,9355.288086,16140.899414,28861.050781,28861.050781,28861.050781,28861.050781,5000.0,65836.888571,-23641.024574,42875.49642,0,true,true,1.0,-278.100732,0,0.0,0.0,1.0
12,3947,13.95,19376.724221,94268.067486,16732.63244,94877.997642,31103.128058,-1756.205362,-2784.73457,-2056.807422,6.342671,-24.713423,-120.050667,0.0,0.0,1.0,0.0,0.530079,-0.069993,0,0,0,0,0,0,0,0,0,0,0,0,0,0,0,28455.976562,22405.623047,28455.976562,28455.976562,23059.724609,11509.054688,9719.610352,40000.0,40000.0,40000.0,10351.648438,9658.931641,40000.0,40000.0,40000.0,8557.866211,6984.348633,4483.361816,9787.947266,16010.03418,28455.976562,20432.265625,28455.976562,28455.976562,5000.0,65455.537613,-23899.941323,42986.400807,0,true,true,1.0,-278.090732,0,0.0,0.0,1.0
12,3948,14.0,19461.600326,-75929.667812,16867.837094,-73945.834736,31201.479868,-1761.818294,-2812.942757,-2032.508974,6.269164,-24.624035,-119.874672,0.0,0.0,1.0,0.0,0.349965,-0.069993,0,0,0,0,0,0,0,0,0,0,0,0,0,0,0,28316.753906,22208.201172,28316.753906,28316.753906,22985.376953,11415.566406,9936.633789,40000.0,40000.0,40000.0,10513.571289,9823.350586,40000.0,40000.0,40000.0,8538.888672,6317.543945,4435.672363,17691.339844,15886.898438,28316.753906,18247.226562,28316.753906,28316.753906,5000.0,65286.83754,-24066.603661,42888.327178,0,true,true,1.0,-278.080732,0,0.0,0.0,1.0
12,3949,14.05,19541.363823,94188.30399,16995.734214,94750.100522,31292.555535,-1771.739245,-2846.968046,-2014.227713,6.198172,-24.466202,-119.703903,0.0,0.0,1.0,0.0,0.069993,0.0,0,0,0,0,0,0,0,0,0,0,0,0,0,0,0,28268.173828,22008.314453,28268.173828,28268.173828,22901.253906,11320.635742,10131.798828,40000.0,40000.0,40000.0,10659.521484,9972.539062,40000.0,40000.0,40000.0,8617.118164,5160.589844,4734.178711,17535.664062,15762.013672,28268.173828,18112.332031,28268.173828,28268.173828,5000.0,65183.947979,-24219.419527,42711.275031,0,true,true,1.0,-278.070732,0,0.0,0.0,1.0
12,3950,14.1,19620.745397,-76009.049386,17123.832282,-74073.932804,31382.015773,-1777.264812,-2874.040982,-1994.5938,6.129566,-24.287615,-119.537819,0.0,0.0,1.0,0.0,0.069993,0.0,0,0,0,0,0,0,0,0,0,0,0,0,0,0,0,28245.792969,21807.498047,28245.792969,28245.792969,22814.089844,11223.402344,10323.998047,40000.0,40000.0,40000.0,10803.354492,10119.69043,40000.0,40000.0,40000.0,8694.276367,5100.238281,5158.993164,17379.587891,15636.069336,28245.792969,17975.527344,28245.792969,28227.751953,5000.0,65098.347122,-24364.985791,42510.795259,0,true,true,1.0,-278.060732,0,0.0,0.0,1.0
12,3951,14.15,19704.50038,94104.549006,17259.87875,94614.054054,31475.243691,-1777.507965,-2893.678402,-1971.711816,6.061884,-24.081877,-119.37278,0.0,0.0,1.0,0.0,0.209979,0.069993,0,0,0,0,0,0,0,0,0,0,0,0,0,0,0,28244.066406,21596.513672,28244.066406,28244.066406,22670.246094,11118.021484,10526.517578,40000.0,40000.0,40000.0,10954.348633,10274.043945,40000.0,40000.0,40000.0,8656.716797,5037.55127,8574.816406,17215.625,15502.698242,28244.066406,17829.068359,28244.066406,27971.810547,5000.0,65023.194466,-24506.20797,42280.540558,0,true,true,1.0,-278.050732,0,0.0,0.0,1.0
12,3952,14.2,19811.203951,-76115.752957,17434.508107,-74248.56216,31592.324892,-1788.281456,-2935.920672,-1949.797479,5.970333,-23.728642,-119.147202,0.0,0.0,1.0,0.0,0.209979,0.0,0,0,0,0,0,0,0,0,0,0,0,0,0,0,0,28348.708984,21309.416016,28348.708984,28348.708984,22460.164062,10976.321289,10657.59668,40000.0,40000.0,40000.0,11138.508789,10463.979492,40000.0,40000.0,10578.311523,8516.857422,4954.634766,8813.046875,16994.164062,15322.295898,28348.708984,17631.384766,28348.708984,27650.414062,5000.0,64990.514321,-24691.634226,41882.355571,0,true,true,1.0,-278.040732,0,0.0,0.0,1.0
12,3953,14.25,19891.159628,94024.59333,17566.331896,94482.230264,31678.889689,-1787.388523,-2953.097866,-1928.802166,5.903625,-23.416849,-118.980659,0.0,0.0,1.0,0.0,0.209979,0.0,0,0,0,0,0,0,0,0,0,0,0,0,0,0,0,28486.673828,21088.953125,28486.673828,28486.673828,22294.439453,10865.782227,10703.657227,9495.271484,40000.0,40000.0,11272.811523,10602.9375,40000.0,40000.0,10392.388672,8411.744141,4892.173828,8904.459961,16872.150391,15183.225586,28486.673828,17477.96875,28486.673828,27394.021484,5000.0,65000.251063,-24823.224402,41530.931758,0,true,true,1.0,-278.030732,0,0.0,0.0,1.0
12,3954,14.3,19993.952603,-76218.545933,17737.032823,-74419.263087,31788.735121,-1793.474898,-2987.405017,-1905.969819,5.816995,-22.953768,-118.761002,0.0,0.0,1.0,0.0,0.139986,0.069993,0,0,0,0,0,0,0,0,0,0,0,0,0,0,0,28747.699219,20800.513672,28747.699219,28747.699219,22072.693359,10718.936523,10706.269531,9511.880859,40000.0,40000.0,11440.244141,10777.262695,40000.0,40000.0,10152.822266,8274.700195,4810.899414,9019.704102,16661.128906,14999.836914,28747.699219,17274.585938,28747.699219,27042.484375,5000.0,65053.862615,-24992.165827,41008.014015,0,true,true,1.0,-278.020732,0,0.0,0.0,1.0
12,3955,14.35,20075.553989,93942.991944,17873.548113,94345.714973,31874.845698,-1791.076841,-3002.882808,-1883.921271,5.747395,-22.578217,-118.581467,0.0,0.0,1.0,0.0,0.139986,0.069993,0,0,0,0,0,0,0,0,0,0,0,0,0,0,0,28975.958984,20568.109375,28975.958984,28975.958984,21897.037109,10602.724609,10707.768555,9524.759766,40000.0,40000.0,11572.575195,10915.583984,40000.0,40000.0,9965.322266,8167.051758,4873.387207,9112.360352,16483.849609,14988.973633,28975.958984,17113.955078,28975.958984,26772.550781,5000.0,65096.41357,-25131.907936,40583.177709,0,true,true,1.0,-278.010732,0,0.0,0.0,1.0
12,3956,14.4,20157.819071,-76300.811015,18012.081301,-74557.796274,31960.667285,-1794.824451,-3029.140529,-1864.872177,5.666946,-22.180962,-118.370598,0.0,0.0,1.0,0.0,0.209979,0.139986,0,0,0,0,0,0,0,0,0,0,0,0,0,0,0,29240.699219,20325.064453,29240.699219,29240.699219,21722.683594,10485.136719,10707.083008,9537.085938,40000.0,40000.0,11703.239258,11054.186523,40000.0,40000.0,9854.756836,8054.188965,5162.581543,9207.757812,16300.583008,15403.536133,29240.699219,16952.03125,29240.699219,26446.746094,5000.0,65138.939906,-25302.975871,40130.552517,0,true,true,1.0,-278.000732,0,0.0,0.0,1.0
12,3957,14.45,20263.943542,93836.867473,18192.175875,94165.620399,32069.903014,-1794.632068,-3055.746989,-1837.397008,5.531927,-21.559017,-118.009117,0.0,0.0,1.0,0.0,0.430489,0.122997,0,0,0,0,0,0,0,0,0,0,0,0,0,0,0,29745.046875,19976.363281,29745.046875,29745.046875,21497.050781,10421.795898,10695.827148,9547.552734,40000.0,40000.0,11858.899414,11225.802734,40000.0,40000.0,9926.158203,7890.421875,5547.511719,9331.816406,16042.15918,15528.544922,29745.046875,16735.244141,29745.046875,26073.691406,5000.0,65235.433206,-25607.408589,39413.521049,0,true,true,1.0,-277.990732,0,0.0,0.0,1.0
12,3958,14.5,20346.657606,-76383.525079,18333.699839,-74699.320238,32153.924428,-1793.181945,-3075.722533,-1814.771602,5.416681,-20.990692,-117.692627,0.0,0.0,1.0,0.0,0.349965,0.069993,0,0,0,0,0,0,0,0,0,0,0,0,0,0,0,30278.007812,19685.404297,30278.007812,30278.007812,21316.783203,10394.567383,10680.823242,9551.558594,40000.0,40000.0,11972.603516,11354.508789,40000.0,40000.0,9975.217773,5861.35791,7788.943848,9415.129883,15830.884766,15286.441406,30278.007812,16560.707031,30278.007812,25804.623047,5000.0,65349.911802,-25874.713933,38756.39984,0,true,true,1.0,-277.980732,0,0.0,0.0,1.0
12,3959,14.55,20432.053724,93751.471355,18480.953982,94018.366256,32239.630822,-1788.766975,-3092.789944,-1789.225835,5.302932,-20.375448,-117.371849,0.0,0.0,1.0,0.0,0.209979,0.0,0,0,0,0,0,0,0,0,0,0,0,0,0,0,0,30905.470703,19392.162109,30905.470703,30905.470703,21128.214844,10366.098633,10664.642578,9554.762695,40000.0,40000.0,12089.216797,11486.657227,40000.0,40000.0,10026.170898,5747.955078,8115.13623,9974.204102,15615.454102,15521.875977,30905.470703,16380.530273,30905.470703,25436.779297,5000.0,65480.338684,-26144.190992,38045.979878,0,true,true,1.0,-277.970732,0,0.0,0.0,1.0
12,3960,14.6,20516.223115,-76467.69447,18627.356905,-74845.723161,32323.216622,-1803.126094,-3143.299168,-1771.877065,5.192183,-19.744108,-117.050301,0.0,0.0,1.0,0.0,0.069993,0.0,0,0,0,0,0,0,0,0,0,0,0,0,0,0,0,31604.955078,19111.953125,31604.955078,31604.955078,20942.539062,10337.135742,10648.553711,9557.488281,40000.0,40000.0,12203.375977,11616.774414,40000.0,40000.0,10076.400391,5638.380859,8442.360352,18466.671875,16141.131836,16563.349609,31604.955078,16203.910156,31604.955078,25152.447266,5000.0,65613.375568,-26415.941259,37316.639802,0,true,true,1.0,-277.960732,0,0.0,0.0,1.0
12,3961,14.65,20601.714243,93665.980227,18777.262707,93868.460454,32406.801899,-1784.146095,-3137.664957,-1737.9478,5.093613,-19.155891,-116.755432,0.0,0.0,1.0,0.0,0.069993,0.069993,0,0,0,0,0,0,0,0,0,0,0,0,0,0,0,32282.603516,18847.423828,32154.728516,32282.603516,20758.208984,10314.827148,10636.749023,9563.788086,40000.0,40000.0,12326.321289,11754.141602,40000.0,40000.0,10134.839844,5536.314453,8777.208008,18235.082031,16362.584961,17640.177734,32282.603516,16032.227539,32282.603516,24880.535156,5000.0,65713.342464,-26666.178562,36638.927898,0,true,true,1.0,-277.950732,0,0.0,0.0,1.0
12,3962,14.7,20695.15335,-76561.133577,18942.683286,-75011.14374,32496.934116,-1785.696638,-3171.253572,-1710.433333,5.018508,-18.696331,-116.52462,0.0,0.0,1.0,0.0,0.069993,0.0,0,0,0,0,0,0,0,0,0,0,0,0,0,0,0,32765.525391,18594.65625,31901.833984,32765.525391,20566.041016,10309.506836,10639.294922,9579.946289,40000.0,40000.0,12480.047852,11918.130859,40000.0,40000.0,10218.154297,5435.508301,9105.699219,18008.162109,16468.695312,18513.683594,32175.96875,15862.038086,32765.525391,24530.560547,5000.0,65724.796461,-26861.81027,36116.339792,0,true,true,1.0,-277.940732,0,0.0,0.0,1.0
12,3963,14.75,20776.95555,93584.178027,19087.950975,93723.192765,32578.159488,-1745.65913,-3092.606657,-1795.99629,4.957392,-18.23457,-116.332466,-1.0,0.0,1.0,0.0,0.069993,-0.069993,0,0,0,0,0,0,0,0,0,0,0,0,0,0,0,33306.402344,18372.117188,31671.0,33306.402344,20390.513672,10302.542969,10638.638672,9591.005859,40000.0,40000.0,12610.992188,12057.944336,40000.0,40000.0,10288.720703,5647.677734,9191.40918,17788.517578,16611.441406,19503.705078,31664.736328,15708.931641,33306.402344,24271.023438,5000.0,65772.44729,-27017.485417,35595.357333,0,true,true,1.0,-277.930732,0,0.0,0.0,1.0
12,3964,14.8,20876.686864,-76660.864892,19263.700034,-75186.892799,32688.711339,-1691.879329,-2972.14457,-1956.562112,4.90924,-17.737696,-116.176888,-1.0,0.0,1.0,0.0,0.0,0.0,0,0,0,0,0,0,0,0,0,0,0,0,0,0,0,33845.257812,18131.277344,31398.341797,33845.257812,20175.335938,10305.229492,10645.175781,9735.287109,40000.0,40000.0,12778.06543,12231.288086,40000.0,40000.0,10382.740234,5915.895508,9296.342773,17553.408203,16698.302734,20433.634766,31121.441406,15528.290039,33845.257812,24022.611328,5000.0,65810.017133,-27129.673944,35056.064404,0,true,true,1.0,-277.920732,0,0.0,0.0,1.0
12,3965,14.85,20957.532482,93503.332409,19405.093715,93581.799084,32788.028583,-1642.506465,-2866.36213,-2075.052272,4.884335,-17.473976,-116.094681,-1.0,0.0,1.0,0.0,0.0,0.0,0,0,0,0,0,0,0,0,0,0,0,0,0,0,0,34009.003906,17946.878906,31200.103516,34009.003906,20011.941406,10319.400391,10660.604492,9888.638672,40000.0,40000.0,12924.472656,12379.998047,40000.0,40000.0,10350.174805,6132.958984,9386.533203,17390.529297,16611.519531,21192.205078,30742.355469,15393.958984,34009.003906,23808.236328,5000.0,65762.945589,-27187.069535,34792.920029,0,true,true,1.0,-277.910732,0,0.0,0.0,1.0
12,3966,14.9,21027.873606,-76731.206016,19527.389342,-75309.188426,32881.119158,-1607.507394,-2789.649869,-2176.461375,4.865777,-17.274309,-116.0326,-1.0,0.0,1.0,0.0,0.0,0.0,0,0,0,0,0,0,0,0,0,0,0,0,0,0,0,34076.417969,17807.519531,31041.107422,33943.304688,19872.931641,10334.530273,10676.385742,10024.017578,40000.0,40000.0,13053.644531,12510.62207,40000.0,40000.0,10386.188477,6321.087402,9465.567383,17255.097656,16484.078125,22205.5,30427.322266,15279.97168,34076.417969,23627.630859,5000.0,65704.365983,-27229.868702,34606.355096,0,true,true,1.0,-277.900732,0,0.0,0.0,1.0
12,3967,14.95,21123.680407,93407.525608,19692.879374,93416.309052,33018.318365,-1559.423582,-2686.202924,-2305.041964,4.848187,-17.082485,-115.973099,-1.0,0.0,1.0,0.0,0.0,0.0,0,0,0,0,0,0,0,0,0,0,0,0,0,0,0,33980.40625,17649.458984,30893.996094,33718.699219,19689.917969,40000.0,10616.074219,10075.407227,40000.0,40000.0,13235.430664,12692.658203,40000.0,40000.0,10273.606445,6576.442871,9575.553711,17085.789062,16196.507812,33980.40625,30032.416016,15131.438477,33980.40625,23357.693359,5000.0,65580.492869,-27268.972952,34457.49207,0,true,true,1.0,-277.890732,0,0.0,0.0,1.0
12,3968,15.0,21189.492438,-76797.018046,19805.869426,-75422.178478,33119.294261,-1529.43963,-2621.514519,-2389.313713,4.838768,-16.978703,-115.940956,-1.0,0.0,1.0,0.0,0.0,0.0,0,0,0,0,0,0,0,0,0,0,0,0,0,0,0,33836.152344,17535.388672,30751.375,33567.941406,19566.777344,40000.0,10519.291016,10208.674805,40000.0,40000.0,13361.995117,12818.892578,40000.0,40000.0,10201.064453,7381.214844,9538.961914,16974.791016,15946.779297,33836.152344,29773.546875,15690.167969,33836.152344,23194.111328,5000.0,65479.526885,-27289.214574,34395.221221,0,true,true,1.0,-277.880732,0,0.0,0.0,1.0
12,3969,15.05,21278.011287,93319.006759,19956.974503,93265.203975,33263.864755,-1488.27562,-2534.366973,-2493.587088,4.829696,-16.87801,-115.909805,-1.0,0.0,1.0,0.0,0.0,0.0,0,0,0,0,0,0,0,0,0,0,0,0,0,0,0,33534.148438,17389.556641,30565.775391,33413.96875,19404.419922,40000.0,10390.672852,10390.803711,40000.0,40000.0,13534.711914,12990.407227,40000.0,40000.0,10109.898438,8464.151367,9642.038086,16832.515625,15541.180664,33534.148438,29441.652344,15558.771484,33534.148438,22993.671875,5000.0,65322.007225,-27307.291441,34366.126104,0,true,true,1.0,-277.870732,0,0.0,0.0,1.0
12,3970,15.1,21342.187323,-76861.194082,20065.922373,-75531.126349,33374.820557,-1460.478747,-2475.567171,-2565.071419,4.824779,-16.823147,-115.892853,-1.0,0.0,1.0,0.0,0.0,0.0,0,0,0,0,0,0,0,0,0,0,0,0,0,0,0,33256.957031,17287.574219,30434.298828,33256.957031,19288.460938,40000.0,10298.395508,10524.131836,40000.0,40000.0,13660.998047,13115.37207,40000.0,40000.0,7596.86377,8633.095703,9716.907227,16732.648438,15207.015625,33256.957031,29208.890625,15465.161133,33256.957031,22851.689453,5000.0,65197.322556,-27316.210289,34372.566862,0,true,true,1.0,-277.860732,0,0.0,0.0,1.0
12,3971,15.15,21405.565869,93255.628213,20173.030304,93158.096045,33489.417061,-1436.189877,-2423.526449,-2634.254845,4.821082,-16.781752,-115.880066,-1.0,0.0,1.0,0.0,0.0,0.0,0,0,0,0,0,0,0,0,0,0,0,0,0,0,0,32939.722656,17189.527344,30306.654297,32939.722656,19175.216797,40000.0,10208.001953,10656.671875,40000.0,40000.0,13786.361328,13239.233398,40000.0,40000.0,7537.89502,8654.927734,9779.361328,16636.28125,14846.541992,32939.722656,14735.257812,16031.553711,32939.722656,22713.833984,5000.0,65066.676556,-27322.108741,34398.956536,0,true,true,1.0,-277.850732,0,0.0,0.0,1.0
12,3972,15.2,21488.976352,-76944.604565,20313.275583,-75671.371628,33647.688395,-1405.043365,-2357.346794,-2718.906363,4.82869,-16.695015,-115.906479,-1.0,0.0,1.0,0.0,0.139986,-0.139986,0,0,0,0,0,0,0,0,0,0,0,0,0,0,0,32555.009766,17067.601562,30083.515625,32555.009766,19017.0,40000.0,10082.277344,10834.849609,10538.053711,40000.0,13950.520508,13398.780273,40000.0,40000.0,7470.758301,8865.827148,10033.899414,16498.601562,13861.484375,32555.009766,14612.857422,15906.982422,32555.009766,22532.361328,5000.0,64931.496926,-27280.306912,34408.849467,0,true,true,1.0,-277.840732,0,0.0,0.0,1.0
12,3973,15.25,21548.69038,93195.914186,20413.184801,93058.186827,33766.025785,-1385.514699,-2314.883488,-2777.196926,4.870983,-16.48691,-116.054291,-1.0,0.0,1.0,0.0,0.139986,-0.139986,0,0,0,0,0,0,0,0,0,0,0,0,0,0,0,32537.332031,16994.978516,29891.869141,32537.332031,18870.160156,40000.0,9968.051758,10860.756836,10555.208984,40000.0,14063.522461,13500.581055,40000.0,40000.0,7452.915527,8992.339844,10192.857422,16391.503906,13767.154297,32537.332031,14519.033203,15801.601562,32537.332031,22394.984375,5000.0,64978.992006,-27097.301228,34268.152414,0,true,true,1.0,-277.830732,0,0.0,0.0,1.0
12,3974,15.3,21632.109809,-77028.023995,20552.008305,-75810.195132,33938.186687,-1358.583884,-2255.272854,-2849.202031,4.969966,-16.053808,-116.406448,-1.0,0.0,1.0,0.0,0.0,-0.069993,0,0,0,0,0,0,0,0,0,0,0,0,0,0,0,31728.765625,16885.794922,29630.625,32422.773438,18632.175781,40000.0,9841.955078,10864.202148,10543.921875,40000.0,14218.650391,13630.719727,40000.0,40000.0,7464.113281,9141.376953,10367.083984,16320.897461,13680.694336,32768.546875,14383.810547,15639.59082,32768.546875,22199.230469,5000.0,65190.84299,-26669.564102,33931.532996,0,true,true,1.0,-277.820732,0,0.0,0.0,1.0
12,3975,15.35,21690.02526,93137.998735,20647.824912,92962.370219,34061.915637,-1343.30205,-2218.494343,-2895.874598,5.049296,-15.701751,-116.695351,-1.0,0.0,1.0,0.0,0.0,0.0,0,0,0,0,0,0,0,0,0,0,0,0,0,0,0,30952.037109,16835.869141,29440.537109,32167.037109,18458.71875,40000.0,9856.805664,10863.554688,10530.887695,40000.0,14325.40625,13717.048828,40000.0,40000.0,7483.40332,9235.173828,10471.532227,16284.31543,13623.426758,33026.96875,14289.157227,15523.356445,33026.96875,22110.314453,5000.0,65384.387394,-26318.061398,33648.338324,0,true,true,1.0,-277.810732,0,0.0,0.0,1.0
12,3976,15.4,21747.364022,-77085.362757,20742.171695,-75904.541914,34187.568057,-1331.171621,-2186.191166,-2940.074437,5.117484,-15.33816,-116.948997,-1.0,0.0,1.0,0.0,0.349965,0.139986,0,0,0,0,0,0,0,0,0,0,0,0,0,0,0,29793.271484,16779.984375,29331.128906,32005.667969,18293.277344,40000.0,9870.804688,10863.688477,10520.460938,40000.0,14428.677734,13823.754883,40000.0,40000.0,7492.892578,9330.323242,10580.046875,16239.607422,13562.650391,33315.382812,14194.387695,15409.672852,33315.382812,21973.576172,5000.0,65569.659801,-26002.778805,33351.08742,0,true,true,1.0,-277.800732,0,0.0,0.0,1.0
12,3977,15.45,21826.717539,93058.645218,20871.823032,92832.718882,34366.204543,-1312.265835,-2137.295359,-2987.55684,5.185128,-14.704486,-117.207909,-1.0,0.0,1.0,0.0,0.628375,0.069819,0,0,0,0,0,0,0,0,0,0,0,0,0,0,0,28830.455078,17284.029297,29807.257812,31602.001953,18070.949219,20875.021484,9883.115234,10750.116211,10507.734375,40000.0,14548.854492,14001.473633,40000.0,40000.0,7474.337891,9466.251953,10743.426758,16145.674805,13460.476562,34013.59375,14053.121094,15248.311523,33256.625,21738.658203,5000.0,65866.190005,-25652.540281,32786.464076,0,true,true,1.0,-277.790732,0,0.0,0.0,1.0
12,3978,15.5,21883.949196,-77142.594414,20964.656567,-75997.375449,34497.963398,-1307.966135,-2117.265181,-3028.50985,5.223446,-14.084031,-117.360428,-1.0,0.0,1.0,0.0,0.526095,0.0,0,0,0,0,0,0,0,0,0,0,0,0,0,0,0,28226.263672,17161.0625,29964.869141,31360.507812,17950.589844,20662.550781,9885.074219,10742.368164,10494.631836,40000.0,14716.428711,14114.180664,40000.0,40000.0,7445.376465,9560.714844,10859.963867,16076.188477,13374.311523,34938.246094,13941.638672,15124.0,33067.144531,21557.228516,5000.0,66161.532361,-25419.270082,32190.731554,0,true,true,1.0,-277.780732,0,0.0,0.0,1.0
12,3979,15.55,21959.782078,92982.812336,21086.79161,92710.583839,34675.741784,-1299.821927,-2087.190256,-3068.304742,5.262746,-13.08015,-117.525024,-1.0,0.0,1.0,0.0,0.542906,0.0,0,0,0,0,0,0,0,0,0,0,0,0,0,0,0,27837.429688,36781.917969,29560.966797,31036.611328,17855.060547,20384.470703,9881.514648,10727.269531,10474.506836,40000.0,14915.754883,14247.783203,40000.0,40000.0,7390.890625,9682.914062,10995.353516,15994.369141,13248.74707,36781.917969,13785.855469,16062.161133,32733.273438,21328.083984,5000.0,66636.036879,-25130.420064,31188.428619,0,true,true,1.0,-277.770732,0,0.0,0.0,1.0
12,3980,15.6,22015.990076,-77198.802412,21176.699412,-76087.283252,34809.400957,-1299.159008,-2074.156747,-3098.452253,5.280879,-12.208014,-117.605782,-1.0,0.0,1.0,0.0,0.472603,0.105023,0,0,0,0,0,0,0,0,0,0,0,0,0,0,0,27095.484375,38733.289062,29275.1875,30801.626953,17777.105469,20187.091797,9875.219727,10737.058594,10459.833008,40000.0,15045.163086,14334.449219,40000.0,40000.0,7307.066406,9774.291992,40000.0,15881.058594,13337.537109,38733.289062,13665.77832,15929.623047,32523.943359,21150.794922,2633.675781,67034.992951,-24947.327606,30291.195011,0,true,true,1.0,-277.760732,0,0.0,0.0,1.0
12,3981,15.65,22087.436278,92911.366134,21290.232936,92597.050316,34981.382271,-1296.27366,-2055.509168,-3124.345405,5.271552,-11.166039,-117.557808,-1.0,0.0,1.0,0.0,0.423343,0.211671,0,0,0,0,0,0,0,0,0,0,0,0,0,0,0,26912.632812,16152.84082,29523.927734,30638.400391,17677.945312,19992.591797,9869.051758,10815.765625,10458.019531,40000.0,15168.041016,14424.143555,40000.0,40000.0,7394.048828,9914.209961,40000.0,15708.113281,14431.132812,40000.0,13516.185547,40000.0,32336.925781,20928.164062,2461.858398,67431.54576,-24892.270869,29210.132161,0,true,true,1.0,-277.750732,0,0.0,0.0,1.0
12,3982,15.7,22146.398732,-77257.764866,21383.436919,-76180.487235,35124.09319,-1296.144559,-2045.914471,-3141.579332,5.242656,-10.01222,-117.401009,-1.0,0.0,1.0,0.0,0.467635,0.233818,0,0,0,0,0,0,0,0,0,0,0,0,0,0,0,27199.533203,15984.644531,29336.208984,30450.037109,17576.697266,19852.955078,9854.419922,10804.835938,10458.074219,40000.0,15219.835938,14466.158203,40000.0,40000.0,7494.294434,10037.885742,40000.0,15526.467773,15253.345703,40000.0,13380.139648,40000.0,32091.890625,20769.921875,2319.147461,67856.776228,-24950.357875,27957.403738,0,true,true,1.0,-277.740732,0,0.0,0.0,1.0
12,3983,15.75,22221.859147,92835.905719,21502.227238,92478.259997,35307.398024,-1298.326809,-2041.092187,-3156.938593,5.196621,-8.379393,-117.115204,-1.0,0.0,1.0,0.0,0.470918,0.156973,0,0,0,0,0,0,0,0,0,0,0,0,0,0,0,27341.267578,15755.189453,29143.876953,30238.646484,17445.931641,19703.583984,9835.771484,10795.066406,10466.581055,40000.0,15259.521484,14505.99707,40000.0,40000.0,7627.801758,10209.289062,40000.0,16939.96875,16939.96875,40000.0,13207.167969,40000.0,31844.849609,20511.546875,2302.269775,68411.242852,-25109.471391,26152.32109,0,true,true,1.0,-277.730732,0,0.0,0.0,1.0
12,3984,15.8,22277.367495,-77313.273214,21589.393414,-76267.653411,35442.307899,-1304.421907,-2047.498325,-3168.559146,5.163191,-7.106907,-116.870476,-1.0,0.0,1.0,0.0,0.209979,0.069993,0,0,0,0,0,0,0,0,0,0,0,0,0,0,0,27841.917969,40000.0,29030.771484,30026.388672,17354.853516,19611.585938,9825.066406,10792.908203,10479.477539,40000.0,15282.214844,14533.712891,40000.0,40000.0,7730.416016,10308.229492,20681.650391,18862.625,18862.625,40000.0,13084.807617,40000.0,31829.693359,20277.869141,2167.359863,68807.916152,-25261.868975,24728.9404,0,true,true,1.0,-277.720732,0,0.0,0.0,1.0
12,3985,15.85,22334.863051,92778.410163,21679.82447,92387.828941,35580.74248,-1318.315746,-2084.232269,-3115.931313,5.133271,-5.831249,-116.60965,0.0,0.0,1.0,0.0,0.139986,0.069993,0,0,0,0,0,0,0,0,0,0,0,0,0,0,0,28112.449219,40000.0,28935.175781,29908.333984,17271.189453,19530.447266,9819.817383,10797.461914,10499.710938,40000.0,15312.109375,14569.620117,40000.0,40000.0,7841.953125,10336.576172,20375.925781,21607.226562,21607.226562,40000.0,12966.625977,40000.0,32248.646484,20099.574219,2028.925415,69165.05315,-25435.269652,23297.358571,0,true,true,1.0,-277.710732,0,0.0,0.0,1.0
12,3986,15.9,22411.535693,-77389.945856,21802.716339,-76390.54528,35753.516624,-1221.138405,-1961.100736,-2733.338075,5.104606,-4.274374,-116.291206,0.0,0.0,0.0,0.0,0.0,0.0,0,0,0,0,0,0,0,0,0,0,0,0,0,0,0,28657.746094,15224.942383,28819.980469,29770.642578,17177.609375,19430.412109,9822.382812,10812.701172,10593.526367,40000.0,15378.400391,14638.811523,40000.0,40000.0,7999.049805,10386.916016,40000.0,26049.294922,40000.0,40000.0,12823.240234,40000.0,40000.0,19920.695312,1856.151245,69545.215612,-25649.707263,21546.238109,0,true,true,1.0,-277.700732,0,0.0,0.0,1.0
12,3987,15.95,22460.825008,92729.120848,21882.117019,92308.428262,35862.674799,-1088.053174,-1763.781779,-2356.266252,5.092598,-3.413255,-116.115814,1.0,0.0,0.0,0.0,0.0,0.0,0,0,0,0,0,0,0,0,0,0,0,0,0,0,0,28961.929688,15112.421875,28646.117188,29690.533203,17128.746094,19367.910156,40000.0,10827.583008,10655.387695,40000.0,15438.305664,14696.308594,40000.0,40000.0,8103.087402,10425.712891,40000.0,40000.0,31550.185547,40000.0,12739.336914,40000.0,40000.0,19802.28125,1746.993042,69722.321815,-25768.449994,20588.106957,0,true,true,1.0,-277.690732,0,0.0,0.0,1.0
12,3988,16.0,22518.664458,-77447.785305,21978.040059,-76486.46832,35977.338496,-980.53341,-1649.761666,-1828.078121,5.083472,-2.570186,-115.944412,1.0,0.0,0.0,0.0,0.0,0.0,0,0,0,0,0,0,0,0,0,0,0,0,0,0,0,29255.058594,14990.862305,28431.589844,29597.091797,17079.048828,19289.199219,40000.0,10847.841797,10736.144531,40000.0,15529.265625,14778.833008,40000.0,40000.0,8229.336914,10478.637695,40000.0,40000.0,40000.0,40000.0,12647.064453,40000.0,40000.0,19661.574219,1632.329346,69862.011848,-25884.793281,19655.915476,0,true,true,1.0,-277.680732,0,0.0,0.0,1.0
12,3989,16.05,22558.060699,92689.724606,22045.635503,92240.832817,36044.403178,-903.47671,-1566.090342,-1460.081667,5.079576,-2.108818,-115.850716,1.0,0.0,0.0,0.0,0.0,0.0,0,0,0,0,0,0,0,0,0,0,0,0,0,0,0,29401.292969,14913.092773,28346.863281,29530.740234,17048.537109,19229.84375,40000.0,10839.506836,10795.929688,40000.0,15604.386719,14844.239258,40000.0,40000.0,8317.892578,10519.161133,40000.0,40000.0,31930.818359,40000.0,12587.049805,40000.0,40000.0,19525.654297,1565.264648,69916.061636,-25948.428092,19149.365141,0,true,true,1.0,-277.670732,0,0.0,0.0,1.0
12,3990,16.1,22605.493006,-77495.217612,22130.026328,-76570.859145,36110.454889,-808.452276,-1462.423508,-1007.347786,5.076551,-1.643473,-115.760147,1.0,0.0,0.0,0.0,0.0,0.0,0,0,0,0,0,0,0,0,0,0,0,0,0,0,0,29700.376953,14822.394531,28299.763672,29445.564453,17013.353516,19150.541016,40000.0,10786.53418,10872.336914,40000.0,15707.966797,14925.44043,40000.0,40000.0,8427.292969,10572.463867,40000.0,40000.0,31126.691406,40000.0,12516.575195,40000.0,40000.0,19416.828125,1499.213013,69950.606768,-26007.812324,18636.988381,0,true,true,1.0,-277.660732,0,0.0,0.0,1.0
12,3991,16.15,22639.120735,92656.096877,22192.329194,92178.52995,36145.226131,-736.38644,-1381.556936,-677.354771,5.075279,-1.354831,-115.712227,1.0,0.0,0.0,0.0,0.0,0.0,0,0,0,0,0,0,0,0,0,0,0,0,0,0,0,29621.904297,14759.272461,28304.416016,29379.802734,16988.646484,19087.494141,40000.0,10728.954102,10929.523438,40000.0,15790.833984,14992.480469,40000.0,40000.0,8506.863281,10613.34082,40000.0,40000.0,31029.40625,40000.0,12467.335938,40000.0,40000.0,19339.664062,1464.441772,69963.001988,-26034.566601,18313.845694,0,true,true,1.0,-277.650732,0,0.0,0.0,1.0
12,3992,16.2,22670.939505,-77527.036382,22253.663062,-76632.193012,36166.513861,-666.94009,-1303.970154,-356.12771,5.074582,-1.115447,-115.680359,1.0,0.0,0.0,0.0,-0.069993,-0.069993,0,0,0,0,0,0,0,0,0,0,0,0,0,0,0,29581.720703,14699.901367,28326.931641,29312.400391,16965.013672,19021.486328,40000.0,10667.855469,10986.115234,40000.0,15877.444336,15067.946289,40000.0,14865.672852,8584.013672,10654.807617,40000.0,40000.0,30962.816406,40000.0,12421.098633,40000.0,40000.0,19266.076172,1443.154053,69965.230939,-26047.146093,18039.141293,0,true,true,1.0,-277.640732,0,0.0,0.0,1.0
12,3993,16.25,22704.913672,92622.12271,22321.62639,92110.566622,36177.088187,-576.930217,-1158.156592,-160.978015,5.074214,-0.856519,-115.659378,0.0,0.0,0.0,0.0,-0.209979,0.0,0,0,0,0,0,0,0,0,0,0,0,0,0,0,0,29558.023438,14647.229492,28231.425781,29251.875,16939.146484,18944.433594,40000.0,10595.764648,11048.932617,40000.0,15977.918945,15153.516602,40000.0,14788.529297,8656.203125,10701.74707,40000.0,40000.0,30896.845703,40000.0,12371.836914,40000.0,40000.0,19186.486328,1432.579712,69971.089146,-26044.333583,17731.254599,0,true,true,1.0,-277.630732,0,0.0,0.0,1.0
12,3994,16.3,22733.903251,-77556.025961,22379.821422,-76690.388045,36185.238342,-487.168366,-977.96447,-136.131466,5.074532,-0.712359,-115.682869,0.0,0.0,0.0,0.0,-0.279972,-0.069993,0,0,0,0,0,0,0,0,0,0,0,0,0,0,0,29417.916016,14589.848633,28130.589844,29236.791016,16998.957031,18867.302734,40000.0,10524.167969,11106.164062,40000.0,16077.609375,15230.760742,40000.0,14784.445312,8796.756836,10742.969727,40000.0,40000.0,30889.435547,40000.0,12331.349609,40000.0,40000.0,19121.398438,1424.429565,69965.982662,-25999.916043,17565.750772,0,true,true,1.0,-277.620732,0,0.0,0.0,1.0
12,3995,16.35,22753.436761,92602.5892,22419.033899,92071.354145,36190.842749,-424.950576,-853.065579,-121.964339,5.075216,-0.712534,-115.738571,0.0,0.0,0.0,0.0,-0.362038,-0.144815,0,0,0,0,0,0,0,0,0,0,0,0,0,0,0,29365.414062,14565.862305,28044.275391,29175.685547,17092.560547,18804.673828,40000.0,10466.557617,11148.12793,40000.0,16157.952148,15290.270508,40000.0,14840.819336,8872.291016,10771.682617,40000.0,40000.0,30878.986328,40000.0,12305.501953,40000.0,40000.0,19080.277344,1418.825073,69945.681887,-25932.060074,17577.073849,0,true,true,1.0,-277.610732,0,0.0,0.0,1.0
12,3996,16.4,22775.1953,-77577.7845,22461.98502,-76733.339165,36200.708173,-387.720964,-744.088489,-280.408154,5.076581,-0.80822,-115.843674,-1.0,0.0,0.0,0.0,-0.139986,0.0,0,0,0,0,0,0,0,0,0,0,0,0,0,0,0,28856.994141,14547.901367,27929.212891,29098.054688,17224.673828,18724.439453,40000.0,10393.490234,11198.271484,40000.0,16260.873047,15363.854492,40000.0,14967.916992,8936.983398,10803.991211,40000.0,40000.0,30884.871094,40000.0,12278.391602,40000.0,40000.0,19038.029297,1408.959717,69908.647296,-25814.540623,17714.027203,0,true,true,1.0,-277.600732,0,0.0,0.0,1.0
12,3997,16.45,22791.155299,92586.629201,22491.268096,92042.071069,36218.882029,-382.395623,-685.618693,-514.010365,5.077865,-0.910851,-115.931107,-1.0,0.0,0.0,0.0,-0.069993,0.0,0,0,0,0,0,0,0,0,0,0,0,0,0,0,0,28571.566406,14539.206055,27842.957031,29041.453125,17328.306641,18665.976562,40000.0,10341.140625,11234.987305,40000.0,16336.924805,15417.393555,40000.0,15074.46875,8977.111328,10825.984375,40000.0,40000.0,30894.082031,40000.0,12259.420898,40000.0,40000.0,19009.806641,1390.785889,69876.000441,-25719.378556,17865.924084,0,true,true,1.0,-277.590732,0,0.0,0.0,1.0
12,3998,16.5,22812.914296,-77599.543497,22527.987383,-76770.058453,36259.452771,-374.607959,-608.702474,-814.801818,5.079937,-1.075087,-116.053436,-1.0,0.0,0.0,0.0,-0.069993,0.0,0,0,0,0,0,0,0,0,0,0,0,0,0,0,0,28174.443359,14531.701172,27728.126953,28889.427734,17471.826172,18602.009766,40000.0,10274.268555,11284.063477,40000.0,16437.441406,15487.510742,40000.0,15220.964844,9026.336914,10853.287109,40000.0,40000.0,30885.830078,40000.0,12234.508789,40000.0,40000.0,18974.597656,1350.215088,69826.03008,-25588.635765,18118.562043,0,true,true,1.0,-277.580732,0,0.0,0.0,1.0
12,3999,16.55,22828.193551,92571.349946,22551.638845,92018.419608,36298.407009,-370.219848,-558.947093,-1013.312212,5.081792,-1.228216,-116.147728,-1.0,0.0,0.0,0.0,-0.139986,0.0,0,0,0,0,0,0,0,0,0,0,0,0,0,0,0,27878.412109,14530.729492,27646.728516,28838.568359,17578.533203,18598.945312,40000.0,10228.90918,11318.462891,40000.0,16508.287109,15536.19043,40000.0,40000.0,9054.706055,10870.902344,40000.0,40000.0,30891.892578,40000.0,12217.966797,40000.0,40000.0,18952.623047,1311.260864,69781.900574,-25490.838518,18353.104776,0,true,true,1.0,-277.570732,0,0.0,0.0,1.0
12,4000,16.6,22848.705671,-77620.055617,22580.6562,-76799.075808,36364.176064,-363.411153,-493.563926,-1265.529649,5.085007,-1.471425,-116.287117,-1.0,0.0,0.0,0.0,-0.139986,0.0,0,0,0,0,0,0,0,0,0,0,0,0,0,0,0,27579.341797,14535.114258,27535.773438,28771.140625,17730.988281,18593.199219,40000.0,10169.765625,11364.833008,40000.0,16604.396484,15601.273438,40000.0,40000.0,9084.833008,10892.649414,40000.0,40000.0,30938.921875,40000.0,12197.097656,40000.0,40000.0,18934.935547,1245.491821,69714.899415,-25348.271189,18728.233302,0,true,true,1.0,-277.560732,0,0.0,0.0,1.0
12,4001,16.65,22867.134863,92552.920755,22604.010999,91995.06481,36436.82198,-356.733212,-436.440482,-1479.435641,5.088102,-1.686921,-116.401764,-1.0,0.0,0.0,0.0,-0.069993,-0.069993,0,0,0,0,0,0,0,0,0,0,0,0,0,0,0,27482.519531,40000.0,27444.726562,28716.894531,17861.613281,18590.466797,40000.0,10123.450195,11404.613281,40000.0,16684.255859,15655.0625,40000.0,40000.0,9111.504883,10909.685547,40000.0,40000.0,30960.001953,40000.0,12178.798828,40000.0,40000.0,18954.916016,1172.845947,69651.592308,-25232.899226,19073.752869,0,true,true,1.0,-277.550732,0,0.0,0.0,1.0
12,4002,16.7,22883.053567,-77635.974322,22622.266452,-76817.331261,36508.909376,-351.023884,-389.317548,-1653.382696,5.091847,-1.921972,-116.52301,-1.0,0.0,0.0,0.0,-0.139986,0.0,0,0,0,0,0,0,0,0,0,0,0,0,0,0,0,26750.828125,40000.0,27359.736328,28667.984375,17990.544922,18589.867188,40000.0,10081.925781,11440.466797,40000.0,40000.0,15704.158203,40000.0,40000.0,9124.061523,10923.582031,40000.0,40000.0,30988.849609,40000.0,12164.601562,40000.0,40000.0,18936.886719,1100.758545,69587.459372,-25111.778576,19442.906165,0,true,true,1.0,-277.540732,0,0.0,0.0,1.0
12,4003,16.75,22901.029007,92534.945315,22642.202856,91975.128405,36593.677589,-294.585215,-326.721909,-1389.944605,5.097696,-2.248477,-116.68647,0.0,0.0,0.0,0.0,0.0,0.0,0,0,0,0,0,0,0,0,0,0,0,0,0,0,0,26430.361328,40000.0,27254.130859,28609.025391,18157.050781,18590.623047,40000.0,10030.944336,11483.731445,40000.0,40000.0,15765.019531,40000.0,40000.0,9126.811523,10939.929688,40000.0,40000.0,31013.988281,40000.0,12150.357422,40000.0,40000.0,18924.179688,1015.990295,69500.176755,-24949.772966,19939.368169,0,true,true,1.0,-277.530732,0,0.0,0.0,1.0
12,4004,16.8,22912.384531,-77647.329846,22654.797169,-76829.925574,36647.303064,-259.466328,-287.771856,-1224.209774,5.102034,-2.468464,-116.793312,0.0,0.0,0.0,0.0,-0.069993,0.0,0,0,0,0,0,0,0,0,0,0,0,0,0,0,0,26380.826172,40000.0,27187.173828,28597.824219,18266.439453,18591.617188,40000.0,9996.947266,11389.116211,40000.0,40000.0,15775.789062,40000.0,40000.0,9127.352539,10837.154297,40000.0,25519.25,31045.251953,40000.0,12141.844727,40000.0,40000.0,18916.957031,962.364807,69439.118701,-24844.786513,20269.667131,0,true,true,1.0,-277.520732,0,0.0,0.0,1.0
12,4005,16.85,22926.355734,92520.974112,22670.29251,91959.633065,36713.466687,-214.499377,-237.8994,-1018.146832,5.107246,-2.706564,-116.909851,0.0,0.0,0.0,0.0,0.0,0.0,0,0,0,0,0,0,0,0,0,0,0,0,0,0,0,25704.308594,40000.0,15676.185547,28529.162109,18391.535156,18574.261719,40000.0,10000.714844,11422.299805,40000.0,40000.0,15809.21582,40000.0,40000.0,9033.793945,10850.008789,19405.009766,22501.605469,21255.314453,40000.0,12130.842773,40000.0,40000.0,18884.800781,896.201172,69368.665011,-24730.324382,20634.924768,0,true,true,1.0,-277.510732,0,0.0,0.0,1.0
12,4006,16.9,22934.814304,-77655.788415,22679.673836,-76839.3069,36753.579494,-188.607596,-209.18305,-894.378349,5.110518,-2.842461,-116.977913,0.0,0.0,0.0,0.0,0.0,0.0,0,0,0,0,0,0,0,0,0,0,0,0,0,0,0,25525.292969,40000.0,15663.642578,28504.427734,18466.181641,18548.064453,40000.0,10005.490234,11442.224609,40000.0,40000.0,15822.894531,40000.0,40000.0,9042.983398,10857.779297,19366.201172,20617.744141,20617.744141,40000.0,12124.133789,40000.0,40000.0,18860.832031,856.088379,69327.3249,-24663.24223,20845.703161,0,true,true,1.0,-277.500732,0,0.0,0.0,1.0
12,4007,16.95,22944.508871,92511.279544,22690.425997,91948.880903,36799.667394,-158.00569,-175.242741,-752.523891,5.113875,-2.975149,-117.044388,0.0,0.0,0.0,0.0,0.0,0.0,0,0,0,0,0,0,0,0,0,0,0,0,0,0,0,25347.833984,40000.0,15543.602539,28478.521484,18543.583984,18520.90625,40000.0,10011.076172,11463.954102,40000.0,40000.0,15838.537109,40000.0,40000.0,9054.192383,10866.30957,19385.521484,18811.027344,16088.505859,40000.0,12115.90332,40000.0,40000.0,18847.382812,810.000488,69283.874052,-24597.850791,21058.201174,0,true,true,1.0,-277.490732,0,0.0,0.0,1.0
12,4008,17.0,22950.378898,-77661.658441,22696.936392,-76845.817295,36827.61781,-140.067949,-155.348148,-666.077683,5.115793,-3.048242,-117.081017,0.0,0.0,0.0,0.0,0.0,0.0,0,0,0,0,0,0,0,0,0,0,0,0,0,0,0,25306.287109,40000.0,15496.913086,28463.660156,18588.033203,18505.373047,40000.0,10014.49707,11476.770508,40000.0,40000.0,15847.993164,40000.0,40000.0,9061.194336,10871.362305,19395.255859,17834.759766,16083.856445,40000.0,12110.754883,40000.0,40000.0,18842.242188,782.050049,69258.747008,-24561.874408,21177.724424,0,true,true,1.0,-277.480732,0,0.0,0.0,1.0
12,4009,17.05,22957.481609,92504.176832,22704.813948,91941.003348,36861.577467,-117.554111,-130.378246,-562.566369,5.117732,-3.120345,-117.117149,0.0,0.0,0.0,0.0,0.0,0.0,0,0,0,0,0,0,0,0,0,0,0,0,0,0,0,25285.314453,40000.0,15446.083008,28447.220703,18635.703125,18488.544922,40000.0,10018.673828,11491.398438,40000.0,40000.0,15859.31543,40000.0,40000.0,9070.110352,10877.160156,19402.441406,14127.746094,16082.435547,40000.0,12104.09082,40000.0,40000.0,18835.244141,748.090393,69231.512081,-24526.460475,21301.879174,0,true,true,1.0,-277.470732,0,0.0,0.0,1.0
12,4010,17.1,22961.982476,-77666.159308,22709.80582,-76850.809168,36883.164962,-103.489934,-114.779789,-496.612042,5.11882,-3.160043,-117.137047,0.0,0.0,0.0,0.0,0.0,0.0,0,0,0,0,0,0,0,0,0,0,0,0,0,0,0,25272.791016,40000.0,15415.953125,28437.386719,18663.630859,18478.521484,40000.0,10021.333984,11500.37793,40000.0,40000.0,15866.446289,40000.0,40000.0,9075.922852,10880.688477,19405.306641,14123.290039,16083.071289,40000.0,12099.708984,40000.0,40000.0,18830.523438,726.50293,69215.411308,-24506.998424,21373.062169,0,true,true,1.0,-277.460732,0,0.0,0.0,1.0
12,4011,17.15,22967.11516,92499.044148,22715.498436,91935.310732,36907.878644,-87.331561,-96.858678,-422.116249,5.119911,-3.199326,-117.156738,0.0,0.0,0.0,0.0,0.0,0.0,0,0,0,0,0,0,0,0,0,0,0,0,0,0,0,25259.226562,40000.0,15383.641602,28426.744141,18693.326172,18467.833984,40000.0,10024.375977,11510.302734,40000.0,40000.0,15874.52832,40000.0,40000.0,9082.709961,10884.625977,19406.875,14121.243164,16085.323242,40000.0,12094.546875,40000.0,40000.0,18824.845703,701.789246,69198.242757,-24487.781609,21446.784663,0,true,true,1.0,-277.450732,0,0.0,0.0,1.0
12,4012,17.2,22971.508286,-77670.552434,22720.370813,-76855.681545,36929.164996,-73.68659,-81.725158,-356.980325,5.120691,-3.227104,-117.170662,0.0,0.0,0.0,0.0,0.0,0.0,0,0,0,0,0,0,0,0,0,0,0,0,0,0,0,25248.375,40000.0,15357.958984,28418.183594,18716.613281,18459.357422,40000.0,10026.955078,11518.484375,40000.0,40000.0,15881.391602,40000.0,40000.0,9088.670898,10887.875977,19406.550781,14118.750977,16088.733398,40000.0,12089.96582,40000.0,40000.0,18819.695312,680.502869,69184.741784,-24474.239555,21502.659284,0,true,true,1.0,-277.440732,0,0.0,0.0,1.0
12,4013,17.25,22974.346895,92496.205539,22723.341916,91932.339629,36943.835407,-71.004291,-65.93478,-408.450282,5.121124,-3.242437,-117.178352,-1.0,0.0,0.0,0.0,0.0,0.0,0,0,0,0,0,0,0,0,0,0,0,0,0,0,0,25241.791016,40000.0,15342.44043,28413.089844,18730.550781,18454.404297,40000.0,10028.701172,11523.543945,40000.0,40000.0,15885.673828,40000.0,40000.0,9092.410156,10889.758789,19405.59375,14116.80957,16091.216797,40000.0,12086.96875,40000.0,40000.0,18816.388672,665.832458,69176.667734,-24466.786021,21536.397634,0,true,true,1.0,-277.430732,0,0.0,0.0,1.0
12,4014,17.3,22978.669216,-77674.874755,22725.746948,-76858.086577,36976.572721,-82.982168,-30.752571,-703.717819,5.121556,-3.257637,-117.185974,-1.0,0.0,0.0,0.0,0.0,0.0,0,0,0,0,0,0,0,0,0,0,0,0,0,0,0,25234.003906,40000.0,15323.886719,28408.412109,18747.845703,18450.484375,40000.0,10032.049805,11529.77832,40000.0,40000.0,15890.588867,40000.0,40000.0,9096.114258,10890.504883,19401.830078,14112.836914,16092.485352,40000.0,12082.614258,40000.0,40000.0,18812.796875,633.095154,69167.407428,-24459.436446,21588.062993,0,true,true,1.0,-277.420732,0,0.0,0.0,1.0
12,4015,17.35,22983.64802,92491.226735,22726.306595,91931.779983,37025.115004,-93.782523,1.906071,-977.17076,5.121864,-3.26843,-117.191383,-1.0,0.0,0.0,0.0,0.0,0.0,0,0,0,0,0,0,0,0,0,0,0,0,0,0,0,25227.150391,40000.0,15324.322266,28406.066406,18764.351562,18449.544922,40000.0,10036.625,11535.524414,40000.0,40000.0,15894.5625,40000.0,40000.0,9098.333008,10889.188477,19395.599609,14107.426758,16090.875,40000.0,12077.868164,40000.0,40000.0,18810.240234,584.552856,69159.523572,-24454.260089,21650.107124,0,true,true,1.0,-277.410732,0,0.0,0.0,1.0
12,4016,17.4,22987.691849,-77678.918583,22725.614348,-76857.394331,37070.144118,-101.540838,24.320273,-1164.60337,5.122035,-3.274395,-117.194374,-1.0,0.0,0.0,0.0,0.0,0.0,0,0,0,0,0,0,0,0,0,0,0,0,0,0,0,25220.947266,40000.0,15295.963867,28405.685547,18776.248047,18450.556641,40000.0,10040.712891,11539.482422,40000.0,40000.0,15896.962891,40000.0,40000.0,9099.036133,10887.005859,19389.75,14102.6875,16087.800781,40000.0,12074.171875,40000.0,40000.0,18809.033203,539.523743,69154.417154,-24451.422972,21702.655276,0,true,true,1.0,-277.400732,0,0.0,0.0,1.0
12,4017,17.45,22993.861337,92485.057246,22723.163334,91934.230997,37145.712154,-111.245493,53.524605,-1408.491371,5.122202,-3.28023,-117.197304,-1.0,0.0,0.0,0.0,0.0,0.0,0,0,0,0,0,0,0,0,0,0,0,0,0,0,0,25181.521484,40000.0,15281.320312,28406.923828,18792.611328,18454.248047,40000.0,10047.402344,11544.668945,40000.0,40000.0,15899.589844,40000.0,40000.0,9098.766602,10882.324219,19379.90625,14095.054688,16080.928711,40000.0,12068.730469,40000.0,40000.0,18808.246094,463.955719,69148.173092,-24448.691817,21785.680616,0,true,true,1.0,-277.390732,0,0.0,0.0,1.0
12,4018,17.5,22998.539942,-77683.597189,22720.474923,-76854.705919,37207.049253,-117.899844,72.834453,-1569.619835,5.122294,-3.283446,-117.198914,-1.0,0.0,0.0,0.0,0.0,0.0,0,0,0,0,0,0,0,0,0,0,0,0,0,0,0,25151.783203,40000.0,15271.544922,28408.884766,18804.167969,18458.240234,40000.0,10052.745117,11548.135742,40000.0,40000.0,15900.972656,40000.0,40000.0,9097.746094,10877.986328,19372.107422,14089.121094,16074.233398,40000.0,12064.743164,40000.0,40000.0,4306.434082,402.618622,69144.201071,-24447.203164,21851.207682,0,true,true,1.0,-277.380732,0,0.0,0.0,1.0
12,4019,17.55,23005.739485,92477.857704,22715.271489,91939.43443,37306.723757,-126.309071,98.475963,-1783.386935,5.122385,-3.286589,-117.200485,-1.0,0.0,0.0,0.0,0.0,0.0,0,0,0,0,0,0,0,0,0,0,0,0,0,0,0,3554.189697,3400.131348,3359.724854,2958.832031,2383.723145,18465.904297,40000.0,10061.28125,11552.820312,40000.0,40000.0,15902.316406,40000.0,40000.0,9095.132812,10870.260742,19286.804688,2696.089111,2816.990479,2694.591309,2763.124268,3048.399658,3678.941406,3862.992432,302.944122,69139.122965,-24445.795703,21955.127902,0,true,true,1.0,-277.370732,0,0.0,0.0,1.0
12,4020,17.6,23011.206826,-77689.06453,22710.650993,-76850.085424,37385.666273,-132.108752,115.690229,-1926.827954,5.122434,-3.28831,-117.201355,-1.0,0.0,0.0,0.0,0.0,0.0,0,0,0,0,0,0,0,0,0,0,0,0,0,0,0,3557.968018,3403.732178,3363.40332,2972.16333,2043.903931,1643.029541,1456.608032,1393.464844,1429.283569,1576.841064,1902.112671,1684.818359,1493.667969,1428.544312,1464.87146,1616.103027,1950.259521,2689.262695,2810.514648,2688.387207,2756.751465,3041.35498,3670.41748,3867.272217,224.001602,69135.816484,-24445.043498,22036.502311,0,true,true,1.0,-277.360732,0,0.0,0.0,1.0
12,4021,17.65,23018.044462,92471.020067,22704.200047,91945.885377,37487.849812,-138.625818,135.014731,-2087.790429,5.12247,-3.289575,-117.201988,-1.0,0.0,0.0,0.0,0.0,0.0,0,0,0,0,0,0,0,0,0,0,0,0,0,0,0,2122.917969,2122.917969,2122.917969,2122.917969,2055.49707,1652.340698,1464.857544,1401.352539,1437.367676,1585.028442,1912.861206,1678.750488,1488.28418,1423.389648,1459.581543,1610.261597,1943.201294,2122.917969,2122.917969,2122.917969,2122.917969,2122.917969,2122.917969,2122.917969,121.818054,69132.275107,-24444.546583,22140.653431,0,true,true,1.0,-277.350732,0,0.0,0.0,1.0
12,4022,17.7,23022.299362,-77693.319429,22698.425596,-76844.310973,37565.957584,70.843056,26.277361,406.903168,3.693086,-2.616921,-117.130051,-1.0,0.0,0.0,0.0,0.0,0.0,0,0,0,0,0,0,0,0,0,0,0,0,0,0,0,957.341003,957.341003,957.341003,957.341003,957.341003,957.341003,957.341003,957.341003,957.341003,957.341003,957.341003,957.341003,957.341003,957.341003,957.341003,957.341003,957.341003,957.341003,957.341003,957.341003,957.341003,957.341003,957.341003,957.341003,43.710285,69383.538767,-23919.002482,22003.401684,0,true,true,1.0,-294.077436,0,0.0,0.0,1.0
12,4023,17.75,23018.554882,92474.764547,22697.03668,91947.274293,37546.234402,67.046507,24.869132,333.29777,3.693086,-2.616921,-117.130051,-1.0,0.0,0.0,0.0,0.0,0.0,0,0,0,0,0,0,0,0,0,0,0,0,0,0,0,1389.317383,1389.317383,1389.317383,1389.317383,1389.317383,1389.317383,1389.317383,1389.317383,1389.317383,1389.317383,1389.317383,1389.317383,1389.317383,1389.317383,1389.317383,1389.317383,1389.317383,1389.317383,1389.317383,1389.317383,1389.317383,1389.317383,1389.317383,1389.317383,63.433468,69387.379844,-23920.435578,21983.70025,0,true,true,1.0,-294.067436,0,0.0,0.0,1.0
12,4024,17.8,23016.046703,-77690.81125,22696.106337,-76843.38063,37534.708372,64.505771,23.926712,284.005973,3.693086,-2.616921,-117.130051,1.0,0.0,0.0,0.0,0.0,0.0,0,0,0,0,0,0,0,0,0,0,0,0,0,0,0,1641.760132,1641.760132,1641.760132,1641.760132,1641.760132,1641.760132,1462.842651,1399.901001,1436.358032,1584.513062,1641.760132,1641.760132,1478.104248,1414.132202,1450.572632,1600.927002,1641.760132,1641.760132,1641.760132,1641.760132,1641.760132,1641.760132,1641.760132,1641.760132,74.959496,69389.875783,-23921.50395,21972.183535,0,true,true,1.0,-294.057436,0,0.0,0.0,1.0
12,4025,17.85,23012.663608,92478.147641,22694.851467,91948.529162,37521.569929,61.075933,22.654505,217.507761,3.693086,-2.616921,-117.130051,1.0,0.0,0.0,0.0,0.0,0.0,0,0,0,0,0,0,0,0,0,0,0,0,0,0,0,1929.517822,1929.517822,1929.517822,1929.517822,1929.517822,1645.737549,1459.588379,1396.786865,1433.163574,1580.987549,1908.944458,1664.43811,1476.187378,1412.297852,1448.690918,1598.850342,1929.517822,1929.517822,1929.517822,1929.517822,1929.517822,1929.517822,1929.517822,1929.517822,88.097939,69393.132417,-23923.099948,21959.050149,0,true,true,1.0,-294.047436,0,0.0,0.0,1.0
12,4026,17.9,23009.543048,-77687.69069,22693.693978,-76842.22314,37512.121217,57.913518,21.48149,156.173722,3.693086,-2.616921,-117.130051,1.0,0.0,0.0,0.0,0.0,0.0,0,0,0,0,0,0,0,0,0,0,0,0,0,0,0,2136.463135,2136.463135,2136.463135,2136.463135,2041.924438,1642.353149,1456.586792,1393.914307,1430.217163,1577.735596,1905.017944,1662.44458,1474.419312,1410.605835,1446.955322,1596.934814,1928.087646,2136.463135,2136.463135,2136.463135,2136.463135,2136.463135,2136.463135,2136.463135,97.546654,69396.014415,-23924.743904,21949.597777,0,true,true,1.0,-294.037436,0,0.0,0.0,1.0
12,4027,17.95,23006.651894,92481.038795,22692.621581,91949.601559,37505.912085,54.984541,20.395064,99.351492,3.693086,-2.616921,-117.130051,1.0,0.0,0.0,0.0,0.0,0.0,0,0,0,0,0,0,0,0,0,0,0,0,0,0,0,2272.455322,2272.455322,2272.455322,2272.455322,2038.025879,1639.217407,1453.805786,1391.253052,1427.487183,1574.722778,1901.380127,1660.597656,1472.78125,1409.038208,1445.34729,1595.160156,1925.944824,2272.455322,2272.455322,2272.455322,2272.455322,2272.455322,2272.455322,2272.455322,103.755783,69398.568347,-23926.430761,21943.37732,0,true,true,1.0,-294.027436,0,0.0,0.0,1.0
12,4028,18.0,23004.501728,-77685.540524,22691.824033,-76841.425593,37503.060984,52.804825,19.586555,57.089737,3.693086,-2.616921,-117.130051,1.0,0.0,0.0,0.0,0.0,0.0,0,0,0,0,0,0,0,0,0,0,0,0,0,0,0,2334.899902,2334.899902,2334.899902,2334.899902,2035.126587,1636.885498,1451.737549,1389.273804,1425.457031,1572.482056,1898.674683,1659.223999,1471.562866,1407.872314,1444.151367,1593.84021,1924.351196,2334.899902,2334.899902,2334.899902,2334.899902,2334.899902,2334.899902,2334.899902,106.606888,69400.387057,-23927.79896,21940.51229,0,true,true,1.0,-294.017436,0,0.0,0.0,1.0
12,4029,18.05,23001.623595,92483.916929,22690.756466,91950.669127,37501.849455,49.885298,18.503634,0.517806,3.693086,-2.616921,-117.130051,1.0,0.0,0.0,0.0,0.0,0.0,0,0,0,0,0,0,0,0,0,0,0,0,0,0,0,2361.434814,2361.434814,2361.434814,2361.434814,2031.245605,1633.763916,1448.969116,1386.62439,1422.73938,1569.482788,1895.053223,1657.385254,1469.932129,1406.311768,1442.550659,1592.073486,1922.218018,2361.434814,2361.434814,2361.434814,2361.434814,2361.434814,2361.434814,2361.434814,107.818413,69402.702583,-23929.797991,21939.273997,0,true,true,1.0,-294.007436,0,0.0,0.0,1.0
12,4030,18.1,22999.108218,-77683.025146,22689.823453,-76840.49258,37503.443151,47.336709,17.558302,-48.92298,3.693086,-2.616921,-117.130051,1.0,0.0,0.0,0.0,0.0,0.0,0,0,0,0,0,0,0,0,0,0,0,0,0,0,0,2326.529785,2326.529785,2326.529785,2326.529785,2027.85376,1631.035889,1446.549683,1384.309082,1420.364258,1566.861572,1891.888184,1655.77832,1468.506958,1405.321655,1441.151611,1590.529541,1920.353638,2326.529785,2326.529785,2326.529785,2326.529785,2326.529785,2326.529785,2326.529785,106.224716,69404.605155,-23931.715742,21940.836032,0,true,true,1.0,-293.997436,0,0.0,0.0,1.0
12,4031,18.15,22997.227081,92485.798066,22689.125695,91951.366885,37506.452618,45.429603,16.850912,-85.896599,3.693086,-2.616921,-117.130051,1.0,0.0,0.0,0.0,0.0,0.0,0,0,0,0,0,0,0,0,0,0,0,0,0,0,0,2260.616455,2260.616455,2260.616455,2260.616455,2025.317139,1628.995605,1444.740234,1382.577393,1418.588135,1564.901245,1889.52124,1654.576538,1467.441162,1404.301636,1440.105347,1589.374756,1918.959473,2260.616455,2260.616455,2260.616455,2260.616455,2260.616455,2260.616455,2260.616455,103.215248,69405.945013,-23933.266895,21943.816156,0,true,true,1.0,-293.987436,0,0.0,0.0,1.0
12,4032,18.2,22994.613893,-77680.411959,22689.811023,-76841.177908,37493.235329,56.180013,-107.483411,1392.642567,3.693086,-2.616921,-117.130051,1.0,0.0,0.0,0.0,0.0,0.0,0,0,0,0,0,0,0,0,0,0,0,0,0,0,0,2550.101074,2550.101074,2550.101074,2550.101074,2021.365723,1625.817383,1441.921387,1379.880005,1415.821167,1561.847412,1885.833984,1654.829346,1467.665283,1404.516113,1440.325317,1589.617676,1919.252686,2550.101074,2550.101074,2550.101074,2550.101074,2550.101074,2550.101074,2550.101074,116.432541,69407.129602,-23935.05085,21930.496644,0,true,true,1.0,-293.977436,0,0.0,0.0,1.0
12,4033,18.25,22991.517569,92488.89439,22695.7349,91945.443008,37416.398639,61.37901,-117.430113,1523.752281,3.693086,-2.616921,-117.130051,1.0,0.0,0.0,0.0,0.0,0.0,0,0,0,0,0,0,0,0,0,0,0,0,0,0,0,3573.463623,3419.708496,3380.986084,2927.719238,2015.361938,1620.988525,1437.638672,1375.781494,1411.617065,1557.207642,1880.231689,1661.067993,1473.197632,1409.810425,1445.756104,1595.611206,1926.489502,2658.683594,2825.281738,2703.425537,2773.089111,3060.524658,3695.394043,3883.351807,193.269226,69406.781703,-23935.541135,21853.372102,0,true,true,1.0,-293.967436,0,0.0,0.0,1.0
12,4034,18.3,22988.102011,-77676.9964,22702.269535,-76847.712543,37331.531589,66.345028,-126.931083,1649.6813,3.693086,-2.616921,-117.130051,1.0,0.0,0.0,0.0,0.0,0.0,0,0,0,0,0,0,0,0,0,0,0,0,0,0,0,3567.36084,3413.868408,3374.995605,2918.101074,18710.171875,18486.296875,40000.0,10044.046875,11516.210938,40000.0,40000.0,15871.780273,40000.0,40000.0,9074.426758,10857.599609,19343.597656,2693.339111,2830.008545,2707.946533,2777.726562,3065.642822,3701.573975,3876.470703,278.136292,69406.402886,-23936.074993,21768.18786,0,true,true,1.0,-293.957436,0,0.0,0.0,1.0
12,4035,18.35,22985.342302,92491.654098,22707.5494,91940.163143,37262.906813,69.674797,-133.301586,1731.941783,3.693086,-2.616921,-117.130051,1.0,0.0,0.0,0.0,0.0,0.0,0,0,0,0,0,0,0,0,0,0,0,0,0,0,0,25239.5625,40000.0,3969.804932,28424.423828,18705.447266,18479.019531,40000.0,10039.698242,11516.053711,40000.0,40000.0,15873.632812,40000.0,40000.0,9078.751953,10863.586914,19348.673828,14083.199219,16073.830078,40000.0,12070.991211,40000.0,40000.0,4178.806152,346.761047,69406.099262,-23936.502882,21699.306965,0,true,true,1.0,-293.947436,0,0.0,0.0,1.0
12,4036,18.4,22981.360146,-77673.014244,22715.168048,-76855.331191,37163.834036,74.240052,-142.035816,1848.286062,3.693086,-2.616921,-117.130051,1.0,0.0,0.0,0.0,0.0,0.0,0,0,0,0,0,0,0,0,0,0,0,0,0,0,0,25239.257812,40000.0,15358.597656,28416.644531,18698.630859,18468.515625,40000.0,10033.423828,11515.827148,40000.0,40000.0,15876.306641,40000.0,40000.0,9084.992188,10872.225586,19356.0,14088.532227,16090.363281,40000.0,12073.34668,40000.0,40000.0,18806.208984,445.833832,69405.663419,-23937.117106,21599.864775,0,true,true,1.0,-293.937436,0,0.0,0.0,1.0
12,4037,18.45,22977.081195,92495.933049,22723.354523,91931.976668,37057.332215,78.281689,-149.768262,1948.778015,3.693086,-2.616921,-117.130051,1.0,0.0,0.0,0.0,0.0,0.0,0,0,0,0,0,0,0,0,0,0,0,0,0,0,0,25238.966797,40000.0,15360.147461,28408.285156,18691.304688,18457.228516,40000.0,10026.680664,11515.583008,40000.0,40000.0,15879.209961,40000.0,40000.0,9091.731445,10881.508789,19363.873047,14094.261719,16108.128906,40000.0,12075.87793,40000.0,40000.0,18801.285156,552.335632,69405.197148,-23937.774211,21492.966147,0,true,true,1.0,-293.927436,0,0.0,0.0,1.0
12,4038,18.5,22973.877291,-77669.810341,22729.48422,-76861.460888,36977.546895,81.097359,-155.155191,2019.896374,3.693086,-2.616921,-117.130051,1.0,0.0,0.0,0.0,0.0,0.0,0,0,0,0,0,0,0,0,0,0,0,0,0,0,0,25238.720703,40000.0,15361.308594,28401.982422,18685.894531,18448.818359,40000.0,10021.663086,11515.400391,40000.0,40000.0,15881.360352,40000.0,40000.0,9096.75293,10888.490234,19369.765625,14285.374023,16121.431641,40000.0,12077.773438,40000.0,40000.0,18797.595703,632.120972,69404.8499,-23938.263578,21412.883843,0,true,true,1.0,-293.917436,0,0.0,0.0,1.0
12,4039,18.55,22969.214406,92500.595935,22738.405236,91923.055652,36861.603322,80.210583,-153.458615,1986.641321,3.693086,-2.616921,-117.130051,0.0,0.0,0.0,0.0,0.0,0.0,0,0,0,0,0,0,0,0,0,0,0,0,0,0,0,25238.363281,40000.0,15335.736328,28392.873047,18677.912109,18436.517578,40000.0,10014.316406,11515.167969,40000.0,40000.0,15884.491211,40000.0,40000.0,9104.060547,10898.605469,19378.345703,20027.357422,20027.357422,40000.0,12080.532227,40000.0,40000.0,18792.228516,748.064575,69404.336576,-23938.986994,21296.507505,0,true,true,1.0,-293.907436,0,0.0,0.0,1.0
12,4040,18.6,22965.322475,-77665.91841,22745.851264,-76868.906916,36766.476309,68.126339,-130.339081,1650.189792,3.693086,-2.616921,-117.130051,0.0,0.0,0.0,0.0,0.0,0.0,0,0,0,0,0,0,0,0,0,0,0,0,0,0,0,25238.064453,40000.0,15466.552734,28385.269531,18671.25,18426.253906,40000.0,10008.183594,11514.980469,40000.0,40000.0,15887.104492,40000.0,40000.0,9110.160156,10907.048828,19385.503906,22110.826172,21251.599609,40000.0,12082.833984,40000.0,40000.0,18787.759766,843.191589,69403.832942,-23939.696752,21201.014145,0,true,true,1.0,-293.897436,0,0.0,0.0,1.0
12,4041,18.65,22962.668744,92503.249666,22750.928375,91917.978542,36703.127315,59.761526,-114.335549,1415.961425,3.693086,-2.616921,-117.130051,0.0,0.0,0.0,0.0,0.0,0.0,0,0,0,0,0,0,0,0,0,0,0,0,0,0,0,25237.822266,40000.0,26895.925781,28380.083984,18666.707031,18419.253906,40000.0,10004.00293,11514.829102,40000.0,40000.0,15888.916992,40000.0,40000.0,9114.319336,10912.806641,21810.691406,23498.292969,21254.548828,40000.0,12084.404297,40000.0,40000.0,18784.705078,906.540527,69403.420419,-23940.278111,21137.410637,0,true,true,1.0,-293.887436,0,0.0,0.0,1.0
12,4042,18.7,22959.712869,-77662.962535,22756.583544,-76874.562086,36634.498874,50.545092,-96.702698,1158.043433,3.693098,-2.617443,-117.130295,0.0,0.0,0.0,0.0,0.0,0.0,0,0,0,0,0,0,0,0,0,0,0,0,0,0,0,25237.535156,40000.0,15612.449219,28374.263672,18661.833984,18411.441406,40000.0,9999.344727,11514.6875,40000.0,40000.0,15890.905273,40000.0,40000.0,9224.416992,10919.229492,21817.375,24996.412109,31105.59375,40000.0,12086.166016,40000.0,40000.0,18781.326172,975.169006,69402.763599,-23940.794603,21069.142214,0,true,true,1.0,-293.877436,0,0.0,0.0,1.0
12,4043,18.75,22957.921227,92505.041308,22760.011187,91914.550899,36594.909682,39.86106,-76.25719,861.389502,3.693111,-2.618073,-117.130592,-1.0,0.0,0.0,0.0,0.0,0.0,0,0,0,0,0,0,0,0,0,0,0,0,0,0,0,25237.322266,40000.0,15608.34082,28370.707031,18659.068359,18406.648438,40000.0,9996.551758,11514.617188,40000.0,40000.0,15892.113281,40000.0,40000.0,9223.69043,10923.128906,40000.0,25596.835938,31107.210938,40000.0,12087.242188,40000.0,40000.0,18779.292969,1014.758179,69402.208845,-23941.0826,21030.157191,0,true,true,1.0,-293.867436,0,0.0,0.0,1.0
12,4044,18.8,22956.174548,-77661.215856,22763.352266,-76877.903165,36560.067305,26.51791,-50.717227,490.619659,3.693125,-2.618697,-117.13089,-1.0,0.0,0.0,0.0,0.0,0.0,0,0,0,0,0,0,0,0,0,0,0,0,0,0,0,25237.117188,40000.0,15604.336914,28367.242188,18656.302734,18401.974609,40000.0,9993.799805,11514.548828,40000.0,40000.0,15893.291016,40000.0,40000.0,9222.980469,11040.542969,40000.0,25599.306641,31108.787109,40000.0,12088.291016,40000.0,40000.0,18777.310547,1049.600586,69401.496066,-23941.600366,20995.902994,0,true,true,1.0,-293.857436,0,0.0,0.0,1.0
12,4045,18.85,22955.126795,92506.089062,22765.355344,91912.547821,36544.725209,14.2013,-27.137254,148.49214,3.693132,-2.619043,-117.13105,-1.0,0.0,0.0,0.0,0.0,0.0,0,0,0,0,0,0,0,0,0,0,0,0,0,0,0,25236.996094,40000.0,15601.933594,28365.166016,18654.634766,18399.177734,40000.0,9992.149414,11637.503906,40000.0,40000.0,15893.99707,40000.0,40000.0,9222.55957,11042.821289,40000.0,25600.783203,31109.726562,40000.0,12088.919922,40000.0,40000.0,18776.123047,1064.942627,69400.821816,-23942.282188,20980.860661,0,true,true,1.0,-293.847436,0,0.0,0.0,1.0
12,4046,18.9,22954.775018,-77660.864079,22766.026695,-76878.574516,36545.055373,5.799137,-11.050402,-85.189112,3.693132,-2.619043,-117.13105,-1.0,0.0,0.0,0.0,0.0,0.0,0,0,0,0,0,0,0,0,0,0,0,0,0,0,0,25236.970703,40000.0,15601.121094,28364.478516,18654.033203,18398.251953,40000.0,9991.59668,11637.484375,40000.0,40000.0,15894.232422,40000.0,40000.0,9222.439453,11043.583984,40000.0,25601.253906,31110.017578,40000.0,12089.128906,40000.0,40000.0,18775.71875,1064.612549,69400.370127,-23942.920084,20981.12998,0,true,true,1.0,-293.837436,0,0.0,0.0,1.0
12,4047,18.95,22954.820213,92506.043866,22765.937257,91912.637258,36559.884664,-4.679502,9.012072,-376.945292,3.693132,-2.619043,-117.13105,-1.0,0.0,0.0,0.0,0.0,0.0,0,0,0,0,0,0,0,0,0,0,0,0,0,0,0,25236.974609,40000.0,15601.228516,28364.570312,18654.111328,18398.376953,40000.0,9991.669922,11514.489258,40000.0,40000.0,15894.201172,40000.0,40000.0,9222.454102,11043.484375,40000.0,25601.193359,31109.978516,40000.0,12089.102539,40000.0,40000.0,18775.773438,1049.783203,69399.751426,-23943.793614,20995.920925,0,true,true,1.0,-293.827436,0,0.0,0.0,1.0
12,4048,19.0,22955.407856,-77661.451722,22764.809265,-76877.446523,36589.704594,-14.245824,27.327836,-643.245877,3.693132,-2.619043,-117.13105,-1.0,0.0,0.0,0.0,0.0,0.0,0,0,0,0,0,0,0,0,0,0,0,0,0,0,0,25237.023438,40000.0,15602.592773,28365.71875,18655.119141,18399.933594,40000.0,9992.597656,11514.521484,40000.0,40000.0,15893.805664,40000.0,40000.0,9222.65332,10928.59375,40000.0,25600.40625,31109.494141,40000.0,12088.755859,40000.0,40000.0,18776.455078,1019.963257,69399.12393,-23944.679333,21025.748222,0,true,true,1.0,-293.817436,0,0.0,0.0,1.0
12,4049,19.05,22956.22111,92505.230612,22763.249938,91914.196585,36622.912301,-21.23327,40.706114,-837.224995,3.693132,-2.619043,-117.13105,-1.0,0.0,0.0,0.0,0.0,0.0,0,0,0,0,0,0,0,0,0,0,0,0,0,0,0,25237.087891,40000.0,15604.478516,28367.310547,18656.513672,18402.083984,40000.0,9993.880859,11514.567383,40000.0,40000.0,15893.257812,40000.0,40000.0,9222.929688,10926.828125,22034.712891,25234.710938,31108.822266,40000.0,12088.275391,40000.0,40000.0,18777.394531,986.755554,69398.622322,-23945.387205,21058.991146,0,true,true,1.0,-293.807436,0,0.0,0.0,1.0
12,4050,19.1,22957.637713,-77662.868325,22760.534864,-76874.731449,36675.540852,-29.378559,56.301239,-1063.200005,3.693132,-2.619043,-117.13105,-1.0,0.0,0.0,0.0,0.0,0.0,0,0,0,0,0,0,0,0,0,0,0,0,0,0,0,25237.199219,40000.0,15607.763672,28370.083984,18658.865234,18405.789062,40000.0,9996.085938,11514.647461,40000.0,40000.0,15892.304688,40000.0,40000.0,9122.138672,10923.750977,21821.925781,24082.976562,21260.373047,40000.0,12087.438477,40000.0,40000.0,18779.029297,934.127014,69397.985924,-23946.285134,21111.697232,0,true,true,1.0,-293.797436,0,0.0,0.0,1.0
12,4051,19.15,22959.006631,92503.861694,22757.911749,91916.8197,36723.775886,-35.157538,67.365712,-1224.428349,3.693132,-2.619043,-117.13105,-1.0,0.0,0.0,0.0,0.0,0.0,0,0,0,0,0,0,0,0,0,0,0,0,0,0,0,25237.306641,40000.0,15468.163086,28372.761719,18661.208984,18409.40625,40000.0,9998.245117,11514.724609,40000.0,40000.0,15891.383789,40000.0,40000.0,9119.990234,10920.779297,21818.802734,23027.390625,21258.849609,40000.0,12086.628906,40000.0,40000.0,18780.609375,885.891968,69397.490256,-23946.984383,21160.015329,0,true,true,1.0,-293.787436,0,0.0,0.0,1.0
12,4052,19.2,22961.301153,-77665.162847,22753.515602,-76870.335302,36801.843397,-42.636801,81.685541,-1433.428328,3.693132,-2.619043,-117.13105,-1.0,0.0,0.0,0.0,0.0,0.0,0,0,0,0,0,0,0,0,0,0,0,0,0,0,0,25237.525391,40000.0,15432.035156,28377.25,18665.138672,18415.46875,40000.0,10001.864258,11514.854492,40000.0,40000.0,15889.80957,40000.0,40000.0,9116.389648,10915.796875,19393.462891,21318.941406,21256.300781,40000.0,12085.273438,40000.0,40000.0,18783.246094,807.824463,69396.786023,-23947.977699,21238.230703,0,true,true,1.0,-293.777436,0,0.0,0.0,1.0
12,4053,19.25,22963.199709,92501.963138,22749.878433,91920.456869,36864.865341,-47.636337,91.257714,-1572.751673,3.693132,-2.619043,-117.13105,-1.0,0.0,0.0,0.0,0.0,0.0,0,0,0,0,0,0,0,0,0,0,0,0,0,0,0,25237.673828,40000.0,15337.256836,28380.962891,18668.390625,18420.482422,40000.0,10004.858398,11514.961914,40000.0,40000.0,15888.533203,40000.0,40000.0,9113.411133,10911.674805,19389.970703,19939.755859,19939.755859,40000.0,12084.151367,40000.0,40000.0,18785.435547,744.802551,69396.274922,-23948.698505,21301.379877,0,true,true,1.0,-293.767436,0,0.0,0.0,1.0
12,4054,19.3,22966.017244,-77667.980382,22744.48107,-76864.937939,36956.787966,-53.813441,103.084486,-1744.795739,3.693132,-2.619043,-117.13105,-1.0,0.0,0.0,0.0,0.0,0.0,0,0,0,0,0,0,0,0,0,0,0,0,0,0,0,25237.892578,40000.0,15363.495117,28386.474609,18673.216797,18427.925781,40000.0,10009.301758,11515.086914,40000.0,40000.0,15886.638672,40000.0,40000.0,9108.990234,10905.557617,19384.785156,17928.099609,16153.458008,40000.0,12082.485352,40000.0,40000.0,18788.685547,652.879883,69395.589437,-23949.665124,21393.496296,0,true,true,1.0,-293.757436,0,0.0,0.0,1.0
12,4055,19.35,22969.363281,92498.617101,22738.071651,91926.866288,37064.340697,-59.755548,114.461245,-1911.465129,3.693132,-2.619043,-117.13105,-1.0,0.0,0.0,0.0,0.0,0.0,0,0,0,0,0,0,0,0,0,0,0,0,0,0,0,25238.154297,40000.0,15362.286133,28393.0625,18678.871094,18436.724609,40000.0,10014.547852,11515.242188,40000.0,40000.0,15884.387695,40000.0,40000.0,9103.707031,10898.262695,19378.628906,14104.841797,16139.547852,40000.0,12080.507812,40000.0,40000.0,18792.544922,545.327148,69394.848729,-23950.709471,21501.284177,0,true,true,1.0,-293.747436,0,0.0,0.0,1.0
12,4056,19.4,22971.833716,-77670.450817,22733.339642,-76860.20593,37142.906216,-63.656741,121.930597,-2019.351321,3.693132,-2.619043,-117.13105,-1.0,0.0,0.0,0.0,0.0,0.0,0,0,0,0,0,0,0,0,0,0,0,0,0,0,0,25238.310547,40000.0,15361.392578,28397.894531,18683.101562,18443.248047,40000.0,10018.443359,11515.381836,40000.0,40000.0,15882.726562,40000.0,40000.0,9099.831055,10892.899414,19374.083984,14101.533203,16129.279297,40000.0,12079.047852,40000.0,40000.0,18795.392578,466.761658,69394.340195,-23951.4264,21580.025926,0,true,true,1.0,-293.737436,0,0.0,0.0,1.0
12,4057,19.45,22975.498515,92494.952302,22726.320085,91933.885846,37258.561231,-68.501751,131.206853,-2155.407731,3.693132,-2.619043,-117.13105,-1.0,0.0,0.0,0.0,0.0,0.0,0,0,0,0,0,0,0,0,0,0,0,0,0,0,0,25238.595703,40000.0,4033.716553,28405.0625,18689.376953,18452.927734,40000.0,10024.222656,11515.588867,40000.0,40000.0,15880.232422,40000.0,40000.0,9094.082031,10884.943359,19367.339844,14096.625,16114.045898,40000.0,12076.881836,40000.0,40000.0,4270.522461,351.106628,69393.626477,-23952.432502,21695.945148,0,true,true,1.0,-293.727436,0,0.0,0.0,1.0
12,4058,19.5,22979.483212,-77674.435514,22718.688002,-76852.573847,37383.380922,-73.009641,139.83765,-2282.184906,3.693132,-2.619043,-117.13105,-1.0,0.0,0.0,0.0,0.0,0.0,0,0,0,0,0,0,0,0,0,0,0,0,0,0,0,3552.05957,3399.209229,3359.942871,2893.956787,1992.086426,1602.255127,1421.516113,1360.346191,1395.398193,1539.902832,1858.447632,1685.251587,1494.637085,1430.429199,1467.278687,1618.814819,1954.492798,2697.308838,2841.935059,2719.348389,2789.409424,3078.520508,3717.096436,3859.238281,226.286942,69392.892806,-23953.466629,21821.054996,0,true,true,1.0,-293.717436,0,0.0,0.0,1.0
12,4059,19.55,22982.623235,92491.812279,22712.673883,91939.899965,37481.206058,-76.240529,146.023578,-2372.176255,3.693132,-2.619043,-117.13105,-1.0,0.0,0.0,0.0,0.0,0.0,0,0,0,0,0,0,0,0,0,0,0,0,0,0,0,2811.287842,2811.287842,2811.287842,2811.287842,1998.176758,1607.153564,1425.36084,1364.025391,1399.551514,1544.609497,1864.130493,1678.91687,1489.019897,1424.94519,1461.274048,1612.729248,1947.144897,2687.165527,2811.287842,2715.190918,2785.144775,2811.287842,2811.287842,2811.287842,128.461807,69392.339015,-23954.24715,21919.110443,0,true,true,1.0,-293.707436,0,0.0,0.0,1.0
12,4060,19.6,22984.040438,-77675.852717,22706.474337,-76846.374302,37565.559735,87.823341,67.526764,450.517914,2.405689,-1.309895,-116.892036,-1.0,0.0,0.0,0.0,0.0,0.0,0,0,0,0,0,0,0,0,0,0,0,0,0,0,0,1929.490356,1929.490356,1929.490356,1929.490356,1929.490356,1604.661743,1425.042603,1365.261108,1402.373535,1548.944092,1873.381592,1666.372803,1479.859619,1417.778564,1455.536987,1608.418457,1929.490356,1929.490356,1929.490356,1929.490356,1929.490356,1929.490356,1929.490356,1929.490356,44.108135,69817.762607,-23681.487922,20931.738651,0,true,true,1.0,-313.024478,0,0.0,0.0,1.0
12,4061,19.65,22979.427851,92496.424866,22702.927751,91943.446551,37543.658789,83.147071,63.931211,375.057984,2.405689,-1.309895,-116.892036,0.0,0.0,0.0,0.0,0.0,0.0,0,0,0,0,0,0,0,0,0,0,0,0,0,0,0,2887.537354,2887.537354,2887.537354,2874.972656,1985.657471,1600.056396,1420.952637,1361.342773,1398.349854,1544.497681,1868.003906,1661.310791,1475.364014,1413.471558,1451.114136,1603.531128,1939.289917,2683.832275,2833.273438,2714.124756,2787.141357,2887.537354,2887.537354,2887.537354,66.009079,69823.511273,-23683.081323,20909.877279,0,true,true,1.0,-313.014478,0,0.0,0.0,1.0
12,4062,19.7,22976.047353,-77672.472219,22700.328509,-76843.77506,37529.530767,79.717886,61.294535,319.744405,2.405689,-1.309895,-116.892036,1.0,0.0,0.0,0.0,0.0,0.0,0,0,0,0,0,0,0,0,0,0,0,0,0,0,0,3505.561279,3414.776611,3379.774902,2868.121338,1981.468872,1596.681152,1417.9552,1358.471191,1395.400879,1541.239014,1864.062622,1657.600952,1472.069336,1410.315063,1447.872681,1599.949219,1934.957642,2677.835449,2836.27124,2716.996582,2790.090088,3083.145996,3505.561279,3505.561279,80.1371,69827.680431,-23684.329794,20895.776064,0,true,true,1.0,-313.004478,0,0.0,0.0,1.0
12,4063,19.75,22972.023968,92500.448251,22697.234956,91946.540104,37515.016101,75.641302,58.160077,253.93243,2.405689,-1.309895,-116.892036,1.0,0.0,0.0,0.0,-0.069993,0.0,0,0,0,0,0,0,0,0,0,0,0,0,0,0,0,3568.222412,3418.533447,3383.632812,2860.905518,1976.483643,1592.664062,1414.387817,1355.053345,1391.891113,1537.360596,1859.371948,1653.185547,1468.147949,1406.558228,1444.014771,1595.686157,1929.801636,2670.697998,2839.839111,2720.414307,2793.599854,3087.024414,3733.623779,3872.613525,94.651764,69832.589877,-23685.912217,20881.290675,0,true,true,1.0,-312.994478,0,0.0,0.0,1.0
12,4064,19.8,22968.245806,-77668.694057,22694.329953,-76840.870057,37503.922927,71.813485,55.216895,192.132496,2.405689,-1.309895,-116.892036,1.0,0.0,0.0,0.0,0.0,0.0,0,0,0,0,0,0,0,0,0,0,0,0,0,0,0,3571.904785,3422.061279,3387.255615,2854.129395,1971.802246,1588.891724,1411.03772,1351.843872,1388.595337,1533.718628,1854.967041,1649.039185,1464.465698,1403.030396,1440.391968,1591.682861,1924.959839,2663.995605,2843.189453,2723.623779,2796.895752,3090.66626,3738.028564,3876.76001,105.744942,69837.142104,-23687.504648,20870.222095,0,true,true,1.0,-312.984478,0,0.0,0.0,1.0
12,4065,19.85,22964.489346,92504.204711,22691.441637,91949.42842,37495.618727,68.005438,52.288914,130.681578,2.405689,-1.309895,-116.892036,1.0,0.0,0.0,0.0,0.0,-0.069993,0,0,0,0,0,0,0,0,0,0,0,0,0,0,0,3575.565918,3425.568848,3390.857422,2847.39209,1967.147827,1585.141113,1407.707031,1348.652832,1385.318359,1530.097534,1850.587524,1644.916626,1460.804565,1399.522827,1436.790039,1587.702515,1920.145874,2657.331543,2846.520508,2726.814697,2800.172607,3094.287354,3742.407959,3880.882568,114.049141,69841.605882,-23689.202293,20861.939235,0,true,true,1.0,-312.974478,0,0.0,0.0,1.0
12,4066,19.9,22961.961881,-77666.166592,22689.498287,-76838.926707,37491.69223,65.445336,50.320469,89.339381,2.405689,-1.309895,-116.892036,1.0,0.0,0.0,0.0,0.0,0.0,0,0,0,0,0,0,0,0,0,0,0,0,0,0,0,3578.029297,3427.928711,3393.281006,2842.859131,1964.016113,1582.617676,1405.465942,1346.505737,1383.113647,1527.661133,1847.640869,1642.142822,1458.341187,1397.162842,1434.366577,1585.024536,1916.906982,2652.8479,2848.761719,2728.961914,2802.377441,3096.723877,3745.354736,3883.656494,117.975639,69844.571287,-23690.414218,20858.025198,0,true,true,1.0,-312.964478,0,0.0,0.0,1.0
12,4067,19.95,22958.616202,92507.55039,22686.925817,91952.00089,37488.791874,62.054721,47.713449,34.612041,2.405689,-1.309895,-116.892036,1.0,0.0,0.0,0.0,0.0,0.0,0,0,0,0,0,0,0,0,0,0,0,0,0,0,0,3581.290039,3431.052734,3396.489014,2836.858643,1959.870605,1579.2771,1402.49939,1343.663696,1380.195068,1524.436035,1843.740234,1638.471069,1455.080322,1394.038818,1431.158569,1581.479492,1912.619385,2646.912598,2851.728271,2731.803955,2805.295898,3099.948975,3749.255371,3887.328125,120.875992,69848.444164,-23692.11488,20855.138712,0,true,true,1.0,-312.954478,0,0.0,0.0,1.0
12,4068,20.0,22955.432185,-77662.982575,22684.477648,-76836.478538,37488.708765,58.826024,45.230926,-17.472281,2.405689,-1.309895,-116.892036,1.0,0.0,0.0,0.0,0.0,0.0,0,0,0,0,0,0,0,0,0,0,0,0,0,0,0,3584.393311,3434.025879,3399.542236,2831.148193,1955.925415,1576.098145,1399.676147,1340.958862,1377.41748,1521.366821,1840.028076,1634.976685,1451.977051,1391.065796,1428.105469,1578.105835,1908.539062,2641.264404,2854.551514,2734.508789,2808.073486,3103.018066,3752.967529,3891.295654,120.959106,69852.068707,-23693.845709,20855.065745,0,true,true,1.0,-312.944478,0,0.0,0.0,1.0
12,4069,20.05,22952.468839,92510.513735,22682.199152,91954.279386,37491.205494,55.823591,42.922376,-65.947642,2.405689,-1.309895,-116.892036,1.0,0.0,0.0,0.0,0.0,0.0,0,0,0,0,0,0,0,0,0,0,0,0,0,0,0,3587.281494,3436.792969,3402.383545,2825.833252,1952.253662,1573.139404,1397.048584,1338.44165,1374.83252,1518.510254,1836.57312,1631.724487,1449.088989,1388.298706,1425.264038,1574.965942,1904.741455,2636.007324,2857.178955,2737.026123,2810.658447,3105.874756,3756.422363,3896.078125,118.462372,69855.383204,-23695.564599,20857.568971,0,true,true,1.0,-312.934478,0,0.0,0.0,1.0
12,4070,20.1,22950.214394,-77660.72813,22682.312199,-76836.591584,37474.403015,33.099828,-48.059914,759.459552,2.405689,-1.309895,-116.892036,1.0,0.0,0.0,0.0,0.0,0.0,0,0,0,0,0,0,0,0,0,0,0,0,0,0,0,3587.580322,3437.079102,3402.67749,2821.102539,1948.985352,1570.505737,1394.709839,1336.200928,1372.531494,1515.967529,1833.497925,1631.388184,1448.790283,1388.012573,1424.970093,1574.641113,1904.348633,2635.463623,2859.518311,2739.266846,2812.959473,3108.41748,3759.497803,3900.335205,135.264847,69856.685956,-23696.920349,20840.720131,0,true,true,1.0,-312.924478,0,0.0,0.0,1.0
12,4071,20.15,22948.833442,92511.894687,22684.317298,91952.274287,37442.203076,35.251055,-51.183428,827.69697,2.405689,-1.309895,-116.892036,1.0,0.0,0.0,0.0,0.0,0.0,0,0,0,0,0,0,0,0,0,0,0,0,0,0,0,3585.772705,3435.347412,3400.89917,2817.483887,1946.485474,1568.491333,1392.920898,1334.486938,1370.771484,1514.022705,1831.14563,1633.423828,1450.597656,1389.744263,1426.748413,1576.606201,1906.72522,2638.753418,2861.308105,2740.980713,2814.719482,3110.362305,3761.849854,3903.591309,167.464798,69856.258701,-23697.704657,20808.440636,0,true,true,1.0,-312.914478,0,0.0,0.0,1.0
12,4072,20.2,22946.905325,-77658.800012,22687.116864,-76839.391151,37396.100305,38.042402,-55.236377,918.022737,2.405689,-1.309895,-116.892036,1.0,0.0,0.0,0.0,0.0,0.0,0,0,0,0,0,0,0,0,0,0,0,0,0,0,0,3583.249023,3432.929688,3398.416504,2812.431641,2057.227783,18545.705078,40000.0,10006.705078,11439.167969,40000.0,40000.0,15822.324219,40000.0,40000.0,9052.448242,10847.275391,19279.570312,2643.346924,2863.807129,2743.373535,2817.177002,3113.077637,3765.134277,3908.137695,213.567566,69855.688321,-23698.7517,20762.228094,0,true,true,1.0,-312.904478,0,0.0,0.0,1.0
12,4073,20.25,22944.782427,92514.017585,22690.199245,91949.191905,37344.208719,40.592545,-58.939105,999.147535,2.405689,-1.309895,-116.892036,1.0,0.0,0.0,0.0,0.0,0.0,0,0,0,0,0,0,0,0,0,0,0,0,0,0,0,25659.046875,40000.0,15633.789062,28484.388672,18414.841797,18541.341797,40000.0,10003.677734,11438.576172,40000.0,40000.0,15823.046875,40000.0,40000.0,9054.777344,10850.977539,19283.462891,14073.859375,16153.014648,40000.0,12097.486328,40000.0,40000.0,18844.794922,265.459137,69855.086185,-23699.857035,20710.21694,0,true,true,1.0,-312.894478,0,0.0,0.0,1.0
12,4074,20.3,22942.517011,-77656.534596,22693.488559,-76842.680464,37287.84598,42.979206,-62.404461,1075.029556,2.405689,-1.309895,-116.892036,1.0,0.0,0.0,0.0,0.0,0.0,0,0,0,0,0,0,0,0,0,0,0,0,0,0,0,25674.863281,40000.0,15635.793945,28481.109375,18410.615234,18536.685547,40000.0,10000.447266,11437.944336,40000.0,40000.0,15823.817383,40000.0,40000.0,9057.262695,10854.928711,19287.617188,21354.628906,16160.214844,40000.0,12099.041992,40000.0,40000.0,18846.193359,321.821899,69854.466199,-23700.995139,20653.727734,0,true,true,1.0,-312.884478,0,0.0,0.0,1.0
12,4075,20.35,22940.083341,92516.451255,22697.022171,91945.658293,37226.440722,45.198876,-65.627354,1145.087924,2.405689,-1.309895,-116.892036,1.0,0.0,0.0,0.0,0.0,0.0,0,0,0,0,0,0,0,0,0,0,0,0,0,0,0,25691.890625,40000.0,15637.948242,28477.587891,18406.072266,18531.683594,40000.0,9997.007812,11437.265625,40000.0,40000.0,15824.645508,40000.0,40000.0,9059.96582,10859.203125,19292.078125,24040.773438,21218.021484,40000.0,12100.714844,40000.0,40000.0,18847.693359,383.227142,69853.819744,-23702.18183,20592.187595,0,true,true,1.0,-312.874478,0,0.0,0.0,1.0
12,4076,20.4,22938.259065,-77654.71032,22699.670962,-76845.329255,37179.930177,46.793442,-67.942613,1196.340643,2.405689,-1.309895,-116.892036,1.0,0.0,0.0,0.0,0.0,-0.069993,0,0,0,0,0,0,0,0,0,0,0,0,0,0,0,25704.652344,40000.0,15621.368164,28474.947266,18402.667969,18527.935547,40000.0,9994.40625,11436.790039,40000.0,40000.0,15825.266602,40000.0,40000.0,9061.967773,10862.383789,21790.785156,25506.740234,21220.050781,40000.0,12101.967773,40000.0,40000.0,18848.839844,429.737701,69853.346164,-23703.051177,20545.576493,0,true,true,1.0,-312.864478,0,0.0,0.0,1.0
12,4077,20.45,22937.978972,92516.731348,22707.810028,91937.519227,37115.419104,-19.088906,-198.711203,1191.715924,2.405689,-1.309895,-116.892036,1.0,0.0,1.0,0.0,-0.207552,-0.415103,0,0,0,0,0,0,0,0,0,0,0,0,0,0,0,25717.417969,40000.0,15613.286133,28466.025391,18405.007812,18517.474609,40000.0,9991.5,11440.428711,40000.0,40000.0,15830.931641,40000.0,40000.0,9070.177734,10869.957031,40000.0,25507.027344,31021.601562,40000.0,12100.544922,40000.0,40000.0,18846.359375,494.248779,69847.690529,-23704.264923,20480.811209,0,true,true,1.0,-312.854478,0,0.0,0.0,1.0
12,4078,20.5,22941.221336,-77657.952684,22722.953207,-76860.472434,37051.187408,-87.930306,-332.067345,1152.797697,2.405689,-1.309895,-116.892036,0.0,0.0,1.0,0.0,-0.73523,-0.935748,0,0,0,0,0,0,0,0,0,0,0,0,0,0,0,25722.474609,40000.0,15599.900391,28448.861328,18418.554688,18498.800781,40000.0,9989.686523,11450.875,40000.0,40000.0,15844.047852,40000.0,40000.0,9086.90918,10882.491211,40000.0,25502.466797,31014.376953,40000.0,12094.169922,40000.0,40000.0,18835.958984,558.480469,69834.190619,-23705.509342,20416.144808,0,true,true,1.0,-312.844478,0,0.0,0.0,1.0
12,4079,20.55,22946.518239,92511.434446,22739.525443,91920.946991,37007.848008,-152.969147,-450.832331,1040.507223,2.405689,-1.309895,-116.892036,0.0,0.0,1.0,0.0,-1.539046,-0.979393,0,0,0,0,0,0,0,0,0,0,0,0,0,0,0,25719.324219,40000.0,15586.018555,28429.810547,18437.417969,18478.669922,40000.0,9989.37207,11464.015625,40000.0,40000.0,15859.626953,40000.0,40000.0,9105.897461,10895.484375,40000.0,40000.0,31004.316406,40000.0,12085.461914,40000.0,40000.0,18818.701172,601.819885,69818.009879,-23706.44343,20372.346282,0,true,true,1.0,-312.834478,0,0.0,0.0,1.0
12,4080,20.6,22957.754324,-77669.18877,22769.442397,-76890.389388,36955.739579,-235.600152,-601.947026,900.372927,2.406174,-1.340633,-116.913246,0.0,0.0,1.0,0.0,-1.815541,-1.143119,0,0,0,0,0,0,0,0,0,0,0,0,0,0,0,25657.603516,40000.0,15564.104492,28390.423828,18490.880859,18437.304688,40000.0,9990.084961,11491.334961,40000.0,40000.0,15888.87793,40000.0,40000.0,9139.446289,10918.827148,40000.0,40000.0,30993.052734,40000.0,12068.926758,40000.0,40000.0,18788.251953,653.928284,69784.456474,-23683.497331,20357.917122,0,true,true,1.0,-312.824478,0,0.0,0.0,1.0
12,4081,20.65,22973.570727,92495.618043,22807.856033,91882.533355,36910.379449,-312.876741,-742.295213,766.852682,2.413131,-1.727654,-117.181572,0.0,0.0,1.0,0.0,-0.911701,-0.631178,0,0,0,0,0,0,0,0,0,0,0,0,0,0,0,25163.09375,40000.0,26788.515625,28286.966797,18741.347656,18324.720703,40000.0,9989.088867,11550.661133,40000.0,40000.0,15927.49707,40000.0,40000.0,9167.696289,10955.208984,40000.0,25580.876953,31080.125,40000.0,12056.3125,40000.0,40000.0,18721.466797,699.288391,69704.741535,-23378.425346,20795.879346,0,true,true,1.0,-312.814478,0,0.0,0.0,1.0
12,4082,20.7,22987.840682,-77683.458725,22840.856049,-76923.389404,36881.524415,-366.477487,-838.07977,675.131187,2.423382,-2.162817,-117.494522,0.0,0.0,1.0,0.0,-0.418432,-0.418432,0,0,0,0,0,0,0,0,0,0,0,0,0,0,0,24372.060547,40000.0,14924.664062,28182.535156,19024.546875,18209.958984,40000.0,9988.476562,11592.993164,40000.0,40000.0,15962.287109,40000.0,40000.0,9187.583008,10989.423828,19827.179688,23701.759766,21289.501953,40000.0,12049.082031,40000.0,40000.0,18710.556641,728.143433,69624.367587,-23021.863071,21310.578468,0,true,true,1.0,-312.804478,0,0.0,0.0,1.0
12,4083,20.75,23010.973965,92472.48476,22892.425559,91830.963844,36847.757342,-436.097939,-959.273225,554.381565,2.445148,-2.778709,-118.012428,0.0,0.0,1.0,0.0,-0.06405,-0.704551,0,0,0,0,0,0,0,0,0,0,0,0,0,0,0,23332.599609,40000.0,14487.913086,28094.632812,19055.78125,18027.75,40000.0,9989.048828,11563.978516,40000.0,40000.0,16019.076172,40000.0,40000.0,9218.039062,11044.736328,19783.015625,19147.726562,16131.470703,40000.0,12039.418945,40000.0,30440.083984,18697.240234,761.910522,69522.981425,-22427.674878,22048.404779,0,true,true,1.0,-312.794478,0,0.0,0.0,1.0
12,4084,20.8,23031.018628,-77703.503388,22935.786255,-76966.7501,36826.556873,-485.838849,-1042.818293,467.163054,2.47295,-3.200851,-118.554832,0.0,0.0,1.0,0.0,0.307298,-1.597949,0,0,0,0,0,0,0,0,0,0,0,0,0,0,0,22337.300781,40000.0,14096.666992,27857.089844,19086.625,17851.919922,40000.0,9988.972656,11533.077148,40000.0,40000.0,16067.795898,40000.0,40000.0,9237.219727,11094.589844,20062.251953,14385.467773,15826.979492,40000.0,12035.483398,40000.0,30104.941406,18740.40625,783.111023,69505.080896,-21794.750876,22564.723097,0,true,true,1.0,-312.784478,0,0.0,0.0,1.0
12,4085,20.85,23060.01669,92443.486697,22996.870494,91769.879606,36804.326582,-548.967843,-1143.903215,363.652878,2.538282,-3.62366,-119.6632,0.0,0.0,1.0,0.0,0.326897,-1.634485,0,0,0,0,0,0,0,0,0,0,0,0,0,0,0,21656.199219,40000.0,13354.980469,27629.289062,20101.105469,17530.775391,40000.0,9985.65332,11467.53418,12023.926758,40000.0,16138.232422,40000.0,40000.0,9243.298828,11175.743164,20685.521484,14599.520508,15424.910156,40000.0,12044.311523,40000.0,29996.818359,18742.175781,805.341309,69652.351192,-20477.825191,23110.285971,0,true,true,1.0,-312.774478,0,0.0,0.0,1.0
12,4086,20.9,23091.997982,-77735.48468,23062.24926,-77032.128866,36787.789619,-610.303888,-1233.470603,267.87508,2.634451,-3.928935,-121.136604,0.0,0.0,1.0,0.0,0.124464,-1.120176,0,0,0,0,0,0,0,0,0,0,0,0,0,0,0,21663.267578,40000.0,12746.28125,27208.642578,31487.691406,17141.611328,40000.0,9983.553711,11383.631836,11837.504883,40000.0,16221.510742,40000.0,40000.0,9236.300781,11276.467773,40000.0,14949.686523,14905.181641,40000.0,12070.277344,40000.0,29921.558594,18774.291016,821.878235,69927.434758,-18709.691614,23541.360435,0,true,true,1.0,-312.764478,0,0.0,0.0,1.0
12,4087,20.95,23121.026675,92414.458005,23119.870396,91712.258471,36778.041387,-659.959176,-1298.318362,191.53227,2.719711,-4.117669,-122.363609,0.0,0.0,1.0,0.0,0.0,-0.419958,0,0,0,0,0,0,0,0,0,0,0,0,0,0,0,21735.828125,40000.0,12836.974609,26977.699219,30952.300781,16832.214844,40000.0,9987.469727,11321.453125,11693.520508,40000.0,16302.225586,40000.0,40000.0,9238.680664,11368.050781,40000.0,15259.277344,14516.683594,40000.0,12094.368164,40000.0,29786.595703,18825.734375,831.626465,70143.152845,-17230.535045,23827.46844,0,true,true,1.0,-312.754478,0,0.0,0.0,1.0
12,4088,21.0,23152.271679,-77766.729684,23180.19347,-77092.451941,36771.574922,-710.266541,-1358.648557,121.196054,2.807703,-4.293,-123.574539,0.0,0.0,1.0,0.0,0.0,-0.069993,0,0,0,0,0,0,0,0,0,0,0,0,0,0,0,21887.369141,40000.0,12980.537109,26665.875,30535.349609,16539.246094,40000.0,40000.0,11267.276367,11561.819336,40000.0,16393.658203,16354.616211,40000.0,9249.474609,11458.352539,40000.0,15582.473633,14170.253906,40000.0,12120.448242,40000.0,29707.462891,18881.039062,838.092957,70323.529205,-15767.915165,24102.042137,0,true,true,1.0,-312.744478,0,0.0,0.0,1.0
12,4089,21.05,23197.090257,92369.639427,23263.886013,91628.565928,36767.668128,-775.457488,-1427.761652,33.127368,2.910204,-4.484473,-124.92382,0.0,0.0,1.0,0.0,0.0,0.0,0,0,0,0,0,0,0,0,0,0,0,0,0,0,0,21893.966797,40000.0,13056.041992,26363.837891,29933.195312,16424.927734,19648.486328,40000.0,10908.106445,11483.374023,40000.0,16523.617188,16383.728516,40000.0,9285.974609,11420.217773,40000.0,15954.179688,13844.597656,40000.0,12142.513672,13910.349609,29658.693359,18946.365234,841.999756,70468.517082,-14137.881522,24408.0371,0,true,true,1.0,-312.734478,0,0.0,0.0,1.0
12,4090,21.1,23232.807102,-77802.446529,23328.431561,-77156.997489,36767.988283,-822.768272,-1473.428131,-27.570263,2.968869,-4.589036,-125.669357,0.0,0.0,1.0,0.0,0.0,0.0,0,0,0,0,0,0,0,0,0,0,0,0,0,0,0,21996.679688,40000.0,13103.074219,26213.347656,29631.455078,16431.615234,19305.730469,40000.0,10601.296875,11593.118164,40000.0,16620.638672,16424.705078,40000.0,9417.905273,11419.714844,40000.0,16154.923828,13709.128906,40000.0,12142.513672,12842.580078,29615.097656,18944.185547,841.679565,70510.515808,-13239.041351,24577.582249,0,true,true,1.0,-312.724478,0,0.0,0.0,1.0
12,4091,21.15,23270.172628,92332.273901,23394.176059,91562.82143,36770.825427,-868.050338,-1514.341973,-84.153057,3.014389,-4.667925,-126.235657,0.0,0.0,1.0,0.0,0.0,0.0,0,0,0,0,0,0,0,0,0,0,0,0,0,0,0,40000.0,40000.0,13127.90332,26112.5625,29288.072266,16434.275391,19032.355469,40000.0,10358.310547,11695.848633,40000.0,16715.75,16476.994141,40000.0,9733.227539,11442.806641,40000.0,16296.832031,13638.088867,40000.0,12129.682617,12799.873047,30145.0625,18981.621094,838.842468,70514.792494,-12558.489084,24707.16364,0,true,true,1.0,-312.714478,0,0.0,0.0,1.0
12,4092,21.2,23320.235317,-77852.509218,23479.817838,-77242.639268,36777.730822,-924.844294,-1564.414471,-149.334646,3.05973,-4.74467,-126.789818,0.0,0.0,1.0,0.0,0.0,0.0,0,0,0,0,0,0,0,0,0,0,0,0,0,0,0,21106.783203,40000.0,13165.71875,25872.78125,29012.591797,16490.371094,18745.164062,40000.0,10289.03418,11820.894531,40000.0,16835.646484,16554.589844,40000.0,10045.614258,11494.567383,40000.0,16418.330078,13606.802734,40000.0,12099.550781,12741.662109,31029.888672,18898.300781,831.937073,70486.980984,-11895.442045,24835.720724,0,true,true,1.0,-312.704478,0,0.0,0.0,1.0
12,4093,21.25,23374.171221,92278.337997,23569.406166,91473.233102,36788.371811,-977.571205,-1606.927758,-212.17221,3.094064,-4.766697,-127.203827,0.0,0.0,1.0,0.0,0.285835,0.457336,0,0,0,0,0,0,0,0,0,0,0,0,0,0,0,20629.880859,40000.0,13176.010742,25720.785156,28858.923828,16844.287109,18502.539062,40000.0,10296.780273,11942.620117,40000.0,16955.884766,16642.835938,40000.0,10267.833984,11567.052734,40000.0,16483.546875,13625.910156,40000.0,12054.237305,12676.663086,31487.896484,18838.990234,821.296082,70446.810386,-11401.12758,24891.403449,0,true,true,1.0,-312.694478,0,0.0,0.0,1.0
12,4094,21.3,23415.451969,-77893.789965,23636.391417,-77309.624519,36798.268448,-1015.664548,-1637.866072,-253.88379,3.110265,-4.726479,-127.399239,0.0,0.0,1.0,0.0,0.2671,0.600976,0,0,0,0,0,0,0,0,0,0,0,0,0,0,0,20408.988281,40000.0,13128.43457,25620.144531,28715.701172,17054.080078,18424.917969,40000.0,10307.089844,12026.235352,40000.0,17069.455078,16712.566406,40000.0,10350.178711,11633.066406,40000.0,16487.197266,13674.205078,40000.0,12010.223633,12624.552734,31843.787109,18778.222656,811.399414,70419.5445,-11167.35512,24857.943994,0,true,true,1.0,-312.684478,0,0.0,0.0,1.0
12,4095,21.35,23477.113661,92216.676305,23734.271479,91375.35304,36815.422562,-1062.909815,-1672.261568,-311.558886,3.118346,-4.62082,-127.497826,0.0,0.0,1.0,0.0,0.203295,0.609885,0,0,0,0,0,0,0,0,0,0,0,0,0,0,0,20279.464844,40000.0,13014.175781,25568.041016,28479.046875,17263.716797,18394.646484,40000.0,10329.588867,12135.90332,40000.0,17246.386719,16820.908203,40000.0,10322.600586,11749.566406,40000.0,16418.208984,13800.736328,40000.0,11930.008789,12543.386719,31532.748047,18663.365234,794.2453,70366.820823,-11050.750055,24741.99795,0,true,true,1.0,-312.674478,0,0.0,0.0,1.0
12,4096,21.4,23523.097102,-77939.773406,23805.935781,-77381.28882,36829.140331,-1087.599634,-1690.314526,-308.3693,3.118287,-4.525984,-127.497009,1.0,0.0,1.0,0.0,0.069993,0.139986,0,0,0,0,0,0,0,0,0,0,0,0,0,0,0,20194.978516,40000.0,12957.46582,25484.447266,28385.822266,17378.826172,18375.396484,40000.0,10349.268555,12211.546875,40000.0,17353.646484,16902.972656,40000.0,10242.364258,11842.862305,40000.0,16338.134766,13914.320312,40000.0,11864.786133,12481.564453,31243.748047,18568.982422,780.527527,70322.808241,-11052.919485,24632.190361,0,true,true,1.0,-312.664478,0,0.0,0.0,1.0
12,4097,21.45,23585.206923,92154.566483,23902.111732,91279.177088,36842.820102,-1090.55961,-1685.129055,-200.425455,3.1167,-4.406686,-127.476662,1.0,0.0,1.0,0.0,0.069993,0.0,0,0,0,0,0,0,0,0,0,0,0,0,0,0,0,20084.544922,39940.417969,12879.101562,25429.625,28266.636719,17523.5625,18350.830078,40000.0,10376.864258,12312.145508,40000.0,17491.849609,17014.287109,40000.0,10118.754883,11970.492188,40000.0,16223.039062,14074.384766,40000.0,11775.650391,13378.780273,30811.595703,18439.964844,766.847778,70256.852468,-11079.299622,24488.942672,0,true,true,1.0,-312.654478,0,0.0,0.0,1.0
12,4098,21.5,23632.647717,-77987.2142,23975.218683,-77454.395771,36849.274735,-1093.985138,-1683.629896,-123.150797,3.115625,-4.332178,-127.462585,1.0,0.0,1.0,0.0,0.0,0.0,0,0,0,0,0,0,0,0,0,0,0,0,0,0,0,20002.958984,39538.019531,12820.1875,25544.595703,28176.283203,17635.117188,18291.306641,40000.0,10398.293945,12351.629883,40000.0,17597.705078,17099.414062,40000.0,10021.5,12067.768555,40000.0,16136.195312,14196.020508,40000.0,11708.076172,13396.302734,30548.013672,18342.441406,760.393127,70199.864974,-11098.315696,24396.262967,0,true,true,1.0,-312.644478,0,0.0,0.0,1.0
12,4099,21.55,23682.406202,92104.807998,24051.595847,91202.799924,36852.615194,-1095.223175,-1678.976756,-48.814338,3.114826,-4.275911,-127.45195,1.0,0.0,1.0,0.0,0.0,0.0,0,0,0,0,0,0,0,0,0,0,0,0,0,0,0,19938.128906,39364.628906,12759.704102,25491.816406,28081.523438,17754.765625,18199.017578,40000.0,10421.000977,12377.105469,40000.0,17710.060547,17188.839844,40000.0,10113.818359,12169.34668,40000.0,16047.211914,14322.273438,40000.0,11637.942383,13349.99707,30161.533203,18241.546875,757.052673,70131.65301,-11114.28365,24322.891144,0,true,true,1.0,-312.634478,0,0.0,0.0,1.0
12,4100,21.6,23746.921544,-78051.729542,24149.744626,-77552.54455,36855.469442,-1127.762887,-1704.492702,-76.465959,3.114067,-4.221735,-127.441719,0.0,0.0,1.0,0.0,0.0,0.0,0,0,0,0,0,0,0,0,0,0,0,0,0,0,0,19850.603516,39117.480469,12683.070312,25581.830078,28027.384766,17911.994141,18079.917969,40000.0,10450.897461,12410.425781,40000.0,17856.023438,17304.455078,40000.0,10231.574219,12300.073242,40000.0,15933.648438,14483.814453,40000.0,11547.777344,13824.975586,29875.505859,18123.501953,754.198425,70036.373067,-11131.27501,24249.758277,0,true,true,1.0,-312.624478,0,0.0,0.0,1.0
12,4101,21.65,23800.22767,92051.501872,24229.613657,91122.930892,36860.844184,-1154.221854,-1722.31942,-135.858616,3.113333,-4.190083,-127.431732,0.0,0.0,1.0,0.0,0.0,0.0,0,0,0,0,0,0,0,0,0,0,0,0,0,0,0,19778.988281,38919.421875,12621.101562,25723.714844,27941.837891,18040.8125,17984.355469,40000.0,10476.246094,12438.75293,40000.0,17974.623047,17399.445312,40000.0,10327.928711,12393.070312,40000.0,15839.599609,14616.055664,40000.0,11473.657227,40000.0,29415.667969,18044.298828,748.823669,69952.408667,-11147.453777,24208.484803,0,true,true,1.0,-312.614478,0,0.0,0.0,1.0
12,4102,21.7,23861.506083,-78113.007955,24320.256363,-77643.187255,36869.964646,-1191.878263,-1756.035625,-191.006366,3.112057,-4.157761,-127.414207,0.0,0.0,1.0,0.0,0.0,0.0,0,0,0,0,0,0,0,0,0,0,0,0,0,0,0,19701.185547,38732.074219,12550.402344,25918.421875,27831.701172,18185.015625,17877.085938,40000.0,10506.015625,12472.496094,40000.0,18107.408203,17508.111328,40000.0,10437.851562,12451.454102,40000.0,15729.431641,14768.335938,40000.0,11388.396484,40000.0,29206.929688,17934.675781,739.703247,69853.779123,-11173.071235,24168.747537,0,true,true,1.0,-312.604478,0,0.0,0.0,1.0
12,4103,21.75,23931.156074,91981.851881,24422.076155,91021.1111,36883.062648,-1224.587643,-1782.269,-250.190126,3.110285,-4.120273,-127.389679,0.0,0.0,1.0,0.0,0.0,0.0,0,0,0,0,0,0,0,0,0,0,0,0,0,0,0,19615.769531,38601.996094,12470.755859,14098.816406,27709.164062,18309.083984,17758.607422,40000.0,10540.446289,12511.744141,40000.0,18255.019531,17630.912109,40000.0,10561.868164,12516.304688,40000.0,15602.71582,14941.121094,40000.0,11291.429688,40000.0,28641.378906,17798.146484,726.605225,69741.926826,-11207.080469,24125.342103,0,true,true,1.0,-312.594478,0,0.0,0.0,1.0
12,4104,21.8,23983.837505,-78165.689386,24498.333849,-77719.444949,36894.813803,-1247.901824,-1801.657659,-290.214282,3.109078,-4.09647,-127.372849,0.0,0.0,1.0,0.0,0.0,0.069993,0,0,0,0,0,0,0,0,0,0,0,0,0,0,0,19549.033203,38503.347656,12411.662109,13894.699219,27535.878906,18292.457031,17669.585938,40000.0,10566.71582,12541.636719,40000.0,18366.214844,17723.292969,40000.0,10654.941406,12564.833984,40000.0,15507.691406,15070.202148,40000.0,11218.462891,40000.0,28482.75,17695.931641,714.854065,69656.098945,-11230.612365,24100.162327,0,true,true,1.0,-312.584478,0,0.0,0.0,1.0
12,4105,21.85,24039.555902,91926.133485,24578.368099,90941.07685,36908.791614,-1269.082417,-1818.460648,-329.903633,3.105449,-4.121856,-127.322067,0.0,0.0,1.0,0.0,-0.685151,0.548121,0,0,0,0,0,0,0,0,0,0,0,0,0,0,0,19634.208984,38419.433594,12346.28125,13636.057617,27450.097656,18274.962891,17587.076172,40000.0,10596.639648,12577.838867,40000.0,18473.259766,17822.931641,40000.0,10754.908203,12614.152344,40000.0,15396.577148,15218.026367,40000.0,11139.916016,40000.0,28355.152344,17562.294922,700.876282,69538.194216,-11298.346892,24134.335626,0,true,true,1.0,-312.574478,0,0.0,0.0,1.0
12,4106,21.9,24112.082176,-78238.21566,24681.741633,-77822.818483,36929.022494,-1297.723411,-1844.355111,-375.658144,3.080124,-4.477166,-126.980255,0.0,0.0,1.0,0.0,-0.467585,0.571493,0,0,0,0,0,0,0,0,0,0,0,0,0,0,0,19712.849609,40000.0,12254.176758,13473.94043,27429.0,18247.957031,17569.628906,40000.0,10650.90625,12661.155273,40000.0,18529.486328,17970.523438,40000.0,10901.612305,12664.919922,40000.0,15163.081055,15512.897461,40000.0,11024.306641,40000.0,28201.152344,17369.638672,680.645386,69195.632075,-11738.940992,24552.000995,0,true,true,1.0,-312.564478,0,0.0,0.0,1.0
12,4107,21.95,24186.424943,91851.790717,24786.994874,90835.823609,36951.98314,-1317.667171,-1861.869285,-421.834714,3.035281,-5.046189,-126.431732,0.0,0.0,1.0,0.0,-0.381318,0.457582,0,0,0,0,0,0,0,0,0,0,0,0,0,0,0,40000.0,40000.0,12095.304688,13532.730469,27558.121094,18219.556641,17619.380859,40000.0,10719.070312,12775.038086,40000.0,18529.816406,18137.208984,40000.0,11065.741211,12708.617188,40000.0,14867.193359,15897.796875,40000.0,10897.995117,40000.0,28109.564453,17231.142578,657.684753,68709.683275,-12436.642213,25212.57949,0,true,true,1.0,-312.554478,0,0.0,0.0,1.0
12,4108,22.0,24242.481842,-78294.272559,24866.059477,-77901.883085,36970.695357,-1333.626561,-1879.602316,-453.962223,2.991324,-5.558071,-125.948189,0.0,0.0,1.0,0.0,-0.209979,0.139986,0,0,0,0,0,0,0,0,0,0,0,0,0,0,0,20191.210938,40000.0,11988.522461,13666.514648,27622.859375,18200.447266,17684.171875,40000.0,10776.666992,12873.503906,40000.0,18512.923828,18271.177734,40000.0,11196.449219,12740.324219,22554.474609,14610.486328,16143.03125,40000.0,10801.864258,40000.0,28092.867188,17040.642578,638.972534,68282.245175,-13045.895701,25802.849541,0,true,true,1.0,-312.544478,0,0.0,0.0,1.0
12,4109,22.05,24301.438026,91792.834533,24949.077587,90752.805498,36991.673153,-1345.697304,-1894.40471,-487.702732,2.942995,-6.078765,-125.464203,0.0,0.0,1.0,0.0,-0.069993,0.069993,0,0,0,0,0,0,0,0,0,0,0,0,0,0,0,19970.796875,40000.0,26679.636719,24528.914062,27604.841797,18183.800781,17748.150391,40000.0,10837.904297,12855.681641,40000.0,18583.058594,4290.320801,40000.0,11334.75,4372.626953,22136.363281,14317.879883,16487.056641,40000.0,10704.033203,39606.050781,27986.667969,16896.361328,617.99469,67834.976359,-13650.550833,26401.25541,0,true,true,1.0,-312.534478,0,0.0,0.0,1.0
12,4110,22.1,24378.460394,-78371.294926,25057.520665,-78010.326164,37020.943705,-1359.760886,-1915.089403,-529.931127,2.883874,-6.659918,-124.925102,0.0,0.0,1.0,0.0,-0.069993,0.069993,0,0,0,0,0,0,0,0,0,0,0,0,0,0,0,19793.4375,40000.0,12483.020508,24475.660156,27661.537109,18147.019531,17803.3125,40000.0,10914.286133,12980.083984,40000.0,3655.677246,4409.621094,4062.351562,4019.974609,4265.904297,21999.630859,13891.145508,17082.408203,40000.0,10582.360352,39500.171875,27906.382812,16766.326172,588.724182,67303.616191,-14317.028749,27067.788043,0,true,true,1.0,-312.524478,0,0.0,0.0,1.0
12,4111,22.15,24454.803564,91716.491362,25165.170365,90645.155798,37052.000161,-1370.310108,-1933.947142,-570.246262,2.829968,-7.153314,-124.472755,0.0,0.0,1.0,0.0,-0.069993,0.0,0,0,0,0,0,0,0,0,0,0,0,0,0,0,0,19628.035156,40000.0,12364.889648,24377.101562,27692.066406,18109.609375,17831.570312,40000.0,10986.52832,13094.262695,3143.014893,3783.82373,4478.367188,4183.15918,4148.149902,4411.586914,21171.587891,13653.614258,17202.865234,11762.461914,10466.811523,39333.613281,27870.75,16551.445312,557.667725,66823.818855,-14870.289659,27633.279249,0,true,true,1.0,-312.514478,0,0.0,0.0,1.0
12,4112,22.2,24517.776563,-78434.267925,25254.195912,-78099.35171,37079.192704,-1374.820121,-1945.35964,-602.818679,2.792212,-7.481018,-124.174072,0.0,0.0,1.0,0.0,-0.069993,0.069993,0,0,0,0,0,0,0,0,0,0,0,0,0,0,0,19506.115234,40000.0,12212.657227,24334.535156,27690.878906,18115.90625,2884.245117,40000.0,11041.689453,2797.212646,3022.338379,3885.070557,4074.381104,4074.381104,4074.381104,4074.381104,2882.263916,13533.929688,17915.410156,11639.744141,10742.25,39295.246094,27755.533203,16419.433594,530.475159,66478.378495,-15232.167624,28010.215541,0,true,true,1.0,-312.504478,0,0.0,0.0,1.0
12,4113,22.25,24575.461361,91658.806564,25336.220967,90563.130743,37102.053472,-1358.696078,-1936.782081,-510.435685,2.760534,-7.744362,-123.933563,1.0,0.0,1.0,0.0,0.0,0.0,0,0,0,0,0,0,0,0,0,0,0,0,0,0,0,19457.246094,40000.0,11540.717773,24289.179688,27677.404297,18126.648438,2529.274902,2529.69043,2531.937256,2671.156738,3086.413086,3766.986816,3766.986816,3766.986816,3766.986816,3766.986816,2741.738525,13556.141602,17922.955078,11531.352539,10926.429688,39223.195312,27695.943359,16347.985352,507.61441,66185.040704,-15521.288416,28310.771575,0,true,true,1.0,-312.494478,0,0.0,0.0,1.0
12,4114,22.3,24652.316099,-78511.122662,25446.466463,-78209.597206,37127.101177,-1336.879615,-1924.968839,-395.685706,2.727688,-8.006119,-123.692848,1.0,0.0,1.0,0.0,0.0,0.069993,0,0,0,0,0,0,0,0,0,0,0,0,0,0,0,19308.052734,40000.0,11413.300781,13293.836914,27627.519531,18110.113281,2267.255615,2577.445801,2565.121338,2738.242676,3168.516357,3464.751953,3464.751953,3464.751953,3464.751953,3464.751953,2632.290771,13378.514648,18896.349609,11395.019531,10838.410156,39125.679688,27630.037109,16194.242188,482.566681,65855.773426,-15808.04106,28605.364133,0,true,true,1.0,-312.484478,0,0.0,0.0,1.0
12,4115,22.35,24709.266886,91601.855777,25528.759466,90480.83774,37143.43888,-1335.611888,-1931.784915,-397.265825,2.706835,-8.162307,-123.544098,0.0,0.0,1.0,0.0,0.0,0.0,0,0,0,0,0,0,0,0,0,0,0,0,0,0,0,19198.896484,40000.0,11340.045898,13058.107422,27577.902344,18096.912109,2109.084473,2185.298584,2609.142334,2787.26709,3228.14502,3283.817139,3283.817139,3283.817139,3283.817139,3283.817139,2553.688965,13602.685547,18599.677734,11296.782227,10758.704102,39052.308594,27521.921875,16043.361328,466.229004,65636.913545,-15983.612083,28778.5465,0,true,true,1.0,-312.474478,0,0.0,0.0,1.0
12,4116,22.4,24789.32773,-78591.183506,25644.858568,-78325.696308,37169.49495,-1345.797711,-1954.639243,-456.881964,2.685832,-8.31503,-123.397186,0.0,0.0,1.0,0.0,0.0,0.0,0,0,0,0,0,0,0,0,0,0,0,0,0,0,0,19048.980469,40000.0,11225.685547,12653.246094,27482.705078,18076.923828,1969.129639,1965.261719,2670.315674,2854.677734,3043.740967,3043.740967,3043.740967,3043.740967,3043.740967,3043.740967,2447.338867,1970.47644,19413.679688,11164.415039,11013.722656,38946.972656,27413.720703,15877.948242,440.172913,65377.476973,-16155.412251,28950.836035,0,true,true,1.0,-312.464478,0,0.0,0.0,1.0
12,4117,22.45,24848.975391,91542.208115,25731.67172,90394.024588,37191.009559,-1348.180489,-1964.222642,-499.525143,2.674234,-8.398054,-123.317245,0.0,0.0,1.0,0.0,0.0,0.0,0,0,0,0,0,0,0,0,0,0,0,0,0,0,0,18938.824219,39774.140625,11143.806641,12191.575195,27399.5,18061.208984,1802.489746,1798.65979,2715.529541,2866.552246,2866.552246,2866.552246,2866.552246,2866.552246,2866.552246,2866.552246,2370.086426,1807.160034,19261.611328,11068.460938,11180.683594,38867.367188,27375.558594,15763.014648,418.658295,65206.618965,-16248.066456,29047.196646,0,true,true,1.0,-312.454478,0,0.0,0.0,1.0
12,4118,22.5,24925.84901,-78668.057126,25843.949642,-78437.974229,37221.147591,-1356.589771,-1984.275823,-548.619655,2.662809,-8.478965,-123.239304,0.0,0.0,1.0,0.0,0.0,0.0,0,0,0,0,0,0,0,0,0,0,0,0,0,0,0,18797.964844,39192.929688,11057.447266,11845.509766,27281.572266,18040.136719,17407.347656,1581.013306,2634.995117,2634.995117,2634.995117,2634.995117,2634.995117,2634.995117,2634.995117,2634.995117,2272.200439,1733.816284,1582.334229,10946.978516,11116.181641,1584.083618,27256.746094,15615.772461,232.555191,65005.428276,-16337.674599,29144.914153,0,true,true,1.0,-312.444478,0,0.0,0.0,1.0
12,4119,22.55,24988.500089,91479.557036,25935.779526,90302.194704,37247.677938,-1360.16387,-1995.671536,-586.531231,2.656604,-8.522551,-123.197289,0.0,0.0,1.0,0.0,0.0,0.0,0,0,0,0,0,0,0,0,0,0,0,0,0,0,0,18684.052734,38814.941406,10988.316406,11438.96875,27176.306641,18023.730469,17300.869141,1461.841675,2442.599365,2442.599365,2442.599365,2442.599365,2442.599365,2442.599365,2442.599365,2442.599365,2193.726318,1674.607666,1433.138794,1397.022827,1397.022827,38682.625,27128.597656,15496.47168,206.024841,64857.964927,-16385.35539,29201.965375,0,true,true,1.0,-312.434478,0,0.0,0.0,1.0
12,4120,22.6,25046.227048,-78725.784085,26020.633102,-78522.827806,37273.440938,-1364.712363,-2007.813662,-618.75922,2.651282,-8.586153,-123.161438,0.0,0.0,1.0,0.0,-0.419958,0.0,0,0,0,0,0,0,0,0,0,0,0,0,0,0,0,18580.328125,38356.984375,10925.469727,10936.386719,27079.667969,18159.511719,17202.351562,1597.037598,1207.409302,2252.076904,2252.076904,2252.076904,2252.076904,2252.076904,2252.076904,2252.076904,2121.884033,1620.319824,1386.989136,1290.015137,1286.980469,38356.984375,27045.53125,15389.605469,180.008301,64710.090706,-16427.330729,29282.233964,0,true,true,1.0,-312.424478,0,0.0,0.0,1.0
12,4121,22.65,25127.674705,91398.10938,26140.739053,90182.088753,37311.962304,-1365.480987,-2016.33861,-662.270636,2.641363,-8.763766,-123.095528,0.0,0.0,1.0,0.0,-0.399003,0.266002,0,0,0,0,0,0,0,0,0,0,0,0,0,0,0,18436.441406,37332.671875,10837.374023,10530.567383,27039.910156,18319.216797,17071.568359,1822.824341,935.296326,930.294678,1953.950562,1953.950562,1953.950562,1953.950562,1953.950562,1953.950562,1953.950562,1543.917358,1323.01062,1230.131714,936.937195,37332.671875,26934.882812,15278.956055,141.486938,64450.317788,-16508.134302,29495.114154,0,true,true,1.0,-312.414478,0,0.0,0.0,1.0
12,4122,22.7,25199.517532,-78797.626912,26247.054788,-78629.143541,37348.106404,-1372.506917,-2033.17102,-696.959736,2.624872,-8.999434,-122.988205,0.0,0.0,1.0,0.0,-0.357385,0.153165,0,0,0,0,0,0,0,0,0,0,0,0,0,0,0,18234.380859,36131.71875,24590.283203,10110.845703,26950.638672,18439.861328,16975.421875,2020.118774,1616.682129,679.933716,675.062012,1672.123657,1672.123657,1672.123657,1672.123657,1672.123657,1672.123657,675.062012,675.062012,675.062012,681.531921,36131.71875,26889.585938,15148.553711,105.342834,64164.976461,-16637.685067,29769.844753,0,true,true,1.0,-312.404478,0,0.0,0.0,1.0
12,4123,22.75,25262.583471,91335.043441,26340.656499,90088.487042,37381.048788,-1374.393201,-2041.83203,-726.464988,2.602143,-9.305739,-122.84446,0.0,0.0,1.0,0.0,-0.527819,0.239918,0,0,0,0,0,0,0,0,0,0,0,0,0,0,0,18122.269531,34748.65625,24510.060547,9772.575195,26895.867188,18526.603516,16911.632812,40000.0,1678.290405,823.150818,515.455688,447.738159,447.738129,449.306061,449.306061,449.306061,447.738007,447.737976,447.737976,455.56485,11794.736328,34748.65625,26786.423828,15030.609375,72.400452,63846.332521,-16810.321129,30119.050389,0,true,true,1.0,-312.394478,0,0.0,0.0,1.0
12,4124,22.8,25321.190142,-78856.233582,26427.889101,-78716.376144,37412.733623,-1376.731812,-2051.177734,-752.791504,2.574353,-9.643167,-122.674614,0.0,0.0,1.0,0.0,0.0,0.0,0,0,0,0,0,0,0,0,0,0,0,0,0,0,0,18017.724609,33354.511719,24420.046875,9678.186523,26861.285156,18592.697266,16866.664062,40000.0,1801.369507,1073.323242,674.346985,243.061539,243.061523,243.061508,243.061493,243.061478,243.061478,243.061462,243.061447,359.370636,11884.673828,33354.511719,26713.974609,14873.380859,5000.0,63509.269686,-17011.900173,30499.260307,0,true,true,1.0,-312.384478,0,0.0,0.0,1.0
12,4125,22.85,25400.869829,91255.363754,26546.911956,89969.464188,37457.544831,-1377.621449,-2061.1103,-787.491448,2.544865,-9.980033,-122.500778,0.0,0.0,1.0,0.0,0.0,0.0,0,0,0,0,0,0,0,0,0,0,0,0,0,0,0,17875.0625,31980.9375,24322.335938,9602.991211,26786.117188,18704.275391,16779.849609,40000.0,1969.406372,1412.499878,890.481628,568.551331,196.504349,181.824905,181.948746,195.397675,227.753067,297.224792,477.254425,10202.046875,12445.250977,31980.9375,26662.673828,14723.450195,5000.0,63128.755136,-17215.559624,30882.54357,0,true,true,1.0,-312.374478,0,0.0,0.0,1.0
12,4126,22.9,25462.443951,-78917.807704,26639.240478,-78808.704666,37493.512521,-1375.394637,-2064.653497,-813.319979,2.528273,-10.164143,-122.405602,0.0,0.0,1.0,0.0,0.0,0.0,0,0,0,0,0,0,0,0,0,0,0,0,0,0,0,17764.378906,31203.751953,24263.306641,9543.975586,26708.625,18805.46875,16695.109375,40000.0,2425.891602,1675.071167,1057.930908,813.59967,306.629486,286.076141,286.39624,307.710175,358.874359,470.700775,752.346313,10105.932617,13576.558594,31203.751953,26600.501953,14607.15625,5000.0,62885.309919,-17325.795505,31096.331285,0,true,true,1.0,-312.364478,0,0.0,0.0,1.0
12,4127,22.95,25540.141253,91177.666451,26756.180374,89852.524292,37540.392511,-1379.236346,-2079.091708,-843.575217,2.511896,-10.342302,-122.313385,0.0,0.0,1.0,0.0,0.0,0.0,0,0,0,0,0,0,0,0,0,0,0,0,0,0,0,17624.101562,30410.798828,24200.134766,9468.53418,26509.423828,18943.576172,16575.044922,40000.0,3316.313721,2007.495605,1269.787476,977.361511,447.969757,418.132019,418.777283,450.148407,526.78894,688.695862,1102.793945,9985.802734,23830.242188,30410.798828,26788.994141,14459.836914,5000.0,62614.211155,-17431.573545,31308.139847,0,true,true,1.0,-312.354478,0,0.0,0.0,1.0
12,4128,23.0,25597.67583,-78975.342281,26843.085335,-78895.609627,37576.165203,-1379.551247,-2085.884722,-864.960804,2.501997,-10.437657,-122.258423,0.0,0.0,1.0,0.0,0.279972,0.139986,0,0,0,0,0,0,0,0,0,0,0,0,0,0,0,17519.181641,29938.554688,24157.751953,9411.761719,26418.363281,19050.138672,16479.060547,40000.0,16070.509766,2121.395508,1427.033081,1098.951782,552.942505,516.252319,517.179626,557.356506,650.625732,851.036743,29938.554688,9897.052734,23852.955078,29938.554688,26901.814453,14349.854492,5000.0,62436.677536,-17493.568446,31425.989899,0,true,true,1.0,-312.344478,0,0.0,0.0,1.0
12,4129,23.05,25675.085226,91100.257055,26960.422213,89735.187414,37625.661146,-1379.357902,-2093.945641,-892.047849,2.489298,-10.495369,-122.188477,0.0,0.0,1.0,0.0,0.063406,-0.44384,0,0,0,0,0,0,0,0,0,0,0,0,0,0,0,17374.074219,29504.035156,24097.261719,9333.016602,26287.857422,19190.896484,16343.868164,40000.0,16487.507812,2264.007568,1638.900269,1262.939819,694.45813,648.600586,649.974548,700.387207,817.947205,1070.613159,29504.035156,9775.8125,23877.535156,29504.035156,27117.527344,14237.000977,5000.0,62237.665822,-17569.170078,31508.705458,0,true,true,1.0,-312.334478,0,0.0,0.0,1.0
12,4130,23.1,25735.223242,-79035.480297,27051.89713,-78987.084543,37665.154664,-1379.64496,-2100.570774,-911.700531,2.496193,-10.526625,-122.226273,0.0,0.0,1.0,0.0,-0.109882,-0.494468,0,0,0,0,0,0,0,0,0,0,0,0,0,0,0,17268.533203,29201.242188,24098.648438,9274.144531,26154.642578,19345.351562,16207.330078,40000.0,16905.089844,2376.384766,1806.985229,1392.001221,823.273499,756.208679,754.528931,811.402222,947.373291,16647.001953,29201.242188,9689.888672,23871.916016,29201.242188,27130.283203,14134.240234,5000.0,62115.725765,-17529.04373,31563.284831,0,true,true,1.0,-312.324478,0,0.0,0.0,1.0
12,4131,23.15,25812.169407,91023.31089,27169.294072,89617.790471,37716.842326,-1378.842512,-2106.111162,-935.195756,2.52709,-10.582195,-122.395027,0.0,0.0,1.0,0.0,-0.069993,-0.419958,0,0,0,0,0,0,0,0,0,0,0,0,0,0,0,17144.679688,28768.177734,24166.791016,9216.40918,25996.560547,28768.177734,16050.936523,40000.0,17569.572266,2522.805664,2028.715942,1560.372803,999.378479,932.437866,933.692444,1003.232361,1162.740601,16423.732422,28768.177734,9591.675781,23835.214844,28768.177734,26980.089844,13999.529297,5000.0,61983.353706,-17350.998263,31656.467521,0,true,true,1.0,-312.314478,0,0.0,0.0,1.0
12,4132,23.2,25889.745581,-79113.056471,27287.967746,-79105.758217,37770.212756,-1379.163158,-2111.46211,-957.157135,2.572607,-10.62864,-122.642448,0.0,0.0,1.0,0.0,0.069993,-0.139986,0,0,0,0,0,0,0,0,0,0,0,0,0,0,0,17025.820312,28354.541016,24277.746094,9133.035156,25711.208984,28354.541016,16011.646484,40000.0,40000.0,2713.294189,2258.482666,1733.097534,1145.00415,1067.008179,1067.205811,1145.289551,1320.855835,16432.005859,11595.830078,9591.84082,23778.380859,28354.541016,26723.816406,13850.31543,5000.0,61874.92305,-17090.18213,31744.731339,0,true,true,1.0,-312.304478,0,0.0,0.0,1.0
12,4133,23.25,25951.969351,90961.08712,27383.307043,89522.451174,37813.898793,-1380.315365,-2115.612474,-973.582185,2.615382,-10.596043,-122.874382,0.0,0.0,1.0,0.0,0.139986,-0.139986,0,0,0,0,0,0,0,0,0,0,0,0,0,0,0,16929.488281,28203.195312,24380.876953,9075.883789,25508.058594,28203.195312,15974.824219,40000.0,40000.0,3021.106934,2445.980957,1873.139038,1262.418701,1175.078369,1174.027222,1258.487915,16677.541016,16458.509766,11525.612305,9703.863281,23719.597656,28203.195312,26474.105469,13724.291992,5000.0,61835.17953,-16843.020596,31742.679293,0,true,true,1.0,-312.294478,0,0.0,0.0,1.0
12,4134,23.3,26010.564032,-79171.651152,27473.141938,-79195.593112,37855.594976,-1382.52141,-2119.742091,-987.807699,2.672492,-10.428472,-123.186562,0.0,0.0,1.0,0.0,0.313887,-0.188332,0,0,0,0,0,0,0,0,0,0,0,0,0,0,0,16914.361328,28420.888672,24521.810547,9043.703125,25365.189453,28420.888672,15928.351562,40000.0,40000.0,3357.790039,2629.320557,2007.567627,1373.753296,1276.73584,1273.750732,1363.292725,16720.410156,16480.384766,11472.722656,9761.001953,23631.205078,28420.888672,26112.566406,13618.351562,5000.0,61898.295971,-16504.514007,31598.58918,0,true,true,1.0,-312.284478,0,0.0,0.0,1.0
12,4135,23.35,26089.753962,90881.89719,27594.513695,89401.079417,37912.735936,-1384.480995,-2121.098721,-1004.710779,2.75074,-10.129485,-123.623322,0.0,0.0,1.0,0.0,0.279972,-0.139986,0,0,0,0,0,0,0,0,0,0,0,0,0,0,0,16791.882812,28925.726562,24720.275391,8968.9375,24962.279297,28925.726562,15862.407227,40000.0,40000.0,3788.749023,2840.828857,2190.641846,1524.726318,1413.97522,1407.822388,1492.573608,16787.375,16508.167969,11401.854492,9830.245117,23505.152344,28925.726562,25617.617188,13483.756836,5000.0,62024.224525,-16027.310471,31327.81254,0,true,true,1.0,-312.274478,0,0.0,0.0,1.0
12,4136,23.4,26169.029953,-79250.927143,27715.817571,-79316.896988,37970.65302,-1386.726492,-2119.967255,-1018.874971,2.828587,-9.770103,-124.071808,0.0,0.0,1.0,0.0,0.139986,-0.069993,0,0,0,0,0,0,0,0,0,0,0,0,0,0,0,16668.683594,29637.515625,24927.701172,8893.756836,24644.238281,29637.515625,15968.591797,40000.0,40000.0,13276.277344,2979.12793,2375.959229,1678.82251,1551.108398,1541.161743,1631.430176,16846.167969,16534.435547,11331.389648,9850.972656,23375.140625,29637.515625,25411.171875,13348.448242,5000.0,62181.360128,-15533.593664,30993.832343,0,true,true,1.0,-312.264478,0,0.0,0.0,1.0
12,4137,23.45,26227.019626,90823.907516,27804.334446,89312.562542,38013.328831,-1394.123024,-2126.243212,-1027.86893,2.885299,-9.477636,-124.409309,0.0,0.0,1.0,0.0,0.279972,-0.139986,0,0,0,0,0,0,0,0,0,0,0,0,0,0,0,16504.470703,30284.171875,25087.824219,8839.074219,24496.373047,30284.171875,16141.423828,20409.302734,40000.0,13251.476562,3080.200684,2512.764648,1816.529297,1642.819092,1629.578247,40000.0,16890.539062,16552.267578,11281.107422,9827.897461,23277.964844,30284.171875,25259.125,13249.902344,4986.671387,62311.211601,-15159.933822,30718.694044,0,true,true,1.0,-312.254478,0,0.0,0.0,1.0
12,4138,23.5,26302.869398,-79326.776915,27919.733065,-79432.295607,38069.411664,-1401.714574,-2129.15457,-1037.375414,2.95965,-9.045071,-124.868538,0.0,0.0,1.0,0.0,0.139986,-0.069993,0,0,0,0,0,0,0,0,0,0,0,0,0,0,0,16388.431641,31362.798828,31362.798828,8768.118164,24103.388672,30085.208984,16374.067383,19868.617188,40000.0,13216.505859,3212.228271,2693.442627,2003.620605,1773.42688,1755.420166,40000.0,16952.490234,16571.919922,11218.0,9781.586914,23146.503906,31362.798828,25105.691406,13180.430664,4930.588379,62507.163331,-14647.965921,30306.117922,0,true,true,1.0,-312.244478,0,0.0,0.0,1.0
12,4139,23.55,26364.901346,90761.875569,28013.70543,89218.590177,38115.458318,-1403.272946,-2122.844676,-1043.084676,3.010487,-8.72635,-125.195732,0.0,0.0,1.0,0.0,0.0,0.0,0,0,0,0,0,0,0,0,0,0,0,0,0,0,0,16291.895508,32195.421875,32195.421875,8687.621094,23872.322266,29929.837891,16556.248047,19472.595703,40000.0,13196.694336,3320.108887,2840.63916,2156.873535,1879.922485,1858.033691,40000.0,16997.357422,16597.798828,11157.90625,9712.287109,23054.597656,32195.421875,25026.335938,13063.769531,4884.541504,62633.196992,-14282.054381,30004.744225,0,true,true,1.0,-312.234478,0,0.0,0.0,1.0
12,4140,23.6,26444.098559,-79405.974128,28133.079451,-79551.669628,38174.248422,-1415.050071,-2128.14976,-1049.195236,3.059531,-8.407492,-125.523445,0.0,0.0,1.0,0.0,0.0,0.0,0,0,0,0,0,0,0,0,0,0,0,0,0,0,0,16165.004883,33005.082031,33005.082031,8613.27832,23611.689453,29381.402344,16770.945312,19058.189453,40000.0,13187.022461,3457.61377,3026.455322,2348.227539,2015.381226,1988.910767,40000.0,17044.203125,16664.634766,11065.285156,9616.943359,22964.677734,33005.082031,24886.054688,12925.636719,4825.751465,62723.626754,-13916.133455,29711.648128,0,true,true,1.0,-312.224478,0,0.0,0.0,1.0
12,4141,23.65,26501.493389,90704.480738,28219.139813,89132.529815,38216.795058,-1421.419058,-2128.123975,-1052.456038,3.088589,-8.20918,-125.723763,0.0,0.0,1.0,0.0,0.0,-0.069993,0,0,0,0,0,0,0,0,0,0,0,0,0,0,0,16071.517578,33498.761719,33498.761719,8576.946289,23520.890625,29283.689453,16919.099609,19002.519531,40000.0,13186.352539,3642.948975,3160.10498,2485.211182,2113.129639,2083.451172,40000.0,17080.580078,17199.314453,10991.188477,9544.980469,22910.414062,33498.761719,24784.605469,12824.336914,4783.205078,62762.314236,-13692.723306,29533.343798,0,true,true,1.0,-312.214478,0,0.0,0.0,1.0
12,4142,23.7,26572.539774,-79477.020512,28325.098237,-79657.628052,38269.543875,-1416.076923,-2107.943891,-1054.502215,3.112329,-8.043102,-125.891129,0.0,0.0,1.0,0.0,0.069993,0.0,0,0,0,0,0,0,0,0,0,0,0,0,0,0,0,15951.595703,32883.492188,33808.769531,9149.217773,8200.420898,28845.796875,17083.681641,18946.205078,40000.0,13400.248047,3866.630615,3322.452881,2646.884521,2233.500977,2200.52002,40000.0,17138.896484,17288.201172,10884.585938,9551.935547,22865.617188,33808.769531,24665.037109,12695.677734,4730.456055,62750.716219,-13507.932234,29395.41028,0,true,true,1.0,-312.204478,0,0.0,0.0,1.0
12,4143,23.75,26651.233281,90625.787232,28441.775321,89015.852731,38327.628056,-1430.666936,-2116.196122,-1057.521287,3.136518,-7.865187,-126.065437,0.0,0.0,1.0,0.0,0.0,0.0,0,0,0,0,0,0,0,0,0,0,0,0,0,0,0,15818.717773,31799.353516,34144.113281,9075.110352,8746.335938,28620.707031,17264.095703,18703.0,40000.0,13767.3125,4114.408203,3501.71167,2826.245605,2366.166748,2329.348389,40000.0,17234.507812,17388.427734,10764.117188,9699.274414,22818.863281,34144.113281,24533.828125,12553.164062,4672.37207,62732.10123,-13315.519338,29248.902522,0,true,true,1.0,-312.194478,0,0.0,0.0,1.0
12,4144,23.8,26727.526373,-79553.313604,28554.197891,-79770.050622,38383.700196,-1443.114195,-2121.689984,-1059.532174,3.158236,-7.688628,-126.225449,0.0,0.0,1.0,0.0,0.139986,-0.069993,0,0,0,0,0,0,0,0,0,0,0,0,0,0,0,15764.9375,30406.279297,34504.203125,8996.725586,8670.800781,28279.308594,17437.248047,18404.330078,40000.0,14121.455078,4354.131836,3674.876221,2999.46582,2476.502197,2436.078125,40000.0,17623.923828,17486.435547,10645.119141,9827.688477,22775.326172,34504.203125,24407.201172,12414.850586,4616.299805,62714.096558,-13138.390499,29102.29195,0,true,true,1.0,-312.184478,0,0.0,0.0,1.0
12,4145,23.85,26785.854575,90567.45903,28639.689886,88930.360736,38426.420454,-1448.937697,-2120.462329,-1060.26421,3.17524,-7.533905,-126.353371,0.0,0.0,1.0,0.0,0.139986,0.0,0,0,0,0,0,0,0,0,0,0,0,0,0,0,0,15666.731445,29463.865234,34882.769531,8942.374023,8613.230469,28067.205078,17495.269531,18175.201172,40000.0,14395.783203,4538.317383,3807.33252,3133.342773,2573.802734,16408.488281,40000.0,16613.445312,17558.462891,10554.669922,9855.029297,22739.861328,34882.769531,24309.84375,12309.453125,4573.57959,62711.480629,-12995.649641,28969.254508,0,true,true,1.0,-312.174478,0,0.0,0.0,1.0
12,4146,23.9,26863.029181,-79630.488211,28752.203917,-79882.564653,38482.698625,-1457.15577,-2119.580082,-1060.546094,3.197251,-7.298754,-126.523132,0.0,0.0,1.0,0.0,0.209979,0.0,0,0,0,0,0,0,0,0,0,0,0,0,0,0,0,15536.575195,28063.251953,35557.25,8219.302734,8537.251953,27965.634766,17456.033203,17875.044922,40000.0,14760.573242,4829.924805,3982.283447,3311.436035,2701.829834,16525.177734,40000.0,16628.603516,17340.681641,10434.204102,9805.802734,22691.515625,35557.25,24180.1875,12169.856445,4517.30127,62723.355476,-12804.262627,28760.355159,0,true,true,1.0,-312.164478,0,0.0,0.0,1.0
12,4147,23.95,26944.986077,90485.502134,28870.941688,88811.622966,38542.166927,-1464.258685,-2116.320532,-1059.772958,3.217011,-7.006567,-126.680824,0.0,0.0,1.0,0.0,0.279972,0.0,0,0,0,0,0,0,0,0,0,0,0,0,0,0,0,15395.859375,26909.183594,36544.675781,19261.564453,7833.476074,27595.177734,17410.40625,17571.894531,40000.0,15138.027344,5107.783203,4166.171387,3485.825684,2836.642578,16648.607422,40000.0,16687.404297,17329.664062,10300.547852,9690.775391,22643.035156,36045.652344,24041.302734,12019.581055,4457.833008,62752.55286,-12622.661463,28491.180295,0,true,true,1.0,-312.154478,0,0.0,0.0,1.0
12,4148,24.0,27006.71302,-79692.215154,28959.873439,-79971.496405,38586.70159,-1467.229377,-2110.542929,-1058.285149,3.23031,-6.756509,-126.791054,0.0,0.0,1.0,0.0,0.139986,0.0,0,0,0,0,0,0,0,0,0,0,0,0,0,0,0,15288.706055,26057.867188,37512.027344,19270.744141,7773.320312,27404.972656,17522.65625,17350.365234,40000.0,16654.220703,16677.300781,4303.806641,3598.224609,2937.454346,16740.804688,40000.0,16759.763672,17361.939453,10197.527344,9602.895508,22607.171875,35950.75,23936.003906,11905.637695,4413.29834,62787.422322,-12493.076014,28255.377933,0,true,true,1.0,-312.144478,0,0.0,0.0,1.0
12,4149,24.05,27084.861552,90407.353602,29071.870684,88699.62572,38642.688067,-1477.542575,-2112.841726,-1056.033961,3.246031,-6.431993,-126.927002,0.0,0.0,1.0,0.0,0.069993,0.0,0,0,0,0,0,0,0,0,0,0,0,0,0,0,0,15153.500977,25164.613281,38896.304688,19282.193359,7697.913086,27144.427734,17689.789062,17075.353516,40000.0,17014.160156,16682.337891,4461.882812,3740.156494,3064.460449,16857.224609,40000.0,16147.003906,17485.328125,10066.228516,9680.519531,22562.626953,35831.128906,23803.464844,11761.791992,4357.312012,62833.759399,-12332.123967,27948.147626,0,true,true,1.0,-312.134478,0,0.0,0.0,1.0
12,4150,24.1,27165.965965,-79773.319567,29187.410308,-80087.036028,38700.359488,-1487.881566,-2114.872334,-1052.727314,3.260146,-6.121994,-127.055199,0.0,0.0,1.0,0.0,0.0,0.0,0,0,0,0,0,0,0,0,0,0,0,0,0,0,0,15013.875,24650.986328,40000.0,19292.607422,7642.687012,26912.472656,17861.287109,16801.777344,40000.0,17301.515625,16692.630859,4592.216797,3886.550537,3195.662598,16979.509766,40000.0,15984.664062,18031.074219,9927.972656,9815.993164,22520.673828,35709.261719,23668.392578,11613.119141,4299.640625,62864.869577,-12180.432421,27658.122951,0,true,true,1.0,-312.124478,0,0.0,0.0,1.0
12,4151,24.15,27244.932042,90328.387525,29299.588581,88587.447447,38753.444237,-1467.090623,-2085.963122,-935.148378,3.274446,-5.819889,-127.191719,1.0,0.0,1.0,0.0,0.0,-0.069993,0,0,0,0,0,0,0,0,0,0,0,0,0,0,0,40000.0,23831.320312,40000.0,19307.277344,7568.479004,26657.099609,18033.205078,16533.076172,40000.0,17433.335938,16700.214844,4718.855957,4029.44165,3369.665283,17097.705078,40000.0,15857.09082,18129.300781,9795.59375,9943.592773,22477.179688,35593.054688,23548.080078,11469.875977,4246.555664,62896.384631,-12019.738187,27373.784079,0,true,true,1.0,-312.114478,0,0.0,0.0,1.0
12,4152,24.2,27301.755062,-79830.142587,29380.464699,-80167.912146,38787.134155,-1449.744746,-2064.438565,-827.56921,3.284505,-5.604013,-127.292145,1.0,0.0,1.0,0.0,0.069993,-0.069993,0,0,0,0,0,0,0,0,0,0,0,0,0,0,0,40000.0,22721.451172,40000.0,19318.929688,7515.166504,26473.662109,18158.507812,16340.200195,40000.0,17528.923828,16705.396484,4810.068848,4132.733398,3461.775635,17182.947266,40000.0,15766.360352,18199.765625,9700.599609,10034.699219,22446.847656,35510.460938,23446.306641,11371.068359,4212.865723,62918.012122,-11901.732695,27166.857414,0,true,true,1.0,-312.104478,0,0.0,0.0,1.0
12,4153,24.25,27381.692973,90248.449613,29494.430461,88473.481684,38828.256252,-1424.687801,-2032.491934,-683.716731,3.29683,-5.346951,-127.420525,1.0,0.0,1.0,0.0,0.0,0.0,0,0,0,0,0,0,0,0,0,0,0,0,0,0,0,40000.0,22044.59375,40000.0,19333.277344,7440.789062,26124.767578,18333.125,16167.888672,40000.0,17664.107422,16717.583984,4938.922852,4278.393555,3591.750488,17305.587891,40000.0,15630.563477,18303.734375,9564.891602,10166.674805,22831.775391,35355.539062,23294.544922,11217.073242,4171.743652,62922.68226,-11752.649807,26920.359507,0,true,true,1.0,-312.094478,0,0.0,0.0,1.0
12,4154,24.3,27456.11079,-79904.560403,29600.329945,-80273.811629,38862.862666,-1431.043519,-2030.847042,-671.100089,3.306001,-5.150449,-127.520264,0.0,0.0,1.0,0.0,0.0,0.0,0,0,0,0,0,0,0,0,0,0,0,0,0,0,0,40000.0,21198.111328,40000.0,19342.482422,7372.362793,25906.638672,18491.212891,16130.101562,40000.0,17789.464844,16735.496094,5059.174316,4413.577637,3712.616943,17422.318359,40000.0,15491.62793,18056.734375,9435.098633,10219.887695,22802.152344,35250.933594,23153.21875,11049.919922,4137.137207,62902.463264,-11638.018941,26733.508188,0,true,true,1.0,-312.084478,0,0.0,0.0,1.0
12,4155,24.35,27514.052285,90190.508118,29682.255596,88391.556033,38890.422122,-1439.572092,-2031.801568,-688.335691,3.310966,-5.040677,-127.575958,0.0,0.0,1.0,0.0,0.0,0.0,0,0,0,0,0,0,0,0,0,0,0,0,0,0,0,40000.0,20863.283203,40000.0,19344.802734,7320.069336,25750.056641,18608.472656,16104.785156,40000.0,17885.908203,16756.476562,5152.915039,4517.801758,3806.17041,17515.476562,40000.0,15511.447266,18061.337891,9330.467773,10185.507812,22784.865234,35170.152344,23063.208984,10933.076172,4109.577637,62862.195418,-11575.351562,26635.027902,0,true,true,1.0,-312.074478,0,0.0,0.0,1.0
12,4156,24.4,27592.772358,-79983.280476,29792.871853,-80384.427886,38928.606305,-1450.235317,-2032.596758,-709.540138,3.315809,-4.931137,-127.631508,0.0,0.0,1.0,0.0,0.0,0.0,0,0,0,0,0,0,0,0,0,0,0,0,0,0,0,40000.0,20190.46875,40000.0,19703.318359,7228.422363,25610.505859,40000.0,16074.217773,40000.0,18031.457031,16791.501953,5280.246094,4658.20752,3932.546143,17643.869141,40000.0,15621.750977,18147.400391,9185.047852,10221.43457,22766.523438,35060.949219,22942.535156,10789.248047,4071.393799,62785.393625,-11514.477847,26544.532123,0,true,true,1.0,-312.064478,0,0.0,0.0,1.0
12,4157,24.45,27671.74933,90111.531147,29903.110887,88281.317,38967.652703,-1462.933442,-2037.132404,-728.15692,3.319185,-4.853207,-127.671013,0.0,0.0,1.0,0.0,0.0,0.0,0,0,0,0,0,0,0,0,0,0,0,0,0,0,0,40000.0,19691.642578,40000.0,19713.830078,7159.210449,25458.384766,36013.1875,16046.706055,40000.0,18376.0625,16831.908203,5407.861328,4797.885742,4058.554688,17773.916016,40000.0,15733.775391,18739.078125,9036.794922,10371.933594,22752.023438,34951.800781,22822.789062,10644.921875,4032.347412,62690.772526,-11472.897281,26488.858057,0,true,true,1.0,-312.054478,0,0.0,0.0,1.0
12,4158,24.5,27734.474191,-80046.005337,29990.174278,-80471.491277,38999.166543,-1469.534913,-2036.529829,-742.056527,3.321027,-4.810138,-127.692848,0.0,0.0,1.0,0.0,0.0,0.0,0,0,0,0,0,0,0,0,0,0,0,0,0,0,0,40000.0,19320.494141,40000.0,19708.414062,7104.868652,7292.242676,35796.371094,16026.782227,40000.0,18623.833984,16867.074219,5509.10791,4908.044922,4158.110352,17877.914062,40000.0,15823.923828,18841.03125,9119.860352,10493.21582,22742.75,34865.324219,22728.451172,10530.325195,4000.833496,62605.3841,-11451.294502,26465.345449,0,true,true,1.0,-312.044478,0,0.0,0.0,1.0
12,4159,24.55,27813.939187,90032.06615,30099.908281,88171.582996,39039.575876,-1481.172258,-2041.128562,-757.598175,3.322824,-4.767717,-127.71434,0.0,0.0,1.0,0.0,0.0,0.0,0,0,0,0,0,0,0,0,0,0,0,0,0,0,0,40000.0,18875.462891,40000.0,19700.457031,7036.779297,7856.499023,35561.722656,16002.935547,40000.0,18933.099609,16913.763672,5665.55957,5046.821777,4283.647949,17998.878906,40000.0,15938.448242,18971.263672,9236.219727,10647.52832,22732.298828,34755.96875,22636.054688,10385.386719,3960.424072,62490.808464,-11431.174292,26449.13683,0,true,true,1.0,-312.034478,0,0.0,0.0,1.0
12,4160,24.6,27897.275944,-80129.342095,30214.357305,-80585.940301,39082.556772,-1492.674915,-2045.860215,-772.369449,3.324132,-4.732545,-127.730125,0.0,0.0,1.0,0.0,0.0,0.0,0,0,0,0,0,0,0,0,0,0,0,0,0,0,0,40000.0,18591.830078,40000.0,19690.761719,7596.869629,7785.434082,35235.59375,16037.763672,40000.0,19252.214844,16712.701172,5840.240723,5191.450195,4414.614746,18103.230469,40000.0,16058.802734,18765.566406,9358.410156,11133.180664,22710.425781,34641.289062,22540.216797,10233.607422,3917.443115,62365.5424,-11417.749351,26442.69622,0,true,true,1.0,-312.024478,0,0.0,0.0,1.0
12,4161,24.65,27958.783637,89970.558457,30298.450349,88087.489952,39114.601422,-1498.066414,-2045.668364,-782.657577,3.324864,-4.711895,-127.739006,0.0,0.0,1.0,0.0,0.0,0.0,0,0,0,0,0,0,0,0,0,0,0,0,0,0,0,40000.0,18468.382812,40000.0,19683.257812,7544.93457,7731.821289,34913.730469,16125.542969,40000.0,19485.261719,16253.400391,5968.488281,5297.699707,4510.882812,18165.169922,40000.0,16147.638672,18770.648438,9392.041992,11253.170898,23107.929688,34556.757812,11806.422852,10121.807617,3885.398682,62270.38672,-11411.005108,26443.990522,0,true,true,1.0,-312.014478,0,0.0,0.0,1.0
12,4162,24.7,28053.375488,-80223.933945,30427.326955,-80714.816906,39163.436302,-1481.57345,-2019.06113,-737.557137,3.325579,-4.691641,-127.747719,1.0,0.0,1.0,0.0,0.0,0.0,0,0,0,0,0,0,0,0,0,0,0,0,0,0,0,40000.0,17622.507812,40000.0,19670.855469,7465.583984,7012.988281,34621.347656,16259.87207,40000.0,19839.904297,16326.132812,6164.785645,5460.46582,4658.46875,18259.238281,40000.0,16284.576172,19368.548828,9270.984375,11438.415039,22285.888672,34426.976562,11539.362305,9961.380859,3836.563721,62118.170692,-11406.465997,26457.863106,0,true,true,1.0,-312.004478,0,0.0,0.0,1.0
12,4163,24.75,28113.761021,89910.172924,30509.775191,88005.041715,39190.673603,-1471.851997,-2011.49897,-633.430389,3.325958,-4.680876,-127.75235,1.0,0.0,1.0,0.0,0.0,0.0,0,0,0,0,0,0,0,0,0,0,0,0,0,0,0,40000.0,17317.783203,40000.0,19662.523438,7414.788574,6960.643555,34558.074219,16345.566406,40000.0,20066.164062,16365.577148,6290.283203,5564.547852,4752.86084,18319.34375,40000.0,16372.329102,19469.712891,9153.952148,11557.244141,22280.416016,34344.09375,11412.324219,9873.353516,3809.326416,62020.008367,-11404.614168,26465.120148,0,true,true,1.0,-311.994478,0,0.0,0.0,1.0
12,4164,24.8,28188.575501,-80298.748426,30612.238626,-80817.280341,39219.273678,-1448.942906,-1986.938296,-512.695944,3.326335,-4.670096,-127.756989,1.0,0.0,1.0,0.0,0.0,0.0,0,0,0,0,0,0,0,0,0,0,0,0,0,0,0,40000.0,17022.701172,40000.0,19651.6875,6720.67041,6895.65918,34205.992188,16451.660156,40000.0,40000.0,16414.585938,6446.120117,5693.821777,4870.124023,18394.011719,40000.0,16481.566406,19595.777344,9260.648438,12396.955078,22274.128906,34241.332031,11254.457031,9752.191406,3780.726318,61897.170192,-11403.582134,26471.70183,0,true,true,1.0,-311.984478,0,0.0,0.0,1.0
12,4165,24.85,28263.876594,89834.871832,30715.714154,87901.566187,39242.448099,-1424.155567,-1959.421349,-399.294707,3.3266,-4.648724,-127.760239,1.0,0.0,1.0,0.0,0.069993,0.0,0,0,0,0,0,0,0,0,0,0,0,0,0,0,0,40000.0,16873.458984,40000.0,19639.738281,20849.974609,6852.046875,33975.3125,16558.015625,40000.0,40000.0,16463.90625,6603.20459,5824.166992,4980.21582,18469.017578,40000.0,17013.302734,11938.890625,9372.737305,23438.486328,22267.958984,34137.152344,11097.814453,9614.34668,3757.552002,61778.453193,-11403.31169,26461.339985,0,true,true,1.0,-311.974478,0,0.0,0.0,1.0
12,4166,24.9,28320.606435,-80355.478267,30793.891947,-80895.458134,39256.292945,-1406.388082,-1939.654096,-318.645114,3.326737,-4.626286,-127.76194,1.0,0.0,1.0,0.0,0.0,0.0,0,0,0,0,0,0,0,0,0,0,0,0,0,0,0,40000.0,16294.039062,40000.0,19630.095703,20817.873047,6802.237793,33911.671875,16637.871094,40000.0,40000.0,16500.972656,6706.543457,5922.519531,5069.48291,18525.447266,40000.0,17096.496094,11771.223633,9457.469727,22948.429688,22263.398438,34058.230469,11019.679688,9510.15918,3743.707031,61691.996646,-11403.457106,26443.118052,0,true,true,1.0,-311.964478,0,0.0,0.0,1.0
12,4167,24.95,28397.480889,89757.997378,30900.126016,87795.332117,39270.245117,-1384.66212,-1915.737955,-215.086525,3.326873,-4.604051,-127.763618,1.0,0.0,1.0,0.0,0.0,0.0,0,0,0,0,0,0,0,0,0,0,0,0,0,0,0,40000.0,15920.202148,40000.0,19616.845703,20942.21875,6734.56543,33566.667969,16746.253906,40000.0,40000.0,16551.458984,6867.538574,6056.163086,5190.789062,18602.289062,40000.0,17209.814453,11543.732422,9511.767578,22282.15625,22257.78125,33951.542969,10866.236328,9368.776367,3729.754883,61571.023488,-11404.74107,26422.452372,0,true,true,1.0,-311.954478,0,0.0,0.0,1.0
12,4168,25.0,28469.12646,-80427.123839,30999.426614,-80994.758731,39278.424465,-1368.156957,-1898.251469,-123.493207,3.326969,-4.588204,-127.764816,1.0,0.0,1.0,0.0,0.0,0.0,0,0,0,0,0,0,0,0,0,0,0,0,0,0,0,40000.0,15573.539062,40000.0,19604.263672,21057.945312,6671.281738,33347.773438,16847.369141,40000.0,40000.0,16598.591797,7017.980957,6181.056152,5304.163574,18674.304688,40000.0,17315.898438,11331.670898,9428.145508,21659.095703,22252.958984,33852.230469,10693.041992,9207.327148,3721.575439,61456.065471,-11406.545141,26403.649383,0,true,true,1.0,-311.944478,0,0.0,0.0,1.0
12,4169,25.05,28546.865257,89680.258582,31107.484802,87687.273929,39282.260941,-1344.605606,-1871.057637,-34.762098,3.327037,-4.576942,-127.765671,1.0,0.0,1.0,0.0,0.0,0.0,0,0,0,0,0,0,0,0,0,0,0,0,0,0,0,40000.0,15323.246094,40000.0,19590.355469,20895.023438,6602.394043,33254.296875,16957.193359,40000.0,40000.0,16649.802734,7181.644043,6316.942871,5427.527832,18752.810547,40000.0,17431.533203,11101.136719,9275.833008,20981.019531,22237.0,33744.625,10490.875,9045.027344,3717.739014,61328.607233,-11409.257286,26384.588453,0,true,true,1.0,-311.934478,0,0.0,0.0,1.0
12,4170,25.1,28604.006299,-80484.264881,31187.108287,-81074.382216,39281.852061,-1335.354242,-1862.024104,31.098474,3.327074,-4.570825,-127.766129,1.0,0.0,1.0,0.0,0.0,0.0,0,0,0,0,0,0,0,0,0,0,0,0,0,0,0,40000.0,15210.069336,40000.0,19579.9375,20683.292969,6551.600098,32935.804688,17037.986328,40000.0,40000.0,16687.492188,7302.208984,6417.052734,5581.759277,18810.775391,40000.0,17218.185547,10931.552734,9359.116211,20481.330078,36859.65625,33665.5625,10368.414062,8939.418945,3718.147949,61233.974148,-11411.495507,26369.672682,0,true,true,1.0,-311.924478,0,0.0,0.0,1.0
12,4171,25.15,28676.048548,89608.216332,31287.721855,87586.660361,39277.600825,-1319.055392,-1843.878727,105.265516,3.32711,-4.564778,-127.766586,1.0,0.0,1.0,0.0,0.0,0.0,0,0,0,0,0,0,0,0,0,0,0,0,0,0,0,40000.0,14579.669922,40000.0,19566.650391,20416.105469,6487.367188,32745.546875,17139.892578,40000.0,40000.0,16734.931641,7454.52002,6543.527344,5862.316406,18884.589844,40000.0,17235.46875,10717.664062,9468.956055,20330.625,36841.113281,33565.882812,10213.783203,8806.075195,3722.39917,61113.97266,-11414.479352,26348.922891,0,true,true,1.0,-311.914478,0,0.0,0.0,1.0
12,4172,25.2,28730.041983,-80538.258315,31363.288301,-81149.948662,39271.798376,-1309.102917,-1833.231764,158.72194,3.327131,-4.561416,-127.766838,1.0,0.0,1.0,0.0,0.0,0.0,0,0,0,0,0,0,0,0,0,0,0,0,0,0,0,40000.0,14321.823242,40000.0,19556.568359,20215.708984,6416.869629,32620.0,17216.318359,40000.0,40000.0,16770.507812,7568.887695,6638.499023,6045.098633,18977.779297,40000.0,17302.953125,10557.220703,9551.508789,20328.095703,36889.046875,33491.175781,10122.966797,8706.0,3728.20166,61023.549984,-11416.829547,26332.006664,0,true,true,1.0,-311.904478,0,0.0,0.0,1.0
12,4173,25.25,28802.635282,89535.623033,31465.092641,87484.856021,39260.624499,-1296.436742,-1819.651761,226.215012,3.32715,-4.558114,-127.76709,1.0,0.0,1.0,0.0,0.0,0.0,0,0,0,0,0,0,0,0,0,0,0,0,0,0,0,40000.0,13975.848633,40000.0,19542.777344,19946.083984,6351.783203,7012.095703,17319.107422,22136.558594,40000.0,16818.246094,7722.931641,6766.421875,6290.721191,19102.066406,40000.0,17814.845703,10341.387695,9662.780273,20324.896484,37020.945312,33390.722656,9997.495117,8571.268555,3739.375488,60901.492029,-11420.094653,26307.191133,0,true,true,1.0,-311.894478,0,0.0,0.0,1.0
12,4174,25.3,28856.982797,-80592.60583,31541.4571,-81226.313121,39249.838019,-1282.557125,-1803.10725,268.883475,3.327161,-4.556279,-127.767227,1.0,0.0,1.0,0.0,0.0,0.0,0,0,0,0,0,0,0,0,0,0,0,0,0,0,0,40000.0,13718.94043,40000.0,19532.365234,19744.003906,6302.923828,7039.660156,17396.064453,21900.175781,40000.0,16853.990234,7838.456543,6862.359863,6474.510742,19195.277344,40000.0,17896.769531,10179.720703,9746.298828,20322.576172,37002.664062,33315.503906,9880.358398,8470.268555,3750.161865,60809.879095,-11422.58025,26286.870118,0,true,true,1.0,-311.884478,0,0.0,0.0,1.0
12,4175,25.35,28926.380065,89466.225766,31639.142108,87387.171013,39233.178611,-1272.943393,-1793.133454,326.410984,3.327172,-4.554474,-127.767365,1.0,0.0,1.0,0.0,0.0,0.0,0,0,0,0,0,0,0,0,0,0,0,0,0,0,0,40000.0,13581.09668,40000.0,19518.910156,19485.769531,6240.503418,31977.835938,17494.408203,21597.851562,40000.0,16899.527344,7986.206543,6985.061035,6709.07373,19314.451172,40000.0,18001.585938,9973.192383,9853.181641,20319.740234,37065.230469,33229.539062,9674.576172,8341.143555,3766.821289,60692.727604,-11425.77009,26258.608469,0,true,true,1.0,-311.874478,0,0.0,0.0,1.0
12,4176,25.4,28993.571667,-80659.797433,31733.899532,-81321.070545,39214.127076,-1265.44219,-1785.789788,379.567261,3.32718,-4.553185,-127.767464,1.0,0.0,1.0,0.0,0.0,0.0,0,0,0,0,0,0,0,0,0,0,0,0,0,0,0,40000.0,13447.541016,40000.0,19505.685547,19235.425781,6519.201172,7522.684082,17589.662109,21304.484375,40000.0,16943.601562,8129.498535,7104.061523,6936.055176,19430.054688,40000.0,18103.275391,9773.038086,9947.921875,20317.111328,37305.675781,33162.019531,9529.387695,8234.49707,3785.872803,60579.169553,-11428.862713,26228.808826,0,true,true,1.0,-311.864478,0,0.0,0.0,1.0
12,4177,25.45,29060.492915,89399.304518,31828.43972,87292.630825,39192.457545,-1254.795709,-1773.77235,424.987997,3.327185,-4.552262,-127.767532,1.0,0.0,1.0,0.0,0.0,0.0,0,0,0,0,0,0,0,0,0,0,0,0,0,0,0,40000.0,12751.078125,40000.0,19492.414062,18985.845703,6766.379883,7458.260254,17684.566406,21011.777344,40000.0,16987.404297,8272.43457,7222.767578,7102.634766,19545.361328,40000.0,18204.746094,9573.737305,9932.632812,20314.628906,40000.0,33105.292969,9384.609375,8136.456055,3807.54248,60465.978124,-11431.938132,26196.814992,0,true,true,1.0,-311.854478,0,0.0,0.0,1.0
12,4178,25.5,29124.017787,-80723.322305,31918.323944,-81410.954769,39169.524025,-1246.265262,-1764.387734,465.987373,3.327189,-4.551592,-127.767586,1.0,0.0,1.0,0.0,0.0,0.0,0,0,0,0,0,0,0,0,0,0,0,0,0,0,0,40000.0,12450.504883,40000.0,19479.693359,17938.234375,6708.699219,6691.37207,17774.683594,20733.576172,40000.0,17028.970703,8408.306641,7335.604004,7317.035645,19654.925781,40000.0,18016.328125,9447.632812,9918.208008,20312.328125,40000.0,33017.246094,9247.026367,8020.819336,3830.476074,60358.507157,-11434.836434,26164.29743,0,true,true,1.0,-311.844478,0,0.0,0.0,1.0
12,4179,25.55,29176.38179,89346.940516,31992.43331,87218.521459,39149.767398,-1247.352544,-1762.600086,450.041397,3.327192,-4.551218,-127.767616,0.0,0.0,1.0,0.0,0.0,0.0,0,0,0,0,0,0,0,0,0,0,0,0,0,0,0,40000.0,12202.807617,40000.0,19469.158203,17742.832031,6661.138672,6638.868164,17844.359375,20619.792969,40000.0,17063.201172,8520.331055,7428.639648,7493.741699,19745.291016,40000.0,18012.609375,9524.875977,9999.228516,20310.443359,40000.0,32944.667969,9173.989258,7923.023926,3850.232666,60269.886174,-11437.211853,26136.831058,0,true,true,1.0,-311.834478,0,0.0,0.0,1.0
12,4180,25.6,29241.491377,-80788.431893,32083.96096,-81502.482419,39129.826054,-1277.400909,-1790.347417,350.11481,3.327192,-4.551112,-127.767624,0.0,0.0,1.0,0.0,0.0,0.0,0,0,0,0,0,0,0,0,0,0,0,0,0,0,0,40000.0,11965.185547,40000.0,19456.689453,17500.822266,5955.367676,6574.232422,17826.320312,20598.984375,40000.0,17106.085938,8658.790039,7543.630859,7713.979004,19857.064453,40000.0,18075.439453,9609.355469,10099.383789,20307.794922,40000.0,32854.621094,9049.257812,7802.002441,3870.173828,60159.643123,-11440.106667,26107.719515,0,true,true,1.0,-311.824478,0,0.0,0.0,1.0
12,4181,25.65,29310.108881,89278.323012,32179.671447,87122.810972,39114.603261,-1301.276741,-1810.068261,249.571066,3.327192,-4.551112,-127.767624,0.0,0.0,1.0,0.0,0.0,0.0,0,0,0,0,0,0,0,0,0,0,0,0,0,0,0,40000.0,11829.498047,40000.0,19444.162109,17247.013672,6534.856445,6531.364258,17807.90625,20577.666016,40000.0,17151.5625,8819.337891,7663.984375,7946.694336,19974.113281,40000.0,18265.5625,9697.577148,10203.975586,20304.548828,40000.0,32759.945312,8902.131836,7685.963379,3885.396729,60043.537328,-11443.053276,26082.99393,0,true,true,1.0,-311.814478,0,0.0,0.0,1.0
12,4182,25.7,29374.860057,-80853.183069,32269.353792,-81592.164763,39105.310306,-1314.494716,-1816.906208,156.874439,3.327192,-4.551112,-127.767624,0.0,0.0,1.0,0.0,0.0,0.0,0,0,0,0,0,0,0,0,0,0,0,0,0,0,0,40000.0,11254.577148,40000.0,19432.859375,17008.628906,6531.754883,6468.477051,17791.005859,20558.138672,40000.0,17194.789062,8955.235352,7776.848633,8166.811523,20083.984375,40000.0,18678.091797,9780.136719,10301.855469,20301.117188,40000.0,32670.789062,8707.950195,7519.795898,3894.689697,59934.071746,-11445.741215,26064.771471,0,true,true,1.0,-311.804478,0,0.0,0.0,1.0
12,4183,25.75,29448.178218,89205.00485,32370.289107,87021.875657,39099.33916,-1345.87263,-1848.570084,76.917629,2.887909,-4.551112,-127.767624,0.0,0.0,1.0,-1.0,0.0,0.0,0,0,0,0,0,0,0,0,0,0,0,0,0,0,0,40000.0,10901.581055,40000.0,19420.642578,16739.634766,7011.88916,6397.904297,17778.945312,20304.228516,40000.0,17243.992188,40000.0,7903.962402,8416.520508,20207.771484,40000.0,18786.443359,9815.123047,10411.896484,20296.886719,40000.0,32570.013672,8552.177734,7373.443359,3900.660889,59810.244748,-11248.627411,26135.737305,0,true,true,1.0,-311.794478,0,0.0,0.0,1.0
12,4184,25.8,29503.087506,-80908.092357,32445.492522,-81667.368179,39097.856996,-1362.48584,-1863.474502,17.701259,2.127806,-4.551112,-127.767624,0.0,0.0,1.0,-1.0,0.0,0.0,0,0,0,0,0,0,0,0,0,0,0,0,0,0,0,40000.0,10636.355469,40000.0,19411.845703,16538.839844,7370.763672,6345.455078,17869.195312,20072.443359,40000.0,17280.976562,40000.0,7998.727051,8603.867188,20300.126953,40000.0,18867.169922,9725.258789,10493.972656,20293.517578,40000.0,32494.654297,8435.935547,7273.222656,3902.143066,59717.577676,-10903.245216,26273.705402,0,true,true,1.0,-311.784478,0,0.0,0.0,1.0
12,4185,25.85,29576.042001,89132.050355,32544.952094,86922.416085,39099.410175,-1380.243689,-1878.207501,-56.488673,0.577097,-4.551112,-127.767624,0.0,0.0,1.0,-1.0,0.0,0.0,0,0,0,0,0,0,0,0,0,0,0,0,0,0,0,40000.0,10317.727539,40000.0,19400.546875,16272.858398,7846.744629,6276.244629,17972.015625,19766.226562,40000.0,17330.353516,40000.0,8124.124023,8853.154297,20422.394531,40000.0,18973.931641,9580.640625,10842.870117,20288.748047,40000.0,32394.664062,8292.777344,7140.490723,3900.589844,59594.538563,-10191.403062,26550.875089,0,true,true,1.0,-311.774478,0,0.0,0.0,1.0
12,4186,25.9,29651.690225,-80983.74058,32647.586512,-81770.002597,39104.881376,-1398.29901,-1893.877354,-125.650055,-1.349569,-4.551112,-127.767624,0.0,0.0,1.0,0.0,0.0,0.0,0,0,0,0,0,0,0,0,0,0,0,0,0,0,0,40000.0,10169.930664,40000.0,19389.224609,15997.808594,8482.201172,6204.994629,18078.541016,19450.201172,40000.0,17381.722656,40000.0,8253.600586,9112.048828,20548.664062,40000.0,18802.445312,9683.535156,10954.469727,20283.519531,40000.0,32291.125,8178.915039,7003.318848,3895.118652,59467.042155,-9296.160979,26873.91678,0,true,true,1.0,-311.764478,0,0.0,0.0,1.0
12,4187,25.95,29706.666164,89077.074416,32721.892023,86848.110574,39111.011027,-1410.368169,-1904.342794,-171.965026,-2.480206,-4.551112,-127.767624,0.0,0.0,1.0,0.0,0.0,0.0,0,0,0,0,0,0,0,0,0,0,0,0,0,0,0,10622.375,10062.697266,40000.0,19482.960938,15796.466797,21050.984375,6128.985352,18155.916016,19221.576172,40000.0,17417.998047,40000.0,8347.37793,9300.423828,20640.179688,40000.0,18795.25,9751.635742,11035.210938,20279.548828,40000.0,32215.960938,8063.595215,6903.893555,3888.989014,59374.437961,-8766.175112,27050.984567,0,true,true,1.0,-311.754478,0,0.0,0.0,1.0
12,4188,26.0,29782.654138,-81059.728554,32824.242703,-81872.353277,39122.231308,-1425.18428,-1916.902972,-231.432945,-3.587123,-4.551112,-127.767624,0.0,0.0,1.0,1.0,0.0,0.0,0,0,0,0,0,0,0,0,0,0,0,0,0,0,0,10493.459961,9852.421875,40000.0,19885.294922,15772.243164,20892.507812,6058.187988,18262.785156,18906.832031,40000.0,17579.042969,40000.0,8476.602539,9561.082031,20766.333984,28955.501953,18870.412109,9845.378906,11146.352539,20262.765625,40000.0,20719.400391,7859.515625,6766.796875,3877.768799,59246.501533,-8244.508935,27216.516627,0,true,true,1.0,-311.744478,0,0.0,0.0,1.0
12,4189,26.05,29864.585857,88995.142697,32934.181093,86738.172184,39137.608668,-1439.559174,-1929.000687,-289.934628,-4.006348,-4.551201,-127.768906,0.0,0.0,1.0,1.0,0.0,-0.069993,0,0,0,0,0,0,0,0,0,0,0,0,0,0,0,10354.992188,9670.348633,40000.0,31924.019531,15763.172852,20621.917969,5982.35498,18378.193359,18567.5,40000.0,17779.101562,40000.0,8615.570312,9841.485352,20901.814453,28232.408203,19391.556641,9945.896484,11265.4375,20504.492188,40000.0,20487.253906,7677.69043,6619.423828,3862.391357,59108.807637,-8046.02845,27280.744559,0,true,true,1.0,-311.734478,0,0.0,0.0,1.0
12,4190,26.1,29921.437969,-81116.580665,33010.241727,-81948.413912,39149.96447,-1450.303779,-1938.812739,-326.560987,-3.853091,-4.547945,-127.772896,0.0,0.0,1.0,1.0,0.0,0.0,0,0,0,0,0,0,0,0,0,0,0,0,0,0,0,10259.321289,9580.81543,40000.0,31929.287109,15757.428711,20502.568359,5979.259766,7161.872559,18329.548828,40000.0,17918.605469,40000.0,8711.957031,10033.731445,20995.273438,27957.238281,19472.560547,9934.71582,11336.791016,20646.162109,40000.0,20343.341797,7559.633301,6532.641113,3850.035645,59015.38586,-8116.272579,27260.431294,0,true,true,1.0,-311.724478,0,0.0,0.0,1.0
12,4191,26.15,29999.641287,88916.939378,33114.298123,86634.115789,39166.11744,-1443.515186,-1913.534138,-260.653117,-3.07184,-4.543847,-127.779266,1.0,0.0,1.0,1.0,0.0,-0.069993,0,0,0,0,0,0,0,0,0,0,0,0,0,0,0,10128.374023,9458.232422,40000.0,31937.501953,15750.02832,20338.927734,6296.938477,18569.699219,18003.099609,40000.0,18110.083984,40000.0,8843.993164,10297.745117,21123.179688,27277.818359,19583.253906,9732.234375,11984.991211,20639.039062,40000.0,20224.578125,7399.158691,6419.811523,3833.882568,58887.368689,-8482.295248,27148.627509,0,true,true,1.0,-311.714478,0,0.0,0.0,1.0
12,4192,26.2,30077.000437,-81193.939816,33216.325936,-82050.441725,39176.829173,-1430.975875,-1882.116656,-164.071385,-2.140698,-4.544448,-127.795776,1.0,0.0,1.0,0.0,-0.069993,-0.069993,0,0,0,0,0,0,0,0,0,0,0,0,0,0,0,10000.561523,9338.119141,40000.0,31952.8125,15744.974609,20201.691406,6501.355957,18681.443359,17805.826172,40000.0,18302.105469,40000.0,8974.504883,10551.0625,21248.130859,27033.25,19690.494141,9757.447266,12081.972656,20630.839844,40000.0,20108.695312,7278.496094,6300.091309,3823.170898,58761.458902,-8906.199346,27007.972983,0,true,true,1.0,-311.704478,0,0.0,0.0,1.0
12,4193,26.25,30155.195798,88838.744017,33318.865567,86531.576158,39184.200641,-1433.82644,-1878.603177,-149.258171,-1.273187,-4.555133,-127.829498,0.0,0.0,1.0,0.0,0.0,0.0,0,0,0,0,0,0,0,0,0,0,0,0,0,0,0,9873.28418,9217.586914,40000.0,31979.542969,15742.974609,20104.019531,5715.40918,6900.350586,17779.833984,40000.0,18502.035156,40000.0,9107.355469,10792.803711,21372.699219,26560.585938,19796.167969,9848.276367,12723.040039,20621.28125,40000.0,20040.738281,7138.52002,6163.116211,3815.799316,58633.163261,-9279.314266,26877.791683,0,true,true,1.0,-311.694478,0,0.0,0.0,1.0
12,4194,26.3,30210.905915,-81249.649932,33391.803391,-82123.379549,39191.115623,-1444.740386,-1890.81906,-193.302805,-0.733916,-4.56237,-127.855286,0.0,0.0,1.0,0.0,0.0,0.0,0,0,0,0,0,0,0,0,0,0,0,0,0,0,0,40000.0,9131.959961,40000.0,31945.558594,15741.894531,19982.132812,5761.621582,6837.437988,17760.996094,40000.0,18645.179688,40000.0,9202.074219,10962.859375,21461.128906,25852.076172,19584.261719,9912.68457,12786.602539,20614.296875,40000.0,19959.148438,7026.551758,6062.260254,3808.884277,58542.183738,-9505.291917,26796.276111,0,true,true,1.0,-311.684478,0,0.0,0.0,1.0
12,4195,26.35,30288.898463,88760.751469,33493.781025,86429.598524,39203.500037,-1455.551048,-1902.12014,-252.192213,-0.181386,-4.569538,-127.883057,0.0,0.0,1.0,0.0,0.0,0.0,0,0,0,0,0,0,0,0,0,0,0,0,0,0,0,40000.0,9011.995117,40000.0,31858.363281,15739.199219,19715.009766,6307.347168,6750.657715,17736.615234,40000.0,18842.330078,40000.0,9333.857422,11207.078125,21585.449219,25157.833984,19593.099609,10003.324219,40000.0,20604.927734,40000.0,19809.8125,6812.928223,5943.680664,3796.5,58414.639455,-9734.974551,26713.09866,0,true,true,1.0,-311.674478,0,0.0,0.0,1.0
12,4196,26.4,30368.758874,-81329.510343,33598.047302,-82227.645826,39219.117193,-1469.276358,-1917.265304,-305.593139,0.224198,-4.574616,-127.905968,0.0,0.0,1.0,0.0,0.0,0.0,0,0,0,0,0,0,0,0,0,0,0,0,0,0,0,40000.0,8889.155273,40000.0,31768.976562,15735.705078,19545.791016,6260.373535,6692.146973,17712.992188,40000.0,19042.035156,40000.0,9468.189453,11461.007812,21712.982422,25154.294922,19686.769531,10096.333984,40000.0,20595.583984,40000.0,19678.572266,6651.157715,5861.035645,3780.882812,58284.024649,-9900.775738,26654.191957,0,true,true,1.0,-311.664478,0,0.0,0.0,1.0
12,4197,26.45,30429.008151,88700.502192,33676.61169,86351.034135,39232.663553,-1476.20464,-1924.288207,-343.996911,0.476301,-4.580106,-127.923241,0.0,0.0,1.0,0.0,0.0,-0.069993,0,0,0,0,0,0,0,0,0,0,0,0,0,0,0,40000.0,8725.928711,40000.0,31701.742188,15733.149414,19418.404297,6450.714844,6625.924316,17695.320312,40000.0,19192.769531,40000.0,9569.486328,11652.130859,21809.113281,24427.457031,13420.893555,10166.410156,40000.0,20588.521484,40000.0,19589.210938,6530.44873,5787.838867,3767.336426,58184.638411,-10000.659613,26621.931104,0,true,true,1.0,-311.654478,0,0.0,0.0,1.0
12,4198,26.5,30508.568578,-81409.07077,33780.234632,-82331.268767,39252.654859,-1487.395987,-1936.277609,-389.809816,0.798361,-4.604126,-127.963745,0.0,0.0,1.0,0.0,-0.069993,-0.069993,0,0,0,0,0,0,0,0,0,0,0,0,0,0,0,40000.0,8604.335938,40000.0,31614.191406,15732.836914,19245.019531,6706.367188,6536.964355,17668.535156,40000.0,19399.193359,40000.0,9704.974609,11887.951172,21934.953125,23720.748047,12908.505859,10257.540039,40000.0,20578.404297,40000.0,8265.942383,6369.741211,5666.303223,3747.345215,58048.492049,-10109.132218,26600.256592,0,true,true,1.0,-311.644478,0,0.0,0.0,1.0
12,4199,26.55,30589.748948,88619.321821,33885.823305,86245.445462,39275.332155,-1497.275125,-1946.440531,-433.018001,1.094998,-4.647065,-128.02066,0.0,0.0,1.0,0.0,0.0,-0.069993,0,0,0,0,0,0,0,0,0,0,0,0,0,0,0,40000.0,8480.899414,40000.0,31526.232422,15735.307617,19163.255859,6971.598633,6445.036133,17645.488281,40000.0,19616.691406,40000.0,9844.852539,12117.650391,22062.429688,23033.152344,12400.580078,10349.273438,40000.0,20567.423828,40000.0,8060.917969,6252.609863,5542.306152,3724.667725,57903.464361,-10189.270818,26604.75962,0,true,true,1.0,-311.634478,0,0.0,0.0,1.0
12,4200,26.6,30668.382578,-81487.704399,33987.958421,-82433.403883,39299.239027,-1507.287659,-1956.762743,-471.133192,1.324761,-4.681036,-128.069046,0.0,0.0,1.0,0.0,0.0,0.0,0,0,0,0,0,0,0,0,0,0,0,0,0,0,0,40000.0,8361.22168,40000.0,31509.611328,15736.677734,18990.269531,7227.685547,6327.458984,17760.109375,40000.0,19824.71875,40000.0,9979.629883,12335.65625,22186.044922,23045.580078,11895.355469,10366.457031,40000.0,20556.986328,40000.0,7906.619141,6107.875,5449.800781,3700.760986,57765.278593,-10247.495714,26613.118326,0,true,true,1.0,-311.624478,0,0.0,0.0,1.0
12,4201,26.65,30731.132097,88556.572302,34069.360146,86164.043737,39319.636774,-1511.862536,-1960.546003,-500.342605,1.455819,-4.701637,-128.096741,0.0,0.0,1.0,0.0,-0.069993,0.0,0,0,0,0,0,0,0,0,0,0,0,0,0,0,0,40000.0,8265.516602,40000.0,31532.671875,15736.125,18756.667969,7429.802246,6258.450684,17841.349609,40000.0,19986.318359,40000.0,10086.052734,12522.454102,22285.371094,22321.980469,11476.149414,10307.681641,40000.0,20549.210938,40000.0,7771.975586,5981.75293,5383.980957,3680.363281,57656.153075,-10281.14407,26623.36398,0,true,true,1.0,-311.614478,0,0.0,0.0,1.0
12,4202,26.7,30833.11347,-81589.685772,34201.460158,-82565.503895,39355.303988,-1508.956402,-1953.338125,-546.641124,1.599554,-4.727019,-128.131668,0.0,0.0,1.0,0.0,0.0,0.0,0,0,0,0,0,0,0,0,0,0,0,0,0,0,0,40000.0,8109.853027,40000.0,31563.988281,15733.700195,18542.035156,7756.514648,6151.560547,17972.232422,40000.0,20244.664062,24338.220703,10257.852539,12834.207031,22447.208984,21608.962891,10778.970703,10424.758789,40000.0,20152.705078,40000.0,7433.807129,5719.626953,5278.308105,3644.696045,57480.811217,-10314.230627,26646.261483,0,true,true,1.0,-311.604478,0,0.0,0.0,1.0
12,4203,26.75,30896.366401,88493.319371,34283.283572,86082.220323,39378.490186,-1525.404189,-1972.565496,-568.041758,1.680397,-4.741113,-128.154541,0.0,0.0,1.0,0.0,0.0,0.0,0,0,0,0,0,0,0,0,0,0,0,0,0,0,0,40000.0,8013.399414,40000.0,31584.216797,15778.477539,18408.761719,7959.350586,6109.367188,18053.515625,40000.0,20404.634766,24384.205078,10364.444336,13025.586914,22536.113281,20888.8125,10656.950195,10497.185547,40000.0,20144.90625,40000.0,7269.535645,5592.050781,5212.636719,3621.509766,57373.008205,-10329.725157,26661.355538,0,true,true,1.0,-311.594478,0,0.0,0.0,1.0
12,4204,26.8,30957.358964,-81650.678335,34362.103816,-82644.324139,39401.646908,-1535.243899,-1983.339226,-588.830289,1.744129,-4.752147,-128.173752,0.0,0.0,1.0,0.0,0.0,-0.069993,0,0,0,0,0,0,0,0,0,0,0,0,0,0,0,40000.0,7920.376465,40000.0,31601.974609,15926.618164,18281.289062,8154.616699,6043.519043,18131.53125,40000.0,20559.097656,24430.289062,10466.871094,13212.395508,40000.0,20000.166016,10730.285156,10567.124023,40000.0,20137.464844,40000.0,7179.206055,5468.814453,5224.661621,3598.353027,57269.765753,-10341.029853,26676.553434,0,true,true,1.0,-311.584478,0,0.0,0.0,1.0
12,4205,26.85,31041.722949,88408.955387,34471.001027,85973.323111,39434.945729,-1540.823581,-1987.922792,-617.307573,1.81052,-4.7635,-128.19632,0.0,0.0,1.0,0.0,0.0,0.0,0,0,0,0,0,0,0,0,0,0,0,0,0,0,0,40000.0,7791.699219,40000.0,31624.052734,16040.643555,18205.802734,25609.943359,5953.010254,18238.996094,40000.0,21459.710938,24496.316406,10608.017578,13473.994141,40000.0,19326.798828,10820.52832,10663.980469,40000.0,20128.148438,40000.0,6890.036133,5311.135254,5137.996582,3565.054199,57128.113389,-10350.68121,26698.644374,0,true,true,1.0,-311.574478,0,0.0,0.0,1.0
12,4206,26.9,31127.343145,-81736.298532,34581.376595,-82754.699706,39470.10151,-1546.879238,-1993.180369,-643.619605,1.860149,-4.77181,-128.216522,0.0,0.0,1.0,0.0,0.0,0.0,0,0,0,0,0,0,0,0,0,0,0,0,0,0,0,40000.0,7661.14502,40000.0,31644.830078,16037.448242,18188.832031,25355.324219,5954.137207,18347.720703,40000.0,21672.783203,24564.904297,10750.853516,13741.423828,40000.0,19352.257812,10912.00293,10762.27832,40000.0,20117.802734,40000.0,6665.720703,5181.0,5047.266113,3529.898438,56985.402991,-10354.994886,26722.274032,0,true,true,1.0,-311.564478,0,0.0,0.0,1.0
12,4207,26.95,31192.163931,88344.134601,34664.847174,85889.852533,39497.54963,-1550.139782,-1995.521391,-662.262319,1.89028,-4.774352,-128.230759,0.0,0.0,1.0,0.0,0.0,-0.069993,0,0,0,0,0,0,0,0,0,0,0,0,0,0,0,40000.0,7562.32666,40000.0,31659.847656,16034.824219,18268.953125,25024.306641,6094.237305,7916.245605,40000.0,21833.5,24617.371094,10858.759766,13944.462891,40000.0,19435.519531,10981.144531,10836.613281,40000.0,20109.873047,40000.0,6523.955566,5049.634766,4948.930664,3502.450439,56878.949582,-10355.824631,26738.55375,0,true,true,1.0,-311.554478,0,0.0,0.0,1.0
12,4208,27.0,31274.904038,-81819.038639,34771.283066,-82861.135598,39533.496903,-1557.791197,-2003.061896,-683.626524,1.924744,-4.757606,-128.26506,0.0,0.0,1.0,0.0,0.069993,0.0,0,0,0,0,0,0,0,0,0,0,0,0,0,0,0,40000.0,7436.348145,40000.0,31687.990234,16033.538086,18276.371094,24767.582031,6274.354004,7790.227051,40000.0,22045.195312,24673.580078,10997.750977,14185.509766,40000.0,19540.509766,11040.275391,10929.750977,40000.0,20098.064453,40000.0,6354.175293,4826.495117,4823.137207,3466.503174,56755.170244,-10337.875388,26741.953798,0,true,true,1.0,-311.544478,0,0.0,0.0,1.0
12,4209,27.05,31361.187379,88257.851261,34882.143458,85778.99214,39572.055426,-1562.476968,-2006.577292,-704.46948,1.959308,-4.675164,-128.35405,0.0,0.0,1.0,0.0,0.139986,-0.069993,0,0,0,0,0,0,0,0,0,0,0,0,0,0,0,40000.0,7305.318848,40000.0,31747.0,16038.788086,18404.1875,24597.126953,6458.072754,7649.159668,40000.0,22288.34375,24696.568359,11147.145508,14377.165039,40000.0,19643.476562,10831.756836,11222.837891,40000.0,20080.224609,40000.0,6063.233887,4655.466309,4726.381348,3427.94458,56665.449051,-10262.010018,26685.30618,0,true,true,1.0,-311.534478,0,0.0,0.0,1.0
12,4210,27.1,31427.296699,-81885.14796,34966.981507,-82945.973648,39602.256072,-1567.659402,-2011.021435,-718.742191,1.98595,-4.575296,-128.452271,0.0,0.0,1.0,0.0,0.0,-0.069993,0,0,0,0,0,0,0,0,0,0,0,0,0,0,0,40000.0,7205.172852,40000.0,31809.376953,16046.652344,18511.425781,24203.912109,6582.023438,7612.184082,40000.0,22487.873047,24694.214844,11264.267578,14489.442383,40000.0,19722.126953,10807.106445,11288.979492,40000.0,20063.542969,40000.0,5899.889648,4525.891602,4649.31543,3397.743896,56618.723495,-10172.232036,26608.014554,0,true,true,1.0,-311.524478,0,0.0,0.0,1.0
12,4211,27.15,31511.591232,88173.556727,35075.317863,85670.655784,39636.790425,-1536.412092,-1976.745897,-584.383011,2.019187,-4.444351,-128.582657,1.0,0.0,1.0,0.0,0.069993,0.0,0,0,0,0,0,0,0,0,0,0,0,0,0,0,0,40000.0,7077.410645,40000.0,31892.361328,16057.948242,18650.455078,23874.560547,6778.18457,7419.780273,40000.0,22746.138672,24688.117188,11414.65918,14624.578125,40000.0,19822.386719,10899.165039,11372.882812,40000.0,20042.166016,40000.0,5756.276855,4360.378418,4551.134766,3363.209473,56561.458711,-10052.387404,26502.758437,0,true,true,1.0,-311.514478,0,0.0,0.0,1.0
12,4212,27.2,31574.783482,-81948.340209,35156.730579,-83027.386363,39658.388517,-1512.807733,-1950.276832,-489.557036,2.040145,-4.359324,-128.667618,1.0,0.0,1.0,0.0,0.0,0.0,0,0,0,0,0,0,0,0,0,0,0,0,0,0,0,40000.0,7052.109863,32108.974609,31947.550781,16063.814453,18156.708984,23774.628906,6963.279297,7312.332031,40000.0,22935.386719,24691.855469,11526.713867,14738.032227,40000.0,19898.628906,10962.954102,11437.294922,40000.0,20027.546875,40000.0,5606.063477,4257.304688,4479.457031,3341.611572,56510.243812,-9974.488559,26432.914623,0,true,true,1.0,-311.504478,0,0.0,0.0,1.0
12,4213,27.25,31655.808524,88092.531685,35261.3404,85566.045963,39680.827963,-1489.703941,-1924.967477,-372.950003,2.063715,-4.259573,-128.766281,1.0,0.0,1.0,0.0,0.0,0.0,0,0,0,0,0,0,0,0,0,0,0,0,0,0,0,40000.0,6928.685059,31585.919922,40000.0,16070.579102,17477.228516,23344.208984,7150.366699,7177.058594,40000.0,23091.519531,24703.3125,11669.945312,14892.527344,40000.0,19997.279297,11045.426758,11521.110352,40000.0,20010.009766,40000.0,5325.740234,4130.143066,4389.198242,3319.172119,56438.58087,-9884.161655,26347.676104,0,true,true,1.0,-311.494478,0,0.0,0.0,1.0
12,4214,27.3,31732.860929,-82025.392614,35361.030925,-83127.076888,39696.837959,-1470.191929,-1903.510374,-268.03684,2.083335,-4.172844,-128.852112,1.0,0.0,1.0,0.0,0.0,0.0,0,0,0,0,0,0,0,0,0,0,0,0,0,0,0,40000.0,6811.055176,31270.736328,40000.0,16075.900391,18410.523438,23071.4375,7328.013672,7050.381348,40000.0,23206.001953,24719.310547,11805.894531,15046.030273,40000.0,20091.845703,11124.428711,11601.818359,40000.0,19994.253906,40000.0,5127.589355,3975.455078,4378.478027,3303.162109,56365.385515,-9805.644127,26269.731078,0,true,true,1.0,-311.484478,0,0.0,0.0,1.0
12,4215,27.35,31813.751537,88011.641077,35465.764989,85461.311899,39709.903504,-1462.917026,-1891.930808,-248.636615,2.099815,-4.095938,-128.92778,0.0,0.0,1.0,0.0,0.0,0.0,0,0,0,0,0,0,0,0,0,0,0,0,0,0,0,40000.0,6616.608887,30737.580078,40000.0,16079.572266,16179.834961,22795.341797,7513.211914,6965.104492,40000.0,23326.185547,24745.425781,11947.527344,15221.022461,40000.0,20192.099609,11208.089844,11688.076172,40000.0,19979.125,40000.0,4991.583496,3755.095947,4291.540039,3290.096436,56279.75232,-9736.711074,26198.396793,0,true,true,1.0,-311.474478,0,0.0,0.0,1.0
12,4216,27.4,31872.324512,-82083.965589,35541.371828,-83202.683727,39720.780888,-1476.605415,-1904.24518,-286.044655,2.109374,-4.051547,-128.9729,0.0,0.0,1.0,0.0,0.0,0.0,0,0,0,0,0,0,0,0,0,0,0,0,0,0,0,40000.0,6527.201172,30429.314453,40000.0,16081.178711,15727.322266,22604.150391,7607.095215,6795.101074,40000.0,23413.158203,24770.640625,12049.009766,15357.461914,40000.0,20265.089844,11225.295898,11751.291016,40000.0,19968.992188,40000.0,4763.630371,3636.311279,4229.342285,3279.218994,56211.016942,-9695.994051,26159.37581,0,true,true,1.0,-311.464478,0,0.0,0.0,1.0
12,4217,27.45,31950.679388,87933.286201,35642.190549,85360.493178,39737.484562,-1488.343862,-1912.499401,-334.623061,2.118906,-4.007096,-129.018051,0.0,0.0,1.0,0.0,0.0,0.0,0,0,0,0,0,0,0,0,0,0,0,0,0,0,0,40000.0,6407.776855,30048.857422,40000.0,16081.52832,15144.106445,22368.283203,7849.118652,6676.817871,40000.0,23529.222656,24814.306641,12182.987305,15547.291992,40000.0,20363.306641,10936.491211,11828.378906,40000.0,19956.570312,40000.0,4556.765137,3476.901367,4110.388184,3262.515381,56109.885635,-9655.990777,26123.982933,0,true,true,1.0,-311.454478,0,0.0,0.0,1.0
12,4218,27.5,32028.452607,-82161.738808,35741.917843,-83302.411021,39756.25185,-1503.05405,-1924.967439,-377.025399,2.125743,-3.9751,-129.050552,0.0,0.0,1.0,0.0,0.0,0.0,0,0,0,0,0,0,0,0,0,0,0,0,0,0,0,40000.0,6289.460938,29766.613281,40000.0,16080.472656,14582.791016,22262.941406,7995.417969,6562.539551,40000.0,23644.208984,24865.628906,12314.417969,15744.709961,40000.0,20461.169922,11025.853516,12362.136719,40000.0,19945.128906,40000.0,4381.659668,3318.364746,3995.700684,3243.748047,56002.116548,-9627.98632,26102.93077,0,true,true,1.0,-311.444478,0,0.0,0.0,1.0
12,4219,27.55,32112.814744,87848.924064,35849.731356,85252.679664,39778.913309,-1513.059911,-1931.27884,-420.8505,2.130588,-3.952375,-129.073624,0.0,0.0,1.0,0.0,0.0,0.0,0,0,0,0,0,0,0,0,0,0,0,0,0,0,0,40000.0,6161.364258,29282.597656,40000.0,16077.946289,14211.736328,21883.666016,8181.083008,6514.800781,40000.0,23768.634766,24929.25,12455.382812,15985.475586,40000.0,20567.664062,11114.245117,12456.242188,19703.607422,19933.566406,6647.884277,4200.206543,3199.702393,3910.774414,3221.08667,55877.960135,-9609.107635,26094.094411,0,true,true,1.0,-311.434478,0,0.0,0.0,1.0
12,4220,27.6,32172.842099,-82221.766163,35926.236346,-83378.91601,39796.26892,-1522.562258,-1939.089319,-448.532004,2.133406,-3.936719,-129.087006,0.0,0.0,1.0,0.0,0.0,0.0,0,0,0,0,0,0,0,0,0,0,0,0,0,0,0,40000.0,6070.374023,29048.849609,40000.0,16075.819336,14208.775391,21713.005859,8312.672852,6618.685547,40000.0,23858.03125,24976.472656,12555.125977,16159.916016,40000.0,20643.341797,11177.024414,12523.258789,19696.763672,19925.447266,6421.238281,3965.412598,3093.416992,3850.57251,3203.731201,55788.999786,-9598.425577,26089.572447,0,true,true,1.0,-311.424478,0,0.0,0.0,1.0
12,4221,27.65,32253.288541,87768.477622,36028.844551,85150.07146,39816.437225,-1496.158407,-1910.021318,-336.185013,2.136539,-3.918748,-129.103439,1.0,0.0,1.0,0.0,0.0,0.0,0,0,0,0,0,0,0,0,0,0,0,0,0,0,0,40000.0,5948.350586,28679.515625,40000.0,16072.772461,14204.745117,21485.373047,40000.0,6758.138184,40000.0,24070.955078,25040.740234,12688.785156,16394.910156,40000.0,20744.962891,11261.316406,13052.15332,19687.679688,19914.748047,6047.209961,3750.480469,2966.155762,3770.132324,3183.562744,55668.312618,-9585.442436,26083.462095,0,true,true,1.0,-311.414478,0,0.0,0.0,1.0
12,4222,27.7,32347.831257,-82316.308879,36149.743839,-83499.815299,39833.075552,-1457.926283,-1866.210896,-217.228773,2.138935,-3.905641,-129.117218,1.0,0.0,1.0,0.0,0.0,0.0,0,0,0,0,0,0,0,0,0,0,0,0,0,0,0,40000.0,5804.608887,28570.326172,40000.0,16068.251953,14199.592773,21356.591797,40000.0,6922.404297,40000.0,24305.253906,25119.673828,12845.703125,16676.78125,40000.0,20983.941406,11360.958008,13158.919922,19677.207031,19902.894531,5760.402344,3571.593262,2870.389404,3749.613281,3166.924561,55522.193792,-9575.434376,26077.023989,0,true,true,1.0,-311.404478,0,0.0,0.0,1.0
12,4223,27.75,32407.0396,87709.269279,36225.614127,85074.201171,39839.71151,-1450.485379,-1859.648357,-140.434616,2.140209,-3.898659,-129.124557,1.0,0.0,1.0,0.0,0.0,0.0,0,0,0,0,0,0,0,0,0,0,0,0,0,0,0,40000.0,5714.424316,28501.458984,40000.0,16065.141602,14196.21582,21191.662109,40000.0,7024.447754,40000.0,24451.701172,25169.794922,12944.026367,16854.458984,40000.0,21050.714844,11423.556641,13226.089844,19670.748047,19884.605469,5383.743652,3337.56958,2781.148682,3691.0625,3160.288574,55430.062695,-9570.387757,26070.40361,0,true,true,1.0,-311.394478,0,0.0,0.0,1.0
12,4224,27.8,32465.389159,-82374.658438,36300.285779,-83574.48695,39846.482396,-1465.371223,-1873.601697,-183.662555,2.141195,-3.893261,-129.130234,0.0,0.0,1.0,0.0,0.0,0.0,0,0,0,0,0,0,0,0,0,0,0,0,0,0,0,40000.0,5625.628906,28433.648438,40000.0,16061.935547,14192.881836,20894.820312,40000.0,7125.358398,40000.0,24595.109375,25220.236328,13040.65332,17072.826172,40000.0,21115.794922,11485.226562,13283.683594,19664.283203,34550.5625,5249.543457,3180.606201,2736.557617,3633.469482,3153.517578,55338.410477,-9566.865269,26065.541757,0,true,true,1.0,-311.384478,0,0.0,0.0,1.0
12,4225,27.85,32547.646644,87627.011794,36405.22463,84969.26232,39858.853906,-1476.653491,-1881.389126,-244.06168,2.142174,-3.887888,-129.13588,0.0,0.0,1.0,0.0,0.0,0.0,0,0,0,0,0,0,0,0,0,0,0,0,0,0,0,40000.0,5500.749512,28362.380859,40000.0,16057.286133,14188.25,20669.660156,40000.0,7235.632812,40000.0,24795.730469,25293.083984,13176.251953,24607.660156,40000.0,21203.935547,11571.938477,31573.554688,19654.980469,34494.566406,4775.112793,3000.744141,2674.353516,3531.811279,3141.145996,55207.884614,-9564.056818,26063.670281,0,true,true,1.0,-311.374478,0,0.0,0.0,1.0
12,4226,27.9,32626.577425,-82453.589219,36505.596064,-83674.858384,39873.419239,-1493.954692,-1897.649215,-293.2493,2.14287,-3.884069,-129.139893,0.0,0.0,1.0,0.0,0.0,0.0,0,0,0,0,0,0,0,0,0,0,0,0,0,0,0,40000.0,5381.223633,28264.484375,40000.0,16052.90625,14183.987305,20461.609375,40000.0,7371.572754,40000.0,24987.097656,25364.011719,13305.854492,24729.927734,40000.0,21285.291016,11654.883789,31667.507812,19646.359375,34479.777344,4433.833984,2822.625977,2623.125244,3413.231934,3126.580811,55081.879571,-9562.611424,26065.866105,0,true,true,1.0,-311.364478,0,0.0,0.0,1.0
12,4227,27.95,32705.430193,87548.159026,36605.914413,84868.943972,39885.68196,-1468.841636,-1870.437888,-193.640088,2.143378,-3.879035,-129.142776,1.0,0.0,1.0,0.0,0.0,0.0,0,0,0,0,0,0,0,0,0,0,0,0,0,0,0,40000.0,5261.746582,5474.533203,40000.0,16048.297852,14179.608398,20376.816406,40000.0,7507.304199,40000.0,25177.691406,25433.935547,13435.223633,24852.052734,40000.0,21369.208984,11694.064453,31734.734375,19636.742188,34432.195312,4154.713867,2536.091064,2611.301025,3323.591797,3114.318115,54956.511758,-9562.115504,26064.600918,0,true,true,1.0,-311.354478,0,0.0,0.0,1.0
12,4228,28.0,32765.384237,-82513.543263,36682.320808,-83751.26478,39892.108712,-1463.189038,-1864.082696,-157.963392,2.143675,-3.871971,-129.144363,0.0,0.0,1.0,0.0,0.0,0.0,0,0,0,0,0,0,0,0,0,0,0,0,0,0,0,40000.0,5170.748535,5219.284668,40000.0,16044.549805,14176.107422,20214.335938,40000.0,7641.680176,40000.0,25322.445312,25501.556641,13533.720703,24944.919922,40000.0,21436.960938,11615.376953,31806.513672,19629.757812,34345.386719,3832.384033,2374.860596,2563.861572,3264.651367,3107.891357,54862.686287,-9562.159012,26057.645317,0,true,true,1.0,-311.344478,0,0.0,0.0,1.0
12,4229,28.05,32848.275613,87465.26765,36787.704092,84763.560688,39903.21954,-1477.7929,-1876.530675,-219.442206,2.14397,-3.863493,-129.145905,0.0,0.0,1.0,0.0,0.0,0.0,0,0,0,0,0,0,0,0,0,0,0,0,0,0,0,40000.0,5045.185059,5094.222168,40000.0,16039.466797,14171.407227,19855.152344,36854.511719,7784.181152,9467.422852,25521.884766,25635.212891,13669.396484,25073.095703,40000.0,21527.914062,11702.349609,31905.691406,19619.982422,34288.285156,3573.197754,2243.824463,2447.060059,3183.103271,3096.780518,54732.321067,-9562.780846,26051.52348,0,true,true,1.0,-311.334478,0,0.0,0.0,1.0
12,4230,28.1,32913.527113,-82578.794763,36870.431342,-83833.99203,39914.195803,-1489.401157,-1886.856548,-263.362903,2.144131,-3.858853,-129.146759,0.0,0.0,1.0,0.0,0.0,0.0,0,0,0,0,0,0,0,0,0,0,0,0,0,0,0,40000.0,4946.575195,4995.832031,40000.0,16035.588867,14167.845703,19679.785156,36529.503906,7896.230957,9311.310547,25678.369141,25731.697266,13775.925781,25173.828125,40000.0,21607.134766,11770.725586,31983.685547,19612.1875,34271.648438,3191.070068,2120.733887,2397.676758,3118.841553,3085.804199,54628.733243,-9563.620311,26050.905411,0,true,true,1.0,-311.324478,0,0.0,0.0,1.0
12,4231,28.15,32999.134156,87379.660607,36979.081984,84654.910046,39925.617176,-1463.499162,-1859.455891,-157.082043,2.144288,-3.854339,-129.147583,1.0,0.0,1.0,0.0,0.0,0.0,0,0,0,0,0,0,0,0,0,0,0,0,0,0,0,40000.0,4817.095703,4866.889648,40000.0,15714.189453,14163.136719,19501.662109,35833.0,8043.282715,9186.305664,25883.787109,25858.398438,13915.805664,25306.101562,40000.0,21708.378906,11860.576172,32089.513672,19602.064453,34229.953125,2941.227295,2031.202637,2332.945068,3107.856689,3074.382812,54492.174099,-9565.001538,26048.631531,0,true,true,1.0,-311.314478,0,0.0,0.0,1.0
12,4232,28.2,33060.727568,-82640.388175,37057.413848,-83912.323894,39930.671234,-1458.089091,-1853.816885,-120.058418,2.144373,-3.851882,-129.148026,0.0,0.0,1.0,0.0,0.0,0.0,0,0,0,0,0,0,0,0,0,0,0,0,0,0,0,40000.0,4723.785156,4773.969238,40000.0,15710.352539,14159.65625,19419.308594,35526.34375,8149.157227,9038.525391,26031.732422,25949.666016,14016.621094,25401.458984,40000.0,21787.490234,11925.395508,32160.326172,19594.90625,34142.042969,2553.457764,1965.860962,2312.628662,3047.345459,3069.328857,54393.62519,-9566.136737,26044.590389,0,true,true,1.0,-311.304478,0,0.0,0.0,1.0
12,4233,28.25,33138.315997,87302.072177,37155.876541,84556.447353,39939.048779,-1471.841586,-1865.809424,-181.010762,2.144763,-3.849089,-129.152954,0.0,0.0,1.0,0.0,0.0,0.0,0,0,0,0,0,0,0,0,0,0,0,0,0,0,0,40000.0,4677.209961,4586.614258,40000.0,15706.34375,14155.677734,19073.042969,35135.378906,8282.84082,8831.126953,26220.259766,26064.242188,14143.980469,25521.511719,40000.0,21892.119141,12006.697266,32279.125,19585.878906,34089.144531,2217.986816,1915.371948,2283.947754,2966.239502,3060.951172,54270.025511,-9563.396794,26041.97488,0,true,true,1.0,-311.294478,0,0.0,0.0,1.0
12,4234,28.3,33215.195029,-82717.267206,37253.365112,-84009.812464,39947.399381,-1460.583344,-1853.975869,-124.908598,2.145044,-3.847078,-129.156509,1.0,0.0,1.0,0.0,0.0,0.0,0,0,0,0,0,0,0,0,0,0,0,0,0,0,0,40000.0,4561.059082,4470.891113,40000.0,15702.237305,14151.71582,18865.162109,34801.945312,8383.960938,8646.209961,26406.269531,26177.830078,14269.932617,25640.382812,40000.0,21989.429688,12087.235352,32370.457031,19576.867188,5934.359375,1920.637573,1884.080078,2210.015381,2850.900146,3052.600586,54147.061065,-9561.937848,26040.120451,0,true,true,1.0,-311.284478,0,0.0,0.0,1.0
12,4235,28.35,33275.793183,87241.474023,37330.389691,84479.422773,39950.715763,-1441.585092,-1833.589063,-57.163716,2.1452,-3.84596,-129.158478,1.0,0.0,1.0,0.0,0.0,0.0,0,0,0,0,0,0,0,0,0,0,0,0,0,0,0,40000.0,4469.320801,4379.510254,40000.0,15698.749023,14148.40332,18701.441406,34439.574219,8488.276367,8520.172852,26552.689453,26267.519531,14369.31543,25734.242188,40000.0,22066.355469,12150.930664,32442.886719,19569.878906,5267.732422,1768.699707,1874.389893,2123.610596,2762.041992,3049.28418,54049.878143,-9561.577003,26035.806854,0,true,true,1.0,-311.274478,0,0.0,0.0,1.0
12,4236,28.4,33352.52465,-82793.998673,37428.030752,-84107.453525,39952.475871,-1443.763896,-1835.601916,-49.306183,2.145355,-3.844851,-129.160431,0.0,0.0,1.0,0.0,0.0,0.0,0,0,0,0,0,0,0,0,0,0,0,0,0,0,0,40000.0,4353.046387,4263.701172,40000.0,15694.174805,14215.834961,18550.076172,34127.707031,8620.375,8255.845703,26738.027344,26381.1875,14495.21582,25853.158203,40000.0,22163.900391,12231.713867,32486.929688,19561.048828,4250.695312,1703.555054,1806.668945,2065.668457,2686.631592,3047.52417,53926.678155,-9561.62369,26028.18015,0,true,true,1.0,-311.264478,0,0.0,0.0,1.0
12,4237,28.45,33430.602187,87163.396486,37527.107232,84380.346293,39957.416775,-1458.858639,-1849.153081,-116.798575,2.145466,-3.844055,-129.161835,0.0,0.0,1.0,0.0,0.0,0.0,0,0,0,0,0,0,0,0,0,0,0,0,0,0,0,40000.0,4234.996582,4146.137695,40000.0,15689.642578,14333.026367,18419.568359,33665.75,8786.258789,8068.990723,26925.894531,26496.810547,14622.938477,25973.925781,40000.0,22262.90625,12313.789062,32580.419922,19551.898438,2997.438232,1609.566772,1725.432861,2006.630737,2609.8125,3042.583252,53801.079279,-9562.181542,26023.878764,0,true,true,1.0,-311.254478,0,0.0,0.0,1.0
12,4238,28.5,33512.5105,-82875.906985,37630.977264,-84211.323557,39962.741568,-1442.219498,-1830.87974,-61.263545,2.145545,-3.843488,-129.162842,1.0,0.0,1.0,0.0,0.0,0.0,0,0,0,0,0,0,0,0,0,0,0,0,0,0,0,40000.0,4111.216309,4022.877441,40000.0,15684.869141,14419.678711,18064.246094,33462.195312,8927.008789,7873.671875,27122.576172,26618.087891,14756.791992,26100.548828,40000.0,13301.322266,12585.277344,32678.5625,19542.255859,1880.765991,1559.897949,1672.180298,2000.981445,2529.226074,3037.258545,53669.166519,-9563.185422,26019.751578,0,true,true,1.0,-311.244478,0,0.0,0.0,1.0
12,4239,28.55,33570.547729,87105.359256,37704.713212,84306.610346,39963.974839,-1440.046723,-1828.967297,-36.563514,2.145588,-3.843177,-129.163391,0.0,0.0,1.0,0.0,0.0,0.0,0,0,0,0,0,0,0,0,0,0,0,0,0,0,0,40000.0,4023.374756,3935.408447,40000.0,15681.364258,14416.459961,17908.283203,32970.230469,9026.791992,7945.377441,40000.0,26704.097656,14851.771484,26190.396484,40000.0,13369.946289,12646.302734,32748.298828,19535.488281,1581.590942,1559.99646,1645.925049,1957.144653,2472.200684,3036.025146,53575.696943,-9564.041,26014.364691,0,true,true,1.0,-311.234478,0,0.0,0.0,1.0
12,4240,28.6,33649.283261,-82954.642518,37804.523622,-84311.133967,39968.272217,-1457.573391,-1845.69151,-104.448549,2.145631,-3.842867,-129.16394,0.0,0.0,1.0,0.0,0.0,0.0,0,0,0,0,0,0,0,0,0,0,0,0,0,0,0,40000.0,3904.420654,3816.963379,40000.0,15676.744141,14412.262695,17697.232422,32580.013672,9187.210938,8064.236816,40000.0,26820.699219,14980.34668,26312.078125,40000.0,13452.014648,12728.87793,32842.882812,19526.189453,1495.727661,1522.147583,1631.703491,1879.772095,2467.959717,3031.727783,53448.806829,-9565.351406,26009.790552,0,true,true,1.0,-311.224478,0,0.0,0.0,1.0
12,4241,28.65,33709.777627,87044.864891,37881.018761,84230.115206,39973.927104,-1470.078054,-1857.647881,-152.482572,2.145818,-3.842598,-129.166656,0.0,0.0,1.0,0.0,0.0,0.0,0,0,0,0,0,0,0,0,0,0,0,0,0,0,0,40000.0,3813.234863,3726.128174,40000.0,15673.68457,14409.317383,17598.353516,32276.484375,9277.285156,8155.70166,40000.0,26910.017578,15079.254883,26405.421875,40000.0,13514.9375,12792.051758,40000.0,19519.029297,1441.708496,1440.239868,1576.251709,1795.436768,2408.237793,3026.072998,53351.662737,-9564.190074,26008.689096,0,true,true,1.0,-311.214478,0,0.0,0.0,1.0
12,4242,28.7,33796.759822,-83041.624712,37991.15212,-84421.267327,39979.345151,-1441.020078,-1826.698102,-55.302393,2.147407,-3.847099,-129.190308,1.0,0.0,1.0,0.0,-0.069993,-0.069993,0,0,0,0,0,0,0,0,0,0,0,0,0,0,0,40000.0,3682.189697,3665.728027,40000.0,15683.685547,14406.296875,17500.310547,31802.662109,40000.0,8288.277344,40000.0,27037.125,15224.638672,26540.53125,40000.0,13606.132812,12882.405273,40000.0,19509.492188,1388.950806,1387.385132,1487.049072,1729.094727,2299.750488,3020.654785,53212.753053,-9544.417043,26009.611686,0,true,true,1.0,-311.204478,0,0.0,0.0,1.0
12,4243,28.75,33866.687625,86974.937087,38079.900879,84141.366447,39980.119514,-1437.007844,-1823.195886,-17.913109,2.148708,-3.853231,-129.209641,0.0,0.0,1.0,0.0,0.0,0.0,0,0,0,0,0,0,0,0,0,0,0,0,0,0,0,40000.0,3576.635742,3560.331055,40000.0,25807.621094,14403.767578,17571.136719,31513.943359,40000.0,8395.018555,40000.0,27139.423828,15341.897461,26649.443359,40000.0,13679.710938,12955.263672,40000.0,1506.411987,1391.804199,1345.755981,1441.439209,1675.862305,2194.760742,3019.880371,53100.044266,-9528.394547,26009.087169,0,true,true,1.0,-311.194478,0,0.0,0.0,1.0
12,4244,28.8,33943.481915,-83118.419002,38177.147928,-84518.514375,39983.303932,-1455.516601,-1841.125235,-85.148089,2.150201,-3.859432,-129.231812,0.0,0.0,1.0,0.0,0.0,0.0,0,0,0,0,0,0,0,0,0,0,0,0,0,0,0,40000.0,3460.920654,3444.794434,3678.445312,25821.601562,14401.217773,17567.261719,31002.875,40000.0,8512.21875,40000.0,27251.574219,15470.612305,26768.867188,40000.0,13760.326172,13035.023438,40000.0,1397.072266,1301.995361,1343.457153,1429.852295,1673.579224,2102.134033,3016.696045,52976.657652,-9509.954476,26010.364041,0,true,true,1.0,-311.184478,0,0.0,0.0,1.0
12,4245,28.85,34007.409423,86911.009579,38257.940851,84060.573524,39987.82244,-1451.008938,-1834.414105,-92.288417,2.151498,-3.863058,-129.251038,1.0,0.0,1.0,0.0,0.0,-0.069993,0,0,0,0,0,0,0,0,0,0,0,0,0,0,0,40000.0,3364.73999,3278.30542,3575.574219,25833.558594,14399.233398,17632.537109,30847.169922,40000.0,8609.761719,40000.0,27331.5,15577.71582,26868.115234,40000.0,13416.061523,13101.204102,40000.0,1355.479858,1261.19751,1280.052979,1397.869019,1624.793823,2038.380615,3012.17749,52874.760717,-9493.866661,26011.889789,0,true,true,1.0,-311.174478,0,0.0,0.0,1.0
12,4246,28.9,34085.058285,-83196.067863,38356.271031,-84616.844555,39989.713329,-1438.660872,-1823.606537,-1.959308,2.153972,-3.866905,-129.28772,1.0,0.0,1.0,0.0,0.0,-0.069993,0,0,0,0,0,0,0,0,0,0,0,0,0,0,0,40000.0,3177.081787,3161.403564,3449.945557,25851.9375,14397.520508,17714.341797,30211.476562,40000.0,8701.142578,40000.0,27398.240234,15710.110352,26989.240234,40000.0,13505.865234,13181.293945,1592.49585,1353.73584,1214.130493,1212.219116,1318.198608,1548.218262,1960.519653,3010.286621,52753.300768,-9462.166735,26010.067075,0,true,true,1.0,-311.164478,0,0.0,0.0,1.0
12,4247,28.95,34143.818952,86852.248911,38430.63078,83986.213774,39991.329114,-1448.899796,-1832.039191,-57.733135,2.156631,-3.876495,-129.327103,0.0,0.0,1.0,0.0,-0.069993,-0.139986,0,0,0,0,0,0,0,0,0,0,0,0,0,0,0,40000.0,3088.752686,3072.954102,3279.686523,25869.617188,14397.12207,17778.658203,29850.927734,40000.0,8835.771484,40000.0,27426.923828,15812.223633,27081.431641,40000.0,13568.164062,13241.535156,1479.0802,1300.394653,1223.755249,1176.466431,1260.130615,1464.014404,1901.179443,3008.670898,52660.038199,-9427.842428,26015.397215,0,true,true,1.0,-311.154478,0,0.0,0.0,1.0
12,4248,29.0,34220.044607,-83272.293518,38526.827433,-84713.041208,39996.417946,-1467.274679,-1849.585593,-120.729488,2.16113,-3.899981,-129.393478,0.0,0.0,1.0,0.0,0.0,0.0,0,0,0,0,0,0,0,0,0,0,0,0,0,0,0,40000.0,2974.560791,2958.443115,3156.449219,25897.744141,14397.916992,17947.638672,29531.296875,40000.0,8938.051758,40000.0,27454.410156,15947.111328,27201.642578,40000.0,13649.325195,13311.016602,1422.146606,1217.837158,1154.0802,1175.133789,1209.963135,1405.15979,1823.634644,3003.582031,52536.174225,-9369.847556,26035.912892,0,true,true,1.0,-311.144478,0,0.0,0.0,1.0
12,4249,29.05,34301.755978,86770.53754,38629.998717,83883.042491,40000.021499,-1443.786066,-1824.692723,-30.01349,2.165213,-3.92085,-129.453369,1.0,0.0,1.0,0.0,0.0,0.0,0,0,0,0,0,0,0,0,0,0,0,0,0,0,0,40000.0,2851.952148,2835.718018,3024.626465,25924.392578,14397.993164,13663.881836,28889.53125,40000.0,9049.619141,40000.0,27491.166016,16090.135742,27330.128906,40000.0,13736.057617,13808.029297,1417.654907,1186.258057,1082.761963,1135.464111,1182.04248,1342.392822,1813.960449,2999.978516,52403.752006,-9318.080476,26051.611055,0,true,true,1.0,-311.134478,0,0.0,0.0,1.0
12,4250,29.1,34361.363957,-83331.901497,38705.306548,-84788.34904,40001.131298,-1448.25301,-1827.994537,-45.120297,2.168053,-3.933398,-129.494858,0.0,0.0,1.0,0.0,0.0,-0.069993,0,0,0,0,0,0,0,0,0,0,0,0,0,0,0,40000.0,2762.414307,2746.165771,2928.516113,25943.095703,14397.849609,13671.9375,28511.03125,40000.0,9157.795898,40000.0,27404.59375,16194.241211,27423.746094,40000.0,13799.294922,13868.953125,1376.010498,1174.877319,1046.596069,1043.953857,1165.571167,1296.715454,1754.006104,2998.868652,52308.097611,-9282.380236,26058.963376,0,true,true,1.0,-311.124478,0,0.0,0.0,1.0
12,4251,29.15,34446.316371,86685.585126,38812.276405,83776.072635,40006.487451,-1462.074378,-1838.411158,-120.551262,2.172829,-3.952336,-129.564346,0.0,0.0,1.0,0.0,0.0,-0.139986,0,0,0,0,0,0,0,0,0,0,0,0,0,0,0,40000.0,2635.196289,2618.859131,2791.811035,25973.248047,14113.012695,13668.114258,27989.353516,40000.0,9290.149414,40000.0,27371.8125,16344.060547,27557.300781,40000.0,13889.40332,1641.245239,1252.012939,1071.004395,1040.214478,992.13501,1084.425659,1287.413086,1647.105713,2993.512451,52172.743423,-9222.280309,26074.469454,0,true,true,1.0,-311.114478,0,0.0,0.0,1.0
12,4252,29.2,34508.885383,-83394.470509,38890.944728,-84867.017363,40010.993018,-1457.611868,-1833.774777,-81.785919,2.177755,-3.967355,-129.635712,1.0,0.0,1.0,0.0,-0.069993,-0.139986,0,0,0,0,0,0,0,0,0,0,0,0,0,0,0,40000.0,2541.724365,2525.137695,2690.9646,26203.501953,14114.87207,13665.37207,27576.140625,40000.0,9388.799805,40000.0,27383.318359,16457.722656,27656.310547,40000.0,13956.268555,1580.867065,1239.19812,1030.439575,977.390869,958.6427,1020.197205,1236.132935,1553.452148,2989.00708,52075.434407,-9159.909284,26088.065204,0,true,true,1.0,-311.104478,0,0.0,0.0,1.0
12,4253,29.25,34592.328263,86602.142247,38996.014842,83671.002521,40013.130241,-1445.965586,-1819.757149,-37.972021,2.188839,-4.002881,-129.79541,0.0,0.0,1.0,0.0,-0.069993,-0.279972,0,0,0,0,0,0,0,0,0,0,0,0,0,0,0,40000.0,2417.338623,2399.800781,2603.614258,26602.095703,14121.706055,13661.796875,27159.650391,40000.0,9524.446289,40000.0,27356.697266,16620.728516,27791.371094,40000.0,14047.780273,1577.455444,1213.465698,1025.611572,906.420837,947.988037,964.875061,1117.797241,1445.373047,2986.869873,51947.570308,-9019.299484,26118.505424,0,true,true,1.0,-311.094478,0,0.0,0.0,1.0
12,4254,29.3,34671.063561,-83473.205807,39094.833326,-84965.835848,40017.387892,-1466.967627,-1838.099852,-104.612172,2.202213,-4.047111,-129.986221,0.0,0.0,1.0,0.0,0.0,0.0,0,0,0,0,0,0,0,0,0,0,0,0,0,0,0,40000.0,2300.486572,2352.101807,2502.375,2883.153809,14131.297852,13658.890625,26547.501953,40000.0,9655.091797,40000.0,27306.386719,16781.730469,27920.646484,40000.0,13723.445312,1429.050293,1085.715698,943.483276,863.608582,854.625366,939.947632,1055.845459,1362.911743,2982.612061,51827.17677,-8851.35122,26160.408294,0,true,true,1.0,-311.084478,0,0.0,0.0,1.0
12,4255,29.35,34734.448595,86538.757212,39174.064034,83591.771813,40023.378667,-1476.615129,-1843.567917,-157.6771,2.210327,-4.072907,-130.100967,0.0,0.0,1.0,0.0,0.0,0.0,0,0,0,0,0,0,0,0,0,0,0,0,0,0,0,40000.0,2206.374023,2257.588379,2325.666016,2677.526123,14136.623047,13656.71582,26134.892578,40000.0,9758.001953,40000.0,26714.703125,16904.755859,28022.859375,40000.0,13792.331055,1387.765259,1059.400513,885.147705,865.430359,815.764221,918.575378,1006.573608,1297.969971,2976.621338,51729.199282,-8751.29156,26186.386946,0,true,true,1.0,-311.074478,0,0.0,0.0,1.0
12,4256,29.4,34815.883804,-83554.641016,39275.694689,-85067.466503,40030.625013,-1466.629793,-1831.354606,-97.339829,2.221649,-4.10881,-130.259857,1.0,0.0,1.0,0.0,-0.069993,-0.139986,0,0,0,0,0,0,0,0,0,0,0,0,0,0,0,40000.0,2085.610352,2136.344238,2195.075928,2524.799561,14144.483398,13654.155273,25298.388672,40000.0,9891.160156,40000.0,26690.714844,17065.199219,28154.806641,40000.0,13889.193359,1365.444092,1034.622192,841.339722,770.445496,765.802856,840.579468,955.548828,1214.640869,2969.375,51603.400075,-8613.010261,26222.078238,0,true,true,1.0,-311.064478,0,0.0,0.0,1.0
12,4257,29.45,34873.614468,86481.026549,39347.823146,83519.643357,40032.726181,-1457.672883,-1821.674879,-30.933258,2.231664,-4.13652,-130.399307,1.0,0.0,1.0,0.0,0.0,-0.139986,0,0,0,0,0,0,0,0,0,0,0,0,0,0,0,40000.0,2000.020996,2050.273193,2102.223877,2416.008057,14151.927734,13652.430664,24844.654297,40000.0,9959.823242,40000.0,26657.210938,17184.173828,28249.775391,40000.0,2026.179443,1234.358398,934.012024,843.816833,735.291931,775.450439,778.243164,953.72998,1155.286499,2967.273926,51516.573333,-8491.381942,26247.217096,0,true,true,1.0,-311.054478,0,0.0,0.0,1.0
12,4258,29.5,34957.569947,-83638.596495,39452.520848,-85172.164204,40035.052736,-1465.225844,-1822.953795,-68.618915,2.247902,-4.174064,-130.623703,0.0,0.0,1.0,0.0,0.0,-0.139986,0,0,0,0,0,0,0,0,0,0,0,0,0,0,0,40000.0,1875.743896,1925.302979,1967.425781,2258.103027,14164.486328,13650.180664,24389.066406,40000.0,10101.547852,40000.0,26595.863281,17361.558594,28388.947266,40000.0,2005.15979,1206.68103,876.922729,740.292664,684.107666,721.813721,722.533386,889.973145,1139.953003,2964.947266,51393.959916,-8295.747368,26281.209016,0,true,true,1.0,-311.044478,0,0.0,0.0,1.0
12,4259,29.55,35040.7887,86397.807795,39555.780672,83416.383532,40039.797079,-1465.287475,-1817.725599,-60.369695,2.266191,-4.215137,-130.874084,1.0,0.0,1.0,0.0,0.0,-0.069993,0,0,0,0,0,0,0,0,0,0,0,0,0,0,0,40000.0,1753.077515,1801.970581,1834.427856,2119.252686,14180.453125,13648.682617,23521.451172,40000.0,10244.239258,40000.0,26519.353516,17534.066406,28528.365234,40000.0,1777.829102,1073.844849,866.736084,686.08728,678.644836,627.628052,689.718994,767.968994,1054.085693,2960.202881,51273.487218,-8077.790284,26321.66228,0,true,true,1.0,-311.034478,0,0.0,0.0,1.0
12,4260,29.6,35097.859951,-83695.667746,39626.584779,-85242.968311,40040.514484,-1454.298214,-1804.253481,0.969705,2.279476,-4.245029,-131.054459,1.0,0.0,1.0,0.0,0.0,0.0,0,0,0,0,0,0,0,0,0,0,0,0,0,0,0,39981.171875,1668.915649,1647.235229,1743.39502,2081.090576,2644.615234,13647.837891,23004.458984,40000.0,10371.273438,40000.0,26462.580078,17611.052734,28624.8125,39981.171875,1756.063599,1018.571838,765.699768,681.997375,608.827698,592.520264,677.143005,723.604431,995.136475,2959.485596,51190.721702,-7921.210816,26348.636909,0,true,true,1.0,-311.024478,0,0.0,0.0,1.0
12,4261,29.65,35180.346711,86315.321035,39728.90211,83314.066201,40037.537285,-1438.951664,-1784.58978,83.982244,2.294353,-4.286021,-131.254761,1.0,0.0,1.0,0.0,0.0,0.0,0,0,0,0,0,0,0,0,0,0,0,0,0,0,0,39639.332031,1546.829346,1525.326416,1687.032837,1844.285645,2339.479248,13646.605469,22408.697266,40000.0,10510.620117,40000.0,26417.867188,17726.984375,28761.787109,39639.332031,1563.57251,1014.173828,702.50293,648.401855,547.651001,579.05304,605.925293,660.321106,872.673218,2962.462646,51064.541135,-7749.264363,26379.367504,0,true,true,1.0,-311.014478,0,0.0,0.0,1.0
12,4262,29.7,35239.183513,-83754.504548,39801.68658,-85315.752781,40034.566642,-1446.570451,-1785.966229,51.871398,2.303534,-4.311153,-131.377396,0.0,0.0,1.0,0.0,0.0,0.0,0,0,0,0,0,0,0,0,0,0,0,0,0,0,0,39448.207031,1459.742432,1438.636719,1594.42334,1737.207275,2201.378174,13645.735352,22015.242188,40000.0,10608.775391,12423.748047,26398.5,17811.029297,28858.390625,39448.207031,1504.360107,876.760986,715.377197,555.5047,511.399414,550.704468,536.293213,615.454285,785.483643,2965.43335,50973.96964,-7644.816882,26395.97888,0,true,true,1.0,-311.004478,0,0.0,0.0,1.0
12,4263,29.75,35311.348486,86243.156062,39890.445674,83225.307107,40033.46142,-1447.538902,-1779.043148,30.61931,2.310445,-4.329955,-131.469208,1.0,0.0,1.0,0.0,0.0,0.0,0,0,0,0,0,0,0,0,0,0,0,0,0,0,0,39291.875,1424.371826,1332.925171,1482.055908,1607.991943,2036.070068,13643.68457,21825.841797,40000.0,10724.924805,12136.991211,26409.755859,17917.978516,28973.158203,39291.875,1345.163452,801.66156,600.094116,507.140991,512.172363,466.464996,488.951141,615.519043,714.54895,2966.538574,50861.765995,-7568.411147,26406.059206,0,true,true,1.0,-310.994478,0,0.0,0.0,1.0
12,4264,29.8,35393.225648,-83836.38171,39990.775728,-85416.082835,40031.893007,-1468.493774,-1794.178162,-1.508548,2.317143,-4.349324,-131.5578,0.0,0.0,1.0,0.0,-0.069993,0.0,0,0,0,0,0,0,0,0,0,0,0,0,0,0,0,39137.910156,1303.566772,1213.398193,1355.2229,1462.427612,1894.265991,13642.513672,21163.878906,40000.0,10855.607422,11186.822266,26431.9375,18040.201172,29102.271484,39137.910156,1256.566895,793.929443,535.158875,501.502045,415.735565,410.769867,435.231689,553.586792,635.231812,2968.106934,50733.796066,-7495.574122,26414.824906,0,true,true,1.0,-310.984478,0,0.0,0.0,1.0
12,4265,29.85,35479.849086,86156.532624,40096.092544,83119.99029,40034.973046,-1484.879824,-1800.209356,-83.768002,2.323339,-4.378685,-131.639313,0.0,0.0,1.0,0.0,-0.069993,0.0,0,0,0,0,0,0,0,0,0,0,0,0,0,0,0,38835.640625,1176.458252,1087.800171,1148.074463,1394.415649,1656.296143,13641.931641,20897.822266,40000.0,10993.045898,10329.235352,26463.373047,18170.123047,29237.910156,38835.640625,1050.299561,623.468323,524.56427,393.285004,361.579468,359.199402,425.88504,436.221222,551.411621,2965.026855,50593.063757,-7429.656125,26436.176016,0,true,true,1.0,-310.974478,0,0.0,0.0,1.0
12,4266,29.9,35543.675827,-83900.208451,40173.199302,-85493.189592,40039.918238,-1502.534382,-1812.022142,-135.245927,2.327791,-4.408607,-131.69751,0.0,0.0,1.0,0.0,-0.139986,-0.069993,0,0,0,0,0,0,0,0,0,0,0,0,0,0,0,38508.234375,1083.24231,995.758728,1050.640015,1282.791138,1514.488037,2267.057373,20392.890625,40000.0,22498.375,10421.260742,26488.126953,18265.884766,29337.658203,38508.234375,1003.143372,597.664124,414.544281,349.81073,327.536011,362.448273,371.66391,385.045746,489.634766,2960.081787,50485.396431,-7383.048539,26461.749857,0,true,true,1.0,-310.964478,0,0.0,0.0,1.0
12,4267,29.95,35625.245836,86074.962615,40271.180546,83022.009046,40049.15471,-1524.324689,-1826.731228,-195.550869,2.335724,-4.468592,-131.800186,0.0,0.0,1.0,0.0,-0.139986,-0.279972,0,0,0,0,0,0,0,0,0,0,0,0,0,0,0,37873.789062,964.723633,878.679504,926.652283,1140.655396,1333.834351,1993.424072,19955.947266,40000.0,22600.492188,10539.402344,26504.123047,18386.302734,29467.179688,37873.789062,790.509827,467.4841,348.743561,335.642639,315.727356,285.198608,282.182404,323.034424,495.137909,2950.845215,50340.804929,-7299.550921,26517.322051,0,true,true,1.0,-310.954478,0,0.0,0.0,1.0
12,4268,30.0,35686.424705,-83961.387319,40344.274083,-85566.283129,40058.07844,-1541.079798,-1838.443471,-236.882174,2.346567,-4.529398,-131.93869,0.0,0.0,1.0,0.0,-0.053233,-0.372631,0,0,0,0,0,0,0,0,0,0,0,0,0,0,0,37253.378906,876.538452,791.219055,833.864197,949.781494,1220.857788,1806.370728,19787.033203,40000.0,22680.052734,10636.515625,26480.767578,18472.123047,29577.384766,2980.522461,742.870178,401.905151,352.268768,301.903595,231.550262,228.383453,241.540649,276.28595,435.098816,2941.921631,50231.494932,-7183.920254,26576.888246,0,true,true,1.0,-310.944478,0,0.0,0.0,1.0
12,4269,30.05,35775.246143,85986.141176,40449.918338,82916.364791,40072.419416,-1538.159608,-1828.833806,-220.117298,2.368312,-4.622873,-132.211929,1.0,0.0,1.0,0.0,-0.069993,-0.209979,0,0,0,0,0,0,0,0,0,0,0,0,0,0,0,36323.761719,748.749146,734.912476,699.598633,795.605591,1106.899048,1486.864502,18959.173828,36323.761719,22798.986328,10761.907227,26431.085938,18644.533203,36323.761719,2333.511719,522.894409,385.883392,227.426682,191.263794,175.332962,172.717316,190.37294,274.704498,17504.556641,2927.580566,50077.351305,-6954.025461,26671.545153,0,true,true,1.0,-310.934478,0,0.0,0.0,1.0
12,4270,30.1,35837.962883,-84024.10406,40524.487192,-85640.851983,40079.479398,-1522.558472,-1810.214233,-148.323746,2.386679,-4.697053,-132.438675,1.0,0.0,1.0,0.0,-0.069993,-0.069993,0,0,0,0,0,0,0,0,0,0,0,0,0,0,0,35665.144531,658.473633,645.607239,604.957886,687.08844,968.284851,1277.287354,18504.146484,35665.144531,22885.167969,10856.522461,26648.222656,18793.222656,35665.144531,1904.900024,486.771057,237.968857,176.33168,148.070236,142.83699,180.017044,198.803177,357.250336,17409.849609,2920.520508,49967.481734,-6763.355062,26743.411936,0,true,true,1.0,-310.924478,0,0.0,0.0,1.0
12,4271,30.15,35925.054895,85899.049165,40620.992659,82819.859324,40085.731053,-1584.909457,-1678.600107,-109.851635,2.413551,-4.806203,-132.764145,0.0,-1.0,1.0,0.0,-0.069993,-0.139986,0,0,0,0,0,0,0,0,0,0,0,0,0,0,0,34782.402344,539.836487,528.460815,481.056885,545.358276,683.248291,1160.216919,2191.690186,34782.402344,23005.28125,10985.830078,26928.914062,18995.679688,22382.222656,1194.716919,239.484085,164.860565,161.741913,146.80545,134.19754,164.571335,252.539597,34782.402344,17282.171875,2914.269043,49817.011157,-6486.133265,26845.628024,0,true,true,1.0,-310.914478,0,0.0,0.0,1.0
12,4272,30.2,35995.524454,-84094.573619,40690.68172,-85710.541044,40091.783232,-1646.973206,-1574.528946,-155.791115,2.435374,-4.903696,-133.022995,0.0,-1.0,1.0,0.0,-0.139986,-0.139986,0,0,0,0,0,0,0,0,0,0,0,0,0,0,0,34021.710938,27229.839844,442.014404,463.254944,441.090576,551.473328,809.084045,1868.746704,34021.710938,23101.996094,11060.765625,27147.035156,19137.236328,22258.3125,680.02948,211.460632,151.728622,127.943748,152.602081,182.170822,199.205582,24422.400391,34021.710938,17183.675781,2908.216797,49695.204024,-6261.604837,26937.529948,0,true,true,1.0,-310.904478,0,0.0,0.0,1.0
12,4273,30.25,36088.955072,85805.618547,40773.288579,82737.252465,40102.032005,-1728.466848,-1458.848812,-206.103537,2.4659,-5.05,-133.376328,0.0,-1.0,1.0,0.0,-0.069993,-0.069993,0,0,0,0,0,0,0,0,0,0,0,0,0,0,0,32922.078125,27064.003906,336.676575,352.403534,397.926819,392.622375,573.087158,1220.990479,32922.078125,23230.890625,11192.611328,27432.447266,19335.802734,22094.388672,296.248047,188.400772,191.348801,167.832596,175.906479,237.093231,531.257202,24148.921875,32922.078125,17058.65625,2897.968018,49531.42593,-5950.86168,27077.079977,0,true,true,1.0,-310.894478,0,0.0,0.0,1.0
12,4274,30.3,36179.852968,-84185.471516,40844.819142,-85782.071607,40114.007087,-1797.557156,-1356.683367,-250.378471,2.495001,-5.193654,-133.703568,0.0,-1.0,1.0,0.0,0.0,0.0,0,0,0,0,0,0,0,0,0,0,0,0,0,0,0,31881.576172,30999.628906,1091.971924,253.710953,286.110443,355.535645,375.027924,766.338501,31881.576172,23355.291016,11317.526367,27696.583984,19517.216797,437.993713,265.42746,205.164597,198.719589,216.532669,257.099884,424.651642,586.626892,24079.765625,31881.576172,16942.289062,2885.99292,49374.024307,-5658.585927,27215.565942,0,true,true,1.0,-310.884478,0,0.0,0.0,1.0
12,4275,30.35,36261.015493,85724.456022,40902.349047,82679.72256,40126.259014,-1846.950063,-1268.978597,-288.635478,2.512146,-5.277775,-133.891998,0.0,-1.0,1.0,0.0,0.0,0.0,0,0,0,0,0,0,0,0,0,0,0,0,0,0,0,31241.634766,26794.089844,1480.075195,406.493927,223.57666,241.062973,348.92984,414.966553,31241.634766,23458.871094,11423.249023,27882.822266,19648.287109,364.189331,259.825623,245.513138,248.762848,270.802063,380.035065,433.447296,13249.728516,24006.650391,31241.634766,16842.324219,2873.740967,49249.602932,-5481.784348,27299.056776,0,true,true,1.0,-310.874478,0,0.0,0.0,1.0
12,4276,30.4,36367.022351,-84291.478373,40970.104338,-85849.826898,40143.930043,-1915.447327,-1172.735653,-329.852845,2.528983,-5.358961,-134.07402,0.0,-1.0,1.0,0.0,0.0,0.0,0,0,0,0,0,0,0,0,0,0,0,0,0,0,0,30580.478516,26651.136719,4664.416992,704.483948,384.530579,277.792053,229.511917,305.647522,30580.478516,23588.90625,11582.65918,28091.041016,19796.113281,381.738281,320.794891,302.858307,345.950104,383.062347,394.966125,528.464417,13125.564453,23904.933594,30580.478516,16715.714844,2856.070068,49100.31602,-5300.512632,27383.044429,0,true,true,1.0,-310.864478,0,0.0,0.0,1.0
12,4277,30.45,36472.686355,85618.792019,41030.656884,82619.170013,40162.792587,-1962.624586,-1085.781125,-338.692161,2.540899,-5.410673,-134.201126,1.0,-1.0,1.0,0.0,0.232319,0.232319,0,0,0,0,0,0,0,0,0,0,0,0,0,0,0,30089.025391,26519.185547,8226.674805,887.574341,549.927063,396.168335,327.02005,295.840881,287.778992,23713.519531,11710.44043,28267.083984,19922.271484,429.070862,374.14032,398.07077,402.7659,388.202332,459.431702,30089.025391,13040.890625,23798.150391,30089.025391,16592.957031,2837.20752,48965.961673,-5160.983182,27441.323913,0,true,true,1.0,-310.854478,0,0.0,0.0,1.0
12,4278,30.5,36550.881096,-84369.673115,41072.307529,-85891.477543,40174.604478,-1977.336595,-1033.465632,-277.211515,2.545087,-5.412763,-134.245529,1.0,-1.0,1.0,0.0,0.191168,0.318613,0,0,0,0,0,0,0,0,0,0,0,0,0,0,0,29952.222656,26563.476562,10770.274414,991.492981,673.771057,485.128876,400.327179,361.745361,352.076538,23801.076172,11801.573242,28371.185547,685.048035,470.514618,434.785858,431.98645,391.40097,425.313965,574.934082,29952.222656,12946.644531,23712.787109,29952.222656,16503.333984,2825.395508,48882.843837,-5096.558234,27449.775848,0,true,true,1.0,-310.844478,0,0.0,0.0,1.0
12,4279,30.55,36660.03556,85509.637555,41126.661175,82564.816368,40187.151514,-1993.53008,-964.419412,-198.784483,2.54138,-5.367384,-134.20607,1.0,-1.0,1.0,0.0,0.235813,0.393022,0,0,0,0,0,0,0,0,0,0,0,0,0,0,0,30070.570312,30070.570312,12402.983398,1308.721802,810.364563,609.880249,503.412048,454.990265,442.580658,461.716339,11923.1875,28466.646484,666.404968,523.127991,503.904449,430.36438,435.430481,533.891663,19155.441406,30070.570312,12725.572266,23580.966797,30070.570312,16380.069336,2812.848389,48786.320502,-5088.095632,27413.119274,0,true,true,1.0,-310.834478,0,0.0,0.0,1.0
12,4280,30.6,36763.983281,-84473.620836,41174.764312,-85939.58068,40195.203497,-2010.192242,-905.796723,-129.427131,2.52773,-5.264823,-134.059097,1.0,-1.0,1.0,0.0,0.248123,0.347373,0,0,0,0,0,0,0,0,0,0,0,0,0,0,0,30566.908203,30566.908203,14330.007812,1772.446411,874.885681,728.496277,601.946838,544.469299,529.980957,553.225281,12032.953125,28503.792969,722.543213,618.630798,495.616394,467.938721,506.973999,661.681763,19083.287109,30566.908203,12551.566406,23441.755859,30566.908203,16264.37793,2804.796387,48718.479523,-5167.47312,27320.364718,0,true,true,1.0,-310.824478,0,0.0,0.0,1.0
12,4281,30.65,36873.823967,85399.796869,41222.069361,82517.511318,40200.00539,-2020.414605,-846.881064,-64.412861,2.504709,-5.111747,-133.80545,1.0,-1.0,1.0,0.0,0.139986,0.279972,0,0,0,0,0,0,0,0,0,0,0,0,0,0,0,31425.833984,26293.171875,15225.993164,1901.296997,1045.032227,809.578125,706.131958,639.559937,623.274719,651.342102,12143.688477,28495.521484,774.424255,664.486755,533.13678,520.369995,587.414551,1121.189331,18997.490234,31425.833984,12409.923828,23286.716797,31425.833984,16144.311523,2799.994629,48663.724651,-5329.716872,27177.832639,0,true,true,1.0,-310.814478,0,0.0,0.0,1.0
12,4282,30.7,36964.543731,-84564.3406,41258.617094,-85976.128412,40201.387528,-2041.738442,-807.786343,-8.263085,2.483828,-4.971199,-133.568985,1.0,-1.0,1.0,0.0,0.069993,0.139986,0,0,0,0,0,0,0,0,0,0,0,0,0,0,0,32296.039062,26054.017578,15656.137695,2139.145996,1184.056274,859.288818,792.347534,718.539124,701.010986,733.08667,12233.15332,28474.373047,812.534668,641.294128,561.258667,586.224548,682.14917,1568.68457,19917.876953,31935.757812,12196.189453,23173.460938,32296.039062,16046.758789,2798.612549,48624.52027,-5483.671047,27045.237361,0,true,true,1.0,-310.804478,0,0.0,0.0,1.0
12,4283,30.75,37089.984219,85274.356381,41305.915136,82470.213276,40199.72655,-2031.411363,-744.717524,45.810311,2.453236,-4.759111,-133.210312,1.0,-1.0,1.0,0.0,0.139986,0.209979,0,0,0,0,0,0,0,0,0,0,0,0,0,0,0,33751.78125,26040.066406,15861.275391,2526.635254,1504.985352,1001.02887,882.2724,828.25116,809.390808,847.864502,12335.183594,28428.638672,919.502441,680.108704,654.497253,699.506042,1064.708252,2182.275879,21381.994141,31892.041016,11956.161133,23165.564453,33751.78125,15914.157227,2800.273438,48577.42035,-5719.580762,26843.121161,0,true,true,1.0,-310.794478,0,0.0,0.0,1.0
12,4284,30.8,37174.463434,-84648.819815,41335.88559,-86006.098867,40196.41208,-2055.208523,-717.549187,94.181674,2.42868,-4.57454,-132.910583,1.0,-1.0,1.0,0.0,0.139986,0.139986,0,0,0,0,0,0,0,0,0,0,0,0,0,0,0,35152.070312,25986.505859,15664.199219,2655.703369,1627.928101,1095.153564,912.123901,902.223816,882.903259,926.187805,12448.350586,28371.402344,954.11438,703.293091,680.008362,775.85321,1161.75708,2674.037354,22569.972656,31935.109375,11862.227539,23913.804688,28482.525391,15826.395508,2803.587891,48560.90014,-5924.212016,26668.022694,0,true,true,1.0,-310.784478,0,0.0,0.0,1.0
12,4285,30.85,37289.557188,85159.262627,41374.502459,82431.596407,40189.355615,-2060.668572,-675.352952,143.656453,2.395422,-4.29975,-132.484222,1.0,-1.0,1.0,0.0,0.209979,0.139986,0,0,0,0,0,0,0,0,0,0,0,0,0,0,0,37488.066406,25918.058594,15451.831055,2916.351807,1664.701904,1222.372803,1021.048218,1003.24707,983.701172,1034.021851,12513.389648,28285.197266,918.983154,797.402527,786.535461,1021.681396,1522.284424,3385.502197,24362.994141,32024.289062,11745.597656,24352.986328,27926.810547,15708.702148,2810.644287,48547.016521,-6215.197072,26407.435149,0,true,true,1.0,-310.774478,0,0.0,0.0,1.0
12,4286,30.9,37374.03718,-84733.299807,41401.179191,-86032.775598,40183.768671,-2089.780825,-645.519669,118.476725,2.370311,-4.068384,-132.143356,0.0,-1.0,1.0,0.0,0.209979,0.209979,0,0,0,0,0,0,0,0,0,0,0,0,0,0,0,39694.839844,29905.396484,15100.792969,3095.280273,1783.615479,1314.649536,1100.67688,1076.133545,1058.189819,1114.130615,12590.004883,1382.776245,939.680115,815.671875,851.505432,1137.511108,1642.26123,3949.005371,39694.839844,32412.767578,11670.375977,24942.978516,27680.626953,15623.913086,2816.231445,48547.146319,-6449.796157,26190.316504,0,true,true,1.0,-310.764478,0,0.0,0.0,1.0
12,4287,30.95,37483.128811,85050.170996,41436.35634,82396.419258,40179.999412,-2084.865768,-713.094065,45.405251,2.337974,-3.726838,-131.673248,0.0,0.0,1.0,0.0,0.209979,0.069993,0,0,0,0,0,0,0,0,0,0,0,0,0,0,0,40000.0,25858.849609,14698.600586,3313.77832,1932.134155,1524.751587,1202.240112,1109.060303,1154.268433,1218.023804,12688.683594,1412.561401,966.533203,914.307495,983.392212,1256.147461,1955.452637,4751.353516,40000.0,33416.953125,11660.735352,25891.261719,27406.642578,15515.202148,2820.000488,48559.923144,-6776.795212,25876.730599,0,true,true,1.0,-310.754478,0,0.0,0.0,1.0
12,4288,31.0,37589.029826,-84839.200822,41475.88712,-86072.306379,40180.005315,-2057.540277,-806.246225,-25.141689,2.308829,-3.326731,-131.20726,0.0,0.0,1.0,0.0,0.436419,-0.069993,0,0,0,0,0,0,0,0,0,0,0,0,0,0,0,40000.0,25803.710938,14531.983398,3509.988037,2069.731201,1633.64502,1298.286011,1191.765747,1246.150146,1317.924316,12813.157227,1451.547974,1045.762207,970.569092,1172.645508,1503.993896,2316.378174,19679.800781,40000.0,40000.0,11691.317383,27072.023438,27260.033203,15407.756836,2819.994629,48593.81955,-7103.402452,25517.893116,0,true,true,1.0,-310.744478,0,0.0,0.0,1.0
12,4289,31.05,37671.984029,84967.216794,41510.519971,82361.786408,40182.471746,-2036.64748,-875.847833,-76.224435,2.291156,-2.947354,-130.891434,0.0,0.0,1.0,0.0,0.685069,-0.285446,0,0,0,0,0,0,0,0,0,0,0,0,0,0,0,40000.0,25751.644531,14472.432617,3870.843262,2298.521973,1717.793823,1372.4198,1261.84021,1317.078857,1395.057373,12892.375,1506.076904,1111.521362,1061.998047,1267.167603,1591.905884,2441.846191,19575.863281,40000.0,13885.217773,11651.480469,27870.208984,27153.777344,15320.730469,2817.52832,48648.798322,-7317.839901,25185.172228,0,true,true,1.0,-310.734478,0,0.0,0.0,1.0
12,4290,31.1,37774.734337,-84941.951131,41556.577746,-86118.364154,40192.713725,-1975.73067,-907.484854,-270.225525,2.274934,-2.273531,-130.549927,-1.0,0.0,1.0,0.0,1.194334,-0.251439,0,0,0,0,0,0,0,0,0,0,0,0,0,0,0,40000.0,25676.267578,14405.694336,3918.783691,2417.281494,1730.035767,1463.210571,1347.643311,1403.918335,1489.490601,12991.982422,1607.413818,1159.131958,1178.385986,1363.049194,1758.448853,2816.645508,19858.703125,40000.0,13521.799805,11705.111328,28799.380859,26945.09375,15209.254883,2807.286377,48804.260178,-7537.061722,24608.593644,0,true,true,1.0,-310.724478,0,0.0,0.0,1.0
12,4291,31.15,37874.772145,84867.178986,41604.375344,82313.98881,40212.498133,-1917.760659,-937.84252,-449.13002,2.265502,-1.361472,-130.271606,-1.0,0.0,1.0,0.0,0.720655,-0.102951,0,0,0,0,0,0,0,0,0,0,0,0,0,0,0,40000.0,25594.162109,14396.639648,4039.178467,2433.62085,1830.356323,1628.221069,1430.406738,1487.600098,1580.399292,13091.563477,1703.706177,1265.671509,1293.854736,1499.132446,2010.972656,3036.530273,19750.962891,40000.0,13338.862305,11788.164062,29502.150391,26803.484375,15098.407227,2787.501953,49060.253053,-7698.846955,23839.273402,0,true,true,1.0,-310.714478,0,0.0,0.0,1.0
12,4292,31.2,37974.859273,-85042.038259,41655.914794,-86169.903604,40238.769282,-1892.759657,-1008.504154,-505.851665,2.261279,-0.34049,-130.02211,0.0,0.0,1.0,0.0,0.209979,-0.069993,0,0,0,0,0,0,0,0,0,0,0,0,0,0,0,40000.0,25511.611328,14594.705078,4224.736816,2559.436523,1929.819824,1714.983032,1512.493408,1525.085083,1670.637329,13196.537109,1774.470459,1365.857666,1460.713501,1695.031738,2124.760986,3343.074219,19654.855469,40000.0,13026.213867,13305.451172,30198.619141,26697.529297,14988.790039,2761.230713,49348.482181,-7835.833002,22981.161297,0,true,true,1.0,-310.704478,0,0.0,0.0,1.0
12,4293,31.25,38073.509673,84768.528586,41711.293788,82258.609816,40265.844215,-1876.680992,-1085.179066,-522.444732,2.261538,0.691478,-129.7901,0.0,0.0,1.0,0.0,0.069993,0.0,0,0,0,0,0,0,0,0,0,0,0,0,0,0,0,40000.0,25433.121094,14919.84375,4601.140625,2681.570312,2026.588013,1799.557739,1592.582153,1581.03125,1758.921631,13306.405273,1853.778809,1437.317383,1591.330444,1811.926514,2387.917236,3720.780273,19571.589844,40000.0,12863.112305,15354.731445,40000.0,26519.564453,14883.050781,2734.155762,49625.831271,-7961.689022,22111.624434,0,true,true,1.0,-310.694478,0,0.0,0.0,1.0
12,4294,31.3,38170.420346,-85138.948932,41769.935177,-86228.544993,40293.348954,-1864.47746,-1157.715997,-533.394763,2.265521,1.672907,-129.578461,0.0,0.0,1.0,0.0,0.0,0.0,0,0,0,0,0,0,0,0,0,0,0,0,0,0,0,40000.0,25358.140625,15021.864258,4746.527832,2818.036621,2210.390625,1822.693481,1670.604126,1660.102173,1845.071899,13454.871094,1850.36499,1544.50415,1656.366089,1927.293823,2539.297852,4096.475098,19500.787109,40000.0,12575.661133,23525.982422,40000.0,26396.966797,14781.163086,2706.651123,49869.790703,-8075.533985,21284.077725,0,true,true,1.0,-310.684478,0,0.0,0.0,1.0
12,4295,31.35,38246.633784,84692.315148,41818.906133,82209.63886,40315.50323,-1850.354269,-1208.663993,-540.296268,2.269763,2.285011,-129.450058,0.0,0.0,1.0,0.0,0.0,0.0,0,0,0,0,0,0,0,0,0,0,0,0,0,0,0,40000.0,25293.775391,15272.012695,4737.656738,2893.449707,2284.348145,1870.195679,1743.932251,1721.637939,1911.904297,14079.199219,1926.545288,1635.487061,1755.048706,2043.731934,2663.313965,4236.317871,19453.640625,40000.0,12480.584961,23754.167969,40000.0,26304.759766,14699.768555,2684.496826,49995.959106,-8139.47696,20772.84351,0,true,true,1.0,-310.674478,0,0.0,0.0,1.0
12,4296,31.4,38344.126545,-85236.441693,41885.014757,-86294.653617,40344.302373,-1836.908827,-1272.459766,-545.300642,2.276022,2.964709,-129.309677,0.0,0.0,1.0,0.0,0.0,0.0,0,0,0,0,0,0,0,0,0,0,0,0,0,0,0,40000.0,25207.046875,15628.694336,4900.997559,3013.57251,2378.427734,1952.196045,1879.929932,1799.576904,1996.45874,14201.102539,2031.757812,1754.477905,1884.043091,2252.362793,2939.05957,4652.972656,19400.029297,40000.0,12210.650391,23431.662109,40000.0,26234.298828,14594.170898,2655.69751,50113.186156,-8206.243074,20209.914452,0,true,true,1.0,-310.664478,0,0.0,0.0,1.0
12,4297,31.45,38440.934569,84595.507123,41954.346389,82140.307227,40373.294284,-1821.311181,-1329.585183,-548.327707,2.28182,3.49887,-129.205017,0.0,0.0,1.0,0.0,0.0,-0.069993,0,0,0,0,0,0,0,0,0,0,0,0,0,0,0,40000.0,25112.498047,16107.232422,5084.26709,3133.061035,2382.136475,2032.96521,1955.786255,1875.942261,2079.07959,2406.828369,2145.031738,1875.213013,2014.73584,2403.625244,3075.053955,4905.162598,19353.158203,40000.0,12063.575195,22976.878906,40000.0,26119.789062,14486.072266,2626.705811,50175.806968,-8249.354132,19775.802278,0,true,true,1.0,-310.654478,0,0.0,0.0,1.0
12,4298,31.5,38541.602333,-85337.109457,42030.167938,-86370.475165,40403.777828,-1807.897717,-1386.288724,-548.994666,2.286678,3.91843,-129.128967,0.0,0.0,1.0,0.0,0.0,0.0,0,0,0,0,0,0,0,0,0,0,0,0,0,0,0,40000.0,25004.517578,16737.792969,5469.397461,3375.675293,2478.465332,2116.185791,2033.716187,1954.1875,2163.482178,2505.675537,2271.677002,2003.236328,2201.697998,2512.232666,3285.221191,33477.605469,19309.332031,32736.09375,11819.496094,22841.591797,40000.0,25984.138672,14369.586914,2596.222168,50191.672912,-8272.486661,19445.478123,0,true,true,1.0,-310.644478,0,0.0,0.0,1.0
12,4299,31.55,38616.391011,84520.718446,42088.359638,82082.115527,40430.039498,-1776.662715,-1392.352657,-665.721264,2.289542,4.190106,-129.088104,-1.0,0.0,1.0,0.0,0.0,0.0,0,0,0,0,0,0,0,0,0,0,0,0,0,0,0,40000.0,24920.019531,16928.111328,5524.043945,3468.091797,2549.825684,2253.904297,2091.180664,2011.792236,2225.476318,2578.104248,2370.241211,2099.631836,2305.791504,2634.321533,3518.888672,33538.976562,19279.585938,32576.884766,11675.717773,22809.308594,40000.0,25864.296875,14281.308594,2569.960449,50189.305719,-8278.659597,19239.808766,0,true,true,1.0,-310.634478,0,0.0,0.0,1.0
12,4300,31.6,38710.266576,-85430.985022,42163.166009,-86445.281536,40470.294966,-1742.690523,-1402.397818,-803.29292,2.292231,4.517892,-129.052338,-1.0,0.0,1.0,0.0,-0.069993,-0.069993,0,0,0,0,0,0,0,0,0,0,0,0,0,0,0,40000.0,24810.558594,17534.318359,5607.35498,3530.30127,2639.34668,2330.876709,2092.251465,2083.62915,2236.906738,2668.095703,2498.411865,2221.914307,2437.70459,2788.856934,3647.97168,33616.5625,19245.396484,32438.724609,11565.170898,22688.484375,40000.0,25752.263672,14169.216797,2529.705078,50181.978616,-8274.624561,19001.714001,0,true,true,1.0,-310.624478,0,0.0,0.0,1.0
12,4301,31.65,38808.795963,84422.189058,42243.80267,82001.478866,40521.277217,-1702.079973,-1406.838113,-938.50229,2.293403,4.815721,-129.037842,-1.0,0.0,1.0,0.0,-0.069993,0.0,0,0,0,0,0,0,0,0,0,0,0,0,0,0,0,40000.0,24689.675781,18051.697266,5804.624512,3589.256836,2732.595459,2411.408936,2167.114502,2211.57373,2306.757812,2760.783936,2638.705322,2367.591553,2547.55542,3009.029785,3862.13916,33696.460938,19212.947266,32363.160156,11314.989258,22564.582031,40000.0,25634.335938,14049.191406,2478.7229,50159.849745,-8253.562655,18802.563343,0,true,true,1.0,-310.614478,0,0.0,0.0,1.0
12,4302,31.7,38878.244202,-85500.43326,42302.097565,-86503.576431,40556.373304,-1663.311199,-1406.916104,-803.382024,2.293705,5.008867,-129.034348,1.0,0.0,1.0,0.0,0.0,0.0,0,0,0,0,0,0,0,0,0,0,0,0,0,0,0,40000.0,24602.054688,19148.957031,6135.35498,3675.847412,2798.610352,2429.4104,2219.532715,2281.679932,2362.650879,2825.626465,2741.009766,2479.583984,2628.191162,3108.346436,4088.6875,33797.089844,19191.5625,32361.447266,11186.425781,22477.796875,40000.0,25550.662109,13963.47168,2443.626709,50137.941299,-8234.330666,18676.767578,0,true,true,1.0,-310.604478,0,0.0,0.0,1.0
12,4303,31.75,38960.145601,84340.287659,42372.651469,81930.924962,40591.634366,-1616.937244,-1405.155996,-648.701289,2.292628,5.183214,-129.046494,1.0,0.0,1.0,0.0,0.069993,-0.069993,0,0,0,0,0,0,0,0,0,0,0,0,0,0,0,40000.0,24493.173828,40000.0,6293.50293,3778.363525,2876.321045,2457.766602,2280.826416,2342.631348,2427.638916,2900.7229,2866.487061,2599.515137,2746.403076,3206.148438,4194.312988,33807.550781,19168.039062,32303.369141,11103.564453,22376.291016,40000.0,25450.378906,13859.93457,2408.365723,50094.307832,-8200.286945,18570.115693,0,true,true,1.0,-310.594478,0,0.0,0.0,1.0
12,4304,31.8,39044.550337,-85584.837995,42447.255578,-86578.18054,40621.109786,-1569.502013,-1401.222827,-497.846356,2.282739,5.466348,-129.153412,1.0,0.0,1.0,0.0,0.139986,-0.139986,0,0,0,0,0,0,0,0,0,0,0,0,0,0,0,40000.0,24370.353516,40000.0,6309.972168,4011.192627,2960.220215,2527.730225,2344.505859,2404.935303,2492.909668,2974.387451,3098.330322,2714.219238,2868.210693,3346.124756,4372.71875,33871.230469,19159.892578,32225.416016,10902.375,22292.710938,40000.0,25357.402344,13751.672852,2378.890137,50092.934991,-8080.561011,18366.845588,0,true,true,1.0,-310.584478,0,0.0,0.0,1.0
12,4305,31.85,39111.300406,84273.537589,42507.68014,81870.5004,40639.373034,-1530.884816,-1395.293292,-384.15548,2.268082,5.727049,-129.304825,1.0,0.0,1.0,0.0,0.214595,-0.286127,0,0,0,0,0,0,0,0,0,0,0,0,0,0,0,40000.0,24264.763672,40000.0,6487.258301,4108.451172,3029.374512,2584.292969,2466.087891,2453.722412,2543.135498,3029.711914,3221.499512,2805.74585,2964.348877,3455.041992,4582.640137,33918.300781,19164.099609,32224.164062,10810.12793,22243.251953,40000.0,25290.064453,13664.365234,2360.626953,50109.753245,-7927.466174,18171.648398,0,true,true,1.0,-310.574478,0,0.0,0.0,1.0
12,4306,31.9,39191.667467,-85665.205056,42582.034336,-86652.534736,40655.416843,-1490.555736,-1391.202823,-251.82444,2.24215,6.10236,-129.558334,1.0,0.0,1.0,0.0,0.139986,-0.279972,0,0,0,0,0,0,0,0,0,0,0,0,0,0,0,40000.0,24130.330078,40000.0,6725.412598,4203.652344,3206.932129,2654.009277,2527.689941,2441.496582,2602.202393,3093.220947,3370.109863,2917.043457,3080.01001,3594.416992,4750.46875,33973.816406,19181.882812,32281.294922,10713.897461,22248.126953,40000.0,25217.162109,13558.334961,2344.583252,50154.702717,-7680.364189,17879.870436,0,true,true,1.0,-310.564478,0,0.0,0.0,1.0
12,4307,31.95,39275.27532,84189.929735,42661.230397,81791.304339,40665.12988,-1447.61935,-1382.986754,-121.95892,2.206169,6.521734,-129.888229,1.0,0.0,1.0,0.0,0.139986,-0.209979,0,0,0,0,0,0,0,0,0,0,0,0,0,0,0,40000.0,23983.382812,40000.0,7100.071777,4251.353516,3301.193848,2742.000244,2592.245605,2501.730713,2662.148926,3156.098633,3497.833984,3034.071289,3200.324463,3773.104492,4834.339355,34084.589844,19212.318359,32344.65625,10634.22168,22214.126953,40000.0,25182.285156,13446.891602,2334.870117,50212.89685,-7366.406341,17546.675581,0,true,true,1.0,-310.554478,0,0.0,0.0,1.0
12,4308,32.0,39334.827363,-85724.757099,42718.72247,-86710.026808,40667.702702,-1415.236164,-1373.148598,-35.770306,2.170442,6.882213,-130.197098,1.0,0.0,1.0,0.0,0.279972,-0.279972,0,0,0,0,0,0,0,0,0,0,0,0,0,0,0,40000.0,23872.736328,40000.0,7225.713867,4359.008301,3342.550049,2782.382812,2639.109375,2544.499756,2703.622559,3197.912598,3615.173828,3118.281006,3285.51001,3864.681641,4929.003906,34080.710938,19247.814453,32380.349609,10610.652344,22207.841797,40000.0,25154.867188,13367.40332,2332.297363,50277.642361,-7077.478268,17253.49918,0,true,true,1.0,-310.544478,0,0.0,0.0,1.0
12,4309,32.05,39411.707597,84113.049502,42794.188603,81715.838206,40665.652725,-1384.307962,-1367.947055,76.384171,2.106412,7.45395,-130.71521,1.0,0.0,1.0,0.0,0.209979,-0.279972,0,0,0,0,0,0,0,0,0,0,0,0,0,0,0,40000.0,23722.302734,40000.0,7572.396973,4514.921387,3380.356934,2857.143799,2629.915771,2599.8125,2808.665771,3247.454346,3822.040283,3228.247314,3394.466797,3978.387939,5052.875977,34133.488281,19317.089844,32480.042969,10586.172852,22230.599609,40000.0,25076.103516,13232.083984,2334.347168,50398.762073,-6598.485843,16780.018185,0,true,true,1.0,-310.534478,0,0.0,0.0,1.0
12,4310,32.1,39469.161154,-85782.210656,42851.435648,-86767.273854,40660.168018,-1358.630195,-1359.145406,154.192394,2.050442,7.892266,-131.138275,1.0,0.0,1.0,0.0,0.139986,-0.349965,0,0,0,0,0,0,0,0,0,0,0,0,0,0,0,40000.0,23608.683594,40000.0,7948.450684,4763.833496,3457.843018,2914.546387,2676.994385,2641.200195,2869.005127,3282.97998,4105.630371,3293.88501,3475.887939,4061.879395,5141.646973,34175.421875,19377.396484,32651.947266,10570.264648,40000.0,40000.0,25057.572266,13156.746094,2339.832031,50488.951565,-6210.03593,16413.27714,0,true,true,1.0,-310.524478,0,0.0,0.0,1.0
12,4311,32.15,39544.225653,84037.985003,42927.208618,81640.065236,40647.908908,-1330.994975,-1350.421254,255.003343,1.962942,8.484364,-131.757812,1.0,0.0,1.0,0.0,0.131087,-0.393261,0,0,0,0,0,0,0,0,0,0,0,0,0,0,0,13871.730469,23457.408203,40000.0,8331.819336,4923.447754,3564.779541,2992.382568,2739.78833,2766.162842,2917.75415,3298.718018,31432.734375,3375.634277,3581.838867,4155.894531,5250.497559,35026.386719,19471.164062,40000.0,10553.37793,40000.0,40000.0,25084.072266,13059.333008,2352.091064,50608.226842,-5645.269049,15913.333751,0,true,true,1.0,-310.514478,0,0.0,0.0,1.0
12,4312,32.2,39606.621101,-85844.606104,42990.951476,-86831.016711,40633.347474,-1308.425953,-1340.935854,334.730065,1.88252,8.934245,-132.293259,1.0,0.0,1.0,0.0,0.069993,-0.349965,0,0,0,0,0,0,0,0,0,0,0,0,0,0,0,13750.091797,23330.583984,40000.0,8596.84668,4966.032715,3656.455566,3105.963623,2792.449951,2811.234375,2957.718994,3276.708008,31421.082031,3467.480469,3669.806885,4235.724609,5338.081543,37044.617188,19554.263672,40000.0,10540.532227,40000.0,40000.0,25035.992188,12996.645508,2366.652588,50687.738918,-5160.789886,15530.733599,0,true,true,1.0,-310.504478,0,0.0,0.0,1.0
12,4313,32.25,39664.313318,83980.292786,43050.387399,81580.629313,40616.384328,-1283.503931,-1325.514435,399.839567,1.794145,9.369657,-132.853043,1.0,0.0,1.0,0.0,-0.069993,-0.209979,0,0,0,0,0,0,0,0,0,0,0,0,0,0,0,13635.334961,23210.716797,40000.0,8908.532227,5120.807617,3843.168457,3202.278076,2892.382812,2853.198975,2919.583008,3307.462891,31805.818359,3553.200439,3750.432861,4312.071777,5412.163086,40000.0,19645.490234,40000.0,10548.318359,40000.0,40000.0,25085.628906,12922.851562,2383.615723,50763.614855,-4657.177826,15157.583876,0,true,true,1.0,-310.494478,0,0.0,0.0,1.0
12,4314,32.3,39734.429087,-85914.721873,43123.137507,-86903.766819,40591.289425,-1262.923923,-1313.584887,483.284405,1.669669,9.905275,-133.601379,1.0,0.0,1.0,0.0,-0.069993,-0.069993,0,0,0,0,0,0,0,0,0,0,0,0,0,0,0,13494.178711,23063.736328,40000.0,9465.427734,5326.586914,3961.87915,3284.164062,2904.455566,2904.668701,2962.982178,3342.57959,33747.121094,3658.426025,3847.712402,4407.930664,5494.81543,40000.0,19772.863281,40000.0,10588.279297,40000.0,40000.0,25112.046875,12834.873047,2408.710693,50850.323115,-3987.592775,14694.766077,0,true,true,1.0,-310.484478,0,0.0,0.0,1.0
12,4315,32.35,39792.541581,83922.180292,43183.756449,81520.01037,40566.839592,-1244.289596,-1299.6203,546.234105,1.577718,10.262736,-134.129517,1.0,0.0,1.0,0.0,0.0,0.0,0,0,0,0,0,0,0,0,0,0,0,0,0,0,0,13378.921875,22949.394531,40000.0,9909.632812,5625.408203,3964.139893,3309.837646,2955.258545,2876.258545,2999.916504,3374.349609,34305.027344,3745.983643,3929.911133,4486.488281,5639.257324,40000.0,19863.351562,40000.0,10598.227539,40000.0,40000.0,25113.863281,12761.68457,2433.1604,50884.993382,-3517.119787,14381.213825,0,true,true,1.0,-310.474478,0,0.0,0.0,1.0
12,4316,32.4,39858.666658,-85980.84695,43252.961113,-86972.971483,40535.052091,-1229.818884,-1288.373127,620.554563,1.48094,10.621633,-134.665726,1.0,0.0,1.0,0.0,0.0,0.0,0,0,0,0,0,0,0,0,0,0,0,0,0,0,0,13268.709961,23477.791016,40000.0,10512.761719,5689.379395,4061.168701,3341.247559,3012.523438,2924.668945,3042.717041,3412.418701,4315.576172,3846.054199,4024.647705,4575.547363,5731.623535,40000.0,19956.425781,40000.0,10592.958008,40000.0,40000.0,25173.886719,12697.422852,2464.947998,50901.379358,-3041.269925,14061.072796,0,true,true,1.0,-310.464478,0,0.0,0.0,1.0
12,4317,32.45,39924.202692,83856.644257,43321.689083,81451.2824,40499.520942,-1211.26187,-1270.846756,683.448968,1.401082,10.889055,-135.094727,1.0,0.0,1.0,0.0,-0.419958,0.0,0,0,0,0,0,0,0,0,0,0,0,0,0,0,0,13167.864258,23359.587891,40000.0,10865.089844,5834.603027,4157.843262,3410.183594,3067.671387,2972.240479,3085.985596,3452.826172,4350.991699,3946.16626,4119.85498,4661.880371,5831.893066,40000.0,20028.675781,40000.0,10559.141602,40000.0,40000.0,25425.056641,12613.474609,2500.479004,50885.237025,-2662.711547,13815.777747,0,true,true,1.0,-310.454478,0,0.0,0.0,1.0
12,4318,32.5,39990.016671,-86046.660928,43390.757146,-87042.039546,40459.945216,-1194.008735,-1253.029111,742.512706,1.323061,11.028371,-135.505341,1.0,0.0,1.0,0.0,-0.543606,0.069993,0,0,0,0,0,0,0,0,0,0,0,0,0,0,0,13049.791992,23653.097656,40000.0,11398.452148,5999.530762,4253.422363,3478.139648,3121.885498,3018.980225,3128.476807,3498.648193,4385.755859,4047.036133,4214.143066,4746.946777,5931.330566,40000.0,20090.966797,40000.0,10515.152344,40000.0,40000.0,25486.673828,12524.595703,2540.054688,50832.821029,-2304.352442,13679.866075,0,true,true,1.0,-310.444478,0,0.0,0.0,1.0
12,4319,32.55,40039.494872,83807.166056,43442.662545,81399.377001,40427.719234,-1185.635525,-1243.48573,789.347478,1.268285,11.035141,-135.791458,1.0,0.0,1.0,0.0,-0.472391,0.052488,0,0,0,0,0,0,0,0,0,0,0,0,0,0,0,12958.929688,23786.298828,40000.0,11772.249023,6263.916016,4424.704102,3527.779541,3202.782227,3053.232178,3233.317871,3575.721191,4412.273926,4141.335449,4284.026855,4809.242188,6016.366699,40000.0,20128.074219,40000.0,10472.420898,40000.0,40000.0,25687.96875,12454.146484,2572.280762,50767.105677,-2057.407333,13661.526465,0,true,true,1.0,-310.434478,0,0.0,0.0,1.0
12,4320,32.6,40100.812487,-86107.978544,43506.91022,-87106.287222,40384.962374,-1174.272225,-1229.523301,840.644752,1.199834,10.919545,-136.150024,1.0,0.0,1.0,0.0,-0.637367,0.069993,0,0,0,0,0,0,0,0,0,0,0,0,0,0,0,12841.526367,23653.853516,40000.0,12120.34668,6416.376953,4511.422363,3588.487549,3284.002197,3162.606201,3270.541748,3639.208008,4442.787109,4259.694824,4368.529785,4893.543457,6079.969727,40000.0,20167.255859,40000.0,10422.332031,40000.0,40000.0,40000.0,12362.12207,2615.037598,50654.006927,-1751.122616,13745.380499,0,true,true,1.0,-310.424478,0,0.0,0.0,1.0
12,4321,32.65,40162.752333,83745.22621,43571.662372,81334.624849,40338.812657,-1163.466612,-1215.002731,886.976294,1.13862,10.637229,-136.475845,1.0,0.0,1.0,0.0,-0.660008,0.14143,0,0,0,0,0,0,0,0,0,0,0,0,0,0,0,12719.327148,23525.423828,40000.0,12554.387695,6423.324707,4594.84082,3730.319092,3330.641846,3134.037842,3306.895264,3673.247559,4473.751953,4346.466797,4451.945312,4978.134277,6142.376953,40000.0,20190.177734,40000.0,10387.299805,40000.0,40000.0,40000.0,12263.206055,2661.187256,50496.440865,-1477.121749,13971.632441,0,true,true,1.0,-310.414478,0,0.0,0.0,1.0
12,4322,32.7,40209.906796,-86155.133007,43620.825501,-87155.450351,40301.829965,-1157.771967,-1206.126904,921.670216,1.369203,10.307607,-136.678864,1.0,0.0,1.0,1.0,-0.641998,0.296307,0,0,0,0,0,0,0,0,0,0,0,0,0,0,0,12625.298828,23977.576172,40000.0,12992.476562,6517.746582,4574.50293,3772.282959,3364.37085,3163.492676,3334.045654,3699.397949,4499.015137,4410.884766,4514.54834,5042.575195,6188.05127,40000.0,20192.71875,40000.0,10352.253906,40000.0,40000.0,40000.0,12184.12793,2698.169922,50345.408584,-1376.442958,14234.753185,0,true,true,1.0,-310.404478,0,0.0,0.0,1.0
12,4323,32.75,40265.785568,83689.347439,43678.944721,81276.505629,40256.163326,-1151.188976,-1196.605002,958.914558,2.041048,9.813465,-136.793304,1.0,0.0,1.0,1.0,-0.768387,0.432217,0,0,0,0,0,0,0,0,0,0,0,0,0,0,0,12518.600586,24198.291016,40000.0,13097.568359,6611.19043,4608.866211,3816.137207,3386.692627,3197.401367,3367.081787,3733.779541,4537.100098,4485.812988,4589.844727,5123.501465,6282.024902,40000.0,20167.238281,40000.0,10231.708984,40000.0,40000.0,40000.0,12087.629883,2743.83667,50135.34443,-1467.900623,14622.627817,0,true,true,1.0,-310.394478,0,0.0,0.0,1.0
12,4324,32.8,40326.324102,-86215.671541,43741.868806,-87218.374435,40204.411569,-1142.947542,-1188.561422,992.326214,3.517054,8.957027,-136.843018,1.0,0.0,1.0,1.0,-0.676302,0.338151,0,0,0,0,0,0,0,0,0,0,0,0,0,0,0,12378.435547,24161.427734,40000.0,13285.338867,6691.747559,4661.896973,3830.612793,3363.10498,3231.326904,3328.28833,3770.454102,4580.033203,4563.005371,4668.873047,5210.316406,6386.120605,40000.0,20109.695312,40000.0,9992.588867,40000.0,40000.0,40000.0,11955.063477,2795.588379,49817.132564,-1851.492884,15290.919753,0,true,true,1.0,-310.384478,0,0.0,0.0,1.0
12,4325,32.85,40391.171075,83624.500466,43809.521884,81208.852552,40146.746239,-1131.449481,-1183.588985,1019.143028,5.602388,7.955933,-136.834595,1.0,0.0,1.0,1.0,-0.567995,0.361451,0,0,0,0,0,0,0,0,0,0,0,0,0,0,0,12253.669922,24017.060547,40000.0,13498.401367,6840.97998,4713.382324,3816.156006,3400.602295,3267.483398,3365.64624,3731.363525,4630.575684,4645.648438,4754.808105,5306.459961,6504.365723,40000.0,20037.957031,40000.0,9860.978516,40000.0,40000.0,40000.0,11834.099609,2853.253662,49440.098129,-2498.910817,16032.221343,0,true,true,1.0,-310.374478,0,0.0,0.0,1.0
12,4326,32.9,40450.045266,-86274.545732,43871.523575,-87280.376126,40092.497795,-1126.341217,-1192.024425,1049.965077,8.27243,6.878188,-136.804138,1.0,0.0,1.0,1.0,-0.139986,0.069993,0,0,0,0,0,0,0,0,0,0,0,0,0,0,0,12141.520508,23877.207031,40000.0,13534.233398,6887.925293,4757.200195,3852.525146,3433.584473,3299.645996,3399.243896,3769.221924,4677.372559,4720.258301,4832.918945,5394.521973,6691.891602,40000.0,19967.462891,40000.0,9734.602539,40000.0,40000.0,40000.0,11705.219727,2907.502197,49034.916431,-3399.585959,16768.418064,0,true,true,1.0,-310.364478,0,0.0,0.0,1.0
12,4327,32.95,40494.754047,83579.791685,43919.265563,81161.110563,40050.22854,-1116.729035,-1198.41457,1062.260923,10.61398,6.082009,-136.805466,1.0,0.0,1.0,1.0,0.0,0.0,0,0,0,0,0,0,0,0,0,0,0,0,0,0,0,12038.257812,23784.167969,40000.0,13640.151367,6939.996582,4793.486816,3881.871582,3459.714111,3324.734863,3425.058838,3797.820068,4711.918945,4778.445312,4893.258789,5488.69043,6860.112305,40000.0,19924.527344,40000.0,9719.918945,21956.228516,40000.0,40000.0,11624.482422,2949.771484,48723.442628,-4203.646501,17248.51469,0,true,true,1.0,-310.354478,0,0.0,0.0,1.0
12,4328,33.0,40553.711426,-86333.50311,43983.523678,-87344.634241,39993.153028,-1103.882934,-1215.590849,1077.717442,14.165051,5.068429,-136.853302,1.0,0.0,1.0,1.0,0.069993,0.069993,0,0,0,0,0,0,0,0,0,0,0,0,0,0,0,11929.272461,23681.5625,40000.0,13896.108398,7020.375488,4948.29834,3923.298828,3495.716553,3358.575928,3459.137451,3834.632568,4754.804688,4857.48291,4974.123535,5602.517578,7393.590332,40000.0,19884.404297,40000.0,9659.5625,21840.330078,24181.888672,40000.0,11521.820312,3006.846924,48311.34291,-5430.769322,17748.191185,0,true,true,1.0,-310.344478,0,0.0,0.0,1.0
12,4329,33.05,40611.609609,83521.893502,44048.605158,81096.029083,39935.709157,-1089.7849,-1241.4512,1090.619331,17.950768,4.159797,-136.873001,1.0,0.0,1.0,0.0,0.428481,0.557025,0,0,0,0,0,0,0,0,0,0,0,0,0,0,0,11862.491211,23566.439453,40000.0,13989.006836,7094.992188,4998.907227,3963.760498,3531.385498,3421.222656,3493.775391,3872.625244,4800.131836,4943.234375,5057.365723,5694.730469,18602.53125,40000.0,19849.550781,40000.0,9637.397461,21746.722656,24270.996094,24606.816406,11458.37207,3064.290771,47920.928328,-6802.754965,18031.448423,0,true,true,1.0,-310.334478,0,0.0,0.0,1.0
12,4330,33.1,40665.919522,-86387.813023,44111.993608,-87408.022691,39880.617551,-1072.691399,-1271.436576,1096.516614,21.556753,3.36704,-136.728058,1.0,0.0,1.0,0.0,0.566531,0.849796,0,0,0,0,0,0,0,0,0,0,0,0,0,0,0,11779.05957,23445.097656,40000.0,13979.827148,7140.17334,5031.906738,3995.172363,3562.203857,3494.91748,3529.035889,3914.724854,4856.345215,5016.876465,5153.288574,5805.676758,18626.529297,40000.0,19794.478516,40000.0,9638.467773,21529.822266,24422.894531,24205.460938,11370.071289,3119.382568,47561.454902,-8265.406524,18089.93752,0,true,true,1.0,-310.324478,0,0.0,0.0,1.0
12,4331,33.15,40722.875937,83464.937086,44181.597731,81026.42496,39821.695369,-1047.234563,-1304.455777,1089.995462,24.987688,2.652872,-136.402039,1.0,0.0,1.0,0.0,0.444655,0.592874,0,0,0,0,0,0,0,0,0,0,0,0,0,0,0,11703.430664,23027.792969,40000.0,13804.523438,7106.249023,5045.495605,4020.900146,3591.54248,3528.354492,3568.95752,3965.899902,4930.376465,5103.015137,5286.086426,5866.803711,18638.792969,40000.0,19713.9375,40000.0,9696.902344,21346.910156,24996.757812,23779.001953,11279.832031,3178.304688,47211.659618,-9808.895146,17933.463908,0,true,true,1.0,-310.314478,0,0.0,0.0,1.0
12,4332,33.2,40761.828617,-86426.765703,44231.361696,-87457.786657,39780.684215,-1032.653483,-1336.501603,1092.222176,27.445992,2.149951,-136.083252,1.0,0.0,1.0,0.0,0.331448,0.497172,0,0,0,0,0,0,0,0,0,0,0,0,0,0,0,11657.225586,22330.441406,40000.0,13608.654297,7075.643066,5019.014648,4074.213379,3655.728271,3550.914062,3597.614014,4004.578125,4989.331055,5163.972168,5357.366699,5951.312988,19147.214844,40000.0,19645.634766,40000.0,9669.699219,21130.523438,25543.273438,23538.607422,11218.510742,3219.315674,46958.695398,-10978.069059,17706.693321,0,true,true,1.0,-310.304478,0,0.0,0.0,1.0
12,4333,33.25,40825.153987,83401.611716,44316.803896,80940.982761,39712.841411,-999.105527,-1387.333803,1079.124619,31.339989,1.344663,-135.478973,1.0,0.0,1.0,0.0,0.139986,0.209979,0,0,0,0,0,0,0,0,0,0,0,0,0,0,0,11587.499023,22177.400391,40000.0,13211.12207,7019.365723,4973.246582,4132.468262,3709.699707,3587.181152,3649.306885,4071.030029,5093.662598,5267.530762,5491.001953,6109.49707,20428.273438,40000.0,19695.277344,40000.0,9698.857422,20974.976562,26357.496094,23299.423828,11119.765625,3287.158691,46536.234323,-12893.342497,17165.108021,0,true,true,1.0,-310.294478,0,0.0,0.0,1.0
12,4334,33.3,40862.81933,-86464.431047,44370.741434,-87511.724195,39671.811682,-976.896984,-1421.010989,1068.35133,33.556618,0.87966,-135.111633,1.0,0.0,1.0,0.0,0.139986,0.139986,0,0,0,0,0,0,0,0,0,0,0,0,0,0,0,11546.550781,22116.195312,40000.0,13023.242188,6984.572754,4951.779297,4141.662598,3725.291504,3608.440186,3732.166016,4110.896484,5157.04834,5332.05957,5533.538086,6242.877441,21269.927734,40000.0,19813.09375,40000.0,9778.84082,21264.476562,27161.808594,23238.947266,11061.295898,3328.188232,46281.614807,-13989.518386,16765.043432,0,true,true,1.0,-310.284478,0,0.0,0.0,1.0
12,4335,33.35,40913.456799,83350.974248,44447.559665,80864.164531,39615.878906,-943.98874,-1468.952913,1049.157405,36.246895,0.3002,-134.674026,1.0,0.0,1.0,0.0,0.0,0.0,0,0,0,0,0,0,0,0,0,0,0,0,0,0,0,11482.375977,21589.148438,40000.0,12740.376953,6949.199219,4953.478516,4155.54541,3746.518066,3636.408691,3709.811523,4161.854004,5237.452148,5398.242188,5616.779297,6396.225098,28985.150391,36140.617188,19971.470703,32218.779297,9975.84375,20708.783203,40000.0,23057.355469,10982.129883,3384.121094,45949.628682,-15301.81165,16203.806358,0,true,true,1.0,-310.274478,0,0.0,0.0,1.0
12,4336,33.4,40958.960366,-86509.934614,44521.290292,-87585.454822,39564.803932,-913.068224,-1516.051134,1030.123417,38.258713,-0.147852,-134.364288,1.0,0.0,1.0,0.0,0.0,0.0,0,0,0,0,0,0,0,0,0,0,0,0,0,0,0,11423.140625,21379.425781,40000.0,12602.49707,6933.179199,4960.763184,4170.333496,3766.038086,3658.599609,3740.448975,4203.366699,5301.53125,5473.696289,5713.939941,6504.091797,29058.193359,35634.464844,20107.482422,12614.739258,10316.626953,20558.576172,40000.0,22991.726562,10909.493164,3435.196045,45675.299193,-16260.971615,15732.774673,0,true,true,1.0,-310.264478,0,0.0,0.0,1.0
12,4337,33.45,41002.021772,83307.912842,44595.704333,80789.750489,39515.798311,-882.004025,-1561.156734,1008.475436,39.739227,-0.484984,-134.146667,1.0,0.0,1.0,0.0,0.0,0.0,0,0,0,0,0,0,0,0,0,0,0,0,0,0,0,11360.595703,21313.111328,40000.0,12527.022461,6931.185059,4972.394531,4186.088867,3784.620605,3612.009521,3767.001221,4238.283691,5353.919434,5557.348145,5807.457031,6578.17627,29133.697266,35715.839844,20217.234375,12307.357422,10722.432617,20816.53125,40000.0,22864.894531,10838.598633,3484.20166,45447.776778,-16951.402494,15351.03486,0,true,true,1.0,-310.254478,0,0.0,0.0,1.0
12,4338,33.5,41046.143941,-86554.056783,44677.164986,-87666.915475,39464.961296,-849.2581,-1607.658092,984.020944,40.816917,-0.734179,-133.993881,1.0,0.0,1.0,0.0,0.0,0.0,0,0,0,0,0,0,0,0,0,0,0,0,0,0,0,11289.608398,21235.439453,40000.0,12464.697266,7044.273438,4988.176758,4164.152344,3773.897217,3632.886719,3791.505127,4351.483887,5296.438965,5655.546387,5905.078613,6694.531738,29216.751953,35190.898438,20571.210938,12149.197266,10894.043945,20708.388672,40000.0,22750.908203,10763.094727,3535.038818,45251.531034,-17443.037128,15043.726393,0,true,true,1.0,-310.244478,0,0.0,0.0,1.0
12,4339,33.55,41086.683338,83267.373445,44756.970873,80709.944602,39417.638557,-818.924642,-1650.170096,960.273669,41.688801,-0.939466,-133.868744,1.0,0.0,1.0,0.0,0.0,0.069993,0,0,0,0,0,0,0,0,0,0,0,0,0,0,0,11221.021484,21159.177734,40000.0,12435.504883,6962.050781,5002.098145,4138.66748,3747.237549,3650.73999,3812.40625,4378.10791,5334.510254,5753.343262,5998.066406,6804.772949,29298.4375,35259.949219,20881.583984,11804.78125,11183.179688,20611.238281,40000.0,22662.146484,10691.37793,3582.361328,45077.294183,-17838.922192,14777.566699,0,true,true,1.0,-310.234478,0,0.0,0.0,1.0
12,4340,33.6,41126.147823,-86593.521269,44839.62123,-87749.565832,39371.037095,-789.381542,-1691.608395,936.48271,42.517406,-1.134703,-133.723602,1.0,0.0,1.0,0.0,0.069993,0.139986,0,0,0,0,0,0,0,0,0,0,0,0,0,0,0,11153.349609,21068.837891,40000.0,12386.542969,6904.402344,5011.903809,4151.005859,3761.277832,3666.904297,3831.893799,4403.703613,5372.179199,5851.611816,6093.199707,6918.400391,29383.521484,22281.863281,21215.601562,11522.978516,11595.791992,20078.125,40000.0,22617.376953,10619.597656,3628.962891,44903.940499,-18227.639966,14498.289049,0,true,true,1.0,-310.224478,0,0.0,0.0,1.0
12,4341,33.65,41166.705066,83226.816203,44930.115248,80619.450584,39322.631283,-758.180293,-1732.561739,909.540403,43.302452,-1.323701,-133.558289,1.0,0.0,1.0,0.0,0.069993,0.069993,0,0,0,0,0,0,0,0,0,0,0,0,0,0,0,11082.106445,20930.431641,40000.0,12320.881836,6860.931152,5018.669434,4161.410645,3773.976807,3682.106201,3850.78833,4429.161621,5410.640625,5944.600586,6195.808105,7041.52832,29477.265625,22252.642578,21587.472656,11248.592773,11802.604492,20050.130859,40000.0,22473.992188,10543.496094,3677.368652,44724.749757,-18610.436151,14205.582549,0,true,true,1.0,-310.214478,0,0.0,0.0,1.0
12,4342,33.7,41202.345296,-86629.161499,45014.534879,-87833.985462,39279.5671,-731.833571,-1771.05008,888.092941,44.049149,-1.517107,-133.38475,1.0,0.0,1.0,0.0,0.0,0.139986,0,0,0,0,0,0,0,0,0,0,0,0,0,0,0,11019.075195,20607.923828,40000.0,12240.675781,6817.17627,5116.311523,4168.070312,3783.45166,3694.320801,3866.737061,4451.558594,5445.751465,6030.058105,6290.896973,7156.68457,29565.535156,22222.283203,21952.730469,11059.307617,12127.304688,20301.361328,40000.0,22384.0,10474.887695,3720.432861,44550.133282,-18988.684829,13919.878385,0,true,true,1.0,-310.204478,0,0.0,0.0,1.0
12,4343,33.75,41244.238978,83184.922521,45120.451625,80513.533837,39228.541581,-698.952604,-1812.509777,857.9944,44.751511,-1.738116,-133.153809,1.0,0.0,1.0,0.0,0.069993,0.209979,0,0,0,0,0,0,0,0,0,0,0,0,0,0,0,10943.46875,20200.5,40000.0,12124.59668,6796.482422,5113.76416,4172.909668,3792.413574,3707.034912,3884.292969,4394.459961,5487.586426,6135.475098,6408.928711,7354.42041,40000.0,22183.59375,22426.009766,10697.063477,12548.321289,20175.447266,40000.0,22329.177734,10391.59082,3771.458496,44339.598602,-19399.188433,13611.545773,0,true,true,1.0,-310.194478,0,0.0,0.0,1.0
12,4344,33.8,41278.740861,-86663.663382,45213.239907,-87926.773744,39185.922778,-672.651763,-1848.634859,834.995679,45.414272,-1.974515,-132.863388,1.0,0.0,1.0,0.0,0.069993,0.139986,0,0,0,0,0,0,0,0,0,0,0,0,0,0,0,10895.990234,20135.121094,40000.0,11961.569336,6758.857422,5101.832031,4171.666992,3797.017334,3716.527344,3952.625488,4419.006348,5531.04541,6227.271484,6514.703613,7487.519531,40000.0,22126.078125,22925.708984,10374.649414,12974.854492,19626.824219,40000.0,22364.759766,10322.139648,3814.077148,44131.20618,-19839.100144,13292.435246,0,true,true,1.0,-310.184478,0,0.0,0.0,1.0
12,4345,33.85,41311.181036,83152.482346,45305.5893,80421.184444,39145.414527,-646.996289,-1880.998699,811.324321,45.649036,-2.208915,-132.545593,1.0,0.0,1.0,-1.0,0.069993,0.069993,0,0,0,0,0,0,0,0,0,0,0,0,0,0,0,40000.0,20074.859375,40000.0,11828.996094,6713.772949,5085.538574,4167.503906,3799.481201,3775.068359,3987.846436,4443.056641,5575.402344,6317.835938,6620.34375,7613.26416,40000.0,22063.40625,23460.087891,10073.231445,13427.902344,19479.378906,40000.0,10411.358398,10255.447266,3854.585449,43921.107454,-20191.271671,13100.054706,0,true,true,1.0,-310.174478,0,0.0,0.0,1.0
12,4346,33.9,41342.081405,-86694.563751,45398.527269,-88019.711713,39106.417575,-623.292234,-1912.765253,790.554086,45.256039,-2.437196,-132.209442,1.0,0.0,1.0,-1.0,0.069993,0.139986,0,0,0,0,0,0,0,0,0,0,0,0,0,0,0,40000.0,20017.662109,40000.0,11722.166016,6663.529297,5065.994629,4186.850098,3817.541504,3801.391357,4001.088135,4466.453125,5620.113281,6408.219727,6726.715332,7704.631348,40000.0,21998.785156,23899.839844,9911.689453,13907.71875,19355.105469,40000.0,10319.186523,10190.469727,3893.58252,43710.290078,-20406.658873,13115.613828,0,true,true,1.0,-310.164478,0,0.0,0.0,1.0
12,4347,33.95,41373.526129,83121.037621,45498.379721,80321.331992,39066.325101,-598.955437,-1940.229863,767.562053,44.233231,-2.674549,-131.842987,1.0,0.0,1.0,-1.0,0.0,0.139986,0,0,0,0,0,0,0,0,0,0,0,0,0,0,0,40000.0,19958.697266,40000.0,11385.429688,6606.92041,5004.23584,4230.688965,3871.068604,3806.904785,4013.91333,4490.259766,5667.126465,6504.541992,6860.086914,7852.068359,40000.0,21931.357422,24105.580078,9880.570312,23821.480469,19224.367188,40000.0,10233.241211,10122.704102,3933.674805,43485.063598,-20498.95022,13345.001351,0,true,true,1.0,-310.154478,0,0.0,0.0,1.0
12,4348,34.0,41402.145286,-86723.182907,45593.854226,-88115.186218,39029.373322,-579.536136,-1966.617146,751.879077,42.640499,-2.937485,-131.458771,1.0,0.0,1.0,-1.0,-0.069993,0.209979,0,0,0,0,0,0,0,0,0,0,0,0,0,0,0,40000.0,19908.359375,40000.0,11174.235352,6546.196777,4938.193848,4219.74707,3868.654541,3811.279053,4025.930176,4513.732422,5715.0,6596.651855,6999.064453,7997.076172,40000.0,21861.050781,24590.212891,9924.673828,23093.683594,19097.589844,40000.0,10152.380859,10060.52832,3970.626709,43249.596356,-20476.092179,13793.684413,0,true,true,1.0,-310.144478,0,0.0,0.0,1.0
12,4349,34.05,41430.298369,83092.884539,45691.93177,80223.254448,38992.611512,-562.028574,-1987.392494,736.981747,40.500553,-3.226539,-131.054489,1.0,0.0,1.0,-1.0,0.0,0.139986,0,0,0,0,0,0,0,0,0,0,0,0,0,0,0,40000.0,19859.925781,40000.0,10957.8125,6481.935059,4896.353027,4207.285645,3865.179932,3814.957764,4037.652344,4537.532227,5764.746582,6691.216797,7113.482422,8148.107422,40000.0,21897.28125,25286.585938,10022.796875,23147.982422,19347.59375,40000.0,10071.199219,9998.697266,4007.388428,42996.254136,-20330.608003,14449.159028,0,true,true,1.0,-310.134478,0,0.0,0.0,1.0
12,4350,34.1,41458.184916,-86751.069455,45792.747554,-88216.002003,38955.80262,-549.216241,-2009.660975,729.737072,37.822273,-3.515404,-130.643356,1.0,0.0,1.0,-1.0,-0.069993,0.0,0,0,0,0,0,0,0,0,0,0,0,0,0,0,0,40000.0,19811.537109,40000.0,10744.152344,6416.62207,4867.674805,4193.887207,3860.90918,3806.359131,3973.791016,4561.068848,5815.036133,6788.250488,7231.246094,8359.740234,40000.0,22053.068359,26023.609375,10034.263672,23157.972656,19816.330078,40000.0,9994.81543,9936.553711,4044.197266,42736.870438,-20024.262803,15296.516719,0,true,true,1.0,-310.124478,0,0.0,0.0,1.0
12,4351,34.15,41485.585682,83065.483773,45894.638636,80121.363367,38919.275733,-538.706291,-2019.8985,720.19151,34.650326,-3.778732,-130.234528,1.0,0.0,1.0,-1.0,0.0,0.0,0,0,0,0,0,0,0,0,0,0,0,0,0,0,0,40000.0,19763.085938,40000.0,10576.794922,6351.981445,4838.744141,4180.017578,3856.087158,3749.531006,3984.154053,4586.706543,5889.106934,6886.164062,7350.362793,8509.802734,40000.0,22122.392578,40000.0,10092.166992,22563.220703,20662.515625,40000.0,9913.866211,9874.617188,4080.724365,42484.629907,-19528.600741,16300.189643,0,true,true,1.0,-310.114478,0,0.0,0.0,1.0
12,4352,34.2,41512.983013,-86778.466786,45997.251038,-88318.614405,38883.225541,-556.607016,-2028.837281,689.464273,30.998339,-3.994905,-129.848877,0.0,0.0,1.0,-1.0,0.0,-0.069993,0,0,0,0,0,0,0,0,0,0,0,0,0,0,0,40000.0,19711.525391,40000.0,10463.588867,6291.88916,4811.546875,4122.327637,3791.033447,3751.583496,3993.800537,4617.163574,5969.219238,6984.53418,7459.981934,8620.84668,40000.0,22063.357422,40000.0,10205.469727,22736.175781,21661.105469,40000.0,9833.40332,9811.849609,4116.774414,42251.620499,-18801.600089,17433.358522,0,true,true,1.0,-310.104478,0,0.0,0.0,1.0
12,4353,34.25,41537.390183,83041.076603,46079.514216,80039.100189,38857.923586,-623.079939,-2026.496989,592.725018,28.062824,-4.125981,-129.577225,0.0,0.0,1.0,0.0,0.0,-0.139986,0,0,0,0,0,0,0,0,0,0,0,0,0,0,0,40000.0,19663.828125,40000.0,10377.558594,6254.050293,4795.463379,4082.90918,3778.947021,3755.29834,4003.041992,4623.064941,6035.209961,7064.677734,7537.07666,8746.713867,40000.0,22024.029297,40000.0,10334.90918,22085.201172,21378.279297,40000.0,9767.56543,9758.331055,4142.076172,42083.994491,-18126.961747,18315.521876,0,true,true,1.0,-310.094478,0,0.0,0.0,1.0
12,4354,34.3,41572.44137,-86813.517973,46185.034975,-88424.135165,38830.811638,-702.302647,-2026.712489,478.52997,24.323824,-4.257442,-129.252365,0.0,0.0,1.0,0.0,0.0,-0.209979,0,0,0,0,0,0,0,0,0,0,0,0,0,0,0,40000.0,19596.875,40000.0,10271.520508,6394.816406,4781.164551,4079.104492,3781.552002,3763.503662,4018.150146,4649.589844,6115.026855,7169.974121,7642.196777,8910.116211,40000.0,21976.361328,40000.0,10696.536133,22127.966797,22177.623047,40000.0,9680.317383,9685.614258,4169.188477,41883.217928,-17180.167137,19393.561249,0,true,true,1.0,-310.084478,0,0.0,0.0,1.0
12,4355,34.35,41611.486312,83002.03166,46290.828941,79933.306224,38809.342493,-774.597859,-2026.823382,371.831163,20.778221,-4.347171,-128.984726,0.0,0.0,1.0,0.0,0.0,-0.139986,0,0,0,0,0,0,0,0,0,0,0,0,0,0,0,40000.0,19519.617188,40000.0,10172.111328,6298.016113,4775.481445,4081.111572,3788.45459,3775.014404,4035.718018,4677.486328,6166.360352,7277.454102,7767.879395,9116.71875,40000.0,21940.119141,40000.0,10896.712891,22214.265625,22116.398438,40000.0,9590.499023,9607.556641,4190.657715,41703.360047,-16183.951414,20364.982825,0,true,true,1.0,-310.074478,0,0.0,0.0,1.0
12,4356,34.4,41655.403466,-86857.435126,46399.718655,-88533.024878,38792.825308,-842.896669,-2028.210043,270.673168,17.421343,-4.394464,-128.789627,0.0,0.0,1.0,0.0,0.0,-0.209979,0,0,0,0,0,0,0,0,0,0,0,0,0,0,0,40000.0,19427.072266,40000.0,10077.929688,6221.157227,4779.322266,4089.378174,3799.806396,3789.722412,4055.316895,4705.77832,6214.31543,7389.255859,7895.73291,9302.0,40000.0,21919.767578,40000.0,11229.173828,21562.880859,22831.755859,40000.0,9496.091797,9521.514648,4207.174805,41545.004134,-15139.465061,21230.14323,0,true,true,1.0,-310.064478,0,0.0,0.0,1.0
12,4357,34.45,41701.686514,82955.748612,46506.258194,79826.766684,38781.652933,-903.619656,-2028.903417,178.796528,14.242887,-4.409386,-128.651566,0.0,0.0,1.0,0.0,0.069993,-0.139986,0,0,0,0,0,0,0,0,0,0,0,0,0,0,0,40000.0,19327.171875,40000.0,9991.458008,6192.607422,4864.221191,4102.391113,3814.492432,3806.786133,4076.350586,4734.169922,6259.249512,7499.977539,8020.413574,9533.691406,40000.0,21909.828125,40000.0,11419.594727,21555.214844,22811.177734,40000.0,9401.575195,9432.728516,4218.347168,41408.067732,-14067.104352,21993.623189,0,true,true,1.0,-310.054478,0,0.0,0.0,1.0
12,4358,34.5,41738.296999,-86894.045611,46585.983163,-88612.749847,38776.303714,-946.312705,-2030.829384,115.395192,11.968247,-4.403918,-128.573685,0.0,0.0,1.0,0.0,0.0,-0.139986,0,0,0,0,0,0,0,0,0,0,0,0,0,0,0,40000.0,19247.560547,40000.0,9939.84375,6204.125488,4841.046875,4114.875977,3827.576416,3851.48999,4146.555664,4756.189941,6178.435547,7583.712402,8113.755859,9644.917969,40000.0,21906.677734,40000.0,11675.037109,21810.455078,23613.873047,40000.0,9329.433594,9363.699219,4223.696289,41314.752513,-13257.696964,22501.742262,0,true,true,1.0,-310.044478,0,0.0,0.0,1.0
12,4359,34.55,41792.235597,82901.810014,46697.690493,79715.059354,38772.900051,-1000.435962,-2030.613379,31.172006,9.077863,-4.385621,-128.502548,0.0,0.0,1.0,0.0,0.0,-0.139986,0,0,0,0,0,0,0,0,0,0,0,0,0,0,0,40000.0,19129.357422,40000.0,9966.874023,6229.770996,4863.76123,4186.539062,3906.805908,3914.711426,4194.994141,4787.85791,6223.646973,7715.757324,8244.371094,10191.49707,40000.0,21909.320312,40000.0,11844.988281,21677.414062,23468.117188,40000.0,9226.645508,9263.563477,4227.100098,41191.960069,-12181.794763,23102.586988,0,true,true,1.0,-310.034478,0,0.0,0.0,1.0
12,4360,34.6,41846.029303,-86947.839317,46803.726022,-88718.785376,38773.629132,-1049.474859,-2034.440472,-40.443589,6.341495,-4.361904,-128.466705,0.0,0.0,1.0,0.0,-0.069993,-0.139986,0,0,0,0,0,0,0,0,0,0,0,0,0,0,0,40000.0,19011.398438,40000.0,10012.436523,6262.678711,4890.506348,4236.572754,3942.849854,3938.222412,4220.932129,4846.036621,6266.264648,7850.904785,8368.482422,10391.492188,40000.0,21917.34375,13457.451172,12125.478516,21558.011719,23502.894531,40000.0,9127.319336,9165.349609,4226.371094,41080.754166,-11112.553627,23626.77963,0,true,true,1.0,-310.024478,0,0.0,0.0,1.0
12,4361,34.65,41905.144508,82842.694809,46915.259668,79603.525708,38778.341872,-1094.831711,-2033.965797,-111.772685,3.752549,-4.344005,-128.47139,0.0,0.0,1.0,0.0,0.0,-0.139986,0,0,0,0,0,0,0,0,0,0,0,0,0,0,0,40000.0,18880.765625,40000.0,10259.791992,6407.691406,4924.566406,4265.660156,3969.829346,3965.084717,4249.625,4940.871582,6309.19043,7998.348145,8498.467773,21137.488281,40000.0,21934.529297,12999.55957,12287.15625,20977.873047,24176.488281,40000.0,9021.470703,9058.864258,4221.658203,40965.059288,-10052.401667,24085.892008,0,true,true,1.0,-310.014478,0,0.0,0.0,1.0
12,4362,34.7,41950.578859,-86993.273668,46998.069001,-88801.594709,38784.218529,-1125.246123,-2032.081487,-161.467638,2.016356,-4.334011,-128.487778,0.0,0.0,1.0,0.0,0.0,-0.069993,0,0,0,0,0,0,0,0,0,0,0,0,0,0,0,40000.0,18781.283203,40000.0,10206.805664,6357.584961,8369.735352,4289.297852,3991.529785,3939.034424,4217.981934,4966.574219,6341.669922,8105.026367,8595.397461,21207.660156,40000.0,21949.248047,12665.868164,12530.87793,20977.863281,24104.611328,40000.0,8941.782227,8978.168945,4215.78125,40878.504002,-9321.501763,24371.133469,0,true,true,1.0,-310.004478,0,0.0,0.0,1.0
12,4363,34.75,42007.22,82786.053668,47098.210377,79503.384332,38794.09196,-1155.420467,-2022.358836,-220.387642,0.358373,-4.324591,-128.518082,0.0,0.0,1.0,0.0,0.0,-0.139986,0,0,0,0,0,0,0,0,0,0,0,0,0,0,0,40000.0,18658.667969,40000.0,10234.202148,6394.898926,4973.20459,4243.457031,3948.277832,3942.713867,4224.656738,4999.022461,6382.106934,8216.727539,8713.275391,21303.921875,40000.0,21968.140625,12264.133789,12635.606445,21262.248047,24080.533203,22488.074219,8844.121094,8878.874023,4205.908203,40772.969378,-8607.93534,24625.552666,0,true,true,1.0,-309.994478,0,0.0,0.0,1.0
12,4364,34.8,42069.495929,-87055.549597,47205.166373,-88908.550705,38807.169146,-1199.759584,-2038.10171,-269.121738,-1.531639,-4.272715,-128.611389,0.0,0.0,1.0,0.0,0.0,-0.069993,0,0,0,0,0,0,0,0,0,0,0,0,0,0,0,40000.0,18518.648438,40000.0,10357.131836,6459.739746,5018.544922,4279.825684,3980.277344,3972.963623,4255.117188,5031.477539,6418.898438,8338.765625,8835.991211,21413.724609,40000.0,22001.443359,11882.297852,12899.379883,21169.486328,24138.271484,22280.53125,8738.835938,8769.412109,4192.831055,40685.898864,-7740.779546,24862.711157,0,true,true,1.0,-309.984478,0,0.0,0.0,1.0
12,4365,34.85,42135.105497,82720.444101,47314.671231,79393.879474,38823.372268,-1233.808278,-2038.454214,-320.052823,-3.089381,-4.188155,-128.747177,0.0,0.0,1.0,0.0,0.0,-0.069993,0,0,0,0,0,0,0,0,0,0,0,0,0,0,0,40000.0,18369.035156,40000.0,10585.337891,6716.205566,5138.867676,4320.178223,4015.102783,4005.224121,4286.809082,4975.682617,6523.120605,8483.81543,8959.878906,21530.763672,40000.0,22043.591797,11514.417969,13013.657227,21085.822266,24812.03125,22177.408203,8629.77832,8654.571289,4176.62793,40614.656783,-6981.787208,25007.840565,0,true,true,1.0,-309.974478,0,0.0,0.0,1.0
12,4366,34.9,42186.870996,-87107.315097,47399.063693,-88992.943167,38837.652004,-1259.435984,-2040.051245,-355.925113,-4.118368,-4.133933,-128.848038,0.0,0.0,1.0,0.0,0.0,-0.069993,0,0,0,0,0,0,0,0,0,0,0,0,0,0,0,40000.0,18253.814453,40000.0,10624.646484,6648.027344,5061.882812,4352.54834,4043.163574,4031.345703,4312.632812,5002.582031,6595.416016,8608.873047,9056.549805,21620.697266,40000.0,22074.394531,11362.000977,13114.398438,21018.833984,24704.558594,21898.919922,8544.729492,8565.305664,4162.348145,40553.486411,-6472.031191,25094.592073,0,true,true,1.0,-309.964478,0,0.0,0.0,1.0
12,4367,34.95,42256.450167,82650.864929,47510.066184,79282.876984,38858.581101,-1288.047035,-2036.795195,-400.963876,-5.394393,-4.07219,-128.995117,0.0,0.0,1.0,0.0,-0.069993,-0.069993,0,0,0,0,0,0,0,0,0,0,0,0,0,0,0,40000.0,18100.185547,40000.0,10792.30957,6679.283691,5087.200195,4397.31543,4081.764893,4067.083252,4347.729004,5038.788086,6633.184082,8776.135742,9183.831055,21741.304688,40000.0,22117.751953,10969.09375,13363.8125,20933.439453,24622.058594,9037.19043,8431.914062,8446.506836,4141.418945,40469.728362,-5822.244509,25193.341866,0,true,true,1.0,-309.954478,0,0.0,0.0,1.0
12,4368,35.0,42324.144044,-87175.008974,47615.631323,-89098.508307,38880.104621,-1312.501016,-2027.348074,-401.72663,-6.54371,-4.024605,-129.143494,1.0,0.0,1.0,0.0,0.0,-0.069993,0,0,0,0,0,0,0,0,0,0,0,0,0,0,0,40000.0,17952.765625,40000.0,10994.055664,6763.734863,5144.148926,4480.143066,4191.088867,4173.497559,4420.987793,5074.463867,6670.124512,8937.264648,9305.425781,21857.572266,40000.0,22160.386719,10895.754883,13450.53418,20358.896484,24565.847656,8916.734375,8323.548828,8332.270508,4119.895508,40385.231358,-5223.645156,25274.944085,0,true,true,1.0,-309.944478,0,0.0,0.0,1.0
12,4369,35.05,42382.07614,82592.932833,47703.595774,79194.912532,38895.191555,-1318.454763,-1984.765255,-312.57827,-7.34834,-3.994556,-129.260727,1.0,0.0,1.0,0.0,0.0,-0.069993,0,0,0,0,0,0,0,0,0,0,0,0,0,0,0,40000.0,17830.011719,40000.0,11106.327148,7031.393066,5193.286621,4513.726562,4224.935547,4204.599121,4488.902344,5106.421387,6591.879395,9071.079102,9408.345703,21953.714844,40000.0,22193.121094,10889.058594,13565.30957,20313.675781,24532.949219,8823.552734,8231.870117,8236.058594,4104.808594,40308.899248,-4795.232242,25324.00855,0,true,true,1.0,-309.934478,0,0.0,0.0,1.0
12,4370,35.1,42457.328844,-87250.261678,47814.516652,-89209.429184,38909.118444,-1330.127372,-1935.810132,-205.134536,-8.297253,-3.954422,-129.423615,1.0,0.0,1.0,0.0,0.069993,-0.069993,0,0,0,0,0,0,0,0,0,0,0,0,0,0,0,40000.0,17672.427734,40000.0,11463.900391,6947.773926,5344.202148,4565.543457,4269.555664,4245.82373,4529.311523,5148.237793,6636.116211,9306.298828,9538.601562,22077.015625,40000.0,22236.480469,10891.041016,13805.848633,20294.023438,24511.314453,8704.714844,8114.556641,8112.609375,4090.881592,40214.444793,-4272.580578,25362.756087,0,true,true,1.0,-309.924478,0,0.0,0.0,1.0
12,4371,35.15,42530.89576,82519.365918,47919.391899,79090.037285,38917.130168,-1340.018029,-1886.679849,-111.160004,-9.088353,-3.881173,-129.630997,1.0,0.0,1.0,0.0,0.0,-0.069993,0,0,0,0,0,0,0,0,0,0,0,0,0,0,0,40000.0,17516.066406,40000.0,11527.146484,7040.02832,5328.845215,4618.945801,4268.763184,4250.625977,4568.133301,5228.190918,6673.42627,9477.938477,9659.34668,22200.695312,40000.0,22289.25,10917.347656,13873.006836,20297.664062,24493.28125,8592.851562,8002.151367,7993.645508,4082.869873,40145.9751,-3790.552723,25347.498657,0,true,true,1.0,-309.914478,0,0.0,0.0,1.0
12,4372,35.2,42587.905871,-87307.271789,47998.301097,-89288.338382,38919.900999,-1347.299323,-1849.036183,-44.88228,-9.607658,-3.830408,-129.784027,1.0,0.0,1.0,0.0,0.0,-0.069993,0,0,0,0,0,0,0,0,0,0,0,0,0,0,0,40000.0,17398.046875,40000.0,11700.956055,7122.772949,5383.32666,7638.229004,4278.78125,4247.950684,4534.57666,5304.940918,6704.341309,9597.118164,9751.608398,22302.003906,40000.0,22326.927734,10935.988281,13949.699219,20332.544922,25336.285156,8506.821289,7916.097656,7896.019043,4080.099121,40091.012536,-3463.727913,25325.934577,0,true,true,1.0,-309.904478,0,0.0,0.0,1.0
12,4373,35.25,42660.338798,82446.932991,48095.737048,78992.601334,38919.490755,-1363.763012,-1812.590373,37.144881,-10.265797,-3.771051,-129.996582,1.0,0.0,1.0,0.0,0.0,-0.069993,0,0,0,0,0,0,0,0,0,0,0,0,0,0,0,40000.0,17249.150391,40000.0,11937.655273,7333.913574,5455.375488,4702.021484,4325.07666,4289.71582,4563.38916,5343.88916,6742.033203,9718.65625,9865.352539,22420.417969,40000.0,22378.564453,11004.254883,14060.842773,20504.355469,25070.236328,8399.984375,7808.521973,7781.040039,4080.509277,40023.354099,-3036.164771,25290.476595,0,true,true,1.0,-309.894478,0,0.0,0.0,1.0
12,4374,35.3,42732.967132,-87379.900123,48190.373133,-89382.974467,38915.106821,-1376.876383,-1772.901867,109.894441,-10.837947,-3.717896,-130.20314,1.0,0.0,1.0,0.0,0.069993,-0.069993,0,0,0,0,0,0,0,0,0,0,0,0,0,0,0,40000.0,17103.585938,40000.0,12178.594727,7345.870605,5697.408203,4758.198242,4372.402344,4332.534668,4604.324219,5384.306641,6781.874512,9868.515625,9977.463867,22535.691406,40000.0,22427.113281,11024.797852,14248.835938,20439.146484,24981.960938,8293.885742,7702.062012,7673.890625,4084.893066,39953.989877,-2650.78977,25245.761876,0,true,true,1.0,-309.884478,0,0.0,0.0,1.0
12,4375,35.35,42787.624806,82392.275317,48259.659124,78923.315343,38909.438403,-1386.68103,-1744.166458,160.332791,-11.189834,-3.669628,-130.36142,1.0,0.0,1.0,0.0,0.069993,-0.069993,0,0,0,0,0,0,0,0,0,0,0,0,0,0,0,40000.0,16995.496094,40000.0,12548.65332,7432.685547,5626.124023,7784.626953,4408.620605,4365.241211,4635.527832,5415.034668,6878.726074,9988.008789,10059.990234,22621.072266,40000.0,22449.759766,11019.014648,14279.016602,20391.455078,24926.085938,8215.00293,7622.86377,7583.177246,4090.561523,39906.904633,-2394.980628,25197.116951,0,true,true,1.0,-309.874478,0,0.0,0.0,1.0
12,4376,35.4,42862.733873,-87455.009191,48352.410678,-89475.726021,38899.086375,-1403.596098,-1721.1188,190.787552,-11.592226,-3.583033,-130.605392,0.0,0.0,1.0,0.0,0.069993,-0.069993,0,0,0,0,0,0,0,0,0,0,0,0,0,0,0,40000.0,16846.640625,40000.0,12869.204102,7777.318848,5666.041016,4813.934082,4459.4375,4410.601074,4678.175293,5369.871094,6849.432129,10154.59375,10169.354492,22740.246094,40000.0,22505.4375,11012.06543,14332.422852,20334.837891,24873.076172,8122.754883,7515.576172,7467.993652,4100.913574,39855.482701,-2063.897833,25103.899009,0,true,true,1.0,-309.864478,0,0.0,0.0,1.0
12,4377,35.45,42937.743123,82317.266068,48444.113101,78831.612919,38891.824861,-1426.040569,-1740.199541,106.694511,-11.918667,-3.469783,-130.884186,0.0,0.0,1.0,0.0,0.0,-0.069993,0,0,0,0,0,0,0,0,0,0,0,0,0,0,0,40000.0,16695.878906,40000.0,40000.0,7706.556152,5750.67334,4855.190918,4546.541992,4498.80957,4719.807129,5408.807129,6882.632812,10407.494141,10274.992188,22864.388672,40000.0,22584.552734,11031.550781,14405.104492,20289.476562,25075.90625,8005.714355,7409.416992,7353.0,4108.175293,39819.255722,-1746.256271,24985.203289,0,true,true,1.0,-309.854478,0,0.0,0.0,1.0
12,4378,35.5,43011.529105,-87528.795173,48533.872389,-89565.485308,38888.726858,-1449.676598,-1760.143019,33.996781,-12.19288,-3.372163,-131.137863,0.0,0.0,1.0,0.0,0.0,-0.069993,0,0,0,0,0,0,0,0,0,0,0,0,0,0,0,40000.0,16550.828125,40000.0,40000.0,7825.147461,9477.464844,4916.692871,4592.503418,4571.390137,4788.647461,5448.554688,6918.285645,10575.614258,10380.003906,22983.935547,40000.0,22643.949219,11050.018555,14482.886719,20238.78125,24800.716797,7902.79541,7304.944336,7240.794922,4111.272949,39774.431893,-1467.736658,24881.142313,0,true,true,1.0,-309.844478,0,0.0,0.0,1.0
12,4379,35.55,43071.537812,82257.257361,48606.527727,78758.957582,38888.926915,-1465.552912,-1771.920801,-21.856278,-12.377799,-3.30899,-131.319107,0.0,0.0,1.0,0.0,0.0,0.0,0,0,0,0,0,0,0,0,0,0,0,0,0,0,0,40000.0,16436.003906,40000.0,40000.0,7928.31543,5970.977051,4966.118652,4633.718262,4608.231934,4871.032715,5482.627441,6950.914551,29615.589844,10466.943359,23077.535156,40000.0,22671.800781,11067.392578,14755.943359,20189.841797,24736.888672,7823.270996,7219.76123,7150.334473,4111.073242,39727.757464,-1273.454484,24811.70174,0,true,true,1.0,-309.834478,0,0.0,0.0,1.0
12,4380,35.6,43150.933952,-87608.191313,48702.181492,-89661.139074,38892.401559,-1485.031146,-1785.31387,-89.552658,-12.585543,-3.240311,-131.530594,0.0,0.0,1.0,0.0,0.0,-0.069993,0,0,0,0,0,0,0,0,0,0,0,0,0,0,0,40000.0,16287.740234,40000.0,40000.0,8124.884766,5984.115723,8112.119629,4688.154297,4657.385254,4917.995117,5529.658203,6998.123047,29710.359375,10590.405273,23197.013672,40000.0,22731.46875,11137.711914,40000.0,20116.177734,24643.519531,7709.067871,7106.794434,7031.526367,4107.598633,39656.111006,-1050.327937,24735.361563,0,true,true,1.0,-309.824478,0,0.0,0.0,1.0
12,4381,35.65,43232.75308,82175.438233,48800.187443,78660.95163,38899.424311,-1507.363974,-1801.665169,-150.668263,-12.74774,-3.188508,-131.701935,0.0,0.0,1.0,0.0,0.0,0.0,0,0,0,0,0,0,0,0,0,0,0,0,0,0,0,40000.0,16140.044922,40000.0,40000.0,8189.686035,6068.630859,5105.334473,4743.892578,4637.933105,4967.978516,5581.302734,7053.40625,29814.294922,10715.459961,23312.419922,40000.0,22811.328125,11168.9375,40000.0,19524.277344,24542.720703,7588.688965,6989.773438,6910.207031,4100.575684,39568.889169,-872.558465,24678.085481,0,true,true,1.0,-309.814478,0,0.0,0.0,1.0
12,4382,35.7,43297.565358,-87673.003591,48877.419848,-89738.371478,38907.224909,-1519.722081,-1808.237958,-197.245019,-12.842144,-3.143789,-131.830124,0.0,0.0,1.0,0.0,0.0,-0.069993,0,0,0,0,0,0,0,0,0,0,0,0,0,0,0,40000.0,16024.199219,40000.0,40000.0,8291.113281,6135.34668,5147.703125,4856.444336,4678.660645,5007.852539,5626.57959,7098.181641,29897.308594,10813.713867,23402.337891,40000.0,22872.900391,11244.214844,40000.0,19438.744141,24474.849609,7492.881348,6897.056641,6814.454102,4092.775146,39500.428089,-752.131859,24632.729928,0,true,true,1.0,-309.804478,0,0.0,0.0,1.0
12,4383,35.75,43396.63878,82076.364811,48994.800691,78543.570787,38922.687874,-1531.302154,-1809.755204,-264.540343,-12.947635,-3.090723,-131.979797,0.0,0.0,1.0,0.0,0.0,-0.069993,0,0,0,0,0,0,0,0,0,0,0,0,0,0,0,40000.0,15851.929688,40000.0,40000.0,8526.299805,6303.610352,5225.07666,4842.241211,4741.4375,4995.977539,5773.848145,7237.938477,30061.443359,10959.862305,23531.560547,40000.0,22971.679688,11326.857422,40000.0,19379.117188,24387.728516,7343.816895,6754.724609,6669.121582,4077.312012,39384.420207,-614.147824,24583.467147,0,true,true,1.0,-309.794478,0,0.0,0.0,1.0
12,4384,35.8,43460.485402,-87736.850213,49070.047971,-89813.618758,38934.382746,-1554.171926,-1829.170574,-296.744814,-13.008507,-3.061023,-132.07016,0.0,0.0,1.0,0.0,0.0,0.0,0,0,0,0,0,0,0,0,0,0,0,0,0,0,0,40000.0,15741.958984,40000.0,40000.0,8531.803711,6297.094238,5274.92627,4885.601562,4782.058105,5036.603516,5817.041504,7328.996582,30190.765625,11053.541992,23613.638672,40000.0,23035.65625,11417.977539,26708.107422,19378.914062,24349.027344,7247.473633,6663.056152,6575.808105,4065.617188,39307.207166,-531.607519,24557.219149,0,true,true,1.0,-309.784478,0,0.0,0.0,1.0
12,4385,35.85,43544.897038,81991.953175,49169.066593,78444.552164,38951.858829,-1570.296304,-1838.426642,-341.221675,-13.068895,-3.03168,-132.15976,0.0,0.0,1.0,0.0,0.0,0.0,0,0,0,0,0,0,0,0,0,0,0,0,0,0,0,40000.0,15599.545898,40000.0,40000.0,8650.327148,6378.350586,5516.911621,4999.844727,4836.093262,5091.334961,5876.263672,7398.174316,30352.091797,11184.592773,23716.617188,40000.0,23123.189453,11600.354492,26565.314453,19613.890625,24338.974609,7118.47168,6541.481445,6453.067871,4048.141113,39197.986114,-449.82863,24535.486719,0,true,true,1.0,-309.774478,0,0.0,0.0,1.0
12,4386,35.9,43605.416925,-87797.3701,49239.749702,-89884.301866,38965.644107,-1584.471157,-1848.35735,-369.374043,-13.102776,-3.015271,-132.210007,0.0,0.0,1.0,0.0,0.0,0.0,0,0,0,0,0,0,0,0,0,0,0,0,0,0,0,40000.0,15498.896484,40000.0,40000.0,8732.626953,6435.503418,5422.780762,4925.112793,4875.011719,5131.075684,5919.737305,7449.844238,30463.105469,11279.28418,23787.740234,40000.0,23187.201172,11674.77832,26451.570312,19521.554688,24401.355469,7025.260254,6454.178223,6365.402344,4034.355957,39116.416526,-403.871795,24526.294877,0,true,true,1.0,-309.764478,0,0.0,0.0,1.0
12,4387,35.95,43686.041762,81911.328338,49333.533183,78350.768683,38985.51886,-1597.149177,-1854.693178,-406.018709,-13.137094,-2.998689,-132.260895,0.0,0.0,1.0,0.0,0.0,0.0,0,0,0,0,0,0,0,0,0,0,0,0,0,0,0,40000.0,15366.464844,40000.0,40000.0,8905.423828,6720.405762,5446.558105,4972.88916,4997.828613,5184.60498,5978.839844,7521.095703,30605.546875,11406.272461,23879.310547,40000.0,23273.851562,11757.068359,26288.462891,19393.349609,24500.230469,6900.796875,6337.729004,6248.997559,4014.481201,39004.066986,-357.091977,24521.439558,0,true,true,1.0,-309.754478,0,0.0,0.0,1.0
12,4388,36.0,43766.881527,-87878.209865,49425.694418,-89976.463102,39002.766667,-1600.17994,-1804.474209,-302.954942,-13.162078,-2.986641,-132.297928,1.0,0.0,1.0,0.0,0.0,0.0,0,0,0,0,0,0,0,0,0,0,0,0,0,0,0,40000.0,15236.392578,40000.0,40000.0,8957.671875,6624.450684,5507.45459,5027.529297,5010.18457,5239.230469,5955.223633,7595.282715,11264.84668,11533.21875,23966.673828,40000.0,23360.388672,11880.65332,26115.037109,18725.949219,24606.326172,6775.114258,6221.585449,6133.339844,3997.233398,38889.580208,-322.623445,24518.944676,0,true,true,1.0,-309.744478,0,0.0,0.0,1.0
12,4389,36.05,43852.941922,81825.267943,49520.941302,78255.521799,39015.67676,-1601.146816,-1752.590373,-202.411014,-13.180036,-2.977994,-132.324539,1.0,0.0,1.0,0.0,0.0,0.0,0,0,0,0,0,0,0,0,0,0,0,0,0,0,0,40000.0,15101.029297,40000.0,40000.0,9074.855469,6663.85498,5572.594238,5086.294434,5067.23291,5327.077148,6021.781738,7677.275391,11381.845703,11667.194336,24054.333984,40000.0,23450.953125,12074.626953,25922.083984,18574.460938,24723.416016,6642.591797,6099.063965,6011.71875,3984.323242,38767.038987,-297.187813,24515.397636,0,true,true,1.0,-309.734478,0,0.0,0.0,1.0
12,4390,36.1,43932.829848,-87958.097791,49606.957797,-90062.479596,39023.024725,-1604.045745,-1710.333814,-115.446567,-13.193137,-2.971693,-132.343964,1.0,0.0,1.0,0.0,0.0,0.0,0,0,0,0,0,0,0,0,0,0,0,0,0,0,0,40000.0,15041.875977,40000.0,40000.0,9325.914062,6737.649902,8735.685547,5167.473633,5120.874512,5428.723633,6084.688477,7649.050781,11493.84375,11790.1875,24132.199219,40000.0,23533.125,12129.054688,25876.912109,18439.724609,24831.365234,6520.502441,5986.373047,5900.02002,3976.975342,38654.034041,-277.985368,24509.290436,0,true,true,1.0,-309.724478,0,0.0,0.0,1.0
12,4391,36.15,44015.401926,81742.695865,49693.588338,78168.891257,39026.300875,-1605.469511,-1668.340048,-32.923112,-13.202662,-2.967115,-132.358078,1.0,0.0,1.0,0.0,0.0,0.0,0,0,0,0,0,0,0,0,0,0,0,0,0,0,0,40000.0,15092.725586,40000.0,40000.0,9280.851562,6814.178711,5757.354492,8030.210938,5176.974121,5487.367676,6150.849121,7731.330078,11613.248047,11916.09082,24200.482422,40000.0,23616.404297,12249.525391,25942.396484,18299.476562,24943.416016,6395.156738,5870.873535,5785.712402,3973.699219,38537.718439,-263.133603,24500.711479,0,true,true,1.0,-309.714478,0,0.0,0.0,1.0
12,4392,36.2,44099.629417,-88042.325283,49779.754706,-90148.645963,39025.469441,-1608.265497,-1630.191113,45.6894,-13.209516,-2.963823,-132.36824,1.0,0.0,1.0,0.0,0.0,0.0,0,0,0,0,0,0,0,0,0,0,0,0,0,0,0,40000.0,15115.683594,40000.0,40000.0,9369.161133,6995.815918,5762.202637,5261.104004,5234.823242,5547.949707,6219.339355,7816.77002,11738.0,12043.231445,24275.865234,40000.0,23699.523438,12427.929688,26007.902344,18155.951172,40000.0,6268.206543,5754.033691,5670.201172,3974.530518,38419.902094,-251.403361,24489.209408,0,true,true,1.0,-309.704478,0,0.0,0.0,1.0
12,4393,36.25,44182.430663,81659.89462,49862.473916,78086.172047,39020.86285,-1608.041854,-1592.746529,115.248689,-13.214488,-2.961436,-132.375595,1.0,0.0,1.0,0.0,0.0,0.0,0,0,0,0,0,0,0,0,0,0,0,0,0,0,0,40000.0,15140.881836,40000.0,40000.0,9475.397461,6970.219727,5826.776855,5316.894531,8049.663574,5608.155762,6287.492188,7901.95166,11862.841797,12166.966797,24495.154297,40000.0,23768.220703,12486.919922,25915.037109,18014.820312,40000.0,6144.296875,5640.07666,5557.615723,3979.137207,38305.12175,-241.836819,24474.949054,0,true,true,1.0,-309.694478,0,0.0,0.0,1.0
12,4394,36.3,44265.672843,-88125.567463,49944.795293,-90230.96734,39015.619109,-1619.770774,-1607.3642,74.77142,-13.218103,-2.9597,-132.380951,0.0,0.0,1.0,0.0,0.0,0.0,0,0,0,0,0,0,0,0,0,0,0,0,0,0,0,40000.0,15071.304688,40000.0,40000.0,9711.124023,7048.324707,5891.855469,5376.129883,5337.428711,5631.387207,6356.421875,7988.22998,11989.651367,12338.396484,24729.658203,40000.0,23962.554688,12603.435547,25058.712891,17872.873047,7152.660156,6020.052246,5525.876953,5444.849121,3984.380859,38189.893804,-233.69359,24460.670809,0,true,true,1.0,-309.684478,0,0.0,0.0,1.0
12,4395,36.35,44331.187381,81594.380082,50010.103302,78020.864038,39014.17511,-1627.10039,-1625.508081,18.27671,-13.220119,-2.958733,-132.383942,0.0,0.0,1.0,0.0,0.0,0.0,0,0,0,0,0,0,0,0,0,0,0,0,0,0,0,40000.0,14999.566406,40000.0,40000.0,9686.129883,7109.483887,5942.859863,5422.585938,5382.927734,5642.531738,6410.590332,8056.106445,31568.775391,12436.40918,24857.166016,40000.0,24107.701172,12753.630859,25050.892578,17760.384766,7023.105957,5921.930176,5435.727051,5355.865234,3985.824951,38098.392968,-228.148239,24452.55166,0,true,true,1.0,-309.674478,0,0.0,0.0,1.0
12,4396,36.4,44417.107823,-88211.487905,50096.375778,-90317.239816,39015.466419,-1637.642476,-1649.147746,-49.248326,-13.222138,-2.957764,-132.386932,0.0,0.0,1.0,0.0,0.0,0.0,0,0,0,0,0,0,0,0,0,0,0,0,0,0,0,40000.0,14904.626953,40000.0,40000.0,9774.537109,7189.373047,9112.767578,5483.32373,5442.435547,5705.039062,6481.493164,8145.008301,31688.246094,12565.469727,24984.240234,40000.0,24299.376953,12840.302734,25356.255859,17782.865234,6870.036133,5792.870117,5317.182129,5238.879395,3984.533691,37977.54998,-221.411517,24445.41041,0,true,true,1.0,-309.664478,0,0.0,0.0,1.0
12,4397,36.45,44501.958582,81509.529323,50182.206766,77935.03305,39019.979671,-1648.898379,-1672.279585,-109.544279,-13.223603,-2.957061,-132.389114,0.0,0.0,1.0,0.0,0.0,0.0,0,0,0,0,0,0,0,0,0,0,0,0,0,0,0,40000.0,14783.382812,40000.0,40000.0,9881.616211,7359.755371,6103.524902,8374.666016,8223.135742,5766.612305,6568.112793,8232.663086,31806.705078,12693.443359,25069.273438,40000.0,24489.820312,12940.180664,24433.396484,17865.326172,6718.389648,5665.043945,5199.794922,5123.058105,3980.020264,37857.39214,-215.160881,24441.866535,0,true,true,1.0,-309.654478,0,0.0,0.0,1.0
12,4398,36.5,44588.070169,-88297.599492,50269.899392,-90404.932442,39027.59017,-1660.110197,-1694.595701,-165.566532,-13.224658,-2.956555,-132.390671,0.0,0.0,1.0,0.0,0.0,0.0,0,0,0,0,0,0,0,0,0,0,0,0,0,0,0,40000.0,14655.742188,40000.0,40000.0,10111.606445,7347.432617,6141.48291,5653.174805,5546.393066,5828.954102,6688.806641,8321.480469,31927.394531,12818.68457,25144.320312,40000.0,24684.314453,13122.258789,24324.429688,17950.453125,6564.054688,5534.979004,5080.371094,5005.244629,3972.409912,37734.709138,-209.100333,24441.516797,0,true,true,1.0,-309.644478,0,0.0,0.0,1.0
12,4399,36.55,44672.737491,81424.862001,50356.641112,77848.29133,39037.732283,-1665.815714,-1710.236329,-218.29703,-13.225425,-2.956187,-132.3918,0.0,0.0,1.0,0.0,0.0,0.0,0,0,0,0,0,0,0,0,0,0,0,0,0,0,0,40000.0,14529.875977,40000.0,40000.0,10095.898438,7425.342773,6206.558105,5662.96875,5555.008789,5890.115234,6775.816895,8408.65625,32046.53125,12918.919922,25218.591797,40000.0,24876.453125,13217.066406,24354.558594,18035.0,6411.940918,5406.802734,4962.693848,4889.164551,3962.267822,37613.468804,-203.245589,24443.964326,0,true,true,1.0,-309.634478,0,0.0,0.0,1.0
12,4400,36.6,44757.166512,-88382.028513,50443.155042,-90491.446372,39048.96928,-1669.607957,-1699.161696,-195.995105,-13.225985,-2.955919,-132.392639,1.0,0.0,1.0,0.0,0.0,0.0,0,0,0,0,0,0,0,0,0,0,0,0,0,0,0,40000.0,14404.375977,40000.0,40000.0,10201.573242,7502.996094,6271.430176,5722.134766,5613.025391,5951.109375,6845.068848,8495.655273,32165.251953,13033.123047,25292.615234,40000.0,25068.232422,13310.613281,24534.042969,18119.427734,6266.891602,5278.963379,4845.334961,4773.40625,3951.030762,37492.428039,-197.43896,24447.60903,0,true,true,1.0,-309.624478,0,0.0,0.0,1.0
12,4401,36.65,44844.772236,81337.256276,50531.028429,77760.417943,39056.307301,-1665.71813,-1656.555597,-105.700217,-13.22535,-2.94123,-132.413498,1.0,0.0,1.0,0.0,0.279972,-0.139986,0,0,0,0,0,0,0,0,0,0,0,0,0,0,0,40000.0,14274.055664,40000.0,40000.0,10317.511719,7795.081543,9444.277344,5784.39502,5673.55127,6014.166992,6915.864258,8583.193359,32292.925781,13163.016602,25371.058594,40000.0,25253.189453,13489.264648,23631.041016,18197.599609,6112.373047,5148.095703,4726.214355,4654.003418,3943.692627,37376.44006,-180.688045,24434.837084,0,true,true,1.0,-309.614478,0,0.0,0.0,1.0
12,4402,36.7,44908.148914,-88445.40519,50593.386013,-90553.803956,39058.767103,-1663.441102,-1628.031973,-44.489732,-13.222276,-2.876504,-132.479752,1.0,0.0,1.0,0.0,0.450864,-0.25048,0,0,0,0,0,0,0,0,0,0,0,0,0,0,0,40000.0,14176.71582,40000.0,40000.0,10531.442383,7716.97168,6476.195312,5830.580566,5717.101074,6082.032715,6963.040527,8637.911133,32400.650391,13251.260742,25435.585938,40000.0,12550.136719,13564.783203,23597.507812,18234.740234,6005.589355,5055.949707,4638.581055,4567.670898,3941.23291,37321.072525,-144.143646,24380.832974,0,true,true,1.0,-309.604478,0,0.0,0.0,1.0
12,4403,36.75,44994.165404,81251.239786,50676.46897,77677.334986,39058.523471,-1659.742957,-1590.650656,33.064415,-13.214543,-2.690578,-132.645538,1.0,0.0,1.0,0.0,0.521907,-0.189784,0,0,0,0,0,0,0,0,0,0,0,0,0,0,0,40000.0,14039.636719,40000.0,40000.0,10687.189453,7752.957031,6469.242676,5968.088379,5775.748047,6151.671387,7020.837891,8699.016602,12989.798828,13362.520508,25535.029297,40000.0,12439.070312,13603.168945,23585.142578,18816.283203,5867.540527,4934.318359,4523.163574,4450.486816,3941.476562,37294.909534,-61.132389,24230.801801,0,true,true,1.0,-309.594478,0,0.0,0.0,1.0
12,4404,36.8,45076.328697,-88527.568483,50754.182999,-90631.517985,39054.700905,-1656.880974,-1557.163351,102.952864,-13.205784,-2.453228,-132.844269,1.0,0.0,1.0,0.0,0.485222,-0.242611,0,0,0,0,0,0,0,0,0,0,0,0,0,0,0,40000.0,14243.453125,14777.029297,40000.0,10873.858398,7854.13916,6544.784668,6019.256836,8607.068359,6199.70459,6989.085938,8778.992188,13026.805664,13463.696289,25636.080078,40000.0,12391.576172,13662.492188,23580.882812,18819.025391,5739.45459,4820.240234,4414.104004,4339.077637,3945.299072,37298.835409,34.797941,24040.472077,0,true,true,1.0,-309.584478,0,0.0,0.0,1.0
12,4405,36.85,45162.08407,81165.484413,50833.7835,77597.734485,39047.099436,-1655.406739,-1525.206725,171.818017,-13.19263,-2.056122,-133.181458,1.0,0.0,1.0,0.0,0.310911,-0.207274,0,0,0,0,0,0,0,0,0,0,0,0,0,0,0,40000.0,14378.612305,14589.285156,40000.0,11084.518555,8199.701172,6631.69873,6026.135254,5912.477051,6250.378418,7033.238281,8886.448242,13007.459961,13556.529297,25765.761719,40000.0,12421.167969,13708.178711,23559.990234,18775.556641,5616.725098,4706.550293,4302.546875,4222.709473,3952.900635,37375.266517,194.919342,23724.61242,0,true,true,1.0,-309.574478,0,0.0,0.0,1.0
12,4406,36.9,45247.360629,-88612.845042,50911.398417,-90709.132902,39036.147422,-1654.308385,-1494.639919,236.641154,-13.177708,-1.610889,-133.649002,1.0,0.0,1.0,0.0,-0.22037,-0.969628,0,0,0,0,0,0,0,0,0,0,0,0,0,0,0,40000.0,14255.40332,14387.663086,40000.0,40000.0,8118.667969,40000.0,6098.419434,5947.446289,6296.859375,7067.423828,8895.728516,12934.060547,13687.851562,25923.722656,40000.0,12466.77832,13727.333008,23550.923828,18688.892578,5506.103516,4599.324219,4194.405273,4107.561035,3963.852539,37480.653854,430.852338,23355.600473,0,true,true,1.0,-309.564478,0,0.0,0.0,1.0
12,4407,36.95,45335.684648,81077.160394,50990.184258,77518.948644,39021.448375,-1648.412374,-1459.095569,296.188814,-13.164321,-1.31133,-134.168808,1.0,0.0,1.0,0.0,0.0,0.0,0,0,0,0,0,0,0,0,0,0,0,0,0,0,0,40000.0,14100.766602,14180.181641,40000.0,40000.0,8274.799805,6832.043945,6176.098633,6008.686523,6345.237305,7101.605957,8901.645508,12849.044922,13766.821289,25989.601562,40000.0,12520.200195,13741.037109,23640.4375,18590.794922,5395.019043,4490.565918,4084.198486,3989.891602,3978.551514,37524.781245,722.026222,23067.895212,0,true,true,1.0,-309.554478,0,0.0,0.0,1.0
12,4408,37.0,45421.068427,-88698.228821,51066.389651,-90785.338295,39008.720537,-1665.656394,-1493.47597,217.840862,-13.156463,-1.09602,-134.542221,0.0,0.0,1.0,0.0,0.0,0.0,0,0,0,0,0,0,0,0,0,0,0,0,0,0,0,40000.0,14457.0,14000.130859,40000.0,40000.0,8622.480469,6926.149414,9101.258789,6068.868164,9169.90332,7144.870605,8827.609375,12677.392578,13840.844727,25869.716797,40000.0,12557.101562,13779.119141,24469.181641,17998.875,5275.584473,4379.847168,3975.748779,3877.095459,3991.279541,37524.444771,932.127,22858.421525,0,true,true,1.0,-309.544478,0,0.0,0.0,1.0
12,4409,37.05,45508.114526,80990.114295,51144.975588,77440.362707,38999.875515,-1679.336237,-1521.939695,142.768282,-13.151707,-0.940704,-134.811508,0.0,0.0,1.0,0.0,0.0,0.0,0,0,0,0,0,0,0,0,0,0,0,0,0,0,0,40000.0,14801.464844,13832.37793,40000.0,40000.0,8544.214844,7015.412109,6339.46875,6193.744629,6439.518066,7212.574219,8874.130859,12698.179688,13912.295898,25915.251953,40000.0,12581.916016,13839.626953,24457.474609,18537.119141,5142.851562,4261.655273,3863.01001,3769.527588,4000.124512,37488.046293,1084.606267,22707.159274,0,true,true,1.0,-309.534478,0,0.0,0.0,1.0
12,4410,37.1,45571.655568,-88761.769862,51202.819296,-90843.182003,38995.76183,-1690.384505,-1542.093454,93.160258,-13.14935,-0.852654,-134.964142,0.0,0.0,1.0,0.0,0.0,0.0,0,0,0,0,0,0,0,0,0,0,0,0,0,0,0,40000.0,14794.354492,13715.925781,40000.0,40000.0,8621.416992,7167.987305,6379.564453,40000.0,6485.911133,7303.640625,8914.844727,12730.576172,13990.44043,25998.275391,40000.0,12594.959961,13947.898438,24414.490234,18495.443359,5041.433594,4173.154785,3773.77417,3674.352051,4004.238281,37447.416952,1171.545803,22622.116544,0,true,true,1.0,-309.524478,0,0.0,0.0,1.0
12,4411,37.15,45665.508995,80896.260867,51288.898177,77354.283826,38993.120963,-1701.459704,-1565.196148,22.80116,-13.147256,-0.76529,-135.115555,0.0,0.0,1.0,0.0,0.0,0.0,0,0,0,0,0,0,0,0,0,0,0,0,0,0,0,40000.0,14691.844727,13553.484375,40000.0,40000.0,8737.362305,7207.793457,6462.874023,6257.291992,6562.517578,7386.678711,8986.391602,12807.124023,14111.960938,26105.486328,40000.0,12625.956055,14039.658203,23349.845703,18482.814453,4884.487793,4026.630127,3638.818115,3540.506592,4006.87915,37364.626998,1259.104624,22538.537717,0,true,true,1.0,-309.514478,0,0.0,0.0,1.0
12,4412,37.2,45753.157049,-88849.417917,51369.864638,-90924.148463,38993.80168,-1716.077023,-1589.025324,-34.186148,-13.145891,-0.702122,-135.225037,0.0,0.0,1.0,0.0,0.0,0.0,0,0,0,0,0,0,0,0,0,0,0,0,0,0,0,40000.0,14564.045898,13405.757812,40000.0,40000.0,9014.727539,7262.837891,6524.60498,6314.023926,9473.788086,7450.725098,9057.873047,12890.474609,14228.232422,26199.335938,40000.0,12663.549805,14076.283203,23385.177734,18494.615234,4726.115723,3893.372803,3516.76416,3420.030518,4006.198242,37277.255095,1323.260408,22480.43339,0,true,true,1.0,-309.504478,0,0.0,0.0,1.0
12,4413,37.25,45841.993001,80807.424916,51451.527758,77272.620705,38994.713469,-1712.89116,-1560.601198,13.942005,-13.144983,-0.656413,-135.304245,1.0,0.0,1.0,0.0,0.0,0.0,0,0,0,0,0,0,0,0,0,0,0,0,0,0,0,40000.0,14701.369141,13260.581055,40000.0,40000.0,8955.93457,7342.635254,6593.943848,6373.866211,6614.660156,7518.123535,9135.399414,12987.363281,14356.731445,26286.929688,40000.0,12612.631836,14174.711914,23427.597656,18396.244141,4564.859375,3759.122314,3394.361816,3299.774658,4005.286621,37179.609434,1370.91457,22438.275738,0,true,true,1.0,-309.494478,0,0.0,0.0,1.0
12,4414,37.3,45933.540604,-88940.965519,51533.699742,-91006.320447,38991.211573,-1708.234562,-1519.832787,96.870155,-13.144376,-0.623798,-135.360779,1.0,0.0,1.0,0.0,0.0,0.0,0,0,0,0,0,0,0,0,0,0,0,0,0,0,0,40000.0,14821.914062,13115.873047,40000.0,40000.0,9055.958008,7414.57666,6820.191406,6433.783691,6673.758789,7590.043457,9219.963867,13097.943359,14514.488281,26451.970703,40000.0,12609.231445,14333.420898,22828.90625,6143.833496,4393.429199,3616.984619,3265.235596,3174.347168,4008.78833,37073.085481,1406.433527,22403.274216,0,true,true,1.0,-309.484478,0,0.0,0.0,1.0
12,4415,37.35,46000.256282,80740.709237,51592.39885,77213.921597,38985.988714,-1702.042618,-1489.278675,151.487327,-13.144048,-0.605383,-135.392685,1.0,0.0,1.0,0.0,0.0,0.0,0,0,0,0,0,0,0,0,0,0,0,0,0,0,0,40000.0,14903.165039,13012.600586,40000.0,40000.0,9139.109375,7542.01416,6726.969238,6482.072754,6720.736816,7638.594727,9283.476562,13182.702148,14609.022461,26591.841797,40000.0,12604.552734,14408.931641,22680.785156,5953.614258,4265.410156,3512.772461,3174.447021,3088.473145,4014.01123,36993.608476,1427.364631,22379.824485,0,true,true,1.0,-309.474478,0,0.0,0.0,1.0
12,4416,37.4,46088.789397,-89029.498634,51668.834454,-91082.756051,38975.796013,-1698.508967,-1454.862458,222.044422,-13.14373,-0.586946,-135.424637,1.0,0.0,1.0,0.0,0.0,0.0,0,0,0,0,0,0,0,0,0,0,0,0,0,0,0,40000.0,15004.369141,12878.080078,40000.0,40000.0,9224.082031,7603.964844,6768.44043,6604.080566,6786.587402,7634.260254,9369.922852,13299.966797,14728.467773,26786.083984,40000.0,12660.043945,14453.9375,22622.892578,5712.333008,4101.270996,3383.904785,3057.474365,2974.26416,4024.204102,36886.180705,1449.651147,22350.701119,0,true,true,1.0,-309.464478,0,0.0,0.0,1.0
12,4417,37.45,46180.254947,80649.243687,51746.151602,77136.604448,38961.610755,-1692.285509,-1419.386744,287.643077,-13.143509,-0.5737,-135.447586,1.0,0.0,1.0,0.0,0.0,0.0,0,0,0,0,0,0,0,0,0,0,0,0,0,0,0,40000.0,15964.795898,12741.692383,40000.0,40000.0,9381.121094,7616.578613,6838.535645,40000.0,6855.398438,7710.168945,9461.47168,13425.916992,14851.444336,26953.5625,40000.0,12675.182617,14557.295898,22672.300781,5477.250488,3941.156982,3251.26709,2937.274902,2857.071289,4038.38916,36773.481465,1467.443616,22321.995172,0,true,true,1.0,-309.454478,0,0.0,0.0,1.0
12,4418,37.5,46268.2039,-89117.447588,51819.032214,-91155.636662,38944.690952,-1689.657618,-1390.209913,348.131807,-13.143353,-0.564179,-135.464081,1.0,0.0,1.0,0.0,0.0,0.0,0,0,0,0,0,0,0,0,0,0,0,0,0,0,0,40000.0,40000.0,12612.479492,40000.0,40000.0,9404.405273,7692.610352,6906.1875,6684.269043,6922.149414,7784.03125,9550.9375,13549.945312,14969.064453,27065.507812,40000.0,12729.999023,14711.092773,22047.251953,5264.200684,3787.689209,3124.297363,2822.650391,2745.085938,4055.309082,36664.562946,1481.745316,22293.855742,0,true,true,1.0,-309.444478,0,0.0,0.0,1.0
12,4419,37.55,46355.587074,80561.860514,51890.113567,77065.523095,38924.922687,-1684.437183,-1360.997387,401.717628,-13.143414,-0.51438,-135.45845,1.0,0.0,1.0,0.0,0.505308,0.168436,0,0,0,0,0,0,0,0,0,0,0,0,0,0,0,40000.0,40000.0,12487.624023,40000.0,40000.0,9494.753906,7766.834961,6973.035645,6743.387207,6989.775391,7859.521484,9654.085938,13682.913086,15067.561523,27146.013672,40000.0,12789.786133,14782.299805,21835.412109,5051.144531,3634.636963,2998.171631,2708.795898,2634.458008,4075.077393,36571.39583,1476.613674,22240.989116,0,true,true,1.0,-309.434478,0,0.0,0.0,1.0
12,4420,37.6,46424.575646,-89186.436159,51945.346709,-91210.869804,38907.378538,-1681.149711,-1339.910584,441.927654,-13.143454,-0.425375,-135.455338,1.0,0.0,1.0,0.0,0.377603,-0.226562,0,0,0,0,0,0,0,0,0,0,0,0,0,0,0,40000.0,40000.0,12389.548828,40000.0,40000.0,9566.570312,7825.759766,7084.508301,6794.759766,7089.593262,7919.246094,9741.158203,13787.754883,15133.185547,27189.732422,40000.0,12856.939453,14833.912109,21873.345703,4883.945312,3514.457031,2899.100342,2619.341553,2547.518799,4092.621582,36517.541772,1466.413656,22166.319099,0,true,true,1.0,-309.424478,0,0.0,0.0,1.0
12,4421,37.65,46513.079715,80473.356444,52015.14876,76995.721044,38882.480777,-1676.146605,-1313.754202,489.590987,-13.143162,-0.217876,-135.508865,1.0,0.0,1.0,0.0,0.666432,-0.095205,0,0,0,0,0,0,0,0,0,0,0,0,0,0,0,40000.0,40000.0,12258.220703,40000.0,40000.0,9871.253906,11097.375977,7187.661133,6860.893555,19242.3125,7991.492676,9852.263672,13898.388672,15244.539062,27258.716797,40000.0,12975.976562,14921.443359,21457.183594,4678.123535,3364.191406,2774.090088,2505.700928,2436.417725,4117.519043,36488.085156,1475.724477,22002.179938,0,true,true,1.0,-309.414478,0,0.0,0.0,1.0
12,4422,37.7,46599.544694,-89272.901139,52082.255433,-91277.976477,38855.709588,-1673.629602,-1291.336359,535.375674,-13.143071,0.144022,-135.634689,1.0,0.0,1.0,0.0,0.671905,-0.223968,0,0,0,0,0,0,0,0,0,0,0,0,0,0,0,40000.0,40000.0,12123.1875,40000.0,40000.0,9871.125,8017.20459,7167.657227,6925.892578,7224.258301,8056.474609,9960.413086,13975.716797,15348.216797,27343.697266,40000.0,13055.563477,15059.292969,21455.119141,4486.969727,3221.848389,2654.335205,2395.952637,2328.370605,4144.290527,36523.747066,1507.526001,21730.40395,0,true,true,1.0,-309.404478,0,0.0,0.0,1.0
12,4423,37.75,46695.566967,80377.334172,52155.555129,76922.421348,38823.340863,-1662.826782,-1261.247908,576.689463,-13.144624,0.675109,-135.866898,1.0,0.0,1.0,0.0,0.743505,-0.165223,0,0,0,0,0,0,0,0,0,0,0,0,0,0,0,40000.0,40000.0,11965.720703,40000.0,40000.0,14696.049805,8094.430176,7251.149902,7010.439453,7240.577637,8121.911621,10035.071289,14023.535156,15456.280273,27462.324219,40000.0,13128.967773,15144.754883,21378.761719,4285.980469,3068.876953,2524.11084,2275.618408,2209.075195,4176.65918,36614.944443,1581.682841,21332.631305,0,true,true,1.0,-309.394478,0,0.0,0.0,1.0
12,4424,37.8,46770.734714,-89348.068886,52212.061087,-91334.482435,38796.123987,-1665.372162,-1246.509874,617.762985,-13.148324,1.200891,-136.103882,1.0,0.0,1.0,0.0,0.445938,-0.049549,0,0,0,0,0,0,0,0,0,0,0,0,0,0,0,23894.087891,40000.0,11839.197266,40000.0,40000.0,10158.313477,8181.380859,7319.630371,38032.507812,7292.774902,8169.605469,10075.683594,14039.447266,15549.171875,27571.716797,40000.0,13153.544922,15230.710938,21467.03125,4134.657227,2951.939941,2423.791992,2182.436768,2116.307373,4203.875977,36726.819573,1658.208158,20942.796505,0,true,true,1.0,-309.384478,0,0.0,0.0,1.0
12,4425,37.85,46858.495772,80289.573115,52277.111894,76857.370541,38762.223864,-1659.217044,-1222.631057,656.294369,-13.157708,1.966521,-136.454056,1.0,0.0,1.0,0.0,0.279972,-0.069993,0,0,0,0,0,0,0,0,0,0,0,0,0,0,0,23605.09375,40000.0,11687.977539,40000.0,40000.0,10321.489258,8296.299805,7404.328613,7142.00293,7353.037109,8262.749023,10112.626953,14100.273438,15686.149414,27673.640625,40000.0,13191.898438,15260.801758,21506.046875,4001.307861,2818.940186,2308.713135,2074.949219,2008.824951,4237.776367,36910.121685,1771.443403,20379.33559,0,true,true,1.0,-309.374478,0,0.0,0.0,1.0
12,4426,37.9,46927.575979,-89417.149093,52327.591724,-91384.962265,38734.023987,-1655.417094,-1204.61673,687.261122,-13.1682,2.552904,-136.726135,1.0,0.0,1.0,0.0,0.069993,0.0,0,0,0,0,0,0,0,0,0,0,0,0,0,0,0,23385.449219,40000.0,11572.083008,40000.0,40000.0,10458.226562,8463.607422,24729.962891,7183.463867,7401.723145,8303.251953,10143.737305,14164.818359,15749.776367,27687.273438,40000.0,13227.712891,15286.235352,21538.109375,3866.743408,2739.262207,2238.991211,2015.415527,1941.967896,4265.976074,37042.749942,1860.89293,19944.260184,0,true,true,1.0,-309.364478,0,0.0,0.0,1.0
12,4427,37.95,47020.054183,80197.094911,52394.172004,76790.79026,38694.196121,-1648.808308,-1179.456454,726.524004,-13.186733,3.261947,-137.097305,1.0,0.0,1.0,0.0,0.209979,-0.069993,0,0,0,0,0,0,0,0,0,0,0,0,0,0,0,23094.583984,40000.0,11419.125977,40000.0,40000.0,16518.357422,8502.025391,7576.800781,7278.795898,7482.521484,8354.577148,10088.103516,14159.487305,15849.405273,27595.951172,40000.0,13286.895508,15319.708008,40000.0,3685.090088,2598.201416,2117.87915,1896.475586,1914.369995,4305.803711,37187.237324,1996.298818,19405.847485,0,true,true,1.0,-309.354478,0,0.0,0.0,1.0
12,4428,38.0,47086.439525,-89483.534436,52441.26579,-91432.05605,38664.145158,-1644.542624,-1161.74705,754.6392,-13.204221,3.797319,-137.385803,1.0,0.0,1.0,0.0,0.349965,0.0,0,0,0,0,0,0,0,0,0,0,0,0,0,0,0,22881.578125,40000.0,11310.125,40000.0,40000.0,40000.0,8593.487305,7634.453613,7316.537109,7634.297363,8394.814453,10116.339844,14016.290039,15882.464844,27680.275391,40000.0,13328.772461,15341.544922,40000.0,3555.590332,2497.507324,2031.427734,1816.212402,1966.899292,4335.85498,37295.881495,2103.503539,18997.571761,0,true,true,1.0,-309.344478,0,0.0,0.0,1.0
12,4429,38.05,47174.390623,80109.143812,52502.741307,76729.314743,38622.496877,-1636.375089,-1136.434191,788.80092,-13.232963,4.574053,-137.785248,1.0,0.0,1.0,0.0,0.495993,0.0,0,0,0,0,0,0,0,0,0,0,0,0,0,0,0,22601.207031,40000.0,11168.503906,40000.0,40000.0,40000.0,8719.917969,7729.592285,7393.751953,7623.804688,8449.085938,10153.668945,14002.280273,15972.177734,27874.878906,40000.0,13385.40625,15370.65918,40000.0,3383.763184,2364.289551,1917.298706,1710.438599,1910.276245,4377.50293,37455.319518,2246.344121,18408.829679,0,true,true,1.0,-309.334478,0,0.0,0.0,1.0
12,4430,38.1,47262.871851,-89572.015664,52563.515518,-91492.830261,38578.507759,-1632.328496,-1113.711591,827.469953,-13.267008,5.43572,-138.180725,1.0,0.0,1.0,0.0,0.35656,0.142624,0,0,0,0,0,0,0,0,0,0,0,0,0,0,0,22334.203125,40000.0,11032.25,40000.0,40000.0,40000.0,8931.998047,7828.774414,10258.957031,7649.880371,8507.456055,10196.133789,13996.898438,16075.584961,28070.410156,40000.0,13446.576172,15405.304688,40000.0,3207.650879,2229.313965,1802.408569,1604.452759,1857.449341,4421.492188,37631.231565,2373.850082,17763.244528,0,true,true,1.0,-309.324478,0,0.0,0.0,1.0
12,4431,38.15,47350.835944,80021.17972,52622.856119,76669.974142,38532.687767,-1621.627905,-1086.443944,858.910457,-13.303397,6.321868,-138.539078,1.0,0.0,1.0,0.0,0.0,0.0,0,0,0,0,0,0,0,0,0,0,0,0,0,0,0,22094.353516,40000.0,10925.560547,40000.0,40000.0,40000.0,8983.224609,10856.113281,7559.823242,7722.202637,8571.046875,10247.463867,14010.367188,16185.274414,28264.542969,40000.0,13513.3125,15469.0625,40000.0,3065.255371,2092.871826,1687.435669,1499.133301,1836.209106,4467.312012,37803.209325,2473.812422,17104.472062,0,true,true,1.0,-309.314478,0,0.0,0.0,1.0
12,4432,38.2,47416.590192,-89637.769912,52666.503393,-91536.477535,38497.072292,-1615.721568,-1067.520747,884.807115,-13.327394,6.848358,-138.749481,1.0,0.0,1.0,0.0,0.0,0.0,0,0,0,0,0,0,0,0,0,0,0,0,0,0,0,21938.587891,40000.0,11093.711914,40000.0,40000.0,40000.0,9076.025391,8039.016113,7619.177734,7777.332031,11630.963867,10294.137695,14064.1875,16268.917969,28390.070312,40000.0,13565.356445,15577.070312,5642.259277,2921.68457,1987.531494,1599.837891,1419.694092,1862.533936,4502.927734,37883.226613,2532.344803,16706.12341,0,true,true,1.0,-309.304478,0,0.0,0.0,1.0
12,4433,38.25,47506.406618,79931.363294,52725.142113,76611.335421,38446.561291,-1606.689643,-1041.525785,918.635905,-13.086774,7.426145,-138.980453,1.0,0.0,1.0,1.0,0.0,0.0,0,0,0,0,0,0,0,0,0,0,0,0,0,0,0,21747.044922,40000.0,11275.499023,12547.47168,40000.0,40000.0,9196.587891,8097.432129,7701.794922,7853.275391,8680.830078,10391.939453,14216.631836,16439.582031,28539.904297,40000.0,13637.408203,15915.863281,4887.625488,2717.269287,1867.633423,1478.681519,1310.493164,1800.340698,4553.438477,37944.485213,2521.217963,16271.771337,0,true,true,1.0,-309.294478,0,0.0,0.0,1.0
12,4434,38.3,47591.486001,-89722.849295,52779.71451,-91591.049931,38396.698079,-1597.61654,-1018.56009,950.535031,-12.181408,7.975092,-139.194672,1.0,0.0,1.0,1.0,0.0,0.0,0,0,0,0,0,0,0,0,0,0,0,0,0,0,0,21571.007812,40000.0,11261.866211,12399.96582,40000.0,40000.0,9510.143555,8189.47168,7781.385254,7926.650879,8751.545898,10509.759766,14290.989258,16549.785156,28683.443359,40000.0,13706.551758,16161.350586,4511.648438,2521.113525,1727.524658,1358.488037,1202.529907,1836.266968,4603.301758,37998.351817,2323.042368,15887.171736,0,true,true,1.0,-309.284478,0,0.0,0.0,1.0
12,4435,38.35,47657.943433,79864.905861,52821.770702,76569.279229,38356.386575,-1586.203804,-1000.329399,971.64175,-11.086664,8.364655,-139.36055,1.0,0.0,1.0,1.0,-0.069993,-0.44124,0,0,0,0,0,0,0,0,0,0,0,0,0,0,0,21434.232422,40000.0,11183.958008,12285.736328,40000.0,40000.0,9448.773438,8261.542969,7843.649902,8044.600586,8818.5625,10583.948242,14338.607422,16635.197266,28794.253906,40000.0,13760.28125,16302.744141,4300.530273,2365.956055,1617.337769,1268.326904,1121.675903,1849.674438,4643.613281,38026.486803,2075.51415,15624.405212,0,true,true,1.0,-309.274478,0,0.0,0.0,1.0
12,4436,38.4,47747.430918,-89812.33678,52877.817366,-91647.096596,38300.120142,-1570.190819,-980.028081,1001.977076,-9.099026,8.827083,-139.668076,1.0,0.0,1.0,1.0,-0.075787,-0.454721,0,0,0,0,0,0,0,0,0,0,0,0,0,0,0,21216.296875,40000.0,11059.916016,12118.087891,40000.0,40000.0,9535.313477,8363.071289,7982.510742,10913.625977,8874.25,10642.395508,14370.0625,16733.386719,28967.300781,40000.0,13880.728516,16198.696289,3922.841064,2160.344971,1470.174072,1147.429443,1013.001953,1972.357544,4699.879883,38044.959179,1679.638941,15311.269902,0,true,true,1.0,-309.264478,0,0.0,0.0,1.0
12,4437,38.45,47810.083465,79802.253314,52916.82031,76530.276286,38259.277374,-1559.683202,-970.097478,1026.466796,-7.230803,9.143592,-139.940704,1.0,0.0,1.0,1.0,-0.139986,-0.279972,0,0,0,0,0,0,0,0,0,0,0,0,0,0,0,21043.673828,40000.0,10969.360352,11992.780273,40000.0,40000.0,9635.381836,11407.799805,10800.722656,8109.267578,9019.175781,10674.418945,14245.773438,16805.853516,29108.082031,40000.0,13921.484375,16211.541016,3653.837158,2017.768921,1367.612183,1062.970581,936.99176,1890.776855,4740.722656,38053.936136,1326.134952,15097.747066,0,true,true,1.0,-309.254478,0,0.0,0.0,1.0
12,4438,38.5,47894.6459,-89896.899214,52969.439962,-91699.716248,38202.161417,-1539.875603,-959.399587,1056.537937,-4.401232,9.532114,-140.319107,1.0,0.0,1.0,0.0,0.0,-0.069993,0,0,0,0,0,0,0,0,0,0,0,0,0,0,0,20808.679688,40000.0,11231.280273,11822.857422,40000.0,40000.0,9772.617188,8538.557617,8069.487793,8177.535645,8903.853516,10715.464844,14244.75,16864.529297,29239.787109,40000.0,13935.932617,16218.556641,3272.812988,1821.227783,1192.517822,948.000122,833.850281,1795.582397,4797.838379,38052.033213,801.295964,14827.93975,0,true,true,1.0,-309.244478,0,0.0,0.0,1.0
12,4439,38.55,47980.39888,79716.500334,53023.152246,76476.564002,38141.736549,-1515.434083,-953.068505,1085.741677,-1.962347,9.865702,-140.640152,1.0,0.0,1.0,0.0,0.0,0.0,0,0,0,0,0,0,0,0,0,0,0,0,0,0,0,20594.572266,40000.0,11362.255859,11660.249023,40000.0,40000.0,9983.071289,8637.711914,8150.580078,8247.508789,8965.078125,10672.277344,14264.857422,16956.695312,29257.394531,40000.0,14017.248047,16283.651367,2842.39209,1611.918213,1045.859741,829.226501,730.929688,1671.859497,4858.263672,38029.916369,369.769562,14577.229654,0,true,true,1.0,-309.234478,0,0.0,0.0,1.0
12,4440,38.6,48046.046701,-89962.547035,53064.738491,-91741.302493,38093.682576,-1495.784371,-951.253271,1108.422447,-0.637164,10.052735,-140.808273,1.0,0.0,1.0,0.0,0.0,0.0,0,0,0,0,0,0,0,0,0,0,0,0,0,0,0,20456.943359,40000.0,11320.507812,11545.884766,40000.0,40000.0,10073.808594,8708.070312,8210.306641,8301.515625,9016.110352,10720.885742,14305.109375,17035.580078,29361.996094,40000.0,14071.108398,40000.0,2476.516846,1369.014893,930.159485,736.467407,648.869629,1408.738525,4906.317383,37993.176507,142.648892,14422.539955,0,true,true,1.0,-309.224478,0,0.0,0.0,1.0
12,4441,38.65,48130.161516,79632.385519,53120.395598,76420.906895,38029.284668,-1417.302607,-991.63531,1115.830474,0.656977,10.239168,-140.968063,1.0,1.0,1.0,0.0,0.0,0.0,0,0,0,0,0,0,0,0,0,0,0,0,0,0,0,20299.091797,40000.0,11207.351562,11404.379883,40000.0,40000.0,11244.864258,8793.458984,8284.415039,8370.290039,9083.470703,10789.321289,14372.952148,17139.175781,29476.830078,40000.0,14136.629883,40000.0,1974.337646,982.067261,777.84845,615.055786,541.884155,1153.597412,4970.715332,37929.583148,-74.150282,14254.108429,0,true,true,1.0,-309.214478,0,0.0,0.0,1.0
12,4442,38.7,48187.413289,-90019.798807,53163.917234,-91784.82413,37982.389545,-1329.253117,-1052.634118,1110.584581,1.428978,10.368148,-141.018326,1.0,1.0,1.0,0.0,0.384782,1.044407,0,0,0,0,0,0,0,0,0,0,0,0,0,0,0,20214.107422,40000.0,11130.548828,11311.853516,40000.0,40000.0,10262.397461,8846.876953,8332.714844,8417.142578,9132.0,10843.124023,14437.230469,17217.355469,29542.90625,40000.0,14192.825195,40000.0,1478.423462,709.412964,671.019104,528.449097,465.856781,998.181335,5000.0,37882.335629,-230.543806,14134.071455,0,true,true,1.0,-309.204478,0,0.0,0.0,1.0
12,4443,38.75,48264.449271,79555.349537,53231.89628,76352.92785,37914.562188,-1203.711147,-1132.523202,1093.802912,2.5037,10.623569,-140.545502,1.0,1.0,1.0,0.0,0.481278,3.669743,0,0,0,0,0,0,0,0,0,0,0,0,0,0,0,20300.533203,40000.0,11064.516602,11261.132812,40000.0,40000.0,10280.650391,8936.551758,8390.420898,8493.902344,9237.339844,11001.525391,14719.308594,17412.644531,29692.712891,40000.0,14269.241211,40000.0,900.63031,398.835632,324.62973,324.62973,324.62973,324.62973,5000.0,37831.377095,-775.914206,13898.077085,0,true,true,1.0,-309.194478,0,0.0,0.0,1.0
12,4444,38.8,48304.357077,-90059.706613,53272.470446,-91825.398296,37876.593592,-1115.957991,-1168.786151,1097.235891,3.101017,10.782326,-139.849335,1.0,1.0,0.0,0.0,0.191412,1.786515,0,0,0,0,0,0,0,0,0,0,0,0,0,0,0,20516.921875,40000.0,11063.313477,11299.205078,40000.0,40000.0,11235.771484,8883.890625,8414.811523,8559.838867,9326.960938,11253.788086,15166.175781,17478.513672,29520.291016,40000.0,14422.333008,40000.0,584.129639,268.092804,181.954758,145.197784,128.055817,308.289429,5000.0,37802.51354,-1338.930728,13735.672244,0,true,true,1.0,-309.184478,0,0.0,0.0,1.0
12,4445,38.85,48357.947099,79501.759514,53336.466769,76288.931527,37817.146281,-904.125266,-1175.715241,1085.140788,4.224178,11.061938,-138.427307,1.0,1.0,0.0,0.0,0.0,0.0,0,0,0,0,0,0,0,0,0,0,0,0,0,0,0,21022.427734,40000.0,10680.503906,11426.029297,40000.0,40000.0,10118.342773,8855.671875,8445.175781,8633.333008,9552.838867,11557.21875,15695.28125,17680.787109,29642.988281,40000.0,14622.427734,40000.0,185.037842,90.322357,65.827827,91.32666,167.727188,40000.0,5000.0,37752.011179,-2458.863343,13421.053546,0,true,true,1.0,-309.174478,0,0.0,0.0,1.0
12,4446,38.9,48400.120115,-90101.87963,53400.203164,-91889.134691,37758.872337,-709.837708,-1184.462891,1077.118774,5.178996,11.239556,-137.2939,1.0,1.0,0.0,0.0,-0.410231,-0.902509,0,0,0,0,0,0,0,0,0,0,0,0,0,0,0,21455.025391,40000.0,10419.514648,11522.192383,40000.0,40000.0,10012.199219,8831.983398,8467.869141,8702.144531,9703.214844,11717.699219,16300.943359,17896.617188,29798.419922,40000.0,88.029434,84.861893,87.682251,97.574661,119.134338,167.583359,316.342468,20822.464844,5000.0,37674.723898,-3364.860671,13162.88067,0,true,true,1.0,-309.164478,0,0.0,0.0,1.0
12,4447,38.95,48426.594347,79475.285283,53451.778145,76237.356546,37712.468723,-560.17749,-1187.401245,1063.783081,5.822924,11.291634,-136.685242,1.0,1.0,0.0,0.0,-0.369752,-1.016817,0,0,0,0,0,0,0,0,0,0,0,0,0,0,0,21692.84375,40000.0,10411.30957,11554.537109,40000.0,40000.0,10014.489258,8818.44043,8479.142578,8738.433594,9769.537109,11855.822266,16563.90625,17969.607422,29740.304688,136.609482,122.603737,118.529213,122.817398,137.122971,168.172028,238.400055,460.742859,20406.925781,5000.0,37599.796031,-3888.094088,13021.429197,0,true,true,1.0,-309.154478,0,0.0,0.0,1.0
12,4448,39.0,48450.732164,-90126.017447,53515.320829,-91952.677375,37656.094704,-390.087891,-1195.358398,1054.421875,6.598341,11.310559,-136.134232,1.0,1.0,0.0,0.0,-0.125443,-0.627216,0,0,0,0,0,0,0,0,0,0,0,0,0,0,0,21915.892578,40000.0,10389.646484,11567.292969,40000.0,40000.0,11923.698242,8801.595703,8484.857422,8766.813477,9830.120117,11977.032227,16847.613281,18130.9375,29806.230469,188.08046,169.297318,164.092438,170.468689,190.895691,235.086502,334.185852,40000.0,20011.777344,5000.0,37507.333423,-4414.194986,12876.232072,0,true,true,1.0,-309.144478,0,0.0,0.0,1.0
12,4449,39.05,48466.061428,79459.956019,53578.642886,76174.034489,37600.906747,-231.570329,-1199.985239,1038.664158,7.30312,11.314765,-135.767838,1.0,1.0,0.0,0.0,0.0,-0.464675,0,0,0,0,0,0,0,0,0,0,0,0,0,0,0,22072.390625,40000.0,10313.185547,11555.592773,40000.0,40000.0,11922.831055,8797.584961,8482.317383,8793.705078,9863.458008,12049.960938,17172.066406,18226.783203,30231.03125,244.046127,220.103165,213.700699,222.387115,249.535553,384.984589,670.100403,40000.0,19718.732422,5000.0,37424.494921,-4817.954822,12746.861354,0,true,true,1.0,-309.134478,0,0.0,0.0,1.0
12,4450,39.1,48472.426464,-90132.382484,53628.892626,-92002.927115,37557.891669,-114.163895,-1205.370869,1028.330323,7.78672,11.323259,-135.609253,1.0,1.0,0.0,0.0,0.0,-0.730667,0,0,0,0,0,0,0,0,0,0,0,0,0,0,0,22146.357422,40000.0,10250.676758,11528.082031,40000.0,40000.0,11878.039062,8769.744141,8481.060547,8778.086914,9870.719727,12072.941406,17239.880859,18259.017578,30429.230469,291.734924,263.33493,255.863632,266.462585,421.503723,561.731934,16308.010742,40000.0,19554.548828,5000.0,37370.386117,-5044.853973,12650.858481,0,true,true,1.0,-309.124478,0,0.0,0.0,1.0
12,4451,39.15,48474.878722,79457.503762,53696.375014,76106.552101,37501.73518,-26.311092,-1242.259935,1007.899271,8.350013,11.353426,-135.667389,1.0,1.0,1.0,0.0,-0.219135,-1.928392,0,0,0,0,0,0,0,0,0,0,0,0,0,0,0,40000.0,40000.0,10182.931641,11448.364258,40000.0,40000.0,9838.578125,8756.244141,8459.603516,8759.808594,9847.209961,12038.983398,17035.113281,18326.283203,30409.128906,29693.041016,15291.728516,40000.0,40000.0,40000.0,40000.0,16364.179688,40000.0,19466.314453,5000.0,37321.580256,-5171.310758,12533.845417,0,true,true,1.0,-309.114478,0,0.0,0.0,1.0
12,4452,39.2,48476.45994,-90133.963701,53770.086824,-92076.638925,37449.857572,-29.5727,-1355.488499,875.56328,8.776292,11.403449,-136.259232,0.0,1.0,1.0,0.0,-0.126536,-1.391897,0,0,0,0,0,0,0,0,0,0,0,0,0,0,0,21869.509766,40000.0,10140.333008,11270.22168,40000.0,40000.0,9877.926758,8762.961914,8442.665039,8718.133789,9695.179688,11892.117188,16702.056641,18282.542969,29972.037109,30247.316406,15266.802734,40000.0,40000.0,40000.0,40000.0,16307.342773,40000.0,19625.253906,5000.0,37303.312611,-4956.552204,12462.098087,0,true,true,1.0,-309.104478,0,0.0,0.0,1.0
12,4453,39.25,48477.837032,79456.126669,53830.137727,76046.501198,37415.258967,-33.790469,-1431.785612,777.18341,9.028021,11.459852,-136.946045,0.0,1.0,1.0,0.0,-0.041412,-1.283772,0,0,0,0,0,0,0,0,0,0,0,0,0,0,0,21575.390625,40000.0,10040.085938,11094.623047,40000.0,40000.0,11039.291992,11728.074219,8504.199219,8731.134766,9615.21875,11835.297852,16482.990234,18317.724609,30251.181641,30890.427734,15268.75,40000.0,40000.0,40000.0,40000.0,16132.9375,40000.0,19864.142578,5000.0,37300.940985,-4640.338735,12429.325174,0,true,true,1.0,-309.094478,0,0.0,0.0,1.0
12,4454,39.3,48479.937607,-90136.064276,53911.010872,-92157.51207,37376.777543,-42.279214,-1530.759556,671.467265,9.295722,11.562848,-138.071045,0.0,1.0,1.0,0.0,0.0,-0.447564,0,0,0,0,0,0,0,0,0,0,0,0,0,0,0,21115.576172,40000.0,9883.266602,10835.533203,40000.0,40000.0,10050.429688,8812.964844,8418.65918,8620.435547,9528.275391,11498.09668,15937.021484,18280.414062,30220.583984,40000.0,15258.575195,40000.0,40000.0,40000.0,40000.0,15957.756836,40000.0,20313.509766,5000.0,37306.288895,-4080.994451,12404.515871,0,true,true,1.0,-309.084478,0,0.0,0.0,1.0
12,4455,39.35,48482.619622,79453.444654,53996.893511,75960.618559,37344.004904,-54.1791,-1614.705328,565.386207,9.516776,11.666653,-139.135666,0.0,1.0,1.0,0.0,0.0,0.0,0,0,0,0,0,0,0,0,0,0,0,0,0,0,0,20707.078125,40000.0,10095.884766,10592.414062,40000.0,40000.0,10155.304688,8847.044922,8408.557617,8567.791992,9385.097656,11282.633789,15323.709961,18234.705078,30187.511719,40000.0,15302.736328,40000.0,40000.0,40000.0,40000.0,15715.633789,40000.0,40000.0,5000.0,37297.039249,-3552.843768,12389.570577,0,true,true,1.0,-309.074478,0,0.0,0.0,1.0
12,4456,39.4,48486.414007,-90139.858661,54061.767675,-92222.386234,37323.061848,-132.835969,-1636.275152,513.316968,9.662749,11.753896,-139.841934,0.0,0.0,1.0,0.0,0.279972,0.0,0,0,0,0,0,0,0,0,0,0,0,0,0,0,0,20448.59375,40000.0,10246.041016,10428.479492,40000.0,40000.0,14208.760742,8936.43457,8403.811523,8539.74707,9315.438477,11241.166016,15022.25,18248.521484,30500.394531,40000.0,15291.458984,40000.0,40000.0,40000.0,40000.0,15624.553711,40000.0,40000.0,5000.0,37283.471289,-3206.403711,12372.484527,0,true,true,1.0,-309.064478,0,0.0,0.0,1.0
12,4457,39.45,48498.373574,79441.485087,54149.407818,75872.978416,37297.418821,-276.470473,-1637.60293,459.214425,9.851272,11.954782,-140.715988,0.0,0.0,1.0,0.0,0.365455,0.156624,0,0,0,0,0,0,0,0,0,0,0,0,0,0,0,20139.705078,40000.0,10184.394531,10222.318359,40000.0,40000.0,14374.560547,8913.478516,8472.299805,8550.330078,9273.793945,10993.97168,14721.244141,18314.082031,30796.511719,40000.0,15319.445312,40000.0,40000.0,40000.0,40000.0,15537.723633,40000.0,40000.0,5000.0,37271.558907,-2771.90386,12297.131371,0,true,true,1.0,-309.054478,0,0.0,0.0,1.0
12,4458,39.5,48517.018449,-90158.503535,54234.40218,-92307.380596,37275.164503,-405.421934,-1630.351843,406.515111,10.037775,12.253016,-141.495255,0.0,0.0,1.0,0.0,0.544932,0.136233,0,0,0,0,0,0,0,0,0,0,0,0,0,0,0,19874.970703,40000.0,10058.600586,10035.685547,40000.0,40000.0,14881.267578,8963.125977,8437.283203,8499.273438,9188.327148,10876.419922,14534.297852,18314.898438,31100.615234,40000.0,15418.505859,40000.0,40000.0,40000.0,40000.0,15376.042969,40000.0,40000.0,5000.0,37271.170009,-2377.191988,12159.100916,0,true,true,1.0,-309.044478,0,0.0,0.0,1.0
12,4459,39.55,48541.869256,79416.634279,54318.433505,75788.947091,37255.408495,-527.78087,-1633.372261,369.14454,10.223725,12.653733,-142.173233,0.0,0.0,1.0,0.0,0.386262,0.193131,0,0,0,0,0,0,0,0,0,0,0,0,0,0,0,19653.949219,40000.0,9942.948242,9866.637695,40000.0,40000.0,15245.30957,9019.399414,8447.655273,8488.040039,9155.759766,10791.362305,14203.362305,18429.574219,31614.869141,40000.0,15438.820312,40000.0,40000.0,40000.0,40000.0,15311.683594,40000.0,40000.0,5000.0,37283.37892,-2026.452137,11952.711975,0,true,true,1.0,-309.034478,0,0.0,0.0,1.0
12,4460,39.6,48572.124817,-90188.759097,54400.887943,-92389.835034,37237.970071,-638.353309,-1627.416211,330.795157,10.411567,13.138725,-142.743362,0.0,0.0,1.0,0.0,0.313828,0.235371,0,0,0,0,0,0,0,0,0,0,0,0,0,0,0,19475.166016,40000.0,10062.947266,9714.9375,40000.0,40000.0,15694.015625,9224.649414,8500.171875,8546.289062,9141.962891,10740.212891,14094.375,18469.708984,40000.0,40000.0,15520.713867,40000.0,40000.0,40000.0,40000.0,15323.90918,40000.0,40000.0,5000.0,37305.772666,-1725.116968,11687.770833,0,true,true,1.0,-309.024478,0,0.0,0.0,1.0
12,4461,39.65,48602.998541,79385.760555,54472.533454,75717.301581,37224.327983,-728.759719,-1621.01401,300.647525,10.554115,13.539945,-143.100861,0.0,0.0,1.0,0.0,0.279972,0.209979,0,0,0,0,0,0,0,0,0,0,0,0,0,0,0,19360.744141,40000.0,10176.821289,9597.083984,40000.0,40000.0,15898.117188,9148.110352,11376.517578,11382.272461,9182.480469,10724.378906,14098.917969,18569.029297,40000.0,40000.0,15602.134766,40000.0,40000.0,40000.0,40000.0,15308.545898,40000.0,40000.0,5000.0,37315.362436,-1538.637492,11460.984913,0,true,true,1.0,-309.014478,0,0.0,0.0,1.0
12,4462,39.7,48643.062096,-90228.822652,54554.5167,-92471.818281,37209.974252,-827.375368,-1616.846238,273.208507,10.745061,14.113131,-143.502029,0.0,0.0,1.0,0.0,0.324235,0.216157,0,0,0,0,0,0,0,0,0,0,0,0,0,0,0,19238.951172,40000.0,10324.963867,9465.783203,40000.0,40000.0,16261.675781,9228.847656,8558.539062,8547.095703,9190.079102,10600.301758,14033.21875,18717.888672,40000.0,40000.0,15750.419922,40000.0,40000.0,40000.0,40000.0,15303.082031,40000.0,40000.0,5000.0,37342.221279,-1318.818893,11131.358705,0,true,true,1.0,-309.004478,0,0.0,0.0,1.0
12,4463,39.75,48686.911137,79341.911515,54634.490596,75637.327684,37197.25664,-915.317657,-1607.806324,247.082859,10.941177,14.754341,-143.80867,0.0,0.0,1.0,0.0,0.464048,0.185619,0,0,0,0,0,0,0,0,0,0,0,0,0,0,0,19150.837891,40000.0,10446.386719,9348.594727,40000.0,40000.0,40000.0,9299.584961,8640.233398,8616.529297,9219.549805,10540.012695,13893.978516,18801.072266,40000.0,40000.0,15869.001953,40000.0,40000.0,40000.0,40000.0,15320.132812,40000.0,40000.0,5000.0,37377.396295,-1141.341879,10752.214921,0,true,true,1.0,-308.994478,0,0.0,0.0,1.0
12,4464,39.8,48738.765504,-90280.677019,54719.635298,-92556.962982,37185.240087,-1004.018489,-1599.247397,224.083554,11.100848,15.350656,-143.938309,0.0,0.0,1.0,0.0,0.557601,0.185867,0,0,0,0,0,0,0,0,0,0,0,0,0,0,0,19105.623047,40000.0,10482.210938,9238.701172,40000.0,40000.0,40000.0,9380.069336,8695.419922,8666.399414,9304.300781,10717.541992,13937.904297,18948.265625,40000.0,40000.0,16001.807617,40000.0,40000.0,40000.0,40000.0,15350.233398,40000.0,40000.0,5000.0,37393.468692,-1062.289418,10386.971765,0,true,true,1.0,-308.984478,0,0.0,0.0,1.0
12,4465,39.85,48793.146628,79287.530391,54801.91319,75555.049792,37174.258394,-1082.086642,-1590.375637,205.802586,11.319768,16.241449,-144.03595,0.0,0.0,1.0,0.0,0.349965,0.0,0,0,0,0,0,0,0,0,0,0,0,0,0,0,0,19096.722656,40000.0,10509.571289,9147.081055,40000.0,40000.0,40000.0,9312.302734,8794.698242,8768.961914,9228.210938,11796.30957,14137.724609,19128.113281,40000.0,40000.0,16128.442383,40000.0,40000.0,40000.0,40000.0,15391.899414,40000.0,40000.0,5000.0,37457.256073,-969.03568,9831.352257,0,true,true,1.0,-308.974478,0,0.0,0.0,1.0
12,4466,39.9,48851.304114,-90338.834505,54883.671987,-92638.721779,37164.068085,-1155.441398,-1583.942524,193.73314,11.534374,17.16046,-144.100235,0.0,0.0,1.0,0.0,0.139986,0.069993,0,0,0,0,0,0,0,0,0,0,0,0,0,0,0,19100.310547,40000.0,10472.099609,9059.316406,40000.0,40000.0,40000.0,9497.083008,8738.27832,8711.088867,9315.393555,12036.865234,14201.135742,19378.458984,40000.0,40000.0,16279.769531,40000.0,40000.0,40000.0,40000.0,15480.852539,40000.0,40000.0,5000.0,37515.210419,-884.16551,9257.057792,0,true,true,1.0,-308.964478,0,0.0,0.0,1.0
12,4467,39.95,48896.79318,79242.041325,54944.124325,75494.597454,37156.869564,-1204.911657,-1577.560685,186.252936,11.690212,17.838779,-144.137344,0.0,0.0,1.0,0.0,0.069993,0.0,0,0,0,0,0,0,0,0,0,0,0,0,0,0,0,19105.800781,40000.0,10445.929688,8994.40332,40000.0,40000.0,40000.0,15675.661133,8780.532227,8743.225586,22807.740234,12339.910156,30644.277344,19529.330078,40000.0,40000.0,16408.396484,40000.0,40000.0,40000.0,40000.0,15549.670898,40000.0,40000.0,5000.0,37550.427369,-823.23182,8834.052531,0,true,true,1.0,-308.954478,0,0.0,0.0,1.0
12,4468,40.0,48960.780992,-90402.822317,55025.000502,-92719.597956,37147.552406,-1266.681176,-1569.223869,179.594182,11.890777,18.718769,-144.176056,0.0,0.0,1.0,0.0,0.069993,0.0,0,0,0,0,0,0,0,0,0,0,0,0,0,0,0,19113.3125,40000.0,10410.307617,8905.885742,40000.0,40000.0,40000.0,15607.619141,26983.574219,40000.0,22985.210938,12538.762695,40000.0,40000.0,40000.0,40000.0,16584.003906,40000.0,40000.0,40000.0,40000.0,15703.280273,40000.0,40000.0,5000.0,37583.822797,-745.568255,8287.310047,0,true,true,1.0,-308.944478,0,0.0,0.0,1.0
12,4469,40.05,49028.954035,79173.868283,55106.823895,75412.774061,37138.331214,-1319.851369,-1555.735602,172.726686,12.084631,19.582695,-144.201462,0.0,0.0,1.0,0.0,0.279972,0.0,0,0,0,0,0,0,0,0,0,0,0,0,0,0,0,19121.851562,40000.0,10353.688477,8814.5625,40000.0,40000.0,40000.0,15621.117188,27131.361328,40000.0,23168.806641,40000.0,40000.0,40000.0,40000.0,40000.0,16824.845703,40000.0,40000.0,40000.0,40000.0,15801.147461,40000.0,40000.0,5000.0,37603.448791,-671.835284,7752.667718,0,true,true,1.0,-308.934478,0,0.0,0.0,1.0
12,4470,40.1,49095.999581,-90469.867864,55183.781451,-92796.555511,37129.641229,-1372.519488,-1551.548815,175.352408,12.27421,20.464634,-144.20874,0.0,0.0,1.0,0.0,0.209979,0.0,0,0,0,0,0,0,0,0,0,0,0,0,0,0,0,19143.486328,40000.0,10296.673828,8732.842773,40000.0,40000.0,40000.0,15572.469727,27273.494141,40000.0,23459.882812,40000.0,40000.0,40000.0,40000.0,40000.0,17011.900391,40000.0,40000.0,40000.0,40000.0,15916.253906,40000.0,40000.0,5000.0,37621.572156,-598.512497,7205.937341,0,true,true,1.0,-308.924478,0,0.0,0.0,1.0
12,4471,40.15,49161.298729,79108.569135,55255.942094,75340.613417,37121.380234,-1419.601127,-1548.92157,181.496452,12.459546,21.34931,-144.202515,0.0,0.0,1.0,0.0,0.069993,0.0,0,0,0,0,0,0,0,0,0,0,0,0,0,0,0,33680.160156,40000.0,10247.796875,8659.888672,40000.0,40000.0,40000.0,15614.514648,27328.537109,40000.0,24826.591797,40000.0,40000.0,40000.0,40000.0,40000.0,30743.927734,40000.0,40000.0,40000.0,40000.0,16026.191406,40000.0,40000.0,5000.0,37636.215304,-525.453569,6657.06232,0,true,true,1.0,-308.914478,0,0.0,0.0,1.0
12,4472,40.2,49234.49964,-90543.068774,55334.070572,-92874.683989,37112.203126,-1455.298548,-1533.651019,181.553326,12.618827,22.111233,-144.192154,0.0,0.0,1.0,0.0,0.0,0.0,0,0,0,0,0,0,0,0,0,0,0,0,0,0,0,33741.152344,40000.0,10255.15625,8568.380859,40000.0,40000.0,40000.0,15603.369141,27354.458984,40000.0,25114.808594,40000.0,40000.0,40000.0,40000.0,40000.0,31060.820312,40000.0,40000.0,40000.0,40000.0,40000.0,40000.0,40000.0,5000.0,37620.186097,-467.06183,6191.081916,0,true,true,1.0,-308.904478,0,0.0,0.0,1.0
12,4473,40.25,49309.313942,79033.754833,55411.354939,75263.32905,37102.78486,-1494.896554,-1527.050336,189.532765,12.736097,22.669662,-144.182831,0.0,0.0,1.0,0.0,0.0,0.0,0,0,0,0,0,0,0,0,0,0,0,0,0,0,0,33757.945312,40000.0,10299.854492,8464.025391,40000.0,40000.0,40000.0,15572.930664,27346.078125,40000.0,25373.763672,40000.0,40000.0,40000.0,40000.0,40000.0,31339.707031,40000.0,40000.0,40000.0,40000.0,40000.0,40000.0,40000.0,5000.0,37577.068574,-429.489636,5858.13953,0,true,true,1.0,-308.894478,0,0.0,0.0,1.0
12,4474,40.3,49400.602845,-90634.357678,55502.727565,-92966.056615,37091.043512,-1536.198001,-1518.047867,199.33342,12.841203,23.1679,-144.173401,0.0,0.0,1.0,0.0,0.0,0.0,0,0,0,0,0,0,0,0,0,0,0,0,0,0,0,33739.078125,40000.0,10350.37207,8327.764648,10481.264648,40000.0,40000.0,15532.6875,27305.896484,40000.0,25657.941406,40000.0,40000.0,40000.0,40000.0,40000.0,31639.378906,40000.0,40000.0,40000.0,40000.0,40000.0,40000.0,40000.0,5000.0,37504.453485,-401.641624,5571.089716,0,true,true,1.0,-308.884478,0,0.0,0.0,1.0
12,4475,40.35,49468.606774,78965.750904,55568.936985,75197.11963,37082.213546,-1555.076266,-1503.300049,200.522377,12.886962,23.384127,-144.168961,0.0,0.0,1.0,0.0,0.0,0.0,0,0,0,0,0,0,0,0,0,0,0,0,0,0,0,33688.738281,40000.0,10382.291992,8217.876953,10343.338867,40000.0,40000.0,15464.503906,27246.910156,40000.0,25840.892578,40000.0,40000.0,40000.0,40000.0,40000.0,31824.855469,40000.0,40000.0,40000.0,40000.0,40000.0,40000.0,40000.0,5000.0,37435.396533,-396.967361,5457.508074,0,true,true,1.0,-308.874478,0,0.0,0.0,1.0
12,4476,40.4,49541.088762,-90706.839665,55638.076236,-93035.195866,37072.468336,-1589.955601,-1504.949369,214.704323,12.93367,23.604397,-144.164246,0.0,0.0,1.0,0.0,0.0,0.0,0,0,0,0,0,0,0,0,0,0,0,0,0,0,0,33633.9375,40000.0,10419.104492,8101.36377,10196.90625,40000.0,40000.0,15406.664062,27184.828125,40000.0,26033.244141,40000.0,40000.0,40000.0,40000.0,40000.0,32019.644531,40000.0,40000.0,40000.0,40000.0,40000.0,40000.0,40000.0,5000.0,37361.136723,-391.940475,5343.23566,0,true,true,1.0,-308.864478,0,0.0,0.0,1.0
12,4477,40.45,49620.966864,78885.872801,55712.60777,75122.588095,37061.718959,-1623.147568,-1504.241362,228.036134,12.96642,23.758575,-144.160812,0.0,0.0,1.0,0.0,0.0,0.0,0,0,0,0,0,0,0,0,0,0,0,0,0,0,0,33552.496094,40000.0,10457.695312,7968.469238,10029.926758,40000.0,40000.0,15334.484375,27100.162109,40000.0,26227.355469,40000.0,40000.0,40000.0,40000.0,40000.0,32210.789062,40000.0,40000.0,40000.0,40000.0,40000.0,40000.0,40000.0,5000.0,37271.757572,-395.19432,5274.475302,0,true,true,1.0,-308.854478,0,0.0,0.0,1.0
12,4478,40.5,49700.637372,-90786.510174,55787.404454,-93109.992549,37046.904502,-1534.426426,-1451.983702,329.654574,12.991507,23.876524,-144.158127,1.0,0.0,1.0,0.0,0.0,0.0,0,0,0,0,0,0,0,0,0,0,0,0,0,0,0,33461.753906,40000.0,10492.762695,7982.86377,9859.605469,40000.0,40000.0,15257.348633,27006.738281,40000.0,26415.085938,40000.0,40000.0,40000.0,40000.0,40000.0,32393.359375,40000.0,40000.0,40000.0,40000.0,40000.0,40000.0,40000.0,5000.0,37177.374365,-402.155703,5225.577915,0,true,true,1.0,-308.844478,0,0.0,0.0,1.0
12,4479,40.55,49780.126363,78806.383811,55863.664559,75046.32799,37025.67858,-1452.79387,-1405.434824,431.298731,13.009658,23.961784,-144.156143,1.0,0.0,1.0,0.0,0.0,0.0,0,0,0,0,0,0,0,0,0,0,0,0,0,0,0,33361.589844,40000.0,10522.204102,8001.042969,9684.856445,40000.0,40000.0,15174.727539,26902.998047,40000.0,26598.441406,40000.0,40000.0,40000.0,40000.0,40000.0,32569.441406,40000.0,40000.0,40000.0,40000.0,40000.0,40000.0,40000.0,5000.0,37076.759673,-412.916074,5192.113675,0,true,true,1.0,-308.834478,0,0.0,0.0,1.0
12,4480,40.6,49865.108246,-90871.492057,55947.115055,-93193.443045,36995.321178,-1372.282323,-1361.086269,539.815825,13.025877,24.037909,-144.154343,1.0,0.0,1.0,0.0,0.0,0.0,0,0,0,0,0,0,0,0,0,0,0,0,0,0,0,33249.066406,40000.0,11177.893555,8017.071777,9494.238281,40000.0,40000.0,15080.80957,26874.566406,40000.0,26793.984375,40000.0,40000.0,40000.0,40000.0,40000.0,32756.277344,40000.0,40000.0,40000.0,40000.0,40000.0,40000.0,40000.0,5000.0,36963.68514,-426.233428,5159.454575,0,true,true,1.0,-308.824478,0,0.0,0.0,1.0
12,4481,40.65,49912.734666,78758.75739,55994.817047,74998.625998,36974.600292,-1331.005721,-1339.561617,602.005329,13.03301,24.071373,-144.153534,1.0,0.0,1.0,0.0,0.0,0.0,0,0,0,0,0,0,0,0,0,0,0,0,0,0,0,33182.882812,40000.0,11189.535156,8024.282227,9385.464844,40000.0,40000.0,15025.640625,26893.929688,40000.0,26902.916016,40000.0,40000.0,40000.0,40000.0,40000.0,32859.78125,40000.0,40000.0,40000.0,40000.0,40000.0,40000.0,40000.0,5000.0,36897.474732,-434.788912,5143.844119,0,true,true,1.0,-308.814478,0,0.0,0.0,1.0
12,4482,40.7,49989.454618,-90948.212008,56073.173634,-93271.799632,36935.239951,-1265.760983,-1305.444802,699.650081,13.041749,24.11235,-144.152557,1.0,0.0,1.0,0.0,0.0,0.0,0,0,0,0,0,0,0,0,0,0,0,0,0,0,0,33071.714844,40000.0,11203.779297,8033.125977,9207.297852,40000.0,40000.0,14932.920898,26921.464844,40000.0,27077.785156,40000.0,40000.0,40000.0,40000.0,40000.0,33024.96875,40000.0,40000.0,40000.0,40000.0,40000.0,40000.0,40000.0,5000.0,36786.405775,-450.108148,5121.760529,0,true,true,1.0,-308.804478,0,0.0,0.0,1.0
12,4483,40.75,50050.776618,78697.43539,56137.227081,74934.572551,36898.174692,-1211.860783,-1275.587717,770.980876,13.046721,24.135654,-144.151993,1.0,0.0,1.0,0.0,0.0,0.0,0,0,0,0,0,0,0,0,0,0,0,0,0,0,0,32971.878906,40000.0,11211.175781,7961.828613,9062.364258,40000.0,40000.0,14855.535156,26940.529297,40000.0,27217.318359,40000.0,40000.0,40000.0,40000.0,40000.0,33156.21875,40000.0,40000.0,40000.0,40000.0,40000.0,40000.0,40000.0,5000.0,36693.730655,-463.485205,5105.248876,0,true,true,1.0,-308.794478,0,0.0,0.0,1.0
12,4484,40.8,50110.285013,-91007.720403,56200.76724,-93335.33979,36857.111003,-1146.374235,-1231.977964,817.302378,13.04944,24.148401,-144.151688,1.0,0.0,1.0,0.0,0.0,0.0,0,0,0,0,0,0,0,0,0,0,0,0,0,0,0,32860.214844,40000.0,11187.169922,7894.306641,8919.253906,40000.0,40000.0,14795.450195,26956.109375,40000.0,27344.521484,40000.0,40000.0,40000.0,40000.0,40000.0,33282.546875,40000.0,40000.0,40000.0,40000.0,40000.0,40000.0,40000.0,5000.0,36600.093906,-477.704633,5091.025244,0,true,true,1.0,-308.784478,0,0.0,0.0,1.0
12,4485,40.85,50163.370078,78644.350326,56258.487243,74876.852548,36816.046309,-1117.014082,-1223.117186,896.705025,13.052131,24.161013,-144.151382,1.0,0.0,1.0,0.0,0.0,0.0,0,0,0,0,0,0,0,0,0,0,0,0,0,0,0,32761.875,40000.0,11187.711914,7804.77002,8790.393555,40000.0,40000.0,14896.130859,26969.572266,40000.0,27402.763672,40000.0,40000.0,40000.0,40000.0,40000.0,33396.867188,40000.0,40000.0,40000.0,40000.0,40000.0,40000.0,40000.0,5000.0,36514.301986,-490.219306,5073.706499,0,true,true,1.0,-308.774478,0,0.0,0.0,1.0
12,4486,40.9,50216.443666,-91060.793992,56317.302101,-93394.154648,36770.644118,-1076.249763,-1201.307016,954.762435,13.054113,24.1703,-144.151154,1.0,0.0,1.0,0.0,0.0,0.0,0,0,0,0,0,0,0,0,0,0,0,0,0,0,0,32695.185547,40000.0,40000.0,7701.191406,8659.947266,40000.0,40000.0,14996.979492,26981.570312,40000.0,27460.222656,40000.0,40000.0,40000.0,40000.0,40000.0,33510.277344,40000.0,40000.0,40000.0,40000.0,40000.0,40000.0,40000.0,5000.0,36425.859693,-503.148157,5054.694614,0,true,true,1.0,-308.764478,0,0.0,0.0,1.0
12,4487,40.95,50276.457299,78584.336693,56385.230521,74808.924127,36713.841827,-1027.198502,-1172.400238,1009.937123,13.05554,24.176985,-144.150986,1.0,0.0,1.0,0.0,0.0,0.0,0,0,0,0,0,0,0,0,0,0,0,0,0,0,0,32618.923828,40000.0,40000.0,7582.439941,8510.417969,40000.0,40000.0,15110.895508,26993.435547,40000.0,27524.363281,40000.0,40000.0,40000.0,40000.0,40000.0,33640.644531,40000.0,40000.0,40000.0,40000.0,40000.0,40000.0,40000.0,5000.0,36322.514413,-518.273836,5030.821968,0,true,true,1.0,-308.754478,0,0.0,0.0,1.0
12,4488,41.0,50320.796658,-91105.133351,56436.365725,-93445.289852,36667.990531,-998.743134,-1159.022029,1060.578817,13.056584,24.181877,-144.150864,1.0,0.0,1.0,0.0,0.0,0.0,0,0,0,0,0,0,0,0,0,0,0,0,0,0,0,32562.681641,40000.0,40000.0,7493.776367,8398.775391,40000.0,40000.0,15195.291016,27001.548828,40000.0,27571.642578,40000.0,40000.0,40000.0,40000.0,40000.0,33738.078125,40000.0,40000.0,40000.0,40000.0,40000.0,40000.0,40000.0,5000.0,36244.056037,-529.45629,5009.824054,0,true,true,1.0,-308.744478,0,0.0,0.0,1.0
12,4489,41.05,50369.942424,78535.190927,56494.069017,74751.220835,36613.210156,-962.987513,-1138.623316,1104.459966,13.057356,24.185493,-144.150772,1.0,0.0,1.0,0.0,0.0,0.0,0,0,0,0,0,0,0,0,0,0,0,0,0,0,0,32462.121094,40000.0,40000.0,7394.528809,8273.607422,40000.0,40000.0,15288.9375,27009.523438,40000.0,27623.597656,40000.0,40000.0,40000.0,40000.0,40000.0,33846.796875,40000.0,40000.0,40000.0,40000.0,40000.0,40000.0,40000.0,5000.0,36154.762372,-542.103271,4984.219158,0,true,true,1.0,-308.734478,0,0.0,0.0,1.0
12,4490,41.1,50417.107356,-91152.298283,56550.470879,-93501.691714,36556.603825,-930.880325,-1120.76772,1146.393148,13.057922,24.18815,-144.150711,1.0,0.0,1.0,0.0,0.0,0.0,0,0,0,0,0,0,0,0,0,0,0,0,0,0,0,32357.169922,40000.0,40000.0,7298.107422,8152.213867,40000.0,40000.0,15449.014648,27016.304688,40000.0,27673.257812,40000.0,40000.0,40000.0,40000.0,40000.0,33952.128906,40000.0,40000.0,40000.0,40000.0,40000.0,40000.0,40000.0,5000.0,36066.794584,-554.365259,4956.626534,0,true,true,1.0,-308.724478,0,0.0,0.0,1.0
12,4491,41.15,50462.688397,78489.609886,56605.963869,74695.727846,36498.049593,-901.507263,-1104.681187,1186.114341,13.058333,24.190075,-144.150665,1.0,0.0,1.0,0.0,0.0,0.0,0,0,0,0,0,0,0,0,0,0,0,0,0,0,0,32260.8125,40000.0,40000.0,7203.930176,8033.650391,40000.0,40000.0,15536.179688,27022.814453,40000.0,27721.025391,40000.0,40000.0,40000.0,40000.0,40000.0,34507.4375,40000.0,40000.0,40000.0,40000.0,40000.0,40000.0,40000.0,5000.0,35979.62004,-566.325687,4926.993464,0,true,true,1.0,-308.714478,0,0.0,0.0,1.0
12,4492,41.2,50505.779514,-91195.3894,56659.324331,-93555.052177,36439.138079,-879.157751,-1095.382208,1232.526875,13.058636,24.191488,-144.150635,1.0,0.0,1.0,0.0,0.0,0.0,0,0,0,0,0,0,0,0,0,0,0,0,0,0,0,32185.433594,40000.0,40000.0,7192.820801,7920.439453,40000.0,40000.0,15618.756836,27026.933594,40000.0,27766.076172,40000.0,40000.0,40000.0,40000.0,40000.0,34563.777344,40000.0,40000.0,40000.0,40000.0,40000.0,40000.0,40000.0,5000.0,35895.233569,-577.704183,4896.121205,0,true,true,1.0,-308.704478,0,0.0,0.0,1.0
12,4493,41.25,50550.265477,78445.123922,56715.35085,74639.701326,36374.648369,-846.920084,-1073.483877,1252.760736,13.058858,24.192532,-144.150604,1.0,0.0,1.0,0.0,0.0,0.0,0,0,0,0,0,0,0,0,0,0,0,0,0,0,0,32106.771484,40000.0,40000.0,7198.083984,7802.391602,40000.0,40000.0,15664.819336,27031.175781,40000.0,27812.443359,40000.0,40000.0,40000.0,40000.0,40000.0,34622.789062,40000.0,40000.0,40000.0,40000.0,40000.0,40000.0,40000.0,5000.0,35806.072806,-589.532762,4861.293355,0,true,true,1.0,-308.694478,0,0.0,0.0,1.0
12,4494,41.3,50591.527417,-91236.651339,56768.715622,-93608.416948,36311.300728,-809.396889,-1084.59643,1275.020352,13.059019,24.193285,-144.150589,1.0,1.0,1.0,0.0,0.0,0.0,0,0,0,0,0,0,0,0,0,0,0,0,0,0,0,32032.658203,40000.0,40000.0,7186.515625,7691.181152,40000.0,40000.0,15744.375977,27034.1875,40000.0,27855.289062,40000.0,40000.0,40000.0,40000.0,40000.0,34679.03125,40000.0,40000.0,40000.0,40000.0,40000.0,40000.0,40000.0,5000.0,35721.159914,-600.980599,4826.057546,0,true,true,1.0,-308.684478,0,0.0,0.0,1.0
12,4495,41.35,50628.968344,78407.682995,56824.380349,74584.036599,36249.067424,-727.515539,-1151.066378,1249.316034,13.059137,24.19384,-144.150574,1.0,1.0,1.0,0.0,0.0,0.0,0,0,0,0,0,0,0,0,0,0,0,0,0,0,0,31959.689453,40000.0,40000.0,7166.269043,7581.446777,40000.0,40000.0,15818.311523,27032.152344,40000.0,27893.730469,40000.0,40000.0,40000.0,40000.0,40000.0,34737.96875,40000.0,40000.0,40000.0,40000.0,40000.0,40000.0,40000.0,5000.0,35638.28285,-616.513809,4790.308109,0,true,true,1.0,-308.674478,0,0.0,0.0,1.0
12,4496,41.4,50663.127692,-91270.810687,56884.352919,-93668.389518,36186.907946,-652.680371,-1218.559568,1233.483762,13.059185,24.194061,-144.150574,1.0,1.0,1.0,0.0,0.0,0.0,0,0,0,0,0,0,0,0,0,0,0,0,0,0,0,31885.830078,40000.0,40000.0,7135.422852,7470.131348,40000.0,40000.0,15887.966797,27062.472656,40000.0,27928.253906,40000.0,40000.0,40000.0,40000.0,40000.0,34801.691406,40000.0,40000.0,40000.0,40000.0,40000.0,40000.0,40000.0,5000.0,35555.532332,-637.360265,4753.552744,0,true,true,1.0,-308.664478,0,0.0,0.0,1.0
12,4497,41.45,50692.146761,78378.663926,56944.157806,74524.231712,36128.887531,-585.453764,-1276.726066,1216.469654,13.059185,24.194061,-144.150574,1.0,1.0,1.0,0.0,0.0,0.0,0,0,0,0,0,0,0,0,0,0,0,0,0,0,0,31816.083984,40000.0,40000.0,7097.29248,7364.775391,40000.0,40000.0,15949.272461,27486.044922,40000.0,27957.042969,40000.0,40000.0,40000.0,40000.0,40000.0,34865.546875,40000.0,40000.0,40000.0,40000.0,40000.0,40000.0,40000.0,5000.0,35478.349688,-661.48933,4718.257884,0,true,true,1.0,-308.654478,0,0.0,0.0,1.0
12,4498,41.5,50718.849076,-91297.513002,57008.467905,-93732.699617,36070.000435,-518.352893,-1325.954585,1189.440171,13.059185,24.194061,-144.150574,1.0,1.0,1.0,0.0,0.0,0.0,0,0,0,0,0,0,0,0,0,0,0,0,0,0,0,31744.619141,40000.0,40000.0,7049.72168,7256.536621,40000.0,40000.0,16007.939453,27861.164062,40000.0,27983.009766,40000.0,40000.0,40000.0,40000.0,40000.0,34934.441406,40000.0,40000.0,40000.0,40000.0,40000.0,40000.0,40000.0,5000.0,35400.118023,-690.389228,4681.364863,0,true,true,1.0,-308.644478,0,0.0,0.0,1.0
12,4499,41.55,50742.64797,78354.865032,57075.848215,74456.851402,36011.614186,-456.356642,-1372.947747,1166.196955,13.059185,24.194061,-144.150574,1.0,1.0,1.0,0.0,0.0,0.0,0,0,0,0,0,0,0,0,0,0,0,0,0,0,0,31673.021484,40000.0,40000.0,6993.766602,7147.820312,40000.0,40000.0,16062.672852,31792.207031,29519.166016,28005.552734,40000.0,40000.0,40000.0,40000.0,40000.0,35006.871094,40000.0,40000.0,40000.0,40000.0,40000.0,40000.0,40000.0,5000.0,35322.598145,-723.421591,4643.748653,0,true,true,1.0,-308.634478,0,0.0,0.0,1.0
12,4500,41.6,50763.059696,-91317.924728,57143.669741,-93800.521143,35955.591904,-402.334154,-1420.901527,1153.813186,13.050968,24.109728,-144.170639,1.0,1.0,1.0,0.0,-1.193014,0.279972,0,0,0,0,0,0,0,0,0,0,0,0,0,0,0,31584.671875,40000.0,40000.0,6931.38623,7034.933594,40000.0,40000.0,16146.994141,31819.730469,29466.615234,28004.320312,40000.0,40000.0,40000.0,40000.0,40000.0,35056.253906,40000.0,40000.0,40000.0,40000.0,40000.0,40000.0,40000.0,5000.0,35241.321747,-759.731919,4659.792411,0,true,true,1.0,-308.624478,0,0.0,0.0,1.0
12,4501,41.65,50781.605725,78336.319003,57214.658999,74385.862144,35900.609585,-378.430036,-1482.390609,1091.57032,13.04794,23.680153,-144.178253,0.0,1.0,1.0,0.0,-1.659001,0.780706,0,0,0,0,0,0,0,0,0,0,0,0,0,0,0,31410.576172,40000.0,40000.0,6841.549805,6903.824707,40000.0,40000.0,16142.783203,31756.269531,29335.078125,27927.355469,40000.0,40000.0,40000.0,40000.0,40000.0,35016.164062,40000.0,40000.0,40000.0,40000.0,40000.0,40000.0,40000.0,5000.0,35131.06919,-854.466243,4880.564875,0,true,true,1.0,-308.614478,0,0.0,0.0,1.0
12,4502,41.7,50800.52341,-91336.842413,57290.506511,-93876.368654,35849.852867,-383.824678,-1559.262797,984.080712,13.079899,22.881083,-144.098312,0.0,1.0,1.0,0.0,-1.330012,0.686458,0,0,0,0,0,0,0,0,0,0,0,0,0,0,0,31190.779297,40000.0,40000.0,6712.72998,6760.837402,40000.0,40000.0,16069.998047,31577.550781,29144.964844,27782.789062,40000.0,40000.0,40000.0,40000.0,40000.0,34890.183594,40000.0,40000.0,40000.0,40000.0,40000.0,40000.0,40000.0,5000.0,34984.14454,-1052.664791,5312.887927,0,true,true,1.0,-308.604478,0,0.0,0.0,1.0
12,4503,41.75,50819.746725,78317.095689,57370.205621,74306.163033,35804.085321,-389.510076,-1633.734309,885.38287,13.139012,21.814384,-143.944977,0.0,1.0,1.0,0.0,-0.692853,0.251946,0,0,0,0,0,0,0,0,0,0,0,0,0,0,0,30815.154297,40000.0,40000.0,6557.445312,6612.755371,40000.0,40000.0,15950.078125,31322.746094,28924.435547,27598.990234,40000.0,40000.0,40000.0,40000.0,40000.0,34713.53125,40000.0,40000.0,40000.0,40000.0,40000.0,40000.0,40000.0,5000.0,34802.661719,-1331.80647,5895.798251,0,true,true,1.0,-308.594478,0,0.0,0.0,1.0
12,4504,41.8,50842.298446,-91359.394134,57466.828871,-93972.991904,35757.539267,-392.388392,-1700.863601,762.585832,13.207641,20.631664,-143.758224,0.0,1.0,1.0,0.0,-0.349965,0.279972,0,0,0,0,0,0,0,0,0,0,0,0,0,0,0,30024.005859,40000.0,40000.0,6379.853027,6444.076172,40000.0,40000.0,15817.176758,31054.845703,28695.253906,27411.933594,40000.0,40000.0,40000.0,40000.0,40000.0,34544.265625,40000.0,40000.0,40000.0,40000.0,40000.0,40000.0,40000.0,5000.0,34583.589619,-1657.103179,6538.585916,0,true,true,1.0,-308.584478,0,0.0,0.0,1.0
12,4505,41.85,50863.735001,78295.659134,57561.398128,74211.593776,35719.259052,-397.619251,-1771.831606,667.530359,13.270148,19.561689,-143.578949,0.0,1.0,1.0,0.0,0.0,0.0,0,0,0,0,0,0,0,0,0,0,0,0,0,0,0,17063.417969,40000.0,40000.0,6215.59082,6287.035645,40000.0,40000.0,15656.591797,30826.914062,28500.431641,27256.998047,40000.0,40000.0,40000.0,40000.0,40000.0,34414.25,40000.0,40000.0,40000.0,40000.0,40000.0,40000.0,40000.0,5000.0,34369.153361,-1962.614559,7117.076845,0,true,true,1.0,-308.574478,0,0.0,0.0,1.0
12,4506,41.9,50884.126129,-91379.785263,57648.587142,-94060.180918,35688.715687,-457.421996,-1799.999009,615.39797,13.315825,18.750877,-143.44133,0.0,0.0,1.0,0.0,0.0,0.0,0,0,0,0,0,0,0,0,0,0,0,0,0,0,0,17002.017578,40000.0,9074.189453,6080.459473,6147.583984,40000.0,40000.0,15586.264648,30671.294922,28354.988281,27151.207031,40000.0,40000.0,40000.0,40000.0,40000.0,34341.324219,40000.0,40000.0,40000.0,14238.337891,40000.0,40000.0,40000.0,5000.0,34186.09713,-2204.84179,7551.645889,0,true,true,1.0,-308.564478,0,0.0,0.0,1.0
12,4507,41.95,50913.350883,78266.43438,57745.961295,74114.219623,35656.631115,-577.170668,-1764.928273,566.372405,13.3485,18.148193,-143.338989,0.0,0.0,1.0,0.0,0.0,0.0,0,0,0,0,0,0,0,0,0,0,0,0,0,0,0,16944.107422,40000.0,8880.03125,5960.243164,5991.154297,40000.0,40000.0,15568.874023,30584.744141,28242.671875,27090.044922,40000.0,40000.0,40000.0,40000.0,40000.0,34368.414062,40000.0,40000.0,40000.0,14260.394531,40000.0,40000.0,15319.978516,5000.0,34013.313417,-2401.839936,7868.822439,0,true,true,1.0,-308.554478,0,0.0,0.0,1.0
12,4508,42.0,50942.552434,-91408.986814,57826.335368,-94140.554991,35631.336365,-674.672252,-1754.069481,540.536736,13.371616,17.706182,-143.264404,0.0,0.0,1.0,0.0,0.0,0.0,0,0,0,0,0,0,0,0,0,0,0,0,0,0,0,16893.296875,40000.0,8720.915039,5872.752441,5858.009766,40000.0,40000.0,15571.204102,30535.330078,28164.033203,27055.183594,40000.0,40000.0,40000.0,40000.0,40000.0,34436.308594,40000.0,40000.0,40000.0,14279.138672,40000.0,40000.0,15058.588867,5000.0,33872.507436,-2548.51742,8100.991388,0,true,true,1.0,-308.544478,0,0.0,0.0,1.0
12,4509,42.05,50979.957786,78229.029028,57914.666243,74025.888748,35605.057971,-773.015674,-1734.657543,505.200316,13.388197,17.37743,-143.209671,0.0,0.0,1.0,0.0,-0.069993,0.0,0,0,0,0,0,0,0,0,0,0,0,0,0,0,0,16838.232422,40000.0,8579.801758,5793.994629,5708.214355,40000.0,40000.0,15603.946289,30525.318359,28102.171875,27045.490234,40000.0,40000.0,40000.0,40000.0,40000.0,34532.804688,40000.0,40000.0,40000.0,14305.702148,40000.0,40000.0,14799.639648,5000.0,33735.858583,-2670.405687,8271.279456,0,true,true,1.0,-308.534478,0,0.0,0.0,1.0
12,4510,42.1,51022.298016,-91451.327044,58002.449624,-94228.338373,35580.386615,-864.618224,-1717.178528,471.514707,13.40041,17.049051,-143.168701,0.0,0.0,1.0,0.0,-0.139986,-0.069993,0,0,0,0,0,0,0,0,0,0,0,0,0,0,0,16773.029297,40000.0,8458.404297,5725.289062,5552.661621,40000.0,40000.0,15682.785156,30526.953125,28043.181641,27040.957031,40000.0,40000.0,40000.0,40000.0,40000.0,34626.410156,40000.0,40000.0,40000.0,14326.875,40000.0,40000.0,14549.452148,5000.0,33595.226632,-2781.649718,8445.217569,0,true,true,1.0,-308.524478,0,0.0,0.0,1.0
12,4511,42.15,51058.065271,78193.261773,58069.630741,73958.707632,35562.513935,-935.45943,-1713.257426,453.495575,13.406651,16.817924,-143.14743,0.0,0.0,1.0,0.0,0.0,0.0,0,0,0,0,0,0,0,0,0,0,0,0,0,0,0,16717.875,40000.0,8379.03418,5679.694824,5429.692383,40000.0,40000.0,15692.249023,30539.652344,28002.414062,27043.728516,40000.0,40000.0,40000.0,40000.0,40000.0,34699.714844,40000.0,40000.0,40000.0,14341.141602,40000.0,40000.0,14364.818359,5000.0,33487.808681,-2856.733765,8569.472615,0,true,true,1.0,-308.514478,0,0.0,0.0,1.0
12,4512,42.2,51108.551012,-91501.812785,58157.193466,-94315.901097,35540.036347,-989.786679,-1684.667904,445.728471,13.413296,16.580069,-143.124435,1.0,0.0,1.0,0.0,0.0,0.069993,0,0,0,0,0,0,0,0,0,0,0,0,0,0,0,16645.236328,40000.0,8289.795898,5628.385742,5266.901855,40000.0,40000.0,40000.0,30573.287109,27961.800781,27069.355469,40000.0,40000.0,40000.0,40000.0,40000.0,34807.914062,40000.0,40000.0,40000.0,14360.029297,40000.0,40000.0,14131.428711,5000.0,33354.377741,-2941.298183,8697.258024,0,true,true,1.0,-308.504478,0,0.0,0.0,1.0
12,4513,42.25,51161.297271,78140.515514,58246.488032,73869.413066,35513.11539,-971.509518,-1639.473073,531.847477,13.431071,16.426973,-143.061874,1.0,0.0,1.0,0.0,0.44152,0.147173,0,0,0,0,0,0,0,0,0,0,0,0,0,0,0,16588.056641,40000.0,8190.325195,5529.64502,5106.306152,7718.946777,40000.0,40000.0,16121.498047,27944.923828,27181.605469,40000.0,40000.0,40000.0,40000.0,40000.0,34956.460938,40000.0,40000.0,40000.0,14390.881836,40000.0,40000.0,13882.929688,5000.0,33229.407326,-3034.809641,8767.838654,0,true,true,1.0,-308.494478,0,0.0,0.0,1.0
12,4514,42.3,51208.484707,-91549.000221,58325.746541,-94395.159606,35484.787961,-958.750995,-1605.939869,607.934902,13.454806,16.34095,-142.977783,1.0,0.0,1.0,0.0,0.0,0.0,0,0,0,0,0,0,0,0,0,0,0,0,0,0,0,16548.878906,40000.0,8094.291504,5443.866211,4967.451172,7519.032227,40000.0,40000.0,16010.883789,27944.910156,27261.957031,40000.0,40000.0,40000.0,40000.0,40000.0,35113.144531,40000.0,40000.0,40000.0,14426.280273,40000.0,40000.0,13680.09668,5000.0,33124.269839,-3125.08297,8794.292603,0,true,true,1.0,-308.484478,0,0.0,0.0,1.0
12,4515,42.35,51257.428633,78091.571588,58407.34591,73787.813696,35451.308899,-940.428763,-1563.555079,672.423748,13.472008,16.27825,-142.916565,1.0,0.0,1.0,0.0,0.0,0.0,0,0,0,0,0,0,0,0,0,0,0,0,0,0,0,16503.322266,40000.0,8008.054688,5356.852539,4821.865234,7305.998535,40000.0,40000.0,15918.875977,27942.626953,27359.646484,40000.0,40000.0,40000.0,40000.0,40000.0,35266.191406,40000.0,40000.0,40000.0,14460.229492,40000.0,40000.0,13636.544922,5000.0,33018.9656,-3199.436275,8806.142607,0,true,true,1.0,-308.474478,0,0.0,0.0,1.0
12,4516,42.4,51301.318022,-91592.889611,58480.022591,-94467.836288,35417.838845,-929.460446,-1535.420396,734.162077,13.484732,16.23168,-142.871124,1.0,0.0,1.0,0.0,0.0,0.0,0,0,0,0,0,0,0,0,0,0,0,0,0,0,0,16460.619141,40000.0,7936.265625,5272.582031,4691.181152,7113.023926,40000.0,40000.0,15773.794922,27939.894531,27452.025391,40000.0,40000.0,40000.0,40000.0,40000.0,35399.761719,40000.0,40000.0,40000.0,14489.898438,40000.0,40000.0,13596.743164,5000.0,32925.499495,-3258.367349,8809.230936,0,true,true,1.0,-308.464478,0,0.0,0.0,1.0
12,4517,42.45,51349.062238,78043.827372,58556.179268,73711.65702,35381.652347,-986.383155,-1526.077217,704.650564,13.494069,16.197393,-142.837692,0.0,0.0,1.0,0.0,0.0,0.0,0,0,0,0,0,0,0,0,0,0,0,0,0,0,0,16410.710938,40000.0,7852.695312,5161.69873,4575.705078,6904.225098,40000.0,40000.0,15597.162109,27937.207031,27558.628906,30980.703125,40000.0,40000.0,40000.0,40000.0,35536.175781,40000.0,40000.0,40000.0,14519.06543,40000.0,40000.0,13552.308594,5000.0,32828.47289,-3309.23449,8805.66111,0,true,true,1.0,-308.454478,0,0.0,0.0,1.0
12,4518,42.5,51400.092898,-91643.920271,58631.5589,-94543.21592,35348.384517,-1061.581391,-1527.947354,656.512621,13.500872,16.172361,-142.813293,0.0,0.0,1.0,0.0,0.0,0.0,0,0,0,0,0,0,0,0,0,0,0,0,0,0,0,16354.296875,40000.0,7795.212891,5048.346191,4554.970703,6688.92627,40000.0,40000.0,15472.286133,27937.173828,27672.529297,30980.482422,40000.0,40000.0,40000.0,40000.0,35671.058594,40000.0,40000.0,40000.0,14544.668945,40000.0,40000.0,13503.381836,5000.0,32731.843882,-3352.184553,8801.934908,0,true,true,1.0,-308.444478,0,0.0,0.0,1.0
12,4519,42.55,51451.026536,77992.893734,58702.16866,73641.04726,35319.311719,-1126.426607,-1528.68779,613.490102,13.505932,16.153709,-142.795105,0.0,0.0,1.0,0.0,0.0,0.0,0,0,0,0,0,0,0,0,0,0,0,0,0,0,0,16296.09668,40000.0,7755.72168,4939.276367,4549.894043,6480.766602,40000.0,40000.0,15399.385742,27949.689453,27784.787109,30981.654297,40000.0,40000.0,40000.0,40000.0,35798.257812,40000.0,40000.0,40000.0,14566.041016,40000.0,40000.0,13453.618164,5000.0,32640.368356,-3387.995998,8799.397421,0,true,true,1.0,-308.434478,0,0.0,0.0,1.0
12,4520,42.6,51522.659729,-91715.553464,58795.437454,-94636.484714,35283.919525,-1202.403467,-1525.654308,556.922886,13.510473,16.136948,-142.778778,0.0,0.0,1.0,0.0,0.0,0.0,0,0,0,0,0,0,0,0,0,0,0,0,0,0,0,28646.798828,40000.0,40000.0,4791.15918,4534.020508,6196.662598,40000.0,40000.0,15249.208984,28050.380859,27941.416016,30984.039062,40000.0,40000.0,40000.0,40000.0,35966.890625,40000.0,40000.0,40000.0,14590.588867,40000.0,40000.0,13382.272461,5000.0,32518.466189,-3428.421665,8796.970539,0,true,true,1.0,-308.424478,0,0.0,0.0,1.0
12,4521,42.65,51581.948874,77933.604589,58868.505094,73567.97962,35258.346274,-1260.920416,-1528.307665,520.879721,13.51305,16.127424,-142.769501,0.0,0.0,1.0,0.0,0.0,0.0,0,0,0,0,0,0,0,0,0,0,0,0,0,0,0,28567.826172,40000.0,40000.0,4672.412109,4525.079102,5967.933105,40000.0,40000.0,15125.651367,28124.472656,28069.123047,30988.181641,40000.0,40000.0,40000.0,40000.0,36100.207031,40000.0,40000.0,40000.0,14607.222656,40000.0,40000.0,13322.44043,5000.0,32421.791328,-3456.483346,8796.635389,0,true,true,1.0,-308.414478,0,0.0,0.0,1.0
12,4522,42.7,51646.280823,-91779.885412,58944.605542,-94712.585162,35233.307153,-1295.055,-1522.288318,510.031193,13.514939,16.120441,-142.762711,1.0,0.0,1.0,0.0,0.0,0.0,0,0,0,0,0,0,0,0,0,0,0,0,0,0,0,28910.535156,40000.0,40000.0,4570.628418,4518.59668,5724.680176,40000.0,40000.0,14996.671875,28205.185547,28206.101562,30994.501953,40000.0,40000.0,40000.0,40000.0,36240.042969,40000.0,40000.0,40000.0,14622.430664,40000.0,40000.0,13256.917969,5000.0,32320.106796,-3482.748951,8797.422338,0,true,true,1.0,-308.404478,0,0.0,0.0,1.0
12,4523,42.75,51712.06437,77867.821042,59022.502774,73490.082388,35204.433664,-1251.699474,-1488.735308,583.736993,13.516318,16.115339,-142.757736,1.0,0.0,1.0,0.0,0.0,0.0,0,0,0,0,0,0,0,0,0,0,0,0,0,0,0,28790.191406,40000.0,40000.0,4576.215332,4497.663574,5475.396973,40000.0,40000.0,14863.889648,28288.349609,28347.365234,30999.048828,40000.0,40000.0,40000.0,40000.0,36382.453125,40000.0,40000.0,40000.0,14637.964844,40000.0,40000.0,13189.810547,5000.0,32215.54605,-3507.597781,8794.287926,0,true,true,1.0,-308.394478,0,0.0,0.0,1.0
12,4524,42.8,51770.528653,-91838.349695,59092.531266,-94782.613654,35174.658583,-1211.347176,-1456.031204,641.885313,13.517077,16.112532,-142.755005,1.0,0.0,1.0,0.0,0.0,0.0,0,0,0,0,0,0,0,0,0,0,0,0,0,0,0,28694.150391,40000.0,40000.0,4567.651855,4426.981934,5252.057617,40000.0,40000.0,14691.641602,28362.871094,28474.810547,31000.537109,40000.0,40000.0,40000.0,40000.0,36509.320312,40000.0,40000.0,40000.0,14652.376953,40000.0,40000.0,13130.178711,5000.0,32121.330495,-3528.283894,8786.900522,0,true,true,1.0,-308.384478,0,0.0,0.0,1.0
12,4525,42.85,51830.702353,77807.647341,59165.348944,73417.26471,35139.882377,-1184.860117,-1439.621773,715.57815,13.517819,16.109783,-142.752335,1.0,0.0,1.0,0.0,0.0,0.0,0,0,0,0,0,0,0,0,0,0,0,0,0,0,0,28594.783203,40000.0,40000.0,4557.945312,4315.284668,5020.785645,40000.0,40000.0,14566.395508,28439.773438,28606.808594,31000.873047,40000.0,40000.0,40000.0,40000.0,36625.59375,40000.0,40000.0,40000.0,14667.834961,40000.0,40000.0,13068.892578,5000.0,32022.80773,-3549.148051,8775.354368,0,true,true,1.0,-308.374478,0,0.0,0.0,1.0
12,4526,42.9,51886.033824,-91893.681165,59232.993342,-94850.258052,35104.211207,-1156.847327,-1419.499543,774.014009,13.518368,16.107756,-142.750351,1.0,0.0,1.0,0.0,0.0,0.0,0,0,0,0,0,0,0,0,0,0,0,0,0,0,0,28503.013672,40000.0,40000.0,4548.241699,4174.342285,4806.774414,40000.0,40000.0,14502.50293,28510.720703,28729.251953,30999.701172,40000.0,40000.0,40000.0,40000.0,40000.0,40000.0,40000.0,40000.0,40000.0,40000.0,40000.0,13012.598633,5000.0,31930.881,-3567.735128,8761.056109,0,true,true,1.0,-308.364478,0,0.0,0.0,1.0
12,4527,42.95,51944.061149,77749.620017,59303.22542,73347.032632,35066.050042,-1192.411107,-1417.950791,747.436406,13.518771,16.106262,-142.748901,0.0,0.0,1.0,0.0,0.0,0.0,0,0,0,0,0,0,0,0,0,0,0,0,0,0,0,28407.431641,40000.0,40000.0,4539.023926,4027.527344,4583.495117,40000.0,40000.0,14381.311523,28585.214844,28857.261719,30999.025391,40000.0,40000.0,40000.0,40000.0,40000.0,40000.0,40000.0,40000.0,40000.0,40000.0,40000.0,12953.435547,5000.0,31834.796358,-3586.07179,8745.10373,0,true,true,1.0,-308.354478,0,0.0,0.0,1.0
12,4528,43.0,52002.886571,-91952.506588,59371.357495,-94918.390126,35031.802889,-1250.099383,-1426.258161,696.13948,13.519072,16.10515,-142.747818,0.0,0.0,1.0,0.0,0.0,0.0,0,0,0,0,0,0,0,0,0,0,0,0,0,0,0,28312.898438,40000.0,40000.0,4533.51123,3925.548828,4362.435059,40000.0,40000.0,14264.382812,28660.304688,28983.949219,31002.365234,40000.0,40000.0,40000.0,40000.0,40000.0,40000.0,40000.0,40000.0,40000.0,40000.0,40000.0,12893.039062,5000.0,31740.47918,-3602.904198,8732.976841,0,true,true,1.0,-308.344478,0,0.0,0.0,1.0
12,4529,43.05,52062.222092,77690.284496,59437.545169,73280.844957,35000.932009,-1302.495446,-1434.266859,650.566405,13.519295,16.104322,-142.747009,0.0,0.0,1.0,0.0,0.0,0.0,0,0,0,0,0,0,0,0,0,0,0,0,0,0,0,28219.492188,40000.0,40000.0,4531.129883,3934.529541,4144.170898,40000.0,40000.0,14151.358398,28735.675781,29109.119141,31009.222656,40000.0,40000.0,40000.0,40000.0,40000.0,40000.0,40000.0,40000.0,40000.0,40000.0,40000.0,12831.774414,5000.0,31647.891926,-3618.456601,8724.109081,0,true,true,1.0,-308.334478,0,0.0,0.0,1.0
12,4530,43.1,52128.867291,-92019.151786,59509.344065,-94990.189021,34970.034088,-1349.017911,-1435.663289,597.427797,13.51946,16.103712,-142.746414,0.0,0.0,1.0,0.0,0.0,0.0,0,0,0,0,0,0,0,0,0,0,0,0,0,0,0,28116.533203,40000.0,40000.0,4531.612305,3934.904785,3903.55835,40000.0,40000.0,14097.958008,28819.96875,29247.191406,31020.255859,40000.0,40000.0,40000.0,40000.0,40000.0,40000.0,40000.0,14055.862305,40000.0,40000.0,40000.0,12762.616211,5000.0,31546.483959,-3634.50156,8717.599787,0,true,true,1.0,-308.324478,0,0.0,0.0,1.0
12,4531,43.15,52209.557177,77609.594609,59593.394732,73196.794289,34936.744851,-1407.738998,-1446.712549,550.926121,13.519583,16.103256,-142.745972,0.0,0.0,1.0,0.0,0.0,0.0,0,0,0,0,0,0,0,0,0,0,0,0,0,0,0,27994.076172,40000.0,40000.0,4535.78125,3938.035156,3777.78833,40000.0,40000.0,14227.833008,28921.552734,29411.40625,31037.607422,40000.0,40000.0,40000.0,40000.0,40000.0,40000.0,40000.0,13745.458008,40000.0,40000.0,40000.0,12678.496094,5000.0,31426.57578,-3652.32988,8713.513029,0,true,true,1.0,-308.314478,0,0.0,0.0,1.0
12,4532,43.2,52281.376777,-92090.971387,59665.951235,-95062.745524,34910.466374,-1451.986739,-1452.967299,511.295879,13.519583,16.103256,-142.745972,0.0,0.0,1.0,0.0,0.0,0.0,0,0,0,0,0,0,0,0,0,0,0,0,0,0,0,27886.839844,40000.0,40000.0,4542.32373,3942.930908,3791.012207,40000.0,40000.0,14309.887695,29011.722656,29555.337891,31055.976562,40000.0,40000.0,40000.0,38064.007812,40000.0,40000.0,40000.0,13572.666992,40000.0,40000.0,40000.0,12603.30957,5000.0,31322.165707,-3666.862852,8712.889449,0,true,true,1.0,-308.304478,0,0.0,0.0,1.0
12,4533,43.25,52353.867196,77537.104191,59737.417373,73125.328151,34886.479489,-1492.447396,-1458.87853,475.482946,13.519583,16.103256,-142.745972,0.0,0.0,1.0,0.0,0.0,0.0,0,0,0,0,0,0,0,0,0,0,0,0,0,0,0,27779.914062,40000.0,40000.0,4495.73877,3949.502197,3796.564453,40000.0,40000.0,14410.193359,29102.384766,29698.791016,31077.074219,40000.0,40000.0,40000.0,38017.183594,40000.0,40000.0,40000.0,13576.973633,40000.0,40000.0,40000.0,12527.192383,5000.0,31218.512411,-3680.663686,8714.670353,0,true,true,1.0,-308.294478,0,0.0,0.0,1.0
12,4534,43.3,52427.473534,-92164.577725,59808.420866,-95133.749016,34864.387556,-1529.623249,-1464.283911,442.520085,13.519583,16.103256,-142.745972,0.0,0.0,1.0,0.0,0.0,0.0,0,0,0,0,0,0,0,0,0,0,0,0,0,0,0,27672.503906,40000.0,40000.0,4423.884277,3873.466309,3803.419434,6949.941406,40000.0,14511.758789,29194.197266,29842.671875,31100.759766,40000.0,40000.0,40000.0,37967.589844,40000.0,40000.0,40000.0,13580.124023,40000.0,40000.0,40000.0,12449.702148,5000.0,31114.800415,-3693.914723,8718.629431,0,true,true,1.0,-308.284478,0,0.0,0.0,1.0
12,4535,43.35,52505.035353,77459.542372,59881.758276,73051.99074,34843.289147,-1561.469681,-1465.963129,407.740578,13.519583,16.103256,-142.745972,0.0,0.0,1.0,0.0,0.0,0.0,0,0,0,0,0,0,0,0,0,0,0,0,0,0,0,27560.421875,40000.0,40000.0,4297.788574,3735.455566,3811.797119,6314.881348,40000.0,14618.513672,29290.677734,29992.726562,31127.787109,40000.0,40000.0,40000.0,37913.382812,40000.0,40000.0,40000.0,13582.430664,40000.0,40000.0,40000.0,12367.854492,5000.0,31006.98172,-3707.162803,8724.87217,0,true,true,1.0,-308.274478,0,0.0,0.0,1.0
12,4536,43.4,52579.249223,-92238.791595,59950.700872,-95202.691612,34824.872718,-1596.378089,-1474.161732,383.71149,13.519583,16.103256,-142.745972,0.0,0.0,1.0,0.0,0.0,0.0,0,0,0,0,0,0,0,0,0,0,0,0,0,0,0,27454.089844,40000.0,40000.0,4256.998535,3572.121582,3778.404541,5713.185059,40000.0,14772.855469,29382.773438,30133.650391,31155.498047,40000.0,40000.0,40000.0,37859.902344,40000.0,40000.0,40000.0,13583.396484,40000.0,40000.0,40000.0,12289.381836,5000.0,30905.023212,-3719.237325,8732.528112,0,true,true,1.0,-308.264478,0,0.0,0.0,1.0
12,4537,43.45,52656.756088,77382.035506,60021.568795,72981.122818,34807.313245,-1625.780938,-1478.296113,357.328569,13.519583,16.103256,-142.745972,0.0,0.0,1.0,0.0,0.0,0.0,0,0,0,0,0,0,0,0,0,0,0,0,0,0,0,27343.882812,40000.0,40000.0,4272.994629,3435.587158,3634.705566,5089.610352,40000.0,14884.44043,29478.755859,40000.0,31186.005859,40000.0,40000.0,40000.0,37802.558594,40000.0,40000.0,40000.0,40000.0,40000.0,40000.0,40000.0,12207.280273,5000.0,30799.664382,-3731.301696,8742.113508,0,true,true,1.0,-308.254478,0,0.0,0.0,1.0
12,4538,43.5,52735.279118,-92317.314624,60092.85759,-95273.980408,34789.70418,-1603.299643,-1464.516697,388.463292,13.519583,16.103256,-142.745972,1.0,0.0,1.0,0.0,0.0,0.0,0,0,0,0,0,0,0,0,0,0,0,0,0,0,0,27232.609375,40000.0,40000.0,4290.056641,3459.109619,3375.397461,4460.233398,40000.0,14986.676758,29575.869141,40000.0,31217.716797,40000.0,40000.0,40000.0,37743.796875,40000.0,40000.0,40000.0,40000.0,40000.0,40000.0,40000.0,12124.007812,5000.0,30693.269929,-3743.15152,8752.004902,0,true,true,1.0,-308.244478,0,0.0,0.0,1.0
12,4539,43.55,52828.984762,77288.329862,60179.81636,72894.164048,34762.672651,-1531.681067,-1436.493044,489.06597,13.519583,16.103256,-142.745972,1.0,0.0,1.0,0.0,0.0,0.0,0,0,0,0,0,0,0,0,0,0,0,0,0,0,0,27098.417969,40000.0,40000.0,4308.094238,3472.604004,3393.62793,3700.506348,40000.0,15085.943359,29658.121094,40000.0,31250.712891,40000.0,40000.0,40000.0,37676.167969,40000.0,40000.0,40000.0,40000.0,40000.0,40000.0,40000.0,12024.913086,5000.0,30563.537767,-3757.474635,8758.144385,0,true,true,1.0,-308.234478,0,0.0,0.0,1.0
12,4540,43.6,52899.96288,-92388.292743,60247.235484,-95341.399532,34737.338189,-1478.882981,-1415.481758,561.720366,13.519583,16.103256,-142.745972,1.0,0.0,1.0,0.0,0.0,0.0,0,0,0,0,0,0,0,0,0,0,0,0,0,0,0,26995.621094,40000.0,40000.0,4319.845215,3481.39502,3401.055664,3543.480225,40000.0,15183.710938,29679.916016,40000.0,31327.367188,40000.0,40000.0,40000.0,37626.960938,40000.0,40000.0,40000.0,40000.0,40000.0,40000.0,40000.0,11950.052734,5000.0,30463.02093,-3768.493992,8758.220192,0,true,true,1.0,-308.224478,0,0.0,0.0,1.0
12,4541,43.65,52971.071951,77217.220792,60316.192245,72825.207287,34707.591368,-1431.657917,-1398.93123,636.354857,13.519583,16.103256,-142.745972,1.0,0.0,1.0,0.0,0.0,0.0,0,0,0,0,0,0,0,0,0,0,0,0,0,0,0,26891.585938,40000.0,40000.0,4329.876465,3488.899658,3407.39624,3557.67749,40000.0,15281.915039,29700.820312,40000.0,31404.992188,40000.0,40000.0,40000.0,37579.519531,40000.0,40000.0,40000.0,40000.0,40000.0,40000.0,40000.0,11875.238281,5000.0,30360.28581,-3779.702333,8754.185781,0,true,true,1.0,-308.214478,0,0.0,0.0,1.0
12,4542,43.7,53041.546379,-92458.76717,60385.961139,-95411.168426,34673.658043,-1373.31108,-1370.000036,692.099235,13.519583,16.103256,-142.745972,1.0,0.0,1.0,0.0,0.0,0.0,0,0,0,0,0,0,0,0,0,0,0,0,0,0,0,26787.419922,40000.0,40000.0,4338.059082,3495.033203,3412.568115,3562.435791,40000.0,15379.50293,29720.523438,40000.0,31481.839844,40000.0,40000.0,40000.0,37534.449219,40000.0,40000.0,40000.0,40000.0,40000.0,40000.0,40000.0,11801.275391,5000.0,30256.402478,-3790.971536,8745.996006,0,true,true,1.0,-308.204478,0,0.0,0.0,1.0
12,4543,43.75,53100.64722,77158.11995,60445.571001,72765.597425,34641.68625,-1343.097727,-1363.377146,756.885695,13.519583,16.103256,-142.745972,1.0,0.0,1.0,0.0,0.0,0.0,0,0,0,0,0,0,0,0,0,0,0,0,0,0,0,26699.246094,40000.0,40000.0,4343.564941,3499.151855,3416.048096,3565.637451,40000.0,15461.541016,29736.330078,40000.0,31546.220703,40000.0,40000.0,40000.0,37498.097656,40000.0,40000.0,40000.0,40000.0,40000.0,40000.0,40000.0,11739.391602,5000.0,30167.669395,-3800.527631,8735.819475,0,true,true,1.0,-308.194478,0,0.0,0.0,1.0
12,4544,43.8,53167.727965,-92525.847915,60514.526627,-95480.124053,34601.441262,-1299.757167,-1345.871725,815.417874,13.519583,16.103256,-142.745972,1.0,0.0,1.0,0.0,0.0,0.0,0,0,0,0,0,0,0,0,0,0,0,0,0,0,0,26598.203125,40000.0,40000.0,4348.443848,3502.630859,3357.101807,3568.341797,40000.0,15554.891602,29753.341797,40000.0,31619.287109,40000.0,40000.0,40000.0,37458.46875,40000.0,40000.0,40000.0,40000.0,40000.0,40000.0,40000.0,11669.319336,5000.0,30065.103643,-3811.540172,8720.543539,0,true,true,1.0,-308.184478,0,0.0,0.0,1.0
12,4545,43.85,53236.456216,77089.391699,60586.619398,72693.504654,34555.736413,-1252.12569,-1323.236584,865.136882,13.519583,16.103256,-142.745972,1.0,0.0,1.0,0.0,0.0,0.0,0,0,0,0,0,0,0,0,0,0,0,0,0,0,0,26488.847656,40000.0,40000.0,4683.841309,3504.864502,3184.095947,3559.807617,40000.0,15650.796875,29769.816406,40000.0,31693.992188,40000.0,40000.0,40000.0,37419.769531,40000.0,40000.0,40000.0,40000.0,40000.0,40000.0,40000.0,11597.713867,5000.0,29957.939041,-3822.992738,8700.682519,0,true,true,1.0,-308.174478,0,0.0,0.0,1.0
12,4546,43.9,53294.046357,-92583.438056,60648.127828,-95541.632482,34513.888443,-1219.795197,-1311.036265,912.48715,13.519583,16.103256,-142.745972,1.0,0.0,1.0,0.0,0.0,0.0,0,0,0,0,0,0,0,0,0,0,0,0,0,0,0,26386.230469,40000.0,40000.0,4684.98877,3505.710449,2977.30835,3484.726562,40000.0,15760.792969,29782.912109,40000.0,31756.523438,40000.0,40000.0,40000.0,37430.433594,40000.0,40000.0,40000.0,40000.0,40000.0,40000.0,40000.0,11537.854492,5000.0,29866.517684,-3832.685617,8680.698842,0,true,true,1.0,-308.164478,0,0.0,0.0,1.0
12,4547,43.95,53353.324847,77030.113208,60712.539221,72629.093261,34467.424601,-1184.828687,-1295.667078,954.356109,13.519583,16.103256,-142.745972,1.0,0.0,1.0,0.0,0.0,0.0,0,0,0,0,0,0,0,0,0,0,0,0,0,0,0,26278.910156,40000.0,40000.0,4684.797852,3467.383545,2952.811768,3139.450928,40000.0,15843.917969,29795.564453,40000.0,31820.861328,40000.0,40000.0,40000.0,37500.652344,40000.0,40000.0,40000.0,40000.0,40000.0,40000.0,40000.0,11476.382812,5000.0,29770.836538,-3842.795728,8656.938378,0,true,true,1.0,-308.154478,0,0.0,0.0,1.0
12,4548,44.0,53419.567094,-92649.680302,60785.820168,-95614.913429,34411.377719,-1152.805588,-1284.893445,1006.890059,13.519583,16.103256,-142.745972,1.0,0.0,1.0,0.0,0.0,0.0,0,0,0,0,0,0,0,0,0,0,0,0,0,0,0,26171.412109,40000.0,40000.0,4683.015137,3393.682129,2960.76709,3146.762939,40000.0,15937.043945,29808.847656,40000.0,31892.638672,40000.0,40000.0,40000.0,37574.40625,40000.0,40000.0,40000.0,40000.0,40000.0,40000.0,40000.0,11407.857422,5000.0,29662.013451,-3854.226488,8626.503874,0,true,true,1.0,-308.144478,0,0.0,0.0,1.0
12,4549,44.05,53474.665616,76975.014686,60846.56104,72568.352389,34364.842338,-1193.676764,-1297.785203,967.421815,13.518712,16.133184,-142.749115,0.0,0.0,1.0,0.0,0.413025,-0.118007,0,0,0,0,0,0,0,0,0,0,0,0,0,0,0,26104.3125,40000.0,40000.0,4682.854004,3264.339111,2960.498291,3146.550049,3519.366943,15965.126953,29823.648438,40000.0,31956.353516,40000.0,40000.0,40000.0,37641.605469,40000.0,40000.0,40000.0,40000.0,40000.0,40000.0,40000.0,11352.208008,5000.0,29576.571792,-3858.455649,8586.615275,0,true,true,1.0,-308.134478,0,0.0,0.0,1.0
12,4550,44.1,53534.050679,-92709.065366,60909.702473,-95678.054862,34320.396691,-1248.911039,-1311.267102,895.143605,13.516355,16.236794,-142.757599,0.0,0.0,1.0,0.0,0.0,0.0,0,0,0,0,0,0,0,0,0,0,0,0,0,0,0,26039.015625,40000.0,40000.0,4687.840332,3258.490479,2963.227783,3149.177002,3530.323242,16058.037109,29850.636719,40000.0,32035.470703,40000.0,40000.0,40000.0,37725.890625,40000.0,40000.0,40000.0,40000.0,40000.0,40000.0,40000.0,11295.458008,5000.0,29498.993751,-3851.40394,8513.982889,0,true,true,1.0,-308.124478,0,0.0,0.0,1.0
12,4551,44.15,53594.181759,76914.883607,60971.641345,72506.413517,34280.28644,-1304.738095,-1329.729441,839.29093,13.514314,16.323643,-142.764893,0.0,0.0,1.0,0.0,0.0,-0.069993,0,0,0,0,0,0,0,0,0,0,0,0,0,0,0,25970.826172,40000.0,40000.0,4694.789551,3263.118896,2967.255859,3152.97876,3534.156006,16150.210938,29877.019531,40000.0,32113.257812,40000.0,40000.0,40000.0,37805.6875,40000.0,40000.0,40000.0,40000.0,40000.0,40000.0,40000.0,11236.822266,5000.0,29419.901478,-3846.626001,8454.21507,0,true,true,1.0,-308.114478,0,0.0,0.0,1.0
12,4552,44.2,53670.821578,-92785.705185,61048.239886,-95754.653403,34234.848834,-1360.20786,-1342.894377,766.386422,13.513299,16.403385,-142.768509,0.0,0.0,1.0,0.0,-0.139986,0.419958,0,0,0,0,0,0,0,0,0,0,0,0,0,0,0,25881.861328,40000.0,40000.0,4690.760254,3270.626953,2973.624512,3158.965088,3540.188477,16263.878906,29909.261719,40000.0,32209.066406,40000.0,40000.0,40000.0,37898.355469,40000.0,40000.0,40000.0,40000.0,40000.0,40000.0,40000.0,11160.584961,5000.0,29316.844833,-3846.433574,8398.493964,0,true,true,1.0,-308.104478,0,0.0,0.0,1.0
12,4553,44.25,53739.133521,76846.571664,61114.662999,72439.990404,34198.912659,-1405.193676,-1354.657086,710.570875,13.549779,16.283579,-142.639069,0.0,0.0,1.0,0.0,-0.292346,0.146173,0,0,0,0,0,0,0,0,0,0,0,0,0,0,0,26240.302734,40000.0,40000.0,4682.17334,3269.468994,2974.632568,3124.605225,3544.132812,16325.967773,29946.615234,40000.0,32298.294922,40000.0,40000.0,40000.0,37909.105469,40000.0,40000.0,40000.0,40000.0,40000.0,40000.0,40000.0,11095.480469,5000.0,29193.023532,-3931.706935,8432.798319,0,true,true,1.0,-308.094478,0,0.0,0.0,1.0
12,4554,44.3,53803.538669,-92850.110332,61177.556733,-95817.547137,34163.991102,-1362.357587,-1340.684687,768.847351,13.588984,16.091293,-142.498688,1.0,0.0,1.0,0.0,-0.069993,-0.139986,0,0,0,0,0,0,0,0,0,0,0,0,0,0,0,26608.861328,40000.0,40000.0,6114.734375,3265.976562,2973.751465,2912.339111,3546.371826,16374.727539,29975.099609,40000.0,32374.726562,40000.0,40000.0,40000.0,37644.796875,40000.0,40000.0,40000.0,40000.0,40000.0,40000.0,40000.0,11031.689453,5000.0,29062.273765,-4029.746131,8500.823293,0,true,true,1.0,-308.084478,0,0.0,0.0,1.0
12,4555,44.35,53866.247669,76783.862663,61240.058232,72377.488905,34126.388,-1318.552414,-1324.232404,818.04269,13.610555,15.880539,-142.42067,1.0,0.0,1.0,0.0,-0.289044,-0.41292,0,0,0,0,0,0,0,0,0,0,0,0,0,0,0,40000.0,40000.0,40000.0,40000.0,3263.871826,2973.011719,2731.359863,3546.952881,16430.599609,29982.568359,40000.0,32430.085938,40000.0,40000.0,40000.0,37464.128906,40000.0,40000.0,40000.0,40000.0,40000.0,40000.0,40000.0,10962.43457,5000.0,28930.911204,-4099.953607,8581.260126,0,true,true,1.0,-308.074478,0,0.0,0.0,1.0
12,4556,44.4,53928.208728,-92912.071391,61303.081196,-95880.570101,34085.691268,-1281.521855,-1313.115028,869.86841,13.577559,15.610333,-142.542404,1.0,0.0,1.0,0.0,-0.492635,-0.940484,0,0,0,0,0,0,0,0,0,0,0,0,0,0,0,26367.589844,40000.0,40000.0,40000.0,3269.121338,2975.200684,2740.037598,3119.260254,40000.0,29925.009766,40000.0,32421.728516,40000.0,40000.0,40000.0,37536.148438,40000.0,40000.0,40000.0,40000.0,40000.0,40000.0,40000.0,10870.316406,5000.0,28795.437303,-4082.862829,8709.57074,0,true,true,1.0,-308.064478,0,0.0,0.0,1.0
12,4557,44.45,54001.801059,76710.270332,61379.531783,72301.038318,34032.764596,-1238.065367,-1297.608055,923.447043,13.442556,15.21409,-143.049881,1.0,0.0,1.0,0.0,-0.042931,-0.901553,0,0,0,0,0,0,0,0,0,0,0,0,0,0,0,25201.181641,40000.0,40000.0,40000.0,3290.410156,2947.390869,2741.524658,3121.54248,40000.0,29747.146484,40000.0,32305.357422,40000.0,40000.0,40000.0,38042.820312,40000.0,40000.0,40000.0,40000.0,40000.0,40000.0,40000.0,10721.408203,5000.0,28630.07563,-3901.380425,8933.581535,0,true,true,1.0,-308.054478,0,0.0,0.0,1.0
12,4558,44.5,54060.656037,-92970.92637,61441.862388,-95942.900706,33986.904449,-1210.522026,-1289.621769,969.815221,13.282706,15.100333,-143.661133,1.0,0.0,1.0,0.0,0.0,0.0,0,0,0,0,0,0,0,0,0,0,0,0,0,0,0,25180.996094,40000.0,40000.0,40000.0,3320.474854,2798.583984,2746.621826,3118.376465,40000.0,29345.576172,40000.0,32194.142578,40000.0,40000.0,40000.0,38167.140625,40000.0,40000.0,40000.0,40000.0,40000.0,40000.0,40000.0,10594.830078,5000.0,28533.90151,-3637.490939,9031.786873,0,true,true,1.0,-308.044478,0,0.0,0.0,1.0
12,4559,44.55,54117.594327,76653.332042,61503.060444,72239.840261,33939.595538,-1179.974408,-1274.71756,1002.337805,13.151214,15.064346,-144.165894,1.0,0.0,1.0,0.0,0.0,0.0,0,0,0,0,0,0,0,0,0,0,0,0,0,0,0,24684.484375,40000.0,40000.0,40000.0,3598.972412,2800.565186,2751.346191,3116.413574,3708.648682,18120.720703,40000.0,31741.177734,40000.0,40000.0,40000.0,38673.730469,40000.0,40000.0,40000.0,40000.0,40000.0,40000.0,40000.0,10486.801758,5000.0,28447.908082,-3415.563053,9077.305502,0,true,true,1.0,-308.034478,0,0.0,0.0,1.0
12,4560,44.6,54169.85548,-93023.187522,61559.931149,-95999.771411,33893.666336,-1158.660475,-1266.072228,1038.260753,13.053415,15.036783,-144.542191,1.0,0.0,1.0,0.0,0.0,0.0,0,0,0,0,0,0,0,0,0,0,0,0,0,0,0,24083.767578,40000.0,40000.0,40000.0,3619.404541,2809.291504,2754.573975,3114.672119,3708.57373,17590.865234,40000.0,31373.890625,40000.0,40000.0,40000.0,39195.460938,40000.0,40000.0,40000.0,40000.0,40000.0,40000.0,40000.0,10397.518555,5000.0,28365.866403,-3252.913805,9103.814854,0,true,true,1.0,-308.024478,0,0.0,0.0,1.0
12,4561,44.65,54227.168838,76596.018684,61623.005649,72176.765761,33840.631138,-1131.451427,-1250.328479,1065.8492,12.980018,15.015647,-144.825119,1.0,0.0,1.0,0.0,0.0,0.0,0,0,0,0,0,0,0,0,0,0,0,0,0,0,0,24050.347656,40000.0,40000.0,40000.0,3634.285889,2815.352295,2756.521484,2690.053711,3701.571045,17151.357422,40000.0,31105.642578,40000.0,40000.0,40000.0,39589.738281,40000.0,40000.0,40000.0,40000.0,40000.0,40000.0,40000.0,10312.916992,5000.0,28273.251655,-3134.859676,9111.403955,0,true,true,1.0,-308.014478,0,0.0,0.0,1.0
12,4562,44.7,54290.795907,-93086.814591,61693.800004,-96070.565766,33778.506631,-1111.604308,-1242.243419,1108.77972,12.914694,14.996509,-145.077286,1.0,0.0,1.0,0.0,0.0,0.0,0,0,0,0,0,0,0,0,0,0,0,0,0,0,0,23966.828125,40000.0,40000.0,40000.0,3646.818848,2820.063477,2757.613037,2696.172119,3694.700928,16730.230469,40000.0,30871.386719,40000.0,40000.0,40000.0,39943.761719,40000.0,40000.0,40000.0,40000.0,40000.0,40000.0,40000.0,10225.518555,5000.0,28168.48804,-3032.852276,9107.597006,0,true,true,1.0,-308.004478,0,0.0,0.0,1.0
12,4563,44.75,54341.692909,76545.121682,61750.97187,72119.593895,33726.453227,-1093.434459,-1231.920658,1134.683749,12.876887,14.985291,-145.223404,1.0,0.0,1.0,0.0,0.0,0.0,0,0,0,0,0,0,0,0,0,0,0,0,0,0,0,23896.132812,40000.0,40000.0,40000.0,3653.253662,2822.082275,2757.593262,2694.329102,3690.058105,16446.789062,40000.0,30738.251953,40000.0,40000.0,40000.0,40000.0,40000.0,40000.0,40000.0,40000.0,40000.0,40000.0,40000.0,10161.105469,5000.0,28083.462644,-2977.002895,9094.202925,0,true,true,1.0,-307.994478,0,0.0,0.0,1.0
12,4564,44.8,54396.754056,-93141.875738,61813.334414,-96132.928309,33667.917084,-1079.556035,-1226.246951,1170.117217,12.848845,14.977648,-145.331863,1.0,0.0,1.0,0.0,0.069993,0.0,0,0,0,0,0,0,0,0,0,0,0,0,0,0,0,23816.115234,40000.0,40000.0,40000.0,3656.93042,2822.663818,2756.744385,2692.146729,3243.397461,16203.820312,40000.0,30641.142578,40000.0,40000.0,40000.0,40000.0,40000.0,40000.0,40000.0,40000.0,40000.0,40000.0,40000.0,10096.205078,5000.0,27990.605919,-2939.308459,9070.064174,0,true,true,1.0,-307.984478,0,0.0,0.0,1.0
12,4565,44.85,54450.47723,76491.398508,61880.182573,72052.745736,33607.758901,-987.355553,-1293.883565,1132.049226,12.773601,15.131701,-145.621887,1.0,1.0,1.0,0.0,0.616485,-1.29462,0,0,0,0,0,0,0,0,0,0,0,0,0,0,0,23766.814453,40000.0,40000.0,40000.0,3668.51416,2825.415039,2685.054688,2687.523926,3242.906494,15811.669922,40000.0,30395.388672,40000.0,40000.0,40000.0,40000.0,40000.0,40000.0,40000.0,40000.0,40000.0,40000.0,40000.0,10025.84668,5000.0,27924.938751,-2805.255945,8985.762037,0,true,true,1.0,-307.974478,0,0.0,0.0,1.0
12,4566,44.9,54494.459477,-93185.857984,61942.354641,-96195.100378,33555.609395,-919.54405,-1358.060084,1116.241587,12.626348,15.548045,-146.18045,1.0,1.0,1.0,0.0,0.98436,-0.836706,0,0,0,0,0,0,0,0,0,0,0,0,0,0,0,23778.554688,40000.0,40000.0,40000.0,3695.605225,2834.300537,2561.817383,2681.870605,3229.204102,15741.193359,40000.0,30486.494141,40000.0,40000.0,40000.0,40000.0,40000.0,40000.0,40000.0,40000.0,40000.0,40000.0,40000.0,9957.199219,5000.0,27915.781994,-2523.9208,8808.958886,0,true,true,1.0,-307.964478,0,0.0,0.0,1.0
12,4567,44.95,54536.388931,76449.469054,62008.985701,71986.114677,33503.063695,-848.593126,-1408.40738,1086.592219,12.445353,16.29191,-146.845062,1.0,1.0,1.0,0.0,0.676332,0.0,0,0,0,0,0,0,0,0,0,0,0,0,0,0,0,23841.519531,40000.0,40000.0,40000.0,3718.528809,2846.062012,2563.116943,2676.22583,3214.754883,15923.884766,40000.0,30912.519531,40000.0,40000.0,40000.0,40000.0,40000.0,40000.0,40000.0,40000.0,40000.0,40000.0,40000.0,9901.460938,5000.0,27953.181064,-2166.17655,8485.353341,0,true,true,1.0,-307.954478,0,0.0,0.0,1.0
12,4568,45.0,54582.170548,-93231.639601,62091.283919,-96277.398596,33441.925476,-776.305701,-1469.744311,1067.371004,12.216632,17.360863,-147.640305,1.0,1.0,1.0,0.0,0.144793,-0.337851,0,0,0,0,0,0,0,0,0,0,0,0,0,0,0,23468.304688,40000.0,40000.0,40000.0,4350.458496,3079.191895,2562.91333,2667.879395,2754.004639,4040.747559,40000.0,31474.425781,40000.0,40000.0,40000.0,40000.0,39591.699219,40000.0,40000.0,40000.0,40000.0,40000.0,40000.0,9854.302734,5000.0,28015.966048,-1727.709764,8011.454113,0,true,true,1.0,-307.944478,0,0.0,0.0,1.0
12,4569,45.05,54619.046652,76412.592949,62166.187526,71911.211071,33389.255888,-714.120112,-1510.324607,1043.047345,12.019183,18.219969,-148.290588,1.0,1.0,1.0,0.0,0.349965,-0.069993,0,0,0,0,0,0,0,0,0,0,0,0,0,0,0,23557.693359,40000.0,40000.0,40000.0,5000.023926,3085.654785,2557.391846,2655.967773,2741.912109,4014.963379,40000.0,31960.808594,40000.0,40000.0,40000.0,40000.0,39561.738281,40000.0,40000.0,40000.0,40000.0,40000.0,40000.0,9820.980469,5000.0,28050.477793,-1380.409306,7626.99262,0,true,true,1.0,-307.934478,0,0.0,0.0,1.0
12,4570,45.1,54649.451357,-93262.044307,62234.402307,-96345.613378,33343.030821,-668.455572,-1553.574325,1039.077555,11.81916,19.111181,-148.919724,1.0,1.0,1.0,0.0,0.401521,-0.06692,0,0,0,0,0,0,0,0,0,0,0,0,0,0,0,23631.394531,40000.0,40000.0,40000.0,5035.029297,3092.789062,2552.587158,2645.132812,2722.736084,3982.689209,32043.388672,32332.314453,40000.0,40000.0,40000.0,40000.0,39555.160156,40000.0,40000.0,40000.0,40000.0,40000.0,40000.0,9801.498047,5000.0,28090.721811,-1041.162732,7227.707277,0,true,true,1.0,-307.924478,0,0.0,0.0,1.0
12,4571,45.15,54679.329474,76382.714833,62308.176969,71837.436409,33294.71384,-620.283603,-1588.196315,1027.67362,11.619292,20.049801,-149.520111,1.0,1.0,1.0,0.0,0.069993,-0.069993,0,0,0,0,0,0,0,0,0,0,0,0,0,0,0,23781.548828,40000.0,40000.0,40000.0,40000.0,3095.779297,2544.302734,2595.205078,2701.10376,3456.841797,31958.738281,32435.455078,40000.0,40000.0,40000.0,40000.0,39597.445312,40000.0,40000.0,40000.0,40000.0,40000.0,40000.0,40000.0,5000.0,28124.641141,-718.229318,6799.652673,0,true,true,1.0,-307.914478,0,0.0,0.0,1.0
12,4572,45.2,54714.526986,-93297.241819,62398.082709,-96435.519118,33234.783378,-620.660481,-1548.291144,1068.527708,11.3993,21.040243,-150.150269,1.0,0.0,1.0,0.0,0.0,0.0,0,0,0,0,0,0,0,0,0,0,0,0,0,0,0,24407.263672,40000.0,40000.0,40000.0,40000.0,3092.978027,2530.142822,2415.881592,2673.342285,3426.322754,32030.414062,32563.660156,40000.0,40000.0,40000.0,40000.0,39694.527344,40000.0,40000.0,40000.0,40000.0,40000.0,40000.0,40000.0,5000.0,28138.097019,-390.358625,6339.955297,0,true,true,1.0,-307.904478,0,0.0,0.0,1.0
12,4573,45.25,54744.687501,76352.554318,62471.129289,71764.389829,33182.131702,-629.430029,-1498.313494,1108.457092,11.262171,21.639545,-150.528564,1.0,0.0,1.0,0.0,0.0,0.0,0,0,0,0,0,0,0,0,0,0,0,0,0,0,0,24470.148438,40000.0,40000.0,40000.0,40000.0,3083.785889,2514.932617,2396.917969,2650.319824,3395.540283,32243.806641,32658.470703,40000.0,40000.0,40000.0,40000.0,39956.640625,40000.0,40000.0,40000.0,40000.0,40000.0,40000.0,40000.0,5000.0,28119.313466,-205.419554,6050.075479,0,true,true,1.0,-307.894478,0,0.0,0.0,1.0
12,4574,45.3,54773.716725,-93326.271043,62538.42941,-96502.819239,33130.303141,-636.79073,-1453.940511,1146.045676,11.155386,22.094452,-150.816086,1.0,0.0,1.0,0.0,0.0,0.0,0,0,0,0,0,0,0,0,0,0,0,0,0,0,0,24506.425781,40000.0,40000.0,40000.0,40000.0,3072.405762,2499.489014,2378.943848,2629.153076,3368.285889,32419.228516,32818.9375,40000.0,40000.0,40000.0,40000.0,40000.0,40000.0,40000.0,40000.0,40000.0,40000.0,40000.0,40000.0,5000.0,28087.634954,-72.168987,5822.106458,0,true,true,1.0,-307.884478,0,0.0,0.0,1.0
12,4575,45.35,54812.466698,76313.804345,62624.193186,71678.626054,33059.431723,-642.947574,-1394.423867,1186.557088,11.055923,22.507021,-151.07872,1.0,0.0,1.0,0.0,0.0,0.0,0,0,0,0,0,0,0,0,0,0,0,0,0,0,0,24511.941406,40000.0,40000.0,40000.0,40000.0,3052.31665,2476.983398,2354.439697,2601.640869,2840.714355,32600.025391,33146.253906,40000.0,40000.0,40000.0,40000.0,40000.0,40000.0,40000.0,40000.0,40000.0,40000.0,40000.0,40000.0,5000.0,28026.655921,35.498474,5599.741397,0,true,true,1.0,-307.874478,0,0.0,0.0,1.0
12,4576,45.4,54842.451326,-93356.255671,62687.732236,-96566.35829,33003.28771,-649.701257,-1357.988823,1225.353801,10.998157,22.741941,-151.229095,1.0,0.0,1.0,0.0,0.0,0.0,0,0,0,0,0,0,0,0,0,0,0,0,0,0,0,24497.853516,40000.0,40000.0,40000.0,40000.0,3035.478516,2646.074219,2335.987549,2581.420654,2825.942871,32715.941406,33357.5625,40000.0,40000.0,40000.0,40000.0,40000.0,40000.0,40000.0,40000.0,40000.0,40000.0,40000.0,40000.0,5000.0,27972.018678,89.321687,5462.780428,0,true,true,1.0,-307.864478,0,0.0,0.0,1.0
12,4577,45.45,54872.424131,76283.83154,62749.027422,71617.330867,32946.102278,-653.987697,-1320.251527,1256.15211,10.954266,22.918228,-151.342331,1.0,0.0,1.0,0.0,0.0,0.0,0,0,0,0,0,0,0,0,0,0,0,0,0,0,0,24470.755859,40000.0,40000.0,40000.0,40000.0,3017.940186,2651.384033,2318.064941,2562.106201,2803.17627,32814.433594,33538.15625,40000.0,40000.0,40000.0,40000.0,40000.0,40000.0,40000.0,40000.0,40000.0,40000.0,40000.0,40000.0,5000.0,27912.664332,122.934986,5350.066422,0,true,true,1.0,-307.854478,0,0.0,0.0,1.0
12,4578,45.5,54903.27873,-93387.11027,62809.998934,-96627.329801,32886.206322,-656.630258,-1281.526727,1281.7406,10.921124,23.050106,-151.427277,1.0,0.0,1.0,0.0,0.0,0.0,0,0,0,0,0,0,0,0,0,0,0,0,0,0,0,24431.769531,40000.0,40000.0,40000.0,40000.0,2999.493652,2633.89502,2300.232666,2515.741699,2781.25,4463.060059,33697.179688,40000.0,40000.0,40000.0,40000.0,40000.0,40000.0,40000.0,40000.0,40000.0,40000.0,40000.0,40000.0,5000.0,27847.833294,140.71717,5254.367684,0,true,true,1.0,-307.844478,0,0.0,0.0,1.0
12,4579,45.55,54941.353317,76245.756953,62882.560579,71544.769222,32810.905397,-661.588426,-1241.5121,1318.445201,10.671371,23.17728,-151.50946,1.0,0.0,1.0,-1.0,0.0,0.0,0,0,0,0,0,0,0,0,0,0,0,0,0,0,0,24376.539062,40000.0,40000.0,40000.0,40000.0,2967.101074,2613.305176,2279.510498,2318.544678,2756.2146,4442.460938,33872.914062,40000.0,40000.0,40000.0,40000.0,40000.0,40000.0,40000.0,40000.0,40000.0,40000.0,40000.0,40000.0,5000.0,27765.42088,171.267962,5149.717605,0,true,true,1.0,-307.834478,0,0.0,0.0,1.0
12,4580,45.6,54972.927363,-93418.684316,62940.645173,-96685.414395,32747.399917,-664.846472,-1208.422775,1344.205262,9.846225,23.272476,-151.572189,1.0,0.0,1.0,-1.0,0.0,0.0,0,0,0,0,0,0,0,0,0,0,0,0,0,0,0,24329.853516,40000.0,40000.0,40000.0,40000.0,2950.194092,2597.542725,2263.661133,2301.619629,2737.094238,4418.01416,34012.078125,40000.0,40000.0,40000.0,40000.0,40000.0,40000.0,40000.0,40000.0,40000.0,40000.0,40000.0,40000.0,5000.0,27696.596437,249.327105,5064.079452,0,true,true,1.0,-307.824478,0,0.0,0.0,1.0
12,4581,45.65,55006.888762,76211.795554,63001.000393,71484.414001,32678.225798,-671.071258,-1176.899583,1377.921432,8.647823,23.356972,-151.630112,1.0,0.0,1.0,0.0,0.0,0.0,0,0,0,0,0,0,0,0,0,0,0,0,0,0,0,24276.84375,40000.0,40000.0,40000.0,40000.0,3468.720459,2581.720459,2247.836426,2284.918701,2718.144287,3804.6521,34151.371094,40000.0,40000.0,40000.0,40000.0,40000.0,40000.0,40000.0,40000.0,40000.0,40000.0,40000.0,40000.0,5000.0,27621.631906,354.247123,4975.998119,0,true,true,1.0,-307.814478,0,0.0,0.0,1.0
12,4582,45.7,55038.040071,-93449.835625,63054.470562,-96738.884564,32614.003482,-674.512712,-1143.253085,1397.559003,7.725731,23.419243,-151.674683,1.0,0.0,1.0,0.0,0.0,0.0,0,0,0,0,0,0,0,0,0,0,0,0,0,0,0,24225.839844,40000.0,40000.0,40000.0,40000.0,3454.620605,2568.23584,2234.42749,2270.821533,2702.186279,3784.580322,34269.839844,40000.0,40000.0,40000.0,40000.0,40000.0,40000.0,40000.0,40000.0,40000.0,40000.0,40000.0,40000.0,5000.0,27552.145126,429.435466,4900.747153,0,true,true,1.0,-307.804478,0,0.0,0.0,1.0
12,4583,45.75,55071.277765,76178.55786,63109.50061,71429.383954,32544.87854,-680.454233,-1111.213295,1423.620097,7.036979,23.465282,-151.70871,1.0,0.0,1.0,0.0,0.0,0.0,0,0,0,0,0,0,0,0,0,0,0,0,0,0,0,24167.556641,40000.0,40000.0,40000.0,40000.0,3440.260498,2554.797607,2221.226807,2257.051514,2686.72998,3776.771484,34383.117188,40000.0,40000.0,40000.0,40000.0,40000.0,40000.0,40000.0,40000.0,40000.0,40000.0,40000.0,40000.0,5000.0,27477.100729,477.382378,4830.149438,0,true,true,1.0,-307.794478,0,0.0,0.0,1.0
12,4584,45.8,55110.243792,-93488.801651,63171.417857,-96800.801811,32463.246592,-681.680198,-1065.840973,1431.579467,6.536401,23.498486,-151.733826,1.0,0.0,1.0,0.0,0.0,0.0,0,0,0,0,0,0,0,0,0,0,0,0,0,0,0,24095.599609,40000.0,40000.0,40000.0,40000.0,3424.596436,2540.455078,2207.413818,2242.616943,2670.660889,3757.031494,34501.417969,40000.0,40000.0,40000.0,40000.0,40000.0,40000.0,40000.0,40000.0,40000.0,40000.0,40000.0,40000.0,5000.0,27388.497262,501.298105,4758.051079,0,true,true,1.0,-307.784478,0,0.0,0.0,1.0
12,4585,45.85,55143.38796,76145.413692,63222.084898,71378.716913,32393.211386,-688.927776,-1039.165436,1458.673096,6.179499,23.522024,-151.751938,1.0,0.0,1.0,0.0,0.0,0.0,0,0,0,0,0,0,0,0,0,0,0,0,0,0,0,24034.699219,40000.0,40000.0,40000.0,40000.0,3402.391357,2529.662109,2346.249023,2231.786621,2658.615479,3153.379395,34597.394531,40000.0,40000.0,40000.0,40000.0,40000.0,40000.0,40000.0,40000.0,40000.0,40000.0,40000.0,40000.0,5000.0,27313.401574,515.280854,4698.7124,0,true,true,1.0,-307.774478,0,0.0,0.0,1.0
12,4586,45.9,55175.017534,-93520.431225,63268.808787,-96847.5257,32325.986351,-694.90981,-1013.833366,1480.348397,5.913775,23.539476,-151.765533,1.0,0.0,1.0,0.0,0.0,0.0,0,0,0,0,0,0,0,0,0,0,0,0,0,0,0,23976.488281,40000.0,40000.0,40000.0,40000.0,3392.290039,2520.47876,2388.069824,2222.618652,2648.441162,3147.462646,34684.351562,40000.0,40000.0,40000.0,40000.0,40000.0,40000.0,40000.0,40000.0,40000.0,40000.0,40000.0,40000.0,5000.0,27241.923808,521.619574,4644.50824,0,true,true,1.0,-307.764478,0,0.0,0.0,1.0
12,4587,45.95,55208.749103,76111.682122,63316.970544,71330.555156,32253.994812,-698.712796,-984.899199,1493.715561,5.715512,23.552458,-151.775726,1.0,0.0,1.0,0.0,0.0,0.0,0,0,0,0,0,0,0,0,0,0,0,0,0,0,0,23914.164062,40000.0,40000.0,40000.0,40000.0,40000.0,2511.813232,2379.743408,2214.032715,2417.119629,3140.883545,34772.027344,40000.0,40000.0,40000.0,40000.0,40000.0,40000.0,40000.0,40000.0,40000.0,40000.0,40000.0,40000.0,5000.0,27165.903005,520.527891,4589.585001,0,true,true,1.0,-307.754478,0,0.0,0.0,1.0
12,4588,46.0,55248.157139,-93559.839262,63371.248431,-96901.803587,32169.469886,-704.820786,-956.052435,1514.549635,5.535662,23.564203,-151.785019,1.0,0.0,1.0,0.0,0.0,0.0,0,0,0,0,0,0,0,0,0,0,0,0,0,0,0,23841.982422,40000.0,40000.0,40000.0,40000.0,40000.0,2503.127686,2371.418701,2205.460693,2407.647461,3129.419922,34870.339844,40000.0,40000.0,40000.0,40000.0,40000.0,40000.0,40000.0,40000.0,40000.0,40000.0,40000.0,40000.0,5000.0,27077.539982,515.276825,4526.907217,0,true,true,1.0,-307.744478,0,0.0,0.0,1.0
12,4589,46.05,55280.529943,76079.309318,63414.337761,71287.465825,32099.784815,-708.489118,-932.500464,1526.596183,5.431223,23.571011,-151.790436,1.0,0.0,1.0,0.0,0.0,0.0,0,0,0,0,0,0,0,0,0,0,0,0,0,0,0,23783.087891,40000.0,40000.0,40000.0,40000.0,40000.0,2497.085205,2365.622803,2199.516113,2400.940186,3121.507812,34947.78125,40000.0,40000.0,40000.0,40000.0,40000.0,40000.0,40000.0,40000.0,40000.0,40000.0,40000.0,40000.0,5000.0,27005.304458,507.624696,4476.735075,0,true,true,1.0,-307.734478,0,0.0,0.0,1.0
12,4590,46.1,55314.003972,-93593.31329,63457.579867,-96945.045692,32027.528202,-712.318033,-910.046717,1538.984512,5.352828,23.576113,-151.79451,1.0,0.0,1.0,0.0,0.0,0.0,0,0,0,0,0,0,0,0,0,0,0,0,0,0,0,23722.699219,40000.0,40000.0,40000.0,40000.0,40000.0,2491.804443,2360.573975,2194.337158,2395.236816,3114.637695,35025.339844,40000.0,40000.0,40000.0,40000.0,40000.0,40000.0,40000.0,40000.0,40000.0,40000.0,40000.0,40000.0,5000.0,26930.96739,497.724931,4425.690897,0,true,true,1.0,-307.724478,0,0.0,0.0,1.0
12,4591,46.15,55355.530588,76037.782702,63509.527107,71235.518585,31937.610141,-717.180437,-884.827108,1554.596592,5.282086,23.580713,-151.798203,1.0,0.0,1.0,0.0,0.0,0.0,0,0,0,0,0,0,0,0,0,0,0,0,0,0,0,23648.658203,40000.0,40000.0,40000.0,40000.0,40000.0,2477.402832,2355.533936,2189.171631,2389.553467,3107.786621,35118.671875,40000.0,40000.0,40000.0,40000.0,40000.0,40000.0,40000.0,40000.0,40000.0,40000.0,40000.0,40000.0,5000.0,26839.252682,484.144374,4362.968413,0,true,true,1.0,-307.714478,0,0.0,0.0,1.0
12,4592,46.2,55388.852043,-93626.634745,63549.958678,-96985.477263,31865.268037,-721.394622,-866.690047,1568.038829,5.014597,23.583611,-151.800522,1.0,0.0,1.0,-1.0,0.0,0.0,0,0,0,0,0,0,0,0,0,0,0,0,0,0,0,23555.998047,40000.0,40000.0,40000.0,40000.0,40000.0,2474.123047,2352.401367,2186.099854,2386.020264,3103.5354,35191.816406,40000.0,40000.0,40000.0,40000.0,40000.0,40000.0,40000.0,40000.0,40000.0,40000.0,40000.0,40000.0,5000.0,26766.070502,489.841057,4310.938228,0,true,true,1.0,-307.704478,0,0.0,0.0,1.0
12,4593,46.25,55425.353322,76001.281423,63593.010077,71192.467186,31785.962181,-725.794124,-846.780744,1580.49116,4.110391,23.586344,-151.802765,1.0,0.0,1.0,-1.0,0.0,0.0,0,0,0,0,0,0,0,0,0,0,0,0,0,0,0,23487.478516,40000.0,40000.0,40000.0,40000.0,40000.0,2942.557617,2349.879639,2183.510498,2383.166748,3100.094971,35270.390625,40000.0,40000.0,40000.0,40000.0,40000.0,40000.0,40000.0,40000.0,40000.0,40000.0,40000.0,40000.0,5000.0,26686.384835,541.851114,4248.455962,0,true,true,1.0,-307.694478,0,0.0,0.0,1.0
12,4594,46.3,55459.513874,-93660.795297,63632.142807,-97024.609993,31711.617777,-729.719784,-826.581896,1588.322873,3.193036,23.588564,-151.804642,1.0,0.0,1.0,0.0,0.0,0.0,0,0,0,0,0,0,0,0,0,0,0,0,0,0,0,23443.097656,40000.0,40000.0,40000.0,40000.0,40000.0,2941.001221,2348.37207,2295.931885,2381.451416,3098.023438,35342.503906,40000.0,40000.0,40000.0,40000.0,40000.0,40000.0,40000.0,40000.0,40000.0,40000.0,40000.0,40000.0,5000.0,26612.236043,594.995232,4188.624325,0,true,true,1.0,-307.684478,0,0.0,0.0,1.0
12,4595,46.35,55494.428562,75966.366735,63670.922504,71153.687489,31635.688729,-734.043215,-805.614935,1595.060029,2.509497,23.5902,-151.806076,1.0,0.0,1.0,0.0,0.0,0.0,0,0,0,0,0,0,0,0,0,0,0,0,0,0,0,23408.806641,40000.0,40000.0,40000.0,40000.0,40000.0,2940.340332,2347.720459,2344.045898,2380.69165,3097.091553,35414.589844,40000.0,40000.0,40000.0,40000.0,40000.0,40000.0,40000.0,40000.0,40000.0,40000.0,40000.0,40000.0,5000.0,26536.958134,630.041384,4129.839116,0,true,true,1.0,-307.674478,0,0.0,0.0,1.0
12,4596,46.4,55537.59691,-93703.963645,63717.17275,-97070.860238,31542.014653,-742.554868,-783.326019,1612.539753,1.90621,23.591629,-151.807358,1.0,0.0,1.0,0.0,0.0,0.0,0,0,0,0,0,0,0,0,0,0,0,0,0,0,0,23337.654297,40000.0,40000.0,40000.0,40000.0,40000.0,40000.0,2348.161621,2384.951172,2381.146484,3097.602051,35501.523438,40000.0,40000.0,40000.0,40000.0,40000.0,40000.0,40000.0,40000.0,40000.0,40000.0,40000.0,40000.0,5000.0,26444.662812,655.718277,4059.822132,0,true,true,1.0,-307.664478,0,0.0,0.0,1.0
12,4597,46.45,55573.97281,75929.990835,63754.754898,71116.10534,31463.252888,-744.29617,-759.493959,1607.504238,1.552756,23.592463,-151.808105,1.0,0.0,1.0,0.0,0.0,0.0,0,0,0,0,0,0,0,0,0,0,0,0,0,0,0,23278.283203,40000.0,40000.0,40000.0,40000.0,40000.0,40000.0,2349.557373,2386.360596,2382.673096,3099.405273,40000.0,40000.0,40000.0,40000.0,40000.0,40000.0,40000.0,40000.0,40000.0,40000.0,40000.0,40000.0,40000.0,5000.0,26367.537508,666.542077,4002.67464,0,true,true,1.0,-307.654478,0,0.0,0.0,1.0
12,4598,46.5,55606.07727,-93736.068105,63786.929897,-97103.035238,31393.836362,-751.20208,-744.829803,1621.294082,1.285236,23.593088,-151.808685,1.0,0.0,1.0,0.0,0.0,0.0,0,0,0,0,0,0,0,0,0,0,0,0,0,0,0,23226.652344,40000.0,40000.0,40000.0,40000.0,40000.0,40000.0,2351.524414,2388.352051,2384.837646,3101.970947,40000.0,40000.0,40000.0,40000.0,40000.0,40000.0,40000.0,40000.0,40000.0,40000.0,40000.0,40000.0,40000.0,5000.0,26299.930457,673.305326,3952.749263,0,true,true,1.0,-307.644478,0,0.0,0.0,1.0
12,4599,46.55,55649.150273,75886.917832,63828.686339,71074.348898,31300.991819,-757.764925,-723.744772,1630.470152,1.042312,23.593655,-151.809219,1.0,0.0,1.0,0.0,0.0,0.0,0,0,0,0,0,0,0,0,0,0,0,0,0,0,0,23158.441406,40000.0,40000.0,40000.0,40000.0,40000.0,40000.0,2355.207275,2392.081055,2388.367188,3106.799072,40000.0,40000.0,40000.0,40000.0,40000.0,40000.0,40000.0,40000.0,40000.0,40000.0,40000.0,40000.0,40000.0,5000.0,26209.93486,674.945138,3887.323205,0,true,true,1.0,-307.634478,0,0.0,0.0,1.0
12,4600,46.6,55683.460923,-93770.378755,63860.873339,-97135.222237,31227.241066,-763.102563,-708.257814,1638.35409,0.900859,23.593985,-151.809525,1.0,0.0,1.0,0.0,0.0,0.0,0,0,0,0,0,0,0,0,0,0,0,0,0,0,0,23104.935547,40000.0,40000.0,40000.0,40000.0,40000.0,40000.0,2358.933838,2395.862549,2392.457031,3111.699219,40000.0,40000.0,40000.0,40000.0,40000.0,40000.0,40000.0,40000.0,40000.0,40000.0,40000.0,40000.0,40000.0,5000.0,26138.787502,673.280865,3835.91731,0,true,true,1.0,-307.624478,0,0.0,0.0,1.0
12,4601,46.65,55720.170385,75850.20837,63894.315359,71040.906878,31148.598917,-768.096035,-692.211212,1644.692478,0.795919,23.594229,-151.809753,1.0,0.0,1.0,0.0,0.0,0.0,0,0,0,0,0,0,0,0,0,0,0,0,0,0,0,23048.460938,40000.0,40000.0,40000.0,40000.0,40000.0,40000.0,2363.656982,2400.656982,2397.652588,33327.59375,40000.0,40000.0,40000.0,40000.0,40000.0,40000.0,40000.0,40000.0,40000.0,40000.0,40000.0,40000.0,40000.0,5000.0,26063.196326,668.997418,3781.611265,0,true,true,1.0,-307.614478,0,0.0,0.0,1.0
12,4602,46.7,55762.874952,-93813.083321,63932.054519,-97172.961397,31057.293949,-773.783433,-675.058705,1652.243214,0.699773,23.59445,-151.809967,1.0,0.0,1.0,0.0,0.0,0.0,0,0,0,0,0,0,0,0,0,0,0,0,0,0,0,22983.683594,40000.0,40000.0,40000.0,40000.0,40000.0,40000.0,2470.836426,2407.111084,2404.654785,33344.382812,40000.0,40000.0,40000.0,40000.0,40000.0,40000.0,40000.0,40000.0,40000.0,40000.0,40000.0,40000.0,40000.0,5000.0,25975.832709,663.088039,3718.757994,0,true,true,1.0,-307.604478,0,0.0,0.0,1.0
12,4603,46.75,55797.213259,75815.870062,63961.544896,71011.4165,30984.08864,-778.224787,-662.317135,1658.346689,0.644143,23.59458,-151.810089,1.0,0.0,1.0,0.0,0.0,0.0,0,0,0,0,0,0,0,0,0,0,0,0,0,0,0,22932.271484,40000.0,40000.0,40000.0,40000.0,40000.0,40000.0,2476.580322,2412.944336,2424.438965,33358.507812,40000.0,40000.0,40000.0,40000.0,40000.0,40000.0,40000.0,40000.0,40000.0,40000.0,40000.0,40000.0,40000.0,5000.0,25906.036688,657.531311,3668.553221,0,true,true,1.0,-307.594478,0,0.0,0.0,1.0
12,4604,46.8,55836.989177,-93852.859239,63994.813803,-97206.230304,30899.60205,-778.476283,-644.679288,1649.563311,0.602216,23.594677,-151.810181,1.0,0.0,1.0,0.0,0.0,0.0,0,0,0,0,0,0,0,0,0,0,0,0,0,0,0,22873.419922,40000.0,40000.0,40000.0,40000.0,40000.0,40000.0,40000.0,40000.0,40000.0,33375.554688,40000.0,40000.0,40000.0,40000.0,40000.0,40000.0,40000.0,40000.0,40000.0,40000.0,40000.0,40000.0,40000.0,5000.0,25825.69561,650.319661,3610.820009,0,true,true,1.0,-307.584478,0,0.0,0.0,1.0
12,4605,46.85,55882.777264,75770.081975,64032.049172,70974.181131,30802.560625,-787.598518,-633.319057,1669.780776,0.565967,23.594761,-151.810257,1.0,0.0,1.0,0.0,0.0,0.0,0,0,0,0,0,0,0,0,0,0,0,0,0,0,0,22806.523438,40000.0,40000.0,40000.0,40000.0,40000.0,40000.0,40000.0,40000.0,40000.0,33396.035156,40000.0,40000.0,40000.0,40000.0,40000.0,40000.0,40000.0,40000.0,40000.0,40000.0,40000.0,40000.0,40000.0,5000.0,25733.755289,642.096263,3544.52883,0,true,true,1.0,-307.574478,0,0.0,0.0,1.0
12,4606,46.9,55920.212489,-93890.294464,64061.727682,-97235.908813,30723.358875,-788.80327,-620.15308,1666.03483,0.544517,23.59481,-151.810303,1.0,0.0,1.0,0.0,0.0,0.0,0,0,0,0,0,0,0,0,0,0,0,0,0,0,0,22752.439453,40000.0,40000.0,40000.0,40000.0,40000.0,40000.0,40000.0,40000.0,40000.0,33413.371094,40000.0,40000.0,40000.0,40000.0,40000.0,40000.0,40000.0,40000.0,40000.0,40000.0,40000.0,40000.0,40000.0,5000.0,25658.971688,635.478741,3490.426276,0,true,true,1.0,-307.564478,0,0.0,0.0,1.0
12,4607,46.95,55954.976652,75735.317812,64088.721995,70947.186818,30649.905062,-793.119844,-611.355628,1673.654066,0.528376,23.594847,-151.810333,1.0,0.0,1.0,0.0,0.0,0.0,0,0,0,0,0,0,0,0,0,0,0,0,0,0,0,22702.669922,40000.0,40000.0,40000.0,40000.0,40000.0,40000.0,40000.0,40000.0,40000.0,33429.867188,40000.0,40000.0,40000.0,40000.0,40000.0,40000.0,40000.0,40000.0,40000.0,40000.0,40000.0,40000.0,40000.0,5000.0,25589.807516,629.566522,3440.220513,0,true,true,1.0,-307.554478,0,0.0,0.0,1.0
12,4608,47.0,55998.647794,-93933.965606,64121.913479,-97269.100297,30557.80747,-797.3965,-600.490375,1679.984392,0.513553,23.594881,-151.810364,1.0,0.0,1.0,0.0,0.0,0.0,0,0,0,0,0,0,0,0,0,0,0,0,0,0,0,22640.722656,40000.0,40000.0,40000.0,40000.0,40000.0,40000.0,40000.0,40000.0,40000.0,33451.136719,40000.0,40000.0,40000.0,40000.0,40000.0,40000.0,40000.0,40000.0,40000.0,40000.0,40000.0,40000.0,40000.0,5000.0,25503.303698,622.406942,3377.252336,0,true,true,1.0,-307.544478,0,0.0,0.0,1.0
12,4609,47.05,56035.563129,75698.402478,64149.390582,70919.709715,30480.133644,-801.047574,-592.188074,1685.908532,0.504931,23.594902,-151.810394,1.0,0.0,1.0,0.0,0.0,0.0,0,0,0,0,0,0,0,0,0,0,0,0,0,0,0,22588.824219,40000.0,40000.0,40000.0,40000.0,40000.0,40000.0,40000.0,40000.0,40000.0,33469.5625,40000.0,40000.0,40000.0,40000.0,40000.0,40000.0,40000.0,40000.0,40000.0,40000.0,40000.0,40000.0,40000.0,5000.0,25430.502928,616.609949,3324.130929,0,true,true,1.0,-307.534478,0,0.0,0.0,1.0
12,4610,47.1,56079.479784,-93977.882262,64181.455018,-97301.164734,30387.841871,-803.939925,-582.22497,1688.695581,0.49703,23.594919,-151.81041,1.0,0.0,1.0,0.0,0.0,0.0,0,0,0,0,0,0,0,0,0,0,0,0,0,0,0,22527.583984,40000.0,40000.0,40000.0,40000.0,40000.0,40000.0,40000.0,40000.0,40000.0,33492.039062,40000.0,40000.0,40000.0,40000.0,40000.0,40000.0,40000.0,40000.0,40000.0,40000.0,40000.0,40000.0,40000.0,5000.0,25344.210113,610.10661,3260.955329,0,true,true,1.0,-307.524478,0,0.0,0.0,1.0
12,4611,47.15,56115.871262,75662.011001,64207.544331,70893.620403,30311.517857,-806.434199,-574.772852,1691.724954,0.492447,23.594931,-151.81041,1.0,0.0,1.0,0.0,0.0,0.0,0,0,0,0,0,0,0,0,0,0,0,0,0,0,0,22477.224609,40000.0,40000.0,40000.0,40000.0,40000.0,40000.0,40000.0,40000.0,40000.0,33510.964844,40000.0,40000.0,40000.0,40000.0,40000.0,40000.0,40000.0,40000.0,40000.0,40000.0,40000.0,40000.0,40000.0,5000.0,25272.973022,605.016109,3208.68243,0,true,true,1.0,-307.514478,0,0.0,0.0,1.0
12,4612,47.2,56161.070148,-94023.081148,64239.399086,-97333.019489,30216.83524,-808.911596,-565.948234,1693.926224,0.488216,23.59494,-151.810425,1.0,0.0,1.0,0.0,0.0,0.0,0,0,0,0,0,0,0,0,0,0,0,0,0,0,0,22415.117188,40000.0,40000.0,40000.0,40000.0,40000.0,40000.0,40000.0,40000.0,40000.0,33534.894531,40000.0,40000.0,40000.0,40000.0,40000.0,40000.0,40000.0,40000.0,40000.0,40000.0,40000.0,40000.0,40000.0,5000.0,25184.777892,599.084089,3143.780585,0,true,true,1.0,-307.504478,0,0.0,0.0,1.0
12,4613,47.25,56200.628572,75622.452576,64266.812227,70866.207262,30134.143296,-807.27732,-556.311893,1683.817053,0.485762,23.594946,-151.810425,1.0,0.0,1.0,0.0,0.0,0.0,0,0,0,0,0,0,0,0,0,0,0,0,0,0,0,22361.134766,40000.0,40000.0,40000.0,40000.0,40000.0,40000.0,40000.0,40000.0,40000.0,33556.1875,40000.0,40000.0,40000.0,40000.0,40000.0,40000.0,40000.0,40000.0,40000.0,40000.0,40000.0,40000.0,40000.0,5000.0,25107.860631,594.226572,3087.068616,0,true,true,1.0,-307.494478,0,0.0,0.0,1.0
12,4614,47.3,56241.780377,-94064.232953,64294.919864,-97361.127126,30048.111907,-813.479848,-552.420784,1699.507409,0.4835,23.594952,-151.81044,1.0,0.0,1.0,0.0,0.0,0.0,0,0,0,0,0,0,0,0,0,0,0,0,0,0,0,22305.308594,40000.0,40000.0,40000.0,40000.0,40000.0,40000.0,40000.0,40000.0,40000.0,33578.769531,40000.0,40000.0,40000.0,40000.0,40000.0,40000.0,40000.0,40000.0,40000.0,40000.0,40000.0,40000.0,40000.0,5000.0,25028.019041,589.5144,3027.99371,0,true,true,1.0,-307.484478,0,0.0,0.0,1.0
12,4615,47.35,56279.547936,75584.685017,64320.363598,70840.763528,29969.30867,-814.552472,-546.205511,1699.10469,0.482184,23.594954,-151.81044,1.0,0.0,1.0,0.0,0.0,0.0,0,0,0,0,0,0,0,0,0,0,0,0,0,0,0,22254.357422,40000.0,40000.0,40000.0,40000.0,40000.0,40000.0,40000.0,40000.0,40000.0,33599.625,40000.0,40000.0,40000.0,40000.0,40000.0,40000.0,40000.0,40000.0,40000.0,40000.0,40000.0,40000.0,40000.0,5000.0,24954.957213,585.455523,2973.862143,0,true,true,1.0,-307.474478,0,0.0,0.0,1.0
12,4616,47.4,56324.241674,-94108.926691,64350.081701,-97390.845229,29876.113527,-817.31763,-540.480753,1703.858444,0.480974,23.594957,-151.81044,1.0,0.0,1.0,0.0,0.0,0.0,0,0,0,0,0,0,0,0,0,0,0,0,0,0,0,22194.378906,40000.0,40000.0,40000.0,40000.0,40000.0,40000.0,40000.0,40000.0,40000.0,33624.644531,40000.0,40000.0,40000.0,40000.0,40000.0,40000.0,40000.0,40000.0,40000.0,40000.0,40000.0,40000.0,40000.0,5000.0,24868.690082,580.97659,2909.79114,0,true,true,1.0,-307.464478,0,0.0,0.0,1.0
12,4617,47.45,56362.679571,75546.24712,64375.320301,70815.524928,29796.101998,-817.220194,-534.406072,1700.157102,0.480272,23.594959,-151.81044,1.0,0.0,1.0,0.0,0.0,0.0,0,0,0,0,0,0,0,0,0,0,0,0,0,0,0,22143.052734,40000.0,40000.0,40000.0,40000.0,40000.0,40000.0,40000.0,40000.0,40000.0,33646.40625,40000.0,40000.0,40000.0,40000.0,40000.0,40000.0,40000.0,40000.0,40000.0,40000.0,40000.0,40000.0,40000.0,5000.0,24794.691912,577.386547,2854.761383,0,true,true,1.0,-307.454478,0,0.0,0.0,1.0
12,4618,47.5,56398.759879,-94145.006999,64398.76755,-97414.292478,29721.025852,-822.195601,-532.396462,1713.381532,0.479743,23.594959,-151.81044,1.0,0.0,1.0,0.0,0.0,0.0,0,0,0,0,0,0,0,0,0,0,0,0,0,0,0,22095.068359,40000.0,40000.0,40000.0,40000.0,40000.0,40000.0,40000.0,40000.0,40000.0,33667.058594,40000.0,40000.0,40000.0,40000.0,40000.0,40000.0,40000.0,40000.0,40000.0,40000.0,40000.0,40000.0,40000.0,5000.0,24725.348906,574.223671,2803.089716,0,true,true,1.0,-307.444478,0,0.0,0.0,1.0
12,4619,47.55,56443.229206,75501.777794,64427.366132,70786.926346,29628.540167,-821.334247,-525.859133,1707.203973,0.479526,23.594959,-151.81044,1.0,0.0,1.0,0.0,0.0,0.0,0,0,0,0,0,0,0,0,0,0,0,0,0,0,0,22036.171875,40000.0,40000.0,40000.0,40000.0,40000.0,40000.0,40000.0,40000.0,40000.0,33692.734375,40000.0,40000.0,40000.0,40000.0,40000.0,40000.0,40000.0,40000.0,40000.0,40000.0,40000.0,40000.0,40000.0,5000.0,24640.031542,570.567758,2739.396661,0,true,true,1.0,-307.434478,0,0.0,0.0,1.0
12,4620,47.6,56484.60292,-94186.380714,64453.692101,-97440.618447,29542.660376,-819.51053,-519.572625,1698.41516,0.479526,23.594959,-151.81044,1.0,0.0,1.0,0.0,0.0,0.0,0,0,0,0,0,0,0,0,0,0,0,0,0,0,0,21981.601562,40000.0,40000.0,40000.0,40000.0,40000.0,40000.0,40000.0,40000.0,40000.0,33716.796875,40000.0,40000.0,40000.0,40000.0,40000.0,40000.0,40000.0,40000.0,40000.0,40000.0,40000.0,40000.0,40000.0,5000.0,24560.842434,567.403822,2680.242168,0,true,true,1.0,-307.424478,0,0.0,0.0,1.0
12,4621,47.65,56526.28459,75460.096124,64479.971694,70760.646752,29456.081409,-825.220339,-518.425491,1714.223763,0.479526,23.594959,-151.81044,1.0,0.0,1.0,0.0,0.0,0.0,0,0,0,0,0,0,0,0,0,0,0,0,0,0,0,21926.820312,40000.0,40000.0,40000.0,40000.0,40000.0,40000.0,40000.0,40000.0,40000.0,33741.226562,40000.0,40000.0,40000.0,40000.0,40000.0,40000.0,40000.0,40000.0,40000.0,40000.0,40000.0,40000.0,40000.0,5000.0,24481.144807,564.430755,2620.548405,0,true,true,1.0,-307.414478,0,0.0,0.0,1.0
12,4622,47.7,56571.179247,-94231.275371,64508.019545,-97468.666297,29362.920332,-825.96477,-514.163527,1713.966952,0.479526,23.594959,-151.81044,1.0,0.0,1.0,0.0,0.0,0.0,0,0,0,0,0,0,0,0,0,0,0,0,0,0,0,21868.025391,40000.0,40000.0,40000.0,40000.0,40000.0,40000.0,40000.0,40000.0,40000.0,33767.777344,40000.0,40000.0,40000.0,40000.0,40000.0,40000.0,40000.0,40000.0,40000.0,40000.0,40000.0,40000.0,40000.0,5000.0,24395.451954,561.455147,2556.290493,0,true,true,1.0,-307.404478,0,0.0,0.0,1.0
12,4623,47.75,56611.575795,75419.699576,64533.044661,70735.621636,29279.22122,-824.085858,-509.073156,1705.684853,0.479526,23.594959,-151.81044,1.0,0.0,1.0,0.0,0.0,0.0,0,0,0,0,0,0,0,0,0,0,0,0,0,0,0,21815.291016,40000.0,40000.0,40000.0,40000.0,40000.0,40000.0,40000.0,40000.0,40000.0,33791.789062,40000.0,40000.0,40000.0,40000.0,40000.0,40000.0,40000.0,40000.0,40000.0,40000.0,40000.0,40000.0,40000.0,5000.0,24318.4881,558.96436,2498.549347,0,true,true,1.0,-307.394478,0,0.0,0.0,1.0
12,4624,47.8,56650.182345,-94269.881921,64556.789943,-97492.41158,29199.273634,-822.724732,-504.765542,1699.352765,0.479526,23.594959,-151.81044,1.0,0.0,1.0,0.0,0.0,0.0,0,0,0,0,0,0,0,0,0,0,0,0,0,0,0,21765.03125,40000.0,40000.0,40000.0,40000.0,40000.0,40000.0,40000.0,40000.0,40000.0,33814.914062,40000.0,40000.0,40000.0,40000.0,40000.0,40000.0,40000.0,40000.0,40000.0,40000.0,40000.0,40000.0,40000.0,5000.0,24245.025687,556.734556,2443.374874,0,true,true,1.0,-307.384478,0,0.0,0.0,1.0
12,4625,47.85,56689.406044,75380.475877,64580.75344,70711.65814,29118.131872,-827.620136,-504.475196,1713.279701,0.479526,23.594959,-151.81044,1.0,0.0,1.0,0.0,0.0,0.0,0,0,0,0,0,0,0,0,0,0,0,0,0,0,0,21714.099609,40000.0,40000.0,40000.0,40000.0,40000.0,40000.0,40000.0,40000.0,40000.0,33838.484375,40000.0,40000.0,40000.0,40000.0,40000.0,40000.0,40000.0,40000.0,40000.0,40000.0,40000.0,40000.0,40000.0,5000.0,24170.492346,554.610944,2387.365905,0,true,true,1.0,-307.374478,0,0.0,0.0,1.0
12,4626,47.9,56734.702158,-94315.178035,64608.246521,-97519.90466,29024.368051,-831.001915,-503.025396,1722.220688,0.479526,23.594959,-151.81044,1.0,0.0,1.0,0.0,0.0,0.0,0,0,0,0,0,0,0,0,0,0,0,0,0,0,0,21655.425781,40000.0,40000.0,40000.0,40000.0,40000.0,40000.0,40000.0,40000.0,40000.0,33865.886719,40000.0,40000.0,40000.0,40000.0,40000.0,40000.0,40000.0,40000.0,40000.0,40000.0,40000.0,40000.0,40000.0,5000.0,24084.474134,552.31824,2322.598072,0,true,true,1.0,-307.364478,0,0.0,0.0,1.0
12,4627,47.95,56770.706924,75344.471111,64629.970537,70689.934124,28949.847772,-829.488972,-499.533205,1715.883636,0.479526,23.594959,-151.81044,1.0,0.0,1.0,0.0,0.0,0.0,0,0,0,0,0,0,0,0,0,0,0,0,0,0,0,21608.894531,40000.0,40000.0,40000.0,40000.0,40000.0,40000.0,40000.0,40000.0,40000.0,33887.734375,40000.0,40000.0,40000.0,40000.0,40000.0,40000.0,40000.0,40000.0,40000.0,40000.0,40000.0,40000.0,40000.0,5000.0,24016.160572,550.610138,2271.10159,0,true,true,1.0,-307.354478,0,0.0,0.0,1.0
12,4628,48.0,56816.949863,-94361.420974,64657.714455,-97547.648579,28854.213841,-833.065157,-498.607961,1725.684544,0.479526,23.594959,-151.81044,1.0,0.0,1.0,0.0,0.0,0.0,0,0,0,0,0,0,0,0,0,0,0,0,0,0,0,21549.255859,40000.0,40000.0,40000.0,40000.0,40000.0,40000.0,40000.0,40000.0,40000.0,33915.914062,40000.0,40000.0,40000.0,40000.0,40000.0,40000.0,40000.0,40000.0,40000.0,40000.0,40000.0,40000.0,40000.0,5000.0,23928.520473,548.554762,2205.003392,0,true,true,1.0,-307.344478,0,0.0,0.0,1.0
12,4629,48.05,56862.418203,75299.00277,64684.836301,70662.812278,28760.194225,-830.286633,-494.179926,1715.168047,0.479526,23.594959,-151.81044,1.0,0.0,1.0,0.0,0.0,0.0,0,0,0,0,0,0,0,0,0,0,0,0,0,0,0,21490.744141,40000.0,40000.0,40000.0,40000.0,40000.0,40000.0,40000.0,40000.0,40000.0,33912.875,40000.0,40000.0,40000.0,40000.0,40000.0,40000.0,40000.0,40000.0,40000.0,40000.0,40000.0,40000.0,40000.0,5000.0,23842.421473,546.672645,2139.995143,0,true,true,1.0,-307.334478,0,0.0,0.0,1.0
12,4630,48.1,56898.265609,-94397.26838,64706.117322,-97568.9296,28686.087371,-832.588837,-493.525547,1721.438115,0.479526,23.594959,-151.81044,1.0,0.0,1.0,0.0,0.0,0.0,0,0,0,0,0,0,0,0,0,0,0,0,0,0,0,21444.695312,40000.0,40000.0,40000.0,40000.0,40000.0,40000.0,40000.0,40000.0,40000.0,33828.242188,40000.0,40000.0,40000.0,40000.0,40000.0,40000.0,40000.0,40000.0,40000.0,40000.0,40000.0,40000.0,40000.0,5000.0,23774.592263,545.278643,2088.740882,0,true,true,1.0,-307.324478,0,0.0,0.0,1.0
12,4631,48.15,56938.068842,75259.199537,64729.542716,70639.386885,28608.766385,-898.493229,-525.900313,1647.223719,0.479526,23.594959,-151.81044,0.0,0.0,1.0,0.0,0.0,0.0,0,0,0,0,0,0,0,0,0,0,0,0,0,0,0,21393.728516,40000.0,40000.0,40000.0,40000.0,40000.0,40000.0,40000.0,40000.0,40000.0,33735.570312,40000.0,40000.0,40000.0,40000.0,40000.0,40000.0,40000.0,40000.0,40000.0,40000.0,40000.0,40000.0,40000.0,5000.0,23701.35311,543.872885,2036.342108,0,true,true,1.0,-307.314478,0,0.0,0.0,1.0
12,4632,48.2,56989.61638,-94448.815917,64759.457143,-97598.844028,28522.805369,-975.843689,-564.19838,1568.464795,0.479526,23.594959,-151.81044,1.0,0.0,1.0,0.0,0.0,0.0,0,0,0,0,0,0,0,0,0,0,0,0,0,0,0,21328.064453,40000.0,40000.0,40000.0,40000.0,40000.0,40000.0,40000.0,40000.0,40000.0,33618.019531,40000.0,40000.0,40000.0,40000.0,40000.0,40000.0,40000.0,40000.0,40000.0,40000.0,40000.0,40000.0,40000.0,5000.0,23612.360622,542.31698,1981.394548,0,true,true,1.0,-307.304478,0,0.0,0.0,1.0
12,4633,48.25,57044.108815,75204.707102,64790.913207,70607.930822,28434.212819,-962.216023,-554.872044,1574.865539,0.479526,23.594959,-151.81044,1.0,0.0,1.0,0.0,0.0,0.0,0,0,0,0,0,0,0,0,0,0,0,0,0,0,0,21272.876953,40000.0,40000.0,40000.0,40000.0,40000.0,40000.0,40000.0,40000.0,40000.0,33494.484375,40000.0,40000.0,40000.0,40000.0,40000.0,40000.0,40000.0,40000.0,40000.0,40000.0,40000.0,40000.0,40000.0,5000.0,23519.26884,540.802481,1925.3662,0,true,true,1.0,-307.294478,0,0.0,0.0,1.0
12,4634,48.3,57085.367172,-94490.074274,64814.677097,-97622.607919,28365.98823,-957.236266,-550.960425,1591.705505,0.479526,23.594959,-151.81044,1.0,0.0,1.0,0.0,0.0,0.0,0,0,0,0,0,0,0,0,0,0,0,0,0,0,0,21277.462891,40000.0,40000.0,40000.0,40000.0,40000.0,40000.0,40000.0,40000.0,40000.0,33401.28125,40000.0,40000.0,40000.0,40000.0,40000.0,40000.0,40000.0,40000.0,40000.0,40000.0,40000.0,40000.0,40000.0,5000.0,23448.348844,539.711151,1881.883651,0,true,true,1.0,-307.284478,0,0.0,0.0,1.0
12,4635,48.35,57138.354541,75151.719733,64845.132606,70577.475313,28277.022635,-946.618839,-543.588996,1599.719012,0.479526,23.594959,-151.81044,1.0,0.0,1.0,0.0,0.0,0.0,0,0,0,0,0,0,0,0,0,0,0,0,0,0,0,21652.060547,40000.0,40000.0,40000.0,40000.0,40000.0,40000.0,40000.0,40000.0,40000.0,33281.890625,40000.0,40000.0,40000.0,40000.0,40000.0,40000.0,40000.0,40000.0,40000.0,40000.0,40000.0,40000.0,40000.0,5000.0,23356.756528,538.376433,1824.794749,0,true,true,1.0,-307.274478,0,0.0,0.0,1.0
12,4636,48.4,57180.677045,-94532.396778,64869.409014,-97646.884327,28204.922859,-940.566552,-539.161999,1610.769055,0.479526,23.594959,-151.81044,1.0,0.0,1.0,0.0,0.0,0.0,0,0,0,0,0,0,0,0,0,0,0,0,0,0,0,21598.376953,40000.0,40000.0,40000.0,40000.0,40000.0,40000.0,40000.0,40000.0,40000.0,33186.832031,40000.0,40000.0,40000.0,40000.0,40000.0,40000.0,40000.0,40000.0,40000.0,40000.0,40000.0,40000.0,40000.0,5000.0,23283.204034,537.361834,1778.233852,0,true,true,1.0,-307.264478,0,0.0,0.0,1.0
12,4637,48.45,57223.772239,75108.624538,64894.085877,70552.79845,28130.600253,-933.124469,-533.978632,1616.861393,0.479526,23.594959,-151.81044,1.0,0.0,1.0,0.0,0.0,0.0,0,0,0,0,0,0,0,0,0,0,0,0,0,0,0,21543.748047,40000.0,40000.0,40000.0,40000.0,40000.0,40000.0,40000.0,40000.0,40000.0,33090.273438,40000.0,40000.0,40000.0,40000.0,40000.0,40000.0,40000.0,40000.0,40000.0,40000.0,40000.0,40000.0,40000.0,5000.0,23207.964351,536.373422,1729.984436,0,true,true,1.0,-307.254478,0,0.0,0.0,1.0
12,4638,48.5,57277.463679,-94586.088217,64924.610721,-97677.409171,28046.242976,-1028.372137,-582.399454,1518.537861,0.479526,23.594959,-151.81044,0.0,0.0,1.0,0.0,0.0,0.0,0,0,0,0,0,0,0,0,0,0,0,0,0,0,0,21475.865234,40000.0,40000.0,40000.0,40000.0,40000.0,40000.0,40000.0,40000.0,40000.0,32971.148438,40000.0,40000.0,40000.0,40000.0,40000.0,40000.0,40000.0,40000.0,40000.0,40000.0,40000.0,40000.0,40000.0,5000.0,23117.617904,535.272648,1677.382203,0,true,true,1.0,-307.244478,0,0.0,0.0,1.0
12,4639,48.55,57327.127093,75058.961124,64952.609109,70524.800062,27978.528324,-1101.061052,-619.198659,1434.38895,0.479526,23.594959,-151.81044,0.0,0.0,1.0,0.0,0.0,0.0,0,0,0,0,0,0,0,0,0,0,0,0,0,0,0,21413.265625,40000.0,40000.0,40000.0,40000.0,40000.0,40000.0,40000.0,40000.0,40000.0,32862.277344,40000.0,40000.0,40000.0,40000.0,40000.0,40000.0,40000.0,40000.0,40000.0,40000.0,40000.0,40000.0,40000.0,5000.0,23038.280121,534.384105,1638.134714,0,true,true,1.0,-307.234478,0,0.0,0.0,1.0
12,4640,48.6,57387.37179,-94646.332914,64986.434168,-97711.23423,27900.902962,-1101.060693,-618.081093,1440.485971,0.479526,23.594959,-151.81044,1.0,0.0,1.0,0.0,0.0,0.0,0,0,0,0,0,0,0,0,0,0,0,0,0,0,0,21337.439453,40000.0,40000.0,40000.0,40000.0,40000.0,40000.0,40000.0,40000.0,40000.0,32725.900391,40000.0,40000.0,40000.0,40000.0,40000.0,40000.0,40000.0,40000.0,40000.0,40000.0,40000.0,40000.0,40000.0,5000.0,22943.906505,533.394041,1594.638793,0,true,true,1.0,-307.224478,0,0.0,0.0,1.0
12,4641,48.65,57448.797846,74997.535068,65020.90548,70490.328749,27818.835856,-1076.06593,-603.752529,1456.089521,0.479526,23.594959,-151.81044,1.0,0.0,1.0,0.0,0.0,0.0,0,0,0,0,0,0,0,0,0,0,0,0,0,0,0,21260.140625,40000.0,40000.0,40000.0,40000.0,40000.0,40000.0,40000.0,40000.0,40000.0,32746.644531,40000.0,40000.0,40000.0,40000.0,40000.0,40000.0,40000.0,40000.0,40000.0,40000.0,40000.0,40000.0,40000.0,5000.0,22846.521048,532.421994,1547.611465,0,true,true,1.0,-307.214478,0,0.0,0.0,1.0
12,4642,48.7,57494.888008,-94692.423076,65046.751674,-97737.080424,27755.852729,-1084.53413,-607.514375,1459.07092,0.479526,23.594959,-151.81044,0.0,0.0,1.0,0.0,0.0,0.0,0,0,0,0,0,0,0,0,0,0,0,0,0,0,0,21202.154297,40000.0,40000.0,40000.0,40000.0,40000.0,40000.0,40000.0,40000.0,40000.0,32776.152344,40000.0,40000.0,40000.0,40000.0,40000.0,40000.0,40000.0,40000.0,40000.0,40000.0,40000.0,40000.0,40000.0,5000.0,22772.894954,531.720063,1511.034032,0,true,true,1.0,-307.204478,0,0.0,0.0,1.0
12,4643,48.75,57557.237497,74935.185578,65081.540433,70455.539991,27678.744689,-1166.245702,-649.180192,1365.798131,0.479526,23.594959,-151.81044,0.0,0.0,1.0,0.0,0.0,0.0,0,0,0,0,0,0,0,0,0,0,0,0,0,0,0,21123.855469,40000.0,40000.0,40000.0,40000.0,40000.0,40000.0,40000.0,40000.0,40000.0,32816.152344,40000.0,40000.0,40000.0,40000.0,40000.0,40000.0,40000.0,40000.0,40000.0,40000.0,40000.0,40000.0,40000.0,5000.0,22676.611173,530.863175,1468.938122,0,true,true,1.0,-307.194478,0,0.0,0.0,1.0
12,4644,48.8,57615.949165,-94751.134743,65114.189166,-97769.729156,27610.500233,-1155.97638,-642.84412,1361.694846,0.479526,23.594959,-151.81044,1.0,0.0,1.0,0.0,0.0,0.0,0,0,0,0,0,0,0,0,0,0,0,0,0,0,0,21050.212891,40000.0,40000.0,40000.0,40000.0,40000.0,40000.0,40000.0,40000.0,40000.0,32853.902344,40000.0,40000.0,40000.0,40000.0,40000.0,40000.0,40000.0,40000.0,40000.0,40000.0,40000.0,40000.0,40000.0,5000.0,22587.739898,530.120155,1433.277923,0,true,true,1.0,-307.184478,0,0.0,0.0,1.0
12,4645,48.85,57671.09116,74880.043583,65144.855539,70424.873617,27543.799925,-1138.456733,-633.155123,1396.798867,0.479526,23.594959,-151.81044,1.0,0.0,1.0,0.0,0.0,0.0,0,0,0,0,0,0,0,0,0,0,0,0,0,0,0,20981.046875,40000.0,40000.0,40000.0,40000.0,40000.0,40000.0,40000.0,40000.0,40000.0,32889.394531,40000.0,40000.0,40000.0,40000.0,40000.0,40000.0,40000.0,40000.0,40000.0,40000.0,40000.0,40000.0,40000.0,5000.0,22503.228092,529.439919,1397.399111,0,true,true,1.0,-307.174478,0,0.0,0.0,1.0
12,4646,48.9,57719.601238,-94799.644821,65171.827994,-97796.701611,27483.587613,-1141.73975,-634.313438,1396.801702,0.479526,23.594959,-151.81044,0.0,0.0,1.0,0.0,0.0,0.0,0,0,0,0,0,0,0,0,0,0,0,0,0,0,0,20920.203125,40000.0,40000.0,40000.0,40000.0,40000.0,40000.0,40000.0,40000.0,40000.0,32920.585938,40000.0,40000.0,40000.0,40000.0,40000.0,40000.0,40000.0,40000.0,40000.0,40000.0,40000.0,40000.0,40000.0,5000.0,22428.268937,528.858275,1364.428666,0,true,true,1.0,-307.164478,0,0.0,0.0,1.0
12,4647,48.95,57787.153372,74812.491449,65209.239527,70387.462084,27407.413032,-1221.957871,-675.44917,1307.307853,0.479526,23.594959,-151.81044,0.0,0.0,1.0,0.0,0.0,0.0,0,0,0,0,0,0,0,0,0,0,0,0,0,0,0,20835.595703,40000.0,40000.0,40000.0,40000.0,40000.0,40000.0,40000.0,40000.0,40000.0,32964.175781,40000.0,40000.0,40000.0,40000.0,40000.0,40000.0,40000.0,40000.0,40000.0,40000.0,40000.0,40000.0,40000.0,5000.0,22327.021204,528.120703,1325.520661,0,true,true,1.0,-307.154478,0,0.0,0.0,1.0
12,4648,49.0,57842.377377,-94854.868826,65239.701732,-97827.163816,27351.756579,-1279.671616,-705.058843,1243.972433,0.479526,23.594959,-151.81044,0.0,0.0,1.0,0.0,0.0,0.0,0,0,0,0,0,0,0,0,0,0,0,0,0,0,0,20766.527344,40000.0,40000.0,40000.0,40000.0,40000.0,40000.0,40000.0,40000.0,40000.0,32999.875,40000.0,40000.0,40000.0,40000.0,40000.0,40000.0,40000.0,40000.0,40000.0,40000.0,40000.0,40000.0,40000.0,5000.0,22246.952049,527.574531,1299.754218,0,true,true,1.0,-307.144478,0,0.0,0.0,1.0
12,4649,49.05,57913.922132,74740.946694,65279.135105,70348.028711,27279.586237,-1242.895944,-685.214922,1282.878183,0.479526,23.594959,-151.81044,1.0,0.0,1.0,0.0,0.0,0.0,0,0,0,0,0,0,0,0,0,0,0,0,0,0,0,20677.072266,40000.0,40000.0,40000.0,40000.0,40000.0,40000.0,40000.0,40000.0,40000.0,33046.183594,40000.0,40000.0,40000.0,40000.0,40000.0,40000.0,40000.0,40000.0,40000.0,40000.0,40000.0,40000.0,40000.0,5000.0,22143.206983,526.895303,1266.307231,0,true,true,1.0,-307.134478,0,0.0,0.0,1.0
12,4650,49.1,57970.352244,-94911.298938,65310.232501,-97858.261212,27221.262288,-1261.00515,-694.243079,1266.727587,0.479526,23.594959,-151.81044,0.0,0.0,1.0,0.0,0.0,0.0,0,0,0,0,0,0,0,0,0,0,0,0,0,0,0,20606.519531,40000.0,40000.0,40000.0,40000.0,40000.0,40000.0,40000.0,40000.0,40000.0,33082.683594,40000.0,40000.0,40000.0,40000.0,40000.0,40000.0,40000.0,40000.0,40000.0,40000.0,40000.0,40000.0,40000.0,5000.0,22060.820963,526.374926,1238.64206,0,true,true,1.0,-307.124478,0,0.0,0.0,1.0
12,4651,49.15,58044.961132,74666.337806,65351.218917,70307.042296,27151.517181,-1331.944261,-730.727851,1187.682661,0.479526,23.594959,-151.81044,0.0,0.0,1.0,0.0,0.0,0.0,0,0,0,0,0,0,0,0,0,0,0,0,0,0,0,20513.34375,40000.0,40000.0,40000.0,40000.0,40000.0,40000.0,40000.0,40000.0,40000.0,33131.039062,40000.0,40000.0,40000.0,40000.0,40000.0,40000.0,40000.0,40000.0,40000.0,40000.0,40000.0,40000.0,40000.0,5000.0,21954.899423,525.744219,1208.792741,0,true,true,1.0,-307.114478,0,0.0,0.0,1.0
12,4652,49.2,58107.230514,-94973.56832,65385.350812,-97892.393107,27097.346535,-1338.161422,-733.558429,1179.707592,0.479526,23.594959,-151.81044,1.0,0.0,1.0,0.0,0.0,0.0,0,0,0,0,0,0,0,0,0,0,0,0,0,0,0,20435.638672,40000.0,40000.0,40000.0,40000.0,40000.0,40000.0,40000.0,40000.0,40000.0,33171.535156,40000.0,40000.0,40000.0,40000.0,40000.0,40000.0,40000.0,40000.0,40000.0,40000.0,40000.0,40000.0,40000.0,5000.0,21868.145814,525.25378,1187.567946,0,true,true,1.0,-307.104478,0,0.0,0.0,1.0
12,4653,49.25,58165.569453,74607.998867,65417.344664,70275.048444,27044.075384,-1308.033889,-717.523113,1218.580103,0.479526,23.594959,-151.81044,1.0,0.0,1.0,0.0,0.0,0.0,0,0,0,0,0,0,0,0,0,0,0,0,0,0,0,20362.824219,40000.0,40000.0,40000.0,40000.0,40000.0,40000.0,40000.0,40000.0,40000.0,33209.390625,40000.0,40000.0,40000.0,40000.0,40000.0,40000.0,40000.0,40000.0,40000.0,40000.0,40000.0,40000.0,40000.0,5000.0,21785.852431,524.799176,1165.376815,0,true,true,1.0,-307.094478,0,0.0,0.0,1.0
12,4654,49.3,58239.011356,-95047.010223,65457.631831,-97932.680275,26974.509619,-1312.902376,-719.633838,1213.024502,0.479526,23.594959,-151.81044,0.0,0.0,1.0,0.0,0.0,0.0,0,0,0,0,0,0,0,0,0,0,0,0,0,0,0,20271.152344,40000.0,40000.0,40000.0,40000.0,40000.0,40000.0,40000.0,40000.0,40000.0,33257.035156,40000.0,40000.0,40000.0,40000.0,40000.0,40000.0,40000.0,40000.0,40000.0,40000.0,40000.0,40000.0,40000.0,5000.0,21681.247956,524.236682,1135.148483,0,true,true,1.0,-307.084478,0,0.0,0.0,1.0
12,4655,49.35,58303.710862,74543.299361,65493.040297,70239.639977,26918.250251,-1369.077783,-748.61153,1149.663093,0.479526,23.594959,-151.81044,0.0,0.0,1.0,0.0,0.0,0.0,0,0,0,0,0,0,0,0,0,0,0,0,0,0,0,20190.458984,40000.0,40000.0,40000.0,40000.0,40000.0,40000.0,40000.0,40000.0,40000.0,33299.109375,40000.0,40000.0,40000.0,40000.0,40000.0,40000.0,40000.0,40000.0,40000.0,40000.0,40000.0,40000.0,40000.0,5000.0,21591.142853,523.775876,1113.108514,0,true,true,1.0,-307.074478,0,0.0,0.0,1.0
12,4656,49.4,58377.23196,-95120.531322,65533.18597,-97972.825948,26859.964994,-1428.464795,-779.329565,1089.888149,0.479526,23.594959,-151.81044,0.0,0.0,1.0,0.0,0.0,0.0,0,0,0,0,0,0,0,0,0,0,0,0,0,0,0,20098.835938,40000.0,40000.0,40000.0,40000.0,40000.0,40000.0,40000.0,40000.0,40000.0,33346.949219,40000.0,40000.0,40000.0,40000.0,40000.0,40000.0,40000.0,40000.0,40000.0,40000.0,40000.0,40000.0,40000.0,5000.0,21491.050896,523.288974,1093.219798,0,true,true,1.0,-307.064478,0,0.0,0.0,1.0
12,4657,49.45,58439.475045,74481.056277,65567.161466,70205.664481,26810.528398,-1388.799898,-758.313141,1129.163217,0.479526,23.594959,-151.81044,1.0,0.0,1.0,0.0,0.0,0.0,0,0,0,0,0,0,0,0,0,0,0,0,0,0,0,20021.277344,40000.0,40000.0,40000.0,40000.0,40000.0,40000.0,40000.0,40000.0,40000.0,33387.496094,40000.0,40000.0,40000.0,40000.0,40000.0,40000.0,40000.0,40000.0,40000.0,40000.0,40000.0,40000.0,40000.0,5000.0,21406.281123,522.887973,1076.295326,0,true,true,1.0,-307.054478,0,0.0,0.0,1.0
12,4658,49.5,58514.469585,-95195.525862,65608.134678,-98013.799159,26746.737824,-1346.646485,-736.034911,1179.650386,0.479526,23.594959,-151.81044,1.0,0.0,1.0,0.0,0.0,0.0,0,0,0,0,0,0,0,0,0,0,0,0,0,0,0,19927.800781,40000.0,40000.0,40000.0,40000.0,40000.0,40000.0,40000.0,40000.0,40000.0,33436.316406,40000.0,40000.0,40000.0,40000.0,40000.0,40000.0,40000.0,40000.0,40000.0,40000.0,40000.0,40000.0,40000.0,5000.0,21302.437217,522.40429,1052.037714,0,true,true,1.0,-307.044478,0,0.0,0.0,1.0
12,4659,49.55,58571.951013,74423.574849,65639.567463,70174.231696,26694.683801,-1313.399203,-718.420077,1212.75868,0.479526,23.594959,-151.81044,1.0,0.0,1.0,0.0,0.0,0.0,0,0,0,0,0,0,0,0,0,0,0,0,0,0,0,19856.130859,40000.0,40000.0,40000.0,40000.0,40000.0,40000.0,40000.0,40000.0,40000.0,33473.683594,40000.0,40000.0,40000.0,40000.0,40000.0,40000.0,40000.0,40000.0,40000.0,40000.0,40000.0,40000.0,40000.0,5000.0,21221.56651,522.033207,1030.554068,0,true,true,1.0,-307.034478,0,0.0,0.0,1.0
12,4660,49.6,58643.743642,-95267.31849,65678.860485,-98053.092181,26625.794862,-1274.22631,-697.672066,1252.738522,0.479526,23.594959,-151.81044,1.0,0.0,1.0,0.0,0.0,0.0,0,0,0,0,0,0,0,0,0,0,0,0,0,0,0,19766.587891,40000.0,40000.0,40000.0,40000.0,40000.0,40000.0,40000.0,40000.0,40000.0,33520.324219,40000.0,40000.0,40000.0,40000.0,40000.0,40000.0,40000.0,40000.0,40000.0,40000.0,40000.0,40000.0,40000.0,5000.0,21118.995436,521.56909,1000.17697,0,true,true,1.0,-307.024478,0,0.0,0.0,1.0
12,4661,49.65,58699.08344,74368.23505,65709.174708,70143.917473,26569.73942,-1246.649601,-683.086226,1284.000997,0.479526,23.594959,-151.81044,1.0,0.0,1.0,0.0,0.0,0.0,0,0,0,0,0,0,0,0,0,0,0,0,0,0,0,19697.546875,40000.0,40000.0,40000.0,40000.0,40000.0,40000.0,40000.0,40000.0,40000.0,33556.257812,40000.0,40000.0,40000.0,40000.0,40000.0,40000.0,40000.0,40000.0,40000.0,40000.0,40000.0,40000.0,40000.0,5000.0,21038.737112,521.210994,974.059327,0,true,true,1.0,-307.014478,0,0.0,0.0,1.0
12,4662,49.7,58764.661707,-95332.896757,65745.126658,-98089.044132,26499.983196,-1216.163946,-666.973651,1320.390355,0.479526,23.594959,-151.81044,1.0,0.0,1.0,0.0,0.0,0.0,0,0,0,0,0,0,0,0,0,0,0,0,0,0,0,19615.707031,40000.0,40000.0,40000.0,40000.0,40000.0,40000.0,40000.0,40000.0,40000.0,33598.894531,40000.0,40000.0,40000.0,40000.0,40000.0,40000.0,40000.0,40000.0,40000.0,40000.0,40000.0,40000.0,40000.0,5000.0,20942.284593,520.786347,940.063535,0,true,true,1.0,-307.004478,0,0.0,0.0,1.0
12,4663,49.75,58835.505656,74297.3911,65783.958504,70105.085627,26424.187089,-1250.654366,-684.731309,1279.183867,0.479526,23.594959,-151.81044,0.0,0.0,1.0,0.0,0.0,0.0,0,0,0,0,0,0,0,0,0,0,0,0,0,0,0,19527.300781,40000.0,40000.0,40000.0,40000.0,40000.0,40000.0,40000.0,40000.0,40000.0,33644.878906,40000.0,40000.0,40000.0,40000.0,40000.0,40000.0,40000.0,40000.0,40000.0,40000.0,40000.0,40000.0,40000.0,5000.0,20837.91469,520.337066,902.934722,0,true,true,1.0,-306.994478,0,0.0,0.0,1.0
12,4664,49.8,58902.524549,-95399.91565,65820.590087,-98125.675714,26360.330015,-1308.850709,-714.747943,1194.029087,0.479526,23.594959,-151.81044,0.0,0.0,1.0,0.0,0.0,0.0,0,0,0,0,0,0,0,0,0,0,0,0,0,0,0,19443.751953,40000.0,40000.0,40000.0,40000.0,40000.0,40000.0,40000.0,40000.0,40000.0,33688.457031,40000.0,40000.0,40000.0,40000.0,40000.0,40000.0,40000.0,40000.0,40000.0,40000.0,40000.0,40000.0,40000.0,5000.0,20742.365605,519.94336,874.982118,0,true,true,1.0,-306.984478,0,0.0,0.0,1.0
12,4665,49.85,58952.128637,74247.787012,65847.649287,70078.026427,26317.063331,-1360.686017,-741.88548,1159.311532,0.479526,23.594959,-151.81044,0.0,0.0,1.0,0.0,0.0,0.0,0,0,0,0,0,0,0,0,0,0,0,0,0,0,0,19381.957031,40000.0,40000.0,40000.0,40000.0,40000.0,40000.0,40000.0,40000.0,40000.0,33720.792969,40000.0,40000.0,40000.0,40000.0,40000.0,40000.0,40000.0,40000.0,40000.0,40000.0,40000.0,40000.0,40000.0,5000.0,20673.268062,519.668712,857.946099,0,true,true,1.0,-306.974478,0,0.0,0.0,1.0
12,4666,49.9,59031.237227,-95479.02424,65890.760251,-98168.786678,26250.920855,-1359.914065,-741.352984,1165.538442,0.479518,23.593004,-151.810455,1.0,0.0,1.0,0.0,-0.139986,0.0,0,0,0,0,0,0,0,0,0,0,0,0,0,0,0,19283.15625,40000.0,40000.0,40000.0,40000.0,40000.0,40000.0,40000.0,40000.0,40000.0,33771.820312,40000.0,40000.0,40000.0,40000.0,40000.0,40000.0,40000.0,40000.0,40000.0,40000.0,40000.0,40000.0,40000.0,5000.0,20564.205931,519.246778,834.09162,0,true,true,1.0,-306.964478,0,0.0,0.0,1.0
12,4667,49.95,59091.621121,74187.403119,65923.697009,70045.089669,26197.307004,-1323.953563,-722.402335,1200.018868,0.477344,23.526567,-151.815903,1.0,0.0,1.0,0.0,-0.542371,0.0,0,0,0,0,0,0,0,0,0,0,0,0,0,0,0,19198.775391,40000.0,40000.0,40000.0,40000.0,40000.0,40000.0,40000.0,40000.0,40000.0,33791.90625,40000.0,40000.0,40000.0,40000.0,40000.0,40000.0,40000.0,40000.0,40000.0,40000.0,40000.0,40000.0,40000.0,5000.0,20478.719613,520.505049,836.244547,0,true,true,1.0,-306.954478,0,0.0,0.0,1.0
12,4668,50.0,59163.248203,-95550.651322,65962.751984,-98207.841653,26134.252468,-1369.004414,-745.814501,1155.621062,0.478967,23.289902,-151.811813,0.0,0.0,1.0,0.0,-0.464818,0.0,0,0,0,0,0,0,0,0,0,0,0,0,0,0,0,19075.050781,40000.0,40000.0,40000.0,40000.0,40000.0,40000.0,40000.0,40000.0,40000.0,33778.519531,40000.0,40000.0,40000.0,40000.0,40000.0,40000.0,40000.0,40000.0,40000.0,40000.0,40000.0,40000.0,40000.0,5000.0,20375.279532,518.083794,895.147596,0,true,true,1.0,-306.944478,0,0.0,0.0,1.0
12,4669,50.05,59227.110596,74123.540727,65997.50724,70010.334413,26083.248598,-1418.473509,-771.519088,1097.011952,0.484587,22.953337,-151.797531,0.0,0.0,1.0,0.0,-0.827194,0.045955,0,0,0,0,0,0,0,0,0,0,0,0,0,0,0,18946.730469,40000.0,40000.0,40000.0,40000.0,40000.0,40000.0,40000.0,40000.0,40000.0,33761.257812,40000.0,40000.0,40000.0,40000.0,40000.0,40000.0,40000.0,40000.0,40000.0,40000.0,40000.0,40000.0,40000.0,5000.0,20282.975846,512.115311,996.161152,0,true,true,1.0,-306.934478,0,0.0,0.0,1.0
12,4670,50.1,59304.545087,-95628.085814,66039.584411,-98249.918824,26026.714143,-1477.013215,-802.136456,1038.363038,0.498641,22.282528,-151.761093,0.0,0.0,1.0,0.0,-0.875319,0.0,0,0,0,0,0,0,0,0,0,0,0,0,0,0,0,18755.541016,40000.0,40000.0,40000.0,40000.0,40000.0,40000.0,40000.0,40000.0,40000.0,33740.1875,40000.0,40000.0,40000.0,40000.0,40000.0,40000.0,40000.0,40000.0,40000.0,40000.0,40000.0,40000.0,40000.0,5000.0,20167.294343,497.908999,1214.548859,0,true,true,1.0,-306.924478,0,0.0,0.0,1.0
12,4671,50.15,59373.555376,74054.530438,66077.038135,69972.880689,25980.696519,-1517.159928,-823.111962,979.648035,0.507653,21.541004,-151.737167,0.0,0.0,1.0,0.0,-1.160322,-0.1719,0,0,0,0,0,0,0,0,0,0,0,0,0,0,0,18571.296875,40000.0,40000.0,40000.0,40000.0,40000.0,40000.0,40000.0,40000.0,40000.0,33680.421875,40000.0,40000.0,40000.0,40000.0,40000.0,40000.0,40000.0,40000.0,40000.0,40000.0,40000.0,40000.0,40000.0,5000.0,20060.209631,487.617641,1461.392386,0,true,true,1.0,-306.914478,0,0.0,0.0,1.0
12,4672,50.2,59458.587404,-95713.117842,66123.1421,-98296.022789,25928.757366,-1572.722287,-852.3687,924.540604,0.491628,20.327539,-151.782211,0.0,0.0,1.0,0.0,-0.958366,-0.250009,0,0,0,0,0,0,0,0,0,0,0,0,0,0,0,18322.511719,40000.0,40000.0,40000.0,40000.0,40000.0,40000.0,40000.0,40000.0,40000.0,33614.75,40000.0,40000.0,40000.0,40000.0,40000.0,40000.0,40000.0,40000.0,40000.0,40000.0,40000.0,40000.0,40000.0,5000.0,19915.736068,498.342401,1870.890629,0,true,true,1.0,-306.904478,0,0.0,0.0,1.0
12,4673,50.25,59528.333389,73984.784453,66160.932717,69935.090072,25888.589262,-1572.073204,-851.968943,922.884329,0.456223,19.166025,-151.886505,1.0,0.0,1.0,0.0,-0.719523,-0.179881,0,0,0,0,0,0,0,0,0,0,0,0,0,0,0,17617.697266,40000.0,40000.0,40000.0,40000.0,40000.0,40000.0,40000.0,40000.0,40000.0,33598.253906,40000.0,40000.0,40000.0,40000.0,40000.0,40000.0,40000.0,40000.0,40000.0,40000.0,40000.0,40000.0,40000.0,5000.0,19784.779454,528.723311,2262.571819,0,true,true,1.0,-306.894478,0,0.0,0.0,1.0
12,4674,50.3,59615.007893,-95799.792346,66207.925393,-98343.015465,25834.824548,-1527.631959,-828.40827,980.24965,0.401823,17.540754,-152.057877,1.0,0.0,1.0,0.0,-0.641897,0.0,0,0,0,0,0,0,0,0,0,0,0,0,0,0,0,17364.923828,40000.0,40000.0,40000.0,40000.0,40000.0,40000.0,40000.0,40000.0,40000.0,33602.253906,40000.0,40000.0,40000.0,40000.0,40000.0,40000.0,40000.0,40000.0,40000.0,40000.0,40000.0,40000.0,40000.0,5000.0,19600.923916,579.866246,2801.628848,0,true,true,1.0,-306.884478,0,0.0,0.0,1.0
12,4675,50.35,59696.826141,73902.966205,66252.278925,69890.73654,25781.18224,-1531.796048,-829.648435,979.658806,0.353657,15.779996,-152.224091,0.0,0.0,1.0,0.0,-0.560582,0.069993,0,0,0,0,0,0,0,0,0,0,0,0,0,0,0,17124.28125,40000.0,40000.0,40000.0,40000.0,40000.0,40000.0,40000.0,40000.0,40000.0,35857.265625,40000.0,40000.0,40000.0,40000.0,40000.0,40000.0,40000.0,40000.0,40000.0,40000.0,40000.0,40000.0,40000.0,5000.0,19399.826164,629.323744,3376.562797,0,true,true,1.0,-306.874478,0,0.0,0.0,1.0
12,4676,50.4,59766.15269,-95869.118894,66289.76345,-98380.49999,25739.535974,-1579.24391,-853.010204,914.692234,0.32155,14.283475,-152.346405,0.0,0.0,1.0,0.0,-0.564155,0.0,0,0,0,0,0,0,0,0,0,0,0,0,0,0,0,16934.232422,40000.0,40000.0,40000.0,40000.0,40000.0,40000.0,40000.0,40000.0,40000.0,35856.117188,40000.0,40000.0,40000.0,40000.0,40000.0,40000.0,40000.0,40000.0,40000.0,40000.0,40000.0,40000.0,40000.0,5000.0,19217.101114,665.361467,3861.345704,0,true,true,1.0,-306.864478,0,0.0,0.0,1.0
12,4677,50.45,59840.70187,73828.417025,66329.954751,69850.545238,25699.216837,-1623.538085,-874.301483,843.046367,0.292634,12.660036,-152.468918,0.0,0.0,1.0,0.0,-1.060213,-0.138289,0,0,0,0,0,0,0,0,0,0,0,0,0,0,0,16743.773438,40000.0,40000.0,40000.0,40000.0,40000.0,40000.0,40000.0,40000.0,40000.0,35873.113281,40000.0,40000.0,40000.0,40000.0,40000.0,40000.0,40000.0,40000.0,40000.0,40000.0,40000.0,40000.0,40000.0,5000.0,19007.165674,701.244746,4383.624386,0,true,true,1.0,-306.854478,0,0.0,0.0,1.0
12,4678,50.5,59930.731514,-95959.148539,66378.328152,-98428.87339,25655.96653,-1677.810123,-900.114724,763.725989,0.253278,10.400415,-152.662766,0.0,0.0,1.0,0.0,-1.286116,-0.214353,0,0,0,0,0,0,0,0,0,0,0,0,0,0,0,16512.853516,40000.0,40000.0,40000.0,40000.0,40000.0,40000.0,40000.0,40000.0,40000.0,35943.230469,40000.0,40000.0,40000.0,40000.0,40000.0,40000.0,40000.0,40000.0,40000.0,40000.0,40000.0,40000.0,40000.0,5000.0,18708.868594,758.929457,5105.759709,0,true,true,1.0,-306.844478,0,0.0,0.0,1.0
12,4679,50.55,60015.32514,73743.823399,66423.599401,69805.273989,25620.79995,-1727.621231,-923.314739,691.672272,0.219038,8.230238,-152.868561,0.0,0.0,1.0,0.0,-0.887427,-0.042258,0,0,0,0,0,0,0,0,0,0,0,0,0,0,0,16325.947266,40000.0,40000.0,40000.0,40000.0,40000.0,40000.0,40000.0,40000.0,40000.0,36027.960938,40000.0,40000.0,40000.0,40000.0,40000.0,40000.0,40000.0,40000.0,40000.0,40000.0,40000.0,40000.0,40000.0,5000.0,18399.369398,820.432725,5789.681745,0,true,true,1.0,-306.834478,0,0.0,0.0,1.0
12,4680,50.6,60105.345292,-96049.168691,66471.610323,-98476.884312,25585.750994,-1727.420488,-920.342303,691.111536,0.188477,5.292925,-153.115845,1.0,0.0,1.0,0.0,-0.651487,0.139604,0,0,0,0,0,0,0,0,0,0,0,0,0,0,0,16162.626953,40000.0,40000.0,40000.0,40000.0,40000.0,40000.0,40000.0,40000.0,40000.0,35943.164062,40000.0,39673.761719,40000.0,40000.0,40000.0,40000.0,40000.0,40000.0,40000.0,40000.0,40000.0,40000.0,40000.0,5000.0,17970.095265,893.418419,6699.581147,0,true,true,1.0,-306.824478,0,0.0,0.0,1.0
12,4681,50.65,60182.730844,73666.437847,66512.776909,69764.107403,25553.554779,-1711.981023,-909.826512,727.436308,0.177606,2.924818,-153.253891,1.0,0.0,1.0,0.0,-0.139986,0.139986,0,0,0,0,0,0,0,0,0,0,0,0,0,0,0,16039.076172,40000.0,40000.0,40000.0,40000.0,40000.0,40000.0,40000.0,40000.0,40000.0,35941.21875,40000.0,39416.152344,40000.0,40000.0,40000.0,40000.0,40000.0,40000.0,40000.0,40000.0,40000.0,40000.0,40000.0,5000.0,17586.634025,932.176837,7408.759705,0,true,true,1.0,-306.814478,0,0.0,0.0,1.0
12,4682,50.7,60279.192888,-96145.630734,66563.920599,-98528.028002,25512.140838,-1728.243897,-914.422978,709.672054,0.174935,0.175311,-153.333954,0.0,0.0,1.0,0.0,0.0,0.139986,0,0,0,0,0,0,0,0,0,0,0,0,0,0,0,15441.643555,40000.0,40000.0,40000.0,40000.0,40000.0,40000.0,40000.0,40000.0,40000.0,36012.101562,40000.0,39428.355469,40000.0,40000.0,40000.0,40000.0,40000.0,40000.0,40000.0,40000.0,40000.0,40000.0,40000.0,5000.0,17100.501338,951.698265,8202.799999,0,true,true,1.0,-306.804478,0,0.0,0.0,1.0
12,4683,50.75,60357.281539,73588.349196,66605.12098,69722.907022,25483.22253,-1768.244656,-931.418192,613.64297,0.175103,-1.887955,-153.358597,0.0,0.0,1.0,0.0,0.235654,0.235654,0,0,0,0,0,0,0,0,0,0,0,0,0,0,0,15363.240234,40000.0,40000.0,40000.0,40000.0,40000.0,40000.0,40000.0,40000.0,40000.0,36120.976562,40000.0,39527.230469,40000.0,40000.0,40000.0,40000.0,40000.0,40000.0,40000.0,40000.0,40000.0,40000.0,40000.0,5000.0,16706.50209,955.439099,8781.345569,0,true,true,1.0,-306.794478,0,0.0,0.0,1.0
12,4684,50.8,60477.54626,-96265.895455,66668.249623,-98591.156644,25446.962604,-1788.758163,-937.234963,515.829224,0.174524,-4.218953,-153.347214,1.0,0.0,1.0,0.0,0.069993,0.0,0,0,0,0,0,0,0,0,0,0,0,0,0,0,0,15258.613281,40000.0,40000.0,40000.0,40000.0,40000.0,40000.0,40000.0,40000.0,40000.0,36330.46875,40000.0,39752.347656,40000.0,40000.0,40000.0,40000.0,40000.0,40000.0,40000.0,40000.0,40000.0,40000.0,40000.0,5000.0,16203.066288,947.774634,9407.406157,0,true,true,1.0,-306.784478,0,0.0,0.0,1.0
12,4685,50.85,60547.383253,73518.512203,66704.792433,69686.364212,25425.841911,-1804.323315,-943.509055,555.147609,0.173962,-5.323414,-153.340057,1.0,0.0,1.0,0.0,0.0,0.0,0,0,0,0,0,0,0,0,0,0,0,0,0,0,0,15202.959961,40000.0,40000.0,40000.0,40000.0,40000.0,40000.0,40000.0,40000.0,40000.0,36465.046875,40000.0,39897.574219,40000.0,40000.0,40000.0,40000.0,40000.0,40000.0,40000.0,40000.0,40000.0,40000.0,40000.0,5000.0,15942.393944,943.581821,9689.626778,0,true,true,1.0,-306.774478,0,0.0,0.0,1.0
12,4686,50.9,60630.391232,-96348.903435,66748.137259,-98634.501471,25399.534481,-1807.333469,-942.963456,582.727294,0.173109,-6.476407,-153.331543,1.0,0.0,1.0,0.0,0.069993,0.069993,0,0,0,0,0,0,0,0,0,0,0,0,0,0,0,15139.132812,40000.0,40000.0,40000.0,40000.0,40000.0,40000.0,40000.0,40000.0,40000.0,36631.550781,40000.0,40000.0,40000.0,40000.0,40000.0,40000.0,40000.0,40000.0,40000.0,40000.0,40000.0,40000.0,40000.0,5000.0,15654.324867,938.902714,9971.749363,0,true,true,1.0,-306.764478,0,0.0,0.0,1.0
12,4687,50.95,60731.590512,73417.312922,66800.856046,69633.645425,25366.079685,-1809.708937,-941.818521,607.213091,0.168629,-7.741476,-153.295288,1.0,0.0,1.0,0.0,0.139986,0.139986,0,0,0,0,0,0,0,0,0,0,0,0,0,0,0,15062.015625,40000.0,40000.0,40000.0,40000.0,40000.0,40000.0,40000.0,40000.0,40000.0,36839.535156,40000.0,40000.0,40000.0,40000.0,40000.0,40000.0,40000.0,40000.0,40000.0,40000.0,40000.0,40000.0,40000.0,5000.0,15322.472761,926.645425,10266.385254,0,true,true,1.0,-306.754478,0,0.0,0.0,1.0
12,4688,51.0,60815.307409,-96432.620332,66844.37337,-98678.018794,25337.537068,-1816.028759,-943.377191,625.674558,0.157061,-8.625693,-153.213531,1.0,0.0,1.0,0.0,0.466783,0.233392,0,0,0,0,0,0,0,0,0,0,0,0,0,0,0,14992.581055,40000.0,40000.0,40000.0,40000.0,40000.0,40000.0,40000.0,40000.0,40000.0,37002.539062,40000.0,40000.0,40000.0,40000.0,40000.0,40000.0,40000.0,40000.0,40000.0,40000.0,40000.0,40000.0,40000.0,5000.0,15074.59714,903.429047,10459.194787,0,true,true,1.0,-306.744478,0,0.0,0.0,1.0
12,4689,51.05,60895.850379,73336.769953,66886.174832,69591.843962,25309.507118,-1820.239469,-944.256361,637.983629,0.132294,-9.314501,-153.053711,1.0,0.0,1.0,0.0,0.701555,0.263083,0,0,0,0,0,0,0,0,0,0,0,0,0,0,0,14915.137695,40000.0,40000.0,40000.0,40000.0,40000.0,40000.0,40000.0,40000.0,40000.0,37139.363281,40000.0,40000.0,40000.0,40000.0,40000.0,40000.0,40000.0,40000.0,40000.0,40000.0,40000.0,40000.0,40000.0,5000.0,14865.295509,860.916789,10597.22449,0,true,true,1.0,-306.734478,0,0.0,0.0,1.0
12,4690,51.1,61007.230093,-96544.000046,66943.9128,-98735.756762,25270.106716,-1819.021722,-942.646783,644.36077,0.088875,-9.952055,-152.793182,1.0,0.0,1.0,0.0,0.444889,0.190667,0,0,0,0,0,0,0,0,0,0,0,0,0,0,0,14793.862305,40000.0,40000.0,40000.0,40000.0,40000.0,40000.0,40000.0,40000.0,40000.0,37296.464844,40000.0,40000.0,40000.0,40000.0,33470.28125,40000.0,40000.0,40000.0,40000.0,40000.0,40000.0,40000.0,40000.0,5000.0,14633.521121,793.847038,10701.383002,0,true,true,1.0,-306.724478,0,0.0,0.0,1.0
12,4691,51.15,61084.433395,73259.56665,66983.916664,69551.840099,25242.369315,-1833.112622,-949.856415,659.825355,0.049539,-10.363959,-152.569077,1.0,0.0,1.0,0.0,0.139986,0.069993,0,0,0,0,0,0,0,0,0,0,0,0,0,0,0,14243.385742,40000.0,40000.0,40000.0,40000.0,40000.0,40000.0,40000.0,40000.0,40000.0,37399.15625,40000.0,40000.0,40000.0,40000.0,33001.183594,40000.0,40000.0,40000.0,40000.0,40000.0,40000.0,40000.0,40000.0,5000.0,14478.67181,737.585609,10763.325042,0,true,true,1.0,-306.714478,0,0.0,0.0,1.0
12,4692,51.2,61184.816774,-96644.383424,67035.947311,-98787.78741,25206.025047,-1842.231727,-955.147818,669.87568,0.002017,-10.799475,-152.309341,1.0,0.0,1.0,0.0,0.069993,0.069993,0,0,0,0,0,0,0,0,0,0,0,0,0,0,0,14089.487305,40000.0,40000.0,40000.0,40000.0,40000.0,40000.0,40000.0,40000.0,40000.0,37528.449219,40000.0,40000.0,40000.0,40000.0,31879.154297,40000.0,40000.0,40000.0,40000.0,40000.0,40000.0,40000.0,40000.0,5000.0,14295.355323,673.737236,10816.167452,0,true,true,1.0,-306.704478,0,0.0,0.0,1.0
12,4693,51.25,61271.723205,73172.66022,67081.035166,69506.752244,25174.375144,-1845.964,-958.130959,673.448455,-0.038035,-11.09733,-152.097855,1.0,0.0,1.0,0.0,0.280706,0.140353,0,0,0,0,0,0,0,0,0,0,0,0,0,0,0,14025.436523,40000.0,40000.0,40000.0,40000.0,40000.0,40000.0,40000.0,40000.0,40000.0,37634.464844,40000.0,40000.0,40000.0,40000.0,31198.447266,40000.0,40000.0,40000.0,40000.0,40000.0,40000.0,40000.0,40000.0,5000.0,14151.287843,622.822131,10840.457327,0,true,true,1.0,-306.694478,0,0.0,0.0,1.0
12,4694,51.3,61356.396127,-96729.056347,67125.024595,-98831.776839,25143.418744,-1858.365264,-966.033772,683.820402,-0.081902,-11.30267,-151.871735,1.0,0.0,1.0,0.0,0.295736,0.059147,0,0,0,0,0,0,0,0,0,0,0,0,0,0,0,13968.253906,40000.0,40000.0,40000.0,40000.0,40000.0,40000.0,40000.0,40000.0,40000.0,37725.546875,40000.0,40000.0,40000.0,40000.0,30797.431641,40000.0,40000.0,40000.0,40000.0,40000.0,40000.0,40000.0,40000.0,5000.0,14027.111822,569.202296,10842.10837,0,true,true,1.0,-306.684478,0,0.0,0.0,1.0
12,4695,51.35,61458.081203,73070.975144,67177.959186,69453.817653,25106.095736,-1858.012377,-968.230178,682.366803,-0.143292,-11.367973,-151.559753,1.0,0.0,1.0,0.0,0.846917,0.141153,0,0,0,0,0,0,0,0,0,0,0,0,0,0,0,13832.272461,40000.0,40000.0,40000.0,40000.0,40000.0,40000.0,40000.0,40000.0,40000.0,37795.585938,40000.0,40000.0,40000.0,40000.0,30811.589844,40000.0,40000.0,40000.0,40000.0,40000.0,40000.0,40000.0,40000.0,5000.0,13912.452086,496.118757,10799.048132,0,true,true,1.0,-306.674478,0,0.0,0.0,1.0
12,4696,51.4,61545.984081,-96816.959225,67223.841557,-98877.659209,25073.762802,-1864.042578,-973.97827,687.196631,-0.196872,-11.161025,-151.28653,1.0,0.0,1.0,0.0,1.198084,0.088747,0,0,0,0,0,0,0,0,0,0,0,0,0,0,0,14126.191406,40000.0,40000.0,40000.0,40000.0,40000.0,40000.0,40000.0,40000.0,40000.0,37698.996094,40000.0,40000.0,40000.0,40000.0,31542.216797,40000.0,40000.0,40000.0,40000.0,40000.0,40000.0,40000.0,40000.0,5000.0,13862.386471,432.663049,10697.997594,0,true,true,1.0,-306.664478,0,0.0,0.0,1.0
12,4697,51.45,61652.17365,72964.785575,67279.453606,69398.205603,25034.504854,-1867.564152,-979.638408,691.915114,-0.264377,-10.515355,-150.930771,1.0,0.0,1.0,0.0,1.418771,0.091534,0,0,0,0,0,0,0,0,0,0,0,0,0,0,0,13949.480469,40000.0,40000.0,40000.0,40000.0,40000.0,40000.0,40000.0,40000.0,40000.0,37470.304688,40000.0,40000.0,40000.0,40000.0,33181.074219,40000.0,40000.0,40000.0,40000.0,40000.0,40000.0,40000.0,40000.0,5000.0,13873.539829,349.94042,10480.951268,0,true,true,1.0,-306.654478,0,0.0,0.0,1.0
12,4698,51.5,61736.228391,-96901.013966,67323.642731,-98921.848335,25003.228008,-1875.417429,-987.28143,703.029015,-0.3179,-9.646939,-150.628815,1.0,0.0,1.0,0.0,0.986869,0.14803,0,0,0,0,0,0,0,0,0,0,0,0,0,0,0,13795.723633,40000.0,40000.0,40000.0,40000.0,40000.0,40000.0,40000.0,40000.0,40000.0,37237.222656,40000.0,40000.0,40000.0,40000.0,40000.0,40000.0,40000.0,40000.0,40000.0,40000.0,40000.0,40000.0,40000.0,5000.0,13943.833686,279.04685,10223.078742,0,true,true,1.0,-306.644478,0,0.0,0.0,1.0
12,4699,51.55,61821.328697,72879.685269,67368.555164,69353.293171,24971.251017,-1869.575887,-988.229092,705.84629,-0.371049,-8.530749,-150.297821,1.0,0.0,1.0,0.0,0.84709,0.133751,0,0,0,0,0,0,0,0,0,0,0,0,0,0,0,13634.457031,40000.0,40000.0,40000.0,40000.0,40000.0,40000.0,40000.0,40000.0,40000.0,36968.054688,40000.0,40000.0,40000.0,40000.0,40000.0,40000.0,40000.0,40000.0,40000.0,40000.0,40000.0,40000.0,40000.0,5000.0,14051.009538,200.301078,9904.077621,0,true,true,1.0,-306.634478,0,0.0,0.0,1.0
12,4700,51.6,61924.296229,-97003.981498,67423.161493,-98976.454664,24931.92445,-1867.286746,-992.527906,719.431113,-0.428517,-6.960101,-149.880798,1.0,0.0,1.0,0.0,0.446172,0.0,0,0,0,0,0,0,0,0,0,0,0,0,0,0,0,13404.833984,40000.0,40000.0,40000.0,40000.0,40000.0,40000.0,40000.0,40000.0,40000.0,22851.839844,40000.0,40000.0,40000.0,40000.0,40000.0,40000.0,40000.0,40000.0,40000.0,40000.0,40000.0,40000.0,40000.0,5000.0,14206.963411,99.533109,9462.754772,0,true,true,1.0,-306.624478,0,0.0,0.0,1.0
12,4701,51.65,62012.529823,72791.451675,67470.214236,69306.240428,24897.52845,-1855.217118,-991.31238,727.289848,-0.463178,-5.647772,-149.57399,1.0,0.0,1.0,0.0,0.349965,-0.139986,0,0,0,0,0,0,0,0,0,0,0,0,0,0,0,13318.359375,40000.0,40000.0,40000.0,40000.0,40000.0,40000.0,40000.0,40000.0,40000.0,34384.941406,40000.0,40000.0,40000.0,40000.0,40000.0,40000.0,40000.0,40000.0,40000.0,40000.0,40000.0,40000.0,40000.0,5000.0,14323.86299,24.710747,9091.407245,0,true,true,1.0,-306.614478,0,0.0,0.0,1.0
12,4702,51.7,62113.313453,-97104.765128,67524.279673,-99030.520101,24857.500826,-1861.278284,-1001.670957,721.221654,-0.491846,-4.043519,-149.247238,0.0,0.0,1.0,0.0,-0.428173,-0.237874,0,0,0,0,0,0,0,0,0,0,0,0,0,0,0,13515.696289,40000.0,40000.0,40000.0,40000.0,40000.0,40000.0,40000.0,40000.0,40000.0,34210.363281,40000.0,40000.0,40000.0,40000.0,40000.0,40000.0,40000.0,40000.0,40000.0,40000.0,40000.0,40000.0,40000.0,5000.0,14461.094019,-55.944538,8639.514728,0,true,true,1.0,-306.604478,0,0.0,0.0,1.0
12,4703,51.75,62198.139772,72706.625356,67570.177048,69260.343053,24827.996007,-1886.536538,-1024.024726,613.871872,-0.505,-2.943814,-149.039505,0.0,0.0,1.0,0.0,-0.599027,-0.066559,0,0,0,0,0,0,0,0,0,0,0,0,0,0,0,13466.334961,40000.0,40000.0,40000.0,40000.0,40000.0,40000.0,40000.0,40000.0,40000.0,34148.597656,40000.0,40000.0,40000.0,40000.0,40000.0,40000.0,40000.0,40000.0,40000.0,40000.0,40000.0,40000.0,40000.0,5000.0,14528.947567,-106.947487,8326.406152,0,true,true,1.0,-306.594478,0,0.0,0.0,1.0
12,4704,51.8,62318.604957,-97225.230313,67636.034373,-99096.377426,24794.462196,-1909.312676,-1048.630386,473.243028,-0.516322,-1.848641,-148.775192,0.0,0.0,1.0,0.0,-0.349965,0.279972,0,0,0,0,0,0,0,0,0,0,0,0,0,0,0,13304.484375,40000.0,40000.0,40000.0,40000.0,40000.0,40000.0,40000.0,40000.0,40000.0,34220.394531,40000.0,40000.0,40000.0,40000.0,40000.0,40000.0,40000.0,40000.0,40000.0,40000.0,40000.0,40000.0,40000.0,5000.0,14548.421664,-170.933593,8009.817196,0,true,true,1.0,-306.584478,0,0.0,0.0,1.0
12,4705,51.85,62390.610959,72634.619354,67675.76224,69220.615186,24778.364647,-1937.556251,-1071.362065,410.356225,-0.520945,-1.349779,-148.617966,0.0,0.0,1.0,0.0,0.0,0.0,0,0,0,0,0,0,0,0,0,0,0,0,0,0,0,13211.042969,40000.0,40000.0,40000.0,40000.0,40000.0,40000.0,40000.0,40000.0,40000.0,34326.957031,40000.0,40000.0,40000.0,40000.0,40000.0,40000.0,40000.0,40000.0,40000.0,40000.0,40000.0,40000.0,40000.0,5000.0,14535.111712,-208.633022,7865.156252,0,true,true,1.0,-306.574478,0,0.0,0.0,1.0
12,4706,51.9,62497.397167,-97332.016521,67735.154625,-99155.769811,24759.01274,-1964.270927,-1096.672678,317.891805,-0.524741,-0.722853,-148.420471,0.0,0.0,1.0,0.0,0.0,0.0,0,0,0,0,0,0,0,0,0,0,0,0,0,0,0,13076.671875,40000.0,40000.0,40000.0,40000.0,40000.0,40000.0,40000.0,40000.0,40000.0,34475.183594,40000.0,40000.0,40000.0,40000.0,40000.0,40000.0,40000.0,40000.0,40000.0,40000.0,40000.0,40000.0,40000.0,5000.0,14497.401144,-255.160576,7685.179944,0,true,true,1.0,-306.564478,0,0.0,0.0,1.0
12,4707,51.95,62590.510332,72541.50619,67787.403482,69168.366329,24746.293361,-1981.441148,-1115.141855,242.960009,-0.525915,-0.359721,-148.306122,0.0,0.0,1.0,0.0,0.0,0.0,0,0,0,0,0,0,0,0,0,0,0,0,0,0,0,12964.066406,40000.0,40000.0,40000.0,40000.0,40000.0,40000.0,40000.0,40000.0,40000.0,34582.390625,40000.0,40000.0,40000.0,40000.0,40000.0,40000.0,40000.0,40000.0,40000.0,40000.0,40000.0,40000.0,40000.0,5000.0,14438.525862,-280.633512,7579.987048,0,true,true,1.0,-306.554478,0,0.0,0.0,1.0
12,4708,52.0,62678.736858,-97420.243048,67837.222262,-99205.588591,24735.156173,-1968.995526,-1113.498278,272.801189,-0.526303,-0.085699,-148.219833,1.0,0.0,1.0,0.0,0.0,0.0,0,0,0,0,0,0,0,0,0,0,0,0,0,0,0,12858.954102,40000.0,40000.0,40000.0,40000.0,40000.0,40000.0,40000.0,40000.0,40000.0,34675.261719,40000.0,40000.0,40000.0,40000.0,40000.0,40000.0,40000.0,40000.0,40000.0,40000.0,40000.0,40000.0,40000.0,5000.0,14372.834905,-299.02025,7499.725463,0,true,true,1.0,-306.544478,0,0.0,0.0,1.0
12,4709,52.05,62788.422902,72431.820146,67899.437749,69106.150843,24717.448569,-1935.438596,-1100.000738,341.788213,-0.526284,0.16517,-148.140823,1.0,0.0,1.0,0.0,0.0,0.0,0,0,0,0,0,0,0,0,0,0,0,0,0,0,0,12730.019531,40000.0,40000.0,40000.0,40000.0,40000.0,40000.0,40000.0,40000.0,40000.0,34778.726562,40000.0,40000.0,40000.0,40000.0,40000.0,40000.0,40000.0,40000.0,40000.0,40000.0,40000.0,40000.0,40000.0,5000.0,14278.948545,-314.538629,7419.518883,0,true,true,1.0,-306.534478,0,0.0,0.0,1.0
12,4710,52.1,62877.847866,-97509.668012,67950.391157,-99256.542,24699.923295,-1913.881997,-1092.154024,398.088172,-0.52611,0.309915,-148.095245,1.0,0.0,1.0,0.0,0.0,0.0,0,0,0,0,0,0,0,0,0,0,0,0,0,0,0,12625.878906,40000.0,40000.0,40000.0,40000.0,40000.0,40000.0,40000.0,40000.0,40000.0,34854.589844,40000.0,40000.0,40000.0,40000.0,40000.0,40000.0,40000.0,40000.0,40000.0,40000.0,40000.0,40000.0,40000.0,5000.0,14194.391735,-322.384105,7366.524268,0,true,true,1.0,-306.524478,0,0.0,0.0,1.0
12,4711,52.15,62985.539946,72324.128066,68012.022637,69044.519363,24675.23414,-1884.308436,-1080.427409,458.55211,-0.525848,0.441841,-148.053711,1.0,0.0,1.0,0.0,0.0,0.0,0,0,0,0,0,0,0,0,0,0,0,0,0,0,0,12501.03418,40000.0,40000.0,40000.0,40000.0,40000.0,40000.0,40000.0,40000.0,40000.0,34939.78125,40000.0,40000.0,40000.0,40000.0,40000.0,40000.0,40000.0,40000.0,40000.0,40000.0,40000.0,40000.0,40000.0,5000.0,14086.842973,-328.513296,7310.143426,0,true,true,1.0,-306.514478,0,0.0,0.0,1.0
12,4712,52.2,63071.744263,-97595.872329,68061.566443,-99306.085806,24652.745575,-1861.801749,-1071.512419,503.949949,-0.525649,0.518598,-148.029526,1.0,0.0,1.0,0.0,0.0,0.0,0,0,0,0,0,0,0,0,0,0,0,0,0,0,0,12401.423828,40000.0,40000.0,40000.0,40000.0,40000.0,40000.0,40000.0,40000.0,40000.0,35003.582031,40000.0,40000.0,40000.0,40000.0,40000.0,40000.0,40000.0,40000.0,40000.0,40000.0,40000.0,40000.0,40000.0,5000.0,13996.889821,-331.214145,7269.700316,0,true,true,1.0,-306.504478,0,0.0,0.0,1.0
12,4713,52.25,63154.114106,72241.758224,68109.075514,68997.010293,24629.058389,-1844.563351,-1065.276304,547.496365,-0.525477,0.576535,-148.011292,1.0,0.0,1.0,0.0,0.0,0.0,0,0,0,0,0,0,0,0,0,0,0,0,0,0,0,12306.367188,40000.0,40000.0,40000.0,40000.0,40000.0,40000.0,40000.0,40000.0,40000.0,35062.183594,40000.0,40000.0,40000.0,40000.0,40000.0,40000.0,40000.0,40000.0,40000.0,40000.0,40000.0,40000.0,40000.0,5000.0,13908.839193,-332.669701,7232.825152,0,true,true,1.0,-306.494478,0,0.0,0.0,1.0
12,4714,52.3,63254.314619,-97696.072843,68167.085901,-99364.096193,24597.457168,-1824.01211,-1057.704941,596.819419,-0.525311,0.630434,-147.995346,1.0,0.0,1.0,0.0,0.0,-0.069993,0,0,0,0,0,0,0,0,0,0,0,0,0,0,0,12190.879883,40000.0,40000.0,40000.0,40000.0,40000.0,40000.0,40000.0,40000.0,40000.0,35129.136719,40000.0,40000.0,40000.0,40000.0,40000.0,40000.0,40000.0,40000.0,40000.0,40000.0,40000.0,40000.0,40000.0,5000.0,13799.466357,-333.02555,7189.413048,0,true,true,1.0,-306.484478,0,0.0,0.0,1.0
12,4715,52.35,63336.709899,72159.362944,68214.961462,68949.134731,24569.279897,-1807.346153,-1051.396563,634.349299,-0.525555,0.670357,-148.016891,1.0,0.0,1.0,0.0,0.139986,0.0,0,0,0,0,0,0,0,0,0,0,0,0,0,0,0,12097.483398,40000.0,40000.0,40000.0,40000.0,40000.0,40000.0,40000.0,40000.0,40000.0,35255.964844,40000.0,40000.0,40000.0,40000.0,40000.0,40000.0,40000.0,40000.0,40000.0,40000.0,40000.0,40000.0,40000.0,5000.0,13709.049761,-325.138527,7152.661173,0,true,true,1.0,-306.474478,0,0.0,0.0,1.0
12,4716,52.4,63435.673531,-97795.036475,68272.656903,-99421.791635,24532.912405,-1789.403251,-1044.679052,677.475281,-0.525881,0.770512,-148.043503,1.0,0.0,1.0,0.0,0.279972,0.0,0,0,0,0,0,0,0,0,0,0,0,0,0,0,0,11985.331055,40000.0,40000.0,40000.0,40000.0,40000.0,40000.0,40000.0,40000.0,40000.0,35449.664062,40000.0,40000.0,40000.0,40000.0,40000.0,40000.0,40000.0,40000.0,40000.0,40000.0,40000.0,40000.0,40000.0,5000.0,13606.724924,-315.884325,7093.774349,0,true,true,1.0,-306.464478,0,0.0,0.0,1.0
12,4717,52.45,63515.438915,72079.59756,68319.303578,68902.488057,24501.684819,-1773.202688,-1037.986279,708.003448,-0.526299,0.944149,-148.072067,1.0,0.0,1.0,0.0,0.637234,-0.115861,0,0,0,0,0,0,0,0,0,0,0,0,0,0,0,11895.483398,40000.0,40000.0,40000.0,40000.0,40000.0,40000.0,40000.0,40000.0,40000.0,35612.867188,40000.0,40000.0,40000.0,40000.0,40000.0,40000.0,40000.0,40000.0,40000.0,40000.0,40000.0,40000.0,40000.0,5000.0,13535.469775,-307.154604,7022.721163,0,true,true,1.0,-306.454478,0,0.0,0.0,1.0
12,4718,52.5,63614.413873,-97894.011433,68377.347094,-99479.835151,24460.636324,-1756.902667,-1031.53086,746.94486,-0.527398,1.350702,-148.129379,1.0,0.0,1.0,0.0,0.493493,0.0,0,0,0,0,0,0,0,0,0,0,0,0,0,0,0,11785.90332,40000.0,40000.0,40000.0,40000.0,40000.0,40000.0,40000.0,40000.0,40000.0,35836.929688,40000.0,40000.0,40000.0,40000.0,40000.0,40000.0,40000.0,40000.0,40000.0,40000.0,40000.0,40000.0,40000.0,5000.0,13469.665779,-291.870354,6888.020742,0,true,true,1.0,-306.444478,0,0.0,0.0,1.0
12,4719,52.55,63692.483426,72001.528007,68423.244904,68856.590247,24426.49319,-1742.15829,-1025.012445,774.560525,-0.528669,1.786599,-148.177414,1.0,0.0,1.0,0.0,0.32652,-0.069993,0,0,0,0,0,0,0,0,0,0,0,0,0,0,0,11700.595703,40000.0,40000.0,40000.0,40000.0,40000.0,40000.0,40000.0,40000.0,40000.0,36020.09375,40000.0,40000.0,40000.0,40000.0,40000.0,40000.0,40000.0,40000.0,40000.0,40000.0,40000.0,40000.0,40000.0,5000.0,13430.392305,-279.634446,6753.923657,0,true,true,1.0,-306.434478,0,0.0,0.0,1.0
12,4720,52.6,63790.693759,-97992.221766,68481.108658,-99537.698905,24381.359907,-1723.269289,-1016.215643,807.946164,-0.530869,2.407664,-148.23941,1.0,0.0,1.0,0.0,0.209979,0.0,0,0,0,0,0,0,0,0,0,0,0,0,0,0,0,11594.740234,40000.0,40000.0,40000.0,40000.0,40000.0,40000.0,40000.0,40000.0,40000.0,36257.535156,40000.0,40000.0,40000.0,40000.0,40000.0,40000.0,40000.0,40000.0,40000.0,40000.0,40000.0,40000.0,40000.0,5000.0,13387.385813,-264.306711,6567.491167,0,true,true,1.0,-306.424478,0,0.0,0.0,1.0
12,4721,52.65,63867.371687,71924.850079,68526.369784,68811.329121,24344.423886,-1710.766409,-1010.384799,835.754512,-0.533039,2.934233,-148.287079,1.0,0.0,1.0,0.0,0.209979,0.0,0,0,0,0,0,0,0,0,0,0,0,0,0,0,0,11513.275391,40000.0,40000.0,40000.0,40000.0,40000.0,40000.0,40000.0,40000.0,40000.0,38421.410156,40000.0,40000.0,40000.0,40000.0,40000.0,40000.0,40000.0,40000.0,40000.0,40000.0,40000.0,40000.0,40000.0,5000.0,13356.622198,-252.806244,6411.735124,0,true,true,1.0,-306.414478,0,0.0,0.0,1.0
12,4722,52.7,63962.997065,-98087.847144,68582.902653,-99594.231775,24296.27819,-1695.643706,-1003.069518,870.570166,-0.536229,3.601408,-148.344116,1.0,0.0,1.0,0.0,0.139986,0.0,0,0,0,0,0,0,0,0,0,0,0,0,0,0,0,11412.850586,40000.0,40000.0,40000.0,40000.0,40000.0,40000.0,40000.0,40000.0,40000.0,38665.722656,40000.0,40000.0,40000.0,40000.0,40000.0,40000.0,40000.0,40000.0,40000.0,40000.0,40000.0,40000.0,40000.0,5000.0,13316.777125,-239.275987,6214.563296,0,true,true,1.0,-306.404478,0,0.0,0.0,1.0
12,4723,52.75,64047.033932,71840.813213,68632.652557,68761.579218,24252.085143,-1680.149209,-995.069745,898.473144,-0.539108,4.081552,-148.387726,1.0,0.0,1.0,0.0,0.0,0.0,0,0,0,0,0,0,0,0,0,0,0,0,0,0,0,11323.848633,40000.0,40000.0,40000.0,40000.0,40000.0,40000.0,40000.0,40000.0,40000.0,38874.519531,40000.0,40000.0,40000.0,40000.0,40000.0,40000.0,40000.0,40000.0,40000.0,40000.0,40000.0,40000.0,40000.0,5000.0,13268.04629,-228.867499,6065.514309,0,true,true,1.0,-306.394478,0,0.0,0.0,1.0
12,4724,52.8,64123.201968,-98164.01518,68677.788845,-99639.368063,24210.449977,-1667.17792,-988.268735,924.106686,-0.541499,4.439022,-148.420212,1.0,0.0,1.0,0.0,0.0,0.0,0,0,0,0,0,0,0,0,0,0,0,0,0,0,0,11242.195312,40000.0,40000.0,40000.0,40000.0,40000.0,40000.0,40000.0,40000.0,40000.0,39056.285156,40000.0,40000.0,40000.0,40000.0,40000.0,40000.0,40000.0,40000.0,40000.0,40000.0,40000.0,40000.0,40000.0,5000.0,13214.292632,-221.029219,5947.878813,0,true,true,1.0,-306.384478,0,0.0,0.0,1.0
12,4725,52.85,64218.415912,71745.599268,68734.26479,68705.103272,24156.505252,-1647.262276,-977.397602,950.565328,-0.543339,4.694601,-148.443466,1.0,0.0,1.0,0.0,0.0,0.0,0,0,0,0,0,0,0,0,0,0,0,0,0,0,0,11136.637695,40000.0,40000.0,40000.0,40000.0,40000.0,40000.0,40000.0,40000.0,40000.0,39259.660156,40000.0,40000.0,40000.0,40000.0,40000.0,40000.0,40000.0,40000.0,40000.0,40000.0,40000.0,40000.0,40000.0,5000.0,13126.059351,-214.957826,5844.108209,0,true,true,1.0,-306.374478,0,0.0,0.0,1.0
12,4726,52.9,64294.147459,-98239.746727,68779.218472,-99684.321744,24111.893876,-1637.554445,-972.270786,976.738776,-0.544752,4.881418,-148.460464,1.0,0.0,1.0,0.0,0.0,0.0,0,0,0,0,0,0,0,0,0,0,0,0,0,0,0,11052.40332,40000.0,40000.0,40000.0,40000.0,40000.0,40000.0,40000.0,40000.0,40000.0,39419.933594,40000.0,40000.0,40000.0,40000.0,40000.0,40000.0,40000.0,40000.0,40000.0,40000.0,40000.0,40000.0,40000.0,5000.0,13053.580754,-210.530485,5764.27657,0,true,true,1.0,-306.364478,0,0.0,0.0,1.0
12,4727,52.95,64367.517037,71672.22969,68822.795805,68661.525939,24067.367189,-1624.241878,-964.902587,996.026873,-0.545857,5.022338,-148.473312,1.0,0.0,1.0,0.0,0.0,0.0,0,0,0,0,0,0,0,0,0,0,0,0,0,0,0,10969.990234,40000.0,40000.0,40000.0,40000.0,40000.0,40000.0,40000.0,40000.0,40000.0,39570.074219,40000.0,40000.0,40000.0,40000.0,40000.0,40000.0,40000.0,40000.0,40000.0,40000.0,40000.0,40000.0,40000.0,5000.0,12978.875078,-207.05402,5695.231466,0,true,true,1.0,-306.354478,0,0.0,0.0,1.0
12,4728,53.0,64456.146127,-98328.375817,68875.466076,-99736.992015,24011.920506,-1612.01615,-958.204686,1021.883263,-0.5469,5.151845,-148.485107,1.0,0.0,1.0,0.0,0.0,0.0,0,0,0,0,0,0,0,0,0,0,0,0,0,0,0,10869.576172,40000.0,40000.0,40000.0,40000.0,40000.0,40000.0,40000.0,40000.0,40000.0,39746.042969,40000.0,40000.0,40000.0,40000.0,40000.0,40000.0,40000.0,40000.0,40000.0,40000.0,40000.0,40000.0,40000.0,5000.0,12884.112434,-203.682773,5619.878867,0,true,true,1.0,-306.344478,0,0.0,0.0,1.0
12,4729,53.05,64531.079434,71597.296383,68920.019996,68616.97202,23963.710601,-1599.063159,-950.926823,1038.715982,-0.547519,5.226957,-148.491943,1.0,0.0,1.0,0.0,0.0,0.0,0,0,0,0,0,0,0,0,0,0,0,0,0,0,0,10783.930664,40000.0,40000.0,40000.0,40000.0,40000.0,40000.0,40000.0,40000.0,40000.0,39890.015625,40000.0,40000.0,40000.0,40000.0,40000.0,40000.0,40000.0,40000.0,40000.0,40000.0,40000.0,40000.0,40000.0,5000.0,12800.296531,-201.517359,5562.892241,0,true,true,1.0,-306.334478,0,0.0,0.0,1.0
12,4730,53.1,64618.553437,-98415.84982,68972.053504,-99789.025523,23905.900825,-1587.90278,-944.727811,1061.053191,-0.548095,5.295991,-148.498245,1.0,0.0,1.0,0.0,0.0,0.0,0,0,0,0,0,0,0,0,0,0,0,0,0,0,0,10683.52832,40000.0,40000.0,40000.0,40000.0,40000.0,40000.0,40000.0,40000.0,40000.0,40000.0,40000.0,40000.0,40000.0,40000.0,40000.0,40000.0,40000.0,40000.0,40000.0,40000.0,40000.0,40000.0,40000.0,5000.0,12700.342273,-199.383105,5499.272737,0,true,true,1.0,-306.324478,0,0.0,0.0,1.0
12,4731,53.15,64690.675911,71525.173909,69014.972396,68574.053127,23857.085974,-1577.095959,-938.623227,1075.671623,-0.548434,5.33613,-148.501907,1.0,0.0,1.0,0.0,0.0,0.0,0,0,0,0,0,0,0,0,0,0,0,0,0,0,0,10600.365234,40000.0,40000.0,40000.0,40000.0,40000.0,40000.0,40000.0,40000.0,40000.0,40000.0,40000.0,40000.0,40000.0,40000.0,40000.0,40000.0,40000.0,40000.0,40000.0,40000.0,40000.0,40000.0,40000.0,5000.0,12616.110562,-197.964279,5449.559314,0,true,true,1.0,-306.314478,0,0.0,0.0,1.0
12,4732,53.2,64763.787362,-98488.961271,69058.494237,-99832.547365,23806.586883,-1569.402597,-934.346089,1093.087886,-0.54869,5.36622,-148.504654,1.0,0.0,1.0,0.0,0.0,0.0,0,0,0,0,0,0,0,0,0,0,0,0,0,0,0,10515.818359,40000.0,40000.0,40000.0,40000.0,40000.0,40000.0,40000.0,40000.0,40000.0,40000.0,40000.0,40000.0,40000.0,40000.0,40000.0,40000.0,40000.0,40000.0,40000.0,40000.0,40000.0,40000.0,40000.0,5000.0,12529.553749,-196.746213,5400.597852,0,true,true,1.0,-306.304478,0,0.0,0.0,1.0
12,4733,53.25,64851.640412,71437.320859,69110.808951,68521.738414,23744.592417,-1557.723534,-927.722014,1108.699164,-0.548925,5.393742,-148.507156,1.0,0.0,1.0,0.0,0.0,0.0,0,0,0,0,0,0,0,0,0,0,0,0,0,0,0,10414.018555,40000.0,40000.0,40000.0,40000.0,40000.0,40000.0,40000.0,40000.0,40000.0,40000.0,40000.0,40000.0,40000.0,40000.0,40000.0,40000.0,40000.0,40000.0,40000.0,40000.0,40000.0,40000.0,40000.0,5000.0,12424.53987,-195.471991,5342.454697,0,true,true,1.0,-306.294478,0,0.0,0.0,1.0
12,4734,53.3,64929.093621,-98566.414479,69156.945574,-99878.683987,23688.875714,-1546.073748,-921.048735,1118.799792,-0.54906,5.409487,-148.508591,1.0,0.0,1.0,0.0,0.0,0.0,0,0,0,0,0,0,0,0,0,0,0,0,0,0,0,10324.071289,40000.0,40000.0,40000.0,40000.0,40000.0,40000.0,40000.0,40000.0,40000.0,40000.0,40000.0,40000.0,40000.0,40000.0,40000.0,40000.0,40000.0,40000.0,40000.0,40000.0,40000.0,40000.0,40000.0,5000.0,12331.015809,-194.527108,5292.058556,0,true,true,1.0,-306.284478,0,0.0,0.0,1.0
12,4735,53.35,65001.282352,71365.132127,69199.957596,68478.726392,23636.030429,-1540.613501,-918.023935,1133.889107,-0.54916,5.421157,-148.509659,1.0,0.0,1.0,0.0,0.0,0.0,0,0,0,0,0,0,0,0,0,0,0,0,0,0,0,10240.163086,40000.0,40000.0,40000.0,40000.0,40000.0,40000.0,40000.0,40000.0,40000.0,40000.0,40000.0,40000.0,40000.0,40000.0,40000.0,40000.0,40000.0,40000.0,40000.0,40000.0,40000.0,40000.0,40000.0,5000.0,12243.455919,-193.72074,5244.866249,0,true,true,1.0,-306.274478,0,0.0,0.0,1.0
12,4736,53.4,65071.234852,-98636.366979,69241.646934,-99920.373326,23584.040018,-1535.650014,-915.271706,1147.666589,-0.549236,5.429907,-148.510452,1.0,0.0,1.0,0.0,0.0,0.0,0,0,0,0,0,0,0,0,0,0,0,0,0,0,0,10158.791016,40000.0,40000.0,40000.0,40000.0,40000.0,40000.0,40000.0,40000.0,40000.0,40000.0,40000.0,40000.0,40000.0,40000.0,40000.0,40000.0,40000.0,40000.0,40000.0,40000.0,40000.0,40000.0,40000.0,5000.0,12158.278343,-193.001986,5198.935578,0,true,true,1.0,-306.264478,0,0.0,0.0,1.0
12,4737,53.45,65163.129323,71273.237657,69296.426591,68423.946734,23514.692787,-1527.674973,-910.767354,1161.942837,-0.549304,5.437803,-148.511169,1.0,0.0,1.0,0.0,0.0,0.0,0,0,0,0,0,0,0,0,0,0,0,0,0,0,0,10051.805664,40000.0,40000.0,40000.0,40000.0,40000.0,40000.0,40000.0,40000.0,40000.0,40000.0,40000.0,40000.0,40000.0,40000.0,40000.0,40000.0,40000.0,40000.0,40000.0,40000.0,40000.0,40000.0,40000.0,5000.0,12045.931661,-192.1441,5138.351495,0,true,true,1.0,-306.254478,0,0.0,0.0,1.0
12,4738,53.5,65230.613234,-98703.850891,69336.663775,-99960.610509,23462.990236,-1521.655552,-907.34729,1170.856101,-0.549343,5.442371,-148.511597,1.0,0.0,1.0,0.0,0.0,0.0,0,0,0,0,0,0,0,0,0,0,0,0,0,0,0,9973.207031,40000.0,40000.0,40000.0,40000.0,40000.0,40000.0,40000.0,40000.0,40000.0,40000.0,40000.0,40000.0,40000.0,40000.0,40000.0,40000.0,40000.0,40000.0,40000.0,40000.0,40000.0,40000.0,40000.0,5000.0,11963.229813,-191.551658,5093.365082,0,true,true,1.0,-306.244478,0,0.0,0.0,1.0
12,4739,53.55,65314.739673,71189.111218,69386.834056,68373.776453,23397.718447,-1515.428794,-903.829382,1182.292723,-0.54938,5.446562,-148.511978,1.0,0.0,1.0,0.0,0.0,0.0,0,0,0,0,0,0,0,0,0,0,0,0,0,0,0,9875.183594,40000.0,40000.0,40000.0,40000.0,40000.0,40000.0,40000.0,40000.0,40000.0,40000.0,40000.0,40000.0,40000.0,40000.0,40000.0,40000.0,40000.0,40000.0,40000.0,40000.0,40000.0,40000.0,40000.0,5000.0,11859.906825,-190.856253,5036.800224,0,true,true,1.0,-306.234478,0,0.0,0.0,1.0
12,4740,53.6,65383.41592,-98772.527138,69427.798078,-100001.574531,23343.816439,-1511.211027,-901.461869,1191.734314,-0.549401,5.449001,-148.512192,1.0,0.0,1.0,0.0,0.0,0.0,0,0,0,0,0,0,0,0,0,0,0,0,0,0,0,9796.125977,40000.0,40000.0,40000.0,40000.0,40000.0,40000.0,40000.0,40000.0,40000.0,40000.0,40000.0,40000.0,40000.0,40000.0,40000.0,40000.0,40000.0,40000.0,40000.0,40000.0,40000.0,40000.0,40000.0,5000.0,11775.404851,-190.318364,4990.222722,0,true,true,1.0,-306.224478,0,0.0,0.0,1.0
12,4741,53.65,65451.768524,71120.758614,69468.575457,68332.999073,23289.629605,-1504.962907,-897.872453,1197.23649,-0.549417,5.45084,-148.51236,1.0,0.0,1.0,0.0,0.0,0.0,0,0,0,0,0,0,0,0,0,0,0,0,0,0,0,9768.095703,40000.0,40000.0,40000.0,40000.0,40000.0,40000.0,40000.0,40000.0,40000.0,40000.0,40000.0,40000.0,40000.0,40000.0,40000.0,40000.0,40000.0,40000.0,40000.0,40000.0,40000.0,40000.0,40000.0,5000.0,11691.191774,-189.803927,4943.45583,0,true,true,1.0,-306.214478,0,0.0,0.0,1.0
12,4742,53.7,65534.246496,-98855.00511,69517.787594,-100050.786668,23223.562967,-1500.679627,-895.471429,1207.312455,-0.549431,5.452533,-148.512512,1.0,0.0,1.0,0.0,0.0,0.0,0,0,0,0,0,0,0,0,0,0,0,0,0,0,0,9925.508789,40000.0,40000.0,40000.0,40000.0,40000.0,40000.0,40000.0,40000.0,40000.0,40000.0,40000.0,40000.0,40000.0,40000.0,40000.0,40000.0,40000.0,40000.0,40000.0,40000.0,40000.0,40000.0,40000.0,5000.0,11589.457635,-189.205696,4886.460032,0,true,true,1.0,-306.204478,0,0.0,0.0,1.0
12,4743,53.75,65604.906146,71050.098964,69559.954629,68290.832038,23166.460107,-1494.911376,-892.152424,1211.943162,-0.54944,5.45351,-148.512604,1.0,0.0,1.0,0.0,0.0,0.0,0,0,0,0,0,0,0,0,0,0,0,0,0,0,0,9838.84375,40000.0,40000.0,40000.0,40000.0,40000.0,40000.0,40000.0,40000.0,40000.0,40000.0,40000.0,40000.0,40000.0,40000.0,40000.0,40000.0,40000.0,40000.0,40000.0,40000.0,40000.0,40000.0,40000.0,5000.0,11502.207121,-188.711649,4837.230641,0,true,true,1.0,-306.194478,0,0.0,0.0,1.0
12,4744,53.8,65686.104162,-98936.203127,69608.417354,-100099.249392,23100.216611,-1492.505653,-890.847941,1222.312887,-0.549448,5.454408,-148.512695,1.0,0.0,1.0,0.0,0.0,0.0,0,0,0,0,0,0,0,0,0,0,0,0,0,0,0,9739.285156,40000.0,40000.0,40000.0,40000.0,40000.0,40000.0,40000.0,40000.0,40000.0,40000.0,40000.0,40000.0,40000.0,40000.0,40000.0,40000.0,40000.0,40000.0,40000.0,40000.0,40000.0,40000.0,40000.0,5000.0,11401.860052,-188.159597,4780.086629,0,true,true,1.0,-306.184478,0,0.0,0.0,1.0
12,4745,53.85,65750.183427,70986.019699,69646.667898,68252.581494,23047.70135,-1480.233262,-883.61955,1214.651213,-0.549451,5.454799,-148.512726,1.0,0.0,1.0,0.0,0.0,0.0,0,0,0,0,0,0,0,0,0,0,0,0,0,0,0,9660.748047,40000.0,40000.0,40000.0,40000.0,40000.0,40000.0,40000.0,40000.0,40000.0,40000.0,40000.0,40000.0,40000.0,40000.0,40000.0,40000.0,40000.0,40000.0,40000.0,40000.0,40000.0,40000.0,40000.0,5000.0,11322.616015,-187.735811,4734.818869,0,true,true,1.0,-306.174478,0,0.0,0.0,1.0
12,4746,53.9,65833.241673,-99019.261373,69696.253157,-100148.834651,22978.927609,-1485.067646,-886.621998,1234.074137,-0.549453,5.455012,-148.512741,1.0,0.0,1.0,0.0,0.0,0.0,0,0,0,0,0,0,0,0,0,0,0,0,0,0,0,9558.981445,40000.0,40000.0,40000.0,40000.0,40000.0,40000.0,40000.0,40000.0,40000.0,40000.0,40000.0,40000.0,40000.0,40000.0,40000.0,40000.0,40000.0,40000.0,40000.0,40000.0,40000.0,40000.0,40000.0,5000.0,11219.806589,-187.202872,4675.5019,0,true,true,1.0,-306.164478,0,0.0,0.0,1.0
12,4747,53.95,65899.348661,70919.912712,69735.723086,68213.111565,22923.810318,-1480.847625,-884.188849,1236.992309,-0.549453,5.455012,-148.512741,1.0,0.0,1.0,0.0,0.0,0.0,0,0,0,0,0,0,0,0,0,0,0,0,0,0,0,9478.004883,40000.0,40000.0,40000.0,40000.0,40000.0,40000.0,40000.0,40000.0,40000.0,40000.0,40000.0,40000.0,40000.0,40000.0,40000.0,40000.0,40000.0,40000.0,40000.0,40000.0,40000.0,40000.0,40000.0,5000.0,11137.926931,-186.788854,4627.946931,0,true,true,1.0,-306.154478,0,0.0,0.0,1.0
12,4748,54.0,65982.518426,-99102.431138,69785.385783,-100198.497348,22854.032446,-1478.397831,-882.827242,1244.079082,-0.549453,5.455012,-148.512741,1.0,0.0,1.0,0.0,0.0,0.0,0,0,0,0,0,0,0,0,0,0,0,0,0,0,0,9376.144531,40000.0,40000.0,40000.0,40000.0,40000.0,40000.0,40000.0,40000.0,40000.0,40000.0,40000.0,40000.0,40000.0,40000.0,40000.0,40000.0,40000.0,40000.0,40000.0,40000.0,40000.0,40000.0,40000.0,5000.0,11034.869418,-186.276589,4567.685571,0,true,true,1.0,-306.144478,0,0.0,0.0,1.0
12,4749,54.05,66047.674855,70854.756284,69824.296081,68174.201267,22799.036191,-1475.466895,-881.150709,1247.522506,-0.549453,5.455012,-148.512741,1.0,0.0,1.0,0.0,0.0,0.0,0,0,0,0,0,0,0,0,0,0,0,0,0,0,0,9296.357422,40000.0,40000.0,40000.0,40000.0,40000.0,40000.0,40000.0,40000.0,40000.0,40000.0,40000.0,40000.0,40000.0,40000.0,40000.0,40000.0,40000.0,40000.0,40000.0,40000.0,40000.0,40000.0,40000.0,5000.0,10954.099167,-185.881677,4520.146429,0,true,true,1.0,-306.134478,0,0.0,0.0,1.0
12,4750,54.1,66128.673099,-99183.429382,69872.67118,-100246.872447,22730.300657,-1473.485728,-880.052884,1253.605569,-0.549453,5.455012,-148.512741,1.0,0.0,1.0,0.0,0.0,0.0,0,0,0,0,0,0,0,0,0,0,0,0,0,0,0,9197.18457,40000.0,40000.0,40000.0,40000.0,40000.0,40000.0,40000.0,40000.0,40000.0,40000.0,40000.0,40000.0,40000.0,40000.0,40000.0,40000.0,40000.0,40000.0,40000.0,40000.0,40000.0,40000.0,40000.0,5000.0,10853.653614,-185.397959,4460.683026,0,true,true,1.0,-306.124478,0,0.0,0.0,1.0
12,4751,54.15,66197.273565,70786.155818,69913.645416,68133.227031,22671.819397,-1470.02537,-878.053346,1255.533004,-0.549453,5.455012,-148.512741,1.0,0.0,1.0,0.0,0.0,0.0,0,0,0,0,0,0,0,0,0,0,0,0,0,0,0,9113.201172,40000.0,40000.0,40000.0,40000.0,40000.0,40000.0,40000.0,40000.0,40000.0,40000.0,40000.0,40000.0,40000.0,40000.0,40000.0,40000.0,40000.0,40000.0,40000.0,40000.0,40000.0,40000.0,40000.0,5000.0,10768.555309,-184.993842,4410.056107,0,true,true,1.0,-306.114478,0,0.0,0.0,1.0
12,4752,54.2,66277.549551,-99263.705369,69961.597075,-100294.824106,22603.026545,-1467.996589,-876.914527,1260.213347,-0.549453,5.455012,-148.512741,1.0,0.0,1.0,0.0,0.0,0.0,0,0,0,0,0,0,0,0,0,0,0,0,0,0,0,9014.936523,40000.0,40000.0,40000.0,40000.0,40000.0,40000.0,40000.0,40000.0,40000.0,40000.0,40000.0,40000.0,40000.0,40000.0,40000.0,40000.0,40000.0,40000.0,40000.0,40000.0,40000.0,40000.0,40000.0,5000.0,10668.937592,-184.527583,4350.456232,0,true,true,1.0,-306.104478,0,0.0,0.0,1.0
12,4753,54.25,66343.500039,70720.20533,70000.994485,68093.829621,22546.281505,-1465.502268,-875.480316,1262.356635,-0.549453,5.455012,-148.512741,1.0,0.0,1.0,0.0,0.0,0.0,0,0,0,0,0,0,0,0,0,0,0,0,0,0,0,8934.21582,40000.0,40000.0,40000.0,40000.0,40000.0,40000.0,40000.0,40000.0,40000.0,40000.0,40000.0,40000.0,40000.0,40000.0,40000.0,40000.0,40000.0,40000.0,40000.0,40000.0,40000.0,40000.0,40000.0,5000.0,10587.073751,-184.149159,4301.264864,0,true,true,1.0,-306.094478,0,0.0,0.0,1.0
12,4754,54.3,66424.952262,-99345.157592,70049.65561,-100343.485231,22475.91583,-1464.670561,-875.047531,1267.887506,-0.549453,5.455012,-148.512741,1.0,0.0,1.0,0.0,0.0,0.0,0,0,0,0,0,0,0,0,0,0,0,0,0,0,0,8834.532227,40000.0,40000.0,40000.0,40000.0,40000.0,40000.0,40000.0,40000.0,40000.0,40000.0,40000.0,40000.0,40000.0,40000.0,40000.0,40000.0,40000.0,40000.0,40000.0,40000.0,40000.0,40000.0,40000.0,5000.0,10485.939133,-183.687306,4240.229845,0,true,true,1.0,-306.084478,0,0.0,0.0,1.0
12,4755,54.35,66490.718835,70654.438757,70088.948318,68054.536913,22418.89625,-1460.618905,-872.674922,1266.81821,-0.549453,5.455012,-148.512741,1.0,0.0,1.0,0.0,0.0,0.0,0,0,0,0,0,0,0,0,0,0,0,0,0,0,0,8754.052734,40000.0,40000.0,40000.0,40000.0,40000.0,40000.0,40000.0,40000.0,40000.0,40000.0,40000.0,40000.0,40000.0,40000.0,40000.0,40000.0,40000.0,40000.0,40000.0,40000.0,40000.0,40000.0,40000.0,5000.0,10404.259756,-183.318471,4190.745151,0,true,true,1.0,-306.074478,0,0.0,0.0,1.0
12,4756,54.4,66572.569387,-99427.008144,70137.853397,-100392.39031,22347.685417,-1461.298492,-873.136519,1273.741786,-0.549453,5.455012,-148.512741,1.0,0.0,1.0,0.0,0.0,0.0,0,0,0,0,0,0,0,0,0,0,0,0,0,0,0,8653.899414,40000.0,40000.0,40000.0,40000.0,40000.0,40000.0,40000.0,40000.0,40000.0,40000.0,40000.0,40000.0,40000.0,40000.0,40000.0,40000.0,40000.0,40000.0,40000.0,40000.0,40000.0,40000.0,40000.0,5000.0,10302.579812,-182.864242,4128.913243,0,true,true,1.0,-306.064478,0,0.0,0.0,1.0
12,4757,54.45,66639.235417,70587.772728,70177.688045,68014.702264,22289.508219,-1458.54874,-871.535497,1273.990925,-0.549453,5.455012,-148.512741,1.0,0.0,1.0,0.0,0.0,0.0,0,0,0,0,0,0,0,0,0,0,0,0,0,0,0,8572.333008,40000.0,40000.0,40000.0,40000.0,40000.0,40000.0,40000.0,40000.0,40000.0,40000.0,40000.0,40000.0,40000.0,40000.0,40000.0,40000.0,40000.0,40000.0,40000.0,40000.0,40000.0,40000.0,40000.0,5000.0,10219.745065,-182.497851,4078.375973,0,true,true,1.0,-306.054478,0,0.0,0.0,1.0
12,4758,54.5,66718.917671,-99506.690398,70225.302612,-100440.004876,22219.745367,-1457.977311,-871.24064,1278.054717,-0.549453,5.455012,-148.512741,1.0,0.0,1.0,0.0,0.0,0.0,0,0,0,0,0,0,0,0,0,0,0,0,0,0,0,8474.848633,40000.0,40000.0,40000.0,40000.0,40000.0,40000.0,40000.0,40000.0,40000.0,40000.0,40000.0,40000.0,40000.0,40000.0,40000.0,40000.0,40000.0,40000.0,40000.0,40000.0,40000.0,40000.0,40000.0,5000.0,10120.714421,-182.064126,4017.745885,0,true,true,1.0,-306.044478,0,0.0,0.0,1.0
12,4759,54.55,66786.828119,70519.86228,70265.884811,67974.120066,22160.160371,-1455.68826,-869.909651,1278.452349,-0.549453,5.455012,-148.512741,1.0,0.0,1.0,0.0,0.0,0.0,0,0,0,0,0,0,0,0,0,0,0,0,0,0,0,8391.771484,40000.0,40000.0,40000.0,40000.0,40000.0,40000.0,40000.0,40000.0,40000.0,40000.0,40000.0,40000.0,40000.0,40000.0,40000.0,40000.0,40000.0,40000.0,40000.0,40000.0,40000.0,40000.0,40000.0,5000.0,10036.30078,-181.697358,3965.94513,0,true,true,1.0,-306.034478,0,0.0,0.0,1.0
12,4760,54.6,66851.281146,-99571.143426,70304.402425,-100478.52249,22103.454611,-1454.092652,-868.988802,1279.464533,-0.549453,5.455012,-148.512741,1.0,0.0,1.0,0.0,0.0,0.0,0,0,0,0,0,0,0,0,0,0,0,0,0,0,0,8312.928711,40000.0,40000.0,40000.0,40000.0,40000.0,40000.0,40000.0,40000.0,40000.0,40000.0,40000.0,40000.0,40000.0,40000.0,40000.0,40000.0,40000.0,40000.0,40000.0,40000.0,40000.0,40000.0,40000.0,5000.0,9956.169303,-181.352026,3916.628098,0,true,true,1.0,-306.024478,0,0.0,0.0,1.0
12,4761,54.65,66933.033154,70438.110272,70353.260034,67925.262456,22031.371736,-1453.205075,-868.496871,1282.17901,-0.549453,5.455012,-148.512741,1.0,0.0,1.0,0.0,0.0,0.0,0,0,0,0,0,0,0,0,0,0,0,0,0,0,0,8212.930664,40000.0,40000.0,40000.0,40000.0,40000.0,40000.0,40000.0,40000.0,40000.0,40000.0,40000.0,40000.0,40000.0,40000.0,40000.0,40000.0,40000.0,40000.0,40000.0,40000.0,40000.0,40000.0,40000.0,5000.0,9854.514794,-180.917212,3853.917897,0,true,true,1.0,-306.014478,0,0.0,0.0,1.0
12,4762,54.7,67001.570879,-99639.681151,70394.221972,-100519.484429,21970.832276,-1453.747373,-868.850929,1286.190311,-0.549453,5.455012,-148.512741,1.0,0.0,1.0,0.0,0.0,0.0,0,0,0,0,0,0,0,0,0,0,0,0,0,0,0,8129.101074,40000.0,40000.0,40000.0,40000.0,40000.0,40000.0,40000.0,40000.0,40000.0,40000.0,40000.0,40000.0,40000.0,40000.0,40000.0,40000.0,40000.0,40000.0,40000.0,40000.0,40000.0,40000.0,40000.0,5000.0,9769.280482,-180.55508,3801.236711,0,true,true,1.0,-306.004478,0,0.0,0.0,1.0
12,4763,54.75,67083.805881,70355.87527,70443.371927,67876.112502,21898.016062,-1449.989495,-866.638171,1283.907607,-0.549453,5.455012,-148.512741,1.0,0.0,1.0,0.0,0.0,0.0,0,0,0,0,0,0,0,0,0,0,0,0,0,0,0,8028.523926,40000.0,40000.0,40000.0,40000.0,40000.0,40000.0,40000.0,40000.0,40000.0,40000.0,40000.0,40000.0,40000.0,40000.0,40000.0,40000.0,40000.0,40000.0,40000.0,40000.0,40000.0,40000.0,40000.0,5000.0,9666.994244,-180.123779,3737.850166,0,true,true,1.0,-305.994478,0,0.0,0.0,1.0
12,4764,54.8,67153.792161,-99709.667431,70485.202531,-100561.315033,21835.961136,-1447.736748,-865.317869,1283.197487,-0.549453,5.455012,-148.512741,1.0,0.0,1.0,0.0,0.0,0.0,0,0,0,0,0,0,0,0,0,0,0,0,0,0,0,7942.931641,40000.0,40000.0,40000.0,40000.0,40000.0,40000.0,40000.0,40000.0,40000.0,40000.0,40000.0,40000.0,40000.0,40000.0,40000.0,40000.0,40000.0,40000.0,40000.0,40000.0,40000.0,40000.0,40000.0,5000.0,9579.934539,-179.758742,3683.820848,0,true,true,1.0,-305.984478,0,0.0,0.0,1.0
12,4765,54.85,67231.234145,70278.433286,70531.490827,67829.824206,21767.291914,-1440.904576,-861.261056,1275.494876,-0.549453,5.455012,-148.512741,1.0,0.0,1.0,0.0,0.0,0.0,0,0,0,0,0,0,0,0,0,0,0,0,0,0,0,7848.225098,40000.0,40000.0,40000.0,40000.0,40000.0,40000.0,40000.0,40000.0,40000.0,40000.0,40000.0,40000.0,40000.0,40000.0,40000.0,40000.0,40000.0,40000.0,40000.0,40000.0,40000.0,40000.0,40000.0,5000.0,9483.599198,-179.356076,3624.03231,0,true,true,1.0,-305.974478,0,0.0,0.0,1.0
12,4766,54.9,67294.993594,-99773.42688,70569.601852,-100599.426058,21710.526894,-1450.489604,-867.010782,1292.491651,-0.549453,5.455012,-148.512741,1.0,0.0,1.0,0.0,0.0,0.0,0,0,0,0,0,0,0,0,0,0,0,0,0,0,0,7770.254883,40000.0,40000.0,40000.0,40000.0,40000.0,40000.0,40000.0,40000.0,40000.0,40000.0,40000.0,40000.0,40000.0,40000.0,40000.0,40000.0,40000.0,40000.0,40000.0,40000.0,40000.0,40000.0,40000.0,5000.0,9404.262265,-179.027583,3574.580027,0,true,true,1.0,-305.964478,0,0.0,0.0,1.0
12,4767,54.95,67363.146433,70210.280447,70610.339911,67789.086148,21649.809814,-1445.113914,-863.818014,1286.326705,-0.549453,5.455012,-148.512741,1.0,0.0,1.0,0.0,0.0,0.0,0,0,0,0,0,0,0,0,0,0,0,0,0,0,0,7537.543457,40000.0,40000.0,40000.0,40000.0,40000.0,40000.0,40000.0,40000.0,40000.0,40000.0,40000.0,40000.0,40000.0,40000.0,40000.0,40000.0,40000.0,40000.0,40000.0,40000.0,40000.0,40000.0,40000.0,5000.0,9319.454201,-178.677666,3521.679816,0,true,true,1.0,-305.954478,0,0.0,0.0,1.0
12,4768,55.0,67441.054791,-99851.335239,70656.910404,-100645.996552,21580.248767,-1449.104969,-866.225409,1294.823963,-0.549453,5.455012,-148.512741,1.0,0.0,1.0,0.0,0.0,0.0,0,0,0,0,0,0,0,0,0,0,0,0,0,0,0,7445.64209,40000.0,40000.0,40000.0,40000.0,40000.0,40000.0,40000.0,40000.0,40000.0,40000.0,40000.0,40000.0,40000.0,40000.0,40000.0,40000.0,40000.0,40000.0,40000.0,40000.0,40000.0,40000.0,40000.0,5000.0,9222.491451,-178.280072,3461.05532,0,true,true,1.0,-305.944478,0,0.0,0.0,1.0
12,4769,55.05,67506.602423,70144.732816,70696.093022,67749.903529,21521.676344,-1447.130653,-865.062216,1293.554355,-0.549453,5.455012,-148.512741,1.0,0.0,1.0,0.0,0.0,0.0,0,0,0,0,0,0,0,0,0,0,0,0,0,0,0,7368.321777,40000.0,40000.0,40000.0,40000.0,40000.0,40000.0,40000.0,40000.0,40000.0,40000.0,40000.0,40000.0,40000.0,40000.0,40000.0,40000.0,40000.0,40000.0,40000.0,40000.0,40000.0,40000.0,40000.0,5000.0,9140.907553,-177.946757,3410.00187,0,true,true,1.0,-305.934478,0,0.0,0.0,1.0
12,4770,55.1,67589.13737,-99933.870186,70745.431248,-100695.334777,21447.843416,-1447.287018,-865.175516,1295.899323,-0.549453,5.455012,-148.512741,1.0,0.0,1.0,0.0,0.0,0.0,0,0,0,0,0,0,0,0,0,0,0,0,0,0,0,7270.962891,40000.0,40000.0,40000.0,40000.0,40000.0,40000.0,40000.0,40000.0,40000.0,40000.0,40000.0,40000.0,40000.0,40000.0,40000.0,40000.0,40000.0,40000.0,40000.0,40000.0,40000.0,40000.0,40000.0,5000.0,9038.172151,-177.528724,3345.63696,0,true,true,1.0,-305.924478,0,0.0,0.0,1.0
12,4771,55.15,67655.165247,70078.704938,70784.902558,67710.432219,21388.709202,-1445.654593,-864.214341,1294.912445,-0.549453,5.455012,-148.512741,1.0,0.0,1.0,0.0,0.0,0.0,0,0,0,0,0,0,0,0,0,0,0,0,0,0,0,7193.076172,40000.0,40000.0,40000.0,40000.0,40000.0,40000.0,40000.0,40000.0,40000.0,40000.0,40000.0,40000.0,40000.0,40000.0,40000.0,40000.0,40000.0,40000.0,40000.0,40000.0,40000.0,40000.0,40000.0,5000.0,8955.977065,-177.195609,3294.077507,0,true,true,1.0,-305.914478,0,0.0,0.0,1.0
12,4772,55.2,67734.459062,-100013.164,70832.305055,-100742.737274,21317.600359,-1446.230842,-864.575169,1297.542878,-0.549453,5.455012,-148.512741,1.0,0.0,1.0,0.0,0.0,0.0,0,0,0,0,0,0,0,0,0,0,0,0,0,0,0,7099.541016,40000.0,40000.0,40000.0,40000.0,40000.0,40000.0,40000.0,40000.0,40000.0,40000.0,40000.0,40000.0,40000.0,40000.0,40000.0,40000.0,40000.0,40000.0,40000.0,40000.0,40000.0,40000.0,40000.0,5000.0,8857.258474,-176.797178,3232.06578,0,true,true,1.0,-305.904478,0,0.0,0.0,1.0
12,4773,55.25,67803.775181,70009.38882,70873.743514,67668.993761,21255.430741,-1445.594675,-864.208113,1297.955203,-0.549453,5.455012,-148.512741,1.0,0.0,1.0,0.0,0.0,0.0,0,0,0,0,0,0,0,0,0,0,0,0,0,0,0,7017.775879,40000.0,40000.0,40000.0,40000.0,40000.0,40000.0,40000.0,40000.0,40000.0,40000.0,40000.0,40000.0,40000.0,40000.0,40000.0,40000.0,40000.0,40000.0,40000.0,40000.0,40000.0,40000.0,40000.0,5000.0,8770.960655,-176.449569,3177.848651,0,true,true,1.0,-305.894478,0,0.0,0.0,1.0
12,4774,55.3,67870.7917,-100080.18052,70913.807803,-100782.801564,21195.253731,-1445.145515,-863.95152,1298.518187,-0.549453,5.455012,-148.512741,1.0,0.0,1.0,0.0,0.0,0.0,0,0,0,0,0,0,0,0,0,0,0,0,0,0,0,6938.723145,40000.0,40000.0,40000.0,40000.0,40000.0,40000.0,40000.0,40000.0,40000.0,40000.0,40000.0,40000.0,40000.0,40000.0,40000.0,40000.0,40000.0,40000.0,40000.0,40000.0,40000.0,40000.0,40000.0,5000.0,8687.518869,-176.114649,3125.360653,0,true,true,1.0,-305.884478,0,0.0,0.0,1.0
12,4775,55.35,67937.405793,69942.774727,70953.632036,67629.169528,21135.39165,-1444.116331,-863.347295,1298.082616,-0.549453,5.455012,-148.512741,1.0,0.0,1.0,0.0,0.0,0.0,0,0,0,0,0,0,0,0,0,0,0,0,0,0,0,6860.14502,40000.0,40000.0,40000.0,40000.0,40000.0,40000.0,40000.0,40000.0,40000.0,40000.0,40000.0,40000.0,40000.0,40000.0,40000.0,40000.0,40000.0,40000.0,40000.0,40000.0,40000.0,40000.0,40000.0,5000.0,8604.573454,-175.782631,3073.141656,0,true,true,1.0,-305.874478,0,0.0,0.0,1.0
12,4776,55.4,68020.782923,-100163.55765,71003.478484,-100832.648012,21060.413511,-1444.240401,-863.434272,1299.63334,-0.549453,5.455012,-148.512741,1.0,0.0,1.0,0.0,0.0,0.0,0,0,0,0,0,0,0,0,0,0,0,0,0,0,0,6761.793457,40000.0,40000.0,40000.0,40000.0,40000.0,40000.0,40000.0,40000.0,40000.0,40000.0,40000.0,40000.0,40000.0,40000.0,40000.0,40000.0,40000.0,40000.0,40000.0,40000.0,40000.0,40000.0,40000.0,5000.0,8500.750013,-175.368144,3007.730215,0,true,true,1.0,-305.864478,0,0.0,0.0,1.0
12,4777,55.45,68085.463956,69878.093694,71042.148082,67590.49993,21002.187496,-1443.519015,-863.012178,1299.479134,-0.549453,5.455012,-148.512741,1.0,0.0,1.0,0.0,0.0,0.0,0,0,0,0,0,0,0,0,0,0,0,0,0,0,0,6685.496094,40000.0,40000.0,40000.0,40000.0,40000.0,40000.0,40000.0,40000.0,40000.0,40000.0,40000.0,40000.0,40000.0,40000.0,40000.0,40000.0,40000.0,40000.0,40000.0,40000.0,40000.0,40000.0,40000.0,5000.0,8420.201438,-175.04759,2956.926012,0,true,true,1.0,-305.854478,0,0.0,0.0,1.0
12,4778,55.5,68166.76814,-100244.861833,71090.756398,-100881.256328,20928.956271,-1444.708635,-863.73411,1302.475782,-0.549453,5.455012,-148.512741,1.0,0.0,1.0,0.0,0.0,0.0,0,0,0,0,0,0,0,0,0,0,0,0,0,0,0,6589.589844,40000.0,40000.0,40000.0,40000.0,40000.0,40000.0,40000.0,40000.0,40000.0,40000.0,40000.0,40000.0,40000.0,40000.0,40000.0,40000.0,40000.0,40000.0,40000.0,40000.0,40000.0,40000.0,40000.0,5000.0,8318.947536,-174.64552,2893.02424,0,true,true,1.0,-305.844478,0,0.0,0.0,1.0
12,4779,55.55,68232.027093,69812.83474,71129.77237,67551.483958,20870.142605,-1442.66293,-862.519021,1300.117706,-0.549453,5.455012,-148.512741,1.0,0.0,1.0,0.0,0.0,0.0,0,0,0,0,0,0,0,0,0,0,0,0,0,0,0,6512.61084,40000.0,40000.0,40000.0,40000.0,40000.0,40000.0,40000.0,40000.0,40000.0,40000.0,40000.0,40000.0,40000.0,40000.0,40000.0,40000.0,40000.0,40000.0,40000.0,40000.0,40000.0,40000.0,40000.0,5000.0,8237.672408,-174.323483,2841.699057,0,true,true,1.0,-305.834478,0,0.0,0.0,1.0
12,4780,55.6,68312.300314,-100325.135054,71177.765301,-100929.249259,20797.748423,-1443.748732,-863.177264,1302.77971,-0.549453,5.455012,-148.512741,1.0,0.0,1.0,0.0,0.0,0.0,0,0,0,0,0,0,0,0,0,0,0,0,0,0,0,6417.920898,40000.0,40000.0,40000.0,40000.0,40000.0,40000.0,40000.0,40000.0,40000.0,40000.0,40000.0,40000.0,40000.0,40000.0,40000.0,40000.0,40000.0,40000.0,40000.0,40000.0,40000.0,40000.0,40000.0,5000.0,8137.693223,-173.928223,2778.516502,0,true,true,1.0,-305.824478,0,0.0,0.0,1.0
12,4781,55.65,68382.200385,69742.934669,71219.556836,67509.692423,20734.721968,-1442.450415,-862.408353,1301.521825,-0.549453,5.455012,-148.512741,1.0,0.0,1.0,0.0,0.0,0.0,0,0,0,0,0,0,0,0,0,0,0,0,0,0,0,6335.466797,40000.0,40000.0,40000.0,40000.0,40000.0,40000.0,40000.0,40000.0,40000.0,40000.0,40000.0,40000.0,40000.0,40000.0,40000.0,40000.0,40000.0,40000.0,40000.0,40000.0,40000.0,40000.0,40000.0,5000.0,8050.634656,-173.584257,2723.511285,0,true,true,1.0,-305.814478,0,0.0,0.0,1.0
12,4782,55.7,68446.801986,-100389.736655,71258.180844,-100967.873267,20676.407214,-1442.471476,-862.427238,1302.221838,-0.549453,5.455012,-148.512741,1.0,0.0,1.0,0.0,0.0,0.0,0,0,0,0,0,0,0,0,0,0,0,0,0,0,0,6259.263184,40000.0,40000.0,40000.0,40000.0,40000.0,40000.0,40000.0,40000.0,40000.0,40000.0,40000.0,40000.0,40000.0,40000.0,40000.0,40000.0,40000.0,40000.0,40000.0,40000.0,40000.0,40000.0,40000.0,5000.0,7970.168779,-173.267245,2672.610071,0,true,true,1.0,-305.804478,0,0.0,0.0,1.0
12,4783,55.75,68527.766657,69661.969998,71306.588385,67461.284882,20603.292764,-1443.297877,-862.928645,1304.292798,-0.549453,5.455012,-148.512741,1.0,0.0,1.0,0.0,0.0,0.0,0,0,0,0,0,0,0,0,0,0,0,0,0,0,0,6163.757812,40000.0,40000.0,40000.0,40000.0,40000.0,40000.0,40000.0,40000.0,40000.0,40000.0,40000.0,40000.0,40000.0,40000.0,40000.0,40000.0,40000.0,40000.0,40000.0,40000.0,40000.0,40000.0,40000.0,5000.0,7869.31858,-172.870538,2608.787107,0,true,true,1.0,-305.794478,0,0.0,0.0,1.0
12,4784,55.8,68594.072549,-100456.042548,71346.231959,-101007.516841,20543.404658,-1442.901309,-862.697093,1304.259255,-0.549453,5.455012,-148.512741,1.0,0.0,1.0,0.0,0.0,0.0,0,0,0,0,0,0,0,0,0,0,0,0,0,0,0,6085.543945,40000.0,40000.0,40000.0,40000.0,40000.0,40000.0,40000.0,40000.0,40000.0,40000.0,40000.0,40000.0,40000.0,40000.0,40000.0,40000.0,40000.0,40000.0,40000.0,40000.0,40000.0,40000.0,40000.0,5000.0,7786.726253,-172.546011,2556.508317,0,true,true,1.0,-305.784478,0,0.0,0.0,1.0
12,4785,55.85,68663.407675,69592.634873,71387.686943,67419.829898,20480.820285,-1446.164688,-864.653668,1309.959669,-0.549453,5.455012,-148.512741,1.0,0.0,1.0,0.0,0.0,0.0,0,0,0,0,0,0,0,0,0,0,0,0,0,0,0,6008.147949,40000.0,40000.0,40000.0,40000.0,40000.0,40000.0,40000.0,40000.0,40000.0,40000.0,40000.0,40000.0,40000.0,40000.0,40000.0,40000.0,40000.0,40000.0,40000.0,40000.0,40000.0,40000.0,40000.0,5000.0,7700.364279,-172.206504,2501.880731,0,true,true,1.0,-305.774478,0,0.0,0.0,1.0
12,4786,55.9,68735.994859,-100528.629732,71431.086579,-101050.916477,20415.289456,-1442.306827,-862.352342,1304.459477,-0.549453,5.455012,-148.512741,1.0,0.0,1.0,0.0,0.0,0.0,0,0,0,0,0,0,0,0,0,0,0,0,0,0,0,5922.524414,40000.0,40000.0,40000.0,40000.0,40000.0,40000.0,40000.0,40000.0,40000.0,40000.0,40000.0,40000.0,40000.0,40000.0,40000.0,40000.0,40000.0,40000.0,40000.0,40000.0,40000.0,40000.0,40000.0,5000.0,7609.950439,-171.851406,2444.679955,0,true,true,1.0,-305.764478,0,0.0,0.0,1.0
12,4787,55.95,68804.57163,69524.058102,71472.08863,67378.827846,20353.307852,-1440.330517,-861.175317,1301.84804,-0.549453,5.455012,-148.512741,1.0,0.0,1.0,0.0,0.0,0.0,0,0,0,0,0,0,0,0,0,0,0,0,0,0,0,5841.631836,40000.0,40000.0,40000.0,40000.0,40000.0,40000.0,40000.0,40000.0,40000.0,40000.0,40000.0,40000.0,40000.0,40000.0,40000.0,40000.0,40000.0,40000.0,40000.0,40000.0,40000.0,40000.0,40000.0,5000.0,7524.525028,-171.516803,2390.568512,0,true,true,1.0,-305.754478,0,0.0,0.0,1.0
12,4788,56.0,68884.646103,-100608.704204,71519.965419,-101098.793266,20280.864682,-1442.425834,-862.433085,1305.662796,-0.549453,5.455012,-148.512741,1.0,0.0,1.0,0.0,0.0,0.0,0,0,0,0,0,0,0,0,0,0,0,0,0,0,0,6157.037109,40000.0,40000.0,40000.0,40000.0,40000.0,40000.0,40000.0,40000.0,40000.0,40000.0,40000.0,40000.0,40000.0,40000.0,40000.0,40000.0,40000.0,40000.0,40000.0,40000.0,40000.0,40000.0,40000.0,5000.0,7424.77029,-171.126989,2327.315362,0,true,true,1.0,-305.744478,0,0.0,0.0,1.0
12,4789,56.05,68951.735601,69456.968603,71560.078655,67338.714611,20220.180054,-1438.183786,-859.900598,1299.417734,-0.549453,5.455012,-148.512741,1.0,0.0,1.0,0.0,0.0,0.0,0,0,0,0,0,0,0,0,0,0,0,0,0,0,0,6079.652344,40000.0,40000.0,40000.0,40000.0,40000.0,40000.0,40000.0,40000.0,40000.0,40000.0,40000.0,40000.0,40000.0,40000.0,40000.0,40000.0,40000.0,40000.0,40000.0,40000.0,40000.0,40000.0,40000.0,5000.0,7341.192847,-170.800455,2274.330449,0,true,true,1.0,-305.734478,0,0.0,0.0,1.0
12,4790,56.1,69018.490643,-100675.459246,71599.992087,-101138.706698,20159.776545,-1441.367628,-861.807821,1304.790468,-0.549453,5.455012,-148.512741,1.0,0.0,1.0,0.0,0.0,0.0,0,0,0,0,0,0,0,0,0,0,0,0,0,0,0,6002.65332,40000.0,40000.0,40000.0,40000.0,40000.0,40000.0,40000.0,40000.0,40000.0,40000.0,40000.0,40000.0,40000.0,40000.0,40000.0,40000.0,40000.0,40000.0,40000.0,40000.0,40000.0,40000.0,40000.0,5000.0,7258.029933,-170.4759,2221.58838,0,true,true,1.0,-305.724478,0,0.0,0.0,1.0
12,4791,56.15,69099.196256,69376.262991,71648.246899,67290.459798,20086.712029,-1440.186832,-861.105815,1303.36126,-0.549453,5.455012,-148.512741,1.0,0.0,1.0,0.0,0.0,0.0,0,0,0,0,0,0,0,0,0,0,0,0,0,0,0,5909.5625,40000.0,40000.0,40000.0,40000.0,40000.0,40000.0,40000.0,40000.0,40000.0,40000.0,40000.0,40000.0,40000.0,40000.0,40000.0,40000.0,40000.0,40000.0,40000.0,40000.0,40000.0,40000.0,40000.0,5000.0,7157.483804,-170.084057,2157.786586,0,true,true,1.0,-305.714478,0,0.0,0.0,1.0
12,4792,56.2,69168.181186,-100744.444176,71689.493952,-101179.953751,20024.284978,-1441.837033,-862.095663,1306.288668,-0.549453,5.455012,-148.512741,1.0,0.0,1.0,0.0,0.0,0.0,0,0,0,0,0,0,0,0,0,0,0,0,0,0,0,5829.990723,40000.0,40000.0,40000.0,40000.0,40000.0,40000.0,40000.0,40000.0,40000.0,40000.0,40000.0,40000.0,40000.0,40000.0,40000.0,40000.0,40000.0,40000.0,40000.0,40000.0,40000.0,40000.0,40000.0,5000.0,7071.542177,-169.749015,2103.276943,0,true,true,1.0,-305.704478,0,0.0,0.0,1.0
12,4793,56.25,69237.256568,69307.187608,71730.795233,67249.158517,19961.760995,-1439.082914,-860.451882,1302.276967,-0.549453,5.455012,-148.512741,1.0,0.0,1.0,0.0,0.0,0.0,0,0,0,0,0,0,0,0,0,0,0,0,0,0,0,5750.314453,40000.0,40000.0,40000.0,40000.0,40000.0,40000.0,40000.0,40000.0,40000.0,40000.0,40000.0,40000.0,40000.0,40000.0,40000.0,40000.0,40000.0,40000.0,40000.0,40000.0,40000.0,40000.0,40000.0,5000.0,6985.486355,-169.413801,2048.680829,0,true,true,1.0,-305.694478,0,0.0,0.0,1.0
12,4794,56.3,69319.499265,-100826.686873,71779.969638,-101229.128155,19887.270429,-1440.762608,-861.459443,1305.257555,-0.549453,5.455012,-148.512741,1.0,0.0,1.0,0.0,0.0,0.0,0,0,0,0,0,0,0,0,0,0,0,0,0,0,0,5655.450195,40000.0,40000.0,40000.0,40000.0,40000.0,40000.0,40000.0,40000.0,40000.0,40000.0,40000.0,40000.0,40000.0,40000.0,40000.0,40000.0,40000.0,40000.0,40000.0,40000.0,40000.0,40000.0,40000.0,5000.0,6883.021702,-169.015295,1983.629589,0,true,true,1.0,-305.684478,0,0.0,0.0,1.0
12,4795,56.35,69391.042776,69235.644098,71822.746949,67206.381206,19822.50717,-1439.81893,-860.897805,1304.051597,-0.549453,5.455012,-148.512741,1.0,0.0,1.0,0.0,0.0,0.0,0,0,0,0,0,0,0,0,0,0,0,0,0,0,0,5572.92627,40000.0,40000.0,40000.0,40000.0,40000.0,40000.0,40000.0,40000.0,40000.0,40000.0,40000.0,40000.0,40000.0,40000.0,40000.0,40000.0,40000.0,40000.0,40000.0,40000.0,40000.0,40000.0,40000.0,5000.0,6793.890373,-168.668406,1927.077508,0,true,true,1.0,-305.674478,0,0.0,0.0,1.0
12,4796,56.4,69457.318805,-100892.962902,71862.374836,-101268.756042,19762.462021,-1441.608308,-861.969956,1307.100968,-0.549453,5.455012,-148.512741,1.0,0.0,1.0,0.0,0.0,0.0,0,0,0,0,0,0,0,0,0,0,0,0,0,0,0,5496.478516,40000.0,40000.0,40000.0,40000.0,40000.0,40000.0,40000.0,40000.0,40000.0,40000.0,40000.0,40000.0,40000.0,40000.0,40000.0,40000.0,40000.0,40000.0,40000.0,40000.0,40000.0,40000.0,40000.0,5000.0,6711.316624,-168.34763,1874.639215,0,true,true,1.0,-305.664478,0,0.0,0.0,1.0
12,4797,56.45,69522.485454,69170.477448,71901.339496,67167.416546,19703.40487,-1439.776466,-860.876714,1304.440373,-0.549453,5.455012,-148.512741,1.0,0.0,1.0,0.0,0.0,0.0,0,0,0,0,0,0,0,0,0,0,0,0,0,0,0,5421.310059,40000.0,40000.0,40000.0,40000.0,40000.0,40000.0,40000.0,40000.0,40000.0,40000.0,40000.0,40000.0,40000.0,40000.0,40000.0,40000.0,40000.0,40000.0,40000.0,40000.0,40000.0,40000.0,40000.0,5000.0,6630.123385,-168.032468,1823.061675,0,true,true,1.0,-305.654478,0,0.0,0.0,1.0
12,4798,56.5,69603.39533,-100973.872779,71949.717484,-101317.13403,19630.06869,-1441.379874,-861.834138,1307.215847,-0.550972,5.466688,-148.528717,1.0,0.0,1.0,0.0,0.0,-0.279972,0,0,0,0,0,0,0,0,0,0,0,0,0,0,0,5330.094238,40000.0,40000.0,40000.0,40000.0,40000.0,40000.0,40000.0,40000.0,40000.0,40000.0,40000.0,40000.0,40000.0,40000.0,40000.0,40000.0,40000.0,40000.0,40000.0,40000.0,40000.0,40000.0,40000.0,5000.0,6529.722888,-165.842792,1757.664243,0,true,true,1.0,-305.644478,0,0.0,0.0,1.0
12,4799,56.55,69668.894161,69104.978618,71988.878399,67128.255631,19570.698504,-1439.556957,-860.637522,1304.52108,-0.558473,5.45724,-148.607468,1.0,0.0,1.0,0.0,0.0,-0.069993,0,0,0,0,0,0,0,0,0,0,0,0,0,0,0,5260.540527,40000.0,40000.0,40000.0,40000.0,40000.0,40000.0,40000.0,40000.0,40000.0,40000.0,40000.0,40000.0,40000.0,40000.0,40000.0,40000.0,40000.0,40000.0,40000.0,40000.0,40000.0,40000.0,40000.0,5000.0,6448.067022,-156.714584,1706.806388,0,true,true,1.0,-305.634478,0,0.0,0.0,1.0
12,4800,56.6,69751.008366,-101055.986984,72037.957493,-101366.213124,19496.266317,-1438.088943,-859.35122,1302.096951,-0.567005,5.435731,-148.697311,1.0,0.0,1.0,0.0,0.0,0.0,0,0,0,0,0,0,0,0,0,0,0,0,0,0,0,5166.441895,40000.0,40000.0,40000.0,40000.0,40000.0,40000.0,40000.0,40000.0,40000.0,40000.0,40000.0,40000.0,40000.0,40000.0,40000.0,40000.0,40000.0,40000.0,40000.0,40000.0,40000.0,40000.0,40000.0,5000.0,6345.408003,-146.539935,1644.088251,0,true,true,1.0,-305.624478,0,0.0,0.0,1.0
12,4801,56.65,69815.465664,69040.52132,72076.46211,67089.751015,19437.833304,-1440.215365,-860.151364,1305.144778,-0.571934,5.423262,-148.74939,1.0,0.0,1.0,0.0,0.0,0.0,0,0,0,0,0,0,0,0,0,0,0,0,0,0,0,5092.191895,40000.0,40000.0,40000.0,40000.0,40000.0,40000.0,40000.0,40000.0,40000.0,40000.0,40000.0,40000.0,40000.0,40000.0,40000.0,40000.0,40000.0,40000.0,40000.0,40000.0,40000.0,40000.0,40000.0,5000.0,6264.928084,-140.774322,1594.334067,0,true,true,1.0,-305.614478,0,0.0,0.0,1.0
12,4802,56.7,69894.209451,-101134.730771,72123.468749,-101413.219764,19366.447793,-1441.941686,-860.49402,1307.344428,-0.576458,5.411782,-148.797302,1.0,0.0,1.0,0.0,0.0,0.0,0,0,0,0,0,0,0,0,0,0,0,0,0,0,0,5001.167969,40000.0,40000.0,40000.0,40000.0,40000.0,40000.0,40000.0,40000.0,40000.0,40000.0,40000.0,40000.0,40000.0,40000.0,40000.0,40000.0,40000.0,40000.0,40000.0,40000.0,40000.0,40000.0,40000.0,5000.0,6166.708032,-135.586499,1533.115841,0,true,true,1.0,-305.604478,0,0.0,0.0,1.0
12,4803,56.75,69962.008154,68972.722617,72163.909351,67049.310412,19305.040127,-1441.180036,-859.390425,1305.620015,-0.57909,5.405091,-148.825226,1.0,0.0,1.0,0.0,0.0,0.0,0,0,0,0,0,0,0,0,0,0,0,0,0,0,0,4922.539551,40000.0,40000.0,40000.0,40000.0,40000.0,40000.0,40000.0,40000.0,40000.0,40000.0,40000.0,40000.0,40000.0,40000.0,40000.0,40000.0,40000.0,40000.0,40000.0,40000.0,40000.0,40000.0,40000.0,5000.0,6082.226137,-132.635255,1480.104975,0,true,true,1.0,-305.594478,0,0.0,0.0,1.0
12,4804,56.8,70031.065272,-101203.787889,72205.068453,-101454.378865,19242.517108,-1439.995938,-858.003879,1303.18442,-0.581047,5.400109,-148.846008,1.0,0.0,1.0,0.0,0.0,0.0,0,0,0,0,0,0,0,0,0,0,0,0,0,0,0,4842.313965,40000.0,40000.0,40000.0,40000.0,40000.0,40000.0,40000.0,40000.0,40000.0,40000.0,40000.0,40000.0,40000.0,40000.0,40000.0,40000.0,40000.0,40000.0,40000.0,40000.0,40000.0,40000.0,40000.0,5000.0,5996.232233,-130.484791,1425.929433,0,true,true,1.0,-305.584478,0,0.0,0.0,1.0
12,4805,56.85,70108.042325,68895.745564,72250.908677,67003.470188,19172.94497,-1431.969783,-852.46603,1289.968169,-0.582481,5.396455,-148.861252,1.0,0.0,1.0,0.0,0.0,0.0,0,0,0,0,0,0,0,0,0,0,0,0,0,0,0,4752.754395,40000.0,40000.0,40000.0,40000.0,40000.0,40000.0,40000.0,40000.0,40000.0,40000.0,40000.0,40000.0,40000.0,40000.0,40000.0,40000.0,40000.0,40000.0,40000.0,40000.0,40000.0,40000.0,40000.0,5000.0,5900.443058,-128.941304,1365.454909,0,true,true,1.0,-305.574478,0,0.0,0.0,1.0
12,4806,56.9,70182.134678,-101277.880242,72294.993463,-101498.463651,19105.971117,-1442.687367,-858.134734,1306.113678,-0.583512,5.392785,-148.872208,1.0,0.0,1.0,0.0,-0.069993,0.0,0,0,0,0,0,0,0,0,0,0,0,0,0,0,0,4666.493164,40000.0,40000.0,40000.0,40000.0,40000.0,40000.0,40000.0,40000.0,40000.0,40000.0,40000.0,40000.0,40000.0,40000.0,40000.0,40000.0,40000.0,40000.0,40000.0,40000.0,40000.0,40000.0,40000.0,5000.0,5808.256116,-127.84543,1307.243969,0,true,true,1.0,-305.564478,0,0.0,0.0,1.0
12,4807,56.95,70250.927563,68826.952679,72335.892816,66962.570836,19043.739267,-1442.080745,-857.096173,1304.457445,-0.590066,5.315199,-148.942261,1.0,0.0,1.0,0.0,-0.535574,-0.459063,0,0,0,0,0,0,0,0,0,0,0,0,0,0,0,4587.049805,40000.0,40000.0,40000.0,40000.0,40000.0,40000.0,40000.0,40000.0,40000.0,40000.0,40000.0,40000.0,40000.0,40000.0,40000.0,40000.0,40000.0,40000.0,40000.0,40000.0,40000.0,40000.0,40000.0,5000.0,5721.198076,-120.802888,1260.482857,0,true,true,1.0,-305.554478,0,0.0,0.0,1.0
12,4808,57.0,70317.375124,-101344.327803,72375.362036,-101537.932872,18983.644793,-1444.231963,-857.518213,1306.399247,-0.601393,5.128781,-149.065979,1.0,0.0,1.0,0.0,-0.330772,0.139986,0,0,0,0,0,0,0,0,0,0,0,0,0,0,0,4510.63623,40000.0,40000.0,40000.0,40000.0,40000.0,40000.0,40000.0,40000.0,40000.0,40000.0,40000.0,40000.0,40000.0,40000.0,40000.0,40000.0,40000.0,40000.0,40000.0,40000.0,40000.0,40000.0,40000.0,5000.0,5634.997763,-108.564755,1226.017136,0,true,true,1.0,-305.544478,0,0.0,0.0,1.0
12,4809,57.05,70386.490403,68757.8374,72416.366316,66921.566555,18921.231536,-1444.083244,-856.298263,1303.400188,-0.609917,4.871351,-149.162933,1.0,0.0,1.0,0.0,-0.279972,0.069993,0,0,0,0,0,0,0,0,0,0,0,0,0,0,0,4430.184082,40000.0,40000.0,40000.0,40000.0,40000.0,40000.0,40000.0,40000.0,40000.0,40000.0,40000.0,40000.0,40000.0,40000.0,40000.0,40000.0,40000.0,40000.0,40000.0,40000.0,40000.0,40000.0,40000.0,5000.0,5544.261868,-99.169473,1195.858872,0,true,true,1.0,-305.534478,0,0.0,0.0,1.0
12,4810,57.1,70467.470641,-101425.308041,72464.335099,-101585.901654,18848.222117,-1447.688035,-856.923761,1303.875697,-0.617337,4.478101,-149.25293,1.0,0.0,1.0,0.0,-0.209979,0.069993,0,0,0,0,0,0,0,0,0,0,0,0,0,0,0,4335.094727,40000.0,40000.0,40000.0,40000.0,40000.0,40000.0,40000.0,40000.0,40000.0,40000.0,40000.0,40000.0,40000.0,40000.0,40000.0,40000.0,40000.0,40000.0,40000.0,40000.0,40000.0,40000.0,40000.0,5000.0,5436.565679,-90.617133,1168.353279,0,true,true,1.0,-305.524478,0,0.0,0.0,1.0
12,4811,57.15,70534.674161,68690.63388,72504.0759,66881.825754,18787.844469,-1449.30634,-856.542386,1300.397267,-0.621011,4.118366,-149.301163,1.0,0.0,1.0,0.0,-0.412624,0.137541,0,0,0,0,0,0,0,0,0,0,0,0,0,0,0,4255.736328,40000.0,40000.0,40000.0,40000.0,40000.0,40000.0,40000.0,40000.0,40000.0,40000.0,40000.0,40000.0,40000.0,40000.0,40000.0,40000.0,40000.0,40000.0,40000.0,40000.0,40000.0,40000.0,40000.0,5000.0,5347.005271,-86.141547,1147.800038,0,true,true,1.0,-305.514478,0,0.0,0.0,1.0
12,4812,57.2,70618.073133,-101508.707013,72553.307837,-101635.133591,18713.241487,-1454.14818,-857.764397,1298.18438,-0.621675,3.559597,-149.310226,1.0,0.0,1.0,0.0,-0.439063,0.087813,0,0,0,0,0,0,0,0,0,0,0,0,0,0,0,4156.149414,40000.0,40000.0,40000.0,40000.0,40000.0,40000.0,40000.0,40000.0,40000.0,40000.0,40000.0,40000.0,40000.0,40000.0,40000.0,40000.0,40000.0,40000.0,40000.0,40000.0,40000.0,40000.0,40000.0,5000.0,5234.291814,-85.246211,1131.433837,0,true,true,1.0,-305.504478,0,0.0,0.0,1.0
12,4813,57.25,70686.936856,68621.770156,72593.892017,66841.241574,18652.013123,-1457.061859,-858.259959,1292.437305,-0.620418,3.017267,-149.288483,1.0,0.0,1.0,0.0,-0.279972,0.0,0,0,0,0,0,0,0,0,0,0,0,0,0,0,0,4073.515137,40000.0,40000.0,40000.0,40000.0,40000.0,40000.0,40000.0,40000.0,40000.0,40000.0,40000.0,40000.0,40000.0,40000.0,40000.0,40000.0,40000.0,40000.0,40000.0,40000.0,40000.0,40000.0,40000.0,5000.0,5140.275426,-87.029088,1124.010031,0,true,true,1.0,-305.494478,0,0.0,0.0,1.0
12,4814,57.3,70756.005205,-101577.775361,72634.543614,-101675.785188,18591.003248,-1463.40461,-860.932305,1289.834372,-0.618724,2.454849,-149.253311,1.0,0.0,1.0,0.0,-0.069993,0.069993,0,0,0,0,0,0,0,0,0,0,0,0,0,0,0,3990.847656,40000.0,40000.0,40000.0,40000.0,40000.0,40000.0,40000.0,40000.0,40000.0,40000.0,40000.0,40000.0,40000.0,40000.0,40000.0,40000.0,40000.0,40000.0,40000.0,40000.0,40000.0,40000.0,40000.0,5000.0,5046.260423,-89.881196,1116.921095,0,true,true,1.0,-305.484478,0,0.0,0.0,1.0
12,4815,57.35,70825.262176,68552.513185,72675.278027,66800.507161,18531.682644,-1492.475215,-878.128312,1222.53386,-0.61665,1.885761,-149.200073,0.0,0.0,1.0,0.0,-0.405742,0.0,0,0,0,0,0,0,0,0,0,0,0,0,0,0,0,3908.135498,40000.0,40000.0,40000.0,40000.0,40000.0,40000.0,40000.0,40000.0,40000.0,40000.0,40000.0,40000.0,40000.0,40000.0,40000.0,40000.0,40000.0,40000.0,40000.0,40000.0,40000.0,40000.0,40000.0,5000.0,4952.576112,-94.159077,1110.387673,0,true,true,1.0,-305.474478,0,0.0,0.0,1.0
12,4816,57.4,70914.17436,-101666.687545,72727.646451,-101728.153612,18466.269967,-1556.893529,-917.640566,1064.588819,-0.614576,1.084063,-149.123611,0.0,0.0,1.0,0.0,-0.209979,0.069993,0,0,0,0,0,0,0,0,0,0,0,0,0,0,0,3802.370117,40000.0,40000.0,40000.0,40000.0,40000.0,40000.0,40000.0,40000.0,40000.0,40000.0,40000.0,40000.0,40000.0,40000.0,40000.0,40000.0,40000.0,40000.0,40000.0,40000.0,40000.0,40000.0,40000.0,5000.0,4832.018954,-100.011868,1116.187859,0,true,true,1.0,-305.464478,0,0.0,0.0,1.0
12,4817,57.45,70992.768167,68473.919378,72774.015772,66754.13784,18417.62283,-1602.979035,-946.295834,932.601295,-0.613562,0.40749,-149.052765,0.0,0.0,1.0,0.0,-0.209979,0.0,0,0,0,0,0,0,0,0,0,0,0,0,0,0,0,3709.515625,40000.0,40000.0,40000.0,40000.0,40000.0,40000.0,40000.0,40000.0,40000.0,40000.0,40000.0,40000.0,40000.0,40000.0,40000.0,40000.0,40000.0,40000.0,40000.0,40000.0,40000.0,40000.0,40000.0,5000.0,4726.778947,-105.233691,1125.225858,0,true,true,1.0,-305.454478,0,0.0,0.0,1.0
12,4818,57.5,71068.675262,-101742.59464,72818.870139,-101773.007979,18377.373641,-1653.564551,-977.688033,827.763654,-0.613375,-0.2633,-148.966293,0.0,0.0,1.0,0.0,-0.069993,0.0,0,0,0,0,0,0,0,0,0,0,0,0,0,0,0,3620.071045,40000.0,40000.0,40000.0,40000.0,40000.0,40000.0,40000.0,40000.0,40000.0,40000.0,40000.0,40000.0,40000.0,40000.0,40000.0,40000.0,40000.0,40000.0,40000.0,40000.0,40000.0,40000.0,4540.336914,5000.0,4625.132785,-111.503346,1139.899191,0,true,true,1.0,-305.444478,0,0.0,0.0,1.0
12,4819,57.55,71147.640461,68394.954179,72865.589496,66707.418483,18340.300679,-1667.819442,-986.743507,782.564701,-0.614051,-0.812643,-148.884644,1.0,0.0,1.0,0.0,0.0,0.0,0,0,0,0,0,0,0,0,0,0,0,0,0,0,0,3527.561279,40000.0,40000.0,40000.0,40000.0,40000.0,40000.0,40000.0,40000.0,40000.0,40000.0,40000.0,40000.0,40000.0,40000.0,40000.0,40000.0,40000.0,40000.0,40000.0,40000.0,40000.0,40000.0,4377.223633,5000.0,4522.610141,-117.216297,1145.881158,0,true,true,1.0,-305.434478,0,0.0,0.0,1.0
12,4820,57.6,71244.408799,-101839.362978,72922.832533,-101830.251016,18293.809522,-1667.729084,-986.477988,812.587466,-0.615356,-1.30882,-148.810867,1.0,0.0,1.0,0.0,0.0,0.0,0,0,0,0,0,0,0,0,0,0,0,0,0,0,0,3414.833496,40000.0,40000.0,40000.0,40000.0,40000.0,40000.0,40000.0,40000.0,40000.0,40000.0,40000.0,40000.0,40000.0,40000.0,40000.0,40000.0,40000.0,40000.0,40000.0,40000.0,40000.0,40000.0,4282.04248,5000.0,4401.02386,-121.996069,1136.006056,0,true,true,1.0,-305.424478,0,0.0,0.0,1.0
12,4821,57.65,71322.542348,68316.820629,72969.048866,66661.20215,18255.169044,-1663.741483,-984.120898,829.27482,-0.616405,-1.593844,-148.768478,1.0,0.0,1.0,0.0,0.0,0.0,0,0,0,0,0,0,0,0,0,0,0,0,0,0,0,3324.078857,40000.0,40000.0,40000.0,40000.0,40000.0,40000.0,40000.0,40000.0,40000.0,40000.0,40000.0,40000.0,40000.0,40000.0,40000.0,40000.0,40000.0,40000.0,40000.0,40000.0,40000.0,40000.0,4188.133789,5000.0,4305.561082,-124.463324,1116.760101,0,true,true,1.0,-305.414478,0,0.0,0.0,1.0
12,4822,57.7,71399.464103,-101916.284733,73014.607392,-101875.809542,18220.024694,-1694.239677,-1003.872395,754.986216,-0.617338,-1.808243,-148.736588,1.0,0.0,1.0,0.0,0.0,0.0,0,0,0,0,0,0,0,0,0,0,0,0,0,0,0,3234.794189,40000.0,40000.0,40000.0,40000.0,40000.0,40000.0,40000.0,40000.0,40000.0,40000.0,40000.0,40000.0,40000.0,40000.0,40000.0,40000.0,40000.0,40000.0,40000.0,40000.0,40000.0,40000.0,4088.5,5000.0,4213.038559,-126.116047,1094.932194,0,true,true,1.0,-305.404478,0,0.0,0.0,1.0
12,4823,57.75,71481.098129,68235.186603,73062.979252,66612.83029,18182.944308,-1690.113247,-1001.501854,776.341275,-0.618113,-1.967871,-148.712845,1.0,0.0,1.0,0.0,0.0,0.0,0,0,0,0,0,0,0,0,0,0,0,0,0,0,0,3140.082764,40000.0,40000.0,40000.0,40000.0,40000.0,40000.0,40000.0,40000.0,40000.0,40000.0,40000.0,40000.0,40000.0,40000.0,40000.0,40000.0,40000.0,40000.0,40000.0,40000.0,40000.0,40000.0,3983.068604,5000.0,4116.364174,-127.111972,1066.357822,0,true,true,1.0,-305.394478,0,0.0,0.0,1.0
12,4824,57.8,71576.298267,-102011.48487,73119.396555,-101932.226846,18138.297839,-1689.415321,-1001.245837,802.46888,-0.618872,-2.112155,-148.69136,1.0,0.0,1.0,0.0,0.0,0.0,0,0,0,0,0,0,0,0,0,0,0,0,0,0,0,3029.657227,40000.0,40000.0,40000.0,40000.0,40000.0,40000.0,40000.0,40000.0,40000.0,40000.0,40000.0,40000.0,40000.0,40000.0,40000.0,40000.0,40000.0,40000.0,40000.0,40000.0,40000.0,40000.0,3388.483154,5000.0,4004.683588,-127.798538,1028.031077,0,true,true,1.0,-305.384478,0,0.0,0.0,1.0
12,4825,57.85,71663.319106,68148.165764,73170.97615,66561.250696,18096.393111,-1677.026726,-994.090382,811.690125,-0.619335,-2.195327,-148.678986,1.0,0.0,1.0,0.0,0.0,0.0,0,0,0,0,0,0,0,0,0,0,0,0,0,0,0,2928.7229,40000.0,40000.0,40000.0,40000.0,40000.0,40000.0,40000.0,40000.0,40000.0,40000.0,40000.0,40000.0,40000.0,40000.0,40000.0,40000.0,40000.0,40000.0,40000.0,40000.0,40000.0,40000.0,3224.49292,5000.0,3903.686626,-127.921303,988.093558,0,true,true,1.0,-305.374478,0,0.0,0.0,1.0
12,4826,57.9,71749.27901,-102097.444774,73221.955335,-101983.206031,18055.226272,-1704.138918,-1011.453491,777.185557,-0.619678,-2.254806,-148.670135,0.0,0.0,1.0,0.0,0.0,0.0,0,0,0,0,0,0,0,0,0,0,0,0,0,0,0,2829.000244,40000.0,40000.0,40000.0,40000.0,40000.0,40000.0,40000.0,40000.0,40000.0,40000.0,40000.0,40000.0,40000.0,40000.0,40000.0,40000.0,40000.0,40000.0,40000.0,40000.0,40000.0,40000.0,3094.865234,5000.0,3804.402584,-127.817324,947.07521,0,true,true,1.0,-305.364478,0,0.0,0.0,1.0
12,4827,57.95,71829.852653,68067.592121,73269.846767,66513.359263,18022.215291,-1739.363407,-1034.696201,665.992157,-0.619938,-2.298817,-148.663589,0.0,0.0,1.0,0.0,0.0,0.0,0,0,0,0,0,0,0,0,0,0,0,0,0,0,0,2735.448486,40000.0,40000.0,40000.0,40000.0,40000.0,40000.0,40000.0,40000.0,40000.0,40000.0,40000.0,40000.0,40000.0,40000.0,40000.0,40000.0,40000.0,40000.0,40000.0,40000.0,40000.0,40000.0,3013.340088,5000.0,3711.332053,-127.620087,913.249243,0,true,true,1.0,-305.354478,0,0.0,0.0,1.0
12,4828,58.0,71908.887362,-102176.479483,73316.92074,-102030.280004,17995.039103,-1775.245774,-1058.115124,570.153474,-0.620137,-2.332034,-148.658646,0.0,0.0,1.0,0.0,0.0,0.0,0,0,0,0,0,0,0,0,0,0,0,0,0,0,0,2643.611572,40000.0,40000.0,40000.0,40000.0,40000.0,40000.0,40000.0,40000.0,40000.0,40000.0,40000.0,40000.0,40000.0,40000.0,40000.0,40000.0,40000.0,40000.0,40000.0,40000.0,40000.0,40000.0,2918.899902,5000.0,3619.98583,-127.347591,884.499394,0,true,true,1.0,-305.344478,0,0.0,0.0,1.0
12,4829,58.05,71994.21525,67982.264233,73367.822213,66462.45779,17969.708483,-1786.103909,-1065.553486,535.5145,-0.620288,-2.356843,-148.654938,1.0,0.0,1.0,0.0,0.0,0.0,0,0,0,0,0,0,0,0,0,0,0,0,0,0,0,2544.402588,40000.0,40000.0,40000.0,40000.0,40000.0,40000.0,40000.0,40000.0,40000.0,40000.0,40000.0,40000.0,40000.0,40000.0,40000.0,40000.0,40000.0,40000.0,40000.0,40000.0,40000.0,40000.0,2808.982666,5000.0,3521.367253,-126.96765,856.666105,0,true,true,1.0,-305.334478,0,0.0,0.0,1.0
12,4830,58.1,72094.515781,-102276.780014,73427.651829,-102090.10962,17938.026526,-1778.456458,-1060.768686,580.186301,-0.620426,-2.379329,-148.651596,1.0,0.0,1.0,0.0,0.0,0.0,0,0,0,0,0,0,0,0,0,0,0,0,0,0,0,2427.786133,40000.0,40000.0,40000.0,40000.0,40000.0,40000.0,40000.0,40000.0,40000.0,40000.0,40000.0,40000.0,40000.0,40000.0,40000.0,40000.0,40000.0,40000.0,40000.0,40000.0,40000.0,40000.0,2679.798828,5000.0,3405.654911,-126.468812,821.5376,0,true,true,1.0,-305.324478,0,0.0,0.0,1.0
12,4831,58.15,72176.187349,67900.592665,73476.367728,66413.741891,17910.891082,-1778.923429,-1061.465115,574.55424,-0.620507,-2.39243,-148.649643,0.0,0.0,1.0,0.0,0.0,0.0,0,0,0,0,0,0,0,0,0,0,0,0,0,0,0,2332.828857,2758.76123,40000.0,40000.0,40000.0,40000.0,40000.0,40000.0,40000.0,40000.0,40000.0,40000.0,40000.0,40000.0,40000.0,40000.0,40000.0,40000.0,40000.0,40000.0,40000.0,40000.0,40000.0,2574.622314,5000.0,3311.585227,-126.025076,791.228373,0,true,true,1.0,-305.314478,0,0.0,0.0,1.0
12,4832,58.2,72280.627114,-102381.219779,73538.768935,-102152.510826,17881.714951,-1820.922231,-1088.8905,458.658281,-0.620581,-2.404237,-148.647888,0.0,0.0,1.0,0.0,0.0,0.0,0,0,0,0,0,0,0,0,0,0,0,0,0,0,0,2211.32251,2600.867676,40000.0,40000.0,40000.0,40000.0,40000.0,40000.0,40000.0,40000.0,40000.0,40000.0,40000.0,40000.0,40000.0,40000.0,40000.0,40000.0,40000.0,40000.0,40000.0,40000.0,40000.0,2440.052002,5000.0,3191.092095,-125.440413,757.648554,0,true,true,1.0,-305.304478,0,0.0,0.0,1.0
12,4833,58.25,72367.409224,67813.810555,73590.697496,66361.813331,17861.544756,-1826.907066,-1093.170385,432.656232,-0.620623,-2.411057,-148.646866,1.0,0.0,1.0,0.0,0.0,0.0,0,0,0,0,0,0,0,0,0,0,0,0,0,0,0,2110.301758,2469.639648,40000.0,40000.0,40000.0,40000.0,40000.0,40000.0,40000.0,40000.0,40000.0,40000.0,40000.0,40000.0,40000.0,40000.0,40000.0,40000.0,40000.0,40000.0,40000.0,40000.0,40000.0,2328.177246,5000.0,3090.808831,-124.949293,733.614978,0,true,true,1.0,-305.294478,0,0.0,0.0,1.0
12,4834,58.3,72455.630861,-102469.441416,73643.475131,-102205.288461,17839.195769,-1815.269867,-1085.823352,476.598811,-0.62066,-2.423425,-148.646011,1.0,0.0,1.0,0.0,-0.279972,0.0,0,0,0,0,0,0,0,0,0,0,0,0,0,0,0,2008.609131,2375.773193,40000.0,40000.0,40000.0,40000.0,40000.0,40000.0,40000.0,40000.0,40000.0,40000.0,40000.0,40000.0,40000.0,40000.0,40000.0,40000.0,40000.0,40000.0,40000.0,40000.0,40000.0,2228.576172,5000.0,2988.885625,-124.444454,707.599374,0,true,true,1.0,-305.284478,0,0.0,0.0,1.0
12,4835,58.35,72538.767015,67730.674401,73693.194144,66312.094317,17816.110918,-1807.466785,-1080.818897,517.228007,-0.620807,-2.475618,-148.642578,1.0,0.0,1.0,0.0,-0.069993,0.0,0,0,0,0,0,0,0,0,0,0,0,0,0,0,0,1911.897705,2302.993652,40000.0,40000.0,40000.0,40000.0,40000.0,40000.0,40000.0,40000.0,40000.0,40000.0,40000.0,40000.0,40000.0,40000.0,40000.0,40000.0,40000.0,40000.0,40000.0,40000.0,40000.0,2121.448486,5000.0,2892.455053,-124.084041,683.069096,0,true,true,1.0,-305.274478,0,0.0,0.0,1.0
12,4836,58.4,72643.462885,-102574.137285,73755.786147,-102267.880464,17784.440283,-1796.438361,-1073.846481,563.061582,-0.621105,-2.560713,-148.635757,1.0,0.0,1.0,0.0,-0.069993,0.0,0,0,0,0,0,0,0,0,0,0,0,0,0,0,0,1841.626221,2211.327393,40000.0,40000.0,40000.0,40000.0,40000.0,40000.0,40000.0,40000.0,40000.0,40000.0,40000.0,40000.0,40000.0,40000.0,40000.0,40000.0,40000.0,40000.0,40000.0,40000.0,40000.0,2043.563843,5000.0,2770.98561,-123.737475,650.269849,0,true,true,1.0,-305.264478,0,0.0,0.0,1.0
12,4837,58.45,72730.425195,67643.712091,73807.760607,66260.119857,17756.081955,-1786.068646,-1067.372831,596.485151,-0.621342,-2.646186,-148.630524,1.0,0.0,1.0,0.0,-0.069993,0.0,0,0,0,0,0,0,0,0,0,0,0,0,0,0,0,1740.512207,2135.253906,40000.0,40000.0,40000.0,40000.0,40000.0,40000.0,40000.0,40000.0,40000.0,40000.0,40000.0,40000.0,40000.0,40000.0,40000.0,40000.0,40000.0,40000.0,40000.0,40000.0,40000.0,1931.55249,5000.0,2670.113446,-123.411627,621.392361,0,true,true,1.0,-305.254478,0,0.0,0.0,1.0
12,4838,58.5,72813.257454,-102656.969544,73857.255174,-102317.375031,17727.427587,-1780.278779,-1063.681232,628.889847,-0.621546,-2.724215,-148.62616,1.0,0.0,1.0,0.0,0.0,0.0,0,0,0,0,0,0,0,0,0,0,0,0,0,0,0,2055.266846,2049.017334,40000.0,40000.0,40000.0,40000.0,40000.0,40000.0,40000.0,40000.0,40000.0,40000.0,40000.0,40000.0,40000.0,40000.0,40000.0,40000.0,40000.0,40000.0,40000.0,40000.0,40000.0,2266.986816,5000.0,2574.238505,-123.069917,591.814702,0,true,true,1.0,-305.244478,0,0.0,0.0,1.0
12,4839,58.55,72896.487713,67560.481831,73906.977444,66210.397587,17697.141376,-1770.126878,-1057.409169,654.872715,-0.621703,-2.782607,-148.622879,1.0,0.0,1.0,0.0,0.0,0.0,0,0,0,0,0,0,0,0,0,0,0,0,0,0,0,1958.491943,2802.338623,40000.0,40000.0,40000.0,40000.0,40000.0,40000.0,40000.0,40000.0,40000.0,40000.0,40000.0,40000.0,40000.0,40000.0,40000.0,40000.0,40000.0,40000.0,40000.0,40000.0,40000.0,2159.800537,5000.0,2478.265237,-122.683194,559.474801,0,true,true,1.0,-305.234478,0,0.0,0.0,1.0
12,4840,58.6,72999.976706,-102760.458538,73968.789843,-102379.18743,17657.532643,-1763.368267,-1053.144611,689.021826,-0.621848,-2.835343,-148.619919,1.0,0.0,1.0,0.0,0.0,0.0,0,0,0,0,0,0,0,0,0,0,0,0,0,0,0,1838.140747,40000.0,40000.0,40000.0,40000.0,40000.0,40000.0,40000.0,40000.0,40000.0,40000.0,40000.0,40000.0,40000.0,40000.0,40000.0,40000.0,40000.0,40000.0,40000.0,40000.0,40000.0,40000.0,2026.519043,5000.0,2359.312324,-122.163519,516.224649,0,true,true,1.0,-305.224478,0,0.0,0.0,1.0
12,4841,58.65,73083.708293,67476.750245,74018.792298,66160.395132,17624.013074,-1755.994984,-1048.577274,712.296488,-0.621944,-2.876453,-148.617981,1.0,0.0,1.0,0.0,-0.069993,0.0,0,0,0,0,0,0,0,0,0,0,0,0,0,0,0,1740.769165,40000.0,40000.0,40000.0,40000.0,40000.0,40000.0,40000.0,40000.0,40000.0,40000.0,40000.0,40000.0,40000.0,40000.0,40000.0,40000.0,40000.0,40000.0,40000.0,40000.0,40000.0,40000.0,1918.693726,5000.0,2263.221746,-121.726436,479.539219,0,true,true,1.0,-305.214478,0,0.0,0.0,1.0
12,4842,58.7,73164.292705,-102841.04295,74066.908452,-102427.303584,17590.578697,-1754.514529,-1047.551238,737.964834,-0.622041,-2.929088,-148.616058,1.0,0.0,1.0,0.0,-0.069993,0.0,0,0,0,0,0,0,0,0,0,0,0,0,0,0,0,1647.076904,40000.0,40000.0,40000.0,40000.0,40000.0,40000.0,40000.0,40000.0,40000.0,40000.0,40000.0,40000.0,40000.0,40000.0,40000.0,40000.0,40000.0,40000.0,40000.0,40000.0,40000.0,40000.0,1814.944214,5000.0,2170.756227,-121.305085,443.424886,0,true,true,1.0,-305.204478,0,0.0,0.0,1.0
12,4843,58.75,73251.54027,67389.50268,74118.996178,66108.307406,17553.218818,-1744.971881,-1041.717094,755.87853,-0.622163,-3.028639,-148.613708,1.0,0.0,1.0,0.0,-0.279972,0.0,0,0,0,0,0,0,0,0,0,0,0,0,0,0,0,1545.69458,40000.0,40000.0,40000.0,40000.0,40000.0,40000.0,40000.0,40000.0,40000.0,40000.0,40000.0,40000.0,40000.0,40000.0,40000.0,40000.0,40000.0,40000.0,40000.0,40000.0,40000.0,40000.0,1702.678711,5000.0,2070.486827,-120.843551,404.512401,0,true,true,1.0,-305.194478,0,0.0,0.0,1.0
12,4844,58.8,73351.550832,-102941.053512,74178.696039,-102487.003445,17508.940118,-1741.927888,-1039.768171,781.007603,-0.622349,-3.209862,-148.610291,1.0,0.0,1.0,0.0,0.0,0.0,0,0,0,0,0,0,0,0,0,0,0,0,0,0,0,1429.560791,40000.0,40000.0,40000.0,40000.0,40000.0,40000.0,40000.0,40000.0,40000.0,40000.0,40000.0,40000.0,40000.0,40000.0,40000.0,40000.0,40000.0,40000.0,40000.0,40000.0,40000.0,40000.0,1574.075073,5000.0,1955.387313,-120.31839,360.320144,0,true,true,1.0,-305.184478,0,0.0,0.0,1.0
12,4845,58.85,73448.017233,67293.036279,74236.27372,66050.729724,17465.083467,-1722.486089,-1028.059456,785.900459,-0.622469,-3.324022,-148.60817,1.0,0.0,1.0,0.0,-0.069993,0.0,0,0,0,0,0,0,0,0,0,0,0,0,0,0,0,1317.449951,40000.0,40000.0,40000.0,40000.0,40000.0,40000.0,40000.0,40000.0,40000.0,40000.0,40000.0,40000.0,40000.0,40000.0,40000.0,40000.0,40000.0,40000.0,40000.0,40000.0,40000.0,40000.0,1449.940186,5000.0,1845.057815,-119.796392,313.910594,0,true,true,1.0,-305.174478,0,0.0,0.0,1.0
12,4846,58.9,73515.884945,-103008.921224,74276.778616,-102527.508341,17433.507398,-1734.706981,-1035.290509,813.900932,-0.622642,-3.438414,-148.60524,1.0,0.0,1.0,0.0,-0.413949,0.069993,0,0,0,0,0,0,0,0,0,0,0,0,0,0,0,1238.603516,40000.0,40000.0,40000.0,40000.0,40000.0,40000.0,40000.0,40000.0,40000.0,40000.0,40000.0,40000.0,40000.0,40000.0,40000.0,40000.0,40000.0,40000.0,40000.0,40000.0,40000.0,40000.0,1362.628296,5000.0,1767.427764,-119.465154,281.328896,0,true,true,1.0,-305.164478,0,0.0,0.0,1.0
12,4847,58.95,73598.965497,67209.955727,74326.36031,66001.148031,17394.065062,-1731.207679,-1033.15523,827.610818,-0.62379,-3.680193,-148.58667,1.0,0.0,1.0,0.0,-0.279972,0.069993,0,0,0,0,0,0,0,0,0,0,0,0,0,0,0,1142.125122,1167.173218,40000.0,40000.0,40000.0,40000.0,40000.0,40000.0,40000.0,40000.0,40000.0,40000.0,40000.0,40000.0,40000.0,40000.0,40000.0,40000.0,40000.0,40000.0,40000.0,40000.0,40000.0,1255.695068,5000.0,1672.176132,-119.463729,243.211408,0,true,true,1.0,-305.154478,0,0.0,0.0,1.0
12,4848,59.0,73680.912222,-103090.867949,74375.265217,-102576.413248,17354.471416,-1729.966218,-1032.442333,841.132307,-0.625999,-3.985336,-148.55336,1.0,0.0,1.0,0.0,-0.327717,0.081929,0,0,0,0,0,0,0,0,0,0,0,0,0,0,0,1099.512695,1043.995361,40000.0,40000.0,40000.0,40000.0,40000.0,40000.0,40000.0,40000.0,40000.0,40000.0,40000.0,40000.0,40000.0,40000.0,40000.0,40000.0,40000.0,40000.0,40000.0,40000.0,1345.680908,1201.137695,5000.0,1578.350784,-119.810395,205.984822,0,true,true,1.0,-305.144478,0,0.0,0.0,1.0
12,4849,59.05,73769.800939,67121.06701,74428.318126,65948.095122,17310.90688,-1725.802521,-1030.105024,850.302088,-0.629471,-4.34918,-148.505112,1.0,0.0,1.0,0.0,-0.349965,0.069993,0,0,0,0,0,0,0,0,0,0,0,0,0,0,0,996.278442,910.39093,40000.0,40000.0,40000.0,40000.0,40000.0,40000.0,40000.0,40000.0,40000.0,40000.0,40000.0,40000.0,40000.0,40000.0,40000.0,40000.0,40000.0,40000.0,40000.0,40000.0,1261.719727,988.869324,2465.696045,1477.007752,-120.389311,164.718266,0,true,true,1.0,-305.134478,0,0.0,0.0,1.0
12,4850,59.1,73852.322437,-103173.389447,74477.581648,-102625.67677,17269.905837,-1725.75897,-1030.354519,860.248427,-0.633797,-4.778342,-148.450104,1.0,0.0,1.0,0.0,-0.349965,0.0,0,0,0,0,0,0,0,0,0,0,0,0,0,0,0,1773.516968,786.302185,40000.0,40000.0,40000.0,40000.0,40000.0,40000.0,40000.0,40000.0,40000.0,40000.0,40000.0,40000.0,40000.0,40000.0,40000.0,40000.0,40000.0,40000.0,40000.0,40000.0,1183.91333,901.057739,2506.697266,1383.274131,-121.0238,126.917103,0,true,true,1.0,-305.124478,0,0.0,0.0,1.0
12,4851,59.15,73956.256306,67017.133141,74539.65335,65886.02342,17217.720972,-1725.861703,-1030.957913,869.286333,-0.639528,-5.411284,-148.384598,1.0,0.0,1.0,0.0,-0.450917,-0.139986,0,0,0,0,0,0,0,0,0,0,0,0,0,0,0,1654.115234,1154.560425,40000.0,40000.0,40000.0,40000.0,40000.0,40000.0,40000.0,40000.0,40000.0,40000.0,40000.0,40000.0,40000.0,40000.0,40000.0,40000.0,40000.0,40000.0,40000.0,40000.0,40000.0,1709.415894,2606.51416,1266.075499,-121.51196,78.823835,0,true,true,1.0,-305.114478,0,0.0,0.0,1.0
12,4852,59.2,74040.904974,-103258.038115,74590.255145,-102676.278565,17176.166021,-1745.936007,-1044.643945,812.134897,-0.642716,-6.022574,-148.352051,0.0,0.0,1.0,0.0,-0.398249,-0.056893,0,0,0,0,0,0,0,0,0,0,0,0,0,0,0,1556.520752,1495.944824,40000.0,40000.0,40000.0,40000.0,40000.0,40000.0,40000.0,40000.0,40000.0,40000.0,40000.0,40000.0,40000.0,40000.0,40000.0,40000.0,40000.0,40000.0,40000.0,40000.0,40000.0,1706.292847,2770.039307,1171.400833,-121.317335,40.649976,0,true,true,1.0,-305.104478,0,0.0,0.0,1.0
12,4853,59.25,74128.200183,66929.837932,74642.577459,65833.701106,17140.212848,-1779.728825,-1067.793674,679.630582,-0.645054,-6.714959,-148.330688,0.0,0.0,1.0,0.0,-0.418808,0.0,0,0,0,0,0,0,0,0,0,0,0,0,0,0,0,1594.014893,40000.0,40000.0,40000.0,40000.0,40000.0,40000.0,40000.0,40000.0,40000.0,40000.0,40000.0,40000.0,40000.0,40000.0,40000.0,40000.0,40000.0,40000.0,40000.0,40000.0,40000.0,40000.0,1619.567261,2805.992432,1073.931141,-120.828224,7.188384,0,true,true,1.0,-305.094478,0,0.0,0.0,1.0
12,4854,59.3,74214.073164,-103343.911096,74694.17842,-102727.879526,17111.394856,-1811.123368,-1089.268117,559.804532,-0.646412,-7.465695,-148.319565,0.0,0.0,1.0,0.0,-0.410512,-0.051314,0,0,0,0,0,0,0,0,0,0,0,0,0,0,0,40000.0,40000.0,40000.0,40000.0,40000.0,40000.0,40000.0,40000.0,40000.0,40000.0,40000.0,40000.0,40000.0,40000.0,40000.0,40000.0,40000.0,40000.0,40000.0,40000.0,40000.0,40000.0,40000.0,40000.0,782.722046,978.155978,-120.158863,-20.340442,0,true,true,1.0,-305.084478,0,0.0,0.0,1.0
12,4855,59.35,74305.230736,66838.68036,74749.083422,65778.796104,17087.301942,-1839.481791,-1108.85516,439.478993,-0.644818,-8.307509,-148.331116,0.0,0.0,1.0,0.0,-0.875183,-0.273495,0,0,0,0,0,0,0,0,0,0,0,0,0,0,0,40000.0,40000.0,40000.0,40000.0,40000.0,40000.0,40000.0,40000.0,40000.0,40000.0,40000.0,40000.0,40000.0,40000.0,40000.0,40000.0,40000.0,40000.0,40000.0,40000.0,40000.0,40000.0,40000.0,40000.0,857.479858,876.581176,-119.113785,-45.195081,0,true,true,1.0,-305.074478,0,0.0,0.0,1.0
12,4856,59.4,74393.401963,-103432.082324,74802.296611,-102781.092716,17069.635428,-1865.144013,-1126.386118,330.954786,-0.631498,-9.33057,-148.418701,0.0,0.0,1.0,0.0,-1.054929,-0.444181,0,0,0,0,0,0,0,0,0,0,0,0,0,0,0,40000.0,40000.0,40000.0,40000.0,40000.0,40000.0,40000.0,40000.0,40000.0,40000.0,40000.0,40000.0,40000.0,40000.0,40000.0,40000.0,40000.0,40000.0,40000.0,40000.0,40000.0,40000.0,40000.0,40000.0,875.146362,778.695901,-117.147163,-63.686724,0,true,true,1.0,-305.064478,0,0.0,0.0,1.0
12,4857,59.45,74481.257571,66750.824753,74855.397657,65725.695058,17057.140379,-1889.168224,-1142.30037,228.772003,-0.600458,-10.540501,-148.601013,0.0,0.0,1.0,0.0,-0.73997,-0.348221,0,0,0,0,0,0,0,0,0,0,0,0,0,0,0,40000.0,40000.0,40000.0,40000.0,40000.0,40000.0,40000.0,40000.0,40000.0,40000.0,40000.0,40000.0,40000.0,40000.0,40000.0,40000.0,40000.0,40000.0,40000.0,40000.0,40000.0,40000.0,40000.0,40000.0,887.641418,681.617298,-114.405694,-78.31808,0,true,true,1.0,-305.054478,0,0.0,0.0,1.0
12,4858,59.5,74585.492923,-103536.317676,74918.438446,-102844.133505,17048.81613,-1653.839175,-1000.230002,82.188686,-0.537778,-12.238971,-148.922974,0.0,0.0,0.0,0.0,-0.558105,-0.128794,0,0,0,0,0,0,0,0,0,0,0,0,0,0,0,40000.0,40000.0,40000.0,40000.0,40000.0,40000.0,40000.0,40000.0,40000.0,40000.0,40000.0,40000.0,40000.0,40000.0,40000.0,40000.0,40000.0,40000.0,40000.0,40000.0,40000.0,40000.0,40000.0,40000.0,395.300781,567.005546,-110.949598,-92.063316,0,true,true,1.0,-305.044478,0,0.0,0.0,1.0
12,4858,59.5,74585.492923,-103536.317676,74918.438446,-102844.133505,17048.81613,-1653.839175,-1000.230002,82.188686,-0.537778,-12.238971,-148.922974,0.0,0.0,0.0,0.0,-0.456606,-0.065229,0,0,0,0,0,0,0,0,0,0,0,0,0,0,0,40000.0,40000.0,40000.0,40000.0,40000.0,40000.0,40000.0,40000.0,40000.0,40000.0,40000.0,40000.0,40000.0,40000.0,40000.0,40000.0,40000.0,40000.0,40000.0,40000.0,40000.0,40000.0,40000.0,40000.0,395.300781,488.29454,-108.733036,-98.088983,0,true,true,1.0,-135.2186,1,0.0,0.0,1.0
