2,1,0.05,500.0,37300.0,500.0,37300.0,17452.0,0.0,0.0,0.0,0.0,0.0,-135.0,0.0,0.0,0.0,0.0,0.0,0.0,0,0,0,0,0,0,0,0,0,0,0,0,0,0,0,370.717834,410.452972,457.800201,560.687439,462.298828,414.485229,370.696228,410.478027,457.827454,560.719666,462.341644,414.52417,370.755676,410.509399,457.863159,560.764587,462.318268,414.502686,370.75824,410.495239,457.846741,560.743408,462.282806,414.471313,59.727859,105500.331753,-0.0,192.0,2,false,false,0.0,-1.000009,0,0.0,1.0,1.0
2,2,0.1,500.0,0.0,500.0,0.0,17452.0,0.0,0.0,0.0,0.0,0.0,-135.0,0.0,0.0,0.0,0.0,0.0,0.0,0,0,0,0,0,0,0,0,0,0,0,0,0,0,0,370.717834,410.452972,457.800201,560.687439,462.298828,414.485229,370.696228,410.478027,457.827454,560.719666,462.341644,414.52417,370.755676,410.509399,457.863159,560.764587,462.318268,414.502686,370.75824,410.495239,457.846741,560.743408,462.282806,414.471313,59.727859,105500.331753,-0.0,192.0,0,false,false,0.0,-2.000009,0,0.0,1.0,1.0
2,3,0.15,500.0,37300.0,500.0,37300.0,17452.0,0.0,0.0,0.0,0.0,0.0,-135.0,0.0,0.0,0.0,0.0,0.0,0.0,0,0,0,0,0,0,0,0,0,0,0,0,0,0,0,370.717834,410.452972,457.800201,560.687439,462.298828,414.485229,370.696228,410.478027,457.827454,560.719666,462.341644,414.52417,370.755676,410.509399,457.863159,560.764587,462.318268,414.502686,370.75824,410.495239,457.846741,560.743408,462.282806,414.471313,59.727859,105500.331753,-0.0,192.0,0,false,false,0.0,-3.000009,0,0.0,1.0,1.0
2,4,0.2,500.0,0.0,500.0,0.0,17452.0,0.0,0.0,0.0,0.0,0.0,-135.0,0.0,0.0,0.0,0.0,0.0,0.0,0,0,0,0,0,0,0,0,0,0,0,0,0,0,0,370.717834,410.452972,457.800201,560.687439,462.298828,414.485229,370.696228,410.478027,457.827454,560.719666,462.341644,414.52417,370.755676,410.509399,457.863159,560.764587,462.318268,414.502686,370.75824,410.495239,457.846741,560.743408,462.282806,414.471313,59.727859,105500.331753,-0.0,192.0,0,false,false,0.0,-4.000009,0,0.0,1.0,1.0
2,5,0.25,500.0,37300.0,500.0,37300.0,17452.0,0.0,0.0,0.0,0.0,0.0,-135.0,0.0,0.0,0.0,0.0,0.0,0.0,0,0,0,0,0,0,0,0,0,0,0,0,0,0,0,370.717834,410.452972,457.800201,560.687439,462.298828,414.485229,370.696228,410.478027,457.827454,560.719666,462.341644,414.52417,370.755676,410.509399,457.863159,560.764587,462.318268,414.502686,370.75824,410.495239,457.846741,560.743408,462.282806,414.471313,59.727859,105500.331753,-0.0,192.0,0,false,false,0.0,-5.000009,0,0.0,1.0,1.0
2,6,0.3,500.0,0.0,500.0,0.0,17452.0,0.0,0.0,0.0,0.0,0.0,-135.0,0.0,0.0,0.0,0.0,0.0,0.0,0,0,0,0,0,0,0,0,0,0,0,0,0,0,0,370.717834,410.452972,457.800201,560.687439,462.298828,414.485229,370.696228,410.478027,457.827454,560.719666,462.341644,414.52417,370.755676,410.509399,457.863159,560.764587,462.318268,414.502686,370.75824,410.495239,457.846741,560.743408,462.282806,414.471313,59.727859,105500.331753,-0.0,192.0,0,false,false,0.0,-6.000009,0,0.0,1.0,1.0
2,7,0.35,500.0,37300.0,500.0,37300.0,17452.0,0.0,0.0,0.0,0.0,0.0,-135.0,0.0,0.0,0.0,0.0,0.0,0.0,0,0,0,0,0,0,0,0,0,0,0,0,0,0,0,370.717834,410.452972,457.800201,560.687439,462.298828,414.485229,370.696228,410.478027,457.827454,560.719666,462.341644,414.52417,370.755676,410.509399,457.863159,560.764587,462.318268,414.502686,370.75824,410.495239,457.846741,560.743408,462.282806,414.471313,59.727859,105500.331753,-0.0,192.0,0,false,false,0.0,-7.000009,0,0.0,1.0,1.0
2,8,0.4,500.0,0.0,500.0,0.0,17452.0,0.0,0.0,0.0,0.0,0.0,-135.0,0.0,0.0,0.0,0.0,0.0,0.0,0,0,0,0,0,0,0,0,0,0,0,0,0,0,0,370.717834,410.452972,457.800201,560.687439,462.298828,414.485229,370.696228,410.478027,457.827454,560.719666,462.341644,414.52417,370.755676,410.509399,457.863159,560.764587,462.318268,414.502686,370.75824,410.495239,457.846741,560.743408,462.282806,414.471313,59.727859,105500.331753,-0.0,192.0,0,false,false,0.0,-8.000009,0,0.0,1.0,1.0
2,9,0.45,500.0,37300.0,500.0,37300.0,17452.0,0.0,0.0,0.0,0.0,0.0,-135.0,0.0,0.0,0.0,0.0,0.0,0.0,0,0,0,0,0,0,0,0,0,0,0,0,0,0,0,370.717834,410.452972,457.800201,560.687439,462.298828,414.485229,370.696228,410.478027,457.827454,560.719666,462.341644,414.52417,370.755676,410.509399,457.863159,560.764587,462.318268,414.502686,370.75824,410.495239,457.846741,560.743408,462.282806,414.471313,59.727859,105500.331753,-0.0,192.0,0,false,false,0.0,-9.000009,0,0.0,1.0,1.0
2,10,0.5,500.0,0.0,500.0,0.0,17452.0,0.0,0.0,0.0,0.0,0.0,-135.0,0.0,0.0,0.0,0.0,0.0,0.0,0,0,0,0,0,0,0,0,0,0,0,0,0,0,0,370.717834,410.452972,457.800201,560.687439,462.298828,414.485229,370.696228,410.478027,457.827454,560.719666,462.341644,414.52417,370.755676,410.509399,457.863159,560.764587,462.318268,414.502686,370.75824,410.495239,457.846741,560.743408,462.282806,414.471313,59.727859,105500.331753,-0.0,192.0,0,false,false,0.0,-10.000009,0,0.0,1.0,1.0
2,11,0.55,500.0,37300.0,500.0,37300.0,17452.0,0.0,0.0,0.0,0.0,0.0,-135.0,0.0,0.0,0.0,0.0,0.0,0.0,0,0,0,0,0,0,0,0,0,0,0,0,0,0,0,370.717834,410.452972,457.800201,560.687439,462.298828,414.485229,370.696228,410.478027,457.827454,560.719666,462.341644,414.52417,370.755676,410.509399,457.863159,560.764587,462.318268,414.502686,370.75824,410.495239,457.846741,560.743408,462.282806,414.471313,59.727859,105500.331753,-0.0,192.0,0,false,false,0.0,-11.000009,0,0.0,1.0,1.0
2,12,0.6,500.0,0.0,500.0,0.0,17452.0,0.0,0.0,0.0,0.0,0.0,-135.0,0.0,0.0,0.0,0.0,0.0,0.0,0,0,0,0,0,0,0,0,0,0,0,0,0,0,0,370.717834,410.452972,457.800201,560.687439,462.298828,414.485229,370.696228,410.478027,457.827454,560.719666,462.341644,414.52417,370.755676,410.509399,457.863159,560.764587,462.318268,414.502686,370.75824,410.495239,457.846741,560.743408,462.282806,414.471313,59.727859,105500.331753,-0.0,192.0,0,false,false,0.0,-12.000009,0,0.0,1.0,1.0
2,13,0.65,500.0,37300.0,500.0,37300.0,17452.0,0.0,0.0,0.0,0.0,0.0,-135.0,0.0,0.0,0.0,0.0,0.0,0.0,0,0,0,0,0,0,0,0,0,0,0,0,0,0,0,370.717834,410.452972,457.800201,560.687439,462.298828,414.485229,370.696228,410.478027,457.827454,560.719666,462.341644,414.52417,370.755676,410.509399,457.863159,560.764587,462.318268,414.502686,370.75824,410.495239,457.846741,560.743408,462.282806,414.471313,59.727859,105500.331753,-0.0,192.0,0,false,false,0.0,-13.000008,0,0.0,1.0,1.0
2,14,0.7,500.0,0.0,500.0,0.0,17452.0,0.0,0.0,0.0,0.0,0.0,-135.0,0.0,0.0,0.0,0.0,0.0,0.0,0,0,0,0,0,0,0,0,0,0,0,0,0,0,0,370.717834,410.452972,457.800201,560.687439,462.298828,414.485229,370.696228,410.478027,457.827454,560.719666,462.341644,414.52417,370.755676,410.509399,457.863159,560.764587,462.318268,414.502686,370.75824,410.495239,457.846741,560.743408,462.282806,414.471313,59.727859,105500.331753,-0.0,192.0,0,false,false,0.0,-14.000008,0,0.0,1.0,1.0
2,15,0.75,500.0,37300.0,500.0,37300.0,17452.0,0.0,0.0,0.0,0.0,0.0,-135.0,0.0,0.0,0.0,0.0,0.0,0.0,0,0,0,0,0,0,0,0,0,0,0,0,0,0,0,370.717834,410.452972,457.800201,560.687439,462.298828,414.485229,370.696228,410.478027,457.827454,560.719666,462.341644,414.52417,370.755676,410.509399,457.863159,560.764587,462.318268,414.502686,370.75824,410.495239,457.846741,560.743408,462.282806,414.471313,59.727859,105500.331753,-0.0,192.0,0,false,false,0.0,-15.000008,0,0.0,1.0,1.0
2,16,0.8,500.0,0.0,500.0,0.0,17452.0,0.0,0.0,0.0,0.0,0.0,-135.0,0.0,0.0,0.0,0.0,0.0,0.0,0,0,0,0,0,0,0,0,0,0,0,0,0,0,0,370.717834,410.452972,457.800201,560.687439,462.298828,414.485229,370.696228,410.478027,457.827454,560.719666,462.341644,414.52417,370.755676,410.509399,457.863159,560.764587,462.318268,414.502686,370.75824,410.495239,457.846741,560.743408,462.282806,414.471313,59.727859,105500.331753,-0.0,192.0,0,false,false,0.0,-16.000008,0,0.0,1.0,1.0
2,17,0.85,500.0,37300.0,500.0,37300.0,17452.0,0.0,0.0,0.0,0.0,0.0,-135.0,0.0,0.0,0.0,0.0,0.0,0.0,0,0,0,0,0,0,0,0,0,0,0,0,0,0,0,370.717834,410.452972,457.800201,560.687439,462.298828,414.485229,370.696228,410.478027,457.827454,560.719666,462.341644,414.52417,370.755676,410.509399,457.863159,560.764587,462.318268,414.502686,370.75824,410.495239,457.846741,560.743408,462.282806,414.471313,59.727859,105500.331753,-0.0,192.0,0,false,false,0.0,-17.000008,0,0.0,1.0,1.0
2,18,0.9,500.0,0.0,500.0,0.0,17452.0,0.0,0.0,0.0,0.0,0.0,-135.0,0.0,0.0,0.0,0.0,0.0,0.0,0,0,0,0,0,0,0,0,0,0,0,0,0,0,0,370.717834,410.452972,457.800201,560.687439,462.298828,414.485229,370.696228,410.478027,457.827454,560.719666,462.341644,414.52417,370.755676,410.509399,457.863159,560.764587,462.318268,414.502686,370.75824,410.495239,457.846741,560.743408,462.282806,414.471313,59.727859,105500.331753,-0.0,192.0,0,false,false,0.0,-18.000008,0,0.0,1.0,1.0
2,19,0.95,500.0,37300.0,500.0,37300.0,17452.0,0.0,0.0,0.0,0.0,0.0,-135.0,0.0,0.0,0.0,0.0,0.0,0.0,0,0,0,0,0,0,0,0,0,0,0,0,0,0,0,370.717834,410.452972,457.800201,560.687439,462.298828,414.485229,370.696228,410.478027,457.827454,560.719666,462.341644,414.52417,370.755676,410.509399,457.863159,560.764587,462.318268,414.502686,370.75824,410.495239,457.846741,560.743408,462.282806,414.471313,59.727859,105500.331753,-0.0,192.0,0,false,false,0.0,-19.000008,0,0.0,1.0,1.0
2,20,1.0,500.0,0.0,500.0,0.0,17452.0,0.0,0.0,0.0,0.0,0.0,-135.0,0.0,0.0,0.0,0.0,0.0,0.0,0,0,0,0,0,0,0,0,0,0,0,0,0,0,0,370.717834,410.452972,457.800201,560.687439,462.298828,414.485229,370.696228,410.478027,457.827454,560.719666,462.341644,414.52417,370.755676,410.509399,457.863159,560.764587,462.318268,414.502686,370.75824,410.495239,457.846741,560.743408,462.282806,414.471313,59.727859,105500.331753,-0.0,192.0,0,false,false,0.0,-20.000008,0,0.0,1.0,1.0
2,21,1.05,500.0,37300.0,500.0,37300.0,17452.0,0.0,0.0,0.0,0.0,0.0,-135.0,0.0,0.0,0.0,0.0,0.0,0.0,0,0,0,0,0,0,0,0,0,0,0,0,0,0,0,370.717834,410.452972,457.800201,560.687439,462.298828,414.485229,370.696228,410.478027,457.827454,560.719666,462.341644,414.52417,370.755676,410.509399,457.863159,560.764587,462.318268,414.502686,370.75824,410.495239,457.846741,560.743408,462.282806,414.471313,59.727859,105500.331753,-0.0,192.0,0,false,false,0.0,-21.000008,0,0.0,1.0,1.0
2,22,1.1,500.0,0.0,500.0,0.0,17452.0,0.0,0.0,0.0,0.0,0.0,-135.0,0.0,0.0,0.0,0.0,0.0,0.0,0,0,0,0,0,0,0,0,0,0,0,0,0,0,0,370.717834,410.452972,457.800201,560.687439,462.298828,414.485229,370.696228,410.478027,457.827454,560.719666,462.341644,414.52417,370.755676,410.509399,457.863159,560.764587,462.318268,414.502686,370.75824,410.495239,457.846741,560.743408,462.282806,414.471313,59.727859,105500.331753,-0.0,192.0,0,false,false,0.0,-22.000008,0,0.0,1.0,1.0
2,23,1.15,500.0,37300.0,500.0,37300.0,17452.0,0.0,0.0,0.0,0.0,0.0,-135.0,0.0,0.0,0.0,0.0,0.0,0.0,0,0,0,0,0,0,0,0,0,0,0,0,0,0,0,370.717834,410.452972,457.800201,560.687439,462.298828,414.485229,370.696228,410.478027,457.827454,560.719666,462.341644,414.52417,370.755676,410.509399,457.863159,560.764587,462.318268,414.502686,370.75824,410.495239,457.846741,560.743408,462.282806,414.471313,59.727859,105500.331753,-0.0,192.0,0,false,false,0.0,-23.000008,0,0.0,1.0,1.0
2,24,1.2,500.0,0.0,500.0,0.0,17452.0,0.0,0.0,0.0,0.0,0.0,-135.0,0.0,0.0,0.0,0.0,0.0,0.0,0,0,0,0,0,0,0,0,0,0,0,0,0,0,0,370.717834,410.452972,457.800201,560.687439,462.298828,414.485229,370.696228,410.478027,457.827454,560.719666,462.341644,414.52417,370.755676,410.509399,457.863159,560.764587,462.318268,414.502686,370.75824,410.495239,457.846741,560.743408,462.282806,414.471313,59.727859,105500.331753,-0.0,192.0,0,false,false,0.0,-24.000008,0,0.0,1.0,1.0
2,25,1.25,500.0,37300.0,500.0,37300.0,17452.0,0.0,0.0,0.0,0.0,0.0,-135.0,0.0,0.0,0.0,0.0,0.0,0.0,0,0,0,0,0,0,0,0,0,0,0,0,0,0,0,370.717834,410.452972,457.800201,560.687439,462.298828,414.485229,370.696228,410.478027,457.827454,560.719666,462.341644,414.52417,370.755676,410.509399,457.863159,560.764587,462.318268,414.502686,370.75824,410.495239,457.846741,560.743408,462.282806,414.471313,59.727859,105500.331753,-0.0,192.0,0,false,false,0.0,-25.000008,0,0.0,1.0,1.0
2,26,1.3,500.0,0.0,500.0,0.0,17452.0,0.0,0.0,0.0,0.0,0.0,-135.0,0.0,0.0,0.0,0.0,0.0,0.0,0,0,0,0,0,0,0,0,0,0,0,0,0,0,0,370.717834,410.452972,457.800201,560.687439,462.298828,414.485229,370.696228,410.478027,457.827454,560.719666,462.341644,414.52417,370.755676,410.509399,457.863159,560.764587,462.318268,414.502686,370.75824,410.495239,457.846741,560.743408,462.282806,414.471313,59.727859,105500.331753,-0.0,192.0,0,false,false,0.0,-26.000008,0,0.0,1.0,1.0
2,27,1.35,500.0,37300.0,500.0,37300.0,17452.0,0.0,0.0,0.0,0.0,0.0,-135.0,0.0,0.0,0.0,0.0,0.0,0.0,0,0,0,0,0,0,0,0,0,0,0,0,0,0,0,370.717834,410.452972,457.800201,560.687439,462.298828,414.485229,370.696228,410.478027,457.827454,560.719666,462.341644,414.52417,370.755676,410.509399,457.863159,560.764587,462.318268,414.502686,370.75824,410.495239,457.846741,560.743408,462.282806,414.471313,59.727859,105500.331753,-0.0,192.0,0,false,false,0.0,-27.000008,0,0.0,1.0,1.0
2,28,1.4,500.0,0.0,500.0,0.0,17452.0,0.0,0.0,0.0,0.0,0.0,-135.0,0.0,0.0,0.0,0.0,0.0,0.0,0,0,0,0,0,0,0,0,0,0,0,0,0,0,0,370.717834,410.452972,457.800201,560.687439,462.298828,414.485229,370.696228,410.478027,457.827454,560.719666,462.341644,414.52417,370.755676,410.509399,457.863159,560.764587,462.318268,414.502686,370.75824,410.495239,457.846741,560.743408,462.282806,414.471313,59.727859,105500.331753,-0.0,192.0,0,false,false,0.0,-28.000008,0,0.0,1.0,1.0
2,29,1.45,500.0,37300.0,500.0,37300.0,17452.0,0.0,0.0,0.0,0.0,0.0,-135.0,0.0,0.0,0.0,0.0,0.0,0.0,0,0,0,0,0,0,0,0,0,0,0,0,0,0,0,370.717834,410.452972,457.800201,560.687439,462.298828,414.485229,370.696228,410.478027,457.827454,560.719666,462.341644,414.52417,370.755676,410.509399,457.863159,560.764587,462.318268,414.502686,370.75824,410.495239,457.846741,560.743408,462.282806,414.471313,59.727859,105500.331753,-0.0,192.0,0,false,false,0.0,-29.000008,0,0.0,1.0,1.0
2,30,1.5,500.0,0.0,500.0,0.0,17452.0,0.0,0.0,0.0,0.0,0.0,-135.0,0.0,0.0,0.0,0.0,0.0,0.0,0,0,0,0,0,0,0,0,0,0,0,0,0,0,0,370.717834,410.452972,457.800201,560.687439,462.298828,414.485229,370.696228,410.478027,457.827454,560.719666,462.341644,414.52417,370.755676,410.509399,457.863159,560.764587,462.318268,414.502686,370.75824,410.495239,457.846741,560.743408,462.282806,414.471313,59.727859,105500.331753,-0.0,192.0,0,false,false,0.0,-30.000008,0,0.0,1.0,1.0
2,31,1.55,500.0,37300.0,500.0,37300.0,17452.0,0.0,0.0,0.0,0.0,0.0,-135.0,0.0,0.0,0.0,0.0,0.0,0.0,0,0,0,0,0,0,0,0,0,0,0,0,0,0,0,370.717834,410.452972,457.800201,560.687439,462.298828,414.485229,370.696228,410.478027,457.827454,560.719666,462.341644,414.52417,370.755676,410.509399,457.863159,560.764587,462.318268,414.502686,370.75824,410.495239,457.846741,560.743408,462.282806,414.471313,59.727859,105500.331753,-0.0,192.0,0,false,false,0.0,-31.000008,0,0.0,1.0,1.0
2,32,1.6,499.926701,0.073299,499.996567,0.003433,17473.934117,-0.347414,-0.201847,0.070984,0.085928,0.093789,-134.996536,0.0,0.0,0.0,0.0,0.0,0.0,0,0,0,0,0,0,0,0,0,0,0,0,0,0,0,370.832886,410.516357,457.879456,560.798889,462.226227,414.427917,370.71167,410.434082,457.787018,560.684509,462.263428,414.461823,370.679291,410.460419,457.817139,560.722595,462.359741,414.547668,370.781464,410.553589,457.92041,560.847961,462.329895,414.521301,37.793743,105500.594663,-6.499725,41.227632,0,false,false,0.0,-32.000018,0,0.0,1.0,1.0
2,33,1.65,499.950083,37299.976618,500.004703,37299.991864,17473.936108,-0.341915,-0.066164,0.056814,0.067266,0.061166,-134.997528,0.0,0.0,0.0,0.0,0.0,0.0,0,0,0,0,0,0,0,0,0,0,0,0,0,0,0,370.795837,410.491028,457.848755,560.75708,462.243011,414.440704,370.698029,410.442993,457.794495,560.689514,462.293488,414.486511,370.704895,410.481262,457.837891,560.743835,462.351624,414.538116,370.78363,410.540192,457.902954,560.82251,462.308502,414.499847,37.791752,105500.531894,-4.698503,101.304395,0,false,false,0.0,-33.000025,0,0.0,1.0,1.0
2,34,1.7,499.973744,0.049639,500.009856,-0.00172,17473.938537,-0.342876,-0.052792,0.05547,0.044556,0.031688,-134.998657,0.0,0.0,0.0,0.0,0.0,0.0,0,0,0,0,0,0,0,0,0,0,0,0,0,0,0,370.758179,410.46759,457.819824,560.71698,462.263184,414.456268,370.687714,410.454224,457.804199,560.696716,462.322083,414.509644,370.72998,410.5,457.855988,560.761353,462.341583,414.526611,370.781372,410.524292,457.882446,560.792664,462.290039,414.480774,37.789326,105500.445507,-2.606734,155.587923,0,false,false,0.0,-34.000031,0,0.0,1.0,1.0
2,35,1.75,499.991082,37299.95928,500.010282,37299.991438,17473.940817,-0.075278,0.117583,0.022834,0.023225,0.011629,-134.999771,0.0,0.0,0.0,0.0,0.0,0.0,0,0,0,0,0,0,0,0,0,0,0,0,0,0,0,370.729523,410.452423,457.80014,560.688293,462.282104,414.470734,370.683075,410.464417,457.812836,560.702698,462.341675,414.524719,370.746521,410.510834,457.865326,560.768188,462.332886,414.516296,370.773895,410.509735,457.863464,560.764832,462.28064,414.469879,37.787045,105500.372037,-0.512949,192.528222,0,false,false,0.0,-35.000034,0,0.0,1.0,1.0
2,36,1.8,499.994255,0.046465,500.00544,0.003121,17473.941949,-0.028358,0.059755,0.011102,0.012642,0.012447,-135.000015,0.0,0.0,0.0,0.0,0.0,0.0,0,0,0,0,0,0,0,0,0,0,0,0,0,0,0,370.724609,410.453156,457.800385,560.687561,462.289764,414.477081,370.688416,410.469818,457.818268,560.708374,462.341461,414.523987,370.748749,410.509155,457.862854,560.76416,462.327484,414.510925,370.7659,410.503387,457.855804,560.754456,462.283142,414.471558,37.785912,105500.375956,-0.020249,191.022645,0,false,false,0.0,-36.000038,0,0.0,1.0,1.0
2,37,1.85,499.994852,37299.958683,500.00273,37299.994149,17473.942461,-0.009494,0.02944,0.005327,0.007848,0.013572,-135.000122,0.0,0.0,0.0,0.0,0.0,0.0,0,0,0,0,0,0,0,0,0,0,0,0,0,0,0,370.723572,410.454498,457.801605,560.68866,462.292999,414.479736,370.691406,410.472015,457.820465,560.710571,462.340271,414.522644,370.748627,410.507385,457.860626,560.760986,462.325287,414.508698,370.761719,410.500763,457.8526,560.750061,462.28537,414.473328,37.7854,105500.381181,0.200197,188.952041,0,false,false,0.0,-37.000042,0,0.0,1.0,1.0
2,38,1.9,499.9948,0.046517,500.001417,0.004434,17473.942681,-0.006022,0.017195,0.00316,0.005788,0.014058,-135.000443,0.0,0.0,0.0,0.0,0.0,0.0,0,0,0,0,0,0,0,0,0,0,0,0,0,0,0,370.722076,410.454895,457.80127,560.68689,462.295502,414.481262,370.691406,410.472351,457.820038,560.70874,462.340607,414.522247,370.746704,410.505768,457.858032,560.756531,462.325714,414.508392,370.758301,410.499237,457.850098,560.745728,462.287964,414.474945,37.785179,105500.38374,0.788435,188.058219,0,false,false,0.0,-38.000047,0,0.0,1.0,1.0
2,39,1.95,499.994449,37299.959034,500.000267,37299.995299,17473.942843,0.00594,0.018165,0.0027,0.004271,0.014427,-135.000778,0.0,0.0,0.0,0.0,0.0,0.0,0,0,0,0,0,0,0,0,0,0,0,0,0,0,0,370.720795,410.455353,457.800903,560.685059,462.29776,414.482513,370.690979,410.47226,457.819092,560.706177,462.340973,414.52182,370.744232,410.504028,457.855225,560.751648,462.32666,414.508484,370.754974,410.497986,457.84787,560.741577,462.290771,414.476715,37.785019,105500.386006,1.426929,187.377796,0,false,false,0.0,-39.000051,0,0.0,1.0,1.0
2,40,2.0,499.994142,0.046823,499.99951,0.00519,17473.942952,0.001483,0.009636,0.001475,0.003247,0.014368,-135.001144,0.0,0.0,0.0,0.0,0.0,0.0,0,0,0,0,0,0,0,0,0,0,0,0,0,0,0,370.71933,410.455444,457.80011,560.682617,462.299774,414.483521,370.690002,410.471924,457.81781,560.703125,462.341797,414.521729,370.741821,410.502563,457.852722,560.74707,462.327972,414.50885,370.752075,410.496979,457.845856,560.73761,462.293304,414.47818,37.784908,105500.386552,2.088824,187.48733,0,false,false,0.0,-40.000055,0,0.0,1.0,1.0
2,41,2.05,499.993624,37299.959553,499.998901,37299.995909,17473.943005,0.001673,0.006478,0.000957,0.00275,0.014508,-135.001404,0.0,0.0,0.0,0.0,0.0,0.0,0,0,0,0,0,0,0,0,0,0,0,0,0,0,0,370.718628,410.45575,457.799805,560.681152,462.301086,414.484131,370.68927,410.471466,457.81665,560.700623,462.342102,414.521423,370.739624,410.501221,457.850555,560.743347,462.329132,414.509308,370.749908,410.496399,457.844543,560.734924,462.295471,414.479523,37.784855,105500.387796,2.58328,187.229812,0,false,false,0.0,-41.00006,0,0.0,1.0,1.0
2,42,2.1,499.993121,0.047327,499.998321,0.00577,17473.94306,0.0,0.0,0.0,0.002243,0.014478,-135.00174,0.0,0.0,0.0,0.0,0.0,0.0,0,0,0,0,0,0,0,0,0,0,0,0,0,0,0,370.717529,410.455902,457.799133,560.678894,462.302734,414.484833,370.688141,410.470886,457.815155,560.697388,462.342804,414.521301,370.737091,410.499786,457.848114,560.738953,462.330658,414.509888,370.747375,410.495697,457.842926,560.731506,462.297943,414.480957,37.784801,105500.388449,3.205008,187.284189,0,false,false,0.0,-42.000064,0,0.0,1.0,1.0
2,43,2.15,499.992753,37299.959921,499.997975,37299.996256,17473.943085,0.002431,0.002787,0.000353,0.001996,0.014676,-135.001862,0.0,0.0,0.0,0.0,0.0,0.0,0,0,0,0,0,0,0,0,0,0,0,0,0,0,0,370.717407,410.456207,457.799194,560.678528,462.303253,414.485046,370.687927,410.470642,457.814636,560.696289,462.342743,414.520996,370.735931,410.499054,457.847015,560.737122,462.331207,414.510132,370.746338,410.495514,457.842438,560.730408,462.299042,414.48172,37.784775,105500.389592,3.415555,186.920687,0,false,false,0.0,-43.000069,0,0.0,1.0,1.0
2,44,2.2,499.992313,0.047766,499.99765,0.006094,17473.943098,0.002829,0.002423,0.000319,0.001948,0.014776,-135.001923,0.0,0.0,0.0,0.0,0.0,0.0,0,0,0,0,0,0,0,0,0,0,0,0,0,0,0,370.717712,410.456635,457.799561,560.678711,462.303436,414.485077,370.687988,410.470428,457.81424,560.695557,462.342407,414.520538,370.735016,410.498352,457.8461,560.735779,462.331573,414.510345,370.745636,410.495483,457.842255,560.72998,462.299957,414.482391,37.784763,105500.390456,3.526354,186.736178,0,false,false,0.0,-44.000074,0,0.0,1.0,1.0
2,45,2.25,499.991482,37299.960753,499.997182,37299.996723,17473.943086,-0.003449,-0.004063,0.00104,0.002001,0.014854,-135.002182,0.0,0.0,0.0,0.0,0.0,0.0,0,0,0,0,0,0,0,0,0,0,0,0,0,0,0,370.717438,410.457092,457.799408,560.677429,462.304352,414.485291,370.687073,410.469666,457.812775,560.692688,462.34256,414.520111,370.732452,410.496918,457.843872,560.731934,462.333069,414.511108,370.743713,410.495239,457.841339,560.727783,462.302216,414.483856,37.784775,105500.391612,4.003375,186.592017,0,false,false,0.0,-45.000078,0,0.0,1.0,1.0
2,46,2.3,499.990323,0.048924,499.996508,0.006769,17473.943049,-0.006862,-0.006492,0.001727,0.002341,0.015238,-135.00235,0.0,0.0,0.0,0.0,0.0,0.0,0,0,0,0,0,0,0,0,0,0,0,0,0,0,0,370.71814,410.45813,457.800171,560.677673,462.304718,414.48526,370.686951,410.469025,457.811615,560.690613,462.341797,414.519073,370.730011,410.49527,457.841614,560.728516,462.334229,414.51178,370.742096,410.49527,457.841003,560.726685,462.304474,414.485504,37.784813,105500.394144,4.300865,185.885521,0,false,false,0.0,-46.000083,0,0.0,1.0,1.0
2,47,2.35,499.990095,37299.960981,499.99631,37299.996921,17473.943076,0.0,0.0,0.0,0.002159,0.014633,-135.002548,0.0,0.0,0.0,0.0,0.0,0.0,0,0,0,0,0,0,0,0,0,0,0,0,0,0,0,370.717285,410.458038,457.79953,560.676086,462.305664,414.485657,370.686035,410.468567,457.810608,560.688477,462.342438,414.519165,370.728546,410.494537,457.840302,560.726013,462.335236,414.512207,370.740723,410.494904,457.840027,560.72467,462.305817,414.486237,37.784786,105500.392459,4.690326,186.999975,0,false,false,0.0,-47.000088,0,0.0,1.0,1.0
2,48,2.4,499.989741,0.049279,499.99602,0.00706,17473.943093,0.002662,0.002604,0.000299,0.002015,0.014675,-135.002609,0.0,0.0,0.0,0.0,0.0,0.0,0,0,0,0,0,0,0,0,0,0,0,0,0,0,0,370.717468,410.458374,457.799774,560.676086,462.305908,414.485718,370.686035,410.468414,457.810272,560.687805,462.342194,414.518829,370.727722,410.493958,457.839478,560.724792,462.335571,414.51236,370.740051,410.494812,457.839813,560.724121,462.30661,414.486816,37.784767,105500.393048,4.802869,186.922043,0,false,false,0.0,-48.000093,0,0.0,1.0,1.0
2,49,2.45,499.98942,37299.961302,499.995806,37299.997134,17473.9431,0.002885,0.00229,0.000338,0.001893,0.014694,-135.002731,0.0,0.0,0.0,0.0,0.0,0.0,0,0,0,0,0,0,0,0,0,0,0,0,0,0,0,370.717224,410.458527,457.799652,560.675415,462.306396,414.48587,370.685608,410.468109,457.809631,560.686523,462.342346,414.518677,370.726593,410.493317,457.83847,560.723022,462.336243,414.512695,370.739136,410.494659,457.839325,560.723022,462.307648,414.487457,37.78476,105500.393478,5.031817,186.886744,0,false,false,0.0,-49.000098,0,0.0,1.0,1.0
2,50,2.5,499.989095,0.049603,499.99559,0.007276,17473.943102,0.002931,0.002146,0.000357,0.001839,0.014702,-135.002853,0.0,0.0,0.0,0.0,0.0,0.0,0,0,0,0,0,0,0,0,0,0,0,0,0,0,0,370.717072,410.45871,457.799561,560.674866,462.306824,414.486023,370.685242,410.467804,457.809021,560.685303,462.342438,414.518494,370.725525,410.492706,457.837494,560.721375,462.336853,414.513,370.738281,410.494537,457.838898,560.721985,462.308594,414.488068,37.78476,105500.393877,5.242188,186.871748,0,false,false,0.0,-50.000103,0,0.0,1.0,1.0
2,51,2.55,499.988765,37299.961631,499.995386,37299.997338,17473.943105,0.00307,0.002075,0.000379,0.001811,0.014705,-135.002975,0.0,0.0,0.0,0.0,0.0,0.0,0,0,0,0,0,0,0,0,0,0,0,0,0,0,0,370.716858,410.458893,457.799438,560.674194,462.307281,414.486176,370.684814,410.467468,457.80835,560.68396,462.34256,414.518341,370.724426,410.492096,457.836517,560.719666,462.337524,414.513306,370.737396,410.494385,457.83844,560.720947,462.309601,414.488678,37.784756,105500.39425,5.463031,186.867373,0,false,false,0.0,-51.000108,0,0.0,1.0,1.0
2,52,2.6,499.988438,0.049931,499.99519,0.007472,17473.943107,0.0,0.0,0.0,0.001811,0.014705,-135.002975,0.0,0.0,0.0,0.0,0.0,0.0,0,0,0,0,0,0,0,0,0,0,0,0,0,0,0,370.717316,410.459259,457.799866,560.674744,462.30719,414.486084,370.685028,410.467377,457.808258,560.683838,462.342133,414.517944,370.723969,410.491699,457.83609,560.719177,462.337646,414.513397,370.737183,410.494476,457.838531,560.721069,462.310028,414.489075,37.784756,105500.394621,5.462938,186.867374,0,false,false,0.0,-52.000113,0,0.0,1.0,1.0
2,53,2.65,499.987945,37299.962124,499.994893,37299.997634,17473.943107,0.002473,0.001341,0.000315,0.001803,0.014731,-135.00325,0.0,0.0,0.0,0.0,0.0,0.0,0,0,0,0,0,0,0,0,0,0,0,0,0,0,0,370.716522,410.45932,457.799255,560.672852,462.308289,414.48645,370.683899,410.466705,457.806824,560.68103,462.342743,414.517914,370.721832,410.490601,457.834198,560.715698,462.33905,414.514069,370.735382,410.49411,457.837463,560.718628,462.311951,414.490173,37.784756,105500.395239,5.961801,186.818325,0,false,false,0.0,-53.000118,0,0.0,1.0,1.0
2,54,2.7,499.987622,0.050254,499.994709,0.007657,17473.943106,0.002992,0.001878,0.000382,0.001803,0.014731,-135.00325,0.0,0.0,0.0,0.0,0.0,0.0,0,0,0,0,0,0,0,0,0,0,0,0,0,0,0,370.716949,410.459686,457.799683,560.673401,462.308167,414.486359,370.684082,410.466614,457.806732,560.680847,462.342346,414.517517,370.721375,410.490234,457.833771,560.71521,462.339172,414.514191,370.735168,410.494202,457.837555,560.71875,462.312347,414.49054,37.784756,105500.395598,5.961703,186.818325,0,false,false,0.0,-54.000124,0,0.0,1.0,1.0
2,55,2.75,499.987285,37299.962461,499.994508,37299.997836,17473.943107,0.003198,0.002073,0.0004,0.0018,0.014702,-135.003357,0.0,0.0,0.0,0.0,0.0,0.0,0,0,0,0,0,0,0,0,0,0,0,0,0,0,0,370.716766,410.459869,457.799561,560.672791,462.308594,414.486481,370.683685,410.466309,457.806061,560.679565,462.342438,414.517365,370.720276,410.489624,457.832794,560.713501,462.339813,414.514496,370.734314,410.49408,457.837128,560.717773,462.313324,414.49118,37.784756,105500.39587,6.177776,186.87263,0,false,false,0.0,-55.000129,0,0.0,0.0,1.0
2,56,2.8,499.986934,0.050605,499.994287,0.007877,17473.943105,0.001865,0.0008,0.000241,0.001805,0.014703,-135.003494,0.0,0.0,0.0,0.0,0.0,0.0,0,0,0,0,0,0,0,0,0,0,0,0,0,0,0,370.716553,410.460022,457.799438,560.672058,462.309113,414.486633,370.683228,410.465942,457.805359,560.678162,462.34259,414.517212,370.719086,410.488953,457.831726,560.71167,462.340546,414.514862,370.733368,410.493927,457.836639,560.716614,462.314423,414.491852,37.784756,105500.396264,6.417559,186.870049,0,false,false,0.0,-56.000134,0,0.0,0.0,1.0
2,57,2.85,499.986441,37299.962954,499.993941,37299.998182,17473.9431,0.0,0.0,0.0,0.00186,0.015217,-135.003601,0.0,0.0,0.0,0.0,0.0,0.0,0,0,0,0,0,0,0,0,0,0,0,0,0,0,0,370.716614,410.460419,457.799591,560.671753,462.309509,414.486755,370.682983,410.465607,457.804718,560.67688,462.342438,414.516815,370.717804,410.488129,457.830505,560.709717,462.341187,414.515198,370.73233,410.493805,457.836243,560.715637,462.315643,414.492676,37.78476,105500.398516,6.628762,185.923739,0,false,false,0.0,-57.000139,0,0.0,0.0,1.0
2,58,2.9,499.986119,0.050927,499.993816,0.008002,17473.943103,0.003,0.00216,0.000357,0.001834,0.014729,-135.003708,0.0,0.0,0.0,0.0,0.0,0.0,0,0,0,0,0,0,0,0,0,0,0,0,0,0,0,370.716522,410.460571,457.79953,560.671265,462.309814,414.486786,370.682587,410.465302,457.804108,560.675781,462.342529,414.516663,370.716827,410.48761,457.829712,560.708313,462.341797,414.515503,370.731689,410.493774,457.835938,560.714905,462.316437,414.493195,37.78476,105500.397232,6.806148,186.822916,0,false,false,0.0,-58.000145,0,0.0,0.0,1.0
2,59,2.95,499.985732,37299.963341,499.993564,37299.998434,17473.943105,0.001371,0.00018,0.000164,0.001813,0.014819,-135.003845,0.0,0.0,0.0,0.0,0.0,0.0,0,0,0,0,0,0,0,0,0,0,0,0,0,0,0,370.716278,410.460754,457.799377,560.670532,462.310364,414.486969,370.682098,410.464935,457.803345,560.674255,462.342651,414.516479,370.715546,410.486877,457.828522,560.706299,462.34259,414.5159,370.730652,410.493591,457.835419,560.713623,462.317627,414.493927,37.784756,105500.397963,7.067507,186.655823,0,false,false,0.0,-59.00015,0,0.0,0.0,1.0
2,60,3.0,499.985391,0.051269,499.99339,0.008176,17473.943107,0.003068,0.001904,0.000386,0.001803,0.014712,-135.003922,0.0,0.0,0.0,0.0,0.0,0.0,0,0,0,0,0,0,0,0,0,0,0,0,0,0,0,370.716278,410.460968,457.799408,560.670227,462.310608,414.487,370.681824,410.46463,457.802826,560.673279,462.342621,414.516266,370.71463,410.486328,457.827728,560.704956,462.343109,414.516174,370.730011,410.493561,457.835144,560.713013,462.318451,414.494476,37.784752,105500.397968,7.22092,186.852943,0,false,false,0.0,-60.000155,0,0.0,0.0,1.0
2,61,3.05,499.985057,37299.963674,499.993185,37299.998638,17473.943106,0.002987,0.001976,0.000363,0.001807,0.014705,-135.004059,0.0,0.0,0.0,0.0,0.0,0.0,0,0,0,0,0,0,0,0,0,0,0,0,0,0,0,370.716064,410.461121,457.799286,560.669556,462.311066,414.487152,370.681396,410.464294,457.802155,560.671936,462.342773,414.516113,370.713501,410.485687,457.826721,560.703186,462.343781,414.51651,370.729095,410.493408,457.834686,560.711914,462.319458,414.495117,37.784756,105500.398309,7.449087,186.866606,0,false,false,0.0,-61.000161,0,0.0,0.0,1.0
2,62,3.1,499.984725,0.051601,499.992993,0.008369,17473.943106,0.0,0.0,0.0,0.001807,0.014705,-135.004059,0.0,0.0,0.0,0.0,0.0,0.0,0,0,0,0,0,0,0,0,0,0,0,0,0,0,0,370.716522,410.461517,457.799713,560.670105,462.310974,414.487061,370.68161,410.464203,457.802032,560.671753,462.342346,414.515717,370.713043,410.485321,457.826294,560.702698,462.343903,414.516602,370.728882,410.49353,457.834808,560.712036,462.319885,414.495483,37.784756,105500.39868,7.448989,186.866606,0,false,false,0.0,-62.000166,0,0.0,0.0,1.0
2,63,3.15,499.984386,37299.964013,499.992801,37299.99883,17473.943108,0.003144,0.001949,0.000402,0.001793,0.014708,-135.004166,0.0,0.0,0.0,0.0,0.0,0.0,0,0,0,0,0,0,0,0,0,0,0,0,0,0,0,370.716339,410.46167,457.799591,560.669495,462.311401,414.487183,370.681183,410.463867,457.801361,560.670471,462.342438,414.515564,370.711945,410.484711,457.825317,560.700989,462.344574,414.516937,370.728027,410.493408,457.834381,560.71106,462.320862,414.496094,37.784752,105500.399048,7.665345,186.861528,0,false,false,0.0,-63.000172,0,0.0,0.0,1.0
2,64,3.2,499.984049,0.051937,499.992602,0.008568,17473.943106,0.003105,0.002016,0.000381,0.001795,0.014709,-135.004288,0.0,0.0,0.0,0.0,0.0,0.0,0,0,0,0,0,0,0,0,0,0,0,0,0,0,0,370.716187,410.461853,457.79953,560.668884,462.311798,414.487305,370.680786,410.463562,457.80072,560.66925,462.342529,414.515381,370.710876,410.4841,457.824341,560.699341,462.345215,414.517273,370.727203,410.493286,457.833984,560.710083,462.321838,414.496704,37.784756,105500.399415,7.872983,186.859467,0,false,false,0.0,-64.000177,0,0.0,0.0,1.0
2,65,3.25,499.983718,37299.964345,499.992403,37299.999029,17473.943106,0.003075,0.001996,0.000382,0.001801,0.014706,-135.004379,0.0,0.0,0.0,0.0,0.0,0.0,0,0,0,0,0,0,0,0,0,0,0,0,0,0,0,370.716095,410.462036,457.7995,560.668457,462.312164,414.487396,370.68045,410.463257,457.800171,560.668091,462.34256,414.515198,370.709869,410.483521,457.823456,560.697815,462.345795,414.517548,370.72644,410.493195,457.833618,560.709229,462.322723,414.497314,37.784756,105500.399767,8.059506,186.864518,0,false,false,0.0,-65.000183,0,0.0,0.0,1.0
2,66,3.3,499.983376,0.052279,499.992218,0.008753,17473.943108,0.003159,0.001925,0.000403,0.001801,0.014706,-135.004379,0.0,0.0,0.0,0.0,0.0,0.0,0,0,0,0,0,0,0,0,0,0,0,0,0,0,0,370.716553,410.462433,457.799927,560.668945,462.312042,414.487274,370.680664,410.463135,457.800018,560.667969,462.342133,414.514801,370.709381,410.483124,457.823029,560.697327,462.345917,414.51767,370.726227,410.493317,457.83374,560.709351,462.323151,414.497681,37.784752,105500.40014,8.059395,186.86452,0,false,false,0.0,-66.000189,0,0.0,0.0,1.0
2,67,3.35,499.983036,37299.964685,499.99202,37299.999227,17473.943108,0.0,0.0,0.0,0.001789,0.014703,-135.004517,0.0,0.0,0.0,0.0,0.0,0.0,0,0,0,0,0,0,0,0,0,0,0,0,0,0,0,370.716339,410.462585,457.799774,560.668274,462.312531,414.487427,370.680176,410.462799,457.799316,560.666565,462.342285,414.514648,370.708252,410.482483,457.821991,560.695557,462.346619,414.518036,370.725311,410.493164,457.833282,560.708252,462.324188,414.498322,37.784752,105500.400492,8.293461,186.870602,0,false,false,0.0,-67.000194,0,0.0,0.0,1.0
2,68,3.4,499.982401,0.052914,499.991614,0.009158,17473.943097,0.001091,0.000388,0.000123,0.001893,0.015143,-135.0047,0.0,0.0,0.0,0.0,0.0,0.0,0,0,0,0,0,0,0,0,0,0,0,0,0,0,0,370.716187,410.462982,457.799744,560.66748,462.313202,414.48761,370.679626,410.46228,457.798279,560.66449,462.342316,414.514252,370.70636,410.481354,457.820282,560.692627,462.347687,414.518555,370.723846,410.492981,457.832581,560.706665,462.325928,414.499451,37.784763,105500.402632,8.640106,186.060362,0,false,false,0.0,-68.0002,0,0.0,0.0,1.0
2,69,3.45,499.982057,37299.965029,499.991449,37299.999393,17473.943102,0.002921,0.002176,0.000352,0.001852,0.014724,-135.004822,0.0,0.0,0.0,0.0,0.0,0.0,0,0,0,0,0,0,0,0,0,0,0,0,0,0,0,370.715973,410.463104,457.799591,560.666748,462.31366,414.487732,370.679108,410.461914,457.797546,560.663086,462.342499,414.51413,370.7052,410.480743,457.819275,560.690918,462.348419,414.518921,370.722992,410.492859,457.832153,560.705627,462.326935,414.500061,37.78476,105500.401611,8.869975,186.831071,0,false,false,0.0,-69.000206,0,0.0,0.0,1.0
2,70,3.5,499.981733,0.053238,499.99124,0.009367,17473.943103,0.002969,0.002082,0.000368,0.001828,0.014703,-135.004929,0.0,0.0,0.0,0.0,0.0,0.0,0,0,0,0,0,0,0,0,0,0,0,0,0,0,0,370.715851,410.463318,457.79953,560.666199,462.314056,414.487854,370.678772,410.461609,457.796967,560.661926,462.34256,414.513947,370.704163,410.480164,457.818359,560.689331,462.348999,414.519226,370.722168,410.492737,457.831757,560.704651,462.32785,414.500671,37.784756,105500.401901,9.067093,186.870436,0,false,false,0.0,-70.000211,0,0.0,0.0,1.0
2,71,3.55,499.981402,37299.96536,499.991043,37299.999591,17473.943106,0.003046,0.002015,0.00038,0.001809,0.0147,-135.005051,0.0,0.0,0.0,0.0,0.0,0.0,0,0,0,0,0,0,0,0,0,0,0,0,0,0,0,370.715637,410.46347,457.799408,560.665588,462.314514,414.487976,370.678345,410.461273,457.796295,560.660645,462.342682,414.513794,370.703064,410.479523,457.817383,560.687622,462.34967,414.519562,370.721313,410.492615,457.831299,560.703613,462.328857,414.501282,37.784756,105500.402244,9.289387,186.876454,0,false,false,0.0,-71.000217,0,0.0,0.0,1.0
2,72,3.6,499.981067,0.053573,499.990839,0.00957,17473.943106,0.0,0.0,0.0,0.001806,0.014708,-135.005157,0.0,0.0,0.0,0.0,0.0,0.0,0,0,0,0,0,0,0,0,0,0,0,0,0,0,0,370.715546,410.463654,457.799377,560.6651,462.31488,414.488098,370.678009,410.460999,457.795715,560.659485,462.342712,414.513611,370.702057,410.478943,457.816467,560.686096,462.35025,414.519836,370.72052,410.492523,457.830933,560.702759,462.329773,414.501892,37.784756,105500.402637,9.477686,186.860556,0,false,false,0.0,-72.000223,0,0.0,0.0,1.0
2,73,3.65,499.980738,37299.965689,499.990637,37299.999793,17473.943106,0.003067,0.002044,0.000376,0.001806,0.014708,-135.005157,0.0,0.0,0.0,0.0,0.0,0.0,0,0,0,0,0,0,0,0,0,0,0,0,0,0,0,370.716003,410.46405,457.799805,560.665649,462.314758,414.488007,370.678223,410.460907,457.795624,560.659363,462.342285,414.513214,370.701599,410.478546,457.81601,560.685547,462.350372,414.519928,370.720306,410.492615,457.831055,560.702881,462.3302,414.502258,37.784756,105500.403013,9.477596,186.860555,1,true,false,0.0,-73.000229,0,1.0,0.0,1.0
2,74,3.7,499.980231,0.05408,499.990333,0.009874,17473.943105,0.002378,0.001359,0.0003,0.001812,0.014729,-135.005417,0.0,0.0,0.0,0.0,0.0,0.0,0,0,0,0,0,0,0,0,0,0,0,0,0,0,0,370.715271,410.464142,457.799255,560.663879,462.315826,414.488342,370.677155,410.460236,457.79425,560.656616,462.342834,414.513123,370.699493,410.477448,457.814148,560.68219,462.351746,414.520599,370.718536,410.492249,457.830017,560.7005,462.332092,414.503357,37.784756,105500.403608,9.959124,186.823096,0,true,false,0.0,-74.000235,0,0.0,0.0,1.0
2,75,3.75,499.979905,37299.966015,499.990135,37299.999991,17473.943105,0.00307,0.002083,0.00038,0.001812,0.014729,-135.005417,0.0,0.0,0.0,0.0,0.0,0.0,0,0,0,0,0,0,0,0,0,0,0,0,0,0,0,370.715729,410.464508,457.799683,560.664429,462.315735,414.488251,370.677368,410.460144,457.794128,560.656494,462.342407,414.512756,370.699036,410.477081,457.813721,560.681641,462.351868,414.520691,370.718323,410.49234,457.830109,560.700684,462.33252,414.503754,37.784756,105500.403979,9.959033,186.823096,0,true,false,0.0,-75.000241,0,0.0,0.0,1.0
2,76,3.8,499.979577,0.054408,499.989937,0.010071,17473.943106,0.003054,0.001953,0.000381,0.001809,0.014706,-135.005524,0.0,0.0,0.0,0.0,0.0,0.0,0,0,0,0,0,0,0,0,0,0,0,0,0,0,0,370.715546,410.464691,457.799591,560.663818,462.316132,414.488373,370.676971,410.459839,457.793518,560.655273,462.342499,414.512573,370.697998,410.476471,457.812775,560.680054,462.352478,414.520996,370.717499,410.492218,457.829712,560.699707,462.333466,414.504364,37.784756,105500.404255,10.164788,186.865594,0,true,false,0.0,-76.000247,0,0.0,0.0,1.0
2,77,3.85,499.978283,37299.967309,499.989167,37300.000762,17473.943065,-0.015009,-0.017048,0.004847,0.002197,0.01532,-135.005737,0.0,0.0,0.0,0.0,0.0,0.0,0,0,0,0,0,0,0,0,0,0,0,0,0,0,0,370.716217,410.46582,457.800354,560.66394,462.31665,414.488403,370.676727,410.459076,457.792145,560.652771,462.341766,414.511444,370.695129,410.474579,457.81015,560.676025,462.353851,414.52179,370.715546,410.492218,457.829193,560.698242,462.33609,414.506256,37.784798,105500.407677,10.536251,185.73422,0,true,false,0.0,-77.000253,0,0.0,0.0,1.0
2,78,3.9,499.978178,0.054513,499.98911,0.010128,17473.943082,0.0,0.0,0.0,0.002031,0.014672,-135.005905,0.0,0.0,0.0,0.0,0.0,0.0,0,0,0,0,0,0,0,0,0,0,0,0,0,0,0,370.715393,410.465576,457.799683,560.662354,462.317444,414.488708,370.675842,410.458679,457.79129,560.65094,462.342468,414.511688,370.694,410.474121,457.809204,560.674072,462.354706,414.522156,370.714508,410.491913,457.82843,560.696533,462.337036,414.506714,37.784779,105500.405649,10.863512,186.928317,0,true,false,0.0,-78.000259,0,0.0,0.0,1.0
2,79,3.95,499.977872,37299.967616,499.988867,37300.001005,17473.943094,0.002712,0.002475,0.00031,0.001916,0.014694,-135.005997,0.0,0.0,0.0,0.0,0.0,0.0,0,0,0,0,0,0,0,0,0,0,0,0,0,0,0,370.715302,410.46582,457.799683,560.661987,462.317841,414.488831,370.675598,410.458466,457.790802,560.649963,462.342468,414.511475,370.693054,410.473541,457.808319,560.672607,462.355225,414.5224,370.713715,410.491791,457.828033,560.695679,462.337952,414.507324,37.784767,105500.406092,11.039496,186.887069,0,true,false,0.0,-79.000266,0,0.0,0.0,1.0
2,80,4.0,499.977552,0.054833,499.988649,0.010346,17473.943101,0.002912,0.002205,0.000351,0.001916,0.014694,-135.005997,0.0,0.0,0.0,0.0,0.0,0.0,0,0,0,0,0,0,0,0,0,0,0,0,0,0,0,370.715759,410.466217,457.80011,560.662537,462.317749,414.48877,370.675842,410.458374,457.79071,560.649841,462.34201,414.511078,370.692627,410.473145,457.807892,560.672058,462.355286,414.522461,370.71347,410.491852,457.828125,560.695801,462.338379,414.50769,37.78476,105500.406472,11.039423,186.887076,0,true,false,0.0,-80.000272,0,0.0,0.0,1.0
2,81,4.05,499.977219,37299.967948,499.988451,37300.001203,17473.943106,0.003089,0.002142,0.000378,0.001841,0.014702,-135.006119,0.0,0.0,0.0,0.0,0.0,0.0,0,0,0,0,0,0,0,0,0,0,0,0,0,0,0,370.715546,410.46637,457.799988,560.661865,462.318207,414.488892,370.675415,410.458069,457.790039,560.64856,462.342163,414.510925,370.691498,410.472504,457.806885,560.670349,462.355988,414.522797,370.712585,410.49173,457.827667,560.694702,462.339386,414.508331,37.784756,105500.406849,11.262835,186.872802,0,true,false,0.0,-81.000278,0,0.0,0.0,1.0
2,82,4.1,499.976883,0.055168,499.988248,0.010549,17473.943105,0.003087,0.002051,0.000379,0.001807,0.014705,-135.006241,0.0,0.0,0.0,0.0,0.0,0.0,0,0,0,0,0,0,0,0,0,0,0,0,0,0,0,370.715332,410.466522,457.799866,560.661194,462.318665,414.489044,370.674957,410.457733,457.789368,560.647217,462.342285,414.510773,370.690369,410.471893,457.805878,560.66864,462.356659,414.523132,370.7117,410.491577,457.827209,560.693665,462.340393,414.508972,37.784756,105500.407215,11.490652,186.867477,0,true,false,0.0,-82.000284,0,0.0,0.0,1.0
2,83,4.15,499.97655,37299.968281,499.988049,37300.001402,17473.943107,0.0,0.0,0.0,0.001806,0.014707,-135.006363,0.0,0.0,0.0,0.0,0.0,0.0,0,0,0,0,0,0,0,0,0,0,0,0,0,0,0,370.715149,410.466675,457.799744,560.660522,462.319122,414.489166,370.67453,410.457397,457.788696,560.645874,462.342407,414.51062,370.68927,410.471252,457.804901,560.666931,462.35733,414.523468,370.710815,410.491455,457.826752,560.692627,462.3414,414.509583,37.784756,105500.407575,11.711747,186.863252,0,true,false,0.0,-83.000291,0,0.0,0.0,1.0
2,84,4.2,499.976226,0.055493,499.987851,0.010747,17473.943106,0.003036,0.001986,0.000383,0.001806,0.014707,-135.006363,0.0,0.0,0.0,0.0,0.0,0.0,0,0,0,0,0,0,0,0,0,0,0,0,0,0,0,370.715576,410.467072,457.800171,560.661072,462.319031,414.489075,370.674744,410.457306,457.788605,560.645752,462.34198,414.510223,370.688843,410.470886,457.804474,560.666382,462.357422,414.52356,370.710602,410.491547,457.826874,560.692749,462.341827,414.509979,37.784756,105500.407944,11.711657,186.863251,0,true,false,0.0,-84.000297,0,0.0,0.0,1.0
2,85,4.25,499.975883,37299.968624,499.987652,37300.001601,17473.943107,0.003104,0.001989,0.000392,0.001795,0.014702,-135.0065,0.0,0.0,0.0,0.0,0.0,0.0,0,0,0,0,0,0,0,0,0,0,0,0,0,0,0,370.715363,410.467194,457.800018,560.660339,462.319519,414.489227,370.674255,410.45694,457.787903,560.644348,462.342163,414.510071,370.687653,410.470245,457.803436,560.664551,462.358154,414.523926,370.709656,410.491394,457.826385,560.691589,462.342865,414.51062,37.784756,105500.408285,11.951128,186.871444,0,true,false,0.0,-85.000304,0,0.0,0.0,1.0
2,86,4.3,499.97555,0.055826,499.987453,0.010946,17473.943106,0.003129,0.001966,0.000394,0.001798,0.014707,-135.006622,0.0,0.0,0.0,0.0,0.0,0.0,0,0,0,0,0,0,0,0,0,0,0,0,0,0,0,370.715088,410.467346,457.799835,560.659607,462.320007,414.48938,370.673767,410.456604,457.78717,560.642944,462.342316,414.509949,370.686493,410.469604,457.802399,560.662781,462.358887,414.524261,370.70874,410.491241,457.825897,560.69043,462.343903,414.511261,37.784756,105500.408648,12.192435,186.863718,0,true,false,0.0,-86.00031,0,0.0,0.0,1.0
2,87,4.35,499.975223,37299.968951,499.987258,37300.001796,17473.943106,0.003062,0.001998,0.00038,0.001798,0.014707,-135.006622,0.0,0.0,0.0,0.0,0.0,0.0,0,0,0,0,0,0,0,0,0,0,0,0,0,0,0,370.715546,410.467712,457.800262,560.660095,462.319916,414.489288,370.673981,410.456512,457.787079,560.642822,462.341888,414.509552,370.686035,410.469208,457.801971,560.662231,462.358978,414.524353,370.708527,410.491333,457.825989,560.690613,462.34433,414.511627,37.784756,105500.409017,12.192342,186.863717,0,true,false,0.0,-87.000317,0,0.0,0.0,1.0
2,88,4.4,499.974884,0.056165,499.987057,0.011146,17473.943107,0.0,0.0,0.0,0.001803,0.014701,-135.006729,0.0,0.0,0.0,0.0,0.0,0.0,0,0,0,0,0,0,0,0,0,0,0,0,0,0,0,370.715454,410.467926,457.800232,560.659607,462.320282,414.48938,370.673645,410.456207,457.786469,560.641663,462.341949,414.509369,370.685028,410.468628,457.801025,560.660706,462.359589,414.524658,370.707733,410.491241,457.825623,560.689697,462.345245,414.512238,37.784756,105500.409357,12.382597,186.874886,0,true,false,0.0,-88.000323,0,0.0,0.0,1.0
2,89,4.45,499.974548,37299.969287,499.986859,37300.001994,17473.943108,0.003109,0.002014,0.000386,0.001798,0.014703,-135.006866,0.0,0.0,0.0,0.0,0.0,0.0,0,0,0,0,0,0,0,0,0,0,0,0,0,0,0,370.71521,410.468048,457.800079,560.658875,462.32077,414.489532,370.673157,410.455841,457.785767,560.640259,462.342102,414.509216,370.683838,410.467987,457.799988,560.658875,462.360291,414.525024,370.706818,410.491089,457.825134,560.688599,462.346313,414.512878,37.784752,105500.409712,12.622942,186.871195,0,true,false,0.0,-89.00033,0,0.0,0.0,1.0
2,90,4.5,499.97347,0.057243,499.986221,0.011784,17473.943084,-0.001661,-0.001886,0.000511,0.002017,0.014967,-135.007095,0.0,0.0,0.0,0.0,0.0,0.0,0,0,0,0,0,0,0,0,0,0,0,0,0,0,0,370.715393,410.468872,457.800385,560.658264,462.321503,414.489685,370.672577,410.455078,457.784302,560.637451,462.341827,414.508423,370.681091,410.466278,457.797516,560.654846,462.361755,414.525818,370.704803,410.490967,457.824402,560.686707,462.348816,414.514587,37.784779,105500.411735,13.057037,186.383706,0,true,false,0.0,-90.000336,0,0.0,0.0,1.0
2,91,4.55,499.972815,37299.969941,499.985757,37300.002458,17473.943085,-0.001677,-0.002211,0.000618,0.002004,0.015316,-135.007263,0.0,0.0,0.0,0.0,0.0,0.0,0,0,0,0,0,0,0,0,0,0,0,0,0,0,0,370.715393,410.46936,457.800537,560.657776,462.322113,414.489868,370.672211,410.45462,457.783386,560.635681,462.341675,414.507935,370.679291,410.465118,457.795837,560.6521,462.362701,414.526276,370.7034,410.490784,457.823792,560.685242,462.350494,414.515747,37.784775,105500.413622,13.362996,185.741013,0,true,false,0.0,-91.000343,0,0.0,0.0,1.0
2,92,4.6,499.972587,0.057472,499.985682,0.01186,17473.943099,0.002952,0.002386,0.00034,0.001887,0.014713,-135.007416,0.0,0.0,0.0,0.0,0.0,0.0,0,0,0,0,0,0,0,0,0,0,0,0,0,0,0,370.714905,410.469299,457.800079,560.656616,462.322693,414.490051,370.671478,410.454224,457.782593,560.634033,462.342133,414.507996,370.678162,410.46463,457.794891,560.65033,462.363495,414.526672,370.702515,410.490601,457.823242,560.68396,462.35144,414.516235,37.784763,105500.411841,13.63651,186.851429,0,true,false,0.0,-92.00035,0,0.0,0.0,1.0
2,93,4.65,499.970285,37299.972243,499.983711,37300.00443,17473.943081,0.0,0.0,0.0,0.002059,0.018104,-135.007523,0.0,0.0,0.0,0.0,0.0,0.0,0,0,0,0,0,0,0,0,0,0,0,0,0,0,0,370.717529,410.472229,457.803101,560.659851,462.322937,414.490021,370.673218,410.453766,457.78183,560.63269,462.339142,414.505096,370.674377,410.461304,457.790924,560.64502,462.364288,414.52713,370.699646,410.490662,457.823029,560.683289,462.355438,414.519592,37.784779,105500.425709,13.832068,180.608372,0,true,false,0.0,-93.000357,0,0.0,0.0,1.0
2,94,4.7,499.971142,0.056615,499.984772,0.010799,17473.94307,0.000389,0.001222,0.000153,0.002138,0.015342,-135.007645,0.0,0.0,0.0,0.0,0.0,0.0,0,0,0,0,0,0,0,0,0,0,0,0,0,0,0,370.715637,410.470581,457.800964,560.656799,462.323303,414.490082,370.671295,410.4534,457.781097,560.631348,462.341248,414.506714,370.674957,410.462463,457.791931,560.645813,462.36499,414.527496,370.700256,410.49057,457.822632,560.682312,462.354401,414.518402,37.78479,105500.415493,14.050364,185.694832,0,true,false,0.0,-94.000364,0,0.0,0.0,1.0
2,95,4.75,499.970802,37299.972583,499.984564,37300.004637,17473.943095,0.002748,0.002525,0.000312,0.001996,0.014677,-135.007812,0.0,0.0,0.0,0.0,0.0,0.0,0,0,0,0,0,0,0,0,0,0,0,0,0,0,0,370.715179,410.470673,457.800629,560.65564,462.324005,414.490326,370.670563,410.452972,457.780212,560.629517,462.341614,414.506653,370.673553,410.461731,457.79068,560.643555,462.365906,414.527924,370.699097,410.490326,457.82196,560.680725,462.355652,414.519135,37.784767,105500.413679,14.368472,186.917523,0,true,false,0.0,-95.000371,0,0.0,0.0,1.0
2,96,4.8,499.970473,0.056944,499.984348,0.011015,17473.943101,0.002922,0.002257,0.000346,0.001878,0.014691,-135.007904,0.0,0.0,0.0,0.0,0.0,0.0,0,0,0,0,0,0,0,0,0,0,0,0,0,0,0,370.715088,410.470886,457.800598,560.655212,462.324371,414.490417,370.670288,410.452698,457.779663,560.628418,462.341614,414.506439,370.672577,410.461151,457.789795,560.642029,462.366455,414.528198,370.698334,410.490234,457.821594,560.679871,462.356567,414.519745,37.78476,105500.414083,14.55045,186.893243,0,true,false,0.0,-96.000378,0,0.0,0.0,1.0
2,97,4.85,499.969815,37299.973241,499.983918,37300.005068,17473.943092,0.000842,0.000468,0.000083,0.001946,0.015166,-135.008072,0.0,0.0,0.0,0.0,0.0,0.0,0,0,0,0,0,0,0,0,0,0,0,0,0,0,0,370.715088,410.471344,457.800751,560.654724,462.324951,414.490601,370.669861,410.452209,457.778717,560.626587,462.341492,414.505951,370.670776,410.460022,457.788147,560.639343,462.367432,414.528687,370.69693,410.490082,457.821014,560.678528,462.358215,414.520844,37.784771,105500.416356,14.854661,186.018149,0,true,false,0.0,-97.000385,0,0.0,0.0,1.0
2,98,4.9,499.969474,0.057285,499.983753,0.011179,17473.943102,0.0,0.0,0.0,0.00188,0.014718,-135.008179,0.0,0.0,0.0,0.0,0.0,0.0,0,0,0,0,0,0,0,0,0,0,0,0,0,0,0,370.714996,410.471527,457.800659,560.654175,462.325317,414.490662,370.669464,410.451874,457.778076,560.625366,462.341583,414.505798,370.669739,410.459473,457.787231,560.637817,462.368042,414.529022,370.696198,410.48999,457.820648,560.677612,462.359131,414.521423,37.78476,105500.415228,15.049581,186.843278,0,true,false,0.0,-98.000392,0,0.0,0.0,1.0
2,99,4.95,499.969143,37299.973572,499.983547,37300.005274,17473.943105,0.003106,0.002121,0.00038,0.001826,0.0147,-135.008301,0.0,0.0,0.0,0.0,0.0,0.0,0,0,0,0,0,0,0,0,0,0,0,0,0,0,0,370.714783,410.47168,457.800537,560.653503,462.325775,414.490814,370.669037,410.451569,457.777405,560.624023,462.341705,414.505646,370.66864,410.458832,457.786255,560.636047,462.368713,414.529358,370.695312,410.489868,457.82019,560.676575,462.360138,414.522064,37.784756,105500.415517,15.272915,186.876289,0,true,false,0.0,-99.000399,0,0.0,0.0,1.0
2,100,5.0,499.968896,0.057532,499.983369,0.011357,17473.943104,0.00144,0.000461,0.000196,0.001823,0.014879,-135.008392,0.0,0.0,0.0,0.0,0.0,0.0,0,0,0,0,0,0,0,0,0,0,0,0,0,0,0,370.714661,410.471832,457.800507,560.653076,462.326111,414.490936,370.668793,410.451355,457.776978,560.623169,462.341766,414.505493,370.667816,410.458344,457.785492,560.634827,462.369171,414.529572,370.694641,410.489746,457.819855,560.675842,462.36087,414.522522,37.784756,105500.416377,15.430068,186.547299,0,true,false,0.0,-100.000406,0,0.0,0.0,1.0
2,101,5.05,499.968575,37299.973892,499.983192,37300.005451,17473.943104,0.003051,0.002125,0.000377,0.001824,0.014731,-135.008423,0.0,0.0,0.0,0.0,0.0,0.0,0,0,0,0,0,0,0,0,0,0,0,0,0,0,0,370.714935,410.472137,457.800781,560.65332,462.326111,414.490875,370.668823,410.451172,457.776703,560.622742,462.341492,414.505188,370.667236,410.457947,457.784973,560.634033,462.369415,414.529724,370.694275,410.489807,457.819855,560.675659,462.36142,414.522949,37.784756,105500.416241,15.481046,186.818854,0,true,false,0.0,-101.000413,0,0.0,0.0,1.0
2,102,5.1,499.968237,0.057871,499.982991,0.011558,17473.943106,0.003351,0.002276,0.000416,0.001804,0.014707,-135.00853,0.0,0.0,0.0,0.0,0.0,0.0,0,0,0,0,0,0,0,0,0,0,0,0,0,0,0,370.714783,410.472321,457.80069,560.652771,462.326538,414.490997,370.668427,410.450867,457.776093,560.62146,462.341583,414.505005,370.666168,410.457336,457.783997,560.632385,462.370056,414.530029,370.693451,410.489685,457.819458,560.674683,462.362396,414.52356,37.784756,105500.416511,15.690025,186.864026,0,true,false,0.0,-102.000421,0,0.0,0.0,1.0
2,103,5.15,499.967907,37299.974222,499.982792,37300.00565,17473.943106,0.003099,0.001963,0.00039,0.001802,0.014707,-135.008636,0.0,0.0,0.0,0.0,0.0,0.0,0,0,0,0,0,0,0,0,0,0,0,0,0,0,0,370.714661,410.472504,457.800629,560.652283,462.326935,414.491089,370.668091,410.450562,457.775482,560.6203,462.341644,414.504822,370.665131,410.456726,457.783081,560.630798,462.370667,414.530334,370.692657,410.489563,457.819061,560.673828,462.363312,414.52417,37.784756,105500.416859,15.884575,186.862262,0,true,false,0.0,-103.000428,0,0.0,0.0,1.0
2,104,5.2,499.967578,0.0582,499.982595,0.011755,17473.943106,0.0,0.0,0.0,0.001802,0.014707,-135.008636,0.0,0.0,0.0,0.0,0.0,0.0,0,0,0,0,0,0,0,0,0,0,0,0,0,0,0,370.715118,410.4729,457.801056,560.652771,462.326813,414.490997,370.668304,410.45047,457.775391,560.620178,462.341187,414.504456,370.664673,410.45636,457.782654,560.63031,462.370758,414.530426,370.692444,410.489655,457.819183,560.67395,462.363739,414.524536,37.784756,105500.417232,15.884482,186.862261,0,true,false,0.0,-104.000435,0,0.0,0.0,1.0
2,105,5.25,499.967244,37299.974556,499.982392,37300.005853,17473.943107,0.003071,0.002044,0.000376,0.001806,0.014702,-135.008759,0.0,0.0,0.0,0.0,0.0,0.0,0,0,0,0,0,0,0,0,0,0,0,0,0,0,0,370.714874,410.473022,457.800903,560.652039,462.327301,414.49115,370.667816,410.450134,457.774689,560.618774,462.34137,414.504303,370.663513,410.455719,457.781616,560.628479,462.37149,414.530792,370.691498,410.489532,457.818695,560.672791,462.364777,414.525177,37.784756,105500.417558,16.12138,186.871844,0,true,false,0.0,-105.000443,0,0.0,0.0,1.0
2,106,5.3,499.966646,0.058799,499.981964,0.012183,17473.9431,0.001475,0.000615,0.000193,0.001868,0.015257,-135.008926,0.0,0.0,0.0,0.0,0.0,0.0,0,0,0,0,0,0,0,0,0,0,0,0,0,0,0,370.714874,410.47348,457.801025,560.65155,462.327911,414.491333,370.66745,410.449707,457.773834,560.617126,462.341248,414.503845,370.661835,410.454651,457.78006,560.625916,462.372345,414.531219,370.690186,410.489349,457.818115,560.671448,462.366333,414.526245,37.78476,105500.420043,16.409489,185.850568,0,true,false,0.0,-106.00045,0,0.0,0.0,1.0
2,107,5.35,499.966279,37299.974922,499.981809,37300.006008,17473.943103,0.003027,0.002207,0.000363,0.00184,0.014732,-135.009018,0.0,0.0,0.0,0.0,0.0,0.0,0,0,0,0,0,0,0,0,0,0,0,0,0,0,0,370.714783,410.473663,457.800964,560.651062,462.328217,414.491394,370.667053,410.449341,457.773163,560.615845,462.341309,414.503662,370.660797,410.454071,457.779175,560.62439,462.373016,414.531586,370.689453,410.489288,457.81781,560.670654,462.367249,414.526825,37.78476,105500.418676,16.600477,186.816705,0,true,false,0.0,-107.000457,0,0.0,0.0,1.0
2,108,5.4,499.965711,0.059367,499.981397,0.012595,17473.943097,0.001317,0.000616,0.000169,0.001894,0.015303,-135.009171,0.0,0.0,0.0,0.0,0.0,0.0,0,0,0,0,0,0,0,0,0,0,0,0,0,0,0,370.714752,410.474091,457.801056,560.650574,462.328796,414.491577,370.666718,410.448944,457.772339,560.614197,462.341217,414.503265,370.65918,410.453064,457.777649,560.621948,462.37384,414.531982,370.688141,410.489136,457.81723,560.669312,462.368774,414.527832,37.784763,105500.42118,16.880464,185.765762,0,true,false,0.0,-108.000465,0,0.0,0.0,1.0
2,109,5.45,499.965368,37299.975265,499.981256,37300.006149,17473.943102,0.0,0.0,0.0,0.001854,0.01471,-135.009293,0.0,0.0,0.0,0.0,0.0,0.0,0,0,0,0,0,0,0,0,0,0,0,0,0,0,0,370.714569,410.474213,457.800934,560.649902,462.329163,414.491638,370.666199,410.448578,457.771637,560.612854,462.34137,414.503113,370.658081,410.452484,457.776733,560.6203,462.374542,414.532349,370.687378,410.489044,457.816833,560.668335,462.36972,414.528412,37.78476,105500.41956,17.097841,186.857012,0,true,false,0.0,-109.000473,0,0.0,0.0,1.0
2,110,5.5,499.965031,0.059704,499.981058,0.012793,17473.943106,0.003145,0.002122,0.000388,0.001815,0.014707,-135.009399,0.0,0.0,0.0,0.0,0.0,0.0,0,0,0,0,0,0,0,0,0,0,0,0,0,0,0,370.714478,410.474426,457.800873,560.649414,462.329529,414.49173,370.665863,410.448273,457.771027,560.611694,462.341431,414.50293,370.657043,410.451904,457.775818,560.618774,462.375153,414.532654,370.686584,410.488953,457.816467,560.66748,462.370636,414.529022,37.784756,105500.419896,17.287369,186.863396,0,true,false,0.0,-110.00048,0,0.0,0.0,1.0
2,111,5.55,499.964702,37299.975594,499.980861,37300.006346,17473.943107,0.003118,0.001989,0.00039,0.001805,0.014707,-135.009537,0.0,0.0,0.0,0.0,0.0,0.0,0,0,0,0,0,0,0,0,0,0,0,0,0,0,0,370.714203,410.474548,457.80069,560.648621,462.330048,414.491913,370.665375,410.447906,457.770325,560.610291,462.341614,414.502808,370.655884,410.451263,457.77478,560.616943,462.375885,414.53302,370.685669,410.4888,457.815979,560.666321,462.371674,414.529663,37.784756,105500.42023,17.530162,186.862344,0,true,false,0.0,-111.000488,0,0.0,0.0,1.0
2,112,5.6,499.9641,0.060305,499.980504,0.01315,17473.9431,0.001515,0.000746,0.000196,0.001869,0.014862,-135.009735,0.0,0.0,0.0,0.0,0.0,0.0,0,0,0,0,0,0,0,0,0,0,0,0,0,0,0,370.713898,410.474854,457.800537,560.647583,462.330811,414.492126,370.664642,410.447357,457.769165,560.608032,462.341797,414.502502,370.653961,410.450165,457.773041,560.613953,462.377045,414.5336,370.684143,410.488586,457.815216,560.664551,462.373413,414.530762,37.78476,105500.421348,17.909621,186.578243,0,true,false,0.0,-112.000495,0,0.0,0.0,1.0
2,113,5.65,499.963449,37299.976246,499.980061,37300.006788,17473.943093,0.006209,0.005123,0.000746,0.001919,0.015366,-135.009842,0.0,0.0,0.0,0.0,0.0,0.0,0,0,0,0,0,0,0,0,0,0,0,0,0,0,0,370.714233,410.475464,457.800934,560.647644,462.331146,414.492188,370.664581,410.446991,457.768524,560.606812,462.3414,414.501923,370.652466,410.449158,457.771667,560.611816,462.377686,414.533966,370.683075,410.488525,457.814911,560.663757,462.374817,414.531769,37.784767,105500.423726,18.105303,185.649626,0,true,false,0.0,-113.000503,0,0.0,0.0,1.0
2,114,5.7,499.963113,0.060641,499.979959,0.013253,17473.943102,0.0,0.0,0.0,0.001829,0.0147,-135.01001,0.0,0.0,0.0,0.0,0.0,0.0,0,0,0,0,0,0,0,0,0,0,0,0,0,0,0,370.713776,410.475464,457.800537,560.646484,462.331726,414.49231,370.663788,410.446503,457.767548,560.604919,462.341797,414.501892,370.651123,410.448517,457.770538,560.609802,462.378662,414.534454,370.682068,410.488373,457.814331,560.662354,462.375916,414.53241,37.78476,105500.421816,18.40887,186.877015,0,true,false,0.0,-114.000511,0,0.0,0.0,1.0
2,115,5.75,499.962357,37299.977002,499.979467,37300.00728,17473.943087,0.000931,0.000758,0.000107,0.001981,0.015317,-135.010117,0.0,0.0,0.0,0.0,0.0,0.0,0,0,0,0,0,0,0,0,0,0,0,0,0,0,0,370.714203,410.476135,457.801025,560.646606,462.332031,414.49234,370.663696,410.446075,457.766815,560.603577,462.341309,414.501221,370.649475,410.447388,457.768982,560.607422,462.379395,414.534851,370.680908,410.488342,457.814026,560.661499,462.377472,414.533539,37.784775,105500.42467,18.617659,185.73948,0,true,false,0.0,-115.000519,0,0.0,0.0,1.0
2,116,5.8,499.961991,0.061007,499.979291,0.01343,17473.943099,0.00249,0.001862,0.000302,0.00187,0.014724,-135.010361,0.0,0.0,0.0,0.0,0.0,0.0,0,0,0,0,0,0,0,0,0,0,0,0,0,0,0,370.713409,410.476074,457.800354,560.644775,462.332977,414.492676,370.662598,410.445496,457.765564,560.601013,462.34198,414.501282,370.647675,410.446533,457.767456,560.604553,462.380676,414.535461,370.679413,410.488037,457.81308,560.659363,462.379028,414.534393,37.784763,105500.423045,19.058728,186.832549,0,true,false,0.0,-116.000527,0,0.0,0.0,1.0
2,117,5.85,499.961672,37299.977321,499.979089,37300.007481,17473.943102,0.003114,0.002258,0.000378,0.00187,0.014724,-135.010361,0.0,0.0,0.0,0.0,0.0,0.0,0,0,0,0,0,0,0,0,0,0,0,0,0,0,0,370.713837,410.476471,457.800781,560.645325,462.332886,414.492584,370.662811,410.445404,457.765472,560.600891,462.341553,414.500885,370.647247,410.446167,457.767029,560.604004,462.380768,414.535553,370.679199,410.488129,457.813171,560.659485,462.379456,414.53479,37.78476,105500.423414,19.058645,186.832552,0,true,false,0.025176,-117.000535,0,0.0,0.0,1.0
2,118,5.9,499.961345,0.061333,499.978879,0.013639,17473.943104,0.003083,0.002197,0.000371,0.00183,0.014702,-135.010483,0.0,0.0,0.0,0.0,0.0,0.0,0,0,0,0,0,0,0,0,0,0,0,0,0,0,0,370.713654,410.476624,457.80069,560.644714,462.333344,414.492737,370.662415,410.445099,457.764832,560.59967,462.341675,414.500732,370.646149,410.445526,457.766022,560.602295,462.381409,414.535858,370.678314,410.487976,457.812714,560.658447,462.380463,414.5354,37.784756,105500.423683,19.276697,186.872161,0,true,false,0.057434,-118.000543,0,0.0,0.0,1.0
2,119,5.95,499.961014,37299.977653,499.978681,37300.007679,17473.943106,0.0,0.0,0.0,0.001807,0.014705,-135.010605,0.0,0.0,0.0,0.0,0.0,0.0,0,0,0,0,0,0,0,0,0,0,0,0,0,0,0,370.71344,410.476776,457.800537,560.644043,462.333832,414.492889,370.661957,410.444763,457.76416,560.598328,462.341827,414.50058,370.64502,410.444916,457.765045,560.600586,462.382111,414.536194,370.677429,410.487823,457.812256,560.657349,462.38147,414.536041,37.784756,105500.424026,19.504832,186.866528,0,true,false,0.089693,-119.000551,0,0.0,0.0,1.0
2,120,6.0,499.96068,0.061667,499.978481,0.01384,17473.943106,0.003177,0.002166,0.00039,0.001806,0.014701,-135.010727,0.0,0.0,0.0,0.0,0.0,0.0,0,0,0,0,0,0,0,0,0,0,0,0,0,0,0,370.713196,410.476929,457.800385,560.643311,462.33432,414.493042,370.661499,410.444397,457.763428,560.596924,462.34198,414.500458,370.64386,410.444275,457.764008,560.598816,462.382812,414.53656,370.676483,410.487701,457.811768,560.65625,462.382507,414.536682,37.784756,105500.424346,19.741948,186.874206,0,true,false,0.121951,-120.000559,0,0.0,0.0,1.0
2,121,6.05,499.960349,37299.977984,499.978276,37300.007884,17473.943106,0.003106,0.002069,0.000388,0.001806,0.014701,-135.010727,0.0,0.0,0.0,0.0,0.0,0.0,0,0,0,0,0,0,0,0,0,0,0,0,0,0,0,370.713654,410.477325,457.800812,560.643799,462.334198,414.49295,370.661713,410.444305,457.763336,560.596802,462.341553,414.500061,370.643402,410.443878,457.76355,560.598267,462.382904,414.536652,370.67627,410.487793,457.81189,560.656372,462.382935,414.537048,37.784756,105500.424724,19.741858,186.874205,0,true,false,0.15421,-121.000567,0,0.0,0.0,1.0
2,122,6.1,499.960016,0.062,499.978082,0.014034,17473.943106,0.003106,0.00196,0.000393,0.001807,0.014704,-135.010864,0.0,0.0,0.0,0.0,0.0,0.0,0,0,0,0,0,0,0,0,0,0,0,0,0,0,0,370.713409,410.477478,457.80069,560.643127,462.334686,414.493073,370.661255,410.44397,457.762634,560.595398,462.341705,414.499908,370.642273,410.443268,457.762543,560.596497,462.383606,414.536987,370.675385,410.48764,457.811432,560.655273,462.383942,414.537689,37.784756,105500.425064,19.972433,186.868218,0,true,false,0.186468,-122.000575,0,0.0,0.0,1.0
2,123,6.15,499.959683,37299.978317,499.977887,37300.008079,17473.943107,0.003258,0.002101,0.000405,0.001795,0.014708,-135.010971,0.0,0.0,0.0,0.0,0.0,0.0,0,0,0,0,0,0,0,0,0,0,0,0,0,0,0,370.713257,410.477631,457.800598,560.642578,462.335083,414.493195,370.660858,410.443665,457.762024,560.594177,462.341797,414.499756,370.641205,410.442657,457.761597,560.594849,462.384247,414.537292,370.674561,410.487518,457.811005,560.654297,462.384918,414.5383,37.784756,105500.425412,20.179664,186.860581,0,true,false,0.218727,-123.000583,0,0.0,0.0,1.0
2,124,6.2,499.959347,0.062336,499.977683,0.014238,17473.943106,0.0,0.0,0.0,0.001801,0.014702,-135.011093,0.0,0.0,0.0,0.0,0.0,0.0,0,0,0,0,0,0,0,0,0,0,0,0,0,0,0,370.713043,410.477783,457.800446,560.641846,462.335571,414.493347,370.6604,410.443329,457.761322,560.592834,462.341919,414.499603,370.640076,410.442017,457.76059,560.593079,462.384949,414.537628,370.673645,410.487396,457.810547,560.653198,462.385925,414.53894,37.784756,105500.425728,20.409738,186.873231,0,true,false,0.250985,-124.000592,0,0.0,0.0,1.0
2,125,6.25,499.958609,37299.979055,499.977214,37300.008548,17473.943094,0.000644,0.000108,0.000065,0.001924,0.015215,-135.01123,0.0,0.0,0.0,0.0,0.0,0.0,0,0,0,0,0,0,0,0,0,0,0,0,0,0,0,370.713348,410.478424,457.800842,560.641785,462.335968,414.493408,370.660217,410.442871,457.760498,560.591248,462.341553,414.498962,370.638336,410.440887,457.759003,560.590637,462.385773,414.538086,370.672394,410.487335,457.81015,560.652222,462.387543,414.54007,37.784767,105500.428204,20.651093,185.927835,0,true,false,0.283958,-125.0006,0,0.0,0.0,1.0
2,126,6.3,499.958345,0.0626,499.977098,0.014354,17473.9431,0.002972,0.002287,0.000346,0.001873,0.014722,-135.011337,0.0,0.0,0.0,0.0,0.0,0.0,0,0,0,0,0,0,0,0,0,0,0,0,0,0,0,370.713104,410.478485,457.800629,560.641052,462.336365,414.4935,370.659729,410.442535,457.759857,560.590027,462.341766,414.498901,370.63739,410.440399,457.758179,560.589111,462.386414,414.538422,370.671661,410.487213,457.809753,560.651245,462.388367,414.540558,37.78476,105500.42683,20.85719,186.834986,0,true,false,0.316217,-126.000608,0,0.0,0.0,1.0
2,127,6.35,499.958011,37299.979389,499.976896,37300.00875,17473.943104,0.003097,0.002047,0.000385,0.001828,0.014702,-135.011444,0.0,0.0,0.0,0.0,0.0,0.0,0,0,0,0,0,0,0,0,0,0,0,0,0,0,0,370.712982,410.478668,457.800598,560.640564,462.336731,414.493622,370.659393,410.442261,457.759277,560.588867,462.341827,414.498718,370.636353,410.439789,457.757263,560.587585,462.387024,414.538727,370.670868,410.487122,457.809387,560.65033,462.389282,414.541168,37.784756,105500.427103,21.050152,186.872801,0,true,false,0.348475,-127.000616,0,0.0,0.0,1.0
2,128,6.4,499.957674,0.062937,499.976702,0.014547,17473.943107,0.003151,0.002101,0.000395,0.001801,0.014701,-135.011551,0.0,0.0,0.0,0.0,0.0,0.0,0,0,0,0,0,0,0,0,0,0,0,0,0,0,0,370.71283,410.478851,457.800476,560.640015,462.337158,414.493744,370.658966,410.441925,457.758636,560.587585,462.341919,414.498535,370.635284,410.439178,457.756287,560.585938,462.387665,414.539032,370.670044,410.487,457.80896,560.649353,462.390259,414.541779,37.784756,105500.427435,21.261956,186.873478,0,true,false,0.380734,-128.000625,0,0.0,0.0,1.0
2,129,6.45,499.957341,37299.979722,499.976499,37300.008953,17473.943106,0.0,0.0,0.0,0.001801,0.014701,-135.011551,0.0,0.0,0.0,0.0,0.0,0.0,0,0,0,0,0,0,0,0,0,0,0,0,0,0,0,370.713257,410.479248,457.800934,560.640503,462.337067,414.493652,370.65921,410.441833,457.758514,560.587463,462.341492,414.498169,370.634827,410.438782,457.755859,560.585388,462.387787,414.539154,370.66983,410.487091,457.809082,560.649475,462.390686,414.542175,37.784756,105500.427814,21.261864,186.873476,0,true,false,0.412992,-129.000633,0,0.0,0.0,1.0
2,130,6.5,499.957011,0.063266,499.976298,0.014748,17473.943106,0.003064,0.002018,0.00038,0.001803,0.014702,-135.011688,0.0,0.0,0.0,0.0,0.0,0.0,0,0,0,0,0,0,0,0,0,0,0,0,0,0,0,370.713043,410.479401,457.800781,560.639832,462.337524,414.493774,370.658752,410.441498,457.757843,560.586121,462.341614,414.498016,370.633698,410.438171,457.754852,560.583679,462.388458,414.53949,370.668915,410.486969,457.808624,560.648438,462.391693,414.542786,37.784756,105500.428145,21.4884,186.872358,0,true,false,0.445251,-130.000642,0,0.0,0.0,1.0
2,131,6.55,499.956672,37299.980062,499.97611,37300.009141,17473.943107,0.003217,0.001997,0.000409,0.001796,0.014708,-135.01178,0.0,0.0,0.0,0.0,0.0,0.0,0,0,0,0,0,0,0,0,0,0,0,0,0,0,0,370.712952,410.479584,457.80072,560.639343,462.337891,414.493866,370.658386,410.441193,457.757233,560.584961,462.341675,414.497833,370.63266,410.437592,457.753937,560.582092,462.389069,414.539795,370.668152,410.486847,457.808258,560.647522,462.392639,414.543396,37.784752,105500.428497,21.684393,186.861674,0,true,false,0.477509,-131.00065,0,0.0,0.0,1.0
2,132,6.6,499.956332,0.063606,499.975912,0.014947,17473.943107,0.003155,0.001946,0.000399,0.001792,0.01471,-135.011917,0.0,0.0,0.0,0.0,0.0,0.0,0,0,0,0,0,0,0,0,0,0,0,0,0,0,0,370.712738,410.479736,457.800598,560.638672,462.338348,414.494019,370.657928,410.440857,457.756531,560.583557,462.341827,414.497681,370.631531,410.436951,457.752899,560.580322,462.389771,414.540131,370.667236,410.486725,457.8078,560.646423,462.393646,414.544037,37.784756,105500.428837,21.914946,186.858107,0,true,false,0.509768,-132.000659,0,0.0,0.0,1.0
2,133,6.65,499.955999,37299.980394,499.975713,37300.009339,17473.943106,0.003091,0.002006,0.000383,0.001792,0.01471,-135.011917,0.0,0.0,0.0,0.0,0.0,0.0,0,0,0,0,0,0,0,0,0,0,0,0,0,0,0,370.713165,410.480103,457.801025,560.63916,462.338257,414.493927,370.658142,410.440735,457.756439,560.583435,462.3414,414.497284,370.631073,410.436554,457.752472,560.579773,462.389893,414.540222,370.667023,410.486816,457.807892,560.646606,462.394073,414.544403,37.784756,105500.429212,21.914851,186.858106,0,true,false,0.542026,-133.000667,0,0.0,0.0,1.0
2,134,6.7,499.955226,0.06438,499.97516,0.015501,17473.943105,0.0,0.0,0.0,0.001821,0.015355,-135.012131,0.0,0.0,0.0,0.0,0.0,0.0,0,0,0,0,0,0,0,0,0,0,0,0,0,0,0,370.713074,410.480682,457.801117,560.638367,462.339081,414.494171,370.657593,410.440155,457.755249,560.581116,462.341339,414.496735,370.628815,410.435181,457.750397,560.576355,462.391083,414.540833,370.665222,410.486572,457.807068,560.644653,462.396179,414.545807,37.784756,105500.432163,22.315281,185.670873,0,true,false,0.574578,-134.000676,0,0.0,0.0,1.0
2,135,6.75,499.953815,37299.981805,499.974417,37300.010082,17473.943041,0.0,0.0,0.0,0.002407,0.015545,-135.012238,0.0,0.0,0.0,0.0,0.0,0.0,0,0,0,0,0,0,0,0,0,0,0,0,0,0,0,370.714417,410.482056,457.802368,560.639526,462.33905,414.493896,370.657837,410.439484,457.754211,560.579407,462.340057,414.495361,370.626312,410.43338,457.748138,560.57312,462.39212,414.541504,370.663818,410.486847,457.807129,560.644287,462.398438,414.547607,37.784821,105500.43426,22.50811,185.320734,0,true,false,0.604211,-135.000685,0,0.0,0.0,1.0
2,136,6.8,499.951848,0.066347,499.972873,0.017045,17473.943025,0.11694,0.100731,0.01439,0.002539,0.017884,-135.012482,0.0,0.0,0.0,0.0,0.0,0.0,0,0,0,0,0,0,0,0,0,0,0,0,0,0,0,370.71582,410.484161,457.804138,560.640625,462.339813,414.49408,370.658295,410.438721,457.752777,560.576599,462.338348,414.493286,370.622284,410.430359,457.744171,560.567261,462.393585,414.542297,370.660736,410.486694,457.806366,560.642395,462.402435,414.550629,37.784836,105500.444124,22.953787,181.01378,0,true,false,0.638429,-136.000694,0,0.0,0.0,1.0
2,137,6.85,499.94965,37299.984003,499.971674,37300.011281,17473.942915,-0.027532,-0.035876,0.010166,0.003563,0.018202,-135.012436,0.0,0.0,0.0,0.0,0.0,0.0,0,0,0,0,0,0,0,0,0,0,0,0,0,0,0,370.719025,410.486725,457.807068,560.644409,462.338837,414.493256,370.659821,410.438049,457.752106,560.575989,462.335388,414.490723,370.619476,410.427948,457.741577,560.56427,462.394226,414.542969,370.659637,410.487518,457.807343,560.643738,462.405029,414.55304,37.784946,105500.447544,22.881816,180.428432,0,true,false,0.670906,-137.000703,0,0.0,0.0,1.0
2,138,6.9,499.950145,0.065851,499.972448,0.016271,17473.942913,-0.010818,-0.00472,0.00205,0.0036,0.015178,-135.012665,0.0,0.0,0.0,0.0,0.0,0.0,0,0,0,0,0,0,0,0,0,0,0,0,0,0,0,370.717102,410.485352,457.805023,560.640991,462.33963,414.493469,370.657684,410.437408,457.750885,560.573547,462.337433,414.492065,370.619019,410.428436,457.741577,560.563354,462.395477,414.543579,370.659393,410.487274,457.806549,560.641846,462.405029,414.552551,37.784946,105500.436889,23.28397,185.99645,0,true,false,0.704696,-138.000712,0,0.0,0.0,1.0
2,139,6.95,499.949451,37299.984698,499.971615,37300.012114,17473.942987,0.047552,0.044672,0.005532,0.002909,0.015524,-135.012985,0.0,0.0,0.0,0.0,0.0,0.0,0,0,0,0,0,0,0,0,0,0,0,0,0,0,0,370.71637,410.48587,457.804779,560.639404,462.341248,414.494202,370.656921,410.43689,457.749512,560.570557,462.337677,414.491577,370.616272,410.426697,457.738861,560.558716,462.396881,414.544098,370.656647,410.486572,457.804962,560.638611,462.407776,414.554291,37.784874,105500.438958,23.878078,185.359522,0,true,false,0.732019,-139.000721,0,0.0,0.0,1.0
2,140,7.0,499.94934,0.065962,499.971471,0.016415,17473.943036,0.001493,0.005207,0.000759,0.002458,0.014532,-135.013321,0.0,0.0,0.0,0.0,0.0,0.0,0,0,0,0,0,0,0,0,0,0,0,0,0,0,0,370.714661,410.485382,457.803406,560.63623,462.342865,414.494904,370.655243,410.436249,457.747955,560.5672,462.339081,414.492035,370.614258,410.425873,457.737061,560.555054,462.398438,414.544739,370.654602,410.48587,457.803345,560.635193,462.409576,414.555145,37.784824,105500.435767,24.514822,187.185781,0,true,false,0.764415,-140.000731,0,0.0,0.0,1.0
2,141,7.05,499.948722,37299.985316,499.970955,37300.01263,17473.943035,0.001416,0.003851,0.000542,0.002471,0.015308,-135.013428,0.0,0.0,0.0,0.0,0.0,0.0,0,0,0,0,0,0,0,0,0,0,0,0,0,0,0,370.714935,410.486023,457.803864,560.636353,462.343262,414.495026,370.655273,410.436005,457.747375,560.566101,462.338654,414.491425,370.612823,410.424835,457.735657,560.552917,462.399017,414.545013,370.653442,410.485748,457.802948,560.634277,462.41098,414.556183,37.784824,105500.43905,24.705649,185.757234,0,true,false,0.797216,-141.00074,0,0.0,0.0,1.0
2,142,7.1,499.948141,0.066543,499.970473,0.016897,17473.943078,0.0,0.0,0.0,0.002061,0.014649,-135.01384,0.0,0.0,0.0,0.0,0.0,0.0,0,0,0,0,0,0,0,0,0,0,0,0,0,0,0,370.713531,410.486023,457.802826,560.633423,462.345093,414.495728,370.653625,410.43512,457.745422,560.562012,462.339691,414.491425,370.609802,410.423279,457.73291,560.547852,462.401001,414.545898,370.650665,410.485046,457.801147,560.630371,462.413757,414.557739,37.784782,105500.437479,25.458699,186.971244,0,true,false,0.82973,-142.000749,0,0.0,0.0,1.0
2,143,7.15,499.947835,37299.985622,499.970219,37300.012884,17473.943092,0.002761,0.002653,0.000302,0.001928,0.014684,-135.013916,0.0,0.0,0.0,0.0,0.0,0.0,0,0,0,0,0,0,0,0,0,0,0,0,0,0,0,370.713501,410.486267,457.802917,560.633179,462.345459,414.49588,370.653442,410.434937,457.744995,560.561096,462.33963,414.49118,370.608917,410.422699,457.732056,560.546448,462.401428,414.546082,370.649902,410.484924,457.800812,560.629578,462.414612,414.558319,37.784767,105500.437954,25.615668,186.905141,0,true,false,0.861988,-143.000759,0,0.0,0.0,1.0
2,144,7.2,499.947516,0.066862,499.970002,0.017114,17473.9431,0.002921,0.002196,0.000356,0.001928,0.014684,-135.013916,0.0,0.0,0.0,0.0,0.0,0.0,0,0,0,0,0,0,0,0,0,0,0,0,0,0,0,370.713959,410.486633,457.803345,560.633728,462.345367,414.495789,370.653687,410.434845,457.744904,560.560974,462.339172,414.490784,370.608459,410.422302,457.731628,560.545959,462.40152,414.546173,370.649658,410.484985,457.800903,560.6297,462.415039,414.558716,37.78476,105500.438332,25.615595,186.905148,0,true,false,0.894247,-144.000768,0,0.0,0.0,1.0
2,145,7.25,499.947184,37299.985954,499.969802,37300.013084,17473.943104,0.003163,0.002214,0.000386,0.001845,0.014702,-135.014053,0.0,0.0,0.0,0.0,0.0,0.0,0,0,0,0,0,0,0,0,0,0,0,0,0,0,0,370.713715,410.486786,457.803192,560.632996,462.345825,414.495941,370.653259,410.434509,457.744232,560.559631,462.339325,414.490662,370.60733,410.421692,457.730621,560.544189,462.402222,414.546509,370.648743,410.484863,457.800415,560.628601,462.416077,414.559326,37.784756,105500.438709,25.844806,186.873472,0,true,false,0.926505,-145.000778,0,0.0,0.0,1.0
2,146,7.3,499.946084,0.067962,499.969125,0.017791,17473.94308,-0.000971,-0.000978,0.000351,0.00205,0.015207,-135.014236,0.0,0.0,0.0,0.0,0.0,0.0,0,0,0,0,0,0,0,0,0,0,0,0,0,0,0,370.714203,410.487732,457.803772,560.632935,462.346375,414.496002,370.652954,410.433838,457.742981,560.557373,462.338776,414.489716,370.604797,410.420013,457.728271,560.540527,462.403442,414.54718,370.646973,410.484802,457.799896,560.627136,462.418396,414.561005,37.784782,105500.441523,26.195806,185.942865,0,true,false,0.960018,-146.000788,0,0.0,0.0,1.0
2,147,7.35,499.945827,37299.986211,499.968994,37300.013215,17473.943097,0.0,0.0,0.0,0.001931,0.014701,-135.014404,0.0,0.0,0.0,0.0,0.0,0.0,0,0,0,0,0,0,0,0,0,0,0,0,0,0,0,370.713654,410.487701,457.803345,560.631714,462.347046,414.496216,370.652222,410.433441,457.742126,560.555664,462.339203,414.489746,370.603577,410.419403,457.727203,560.538574,462.404297,414.547607,370.645935,410.484589,457.799225,560.625671,462.419495,414.561615,37.784763,105500.440075,26.496639,186.875193,0,true,false,0.992276,-147.000797,0,0.0,0.0,1.0
2,148,7.4,499.945496,0.068293,499.968785,0.018,17473.943102,0.003012,0.002139,0.000367,0.001841,0.014697,-135.014511,0.0,0.0,0.0,0.0,0.0,0.0,0,0,0,0,0,0,0,0,0,0,0,0,0,0,0,370.713531,410.487885,457.803284,560.631226,462.347443,414.496338,370.651886,410.433136,457.741547,560.554504,462.339264,414.489563,370.602539,410.418823,457.726288,560.536987,462.404907,414.547882,370.645111,410.484467,457.798828,560.624756,462.420441,414.562225,37.78476,105500.440394,26.69401,186.882421,0,true,true,1.0,-148.000807,0,0.0,0.0,1.0
2,149,7.45,499.945175,37299.986532,499.968582,37300.013418,17473.943104,0.002981,0.00209,0.000361,0.001823,0.014705,-135.014618,0.0,0.0,0.0,0.0,0.0,0.0,0,0,0,0,0,0,0,0,0,0,0,0,0,0,0,370.713409,410.488068,457.803253,560.630737,462.347809,414.49646,370.65155,410.432861,457.740967,560.553345,462.339325,414.48938,370.601532,410.418243,457.725372,560.535461,462.405487,414.548187,370.644348,410.484344,457.798462,560.623901,462.421326,414.562805,37.784756,105500.440745,26.881004,186.866299,0,true,true,1.0,-149.000817,0,0.0,0.0,1.0
2,150,7.5,499.944844,0.068624,499.968375,0.018206,17473.943105,0.003122,0.002172,0.00038,0.001823,0.014705,-135.014618,0.0,0.0,0.0,0.0,0.0,0.0,0,0,0,0,0,0,0,0,0,0,0,0,0,0,0,370.713867,410.488464,457.80368,560.631287,462.347717,414.496368,370.651764,410.43277,457.740875,560.553223,462.338867,414.488983,370.601074,410.417847,457.724945,560.534912,462.405579,414.548279,370.644104,410.484436,457.798584,560.624023,462.421753,414.563202,37.784756,105500.441126,26.880916,186.866301,0,true,true,1.0,-150.000827,0,0.0,0.0,1.0
2,151,7.55,499.94451,37299.986866,499.968175,37300.013619,17473.943106,0.003138,0.002087,0.000384,0.001804,0.014706,-135.014725,0.0,0.0,0.0,0.0,0.0,0.0,0,0,0,0,0,0,0,0,0,0,0,0,0,0,0,370.713715,410.488647,457.803589,560.630676,462.348145,414.49649,370.651367,410.432465,457.740234,560.552002,462.338989,414.488831,370.600006,410.417236,457.723969,560.533264,462.406219,414.548584,370.64325,410.484314,457.798157,560.622986,462.422729,414.563812,37.784756,105500.441452,27.094082,186.86478,0,true,true,1.0,-151.000836,0,0.0,0.0,1.0
2,152,7.6,499.94418,0.068954,499.967979,0.018402,17473.943107,0.0,0.0,0.0,0.001803,0.014706,-135.014832,0.0,0.0,0.0,0.0,0.0,0.0,0,0,0,0,0,0,0,0,0,0,0,0,0,0,0,370.713593,410.488831,457.803528,560.630188,462.348511,414.496582,370.651031,410.432159,457.739655,560.550842,462.33902,414.488617,370.598999,410.416656,457.723053,560.531738,462.40683,414.548889,370.642487,410.484222,457.797791,560.622131,462.423645,414.564392,37.784756,105500.441774,27.283628,186.865192,0,true,true,1.0,-152.000846,0,0.0,0.0,1.0
2,153,7.65,499.94385,37299.987196,499.967777,37300.013822,17473.943106,0.003158,0.002129,0.000395,0.001807,0.0147,-135.014938,0.0,0.0,0.0,0.0,0.0,0.0,0,0,0,0,0,0,0,0,0,0,0,0,0,0,0,370.71347,410.489014,457.803467,560.6297,462.348907,414.496704,370.650665,410.431854,457.739044,560.549683,462.339081,414.488464,370.597961,410.416046,457.722137,560.530151,462.40741,414.549194,370.641663,410.4841,457.797394,560.621216,462.424591,414.565002,37.784756,105500.442079,27.481231,186.876325,0,true,true,1.0,-153.000856,0,0.0,0.0,1.0
2,154,7.7,499.943512,0.069292,499.967583,0.018596,17473.943107,0.0031,0.001987,0.00039,0.001793,0.01471,-135.015045,0.0,0.0,0.0,0.0,0.0,0.0,0,0,0,0,0,0,0,0,0,0,0,0,0,0,0,370.713318,410.489197,457.803375,560.629089,462.349335,414.496826,370.650269,410.431549,457.738403,560.548401,462.339203,414.488281,370.596863,410.415436,457.721161,560.528503,462.408081,414.54953,370.640839,410.483978,457.796997,560.620239,462.425568,414.565613,37.784756,105500.442432,27.691466,186.858776,0,true,true,1.0,-154.000866,0,0.0,0.0,1.0
2,155,7.75,499.942312,37299.988396,499.966865,37300.014539,17473.943088,0.007011,0.005927,0.000804,0.001987,0.014934,-135.015274,0.0,0.0,0.0,0.0,0.0,0.0,0,0,0,0,0,0,0,0,0,0,0,0,0,0,0,370.713715,410.490143,457.803925,560.628784,462.349976,414.496918,370.649841,410.430756,457.736969,560.545715,462.338684,414.487305,370.593994,410.413605,457.718567,560.524353,462.409515,414.550323,370.638824,410.483917,457.796326,560.61853,462.428162,414.567444,37.784775,105500.44441,28.10589,186.445313,0,true,true,1.0,-155.000876,0,0.0,0.0,1.0
2,156,7.8,499.94179,0.069814,499.966484,0.018977,17473.943095,-0.002419,-0.003455,0.000918,0.001913,0.015057,-135.015457,0.0,0.0,0.0,0.0,0.0,0.0,0,0,0,0,0,0,0,0,0,0,0,0,0,0,0,370.71344,410.490448,457.803802,560.627869,462.350739,414.497162,370.649261,410.430298,457.735992,560.543762,462.338806,414.48703,370.592285,410.412598,457.71698,560.521606,462.410492,414.550781,370.63736,410.483673,457.795593,560.616821,462.429779,414.568451,37.784767,105500.445356,28.449737,186.21864,0,true,true,1.0,-156.000886,0,0.0,0.0,1.0
2,157,7.85,499.940557,37299.989629,499.965816,37300.015207,17473.943054,-0.012752,-0.013728,0.003859,0.002296,0.015193,-135.015671,0.0,0.0,0.0,0.0,0.0,0.0,0,0,0,0,0,0,0,0,0,0,0,0,0,0,0,370.71402,410.491455,457.804413,560.627808,462.351227,414.497131,370.648895,410.429504,457.734619,560.541199,462.338196,414.486023,370.589508,410.410797,457.714508,560.517761,462.411896,414.551575,370.635559,410.483673,457.795135,560.615417,462.432281,414.570251,37.784809,105500.447043,28.818683,185.96797,0,true,true,1.0,-157.000897,0,0.0,0.0,1.0
2,158,7.9,499.939983,0.070387,499.965499,0.019294,17473.943046,0.0,0.0,0.0,0.002373,0.015188,-135.015823,0.0,0.0,0.0,0.0,0.0,0.0,0,0,0,0,0,0,0,0,0,0,0,0,0,0,0,370.713959,410.491821,457.804413,560.627136,462.351746,414.497253,370.648376,410.428986,457.733673,560.539429,462.338196,414.485657,370.58786,410.409851,457.713043,560.51532,462.412842,414.552063,370.634338,410.483582,457.794617,560.614136,462.433746,414.571198,37.784817,105500.447574,29.109886,185.978214,0,true,true,1.0,-158.000907,0,0.0,0.0,1.0
2,159,7.95,499.939585,37299.990028,499.965152,37300.015555,17473.943084,0.006882,0.007093,0.000858,0.002009,0.014767,-135.016098,0.0,0.0,0.0,0.0,0.0,0.0,0,0,0,0,0,0,0,0,0,0,0,0,0,0,0,370.712982,410.491821,457.803741,560.625183,462.352997,414.497772,370.647278,410.428436,457.732361,560.536621,462.338898,414.485657,370.585785,410.408783,457.711151,560.511841,462.414185,414.552643,370.632446,410.483063,457.793365,560.61145,462.435638,414.572296,37.784779,105500.44659,29.623601,186.753175,0,true,true,1.0,-159.000917,0,0.0,0.0,1.0
2,160,8.0,499.939346,0.070626,499.964986,0.01946,17473.943095,0.002868,0.002455,0.000327,0.001901,0.014694,-135.016174,0.0,0.0,0.0,0.0,0.0,0.0,0,0,0,0,0,0,0,0,0,0,0,0,0,0,0,370.712952,410.492004,457.803741,560.624939,462.353271,414.497833,370.647095,410.428253,457.731964,560.535889,462.338898,414.485504,370.585083,410.408356,457.71051,560.510803,462.414581,414.552826,370.631866,410.483002,457.793121,560.610901,462.436279,414.572723,37.784767,105500.446603,29.749863,186.887279,0,true,true,1.0,-160.000928,0,0.0,0.0,1.0
2,161,8.05,499.939011,37299.990363,499.964781,37300.01576,17473.943103,0.00296,0.002155,0.000357,0.001835,0.014702,-135.016281,0.0,0.0,0.0,0.0,0.0,0.0,0,0,0,0,0,0,0,0,0,0,0,0,0,0,0,370.712799,410.492188,457.80368,560.62439,462.353668,414.497955,370.646729,410.427948,457.731354,560.534668,462.338959,414.485321,370.584045,410.407745,457.709534,560.509155,462.415192,414.553162,370.631042,410.48288,457.792694,560.609924,462.437256,414.573334,37.784756,105500.446953,29.953461,186.872713,0,true,true,1.0,-161.000938,0,0.0,0.0,1.0
2,162,8.1,499.938686,0.070951,499.964575,0.019665,17473.943105,0.003088,0.002207,0.000377,0.001835,0.014702,-135.016281,0.0,0.0,0.0,0.0,0.0,0.0,0,0,0,0,0,0,0,0,0,0,0,0,0,0,0,370.713257,410.492554,457.804108,560.624939,462.353577,414.497864,370.646973,410.427856,457.731262,560.534546,462.338531,414.484924,370.583588,410.407349,457.709106,560.508606,462.415283,414.553223,370.630798,410.482971,457.792786,560.610046,462.437683,414.57373,37.784756,105500.447328,29.953378,186.872714,0,true,true,1.0,-162.000949,0,0.0,0.0,1.0
2,163,8.15,499.938301,37299.990749,499.964335,37300.016,17473.943105,0.0,0.0,0.0,0.001823,0.014731,-135.016388,0.0,0.0,0.0,0.0,0.0,0.0,0,0,0,0,0,0,0,0,0,0,0,0,0,0,0,370.713165,410.492798,457.804108,560.624451,462.353973,414.497986,370.646606,410.427521,457.730621,560.533325,462.338531,414.48468,370.582458,410.406677,457.708099,560.506897,462.415924,414.553558,370.629944,410.482849,457.792389,560.60907,462.438721,414.574402,37.784756,105500.447807,30.160369,186.819088,0,true,true,1.0,-163.000959,0,0.0,0.0,1.0
2,164,8.2,499.937939,0.071312,499.964118,0.019882,17473.943106,0.00293,0.001845,0.000365,0.001813,0.014728,-135.016525,0.0,0.0,0.0,0.0,0.0,0.0,0,0,0,0,0,0,0,0,0,0,0,0,0,0,0,370.712952,410.492981,457.803955,560.623718,462.354462,414.498138,370.646149,410.427155,457.729889,560.53186,462.338684,414.484528,370.581238,410.406006,457.707001,560.505066,462.416656,414.553925,370.628967,410.482697,457.791901,560.60791,462.439819,414.575073,37.784756,105500.448137,30.403772,186.824107,0,true,true,1.0,-164.00097,0,0.0,0.0,1.0
2,165,8.25,499.937612,37299.991075,499.963921,37300.016197,17473.943106,0.003139,0.00205,0.000393,0.00181,0.014702,-135.016647,0.0,0.0,0.0,0.0,0.0,0.0,0,0,0,0,0,0,0,0,0,0,0,0,0,0,0,370.712769,410.493134,457.803864,560.623108,462.354919,414.49826,370.645721,410.426849,457.729248,560.530579,462.338806,414.484375,370.58017,410.405396,457.706024,560.503357,462.417328,414.55423,370.628113,410.482574,457.791473,560.606934,462.440765,414.575684,37.784756,105500.448359,30.618453,186.873188,0,true,true,1.0,-165.00098,0,0.0,0.0,1.0
2,166,8.3,499.937308,0.071616,499.963731,0.020072,17473.943104,0.002701,0.00174,0.000335,0.001818,0.014724,-135.016708,0.0,0.0,0.0,0.0,0.0,0.0,0,0,0,0,0,0,0,0,0,0,0,0,0,0,0,370.71286,410.493378,457.803986,560.623047,462.355103,414.498291,370.64563,410.426666,457.728882,560.529907,462.338684,414.484131,370.579407,410.404907,457.705353,560.502319,462.417694,414.554443,370.627594,410.482544,457.79129,560.606445,462.441467,414.576172,37.784756,105500.448749,30.72727,186.831616,0,true,true,1.0,-166.000991,0,0.0,0.0,1.0
2,167,8.35,499.936978,37299.991405,499.963534,37300.016394,17473.943106,0.003156,0.002098,0.000383,0.001818,0.014724,-135.016708,0.0,0.0,0.0,0.0,0.0,0.0,0,0,0,0,0,0,0,0,0,0,0,0,0,0,0,370.713318,410.493774,457.804413,560.623535,462.35498,414.498199,370.645844,410.426544,457.72879,560.529785,462.338257,414.483734,370.578979,410.404541,457.704926,560.50177,462.417786,414.554535,370.62738,410.482635,457.791412,560.606567,462.441895,414.576538,37.784756,105500.449122,30.727176,186.831617,0,true,true,1.0,-167.001001,0,0.0,0.0,1.0
2,168,8.4,499.936029,0.072566,499.962971,0.020635,17473.943083,0.0,0.0,0.0,0.00202,0.015275,-135.016953,0.0,0.0,0.0,0.0,0.0,0.0,0,0,0,0,0,0,0,0,0,0,0,0,0,0,0,370.713226,410.494385,457.804504,560.62262,462.355865,414.498413,370.645081,410.425781,457.727295,560.526917,462.338196,414.483124,370.576294,410.402954,457.702545,560.497803,462.419281,414.555298,370.625366,410.482452,457.790558,560.604492,462.444305,414.578156,37.784779,105500.451845,31.191711,185.818777,0,true,true,1.0,-168.001012,0,0.0,0.0,1.0
2,169,8.45,499.93575,37299.991684,499.962862,37300.016503,17473.943099,0.002767,0.00224,0.00032,0.001896,0.014714,-135.017105,0.0,0.0,0.0,0.0,0.0,0.0,0,0,0,0,0,0,0,0,0,0,0,0,0,0,0,370.712769,410.494385,457.804077,560.62146,462.356445,414.498596,370.644348,410.425354,457.72644,560.525208,462.338593,414.483154,370.575073,410.402344,457.701508,560.49585,462.420166,414.555756,370.62442,410.482269,457.789978,560.603149,462.445343,414.578735,37.784763,105500.450209,31.480816,186.851078,0,true,true,1.0,-169.001023,0,0.0,0.0,1.0
2,170,8.5,499.934909,0.073407,499.96231,0.021187,17473.943089,-0.011012,-0.013555,0.003788,0.00196,0.015198,-135.017334,0.0,0.0,0.0,0.0,0.0,0.0,0,0,0,0,0,0,0,0,0,0,0,0,0,0,0,370.712708,410.494965,457.804199,560.620667,462.357239,414.49881,370.643768,410.424713,457.725189,560.522766,462.338501,414.482544,370.572723,410.400909,457.699341,560.49231,462.421417,414.556396,370.622589,410.482056,457.789185,560.601257,462.44751,414.5802,37.784771,105500.452649,31.888335,185.958803,0,true,true,1.0,-170.001034,0,0.0,0.0,1.0
2,171,8.55,499.934794,37299.991799,499.962293,37300.01652,17473.943098,0.002422,0.001899,0.000293,0.001885,0.014721,-135.017456,0.0,0.0,0.0,0.0,0.0,0.0,0,0,0,0,0,0,0,0,0,0,0,0,0,0,0,370.712189,410.494843,457.803741,560.619629,462.357727,414.498962,370.643127,410.424408,457.724518,560.521484,462.338959,414.482697,370.571899,410.400574,457.698669,560.490967,462.422089,414.556702,370.621918,410.481903,457.788696,560.600159,462.448212,414.580505,37.784763,105500.451122,32.114487,186.837038,0,true,true,1.0,-171.001045,0,0.0,0.0,1.0
2,172,8.6,499.934046,0.074155,499.961813,0.021668,17473.943087,0.000243,0.000003,0.000019,0.001985,0.015231,-135.017593,0.0,0.0,0.0,0.0,0.0,0.0,0,0,0,0,0,0,0,0,0,0,0,0,0,0,0,370.712494,410.495483,457.804108,560.619507,462.358154,414.499054,370.642914,410.42395,457.723694,560.519897,462.338593,414.482056,370.570129,410.399414,457.697021,560.488403,462.422943,414.557159,370.620636,410.481842,457.7883,560.599121,462.449829,414.581696,37.784775,105500.45357,32.364119,185.8998,0,true,true,1.0,-172.001056,0,0.0,0.0,1.0
2,173,8.65,499.933787,37299.992058,499.961715,37300.016618,17473.9431,0.0,0.0,0.0,0.00189,0.014718,-135.0177,0.0,0.0,0.0,0.0,0.0,0.0,0,0,0,0,0,0,0,0,0,0,0,0,0,0,0,370.712219,410.495514,457.803864,560.618713,462.358551,414.499146,370.642395,410.423615,457.723022,560.518555,462.338837,414.482025,370.569153,410.398926,457.696198,560.486938,462.423615,414.557495,370.619904,410.48172,457.787903,560.598145,462.450653,414.582184,37.78476,105500.45209,32.577063,186.842779,0,true,true,1.0,-173.001067,0,0.0,0.0,1.0
2,174,8.7,499.933462,0.07448,499.961498,0.021884,17473.943102,0.003,0.002125,0.000369,0.001841,0.014699,-135.017807,0.0,0.0,0.0,0.0,0.0,0.0,0,0,0,0,0,0,0,0,0,0,0,0,0,0,0,370.712097,410.495697,457.803833,560.618225,462.358948,414.499268,370.642059,410.42334,457.722443,560.517456,462.338867,414.481812,370.568146,410.398346,457.695282,560.485352,462.424164,414.55777,370.61911,410.481598,457.787506,560.597229,462.451599,414.582764,37.78476,105500.45235,32.768625,186.879077,0,true,true,1.0,-174.001078,0,0.0,0.0,1.0
2,175,8.75,499.933136,37299.992384,499.961292,37300.016824,17473.943105,0.003029,0.002116,0.000368,0.001818,0.014703,-135.017914,0.0,0.0,0.0,0.0,0.0,0.0,0,0,0,0,0,0,0,0,0,0,0,0,0,0,0,370.711945,410.49588,457.803772,560.617676,462.359375,414.49939,370.641693,410.423035,457.721863,560.516235,462.338959,414.481659,370.567108,410.397736,457.694336,560.483765,462.424774,414.558075,370.618286,410.481476,457.787079,560.596252,462.452545,414.583374,37.784756,105500.452676,32.971736,186.871635,0,true,true,1.0,-175.001089,0,0.0,0.0,1.0
2,176,8.8,499.932302,0.075315,499.960755,0.022422,17473.943086,0.000677,0.000478,0.000079,0.001984,0.015368,-135.018036,0.0,0.0,0.0,0.0,0.0,0.0,0,0,0,0,0,0,0,0,0,0,0,0,0,0,0,370.712463,410.496674,457.804352,560.61792,462.35968,414.49942,370.641663,410.422607,457.721069,560.514832,462.338379,414.480865,370.565338,410.396515,457.692688,560.481262,462.425568,414.558533,370.617035,410.481476,457.786804,560.595398,462.454224,414.584595,37.784775,105500.455742,33.18666,185.646119,0,true,true,1.0,-176.0011,0,0.0,0.0,1.0
2,177,8.85,499.932041,37299.992644,499.960664,37300.016914,17473.943101,0.002897,0.002294,0.00034,0.001874,0.014706,-135.018188,0.0,0.0,0.0,0.0,0.0,0.0,0,0,0,0,0,0,0,0,0,0,0,0,0,0,0,370.712006,410.496643,457.803925,560.616821,462.360229,414.499573,370.64093,410.42218,457.720245,560.513184,462.338806,414.480896,370.564148,410.395966,457.691711,560.479431,462.426422,414.558929,370.61615,410.481323,457.786255,560.594116,462.4552,414.585144,37.78476,105500.453751,33.462849,186.865433,0,true,true,1.0,-177.001111,0,0.0,0.0,1.0
2,178,8.9,499.931711,0.075645,499.960466,0.02262,17473.943104,0.0,0.0,0.0,0.001818,0.014705,-135.018311,0.0,0.0,0.0,0.0,0.0,0.0,0,0,0,0,0,0,0,0,0,0,0,0,0,0,0,370.711792,410.496796,457.803833,560.61615,462.360687,414.499695,370.640503,410.421875,457.719574,560.511902,462.338928,414.480743,370.563049,410.395355,457.690735,560.477722,462.427063,414.559265,370.615265,410.481171,457.785797,560.593079,462.456177,414.585754,37.784756,105500.454049,33.682843,186.867809,0,true,true,1.0,-178.001122,0,0.0,0.0,1.0
2,179,8.95,499.929173,37299.995182,499.958343,37300.019037,17473.94308,0.0,0.0,0.0,0.00207,0.018329,-135.018448,0.0,0.0,0.0,0.0,0.0,0.0,0,0,0,0,0,0,0,0,0,0,0,0,0,0,0,370.7146,410.499939,457.807007,560.619507,462.360992,414.499695,370.642242,410.421295,457.718597,560.510132,462.335785,414.4776,370.558777,410.391693,457.686279,560.471741,462.42807,414.559845,370.612061,410.481232,457.785492,560.592163,462.460632,414.589447,37.784782,105500.468872,33.937598,180.194839,0,true,true,1.0,-179.001134,0,0.0,0.0,1.0
2,180,9.0,499.929168,0.07565,499.958954,0.022008,17473.943025,-0.011452,-0.010802,0.003057,0.00256,0.015505,-135.018509,0.0,0.0,0.0,0.0,0.0,0.0,0,0,0,0,0,0,0,0,0,0,0,0,0,0,0,370.714142,410.499359,457.806183,560.618225,462.360809,414.499359,370.641083,410.420715,457.717773,560.50885,462.336578,414.47818,370.558472,410.391998,457.686462,560.47168,462.428894,414.560425,370.612488,410.481537,457.785706,560.592102,462.460449,414.589142,37.784836,105500.459396,34.059608,185.393993,0,true,true,1.0,-180.001145,0,0.0,0.0,1.0
2,181,9.05,499.928949,37299.995401,499.958747,37300.019245,17473.94307,0.004463,0.006299,0.000839,0.002144,0.01461,-135.018829,0.0,0.0,0.0,0.0,0.0,0.0,0,0,0,0,0,0,0,0,0,0,0,0,0,0,0,370.712708,410.499054,457.805054,560.615479,462.362305,414.499969,370.639557,410.420074,457.716278,560.505676,462.337738,414.478485,370.556396,410.391052,457.684631,560.468079,462.430389,414.561066,370.610474,410.480927,457.78421,560.588989,462.462311,414.590088,37.78479,105500.456593,34.654974,187.04314,0,true,true,1.0,-181.001157,0,0.0,0.0,1.0
2,182,9.1,499.928539,0.076059,499.958408,0.022347,17473.943089,0.002505,0.002799,0.000336,0.001952,0.014686,-135.018967,0.0,0.0,0.0,0.0,0.0,0.0,0,0,0,0,0,0,0,0,0,0,0,0,0,0,0,370.712616,410.499359,457.805084,560.61499,462.362823,414.500153,370.639282,410.4198,457.715668,560.504395,462.337708,414.47818,370.555145,410.390259,457.683441,560.466125,462.43103,414.56134,370.609406,410.480743,457.783691,560.58783,462.463501,414.590881,37.784771,105500.457294,34.886902,186.903223,0,true,true,1.0,-182.001168,0,0.0,0.0,1.0
2,183,9.15,499.928221,37299.995719,499.958184,37300.019468,17473.943099,0.002845,0.00235,0.000335,0.001952,0.014686,-135.018967,0.0,0.0,0.0,0.0,0.0,0.0,0,0,0,0,0,0,0,0,0,0,0,0,0,0,0,370.713043,410.499756,457.805511,560.61554,462.362732,414.500092,370.639526,410.419739,457.715576,560.504272,462.33725,414.477783,370.554718,410.389862,457.682983,560.465576,462.431122,414.561432,370.609161,410.480804,457.783783,560.587891,462.463959,414.591278,37.784763,105500.457677,34.886836,186.903233,0,true,true,1.0,-183.00118,0,0.0,0.0,1.0
2,184,9.2,499.927894,0.076386,499.957984,0.022548,17473.943103,0.0,0.0,0.0,0.001852,0.0147,-135.019089,0.0,0.0,0.0,0.0,0.0,0.0,0,0,0,0,0,0,0,0,0,0,0,0,0,0,0,370.712799,410.499908,457.805359,560.614807,462.363251,414.500244,370.639069,410.419373,457.714874,560.502869,462.337433,414.477661,370.553558,410.389252,457.681976,560.463806,462.431824,414.561768,370.608215,410.480652,457.783264,560.586731,462.464996,414.591888,37.78476,105500.458016,35.125434,186.877588,0,true,true,1.0,-184.001191,0,0.0,0.0,1.0
2,185,9.25,499.927448,37299.996165,499.957657,37300.019795,17473.9431,0.00134,0.000593,0.000174,0.001865,0.01511,-135.019226,0.0,0.0,0.0,0.0,0.0,0.0,0,0,0,0,0,0,0,0,0,0,0,0,0,0,0,370.712646,410.500214,457.805328,560.614197,462.3638,414.500427,370.638672,410.419037,457.714142,560.501404,462.337463,414.477356,370.552185,410.388397,457.680695,560.46167,462.432556,414.562134,370.607086,410.480469,457.782745,560.58551,462.466278,414.592743,37.78476,105500.459814,35.380734,186.121734,0,true,true,1.0,-185.001203,0,0.0,0.0,1.0
2,186,9.3,499.927091,0.076743,499.957497,0.022708,17473.943103,0.002972,0.002152,0.000364,0.001843,0.01472,-135.019302,0.0,0.0,0.0,0.0,0.0,0.0,0,0,0,0,0,0,0,0,0,0,0,0,0,0,0,370.712769,410.500458,457.80545,560.614075,462.363953,414.500427,370.638458,410.418762,457.713654,560.500549,462.337341,414.477112,370.551331,410.387909,457.679962,560.460449,462.433044,414.562408,370.606567,410.480499,457.782562,560.585022,462.46701,414.593262,37.78476,105500.458866,35.507923,186.84034,0,true,true,1.0,-186.001215,0,0.0,0.0,1.0
2,187,9.35,499.926763,37299.996493,499.957299,37300.019993,17473.943105,0.003031,0.002021,0.00038,0.001814,0.014705,-135.019409,0.0,0.0,0.0,0.0,0.0,0.0,0,0,0,0,0,0,0,0,0,0,0,0,0,0,0,370.712616,410.50061,457.805359,560.613525,462.36438,414.500549,370.638092,410.418457,457.713043,560.499329,462.337433,414.476959,370.550293,410.387299,457.679016,560.458862,462.433685,414.562714,370.605743,410.480377,457.782166,560.584106,462.467957,414.593842,37.784756,105500.459121,35.712266,186.867289,0,true,true,1.0,-187.001227,0,0.0,0.0,1.0
2,188,9.4,499.926427,0.07708,499.957093,0.022914,17473.943106,0.003143,0.002062,0.000391,0.001808,0.014702,-135.019516,0.0,0.0,0.0,0.0,0.0,0.0,0,0,0,0,0,0,0,0,0,0,0,0,0,0,0,370.712494,410.500824,457.805328,560.613037,462.364746,414.500641,370.637756,410.418152,457.712463,560.498169,462.337463,414.476746,370.549255,410.386719,457.678101,560.457275,462.434265,414.563019,370.60495,410.480255,457.781799,560.583191,462.468872,414.594452,37.784756,105500.45943,35.9018,186.873242,0,true,true,1.0,-188.001238,0,0.0,0.0,1.0
2,189,9.45,499.926098,37299.996822,499.95689,37300.020196,17473.943106,0.0,0.0,0.0,0.00181,0.014704,-135.019608,0.0,0.0,0.0,0.0,0.0,0.0,0,0,0,0,0,0,0,0,0,0,0,0,0,0,0,370.712402,410.501007,457.805298,560.61261,462.365112,414.500763,370.637451,410.417877,457.711884,560.49707,462.337494,414.476562,370.548279,410.386108,457.677216,560.455811,462.434845,414.563293,370.604187,410.480164,457.781433,560.582336,462.469788,414.595032,37.784756,105500.459751,36.086602,186.868699,0,true,true,1.0,-189.00125,0,0.0,0.0,1.0
2,190,9.5,499.925767,0.077411,499.956698,0.023106,17473.943106,0.003045,0.001997,0.000378,0.00181,0.014704,-135.019608,0.0,0.0,0.0,0.0,0.0,0.0,0,0,0,0,0,0,0,0,0,0,0,0,0,0,0,370.71286,410.501404,457.805725,560.613098,462.36499,414.500641,370.637665,410.417755,457.711792,560.496948,462.337067,414.476166,370.547821,410.385742,457.676788,560.455261,462.434937,414.563385,370.603973,410.480255,457.781555,560.58252,462.470215,414.595428,37.784756,105500.460121,36.086503,186.868699,0,true,true,1.0,-190.001262,0,0.0,0.0,1.0
2,191,9.55,499.925429,37299.99716,499.956496,37300.020398,17473.943106,0.00318,0.002106,0.00039,0.001795,0.014701,-135.019745,0.0,0.0,0.0,0.0,0.0,0.0,0,0,0,0,0,0,0,0,0,0,0,0,0,0,0,370.712616,410.501556,457.805573,560.612366,462.365479,414.500793,370.637177,410.417419,457.71109,560.495544,462.33725,414.476044,370.546661,410.385101,457.675751,560.453491,462.435669,414.563751,370.603058,410.480133,457.781067,560.58136,462.471252,414.596069,37.784756,105500.46041,36.323228,186.8753,0,true,true,1.0,-191.001274,0,0.0,0.0,1.0
2,192,9.6,499.925096,0.077744,499.956295,0.023306,17473.943106,0.003092,0.002022,0.000387,0.001801,0.014704,-135.019867,0.0,0.0,0.0,0.0,0.0,0.0,0,0,0,0,0,0,0,0,0,0,0,0,0,0,0,370.712402,410.501678,457.80542,560.611694,462.365967,414.500946,370.636719,410.417084,457.710388,560.494202,462.337402,414.475891,370.545532,410.38446,457.674713,560.451721,462.43634,414.564087,370.602142,410.47998,457.780609,560.580261,462.47226,414.59671,37.784756,105500.460716,36.555477,186.870183,0,true,true,1.0,-192.001286,0,0.0,0.0,1.0
2,193,9.65,499.924297,37299.997959,499.955772,37300.020922,17473.943087,0.000382,0.000104,0.000023,0.001983,0.01541,-135.02002,0.0,0.0,0.0,0.0,0.0,0.0,0,0,0,0,0,0,0,0,0,0,0,0,0,0,0,370.712646,410.50235,457.805786,560.61145,462.366486,414.501068,370.636444,410.416595,457.709442,560.492371,462.337067,414.47522,370.543579,410.383209,457.672913,560.448853,462.437317,414.564606,370.600677,410.479889,457.78009,560.578979,462.474091,414.597961,37.784775,105500.463845,36.846596,185.569845,0,true,true,1.0,-193.001298,0,0.0,0.0,1.0
2,194,9.7,499.924019,0.078022,499.955678,0.0234,17473.9431,0.0,0.0,0.0,0.00189,0.014786,-135.020203,0.0,0.0,0.0,0.0,0.0,0.0,0,0,0,0,0,0,0,0,0,0,0,0,0,0,0,370.712067,410.502289,457.805267,560.610107,462.367157,414.501251,370.63559,410.416107,457.708466,560.490479,462.337555,414.475281,370.542236,410.382599,457.671814,560.446716,462.438293,414.565063,370.59964,410.479675,457.779449,560.577454,462.47522,414.598572,37.78476,105500.461968,37.170148,186.718405,0,true,true,1.0,-194.00131,0,0.0,0.0,1.0
2,195,9.75,499.92365,37299.998328,499.955458,37300.021142,17473.943104,0.002481,0.001601,0.000305,0.001829,0.014735,-135.02037,0.0,0.0,0.0,0.0,0.0,0.0,0,0,0,0,0,0,0,0,0,0,0,0,0,0,0,370.71167,410.502411,457.804993,560.60907,462.367798,414.501465,370.634918,410.41568,457.707581,560.488647,462.33786,414.475189,370.540833,410.381836,457.670563,560.444519,462.439178,414.565491,370.598511,410.479462,457.778778,560.575989,462.476471,414.599335,37.784756,105500.462111,37.476994,186.81159,0,true,true,1.0,-195.001322,0,0.0,0.0,1.0
2,196,9.8,499.923125,0.078547,499.955072,0.023786,17473.943103,-0.002789,-0.004269,0.001149,0.001837,0.015091,-135.020477,0.0,0.0,0.0,0.0,0.0,0.0,0,0,0,0,0,0,0,0,0,0,0,0,0,0,0,370.711792,410.502869,457.805206,560.608887,462.368195,414.501587,370.634766,410.415375,457.70697,560.487427,462.337646,414.474731,370.53949,410.380951,457.669281,560.442505,462.439819,414.565826,370.597443,410.47934,457.778381,560.575012,462.477753,414.60022,37.78476,105500.46384,37.683615,186.15617,0,true,true,1.0,-196.001334,0,0.0,0.0,1.0
2,197,9.85,499.922882,37299.998571,499.955,37300.021214,17473.943106,0.00295,0.001874,0.000368,0.001815,0.014725,-135.020554,0.0,0.0,0.0,0.0,0.0,0.0,0,0,0,0,0,0,0,0,0,0,0,0,0,0,0,370.71167,410.50293,457.805115,560.608459,462.368439,414.501617,370.634399,410.4151,457.706451,560.486511,462.337738,414.47467,370.538757,410.380585,457.668671,560.441406,462.440338,414.566101,370.596954,410.479309,457.778168,560.574402,462.478363,414.600616,37.784756,105500.462818,37.827305,186.831422,0,true,true,1.0,-197.001346,0,0.0,0.0,1.0
2,198,9.9,499.922547,0.078882,499.9548,0.023986,17473.943106,0.003094,0.002018,0.000391,0.001804,0.014708,-135.020676,0.0,0.0,0.0,0.0,0.0,0.0,0,0,0,0,0,0,0,0,0,0,0,0,0,0,0,370.711517,410.503113,457.805023,560.607849,462.368835,414.50174,370.634003,410.414764,457.705811,560.485291,462.33783,414.474487,370.537689,410.379974,457.667725,560.439819,462.440979,414.566406,370.59613,410.479218,457.77774,560.573486,462.47934,414.601227,37.784756,105500.463066,38.03547,186.86234,0,true,true,1.0,-198.001358,0,0.0,0.0,1.0
2,199,9.95,499.922215,37299.998903,499.954601,37300.021413,17473.943106,0.003084,0.002044,0.000376,0.001805,0.014706,-135.020782,0.0,0.0,0.0,0.0,0.0,0.0,0,0,0,0,0,0,0,0,0,0,0,0,0,0,0,370.711395,410.503296,457.804962,560.607361,462.369232,414.501862,370.633667,410.414459,457.705231,560.48407,462.337891,414.474304,370.536652,410.379364,457.666809,560.438232,462.441559,414.566711,370.595337,410.479095,457.777374,560.572571,462.480255,414.601807,37.784756,105500.463368,38.229366,186.864928,0,true,true,1.0,-199.001371,0,0.0,0.0,1.0
2,200,10.0,499.921734,0.079363,499.954259,0.024328,17473.943102,0.0,0.0,0.0,0.001847,0.015148,-135.020874,0.0,0.0,0.0,0.0,0.0,0.0,0,0,0,0,0,0,0,0,0,0,0,0,0,0,0,370.711548,410.503723,457.805206,560.6073,462.369568,414.501923,370.633545,410.414185,457.704681,560.483032,462.337677,414.473877,370.535461,410.378601,457.66568,560.436462,462.442108,414.567017,370.594421,410.479034,457.777039,560.571777,462.481354,414.6026,37.78476,105500.465324,38.403834,186.051447,0,true,true,1.0,-200.001383,0,0.0,0.0,1.0
2,201,10.05,499.921188,37299.999449,499.95399,37300.021682,17473.943103,0.005324,0.004205,0.000636,0.001835,0.014799,-135.021103,0.0,0.0,0.0,0.0,0.0,0.0,0,0,0,0,0,0,0,0,0,0,0,0,0,0,0,370.71106,410.503876,457.80484,560.605896,462.370392,414.502167,370.632599,410.413544,457.70343,560.48053,462.338043,414.473724,370.533508,410.377563,457.664001,560.433472,462.44339,414.567657,370.592926,410.47879,457.776245,560.569824,462.483093,414.603638,37.78476,105500.464613,38.817894,186.694261,0,true,true,1.0,-201.001395,0,0.0,0.0,1.0
2,202,10.1,499.920263,0.080288,499.953429,0.024889,17473.943079,-0.000636,-0.00048,0.000247,0.002067,0.015159,-135.021225,0.0,0.0,0.0,0.0,0.0,0.0,0,0,0,0,0,0,0,0,0,0,0,0,0,0,0,370.71167,410.50473,457.805481,560.60614,462.370667,414.502136,370.632568,410.413055,457.702545,560.479004,462.337433,414.47287,370.531555,410.376251,457.662201,560.430786,462.444275,414.568146,370.591614,410.478821,457.77597,560.56897,462.484863,414.60495,37.784782,105500.466751,39.04648,186.03103,0,true,true,1.0,-202.001408,0,0.0,0.0,1.0
2,203,10.15,499.919947,37299.999765,499.953247,37300.021864,17473.943097,0.00272,0.002329,0.00032,0.00197,0.014708,-135.021362,0.0,0.0,0.0,0.0,0.0,0.0,0,0,0,0,0,0,0,0,0,0,0,0,0,0,0,370.711365,410.504852,457.805267,560.605347,462.371185,414.502289,370.632019,410.412689,457.701813,560.477539,462.337646,414.472778,370.530396,410.37561,457.661163,560.428955,462.445007,414.568512,370.590698,410.478668,457.775452,560.56781,462.485901,414.605591,37.784763,105500.465541,39.294679,186.862977,0,true,true,1.0,-203.00142,0,0.0,0.0,1.0
2,204,10.2,499.919604,0.080632,499.953029,0.025107,17473.943103,0.002548,0.001719,0.000304,0.001864,0.014691,-135.021454,0.0,0.0,0.0,0.0,0.0,0.0,0,0,0,0,0,0,0,0,0,0,0,0,0,0,0,370.711334,410.505066,457.805298,560.60498,462.371521,414.50238,370.631775,410.412415,457.701294,560.476501,462.337616,414.472534,370.529419,410.375031,457.660278,560.42749,462.445557,414.568787,370.589935,410.478577,457.775116,560.567017,462.486816,414.606171,37.78476,105500.465819,39.467141,186.89361,0,true,true,1.0,-204.001433,0,0.0,0.0,1.0
2,205,10.25,499.919283,37300.000085,499.952829,37300.022063,17473.943104,0.0,0.0,0.0,0.00182,0.014703,-135.021591,0.0,0.0,0.0,0.0,0.0,0.0,0,0,0,0,0,0,0,0,0,0,0,0,0,0,0,370.711029,410.505188,457.805084,560.604126,462.37207,414.502563,370.631226,410.412079,457.700562,560.475037,462.33783,414.472443,370.528259,410.37439,457.659241,560.425598,462.446289,414.569153,370.588959,410.478394,457.774597,560.565796,462.487885,414.606842,37.784756,105500.466132,39.720091,186.871053,0,true,true,1.0,-205.001445,0,0.0,0.0,0.0
2,206,10.3,499.918685,0.08123,499.952467,0.02547,17473.943096,0.001243,0.000784,0.000144,0.0019,0.01488,-135.02182,0.0,0.0,0.0,0.0,0.0,0.0,0,0,0,0,0,0,0,0,0,0,0,0,0,0,0,370.710632,410.505463,457.80481,560.602905,462.372925,414.502838,370.630432,410.411469,457.69931,560.472595,462.338104,414.472168,370.526215,410.37323,457.65741,560.422424,462.44754,414.569763,370.587341,410.478149,457.773743,560.563843,462.489716,414.607971,37.784763,105500.467231,40.134827,186.545116,0,true,true,1.0,-206.001458,0,0.0,0.0,0.0
2,207,10.35,499.918316,37300.000454,499.952238,37300.022292,17473.9431,0.002594,0.001948,0.000311,0.001874,0.014729,-135.021851,0.0,0.0,0.0,0.0,0.0,0.0,0,0,0,0,0,0,0,0,0,0,0,0,0,0,0,370.710907,410.505829,457.805115,560.603149,462.372986,414.502808,370.630463,410.411285,457.699036,560.472046,462.337799,414.471802,370.525482,410.372742,457.656738,560.421448,462.447845,414.569946,370.586884,410.478149,457.773682,560.563599,462.490387,414.60849,37.78476,105500.467133,40.207112,186.824065,0,true,true,1.0,-207.001471,0,0.0,0.0,1.0
2,208,10.4,499.918,0.081546,499.952033,0.025675,17473.943103,0.002934,0.002119,0.00036,0.001838,0.014704,-135.021957,0.0,0.0,0.0,0.0,0.0,0.0,0,0,0,0,0,0,0,0,0,0,0,0,0,0,0,370.710754,410.505981,457.805054,560.6026,462.373413,414.50293,370.630096,410.411011,457.698425,560.470886,462.337891,414.471619,370.524445,410.372131,457.655823,560.419861,462.448425,414.570221,370.58606,410.478027,457.773254,560.562622,462.491302,414.60907,37.78476,105500.467345,40.408085,186.868655,0,true,true,1.0,-208.001483,0,0.0,0.0,1.0
2,209,10.45,499.917666,37300.000788,499.951827,37300.022498,17473.943105,0.003061,0.002071,0.000381,0.001813,0.014707,-135.022095,0.0,0.0,0.0,0.0,0.0,0.0,0,0,0,0,0,0,0,0,0,0,0,0,0,0,0,370.71048,410.506134,457.804871,560.601807,462.373932,414.503113,370.629608,410.410645,457.697723,560.469421,462.338043,414.471497,370.523285,410.37149,457.654755,560.41803,462.449158,414.570587,370.585083,410.477875,457.772766,560.561462,462.492371,414.609741,37.784756,105500.467641,40.65344,186.864158,0,true,true,1.0,-209.001496,0,0.0,0.0,1.0
2,210,10.5,499.917334,0.081878,499.951626,0.025876,17473.943106,0.0,0.0,0.0,0.001808,0.014707,-135.022202,0.0,0.0,0.0,0.0,0.0,0.0,0,0,0,0,0,0,0,0,0,0,0,0,0,0,0,370.710388,410.506317,457.80484,560.601318,462.374298,414.503204,370.629272,410.41037,457.697144,560.468323,462.338104,414.471313,370.522278,410.370911,457.653839,560.416504,462.449738,414.570862,370.58432,410.477783,457.7724,560.560608,462.493286,414.610321,37.784756,105500.467943,40.842493,186.864793,0,true,true,1.0,-210.001509,0,0.0,0.0,1.0
2,211,10.55,499.915738,37300.002384,499.950299,37300.023826,17473.943087,0.096141,0.081292,0.01186,0.001965,0.017093,-135.022293,0.0,0.0,0.0,0.0,0.0,0.0,0,0,0,0,0,0,0,0,0,0,0,0,0,0,0,370.712097,410.508301,457.806793,560.603394,462.374512,414.503204,370.63031,410.409973,457.696503,560.467163,462.336151,414.46936,370.519531,410.368591,457.651031,560.412659,462.450409,414.571259,370.582275,410.477783,457.772186,560.559937,462.496124,414.61264,37.784775,105500.477635,41.013103,182.470955,0,true,true,1.0,-211.001522,0,0.0,0.0,1.0
2,212,10.6,499.916274,0.081341,499.95103,0.025144,17473.943089,0.001246,0.001137,0.000135,0.001965,0.014854,-135.022507,0.0,0.0,0.0,0.0,0.0,0.0,0,0,0,0,0,0,0,0,0,0,0,0,0,0,0,370.710175,410.506958,457.80481,560.600037,462.375336,414.503448,370.628296,410.409424,457.695343,560.464905,462.338165,414.470673,370.519165,410.36911,457.651093,560.411865,462.451538,414.571808,370.582031,410.477539,457.771362,560.558105,462.496063,414.612122,37.784771,105500.469376,41.399747,186.593761,0,true,true,1.0,-212.001534,0,0.0,0.0,1.0
2,213,10.65,499.915908,37300.002751,499.950794,37300.024062,17473.9431,0.003009,0.002437,0.000348,0.001915,0.014719,-135.022537,0.0,0.0,0.0,0.0,0.0,0.0,0,0,0,0,0,0,0,0,0,0,0,0,0,0,0,370.71051,410.507355,457.805145,560.600342,462.375366,414.503418,370.628387,410.409271,457.695099,560.464478,462.337799,414.470306,370.518524,410.368622,457.650452,560.411011,462.451782,414.57196,370.581573,410.47757,457.771332,560.557922,462.496704,414.61261,37.78476,105500.469342,41.455934,186.841215,0,true,true,1.0,-213.001547,0,0.0,0.0,1.0
2,214,10.7,499.915575,0.081674,499.95059,0.025348,17473.943104,0.003055,0.002175,0.000362,0.001826,0.014704,-135.022644,0.0,0.0,0.0,0.0,0.0,0.0,0,0,0,0,0,0,0,0,0,0,0,0,0,0,0,370.710327,410.507507,457.805054,560.599731,462.375824,414.503571,370.62796,410.408966,457.694458,560.463196,462.337921,414.470123,370.517426,410.367981,457.649475,560.409302,462.452454,414.572266,370.580719,410.477448,457.770905,560.556885,462.497681,414.613251,37.784756,105500.469586,41.673251,186.869359,0,true,true,1.0,-214.00156,0,0.0,0.0,1.0
2,215,10.75,499.915248,37300.003077,499.950388,37300.024265,17473.943105,0.0,0.0,0.0,0.001814,0.014705,-135.022751,0.0,0.0,0.0,0.0,0.0,0.0,0,0,0,0,0,0,0,0,0,0,0,0,0,0,0,370.710205,410.50769,457.804962,560.599182,462.376221,414.503662,370.627594,410.408661,457.693848,560.461975,462.338013,414.469971,370.516388,410.367401,457.64856,560.407715,462.453064,414.572571,370.579895,410.477325,457.770508,560.555969,462.498627,414.613831,37.784756,105500.469884,41.873927,186.867664,0,true,true,1.0,-215.001573,0,0.0,0.0,1.0
2,216,10.8,499.914921,0.082001,499.950187,0.025548,17473.943105,0.003084,0.002083,0.000384,0.001814,0.014705,-135.022751,0.0,0.0,0.0,0.0,0.0,0.0,0,0,0,0,0,0,0,0,0,0,0,0,0,0,0,370.710632,410.508087,457.805389,560.599731,462.376129,414.503571,370.627838,410.408569,457.693756,560.461853,462.337555,414.469574,370.51593,410.367004,457.648132,560.407166,462.453156,414.572662,370.579681,410.477417,457.770599,560.556091,462.499054,414.614227,37.784756,105500.470257,41.873837,186.867665,0,true,true,1.0,-216.001586,0,0.0,0.0,1.0
2,217,10.85,499.91455,37300.003449,499.949954,37300.024498,17473.943106,0.006163,0.004781,0.000748,0.00181,0.014702,-135.022888,0.0,0.0,0.0,0.0,0.0,0.0,0,0,0,0,0,0,0,0,0,0,0,0,0,0,0,370.71048,410.50827,457.805298,560.59906,462.376587,414.503723,370.627411,410.408234,457.693054,560.46051,462.337677,414.46936,370.51474,410.366333,457.647034,560.405334,462.453857,414.573029,370.578735,410.477264,457.770142,560.554993,462.500122,414.614929,37.784756,105500.470581,42.106038,186.874038,0,true,true,1.0,-217.001599,0,0.0,0.0,1.0
2,218,10.9,499.914303,0.082248,499.94982,0.025682,17473.943106,0.003048,0.001907,0.000382,0.001801,0.014721,-135.02301,0.0,0.0,0.0,0.0,0.0,0.0,0,0,0,0,0,0,0,0,0,0,0,0,0,0,0,370.710114,410.508301,457.805054,560.598267,462.377075,414.503876,370.626862,410.407898,457.692383,560.459167,462.337952,414.46933,370.513702,410.365814,457.646149,560.403748,462.454529,414.573334,370.577911,410.477112,457.769653,560.553894,462.501038,414.615448,37.784756,105500.470822,42.337938,186.837976,0,true,true,1.0,-218.001612,0,0.0,0.0,1.0
2,219,10.95,499.913748,37300.004004,499.949429,37300.024889,17473.943106,-0.001936,-0.003526,0.000931,0.001812,0.015047,-135.023148,0.0,0.0,0.0,0.0,0.0,0.0,0,0,0,0,0,0,0,0,0,0,0,0,0,0,0,370.710144,410.508759,457.805206,560.597839,462.377594,414.504028,370.626587,410.407532,457.69162,560.457642,462.337799,414.468903,370.512207,410.364868,457.644775,560.401489,462.455292,414.57373,370.576721,410.47699,457.769165,560.552734,462.502441,414.616394,37.784756,105500.472451,42.586382,186.238127,0,true,true,1.0,-219.001626,0,0.0,0.0,1.0
2,220,11.0,499.91353,0.082467,499.949363,0.025748,17473.943107,0.0,0.0,0.0,0.001805,0.014736,-135.023209,0.0,0.0,0.0,0.0,0.0,0.0,0,0,0,0,0,0,0,0,0,0,0,0,0,0,0,370.710083,410.50882,457.805115,560.597534,462.377747,414.504059,370.626282,410.407288,457.691223,560.456848,462.33786,414.468842,370.511566,410.364532,457.644226,560.400574,462.455719,414.573975,370.576324,410.476959,457.768982,560.552246,462.50296,414.61673,37.784756,105500.47159,42.7054,186.811519,0,true,true,1.0,-220.001639,0,0.0,0.0,1.0
2,221,11.05,499.913193,37300.00434,499.949162,37300.025089,17473.943107,0.003073,0.001995,0.000382,0.001801,0.014707,-135.023331,0.0,0.0,0.0,0.0,0.0,0.0,0,0,0,0,0,0,0,0,0,0,0,0,0,0,0,370.709869,410.508972,457.804993,560.596802,462.378235,414.504181,370.625824,410.406952,457.690521,560.455505,462.338013,414.468689,370.510437,410.363892,457.643219,560.398804,462.456421,414.57431,370.575409,410.476807,457.768524,560.551147,462.503998,414.617371,37.784752,105500.471783,42.937452,186.863834,0,true,true,1.0,-221.001652,0,0.0,0.0,1.0
2,222,11.1,499.912865,0.082795,499.948965,0.025946,17473.943106,0.003118,0.002057,0.00039,0.001801,0.014707,-135.023331,0.0,0.0,0.0,0.0,0.0,0.0,0,0,0,0,0,0,0,0,0,0,0,0,0,0,0,370.710327,410.509369,457.80542,560.597351,462.378143,414.504089,370.626038,410.40686,457.690399,560.455383,462.337585,414.468292,370.509979,410.363495,457.642792,560.398254,462.456543,414.574402,370.575195,410.476929,457.768616,560.55127,462.504425,414.617737,37.784756,105500.472155,42.93736,186.863833,0,true,true,1.0,-222.001665,0,0.0,0.0,1.0
2,223,11.15,499.912452,37300.004753,499.948712,37300.025342,17473.943106,0.003044,0.001972,0.000378,0.001807,0.014708,-135.023499,0.0,0.0,0.0,0.0,0.0,0.0,0,0,0,0,0,0,0,0,0,0,0,0,0,0,0,370.709961,410.509521,457.805176,560.596313,462.378784,414.504303,370.625397,410.406403,457.689484,560.453552,462.33783,414.46814,370.508484,410.362701,457.641449,560.395935,462.457458,414.57486,370.573975,410.476715,457.767975,560.549744,462.505768,414.618561,37.784756,105500.472499,43.251048,186.86291,0,true,true,1.0,-223.001678,0,0.0,0.0,1.0
2,224,11.2,499.911825,0.083422,499.948314,0.026344,17473.943097,0.001309,0.000657,0.000167,0.00189,0.015118,-135.023621,0.0,0.0,0.0,0.0,0.0,0.0,0,0,0,0,0,0,0,0,0,0,0,0,0,0,0,370.710175,410.51004,457.80545,560.596191,462.379181,414.504364,370.625183,410.406006,457.688751,560.452148,462.337555,414.467621,370.506989,410.361694,457.640045,560.393738,462.458221,414.575256,370.572876,410.476654,457.767578,560.548828,462.507172,414.619568,37.784763,105500.474469,43.47373,186.106523,0,true,true,1.0,-224.001692,0,0.0,0.0,1.0
2,225,11.25,499.911495,37300.005083,499.948162,37300.025494,17473.943104,0.0,0.0,0.0,0.001855,0.014724,-135.023712,0.0,0.0,0.0,0.0,0.0,0.0,0,0,0,0,0,0,0,0,0,0,0,0,0,0,0,370.710175,410.510223,457.80545,560.595825,462.379425,414.504395,370.624908,410.405731,457.688232,560.451172,462.337555,414.467438,370.506073,410.361206,457.639282,560.392395,462.45874,414.575562,370.572266,410.476624,457.767365,560.548157,462.507935,414.620056,37.784756,105500.473465,43.626492,186.831913,0,true,true,1.0,-225.001705,0,0.0,0.0,1.0
2,226,11.3,499.911163,0.083754,499.947958,0.026548,17473.943105,0.003062,0.002068,0.000373,0.001816,0.014698,-135.023804,0.0,0.0,0.0,0.0,0.0,0.0,0,0,0,0,0,0,0,0,0,0,0,0,0,0,0,370.710083,410.510437,457.80545,560.595398,462.379791,414.504517,370.624603,410.405426,457.687653,560.450073,462.337585,414.467224,370.505096,410.360596,457.638397,560.39093,462.45932,414.575836,370.571503,410.476501,457.766998,560.547302,462.50885,414.620667,37.784756,105500.473683,43.811219,186.879787,0,true,true,1.0,-226.001719,0,0.0,0.0,1.0
2,226,11.3,499.911163,0.083754,499.947958,0.026548,17473.943105,0.003062,0.002068,0.000373,0.001816,0.014698,-135.023804,0.0,0.0,0.0,0.0,0.0,0.0,0,0,0,0,0,0,0,0,0,0,0,0,0,0,0,370.710083,410.510437,457.80545,560.595398,462.379791,414.504517,370.624603,410.405426,457.687653,560.450073,462.337585,414.467224,370.505096,410.360596,457.638397,560.39093,462.45932,414.575836,370.571503,410.476501,457.766998,560.547302,462.50885,414.620667,37.784756,105500.47375,44.00895,186.865266,0,true,true,1.0,-5226.001853,3,0.0,0.0,1.0
